Time,Total_Dur,Load_Dur,Prompt_Eval_Count,Eval_Count,TPS
13:58:22,15578418841,3211020267,20,394,32.72
13:58:34,12312596845,52086422,20,398,32.73
13:58:47,12653441386,62372541,20,409,32.74
13:59:07,20335742348,65355301,20,634,31.49
13:59:26,19065648734,56202867,20,600,31.76
13:59:45,18916262486,56121998,20,591,31.55
14:00:00,15280103382,59591821,20,486,32.16
14:00:13,12459027727,58354968,20,401,32.60
14:00:25,11766617649,57258976,20,381,32.78
14:00:45,20155359994,51970323,20,631,31.59
14:00:59,13807430335,71240283,20,443,32.50
14:01:13,14233965084,50858218,20,454,32.24
14:01:26,13150050426,52789332,20,419,32.25
14:01:37,10580563271,53210210,20,341,32.66
14:01:53,16048042846,57096450,20,500,31.48
14:02:06,13295842375,64712077,20,417,31.75
14:02:21,15331941375,68823576,20,476,31.41
14:02:34,12766968667,53527302,20,399,31.64
14:02:47,12367818930,49451210,20,386,31.58
14:03:03,16048694874,72281944,20,495,31.21
14:03:27,23891890029,63509936,20,716,30.23
14:03:45,18062482338,61791161,20,555,31.04
14:03:58,12988312052,69709363,20,407,31.74
14:04:14,15910716489,82023644,20,494,31.42
14:04:32,18535089870,65693980,20,570,31.07
14:04:46,14035625059,52976464,20,439,31.62
14:04:59,12830992569,55547524,20,402,31.70
14:05:12,13121165299,62371512,20,413,31.86
14:05:23,10454157353,56211331,20,334,32.39
14:05:34,10877663583,67110810,20,344,32.08
14:05:45,11529742069,72116477,20,367,32.27
14:06:00,14837289637,76631444,20,460,31.39
14:06:13,12559484298,55018829,20,397,32.01
14:06:30,16969072615,53348191,20,528,31.42
14:06:45,15704758744,65522399,20,488,31.44
14:06:59,14003186558,59691768,20,440,31.81
14:07:13,13685200407,67707181,20,426,31.53
14:07:22,9201212600,64416535,20,296,32.70
14:07:41,18252140732,64513516,20,560,31.00
14:07:53,12622084998,63310447,20,393,31.54
14:08:05,11843512960,55156121,20,371,31.73
14:08:18,13276537663,59133640,20,415,31.63
14:08:37,18121642148,51381989,20,557,31.03
14:08:56,19148668487,84871681,20,589,31.11
14:09:11,14752818992,51298679,20,459,31.45
14:09:29,17935259151,70423253,20,556,31.34
14:09:44,15380570019,58519450,20,481,31.62
14:09:56,11755721306,57753449,20,372,32.06
14:10:07,11173326984,61290661,20,352,31.94
14:10:19,12519697070,48985076,20,397,32.09
14:10:34,14337241905,70608561,20,447,31.56
14:10:52,18316653405,58249050,20,560,30.87
14:11:06,13865998035,58104650,20,435,31.75
14:11:21,15213020934,65901055,20,471,31.31
14:11:35,13624543434,48641592,20,425,31.55
14:11:48,13528354622,55961009,20,421,31.48
14:11:52,3113203665,60264214,20,99,33.00
14:12:05,13111445272,60656094,20,409,31.58
14:12:21,16267924736,58538163,20,503,31.26
14:12:36,15170579263,51179395,20,472,31.44
14:12:48,12142108755,68618619,20,382,31.91
14:12:59,10967860642,55357141,20,347,32.04
14:13:12,13021774676,58838017,20,408,31.72
14:13:29,16124035449,64336785,20,500,31.36
14:13:38,9290369704,76799780,20,295,32.31
14:13:48,9870553255,74922379,20,312,32.13
14:13:59,10864470676,64014584,20,345,32.21
14:14:12,12878397370,52772705,20,407,31.97
14:14:28,16592588233,81204653,20,513,31.28
14:14:37,8883751566,49570433,20,283,32.30
14:14:47,9814566055,53470733,20,313,32.33
14:15:03,15616280966,56538470,20,484,31.32
14:15:17,14760644473,65185116,20,459,31.45
14:15:36,19046279237,49734446,20,589,31.21
14:15:51,14554742138,56015213,20,457,31.75
14:16:00,8819607308,63223551,20,279,32.17
14:16:16,16504814682,50084602,20,515,31.51
14:16:27,10296714609,56526593,20,326,32.11
14:16:39,12602920756,71880722,20,396,31.85
14:16:50,10150917546,60679311,20,319,31.86
14:17:03,12972249699,61264163,20,409,31.92
14:17:15,12566945202,58172048,20,393,31.66
14:17:29,14203436594,65373266,20,444,31.64
14:17:41,11539069037,52354909,20,362,31.78
14:17:55,14401628849,59873474,20,452,31.76
14:18:09,13155470472,52523318,20,411,31.61
14:18:29,20672365825,60893355,20,630,30.76
14:18:44,14551217645,57100235,20,450,31.27
14:18:54,9724971905,74555315,20,308,32.18
14:19:09,15136043430,65391724,20,465,31.06
14:19:23,14153948910,53333377,20,444,31.71
14:19:39,15877123281,68982898,20,494,31.46
14:19:55,16021419593,60672119,20,496,31.29
14:20:12,17414518928,57973351,20,539,31.26
14:20:28,16094810758,75866428,20,502,31.55
14:20:45,16512682656,69111015,20,507,31.04
14:20:58,13157608748,63516058,20,413,31.79
14:21:14,15539883878,51289680,20,479,31.14
14:21:27,13360131557,65088962,20,418,31.69
14:21:37,9421057973,63143178,20,298,32.14
14:21:58,21157776314,63283251,20,638,30.43
14:22:12,14271728446,65746931,20,444,31.48
14:22:27,14611360312,56287692,20,457,31.62
14:22:44,17119965685,67965683,20,527,31.12
14:23:00,15829163909,52297185,20,492,31.41
14:23:10,10419930527,66602161,20,330,32.13
14:23:20,9611526922,48806777,20,302,31.85
14:23:31,11575165095,54938713,20,366,32.02
14:23:45,13478432424,64342101,20,424,31.85
14:23:56,11044848377,54626213,20,346,31.74
14:24:06,10380757127,62168095,20,325,31.76
14:24:24,17679322071,74703797,20,545,31.16
14:24:40,16439141559,54884770,20,508,31.22
14:24:56,15051294180,71641252,20,468,31.47
14:25:04,8185683087,52928632,20,260,32.29
14:25:17,13014620217,55278672,20,405,31.49
14:25:32,14829947102,67968834,20,460,31.39
14:25:43,11298748267,53736540,20,355,31.83
14:25:59,15939180181,61211814,20,494,31.34
14:26:13,13515370946,53023935,20,424,31.73
14:26:23,10717436505,65595895,20,339,32.10
14:26:32,8882184343,54891431,20,280,32.00
14:26:45,12719281010,65290634,20,398,31.71
14:26:57,12417758535,49349697,20,392,31.94
14:27:17,19417590258,57054598,20,594,30.88
14:27:31,14468570648,59544774,20,450,31.46
14:27:46,15176635362,90424612,20,470,31.37
14:28:02,15430336493,56408056,20,479,31.36
14:28:13,11501263663,61419130,20,366,32.27
14:28:40,26461192546,61569890,20,787,29.99
14:28:55,15388889020,52855047,20,479,31.45
14:29:08,13021580852,73750833,20,408,31.77
14:29:22,13095690559,54094251,20,411,31.76
14:29:34,12480175054,62842543,20,391,31.73
14:29:46,12185342383,56815657,20,385,32.00
14:30:04,17637476687,59746445,20,544,31.15
14:30:21,17417676933,62721038,20,536,31.10
14:30:36,14885992052,55478055,20,466,31.65
14:30:53,16731958709,60793849,20,518,31.29
14:31:06,12508986634,57929588,20,393,31.82
14:31:21,15659601718,75788772,20,485,31.35
14:31:32,10298145021,62765885,20,324,31.95
14:31:45,12910519917,55549288,20,406,31.81
14:31:55,10750281597,70415755,20,337,31.82
14:32:05,9605187524,63290179,20,303,32.02
14:32:18,12597155023,65311851,20,391,31.45
14:32:36,17958576622,69097981,20,552,31.08
14:32:53,17374383022,56042101,20,535,31.10
14:33:09,15828681283,50174468,20,489,31.20
14:33:29,19904575701,61611418,20,610,30.94
14:33:43,14761774706,66908213,20,456,31.25
14:33:58,14446349896,52158506,20,451,31.56
14:34:13,15370653784,66405935,20,480,31.59
14:34:25,12036090419,50510398,20,380,31.95
14:34:45,19501202436,63419070,20,595,30.81
14:34:57,11919773169,66546896,20,373,31.71
14:35:07,9764472108,67586987,20,307,31.94
14:35:21,14107985122,61758856,20,439,31.49
14:35:31,10440675968,51750421,20,331,32.13
14:35:42,10940319711,66425873,20,345,32.00
14:36:04,22093575950,63599030,20,675,30.83
14:36:27,23044250355,59343116,20,697,30.51
14:36:38,10443879133,67025580,20,331,32.16
14:36:58,20408918373,51979665,20,622,30.74
14:37:12,13748655255,66018790,20,426,31.36
14:37:22,9694341187,50831529,20,307,32.11
14:37:42,20380295992,52765665,20,618,30.59
14:37:55,12704679973,66759191,20,402,32.05
14:38:11,15905143660,50160834,20,494,31.36
14:38:24,12915530122,63522394,20,404,31.68
14:38:35,11467853009,59548411,20,363,32.06
14:38:49,14140471700,52896471,20,443,31.66
14:39:05,15428161250,65906154,20,482,31.60
14:39:15,10500207955,55709242,20,333,32.14
14:39:29,13460374665,73299584,20,420,31.62
14:39:43,13903322767,60704620,20,435,31.65
14:39:54,11106105626,52056936,20,349,31.84
14:40:11,16623718998,63973433,20,516,31.38
14:40:26,15820700545,48334227,20,489,31.22
14:40:43,16457119404,73851675,20,508,31.24
14:40:55,11805075135,69475237,20,369,31.70
14:41:07,12464202638,65313835,20,385,31.30
14:41:23,15342788438,58576690,20,476,31.37
14:41:38,14882574014,78610114,20,464,31.56
14:41:52,13946861034,60618447,20,434,31.49
14:42:02,10090752806,81972091,20,316,31.85
14:42:15,13447932155,57851487,20,419,31.52
14:42:29,13578193502,64057167,20,422,31.46
14:42:44,15644698111,63930459,20,489,31.60
14:42:59,15012353981,60561808,20,468,31.53
14:43:09,9079652322,63347400,20,286,32.02
14:43:21,11934098307,53257655,20,376,31.91
14:43:34,13850788000,71300275,20,433,31.67
14:43:47,13074017022,53953597,20,408,31.57
14:43:59,11350252617,72525412,20,356,31.84
14:44:12,12763566762,64633606,20,401,31.82
14:44:28,16461200894,55659372,20,514,31.55
14:44:46,17570356393,54504794,20,545,31.32
14:44:59,13614379830,69894173,20,426,31.69
14:45:11,11353065707,55646942,20,359,32.05
14:45:28,17188266710,67432292,20,533,31.35
14:45:44,16098613027,69827275,20,499,31.36
14:45:57,12680612978,66522418,20,397,31.70
14:46:06,8891623214,68646409,20,283,32.37
14:46:18,12127642120,49335541,20,383,31.94
14:46:34,15806338743,79976613,20,489,31.32
14:46:51,16848810661,67759108,20,524,31.45
14:47:07,16458164299,69292614,20,509,31.28
14:47:21,13484376838,64363469,20,423,31.78
14:47:36,15557830333,67710951,20,483,31.40
14:47:49,13201795385,58676242,20,410,31.44
14:48:01,11151299566,60992785,20,350,31.81
14:48:14,13632281087,59544031,20,425,31.55
14:48:38,23510529063,77030935,20,711,30.52
14:48:50,11832516415,66084497,20,371,31.79
14:49:05,15001137784,66455274,20,467,31.51
14:49:21,16442587325,77210918,20,509,31.32
14:49:32,11285349183,51370857,20,355,31.86
14:49:48,15082088022,54370232,20,466,31.23
14:50:03,15021885194,67726758,20,466,31.40
14:50:17,14201488641,68509770,20,441,31.43
14:50:26,8789837264,67655820,20,277,32.06
14:50:41,15425522769,60521256,20,478,31.32
14:50:57,16164520513,55413208,20,500,31.25
14:51:15,18001983655,67191514,20,556,31.21
14:51:30,14348005938,69137479,20,450,31.75
14:51:41,11102004502,61180785,20,349,31.87
14:51:50,9044212104,79375307,20,287,32.31
14:52:10,20119820266,52179360,20,617,30.95
14:52:29,19434371273,62816447,20,594,30.87
14:52:45,15476015643,69040434,20,482,31.52
14:53:01,15567469402,53833777,20,483,31.36
14:53:20,18995651936,79609269,20,582,30.97
14:53:37,17365052080,57891812,20,538,31.29
14:53:56,18952955231,59949088,20,584,31.11
14:54:06,10152869422,80824889,20,320,32.06
14:54:21,14567480240,62699866,20,459,31.89
14:54:35,14545826748,66418536,20,454,31.59
14:54:50,15005873446,58009133,20,470,31.67
14:55:07,16677074880,55964734,20,514,31.15
14:55:25,17625276294,62485580,20,543,31.13
14:55:37,12505259761,68977869,20,392,31.76
14:55:53,15984883608,55916613,20,500,31.62
14:56:12,18710207252,63191709,20,578,31.20
14:56:23,11385313801,65923815,20,361,32.17
14:56:35,11889489468,96822098,20,376,32.13
14:56:48,12611808578,65458324,20,395,31.72
14:57:02,13843340326,61585413,20,434,31.72
14:57:16,14297073691,64103750,20,448,31.72
14:57:26,10150516365,61725351,20,322,32.20
14:57:37,10414401658,54008088,20,328,31.93
14:57:57,20121559775,52399913,20,616,30.89
14:58:09,11720399478,75212429,20,372,32.20
14:58:23,14112725491,55205323,20,445,31.89
14:58:36,13256068957,55028585,20,414,31.60
14:58:48,11849984592,59642366,20,373,31.88
14:59:09,21538045621,81643253,20,658,30.86
14:59:20,10151657347,67251023,20,320,32.00
14:59:34,14816348297,57788005,20,460,31.39
14:59:50,15387904144,54693706,20,479,31.47
15:00:01,10805009336,74819594,20,341,32.04
15:00:13,11843782733,65483199,20,377,32.27
15:00:26,13232960629,79736528,20,411,31.49
15:00:38,11753722528,53667323,20,372,32.06
15:00:55,17408512666,63573774,20,538,31.22
15:01:12,16942484840,59294732,20,527,31.44
15:01:24,11944564801,83219881,20,375,31.88
15:01:35,10616967795,62599008,20,339,32.40
15:01:46,11480133616,58466425,20,362,31.95
15:02:02,15711729001,71659529,20,485,31.22
15:02:18,15900248952,66943468,20,494,31.42
15:02:34,16209615001,57887095,20,503,31.35
15:02:53,18478149932,61149355,20,569,31.10
15:03:05,12808510364,72933759,20,402,31.80
15:03:22,16775145185,52660528,20,519,31.24
15:03:44,21951826034,71628461,20,673,30.95
15:03:58,14082456106,60098492,20,439,31.53
15:04:09,11039356419,52329004,20,350,32.11
15:04:23,13568929792,58371043,20,423,31.54
15:04:38,15485045959,52524898,20,483,31.52
15:04:53,14304941453,68466417,20,444,31.42
15:05:13,20039727561,73596561,20,611,30.81
15:05:23,9887760251,62874173,20,314,32.23
15:05:38,14943038640,75495751,20,467,31.63
15:05:54,16038602856,49483724,20,501,31.56
15:05:59,5235349655,52557016,20,168,32.81
15:06:12,13018144984,62823099,20,407,31.64
15:06:27,15089927139,53579109,20,473,31.68
15:06:41,13414904616,70492772,20,420,31.72
15:06:53,12775629267,58627466,20,402,31.85
15:07:08,14424023819,69660360,20,448,31.43
15:07:18,9763983000,63972766,20,309,32.15
15:07:35,17425942570,58851503,20,539,31.24
15:07:44,8999328191,50559402,20,286,32.24
15:08:03,18976788700,52683483,20,584,31.06
15:08:19,16271479187,56668431,20,505,31.36
15:08:36,16249473576,78923005,20,503,31.33
15:08:52,16400247496,58294901,20,506,31.17
15:09:07,14659718032,66150438,20,455,31.42
15:09:24,17059656578,55545041,20,528,31.27
15:09:37,12533362864,61578079,20,393,31.77
15:09:57,20201123922,69976752,20,614,30.70
15:10:11,14439417602,78388609,20,447,31.36
15:10:26,14629708896,51503239,20,452,31.23
15:10:44,18144565717,52538760,20,556,30.94
15:10:59,15309438514,57409289,20,478,31.57
15:11:12,12533911841,74703455,20,395,31.95
15:11:28,16114126596,71159014,20,500,31.38
15:11:50,21764081879,62906124,20,663,30.75
15:12:05,15028867310,66513926,20,470,31.64
15:12:22,16999467790,59489510,20,528,31.39
15:12:34,11771062693,65049951,20,373,32.12
15:12:48,14110454403,58222174,20,440,31.54
15:12:58,10381709470,83074222,20,326,31.92
15:13:14,15790466343,56088139,20,490,31.37
15:13:27,12849483442,51660255,20,402,31.65
15:13:43,15695369178,62562269,20,487,31.37
15:13:57,14359219632,76346643,20,449,31.68
15:14:10,12790111284,93526829,20,398,31.58
15:14:24,13936698667,93885212,20,432,31.44
15:14:32,8430592848,74803717,20,267,32.28
15:14:43,10322188509,52222782,20,327,32.12
15:14:55,12386869828,63911334,20,388,31.75
15:15:04,8423796204,63660316,20,269,32.48
15:15:15,11960697921,56341616,20,377,31.92
15:15:35,19685811329,89463801,20,603,30.98
15:15:44,8297410938,56116771,20,264,32.35
15:15:55,11409903168,65084909,20,361,32.08
15:16:10,15373639879,56589736,20,479,31.49
15:16:22,11838033388,57537499,20,377,32.27
15:16:37,15054720475,60014946,20,470,31.56
15:16:50,12928137702,73659934,20,404,31.66
15:17:00,9549566580,60477704,20,303,32.23
15:17:19,18812825911,56358788,20,573,30.75
15:17:36,17702012733,49225488,20,549,31.29
15:17:49,12140358774,57765623,20,384,32.02
15:18:01,12094852719,64456209,20,381,31.93
15:18:15,13875078391,51682640,20,430,31.34
15:18:28,13389555273,61790874,20,419,31.67
15:18:44,16276074406,53625154,20,504,31.28
15:18:57,12836038682,69008156,20,400,31.57
15:19:09,11477723225,78661421,20,359,31.76
15:19:27,18032758588,63137658,20,551,30.86
15:19:42,15678930595,54205930,20,486,31.33
15:19:53,10050066733,58719242,20,316,31.88
15:20:08,15480879549,54799765,20,482,31.48
15:20:22,14178418803,58327630,20,448,31.95
15:20:40,17319318799,66132596,20,535,31.23
15:20:52,12096585355,57430242,20,378,31.65
15:21:06,14097206371,69723730,20,441,31.65
15:21:19,12920763905,54526690,20,407,31.87
15:21:31,12290190572,73341272,20,386,31.84
15:21:45,14402424212,59414416,20,448,31.46
15:21:59,13803300458,68847943,20,431,31.62
15:22:13,14150868421,84600905,20,441,31.59
15:22:26,12309921835,67085343,20,388,31.96
15:22:42,15799529587,60657996,20,489,31.30
15:23:02,20087498327,67566187,20,615,30.92
15:23:16,14289960577,67613259,20,447,31.65
15:23:28,11642051271,96639649,20,367,32.05
15:23:41,12856284337,86623515,20,408,32.20
15:23:55,14628402536,53837266,20,456,31.51
15:24:12,16801468596,51728602,20,520,31.26
15:24:26,13728888897,75199118,20,430,31.73
15:24:40,14351790412,58578577,20,448,31.57
15:24:51,10885293523,75431321,20,341,31.80
15:25:01,10127361909,78852657,20,316,31.72
15:25:21,19380433461,75485229,20,594,30.98
15:25:33,12489236187,54770254,20,391,31.68
15:25:50,16443373774,70847724,20,511,31.44
15:25:59,8820784902,65005597,20,282,32.52
15:26:11,12198976540,60635545,20,387,32.14
15:26:22,11530851253,67125042,20,357,31.39
15:26:38,15344463195,58808961,20,477,31.44
15:26:49,11486507182,65427648,20,365,32.21
15:27:05,15959818300,52689149,20,496,31.41
15:27:19,13820234695,63717826,20,432,31.64
15:27:31,12111219961,53200107,20,384,32.10
15:27:46,15241736911,58352318,20,477,31.65
15:28:03,16335003055,53588055,20,505,31.23
15:28:14,11619571581,58529350,20,367,32.02
15:28:32,18023207547,70030274,20,559,31.35
15:28:49,16066716648,60624287,20,501,31.50
15:29:01,11986691967,60267536,20,378,31.95
15:29:13,12849178787,52446432,20,403,31.73
15:29:27,13557486959,67590913,20,418,31.24
15:29:37,9672164720,53778261,20,305,32.00
15:29:51,14230815919,57459436,20,445,31.62
15:30:05,14263987877,68313263,20,446,31.65
15:30:18,12723269967,63867894,20,398,31.68
15:30:31,13206337827,75134182,20,411,31.54
15:30:43,11476263026,75026135,20,362,32.00
15:31:01,17746043068,51089595,20,545,31.00
15:31:14,13104259503,57570235,20,412,31.83
15:31:31,16874194130,91841872,20,520,31.19
15:31:41,9992430591,95773771,20,315,32.11
15:31:50,9582830733,76579857,20,303,32.16
15:32:04,13293189524,62127783,20,420,31.98
15:32:18,14623405587,55650092,20,458,31.67
15:32:31,12776618096,59056103,20,404,32.01
15:32:43,11962555949,63851837,20,376,31.86
15:32:55,12337686030,63514887,20,388,31.88
15:33:06,10967992235,66500928,20,345,31.91
15:33:20,13657238587,62268568,20,426,31.57
15:33:34,14456023279,69878395,20,451,31.58
15:33:44,9762832557,76251848,20,306,31.87
15:34:05,20839743716,80268849,20,632,30.64
15:34:25,19872897330,75907298,20,606,30.82
15:34:38,13160190807,56542362,20,412,31.69
15:34:54,15816317435,53388706,20,491,31.37
15:35:08,13595032919,74723471,20,424,31.61
15:35:27,19704845507,76526311,20,601,30.82
15:35:39,11698795242,54464687,20,369,31.94
15:35:56,16522588844,66859367,20,512,31.33
15:36:08,12105046679,70795336,20,379,31.74
15:36:19,11013362895,63856556,20,349,32.16
15:36:40,21366328634,67129266,20,647,30.57
15:36:55,14890409611,69517794,20,463,31.47
15:37:09,13373337365,53823083,20,417,31.54
15:37:28,19891645125,75101344,20,608,30.87
15:37:44,15659210837,59640300,20,489,31.56
15:37:58,13627381909,91158832,20,424,31.57
15:38:10,12112524321,67727647,20,381,31.90
15:38:18,8447804954,59292539,20,273,32.89
15:38:30,12016731330,56025375,20,380,32.04
15:38:45,14965461188,82354894,20,466,31.52
15:39:01,15805331517,73493422,20,488,31.26
15:39:11,9526955663,69814531,20,301,32.12
15:39:27,15869846325,63442062,20,493,31.42
15:39:42,14960870591,82611684,20,470,31.82
15:39:59,17264148323,68671180,20,531,31.08
15:40:10,11298215341,72382397,20,357,32.07
15:40:28,17758014005,56637076,20,551,31.34
15:40:43,14590219515,49297912,20,451,31.25
15:40:52,8841794614,67727397,20,280,32.22
15:41:05,13566037904,59224560,20,423,31.56
15:41:19,13269372480,70478546,20,416,31.77
15:41:37,18327913217,57111422,20,568,31.29
15:41:50,13251757904,66669930,20,412,31.49
15:42:10,19762400795,58869469,20,606,30.96
15:42:27,16642071391,52438877,20,518,31.45
15:42:39,12468239101,66940594,20,392,31.86
15:42:50,10938786498,55816731,20,346,32.06
15:43:06,16400066089,55939511,20,509,31.36
15:43:19,12691273980,54880702,20,395,31.49
15:43:39,19583025403,57715952,20,596,30.73
15:43:52,13349364580,65346999,20,421,31.94
15:44:05,12777203139,56158653,20,401,31.77
15:44:15,9888400181,52573322,20,315,32.30
15:44:34,18861211896,73885864,20,577,30.92
15:44:45,10862456089,62317890,20,343,32.02
15:44:53,7834978669,67505568,20,249,32.37
15:45:09,16591590353,54719924,20,516,31.42
15:45:21,11827249888,57718485,20,373,31.96
15:45:30,9086009540,62016275,20,289,32.32
15:45:38,8220792960,52118234,20,262,32.38
15:45:57,18377042155,67041001,20,565,31.06
15:46:14,17493154764,48952570,20,539,31.10
15:46:32,17305872593,78840679,20,538,31.44
15:46:44,12483422575,57159167,20,391,31.71
15:46:59,15069391807,52906734,20,470,31.52
15:47:16,16990827366,71881025,20,520,30.95
15:47:34,18041709940,83455496,20,559,31.35
15:47:47,13047194818,65230837,20,409,31.75
15:48:03,15708202342,73805554,20,487,31.37
15:48:16,12520407397,66032908,20,393,31.82
15:48:30,13958184794,60613542,20,438,31.76
15:48:41,11476306544,51435559,20,364,32.12
15:48:55,13350274707,64345010,20,415,31.46
15:49:10,15602176456,64284669,20,485,31.45
15:49:26,16238358101,79419586,20,502,31.29
15:49:49,22162681344,54290635,20,666,30.31
15:50:05,15952712445,61505345,20,492,31.19
15:50:28,22947399766,52561712,20,691,30.37
15:50:43,15591299612,59448044,20,486,31.51
15:51:00,16375400202,63037353,20,508,31.35
15:51:13,13131774480,67686460,20,412,31.79
15:51:24,11588705516,73338527,20,367,32.13
15:51:37,12550047154,68820723,20,391,31.58
15:51:54,16646555099,64160124,20,512,31.10
15:52:01,7790987130,71726028,20,248,32.46
15:52:14,12189741234,52160886,20,384,31.89
15:52:25,11507150972,65146102,20,361,31.80
15:52:39,14279936689,52053988,20,449,31.77
15:52:56,16592488267,62022204,20,516,31.44
15:53:08,11614299998,68750970,20,367,32.05
15:53:20,12632016789,72566428,20,396,31.78
15:53:25,4138343158,58752842,20,132,32.83
15:53:42,16959771951,76615332,20,523,31.20
15:53:56,14582710347,60168020,20,457,31.71
15:54:14,17734497751,54321151,20,543,30.92
15:54:27,13461528976,70353979,20,422,31.75
15:54:40,12246796553,49840306,20,387,31.98
15:54:51,11388777589,65281841,20,361,32.14
15:55:03,11607777509,61938953,20,368,32.13
15:55:19,15885669016,54633634,20,490,31.17
15:55:35,15923517137,69335636,20,496,31.49
15:56:02,27809367943,58745652,20,831,30.11
15:56:15,12447002260,64321016,20,393,32.00
15:56:19,3732464934,65379670,20,121,33.51
15:56:27,8536665539,67170378,20,269,32.06
15:56:42,14415998241,54344690,20,450,31.55
15:56:56,13787817288,58666222,20,430,31.54
15:57:07,11755594667,66328643,20,371,31.98
15:57:30,23179585955,61707438,20,702,30.56
15:57:46,15176920900,51738755,20,473,31.51
15:57:59,13548981619,55809143,20,424,31.66
15:58:08,8786805071,55286681,20,280,32.36
15:58:18,10338107908,75927220,20,326,32.05
15:58:32,13606494308,62560672,20,427,31.77
15:58:47,14886288660,63846085,20,460,31.27
15:59:03,15622788804,54284686,20,479,30.98
15:59:18,15242609458,71079825,20,478,31.73
15:59:26,8355295347,67121229,20,267,32.52
15:59:35,8452531796,53452368,20,266,31.97
15:59:52,17331605213,78530494,20,535,31.21
16:00:05,13227892880,67736012,20,417,31.92
16:00:23,17410756948,72958484,20,537,31.18
16:00:33,10258495691,67640040,20,325,32.17
16:00:45,12137987307,54563397,20,387,32.27
16:00:57,11458593903,62187649,20,365,32.30
16:01:09,11870637535,62836603,20,374,31.93
16:01:23,14312006015,74783041,20,448,31.70
16:01:36,13275927234,58302130,20,421,32.11
16:01:49,13063852621,60511900,20,409,31.70
16:02:06,16262873137,72022540,20,503,31.30
16:02:21,14939732199,64130109,20,467,31.61
16:02:39,18724916884,64792602,20,579,31.24
16:02:53,13991555310,67727704,20,438,31.69
16:03:11,17499239351,70121027,20,541,31.25
16:03:21,10041524431,56211836,20,319,32.22
16:03:31,9807447462,52633300,20,310,32.02
16:03:45,13923117260,69475117,20,435,31.63
16:04:02,17170358326,65222952,20,526,30.97
16:04:17,14831019998,55533325,20,462,31.49
16:04:32,15608652823,63712015,20,487,31.56
16:04:46,13080099018,72501849,20,410,31.78
16:04:54,8715919633,60279178,20,277,32.32
16:05:07,13019183616,53286048,20,407,31.62
16:05:23,15498950716,82629324,20,476,31.11
16:05:42,18770074567,59101469,20,577,31.05
16:05:52,9852499275,62478719,20,312,32.16
16:06:01,9786921443,55690992,20,309,32.05
16:06:16,14592780785,56808135,20,455,31.53
16:06:28,11993541215,61163055,20,379,32.01
16:06:43,15162091655,83543383,20,472,31.52
16:06:57,13486365759,60184275,20,422,31.68
16:07:15,18227417764,55311876,20,561,31.08
16:07:30,14730944646,55416727,20,460,31.57
16:07:45,15229877912,71259834,20,473,31.42
16:08:01,15563162266,55356755,20,487,31.62
16:08:18,17590652290,79249234,20,543,31.22
16:08:28,10172482310,52862764,20,323,32.20
16:08:44,15444348917,57376231,20,478,31.28
16:08:53,9087917511,81201215,20,286,32.06
16:09:12,19079552538,54300040,20,584,30.89
16:09:30,17625167156,58387612,20,544,31.17
16:09:48,18323909764,62962259,20,563,31.05
16:09:59,10493700613,60653901,20,329,31.78
16:10:12,13196589870,76730056,20,414,31.79
16:10:30,18560755854,55356704,20,572,31.12
16:10:44,13220882749,64742330,20,413,31.64
16:10:58,14584519852,52528446,20,460,31.90
16:11:12,13955731966,49106735,20,436,31.59
16:11:23,10980328393,58523177,20,348,32.13
16:11:39,15946593167,63357523,20,494,31.32
16:11:53,14208913096,74788394,20,444,31.64
16:12:09,15505427587,56816634,20,482,31.42
16:12:21,12045707738,78472336,20,378,31.84
16:12:33,11967098193,60974459,20,377,31.92
16:12:47,14378340901,71515922,20,448,31.54
16:12:57,9986546109,61902969,20,316,32.11
16:13:12,15032444351,73828266,20,466,31.38
16:13:22,9982182980,79224885,20,316,32.17
16:13:35,12631441055,53680697,20,395,31.65
16:13:49,14106813947,62354229,20,440,31.56
16:14:03,13826028451,59263295,20,433,31.69
16:14:17,13633282369,56233568,20,424,31.47
16:14:31,14036453027,60474924,20,438,31.57
16:14:46,15330835784,52162227,20,473,31.17
16:15:06,20010256463,61958527,20,614,30.97
16:15:17,10891320420,60217466,20,342,31.84
16:15:26,9201428841,66258941,20,295,32.59
16:15:40,13694269721,60137163,20,431,31.85
16:15:52,12283023501,57843506,20,383,31.57
16:16:05,12472283880,63387150,20,393,31.92
16:16:25,19635428749,61290201,20,602,30.96
16:16:36,11855650139,51040949,20,369,31.51
16:16:52,15562514972,83685473,20,483,31.42
16:17:18,25729749266,52646872,20,766,30.01
16:17:29,10793289421,61493540,20,338,31.73
16:17:41,12696507721,66332733,20,395,31.52
16:17:53,12018782491,55206518,20,380,32.01
16:18:13,19895532781,51542251,20,613,31.08
16:18:31,17220058992,54604764,20,530,31.08
16:18:39,8502465327,52547088,20,270,32.25
16:18:50,10858285254,63630686,20,342,31.96
16:19:03,12660245865,53265111,20,395,31.57
16:19:14,11207227635,64954843,20,354,32.03
16:19:30,16416894618,58748334,20,513,31.58
16:19:40,9559120011,51417667,20,304,32.23
16:19:54,13769846495,53717796,20,428,31.44
16:20:04,10444048175,71583710,20,331,32.16
16:20:19,14884525129,63876354,20,465,31.61
16:20:35,15581751706,56354660,20,484,31.40
16:20:47,12419480665,53590580,20,391,31.86
16:21:00,12594956095,70534075,20,395,31.77
16:21:12,12233677167,77133508,20,385,31.92
16:21:33,21112921672,60661103,20,649,31.03
16:21:48,14797047021,59312364,20,460,31.44
16:22:03,15145338356,64786048,20,472,31.52
16:22:17,13483115720,82122347,20,424,31.87
16:22:29,12708860135,61424885,20,403,32.11
16:22:42,12817525329,62242174,20,402,31.75
16:22:58,15763738290,54299643,20,492,31.55
16:23:14,16135435461,62385886,20,504,31.57
16:23:29,15288792092,57706091,20,480,31.74
16:23:41,11619800772,63891641,20,369,32.19
16:23:59,18172571255,53857536,20,560,31.11
16:24:17,18017194671,54112491,20,554,31.05
16:24:30,12693575067,57359954,20,400,31.89
16:24:44,13910747166,60143046,20,434,31.58
16:24:56,12224190651,62008200,20,380,31.50
16:25:14,17521170594,63861999,20,543,31.31
16:25:29,14701085544,62110256,20,455,31.31
16:25:44,15845648413,63966204,20,491,31.33
16:26:00,16036768645,67402550,20,494,31.16
16:26:15,14547826110,68744264,20,448,31.17
16:26:32,16839021584,65899319,20,521,31.27
16:26:44,12514737530,71828456,20,389,31.49
16:27:03,18481548769,71519158,20,575,31.45
16:27:18,15171933971,58310588,20,470,31.33
16:27:43,24432390977,62421868,20,736,30.38
16:28:02,19414480186,54140325,20,596,30.99
16:28:18,15543942568,64381955,20,482,31.35
16:28:27,9740565409,62922217,20,309,32.18
16:28:41,13369697178,69856572,20,420,31.81
16:28:49,8564621285,78889064,20,275,32.73
16:29:11,21775837858,67870303,20,666,30.87
16:29:27,15682959184,52228996,20,491,31.63
16:29:40,12831584414,75273335,20,402,31.77
16:29:52,12160875805,68219661,20,382,31.83
16:30:04,12199175500,55809757,20,383,31.78
16:30:19,14634727308,66464132,20,455,31.46
16:30:32,13044094355,68801177,20,411,31.90
16:30:41,8785775474,50623489,20,278,32.10
16:30:50,9588869099,73016108,20,301,31.91
16:31:08,17335518976,57871708,20,533,31.06
16:31:24,16566832212,57036206,20,511,31.17
16:31:37,12497331876,64600158,20,392,31.79
16:31:56,19568897803,55446051,20,600,30.95
16:32:14,17693795381,56007916,20,546,31.16
16:32:28,14184650712,52461680,20,441,31.43
16:32:43,14496353777,80747121,20,452,31.58
16:32:59,15895938941,61005947,20,495,31.48
16:33:18,19121333365,60814508,20,584,30.85
16:33:29,10948489763,72793535,20,347,32.18
16:33:42,13467411077,58717335,20,424,31.87
16:34:04,21633664144,74355895,20,656,30.62
16:34:17,12447349166,69636425,20,388,31.57
16:34:36,19190671970,56451045,20,591,31.08
16:34:48,11770459650,64999051,20,371,31.95
16:35:01,13538665012,55213545,20,418,31.24
16:35:17,16153239988,68069613,20,499,31.24
16:35:29,11857201750,53469685,20,374,31.93
16:35:39,9356998417,52034117,20,298,32.32
16:35:50,11013055735,72583941,20,346,31.88
16:36:07,17602079575,59267176,20,539,30.94
16:36:19,11789644476,87526206,20,374,32.21
16:36:30,11318606549,56784255,20,356,31.87
16:36:42,11993113649,57410320,20,373,31.50
16:37:07,24220788361,71204763,20,728,30.33
16:37:27,19875668076,52947104,20,613,31.13
16:37:38,11391152733,75161094,20,358,31.90
16:37:53,15200647659,62078586,20,476,31.66
16:38:06,12757272513,54231344,20,401,31.82
16:38:21,15311205984,58475718,20,477,31.50
16:38:35,14117042575,56523737,20,442,31.68
16:38:49,13813132326,99759824,20,429,31.52
16:39:05,15693988605,87332768,20,488,31.50
16:39:24,19283849835,76451713,20,591,30.97
16:39:39,14597169285,56522049,20,455,31.53
16:39:53,14234415890,48114176,20,446,31.67
16:40:05,11831715074,63857650,20,369,31.61
16:40:17,11797532790,68798802,20,373,32.07
16:40:36,19127193528,53597075,20,583,30.76
16:40:53,17309604694,65897636,20,533,31.13
16:41:07,13179483239,68534434,20,413,31.74
16:41:17,10341262600,53931763,20,329,32.25
16:41:34,16996775479,52463260,20,529,31.45
16:41:47,12759879023,55172697,20,404,32.03
16:42:00,13594530014,74901592,20,430,32.04
16:42:15,14646263523,58696599,20,453,31.28
16:42:28,12781550344,62869753,20,401,31.77
16:42:44,16190507274,57363853,20,502,31.33
16:42:57,12735214050,62927252,20,401,31.90
16:43:11,14403544701,70968034,20,447,31.43
16:43:28,16298811359,52165918,20,505,31.30
16:43:44,16445725619,64181826,20,510,31.36
16:43:56,11574508498,59977093,20,366,32.04
16:44:11,15365623692,64065054,20,479,31.53
16:44:26,15170797549,70236672,20,471,31.42
16:44:36,9960334133,84534258,20,316,32.27
16:44:50,14208117112,55559380,20,443,31.53
16:45:09,18367146275,62026428,20,564,31.02
16:45:22,13592417640,62335575,20,425,31.64
16:45:36,13160966939,70567701,20,411,31.63
16:45:49,13025141693,59905383,20,408,31.72
16:46:04,14790281545,49713646,20,461,31.51
16:46:15,11330329899,62534819,20,355,31.78
16:46:39,23892712159,79279509,20,718,30.33
16:46:50,11274936276,59515805,20,358,32.19
16:47:04,13647467517,52591628,20,429,31.80
16:47:17,13487994880,60106626,20,423,31.73
16:47:35,17695922139,61657914,20,543,31.01
16:47:48,12672549761,67426560,20,397,31.76
16:47:59,11612599754,55465283,20,363,31.64
16:48:12,12398113697,73523241,20,388,31.72
16:48:26,14053317869,69347126,20,439,31.62
16:48:45,19070900020,59166737,20,586,31.02
16:49:00,15379930928,72530284,20,474,31.20
16:49:15,14847879879,59559314,20,462,31.47
16:49:32,16791317870,62619713,20,517,31.12
16:49:46,14374546117,74362804,20,446,31.43
16:50:00,13618685866,85590025,20,426,31.72
16:50:13,13085783423,54214896,20,408,31.57
16:50:27,13462323785,51339313,20,420,31.55
16:50:41,14132162833,81691565,20,442,31.70
16:50:58,17173118227,64088521,20,534,31.43
16:51:12,13689925549,65610434,20,426,31.50
16:51:23,11420527173,64031022,20,362,32.14
16:51:38,15259337622,58081257,20,474,31.39
16:51:57,18399581404,64088080,20,569,31.24
16:52:10,13062122924,64025745,20,411,31.86
16:52:25,15202467950,82114721,20,472,31.44
16:52:38,12588819626,58648785,20,396,31.85
16:52:49,10764060760,87844310,20,337,31.82
16:53:03,14173270249,51814393,20,446,31.81
16:53:13,9819958967,59001836,20,310,32.05
16:53:32,19728230358,64508485,20,604,30.91
16:53:44,11928605321,81947718,20,374,31.82
16:53:57,12623909490,66006047,20,396,31.78
16:54:11,13854417756,71177099,20,432,31.57
16:54:25,13591134075,56109897,20,425,31.64
16:54:42,17556526665,57085939,20,539,31.01
16:54:57,15032160237,67558303,20,467,31.44
16:55:10,13063623665,61208561,20,410,31.78
16:55:29,18787120785,79723251,20,573,30.83
16:55:46,16931578384,61729472,20,520,31.04
16:55:58,11736823555,62126500,20,368,31.77
16:56:18,20224622401,57845250,20,624,31.15
16:56:35,16904533220,52680281,20,524,31.32
16:56:52,17112090659,57549981,20,531,31.36
16:57:11,18520214803,54454420,20,565,30.80
16:57:21,10676682617,67260370,20,339,32.22
16:57:31,10055309992,61962773,20,318,32.08
16:57:49,17621567825,51223569,20,542,31.06
16:58:03,13973725095,55683280,20,434,31.40
16:58:23,19906194325,69988538,20,605,30.71
16:58:35,11648912086,63211984,20,366,31.85
16:58:48,13311830784,72068527,20,415,31.58
16:58:58,9894780406,58807490,20,314,32.20
16:59:13,14676677892,66750794,20,460,31.72
16:59:27,14330890378,56280162,20,447,31.54
16:59:39,11685712910,70521879,20,366,31.77
16:59:50,11010231885,52471282,20,345,31.73
17:00:06,16509466341,61410832,20,510,31.23
17:00:20,13487118365,63363132,20,423,31.75
17:00:35,15417087718,64936190,20,482,31.62
17:00:50,15196151751,51555966,20,473,31.44
17:01:05,14306593954,65247257,20,447,31.63
17:01:28,23428716859,67997062,20,708,30.50
17:01:48,19341974648,56075819,20,593,30.94
17:01:57,9368508782,77500864,20,294,31.92
17:02:11,14331512102,72011692,20,447,31.59
17:02:27,15525296299,71418380,20,483,31.48
17:02:40,13003070255,89412203,20,406,31.69
17:02:55,15053208326,61464809,20,468,31.45
17:03:08,13404934535,73814089,20,419,31.67
17:03:21,12873322712,75452783,20,404,31.83
17:03:34,12467728647,63251547,20,394,32.03
17:03:48,14307568866,54275160,20,443,31.30
17:03:59,10592918601,76625637,20,333,31.95
17:04:15,15956005149,55787476,20,494,31.28
17:04:28,13243388375,57815036,20,413,31.55
17:04:46,17751911317,59322233,20,549,31.24
17:04:59,12629985466,61019419,20,393,31.51
17:05:13,14715515023,86764113,20,459,31.61
17:05:31,17990527929,54875767,20,557,31.27
17:05:43,11339557426,62489394,20,356,31.84
17:05:57,14190394657,55007756,20,439,31.29
17:06:10,13233922416,63606471,20,412,31.52
17:06:24,14354278487,53562492,20,450,31.71
17:06:38,13526285392,82200479,20,423,31.70
17:06:54,15468774549,60378886,20,480,31.37
17:07:17,23084600179,78475077,20,702,30.70
17:07:35,17929140960,69228166,20,547,30.85
17:07:50,14967127559,58559417,20,465,31.41
17:08:04,14639707859,67216474,20,458,31.65
17:08:16,11993026346,67875817,20,374,31.61
17:08:30,14190505078,64451626,20,442,31.52
17:08:41,10171248568,60795444,20,323,32.23
17:08:52,11172620036,82795218,20,353,32.09
17:09:05,13411922016,54399489,20,422,31.84
17:09:19,14110656239,52074343,20,444,31.82
17:09:32,12263005692,58901718,20,386,31.87
17:09:44,11951484855,78230288,20,375,31.83
17:10:01,17491675898,55996603,20,541,31.23
17:10:19,17252571739,64023286,20,528,30.93
17:10:34,15467237765,56215377,20,481,31.43
17:10:51,16702225505,56923956,20,518,31.33
17:11:04,13218551732,69925196,20,413,31.64
17:11:20,15489293564,96240715,20,481,31.47
17:11:23,3218585866,67104905,20,103,33.22
17:11:34,11600628854,53869365,20,366,31.96
17:11:54,19891690030,73392282,20,607,30.82
17:12:07,12829853506,73360918,20,401,31.67
17:12:23,15589442712,77412236,20,485,31.49
17:12:33,9891170430,61176349,20,314,32.23
17:12:47,14771129260,88077066,20,459,31.50
17:13:06,18789102734,55316569,20,577,31.00
17:13:22,15175436243,74094575,20,471,31.40
17:13:42,20460320393,61974015,20,625,30.83
17:13:57,15280537300,65523383,20,477,31.56
17:14:13,16106409449,62125842,20,503,31.57
17:14:30,16733103066,61681733,20,520,31.41
17:14:41,11028546187,61687163,20,349,32.10
17:14:55,13785880524,73165146,20,431,31.66
17:15:11,15595388475,70774688,20,483,31.34
17:15:21,10603834894,57420010,20,336,32.12
17:15:33,11775278431,56914590,20,368,31.66
17:15:45,12285949248,53457227,20,385,31.71
17:15:58,12085608841,64641929,20,377,31.62
17:16:13,15653958281,59279051,20,484,31.26
17:16:24,10849663545,80817441,20,345,32.30
17:16:37,12427160334,68049550,20,391,31.89
17:16:48,11465842935,56911511,20,361,31.91
17:17:00,11963935436,66261908,20,382,32.37
17:17:14,13649561603,70479455,20,432,32.07
17:17:30,15930111168,58210564,20,497,31.53
17:17:46,16035461646,53943485,20,497,31.31
17:17:56,10272179742,78894442,20,325,32.14
17:18:16,20418935821,68266907,20,623,30.81
17:18:25,8290932308,63636911,20,262,32.14
17:18:40,14720310375,70771268,20,458,31.49
17:18:56,16023532007,62402539,20,499,31.50
17:19:15,19520269604,74865959,20,600,31.07
17:19:30,14522119992,57242696,20,451,31.40
17:19:44,14290975164,59426308,20,443,31.37
17:19:55,10645611443,71941196,20,338,32.25
17:20:10,15671925984,63099406,20,482,31.09
17:20:23,12336164147,86434853,20,389,32.01
17:20:42,19633043031,66002691,20,598,30.76
17:20:53,10601739086,60916115,20,336,32.15
17:21:15,21770625687,49563835,20,660,30.58
17:21:31,16208478415,69448981,20,501,31.25
17:21:40,9395585406,60636548,20,298,32.21
17:21:55,14701503780,54839186,20,460,31.63
17:22:09,13469965007,58503715,20,423,31.78
17:22:23,14725120450,66681617,20,458,31.47
17:22:37,13768322779,53593061,20,431,31.66
17:22:47,9658417720,58365713,20,306,32.17
17:23:07,20363858296,58807107,20,627,31.08
17:23:19,11890140707,58973595,20,373,31.79
17:23:32,13183155352,70785594,20,415,31.89
17:23:51,18910671122,49876716,20,583,31.12
17:24:13,21812799242,53389663,20,660,30.52
17:24:26,13141140522,69785507,20,412,31.76
17:24:43,17084885609,74764656,20,526,31.12
17:24:57,13920482322,68273819,20,436,31.70
17:25:13,15649856403,60460516,20,484,31.26
17:25:27,13938385728,59263434,20,435,31.59
17:25:49,21649143906,71676339,20,664,30.97
17:25:59,10381969681,68297741,20,332,32.48
17:26:14,14932077522,65893626,20,464,31.45
17:26:27,12544512403,92758385,20,393,31.82
17:26:40,13365851584,70252098,20,420,31.81
17:26:52,12278122457,51634746,20,384,31.65
17:27:06,13396833289,64507689,20,422,31.89
17:27:19,13162069957,54515375,20,412,31.66
17:27:31,11721567547,68142398,20,367,31.77
17:27:45,14119746155,62144334,20,443,31.73
17:27:55,10049289876,72205449,20,317,32.05
17:28:07,11693310667,69422901,20,369,32.00
17:28:20,13345323097,67429375,20,421,31.96
17:28:30,9840675432,59435770,20,312,32.16
17:28:44,14295597015,51485420,20,447,31.61
17:28:56,12006128929,60828793,20,379,31.98
17:29:08,11812554275,67865753,20,372,31.93
17:29:22,13887291982,50341630,20,435,31.65
17:29:35,12583361292,55125165,20,394,31.69
17:29:47,12329721050,69910529,20,385,31.66
17:29:52,4954264417,55671251,20,157,32.50
17:30:07,14671377323,62781590,20,452,31.15
17:30:18,11016575340,66172431,20,348,32.04
17:30:35,17023976683,55930914,20,524,31.09
17:30:44,9622243032,63255385,20,306,32.27
17:30:55,10782320726,75250547,20,339,31.92
17:31:07,12003471283,55339055,20,377,31.78
17:31:25,17613965039,83436398,20,542,31.13
17:31:40,15348265703,55836998,20,480,31.62
17:31:55,14421283302,57510569,20,449,31.48
17:32:07,12513787845,57872073,20,393,31.79
17:32:20,13238929357,59985639,20,416,31.82
17:32:35,14077163511,75825092,20,435,31.31
17:32:51,16048114221,67110852,20,501,31.56
17:33:04,13529976645,55070702,20,425,31.78
17:33:22,17340545424,71004813,20,534,31.13
17:33:38,16307161011,65381522,20,504,31.24
17:33:53,15172033937,61891881,20,469,31.26
17:34:03,10145405778,104863300,20,322,32.36
17:34:19,15363303813,63707723,20,483,31.79
17:34:29,9958163500,52002114,20,317,32.28
17:34:47,18707890860,57833165,20,575,31.04
17:34:57,9315523411,59118623,20,293,31.95
17:35:11,14767173537,81048943,20,462,31.68
17:35:25,13283625594,65382773,20,415,31.63
17:35:38,12797061760,53142169,20,403,31.88
17:35:51,12967914472,54374926,20,408,31.85
17:36:11,20606853152,54047300,20,628,30.75
17:36:24,12916075018,63568846,20,408,32.00
17:36:44,19866899078,71490532,20,606,30.80
17:37:02,17568835055,76516720,20,541,31.14
17:37:12,10301956023,70535138,20,324,31.95
17:37:21,9197529648,61210466,20,296,32.70
17:37:38,16424089296,54214835,20,508,31.26
17:37:50,12574464279,62973197,20,396,31.88
17:38:01,10292489680,53222923,20,325,32.01
17:38:23,22505849489,54305454,20,683,30.61
17:38:43,19588736673,53780660,20,601,30.96
17:38:56,13660246412,66865400,20,424,31.43
17:39:00,3884091612,65584369,20,124,32.97
17:39:12,11593882200,79841223,20,365,31.96
17:39:34,21666986352,63448732,20,657,30.61
17:39:47,12906296281,59384780,20,404,31.68
17:40:01,14556780572,67568619,20,454,31.57
17:40:15,13611053842,66212359,20,423,31.47
17:40:27,12108241242,73246896,20,381,31.90
17:40:42,15540284821,50285576,20,485,31.53
17:40:52,9318683391,60052147,20,299,32.60
17:41:07,15022537222,78275565,20,468,31.55
17:41:21,14043704810,56799068,20,438,31.55
17:41:36,15452069394,56909109,20,483,31.60
17:41:49,12760845748,66658549,20,402,31.90
17:42:04,14274425112,51255194,20,447,31.65
17:42:20,16601879008,60240157,20,516,31.42
17:42:38,17583672283,59274655,20,540,31.03
17:42:53,15385303356,60919974,20,476,31.27
17:43:04,10734696746,62049581,20,339,32.04
17:43:15,11409639437,63500718,20,358,31.82
17:43:29,13555506694,65531641,20,421,31.44
17:43:48,18937728455,68761512,20,583,31.10
17:44:02,13577353966,63163597,20,425,31.69
17:44:18,16922896320,53031661,20,526,31.40
17:44:28,9029864820,53894824,20,288,32.35
17:44:40,12924221083,67697564,20,412,32.28
17:44:55,14233977627,68841230,20,444,31.57
17:45:12,17312723201,68464039,20,530,30.95
17:45:25,12990265927,51481764,20,411,32.00
17:45:41,15448767832,52526926,20,477,31.21
17:45:50,9176223940,55409022,20,287,31.74
17:46:00,10105989218,65838474,20,320,32.16
17:46:14,13903164437,52829678,20,431,31.34
17:46:31,17541736539,65721844,20,542,31.22
17:46:44,12197760941,68193328,20,384,31.92
17:46:56,12103633147,58739805,20,381,31.88
17:47:10,13982528805,62508812,20,439,31.76
17:47:23,12984046607,82360983,20,406,31.71
17:47:39,16148191189,62578131,20,503,31.49
17:47:53,14428524992,61921794,20,450,31.55
17:48:04,10445026202,69238006,20,331,32.16
17:48:15,11509611735,60737910,20,363,31.95
17:48:26,10147895493,85298873,20,319,31.99
17:48:38,12080501386,54599830,20,378,31.68
17:48:51,12921236909,49963821,20,406,31.76
17:49:04,13757280613,77374115,20,432,31.81
17:49:11,6835396113,64385760,20,219,32.68
17:49:27,15859224123,67873597,20,495,31.56
17:49:41,13414073459,63730213,20,420,31.69
17:49:56,15147300099,70937965,20,472,31.52
17:50:09,13614843169,71511850,20,426,31.69
17:50:20,10390702694,52755311,20,328,32.00
17:50:32,12415828778,56862696,20,389,31.72
17:50:52,19239681267,66642215,20,596,31.30
17:51:11,19154263963,57514673,20,591,31.15
17:51:29,18250232045,56155872,20,560,30.99
17:51:49,20479616685,72638555,20,625,30.83
17:52:07,17857799154,55798827,20,551,31.16
17:52:16,9066554748,70105520,20,290,32.54
17:52:32,15617217582,51394052,20,487,31.52
17:52:43,11035329928,61326942,20,348,31.98
17:52:54,10753176417,50056598,20,339,31.95
17:53:04,9590601147,86203920,20,308,32.69
17:53:24,20580666112,64306671,20,628,30.79
17:53:38,14154722450,61799458,20,442,31.59
17:53:54,16122322227,65035510,20,506,31.72
17:54:07,12600860216,63538030,20,396,31.83
17:54:17,10087018310,63434527,20,321,32.32
17:54:32,14356024721,95869651,20,445,31.42
17:54:47,15015286561,55292771,20,468,31.51
17:55:01,14104541166,52788250,20,441,31.61
17:55:13,12538080981,61332415,20,393,31.74
17:55:30,16797919723,59978221,20,521,31.32
17:55:41,10829239162,56064357,20,343,32.11
17:55:54,12629333025,82782590,20,399,32.04
17:56:12,18266014768,52935422,20,564,31.17
17:56:29,16630399277,58140198,20,518,31.48
17:56:48,19244155663,75820314,20,591,31.03
17:57:04,15942481644,70210078,20,498,31.59
17:57:17,13454288100,63447245,20,424,31.90
17:57:35,17851667944,79961215,20,553,31.33
17:57:50,14535228838,65492791,20,456,31.75
17:58:11,20718073166,65179787,20,632,30.79
17:58:26,15530518455,60859898,20,485,31.57
17:58:43,17403420981,64737135,20,539,31.30
17:58:56,12741930942,80175087,20,398,31.68
17:59:09,12608466474,54120130,20,396,31.78
17:59:23,13601818647,66180488,20,427,31.77
17:59:37,14458777657,53434671,20,455,31.81
17:59:40,3115372705,64331651,20,99,33.11
17:59:57,16766070875,65334467,20,517,31.18
18:00:10,12703489839,57234118,20,405,32.29
18:00:28,17828749778,49458765,20,555,31.42
18:00:36,8680912392,67073724,20,277,32.47
18:00:53,16480715432,50883235,20,514,31.49
18:01:05,11918354590,56825615,20,378,32.11
18:01:24,19418887308,67528703,20,599,31.16
18:01:34,10091986595,51241543,20,319,32.06
18:01:52,17259207911,66290626,20,535,31.32
18:02:04,12475728298,71454223,20,394,32.03
18:02:18,13784837998,55480537,20,430,31.54
18:02:33,15223504278,51603693,20,476,31.60
18:02:44,11139465810,51035591,20,352,32.00
18:02:47,3018799817,75508943,20,97,33.56
18:03:04,17016744296,78456943,20,523,31.09
18:03:23,18174364563,58568117,20,556,30.90
18:03:38,15937021274,53579933,20,497,31.51
18:03:51,12098978898,55663207,20,382,31.99
18:04:02,11657482794,50595347,20,365,31.71
18:04:15,12996282698,53583764,20,407,31.69
18:04:31,15990418394,73373950,20,496,31.39
18:04:54,22705838074,77539847,20,682,30.33
18:05:14,19628941523,69631793,20,600,30.88
18:05:24,10704292992,62656126,20,337,31.94
18:05:42,17694225316,74896604,20,545,31.14
18:05:54,11586247015,67021796,20,365,31.96
18:06:10,15745251790,64252615,20,486,31.21
18:06:23,12964880766,53296705,20,412,32.16
18:06:33,10583887872,55896181,20,335,32.08
18:06:48,14897913943,72373334,20,466,31.65
18:07:03,14750529285,52156916,20,458,31.39
18:07:16,13534069225,60076770,20,425,31.78
18:07:26,9446702242,64830609,20,299,32.15
18:07:39,13083905148,55254971,20,410,31.70
18:07:55,15513547984,81160805,20,482,31.46
18:08:08,13058085653,60859469,20,413,32.01
18:08:24,16567108236,56242566,20,510,31.11
18:08:41,16734689960,75293873,20,518,31.31
18:08:54,12979560617,52837624,20,404,31.48
18:09:06,11636101264,56824204,20,367,31.96
18:09:19,12964891145,53257095,20,409,31.92
18:09:32,13583092672,72756622,20,424,31.61
18:09:47,14965621624,69752222,20,461,31.16
18:10:04,16441016954,60835450,20,505,31.03
18:10:20,16309336369,52671591,20,508,31.47
18:10:33,13043013909,65316842,20,407,31.62
18:10:46,13250708025,61873983,20,416,31.77
18:11:04,17406407066,81000766,20,537,31.20
18:11:15,10741623463,70302687,20,339,32.04
18:11:30,15356761050,63509499,20,477,31.42
18:11:39,8627196500,76527372,20,275,32.46
18:11:52,13781345915,74841140,20,426,31.32
18:12:06,13399231786,73779954,20,418,31.61
18:12:19,12641540486,54309740,20,400,32.02
18:12:36,17676356656,59892394,20,545,31.14
18:12:49,12712340722,55915911,20,398,31.68
18:13:03,13892023098,55651397,20,436,31.75
18:13:19,16434938283,79395973,20,508,31.28
18:13:33,13413889807,90105568,20,419,31.69
18:13:45,12382718304,60726926,20,387,31.66
18:13:56,10508502224,62379464,20,330,31.85
18:14:11,14948657475,77903900,20,463,31.36
18:14:25,14692432337,55794195,20,459,31.58
18:14:34,8578733328,58230746,20,271,32.10
18:14:48,13989369267,50700746,20,439,31.74
18:15:09,21405386305,65351411,20,653,30.80
18:15:22,12974679368,71026684,20,404,31.56
18:15:37,14135110433,61739457,20,438,31.35
18:15:55,18698429847,64864872,20,578,31.24
18:16:10,14384420091,51835984,20,450,31.62
18:16:21,11182052045,66856563,20,353,32.03
18:16:41,20056914210,82899972,20,614,30.94
18:16:57,16308308886,63448239,20,502,31.12
18:17:13,15206074341,65592656,20,478,31.80
18:17:27,14294118310,52358738,20,448,31.68
18:17:44,16774605692,61815455,20,519,31.26
18:17:59,15591510268,62608250,20,485,31.47
18:18:11,12085626042,65309124,20,380,31.85
18:18:25,13451476662,55227659,20,421,31.67
18:18:33,8312829684,56753880,20,265,32.39
18:18:46,13168139844,70800285,20,412,31.71
18:19:00,13517422854,58563312,20,424,31.76
18:19:12,12035636881,80351001,20,379,31.95
18:19:29,17223767761,73008124,20,534,31.35
18:19:45,16037168382,58979753,20,497,31.33
18:19:59,13704517524,62960401,20,433,31.97
18:20:08,9227255965,77652494,20,293,32.30
18:20:24,15826794982,68956046,20,490,31.30
18:20:42,17761556070,73503575,20,548,31.18
18:20:55,13435125331,78316480,20,422,31.84
18:21:07,11724218370,56143944,20,369,31.89
18:21:20,12781666588,63240367,20,403,31.93
18:21:38,18139178324,86790968,20,558,31.12
18:21:54,15923458739,61342698,20,497,31.57
18:22:07,12654345210,59100579,20,399,31.92
18:22:22,14904655765,73592401,20,464,31.52
18:22:41,19474144891,57663865,20,599,31.05
18:22:53,11954836637,54669593,20,377,31.92
18:23:07,13845748780,59348877,20,432,31.57
18:23:25,18108965903,74493671,20,560,31.26
18:23:43,17513105279,59342959,20,537,30.98
18:23:52,8745167836,66576965,20,278,32.32
18:24:08,16573110142,55401020,20,514,31.32
18:24:27,18875621976,58985812,20,583,31.20
18:24:41,13817075359,53305109,20,434,31.77
18:24:51,10252844899,84316598,20,320,31.74
18:25:09,18020360755,63412111,20,554,31.07
18:25:23,14175614759,50533505,20,446,31.78
18:25:40,16623689324,61685388,20,514,31.26
18:25:58,17693690543,54318782,20,545,31.10
18:26:14,16469375969,58040624,20,509,31.24
18:26:27,12549964487,73110236,20,390,31.50
18:26:38,10934138631,60140780,20,345,32.00
18:26:51,12807829968,65731429,20,400,31.64
18:27:07,16584354394,54909474,20,515,31.36
18:27:17,9974822835,95552740,20,315,32.17
18:27:29,11867494708,55532231,20,372,31.74
18:27:43,13597783035,64484280,20,431,32.09
18:27:58,14857544239,67876015,20,465,31.67
18:28:11,13690152403,53502855,20,431,31.85
18:28:26,14889484392,62185603,20,466,31.65
18:28:42,15318020312,53564520,20,481,31.72
18:29:03,20990677250,65280918,20,637,30.63
18:29:24,21459753994,58905598,20,654,30.76
18:29:41,16507646283,63082699,20,513,31.41
18:29:54,13571798982,71105230,20,424,31.66
18:30:07,12467988943,65547051,20,394,32.03
18:30:25,18578979162,70760814,20,573,31.17
18:30:40,14182171540,74081993,20,442,31.57
18:30:58,18411262967,73280342,20,574,31.52
18:31:12,13813102971,63208595,20,430,31.52
18:31:24,11763213651,51673601,20,371,31.92
18:31:38,14613019814,78554958,20,454,31.46
18:31:49,10490399243,65979744,20,330,31.91
18:32:02,12854823220,66788206,20,403,31.75
18:32:15,13238374068,52248516,20,420,32.08
18:32:25,10023883562,58541584,20,320,32.38
18:32:36,10495143926,59722145,20,332,32.07
18:32:49,13267784870,65402609,20,418,31.90
18:33:06,17654322343,83027345,20,546,31.28
18:33:19,12572522178,51831760,20,395,31.80
18:33:31,12342215867,58664740,20,388,31.82
18:33:43,11142034996,65209598,20,351,31.93
18:33:56,13540626450,61752990,20,423,31.63
18:34:20,23836651789,48139759,20,721,30.48
18:34:31,11144775949,62712101,20,352,32.02
18:34:46,14835771927,54364914,20,461,31.42
18:35:01,14802406853,53189592,20,459,31.35
18:35:10,8835210905,75935322,20,277,31.91
18:35:24,14099075515,51890133,20,435,31.18
18:35:38,14441113778,59513956,20,450,31.53
18:35:53,14472798912,67007416,20,451,31.53
18:36:12,19475667496,56724212,20,598,31.00
18:36:28,15958055279,57993990,20,497,31.47
18:36:45,17051971144,66213419,20,529,31.35
18:37:02,16143731371,61806633,20,500,31.30
18:37:16,14727318770,66343890,20,458,31.47
18:37:35,18507081519,53126234,20,574,31.31
18:37:49,14374539440,54453306,20,448,31.52
18:38:06,16782215242,74514151,20,517,31.16
18:38:25,18431520862,54029162,20,563,30.84
18:38:35,9971372039,78999875,20,315,32.14
18:38:51,16356839641,60079293,20,509,31.45
18:39:00,8988778700,61334006,20,282,31.86
18:39:16,15699925096,83697835,20,491,31.67
18:39:30,14710062828,79024092,20,461,31.74
18:39:45,14462355511,69638124,20,450,31.51
18:39:59,14078343899,70199955,20,438,31.51
18:40:18,18599863453,79967994,20,569,30.94
18:40:27,9102114365,53378333,20,291,32.47
18:40:37,10518966975,75790832,20,331,31.98
18:40:53,15495005358,66403174,20,479,31.26
18:41:09,16180402913,89189490,20,500,31.28
18:41:26,17140801681,64302938,20,531,31.30
18:41:41,14456468804,87087415,20,447,31.32
18:42:00,19274376289,64807679,20,588,30.81
18:42:13,13312333009,52604441,20,414,31.45
18:42:25,11197827866,55228195,20,351,31.76
18:42:37,12615704692,57928375,20,398,31.94
18:42:48,10484000264,52061933,20,333,32.20
18:42:56,8701244181,60660861,20,277,32.35
18:43:08,11687014810,91828966,20,369,32.05
18:43:25,16804882669,64839292,20,520,31.28
18:43:40,14622243662,60189366,20,451,31.21
18:43:54,14208320924,55257179,20,442,31.45
18:44:08,14421125840,73842393,20,453,31.81
18:44:24,16063168207,59521009,20,501,31.52
18:44:36,11851887062,78344206,20,373,31.93
18:44:52,15802358696,75472803,20,489,31.32
18:45:09,16637026510,74975511,20,517,31.44
18:45:25,16203285507,65429799,20,505,31.52
18:45:41,15564082394,76623958,20,483,31.40
18:45:57,16347959169,53105865,20,503,31.08
18:46:12,14970852404,71287043,20,464,31.37
18:46:35,22989077953,58603626,20,694,30.45
18:46:51,16165424318,79511822,20,501,31.37
18:47:06,14993859298,57758260,20,467,31.51
18:47:22,16199642444,66900561,20,505,31.54
18:47:37,14699074104,63907595,20,461,31.72
18:47:51,13814969181,57679867,20,433,31.69
18:48:03,12251132713,66156307,20,382,31.59
18:48:16,12486377120,68132720,20,387,31.41
18:48:28,12295577987,65498420,20,386,31.82
18:48:44,15787198339,81084474,20,490,31.43
18:48:55,11289326414,65411386,20,354,31.80
18:49:12,16807397103,70183226,20,523,31.48
18:49:23,11030195030,51012246,20,348,31.95
18:49:38,14887527082,56483377,20,467,31.72
18:49:54,15692024025,54932523,20,484,31.16
18:50:13,18814937341,59825766,20,581,31.18
18:50:25,12400487060,68524851,20,394,32.18
18:50:41,16413106335,60050963,20,505,31.09
18:51:02,20125220727,68919282,20,613,30.77
18:51:15,13491341966,68820141,20,425,31.90
18:51:26,10572526126,54249523,20,333,31.92
18:51:38,12273327474,61117563,20,386,31.87
18:51:52,14158439891,56120759,20,442,31.57
18:52:15,22768662873,68005798,20,690,30.58
18:52:33,17781096332,62523200,20,548,31.13
18:52:49,16092997988,58461654,20,500,31.40
18:53:01,11698304407,51665469,20,369,31.94
18:53:14,13306392184,87515762,20,417,31.78
18:53:28,13757746775,71267153,20,427,31.44
18:53:46,17849058018,53315504,20,552,31.22
18:54:01,15589668334,61953490,20,485,31.47
18:54:12,10558109247,59075769,20,332,31.89
18:54:29,17180094172,82826715,20,530,31.21
18:54:41,11755707688,60749633,20,368,31.72
18:55:03,22092259252,61410830,20,675,30.83
18:55:18,15440915134,52382152,20,481,31.49
18:55:34,15748710375,68909233,20,486,31.21
18:55:45,11315157394,62049167,20,356,31.89
18:56:00,14591944439,51907617,20,458,31.73
18:56:14,14211865260,52647239,20,443,31.53
18:56:30,15367158526,73418012,20,482,31.75
18:56:41,11401557468,73772324,20,364,32.41
18:56:56,14498671051,65217645,20,454,31.70
18:57:10,14377767615,65385485,20,451,31.76
18:57:28,17894903692,62283856,20,555,31.32
18:57:40,11638375233,78995837,20,365,31.84
18:57:56,16234700903,67845807,20,504,31.40
18:58:10,14101930236,55236752,20,441,31.63
18:58:25,15404063786,54756896,20,481,31.56
18:58:37,11470959216,67366067,20,361,31.91
18:58:49,12374517821,90053227,20,391,32.07
18:59:06,16550839862,63803066,20,518,31.64
18:59:27,21232529734,72812441,20,648,30.82
18:59:41,14079170097,74769734,20,440,31.65
18:59:56,14557099862,79168968,20,454,31.59
19:00:09,12728137418,53970619,20,404,32.11
19:00:24,15359548085,74959438,20,479,31.57
19:00:37,13172365824,56353993,20,413,31.72
19:00:55,18047159135,84485010,20,559,31.33
19:01:06,10547710748,60403438,20,333,32.01
19:01:18,12106726039,58810192,20,382,31.96
19:01:31,12512025122,75215386,20,392,31.76
19:01:48,17026990737,53339227,20,527,31.25
19:02:03,15863932039,82177544,20,495,31.58
19:02:18,13996268707,51738365,20,439,31.71
19:02:28,10168940076,57920258,20,323,32.23
19:02:43,15458345520,57285247,20,480,31.39
19:02:58,14328835181,60255233,20,448,31.63
19:03:16,18791900845,67884232,20,577,31.02
19:03:27,10555733028,60862729,20,333,32.01
19:03:41,13967143230,59209292,20,438,31.73
19:03:57,16141447267,55223094,20,501,31.37
19:04:12,14548824864,58396118,20,455,31.64
19:04:26,13814650100,54669523,20,433,31.72
19:04:36,10660768718,56844404,20,337,32.03
19:04:49,13240606402,65188307,20,413,31.59
19:04:58,8746818282,59491199,20,278,32.28
19:05:08,10094155302,67293904,20,318,31.99
19:05:23,14849760565,77922365,20,461,31.42
19:05:39,15969664664,52514360,20,497,31.43
19:05:51,11738751578,68309675,20,370,31.97
19:06:09,18281493600,64675996,20,563,31.12
19:06:21,12080456456,54644674,20,381,31.90
19:06:37,15144869947,69130668,20,475,31.75
19:06:56,19134282333,63085390,20,586,30.93
19:07:07,11476265749,65694797,20,362,31.97
19:07:23,15268035587,54874034,20,476,31.52
19:07:38,15633844246,66199106,20,485,31.39
19:07:58,19377365277,63740382,20,594,30.96
19:08:15,17477189113,80515216,20,540,31.25
19:08:34,19120543868,55597106,20,589,31.09
19:08:47,12693149293,56792228,20,398,31.73
19:09:00,13023920247,64342000,20,408,31.72
19:09:17,16730417765,55139783,20,521,31.46
19:09:31,13945115292,74257294,20,434,31.51
19:09:44,13144913860,77688489,20,410,31.61
19:09:53,9471304576,53648221,20,302,32.36
19:10:05,11102244060,82626872,20,350,32.02
19:10:22,17519909476,79087560,20,541,31.21
19:10:34,12086500372,72013662,20,381,31.96
19:10:58,23703281510,69276846,20,715,30.43
19:11:10,12154264445,68187321,20,383,31.94
19:11:25,14961451192,68792935,20,467,31.59
19:11:40,14758110600,64150967,20,455,31.18
19:11:55,14897255216,74854583,20,464,31.54
19:12:10,15289713763,58808371,20,476,31.48
19:12:30,19395978748,66764464,20,595,30.98
19:12:46,15963611646,64854907,20,495,31.34
19:13:04,18329651828,67761990,20,568,31.31
19:13:14,10511066660,64487800,20,332,32.07
19:13:28,13207019072,64392043,20,411,31.51
19:13:40,11848194376,77780779,20,370,31.67
19:13:52,12671783005,57388904,20,396,31.65
19:14:07,15211185667,55436924,20,478,31.78
19:14:24,16842009563,70441485,20,524,31.47
19:14:39,14226065706,71263373,20,443,31.53
19:14:49,10345420840,49552507,20,327,32.02
19:15:06,17313793467,68441378,20,536,31.29
19:15:27,20672065056,78456287,20,633,30.93
19:15:41,13875524716,53420614,20,433,31.55
19:15:53,12161410800,58325365,20,381,31.72
19:16:06,12660671337,76549797,20,399,31.97
19:16:14,8735926883,66387771,20,278,32.36
19:16:29,14300117159,67542143,20,446,31.58
19:16:49,20598788184,59574050,20,625,30.63
19:17:04,14506669678,60573338,20,451,31.45
19:17:21,17285870340,76474996,20,534,31.24
19:17:37,16170156153,55435988,20,501,31.31
19:17:54,16891940503,79426370,20,523,31.33
19:18:07,12328348392,67193663,20,387,31.82
19:18:21,14137134770,52929505,20,443,31.68
19:18:37,16311937200,49382717,20,510,31.57
19:18:53,16054262762,65698451,20,497,31.31
19:19:10,16513684614,53956395,20,510,31.21
19:19:27,16594392156,77510141,20,512,31.21
19:19:30,3543209993,53429585,20,113,32.94
19:19:46,15823383920,65095369,20,493,31.50
19:20:02,15746018618,66478703,20,490,31.47
19:20:17,15367264945,54463407,20,481,31.64
19:20:27,10173537779,70544560,20,322,32.13
19:20:40,12963212801,74673022,20,405,31.66
19:20:59,18820333212,70232589,20,578,31.04
19:21:13,13372191719,56440275,20,417,31.56
19:21:26,13810601038,64334225,20,429,31.45
19:21:44,17626647323,68722240,20,542,31.07
19:21:56,12213872397,51874664,20,382,31.67
19:22:11,15084423103,71020027,20,471,31.61
19:22:25,13832296697,75485349,20,434,31.79
19:22:39,13886614093,54387712,20,437,31.82
19:22:50,10694948107,76697398,20,342,32.47
19:23:06,16617365894,64224214,20,517,31.46
19:23:19,12780614062,74042494,20,399,31.66
19:23:38,19036900341,66529970,20,583,30.94
19:23:56,17947894604,54379816,20,553,31.10
19:24:12,16029928987,69978028,20,498,31.43
19:24:26,13132791261,55753074,20,413,31.84
19:24:39,13462596760,54255053,20,423,31.80
19:24:51,11920305982,57066549,20,374,31.80
19:25:05,13962430295,66170406,20,438,31.76
19:25:21,16074030547,64770900,20,500,31.46
19:25:34,13025259449,75968461,20,410,31.90
19:25:51,17017402254,54379860,20,527,31.29
19:26:05,13542666270,55214031,20,424,31.68
19:26:18,12790227953,69547669,20,400,31.69
19:26:33,15217504885,73038843,20,474,31.51
19:26:56,23642692128,66571753,20,713,30.43
19:27:12,15288792686,64435163,20,476,31.50
19:27:28,16186455314,52535803,20,505,31.52
19:27:44,16073206474,54653916,20,496,31.17
19:28:00,15734132698,56799180,20,488,31.34
19:28:18,18334374413,60950279,20,564,31.07
19:28:29,10636569412,56752862,20,337,32.12
19:28:40,11518072342,61034351,20,359,31.57
19:28:54,13811305959,55157987,20,430,31.47
19:29:11,16927536020,74192050,20,522,31.20
19:29:24,12288652868,64220600,20,385,31.76
19:29:33,9748885041,88923964,20,308,32.18
19:29:55,21948983096,67060735,20,668,30.72
19:30:02,6671246149,83151906,20,215,32.97
19:30:13,10824228175,74693448,20,340,31.89
19:30:33,20132165347,70387475,20,614,30.80
19:30:53,20428818837,67353436,20,625,30.89
19:31:02,9027753270,70591074,20,287,32.35
19:31:18,15599641175,75601056,20,488,31.66
19:31:32,13934405064,51343400,20,435,31.56
19:31:57,24584812310,64127370,20,737,30.22
19:32:08,11312760833,54122993,20,353,31.63
19:32:24,15956467947,54468942,20,492,31.15
19:32:35,10673900226,55647803,20,337,32.00
19:32:49,13922631601,55582013,20,436,31.66
19:33:03,14180822617,67251544,20,445,31.76
19:33:21,17819665220,56470429,20,549,31.12
19:33:43,22413470579,72088033,20,684,30.81
19:33:53,9903092687,68206199,20,313,32.10
19:34:07,13744658304,55908402,20,430,31.66
19:34:20,13282797213,73179878,20,415,31.65
19:34:35,14401255676,70438812,20,448,31.50
19:34:49,14739244174,84629061,20,458,31.49
19:35:01,11203742012,54030072,20,354,32.00
19:35:09,8492540867,72756205,20,272,32.61
19:35:27,17563284878,60374496,20,544,31.30
19:35:44,17502293656,53255880,20,540,31.14
19:36:01,17246368830,63802347,20,533,31.24
19:36:14,12616840712,63955904,20,396,31.80
19:36:32,17547341025,56665674,20,539,31.03
19:36:44,12376849883,60834543,20,389,31.83
19:36:58,13844006774,76924739,20,434,31.77
19:37:12,14030343190,77469954,20,436,31.48
19:37:27,14771282100,65630444,20,459,31.43
19:37:42,14766963987,70371790,20,459,31.45
19:37:53,11658891333,71509754,20,364,31.67
19:38:04,10983044643,98812693,20,346,32.06
19:38:25,20692892916,60532954,20,635,30.97
19:38:40,14597099823,61447021,20,458,31.73
19:38:44,4557290172,71734442,20,146,33.03
19:38:54,9981003627,59632715,20,320,32.55
19:39:08,13864962792,61300770,20,433,31.60
19:39:22,13867356266,62229087,20,434,31.67
19:39:37,14912170469,74367765,20,463,31.43
19:39:50,12600109752,61776329,20,394,31.67
19:40:01,10982835076,52093515,20,348,32.10
19:40:16,15276886668,68707229,20,475,31.45
19:40:34,18002383796,68853101,20,558,31.33
19:40:46,11867123705,65169312,20,373,31.88
19:40:57,11575519277,58863048,20,367,32.10
19:41:10,12342702155,62407210,20,387,31.77
19:41:22,12347601525,85608576,20,386,31.74
19:41:36,13855915110,59202101,20,435,31.77
19:41:53,16808884605,63308987,20,520,31.26
19:42:06,13126869634,78259989,20,412,31.83
19:42:19,13208159902,72920563,20,414,31.74
19:42:34,14945949547,52753311,20,465,31.44
19:42:48,14108158214,70113266,20,442,31.73
19:43:10,21605350441,66758474,20,656,30.65
19:43:25,14977479522,54823782,20,469,31.66
19:43:44,19321391660,56780834,20,594,31.03
19:43:58,13724383736,69049269,20,430,31.73
19:44:12,14123299706,61487924,20,441,31.59
19:44:28,15839469354,67721947,20,492,31.39
19:44:42,13667727732,76083233,20,427,31.65
19:45:04,22339655167,83074005,20,678,30.66
19:45:17,12610650093,65988750,20,392,31.48
19:45:29,12396582193,50710613,20,391,31.91
19:45:48,18857164555,52281716,20,581,31.10
19:46:03,14391429069,61613825,20,449,31.55
19:46:17,14545082874,87130637,20,453,31.56
19:46:28,11233533123,57743270,20,357,32.22
19:46:48,19781049828,68931638,20,604,30.84
19:46:59,10661096530,66575415,20,337,32.09
19:47:12,13042413845,55590488,20,408,31.65
19:47:23,11501380009,53611191,20,362,31.86
19:47:35,11780524444,59251649,20,368,31.64
19:47:49,14097121720,57873117,20,437,31.37
19:48:03,14060730010,52235335,20,441,31.70
19:48:23,19843085510,55886364,20,607,30.87
19:48:46,22312634663,76514448,20,677,30.64
19:48:59,13357605244,76087337,20,418,31.71
19:49:15,15905313823,76498332,20,492,31.29
19:49:24,9298093758,79142969,20,296,32.42
19:49:40,16055433322,51392519,20,498,31.34
19:49:54,13317332953,60039734,20,416,31.63
19:50:17,23087986141,54204729,20,705,30.79
19:50:33,16496049351,59495321,20,511,31.31
19:50:52,19021912421,54549143,20,589,31.26
19:51:07,14980990171,56061457,20,468,31.60
19:51:19,11334358669,81723764,20,356,31.89
19:51:30,11410883280,62259036,20,360,32.00
19:51:45,14415030540,70843894,20,450,31.60
19:52:00,15077034158,58271332,20,468,31.38
19:52:17,17242950525,79533186,20,534,31.31
19:52:38,21174484041,63536166,20,643,30.66
19:52:48,9886306122,58379650,20,311,31.93
19:53:05,16966663970,64852405,20,522,31.08
19:53:20,14801530611,61505109,20,461,31.51
19:53:37,17440292041,56327334,20,540,31.28
19:53:49,11472902144,78693014,20,362,32.03
19:54:05,16365985329,72717228,20,505,31.21
19:54:21,15578867294,70439854,20,481,31.23
19:54:27,6400731192,68327597,20,205,32.74
19:54:39,11687095532,61772017,20,368,31.91
19:54:53,13681940415,63165384,20,428,31.65
19:55:07,14094211320,67281472,20,443,31.82
19:55:21,13948795500,49544997,20,436,31.61
19:55:34,12858334861,53992680,20,401,31.57
19:55:45,11615654187,68847013,20,364,31.79
19:55:56,11026200481,55222695,20,349,32.07
19:56:10,13443389936,66249000,20,423,31.85
19:56:21,11316672384,65960729,20,360,32.25
19:56:32,10949061804,81319827,20,345,32.00
19:56:49,16757868954,69385156,20,514,31.01
19:57:04,14492442218,60547477,20,449,31.35
19:57:18,14805852704,73869279,20,460,31.46
19:57:35,16150663186,53465343,20,502,31.41
19:57:50,15119714436,62002039,20,471,31.50
19:58:05,14837366116,78273980,20,460,31.39
19:58:17,12559561187,62166590,20,394,31.77
19:58:29,11693594790,55914687,20,369,31.97
19:58:49,19655196126,78097595,20,600,30.84
19:59:05,16812327325,64634842,20,517,31.08
19:59:21,15201756458,76335611,20,472,31.42
19:59:36,15164101660,50748768,20,470,31.31
19:59:49,13049972275,66969091,20,409,31.75
20:00:09,19981065501,55952925,20,609,30.77
20:00:25,15966822904,60518602,20,495,31.32
20:00:41,15800524742,62022385,20,495,31.69
20:00:54,13142205414,58283393,20,417,32.10
20:01:07,12728300729,72773010,20,400,31.84
20:01:28,21207495367,52790996,20,648,30.82
20:01:44,16358073789,63400367,20,512,31.66
20:01:58,13750858978,78539246,20,431,31.76
20:02:14,16193729690,67318122,20,500,31.23
20:02:31,17021428429,73756752,20,525,31.19
20:02:41,9532583826,73417413,20,299,31.91
20:02:55,14655630702,62345208,20,456,31.49
20:03:10,14908571678,51588679,20,469,31.79
20:03:24,13405618873,59969019,20,418,31.57
20:03:39,15545925653,54223607,20,483,31.40
20:03:53,13585785144,84979454,20,425,31.71
20:04:06,12847722122,52309076,20,406,31.96
20:04:21,14660999637,68961281,20,459,31.67
20:04:33,12490554292,77975622,20,396,32.16
20:04:45,11877358454,65434008,20,372,31.76
20:04:57,11859800732,68743800,20,372,31.79
20:05:12,15288128758,52676312,20,484,31.98
20:05:33,20484654588,61671318,20,625,30.80
20:05:52,18952604969,58613303,20,587,31.27
20:06:01,9174475559,52074493,20,294,32.52
20:06:13,11575509548,72040482,20,366,32.07
20:06:27,14795986489,60381715,20,465,31.78
20:06:41,13693752691,51887462,20,428,31.61
20:06:52,11048295901,65944998,20,349,32.04
20:07:01,9307276593,66285775,20,296,32.31
20:07:15,13025663824,54135927,20,415,32.24
20:07:27,12569397294,71206578,20,393,31.69
20:07:44,17326166893,58497261,20,536,31.25
20:08:05,20385199849,71682133,20,623,30.87
20:08:16,11037372969,61300003,20,349,32.04
20:08:36,20006938221,72467727,20,611,30.85
20:08:50,13752159996,74662344,20,430,31.68
20:09:06,16134916754,63766184,20,499,31.26
20:09:20,13888675254,53117419,20,434,31.60
20:09:32,12144285549,53734923,20,384,32.00
20:09:47,15050860866,56475509,20,468,31.45
20:10:02,15229616924,77641705,20,474,31.51
20:10:24,21253243113,90924307,20,649,30.87
20:10:38,14248577132,50460117,20,441,31.27
20:10:54,16557271833,71943601,20,513,31.33
20:11:13,18237989142,66759071,20,566,31.35
20:11:27,14557904223,71264638,20,455,31.64
20:11:53,25331125288,76049508,20,760,30.27
20:12:09,16036198507,56018530,20,498,31.39
20:12:22,13603973805,52963517,20,428,31.82
20:12:32,9784394593,56633447,20,310,32.15
20:12:44,12279000082,72815395,20,386,31.90
20:12:57,12992596229,59642409,20,407,31.69
20:13:15,17694722969,76240206,20,545,31.14
20:13:31,15403794259,63259865,20,481,31.60
20:13:49,18437539755,56976416,20,568,31.12
20:14:06,16796499743,55830695,20,521,31.34
20:14:17,11494282552,77183157,20,361,31.89
20:14:28,10849832580,66213525,20,343,32.08
20:14:52,23191815381,49579362,20,704,30.60
20:15:03,11830847112,70827643,20,371,31.79
20:15:15,12095287947,52682378,20,382,31.96
20:15:32,16385585885,66985148,20,506,31.23
20:15:49,16938949209,68219649,20,522,31.14
20:16:13,23837615342,64535686,20,722,30.56
20:16:30,17452211490,68171027,20,542,31.40
20:16:46,15700717139,67930253,20,492,31.70
20:16:58,12371158610,55183845,20,388,31.75
20:17:14,15612830902,52547488,20,482,31.19
20:17:29,15191755962,54301315,20,472,31.40
20:17:36,6708543431,54670806,20,215,32.67
20:17:50,14474527995,59592301,20,452,31.58
20:18:05,14764606682,67021030,20,459,31.45
20:18:19,14054216248,65492265,20,440,31.70
20:18:32,12478730527,54162550,20,394,31.95
20:18:47,15007254693,51215833,20,472,31.78
20:19:03,16089246749,55718882,20,500,31.40
20:19:17,13879594309,54813116,20,437,31.82
20:19:28,11484689756,61214645,20,363,32.03
20:19:43,14549449517,65046747,20,456,31.71
20:19:52,8766946692,73290947,20,277,32.17
20:20:06,14398329960,72363125,20,451,31.71
20:20:20,13483903321,84597971,20,419,31.50
20:20:31,11712522329,67238202,20,373,32.29
20:20:39,7947539287,66875365,20,248,31.79
20:21:04,24591724845,65479234,20,740,30.36
20:21:16,12118925721,59795945,20,379,31.68
20:21:29,13223096595,56549827,20,412,31.52
20:21:40,10242807258,54603093,20,321,31.78
20:21:55,15171912810,86534876,20,471,31.44
20:22:10,15417541812,68328459,20,478,31.38
20:22:21,10951001381,71373751,20,347,32.15
20:22:38,17076227013,56729243,20,526,31.12
20:22:54,15818204981,52469753,20,490,31.30
20:23:10,15801025227,53955864,20,488,31.20
20:23:23,12777763477,73794524,20,400,31.74
20:23:36,13595959933,59729186,20,422,31.42
20:23:51,14614429352,78419789,20,454,31.46
20:24:02,10600197527,65737101,20,333,31.86
20:24:17,15509644558,60866467,20,484,31.55
20:24:30,12596945304,73098006,20,393,31.64
20:24:50,19832141357,70705329,20,605,30.82
20:24:58,8022896179,92876125,20,252,32.10
20:25:09,11289611583,63058269,20,355,31.89
20:25:25,15744605852,58358318,20,488,31.34
20:25:46,21045695796,60352570,20,638,30.59
20:25:56,10415232589,54270496,20,330,32.13
20:26:12,15746957338,76067135,20,491,31.55
20:26:21,9071361136,70279043,20,289,32.39
20:26:37,15441763726,58996130,20,482,31.56
20:26:52,15413607953,77526786,20,480,31.53
20:27:06,14106805952,57417090,20,442,31.70
20:27:23,16625966651,72923055,20,514,31.28
20:27:36,13085571198,61282933,20,414,32.04
20:27:49,12650368414,57334820,20,397,31.78
20:28:00,11502010180,54018026,20,362,31.86
20:28:07,6853926746,67678189,20,221,32.93
20:28:19,11508010206,54383981,20,361,31.77
20:28:32,13400440678,50167589,20,419,31.62
20:28:44,12167636316,80251135,20,381,31.77
20:28:57,12589032117,51534746,20,397,31.91
20:29:16,18954002554,70034154,20,583,31.07
20:29:31,15133106529,77643610,20,472,31.59
20:29:44,12490959117,54623138,20,392,31.76
20:29:54,10892352104,74348218,20,343,31.99
20:30:08,13687308447,59443544,20,429,31.73
20:30:25,17095627177,77686809,20,532,31.47
20:30:38,12999881723,62915834,20,406,31.61
20:30:48,9957036542,62588510,20,314,32.00
20:31:02,13527252929,56771431,20,424,31.71
20:31:13,11135317126,60847005,20,352,32.05
20:31:25,11829515095,51427852,20,373,31.93
20:31:37,11838046856,59535878,20,374,31.99
20:31:56,18970486990,61989622,20,587,31.25
20:32:14,18361144538,69189311,20,566,31.16
20:32:26,11321308977,54040803,20,358,32.05
20:32:42,16127355652,58377606,20,498,31.20
20:33:00,18584659541,62713567,20,576,31.32
20:33:14,13863972965,50230087,20,430,31.36
20:33:28,13999693760,62709833,20,436,31.52
20:33:42,14096709227,68797499,20,439,31.53
20:34:07,24918975254,71986637,20,747,30.25
20:34:21,13869227310,78033621,20,433,31.65
20:34:30,8700389308,67831784,20,277,32.39
20:34:46,15946895336,65781238,20,497,31.53
20:34:58,12078509174,54646472,20,379,31.76
20:35:10,11711139700,51622762,20,371,32.09
20:35:28,17865228675,56918907,20,553,31.26
20:35:43,15752424571,55189909,20,491,31.51
20:35:56,13043770654,55850129,20,405,31.41
20:36:07,10273197793,65505251,20,323,31.91
20:36:18,11691100692,62088468,20,364,31.56
20:36:35,16478463523,62474414,20,515,31.59
20:36:52,16932020860,64657354,20,528,31.52
20:37:07,15223893458,55737535,20,475,31.56
20:37:20,12996533487,60848843,20,407,31.72
20:37:34,13532956539,80741337,20,419,31.40
20:37:52,17831133387,68377465,20,550,31.17
20:38:07,15787108829,54299151,20,489,31.30
20:38:22,14698030040,70272438,20,461,31.74
20:38:34,12300837085,51749990,20,388,31.93
20:38:49,14706476580,56890694,20,459,31.56
20:39:01,11858526033,82762398,20,372,31.84
20:39:09,8054653231,53507451,20,259,32.70
20:39:26,17315074305,65659109,20,535,31.23
20:39:40,13708679887,71323929,20,427,31.55
20:39:56,15564024858,93621741,20,482,31.38
20:40:13,16795312200,63755001,20,520,31.30
20:40:28,15262182775,75115091,20,476,31.56
20:40:44,16120582984,71006869,20,499,31.32
20:40:59,14845790253,76679018,20,464,31.65
20:41:16,17300458660,60666773,20,537,31.36
20:41:27,10612943875,53918120,20,336,32.09
20:41:47,19882948180,67997159,20,606,30.77
20:42:01,14202675817,75390191,20,444,31.66
20:42:11,10254676294,59175357,20,325,32.14
20:42:27,15325801535,58624087,20,474,31.28
20:42:44,17456445385,61909726,20,541,31.32
20:42:57,12907615787,73011070,20,402,31.55
20:43:10,12697170211,70295189,20,400,31.92
20:43:24,14576963496,66162115,20,454,31.52
20:43:42,17191152008,64733454,20,530,31.15
20:43:54,12604641160,70509087,20,397,31.91
20:44:10,15583353542,60415692,20,484,31.40
20:44:26,15937903747,82567946,20,497,31.57
20:44:40,14359356184,79026846,20,449,31.68
20:44:53,12486181751,64686163,20,394,31.98
20:45:08,15073533419,65647556,20,471,31.61
20:45:29,21614563917,75033513,20,660,30.84
20:45:40,10797822637,65464834,20,341,32.01
20:45:54,14179890919,62970636,20,443,31.62
20:46:13,18613122301,54731548,20,571,30.98
20:46:31,17503182019,61849321,20,538,31.06
20:46:45,14078696680,57026822,20,440,31.60
20:46:57,12283991530,66831579,20,385,31.76
20:47:14,16812035572,48772638,20,519,31.17
20:47:29,15435457219,68564709,20,478,31.32
20:47:43,13862502598,64274172,20,433,31.62
20:47:56,12651035323,59562808,20,398,31.86
20:48:07,11351575147,69251148,20,358,31.99
20:48:18,10801118287,59788750,20,342,32.11
20:48:33,14342761485,66437122,20,449,31.68
20:48:47,14191855023,86831380,20,443,31.64
20:49:01,13853750676,83805817,20,431,31.55
20:49:16,15011475751,61871776,20,464,31.26
20:49:26,10116833840,52018136,20,322,32.26
20:49:39,13354661942,64622234,20,418,31.69
20:49:50,11260605001,56194286,20,355,31.95
20:50:03,12747159082,62913615,20,400,31.77
20:50:19,15919727606,72989031,20,494,31.38
20:50:32,13089610720,69002727,20,410,31.73
20:50:49,16527949904,69269050,20,512,31.33
20:51:04,15322934756,65484908,20,476,31.41
20:51:23,19030441156,63741308,20,582,30.89
20:51:38,15157025544,53026325,20,474,31.62
20:51:54,15343372303,60051915,20,473,31.17
20:52:07,13112333165,59058103,20,411,31.73
20:52:18,11451778628,77562540,20,358,31.73
20:52:32,13837938783,51720906,20,434,31.70
20:52:42,9370426346,61805635,20,298,32.32
20:52:55,13146234357,53267785,20,409,31.48
20:53:11,15796771482,55694590,20,492,31.47
20:53:21,10385301493,59798685,20,326,31.83
20:53:34,13184935237,78938998,20,407,31.30
20:53:53,18660025431,77042041,20,572,31.00
20:54:07,13738402713,56999780,20,431,31.73
20:54:19,11764803276,67960738,20,370,31.89
20:54:28,9748176607,73432765,20,312,32.53
20:54:40,11500477070,54767872,20,361,31.77
20:54:54,13997246031,65127508,20,437,31.59
20:55:05,11045455513,53542832,20,348,31.92
20:55:20,15425804592,66636641,20,483,31.67
20:55:46,26037377433,71410230,20,781,30.25
20:55:58,11246103834,56159827,20,355,31.98
20:56:13,14864690451,60440098,20,462,31.42
20:56:26,13598200773,74811260,20,428,31.89
20:56:37,11250029455,59364736,20,353,31.80
20:56:56,18370418451,59943628,20,562,30.91
20:57:13,17042389840,67685899,20,523,31.02
20:57:27,14471054599,64577374,20,451,31.53
20:57:40,12148732798,71803188,20,378,31.55
20:57:59,19189639548,61603174,20,589,31.00
20:58:19,20366194477,68228857,20,622,30.85
20:58:35,15819116071,56212396,20,492,31.43
20:58:51,16104953611,54887604,20,503,31.55
20:59:06,14600191060,54830325,20,454,31.44
20:59:17,10993321467,62092939,20,349,32.19
20:59:27,9751717914,64171512,20,310,32.29
20:59:40,13631885159,50220872,20,426,31.60
20:59:53,12822215511,54065367,20,401,31.64
21:00:11,17412855635,70660868,20,534,31.01
21:00:29,18234942179,64758573,20,561,31.08
21:00:46,17086963083,78983392,20,527,31.20
21:01:02,16100704203,73412615,20,499,31.36
21:01:15,12441959316,69894098,20,389,31.70
21:01:31,16071327522,54005924,20,497,31.25
21:01:46,15030509460,63363810,20,468,31.51
21:01:56,9870170402,72926523,20,310,31.92
21:02:06,10877583286,67476691,20,342,31.90
21:02:25,18567027347,61500634,20,571,31.06
21:02:41,15756870590,89889324,20,489,31.42
21:02:54,13340708112,50911985,20,415,31.46
21:03:02,8186237938,79705301,20,260,32.37
21:03:18,15671556934,76201578,20,485,31.33
21:03:34,15794890768,65659807,20,491,31.43
21:03:50,15551362341,49917162,20,485,31.51
21:04:07,16994186485,59480439,20,526,31.27
21:04:20,13120017744,57736639,20,412,31.79
21:04:35,15578091113,81070668,20,484,31.44
21:04:49,14118036302,54290741,20,442,31.66
21:05:05,15743422029,66138852,20,490,31.49
21:05:19,14235924050,73025484,20,446,31.72
21:05:36,16158930141,86186641,20,499,31.26
21:05:48,12211283340,59865567,20,382,31.70
21:06:06,18526124643,61571653,20,572,31.18
21:06:16,9546659166,56242551,20,304,32.30
21:06:34,17939200859,51829091,20,553,31.11
21:06:49,14950359879,65602280,20,459,31.05
21:06:59,10121576303,57951922,20,320,32.09
21:07:14,14881229453,73024606,20,465,31.65
21:07:28,14256050370,60786943,20,445,31.58
21:07:41,12784690556,59934063,20,403,31.90
21:07:53,11639773878,102712508,20,367,32.08
21:08:01,8433819089,76722213,20,268,32.36
21:08:15,13310915153,67430442,20,418,31.81
21:08:27,12775803347,61831073,20,403,31.95
21:08:44,16322871431,66549753,20,504,31.20
21:09:01,17718013324,73269455,20,542,30.91
21:09:15,13956513480,70058238,20,435,31.56
21:09:29,13908914008,55980519,20,430,31.27
21:09:41,11789749004,61932803,20,370,31.81
21:09:55,13467589579,70605553,20,420,31.60
21:10:10,15231494800,57059396,20,473,31.40
21:10:22,11828414533,68750550,20,375,32.16
21:10:36,14333327641,69546464,20,448,31.63
21:10:51,14584858532,80909156,20,457,31.73
21:11:06,14833838323,64711718,20,464,31.65
21:11:21,15218425057,63713190,20,475,31.56
21:11:33,12392517549,67830031,20,390,31.88
21:11:43,9322529189,49823601,20,298,32.42
21:11:52,9271932308,68445147,20,294,32.23
21:12:06,13901015184,71704691,20,432,31.46
21:12:20,13786674246,50870625,20,436,31.96
21:12:29,9395639994,65081852,20,298,32.21
21:12:37,8298339580,54486157,20,264,32.31
21:12:54,16321044830,60384708,20,505,31.28
21:13:07,13707129833,53420728,20,427,31.51
21:13:23,15103263191,82581132,20,471,31.58
21:13:40,17607198181,58971965,20,541,31.03
21:13:52,11725383945,68791486,20,370,32.00
21:14:07,14685438744,70524050,20,461,31.77
21:14:28,20967152801,51312893,20,642,30.89
21:14:43,15351938461,96333482,20,475,31.35
21:14:59,16377077074,80294834,20,511,31.58
21:15:15,15093416745,58139664,20,470,31.50
21:15:34,19339819812,75576579,20,591,30.89
21:15:55,20720679346,55155776,20,631,30.73
21:16:13,17839152194,53070519,20,550,31.12
21:16:32,19376873589,66562854,20,595,31.02
21:16:51,18889645045,71510328,20,576,30.81
21:17:05,14428143770,83203614,20,448,31.48
21:17:15,9744253566,73842184,20,310,32.32
21:17:29,13459155324,57573477,20,419,31.50
21:17:37,8505735427,74110183,20,268,32.09
21:17:51,13501824760,67117451,20,425,31.88
21:18:06,15180552078,52116292,20,476,31.69
21:18:19,12943571429,57871698,20,404,31.61
21:18:31,12002450205,62378846,20,379,31.98
21:18:46,15417112968,64076477,20,480,31.49
21:18:58,11913958547,75908875,20,376,32.02
21:19:09,10263631969,57787235,20,327,32.31
21:19:22,13040038027,59618022,20,410,31.83
21:19:33,11594764099,52009677,20,368,32.13
21:19:46,13105523644,56290783,20,413,31.89
21:20:00,13740452718,70719302,20,428,31.56
21:20:16,15852226974,59965922,20,495,31.56
21:20:27,11342822804,56765272,20,360,32.17
21:20:43,16037764399,54147349,20,497,31.29
21:20:58,14244871568,56460203,20,447,31.74
21:21:10,12420880504,70746354,20,388,31.67
21:21:24,14151785149,56880714,20,442,31.59
21:21:39,14196989148,77079131,20,448,31.97
21:21:55,16465222148,63221546,20,514,31.55
21:22:10,14688292609,56836277,20,456,31.40
21:22:26,16005123566,54641791,20,501,31.64
21:22:42,15869176806,50111442,20,496,31.57
21:23:06,24108492216,67661171,20,723,30.26
21:23:16,9781948634,65727237,20,308,31.98
21:23:33,17285147360,70214709,20,533,31.18
21:23:48,15137818449,54388935,20,470,31.37
21:23:59,11357635878,80705550,20,358,32.02
21:24:16,16604799972,59517666,20,516,31.40
21:24:31,14521682156,51157194,20,453,31.54
21:24:45,14412059549,67349699,20,454,31.88
21:24:59,14016992577,54395349,20,441,31.81
21:25:12,12458626724,57236732,20,389,31.62
21:25:22,10567835850,51963084,20,335,32.14
21:25:33,10501503863,61626885,20,333,32.17
21:25:45,11923990698,57704696,20,376,31.91
21:26:04,18839783002,56472312,20,576,30.86
21:26:18,14731828707,88113345,20,464,31.93
21:26:35,16321153852,70248547,20,505,31.30
21:26:48,12986024619,65704309,20,407,31.74
21:26:58,10666854314,79965733,20,336,32.00
21:27:08,9911853808,60723152,20,314,32.17
21:27:25,16496364943,57041782,20,510,31.25
21:27:36,11311698621,79910228,20,356,31.95
21:27:47,11312951836,59762922,20,357,31.98
21:28:13,25396087778,62229149,20,762,30.26
21:28:30,16743063109,60142393,20,520,31.38
21:28:48,18322707481,76462962,20,565,31.18
21:29:00,12171867265,57369949,20,382,31.78
21:29:14,13631190822,53975423,20,429,31.84
21:29:29,15198798352,92064944,20,470,31.33
21:29:47,17675559144,72037028,20,543,31.06
21:30:04,17278809263,52833955,20,534,31.20
21:30:18,14008589698,62929329,20,435,31.43
21:30:37,18675561612,59375593,20,574,31.04
21:30:48,10731361185,56511689,20,338,31.94
21:31:03,14951376907,52381335,20,469,31.71
21:31:16,13174374400,54825944,20,413,31.72
21:31:28,12499054353,72906927,20,392,31.79
21:31:37,8626936293,72567438,20,277,32.70
21:31:52,14714486980,62956935,20,458,31.49
21:32:01,8997823457,80330671,20,285,32.23
21:32:15,14502446360,70344398,20,455,31.77
21:32:29,14211112378,57469985,20,443,31.53
21:32:41,11730863102,68152149,20,368,31.80
21:32:55,14134885324,65036286,20,440,31.51
21:33:06,10257732293,56618513,20,324,32.04
21:33:09,3289737890,53827188,20,106,33.33
21:33:32,23024613992,59688439,20,694,30.41
21:33:39,6975224950,54610735,20,221,32.26
21:33:54,14927809119,56034085,20,467,31.63
21:34:06,11652844201,55996762,20,367,31.91
21:34:27,21677859466,95299752,20,659,30.72
21:34:40,12280756347,76328156,20,383,31.62
21:34:54,14269280640,59199500,20,446,31.63
21:35:08,14450740149,57850378,20,453,31.72
21:35:22,13067796159,59739628,20,410,31.78
21:35:38,16434861655,65328066,20,510,31.36
21:35:50,11978398797,64138410,20,376,31.81
21:36:08,18076773960,65074412,20,556,31.07
21:36:17,9295803402,80804848,20,297,32.53
21:36:26,8777261581,65357646,20,278,32.21
21:36:41,15128289640,58221720,20,470,31.41
21:37:05,23611935154,59861728,20,713,30.45
21:37:18,13319637856,68725578,20,417,31.71
21:37:37,18419356219,56843698,20,566,31.04
21:37:50,13619925222,68614736,20,425,31.59
21:38:06,15813822361,55407555,20,494,31.56
21:38:28,21196703040,73990287,20,645,30.74
21:38:45,17071302578,53182361,20,529,31.30
21:39:00,14864508377,71989902,20,460,31.31
21:39:11,11500052473,73411789,20,363,32.03
21:39:24,13389176489,58997778,20,423,31.97
21:39:38,13186259031,66983544,20,414,31.82
21:39:53,15619910396,64011261,20,485,31.41
21:40:05,11702864284,57847819,20,369,31.94
21:40:18,13374014351,62179772,20,418,31.64
21:40:35,16722722655,68352509,20,517,31.25
21:40:53,17440563792,56650294,20,540,31.28
21:41:10,16858775667,53906287,20,522,31.27
21:41:22,12499265141,75225754,20,392,31.79
21:41:36,13897351947,75924770,20,434,31.63
21:41:51,15331078091,61085664,20,477,31.46
21:42:08,16751657968,65773479,20,519,31.32
21:42:25,16635289905,56980392,20,520,31.59
21:42:45,20014749490,58437929,20,612,30.87
21:42:58,12987562980,54743991,20,407,31.72
21:43:14,15791209765,66959412,20,492,31.49
21:43:24,10815756353,53572934,20,345,32.33
21:43:37,12750451266,53398771,20,403,32.00
21:43:55,17458747743,56756053,20,540,31.25
21:44:11,16499276725,54391441,20,509,31.15
21:44:30,18815173335,65016484,20,581,31.20
21:44:33,3310851187,81551489,20,105,33.12
21:44:46,12259527258,68590722,20,384,31.73
21:45:02,15850047564,59490215,20,491,31.31
21:45:15,12938395489,55613783,20,406,31.76
21:45:25,10575895873,64377288,20,336,32.24
21:45:42,16750432279,61128951,20,516,31.14
21:46:02,19581564664,66869360,20,604,31.15
21:46:19,17046908286,60508699,20,528,31.29
21:46:29,10092637027,51604257,20,321,32.26
21:46:46,17107480276,68633548,20,528,31.20
21:46:59,12899085544,76899724,20,408,32.07
21:47:10,11419092976,61798704,20,363,32.23
21:47:28,18034218143,61394826,20,557,31.20
21:47:41,12690339721,66614942,20,396,31.62
21:47:53,11615759517,58214698,20,366,31.93
21:48:07,14196687022,61139489,20,439,31.31
21:48:18,10832202555,62873168,20,342,32.02
21:48:33,15160205035,84280285,20,473,31.61
21:48:49,15569444854,54586063,20,484,31.42
21:49:01,12506941260,57508719,20,387,31.33
21:49:19,18379162007,62272277,20,563,30.95
21:49:32,12744269643,51426591,20,400,31.74
21:49:48,15999794075,64739558,20,497,31.41
21:50:04,16192687079,66360521,20,500,31.23
21:50:18,13678838795,65573412,20,430,31.82
21:50:32,13758628773,69050758,20,427,31.44
21:50:51,18688295587,86904649,20,576,31.16
21:51:02,11360808046,70086112,20,364,32.52
21:51:17,15296650532,64753683,20,479,31.67
21:51:30,12435761766,54671523,20,392,31.92
21:51:44,13997157158,90914305,20,437,31.64
21:51:59,14611175384,56914949,20,453,31.34
21:52:12,13241012557,87148401,20,414,31.72
21:52:26,13931435624,58275293,20,436,31.66
21:52:42,15915220711,75050410,20,493,31.34
21:52:55,13567785991,56595114,20,424,31.64
21:53:09,14112470226,50791432,20,438,31.37
21:53:25,15473826802,62407977,20,484,31.63
21:53:39,13738107958,58945133,20,429,31.61
21:53:52,12941960149,67041445,20,405,31.69
21:54:12,20141262355,68526932,20,616,30.89
21:54:27,14850834872,78503950,20,465,31.71
21:54:45,17945819267,53834383,20,556,31.28
21:55:03,17953038776,61487234,20,552,31.06
21:55:18,14921434759,60965646,20,465,31.52
21:55:31,13847682260,59577938,20,432,31.57
21:55:43,11831882377,72199906,20,369,31.61
21:55:54,10499988361,58593872,20,328,31.69
21:56:11,17011828787,69775719,20,526,31.27
21:56:22,10929329296,56938619,20,345,32.00
21:56:41,18956938187,58491978,20,585,31.16
21:57:04,22999916339,53430033,20,695,30.48
21:57:18,14426697519,62335232,20,449,31.50
21:57:29,10311642390,85019119,20,325,32.05
21:57:36,7545684449,83267254,20,242,32.74
21:57:52,15568679342,70102137,20,488,31.70
21:58:07,14907536301,55214453,20,467,31.68
21:58:16,9356278974,63838960,20,295,32.03
21:58:27,11033946349,66512429,20,346,31.83
21:58:37,9930552550,61854943,20,315,32.20
21:58:52,14909245323,54741290,20,465,31.52
21:59:06,14325106431,57679889,20,445,31.42
21:59:17,10883610731,65880041,20,340,31.68
21:59:34,16781258419,61952461,20,518,31.20
21:59:45,11285678959,74249334,20,355,31.92
22:00:00,14631602432,76118566,20,453,31.34
22:00:11,11366807944,52212791,20,361,32.17
22:00:32,20737748489,79581119,20,638,31.07
22:00:51,18249702054,78767372,20,567,31.41
22:01:04,13727631210,67635770,20,429,31.63
22:01:20,15271669369,63039814,20,475,31.47
22:01:31,11392037082,60482087,20,361,32.11
22:01:45,14369623892,56923364,20,451,31.76
22:01:53,7895663544,52173792,20,251,32.30
22:02:14,21065904678,67297259,20,646,30.96
22:02:31,16503183952,68887162,20,512,31.37
22:02:46,15249253674,64176123,20,476,31.58
22:03:00,14230710658,49520511,20,442,31.39
22:03:24,23835900382,62161573,20,719,30.44
22:03:39,14221058963,81215442,20,443,31.57
22:03:51,12156366517,59589237,20,380,31.66
22:04:07,15788890303,81561900,20,489,31.36
22:04:18,11323864683,57380553,20,357,31.96
22:04:30,12122155746,64474793,20,379,31.68
22:04:37,6765169718,56114006,20,217,32.68
22:04:53,16506605142,68600260,20,507,31.06
22:05:08,14504478187,69932645,20,455,31.77
22:05:25,16816365383,53216809,20,523,31.41
22:05:37,12455090932,73507130,20,391,31.84
22:05:55,17806854592,71709886,20,549,31.17
22:06:12,16655449785,81133383,20,514,31.22
22:06:27,15571123139,55822436,20,478,31.03
22:06:40,12393176014,55899795,20,388,31.69
22:06:52,12290874784,64993530,20,388,31.98
22:07:08,15424483683,55091764,20,480,31.45
22:07:23,15080726632,51732532,20,467,31.30
22:07:40,17163595098,68325457,20,530,31.23
22:07:57,17444521757,52208300,20,539,31.21
22:08:15,17605716268,58085471,20,539,30.92
22:08:32,16863578414,60946516,20,521,31.23
22:08:51,19473602853,72753962,20,594,30.80
22:09:06,14382346963,64207624,20,452,31.80
22:09:17,11687974524,63254323,20,367,31.83
22:09:32,14820832757,65009737,20,465,31.74
22:09:45,12732210240,80840355,20,400,31.87
22:09:58,12814551208,61596208,20,400,31.62
22:10:12,13731557116,63786187,20,427,31.46
22:10:26,14513234577,77815567,20,453,31.61
22:10:39,12352966479,61437021,20,390,31.99
22:11:04,25256297515,51988040,20,766,30.57
22:11:15,11472775691,57136914,20,361,31.89
22:11:30,14172020412,74374880,20,441,31.52
22:11:41,10983989219,70680914,20,349,32.25
22:12:03,22139003733,66967217,20,674,30.72
22:12:15,11985149577,57401348,20,379,32.03
22:12:27,12369117141,58526681,20,392,32.10
22:12:43,16331277454,77828681,20,504,31.22
22:12:55,11739302873,58361026,20,371,32.01
22:13:05,10070531986,80470489,20,316,31.91
22:13:22,16724799622,50169862,20,518,31.28
22:13:34,11693945719,64679499,20,366,31.74
22:13:43,9548344142,58433110,20,303,32.19
22:13:56,12287851199,57361291,20,387,31.90
22:14:09,13128819766,50317616,20,415,31.97
22:14:25,16653936105,64080528,20,521,31.63
22:14:37,11036670369,65310308,20,351,32.26
22:14:54,16977111654,52670887,20,527,31.35
22:15:05,11584569783,74209900,20,363,31.78
22:15:17,12012742932,80550572,20,378,31.92
22:15:35,17472706249,61773471,20,538,31.11
22:15:48,13519043366,66515640,20,423,31.68
22:16:03,14949841210,68079897,20,466,31.55
22:16:17,14081821450,51074803,20,441,31.68
22:16:33,15307084582,63678674,20,475,31.39
22:16:46,12969142767,53010071,20,409,31.90
22:16:58,11989680948,57247132,20,379,32.01
22:17:15,17468474830,74059646,20,539,31.19
22:17:28,12622816640,67799952,20,399,32.04
22:17:40,12525835264,61953356,20,394,31.87
22:17:53,12766112349,53063727,20,402,31.87
22:18:06,12852924881,60657438,20,404,31.81
22:18:20,14327357574,55577633,20,450,31.75
22:18:38,17504644225,77012024,20,539,31.13
22:18:52,13803331471,55626689,20,434,31.81
22:19:01,9710453604,55385520,20,312,32.60
22:19:17,15865485892,76249078,20,494,31.50
22:19:35,17580903198,56468233,20,543,31.20
22:19:48,12972981072,67089036,20,409,31.95
22:20:11,22900492892,58018518,20,695,30.61
22:20:25,14116724067,76190312,20,442,31.73
22:20:42,17275109893,58870070,20,535,31.28
22:20:52,9962816433,54016177,20,316,32.17
22:21:06,13846321435,70887380,20,433,31.67
22:21:18,12039228712,83227003,20,379,31.95
22:21:34,15910903184,68109324,20,493,31.34
22:21:48,13943796960,61555048,20,438,31.78
22:21:56,8254625000,78736343,20,262,32.34
22:22:14,17806296191,56349866,20,547,31.02
22:22:29,14329418339,70755771,20,452,31.94
22:22:51,22203870930,79082813,20,676,30.75
22:23:05,13975717708,54697720,20,436,31.54
22:23:18,13366200338,65348696,20,418,31.66
22:23:31,13006936438,56120626,20,406,31.59
22:23:44,13088979227,73318527,20,415,32.12
22:23:59,14295106265,60948422,20,445,31.49
22:24:18,18763277327,83568393,20,580,31.26
22:24:31,13261474889,62459449,20,419,32.00
22:24:45,14535491018,71627034,20,453,31.54
22:24:58,12938888439,58667565,20,407,31.84
22:25:18,19327664174,60113011,20,592,30.92
22:25:32,14068345191,53723264,20,440,31.63
22:25:43,11141259427,79392073,20,349,31.81
22:25:55,12339344733,69156941,20,385,31.63
22:26:06,10336271423,65670917,20,328,32.22
22:26:23,17696842033,49077288,20,549,31.31
22:26:37,13254236728,54445857,20,416,31.75
22:26:52,15671851511,49672052,20,489,31.52
22:27:09,16453410084,57867670,20,513,31.51
22:27:23,14275536546,58426260,20,445,31.53
22:27:38,14931279131,60215054,20,463,31.36
22:27:56,18106163601,69151459,20,556,31.04
22:28:09,12612284558,52959311,20,398,31.94
22:28:24,15592799003,83480697,20,484,31.42
22:28:39,14603922784,69163579,20,459,31.80
22:28:58,18471071138,50163386,20,573,31.31
22:29:11,13258325095,64443061,20,419,32.00
22:29:24,12681504457,54975549,20,400,31.92
22:29:37,13534196782,52388297,20,424,31.68
22:29:56,18934837634,78510011,20,586,31.28
22:30:12,15487821942,53987998,20,482,31.46
22:30:32,20728538108,77239409,20,636,30.99
22:30:47,14768881073,72620830,20,460,31.52
22:31:00,12872130598,64092135,20,406,31.96
22:31:10,9937386109,59358337,20,312,31.86
22:31:23,13008560004,60947683,20,409,31.82
22:31:40,16869679987,86328082,20,524,31.45
22:31:54,13778936976,74894571,20,428,31.47
22:32:08,14424503970,61370238,20,449,31.50
22:32:27,18471819682,52566605,20,571,31.21
22:32:42,14987944795,71676064,20,466,31.46
22:32:59,16819291712,63739249,20,520,31.25
22:33:11,12657897005,53393468,20,396,31.65
22:33:19,8078834264,52450990,20,255,32.07
22:33:33,13535747340,97229055,20,423,31.70
22:33:50,17219894575,61041435,20,535,31.39
22:33:58,8031026545,79998339,20,253,32.14
22:34:15,16515386007,59608940,20,512,31.33
22:34:26,10732062852,54320936,20,340,32.10
22:34:41,15568112572,57530072,20,481,31.23
22:34:59,18268190874,60560687,20,563,31.13
22:35:14,14994990980,78933618,20,465,31.41
22:35:26,11824268475,57570790,20,371,31.79
22:35:37,10685693323,62887380,20,340,32.28
22:35:48,11226321322,57484244,20,357,32.22
22:36:10,22160086154,82208650,20,670,30.53
22:36:23,12930067453,56043761,20,405,31.71
22:36:38,14235395061,56448143,20,448,31.81
22:36:53,14798560172,64768381,20,463,31.64
22:37:09,16767061259,51279068,20,518,31.20
22:37:23,14089386209,65977026,20,442,31.75
22:37:42,18299181002,65233767,20,569,31.41
22:38:07,25481681552,57202149,20,764,30.23
22:38:26,18234395481,53805182,20,565,31.28
22:38:36,10793062742,81359035,20,339,31.92
22:38:52,15604336437,66835114,20,482,31.25
22:39:10,17671442212,66477191,20,548,31.35
22:39:25,15653631126,62014359,20,486,31.39
22:39:42,16645032300,59603800,20,515,31.26
22:40:00,18235876331,78166608,20,564,31.28
22:40:17,16380281639,70897804,20,506,31.25
22:40:28,11626989211,54708188,20,370,32.22
22:40:40,11286295524,56826545,20,356,31.95
22:40:51,11257815215,92230184,20,355,32.03
22:41:04,12615542054,57502168,20,396,31.78
22:41:16,12391608197,63129728,20,391,31.97
22:41:27,11299632227,61887283,20,354,31.77
22:41:43,15650051241,73337957,20,485,31.37
22:41:58,14869784405,73172498,20,460,31.31
22:42:17,18630229724,95478144,20,570,30.96
22:42:35,18023714834,58158232,20,553,30.98
22:42:46,11496942259,60699443,20,362,31.92
22:43:09,23070574790,66603475,20,698,30.53
22:43:21,11302095419,66506798,20,355,31.86
22:43:35,14527037715,53226447,20,455,31.66
22:43:49,13565342904,65500681,20,426,31.79
22:44:03,14292890063,58434350,20,446,31.56
22:44:17,14200461138,70030444,20,449,32.02
22:44:29,11474924625,62407898,20,362,31.97
22:44:44,14825391694,64801156,20,462,31.53
22:44:57,13908674713,71615503,20,427,31.09
22:45:10,12839757144,54016013,20,400,31.52
22:45:24,13642706587,59959882,20,425,31.52
22:45:35,10527416609,69047702,20,333,32.11
22:45:49,14703740662,82271015,20,456,31.42
22:45:56,6289104979,56342709,20,200,32.41
22:46:05,9454461117,58470336,20,301,32.33
22:46:19,13455622122,63402800,20,424,31.90
22:46:39,19968512094,75726699,20,611,30.92
22:46:53,13901289169,75663728,20,431,31.41
22:47:08,15913033350,64302600,20,501,31.84
22:47:23,14762347459,81226634,20,462,31.70
22:47:33,9960677816,72041915,20,316,32.24
22:47:52,18659876378,61525279,20,574,31.07
22:48:03,11458905235,77969855,20,364,32.24
22:48:18,14573076962,89252082,20,453,31.52
22:48:33,14836151824,65010453,20,461,31.44
22:48:50,16823233181,66810477,20,520,31.25
22:49:00,10347216463,62856252,20,323,31.66
22:49:09,8625717853,72714257,20,275,32.46
22:49:24,15615822835,63672709,20,482,31.21
22:49:43,18731896122,50888016,20,579,31.19
22:49:52,9343099262,59460206,20,297,32.28
22:50:09,16422029219,50029239,20,507,31.18
22:50:22,13017028916,73851464,20,407,31.69
22:50:32,10222361711,70106718,20,320,31.80
22:50:46,14064548639,69030511,20,438,31.53
22:51:03,16815350313,56115463,20,518,31.11
22:51:19,15425459866,65041752,20,476,31.21
22:51:34,15751669113,73310880,20,490,31.49
22:51:47,12804405941,73503187,20,403,31.90
22:52:00,13145424045,67088100,20,416,32.07
22:52:13,12364299864,64428252,20,389,31.91
22:52:29,16326598900,64134343,20,512,31.70
22:52:43,13984259157,61835081,20,435,31.47
22:52:59,15829209932,79636502,20,488,31.20
22:53:12,13473435721,57647406,20,419,31.48
22:53:27,14121177798,59707778,20,440,31.54
22:53:37,10136920479,88882082,20,320,32.12
22:53:53,16500132540,61355684,20,510,31.23
22:54:07,13386420867,72209765,20,415,31.41
22:54:24,17237359173,70889094,20,531,31.16
22:54:37,12983444523,57907217,20,408,31.80
22:54:52,14948116962,60342328,20,467,31.59
22:55:05,13425009439,54713138,20,424,31.95
22:55:21,15280478820,76387065,20,475,31.45
22:55:31,10359685029,71683357,20,328,32.15
22:55:42,11008930177,85160032,20,349,32.25
22:56:01,19306087845,51373846,20,593,31.01
22:56:15,13498002417,60526495,20,421,31.55
22:56:31,15740562370,84263078,20,489,31.46
22:56:45,14075784753,55974391,20,441,31.70
22:57:01,16395343812,59629737,20,511,31.50
22:57:14,12367049254,58161134,20,386,31.58
22:57:31,16946498318,81393698,20,521,31.10
22:57:49,18813430654,71887530,20,575,30.89
22:58:03,13196911203,56553733,20,410,31.44
22:58:22,19178851003,57338321,20,591,31.10
22:58:34,12201473319,63082405,20,383,31.81
22:58:51,16328932698,58283740,20,500,30.95
22:59:06,15729251295,65815006,20,487,31.31
22:59:20,13642553890,69245556,20,428,31.77
22:59:37,16588324594,77245376,20,512,31.23
22:59:50,13201704465,67356301,20,414,31.77
23:00:04,14326200395,57165738,20,448,31.63
23:00:18,14221456814,57646728,20,444,31.57
23:00:33,14599510739,54880688,20,459,31.78
23:00:43,9799265041,71964120,20,310,32.15
23:00:55,11844834983,99895450,20,370,31.75
23:01:11,16690396510,84087514,20,514,31.17
23:01:28,16334414899,56706090,20,505,31.25
23:01:46,18242574423,59258828,20,564,31.22
23:01:58,12098988932,72189437,20,377,31.60
23:02:16,18180093847,66238496,20,566,31.46
23:02:30,13568934430,77059787,20,429,32.03
23:02:46,16506370940,49237888,20,511,31.27
23:02:59,12903074712,64374053,20,402,31.55
23:03:02,2367592128,53022805,20,75,33.03
23:03:14,11902090207,81702825,20,374,31.88
23:03:27,13036390993,57720948,20,409,31.75
23:03:42,14827788005,55175199,20,462,31.51
23:03:57,15564863341,85102022,20,484,31.48
23:04:15,17896829472,61440392,20,554,31.26
23:04:28,12457638227,81970469,20,389,31.67
23:04:40,12396856604,58391268,20,391,31.91
23:04:56,16031690405,78739249,20,496,31.31
23:05:10,13752792881,73729589,20,428,31.51
23:05:21,11175786900,69197852,20,354,32.15
23:05:36,14991004871,62238209,20,465,31.37
23:05:50,14014250613,54926489,20,436,31.48
23:06:04,13824789456,67500700,20,433,31.72
23:06:22,17919279761,58883520,20,552,31.11
23:06:37,15424304006,78793906,20,483,31.71
23:06:52,14368686380,77534492,20,449,31.66
23:07:08,15914797672,63006317,20,497,31.57
23:07:21,13267711635,65152860,20,417,31.83
23:07:33,12189639330,53931732,20,384,31.89
23:07:45,11626395953,72126730,20,364,31.76
23:08:04,18667439562,60153351,20,576,31.16
23:08:07,3255621915,78001827,20,104,33.33
23:08:17,10144465653,55533349,20,322,32.20
23:08:31,14371408481,58493670,20,448,31.52
23:08:44,12098261850,90840344,20,379,31.82
23:08:57,13303562135,71525165,20,416,31.68
23:09:14,16807080402,74967567,20,518,31.18
23:09:27,12999419097,73797137,20,410,31.98
23:09:36,8831451548,54169665,20,280,32.22
23:09:45,9643015431,49198369,20,307,32.28
23:09:56,11102508637,83602601,20,349,31.95
23:10:10,13143175483,87069856,20,408,31.50
23:10:26,16637871899,52681366,20,516,31.32
23:10:41,14607675891,52713663,20,455,31.48
23:10:56,15394906893,81413045,20,479,31.51
23:11:14,17662466334,57171842,20,544,31.12
23:11:25,10790175720,56104719,20,341,32.01
23:11:39,14626384233,70904563,20,457,31.62
23:11:54,14685912373,75141685,20,459,31.65
23:12:15,20312803306,52084274,20,621,30.84
23:12:31,16482136903,70869643,20,514,31.53
23:12:41,10417008716,52296090,20,328,31.90
23:12:56,14207159475,78249940,20,440,31.38
23:13:10,14636206213,75854886,20,458,31.69
23:13:23,12407701942,58657973,20,387,31.56
23:13:41,18325943099,56114899,20,565,31.12
23:13:55,13939725330,52198963,20,432,31.34
23:14:10,15358469907,51502942,20,477,31.40
23:14:27,16707366418,59053882,20,517,31.27
23:14:43,15860105857,81236650,20,492,31.39
23:14:58,15293350882,55551158,20,472,31.19
23:15:14,15488491141,74871442,20,481,31.43
23:15:29,15067154865,64804898,20,468,31.43
23:15:45,15934848651,64561862,20,494,31.36
23:16:05,19496983894,58887473,20,595,30.81
23:16:16,11853780448,65015952,20,373,31.90
23:16:31,14346864603,50886076,20,446,31.43
23:16:42,10827629770,55724282,20,342,32.02
23:16:55,13618826306,59941824,20,428,31.79
23:17:08,12704410507,50674280,20,399,31.76
23:17:22,14375207606,64173671,20,450,31.69
23:17:39,16668025050,57921166,20,518,31.41
23:17:53,13977823322,80204602,20,437,31.68
23:18:09,15743042950,75763567,20,491,31.57
23:18:23,14061541655,63534997,20,440,31.67
23:18:34,10690044656,71392616,20,338,32.09
23:18:46,11966004504,56267480,20,375,31.72
23:19:03,17469412126,52315397,20,539,31.15
23:19:14,10361420432,71676080,20,328,32.15
23:19:30,16126162567,78844796,20,499,31.32
23:19:45,15251554999,78242265,20,475,31.54
23:19:54,8926400088,58432467,20,285,32.46
23:20:09,15486338753,69613053,20,478,31.22
23:20:13,4020660981,65553352,20,129,33.16
23:20:28,14198940354,51836033,20,444,31.60
23:20:42,14722339162,69789213,20,456,31.36
23:20:58,15571251656,49890888,20,485,31.47
23:21:15,16561843565,59883256,20,513,31.29
23:21:27,12423591263,69429395,20,387,31.56
23:21:41,14144346377,58737774,20,442,31.61
23:21:54,12343112942,53415133,20,389,31.91
23:22:09,15138092267,52539232,20,469,31.30
23:22:24,15529167156,71102766,20,482,31.42
23:22:34,9594904324,55481674,20,302,31.95
23:22:51,17486034544,56396390,20,539,31.13
23:23:08,17003832230,64327518,20,523,31.09
23:23:23,14814570542,77442696,20,462,31.57
23:23:35,11868406645,56578216,20,369,31.48
23:23:51,15279111076,59767279,20,475,31.43
23:24:05,14844547250,56377141,20,461,31.40
23:24:22,16532653877,50775384,20,515,31.45
23:24:37,15371293427,66843343,20,478,31.46
23:24:53,15323204891,75519644,20,478,31.57
23:25:03,10324486147,60426271,20,325,31.95
23:25:19,16378630343,56817874,20,507,31.27
23:25:36,16701476819,55482091,20,514,31.09
23:25:53,16673495431,66543458,20,514,31.17
23:26:03,10253416719,55264819,20,320,31.65
23:26:16,12590825522,53300688,20,399,32.07
23:26:32,15756839741,89134473,20,490,31.51
23:26:47,15073918178,60531095,20,475,31.87
23:26:59,11994591521,59358530,20,377,31.84
23:27:19,19987787215,61777385,20,607,30.67
23:27:37,18442680651,67834587,20,571,31.28
23:27:53,15961831670,54972792,20,495,31.34
23:28:09,16136415994,57852964,20,497,31.14
23:28:19,10114824659,53759831,20,320,32.09
23:28:34,14050305450,54496457,20,439,31.60
23:28:45,10993838443,49134817,20,345,31.76
23:28:55,9990301094,71123307,20,316,32.14
23:29:06,10981149736,61944971,20,347,32.07
23:29:24,18198543954,74205832,20,557,30.94
23:29:42,18035845437,52629698,20,552,30.90
23:29:56,14270918444,65852495,20,442,31.34
23:30:07,10911702569,87846189,20,346,32.24
23:30:20,13105825222,55433163,20,410,31.66
23:30:40,19860907162,61389398,20,603,30.65
23:30:55,15045440289,77334076,20,467,31.42
23:31:11,15499193759,66081910,20,485,31.67
23:31:29,18002293936,54682442,20,555,31.12
23:31:42,13653967402,58764745,20,428,31.72
23:31:55,13045244082,64746775,20,408,31.67
23:32:09,13264229490,60290418,20,416,31.75
23:32:20,10909616303,69683977,20,342,31.81
23:32:30,10277768489,70946637,20,329,32.50
23:32:46,16483789882,68235295,20,513,31.47
23:32:59,12350646678,72315808,20,390,32.01
23:33:13,14227269126,68481912,20,439,31.24
23:33:25,11609091102,53986577,20,361,31.50
23:33:39,14458255963,63424141,20,450,31.51
23:33:59,19930539492,62310733,20,607,30.76
23:34:17,17477691950,80333598,20,543,31.44
23:34:32,14980216329,65530704,20,467,31.53
23:34:47,14770848947,60690925,20,460,31.50
23:35:04,17463719867,59534955,20,537,31.05
23:35:19,14970985369,62681999,20,464,31.35
23:35:35,16114796133,61237636,20,501,31.43
23:35:54,18666249735,78321829,20,572,30.96
23:36:11,17580022660,64137641,20,538,30.93
23:36:22,10485606336,51119733,20,331,32.01
23:36:38,15571708911,60143331,20,483,31.36
23:36:50,12487366234,54426324,20,389,31.52
23:37:08,18310160293,61893799,20,561,30.96
23:37:26,17889823765,60431115,20,556,31.41
23:37:42,15518946580,67233295,20,485,31.61
23:37:58,16056322052,71593436,20,497,31.31
23:38:06,7700466790,59381352,20,246,32.53
23:38:22,16217957484,77632417,20,506,31.58
23:38:35,12608392162,75446371,20,397,31.93
23:38:55,20611979317,75696154,20,628,30.78
23:39:07,11408196162,56647942,20,360,32.00
23:39:21,14708258755,53795896,20,459,31.54
23:39:34,12622728952,69823552,20,399,32.04
23:39:52,17880251230,56499004,20,550,31.07
23:40:02,10102982283,61720529,20,319,32.06
23:40:15,12595654375,77299439,20,396,31.88
23:40:28,12955897561,68137071,20,403,31.53
23:40:40,12784439740,53627371,20,405,32.04
23:40:54,13668396271,79908225,20,430,31.87
23:41:10,15618439277,56631822,20,489,31.63
23:41:21,11360400590,55473988,20,357,31.84
23:41:36,14779060258,55218164,20,462,31.60
23:41:51,14499804749,63046514,20,454,31.68
23:42:03,12627371504,68201138,20,394,31.62
23:42:18,14613049585,83700646,20,454,31.48
23:42:30,12288324716,84056001,20,387,31.95
23:42:45,14538007693,59626578,20,454,31.59
23:42:58,12991491570,70566271,20,405,31.59
23:43:10,12658961593,72880941,20,392,31.41
23:43:31,20103838274,52468816,20,611,30.67
23:43:45,14728451717,62182459,20,457,31.38
23:43:55,10196350071,66250090,20,321,31.97
23:44:07,11696861227,66104355,20,369,32.00
23:44:21,13994528426,67759145,20,437,31.62
23:44:38,17081966963,60124793,20,531,31.42
23:44:56,17362546204,50860529,20,537,31.23
23:45:09,13749389837,68015516,20,428,31.51
23:45:22,12473024267,64641201,20,391,31.76
23:45:34,12337654062,59611144,20,385,31.60
23:45:48,13991467563,66581633,20,438,31.69
23:46:02,13927918245,85442674,20,436,31.73
23:46:18,15981025481,55895911,20,500,31.62
23:46:36,17262850595,56920331,20,532,31.12
23:46:45,9120208847,62439426,20,289,32.21
23:46:57,11799821070,59029280,20,372,31.93
23:47:13,15980325720,63130798,20,498,31.51
23:47:28,15153840982,59053259,20,477,31.84
23:47:44,15724734009,76480899,20,491,31.59
23:48:03,19034640730,66811816,20,589,31.24
23:48:13,10467799257,55220130,20,334,32.36
23:48:31,18374164921,51596543,20,565,31.04
23:48:42,10244792211,64800136,20,322,31.91
23:48:55,13547276085,74896863,20,424,31.71
23:49:10,14187906763,56170099,20,443,31.57
23:49:23,13645760370,64345188,20,430,31.89
23:49:40,16792733423,56618676,20,523,31.46
23:49:52,11815224631,58033801,20,370,31.73
23:50:02,9946030528,60520313,20,316,32.24
23:50:21,19330665007,69404025,20,592,30.94
23:50:34,12488393522,78381272,20,392,31.84
23:50:53,19107315030,54591704,20,588,31.06
23:51:11,17667262173,58094179,20,545,31.16
23:51:23,12246825029,58473605,20,384,31.76
23:51:35,11783549871,85970596,20,373,32.15
23:51:47,12005569375,65065889,20,377,31.84
23:52:06,19630285155,55066589,20,604,31.05
23:52:16,9613322535,64987550,20,307,32.45
23:52:32,16169767630,75795154,20,504,31.53
23:52:49,17049116381,66060775,20,527,31.25
23:53:04,14288091460,65346762,20,444,31.44
23:53:18,13993383964,66571664,20,435,31.45
23:53:24,6420215267,54062233,20,204,32.38
23:53:38,13755620142,81737936,20,430,31.68
23:53:54,16310597776,65494582,20,507,31.43
23:54:10,15909898382,52988195,20,492,31.23
23:54:25,14697473437,65621499,20,459,31.61
23:54:36,11433491496,53650182,20,360,31.88
23:54:47,10889041192,62683529,20,346,32.24
23:55:06,19289980518,55030400,20,591,30.92
23:55:21,14882219243,56599079,20,465,31.58
23:55:39,17172135824,57516944,20,533,31.37
23:55:53,14607515592,58518006,20,454,31.44
23:56:07,14016656926,57300423,20,438,31.62
23:56:26,19095366562,53624482,20,589,31.14
23:56:44,17517662772,86197985,20,540,31.19
23:57:01,16817109213,60283511,20,521,31.31
23:57:16,15452499053,70872271,20,479,31.36
23:57:29,12501757301,66671474,20,391,31.68
23:57:41,12702929681,52046484,20,399,31.76
23:57:57,15032276758,55114885,20,473,31.80
23:58:07,10416765532,83982730,20,329,32.12
23:58:22,14959106980,73261740,20,466,31.55
23:58:38,16057284147,54759272,20,497,31.27
23:58:49,10817701030,105483913,20,337,31.73
23:58:59,9856677745,68449740,20,312,32.16
23:59:13,13825602469,61722660,20,433,31.69
23:59:26,13327750462,77228633,20,419,31.86
23:59:41,15113314527,54519626,20,471,31.50
23:59:54,12668039067,60754134,20,398,31.84
00:00:09,14896544658,51088298,20,465,31.54
00:00:23,14180935892,63960399,20,440,31.40
00:00:34,10595370616,71634838,20,336,32.21
00:00:48,14137528906,61518010,20,444,31.78
00:01:02,14002983654,66107262,20,436,31.52
00:01:18,16530008785,83304402,20,509,31.16
00:01:41,22347906171,71420560,20,680,30.71
00:01:54,13120032780,57796755,20,412,31.79
00:02:09,15424089904,55830228,20,477,31.25
00:02:23,14031977954,66782222,20,440,31.74
00:02:37,13223261710,68248213,20,417,31.95
00:02:47,10674954577,51154822,20,340,32.25
00:03:02,14333535326,58222291,20,452,31.89
00:03:16,14218310715,55156225,20,447,31.79
00:03:32,16113745022,49128087,20,498,31.22
00:03:43,10629928765,66932296,20,335,31.99
00:03:53,10605539358,60451426,20,332,31.77
00:04:06,12989175707,61503989,20,406,31.64
00:04:17,10850730423,80916583,20,345,32.30
00:04:35,17306168907,65938054,20,540,31.54
00:04:49,14472119457,50328487,20,451,31.51
00:05:04,15088119166,61165565,20,471,31.56
00:05:19,15231856965,50766919,20,476,31.58
00:05:30,10873923134,63180511,20,341,31.80
00:05:49,18985960740,54656813,20,576,30.63
00:06:06,16907784760,59056493,20,521,31.14
00:06:16,9472353395,68655396,20,299,32.08
00:06:28,12365718593,50086957,20,388,31.75
00:06:43,14732478150,63507921,20,457,31.38
00:07:02,19330041849,78337146,20,594,31.06
00:07:16,13844086132,82160015,20,435,31.86
00:07:30,14305421523,52986248,20,449,31.75
00:07:51,20015851204,53565373,20,609,30.71
00:08:03,12177473173,85969644,20,382,31.85
00:08:13,10298330266,59793499,20,327,32.21
00:08:36,22868654875,92182695,20,692,30.56
00:08:52,16141597123,66415267,20,501,31.39
00:09:02,9685389472,70601673,20,304,31.89
00:09:13,11226645242,64254075,20,356,32.18
00:09:28,15010894954,65251905,20,467,31.49
00:09:46,17601190642,54559741,20,546,31.32
00:10:02,15869938165,59984557,20,490,31.21
00:10:26,24419031380,52759090,20,734,30.31
00:10:38,12116784761,80730907,20,380,31.79
00:10:56,18000596734,62256224,20,554,31.08
00:11:11,14852815626,74836081,20,462,31.49
00:11:26,15079098664,56159066,20,472,31.65
00:11:42,15557355815,63180897,20,483,31.38
00:11:58,16018087749,57111061,20,498,31.43
00:12:14,16430986048,61296139,20,506,31.13
00:12:26,11780771510,81051469,20,366,31.55
00:12:44,18222439744,59172600,20,559,30.98
00:12:59,14135463118,52872028,20,447,31.97
00:13:12,13965033864,81842413,20,435,31.59
00:13:25,12490753308,52370665,20,388,31.44
00:13:37,12069882181,68980842,20,378,31.73
00:13:55,17613051826,55817055,20,546,31.30
00:14:09,14595534157,49833269,20,455,31.50
00:14:27,17126235678,68632359,20,527,31.10
00:14:40,13855148817,70741818,20,431,31.52
00:15:02,21193721796,87528078,20,647,30.85
00:15:21,19852108626,64629999,20,607,30.87
00:15:35,13969725859,65234615,20,436,31.59
00:15:47,11973408691,76700836,20,377,31.94
00:15:59,11432765036,79789709,20,361,32.06
00:16:18,18993390021,58395512,20,587,31.20
00:16:37,18764862341,52816483,20,581,31.25
00:16:47,10605910532,58598932,20,336,32.12
00:17:04,17055976799,84469244,20,530,31.45
00:17:21,16606450627,57201233,20,514,31.28
00:17:30,9305427412,76010006,20,296,32.34
00:17:42,11164274891,62119149,20,351,31.88
00:17:56,13888069746,62112236,20,433,31.55
00:18:12,16412571930,58700797,20,506,31.15
00:18:25,13422507151,53265086,20,422,31.80
00:18:40,14873356866,73656366,20,462,31.44
00:18:56,15632828660,66265007,20,483,31.24
00:19:11,14856722470,66338403,20,463,31.53
00:19:23,12263332209,67782115,20,388,32.06
00:19:42,18417932344,60989172,20,567,31.10
00:20:00,18075894134,62602852,20,555,31.02
00:20:13,13077111610,66238294,20,409,31.68
00:20:28,15496756639,76295452,20,482,31.48
00:20:43,14946860241,55064931,20,467,31.59
00:21:00,16778522446,69278264,20,517,31.16
00:21:17,17355853770,74888820,20,536,31.23
00:21:30,12714092954,57538956,20,398,31.71
00:21:45,14634294694,51091080,20,459,31.69
00:22:02,16770927914,78015293,20,520,31.38
00:22:21,18930764927,55422040,20,582,31.04
00:22:35,14323409844,67557892,20,449,31.73
00:22:48,13141089830,54339683,20,414,31.89
00:23:02,13940127867,60669357,20,434,31.51
00:23:15,13040307330,59403607,20,407,31.59
00:23:28,12902587794,69827471,20,403,31.65
00:23:36,7864094757,65926505,20,251,32.51
00:23:50,14094632818,51733343,20,442,31.70
00:24:09,18426789831,53860184,20,565,30.95
00:24:20,11669023100,65504873,20,366,31.79
00:24:32,11680596318,73842318,20,368,31.97
00:24:49,16736323458,61907345,20,517,31.23
00:25:04,15328055686,72901703,20,475,31.37
00:25:18,13587743143,75296806,20,424,31.61
00:25:30,12733578074,59434343,20,401,31.90
00:25:42,11408481904,72604093,20,358,31.85
00:25:52,9648746578,60044465,20,306,32.21
00:26:09,17800326196,56148322,20,553,31.38
00:26:23,13311735150,70552377,20,418,31.81
00:26:32,8806852560,74798751,20,278,32.13
00:26:48,16115429703,55289690,20,499,31.28
00:27:03,14876607304,70740285,20,461,31.36
00:27:16,13500328347,72053515,20,423,31.75
00:27:31,14850177996,73682431,20,461,31.42
00:27:45,14440949743,60556866,20,449,31.46
00:28:02,16546241543,56636200,20,512,31.27
00:28:15,12670857049,72364649,20,400,32.00
00:28:35,20428089507,93505604,20,625,30.94
00:28:53,18054906335,51351870,20,555,31.04
00:29:07,13270219905,67515236,20,416,31.75
00:29:16,9201666453,78869825,20,292,32.26
00:29:28,12375588256,60505238,20,389,31.83
00:29:41,13200456971,52020243,20,415,31.80
00:29:56,14038914993,67767219,20,443,31.93
00:30:06,10103598033,73714015,20,322,32.36
00:30:23,17154063791,68932937,20,527,31.05
00:30:40,16805163074,59896116,20,520,31.26
00:30:57,17020874898,53084139,20,518,30.74
00:31:14,17536201542,72897887,20,537,30.96
00:31:28,13299733704,81236862,20,416,31.70
00:31:44,16582548544,59455374,20,515,31.38
00:32:04,19565140846,62658254,20,599,30.92
00:32:16,11764178016,52737001,20,367,31.58
00:32:29,13651176543,67051725,20,425,31.52
00:32:45,15999569264,75475267,20,497,31.43
00:32:55,9925219627,62862509,20,314,32.13
00:33:11,15366352489,66253599,20,477,31.40
00:33:27,16239092137,73148286,20,502,31.27
00:33:42,14896780049,95237093,20,464,31.56
00:33:58,16415769007,60885788,20,509,31.34
00:34:14,16128942318,80106836,20,499,31.32
00:34:35,20727604039,77476317,20,631,30.76
00:34:50,14390417948,59543744,20,448,31.50
00:35:06,15933842924,57818789,20,494,31.34
00:35:15,9021189888,87652745,20,287,32.42
00:35:28,13641636097,60275347,20,428,31.75
00:35:47,19198203918,57349035,20,588,30.91
00:36:05,17268220058,78078774,20,536,31.40
00:36:17,11932021154,62756384,20,371,31.52
00:36:32,14923737914,84411129,20,464,31.50
00:36:45,13599330525,52035406,20,431,32.06
00:36:56,11134682097,65241808,20,353,32.14
00:37:08,11368271475,52673946,20,361,32.17
00:37:28,20540305840,58891527,20,627,30.81
00:37:39,10945175427,66225916,20,345,31.97
00:37:56,16949370032,67587405,20,523,31.20
00:38:09,12524294444,69588881,20,394,31.90
00:38:21,11857334324,65533224,20,375,32.07
00:38:32,11277165383,57939474,20,358,32.16
00:38:45,12590398533,54220061,20,393,31.59
00:39:02,17223353439,64961386,20,531,31.14
00:39:17,15152356224,64158279,20,470,31.37
00:39:30,13248836632,69041063,20,413,31.57
00:39:48,17244347719,50881986,20,531,31.08
00:40:00,12322512407,69246829,20,389,32.01
00:40:15,15004446282,53169407,20,466,31.40
00:40:29,13826403887,64391781,20,432,31.62
00:40:44,15057804143,66669917,20,468,31.45
00:41:01,17443989719,63977553,20,540,31.26
00:41:15,13320449482,66925851,20,416,31.63
00:41:30,15308912744,56458919,20,479,31.63
00:41:44,13338046040,55109842,20,416,31.56
00:42:01,17026691775,66931969,20,527,31.29
00:42:15,14904273533,66485934,20,462,31.36
00:42:35,19853588269,53203962,20,610,31.01
00:42:43,7682806565,54856594,20,247,32.71
00:43:02,19384897273,60679271,20,598,31.14
00:43:16,13649979899,84335244,20,428,31.79
00:43:31,14326174441,65799058,20,448,31.66
00:43:43,12610389256,65391636,20,396,31.83
00:43:58,14640945526,52868557,20,453,31.28
00:44:11,12669994495,57369057,20,396,31.65
00:44:27,16794815755,52895084,20,521,31.34
00:44:49,21876252340,70573539,20,664,30.64
00:45:00,10697802514,70339112,20,338,32.06
00:45:09,9213399696,67232434,20,292,32.19
00:45:26,17122401150,76815620,20,527,31.14
00:45:46,19366741062,69372871,20,598,31.19
00:45:59,12962848514,58492223,20,403,31.48
00:46:12,13720796321,62619300,20,428,31.58
00:46:23,10137517248,58770344,20,322,32.23
00:46:37,14167502187,57350549,20,441,31.47
00:46:51,14631182119,55503655,20,459,31.72
00:47:04,12133254981,51987595,20,384,32.05
00:47:20,16478255914,57138035,20,510,31.28
00:47:40,19834376239,63256509,20,608,30.95
00:47:53,13262431189,50757152,20,416,31.73
00:48:04,10286696015,67963694,20,330,32.57
00:48:22,18671492935,59978517,20,575,31.11
00:48:36,14087613990,59824471,20,438,31.46
00:48:56,20013615617,60805274,20,614,30.97
00:49:07,10727549492,77673694,20,338,32.00
00:49:19,12155213197,48754741,20,381,31.72
00:49:41,21741397360,74362931,20,658,30.56
00:49:56,14917890434,68888179,20,465,31.54
00:50:08,11929048281,62879334,20,375,31.86
00:50:24,15750750480,52650972,20,490,31.43
00:50:38,14576970822,52396129,20,452,31.34
00:50:52,13316231689,70187215,20,419,31.86
00:51:11,19005039524,64163612,20,588,31.25
00:51:24,13422163609,50308855,20,419,31.55
00:51:38,13415168689,75647071,20,418,31.57
00:51:48,10284935457,64409367,20,325,32.08
00:52:05,16876605789,67919428,20,522,31.27
00:52:15,9969764306,62168216,20,312,31.77
00:52:37,21617669514,54204556,20,657,30.67
00:52:45,8028742941,68741994,20,253,32.10
00:52:55,10484253852,65293250,20,331,32.04
00:53:06,11344758711,55337773,20,360,32.14
00:53:22,15824290961,79439868,20,491,31.41
00:53:36,13320554629,56309824,20,419,31.81
00:53:47,11773538501,55228748,20,370,31.84
00:54:01,13828030842,62392908,20,429,31.40
00:54:12,10711845128,51028294,20,342,32.35
00:54:27,14739068049,66856121,20,459,31.50
00:54:45,17896609102,62424408,20,549,30.99
00:54:56,11504508792,56077255,20,364,32.07
00:55:21,24304952460,65360484,20,738,30.63
00:55:34,13854962547,71960094,20,431,31.50
00:55:51,16285595321,73468810,20,503,31.26
00:56:06,15405035350,58753067,20,482,31.62
00:56:10,3595423099,91325404,20,115,33.33
00:56:23,13198145610,59866854,20,414,31.74
00:56:41,17765697630,64218154,20,546,31.05
00:56:55,13911970311,71270983,20,433,31.51
00:57:10,14736102006,80921748,20,458,31.47
00:57:19,9361513750,105295028,20,295,32.17
00:57:32,13485168313,52481718,20,418,31.35
00:57:46,13823731043,75082359,20,431,31.59
00:58:06,19697087845,72695422,20,596,30.57
00:58:16,10131050074,65207476,20,326,32.69
00:58:33,17103688996,60997088,20,525,31.02
00:58:48,15017689087,68694721,20,466,31.40
00:59:03,15046498104,59173623,20,468,31.45
00:59:21,17964236131,66501762,20,551,31.00
00:59:33,11126519870,80843632,20,353,32.23
00:59:48,15227211613,72782312,20,475,31.58
01:00:04,16014293055,53909704,20,494,31.16
01:00:20,16417451197,62449131,20,506,31.15
01:00:34,13177610449,58989462,20,412,31.64
01:00:46,12090492194,60264480,20,383,32.10
01:00:57,11322121467,64350162,20,359,32.16
01:01:13,16160358747,71835741,20,501,31.37
01:01:26,13207831954,70709691,20,415,31.82
01:01:39,12904440728,86251177,20,405,31.83
01:01:53,13174741654,51091252,20,416,31.95
01:02:02,9419956432,60456099,20,301,32.47
01:02:18,16409391044,64059756,20,509,31.36
01:02:36,17367399306,75649522,20,538,31.33
01:02:44,8647941706,62581958,20,275,32.35
01:03:00,15325179484,51250532,20,480,31.66
01:03:10,10520031538,51911616,20,332,31.98
01:03:25,14685176418,73418891,20,459,31.63
01:03:39,13740576063,56736411,20,427,31.44
01:03:55,15706250736,59208441,20,488,31.42
01:04:07,12473626142,67778408,20,394,32.03
01:04:21,13399633662,69868159,20,420,31.74
01:04:32,11482253220,59691441,20,365,32.21
01:04:41,9268225966,60737306,20,295,32.34
01:04:57,15824519427,51950829,20,489,31.22
01:05:08,10678731609,71700731,20,336,31.93
01:05:18,9686001682,62375271,20,303,31.79
01:05:36,18433692237,55809682,20,567,31.05
01:05:51,14628391222,53663764,20,457,31.58
01:06:00,9399198394,59757159,20,300,32.43
01:06:14,13789906265,83423275,20,432,31.76
01:06:28,14361849936,51282224,20,447,31.47
01:06:45,16430083536,70625138,20,511,31.46
01:06:58,12766968845,65170480,20,399,31.66
01:07:14,16022450129,58551554,20,499,31.48
01:07:31,17346088954,51216096,20,537,31.25
01:07:45,13509372169,50709776,20,423,31.66
01:07:57,12376333664,55794992,20,388,31.75
01:08:11,14127850711,58015057,20,441,31.59
01:08:29,17455012206,83038699,20,532,30.82
01:08:41,12927873945,57002099,20,406,31.79
01:09:00,18116712663,51913041,20,561,31.27
01:09:15,15831908059,65103361,20,492,31.43
01:09:36,20504538097,69756139,20,622,30.64
01:09:53,17092063793,63672995,20,530,31.34
01:10:02,8925958140,65553526,20,282,32.11
01:10:13,10516877418,61051484,20,329,31.72
01:10:32,19354353045,68378477,20,591,30.84
01:10:45,13400062834,62907238,20,422,31.89
01:10:57,12003020177,58354582,20,380,32.06
01:11:16,18226399542,68008427,20,562,31.15
01:11:32,16228205435,60177026,20,507,31.58
01:11:45,13030081279,57208071,20,408,31.67
01:12:00,15059304709,64584049,20,470,31.58
01:12:12,12241868343,51280718,20,382,31.59
01:12:25,12550568561,58488312,20,395,31.88
01:12:43,18164460474,52183041,20,557,30.96
01:13:12,28338577417,64462803,20,844,30.02
01:13:21,9345975775,58588801,20,298,32.39
01:13:38,17173304947,59355964,20,532,31.29
01:13:52,13720404656,74726971,20,429,31.68
01:14:05,12907067875,59484809,20,402,31.55
01:14:27,22079504426,58176342,20,673,30.75
01:14:36,8619630757,50614972,20,274,32.27
01:14:50,14186952225,71492625,20,444,31.69
01:15:07,17683153237,62606404,20,544,31.08
01:15:21,13367362464,54438205,20,421,31.86
01:15:39,17783673184,61409085,20,546,31.02
01:15:53,14818997660,92292052,20,460,31.46
01:16:07,13949138050,75122171,20,432,31.34
01:16:23,15977332506,61396269,20,499,31.58
01:16:36,12719347214,88046395,20,399,31.84
01:16:49,12971668155,83297171,20,404,31.58
01:16:59,9826770116,61781703,20,311,32.12
01:17:10,10880521118,60883309,20,342,31.87
01:17:29,18770277697,60484095,20,576,31.00
01:17:41,12268971142,72404046,20,385,31.84
01:17:51,10088543510,75030142,20,320,32.22
01:18:01,9582625159,71313595,20,306,32.44
01:18:15,14366731969,77631153,20,453,31.94
01:18:37,21404024992,71772116,20,656,30.94
01:18:48,11221789128,62505906,20,355,32.06
01:18:59,11587005963,57268460,20,364,31.84
01:19:14,14980142008,55973357,20,467,31.53
01:19:30,15604310476,52819587,20,487,31.54
01:19:46,15653731357,57528235,20,485,31.33
01:20:01,15338268202,67646391,20,478,31.53
01:20:14,12440198194,60757314,20,390,31.75
01:20:27,13162466211,70911348,20,415,31.97
01:20:40,13485673955,54409134,20,422,31.65
01:20:52,11550086746,56393418,20,360,31.57
01:21:04,12193457321,53881295,20,382,31.72
01:21:17,13154596625,61898316,20,413,31.79
01:21:33,16126815103,56240445,20,500,31.34
01:21:42,8796784590,76358967,20,278,32.17
01:22:01,18601457889,54856616,20,571,30.98
01:22:11,10472435254,67614940,20,332,32.20
01:22:22,10386590238,51951994,20,330,32.22
01:22:34,12372301531,76480938,20,388,31.80
01:22:48,14308931014,74984642,20,448,31.70
01:23:06,17775333862,71774736,20,548,31.17
01:23:21,14191227718,62320274,20,444,31.66
01:23:35,14010027503,65872003,20,438,31.64
01:23:50,15094320155,73611490,20,468,31.38
01:24:15,25492917312,85220528,20,768,30.41
01:24:35,19948647190,65473031,20,612,30.98
01:24:43,7890042911,77320632,20,253,32.68
01:24:58,15104425018,59527134,20,475,31.81
01:25:12,13627992056,62362777,20,428,31.79
01:25:26,14048317033,58244757,20,439,31.60
01:25:40,13889052628,57481476,20,434,31.60
01:26:05,24702555913,67065993,20,739,30.17
01:26:18,13850787342,74839347,20,433,31.67
01:26:33,14845828018,67838961,20,462,31.49
01:26:47,13378868996,60623100,20,416,31.49
01:27:00,12844060517,65326362,20,402,31.70
01:27:16,16621416358,66229191,20,515,31.32
01:27:25,8950780093,91898531,20,281,32.00
01:27:53,28027841407,77520805,20,833,29.98
01:28:06,12883535307,59105272,20,404,31.73
01:28:21,14636641672,62305191,20,459,31.72
01:28:42,20662854346,54260402,20,632,30.85
01:28:58,16439637220,70246712,20,507,31.20
01:29:11,12757320866,72761933,20,402,31.95
01:29:25,13964964182,60120404,20,437,31.66
01:29:44,19434947638,56177914,20,594,30.85
01:29:55,10673193016,66468233,20,336,31.96
01:30:11,15819852735,52541965,20,492,31.41
01:30:26,15024808808,58583727,20,466,31.38
01:30:41,15574070264,57058362,20,484,31.42
01:30:56,14756833864,68694879,20,460,31.55
01:31:07,10997813117,62503842,20,346,31.91
01:31:21,13596247648,90925007,20,424,31.64
01:31:32,11150491591,67647297,20,350,31.84
01:31:48,15928210996,72613736,20,494,31.38
01:31:57,8835448229,74248564,20,280,32.25
01:32:12,14729103310,53995127,20,459,31.50
01:32:26,14333934963,91517854,20,449,31.77
01:32:40,13694172596,55615824,20,427,31.55
01:32:51,11159167749,61481735,20,353,32.09
01:33:00,8660245422,52516710,20,276,32.35
01:33:10,10469690473,50967753,20,329,31.84
01:33:23,12927264820,53844632,20,409,32.02
01:33:38,15274590376,67012751,20,474,31.39
01:33:58,19777763189,56298909,20,604,30.83
01:34:14,16310358079,61558729,20,506,31.37
01:34:26,11067718205,53629130,20,348,31.83
01:34:40,14569065825,84724621,20,451,31.36
01:34:54,13672700493,55949101,20,427,31.60
01:35:08,14265608511,52864146,20,448,31.75
01:35:28,19462532512,53218577,20,596,30.91
01:35:37,9128067818,68136960,20,289,32.18
01:35:49,12565257635,61707335,20,393,31.69
01:36:03,13145007698,57828169,20,411,31.66
01:36:18,15329393728,78421578,20,477,31.48
01:36:31,12974753308,69260618,20,405,31.64
01:36:41,10401570947,58064956,20,329,32.06
01:36:46,4446328433,63743320,20,143,33.10
01:37:01,15447609645,59219176,20,481,31.47
01:37:13,11971006682,77654904,20,378,32.03
01:37:30,16992491869,64868868,20,528,31.40
01:37:50,19639781054,57591067,20,604,31.05
01:38:05,15437719699,61067471,20,480,31.45
01:38:17,11197601372,76863845,20,351,31.85
01:38:28,11259636028,52623498,20,356,32.04
01:38:39,10870302064,56866379,20,343,31.99
01:38:50,10826290348,59431293,20,342,32.02
01:39:03,13300657841,67942312,20,415,31.60
01:39:17,13621769398,61290541,20,428,31.79
01:39:31,14063110712,67512901,20,442,31.84
01:39:43,11864786966,54100102,20,374,31.91
01:39:59,16396731988,58719864,20,506,31.19
01:40:15,15972513000,79215446,20,498,31.55
01:40:32,17289567107,71705643,20,537,31.42
01:40:36,4061773033,51952048,20,130,32.91
01:40:45,9008917466,76421233,20,287,32.42
01:41:01,15617513625,56149523,20,485,31.39
01:41:13,12111542992,54383453,20,377,31.49
01:41:32,18707499720,80564279,20,578,31.24
01:41:53,20539532824,56486306,20,626,30.76
01:42:05,12739183880,62132978,20,401,31.90
01:42:15,9822929998,53461359,20,313,32.33
01:42:27,11765642412,74389213,20,371,31.98
01:42:44,17393847855,60826312,20,539,31.30
01:42:57,12292526860,55677960,20,388,31.96
01:43:07,10102977505,70771614,20,321,32.29
01:43:23,15845046330,54732965,20,491,31.33
01:43:35,12666568548,53299229,20,398,31.78
01:43:48,12332293848,58264690,20,388,31.88
01:44:06,18100610504,65955700,20,558,31.15
01:44:25,18944050032,85497204,20,566,30.21
01:44:35,10197498895,54532236,20,310,30.81
01:44:48,12613829516,55750394,20,397,31.86
01:45:04,16556527969,89081206,20,515,31.49
01:45:14,10180810394,64509857,20,322,32.10
01:45:33,18179472983,54729806,20,568,31.55
01:45:53,19969868499,66561283,20,611,30.90
01:46:04,11689183622,68589265,20,366,31.77
01:46:15,10144837541,64796534,20,319,31.93
01:46:30,15598779116,55776024,20,483,31.30
01:46:44,14060850373,56514399,20,440,31.65
01:47:07,23068832543,68021761,20,700,30.62
01:47:21,13471533491,74589529,20,422,31.72
01:47:35,14309290267,53527441,20,451,31.87
01:47:50,15175216632,53086902,20,469,31.24
01:48:17,26543974257,65778037,20,797,30.28
01:48:31,14368094148,97892354,20,450,31.77
01:48:49,17752772984,53042730,20,546,31.05
01:49:02,12625314256,75554080,20,398,31.96
01:49:10,8187687119,66555975,20,261,32.46
01:49:27,17034901236,55894870,20,527,31.25
01:49:51,23612193195,55833776,20,712,30.41
01:50:05,14000734850,55891336,20,440,31.79
01:50:22,17699261844,82191239,20,548,31.31
01:50:39,16375556097,69219373,20,511,31.58
01:50:49,10482814984,74577194,20,331,32.07
01:51:04,14984319161,82565048,20,467,31.57
01:51:16,11205256564,72886283,20,349,31.61
01:51:33,16987117965,52093585,20,524,31.15
01:51:49,16724009906,80635518,20,517,31.27
01:52:01,11814529075,64561819,20,370,31.75
01:52:12,10487551497,71770671,20,331,32.04
01:52:23,11228519080,56958089,20,355,32.03
01:52:36,12833926985,69725160,20,402,31.75
01:52:47,11464737210,67798112,20,359,31.76
01:53:02,15084338445,50271692,20,470,31.50
01:53:21,18758155035,78129851,20,575,30.98
01:53:36,14683306483,62638457,20,454,31.28
01:53:39,3347021264,57919413,20,106,32.81
01:53:57,17846530239,60323490,20,550,31.14
01:54:15,17926975764,72800238,20,551,31.07
01:54:38,22377074962,66369882,20,681,30.71
01:54:57,19798296147,73069231,20,604,30.81
01:55:18,20388008640,59669820,20,622,30.79
01:55:30,12045082362,64346117,20,376,31.62
01:55:40,10547572901,75169726,20,335,32.27
01:56:02,21140891696,70163413,20,644,30.75
01:56:14,12412704431,54125082,20,389,31.72
01:56:28,13718562299,78195121,20,425,31.38
01:56:41,13293604714,68286446,20,412,31.40
01:56:57,15576513799,68904901,20,480,31.18
01:57:09,12594730842,57064431,20,396,31.83
01:57:22,12717295281,65843633,20,398,31.71
01:57:35,12616439808,63173215,20,398,31.94
01:57:39,4095297649,61291230,20,131,32.91
01:57:58,18760565205,58634500,20,578,31.12
01:58:10,11916253353,49488051,20,378,32.11
01:58:22,12571334194,60659176,20,393,31.66
01:58:35,12773486587,55343938,20,403,31.93
01:58:51,15991415295,65957935,20,496,31.37
01:59:03,12152513293,51166663,20,383,31.89
01:59:18,14534242057,53821735,20,453,31.52
01:59:33,15619847117,52686825,20,490,31.71
01:59:47,13677602416,71078955,20,426,31.55
01:59:59,12017284633,72623611,20,374,31.56
02:00:14,15384071818,58762939,20,476,31.27
02:00:31,16473359436,84639817,20,505,31.03
02:00:48,16696695088,62431295,20,515,31.17
02:01:08,20017092701,53000139,20,614,30.96
02:01:21,13308845375,62890155,20,417,31.71
02:01:37,15871910797,53331704,20,494,31.46
02:01:51,14024350632,62853068,20,439,31.67
02:02:02,10863259706,57704587,20,344,32.08
02:02:19,17285041528,59484623,20,533,31.15
02:02:34,14970042279,64316184,20,466,31.48
02:02:47,13159482992,54096182,20,413,31.76
02:02:58,10926767562,70892456,20,345,32.06
02:03:10,11329546317,60931171,20,359,32.11
02:03:20,10650611235,63106421,20,335,31.93
02:03:34,14044339217,59242365,20,438,31.55
02:03:50,15153833932,79716220,20,472,31.55
02:04:03,13272964582,76909045,20,416,31.75
02:04:12,8736063948,56519068,20,278,32.32
02:04:25,13281294788,51453800,20,419,31.91
02:04:46,20801434716,65992979,20,633,30.72
02:05:01,14770392771,65428189,20,460,31.50
02:05:13,12088415709,77156687,20,382,32.04
02:05:27,14109521745,63096877,20,441,31.63
02:05:46,18657233858,60044863,20,572,30.96
02:06:05,19617559199,60496124,20,601,30.93
02:06:20,15041392042,56372154,20,469,31.54
02:06:32,11548728340,60019931,20,364,31.92
02:06:45,13426832916,60450224,20,420,31.67
02:07:00,14376154084,55247407,20,449,31.59
02:07:15,15158022110,67337991,20,472,31.48
02:07:32,16731700991,82610293,20,519,31.39
02:07:44,12071881510,63888151,20,378,31.73
02:08:02,17993209758,57826099,20,555,31.16
02:08:15,13277615749,63741757,20,412,31.42
02:08:33,18017257414,60116056,20,554,31.05
02:08:50,16785010944,56888706,20,516,31.06
02:09:05,15044613187,58886787,20,467,31.40
02:09:16,10635107825,63848504,20,334,31.87
02:09:27,11815013054,71731501,20,373,32.01
02:09:40,12552953802,57368852,20,392,31.61
02:09:51,10731615484,64576514,20,340,32.13
02:10:07,15868614724,55639172,20,493,31.40
02:10:28,21146782028,69044096,20,645,30.80
02:10:44,16371595767,54537977,20,503,31.04
02:10:59,15004659610,53519463,20,466,31.40
02:11:12,13090604313,79616836,20,409,31.68
02:11:34,21617642936,61498187,20,657,30.67
02:11:50,15713736258,65597464,20,491,31.61
02:12:00,10007850907,76484142,20,313,31.77
02:12:13,13518112050,57905401,20,423,31.66
02:12:28,14430688127,70412302,20,448,31.43
02:12:46,17681274874,61500418,20,543,31.02
02:12:56,10189471543,69862313,20,322,32.10
02:13:17,21114445404,69790140,20,646,30.89
02:13:24,7162495438,59430158,20,226,32.14
02:13:44,19921333944,56489389,20,607,30.76
02:13:58,13793887202,78406200,20,429,31.52
02:14:14,15782725238,66767855,20,487,31.21
02:14:21,7458192329,62169773,20,241,32.92
02:14:34,12885510985,69651942,20,404,31.76
02:14:49,15048082801,55863149,20,468,31.45
02:15:02,13033814428,68803953,20,408,31.72
02:15:19,16765122964,63309808,20,514,30.98
02:15:28,9241017288,60651828,20,293,32.19
02:15:46,17946408772,64599896,20,552,31.08
02:16:00,13328525886,58170404,20,422,32.04
02:16:10,10057405170,57052170,20,320,32.29
02:16:21,11131029674,75901632,20,351,32.02
02:16:31,10161390932,73617110,20,323,32.26
02:16:46,15410515365,53095179,20,484,31.75
02:17:04,17060921278,54418443,20,525,31.08
02:17:23,19813114809,57470673,20,605,30.83
02:17:37,14130842125,55577767,20,443,31.71
02:17:51,13951080676,71182002,20,433,31.44
02:18:07,15964948374,54052886,20,496,31.41
02:18:19,11789509993,71135529,20,369,31.75
02:18:30,11122911763,51798828,20,351,31.96
02:18:44,13343550128,69208456,20,417,31.66
02:18:56,11801056444,81499149,20,369,31.75
02:19:14,18667565556,56956938,20,574,31.06
02:19:26,11755887395,71778830,20,370,31.92
02:19:38,11900402245,76517932,20,373,31.79
02:19:53,14477404515,52236884,20,450,31.42
02:20:09,16798492106,60378134,20,520,31.28
02:20:25,15300114561,62431549,20,477,31.52
02:20:38,12810857224,66076304,20,403,31.88
02:20:53,15619365939,71570223,20,486,31.47
02:21:04,10617891610,55803825,20,337,32.18
02:21:14,10397812340,64958409,20,329,32.12
02:21:26,12082809006,62649351,20,379,31.79
02:21:40,13717921551,78210879,20,430,31.78
02:21:55,15054655152,51827755,20,468,31.43
02:22:07,11974992484,60785914,20,376,31.81
02:22:26,18485130084,77403493,20,571,31.23
02:22:35,9012457773,68348568,20,287,32.35
02:22:49,14228858244,73994810,20,439,31.24
02:23:03,14220349936,65783970,20,448,31.88
02:23:18,15168651506,74442382,20,473,31.57
02:23:33,14847606711,80834921,20,461,31.44
02:23:59,25872541713,74127389,20,774,30.18
02:24:12,13164099586,56858320,20,409,31.46
02:24:27,14386372114,69658023,20,451,31.73
02:24:42,15167323094,67323482,20,475,31.68
02:24:52,10272266087,56089528,20,327,32.28
02:25:04,11863922111,77763154,20,377,32.24
02:25:20,15869293708,56197817,20,492,31.33
02:25:33,13313581136,60439215,20,416,31.63
02:25:48,14179769715,59471264,20,441,31.47
02:26:01,13225504015,67888508,20,415,31.77
02:26:15,14232130507,67376640,20,444,31.57
02:26:32,17230055361,65375876,20,531,31.16
02:26:46,13718684690,49862903,20,427,31.46
02:27:03,16395212633,52075950,20,506,31.17
02:27:21,18536604499,85511047,20,567,30.94
02:27:32,10666466518,96622646,20,333,31.74
02:27:46,14032154910,68244019,20,441,31.81
02:28:05,19368592199,63782236,20,585,30.50
02:28:12,7084740717,56683324,20,223,32.04
02:28:24,11328231599,73083852,20,356,31.89
02:28:38,13931174205,54335457,20,437,31.73
02:28:57,18924157971,56635017,20,577,30.78
02:29:08,10913978937,99586342,20,342,31.90
02:29:24,16197554217,53888774,20,501,31.25
02:29:39,14905498114,69431030,20,467,31.72
02:29:53,14050530142,53390426,20,442,31.82
02:30:05,11798603333,62992029,20,371,31.87
02:30:17,12369305757,58717934,20,386,31.58
02:30:30,13331238125,72219259,20,418,31.76
02:30:48,17463714257,63003932,20,535,30.96
02:31:02,13718930328,63974414,20,427,31.51
02:31:18,16045290336,78751521,20,500,31.54
02:31:34,16109125631,53342338,20,503,31.55
02:31:49,15588295642,72459909,20,487,31.60
02:32:02,12093199146,60984927,20,380,31.85
02:32:14,12711917722,66860879,20,397,31.65
02:32:32,17579544220,51847271,20,540,31.01
02:32:47,14836448263,62006853,20,461,31.44
02:32:58,11241003143,55344860,20,356,32.07
02:33:12,14374060489,53535551,20,447,31.43
02:33:22,9134000382,77290174,20,287,31.95
02:33:34,12295096116,81788916,20,386,31.84
02:33:44,10263342424,59412375,20,328,32.44
02:33:59,14794386130,54826730,20,463,31.64
02:34:12,12575971006,70705529,20,395,31.82
02:34:30,18313957455,55317832,20,563,31.05
02:34:43,13227285098,70301249,20,414,31.69
02:34:59,15328860960,66513631,20,478,31.55
02:35:18,19817269156,54075787,20,610,31.05
02:35:37,18599794792,60151790,20,570,30.96
02:35:51,14397727027,56467193,20,448,31.48
02:36:04,12966551179,68155517,20,405,31.64
02:36:18,13947699564,83191656,20,434,31.54
02:36:34,16047397083,96249055,20,492,31.06
02:36:56,21587799591,75739385,20,658,30.79
02:37:08,11511930106,65256617,20,364,32.07
02:37:23,14912324892,59697134,20,465,31.54
02:37:35,12862908824,74924654,20,402,31.67
02:37:54,18686198958,53884143,20,574,31.01
02:38:06,11640324755,65590109,20,366,31.88
02:38:21,15665445210,59341994,20,489,31.56
02:38:39,17089087452,58023297,20,530,31.34
02:38:51,12089978595,59192200,20,383,32.07
02:39:03,12416940209,62206388,20,388,31.64
02:39:07,3617164091,88779956,20,115,33.14
02:39:23,15862847940,49100675,20,496,31.59
02:39:36,13321649565,67135749,20,418,31.78
02:39:50,14252770378,62291223,20,448,31.79
02:40:04,13454766106,85907650,20,423,31.90
02:40:17,13145979797,60990829,20,417,32.12
02:40:36,18804563118,63929652,20,578,31.05
02:40:47,11346847129,61766209,20,360,32.17
02:41:04,16570427772,60812946,20,512,31.23
02:41:18,13750452467,68641878,20,430,31.66
02:41:22,4662166385,56398424,20,149,32.81
02:41:34,11671834906,54827424,20,370,32.09
02:41:44,9694653117,67649190,20,307,32.18
02:41:53,9039860535,68069097,20,289,32.50
02:41:56,3508046775,55823639,20,113,33.33
02:42:10,14109688143,60472001,20,442,31.70
02:42:19,8894321552,82240729,20,283,32.41
02:42:36,16419368906,68239948,20,508,31.30
02:42:53,17224435842,69273991,20,531,31.16
02:43:07,14435366524,78857925,20,452,31.71
02:43:23,15518598942,63190126,20,480,31.29
02:43:36,12977033642,65371247,20,405,31.61
02:43:38,2361357573,57201937,20,76,33.77
02:43:51,12167026052,58290843,20,379,31.55
02:44:07,16277494929,60185063,20,504,31.30
02:44:21,14369802288,64389753,20,453,31.90
02:44:35,13493770137,56842909,20,420,31.48
02:44:50,15231444390,68175448,20,474,31.49
02:45:05,15355118350,63581589,20,478,31.46
02:45:22,16520544751,84918259,20,510,31.25
02:45:33,10987425677,53449737,20,345,31.82
02:45:53,20058182575,55706011,20,613,30.85
02:46:11,18374766257,56553368,20,569,31.28
02:46:25,13264149530,65168356,20,416,31.77
02:46:41,15772331629,66378383,20,492,31.55
02:46:49,7945890377,69166722,20,253,32.43
02:46:57,8319680183,88527523,20,265,32.51
02:47:11,13676009796,54739536,20,428,31.65
02:47:25,14249254932,58193613,20,441,31.32
02:47:42,17032530531,75147805,20,525,31.17
02:47:55,13170338515,86692871,20,411,31.66
02:48:08,12727825099,55798533,20,399,31.74
02:48:28,20467965835,69530475,20,622,30.70
02:48:47,18693556175,53457700,20,579,31.28
02:49:03,15751072405,84210161,20,491,31.57
02:49:21,18007366427,54326555,20,556,31.18
02:49:35,14453780026,69433330,20,451,31.58
02:49:49,13252040851,53934217,20,411,31.39
02:50:02,13091391214,60016352,20,413,31.94
02:50:14,12540797548,54345903,20,394,31.79
02:50:30,15474189271,79204288,20,480,31.41
02:50:44,14476889332,70475548,20,453,31.67
02:51:01,16501823806,77924137,20,508,31.14
02:51:18,17432698390,66098976,20,537,31.14
02:51:37,18436915639,55630475,20,564,30.88
02:51:51,13793380954,60141855,20,431,31.62
02:52:05,14345710666,58373443,20,451,31.80
02:52:22,17138809728,60408976,20,528,31.13
02:52:32,9383813230,66298793,20,296,32.06
02:52:49,17653319568,64735278,20,544,31.13
02:53:04,15169546832,62749692,20,470,31.33
02:53:17,12287697976,90875091,20,387,31.98
02:53:23,6554087303,69707483,20,211,32.91
02:53:39,15583645123,56805722,20,487,31.60
02:54:01,22126581189,52950825,20,677,30.87
02:54:23,21790563324,74043515,20,661,30.63
02:54:34,11413537180,79218204,20,359,31.93
02:54:52,17504681249,62810456,20,544,31.40
02:55:07,15517750532,77736636,20,482,31.44
02:55:23,15276985724,73587796,20,478,31.67
02:55:35,12470009611,61673809,20,389,31.60
02:55:47,12052966143,84548167,20,381,32.09
02:56:08,20173756547,54456181,20,615,30.76
02:56:23,15241666858,82161040,20,476,31.62
02:56:41,18675053495,62457060,20,574,31.04
02:56:54,12275240631,72609072,20,388,32.06
02:57:05,11131454828,64812711,20,351,31.99
02:57:19,14415324356,49779934,20,453,31.76
02:57:30,10194402131,63451176,20,324,32.27
02:57:42,12319014718,80607964,20,387,31.87
02:57:55,12695918277,54830268,20,397,31.65
02:58:06,11026906066,78873084,20,348,32.04
02:58:19,13157654499,57084697,20,408,31.40
02:58:31,11906800808,63190747,20,375,31.91
02:58:47,16196262630,53033645,20,504,31.44
02:58:58,11249307516,56203943,20,357,32.16
02:59:11,12687342166,62932129,20,398,31.78
02:59:22,11345493398,70207205,20,362,32.37
02:59:37,15030484359,57102545,20,468,31.49
02:59:53,15961799926,53582656,20,490,31.03
03:00:05,11465211135,68156051,20,363,32.12
03:00:15,10480401042,53897352,20,331,32.01
03:00:29,13703265199,73582932,20,427,31.55
03:00:46,16643133796,60285227,20,515,31.26
03:01:02,16604454624,53179713,20,514,31.28
03:01:15,12556710859,64273092,20,396,31.96
03:01:29,13660795115,79634952,20,427,31.67
03:01:39,10392861779,60653564,20,322,31.44
03:01:55,15941232341,61438856,20,491,31.13
03:02:10,14620417377,59027769,20,456,31.53
03:02:23,13484985113,63622297,20,421,31.63
03:02:39,15379606286,58318015,20,474,31.16
03:02:53,14540754788,54728950,20,455,31.64
03:03:01,8034099107,67745234,20,255,32.31
03:03:19,17178458247,71954707,20,531,31.27
03:03:29,10181458931,60104319,20,325,32.37
03:03:42,13471967823,56550026,20,420,31.55
03:03:55,12995197971,57303130,20,410,31.93
03:04:10,14853222080,68503502,20,461,31.40
03:04:31,20735297968,74133741,20,635,30.94
03:04:43,11709190061,64598306,20,370,32.03
03:04:54,10913827374,66485019,20,345,32.09
03:05:09,15105753180,57115594,20,472,31.59
03:05:22,12933569043,56768823,20,405,31.69
03:05:37,15085252090,89204059,20,467,31.36
03:05:50,13047431131,56436127,20,406,31.49
03:06:03,13276438516,67125753,20,414,31.57
03:06:20,16531807437,61706908,20,513,31.37
03:06:34,13781803970,53650172,20,434,31.84
03:06:47,13254390534,82675043,20,415,31.75
03:07:04,16790678041,49288484,20,519,31.22
03:07:24,20287192908,51055026,20,622,30.94
03:07:40,16136715343,63144080,20,503,31.51
03:07:53,12733606658,70322844,20,396,31.52
03:08:13,20130901169,90034623,20,616,30.93
03:08:27,13726124352,68048670,20,429,31.66
03:08:43,16160787855,52178073,20,505,31.56
03:08:57,14389728859,63671702,20,448,31.50
03:09:10,12155552826,56667459,20,385,32.08
03:09:23,13899852445,91891398,20,430,31.38
03:09:36,12298065389,61241239,20,386,31.79
03:09:48,12034495749,55505468,20,375,31.56
03:10:04,16375666371,59116776,20,504,31.09
03:10:20,15948760534,77982931,20,496,31.47
03:10:24,3692029225,68335274,20,119,33.42
03:10:41,17263415025,56972309,20,530,31.01
03:11:00,18659682909,60630566,20,573,31.02
03:11:14,14412292954,62992080,20,450,31.60
03:11:31,16353328577,59786581,20,508,31.41
03:11:47,15990977252,63302858,20,499,31.56
03:11:59,11773991529,71219150,20,372,32.04
03:12:16,17206546685,50346444,20,529,31.04
03:12:31,15134270562,70076974,20,472,31.57
03:12:42,11376897422,55789167,20,356,31.67
03:12:59,16389278012,60971361,20,508,31.33
03:13:15,16694848266,78753986,20,518,31.39
03:13:27,11371845402,83611871,20,357,31.90
03:13:40,13132758113,58159323,20,412,31.76
03:13:54,13968101704,64486498,20,438,31.73
03:14:10,16437127390,65737896,20,512,31.50
03:14:28,17162546115,81224094,20,532,31.36
03:14:36,8704895475,53057215,20,278,32.43
03:14:53,16237142901,62081165,20,508,31.63
03:15:08,14929202695,58154180,20,464,31.41
03:15:25,17790357277,72757668,20,549,31.19
03:15:39,13612393588,59633253,20,427,31.74
03:15:52,12531909857,79891016,20,397,32.14
03:16:04,11876089256,76836919,20,375,32.05
03:16:15,11155051656,54173524,20,352,31.97
03:16:30,15064607801,63147032,20,471,31.63
03:16:50,20020705637,71555248,20,617,31.13
03:17:06,16034764092,54272462,20,498,31.39
03:17:22,15684849366,56865607,20,488,31.46
03:17:33,11659199754,80014887,20,364,31.67
03:17:47,13727157569,81541150,20,426,31.46
03:18:01,13491491996,64569448,20,421,31.60
03:18:17,16050200248,56987500,20,501,31.54
03:18:25,8019731470,61816141,20,258,32.74
03:18:38,13527855797,57611933,20,425,31.81
03:18:51,13161948565,62532071,20,412,31.71
03:19:05,13426005246,62435369,20,419,31.57
03:19:21,16231778812,54819506,20,502,31.25
03:19:39,17464060810,53347055,20,541,31.28
03:19:51,12534827866,55438277,20,392,31.66
03:20:07,15629150740,71268809,20,486,31.47
03:20:19,12049668669,68602208,20,379,31.90
03:20:39,20311776932,76228597,20,619,30.79
03:20:54,14892150241,74457401,20,463,31.47
03:21:03,8846284855,57768085,20,281,32.29
03:21:19,15865267862,54034223,20,491,31.27
03:21:30,11470809348,52727021,20,359,31.71
03:21:42,11508514141,77293064,20,360,31.74
03:22:03,21178770007,78310462,20,640,30.53
03:22:16,12461096992,66919649,20,390,31.70
03:22:28,12054856317,72741056,20,380,31.95
03:22:40,12264728490,66342730,20,384,31.73
03:22:57,17275410226,56870589,20,530,30.99
03:23:10,12273131035,79315502,20,383,31.65
03:23:24,14221214722,60671798,20,441,31.36
03:23:35,10943819100,71399152,20,345,32.00
03:23:45,10280495800,62484912,20,324,31.98
03:23:59,13774916591,53337880,20,430,31.57
03:24:15,15718872612,83947653,20,487,31.37
03:24:28,13160986853,65366363,20,412,31.71
03:24:38,10365484450,53061177,20,328,32.06
03:24:50,12186518933,53247720,20,383,31.81
03:25:04,13850449974,56465874,20,430,31.40
03:25:22,17633855047,69741777,20,542,31.07
03:25:39,16569953297,55120812,20,513,31.28
03:25:50,11751634379,78337470,20,369,31.86
03:26:07,16091597850,71566032,20,498,31.32
03:26:20,13569005506,54631054,20,427,31.81
03:26:33,12494396060,56795393,20,395,32.00
03:26:39,6777690619,60748070,20,216,32.48
03:26:48,9018189893,70180477,20,286,32.27
03:27:08,19052070871,63479368,20,588,31.17
03:27:23,14997142170,62120123,20,467,31.51
03:27:31,7908124124,49450768,20,254,32.64
03:27:43,12023803708,62240468,20,379,31.92
03:27:58,15649847340,74677778,20,487,31.48
03:28:10,11617046196,67119920,20,366,31.96
03:28:25,15026455442,52020494,20,467,31.42
03:28:42,16909287560,63191924,20,523,31.26
03:29:00,18428233617,70195757,20,572,31.37
03:29:22,21483678783,65857835,20,653,30.67
03:29:40,17789145589,69569308,20,546,31.02
03:29:49,9599218234,77295166,20,309,32.73
03:30:00,10686867642,63963675,20,337,32.00
03:30:13,13060488760,72205690,20,411,31.88
03:30:26,12462047630,56340306,20,392,31.84
03:30:47,21306663895,78264665,20,652,30.91
03:31:00,12852164674,75438642,20,405,31.94
03:31:12,12069471327,54025721,20,379,31.79
03:31:25,12747335634,55121396,20,400,31.77
03:31:37,12611111081,57403429,20,399,32.04
03:31:50,12690111552,66587614,20,400,31.92
03:32:06,15680516765,59369673,20,492,31.72
03:32:20,14125808430,59413778,20,442,31.66
03:32:31,11084286751,52985731,20,350,31.96
03:32:41,10071618858,63939680,20,314,31.65
03:32:54,12989582270,85325667,20,407,31.77
03:33:05,11265088665,53880244,20,355,31.92
03:33:20,14799425470,55677518,20,461,31.51
03:33:34,13351861635,57818984,20,421,31.91
03:33:46,12922197770,71589767,20,405,31.76
03:34:03,16861355167,70899190,20,518,31.07
03:34:16,12767407730,69021800,20,402,31.90
03:34:32,15326099710,64055674,20,476,31.41
03:34:46,14930749128,58149638,20,468,31.70
03:35:07,20713358841,76590740,20,634,30.92
03:35:21,13821461370,65746859,20,432,31.64
03:35:44,22466999505,54727147,20,684,30.71
03:35:57,12930505039,74469378,20,405,31.73
03:36:11,14449960131,54584311,20,448,31.35
03:36:29,17863608162,67672892,20,546,30.88
03:36:42,13552518832,81170701,20,426,31.88
03:36:54,11857257571,54530645,20,373,31.85
03:37:09,14313957499,55051527,20,444,31.37
03:37:17,8561074755,53856175,20,273,32.38
03:37:34,16737375518,73395864,20,519,31.35
03:37:49,15285174812,64413867,20,479,31.70
03:38:04,14391527311,68038942,20,450,31.64
03:38:17,13645634434,58356436,20,427,31.65
03:38:30,13020769829,91199562,20,410,31.95
03:38:42,11132094778,57271189,20,353,32.14
03:39:01,19334012131,64981794,20,589,30.77
03:39:16,15195450300,65384313,20,473,31.49
03:39:27,10815285087,59558483,20,343,32.17
03:39:52,24868052949,60581154,20,745,30.21
03:40:06,14190393536,60951488,20,444,31.66
03:40:19,12915629799,65173524,20,402,31.52
03:40:32,12833177815,58894505,20,403,31.80
03:40:45,13426626665,65062880,20,419,31.59
03:41:02,16539745387,89744742,20,511,31.29
03:41:12,10042972687,69443008,20,316,31.98
03:41:32,20059535267,58910603,20,612,30.80
03:41:45,12842983482,58135400,20,405,31.91
03:42:00,15105595040,70837160,20,472,31.63
03:42:17,17161984044,63532385,20,527,31.03
03:42:32,15122850626,61830305,20,469,31.37
03:42:51,18200124513,61119430,20,559,31.03
03:43:03,12118192728,55075575,20,381,31.82
03:43:13,10503334968,58559764,20,333,32.14
03:43:25,11307936212,67835951,20,352,31.56
03:43:42,16837941697,57617190,20,521,31.27
03:44:03,21061407924,70532393,20,642,30.77
03:44:19,16696021375,60662755,20,517,31.29
03:44:36,16982274458,54205728,20,526,31.29
03:44:50,13456761129,58024647,20,420,31.57
03:45:02,12595168260,68735243,20,394,31.69
03:45:15,12311345217,57692831,20,387,31.82
03:45:37,22650556647,56104768,20,687,30.60
03:45:47,9087455328,61334763,20,291,32.55
03:45:54,7837858161,71678140,20,250,32.50
03:46:09,14391822410,65640196,20,448,31.50
03:46:26,16814422143,74795265,20,519,31.22
03:46:41,15450400529,56474530,20,483,31.60
03:46:53,11511124440,73726537,20,364,32.07
03:47:04,11077038986,68732131,20,351,32.14
03:47:17,13507805936,59158288,20,424,31.76
03:47:31,13566299586,85788005,20,421,31.46
03:47:50,18506807958,70395402,20,566,30.91
03:48:07,17134703083,70568466,20,526,31.05
03:48:21,14533410351,89020092,20,453,31.61
03:48:38,16439094495,71950301,20,508,31.26
03:48:52,13974779928,60552827,20,435,31.49
03:48:59,6876157145,75223911,20,220,32.68
03:49:17,18022807941,62263202,20,555,31.10
03:49:27,10144381616,49191330,20,321,32.06
03:49:43,16310309038,79109704,20,505,31.32
03:50:03,19914870102,63603044,20,609,30.88
03:50:17,13867605614,81045687,20,436,31.87
03:50:29,11592288685,69771183,20,364,31.84
03:50:47,18798733458,58988728,20,577,31.00
03:51:03,15842765897,57454789,20,491,31.33
03:51:16,12499819528,51492227,20,395,31.98
03:51:28,11822791297,55167121,20,371,31.79
03:51:41,13368190215,56516076,20,419,31.71
03:52:01,19660508377,62504404,20,607,31.17
03:52:18,17069319142,68980786,20,526,31.16
03:52:30,12569353487,78559680,20,394,31.79
03:52:44,13250284634,58799549,20,416,31.77
03:52:59,14995298021,59760790,20,471,31.78
03:53:19,20405655181,52964980,20,625,30.90
03:53:33,14316859485,55218710,20,447,31.59
03:53:46,12384092237,73406388,20,385,31.53
03:53:59,12757252149,59350863,20,400,31.74
03:54:11,12014337121,55527808,20,377,31.76
03:54:26,14983112288,69342728,20,470,31.75
03:54:40,13806829153,70584527,20,430,31.52
03:54:55,15698577563,63328786,20,487,31.35
03:55:11,15520511234,54733492,20,481,31.33
03:55:21,9868682931,71016648,20,315,32.44
03:55:33,12256611126,50532568,20,387,31.95
03:55:45,12030149711,71107923,20,377,31.76
03:55:57,12133845372,65558395,20,383,31.99
03:56:11,13263157093,69242326,20,413,31.55
03:56:22,11481824361,63573444,20,362,31.97
03:56:31,9316703711,62004144,20,297,32.38
03:56:41,9504063432,61473655,20,300,32.05
03:57:05,23946326300,50029225,20,726,30.56
03:57:19,13981879967,55361660,20,437,31.62
03:57:40,20665704105,53692444,20,631,30.81
03:57:54,14697500456,67693611,20,458,31.54
03:58:10,15242061479,54036262,20,474,31.43
03:58:27,17583547266,78355684,20,544,31.30
03:58:42,14621184722,59408581,20,455,31.48
03:58:59,17629371180,68941393,20,540,30.96
03:59:11,11601225407,68050782,20,368,32.16
03:59:31,19933678939,61146124,20,612,31.00
03:59:41,10157237728,67826410,20,324,32.40
03:59:53,11282981135,61121130,20,359,32.25
04:00:03,9963036481,51636630,20,319,32.45
04:00:25,22479744352,73218706,20,683,30.68
04:00:48,22718088328,80340572,20,684,30.41
04:01:04,16179508246,77185486,20,503,31.45
04:01:19,14994781796,57675298,20,467,31.49
04:01:39,19772679422,62902821,20,602,30.74
04:01:54,14682901379,59391829,20,455,31.33
04:02:08,14013590775,61880769,20,434,31.33
04:02:23,15721665693,54823926,20,487,31.31
04:02:34,10997989523,67328159,20,345,31.82
04:02:46,11683067300,60800995,20,367,31.83
04:02:54,7580071335,67511239,20,240,32.25
04:02:56,2731261137,51663120,20,87,33.07
04:03:16,19148632984,53841358,20,589,31.04
04:03:36,20150505460,62348086,20,616,30.87
04:03:48,11808543511,69813161,20,370,31.78
04:04:04,16351097488,54893372,20,505,31.21
04:04:25,21491539463,79738304,20,656,30.84
04:04:44,18537067139,80905073,20,570,31.09
04:04:54,9790152642,82009191,20,310,32.22
04:05:09,15516454106,66801751,20,480,31.29
04:05:20,10660962805,54232843,20,336,31.93
04:05:31,10780022057,75890275,20,340,32.04
04:05:51,20390698000,52508491,20,621,30.72
04:06:06,14620938426,53432251,20,454,31.37
04:06:22,16055009642,62780216,20,496,31.23
04:06:33,10666516507,54158829,20,338,32.09
04:06:48,14955485585,77900839,20,470,31.82
04:06:59,11699660512,56209077,20,371,32.12
04:07:15,15162334459,53938008,20,472,31.46
04:07:30,15751774207,60204870,20,491,31.53
04:07:45,14379940444,63892964,20,449,31.59
04:07:55,10674866846,62289107,20,336,31.93
04:08:10,14034295879,51800976,20,441,31.77
04:08:31,21567654129,59871110,20,657,30.74
04:08:41,9679487711,63451574,20,309,32.42
04:08:54,12871430331,58004327,20,405,31.86
04:09:05,11278954664,70687344,20,352,31.65
04:09:21,16102047429,56182700,20,497,31.19
04:09:38,16472906781,56759515,20,507,31.10
04:09:49,11034978381,62034216,20,349,32.07
04:10:00,10753748168,76338693,20,338,31.91
04:10:16,16564434284,61365438,20,513,31.31
04:10:28,11551163976,54151775,20,365,32.01
04:10:40,12555213691,61894975,20,395,31.85
04:10:54,14123624247,63830063,20,441,31.61
04:11:06,11968770375,76667158,20,378,32.03
04:11:14,7494967831,68859369,20,242,32.92
04:11:25,10571382721,54708926,20,337,32.31
04:11:37,12339710213,58480865,20,390,32.01
04:11:49,11969331004,52099118,20,381,32.20
04:12:04,15316049360,64961668,20,476,31.41
04:12:16,12222260591,61463726,20,385,31.92
04:12:27,10873487097,79648278,20,345,32.24
04:12:42,14258145177,60062306,20,446,31.65
04:12:56,13930100727,81075469,20,435,31.65
04:13:08,12410097107,57942980,20,392,32.00
04:13:20,11691389445,55439703,20,370,32.03
04:13:34,14568883318,89432291,20,458,31.87
04:13:50,15191683889,59384333,20,472,31.42
04:14:07,17349643878,75752504,20,538,31.37
04:14:21,14287704640,65572221,20,445,31.53
04:14:36,14431353908,70088592,20,447,31.36
04:14:51,14889685456,60101469,20,467,31.72
04:15:03,12553516593,75556677,20,393,31.74
04:15:18,14860970159,72643785,20,464,31.60
04:15:36,18020508859,69723651,20,557,31.25
04:15:52,16041409857,60144539,20,494,31.14
04:16:08,15321883307,64990837,20,477,31.50
04:16:19,10985129425,68266302,20,346,31.97
04:16:31,12624681959,68391959,20,399,32.02
04:16:54,22592021436,75633172,20,687,30.71
04:17:10,16182550757,68549487,20,499,31.18
04:17:23,12667233903,53186742,20,393,31.38
04:17:36,13551943950,56435668,20,422,31.51
04:17:56,19733449851,74830880,20,602,30.82
04:18:10,13425034599,56779489,20,421,31.74
04:18:22,12045664214,63825847,20,378,31.79
04:18:36,14015458458,74025249,20,441,31.88
04:18:54,18835499674,63479153,20,579,31.04
04:19:08,13412695041,80229794,20,421,31.82
04:19:21,12879057985,75037021,20,402,31.65
04:19:34,13627351285,70825257,20,426,31.67
04:19:46,11092408293,53591395,20,350,31.96
04:20:08,22840715927,64059685,20,692,30.57
04:20:26,17074528276,64162643,20,530,31.37
04:20:35,9075916859,63685531,20,288,32.25
04:20:52,17603028139,54202816,20,545,31.26
04:21:10,17189510263,76756239,20,534,31.43
04:21:24,14655934736,68042861,20,460,31.78
04:21:39,14460213400,52138387,20,450,31.46
04:21:49,9916090726,60244672,20,313,32.03
04:22:04,15406100345,55816079,20,478,31.36
04:22:15,10624682008,52634638,20,332,31.67
04:22:27,12231337551,64954111,20,386,31.98
04:22:42,15100514016,76217745,20,466,31.25
04:22:52,9486537613,58236574,20,302,32.33
04:23:03,11632714835,59870179,20,366,31.88
04:23:16,12860784654,56378463,20,404,31.81
04:23:31,14852518961,55719527,20,464,31.58
04:23:45,14349393666,73136691,20,449,31.68
04:23:58,12765952255,69684727,20,401,31.85
04:24:12,13508046085,69551969,20,423,31.73
04:24:25,13113636041,52645234,20,413,31.86
04:24:38,12926902691,75854030,20,406,31.84
04:24:51,13331658392,55898712,20,416,31.56
04:25:05,14274447233,69600974,20,447,31.70
04:25:23,17841937242,56476457,20,554,31.37
04:25:27,4116383678,72535222,20,133,33.41
04:25:50,22978745258,66634344,20,701,30.78
04:26:03,12720980220,70485468,20,399,31.79
04:26:20,16821133203,98462477,20,517,31.14
04:26:34,13893883847,59373989,20,434,31.60
04:26:51,17313067224,69193115,20,536,31.29
04:27:02,11097510201,60802906,20,352,32.17
04:27:19,16303654131,73541286,20,510,31.63
04:27:35,16651614040,68663445,20,512,31.10
04:27:52,16504911142,49909016,20,510,31.21
04:28:04,11960525614,79283968,20,377,32.00
04:28:23,18721317878,73355944,20,572,30.88
04:28:44,21521183804,56325123,20,655,30.70
04:28:58,13728668273,60308532,20,430,31.71
04:29:15,16624990663,65580771,20,512,31.14
04:29:28,13435556249,80284500,20,421,31.77
04:29:44,16297381351,59604456,20,504,31.26
04:29:56,11309579083,69207574,20,356,31.95
04:30:08,12447390618,69667542,20,390,31.75
04:30:24,15913619327,66089620,20,495,31.46
04:30:40,15457101391,80033979,20,481,31.52
04:30:58,17792755752,72070925,20,549,31.19
04:31:16,17970221794,78089499,20,552,31.06
04:31:27,11414742933,73889260,20,358,31.82
04:31:42,15115098652,58609761,20,473,31.63
04:31:56,13943325964,50959109,20,438,31.76
04:32:12,15740132530,55889983,20,488,31.32
04:32:28,16459133846,65229565,20,510,31.32
04:32:47,18911879230,67880802,20,585,31.25
04:33:02,14224770260,52226388,20,447,31.76
04:33:09,7850267650,50300180,20,250,32.34
04:33:19,9984569980,61155869,20,313,31.80
04:33:32,13020885397,61191903,20,411,31.98
04:33:48,15335204202,50773164,20,477,31.42
04:34:01,13429568086,71693845,20,417,31.44
04:34:12,10757750924,61015228,20,338,31.88
04:34:29,16512088405,49639155,20,511,31.25
04:34:44,15579065676,62215060,20,488,31.66
04:34:54,9918988329,56954761,20,315,32.20
04:35:07,13028730793,59524742,20,411,31.93
04:35:24,16963445564,72076912,20,526,31.36
04:35:37,12523336696,58425683,20,396,32.01
04:35:58,21272980081,59573105,20,648,30.74
04:36:16,18417977051,53833178,20,569,31.19
04:36:31,14152921943,84247448,20,446,31.94
04:36:55,24444593445,56210140,20,731,30.15
04:37:10,15042637502,63532311,20,470,31.60
04:37:29,18939863801,59967701,20,580,30.91
04:37:46,16951989477,71775768,20,523,31.20
04:38:01,14995924927,60952980,20,467,31.49
04:38:13,11969644274,60932852,20,375,31.75
04:38:35,21406689339,83894530,20,649,30.64
04:38:42,7300679461,65975454,20,231,32.26
04:38:57,15006972658,56240304,20,462,31.13
04:39:10,13355332115,68254560,20,420,31.86
04:39:26,15591224244,66478610,20,485,31.47
04:39:46,19756827490,64812287,20,604,30.86
04:39:58,12640705691,58534415,20,394,31.54
04:40:11,12666645445,66482958,20,402,32.16
04:40:24,12505731625,77934845,20,390,31.63
04:40:39,15108766622,76457657,20,472,31.63
04:40:56,17216735914,77573565,20,530,31.13
04:41:11,14797711933,90001989,20,462,31.64
04:41:28,17345206703,76745427,20,538,31.37
04:41:43,15099164537,63211452,20,470,31.50
04:41:54,11143724804,67736501,20,351,31.96
04:42:16,21707694067,61781858,20,665,30.93
04:42:31,14675493287,63765338,20,457,31.51
04:42:46,14901217411,68796055,20,467,31.72
04:43:03,17377587317,59674381,20,535,31.12
04:43:25,22094633053,64644373,20,676,30.88
04:43:40,14681274052,69743069,20,454,31.31
04:43:59,19199049228,76965459,20,589,31.01
04:44:14,14864165764,71711909,20,463,31.51
04:44:28,13667554939,74291697,20,426,31.57
04:44:39,11075452507,69246477,20,349,31.95
04:44:49,9931156989,56449156,20,311,31.76
04:45:05,16417773873,70990588,20,506,31.17
04:45:22,16811638574,62932616,20,516,31.02
04:45:31,9228273566,78909101,20,294,32.41
04:45:43,11248609037,77088745,20,355,32.03
04:46:00,17104673041,74058642,20,532,31.46
04:46:16,15792511530,66604588,20,493,31.58
04:46:31,15753755916,65413775,20,489,31.40
04:46:46,14223343392,64821140,20,442,31.45
04:47:03,17553620808,59534099,20,542,31.18
04:47:18,14655122479,83976698,20,454,31.39
04:47:33,15133548351,71318002,20,472,31.59
04:47:44,10504029225,67667157,20,334,32.27
04:47:58,14598867758,67396679,20,453,31.41
04:48:15,16423362221,62165994,20,509,31.32
04:48:29,14072922186,64472880,20,438,31.48
04:48:38,8654837791,55178578,20,275,32.27
04:48:53,15224482572,68278701,20,473,31.42
04:49:08,15226170572,70109141,20,474,31.51
04:49:25,16829331690,53071055,20,519,31.15
04:49:38,12895322939,57765079,20,402,31.55
04:49:50,12369125046,60669392,20,388,31.77
04:50:03,13040413087,55530177,20,409,31.75
04:50:22,19180245600,55052694,20,589,31.00
04:50:41,18559621495,71440129,20,570,31.04
04:50:55,14174739756,67102914,20,442,31.57
04:51:14,18289137643,71677128,20,564,31.17
04:51:25,11866598901,94560016,20,372,31.84
04:51:40,14226693539,80806266,20,446,31.76
04:51:54,14635289464,65524201,20,454,31.39
04:52:11,16372715541,50916318,20,511,31.52
04:52:27,16443584146,62330170,20,509,31.30
04:52:48,20744963480,62688914,20,634,30.86
04:53:07,19132057484,60107235,20,587,30.97
04:53:17,9392608292,68014353,20,297,32.14
04:53:28,11873643697,57825286,20,373,31.82
04:53:39,10746022232,81113267,20,341,32.26
04:53:57,17940464510,78778567,20,548,30.89
04:54:13,16153403998,53241465,20,497,31.08
04:54:25,11583017689,59245646,20,365,31.93
04:54:36,11236082190,66681094,20,355,32.03
04:54:53,16571080816,79077642,20,512,31.27
04:55:06,13396064045,62416843,20,421,31.82
04:55:21,14452811711,68320835,20,450,31.51
04:55:37,16198717129,58084421,20,505,31.52
04:55:53,15776161073,60305329,20,488,31.28
04:56:05,12100468418,55632300,20,380,31.79
04:56:20,14921865769,64616445,20,465,31.52
04:56:31,11555572940,59466337,20,362,31.75
04:56:40,8753396422,51183195,20,278,32.25
04:56:56,15971005904,73011459,20,494,31.28
04:57:13,16772262831,51943949,20,519,31.26
04:57:29,16238176679,55563245,20,509,31.67
04:57:47,17874511296,70202192,20,548,30.99
04:58:04,16332803678,65196862,20,507,31.39
04:58:15,11277324444,72408644,20,357,32.13
04:58:31,16515743969,69035448,20,513,31.41
04:58:44,12807922148,71654640,20,401,31.74
04:58:57,13195457858,68390081,20,415,31.87
04:59:10,12304697253,72541131,20,385,31.73
04:59:21,11461311780,57166243,20,364,32.18
04:59:34,12582385752,74750182,20,395,31.82
04:59:50,16143696252,55800677,20,498,31.16
05:00:06,15693859127,57722675,20,485,31.25
05:00:17,11581996654,71658096,20,365,31.96
05:00:34,16206831395,53943968,20,504,31.42
05:00:45,11524872631,75947557,20,364,32.07
05:01:03,17801790937,49696165,20,551,31.25
05:01:26,22766679748,68341345,20,686,30.42
05:01:51,25422055059,61077266,20,760,30.15
05:02:02,10370853851,56428180,20,327,31.96
05:02:14,12653776460,57485381,20,396,31.68
05:02:27,12888040973,63741029,20,405,31.83
05:02:49,21401737042,62503205,20,653,30.80
05:02:57,8129641678,68212232,20,258,32.33
05:03:13,16383891682,68091196,20,507,31.29
05:03:24,11114328774,65692915,20,349,31.84
05:03:44,19231101917,73790076,20,586,30.79
05:03:54,10810344410,56800383,20,345,32.36
05:04:09,14549261416,82010507,20,455,31.68
05:04:26,16623856872,71684058,20,514,31.28
05:04:41,15381750074,60164840,20,479,31.49
05:04:54,12703344851,52877044,20,399,31.79
05:05:09,15533525150,53426822,20,485,31.55
05:05:21,11898538722,68531268,20,374,31.88
05:05:30,8719963047,59542028,20,280,32.63
05:05:49,18417558256,75716752,20,567,31.13
05:06:03,14467479021,53206434,20,457,31.95
05:06:15,12359618692,62044089,20,390,31.96
05:06:29,13615497476,57304868,20,427,31.74
05:06:41,11774637593,52910864,20,369,31.72
05:06:55,14641203187,56740770,20,460,31.78
05:07:12,16301829614,63979115,20,506,31.38
05:07:31,18876204440,72695424,20,581,31.10
05:07:46,15635689558,53643217,20,489,31.60
05:08:04,17744705369,58163194,20,547,31.15
05:08:23,18686580649,59734026,20,573,30.97
05:08:31,8370280609,52794386,20,266,32.28
05:08:49,17697196605,55520900,20,544,31.05
05:09:01,11642205246,53454144,20,365,31.76
05:09:15,13928935795,75908286,20,433,31.49
05:09:28,13440001310,65582991,20,420,31.65
05:09:45,16771106369,55885702,20,519,31.26
05:09:59,14554991350,83806181,20,453,31.54
05:10:20,20752159203,56232084,20,630,30.64
05:10:39,18864970831,61880212,20,574,30.74
05:10:56,17101073649,81837460,20,531,31.42
05:11:08,11487214040,74664039,20,365,32.24
05:11:27,19503708074,86609754,20,598,31.00
05:11:40,12793467964,61315203,20,404,31.96
05:11:57,16948222672,56913653,20,523,31.18
05:12:10,12432355159,70776392,20,394,32.13
05:12:19,9673480543,77031086,20,307,32.28
05:12:33,13288234830,54046162,20,418,31.81
05:12:50,17032084848,67532706,20,527,31.29
05:13:07,17661603225,71696378,20,544,31.13
05:13:19,11470368780,68751476,20,362,32.00
05:13:34,14788750335,69556872,20,459,31.41
05:13:37,3422263835,51558730,20,109,32.93
05:13:47,10249234642,63071058,20,323,31.98
05:14:03,15273119808,60271394,20,478,31.65
05:14:17,14846758822,58808254,20,465,31.67
05:14:27,9499841304,84415005,20,302,32.36
05:14:40,12784143470,52904442,20,401,31.72
05:14:50,9792607257,74480243,20,307,31.87
05:15:03,13527418615,64898516,20,424,31.73
05:15:13,9494281786,67859276,20,300,32.08
05:15:29,16388641339,56077452,20,512,31.56
05:15:47,17352163032,63024411,20,536,31.21
05:16:05,18217010253,64425493,20,562,31.17
05:16:22,17381363576,68901492,20,535,31.10
05:16:36,14300060073,69138191,20,445,31.49
05:16:53,16897964159,67374468,20,520,31.11
05:17:08,14714166195,69897480,20,460,31.65
05:17:24,15731437314,52452548,20,487,31.27
05:17:39,14965144770,63365612,20,463,31.30
05:17:53,14118518477,61169167,20,437,31.32
05:18:14,20935480948,61924506,20,640,30.85
05:18:28,14463217638,63808137,20,451,31.53
05:18:42,13513009509,65763853,20,425,31.85
05:18:58,15796379015,52464580,20,493,31.54
05:19:13,15401680130,58169540,20,481,31.56
05:19:26,12542719819,59395992,20,396,31.98
05:19:40,14349352232,50329069,20,449,31.64
05:19:50,10057144625,51786661,20,320,32.25
05:20:02,12013163812,75739345,20,379,31.98
05:20:16,13399726209,82313652,20,420,31.77
05:20:31,15703174385,57391718,20,489,31.48
05:20:44,12800499878,63645283,20,403,31.90
05:20:56,11848869864,61532779,20,375,32.05
05:21:09,13194992230,74851936,20,412,31.64
05:21:20,10423552895,69773750,20,327,31.87
05:21:40,20057572811,50911995,20,607,30.53
05:21:56,15536352677,62927464,20,482,31.35
05:22:12,16098271324,70264644,20,498,31.30
05:22:30,18507766518,85721744,20,568,31.03
05:22:46,15780018237,77609909,20,491,31.49
05:23:01,15239881950,57761742,20,476,31.58
05:23:18,16596892277,60948558,20,513,31.24
05:23:33,14967826163,57978226,20,464,31.35
05:23:49,15674469021,69484840,20,486,31.37
05:24:06,17735889058,54195290,20,547,31.13
05:24:21,14607831440,54021828,20,454,31.44
05:24:35,14035451910,71001831,20,442,31.89
05:24:50,14782310448,82143206,20,460,31.52
05:25:09,18756609267,84988743,20,577,31.12
05:25:21,12842525615,57195067,20,402,31.70
05:25:31,9255527682,57834757,20,295,32.38
05:25:43,12044976735,57225999,20,376,31.62
05:25:56,13637778476,55120677,20,425,31.52
05:26:06,9379620679,65959054,20,296,32.06
05:26:20,13918186290,66745879,20,433,31.49
05:26:35,14672793511,57380605,20,456,31.42
05:26:49,14219580989,59940516,20,440,31.31
05:27:00,11030937354,51772254,20,350,32.13
05:27:16,16529615192,58942648,20,515,31.47
05:27:27,10320102062,55690252,20,326,32.02
05:27:49,22437170066,56642110,20,677,30.44
05:28:08,18476580441,70996998,20,565,30.90
05:28:24,15969506154,86082474,20,494,31.32
05:28:44,19777048533,78914631,20,601,30.72
05:28:58,14211788523,58806424,20,441,31.38
05:29:11,13646309174,67595190,20,426,31.60
05:29:29,17382206902,55540760,20,533,30.97
05:29:42,12654959964,62490391,20,396,31.70
05:29:57,15569672734,61032566,20,485,31.49
05:30:14,16442153987,72365426,20,509,31.32
05:30:29,14910900893,57922588,20,465,31.54
05:30:43,14519146147,56482502,20,455,31.70
05:30:56,13002322474,53046542,20,407,31.67
05:31:09,13054077214,59531963,20,406,31.49
05:31:21,11430363733,73994044,20,358,31.79
05:31:37,16644749920,58576480,20,513,31.14
05:31:52,15168843458,73651308,20,475,31.70
05:32:07,14936644473,52581059,20,464,31.39
05:32:22,14372045755,67863536,20,455,32.04
05:32:33,10978579044,49551617,20,348,32.10
05:32:49,15947122487,56787021,20,495,31.36
05:33:05,16545507391,70594418,20,509,31.11
05:33:22,16367019854,76825350,20,507,31.35
05:33:36,14396979478,80228302,20,447,31.45
05:33:48,11398770729,57854679,20,360,32.00
05:33:58,10165279659,56018579,20,319,31.83
05:34:15,17318514246,59459189,20,534,31.17
05:34:28,13240200034,56134254,20,416,31.80
05:34:40,11796886671,56448249,20,369,31.67
05:34:53,12809088793,75279913,20,403,31.90
05:35:06,13335217362,56774980,20,419,31.79
05:35:24,17534649195,53722490,20,542,31.22
05:35:40,15931738575,82794032,20,490,31.15
05:36:04,24362292412,66679820,20,731,30.26
05:36:15,11051039615,78789429,20,349,32.07
05:36:31,15592607735,56574528,20,483,31.32
05:36:42,11164286145,75789885,20,351,31.90
05:36:54,12167220361,61226142,20,381,31.72
05:37:05,10747416803,81298894,20,336,31.75
05:37:22,17115858076,54791667,20,530,31.28
05:37:33,10908746640,54582184,20,347,32.24
05:37:46,12359919981,74305371,20,388,31.82
05:38:00,13941529360,54339616,20,435,31.56
05:38:09,9134013582,58741781,20,291,32.36
05:38:28,18922656142,59104569,20,584,31.17
05:38:42,14630676148,88975924,20,458,31.73
05:38:57,14347725476,57797245,20,453,31.94
05:39:09,12329839953,76745214,20,386,31.76
05:39:26,17011031816,59635870,20,526,31.25
05:39:36,9886090862,63032635,20,312,32.03
05:39:58,21490850127,55133031,20,647,30.36
05:40:13,15090365761,68365924,20,467,31.32
05:40:25,11905842231,52917850,20,375,31.88
05:40:37,12159352015,61744509,20,382,31.83
05:40:50,13430458656,72847853,20,424,32.00
05:41:05,14949247221,61699678,20,467,31.59
05:41:16,10801107314,75338679,20,344,32.33
05:41:27,11085943085,67982309,20,351,32.11
05:41:38,11290587724,50592202,20,353,31.65
05:41:55,16991680951,60900816,20,524,31.17
05:42:11,15599923993,52581672,20,482,31.23
05:42:16,4453314633,55269627,20,143,32.94
05:42:31,15842813977,66841128,20,492,31.41
05:42:44,12478549881,65875234,20,394,31.98
05:43:00,16097491877,69120932,20,494,31.04
05:43:19,18825330567,70230877,20,577,30.97
05:43:29,10527768316,65955404,20,332,32.01
05:43:45,15838481691,55443964,20,495,31.58
05:43:59,14088701777,69562484,20,440,31.63
05:44:17,17337676383,79759824,20,535,31.21
05:44:29,11908667933,55396643,20,376,31.97
05:44:38,9530798123,56674807,20,305,32.48
05:44:45,6966075834,52963853,20,221,32.30
05:44:58,12626242086,66878047,20,397,31.86
05:45:14,16160739877,54202681,20,500,31.26
05:45:26,11505335862,73010786,20,360,31.74
05:45:36,10587032716,55001129,20,338,32.34
05:45:54,17236219548,77010529,20,529,31.04
05:46:14,20037477839,64191415,20,614,30.94
05:46:31,17106477027,56814620,20,531,31.36
05:46:50,19330477220,52983631,20,597,31.17
05:47:03,12896345099,65261171,20,404,31.73
05:47:16,13240886592,62765634,20,415,31.72
05:47:26,9904828252,74216972,20,311,31.93
05:47:43,16880172397,51472593,20,520,31.11
05:48:02,18691095716,57517786,20,573,30.95
05:48:13,10821165910,74960542,20,341,32.01
05:48:32,19582846025,58086109,20,600,30.92
05:48:53,21137250404,53151005,20,645,30.78
05:49:03,9295131497,59236597,20,297,32.42
05:49:20,17364020339,59826586,20,536,31.19
05:49:36,15594774501,92470584,20,481,31.25
05:49:55,18914257181,63475292,20,575,30.71
05:50:07,11743211819,54436104,20,372,32.06
05:50:20,12994821249,53793979,20,408,31.77
05:50:46,26624822074,53452669,20,797,30.16
05:50:56,10236830417,60393135,20,322,31.91
05:51:13,16285458803,65029832,20,505,31.36
05:51:26,13504952222,72604040,20,420,31.50
05:51:46,19957547679,54620274,20,609,30.80
05:52:04,17404521676,54209099,20,533,30.93
05:52:22,18016093914,66697297,20,556,31.18
05:52:32,10243475060,59988626,20,324,32.07
05:52:45,12950580503,55766492,20,409,31.95
05:53:01,16432573333,55095893,20,509,31.30
05:53:18,16088173207,61738882,20,497,31.23
05:53:31,13364729183,51896172,20,419,31.71
05:53:47,16411104582,55106381,20,509,31.34
05:54:04,16309777167,64194453,20,504,31.24
05:54:18,14170561813,61487313,20,442,31.57
05:54:34,15835397224,71928249,20,492,31.43
05:54:49,15486507253,87519033,20,477,31.19
05:55:11,21576703179,78717329,20,660,30.89
05:55:24,13279016791,68697418,20,414,31.57
05:55:42,18204651142,73914339,20,559,31.03
05:55:57,14597520211,56718437,20,458,31.71
05:56:12,14546083825,83009515,20,452,31.47
05:56:31,19775972500,54152455,20,611,31.18
05:56:41,9703493033,73665579,20,306,32.07
05:56:53,11815855901,74238252,20,373,32.01
05:57:04,10658806187,56683701,20,337,32.03
05:57:17,13778686393,56768654,20,432,31.71
05:57:26,8534620379,63089147,20,274,32.65
05:57:41,14748107585,73939948,20,460,31.59
05:57:55,13895770987,58316622,20,433,31.53
05:58:08,13228201655,67832282,20,412,31.54
