timestamp,model,cpu_temp,ram_used_mb,prefill_tps,decode_tps,prefill_dur_s,decode_dur_s
1781630311,phi3:mini,29.0,1115,38.48,19.21,.675617,16.657373
1781630343,phi3:mini,32.0,4813,434.46,14.44,.059844,130.747368
1781630474,phi3:mini,33.0,4807,546.66,18.54,.047561,28.200306
1781630502,phi3:mini,34.0,4816,462.98,18.99,.056157,19.895307
1781630522,phi3:mini,36.0,4818,499.54,18.77,.052047,21.574472
1781630544,phi3:mini,34.0,4814,537.21,18.66,.048397,24.856752
1781630569,phi3:mini,34.0,4821,492.96,19.22,.052741,15.136788
1781630585,phi3:mini,34.0,4829,469.75,18.43,.055348,29.993805
1781630615,phi3:mini,36.0,4830,507.65,19.34,.051216,20.159930
1781630635,phi3:mini,33.0,4832,490.33,19.06,.053024,20.513828
1781630656,phi3:mini,36.0,4828,499.81,18.78,.052018,24.916330
1781630681,phi3:mini,34.0,4830,509.17,18.87,.051062,20.079229
1781630701,phi3:mini,36.0,4837,525.79,17.86,.049448,38.844085
1781630740,phi3:mini,34.0,4833,484.27,18.51,.053688,28.037443
1781630769,phi3:mini,36.0,4831,497.05,18.75,.052307,21.486724
1781630790,phi3:mini,34.0,4829,439.15,18.00,.059204,35.596222
1781630826,phi3:mini,34.0,4825,501.38,12.76,.051856,205.232368
1781631032,phi3:mini,32.0,4827,452.33,18.77,.057479,22.099624
1781631054,phi3:mini,34.0,4834,468.71,18.49,.055470,29.798775
1781631084,phi3:mini,34.0,4831,530.78,18.35,.048983,32.680281
1781631117,phi3:mini,34.0,4839,531.56,18.96,.048912,22.672666
1781631140,phi3:mini,34.0,4832,515.71,18.51,.050415,26.404052
1781631166,phi3:mini,36.0,4843,499.46,17.55,.052055,45.391915
1781631212,phi3:mini,34.0,4834,513.19,18.62,.050663,24.907348
1781631237,phi3:mini,34.0,4841,499.00,18.82,.052103,21.456309
1781631259,phi3:mini,34.0,4839,505.36,18.05,.051447,34.386487
1781631293,phi3:mini,34.0,4838,499.96,18.55,.052003,27.377052
1781631321,phi3:mini,34.0,4838,545.10,18.28,.047697,30.578287
1781631352,phi3:mini,34.0,4839,519.04,18.59,.050091,26.836472
1781631379,phi3:mini,34.0,4835,445.30,18.56,.058386,26.713235
1781631406,phi3:mini,36.0,4840,474.33,19.12,.054813,19.133256
1781631425,phi3:mini,34.0,4837,491.74,18.67,.052872,26.189973
1781631451,phi3:mini,34.0,4840,496.56,17.55,.052359,47.051122
1781631499,phi3:mini,31.0,4844,459.81,18.50,.056544,27.726859
1781631527,phi3:mini,33.0,4849,538.42,18.90,.048289,20.573711
1781631547,phi3:mini,30.0,4841,511.35,19.56,.050845,16.051976
1781631564,phi3:mini,36.0,4843,432.10,18.66,.060170,28.764879
1781631593,phi3:mini,34.0,4842,503.89,19.15,.051598,18.692936
1781631612,phi3:mini,36.0,4844,522.91,17.69,.049721,43.003662
1781631655,phi3:mini,34.0,4848,474.59,18.22,.054784,30.837463
1781631686,phi3:mini,34.0,4844,474.09,18.93,.054841,21.707082
1781631708,phi3:mini,34.0,4845,490.69,17.89,.052986,38.445164
1781631746,phi3:mini,34.0,4855,522.01,18.81,.049806,22.962562
1781631770,phi3:mini,34.0,4856,498.72,19.29,.052133,17.207656
1781631787,phi3:mini,34.0,4852,503.55,18.62,.051632,25.724381
1781631813,phi3:mini,36.0,4841,556.61,17.92,.046711,36.311022
1781631849,phi3:mini,34.0,4843,537.73,18.93,.048351,19.487485
1781631869,phi3:mini,34.0,4848,490.19,18.18,.053040,31.130487
1781631900,phi3:mini,34.0,4850,512.38,18.36,.050743,27.553673
1781631928,phi3:mini,34.0,4853,471.87,18.65,.055098,25.945563
1781631954,phi3:mini,36.0,4855,487.73,18.13,.053307,35.020970
1781631990,phi3:mini,36.0,4839,493.50,18.68,.052684,25.952301
1781632016,phi3:mini,36.0,4848,497.49,18.44,.052261,32.202002
1781632048,phi3:mini,36.0,4840,530.66,18.99,.048995,24.951676
1781632073,phi3:mini,34.0,4848,470.71,18.83,.055235,22.674649
1781632096,phi3:mini,34.0,4845,516.08,18.67,.050379,24.949274
1781632121,phi3:mini,37.0,4843,539.87,18.59,.048158,27.320621
1781632149,phi3:mini,36.0,4854,492.60,18.75,.052780,23.726395
1781632173,phi3:mini,34.0,4852,497.32,18.37,.052280,30.091206
1781632203,phi3:mini,36.0,4847,498.71,18.02,.052133,36.402516
1781632240,phi3:mini,34.0,4841,513.52,18.92,.050629,23.251476
1781632263,phi3:mini,37.0,4850,497.79,18.52,.052229,26.938785
1781632290,phi3:mini,34.0,4853,530.29,16.38,.049029,69.650386
1781632360,phi3:mini,34.0,4850,471.03,17.92,.055197,36.978899
1781632397,phi3:mini,31.0,4849,485.09,17.94,.053597,39.670134
1781632437,phi3:mini,34.0,4842,558.74,18.32,.046533,30.891105
1781632468,phi3:mini,36.0,4846,466.08,18.48,.055784,28.779763
1781632497,phi3:mini,36.0,4858,498.87,18.20,.052117,30.368968
1781632528,phi3:mini,34.0,4855,476.80,18.69,.054529,26.687221
1781632555,phi3:mini,34.0,4849,457.09,18.64,.056881,27.455819
1781632583,phi3:mini,35.0,4845,533.55,18.53,.048730,27.293856
1781632610,phi3:mini,36.0,4840,476.41,18.19,.054573,31.003153
1781632641,phi3:mini,34.0,4850,492.11,18.68,.052833,27.397835
1781632669,phi3:mini,34.0,4842,550.25,18.77,.047251,27.592165
1781632697,phi3:mini,36.0,4839,515.84,18.52,.050402,28.720486
1781632726,phi3:mini,36.0,4840,550.77,18.93,.047205,22.391290
1781632748,phi3:mini,34.0,4852,515.14,18.54,.050470,27.558080
1781632776,phi3:mini,36.0,4847,482.32,18.34,.053905,28.940312
1781632805,phi3:mini,34.0,4841,497.47,18.57,.052264,25.951243
1781632831,phi3:mini,34.0,4846,500.18,17.95,.051980,37.028825
1781632868,phi3:mini,34.0,4842,450.03,18.76,.057773,22.966832
1781632892,phi3:mini,34.0,4844,476.13,17.31,.054606,48.567572
1781632940,phi3:mini,34.0,4846,516.89,18.73,.050300,27.974704
1781632969,phi3:mini,36.0,4842,496.57,19.40,.052358,19.429117
1781632988,phi3:mini,34.0,4847,521.90,18.86,.049817,26.975342
1781633015,phi3:mini,36.0,4848,505.24,18.63,.051460,25.912056
1781633042,phi3:mini,34.0,4845,525.12,16.53,.049511,67.548140
1781633109,phi3:mini,34.0,4844,452.17,18.86,.057500,24.066903
1781633134,phi3:mini,34.0,4839,511.77,18.82,.050803,20.878356
1781633155,phi3:mini,36.0,4843,501.68,18.69,.051825,26.318172
1781633181,phi3:mini,34.0,4843,511.65,18.68,.050815,25.105788
1781633207,phi3:mini,34.0,4845,522.88,17.58,.049724,44.122430
1781633251,phi3:mini,34.0,4840,481.85,18.92,.053958,22.505088
1781633274,phi3:mini,33.0,4843,503.65,18.93,.051622,19.800706
1781633294,phi3:mini,34.0,4844,517.66,18.64,.050225,26.227830
1781633320,phi3:mini,34.0,4841,441.45,18.17,.058896,31.313651
1781633351,phi3:mini,34.0,4837,522.90,18.50,.049722,27.131332
1781633379,phi3:mini,34.0,4846,565.88,18.55,.045945,28.246578
1781633407,phi3:mini,33.0,4849,519.60,18.29,.050037,28.424610
1781633436,phi3:mini,34.0,4838,490.76,18.52,.052978,23.691563
1781633460,phi3:mini,34.0,4838,489.86,18.73,.053076,24.654675
1781633485,phi3:mini,34.0,4835,477.65,18.87,.054432,23.900330
1781633509,phi3:mini,34.0,4844,508.05,18.67,.051175,25.325920
1781633534,phi3:mini,34.0,4841,469.40,18.74,.055389,22.080119
1781633557,phi3:mini,36.0,4839,490.30,18.96,.053028,23.094989
1781633580,phi3:mini,36.0,4838,506.96,18.56,.051286,29.298951
1781633609,phi3:mini,34.0,4838,513.80,18.74,.050603,22.251530
1781633632,phi3:mini,34.0,4843,472.38,18.46,.055039,26.746750
1781633659,phi3:mini,34.0,4854,484.00,18.06,.053718,32.821785
1781633692,phi3:mini,34.0,4852,486.32,18.90,.053462,24.124972
1781633716,phi3:mini,34.0,4846,546.82,19.12,.047547,17.782385
1781633734,phi3:mini,36.0,4851,529.16,18.43,.049133,27.009891
1781633761,phi3:mini,34.0,4857,529.31,18.41,.049120,28.080914
1781633790,phi3:mini,33.0,4853,472.55,18.56,.055019,25.044628
1781633815,phi3:mini,36.0,4852,499.45,18.82,.052056,22.631109
1781633838,phi3:mini,34.0,4848,529.55,19.03,.049097,17.437832
1781633855,phi3:mini,36.0,4846,568.19,18.66,.045759,28.133695
1781633883,phi3:mini,34.0,4848,511.12,18.73,.050867,26.042033
1781633910,phi3:mini,34.0,4847,505.17,19.00,.051467,22.047645
1781633932,phi3:mini,36.0,4850,499.34,17.86,.052068,39.631393
1781633972,phi3:mini,34.0,4854,464.77,18.47,.055941,27.113807
1781633999,phi3:mini,33.0,4850,503.01,18.36,.051688,29.737479
1781634029,phi3:mini,36.0,4845,471.55,18.70,.055136,23.527784
1781634053,phi3:mini,34.0,4847,435.01,18.66,.059768,24.060838
1781634077,phi3:mini,34.0,4836,489.34,18.60,.053132,26.610963
1781634104,phi3:mini,33.0,4841,508.57,18.18,.051123,33.206859
1781634137,phi3:mini,34.0,4850,536.70,18.55,.048443,29.041246
1781634167,phi3:mini,36.0,4852,510.55,18.54,.050924,27.015216
1781634194,phi3:mini,34.0,4850,485.75,18.29,.053525,30.550543
1781634225,phi3:mini,34.0,4850,515.24,18.80,.050461,25.153850
1781634250,phi3:mini,36.0,4858,493.20,18.42,.052716,29.369157
1781634279,phi3:mini,34.0,4854,493.45,18.10,.052689,32.694614
1781634312,phi3:mini,34.0,4850,506.66,18.67,.051316,25.113404
1781634338,phi3:mini,34.0,4850,455.28,17.87,.057106,38.709345
1781634377,phi3:mini,33.0,4852,470.29,18.98,.055284,23.858823
1781634401,phi3:mini,34.0,4850,521.93,19.13,.049814,25.291081
1781634426,phi3:mini,36.0,4851,499.38,18.58,.052064,30.988933
1781634457,phi3:mini,34.0,4854,473.88,14.08,.054865,143.260333
1781634601,phi3:mini,33.0,4844,463.16,19.05,.056135,25.978234
1781634627,phi3:mini,34.0,4849,517.73,19.45,.050219,16.649982
1781634644,phi3:mini,34.0,4850,521.09,18.50,.049894,30.806027
1781634675,phi3:mini,34.0,4848,534.84,18.33,.048612,32.284198
1781634708,phi3:mini,34.0,4846,471.43,18.84,.055150,24.837303
1781634733,phi3:mini,34.0,4846,501.43,18.61,.051851,26.860196
1781634760,phi3:mini,34.0,4844,547.07,19.35,.047525,17.510839
1781634777,phi3:mini,34.0,4837,489.86,18.61,.053076,25.948133
1781634804,phi3:mini,34.0,4845,499.19,18.46,.052083,27.833327
1781634832,phi3:mini,36.0,4840,506.02,14.52,.051381,126.610295
1781634959,phi3:mini,33.0,4844,467.51,19.10,.055613,18.634050
1781634977,phi3:mini,36.0,4839,496.47,18.89,.052368,22.974735
1781635001,phi3:mini,33.0,4840,498.51,18.13,.052154,33.635208
1781635034,phi3:mini,34.0,4836,489.70,18.75,.053093,24.573805
1781635059,phi3:mini,36.0,4842,457.31,19.04,.056854,21.893277
1781635081,phi3:mini,34.0,4846,507.29,18.46,.051252,29.671365
1781635111,phi3:mini,34.0,4846,490.89,17.78,.052964,42.064868
1781635153,phi3:mini,34.0,4850,555.81,18.76,.046778,27.824854
1781635181,phi3:mini,36.0,4854,488.23,18.51,.053253,27.707062
1781635209,phi3:mini,34.0,4855,511.25,18.67,.050854,24.101040
1781635234,phi3:mini,33.0,4847,515.21,18.77,.050463,24.129764
1781635258,phi3:mini,34.0,4840,483.10,17.70,.053818,40.670509
1781635299,phi3:mini,34.0,4843,507.83,18.69,.051197,25.724985
1781635325,phi3:mini,34.0,4840,434.30,18.82,.059866,23.908298
1781635349,phi3:mini,34.0,4842,523.65,18.31,.049650,31.178823
1781635380,phi3:mini,34.0,4846,527.40,17.83,.049297,37.727110
1781635418,phi3:mini,34.0,4847,557.46,18.61,.046639,24.449138
1781635443,phi3:mini,36.0,4853,510.44,18.14,.050935,35.722065
1781635479,phi3:mini,34.0,4844,493.34,18.41,.052701,26.992904
1781635506,phi3:mini,34.0,4834,481.42,18.62,.054006,23.726879
1781635530,phi3:mini,34.0,4849,476.40,18.91,.054575,20.992888
1781635551,phi3:mini,36.0,4840,504.76,18.74,.051509,22.935952
1781635574,phi3:mini,34.0,4851,475.04,19.46,.054731,14.388209
1781635589,phi3:mini,34.0,4848,473.16,18.89,.054948,23.554461
1781635613,phi3:mini,36.0,4850,492.18,18.99,.052825,20.062099
1781635633,phi3:mini,34.0,4852,490.22,17.44,.053037,46.837797
1781635680,phi3:mini,36.0,4851,465.14,18.36,.055896,33.106776
1781635713,phi3:mini,31.0,4844,0,0,0,0
1781635756,phi3:mini,37.0,4850,489.00,18.66,.053169,25.828590
1781635782,phi3:mini,37.0,4850,509.15,17.82,.051064,40.613606
1781635823,phi3:mini,36.0,4850,508.80,18.71,.051099,23.400852
1781635847,phi3:mini,34.0,4847,496.25,18.14,.052392,37.136498
1781635884,phi3:mini,34.0,4852,536.81,18.90,.048433,22.536362
1781635907,phi3:mini,34.0,4849,548.33,18.42,.047416,31.432152
1781635938,phi3:mini,34.0,4849,454.71,18.94,.057178,23.808759
1781635962,phi3:mini,34.0,4844,513.37,18.78,.050645,23.959357
1781635987,phi3:mini,37.0,4841,545.09,19.09,.047697,15.345264
1781636002,phi3:mini,34.0,4839,490.56,18.47,.052999,27.394505
1781636030,phi3:mini,36.0,4843,525.00,18.68,.049523,22.482264
1781636052,phi3:mini,34.0,4851,529.00,18.65,.049149,27.184840
1781636080,phi3:mini,34.0,4852,503.16,19.00,.051673,22.357945
1781636102,phi3:mini,36.0,4845,521.07,18.62,.049896,25.557687
1781636128,phi3:mini,34.0,4851,506.99,18.28,.051282,32.164337
1781636160,phi3:mini,34.0,4850,455.29,18.72,.057106,24.512427
1781636185,phi3:mini,34.0,4857,529.96,18.96,.049059,22.093103
1781636207,phi3:mini,36.0,4850,493.37,18.88,.052697,23.244028
1781636231,phi3:mini,34.0,4852,522.77,15.69,.049734,86.839150
1781636318,phi3:mini,36.0,4851,502.64,18.83,.051726,23.942261
1781636342,phi3:mini,34.0,4850,455.69,18.75,.057055,21.808167
1781636364,phi3:mini,34.0,4851,510.01,19.03,.050978,20.961113
1781636385,phi3:mini,36.0,4844,442.37,18.35,.058773,27.403578
1781636413,phi3:mini,34.0,4847,465.35,18.13,.055871,34.415086
1781636448,phi3:mini,34.0,4878,520.20,18.51,.049979,25.702438
1781636473,phi3:mini,36.0,4878,508.96,18.96,.051084,20.823830
1781636494,phi3:mini,36.0,4873,488.12,18.89,.053264,21.220777
1781636516,phi3:mini,34.0,4876,526.36,18.03,.049395,35.151015
1781636551,phi3:mini,36.0,4848,569.85,19.01,.045625,21.668855
1781636573,phi3:mini,34.0,4852,520.81,17.83,.049921,39.251295
1781636613,phi3:mini,33.0,4854,509.68,18.28,.051011,33.416790
1781636646,phi3:mini,34.0,4848,455.28,17.44,.057107,47.591566
1781636694,phi3:mini,34.0,4848,464.78,18.62,.055940,23.888603
1781636718,phi3:mini,36.0,4849,496.18,19.31,.052399,20.760511
1781636739,phi3:mini,36.0,4852,525.32,18.13,.049493,38.095661
1781636777,phi3:mini,34.0,4850,538.57,17.93,.048275,39.301006
1781636817,phi3:mini,34.0,4853,479.18,18.32,.054258,31.206886
1781636848,phi3:mini,34.0,4847,501.68,18.61,.051825,24.337500
1781636873,phi3:mini,34.0,4857,495.10,17.95,.052514,36.026575
1781636909,phi3:mini,34.0,4854,473.08,18.51,.054958,30.293687
1781636940,phi3:mini,36.0,4849,501.54,18.66,.051839,22.337386
1781636962,phi3:mini,34.0,4854,497.08,18.52,.052305,31.313314
1781636994,phi3:mini,34.0,4853,532.11,19.16,.048861,22.699642
1781637017,phi3:mini,36.0,4854,488.64,19.08,.053207,20.858163
1781637038,phi3:mini,37.0,4859,483.42,16.96,.053783,57.540060
1781637095,phi3:mini,34.0,4847,512.74,19.13,.050707,17.772282
1781637113,phi3:mini,36.0,4843,499.28,18.77,.052074,24.818964
1781637138,phi3:mini,36.0,4847,504.87,17.65,.051497,41.511771
1781637180,phi3:mini,34.0,4842,455.71,18.87,.057053,24.471590
1781637205,phi3:mini,36.0,4843,538.22,18.87,.048307,25.647157
1781637231,phi3:mini,36.0,4849,480.48,19.42,.054111,16.734265
1781637248,phi3:mini,37.0,4847,529.38,18.81,.049113,24.766640
1781637273,phi3:mini,34.0,4848,533.96,18.66,.048692,26.034488
1781637299,phi3:mini,36.0,4851,524.67,17.56,.049554,45.266206
1781637344,phi3:mini,34.0,4854,459.27,18.54,.056610,26.747223
1781637371,phi3:mini,34.0,4852,525.75,18.24,.049453,29.319123
1781637401,phi3:mini,34.0,4846,541.65,18.34,.048001,29.816965
1781637431,phi3:mini,37.0,4845,552.10,18.94,.047092,22.695910
1781637454,phi3:mini,34.0,4838,543.05,18.46,.047876,26.753699
1781637481,phi3:mini,37.0,4846,548.02,18.57,.047442,27.832244
1781637509,phi3:mini,36.0,4851,521.32,18.49,.049872,27.088329
1781637536,phi3:mini,36.0,4850,494.23,18.50,.052606,28.096806
1781637564,phi3:mini,36.0,4846,415.69,19.23,.062545,17.937806
1781637583,phi3:mini,36.0,4842,497.86,18.75,.052223,22.020982
1781637605,phi3:mini,37.0,4846,515.09,18.48,.050476,25.914207
1781637631,phi3:mini,37.0,4855,495.60,18.37,.052461,27.543005
1781637659,phi3:mini,37.0,4852,458.37,18.77,.056721,23.011569
1781637682,phi3:mini,31.0,4857,527.16,18.69,.049320,24.600539
1781637707,phi3:mini,36.0,4853,503.84,18.48,.051602,29.207451
1781637736,phi3:mini,36.0,4850,498.63,18.99,.052142,19.059676
1781637755,phi3:mini,36.0,4854,518.05,18.84,.050187,21.070565
1781637776,phi3:mini,36.0,4854,500.59,18.74,.051938,24.971560
1781637802,phi3:mini,36.0,4851,513.67,18.71,.050615,24.793571
1781637827,phi3:mini,36.0,4848,521.77,18.80,.049830,26.537052
1781637853,phi3:mini,34.0,4850,476.88,19.03,.054521,23.058214
1781637877,phi3:mini,33.0,4846,534.91,18.74,.048606,24.647745
1781637902,phi3:mini,36.0,4852,496.68,18.92,.052346,24.144376
1781637926,phi3:mini,36.0,4851,521.83,18.49,.049824,29.520467
1781637956,phi3:mini,36.0,4851,493.68,14.35,.052664,131.290013
1781638087,phi3:mini,33.0,4845,470.45,18.63,.055266,27.254903
1781638115,phi3:mini,33.0,4846,488.14,18.64,.053262,24.831479
1781638140,phi3:mini,34.0,4842,503.77,16.93,.051610,57.454396
1781638197,phi3:mini,36.0,4841,514.29,18.60,.050555,27.255351
1781638225,phi3:mini,36.0,4839,486.12,18.97,.053484,20.239099
1781638245,phi3:mini,34.0,4842,493.05,18.93,.052732,22.284093
1781638268,phi3:mini,36.0,4845,535.27,18.69,.048573,23.048700
1781638291,phi3:mini,36.0,4846,462.63,18.59,.056200,26.191938
1781638318,phi3:mini,34.0,4853,533.85,19.04,.048701,23.790134
1781638342,phi3:mini,34.0,4845,552.96,18.19,.047019,37.594849
1781638379,phi3:mini,36.0,4845,484.93,19.06,.053615,20.399599
1781638400,phi3:mini,36.0,4845,516.27,17.53,.050360,41.525622
1781638442,phi3:mini,34.0,4847,449.40,18.46,.057853,28.975639
1781638471,phi3:mini,37.0,4847,544.90,18.77,.047714,26.844234
1781638498,phi3:mini,36.0,4853,494.90,18.48,.052535,26.453124
1781638525,phi3:mini,36.0,4854,484.12,18.50,.053705,26.855770
1781638552,phi3:mini,36.0,4851,521.70,18.59,.049836,28.396477
1781638580,phi3:mini,36.0,4855,531.27,12.87,.048938,196.178994
1781638777,phi3:mini,33.0,4845,514.10,18.72,.050573,25.472185
1781638802,phi3:mini,34.0,4851,551.01,18.56,.047185,27.686302
1781638830,phi3:mini,36.0,4854,472.55,18.33,.055019,29.011110
1781638860,phi3:mini,34.0,4855,478.68,18.10,.054314,33.644962
1781638893,phi3:mini,36.0,4852,484.32,18.80,.053682,24.726666
1781638918,phi3:mini,36.0,4846,481.90,18.29,.053952,31.421930
1781638950,phi3:mini,36.0,4849,511.74,18.46,.050806,31.193206
1781638981,phi3:mini,36.0,4857,484.28,18.24,.053687,32.123254
1781639014,phi3:mini,36.0,4860,512.70,19.11,.050711,19.826340
1781639034,phi3:mini,36.0,4855,516.82,18.70,.050306,24.270815
1781639058,phi3:mini,36.0,4854,446.91,18.70,.058176,26.522816
1781639085,phi3:mini,36.0,4849,457.25,18.36,.056860,28.911339
1781639114,phi3:mini,37.0,4860,512.24,19.08,.050757,22.053681
1781639136,phi3:mini,34.0,4853,465.63,18.83,.055838,26.119258
1781639163,phi3:mini,34.0,4863,520.96,16.02,.049907,80.831780
1781639244,phi3:mini,36.0,4849,450.70,18.00,.057687,34.488462
1781639279,phi3:mini,36.0,4865,519.34,18.53,.050062,27.888932
1781639307,phi3:mini,36.0,4860,506.01,18.76,.051382,24.297511
1781639331,phi3:mini,37.0,4865,472.98,18.08,.054970,33.897835
1781639365,phi3:mini,36.0,4859,540.28,18.01,.048123,33.463060
1781639399,phi3:mini,36.0,4860,505.82,18.69,.051401,25.241613
1781639424,phi3:mini,34.0,4856,499.33,19.17,.052069,18.098508
1781639443,phi3:mini,36.0,4860,479.28,18.75,.054247,25.278338
1781639468,phi3:mini,37.0,4856,558.36,19.22,.046564,20.652414
1781639489,phi3:mini,36.0,4856,515.84,19.00,.050402,22.314649
1781639511,phi3:mini,36.0,4862,549.18,18.21,.047343,33.601651
1781639545,phi3:mini,36.0,4853,534.56,18.33,.048637,31.189179
1781639577,phi3:mini,36.0,4849,483.42,18.29,.053782,37.115607
1781639614,phi3:mini,37.0,4849,562.75,19.24,.046201,19.850450
1781639634,phi3:mini,34.0,4853,488.75,19.07,.053196,18.772063
1781639653,phi3:mini,36.0,4851,421.72,18.57,.061652,27.238186
1781639681,phi3:mini,36.0,4856,490.28,18.75,.053030,24.365809
1781639705,phi3:mini,36.0,4851,522.91,18.55,.049721,27.595429
1781639733,phi3:mini,33.0,4856,490.09,18.44,.053050,29.221894
1781639762,phi3:mini,36.0,4856,481.35,17.57,.054014,44.830060
1781639807,phi3:mini,33.0,4850,429.31,18.64,.060561,24.621921
1781639832,phi3:mini,34.0,4855,512.89,18.73,.050692,22.679817
1781639855,phi3:mini,34.0,4853,500.07,18.01,.051992,35.689914
1781639891,phi3:mini,36.0,4855,512.87,18.87,.050694,20.662875
1781639912,phi3:mini,34.0,4852,484.02,18.71,.053716,26.604018
1781639939,phi3:mini,36.0,4856,485.44,18.68,.053559,25.581075
1781639965,phi3:mini,36.0,4852,506.00,18.15,.051383,33.102173
1781639998,phi3:mini,36.0,4852,511.12,19.13,.050868,19.123355
1781640017,phi3:mini,36.0,4853,542.53,18.43,.047923,28.917717
1781640046,phi3:mini,36.0,4848,471.94,18.07,.055091,35.848226
1781640082,phi3:mini,36.0,4862,516.13,17.47,.050374,46.189591
1781640129,phi3:mini,37.0,4859,480.64,15.53,.054093,91.185246
1781640220,phi3:mini,34.0,4860,554.86,17.95,.046857,41.166651
1781640262,phi3:mini,34.0,4857,521.03,20.39,.049900,3.678082
1781640266,phi3:mini,36.0,4863,487.71,18.33,.053310,33.331329
1781640299,phi3:mini,36.0,4858,503.07,18.26,.051682,31.432954
1781640331,phi3:mini,36.0,4862,492.44,17.96,.052797,38.180270
1781640369,phi3:mini,37.0,4860,487.21,18.13,.053364,31.207799
1781640401,phi3:mini,34.0,4857,569.22,14.16,.045676,142.837461
1781640544,phi3:mini,33.0,4848,531.73,12.50,.048896,220.289477
1781640764,phi3:mini,33.0,4852,463.93,18.80,.056042,23.721282
1781640788,phi3:mini,36.0,4849,470.82,18.84,.055222,22.974441
1781640812,phi3:mini,36.0,4855,483.79,18.35,.053742,31.387051
1781640843,phi3:mini,34.0,4848,524.36,18.76,.049583,25.628207
1781640869,phi3:mini,36.0,4855,453.27,18.09,.057360,33.771742
1781640903,phi3:mini,36.0,4854,486.12,18.18,.053484,32.986253
1781640936,phi3:mini,34.0,4855,490.51,18.89,.053006,23.598496
1781640960,phi3:mini,36.0,4856,532.35,18.16,.048839,33.581342
1781640994,phi3:mini,36.0,4854,498.63,18.41,.052142,30.358543
1781641024,phi3:mini,37.0,4856,530.53,17.71,.049007,38.503266
1781641063,phi3:mini,34.0,4851,538.53,18.22,.048278,31.335083
1781641095,phi3:mini,36.0,4851,493.98,17.99,.052632,38.395626
1781641133,phi3:mini,34.0,4848,495.93,19.18,.052426,18.661820
1781641152,phi3:mini,36.0,4847,514.93,18.90,.050491,22.901836
1781641175,phi3:mini,36.0,4849,399.12,18.49,.065142,26.710041
1781641202,phi3:mini,34.0,4850,510.99,18.91,.050881,26.852258
1781641229,phi3:mini,34.0,4847,470.49,18.31,.055260,35.379110
1781641265,phi3:mini,36.0,4850,507.14,18.78,.051267,25.132957
1781641290,phi3:mini,33.0,4851,478.32,19.01,.054356,23.459685
1781641314,phi3:mini,34.0,4852,512.09,17.85,.050772,39.430695
1781641353,phi3:mini,34.0,4854,486.71,18.61,.053419,27.770798
1781641381,phi3:mini,34.0,4851,481.36,18.74,.054012,22.935031
1781641405,phi3:mini,34.0,4862,490.05,18.91,.053055,24.264246
1781641429,phi3:mini,36.0,4863,490.51,17.90,.053005,37.422244
1781641467,phi3:mini,36.0,4854,561.89,18.50,.046271,24.853786
1781641492,phi3:mini,37.0,4847,522.64,18.44,.049747,26.940641
1781641519,phi3:mini,33.0,4860,485.77,13.02,.053522,191.488748
1781641711,phi3:mini,34.0,4851,509.97,19.16,.050982,22.332219
1781641733,phi3:mini,36.0,4856,475.67,17.62,.054658,42.620473
1781641776,phi3:mini,34.0,4857,513.38,19.00,.050643,20.995506
1781641797,phi3:mini,33.0,4854,519.10,18.36,.050086,28.965412
1781641827,phi3:mini,34.0,4850,518.40,18.77,.050153,24.282882
1781641851,phi3:mini,34.0,4858,502.46,18.56,.051744,25.796554
1781641877,phi3:mini,34.0,4860,500.35,18.53,.051963,26.977977
1781641904,phi3:mini,34.0,4864,475.60,18.09,.054667,37.078941
1781641942,phi3:mini,34.0,4859,498.82,18.51,.052122,29.913726
1781641972,phi3:mini,34.0,4868,546.29,18.84,.047593,25.627050
1781641998,phi3:mini,36.0,4869,503.98,18.38,.051588,31.334445
1781642029,phi3:mini,36.0,4864,485.92,19.07,.053506,22.338603
1781642052,phi3:mini,33.0,4857,520.10,18.29,.049990,32.626906
1781642085,phi3:mini,34.0,4855,465.82,18.83,.055815,24.260314
1781642109,phi3:mini,36.0,4853,546.64,18.74,.047563,25.130274
1781642134,phi3:mini,36.0,4858,529.11,18.19,.049138,31.543271
1781642166,phi3:mini,31.0,4870,484.28,19.01,.053687,21.090948
1781642187,phi3:mini,36.0,4866,501.01,18.68,.051894,23.328772
1781642211,phi3:mini,36.0,4870,537.11,18.88,.048406,22.396585
1781642233,phi3:mini,37.0,4868,468.33,10.63,.055515,366.677146
1781642601,phi3:mini,33.0,4863,543.36,19.04,.047849,19.956278
1781642621,phi3:mini,33.0,4867,488.00,19.10,.053277,20.361666
1781642641,phi3:mini,37.0,4861,519.17,18.88,.050079,23.516403
1781642665,phi3:mini,34.0,4858,503.85,18.53,.051601,27.514343
1781642693,phi3:mini,34.0,4855,471.38,17.76,.055156,39.899744
1781642733,phi3:mini,34.0,4861,502.42,18.05,.051749,33.682055
1781642767,phi3:mini,34.0,4863,514.65,18.47,.050519,26.032338
1781642793,phi3:mini,34.0,4864,463.65,18.54,.056076,25.881479
1781642819,phi3:mini,34.0,4863,516.74,18.32,.050314,33.235885
1781642853,phi3:mini,34.0,4861,486.20,18.94,.053475,25.810870
1781642879,phi3:mini,34.0,4856,476.14,18.94,.054605,22.589050
1781642901,phi3:mini,34.0,4863,487.21,17.89,.053365,39.345534
1781642941,phi3:mini,33.0,4859,518.91,18.44,.050104,29.007173
1781642970,phi3:mini,34.0,4865,488.83,18.85,.053187,20.149904
1781642991,phi3:mini,34.0,4864,458.22,19.02,.056740,20.924445
1781643012,phi3:mini,34.0,4862,492.15,19.26,.052828,18.839606
1781643031,phi3:mini,34.0,4858,486.66,18.75,.053425,24.098012
1781643055,phi3:mini,36.0,4850,539.81,18.78,.048164,23.207286
1781643078,phi3:mini,34.0,4854,495.50,18.65,.052471,27.599487
1781643106,phi3:mini,33.0,4857,483.15,17.79,.053813,42.151798
1781643149,phi3:mini,37.0,4864,512.67,19.04,.050714,18.067173
1781643167,phi3:mini,34.0,4860,481.72,18.55,.053972,25.059223
1781643192,phi3:mini,34.0,4860,489.96,18.30,.053065,32.403427
1781643225,phi3:mini,36.0,4861,532.87,18.57,.048791,26.542455
1781643252,phi3:mini,36.0,4864,515.83,18.88,.050404,20.972480
1781643273,phi3:mini,34.0,4862,551.47,19.09,.047146,19.634158
1781643292,phi3:mini,34.0,4858,517.48,19.26,.050243,18.530118
1781643311,phi3:mini,36.0,4861,507.60,18.47,.051220,29.710124
1781643341,phi3:mini,34.0,4863,544.89,19.14,.047715,19.062473
1781643360,phi3:mini,36.0,4869,495.75,18.71,.052445,23.777074
1781643384,phi3:mini,36.0,4861,491.60,18.82,.052887,25.238368
1781643410,phi3:mini,36.0,4867,529.88,19.00,.049067,18.365993
1781643428,phi3:mini,34.0,4860,517.02,17.76,.050287,39.915651
1781643468,phi3:mini,36.0,4861,534.01,18.02,.048688,35.109620
1781643504,phi3:mini,34.0,4860,494.14,18.51,.052616,26.949470
1781643531,phi3:mini,34.0,4860,502.28,13.66,.051762,159.179441
1781643690,phi3:mini,32.0,4866,506.04,18.80,.051378,23.445187
1781643714,phi3:mini,34.0,4863,471.48,18.53,.055145,27.845123
1781643742,phi3:mini,36.0,4866,531.56,17.63,.048911,43.039585
1781643785,phi3:mini,31.0,4865,475.73,18.70,.054651,25.763698
1781643811,phi3:mini,34.0,4864,504.04,18.90,.051583,21.210091
1781643833,phi3:mini,36.0,4860,507.28,17.95,.051253,38.210672
1781643871,phi3:mini,33.0,4871,517.76,18.69,.050216,29.370877
1781643901,phi3:mini,34.0,4867,471.62,18.63,.055128,26.079605
1781643927,phi3:mini,34.0,4868,510.21,18.97,.050958,22.181618
1781643949,phi3:mini,36.0,4865,497.64,18.41,.052246,27.856317
1781643978,phi3:mini,31.0,4862,523.10,18.93,.049703,21.965942
1781644000,phi3:mini,34.0,4867,538.88,18.66,.048247,25.503003
1781644025,phi3:mini,36.0,4858,480.39,19.14,.054121,18.017358
1781644044,phi3:mini,34.0,4858,512.61,18.21,.050720,33.097135
1781644077,phi3:mini,34.0,4851,469.87,19.18,.055333,24.087495
1781644101,phi3:mini,36.0,4860,523.97,18.82,.049620,26.506456
1781644128,phi3:mini,36.0,4860,521.44,19.27,.049861,19.614913
1781644148,phi3:mini,36.0,4858,498.81,18.88,.052123,23.565734
1781644171,phi3:mini,34.0,4856,543.47,18.57,.047840,27.942221
1781644200,phi3:mini,37.0,4856,509.77,18.70,.051002,25.718362
1781644226,phi3:mini,36.0,4848,516.97,18.33,.050292,31.743207
1781644257,phi3:mini,33.0,4856,494.21,18.43,.052608,28.960105
1781644287,phi3:mini,36.0,4855,475.17,18.50,.054716,30.212083
1781644317,phi3:mini,33.0,4853,486.60,15.56,.053431,95.995866
1781644413,phi3:mini,34.0,4865,0,0,0,0
1781644458,phi3:mini,39.0,4861,473.32,18.83,.054930,22.832335
1781644481,phi3:mini,34.0,4859,479.25,19.57,.054250,19.971722
1781644501,phi3:mini,34.0,4859,560.47,18.62,.046389,26.034184
1781644527,phi3:mini,37.0,4865,479.94,19.19,.054172,21.199437
1781644549,phi3:mini,34.0,4862,535.92,18.20,.048514,31.196553
1781644580,phi3:mini,34.0,4859,517.73,18.30,.050218,30.812828
1781644611,phi3:mini,34.0,4863,503.56,18.75,.051631,26.605842
1781644638,phi3:mini,36.0,4868,466.29,18.52,.055758,28.500161
1781644667,phi3:mini,34.0,4865,481.81,18.92,.053962,20.187248
1781644687,phi3:mini,36.0,4863,498.49,19.01,.052156,18.989396
1781644706,phi3:mini,34.0,4861,481.40,18.84,.054008,25.631547
1781644732,phi3:mini,36.0,4860,487.98,18.74,.053280,28.858229
1781644761,phi3:mini,34.0,4866,469.76,18.58,.055346,29.701636
1781644791,phi3:mini,34.0,4865,503.25,19.15,.051663,21.090627
1781644812,phi3:mini,33.0,4863,489.53,19.03,.053112,20.698158
1781644833,phi3:mini,34.0,4864,516.54,18.67,.050334,24.734344
1781644858,phi3:mini,36.0,4860,489.83,18.27,.053078,29.321869
1781644888,phi3:mini,36.0,4864,535.56,18.70,.048546,23.257939
1781644911,phi3:mini,33.0,4858,481.34,18.76,.054014,22.489704
1781644934,phi3:mini,34.0,4863,530.86,18.37,.048976,31.080870
1781644965,phi3:mini,34.0,4861,491.56,18.23,.052891,33.342265
1781644999,phi3:mini,33.0,4868,505.71,18.75,.051412,25.002085
1781645024,phi3:mini,33.0,4865,471.46,18.89,.055147,23.395380
1781645048,phi3:mini,34.0,4864,516.60,18.39,.050328,30.170265
1781645078,phi3:mini,34.0,4860,467.15,18.28,.055656,33.311644
1781645111,phi3:mini,36.0,4865,467.12,18.71,.055659,28.314928
1781645140,phi3:mini,34.0,4860,490.77,19.09,.052977,19.687703
1781645160,phi3:mini,34.0,4849,525.98,17.91,.049430,38.290507
1781645198,phi3:mini,34.0,4853,478.63,19.02,.054320,21.291757
1781645220,phi3:mini,31.0,4852,473.05,18.97,.054961,20.081258
1781645240,phi3:mini,34.0,4855,551.57,16.98,.047137,57.509838
1781645298,phi3:mini,34.0,4852,495.06,18.39,.052518,28.926013
1781645327,phi3:mini,34.0,4860,521.16,18.66,.049888,25.400561
1781645353,phi3:mini,34.0,4864,582.27,18.73,.044652,27.643335
1781645380,phi3:mini,34.0,4859,550.11,18.92,.047263,24.883660
1781645406,phi3:mini,34.0,4862,547.23,18.63,.047511,25.925285
1781645432,phi3:mini,34.0,4864,467.99,17.93,.055555,38.925241
1781645471,phi3:mini,33.0,4861,519.08,18.08,.050087,34.784421
1781645506,phi3:mini,33.0,4860,541.81,18.92,.047986,20.234898
1781645526,phi3:mini,34.0,4858,498.10,18.62,.052198,26.905795
1781645553,phi3:mini,33.0,4857,534.03,18.72,.048685,24.516417
1781645578,phi3:mini,34.0,4855,463.61,18.69,.056080,25.135284
1781645603,phi3:mini,34.0,4860,451.20,16.33,.057623,72.418071
1781645676,phi3:mini,33.0,4864,488.11,18.97,.053266,19.025585
1781645695,phi3:mini,33.0,4863,528.48,18.76,.049197,23.341296
1781645719,phi3:mini,31.0,4859,441.73,19.07,.058858,18.772891
1781645738,phi3:mini,36.0,4858,493.51,19.14,.052683,18.172918
1781645756,phi3:mini,34.0,4852,487.44,18.72,.053339,25.477362
1781645782,phi3:mini,34.0,4845,521.05,18.64,.049898,27.949257
1781645810,phi3:mini,34.0,4854,531.80,19.02,.048890,22.755038
1781645833,phi3:mini,36.0,4851,479.51,18.79,.054221,26.065717
1781645859,phi3:mini,34.0,4856,517.34,18.24,.050256,34.703841
1781645894,phi3:mini,33.0,4858,491.98,13.82,.052847,154.962313
1781646049,phi3:mini,34.0,4855,536.21,18.21,.048487,33.769759
1781646083,phi3:mini,34.0,4859,510.45,19.15,.050935,18.844241
1781646102,phi3:mini,31.0,4859,462.31,18.38,.056238,31.159301
1781646134,phi3:mini,34.0,4855,507.83,19.00,.051197,20.787133
1781646155,phi3:mini,36.0,4854,523.87,18.34,.049629,30.910452
1781646186,phi3:mini,34.0,4855,511.32,18.81,.050847,25.036088
1781646211,phi3:mini,34.0,4859,486.87,17.91,.053402,37.347837
1781646249,phi3:mini,34.0,4852,517.00,18.66,.050289,27.103231
1781646276,phi3:mini,34.0,4852,489.50,19.02,.053115,20.714247
1781646297,phi3:mini,34.0,4853,511.93,19.10,.050787,20.725705
1781646318,phi3:mini,31.0,4858,483.99,18.62,.053719,25.824706
1781646344,phi3:mini,33.0,4863,442.85,18.17,.058709,32.077897
1781646376,phi3:mini,34.0,4859,475.48,18.62,.054680,27.066497
1781646404,phi3:mini,34.0,4858,516.61,18.81,.050327,21.521731
1781646425,phi3:mini,34.0,4855,525.62,17.78,.049465,41.499381
1781646467,phi3:mini,34.0,4848,507.25,18.40,.051256,28.738046
1781646496,phi3:mini,31.0,4859,537.03,18.92,.048414,21.236674
1781646517,phi3:mini,36.0,4857,462.67,18.57,.056194,32.734577
1781646550,phi3:mini,33.0,4857,499.46,18.41,.052055,31.280560
1781646582,phi3:mini,34.0,4855,511.18,19.00,.050862,19.256622
1781646601,phi3:mini,34.0,4854,472.15,18.43,.055066,28.418547
1781646630,phi3:mini,36.0,4856,483.66,19.14,.053756,22.771271
1781646653,phi3:mini,36.0,4853,540.30,18.84,.048121,22.980837
1781646676,phi3:mini,34.0,4849,490.93,18.95,.052960,22.152545
1781646698,phi3:mini,34.0,4855,505.86,18.39,.051396,32.127440
1781646731,phi3:mini,34.0,4855,474.93,19.34,.054744,22.020127
1781646753,phi3:mini,34.0,4858,516.76,18.53,.050312,30.585389
1781646784,phi3:mini,36.0,4856,523.08,18.15,.049705,32.215747
1781646816,phi3:mini,34.0,4857,495.58,18.93,.052462,21.493383
1781646838,phi3:mini,34.0,4860,503.90,19.07,.051596,20.912003
1781646859,phi3:mini,34.0,4864,501.44,18.01,.051850,36.700756
1781646896,phi3:mini,34.0,4859,534.30,18.24,.048661,29.542257
1781646926,phi3:mini,34.0,4858,507.00,18.35,.051281,29.203871
1781646955,phi3:mini,31.0,4854,478.21,18.45,.054368,29.906431
1781646985,phi3:mini,34.0,4860,495.65,18.73,.052455,26.529876
1781647012,phi3:mini,34.0,4859,499.58,18.43,.052042,27.453028
1781647040,phi3:mini,34.0,4857,472.71,18.66,.055001,23.255761
1781647063,phi3:mini,34.0,4856,528.03,18.46,.049239,27.558556
1781647091,phi3:mini,34.0,4853,488.22,18.11,.053254,36.771403
1781647128,phi3:mini,33.0,4846,457.45,19.33,.056835,21.514562
1781647149,phi3:mini,34.0,4854,492.68,19.40,.052771,18.655212
1781647168,phi3:mini,34.0,4852,488.03,18.88,.053274,21.709027
1781647190,phi3:mini,36.0,4855,477.10,18.83,.054495,25.322155
1781647216,phi3:mini,34.0,4856,505.62,18.83,.051421,20.493041
1781647236,phi3:mini,36.0,4856,490.67,18.80,.052987,28.881493
1781647266,phi3:mini,34.0,4860,456.97,18.65,.056896,29.430369
1781647295,phi3:mini,36.0,4855,505.66,18.47,.051416,29.167901
1781647325,phi3:mini,33.0,4856,547.23,18.49,.047511,28.003232
1781647353,phi3:mini,36.0,4864,544.35,18.69,.047762,24.553629
1781647378,phi3:mini,34.0,4859,484.26,18.51,.053689,26.903253
1781647405,phi3:mini,34.0,4856,445.43,18.53,.058370,24.814732
1781647430,phi3:mini,34.0,4855,484.40,18.87,.053674,20.765213
1781647451,phi3:mini,31.0,4858,523.69,18.31,.049647,32.045109
1781647483,phi3:mini,34.0,4854,486.97,19.01,.053390,19.928699
1781647503,phi3:mini,34.0,4863,556.89,18.27,.046687,32.559322
1781647536,phi3:mini,31.0,4860,504.00,18.67,.051586,23.884029
1781647560,phi3:mini,34.0,4866,510.71,18.69,.050909,26.429133
1781647586,phi3:mini,34.0,4856,504.36,19.10,.051549,21.402907
1781647608,phi3:mini,34.0,4858,496.16,18.99,.052401,22.007191
1781647630,phi3:mini,36.0,4854,460.79,18.52,.056423,28.772728
1781647659,phi3:mini,36.0,4859,438.61,19.01,.059277,23.565366
1781647683,phi3:mini,34.0,4854,505.01,18.85,.051483,23.545945
1781647707,phi3:mini,34.0,4863,522.98,18.82,.049714,26.141528
1781647733,phi3:mini,36.0,4858,439.80,18.74,.059117,24.755709
1781647758,phi3:mini,34.0,4860,476.14,18.49,.054605,27.462272
1781647786,phi3:mini,34.0,4859,483.82,17.81,.053738,38.159527
1781647824,phi3:mini,31.0,4861,503.24,18.43,.051664,30.860645
1781647855,phi3:mini,34.0,4868,496.74,17.43,.052340,49.843737
1781647905,phi3:mini,34.0,4871,500.17,18.88,.051981,21.236061
1781647927,phi3:mini,34.0,4867,514.28,18.64,.050555,25.208694
1781647952,phi3:mini,34.0,4870,507.33,18.43,.051248,31.902298
1781647984,phi3:mini,36.0,4872,495.82,8.91,.052438,1443.606744
1781649429,phi3:mini,32.0,4861,49.14,8.67,.529080,2156.555767
1781651588,phi3:mini,32.0,4865,45.92,19.24,.566134,17.514933
1781651607,phi3:mini,33.0,4872,518.51,14.85,.050142,111.491219
1781651718,phi3:mini,33.0,4873,531.76,18.17,.048893,35.214638
1781651754,phi3:mini,34.0,4870,536.23,19.66,.048486,13.477350
1781651768,phi3:mini,34.0,4869,488.36,20.22,.053239,7.464178
1781651775,phi3:mini,34.0,4868,483.77,19.58,.053743,10.520098
1781651786,phi3:mini,34.0,4863,512.31,18.18,.050749,34.194957
1781651820,phi3:mini,34.0,4868,570.47,19.57,.045575,11.391528
1781651832,phi3:mini,34.0,4871,478.92,20.36,.054287,1.964454
1781651834,phi3:mini,34.0,4868,467.84,19.90,.055573,4.721317
1781651839,phi3:mini,34.0,4869,524.02,19.25,.049615,16.620026
1781651856,phi3:mini,34.0,4867,483.72,19.13,.053749,19.027489
1781651875,phi3:mini,34.0,4873,478.62,18.79,.054322,19.740018
1781651895,phi3:mini,33.0,4868,488.71,19.77,.053200,12.743870
1781651908,phi3:mini,33.0,4863,494.83,19.85,.052543,9.567078
1781651918,phi3:mini,34.0,4870,515.60,18.59,.050425,27.851038
1781651946,phi3:mini,33.0,4871,522.19,20.63,.049790,3.877772
1781651950,phi3:mini,34.0,4868,492.00,18.19,.052844,30.774546
1781651981,phi3:mini,30.0,4867,490.63,18.77,.052992,22.530287
1781652003,phi3:mini,31.0,4868,479.06,19.67,.054272,9.760641
1781652013,phi3:mini,34.0,4870,481.52,18.68,.053995,23.552389
1781652037,phi3:mini,34.0,4871,453.97,19.31,.057271,11.492300
1781652049,phi3:mini,34.0,4873,456.95,20.52,.056898,2.922842
1781652052,phi3:mini,36.0,4876,489.86,18.46,.053076,29.833599
1781652082,phi3:mini,34.0,4877,533.49,18.23,.048735,34.880367
1781652117,phi3:mini,34.0,4882,538.11,19.10,.048317,18.684413
1781652136,phi3:mini,34.0,4872,499.39,18.96,.052062,22.305666
1781652158,phi3:mini,33.0,4872,468.83,19.36,.055456,16.731607
1781652175,phi3:mini,36.0,4870,482.14,19.75,.053925,11.692535
1781652187,phi3:mini,34.0,4867,540.58,19.71,.048095,9.588885
1781652197,phi3:mini,34.0,4869,526.06,20.99,.049423,2.191390
1781652199,phi3:mini,34.0,4868,490.70,19.86,.052985,13.337486
1781652213,phi3:mini,34.0,4859,486.04,19.84,.053492,12.046097
1781652225,phi3:mini,36.0,4863,494.72,18.95,.052554,22.898018
1781652248,phi3:mini,33.0,4863,500.41,18.91,.051957,20.406613
1781652269,phi3:mini,34.0,4865,503.54,20.02,.051634,5.992525
1781652275,phi3:mini,34.0,4862,471.81,17.66,.055106,41.946734
1781652317,phi3:mini,36.0,4858,490.64,19.59,.052991,10.259856
1781652327,phi3:mini,34.0,4867,520.43,18.89,.049958,19.528747
1781652347,phi3:mini,36.0,4860,491.12,19.23,.052939,14.559151
1781652362,phi3:mini,36.0,4868,509.96,18.76,.050983,23.716322
1781652386,phi3:mini,34.0,4854,504.94,19.30,.051490,14.868530
1781652401,phi3:mini,34.0,4859,492.25,19.49,.052818,10.158983
1781652411,phi3:mini,33.0,4857,504.44,19.47,.051542,11.962264
1781652423,phi3:mini,36.0,4862,525.88,20.41,.049440,3.282022
1781652427,phi3:mini,36.0,4855,541.27,18.51,.048034,31.644681
1781652458,phi3:mini,34.0,4867,524.61,18.76,.049560,24.306776
1781652483,phi3:mini,34.0,4863,455.30,16.26,.057104,73.553819
1781652557,phi3:mini,33.0,4873,518.31,18.99,.050162,20.424232
1781652577,phi3:mini,34.0,4876,555.99,19.34,.046762,14.732282
1781652592,phi3:mini,31.0,4873,484.01,19.79,.053716,11.264162
1781652604,phi3:mini,34.0,4878,468.15,19.09,.055536,20.367832
1781652624,phi3:mini,34.0,4876,495.05,19.56,.052519,11.910384
1781652636,phi3:mini,36.0,4872,522.02,17.45,.049806,45.610477
1781652682,phi3:mini,34.0,4876,491.26,19.30,.052925,15.329205
1781652698,phi3:mini,36.0,4875,494.48,18.28,.052580,33.090063
1781652731,phi3:mini,34.0,4873,519.09,18.61,.050087,31.481506
1781652763,phi3:mini,34.0,4863,511.40,18.45,.050839,28.021518
1781652791,phi3:mini,34.0,4875,504.57,19.36,.051528,11.928431
1781652803,phi3:mini,36.0,4867,503.62,19.67,.051625,10.115136
1781652813,phi3:mini,34.0,4873,533.27,18.36,.048755,27.005697
1781652841,phi3:mini,34.0,4865,478.82,19.45,.054299,13.311392
1781652854,phi3:mini,34.0,4870,438.21,19.37,.059331,14.969029
1781652869,phi3:mini,34.0,4865,435.71,18.33,.059672,29.607897
1781652899,phi3:mini,34.0,4863,460.10,19.80,.056508,8.331815
1781652908,phi3:mini,34.0,4856,497.44,19.68,.052266,11.735576
1781652920,phi3:mini,34.0,4863,518.48,19.72,.050146,11.000989
1781652931,phi3:mini,34.0,4870,497.48,19.05,.052262,22.776938
1781652954,phi3:mini,36.0,4867,472.76,18.61,.054995,26.433036
1781652980,phi3:mini,34.0,4865,530.63,19.67,.048998,11.742574
1781652992,phi3:mini,34.0,4869,506.78,19.61,.051303,13.411040
1781653006,phi3:mini,36.0,4869,532.03,20.02,.048869,6.940195
1781653013,phi3:mini,36.0,4867,537.37,20.12,.048383,4.671218
1781653018,phi3:mini,34.0,4865,508.02,18.01,.051178,38.083192
1781653056,phi3:mini,36.0,4873,497.52,18.75,.052258,21.595987
1781653078,phi3:mini,33.0,4867,504.12,21.62,.051574,.832400
1781653079,phi3:mini,33.0,4863,521.48,18.97,.049858,21.921212
1781653101,phi3:mini,34.0,4851,500.30,19.17,.051968,17.835678
1781653119,phi3:mini,34.0,4859,478.16,19.27,.054374,16.030486
1781653135,phi3:mini,34.0,4858,499.82,18.80,.052018,23.394643
1781653159,phi3:mini,36.0,4858,469.72,20.02,.055351,4.295345
1781653163,phi3:mini,34.0,4851,504.23,18.94,.051562,25.125435
1781653188,phi3:mini,36.0,4851,462.64,19.97,.056198,12.465297
1781653201,phi3:mini,36.0,4858,464.96,19.66,.055917,12.049736
1781653213,phi3:mini,36.0,4858,493.91,18.09,.052640,34.877435
1781653248,phi3:mini,34.0,4864,495.92,19.22,.052426,16.798702
1781653265,phi3:mini,34.0,4860,490.85,19.08,.052968,17.760089
1781653283,phi3:mini,36.0,4860,529.75,17.63,.049079,41.496991
1781653325,phi3:mini,34.0,4863,451.75,19.39,.057553,12.221984
1781653337,phi3:mini,36.0,4860,519.01,19.35,.050094,16.535035
1781653354,phi3:mini,34.0,4861,493.71,19.66,.052662,10.068317
1781653364,phi3:mini,36.0,4861,513.91,19.89,.050592,9.753571
1781653374,phi3:mini,36.0,4855,494.39,19.12,.052589,19.399519
1781653394,phi3:mini,34.0,4855,508.56,18.82,.051123,22.627896
1781653417,phi3:mini,34.0,4855,542.70,19.84,.047908,11.638531
1781653429,phi3:mini,30.0,4858,504.81,19.00,.051503,19.678779
1781653449,phi3:mini,34.0,4865,542.41,17.28,.047933,51.016846
1781653500,phi3:mini,34.0,4862,462.59,19.01,.056204,17.038169
1781653517,phi3:mini,37.0,4864,450.99,19.97,.057650,6.106535
1781653523,phi3:mini,34.0,4866,483.06,18.95,.053823,18.890806
1781653542,phi3:mini,34.0,4866,521.99,17.74,.049808,41.528743
1781653584,phi3:mini,34.0,4868,552.86,19.54,.047028,12.023852
1781653596,phi3:mini,34.0,4864,495.62,19.23,.052459,19.600612
1781653616,phi3:mini,34.0,4864,493.59,18.25,.052675,33.959551
1781653650,phi3:mini,33.0,4869,555.50,19.44,.046804,12.447795
1781653663,phi3:mini,31.0,4873,466.00,19.96,.055792,6.412537
1781653670,phi3:mini,34.0,4870,513.23,17.90,.050659,36.578689
1781653706,phi3:mini,33.0,4874,479.27,18.70,.054248,24.648895
1781653731,phi3:mini,34.0,4870,489.38,19.31,.053128,14.599772
1781653746,phi3:mini,34.0,4868,458.26,19.43,.056735,13.169361
1781653759,phi3:mini,31.0,4868,490.75,16.35,.052979,74.171986
1781653834,phi3:mini,33.0,4866,518.24,19.24,.050169,17.668954
1781653852,phi3:mini,34.0,4868,472.92,19.10,.054977,18.426567
1781653870,phi3:mini,34.0,4866,496.44,19.58,.052372,12.048572
1781653882,phi3:mini,33.0,4870,530.12,19.47,.049045,11.196409
1781653894,phi3:mini,36.0,4868,492.48,19.06,.052793,20.145449
1781653914,phi3:mini,31.0,4863,476.32,19.26,.054584,17.183253
1781653932,phi3:mini,34.0,4863,527.16,16.57,.049320,64.554513
1781653996,phi3:mini,33.0,4862,539.74,18.53,.048170,26.818976
1781654023,phi3:mini,34.0,4866,505.40,18.99,.051443,19.424378
1781654043,phi3:mini,36.0,4875,472.80,19.11,.054991,16.221150
1781654059,phi3:mini,37.0,4864,465.52,17.61,.055851,43.477004
1781654103,phi3:mini,34.0,4868,479.61,18.72,.054209,26.277785
1781654130,phi3:mini,34.0,4876,464.14,19.06,.056016,19.408733
1781654149,phi3:mini,33.0,4863,472.22,17.52,.055058,44.459083
1781654194,phi3:mini,34.0,4865,472.88,18.38,.054981,30.452136
1781654225,phi3:mini,34.0,4867,462.55,18.95,.056209,21.149797
1781654246,phi3:mini,34.0,4870,512.56,19.58,.050725,13.069201
1781654259,phi3:mini,34.0,4869,498.15,19.20,.052192,14.733492
1781654274,phi3:mini,34.0,4865,458.79,16.90,.056670,56.211739
1781654330,phi3:mini,34.0,4864,510.64,18.84,.050916,23.930142
1781654355,phi3:mini,34.0,4860,461.35,21.09,.056355,1.421844
1781654356,phi3:mini,31.0,4859,502.66,21.27,.051723,1.127856
1781654358,phi3:mini,34.0,4859,479.36,17.82,.054238,37.867765
1781654396,phi3:mini,34.0,4865,500.31,16.51,.051967,69.224001
1781654465,phi3:mini,36.0,4861,500.11,14.11,.051988,139.164181
1781654605,phi3:mini,30.0,4876,528.64,18.61,.049182,23.255328
1781654628,phi3:mini,34.0,4870,480.13,19.11,.054151,17.003197
1781654645,phi3:mini,34.0,4869,517.53,18.46,.050238,28.318941
1781654674,phi3:mini,34.0,4875,548.74,18.90,.047381,23.219472
1781654697,phi3:mini,33.0,4872,509.23,19.49,.051056,15.487392
1781654713,phi3:mini,37.0,4873,470.22,19.01,.055292,21.034650
1781654734,phi3:mini,34.0,4876,552.40,19.37,.047066,12.801797
1781654747,phi3:mini,36.0,4870,519.19,19.36,.050077,14.975307
1781654762,phi3:mini,34.0,4865,496.42,18.38,.052374,27.034445
1781654789,phi3:mini,34.0,4872,542.27,19.04,.047946,17.381342
1781654807,phi3:mini,33.0,4867,478.66,19.60,.054318,9.792243
1781654817,phi3:mini,34.0,4862,479.47,17.13,.054225,52.177608
1781654869,phi3:mini,34.0,4869,486.54,19.77,.053437,10.364804
1781654880,phi3:mini,34.0,4872,446.89,17.62,.058179,43.340701
1781654924,phi3:mini,36.0,4867,558.38,14.96,.046562,109.760780
1781655034,phi3:mini,32.0,4872,494.03,19.29,.052627,15.652453
1781655049,phi3:mini,36.0,4872,493.22,18.73,.052713,23.160379
1781655073,phi3:mini,34.0,4869,484.96,18.98,.053612,19.490262
1781655092,phi3:mini,34.0,4871,503.56,19.14,.051631,18.278852
1781655111,phi3:mini,31.0,4877,492.86,19.68,.052752,11.123209
1781655122,phi3:mini,33.0,4874,482.03,20.00,.053937,7.147447
1781655130,phi3:mini,34.0,4871,497.02,18.24,.052310,31.890831
1781655162,phi3:mini,34.0,4869,513.77,18.48,.050605,29.863433
1781655192,phi3:mini,36.0,4862,467.38,19.49,.055629,12.874662
1781655205,phi3:mini,37.0,4860,490.53,18.98,.053003,18.808069
1781655224,phi3:mini,34.0,4863,478.86,19.56,.054294,11.192388
1781655235,phi3:mini,36.0,4863,519.70,18.96,.050028,18.819524
1781655254,phi3:mini,34.0,4863,469.98,18.79,.055321,22.936375
1781655277,phi3:mini,36.0,4865,481.16,19.77,.054035,9.963987
1781655287,phi3:mini,34.0,4858,464.69,18.88,.055950,23.189870
1781655311,phi3:mini,34.0,4865,502.55,19.78,.051735,6.976326
1781655318,phi3:mini,36.0,4857,515.80,19.94,.050406,7.920370
1781655326,phi3:mini,33.0,4859,562.21,19.06,.046245,19.512691
1781655346,phi3:mini,36.0,4864,479.16,19.28,.054260,16.848449
1781655363,phi3:mini,34.0,4860,532.12,19.66,.048861,11.186770
1781655374,phi3:mini,34.0,4863,485.55,19.24,.053547,16.835215
1781655391,phi3:mini,33.0,4866,462.21,19.74,.056250,11.190506
1781655402,phi3:mini,36.0,4867,493.76,19.01,.052656,17.666999
1781655420,phi3:mini,34.0,4865,497.34,19.56,.052277,12.574502
1781655433,phi3:mini,37.0,4864,506.48,18.72,.051334,23.545330
1781655457,phi3:mini,34.0,4853,483.00,20.29,.053829,2.365677
1781655459,phi3:mini,36.0,4850,489.82,18.86,.053080,16.853615
1781655476,phi3:mini,37.0,4857,481.75,19.78,.053968,7.531019
1781655484,phi3:mini,34.0,4862,500.06,19.16,.051993,16.854980
1781655501,phi3:mini,36.0,4865,480.17,18.80,.054147,22.179675
1781655523,phi3:mini,34.0,4855,472.74,19.71,.054998,8.266850
1781655532,phi3:mini,36.0,4854,520.43,20.16,.049958,5.900193
1781655538,phi3:mini,36.0,4856,489.13,18.67,.053155,22.921027
1781655561,phi3:mini,34.0,4859,518.79,17.51,.050116,43.734684
1781655605,phi3:mini,31.0,4858,471.46,19.14,.055146,15.046520
1781655620,phi3:mini,34.0,4860,458.29,19.13,.056732,17.350184
1781655638,phi3:mini,36.0,4856,484.62,19.46,.053649,11.405516
1781655649,phi3:mini,34.0,4854,518.06,18.65,.050186,23.699438
1781655673,phi3:mini,33.0,4852,536.84,18.89,.048431,19.688288
1781655693,phi3:mini,34.0,4841,520.03,19.10,.049997,17.851980
1781655711,phi3:mini,34.0,4845,469.39,13.38,.055390,166.957366
1781655879,phi3:mini,33.0,4857,473.50,20.30,.054910,4.038991
1781655883,phi3:mini,34.0,4856,511.64,19.09,.050816,19.530968
1781655903,phi3:mini,34.0,4861,485.58,18.60,.053543,23.654523
1781655926,phi3:mini,34.0,4861,464.65,18.60,.055955,26.708378
1781655953,phi3:mini,34.0,4863,435.72,17.20,.059671,48.695484
1781656002,phi3:mini,33.0,4843,542.21,19.12,.047951,18.981987
1781656021,phi3:mini,34.0,4855,477.46,17.56,.054454,45.138772
1781656067,phi3:mini,33.0,4854,493.93,19.56,.052638,14.615260
1781656082,phi3:mini,34.0,4851,488.60,19.81,.053212,8.024556
1781656090,phi3:mini,34.0,4851,460.48,18.06,.056462,34.216127
1781656124,phi3:mini,34.0,4858,513.39,19.30,.050643,16.986477
1781656141,phi3:mini,34.0,4856,468.67,19.10,.055475,18.428263
1781656160,phi3:mini,34.0,4858,507.48,18.83,.051232,25.962599
1781656186,phi3:mini,34.0,4863,527.98,19.94,.049243,10.078024
1781656196,phi3:mini,34.0,4859,509.67,19.45,.051013,19.117196
1781656216,phi3:mini,33.0,4859,500.06,19.13,.051992,21.160306
1781656237,phi3:mini,34.0,4861,498.13,18.48,.052194,26.721799
1781656264,phi3:mini,34.0,4855,493.58,19.60,.052676,12.852111
1781656277,phi3:mini,34.0,4863,457.10,18.65,.056880,24.930032
1781656302,phi3:mini,36.0,4859,533.98,19.58,.048690,10.874693
1781656313,phi3:mini,34.0,4858,476.77,18.54,.054532,25.670110
1781656339,phi3:mini,36.0,4852,497.83,19.63,.052226,14.105054
1781656353,phi3:mini,34.0,4850,507.82,21.43,.051198,1.259866
1781656355,phi3:mini,34.0,4847,509.37,18.42,.051043,29.681847
1781656385,phi3:mini,33.0,4862,540.93,19.37,.048065,15.640066
1781656400,phi3:mini,33.0,4857,503.90,19.45,.051597,17.011877
1781656418,phi3:mini,36.0,4849,499.95,18.85,.052004,21.213772
1781656439,phi3:mini,34.0,4857,488.78,19.35,.053192,13.229574
1781656453,phi3:mini,36.0,4850,498.98,18.86,.052105,22.897333
1781656476,phi3:mini,34.0,4862,491.55,19.69,.052893,12.996996
1781656489,phi3:mini,34.0,4859,508.46,21.16,.051134,1.180955
1781656490,phi3:mini,34.0,4860,536.78,20.31,.048436,6.203459
1781656497,phi3:mini,34.0,4862,504.16,18.85,.051570,22.967022
1781656520,phi3:mini,34.0,4860,547.54,17.01,.047484,57.596664
1781656578,phi3:mini,33.0,4857,541.73,19.50,.047993,16.556390
1781656594,phi3:mini,34.0,4862,494.42,18.60,.052586,28.157610
1781656623,phi3:mini,34.0,4862,537.55,17.49,.048367,45.268030
1781656668,phi3:mini,34.0,4863,469.75,17.46,.055347,45.223324
1781656714,phi3:mini,33.0,4865,481.85,10.64,.053957,360.210169
1781657074,phi3:mini,32.0,4866,474.58,19.05,.054784,19.521526
1781657094,phi3:mini,33.0,4859,494.21,18.07,.052608,35.293312
1781657130,phi3:mini,36.0,4865,483.03,19.24,.053826,18.553868
1781657148,phi3:mini,34.0,4858,502.96,19.03,.051693,17.387131
1781657166,phi3:mini,34.0,4859,496.24,20.09,.052393,7.366198
1781657173,phi3:mini,36.0,4860,538.34,19.31,.048295,19.358546
1781657193,phi3:mini,36.0,4857,497.78,19.01,.052230,19.142811
1781657212,phi3:mini,34.0,4861,487.48,19.72,.053334,10.950994
1781657223,phi3:mini,36.0,4856,505.31,17.80,.051453,37.964405
1781657262,phi3:mini,34.0,4867,529.50,20.37,.049102,2.110751
1781657264,phi3:mini,34.0,4867,491.39,19.38,.052910,11.141509
1781657275,phi3:mini,34.0,4869,530.53,18.98,.049007,18.857715
1781657294,phi3:mini,34.0,4858,513.95,19.40,.050588,13.967416
1781657308,phi3:mini,34.0,4859,493.20,19.87,.052716,6.089299
1781657315,phi3:mini,34.0,4860,512.25,20.38,.050756,2.845898
1781657318,phi3:mini,34.0,4863,474.11,17.61,.054839,43.380546
1781657361,phi3:mini,31.0,4861,483.37,19.19,.053788,19.064632
1781657380,phi3:mini,36.0,4869,484.62,19.40,.053650,12.417103
1781657393,phi3:mini,34.0,4868,538.76,18.76,.048258,21.050470
1781657414,phi3:mini,34.0,4868,462.00,19.07,.056275,17.927141
1781657432,phi3:mini,34.0,4865,476.05,19.53,.054615,10.238496
1781657443,phi3:mini,34.0,4864,473.41,18.39,.054920,28.101934
1781657471,phi3:mini,33.0,4866,484.39,18.13,.053675,31.487517
1781657503,phi3:mini,34.0,4864,462.69,19.03,.056192,16.026362
1781657519,phi3:mini,36.0,4866,493.52,18.50,.052681,27.235671
1781657546,phi3:mini,34.0,4858,498.77,18.26,.052128,29.457290
1781657576,phi3:mini,34.0,4855,469.17,19.42,.055416,15.701419
1781657592,phi3:mini,34.0,4858,563.87,19.73,.046109,12.060638
1781657604,phi3:mini,36.0,4859,531.91,18.70,.048880,23.250889
1781657628,phi3:mini,34.0,4857,511.97,18.43,.050784,31.358228
1781657659,phi3:mini,34.0,4865,486.75,19.48,.053414,11.904798
1781657671,phi3:mini,34.0,4859,515.10,20.38,.050475,2.991748
1781657674,phi3:mini,34.0,4856,533.88,18.57,.048699,26.750809
1781657701,phi3:mini,34.0,4863,521.44,19.32,.049861,17.387286
1781657719,phi3:mini,34.0,4860,541.58,19.69,.048007,9.747790
1781657729,phi3:mini,31.0,4864,526.05,19.10,.049424,17.323963
1781657746,phi3:mini,36.0,4869,431.41,19.13,.060266,20.071354
1781657767,phi3:mini,36.0,4864,526.30,19.36,.049401,16.784455
1781657784,phi3:mini,34.0,4858,489.24,14.64,.053142,117.905916
1781657902,phi3:mini,34.0,4865,495.20,19.65,.052503,13.482184
1781657916,phi3:mini,34.0,4864,517.12,19.29,.050277,18.448285
1781657934,phi3:mini,34.0,4861,526.62,20.47,.049370,4.786294
1781657939,phi3:mini,34.0,4861,476.94,18.47,.054513,26.786133
1781657966,phi3:mini,34.0,4862,508.82,18.76,.051098,23.496175
1781657990,phi3:mini,34.0,4861,491.83,19.23,.052863,18.244744
1781658008,phi3:mini,31.0,4863,510.67,19.10,.050913,19.048743
1781658028,phi3:mini,34.0,4894,542.95,15.68,.047886,88.113291
1781658116,phi3:mini,34.0,4860,482.70,19.54,.053862,12.384754
1781658128,phi3:mini,34.0,4862,490.03,18.83,.053057,23.207464
1781658152,phi3:mini,34.0,4866,433.34,18.99,.059998,23.745524
1781658176,phi3:mini,33.0,4866,440.57,18.16,.059014,35.121035
1781658211,phi3:mini,33.0,4862,487.03,19.45,.053384,14.908468
1781658226,phi3:mini,30.0,4865,512.13,18.84,.050768,23.087133
1781658250,phi3:mini,34.0,4865,518.25,20.31,.050168,4.381303
1781658254,phi3:mini,34.0,4864,522.33,19.24,.049776,19.021890
1781658273,phi3:mini,34.0,4864,544.72,14.46,.047730,123.709862
1781658397,phi3:mini,34.0,4854,505.85,19.18,.051397,17.354124
1781658415,phi3:mini,34.0,4858,505.34,20.27,.051449,3.897368
1781658419,phi3:mini,34.0,4856,494.27,19.63,.052602,12.123923
1781658431,phi3:mini,34.0,4854,550.08,19.23,.047265,15.075950
1781658447,phi3:mini,36.0,4862,511.05,19.13,.050875,18.602699
1781658465,phi3:mini,34.0,4860,496.46,17.99,.052370,35.240530
1781658501,phi3:mini,33.0,4855,434.97,18.88,.059773,22.932261
1781658524,phi3:mini,34.0,4859,491.39,18.73,.052910,23.436451
1781658548,phi3:mini,34.0,4865,501.34,19.22,.051860,19.041967
1781658567,phi3:mini,34.0,4869,493.22,18.68,.052714,23.230533
1781658590,phi3:mini,34.0,4865,443.51,19.20,.058622,18.847281
1781658609,phi3:mini,36.0,4861,526.18,18.19,.049412,34.134361
1781658644,phi3:mini,34.0,4863,502.37,19.11,.051753,18.360353
1781658662,phi3:mini,34.0,4864,521.47,19.41,.049858,16.020903
1781658678,phi3:mini,36.0,4860,509.63,10.30,.051017,398.460585
1781659077,phi3:mini,32.0,4867,47.98,17.67,.541845,34.914439
1781659113,phi3:mini,32.0,4871,474.69,19.39,.054772,11.292325
1781659124,phi3:mini,33.0,4867,453.89,18.24,.057282,27.512744
1781659152,phi3:mini,34.0,4867,493.08,19.45,.052728,11.821743
1781659164,phi3:mini,34.0,4868,543.06,19.58,.047876,9.037436
1781659173,phi3:mini,34.0,4866,500.97,19.73,.051899,7.904709
1781659181,phi3:mini,34.0,4862,539.41,18.27,.048200,24.082107
1781659206,phi3:mini,34.0,4858,478.36,19.19,.054352,14.902034
1781659221,phi3:mini,34.0,4861,520.61,19.03,.049940,16.129807
1781659237,phi3:mini,34.0,4855,511.46,19.41,.050834,8.703713
1781659246,phi3:mini,34.0,4852,478.79,17.55,.054302,36.113194
1781659282,phi3:mini,34.0,4860,472.07,18.88,.055075,15.144515
1781659298,phi3:mini,34.0,4865,504.10,18.29,.051576,27.163733
1781659325,phi3:mini,34.0,4863,444.62,19.84,.058475,4.937494
1781659330,phi3:mini,36.0,4866,494.15,20.27,.052614,4.636222
1781659335,phi3:mini,34.0,4863,531.12,20.34,.048952,2.310498
1781659337,phi3:mini,36.0,4864,542.28,19.02,.047945,17.080516
1781659355,phi3:mini,34.0,4857,465.38,18.55,.055867,20.051347
1781659375,phi3:mini,34.0,4855,486.27,19.97,.053467,4.906091
1781659380,phi3:mini,34.0,4860,555.69,19.52,.046788,11.780605
1781659392,phi3:mini,34.0,4866,498.80,19.18,.052124,12.353218
1781659404,phi3:mini,36.0,4866,497.25,15.91,.052287,71.633940
1781659476,phi3:mini,30.0,4857,500.41,18.91,.051956,17.131138
1781659494,phi3:mini,34.0,4861,491.46,19.12,.052902,11.974031
1781659506,phi3:mini,34.0,4862,514.68,19.42,.050516,12.458009
1781659518,phi3:mini,33.0,4860,494.21,19.55,.052608,12.375891
1781659531,phi3:mini,34.0,4864,509.23,19.39,.051057,16.754042
1781659548,phi3:mini,36.0,4860,535.13,18.06,.048585,31.275613
1781659579,phi3:mini,34.0,4862,454.40,19.38,.057217,10.521505
1781659590,phi3:mini,34.0,4851,542.87,17.88,.047893,31.811060
1781659622,phi3:mini,31.0,4860,489.12,17.43,.053156,42.097410
1781659664,phi3:mini,31.0,4861,495.53,18.69,.052468,19.734733
1781659684,phi3:mini,33.0,4865,394.91,19.14,.065836,14.573784
1781659699,phi3:mini,34.0,4868,539.30,19.10,.048210,14.918481
1781659714,phi3:mini,34.0,4866,490.71,18.86,.052983,17.122185
1781659731,phi3:mini,33.0,4864,438.55,20.08,.059285,2.838465
1781659734,phi3:mini,34.0,4863,488.24,19.76,.053252,4.754717
1781659739,phi3:mini,34.0,4863,498.66,18.99,.052138,17.004707
1781659757,phi3:mini,34.0,4866,453.01,19.54,.057393,11.458544
1781659768,phi3:mini,34.0,4872,513.39,18.51,.050643,22.579751
1781659791,phi3:mini,33.0,4872,502.14,17.58,.051777,37.241803
1781659828,phi3:mini,36.0,4866,495.06,17.84,.052518,34.064839
1781659863,phi3:mini,33.0,4867,500.93,18.07,.051902,28.596545
1781659891,phi3:mini,33.0,4870,459.30,18.21,.056607,26.027264
1781659918,phi3:mini,33.0,4863,506.39,19.62,.051343,7.033348
1781659925,phi3:mini,34.0,4861,546.41,19.10,.047582,13.926397
1781659939,phi3:mini,34.0,4859,492.28,19.30,.052814,12.123325
1781659951,phi3:mini,31.0,4862,525.58,19.11,.049468,12.657130
1781659964,phi3:mini,34.0,4861,474.85,19.67,.054753,5.030623
1781659969,phi3:mini,34.0,4861,503.45,17.91,.051643,35.778931
1781660005,phi3:mini,34.0,4864,487.63,20.30,.053319,3.939306
1781660009,phi3:mini,34.0,4861,540.22,18.95,.048127,15.829634
1781660025,phi3:mini,34.0,4864,489.36,18.39,.053129,24.518587
1781660050,phi3:mini,34.0,4867,487.39,18.70,.053345,18.286860
1781660069,phi3:mini,34.0,4864,515.76,18.84,.050410,17.776339
1781660087,phi3:mini,34.0,4865,509.95,18.42,.050984,23.278329
1781660110,phi3:mini,36.0,4860,506.21,19.66,.051361,10.169310
1781660120,phi3:mini,34.0,4860,500.05,18.85,.051994,19.039354
1781660140,phi3:mini,34.0,4863,496.66,19.59,.052348,7.553268
1781660147,phi3:mini,34.0,4865,524.46,18.46,.049574,23.069836
1781660171,phi3:mini,34.0,4861,517.31,18.15,.050259,28.969297
1781660200,phi3:mini,34.0,4866,503.60,21.01,.051627,.856559
1781660201,phi3:mini,34.0,4864,452.68,18.35,.057435,23.861807
1781660225,phi3:mini,36.0,4859,534.17,18.85,.048673,20.313886
1781660245,phi3:mini,31.0,4859,572.90,19.25,.045382,11.374380
1781660257,phi3:mini,34.0,4858,497.98,20.30,.052210,2.363399
1781660259,phi3:mini,34.0,4858,528.96,18.45,.049152,23.516036
1781660283,phi3:mini,34.0,4862,502.05,18.47,.051787,23.493264
1781660307,phi3:mini,34.0,4863,491.21,18.34,.052930,29.169152
1781660336,phi3:mini,34.0,4861,522.25,20.34,.049783,2.850853
1781660339,phi3:mini,36.0,4854,483.21,18.28,.053806,26.859351
1781660366,phi3:mini,34.0,4864,522.91,19.11,.049720,12.604887
1781660379,phi3:mini,34.0,4862,500.02,19.35,.051997,11.885987
1781660391,phi3:mini,34.0,4867,504.55,19.28,.051530,10.683600
1781660402,phi3:mini,34.0,4869,493.12,20.59,.052724,2.476375
1781660404,phi3:mini,34.0,4870,492.96,19.40,.052742,8.346388
1781660413,phi3:mini,36.0,4869,505.94,18.86,.051389,16.960605
1781660430,phi3:mini,34.0,4863,473.14,18.82,.054951,18.756323
1781660449,phi3:mini,34.0,4869,533.12,20.77,.048768,1.107279
1781660450,phi3:mini,34.0,4866,513.66,18.72,.050616,16.075883
1781660467,phi3:mini,36.0,4864,524.49,19.02,.049571,18.817713
1781660486,phi3:mini,36.0,4862,458.04,19.80,.056763,12.624008
1781660498,phi3:mini,34.0,4860,499.37,19.33,.052064,16.085321
1781660515,phi3:mini,37.0,4853,492.22,19.23,.052821,13.826418
1781660529,phi3:mini,31.0,4850,487.65,19.01,.053316,19.409282
1781660548,phi3:mini,31.0,4852,469.30,18.96,.055401,17.086255
1781660565,phi3:mini,36.0,4850,526.91,19.04,.049343,15.752381
1781660581,phi3:mini,36.0,4856,524.62,18.33,.049559,23.236717
1781660605,phi3:mini,34.0,4856,528.24,18.03,.049219,31.322774
1781660636,phi3:mini,34.0,4852,503.37,19.27,.051651,10.895979
1781660647,phi3:mini,34.0,4855,486.59,19.49,.053432,11.800145
1781660659,phi3:mini,34.0,4860,506.64,20.53,.051318,1.655343
1781660661,phi3:mini,34.0,4862,517.33,18.20,.050257,27.353145
1781660689,phi3:mini,36.0,4851,443.81,19.60,.058583,5.203221
1781660694,phi3:mini,34.0,4854,525.64,18.74,.049463,19.045640
1781660713,phi3:mini,34.0,4856,498.92,20.18,.052112,3.616100
1781660717,phi3:mini,34.0,4856,496.09,19.22,.052409,14.722221
1781660732,phi3:mini,34.0,4859,486.08,20.03,.053489,3.144997
1781660735,phi3:mini,36.0,4861,512.54,19.91,.050727,4.820500
1781660740,phi3:mini,34.0,4847,515.56,18.21,.050429,27.498252
1781660768,phi3:mini,36.0,4861,486.56,19.77,.053435,4.955734
1781660773,phi3:mini,36.0,4852,491.71,18.82,.052876,19.339384
1781660793,phi3:mini,33.0,4855,482.09,18.08,.053930,29.414838
1781660822,phi3:mini,34.0,4859,496.39,17.91,.052377,31.823666
1781660854,phi3:mini,34.0,4861,496.65,17.56,.052350,36.668037
1781660891,phi3:mini,33.0,4861,539.73,19.26,.048171,12.456046
1781660904,phi3:mini,36.0,4861,510.84,18.94,.050896,13.196325
1781660917,phi3:mini,34.0,4858,515.89,19.92,.050398,3.110891
1781660920,phi3:mini,34.0,4859,444.25,19.29,.058525,14.408718
1781660935,phi3:mini,34.0,4859,483.69,19.04,.053753,18.112637
1781660953,phi3:mini,34.0,4859,510.85,18.99,.050895,15.897704
1781660969,phi3:mini,34.0,4864,582.04,18.73,.044670,19.540439
1781660989,phi3:mini,31.0,4859,549.10,18.96,.047350,16.982924
1781661006,phi3:mini,34.0,4864,470.52,19.63,.055257,7.130308
1781661014,phi3:mini,33.0,4864,510.33,20.11,.050947,2.833073
1781661017,phi3:mini,36.0,4863,488.48,18.50,.053225,21.179856
1781661038,phi3:mini,33.0,4856,539.35,18.89,.048205,16.404389
1781661055,phi3:mini,34.0,4862,491.29,19.18,.052921,13.346616
1781661068,phi3:mini,34.0,4865,476.75,19.05,.054534,15.427773
1781661084,phi3:mini,34.0,4861,499.18,19.16,.052084,16.021653
1781661100,phi3:mini,36.0,4856,519.42,20.36,.050055,4.615992
1781661105,phi3:mini,36.0,4858,456.05,19.17,.057010,17.055312
1781661122,phi3:mini,36.0,4853,559.07,16.56,.046505,58.203457
1781661180,phi3:mini,34.0,4859,463.01,19.21,.056154,13.946609
1781661195,phi3:mini,36.0,4863,541.60,19.25,.048005,13.295589
1781661208,phi3:mini,34.0,4860,457.90,19.70,.056780,9.947999
1781661218,phi3:mini,34.0,4859,482.29,19.14,.053909,11.439544
1781661230,phi3:mini,36.0,4860,490.59,18.66,.052996,19.072488
1781661249,phi3:mini,34.0,4860,529.69,18.21,.049084,27.282404
1781661277,phi3:mini,34.0,4862,481.76,19.51,.053968,10.762978
1781661287,phi3:mini,33.0,4863,503.62,20.68,.051625,2.464988
1781661290,phi3:mini,34.0,4862,504.73,20.02,.051512,4.744662
1781661295,phi3:mini,31.0,4863,540.87,18.82,.048070,16.895322
1781661312,phi3:mini,31.0,4856,467.90,18.81,.055567,17.801661
1781661330,phi3:mini,33.0,4861,509.50,18.49,.051029,22.865673
1781661353,phi3:mini,36.0,4865,487.41,18.38,.053342,24.261270
1781661378,phi3:mini,34.0,4868,481.07,18.40,.054045,23.473539
1781661401,phi3:mini,36.0,4864,495.19,19.02,.052504,13.193471
1781661415,phi3:mini,36.0,4866,526.79,17.52,.049354,36.282045
1781661451,phi3:mini,34.0,4863,512.44,19.36,.050736,10.841662
1781661462,phi3:mini,36.0,4866,493.28,18.71,.052707,22.067025
1781661484,phi3:mini,36.0,4872,528.60,18.41,.049185,24.006916
1781661509,phi3:mini,34.0,4871,557.38,19.70,.046646,10.910544
1781661520,phi3:mini,34.0,4871,490.02,19.18,.053058,16.675583
1781661537,phi3:mini,36.0,4872,527.16,19.24,.049320,12.158463
1781661549,phi3:mini,33.0,4874,468.30,19.26,.055519,12.195711
1781661561,phi3:mini,34.0,4871,470.05,19.19,.055313,13.023776
1781661574,phi3:mini,34.0,4869,492.50,19.14,.052791,12.744127
1781661587,phi3:mini,31.0,4872,544.40,18.16,.047758,27.034704
1781661615,phi3:mini,34.0,4869,502.12,18.43,.051780,23.538907
1781661638,phi3:mini,34.0,4865,499.70,18.68,.052030,19.003746
1781661658,phi3:mini,36.0,4861,467.89,19.75,.055568,7.388964
1781661665,phi3:mini,33.0,4869,476.87,19.26,.054522,10.068632
1781661675,phi3:mini,34.0,4866,519.74,19.39,.050024,12.323135
1781661688,phi3:mini,34.0,4864,549.52,19.64,.047313,11.756101
1781661700,phi3:mini,34.0,4861,520.17,18.78,.049983,19.695969
1781661720,phi3:mini,34.0,4864,513.32,16.85,.050650,51.328992
1781661771,phi3:mini,33.0,4872,540.03,17.81,.048145,32.049074
1781661803,phi3:mini,30.0,4874,453.83,19.17,.057290,12.462021
1781661816,phi3:mini,34.0,4865,501.52,20.49,.051842,1.073615
1781661817,phi3:mini,34.0,4865,502.70,16.33,.051719,61.663176
1781661879,phi3:mini,33.0,4869,484.74,18.31,.053636,24.513796
1781661904,phi3:mini,34.0,4870,510.87,18.87,.050893,19.653501
1781661924,phi3:mini,34.0,4867,488.93,19.31,.053176,10.147885
1781661934,phi3:mini,34.0,4865,538.06,19.12,.048321,11.869993
1781661946,phi3:mini,34.0,4865,488.47,19.02,.053226,18.028057
1781661964,phi3:mini,36.0,4868,473.95,19.42,.054857,12.151919
1781661977,phi3:mini,34.0,4867,477.68,19.19,.054428,15.319594
1781661992,phi3:mini,34.0,4863,465.32,18.42,.055874,24.585045
1781662017,phi3:mini,34.0,4865,444.88,18.76,.058441,18.757200
1781662036,phi3:mini,34.0,4865,496.13,19.10,.052405,13.140496
1781662049,phi3:mini,33.0,4864,450.39,17.58,.057726,37.422188
1781662087,phi3:mini,33.0,4866,444.81,19.40,.058450,12.988001
1781662100,phi3:mini,34.0,4858,452.63,19.21,.057441,13.687443
1781662114,phi3:mini,34.0,4854,500.32,19.07,.051966,15.258449
1781662129,phi3:mini,34.0,4864,499.85,19.25,.052015,12.673820
1781662142,phi3:mini,36.0,4871,507.35,17.79,.051246,32.813280
1781662175,phi3:mini,34.0,4863,545.82,17.94,.047633,30.148462
1781662206,phi3:mini,34.0,4863,486.57,18.97,.053434,18.601985
1781662224,phi3:mini,33.0,4866,476.83,18.77,.054526,18.273166
1781662243,phi3:mini,34.0,4862,498.30,18.39,.052177,27.674088
1781662271,phi3:mini,34.0,4868,479.48,19.14,.054225,17.084093
1781662288,phi3:mini,34.0,4870,551.76,18.26,.047121,28.791630
1781662317,phi3:mini,33.0,4862,517.47,16.69,.050244,55.576903
1781662373,phi3:mini,33.0,4869,474.85,19.19,.054753,12.140338
1781662385,phi3:mini,34.0,4859,519.71,19.14,.050027,18.023625
1781662403,phi3:mini,34.0,4855,558.02,19.24,.046592,13.719558
1781662417,phi3:mini,33.0,4853,495.11,18.60,.052512,22.247275
1781662440,phi3:mini,36.0,4853,513.88,18.33,.050595,24.650538
1781662465,phi3:mini,34.0,4857,512.55,19.00,.050726,17.153670
1781662482,phi3:mini,34.0,4855,521.82,19.55,.049825,10.126023
1781662492,phi3:mini,34.0,4861,496.97,19.00,.052316,17.623353
1781662510,phi3:mini,34.0,4860,522.26,18.75,.049783,19.144698
1781662529,phi3:mini,34.0,4857,526.53,19.86,.049378,5.890759
1781662535,phi3:mini,34.0,4855,475.72,19.13,.054653,12.386887
1781662548,phi3:mini,33.0,4860,487.02,18.82,.053384,18.276879
1781662566,phi3:mini,34.0,4859,468.72,18.94,.055469,17.420013
1781662584,phi3:mini,34.0,4860,446.52,18.01,.058227,31.536795
1781662616,phi3:mini,33.0,4871,484.95,18.75,.053613,19.673283
1781662636,phi3:mini,34.0,4861,496.00,19.27,.052419,12.245397
1781662648,phi3:mini,31.0,4864,495.42,20.44,.052480,2.397211
1781662651,phi3:mini,34.0,4863,554.14,19.84,.046919,5.089351
1781662656,phi3:mini,36.0,4865,516.41,18.48,.050347,21.806958
1781662678,phi3:mini,33.0,4858,498.38,19.22,.052168,12.792975
1781662691,phi3:mini,34.0,4863,521.63,19.27,.049843,11.364513
1781662702,phi3:mini,34.0,4861,503.12,18.95,.051676,16.569128
1781662719,phi3:mini,34.0,4861,554.70,19.00,.046871,15.678875
1781662735,phi3:mini,33.0,4861,462.13,19.40,.056260,9.635394
1781662745,phi3:mini,34.0,4849,496.16,17.68,.052402,36.020415
1781662781,phi3:mini,34.0,4851,486.68,19.79,.053422,4.546692
1781662786,phi3:mini,34.0,4853,510.05,19.26,.050975,13.181585
1781662799,phi3:mini,34.0,4851,534.28,18.46,.048663,23.123867
1781662822,phi3:mini,33.0,4860,512.32,18.79,.050749,17.184908
1781662840,phi3:mini,34.0,4864,544.39,18.62,.047759,23.897020
1781662864,phi3:mini,31.0,4860,522.10,19.02,.049798,16.927465
1781662881,phi3:mini,34.0,4859,466.47,19.29,.055737,13.632381
1781662895,phi3:mini,34.0,4861,517.90,19.32,.050202,11.329688
1781662906,phi3:mini,36.0,4858,462.76,18.24,.056183,25.981353
1781662932,phi3:mini,34.0,4861,552.31,18.97,.047074,15.287073
1781662948,phi3:mini,36.0,4860,496.91,17.08,.052322,45.701940
1781662994,phi3:mini,34.0,4864,504.46,17.79,.051539,35.913709
1781663030,phi3:mini,34.0,4864,491.24,17.91,.052926,36.794872
1781663067,phi3:mini,34.0,4869,498.91,18.37,.052113,23.831448
1781663091,phi3:mini,30.0,4870,482.33,19.57,.053904,10.880244
1781663102,phi3:mini,37.0,4864,542.64,19.46,.047913,12.842933
1781663115,phi3:mini,36.0,4864,477.03,18.77,.054503,17.206988
1781663133,phi3:mini,36.0,4869,445.69,19.23,.058336,10.660332
1781663143,phi3:mini,34.0,4862,462.75,19.92,.056184,5.170629
1781663149,phi3:mini,36.0,4857,425.65,19.07,.061082,11.377614
1781663160,phi3:mini,34.0,4860,473.27,18.69,.054936,16.953187
1781663177,phi3:mini,33.0,4862,499.70,18.47,.052031,22.303970
1781663200,phi3:mini,36.0,4860,560.93,19.49,.046351,11.236035
1781663211,phi3:mini,30.0,4858,523.43,18.35,.049672,23.366118
1781663235,phi3:mini,34.0,4859,489.10,18.88,.053158,15.884316
1781663251,phi3:mini,34.0,4862,529.48,18.35,.049104,24.411038
1781663276,phi3:mini,34.0,4860,542.00,18.57,.047970,19.113304
1781663295,phi3:mini,34.0,4861,527.48,18.81,.049290,17.966959
1781663313,phi3:mini,33.0,4864,506.04,19.67,.051379,7.879075
1781663321,phi3:mini,34.0,4862,521.58,18.53,.049847,27.352906
1781663349,phi3:mini,36.0,4860,503.61,19.72,.051626,11.051784
1781663360,phi3:mini,34.0,4865,505.55,19.03,.051428,17.857924
1781663378,phi3:mini,36.0,4857,464.76,18.58,.055941,23.405856
1781663402,phi3:mini,34.0,4862,497.70,19.35,.052239,11.936208
1781663414,phi3:mini,36.0,4858,549.42,18.86,.047322,17.228908
1781663431,phi3:mini,34.0,4870,493.28,18.86,.052707,18.660153
1781663450,phi3:mini,34.0,4864,521.38,19.98,.049867,5.003232
1781663455,phi3:mini,34.0,4862,539.23,20.60,.048216,1.213505
1781663456,phi3:mini,34.0,4861,469.95,19.21,.055324,12.907864
1781663469,phi3:mini,34.0,4857,513.34,19.91,.050648,5.323246
1781663475,phi3:mini,31.0,4860,508.14,20.08,.051166,4.282122
1781663479,phi3:mini,34.0,4849,495.80,19.21,.052440,9.887411
1781663489,phi3:mini,36.0,4855,497.01,18.16,.052312,30.273818
1781663520,phi3:mini,33.0,4867,511.51,18.72,.050829,20.030249
1781663540,phi3:mini,34.0,4866,494.14,18.44,.052615,23.858659
1781663564,phi3:mini,34.0,4867,522.89,19.59,.049723,12.193881
1781663577,phi3:mini,34.0,4869,536.04,19.36,.048503,8.676512
1781663585,phi3:mini,34.0,4863,496.10,19.20,.052408,13.538976
1781663599,phi3:mini,34.0,4868,505.26,18.41,.051457,24.984943
1781663624,phi3:mini,34.0,4866,553.54,18.77,.046969,19.068639
1781663644,phi3:mini,33.0,4863,516.01,19.18,.050386,15.844367
1781663660,phi3:mini,34.0,4869,539.30,19.55,.048210,10.225751
1781663670,phi3:mini,34.0,4872,506.33,20.50,.051349,3.266824
1781663674,phi3:mini,36.0,4870,489.64,19.63,.053100,8.812388
1781663683,phi3:mini,34.0,4868,475.73,18.73,.054652,20.495535
1781663703,phi3:mini,36.0,4873,479.45,19.00,.054228,17.096707
1781663720,phi3:mini,34.0,4861,461.16,18.51,.056379,24.250352
1781663745,phi3:mini,34.0,4869,484.62,18.45,.053649,23.244967
1781663768,phi3:mini,34.0,4868,472.83,18.97,.054987,16.968653
1781663786,phi3:mini,36.0,4863,532.62,18.25,.048814,27.444709
1781663813,phi3:mini,34.0,4862,455.23,18.53,.057113,24.176543
1781663838,phi3:mini,34.0,4867,495.40,19.19,.052482,12.605619
1781663850,phi3:mini,34.0,4867,514.71,18.40,.050513,23.854647
1781663874,phi3:mini,34.0,4873,518.39,19.96,.050154,6.010619
1781663881,phi3:mini,34.0,4862,489.03,18.87,.053165,19.600270
1781663900,phi3:mini,34.0,4859,523.42,18.63,.049672,19.475895
1781663920,phi3:mini,34.0,4865,522.68,18.94,.049742,17.152086
1781663937,phi3:mini,34.0,4863,443.03,19.25,.058686,14.905795
1781663952,phi3:mini,33.0,4861,530.46,19.07,.049013,14.994456
1781663968,phi3:mini,33.0,4862,492.56,18.07,.052785,28.053438
1781663996,phi3:mini,34.0,4857,499.58,19.72,.052043,6.642791
1781664003,phi3:mini,34.0,4856,518.28,19.52,.050165,11.162888
1781664014,phi3:mini,34.0,4858,474.04,18.66,.054847,18.591199
1781664033,phi3:mini,34.0,4856,433.67,17.90,.059952,32.386055
1781664065,phi3:mini,33.0,4865,476.68,18.44,.054542,23.960384
1781664090,phi3:mini,33.0,4859,448.44,18.86,.057978,17.228127
1781664107,phi3:mini,33.0,4866,538.34,19.38,.048296,12.894349
1781664120,phi3:mini,33.0,4867,542.94,19.60,.047886,7.039819
1781664127,phi3:mini,34.0,4869,505.11,18.83,.051473,16.990744
1781664144,phi3:mini,31.0,4872,477.68,19.56,.054429,11.448808
1781664156,phi3:mini,36.0,4870,512.34,19.14,.050747,18.390739
1781664175,phi3:mini,34.0,4867,522.31,19.36,.049778,14.043553
1781664189,phi3:mini,33.0,4864,503.78,19.57,.051608,11.139491
1781664200,phi3:mini,33.0,4859,515.39,18.58,.050446,20.069434
1781664220,phi3:mini,33.0,4859,472.69,19.17,.055004,11.421478
1781664232,phi3:mini,31.0,4862,528.16,20.08,.049226,2.987784
1781664235,phi3:mini,33.0,4863,494.24,19.20,.052605,9.893769
1781664245,phi3:mini,34.0,4860,474.45,19.97,.054799,3.053272
1781664248,phi3:mini,34.0,4863,533.55,18.74,.048730,18.667091
1781664267,phi3:mini,33.0,4867,546.45,18.99,.047579,12.635913
1781664280,phi3:mini,33.0,4868,451.87,19.08,.057538,12.991654
1781664293,phi3:mini,30.0,4864,524.66,18.43,.049555,25.064159
1781664318,phi3:mini,30.0,4868,493.96,18.80,.052635,20.953544
1781664340,phi3:mini,34.0,4867,520.57,18.18,.049944,28.864225
1781664369,phi3:mini,34.0,4873,465.96,18.94,.055798,16.206368
1781664385,phi3:mini,34.0,4873,498.25,19.43,.052181,12.452675
1781664398,phi3:mini,34.0,4865,514.96,19.42,.050488,11.275060
1781664409,phi3:mini,33.0,4867,524.08,18.52,.049610,23.865992
1781664433,phi3:mini,34.0,4876,527.55,19.15,.049284,12.944292
1781664446,phi3:mini,33.0,4869,472.51,19.19,.055024,14.167522
1781664461,phi3:mini,33.0,4875,462.00,18.97,.056277,18.072225
1781664479,phi3:mini,30.0,4870,471.71,17.60,.055118,37.996248
1781664517,phi3:mini,33.0,4865,473.22,19.16,.054941,14.035275
1781664531,phi3:mini,33.0,4863,487.27,18.73,.053358,15.636216
1781664547,phi3:mini,34.0,4870,481.67,17.29,.053978,42.443730
1781664590,phi3:mini,34.0,4869,468.21,19.56,.055529,11.038572
1781664601,phi3:mini,31.0,4869,501.08,18.53,.051887,22.388294
1781664624,phi3:mini,31.0,4873,469.95,18.01,.055324,29.634127
1781664653,phi3:mini,33.0,4863,452.14,19.01,.057503,16.987278
1781664671,phi3:mini,34.0,4857,498.65,18.28,.052140,23.411332
1781664694,phi3:mini,34.0,4866,484.51,19.33,.053662,14.685293
1781664709,phi3:mini,34.0,4868,498.73,21.95,.052131,.956536
1781664710,phi3:mini,34.0,4868,489.31,19.45,.053135,12.955381
1781664723,phi3:mini,33.0,4868,567.87,19.41,.045784,14.114254
1781664738,phi3:mini,34.0,4871,496.65,19.07,.052350,17.351433
1781664755,phi3:mini,34.0,4876,518.41,19.51,.050152,12.707576
1781664768,phi3:mini,34.0,4868,494.37,18.27,.052592,27.956807
1781664796,phi3:mini,36.0,4859,509.18,17.93,.051062,31.560677
1781664828,phi3:mini,34.0,4863,495.65,18.76,.052455,18.974825
1781664847,phi3:mini,34.0,4871,464.45,19.18,.055979,12.090758
1781664859,phi3:mini,36.0,4871,541.01,19.66,.048057,9.660126
1781664869,phi3:mini,36.0,4871,572.77,18.51,.045393,23.435036
1781664893,phi3:mini,34.0,4875,490.91,19.38,.052962,12.276543
1781664905,phi3:mini,34.0,4873,500.38,19.57,.051960,11.798008
1781664917,phi3:mini,34.0,4875,556.23,20.20,.046743,3.365525
1781664921,phi3:mini,33.0,4871,485.01,18.82,.053606,19.711584
1781664941,phi3:mini,34.0,4866,477.74,18.77,.054422,18.963462
1781664960,phi3:mini,34.0,4865,489.97,19.75,.053063,5.822523
1781664966,phi3:mini,34.0,4869,457.76,19.40,.056797,11.232078
1781664977,phi3:mini,36.0,4871,560.22,17.80,.046409,34.198398
1781665012,phi3:mini,34.0,4873,469.95,18.62,.055324,22.922227
1781665035,phi3:mini,34.0,4867,489.65,19.22,.053098,14.202095
1781665049,phi3:mini,34.0,4869,504.77,15.90,.051508,74.505019
1781665124,phi3:mini,33.0,4873,482.79,17.72,.053852,36.846368
1781665161,phi3:mini,34.0,4870,463.79,17.65,.056058,38.979000
1781665200,phi3:mini,33.0,4868,526.33,19.38,.049397,12.329401
1781665213,phi3:mini,34.0,4868,480.30,19.68,.054131,5.435705
1781665218,phi3:mini,30.0,4867,475.64,18.83,.054662,20.066742
1781665238,phi3:mini,34.0,4886,460.58,16.93,.056449,50.027381
1781665289,phi3:mini,31.0,4898,501.58,17.97,.051835,31.429570
1781665320,phi3:mini,34.0,4899,523.34,18.03,.049680,31.500177
1781665352,phi3:mini,34.0,4871,492.01,19.72,.052843,7.300011
1781665359,phi3:mini,34.0,4873,547.68,21.15,.047472,1.181649
1781665361,phi3:mini,33.0,4871,529.57,19.28,.049095,14.878617
1781665376,phi3:mini,34.0,4868,467.64,20.61,.055598,1.066985
1781665377,phi3:mini,34.0,4866,505.58,20.95,.051425,1.288251
1781665379,phi3:mini,34.0,4860,483.83,18.94,.053737,17.098623
1781665396,phi3:mini,33.0,4866,550.05,15.49,.047267,83.511220
1781665480,phi3:mini,30.0,4866,518.79,20.83,.050116,2.447832
1781665482,phi3:mini,33.0,4862,482.59,18.88,.053875,17.102070
1781665500,phi3:mini,34.0,4864,481.95,18.91,.053947,18.553169
1781665518,phi3:mini,34.0,4854,430.99,14.91,.060325,100.268108
1781665619,phi3:mini,33.0,4862,510.68,20.45,.050912,3.862621
1781665623,phi3:mini,34.0,4861,561.85,19.69,.046275,12.538155
1781665636,phi3:mini,34.0,4868,486.94,15.20,.053394,91.694079
1781665728,phi3:mini,32.0,4865,527.11,19.29,.049325,12.437421
1781665740,phi3:mini,32.0,4861,515.90,18.48,.050396,24.500900
1781665765,phi3:mini,36.0,4858,474.75,18.94,.054765,18.056078
1781665783,phi3:mini,36.0,4865,529.01,19.02,.049147,17.033687
1781665800,phi3:mini,33.0,4863,507.03,19.23,.051278,15.494133
1781665816,phi3:mini,34.0,4869,483.95,17.99,.053724,31.444850
1781665848,phi3:mini,33.0,4865,497.57,19.45,.052253,10.022450
1781665858,phi3:mini,33.0,4868,484.34,18.82,.053681,21.776816
1781665880,phi3:mini,34.0,4867,488.83,18.55,.053187,24.197225
1781665904,phi3:mini,31.0,4866,543.55,19.13,.047832,15.154286
1781665920,phi3:mini,34.0,4861,482.78,17.90,.053854,31.776854
1781665951,phi3:mini,34.0,4862,522.36,19.94,.049773,4.010412
1781665956,phi3:mini,34.0,4865,495.72,18.38,.052448,23.713492
1781665980,phi3:mini,34.0,4863,519.39,17.86,.050058,31.010302
1781666011,phi3:mini,34.0,4867,472.65,19.15,.055008,10.073290
1781666021,phi3:mini,34.0,4870,516.34,20.75,.050353,1.300891
1781666022,phi3:mini,33.0,4866,496.63,19.35,.052351,10.385582
1781666033,phi3:mini,33.0,4867,466.10,18.37,.055781,24.484672
1781666058,phi3:mini,31.0,4868,513.56,19.78,.050626,7.630206
1781666065,phi3:mini,34.0,4873,497.79,19.07,.052230,15.835291
1781666081,phi3:mini,33.0,4864,512.70,19.45,.050711,10.331391
1781666092,phi3:mini,34.0,4858,503.02,18.97,.051686,17.448051
1781666110,phi3:mini,34.0,4854,489.11,19.42,.053156,13.696389
1781666124,phi3:mini,34.0,4855,544.52,19.12,.047747,16.891509
1781666141,phi3:mini,34.0,4858,464.50,18.61,.055973,23.318643
1781666164,phi3:mini,34.0,4867,554.91,18.94,.046853,15.198639
1781666179,phi3:mini,36.0,4873,556.69,18.68,.046703,18.303750
1781666198,phi3:mini,34.0,4864,477.85,14.95,.054410,99.888180
1781666298,phi3:mini,33.0,4870,549.77,18.97,.047292,18.443838
1781666317,phi3:mini,34.0,4858,502.15,20.08,.051777,5.724565
1781666323,phi3:mini,34.0,4862,472.41,17.75,.055035,35.087732
1781666358,phi3:mini,33.0,4863,495.70,19.58,.052450,11.132096
1781666369,phi3:mini,33.0,4868,529.86,19.06,.049068,16.783651
1781666386,phi3:mini,34.0,4864,496.13,19.31,.052404,13.099063
1781666400,phi3:mini,34.0,4863,448.19,18.52,.058010,21.048126
1781666421,phi3:mini,34.0,4865,491.06,18.49,.052946,24.812608
1781666446,phi3:mini,34.0,4861,475.20,19.07,.054713,14.891662
1781666461,phi3:mini,33.0,4863,511.11,18.37,.050868,23.234485
1781666484,phi3:mini,34.0,4864,492.43,19.90,.052798,5.376316
1781666490,phi3:mini,34.0,4867,520.84,18.16,.049919,27.905129
1781666518,phi3:mini,36.0,4865,497.99,18.32,.052209,23.248042
1781666541,phi3:mini,34.0,4862,470.99,20.11,.055202,5.019972
1781666547,phi3:mini,34.0,4864,469.47,14.99,.055380,97.727331
1781666645,phi3:mini,34.0,4866,540.02,17.97,.048145,32.091801
1781666677,phi3:mini,34.0,4865,473.63,19.78,.054894,6.166686
1781666683,phi3:mini,36.0,4868,513.28,18.86,.050653,17.277896
1781666701,phi3:mini,36.0,4869,484.49,18.17,.053664,27.792014
1781666729,phi3:mini,34.0,4864,478.90,18.94,.054290,15.150520
1781666744,phi3:mini,34.0,4868,549.29,19.38,.047333,10.161793
1781666754,phi3:mini,34.0,4869,487.74,19.11,.053306,16.319285
1781666771,phi3:mini,34.0,4870,475.09,20.21,.054726,1.830300
1781666773,phi3:mini,33.0,4866,514.66,18.39,.050518,27.018515
1781666800,phi3:mini,34.0,4869,536.65,19.29,.048448,16.841245
1781666817,phi3:mini,36.0,4862,504.75,21.08,.051509,1.517507
1781666819,phi3:mini,33.0,4863,498.97,18.60,.052107,23.063076
1781666842,phi3:mini,30.0,4863,544.96,18.17,.047709,28.178182
1781666871,phi3:mini,34.0,4862,511.36,19.31,.050844,15.063567
1781666886,phi3:mini,33.0,4864,508.27,14.73,.051153,105.013568
1781666991,phi3:mini,32.0,4868,505.15,19.10,.051469,14.448034
1781667006,phi3:mini,34.0,4863,490.85,18.87,.052969,17.216256
1781667023,phi3:mini,36.0,4867,459.05,19.75,.056638,5.972994
1781667029,phi3:mini,34.0,4869,480.26,16.61,.054136,57.662515
1781667087,phi3:mini,34.0,4858,490.38,19.74,.053019,9.572331
1781667097,phi3:mini,34.0,4853,526.29,17.19,.049401,44.482767
1781667142,phi3:mini,34.0,4852,501.07,19.11,.051888,16.954079
1781667159,phi3:mini,33.0,4863,521.59,19.06,.049847,15.421637
1781667174,phi3:mini,33.0,4866,521.19,17.60,.049885,37.269305
1781667212,phi3:mini,34.0,4866,490.13,19.45,.053046,8.378913
1781667220,phi3:mini,34.0,4858,417.10,18.91,.062335,18.720216
1781667239,phi3:mini,34.0,4859,502.83,18.82,.051706,21.674980
1781667261,phi3:mini,34.0,4853,490.33,19.16,.053024,12.366246
1781667274,phi3:mini,34.0,4857,540.24,20.57,.048125,1.214795
1781667275,phi3:mini,34.0,4854,513.69,19.70,.050613,7.918268
1781667283,phi3:mini,31.0,4859,492.13,18.45,.052831,23.139445
1781667307,phi3:mini,34.0,4866,542.69,18.38,.047909,22.735948
1781667330,phi3:mini,33.0,4865,469.81,19.44,.055340,12.033247
1781667342,phi3:mini,34.0,4864,515.72,19.52,.050414,12.239298
1781667354,phi3:mini,34.0,4866,471.53,17.33,.055139,45.166527
1781667400,phi3:mini,33.0,4862,491.38,18.59,.052912,23.447301
1781667423,phi3:mini,33.0,4858,476.49,19.26,.054565,12.404030
1781667436,phi3:mini,34.0,4866,478.90,17.75,.054290,36.437559
1781667472,phi3:mini,33.0,4859,484.23,18.47,.053692,24.407496
1781667497,phi3:mini,34.0,4866,546.86,18.15,.047543,28.037756
1781667525,phi3:mini,30.0,4865,506.62,18.93,.051320,17.689329
1781667543,phi3:mini,34.0,4867,451.56,19.04,.057577,15.014635
1781667558,phi3:mini,34.0,4858,516.26,18.38,.050362,24.310322
1781667583,phi3:mini,34.0,4861,560.51,18.77,.046386,21.038633
1781667604,phi3:mini,34.0,4863,500.46,19.40,.051952,9.484402
1781667614,phi3:mini,34.0,4859,481.60,18.32,.053985,24.232836
1781667638,phi3:mini,31.0,4856,525.35,19.62,.049490,11.160248
1781667650,phi3:mini,34.0,4843,514.46,18.86,.050538,19.344639
1781667669,phi3:mini,34.0,4855,515.57,19.44,.050429,9.823813
1781667679,phi3:mini,34.0,4849,433.58,19.60,.059964,9.743619
1781667689,phi3:mini,34.0,4857,452.81,18.67,.057418,19.277505
1781667708,phi3:mini,34.0,4862,433.42,17.81,.059986,33.394997
1781667742,phi3:mini,33.0,4869,493.33,21.08,.052702,1.185849
1781667743,phi3:mini,34.0,4869,454.89,19.38,.057155,10.574799
1781667754,phi3:mini,33.0,4864,485.09,20.05,.053597,3.989697
1781667758,phi3:mini,34.0,4861,465.37,18.89,.055868,17.356290
1781667776,phi3:mini,34.0,4862,545.07,19.25,.047699,13.863294
1781667790,phi3:mini,34.0,4859,482.51,18.87,.053884,19.599354
1781667810,phi3:mini,36.0,4866,529.71,18.72,.049083,22.272993
1781667832,phi3:mini,34.0,4865,474.91,18.35,.054747,23.370372
1781667856,phi3:mini,33.0,4867,499.49,19.67,.052052,5.439633
1781667861,phi3:mini,34.0,4864,470.34,18.24,.055279,24.669629
1781667886,phi3:mini,33.0,4861,490.84,18.83,.052969,17.254857
1781667904,phi3:mini,34.0,4861,501.34,19.34,.051860,11.219929
1781667915,phi3:mini,34.0,4865,473.87,17.59,.054866,35.018749
1781667950,phi3:mini,32.0,4868,511.39,19.08,.050840,14.669045
1781667965,phi3:mini,34.0,4858,512.05,19.81,.050775,4.742975
1781667970,phi3:mini,34.0,4856,521.82,20.64,.049825,2.470856
1781667973,phi3:mini,36.0,4856,472.87,17.74,.054983,33.924124
1781668007,phi3:mini,33.0,4856,490.43,19.62,.053014,11.059558
1781668018,phi3:mini,34.0,4858,502.54,19.16,.051736,15.756653
1781668034,phi3:mini,36.0,4855,476.29,18.63,.054587,23.069131
1781668057,phi3:mini,36.0,4855,542.65,20.06,.047912,5.832108
1781668063,phi3:mini,34.0,4856,534.89,20.66,.048607,2.467482
1781668066,phi3:mini,36.0,4853,501.27,19.03,.051867,20.174926
1781668086,phi3:mini,34.0,4856,477.46,19.44,.054453,11.003042
1781668097,phi3:mini,34.0,4858,556.11,18.82,.046753,19.067632
1781668117,phi3:mini,31.0,4862,454.17,19.81,.057247,6.912654
1781668124,phi3:mini,34.0,4851,512.16,18.81,.050764,16.158221
1781668140,phi3:mini,34.0,4849,520.18,18.77,.049982,19.065895
1781668159,phi3:mini,36.0,4854,473.83,17.36,.054871,38.990722
1781668199,phi3:mini,34.0,4860,537.41,18.91,.048379,16.815239
1781668216,phi3:mini,33.0,4858,496.35,18.80,.052382,17.227300
1781668233,phi3:mini,34.0,4856,498.16,19.92,.052191,4.266224
1781668237,phi3:mini,34.0,4861,542.12,19.23,.047959,13.411020
1781668251,phi3:mini,34.0,4858,470.73,19.18,.055232,13.970936
1781668265,phi3:mini,34.0,4859,481.43,18.64,.054005,22.793426
1781668288,phi3:mini,34.0,4864,498.56,17.91,.052149,32.199270
1781668321,phi3:mini,34.0,4855,534.70,18.35,.048624,23.596528
1781668344,phi3:mini,34.0,4863,524.14,19.14,.049604,13.162374
1781668358,phi3:mini,34.0,4863,496.43,19.23,.052373,10.657175
1781668368,phi3:mini,34.0,4862,522.98,18.81,.049714,17.643378
1781668386,phi3:mini,34.0,4867,465.16,18.52,.055893,22.998276
1781668410,phi3:mini,34.0,4866,537.23,17.67,.048395,35.988431
1781668446,phi3:mini,34.0,4862,502.53,16.72,.051737,55.914668
1781668502,phi3:mini,32.0,4854,424.40,19.14,.061262,12.956725
1781668515,phi3:mini,31.0,4861,487.69,18.31,.053311,24.899179
1781668540,phi3:mini,34.0,4864,516.40,18.72,.050347,18.796604
1781668559,phi3:mini,33.0,4862,482.19,18.88,.053919,20.545186
1781668580,phi3:mini,34.0,4859,513.90,19.70,.050593,11.923752
1781668592,phi3:mini,34.0,4859,499.99,20.33,.052000,2.851547
1781668595,phi3:mini,34.0,4860,512.61,18.60,.050720,23.489220
1781668619,phi3:mini,34.0,4853,568.12,18.63,.045764,23.293832
1781668642,phi3:mini,36.0,4859,508.99,19.04,.051081,14.705537
1781668657,phi3:mini,34.0,4866,531.63,18.36,.048906,23.737342
1781668681,phi3:mini,33.0,4858,473.12,17.22,.054954,44.413086
1781668725,phi3:mini,34.0,4857,482.19,19.80,.053919,8.886608
1781668735,phi3:mini,33.0,4860,543.02,18.82,.047879,17.158770
1781668752,phi3:mini,34.0,4865,570.91,18.83,.045541,18.213290
1781668770,phi3:mini,34.0,4865,512.17,18.82,.050764,17.209217
1781668788,phi3:mini,31.0,4867,469.34,19.61,.055396,5.963505
1781668794,phi3:mini,34.0,4863,548.02,19.24,.047443,10.549300
1781668805,phi3:mini,34.0,4865,507.90,17.60,.051190,36.362229
1781668841,phi3:mini,33.0,4869,500.36,19.42,.051962,11.788987
1781668853,phi3:mini,33.0,4866,473.30,18.97,.054932,17.078152
1781668870,phi3:mini,33.0,4864,491.18,19.55,.052933,7.567695
1781668878,phi3:mini,30.0,4869,518.77,19.28,.050118,13.483709
1781668892,phi3:mini,33.0,4867,472.62,19.50,.055011,12.407741
1781668904,phi3:mini,34.0,4862,466.50,19.48,.055733,10.006381
1781668915,phi3:mini,34.0,4866,452.35,19.56,.057476,7.615202
1781668922,phi3:mini,34.0,4858,455.39,18.39,.057093,24.576812
1781668947,phi3:mini,34.0,4862,475.83,18.98,.054641,15.693054
1781668963,phi3:mini,32.0,4866,489.70,19.10,.053093,14.809342
1781668978,phi3:mini,33.0,4867,487.58,19.97,.053323,3.354965
1781668982,phi3:mini,34.0,4865,471.14,20.18,.055185,4.259644
1781668986,phi3:mini,33.0,4862,478.44,18.97,.054342,16.126459
1781669002,phi3:mini,34.0,4866,488.80,19.25,.053191,12.466767
1781669015,phi3:mini,31.0,4867,516.63,18.68,.050325,18.679368
1781669034,phi3:mini,34.0,4869,453.73,16.47,.057302,57.610562
1781669092,phi3:mini,33.0,4872,514.53,20.14,.050531,4.169567
1781669096,phi3:mini,34.0,4862,504.41,18.06,.051544,30.004729
1781669126,phi3:mini,30.0,4867,442.23,18.56,.058791,23.005036
1781669149,phi3:mini,32.0,4859,484.04,19.13,.053714,15.257950
1781669165,phi3:mini,33.0,4862,553.81,19.97,.046946,8.208882
1781669173,phi3:mini,34.0,4850,507.84,17.15,.051196,46.156446
1781669220,phi3:mini,33.0,4866,497.57,20.13,.052253,5.016883
1781669225,phi3:mini,33.0,4868,495.97,18.62,.052421,19.648701
1781669245,phi3:mini,34.0,4870,493.45,18.56,.052689,23.542848
1781669268,phi3:mini,34.0,4864,492.12,18.55,.052831,22.635731
1781669291,phi3:mini,33.0,4866,489.70,19.39,.053093,10.879106
1781669302,phi3:mini,34.0,4866,499.34,18.51,.052067,19.714430
1781669322,phi3:mini,33.0,4866,515.83,19.41,.050403,11.534866
1781669334,phi3:mini,33.0,4860,513.52,18.86,.050630,17.223227
1781669351,phi3:mini,30.0,4863,512.96,20.07,.050685,6.974352
1781669358,phi3:mini,37.0,4862,459.19,18.68,.056621,19.054922
1781669378,phi3:mini,33.0,4863,538.28,17.52,.048301,38.459425
1781669416,phi3:mini,33.0,4866,529.59,15.51,.049093,86.415434
1781669503,phi3:mini,32.0,4870,535.56,21.32,.048546,1.219186
1781669504,phi3:mini,33.0,4869,481.77,19.34,.053967,12.304630
1781669517,phi3:mini,33.0,4862,539.72,19.16,.048172,16.855988
1781669534,phi3:mini,32.0,4857,450.56,18.53,.057704,20.019649
1781669554,phi3:mini,34.0,4860,519.44,19.29,.050053,11.403660
1781669566,phi3:mini,34.0,4855,507.18,20.07,.051263,3.935293
1781669570,phi3:mini,33.0,4860,510.01,18.56,.050978,23.327913
1781669593,phi3:mini,34.0,4866,468.86,19.27,.055453,11.468304
1781669605,phi3:mini,33.0,4872,524.85,18.91,.049537,17.973203
1781669623,phi3:mini,33.0,4866,505.05,19.18,.051479,13.550701
1781669637,phi3:mini,34.0,4861,515.33,18.57,.050452,23.638212
1781669661,phi3:mini,34.0,4860,500.51,19.30,.051946,15.177564
1781669676,phi3:mini,34.0,4867,526.19,19.05,.049411,17.055149
1781669693,phi3:mini,34.0,4863,490.72,19.15,.052982,14.254639
1781669708,phi3:mini,33.0,4861,562.76,19.27,.046200,11.308634
1781669719,phi3:mini,34.0,4866,494.68,19.80,.052558,7.372394
1781669727,phi3:mini,34.0,4856,520.54,20.05,.049948,3.988689
1781669731,phi3:mini,34.0,4853,508.88,20.81,.051092,.864660
1781669732,phi3:mini,33.0,4853,557.72,19.00,.046617,17.519705
1781669750,phi3:mini,33.0,4858,519.95,20.27,.050004,4.931801
1781669755,phi3:mini,33.0,4860,492.06,17.37,.052839,44.194456
1781669799,phi3:mini,34.0,4863,504.32,18.83,.051554,19.593659
1781669819,phi3:mini,34.0,4861,504.30,19.13,.051555,13.169460
1781669832,phi3:mini,34.0,4865,544.30,18.62,.047766,19.654324
1781669852,phi3:mini,34.0,4855,447.58,17.56,.058089,34.897450
1781669887,phi3:mini,33.0,4859,479.56,19.18,.054215,11.361306
1781669899,phi3:mini,34.0,4861,538.12,19.80,.048316,12.573765
1781669912,phi3:mini,34.0,4864,480.19,18.68,.054144,23.286937
1781669935,phi3:mini,34.0,4857,489.02,19.19,.053166,13.130596
1781669948,phi3:mini,33.0,4863,531.70,18.89,.048899,16.138374
1781669965,phi3:mini,33.0,4856,526.19,20.09,.049411,7.266286
1781669972,phi3:mini,34.0,4860,466.67,18.92,.055713,17.649421
1781669990,phi3:mini,33.0,4865,491.82,20.03,.052864,4.692805
1781669995,phi3:mini,34.0,4867,498.46,18.14,.052159,27.724008
1781670023,phi3:mini,33.0,4858,487.16,19.13,.053369,12.174206
1781670035,phi3:mini,31.0,4861,473.36,18.36,.054926,25.922126
1781670061,phi3:mini,34.0,4864,514.85,17.51,.050499,38.143987
1781670100,phi3:mini,34.0,4863,521.10,20.17,.049894,3.172280
1781670103,phi3:mini,34.0,4859,511.19,20.95,.050861,2.242483
1781670105,phi3:mini,36.0,4853,494.09,19.32,.052621,10.972557
1781670116,phi3:mini,34.0,4858,462.84,18.22,.056174,28.264267
1781670145,phi3:mini,33.0,4866,461.40,17.84,.056349,34.399582
1781670179,phi3:mini,33.0,4857,495.35,19.27,.052487,11.727840
1781670191,phi3:mini,34.0,4852,520.75,19.35,.049927,13.845737
1781670205,phi3:mini,34.0,4849,545.72,18.88,.047643,19.746528
1781670225,phi3:mini,33.0,4855,505.02,19.62,.051482,9.071438
1781670235,phi3:mini,33.0,4856,518.87,18.64,.050108,20.913188
1781670256,phi3:mini,33.0,4865,515.78,18.10,.050408,31.203444
1781670287,phi3:mini,33.0,4859,498.05,18.26,.052203,28.134256
1781670315,phi3:mini,34.0,4865,532.15,19.66,.048857,8.187021
1781670324,phi3:mini,34.0,4862,491.61,19.05,.052886,13.437414
1781670337,phi3:mini,34.0,4855,474.60,19.21,.054782,15.303542
1781670353,phi3:mini,34.0,4860,516.70,18.07,.050318,27.720678
1781670381,phi3:mini,34.0,4854,483.79,19.03,.053741,16.073379
1781670397,phi3:mini,34.0,4856,518.05,18.46,.050187,23.985764
1781670421,phi3:mini,34.0,4866,520.62,18.42,.049939,20.295307
1781670442,phi3:mini,33.0,4861,484.92,18.74,.053616,18.296262
1781670460,phi3:mini,34.0,4855,471.66,17.74,.055124,34.480996
1781670495,phi3:mini,34.0,4859,494.97,19.19,.052528,13.078686
1781670508,phi3:mini,34.0,4859,514.06,19.39,.050577,11.189389
1781670519,phi3:mini,31.0,4858,502.85,21.09,.051704,.995418
1781670521,phi3:mini,34.0,4856,523.03,19.44,.049709,11.573537
1781670532,phi3:mini,34.0,4854,517.80,18.85,.050211,15.379315
1781670548,phi3:mini,33.0,4856,544.41,18.74,.047757,19.368055
1781670567,phi3:mini,34.0,4858,524.16,18.87,.049603,16.954830
1781670585,phi3:mini,36.0,4862,483.42,18.60,.053783,19.080966
1781670604,phi3:mini,34.0,4859,475.47,16.43,.054681,58.846361
1781670663,phi3:mini,33.0,4865,485.24,13.08,.053581,172.515311
1781670836,phi3:mini,33.0,4863,507.96,19.05,.051185,12.440776
1781670848,phi3:mini,33.0,4870,477.03,18.78,.054503,16.981835
1781670866,phi3:mini,34.0,4863,510.17,19.98,.050962,4.003698
1781670870,phi3:mini,33.0,4865,521.02,19.33,.049901,11.274324
1781670881,phi3:mini,34.0,4869,557.30,18.82,.046653,19.437959
1781670901,phi3:mini,34.0,4871,455.63,18.52,.057063,19.862593
1781670921,phi3:mini,34.0,4868,482.80,19.94,.053851,5.965613
1781670927,phi3:mini,34.0,4868,403.20,18.25,.064483,27.779397
1781670955,phi3:mini,34.0,4868,458.18,18.55,.056745,24.682213
1781670980,phi3:mini,34.0,4868,506.11,18.68,.051371,24.410694
1781671004,phi3:mini,34.0,4870,522.81,19.60,.049731,9.179091
1781671014,phi3:mini,34.0,4869,559.95,18.50,.046432,23.614328
1781671038,phi3:mini,33.0,4869,496.91,18.40,.052322,24.835316
1781671063,phi3:mini,34.0,4868,490.66,19.13,.052989,13.381608
1781671076,phi3:mini,31.0,4869,541.58,20.17,.048006,2.973730
1781671079,phi3:mini,34.0,4863,468.01,19.19,.055554,12.816911
1781671092,phi3:mini,34.0,4868,481.10,19.24,.054041,12.473607
1781671105,phi3:mini,34.0,4866,486.00,17.76,.053497,32.481506
1781671138,phi3:mini,33.0,4869,486.37,18.69,.053456,19.897782
1781671158,phi3:mini,34.0,4864,485.86,18.16,.053512,24.771950
1781671183,phi3:mini,34.0,4869,494.32,18.35,.052596,24.245809
1781671207,phi3:mini,34.0,4865,482.74,17.21,.053859,44.855249
1781671252,phi3:mini,32.0,4868,479.47,19.21,.054225,12.906811
1781671265,phi3:mini,34.0,4872,471.33,18.84,.055162,15.438172
1781671281,phi3:mini,34.0,4869,497.42,19.04,.052269,13.702622
1781671295,phi3:mini,34.0,4865,450.16,19.30,.057756,15.175395
1781671310,phi3:mini,34.0,4873,495.19,19.14,.052504,14.781163
1781671325,phi3:mini,34.0,4865,496.33,19.44,.052383,11.261085
1781671337,phi3:mini,34.0,4867,503.10,19.85,.051679,5.289383
1781671342,phi3:mini,33.0,4862,517.62,19.03,.050229,16.024151
1781671358,phi3:mini,31.0,4858,460.56,19.29,.056453,13.264698
1781671372,phi3:mini,34.0,4857,492.73,18.70,.052766,19.830928
1781671392,phi3:mini,34.0,4864,519.63,18.18,.050035,27.281236
1781671419,phi3:mini,34.0,4864,483.94,18.65,.053724,17.366817
1781671437,phi3:mini,34.0,4868,550.53,19.90,.047226,5.073557
1781671442,phi3:mini,34.0,4865,533.51,18.99,.048733,15.845004
1781671458,phi3:mini,33.0,4861,538.05,21.11,.048321,1.373279
1781671460,phi3:mini,34.0,4858,499.00,17.69,.052104,37.701119
1781671497,phi3:mini,32.0,4861,502.56,19.73,.051734,4.002308
1781671502,phi3:mini,34.0,4867,523.18,18.41,.049695,23.626365
1781671525,phi3:mini,34.0,4871,514.98,20.17,.050487,3.916586
1781671529,phi3:mini,34.0,4868,499.21,19.36,.052081,12.186186
1781671542,phi3:mini,34.0,4871,518.82,19.31,.050113,10.093693
1781671552,phi3:mini,33.0,4868,523.03,19.21,.049709,14.887412
1781671567,phi3:mini,36.0,4863,544.29,19.34,.047768,14.110510
1781671581,phi3:mini,34.0,4869,522.18,19.82,.049791,10.996096
1781671593,phi3:mini,34.0,4867,542.43,19.32,.047931,16.922223
1781671610,phi3:mini,34.0,4867,486.87,20.29,.053401,3.548064
1781671613,phi3:mini,33.0,4869,512.69,18.32,.050712,24.122893
1781671638,phi3:mini,33.0,4868,530.90,18.53,.048972,20.774944
1781671659,phi3:mini,34.0,4868,493.12,21.04,.052725,.998000
1781671660,phi3:mini,37.0,4861,506.29,19.14,.051353,13.787860
1781671674,phi3:mini,33.0,4867,484.76,18.94,.053634,16.359932
1781671690,phi3:mini,34.0,4868,518.47,19.33,.050147,12.673044
1781671703,phi3:mini,34.0,4862,486.00,18.60,.053497,19.566364
1781671723,phi3:mini,34.0,4871,466.10,20.14,.055781,6.603421
1781671730,phi3:mini,36.0,4869,502.73,18.19,.051717,29.400315
1781671759,phi3:mini,34.0,4867,571.57,19.93,.045488,7.023836
1781671767,phi3:mini,34.0,4868,471.17,18.21,.055181,28.110375
1781671795,phi3:mini,34.0,4860,534.42,18.66,.048650,22.881926
1781671818,phi3:mini,34.0,4864,519.52,19.61,.050045,6.934989
1781671825,phi3:mini,34.0,4867,479.35,18.55,.054239,23.285276
1781671848,phi3:mini,34.0,4860,510.47,18.80,.050932,17.552975
1781671866,phi3:mini,33.0,4860,460.39,19.18,.056473,12.091416
1781671879,phi3:mini,34.0,4862,515.59,19.11,.050427,14.018605
1781671893,phi3:mini,34.0,4867,482.15,19.18,.053924,14.228641
1781671907,phi3:mini,34.0,4868,459.40,19.26,.056594,14.433090
1781671922,phi3:mini,34.0,4864,455.81,20.31,.057040,3.248967
1781671925,phi3:mini,33.0,4866,527.15,20.29,.049321,3.202569
1781671928,phi3:mini,34.0,4862,485.48,19.72,.053554,5.931642
1781671935,phi3:mini,34.0,4856,541.33,19.26,.048029,11.264255
1781671946,phi3:mini,34.0,4863,471.45,19.02,.055147,18.813952
1781671965,phi3:mini,34.0,4864,553.62,18.21,.046963,28.381330
1781671994,phi3:mini,31.0,4871,558.10,18.86,.046586,19.404888
1781672013,phi3:mini,34.0,4875,469.10,19.23,.055424,11.332734
1781672025,phi3:mini,34.0,4871,484.84,18.68,.053625,19.370337
1781672044,phi3:mini,34.0,4871,485.24,18.77,.053581,16.994851
1781672061,phi3:mini,33.0,4871,478.29,19.18,.054359,11.365986
1781672073,phi3:mini,33.0,4868,507.01,19.21,.051280,11.658358
1781672085,phi3:mini,34.0,4869,510.01,18.69,.050979,17.436675
1781672102,phi3:mini,34.0,4866,519.51,19.81,.050046,6.460412
1781672109,phi3:mini,33.0,4869,537.29,18.61,.048390,19.719315
1781672129,phi3:mini,34.0,4862,541.34,19.04,.048028,14.645876
1781672144,phi3:mini,34.0,4860,533.15,18.99,.048766,14.684406
1781672159,phi3:mini,34.0,4871,475.86,18.57,.054637,20.566899
1781672179,phi3:mini,33.0,4864,489.32,19.11,.053133,11.406909
1781672191,phi3:mini,36.0,4860,521.57,18.73,.049849,17.345136
1781672208,phi3:mini,34.0,4863,563.02,18.05,.046178,29.742669
1781672238,phi3:mini,34.0,4853,518.74,18.96,.050121,12.705981
1781672251,phi3:mini,34.0,4862,529.54,19.41,.049098,10.921697
1781672262,phi3:mini,31.0,4857,469.22,19.34,.055410,8.530562
1781672271,phi3:mini,34.0,4862,470.63,20.03,.055244,5.240139
1781672277,phi3:mini,34.0,4864,477.15,16.41,.054489,62.887550
1781672340,phi3:mini,33.0,4864,501.86,18.81,.051807,20.673101
1781672361,phi3:mini,34.0,4857,478.86,17.54,.054295,39.504475
1781672400,phi3:mini,34.0,4863,468.55,18.67,.055489,17.294414
1781672418,phi3:mini,31.0,4853,518.84,19.91,.050110,3.966713
1781672422,phi3:mini,34.0,4853,526.54,18.95,.049378,19.303867
1781672441,phi3:mini,33.0,4882,542.83,17.58,.047896,36.793980
1781672478,phi3:mini,34.0,4885,489.51,19.25,.053113,13.971528
1781672493,phi3:mini,34.0,4877,462.56,19.24,.056208,11.639531
1781672504,phi3:mini,34.0,4879,449.83,19.83,.057798,3.983211
1781672509,phi3:mini,34.0,4878,449.94,18.88,.057784,16.418514
1781672525,phi3:mini,32.0,4875,518.10,18.89,.050182,16.933014
1781672542,phi3:mini,34.0,4881,489.69,18.89,.053094,16.402286
1781672559,phi3:mini,33.0,4864,526.92,19.68,.049343,5.688747
1781672565,phi3:mini,34.0,4871,478.10,18.29,.054381,25.472332
1781672590,phi3:mini,34.0,4870,479.70,19.02,.054200,13.137529
1781672604,phi3:mini,34.0,4866,484.55,17.93,.053657,37.130453
1781672641,phi3:mini,34.0,4864,478.77,19.07,.054305,16.622651
1781672658,phi3:mini,34.0,4862,475.43,17.67,.054686,36.766908
1781672695,phi3:mini,33.0,4867,484.52,19.00,.053661,15.786478
1781672711,phi3:mini,34.0,4871,505.39,18.56,.051444,21.541305
1781672732,phi3:mini,33.0,4868,470.95,18.76,.055206,19.720743
1781672752,phi3:mini,34.0,4868,528.23,17.86,.049220,33.704048
1781672786,phi3:mini,33.0,4864,501.54,18.76,.051839,16.574933
1781672803,phi3:mini,34.0,4871,412.46,18.68,.063035,23.071380
1781672826,phi3:mini,31.0,4869,448.99,19.14,.057907,14.674704
1781672841,phi3:mini,34.0,4870,524.52,19.65,.049568,9.259758
1781672851,phi3:mini,33.0,4876,537.77,18.70,.048347,17.103798
1781672868,phi3:mini,33.0,4875,486.04,18.31,.053493,24.188485
1781672892,phi3:mini,33.0,4868,513.32,18.28,.050650,27.891462
1781672920,phi3:mini,34.0,4873,512.57,19.46,.050724,13.359196
1781672934,phi3:mini,33.0,4870,491.39,19.71,.052911,9.943006
1781672944,phi3:mini,33.0,4870,558.87,18.59,.046522,22.104158
1781672966,phi3:mini,34.0,4875,491.65,18.23,.052882,26.211583
1781672993,phi3:mini,33.0,4868,507.65,18.94,.051215,16.889718
1781673010,phi3:mini,34.0,4868,526.67,18.64,.049365,23.114687
1781673033,phi3:mini,33.0,4868,528.16,19.62,.049226,7.030383
1781673040,phi3:mini,34.0,4868,465.62,18.86,.055839,17.756897
1781673058,phi3:mini,34.0,4869,516.70,17.84,.050318,31.823112
1781673090,phi3:mini,33.0,4865,555.36,19.52,.046816,10.856197
1781673101,phi3:mini,34.0,4867,466.31,14.90,.055755,99.941070
1781673202,phi3:mini,32.0,4856,525.91,19.72,.049437,11.405453
1781673213,phi3:mini,34.0,4858,518.20,19.13,.050173,12.958106
1781673226,phi3:mini,33.0,4862,535.42,18.83,.048559,17.361765
1781673244,phi3:mini,33.0,4862,488.77,19.99,.053193,3.951358
1781673248,phi3:mini,34.0,4864,503.32,19.73,.051656,7.246863
1781673255,phi3:mini,31.0,4858,499.02,16.82,.052101,55.936613
1781673312,phi3:mini,34.0,4866,480.68,19.39,.054089,12.268958
1781673324,phi3:mini,34.0,4871,504.33,19.22,.051553,12.641391
1781673337,phi3:mini,34.0,4865,542.56,19.56,.047920,6.183846
1781673343,phi3:mini,30.0,4867,489.26,18.84,.053141,17.722620
1781673361,phi3:mini,34.0,4864,473.08,17.60,.054958,42.028837
1781673403,phi3:mini,34.0,4863,489.73,17.96,.053090,33.896203
1781673437,phi3:mini,33.0,4862,528.40,18.59,.049204,22.903587
1781673461,phi3:mini,34.0,4869,510.76,19.83,.050903,6.048865
1781673467,phi3:mini,33.0,4871,512.63,18.33,.050718,25.912908
1781673493,phi3:mini,34.0,4863,527.33,18.45,.049304,24.602776
1781673518,phi3:mini,33.0,4867,439.82,21.42,.059114,1.260372
1781673519,phi3:mini,36.0,4869,493.09,19.55,.052728,9.407494
1781673529,phi3:mini,34.0,4863,541.87,19.16,.047981,12.994608
1781673542,phi3:mini,34.0,4867,504.52,19.86,.051534,4.429729
1781673547,phi3:mini,34.0,4864,531.44,18.56,.048923,21.273795
1781673568,phi3:mini,33.0,4865,529.03,18.92,.049146,16.329039
1781673584,phi3:mini,34.0,4866,541.95,17.45,.047974,41.203141
1781673626,phi3:mini,34.0,4868,547.71,19.14,.047469,16.088994
1781673642,phi3:mini,33.0,4865,486.71,20.39,.053419,2.942459
1781673645,phi3:mini,33.0,4864,489.36,19.20,.053129,14.267315
1781673660,phi3:mini,34.0,4870,490.62,18.99,.052993,17.059267
1781673677,phi3:mini,34.0,4861,497.44,19.11,.052266,16.742869
1781673694,phi3:mini,34.0,4860,487.69,17.31,.053311,43.194508
1781673737,phi3:mini,34.0,4859,506.82,18.68,.051299,17.392393
1781673755,phi3:mini,33.0,4871,501.06,18.14,.051889,27.609149
1781673783,phi3:mini,34.0,4862,517.98,19.78,.050194,7.532214
1781673790,phi3:mini,34.0,4867,574.82,11.88,.045231,236.967002
1781674028,phi3:mini,32.0,4874,487.88,17.82,.053291,33.377612
1781674061,phi3:mini,32.0,4867,497.48,18.06,.052262,28.678823
1781674090,phi3:mini,34.0,4864,490.82,18.60,.052972,20.532830
1781674111,phi3:mini,33.0,4862,509.66,18.02,.051013,28.464979
1781674140,phi3:mini,30.0,4873,510.68,18.87,.050912,13.189680
1781674153,phi3:mini,34.0,4873,488.71,17.22,.053200,43.065193
1781674196,phi3:mini,34.0,4873,529.12,18.61,.049137,19.604915
1781674216,phi3:mini,34.0,4871,512.21,18.36,.050759,23.853337
1781674240,phi3:mini,34.0,4870,480.14,19.35,.054150,10.899044
1781674251,phi3:mini,36.0,4867,492.17,15.33,.052826,86.938699
1781674339,phi3:mini,32.0,4880,540.62,17.80,.048092,37.002475
1781674376,phi3:mini,34.0,4874,526.13,19.47,.049416,9.857255
1781674386,phi3:mini,34.0,4877,516.77,18.37,.050311,27.269281
1781674413,phi3:mini,33.0,4867,563.10,19.16,.046172,12.105153
1781674426,phi3:mini,34.0,4860,529.45,18.68,.049107,18.839546
1781674445,phi3:mini,34.0,4870,491.25,19.27,.052925,10.842535
1781674456,phi3:mini,34.0,4861,446.30,19.06,.058255,13.634522
1781674469,phi3:mini,34.0,4867,496.12,18.53,.052405,23.472426
1781674493,phi3:mini,30.0,4871,485.00,19.37,.053607,7.121287
1781674500,phi3:mini,34.0,4866,509.97,18.16,.050983,29.891450
1781674531,phi3:mini,34.0,4857,488.90,18.35,.053180,24.085077
1781674555,phi3:mini,36.0,4872,498.38,19.47,.052168,9.857073
1781674565,phi3:mini,34.0,4871,509.25,18.60,.051055,23.592428
1781674589,phi3:mini,33.0,4866,494.90,18.75,.052534,17.755386
1781674607,phi3:mini,33.0,4860,489.87,18.17,.053074,28.823379
1781674636,phi3:mini,34.0,4858,491.71,19.29,.052876,13.317457
1781674649,phi3:mini,34.0,4858,432.00,19.54,.060184,11.973354
1781674661,phi3:mini,34.0,4870,513.14,19.40,.050667,12.110003
1781674673,phi3:mini,34.0,4865,507.91,19.39,.051189,13.820675
1781674687,phi3:mini,37.0,4867,508.80,18.74,.051099,17.285198
1781674705,phi3:mini,30.0,4876,467.48,19.25,.055616,12.882141
1781674718,phi3:mini,33.0,4877,473.82,18.85,.054872,17.658079
1781674736,phi3:mini,34.0,4871,501.66,20.28,.051827,2.169413
1781674738,phi3:mini,34.0,4872,491.64,19.50,.052884,12.305098
1781674751,phi3:mini,34.0,4871,503.52,20.38,.051635,4.660786
1781674756,phi3:mini,34.0,4871,522.06,19.34,.049802,15.660059
1781674771,phi3:mini,34.0,4860,493.34,19.52,.052701,13.318840
1781674785,phi3:mini,34.0,4856,503.17,18.70,.051671,19.459705
1781674805,phi3:mini,34.0,4864,514.67,18.42,.050517,24.310127
1781674829,phi3:mini,34.0,4863,463.46,19.67,.056098,3.659097
1781674833,phi3:mini,33.0,4866,482.24,19.27,.053914,11.624218
1781674845,phi3:mini,34.0,4869,501.33,19.08,.051861,13.202346
1781674858,phi3:mini,34.0,4870,482.34,18.96,.053903,18.668749
1781674877,phi3:mini,34.0,4865,506.83,18.69,.051299,23.850524
1781674901,phi3:mini,34.0,4863,514.19,18.68,.050564,22.847772
1781674924,phi3:mini,34.0,4857,512.20,18.38,.050761,23.492163
1781674948,phi3:mini,34.0,4861,530.20,17.54,.049038,38.704274
1781674987,phi3:mini,34.0,4861,490.50,19.59,.053006,11.176096
1781674998,phi3:mini,36.0,4859,565.71,19.89,.045959,10.755422
1781675009,phi3:mini,34.0,4867,557.36,18.66,.046648,22.933166
1781675032,phi3:mini,33.0,4865,481.57,18.77,.053989,19.064131
1781675051,phi3:mini,34.0,4866,486.43,19.37,.053449,12.953764
1781675064,phi3:mini,34.0,4866,510.01,18.80,.050978,17.285297
1781675082,phi3:mini,34.0,4865,477.31,18.21,.054471,24.870182
1781675107,phi3:mini,34.0,4856,522.11,18.95,.049797,17.880360
1781675125,phi3:mini,34.0,4855,526.86,20.36,.049348,1.276859
1781675126,phi3:mini,34.0,4859,534.40,18.79,.048651,14.847391
1781675141,phi3:mini,34.0,4860,481.98,19.04,.053943,16.805410
1781675158,phi3:mini,34.0,4870,494.74,19.43,.052552,11.733918
1781675170,phi3:mini,34.0,4858,500.97,19.47,.051898,9.857981
1781675180,phi3:mini,34.0,4855,440.56,19.20,.059015,15.154877
1781675196,phi3:mini,36.0,4864,446.89,19.54,.058178,9.770053
1781675206,phi3:mini,36.0,4869,562.15,18.46,.046250,23.560460
1781675229,phi3:mini,36.0,4866,484.94,18.92,.053614,17.599436
1781675247,phi3:mini,36.0,4859,496.79,19.09,.052335,13.874639
1781675261,phi3:mini,34.0,4858,506.05,18.77,.051377,19.069648
1781675281,phi3:mini,36.0,4864,529.07,19.73,.049142,6.789367
1781675287,phi3:mini,34.0,4861,472.24,18.72,.055055,19.761578
1781675307,phi3:mini,34.0,4865,538.84,18.87,.048251,17.585772
1781675325,phi3:mini,34.0,4859,507.66,18.82,.051215,20.446495
1781675346,phi3:mini,34.0,4870,469.24,18.96,.055408,17.716332
1781675364,phi3:mini,36.0,4866,497.51,19.26,.052259,12.304914
1781675376,phi3:mini,34.0,4864,458.89,20.15,.056657,4.267829
1781675381,phi3:mini,34.0,4863,494.15,19.48,.052614,12.060988
1781675393,phi3:mini,34.0,4861,532.89,19.32,.048790,12.008192
1781675405,phi3:mini,34.0,4863,502.07,18.38,.051784,23.662376
1781675429,phi3:mini,34.0,4871,517.11,18.29,.050279,24.001367
1781675453,phi3:mini,33.0,4866,507.63,19.18,.051218,13.031691
1781675466,phi3:mini,33.0,4865,525.97,19.81,.049432,9.940755
1781675476,phi3:mini,34.0,4872,509.09,18.87,.051071,22.141037
1781675499,phi3:mini,34.0,4878,501.76,19.10,.051817,17.272728
1781675516,phi3:mini,34.0,4868,486.41,18.29,.053452,27.054436
1781675543,phi3:mini,34.0,4862,494.98,18.70,.052526,20.103154
1781675564,phi3:mini,34.0,4870,471.42,18.68,.055152,23.126076
1781675587,phi3:mini,33.0,4860,441.01,19.36,.058954,11.926517
1781675599,phi3:mini,34.0,4864,480.85,17.79,.054070,34.793000
1781675634,phi3:mini,34.0,4868,448.21,21.00,.058008,.999846
1781675635,phi3:mini,34.0,4864,506.24,18.77,.051358,17.953973
1781675654,phi3:mini,34.0,4857,524.72,16.74,.049550,53.040812
1781675707,phi3:mini,34.0,4860,525.95,18.38,.049433,23.174940
1781675730,phi3:mini,34.0,4869,498.30,19.35,.052176,13.844051
1781675744,phi3:mini,34.0,4862,508.69,19.00,.051110,16.943092
1781675761,phi3:mini,34.0,4864,524.44,18.39,.049576,23.429795
1781675785,phi3:mini,34.0,4868,448.91,18.37,.057917,24.491762
1781675810,phi3:mini,34.0,4863,468.70,18.93,.055471,15.681476
1781675826,phi3:mini,34.0,4867,502.85,19.36,.051704,12.444788
1781675838,phi3:mini,34.0,4868,479.54,19.94,.054217,2.857522
1781675841,phi3:mini,34.0,4868,450.39,21.25,.057726,.658552
1781675842,phi3:mini,34.0,4868,479.14,21.00,.054263,.856945
1781675843,phi3:mini,34.0,4865,487.34,19.77,.053350,5.308465
1781675848,phi3:mini,34.0,4864,501.58,18.61,.051835,20.039808
1781675869,phi3:mini,33.0,4868,534.62,17.63,.048632,34.653527
1781675903,phi3:mini,34.0,4861,501.48,19.04,.051846,16.174719
1781675920,phi3:mini,34.0,4864,524.15,17.48,.049603,38.378625
1781675958,phi3:mini,34.0,4863,519.09,18.77,.050086,20.878559
1781675979,phi3:mini,34.0,4870,498.91,20.34,.052113,3.883927
1781675984,phi3:mini,34.0,4868,512.78,19.23,.050703,10.604343
1781675994,phi3:mini,33.0,4872,529.40,19.88,.049111,4.576150
1781675999,phi3:mini,36.0,4868,540.56,20.10,.048097,2.934293
1781676002,phi3:mini,34.0,4872,476.64,19.20,.054547,13.434912
1781676016,phi3:mini,34.0,4873,537.43,19.51,.048378,10.967827
1781676027,phi3:mini,34.0,4878,506.86,19.71,.051295,7.761191
1781676035,phi3:mini,36.0,4869,503.35,19.05,.051653,17.582954
1781676053,phi3:mini,33.0,4872,509.26,18.48,.051053,24.782426
1781676078,phi3:mini,34.0,4867,526.91,20.26,.049343,2.960449
1781676081,phi3:mini,34.0,4869,452.40,17.46,.057470,36.815772
1781676118,phi3:mini,34.0,4873,551.95,17.65,.047105,34.771103
1781676153,phi3:mini,33.0,4878,489.52,17.31,.053112,43.150333
1781676196,phi3:mini,34.0,4878,548.34,18.42,.047415,24.908782
1781676221,phi3:mini,34.0,4874,517.12,18.86,.050277,18.972492
1781676240,phi3:mini,36.0,4868,464.14,19.44,.056016,11.264213
1781676252,phi3:mini,34.0,4871,490.66,18.41,.052988,21.073817
1781676273,phi3:mini,34.0,4874,477.49,19.05,.054450,15.272603
1781676288,phi3:mini,34.0,4872,501.93,19.20,.051799,13.484358
1781676302,phi3:mini,34.0,4861,549.02,20.53,.047356,1.314779
1781676304,phi3:mini,34.0,4860,520.84,18.81,.049919,19.022555
1781676323,phi3:mini,33.0,4867,502.04,21.19,.051788,.849341
1781676324,phi3:mini,34.0,4870,533.89,18.15,.048699,26.990330
1781676351,phi3:mini,34.0,4876,508.18,18.82,.051162,15.561452
1781676367,phi3:mini,34.0,4880,446.24,18.80,.058264,19.035002
1781676386,phi3:mini,33.0,4875,442.22,18.48,.058793,23.418235
1781676410,phi3:mini,34.0,4876,495.64,19.97,.052456,4.905049
1781676415,phi3:mini,36.0,4879,489.10,18.76,.053158,15.295890
1781676430,phi3:mini,34.0,4873,475.25,17.02,.054707,47.329643
1781676478,phi3:mini,33.0,4876,467.28,18.40,.055640,19.990261
1781676498,phi3:mini,34.0,4867,497.74,18.06,.052235,27.515465
1781676526,phi3:mini,33.0,4872,502.46,17.81,.051745,31.825408
1781676558,phi3:mini,36.0,4874,467.70,18.90,.055591,19.200922
1781676577,phi3:mini,34.0,4871,516.59,18.34,.050329,24.035123
1781676601,phi3:mini,34.0,4879,483.01,17.92,.053828,32.136751
1781676634,phi3:mini,34.0,4877,487.71,18.09,.053310,30.168074
1781676664,phi3:mini,34.0,4877,488.70,19.61,.053201,12.799562
1781676677,phi3:mini,34.0,4860,514.06,19.11,.050577,17.679424
1781676695,phi3:mini,34.0,4864,486.86,19.17,.053402,16.951113
1781676712,phi3:mini,34.0,4866,569.19,18.99,.045678,17.790705
1781676730,phi3:mini,33.0,4871,551.86,18.87,.047113,18.226731
1781676748,phi3:mini,36.0,4872,553.72,18.42,.046954,23.877218
1781676772,phi3:mini,34.0,4864,517.05,19.37,.050284,13.210797
1781676786,phi3:mini,34.0,4865,511.96,18.34,.050784,24.964776
1781676811,phi3:mini,34.0,4867,480.41,20.84,.054119,1.151235
1781676812,phi3:mini,34.0,4866,508.13,19.98,.051167,4.702424
1781676817,phi3:mini,34.0,4873,515.72,18.69,.050414,20.545308
1781676838,phi3:mini,34.0,4877,523.56,18.41,.049659,24.104584
1781676862,phi3:mini,34.0,4872,486.48,18.63,.053444,18.835457
1781676881,phi3:mini,33.0,4872,487.00,18.39,.053387,22.392319
1781676904,phi3:mini,34.0,4873,504.79,18.91,.051506,16.600528
1781676921,phi3:mini,34.0,4878,515.05,18.31,.050480,23.646681
1781676944,phi3:mini,36.0,4878,542.07,19.94,.047963,5.164324
1781676950,phi3:mini,34.0,4879,517.05,19.35,.050284,11.312393
1781676961,phi3:mini,36.0,4873,472.06,18.79,.055077,19.477081
1781676981,phi3:mini,34.0,4870,528.43,18.69,.049201,18.184055
1781676999,phi3:mini,36.0,4867,523.66,19.22,.049649,13.473585
1781677013,phi3:mini,36.0,4874,520.46,17.64,.049955,36.666565
1781677050,phi3:mini,34.0,4866,471.87,19.03,.055098,13.029243
1781677063,phi3:mini,34.0,4866,519.60,18.46,.050038,19.115293
1781677082,phi3:mini,34.0,4873,528.28,18.68,.049215,17.503154
1781677100,phi3:mini,34.0,4875,459.78,19.21,.056548,11.970837
1781677112,phi3:mini,31.0,4880,523.58,17.25,.049657,41.847650
1781677154,phi3:mini,34.0,4995,494.54,18.45,.052573,23.520426
1781677178,phi3:mini,34.0,4882,539.41,18.92,.048200,18.546719
1781677197,phi3:mini,34.0,4880,497.10,18.79,.052302,17.452017
1781677214,phi3:mini,34.0,4874,460.25,19.36,.056490,12.343829
1781677227,phi3:mini,33.0,4875,484.81,18.81,.053628,17.166777
1781677244,phi3:mini,34.0,4873,497.79,18.52,.052230,23.000438
1781677267,phi3:mini,33.0,4874,542.99,18.59,.047882,23.286473
1781677291,phi3:mini,31.0,4873,503.79,18.87,.051608,16.000645
1781677307,phi3:mini,33.0,4883,482.01,18.78,.053940,17.244647
1781677324,phi3:mini,34.0,4874,463.01,18.62,.056153,18.313563
1781677343,phi3:mini,30.0,4877,485.54,18.83,.053548,14.921532
1781677358,phi3:mini,34.0,4879,513.19,17.98,.050663,32.475678
1781677391,phi3:mini,33.0,4874,513.94,17.73,.050589,34.896852
1781677426,phi3:mini,31.0,4872,498.17,19.41,.052190,10.093432
1781677436,phi3:mini,34.0,4873,496.09,18.83,.052409,17.096261
1781677453,phi3:mini,34.0,4875,429.35,20.17,.060556,2.825760
1781677456,phi3:mini,36.0,4877,510.29,19.05,.050950,17.211859
1781677474,phi3:mini,33.0,4868,482.54,20.69,.053881,1.304442
1781677475,phi3:mini,36.0,4870,501.01,19.53,.051894,7.576150
1781677483,phi3:mini,34.0,4874,512.37,18.73,.050743,18.686367
1781677502,phi3:mini,33.0,4868,512.64,17.61,.050717,37.636750
1781677540,phi3:mini,31.0,4872,530.30,19.28,.049028,12.183586
1781677552,phi3:mini,34.0,4877,496.69,17.94,.052346,29.314761
1781677582,phi3:mini,34.0,4877,496.00,18.98,.052418,15.856069
1781677598,phi3:mini,34.0,4871,492.27,19.22,.052815,12.173637
1781677610,phi3:mini,34.0,4872,484.27,18.85,.053688,16.491554
1781677627,phi3:mini,34.0,4877,488.69,17.70,.053202,36.154577
1781677663,phi3:mini,31.0,4878,534.53,18.89,.048640,17.204431
1781677680,phi3:mini,34.0,4873,520.60,17.44,.049942,40.579734
1781677721,phi3:mini,34.0,4879,528.96,19.49,.049152,8.257768
1781677730,phi3:mini,34.0,4873,494.80,18.53,.052546,19.041758
1781677749,phi3:mini,34.0,4873,510.24,17.53,.050956,37.403195
1781677787,phi3:mini,33.0,4875,536.86,18.86,.048429,17.382533
1781677804,phi3:mini,34.0,4872,525.34,18.47,.049491,23.165398
1781677827,phi3:mini,34.0,4866,524.11,19.21,.049607,12.023908
1781677840,phi3:mini,31.0,4873,468.23,19.67,.055527,5.691975
1781677846,phi3:mini,31.0,4871,514.18,18.18,.050565,28.874024
1781677875,phi3:mini,34.0,4880,486.78,19.26,.053411,11.313311
1781677886,phi3:mini,34.0,4876,515.62,18.62,.050423,23.300204
1781677910,phi3:mini,36.0,4869,482.34,19.53,.053903,9.881054
1781677920,phi3:mini,34.0,4873,476.62,18.73,.054550,19.588781
1781677939,phi3:mini,34.0,4879,489.29,17.92,.053137,31.802046
1781677971,phi3:mini,34.0,4879,509.36,18.59,.051043,23.391119
1781677995,phi3:mini,34.0,4885,503.66,19.24,.051621,13.044755
1781678008,phi3:mini,36.0,4889,526.26,19.39,.049404,10.569684
1781678019,phi3:mini,34.0,4881,465.39,19.63,.055866,10.696100
1781678030,phi3:mini,36.0,4881,491.87,19.55,.052859,11.814556
1781678042,phi3:mini,34.0,4882,529.64,19.80,.049089,7.222020
1781678049,phi3:mini,36.0,4879,530.47,19.63,.049012,11.105290
1781678060,phi3:mini,36.0,4886,483.71,18.87,.053750,16.425663
1781678077,phi3:mini,34.0,4882,493.26,18.68,.052709,17.715009
1781678095,phi3:mini,34.0,4881,456.45,18.17,.056960,26.967259
1781678122,phi3:mini,33.0,4880,529.44,19.99,.049107,4.101180
1781678126,phi3:mini,34.0,4879,518.54,19.48,.050140,7.389384
1781678134,phi3:mini,36.0,4881,500.67,19.23,.051930,11.279022
1781678145,phi3:mini,33.0,4876,537.66,18.85,.048357,18.295572
1781678164,phi3:mini,34.0,4870,482.24,19.69,.053914,5.077184
1781678169,phi3:mini,34.0,4870,455.06,18.27,.057134,27.967105
1781678197,phi3:mini,34.0,4873,458.70,18.97,.056680,17.127610
1781678215,phi3:mini,34.0,4880,531.96,18.90,.048875,17.138943
1781678232,phi3:mini,36.0,4876,568.70,17.39,.045717,41.625022
1781678274,phi3:mini,34.0,4869,494.40,18.94,.052588,19.217569
1781678293,phi3:mini,34.0,4874,486.25,18.73,.053469,23.054570
1781678316,phi3:mini,36.0,4874,506.38,18.18,.051344,28.588460
1781678345,phi3:mini,34.0,4874,500.74,18.97,.051922,17.916882
1781678363,phi3:mini,33.0,4878,478.53,18.87,.054332,17.906359
1781678381,phi3:mini,34.0,4874,493.50,19.01,.052684,13.203251
1781678395,phi3:mini,34.0,4874,531.71,18.05,.048898,32.287308
1781678427,phi3:mini,34.0,4870,513.31,19.84,.050650,4.787818
1781678432,phi3:mini,34.0,4872,497.92,20.87,.052216,1.533149
1781678434,phi3:mini,34.0,4873,469.48,18.16,.055379,27.858954
1781678462,phi3:mini,34.0,4874,526.04,18.99,.049424,17.373500
1781678480,phi3:mini,34.0,4873,494.88,20.31,.052537,3.937810
1781678484,phi3:mini,34.0,4876,529.70,18.44,.049084,23.259463
1781678507,phi3:mini,34.0,4881,514.67,19.07,.050516,13.054713
1781678520,phi3:mini,31.0,4877,497.93,19.90,.052216,4.572210
1781678525,phi3:mini,36.0,4876,505.72,19.06,.051411,14.163426
1781678539,phi3:mini,34.0,4876,540.73,19.76,.048082,7.488595
1781678547,phi3:mini,36.0,4878,478.94,19.74,.054285,8.861011
1781678556,phi3:mini,34.0,4873,491.08,19.57,.052943,10.421252
1781678567,phi3:mini,34.0,4865,493.48,19.18,.052686,22.568375
1781678589,phi3:mini,34.0,4867,477.63,17.88,.054435,38.128224
1781678628,phi3:mini,34.0,4871,505.14,17.35,.051470,42.801139
1781678671,phi3:mini,34.0,4870,567.47,18.65,.045817,23.051836
1781678694,phi3:mini,34.0,4875,517.92,18.86,.050200,18.657850
1781678713,phi3:mini,34.0,4871,499.97,19.80,.052002,5.906639
1781678719,phi3:mini,36.0,4862,503.82,19.17,.051605,13.978572
1781678733,phi3:mini,33.0,4867,476.54,18.99,.054559,16.000822
1781678749,phi3:mini,34.0,4874,505.62,18.76,.051421,17.001172
1781678766,phi3:mini,36.0,4882,533.31,19.58,.048751,5.972811
1781678773,phi3:mini,34.0,4875,554.18,19.33,.046915,16.759621
1781678790,phi3:mini,36.0,4872,453.83,19.19,.057289,16.928882
1781678807,phi3:mini,36.0,4869,538.45,19.13,.048285,17.246197
1781678824,phi3:mini,36.0,4862,553.60,18.74,.046965,17.501042
1781678842,phi3:mini,34.0,4871,486.57,19.74,.053435,7.545635
1781678849,phi3:mini,34.0,4872,560.88,18.55,.046354,23.062890
1781678873,phi3:mini,34.0,4876,476.09,18.92,.054610,17.175578
1781678890,phi3:mini,33.0,4876,524.03,18.88,.049614,15.196499
1781678906,phi3:mini,34.0,4870,488.06,18.61,.053271,22.939191
1781678929,phi3:mini,33.0,4870,509.22,18.96,.051058,18.033241
1781678947,phi3:mini,36.0,4870,498.57,18.20,.052148,28.610832
1781678976,phi3:mini,34.0,4875,499.45,18.76,.052056,20.089081
1781678996,phi3:mini,34.0,4874,461.82,21.92,.056298,.820963
1781678997,phi3:mini,34.0,4869,527.44,19.01,.049294,17.249334
1781679014,phi3:mini,34.0,4870,433.12,17.85,.060029,34.106405
1781679049,phi3:mini,33.0,4872,505.62,16.48,.051421,59.221517
1781679108,phi3:mini,34.0,4870,469.11,18.76,.055423,19.714791
1781679128,phi3:mini,34.0,4872,479.27,18.53,.054248,24.115778
1781679152,phi3:mini,34.0,4868,442.18,18.89,.058798,15.503104
1781679168,phi3:mini,31.0,4878,451.53,19.98,.057580,4.202183
1781679173,phi3:mini,34.0,4866,502.56,19.20,.051734,12.498728
1781679185,phi3:mini,34.0,4863,500.01,19.59,.051998,7.959323
1781679193,phi3:mini,34.0,4870,509.49,17.96,.051030,31.775862
1781679225,phi3:mini,33.0,4864,494.24,19.05,.052605,15.166069
1781679241,phi3:mini,36.0,4866,491.06,18.48,.052945,22.398935
1781679263,phi3:mini,34.0,4868,478.21,19.24,.054368,17.351586
1781679281,phi3:mini,34.0,4866,497.45,21.05,.052265,2.137617
1781679283,phi3:mini,34.0,4867,569.54,19.58,.045650,12.711068
1781679296,phi3:mini,36.0,4865,552.69,18.87,.047042,19.337318
1781679316,phi3:mini,34.0,4865,565.57,19.37,.045971,12.440712
1781679328,phi3:mini,34.0,4864,489.52,17.94,.053112,32.272228
1781679361,phi3:mini,34.0,4873,467.70,19.62,.055590,7.949876
1781679369,phi3:mini,34.0,4877,514.72,18.88,.050512,16.891199
1781679386,phi3:mini,34.0,4872,469.56,19.28,.055369,12.234574
1781679398,phi3:mini,36.0,4869,460.93,18.84,.056407,18.895220
1781679417,phi3:mini,31.0,4875,510.84,18.60,.050895,17.468679
1781679435,phi3:mini,34.0,4876,477.39,19.04,.054461,14.386987
1781679450,phi3:mini,31.0,4878,478.27,17.97,.054362,27.879535
1781679478,phi3:mini,33.0,4874,449.02,18.18,.057903,27.714382
1781679506,phi3:mini,31.0,4868,515.76,19.22,.050410,13.055688
1781679519,phi3:mini,34.0,4866,492.44,19.03,.052797,13.291497
1781679532,phi3:mini,34.0,4868,468.89,18.67,.055449,20.556813
1781679553,phi3:mini,36.0,4869,479.71,18.57,.054198,20.353709
1781679574,phi3:mini,34.0,4874,511.84,18.24,.050796,24.717684
1781679598,phi3:mini,36.0,4870,521.20,20.10,.049884,4.029285
1781679603,phi3:mini,34.0,4868,438.77,18.83,.059256,17.574213
1781679620,phi3:mini,34.0,4876,553.31,18.94,.046989,14.988196
1781679636,phi3:mini,34.0,4903,516.13,18.80,.050374,18.662274
1781679654,phi3:mini,36.0,4900,512.46,19.79,.050735,12.225828
1781679667,phi3:mini,34.0,4903,499.78,19.17,.052022,16.944931
1781679684,phi3:mini,34.0,4897,510.56,17.94,.050924,32.146215
1781679716,phi3:mini,34.0,4899,519.17,19.41,.050079,11.279239
1781679728,phi3:mini,34.0,4902,515.13,18.91,.050472,15.437815
1781679743,phi3:mini,34.0,4903,515.63,19.51,.050423,11.579246
1781679755,phi3:mini,36.0,4881,510.01,19.40,.050978,11.128572
1781679766,phi3:mini,34.0,4877,512.19,18.92,.050761,15.960365
1781679783,phi3:mini,34.0,4875,491.76,18.73,.052870,17.290819
1781679800,phi3:mini,34.0,4866,489.42,18.95,.053123,16.561435
1781679817,phi3:mini,34.0,4869,476.29,19.50,.054588,12.660970
1781679830,phi3:mini,34.0,4877,506.50,19.66,.051331,8.899032
1781679839,phi3:mini,34.0,4879,540.23,19.30,.048127,13.366015
1781679852,phi3:mini,33.0,4880,475.85,19.44,.054638,10.954443
1781679863,phi3:mini,34.0,4876,485.24,19.46,.053581,11.096559
1781679875,phi3:mini,34.0,4871,572.33,19.10,.045428,15.860101
1781679891,phi3:mini,36.0,4874,570.71,19.24,.045556,14.707335
1781679906,phi3:mini,34.0,4871,495.66,18.63,.052455,23.612024
1781679929,phi3:mini,34.0,4873,499.65,19.48,.052035,8.621649
1781679938,phi3:mini,34.0,4868,518.09,19.89,.050184,7.136841
1781679945,phi3:mini,34.0,4867,504.90,19.49,.051495,11.233967
1781679957,phi3:mini,36.0,4870,449.74,19.34,.057810,12.148101
1781679969,phi3:mini,31.0,4870,496.97,19.01,.052316,17.403142
1781679987,phi3:mini,34.0,4871,462.89,17.75,.056168,34.854695
1781680022,phi3:mini,34.0,4875,493.15,18.72,.052721,17.893122
1781680040,phi3:mini,34.0,4877,509.39,18.77,.051041,18.750170
1781680059,phi3:mini,33.0,4867,559.49,20.74,.046470,.963913
1781680060,phi3:mini,36.0,4866,550.34,18.24,.047243,27.411443
1781680088,phi3:mini,36.0,4864,511.29,17.30,.050851,41.544977
1781680129,phi3:mini,34.0,4875,492.26,18.49,.052817,28.706429
1781680158,phi3:mini,34.0,4876,474.98,18.92,.054738,18.867836
1781680177,phi3:mini,34.0,4878,514.20,20.17,.050563,4.660051
1781680182,phi3:mini,34.0,4881,509.08,19.34,.051072,12.096359
1781680194,phi3:mini,34.0,4874,537.81,19.42,.048343,11.220419
1781680206,phi3:mini,34.0,4871,524.89,19.45,.049533,11.102297
1781680217,phi3:mini,34.0,4870,510.23,20.18,.050957,7.728607
1781680225,phi3:mini,34.0,4874,488.40,19.01,.053234,19.250109
1781680245,phi3:mini,34.0,4877,474.03,18.09,.054848,28.246898
1781680273,phi3:mini,34.0,4874,500.26,18.81,.051972,17.856327
1781680291,phi3:mini,34.0,4881,491.53,18.08,.052895,27.708732
1781680319,phi3:mini,34.0,4878,551.63,20.05,.047132,2.991831
1781680322,phi3:mini,34.0,4875,473.55,18.87,.054903,14.621211
1781680337,phi3:mini,30.0,4874,502.75,21.07,.051715,1.233698
1781680338,phi3:mini,31.0,4876,489.09,19.99,.053159,3.001446
1781680341,phi3:mini,34.0,4875,475.94,19.63,.054628,12.174109
1781680354,phi3:mini,34.0,4866,472.23,20.57,.055057,2.381392
1781680356,phi3:mini,36.0,4866,545.31,18.75,.047678,20.424426
1781680377,phi3:mini,36.0,4867,524.67,19.31,.049554,10.874914
1781680388,phi3:mini,34.0,4870,458.33,18.61,.056726,20.465487
1781680409,phi3:mini,34.0,4869,495.57,18.14,.052464,27.118688
1781680436,phi3:mini,34.0,4871,497.41,18.91,.052270,17.498733
1781680454,phi3:mini,36.0,4874,521.36,17.97,.049869,31.105030
1781680485,phi3:mini,33.0,4877,518.89,18.77,.050106,18.966103
1781680504,phi3:mini,34.0,4875,486.87,18.89,.053402,16.404132
1781680521,phi3:mini,34.0,4879,520.91,19.12,.049912,11.867286
1781680533,phi3:mini,34.0,4883,512.80,19.25,.050701,13.033124
1781680546,phi3:mini,34.0,4881,531.88,18.09,.048883,28.012259
1781680574,phi3:mini,33.0,4877,496.28,18.36,.052389,23.580388
1781680598,phi3:mini,36.0,4870,476.16,19.08,.054603,17.025953
1781680615,phi3:mini,34.0,4869,454.84,18.68,.057162,19.641723
1781680635,phi3:mini,36.0,4875,503.30,19.95,.051658,4.961318
1781680640,phi3:mini,34.0,4875,550.09,18.76,.047264,17.374698
1781680658,phi3:mini,34.0,4878,535.96,20.04,.048510,3.342731
1781680661,phi3:mini,36.0,4878,479.74,18.17,.054195,29.765463
1781680691,phi3:mini,34.0,4877,526.93,18.70,.049341,23.846594
1781680715,phi3:mini,36.0,4873,537.00,18.13,.048416,27.842409
1781680743,phi3:mini,34.0,4879,507.40,19.31,.051241,12.842501
1781680756,phi3:mini,34.0,4876,503.62,18.67,.051625,18.796290
1781680775,phi3:mini,33.0,4876,565.37,17.81,.045986,34.577504
1781680810,phi3:mini,34.0,4879,455.34,19.78,.057099,5.408052
1781680815,phi3:mini,34.0,4868,508.20,18.48,.051160,21.309348
1781680837,phi3:mini,34.0,4880,547.92,18.12,.047451,27.416242
1781680865,phi3:mini,34.0,4878,483.38,19.51,.053787,7.070862
1781680872,phi3:mini,36.0,4880,509.54,18.20,.051025,30.261600
1781680902,phi3:mini,33.0,4881,500.45,20.00,.051952,7.048668
1781680910,phi3:mini,34.0,4879,504.95,18.49,.051489,22.983535
1781680933,phi3:mini,34.0,4881,477.41,18.83,.054459,16.035762
1781680949,phi3:mini,37.0,4875,479.96,20.01,.054170,3.646540
1781680953,phi3:mini,37.0,4879,488.89,18.98,.053181,15.429632
1781680968,phi3:mini,34.0,4878,477.06,19.41,.054500,12.052547
1781680981,phi3:mini,33.0,4872,559.90,19.64,.046436,10.434376
1781680991,phi3:mini,34.0,4862,460.52,19.37,.056457,11.818038
1781681003,phi3:mini,34.0,4865,520.25,18.87,.049975,14.197416
1781681018,phi3:mini,34.0,4869,478.98,18.37,.054281,23.896800
1781681042,phi3:mini,34.0,4864,484.63,19.79,.053649,4.799991
1781681047,phi3:mini,34.0,4869,484.18,19.57,.053698,9.708235
1781681056,phi3:mini,31.0,4877,457.04,18.78,.056887,18.630381
1781681075,phi3:mini,36.0,4881,443.46,19.10,.058629,12.089285
1781681088,phi3:mini,32.0,4876,518.41,21.47,.050152,.884854
1781681089,phi3:mini,36.0,4877,560.16,18.03,.046414,27.556633
1781681116,phi3:mini,34.0,4884,522.54,18.41,.049756,23.291851
1781681140,phi3:mini,36.0,4887,478.93,18.90,.054286,19.678648
1781681160,phi3:mini,34.0,4889,515.47,18.54,.050438,22.159671
1781681182,phi3:mini,36.0,4887,511.09,19.23,.050871,13.826515
1781681196,phi3:mini,34.0,4878,528.42,18.85,.049203,19.358778
1781681216,phi3:mini,37.0,4876,483.48,18.33,.053775,24.109826
1781681240,phi3:mini,34.0,4883,510.45,20.22,.050934,2.521523
1781681243,phi3:mini,34.0,4880,542.26,19.04,.047947,16.172960
1781681259,phi3:mini,37.0,4884,507.98,19.17,.051182,12.515488
1781681272,phi3:mini,36.0,4875,543.53,19.03,.047835,14.293187
1781681286,phi3:mini,34.0,4874,539.88,19.03,.048158,13.026752
1781681299,phi3:mini,34.0,4873,509.25,18.86,.051054,16.803728
1781681316,phi3:mini,37.0,4881,491.19,21.40,.052932,.980874
1781681317,phi3:mini,36.0,4882,537.61,18.30,.048361,23.703815
1781681341,phi3:mini,34.0,4882,554.39,17.80,.046898,31.571364
1781681373,phi3:mini,34.0,4878,527.05,19.72,.049330,7.095959
1781681380,phi3:mini,34.0,4877,514.63,19.18,.050521,12.351109
1781681393,phi3:mini,36.0,4880,520.65,19.01,.049937,14.201355
1781681407,phi3:mini,34.0,4876,480.48,19.65,.054112,10.074169
1781681417,phi3:mini,36.0,4878,521.28,17.78,.049876,34.858213
1781681453,phi3:mini,33.0,4869,491.30,18.09,.052919,28.235115
1781681481,phi3:mini,34.0,4873,524.31,19.39,.049588,11.034653
1781681492,phi3:mini,34.0,4874,530.62,18.68,.048998,17.875460
1781681510,phi3:mini,34.0,4876,459.75,18.57,.056551,20.026703
1781681530,phi3:mini,37.0,4874,483.06,18.50,.053822,25.780918
1781681556,phi3:mini,34.0,4882,527.67,18.73,.049272,19.860393
1781681577,phi3:mini,34.0,4880,496.73,19.11,.052342,11.721234
1781681588,phi3:mini,33.0,4878,493.34,19.13,.052701,13.535350
1781681602,phi3:mini,34.0,4881,505.90,18.72,.051393,18.260845
1781681621,phi3:mini,36.0,4884,518.12,18.78,.050180,18.418669
1781681639,phi3:mini,36.0,4884,521.25,18.52,.049879,22.077271
1781681661,phi3:mini,36.0,4887,486.91,19.37,.053397,10.423615
1781681672,phi3:mini,34.0,4879,524.36,17.58,.049583,35.606393
1781681708,phi3:mini,34.0,4882,489.27,18.88,.053140,17.213809
1781681725,phi3:mini,34.0,4876,512.73,19.25,.050708,12.414129
1781681738,phi3:mini,34.0,4879,525.61,19.39,.049466,10.568557
1781681749,phi3:mini,34.0,4877,483.87,20.10,.053732,3.928477
1781681753,phi3:mini,36.0,4878,507.50,18.93,.051230,14.525703
1781681767,phi3:mini,34.0,4882,486.21,18.43,.053473,20.995729
1781681788,phi3:mini,36.0,4875,523.30,19.45,.049683,9.764513
1781681798,phi3:mini,34.0,4880,498.59,17.27,.052146,42.768780
1781681841,phi3:mini,33.0,4876,436.62,17.00,.059547,48.457602
1781681890,phi3:mini,33.0,4877,510.86,18.56,.050893,22.086075
1781681912,phi3:mini,34.0,4876,487.78,18.66,.053302,19.663162
1781681932,phi3:mini,34.0,4876,475.65,18.78,.054661,19.062459
1781681951,phi3:mini,33.0,4873,486.46,18.27,.053447,24.021383
1781681976,phi3:mini,34.0,4873,519.84,18.76,.050015,19.500956
1781681995,phi3:mini,34.0,4872,517.94,19.86,.050198,6.444438
1781682002,phi3:mini,36.0,4873,497.17,18.37,.052295,29.009619
1781682031,phi3:mini,36.0,4873,559.46,19.20,.046472,15.360242
1781682047,phi3:mini,34.0,4875,517.71,19.25,.050220,12.565022
1781682059,phi3:mini,31.0,4877,500.66,18.39,.051930,26.855515
1781682087,phi3:mini,34.0,4875,496.09,18.19,.052409,29.957256
1781682117,phi3:mini,34.0,4875,532.91,20.21,.048787,6.827780
1781682124,phi3:mini,36.0,4878,533.41,19.35,.048742,14.101323
1781682138,phi3:mini,34.0,4882,475.16,18.59,.054717,22.108554
1781682160,phi3:mini,34.0,4884,484.81,19.02,.053628,16.822726
1781682177,phi3:mini,31.0,4879,498.73,19.42,.052132,10.089806
1781682188,phi3:mini,34.0,4884,481.98,19.33,.053943,12.100047
1781682200,phi3:mini,34.0,4877,490.04,19.19,.053056,13.493426
1781682213,phi3:mini,37.0,4879,537.76,17.52,.048348,37.537726
1781682251,phi3:mini,33.0,4888,523.52,19.19,.049663,10.889768
1781682262,phi3:mini,34.0,4890,499.97,18.62,.052002,19.977652
1781682282,phi3:mini,34.0,4887,523.99,18.51,.049618,23.440917
1781682306,phi3:mini,34.0,4871,474.83,19.25,.054756,15.421808
1781682322,phi3:mini,34.0,4882,491.86,18.75,.052860,18.180866
1781682340,phi3:mini,34.0,4885,529.61,18.98,.049092,15.593909
1781682356,phi3:mini,34.0,4881,516.79,18.91,.050309,18.872392
1781682375,phi3:mini,34.0,4878,509.07,19.77,.051073,5.108740
1781682380,phi3:mini,36.0,4874,488.31,18.76,.053244,17.214264
1781682398,phi3:mini,36.0,4879,468.45,18.41,.055501,24.441139
1781682422,phi3:mini,36.0,4876,550.69,18.07,.047212,27.446938
1781682450,phi3:mini,36.0,4875,555.64,18.72,.046792,18.799876
1781682469,phi3:mini,34.0,4873,568.60,18.82,.045726,17.686529
1781682487,phi3:mini,31.0,4882,475.15,19.12,.054719,14.801033
1781682502,phi3:mini,34.0,4879,443.71,18.86,.058596,16.961796
1781682519,phi3:mini,34.0,4873,559.73,19.61,.046450,9.686138
1781682529,phi3:mini,34.0,4876,506.76,17.72,.051305,36.227312
1781682565,phi3:mini,34.0,4878,510.02,19.06,.050977,16.210424
1781682582,phi3:mini,36.0,4877,507.71,17.65,.051209,36.923045
1781682619,phi3:mini,34.0,4881,497.16,18.57,.052296,22.285468
1781682641,phi3:mini,34.0,4879,487.89,19.19,.053290,11.666801
1781682653,phi3:mini,34.0,4884,490.79,18.71,.052975,18.220661
1781682671,phi3:mini,34.0,4880,492.00,18.73,.052844,19.752951
1781682691,phi3:mini,34.0,4885,505.59,17.35,.051424,43.379593
1781682735,phi3:mini,34.0,4882,488.66,17.50,.053206,38.284677
1781682773,phi3:mini,34.0,4878,489.53,19.47,.053111,11.195362
1781682785,phi3:mini,36.0,4873,488.05,17.83,.053272,30.899709
1781682816,phi3:mini,34.0,4878,481.08,19.59,.054044,7.603996
1781682824,phi3:mini,34.0,4882,544.81,18.79,.047722,19.474903
1781682843,phi3:mini,36.0,4881,472.93,18.75,.054976,17.330242
1781682861,phi3:mini,34.0,4878,473.81,19.06,.054873,14.427676
1781682875,phi3:mini,34.0,4878,552.63,18.14,.047047,32.193520
1781682908,phi3:mini,34.0,4878,493.39,19.21,.052696,15.404603
1781682923,phi3:mini,34.0,4881,551.05,17.70,.047181,35.069371
1781682959,phi3:mini,34.0,4883,487.51,19.85,.053332,4.936579
1781682964,phi3:mini,34.0,4884,546.85,18.83,.047544,18.843776
1781682983,phi3:mini,34.0,4879,526.22,19.09,.049408,15.659467
1781682999,phi3:mini,34.0,4880,494.13,19.49,.052617,11.181487
1781683010,phi3:mini,36.0,4882,505.17,18.80,.051467,19.513829
1781683030,phi3:mini,34.0,4875,505.10,19.73,.051474,4.764200
1781683035,phi3:mini,34.0,4872,498.46,17.88,.052160,33.666856
1781683069,phi3:mini,34.0,4870,489.42,18.46,.053123,24.799223
1781683094,phi3:mini,34.0,4870,493.40,19.44,.052695,11.259854
1781683105,phi3:mini,36.0,4874,495.89,18.67,.052430,24.470720
1781683130,phi3:mini,34.0,4872,542.95,22.11,.047886,.859313
1781683131,phi3:mini,34.0,4872,558.53,17.84,.046550,34.525870
1781683165,phi3:mini,34.0,4869,489.90,18.61,.053071,22.987032
1781683189,phi3:mini,36.0,4871,492.82,19.48,.052756,10.571073
1781683199,phi3:mini,36.0,4868,476.89,17.79,.054519,34.554441
1781683234,phi3:mini,34.0,4874,522.31,15.87,.049778,77.645698
1781683312,phi3:mini,34.0,4883,534.97,19.12,.048599,12.024535
1781683324,phi3:mini,33.0,4881,533.22,18.09,.048759,30.014784
1781683355,phi3:mini,33.0,4870,505.56,18.28,.051427,26.311933
1781683381,phi3:mini,33.0,4879,451.45,18.98,.057591,17.751495
1781683399,phi3:mini,34.0,4872,505.32,18.62,.051452,20.991344
1781683420,phi3:mini,31.0,4870,468.34,19.26,.055514,11.314687
1781683432,phi3:mini,34.0,4870,471.13,19.31,.055185,11.287244
1781683443,phi3:mini,34.0,4868,466.09,18.81,.055782,15.041920
1781683458,phi3:mini,30.0,4874,469.53,18.26,.055373,22.284254
1781683481,phi3:mini,34.0,4880,547.80,19.30,.047461,11.290730
1781683492,phi3:mini,31.0,4875,530.97,17.78,.048966,33.679112
1781683526,phi3:mini,34.0,4885,477.94,19.20,.054399,11.144653
1781683537,phi3:mini,34.0,4883,537.12,19.21,.048406,8.171031
1781683546,phi3:mini,34.0,4874,532.93,18.77,.048786,16.720096
1781683563,phi3:mini,33.0,4878,534.65,19.22,.048629,10.194516
1781683573,phi3:mini,34.0,4874,591.63,19.49,.043945,12.621001
1781683586,phi3:mini,34.0,4872,516.79,18.37,.050310,30.477741
1781683616,phi3:mini,33.0,4874,505.99,18.55,.051383,23.554650
1781683640,phi3:mini,33.0,4877,494.88,19.19,.052537,14.271342
1781683655,phi3:mini,33.0,4877,536.63,17.71,.048450,34.829409
1781683690,phi3:mini,34.0,4874,510.99,19.59,.050880,10.460292
1781683700,phi3:mini,33.0,4876,564.25,18.29,.046078,23.225028
1781683724,phi3:mini,34.0,4878,522.84,18.34,.049727,23.984536
1781683748,phi3:mini,33.0,4877,481.31,19.85,.054018,6.800942
1781683755,phi3:mini,34.0,4876,493.59,19.07,.052674,13.212901
1781683768,phi3:mini,34.0,4871,477.83,18.65,.054412,18.336200
1781683787,phi3:mini,33.0,4868,537.46,18.13,.048375,28.016730
1781683815,phi3:mini,34.0,4877,542.03,18.42,.047966,21.923964
1781683837,phi3:mini,33.0,4871,550.52,18.90,.047227,16.766104
1781683854,phi3:mini,33.0,4874,547.85,19.25,.047457,12.619166
1781683867,phi3:mini,34.0,4875,507.13,20.73,.051268,1.205515
1781683868,phi3:mini,33.0,4876,477.52,18.83,.054447,17.575271
1781683886,phi3:mini,34.0,4875,492.99,16.99,.052738,47.906508
1781683934,phi3:mini,33.0,4885,482.78,17.89,.053853,32.194342
1781683967,phi3:mini,30.0,4869,420.77,20.05,.061790,5.035329
1781683972,phi3:mini,33.0,4869,511.01,18.55,.050879,23.010288
1781683995,phi3:mini,33.0,4874,551.82,18.88,.047116,15.889266
1781684011,phi3:mini,33.0,4876,508.57,19.83,.051123,4.738666
1781684016,phi3:mini,33.0,4874,504.67,18.67,.051518,17.830894
1781684034,phi3:mini,33.0,4873,518.71,19.58,.050124,7.150003
1781684041,phi3:mini,34.0,4877,514.05,18.82,.050577,18.696422
1781684060,phi3:mini,34.0,4880,483.52,18.46,.053772,20.096857
1781684080,phi3:mini,33.0,4878,524.00,19.09,.049617,15.446122
1781684096,phi3:mini,34.0,4877,523.67,19.01,.049648,16.246988
1781684113,phi3:mini,34.0,4871,517.62,19.34,.050229,11.940856
1781684125,phi3:mini,33.0,4876,481.30,14.56,.054019,110.541920
1781684235,phi3:mini,33.0,4877,480.96,18.66,.054058,22.442904
1781684258,phi3:mini,34.0,4876,510.41,18.19,.050938,28.309275
1781684287,phi3:mini,34.0,4876,524.36,17.69,.049583,34.928649
1781684322,phi3:mini,34.0,4883,515.22,19.60,.050463,4.234292
1781684326,phi3:mini,34.0,4878,555.70,19.03,.046787,14.863833
1781684341,phi3:mini,33.0,4880,544.94,17.76,.047711,32.639783
1781684374,phi3:mini,34.0,4880,461.75,19.40,.056306,11.234604
1781684385,phi3:mini,34.0,4877,506.59,18.28,.051322,23.682595
1781684409,phi3:mini,34.0,4876,499.29,20.04,.052073,2.345258
1781684412,phi3:mini,33.0,4876,490.30,19.10,.053027,15.179045
1781684427,phi3:mini,33.0,4883,529.27,20.49,.049123,1.659123
1781684429,phi3:mini,34.0,4881,539.40,17.17,.048201,42.725090
1781684472,phi3:mini,30.0,4868,522.43,18.43,.049767,22.295722
1781684494,phi3:mini,32.0,4878,452.31,18.58,.057481,24.157072
1781684519,phi3:mini,34.0,4875,575.08,18.87,.045210,18.062289
1781684537,phi3:mini,33.0,4878,547.87,17.55,.047456,37.247560
1781684574,phi3:mini,33.0,4873,509.10,19.16,.051069,11.794076
1781684586,phi3:mini,34.0,4872,483.93,18.60,.053726,21.497029
1781684608,phi3:mini,33.0,4871,470.68,18.18,.055239,27.114085
1781684635,phi3:mini,32.0,4868,474.25,18.56,.054823,20.632889
1781684656,phi3:mini,33.0,4870,460.19,19.81,.056498,4.339578
1781684661,phi3:mini,33.0,4864,483.76,19.22,.053744,12.325733
1781684673,phi3:mini,34.0,4861,478.29,18.67,.054360,20.349310
1781684694,phi3:mini,33.0,4861,500.64,19.85,.051933,4.331553
1781684698,phi3:mini,34.0,4864,450.02,18.64,.057774,20.271014
1781684719,phi3:mini,33.0,4865,457.34,15.25,.056850,90.157857
1781684809,phi3:mini,30.0,4871,479.60,18.26,.054211,31.650404
1781684841,phi3:mini,34.0,4875,489.14,19.31,.053153,15.325947
1781684857,phi3:mini,33.0,4871,538.23,19.08,.048306,15.456318
1781684872,phi3:mini,34.0,4871,460.87,19.03,.056414,17.387368
1781684890,phi3:mini,33.0,4875,524.48,19.89,.049572,11.311184
1781684901,phi3:mini,34.0,4874,516.62,18.94,.050326,20.696658
1781684922,phi3:mini,33.0,4875,482.16,18.93,.053923,18.638734
1781684941,phi3:mini,34.0,4873,564.61,18.61,.046048,19.611024
1781684961,phi3:mini,34.0,4874,455.02,18.37,.057139,24.163827
1781684985,phi3:mini,30.0,4875,478.19,18.18,.054371,27.826292
1781685013,phi3:mini,34.0,4877,485.42,18.40,.053560,24.017309
1781685038,phi3:mini,33.0,4877,496.18,18.94,.052399,15.889548
1781685054,phi3:mini,32.0,4875,472.37,19.36,.055041,13.219091
1781685067,phi3:mini,33.0,4881,520.61,17.36,.049940,42.199245
1781685109,phi3:mini,33.0,4872,485.49,18.93,.053553,14.948120
1781685125,phi3:mini,33.0,4867,480.42,17.77,.054118,34.088821
1781685159,phi3:mini,33.0,4873,506.29,18.90,.051353,18.932622
1781685178,phi3:mini,33.0,4870,498.04,19.29,.052203,12.384740
1781685190,phi3:mini,34.0,4869,524.52,19.52,.049569,14.645573
1781685205,phi3:mini,34.0,4865,480.61,19.49,.054096,12.210496
1781685218,phi3:mini,32.0,4870,531.53,15.11,.048915,93.542264
1781685312,phi3:mini,32.0,4868,485.54,18.96,.053548,17.191641
1781685329,phi3:mini,32.0,4873,511.10,18.56,.050869,20.571077
1781685350,phi3:mini,33.0,4874,486.02,18.55,.053495,20.692184
1781685371,phi3:mini,32.0,4876,451.37,19.61,.057602,9.074179
1781685380,phi3:mini,36.0,4878,519.92,18.83,.050006,17.677008
1781685398,phi3:mini,30.0,4867,471.96,19.23,.055088,14.504764
1781685412,phi3:mini,30.0,4863,537.93,19.73,.048332,6.942258
1781685419,phi3:mini,33.0,4865,499.24,19.06,.052078,14.689028
1781685434,phi3:mini,30.0,4864,487.86,19.24,.053293,12.888568
1781685447,phi3:mini,34.0,4867,470.47,18.96,.055263,17.193717
1781685465,phi3:mini,33.0,4863,476.66,17.91,.054545,32.878919
1781685498,phi3:mini,33.0,4876,500.72,18.61,.051925,22.075867
1781685520,phi3:mini,33.0,4875,475.01,19.10,.054734,16.125364
1781685536,phi3:mini,34.0,4873,470.49,18.96,.055260,14.446958
1781685551,phi3:mini,30.0,4875,501.43,18.61,.051850,23.205223
1781685575,phi3:mini,31.0,4881,530.29,13.19,.049029,163.970896
1781685739,phi3:mini,32.0,4880,520.07,18.29,.049992,26.344182
1781685765,phi3:mini,33.0,4881,504.05,19.19,.051581,13.074837
1781685779,phi3:mini,33.0,4874,511.11,19.86,.050868,5.688712
1781685785,phi3:mini,33.0,4871,490.90,18.79,.052963,17.343701
1781685802,phi3:mini,30.0,4872,534.60,18.80,.048634,18.985747
1781685821,phi3:mini,33.0,4878,495.93,18.69,.052425,18.877031
1781685840,phi3:mini,33.0,4882,504.32,18.25,.051554,26.069791
1781685867,phi3:mini,33.0,4876,499.06,19.20,.052097,15.988851
1781685883,phi3:mini,34.0,4874,506.29,17.73,.051352,38.448993
1781685921,phi3:mini,33.0,4874,495.33,19.58,.052489,12.665092
1781685934,phi3:mini,34.0,4875,519.55,18.19,.050042,29.183051
1781685964,phi3:mini,33.0,4877,522.00,18.24,.049807,25.154900
1781685989,phi3:mini,36.0,4876,470.04,20.17,.055314,5.105889
1781685994,phi3:mini,34.0,4876,491.63,17.33,.052884,42.465763
1781686037,phi3:mini,34.0,4878,513.80,19.58,.050603,10.724317
1781686048,phi3:mini,34.0,4882,502.47,18.84,.051743,16.718722
1781686065,phi3:mini,32.0,4876,539.78,18.13,.048167,28.728170
1781686094,phi3:mini,32.0,4874,530.20,20.06,.049037,4.684142
1781686099,phi3:mini,33.0,4880,542.65,19.71,.047912,4.260096
1781686103,phi3:mini,31.0,4878,456.78,18.11,.056919,24.283325
1781686127,phi3:mini,30.0,4871,510.87,19.14,.050892,15.303625
1781686143,phi3:mini,31.0,4868,511.16,19.17,.050864,14.655252
1781686158,phi3:mini,30.0,4873,502.57,19.07,.051733,15.782426
1781686174,phi3:mini,33.0,4870,476.48,19.21,.054565,12.282404
1781686186,phi3:mini,34.0,4871,499.60,20.00,.052040,3.999698
1781686190,phi3:mini,34.0,4874,498.96,19.04,.052107,12.498861
1781686203,phi3:mini,34.0,4870,479.97,18.64,.054169,19.252244
1781686222,phi3:mini,33.0,4878,456.56,20.05,.056947,3.690575
1781686226,phi3:mini,34.0,4879,489.90,18.65,.053071,17.153274
1781686244,phi3:mini,34.0,4877,486.13,19.21,.053482,12.853042
1781686257,phi3:mini,34.0,4876,547.18,18.94,.047515,14.938801
1781686272,phi3:mini,34.0,4879,521.43,17.81,.049862,29.409402
1781686301,phi3:mini,33.0,4879,464.53,18.34,.055970,25.026629
1781686327,phi3:mini,30.0,4874,503.55,20.06,.051632,3.937454
1781686331,phi3:mini,33.0,4876,466.21,20.71,.055768,1.738215
1781686333,phi3:mini,34.0,4871,524.67,19.60,.049554,11.479585
1781686344,phi3:mini,34.0,4879,493.06,18.94,.052731,17.100169
1781686362,phi3:mini,34.0,4883,483.02,18.81,.053826,18.287311
1781686380,phi3:mini,33.0,4885,534.36,18.50,.048655,23.233625
1781686403,phi3:mini,34.0,4880,506.10,18.99,.051373,15.319654
1781686419,phi3:mini,33.0,4875,553.26,18.81,.046993,15.097644
1781686434,phi3:mini,31.0,4878,524.08,18.14,.049610,27.718743
1781686462,phi3:mini,33.0,4879,563.68,20.06,.046124,4.884728
1781686467,phi3:mini,34.0,4875,538.26,17.61,.048303,34.176096
1781686502,phi3:mini,32.0,4876,553.64,19.08,.046961,15.194713
1781686517,phi3:mini,33.0,4880,454.12,19.47,.057253,8.371135
1781686525,phi3:mini,33.0,4879,494.16,17.65,.052614,35.962152
1781686562,phi3:mini,32.0,4868,422.24,19.46,.061575,9.656051
1781686571,phi3:mini,34.0,4870,544.70,19.01,.047732,15.409164
1781686587,phi3:mini,33.0,4873,508.22,18.85,.051157,17.134851
1781686604,phi3:mini,33.0,4869,494.87,12.10,.052538,226.063439
1781686831,phi3:mini,32.0,4896,499.02,18.16,.052102,29.452359
1781686861,phi3:mini,32.0,4897,512.59,18.57,.050722,22.875647
1781686884,phi3:mini,33.0,4880,486.17,18.94,.053479,18.629593
1781686902,phi3:mini,32.0,4881,525.11,20.34,.049512,1.966407
1781686905,phi3:mini,34.0,4876,544.35,19.24,.047763,12.211788
1781686917,phi3:mini,33.0,4875,506.12,19.44,.051371,12.031486
1781686929,phi3:mini,30.0,4880,442.83,20.18,.058712,4.903992
1781686934,phi3:mini,33.0,4880,479.05,19.76,.054273,7.843811
1781686942,phi3:mini,30.0,4884,494.08,18.94,.052622,16.889784
1781686959,phi3:mini,34.0,4879,477.48,19.24,.054451,17.715561
1781686977,phi3:mini,34.0,4884,534.41,19.24,.048651,15.014860
1781686992,phi3:mini,33.0,4885,483.14,18.17,.053814,28.330714
1781687021,phi3:mini,33.0,4880,492.09,18.83,.052834,17.839375
1781687039,phi3:mini,32.0,4882,498.26,18.70,.052181,21.283044
1781687060,phi3:mini,30.0,4877,472.79,18.61,.054992,20.739201
1781687081,phi3:mini,33.0,4880,534.20,18.98,.048670,15.803497
1781687097,phi3:mini,33.0,4880,525.63,19.20,.049464,12.395006
1781687110,phi3:mini,33.0,4883,526.74,18.53,.049360,21.093664
1781687131,phi3:mini,33.0,4884,527.55,10.82,.049283,327.549937
1781687459,phi3:mini,32.0,4876,553.92,18.59,.046937,23.607762
1781687483,phi3:mini,33.0,4875,504.53,17.54,.051532,39.050886
1781687522,phi3:mini,33.0,4881,516.80,20.14,.050308,3.971195
1781687527,phi3:mini,33.0,4880,509.61,19.40,.051019,12.318667
1781687539,phi3:mini,34.0,4873,531.66,19.50,.048902,7.638447
1781687547,phi3:mini,34.0,4877,522.29,18.58,.049780,23.409779
1781687570,phi3:mini,33.0,4880,504.49,21.01,.051536,1.284844
1781687572,phi3:mini,33.0,4876,469.66,18.74,.055358,18.351195
1781687590,phi3:mini,34.0,4877,510.52,18.08,.050928,29.357923
1781687620,phi3:mini,32.0,4878,459.61,18.42,.056569,21.278810
1781687641,phi3:mini,33.0,4875,461.39,19.76,.056351,4.957711
1781687647,phi3:mini,34.0,4876,518.73,17.98,.050122,31.464570
1781687678,phi3:mini,33.0,4882,495.45,19.38,.052476,11.913714
1781687690,phi3:mini,34.0,4885,507.75,19.38,.051206,11.246045
1781687702,phi3:mini,33.0,4883,524.33,18.71,.049586,19.613144
1781687722,phi3:mini,33.0,4887,489.65,13.55,.053098,150.073457
1781687872,phi3:mini,32.0,4883,486.02,18.64,.053495,19.733966
1781687892,phi3:mini,33.0,4888,512.85,18.73,.050696,17.082719
1781687909,phi3:mini,33.0,4888,499.30,19.21,.052071,10.931063
1781687920,phi3:mini,30.0,4889,473.17,18.70,.054948,20.583537
1781687941,phi3:mini,34.0,4885,506.90,18.47,.051291,23.378446
1781687965,phi3:mini,34.0,4887,483.62,19.11,.053760,12.135696
1781687977,phi3:mini,34.0,4882,470.00,19.32,.055318,12.314768
1781687989,phi3:mini,32.0,4884,473.82,20.04,.054872,3.990652
1781687994,phi3:mini,33.0,4883,484.34,18.77,.053681,19.548937
1781688013,phi3:mini,33.0,4888,494.38,18.25,.052590,27.121178
1781688041,phi3:mini,32.0,4887,483.30,18.77,.053796,17.041514
1781688058,phi3:mini,34.0,4878,476.52,18.31,.054561,24.890863
1781688083,phi3:mini,33.0,4881,448.07,19.41,.058026,14.112377
1781688097,phi3:mini,34.0,4880,526.98,20.72,.049336,2.557754
1781688100,phi3:mini,34.0,4876,531.51,18.84,.048916,18.309929
1781688118,phi3:mini,34.0,4882,530.02,19.31,.049054,16.049695
1781688135,phi3:mini,34.0,4885,505.17,18.64,.051466,23.915741
1781688159,phi3:mini,34.0,4881,474.84,19.28,.054754,12.653694
1781688172,phi3:mini,34.0,4883,470.52,18.98,.055257,17.116602
1781688189,phi3:mini,33.0,4885,457.85,19.21,.056787,15.561413
1781688205,phi3:mini,34.0,4881,499.74,15.10,.052026,94.643010
1781688300,phi3:mini,33.0,4880,454.52,19.49,.057202,9.644141
1781688309,phi3:mini,32.0,4883,485.50,18.82,.053552,18.269030
1781688328,phi3:mini,34.0,4875,524.09,19.10,.049609,12.612487
1781688341,phi3:mini,30.0,4874,468.28,19.09,.055522,12.934233
1781688354,phi3:mini,31.0,4883,489.59,18.44,.053105,20.112253
1781688374,phi3:mini,34.0,4879,520.77,17.50,.049925,35.652077
1781688410,phi3:mini,33.0,4876,448.55,18.01,.057964,28.080435
1781688438,phi3:mini,33.0,4884,505.03,19.18,.051481,13.498009
1781688452,phi3:mini,33.0,4882,438.37,18.82,.059309,19.440455
1781688472,phi3:mini,34.0,4884,473.49,19.13,.054910,11.391090
1781688483,phi3:mini,34.0,4886,557.02,18.21,.046676,25.256647
1781688509,phi3:mini,33.0,4883,512.08,18.24,.050773,27.300568
1781688536,phi3:mini,34.0,4885,509.58,19.22,.051021,12.014585
1781688548,phi3:mini,34.0,4884,541.61,17.61,.048004,35.201491
1781688584,phi3:mini,33.0,4882,492.80,19.16,.052759,12.312877
1781688596,phi3:mini,34.0,4882,531.55,18.77,.048913,18.643834
1781688615,phi3:mini,33.0,4885,487.70,18.67,.053310,19.869843
1781688635,phi3:mini,34.0,4880,467.07,19.16,.055665,12.369441
1781688648,phi3:mini,30.0,4875,471.84,18.97,.055103,13.490964
1781688661,phi3:mini,33.0,4874,479.32,18.34,.054243,27.088982
1781688689,phi3:mini,34.0,4871,509.50,19.60,.051030,7.088912
1781688696,phi3:mini,30.0,4865,486.33,18.20,.053461,28.228089
1781688724,phi3:mini,30.0,4871,531.05,18.75,.048958,18.769437
1781688743,phi3:mini,33.0,4873,487.00,18.68,.053387,20.980848
1781688764,phi3:mini,34.0,4880,484.33,20.16,.053681,2.479041
1781688767,phi3:mini,34.0,4879,500.38,19.29,.051959,13.270175
1781688780,phi3:mini,36.0,4877,511.17,21.63,.050863,.832029
1781688781,phi3:mini,36.0,4880,530.33,18.78,.049025,19.060131
1781688801,phi3:mini,34.0,4875,510.95,18.27,.050884,27.359411
1781688828,phi3:mini,33.0,4879,481.80,18.47,.053963,23.172434
1781688852,phi3:mini,33.0,4880,484.35,19.27,.053679,11.364679
1781688863,phi3:mini,34.0,4886,537.26,18.92,.048393,17.222117
1781688881,phi3:mini,34.0,4876,553.56,19.71,.046968,11.059877
1781688892,phi3:mini,33.0,4876,496.69,20.39,.052345,3.333741
1781688895,phi3:mini,34.0,4873,503.75,19.09,.051612,16.237218
1781688912,phi3:mini,33.0,4875,508.04,20.95,.051176,1.288517
1781688913,phi3:mini,33.0,4874,566.20,18.52,.045919,23.324242
1781688937,phi3:mini,33.0,4874,496.19,19.53,.052398,11.725331
1781688949,phi3:mini,34.0,4868,510.96,20.21,.050884,2.917940
1781688952,phi3:mini,36.0,4872,523.08,18.94,.049705,18.847796
1781688971,phi3:mini,36.0,4869,481.75,20.84,.053969,2.206269
1781688973,phi3:mini,34.0,4865,520.48,19.07,.049952,12.792886
1781688986,phi3:mini,34.0,4872,509.21,18.52,.051059,23.695485
1781689010,phi3:mini,33.0,4871,493.55,18.95,.052678,16.146727
1781689026,phi3:mini,30.0,4877,506.02,19.19,.051381,13.078962
1781689039,phi3:mini,33.0,4878,516.06,17.99,.050380,28.668917
1781689068,phi3:mini,34.0,4873,504.63,18.98,.051522,16.219093
1781689085,phi3:mini,34.0,4874,503.76,18.52,.051611,22.940190
1781689108,phi3:mini,33.0,4876,521.32,19.08,.049873,17.445253
1781689125,phi3:mini,34.0,4870,501.39,19.37,.051854,10.527827
1781689136,phi3:mini,33.0,4865,450.07,18.88,.057768,16.098034
1781689152,phi3:mini,33.0,4864,485.43,16.93,.053560,52.541963
1781689205,phi3:mini,32.0,4871,531.00,18.81,.048963,22.804557
1781689228,phi3:mini,32.0,4875,495.63,19.20,.052458,15.308601
1781689244,phi3:mini,33.0,4874,538.44,20.55,.048286,3.016709
1781689247,phi3:mini,33.0,4875,530.12,19.99,.049045,6.902583
1781689254,phi3:mini,33.0,4875,485.94,19.74,.053503,11.849351
1781689266,phi3:mini,34.0,4870,506.94,19.61,.051287,7.546211
1781689274,phi3:mini,33.0,4873,523.83,18.67,.049633,18.844489
1781689293,phi3:mini,33.0,4876,481.43,19.41,.054005,13.341522
1781689306,phi3:mini,33.0,4874,518.05,20.01,.050187,4.497615
1781689311,phi3:mini,33.0,4872,494.85,19.02,.052540,12.142935
1781689323,phi3:mini,34.0,4869,489.44,19.10,.053121,13.193153
1781689337,phi3:mini,34.0,4872,515.86,17.72,.050400,36.511039
1781689373,phi3:mini,33.0,4874,507.24,17.22,.051257,44.597729
1781689418,phi3:mini,34.0,4873,548.74,18.33,.047380,23.292101
1781689442,phi3:mini,33.0,4875,471.19,19.10,.055178,13.138421
1781689455,phi3:mini,33.0,4870,445.53,17.97,.058357,32.440465
1781689488,phi3:mini,34.0,4874,508.54,18.78,.051126,20.703122
1781689509,phi3:mini,33.0,4875,447.83,16.13,.058056,71.586838
1781689580,phi3:mini,32.0,4875,432.47,19.80,.060118,4.949074
1781689586,phi3:mini,30.0,4874,513.43,17.64,.050639,35.193458
1781689621,phi3:mini,33.0,4876,467.23,19.07,.055646,16.512518
1781689638,phi3:mini,33.0,4879,503.70,19.31,.051618,11.285307
1781689649,phi3:mini,33.0,4872,499.79,19.00,.052021,15.048903
1781689664,phi3:mini,33.0,4874,500.21,18.46,.051977,19.058150
1781689684,phi3:mini,34.0,4878,485.10,19.37,.053596,11.872710
1781689696,phi3:mini,34.0,4880,567.59,18.64,.045807,23.438616
1781689719,phi3:mini,34.0,4876,527.86,19.95,.049254,6.062294
1781689725,phi3:mini,34.0,4878,566.88,18.77,.045864,22.901316
1781689749,phi3:mini,33.0,4876,513.34,18.88,.050648,17.477093
1781689766,phi3:mini,33.0,4876,496.61,19.79,.052354,5.405256
1781689772,phi3:mini,34.0,4873,504.71,20.58,.051514,1.214714
1781689773,phi3:mini,33.0,4876,512.73,19.57,.050708,7.151552
1781689780,phi3:mini,34.0,4874,487.65,17.95,.053316,32.574895
1781689813,phi3:mini,33.0,4879,465.71,19.20,.055828,12.183679
1781689826,phi3:mini,33.0,4879,471.18,19.21,.055179,12.279443
1781689838,phi3:mini,33.0,4876,503.01,18.15,.051687,27.487131
1781689866,phi3:mini,33.0,4879,488.68,18.84,.053203,17.778808
1781689884,phi3:mini,32.0,4880,493.44,18.29,.052690,23.938437
1781689908,phi3:mini,34.0,4884,490.59,19.42,.052997,12.407952
1781689920,phi3:mini,36.0,4877,540.25,18.09,.048125,31.218330
1781689952,phi3:mini,33.0,4880,518.68,26.15,.050127,.191151
1781689952,phi3:mini,33.0,4883,532.48,19.04,.048827,17.588339
1781689970,phi3:mini,34.0,4886,495.76,16.96,.052443,47.047702
1781690017,phi3:mini,33.0,4885,504.60,16.43,.051525,62.604507
1781690080,phi3:mini,33.0,4881,484.65,18.76,.053646,19.076714
1781690099,phi3:mini,34.0,4884,516.14,19.22,.050373,10.609654
1781690110,phi3:mini,33.0,4882,503.69,19.49,.051618,8.513555
1781690119,phi3:mini,32.0,4882,531.70,19.40,.048899,11.286727
1781690130,phi3:mini,33.0,4886,494.07,19.46,.052623,9.299991
1781690140,phi3:mini,34.0,4880,523.82,19.21,.049634,14.571111
1781690155,phi3:mini,33.0,4881,485.35,18.88,.053569,16.737077
1781690171,phi3:mini,34.0,4876,501.79,20.81,.051813,1.537719
1781690173,phi3:mini,34.0,4875,491.83,19.88,.052863,4.324818
1781690178,phi3:mini,33.0,4876,494.82,18.27,.052543,24.181366
1781690202,phi3:mini,30.0,4873,485.26,19.32,.053578,10.040687
1781690212,phi3:mini,33.0,4874,475.34,19.53,.054696,11.056429
1781690223,phi3:mini,34.0,4872,515.86,18.93,.050400,14.998387
1781690239,phi3:mini,34.0,4869,507.95,18.31,.051185,24.465186
1781690263,phi3:mini,36.0,4868,488.37,17.63,.053237,36.056839
1781690300,phi3:mini,34.0,4876,487.44,18.17,.053339,24.867235
1781690325,phi3:mini,34.0,4875,496.08,17.66,.052410,41.542127
1781690366,phi3:mini,34.0,4869,522.90,18.31,.049722,26.814480
1781690393,phi3:mini,34.0,4870,438.40,18.98,.059305,17.122715
1781690411,phi3:mini,31.0,4876,492.72,19.21,.052768,13.062119
1781690424,phi3:mini,34.0,4879,556.00,18.54,.046762,21.622359
1781690446,phi3:mini,30.0,4883,505.81,18.24,.051401,28.115689
1781690474,phi3:mini,34.0,4875,502.77,18.24,.051712,25.207516
1781690499,phi3:mini,33.0,4879,484.61,18.50,.053650,23.836692
1781690524,phi3:mini,34.0,4879,527.22,19.68,.049314,4.774228
1781690528,phi3:mini,34.0,4878,522.11,19.07,.049797,12.788499
1781690541,phi3:mini,34.0,4870,539.58,19.17,.048185,11.736112
1781690553,phi3:mini,34.0,4871,493.22,17.96,.052713,36.019039
1781690590,phi3:mini,34.0,4883,552.36,20.24,.047069,3.407840
1781690593,phi3:mini,34.0,4879,529.85,18.39,.049070,24.904722
1781690618,phi3:mini,33.0,4870,462.28,18.42,.056241,24.095471
1781690642,phi3:mini,34.0,4879,485.71,19.15,.053529,11.118768
1781690654,phi3:mini,34.0,4876,548.12,20.77,.047434,1.925197
1781690656,phi3:mini,36.0,4873,509.84,20.32,.050995,2.853508
1781690659,phi3:mini,36.0,4876,474.32,17.19,.054814,42.970858
1781690702,phi3:mini,34.0,4879,512.29,19.28,.050751,11.356037
1781690714,phi3:mini,34.0,4878,493.19,19.10,.052718,13.763881
1781690728,phi3:mini,34.0,4882,522.45,15.72,.049765,78.856060
1781690807,phi3:mini,34.0,4876,528.70,18.15,.049176,31.560369
1781690838,phi3:mini,33.0,4878,536.87,19.04,.048428,16.798916
1781690855,phi3:mini,34.0,4882,469.83,20.25,.055338,3.554044
1781690859,phi3:mini,34.0,4881,486.04,18.84,.053493,18.833980
1781690878,phi3:mini,34.0,4883,465.73,19.15,.055825,17.330615
1781690896,phi3:mini,34.0,4882,486.62,18.76,.053429,22.057179
1781690918,phi3:mini,33.0,4878,490.46,19.26,.053011,14.485830
1781690933,phi3:mini,34.0,4870,440.64,18.61,.059004,23.848093
1781690957,phi3:mini,34.0,4874,554.04,19.34,.046927,11.786811
1781690969,phi3:mini,34.0,4872,523.89,16.52,.049628,57.621866
1781691027,phi3:mini,34.0,4883,529.82,18.91,.049072,16.439993
1781691043,phi3:mini,34.0,4875,524.69,19.14,.049552,12.642745
1781691056,phi3:mini,34.0,4879,509.50,19.11,.051029,14.488091
1781691071,phi3:mini,34.0,4875,483.40,18.70,.053785,17.639465
1781691088,phi3:mini,34.0,4869,484.11,18.81,.053706,19.505002
1781691108,phi3:mini,34.0,4873,499.46,19.29,.052055,12.283329
1781691121,phi3:mini,34.0,4870,525.56,20.07,.049470,3.187645
1781691124,phi3:mini,33.0,4874,484.46,18.38,.053667,23.606614
1781691148,phi3:mini,36.0,4872,526.64,18.68,.049369,19.532857
1781691168,phi3:mini,34.0,4879,436.04,19.46,.059627,11.149906
1781691179,phi3:mini,36.0,4874,486.61,19.30,.053430,13.002605
1781691192,phi3:mini,33.0,4871,477.20,18.64,.054483,20.751562
1781691213,phi3:mini,36.0,4868,394.47,19.19,.065910,10.573607
1781691224,phi3:mini,34.0,4869,492.17,18.10,.052826,32.199989
1781691256,phi3:mini,34.0,4873,538.16,20.37,.048312,4.613895
1781691261,phi3:mini,36.0,4872,572.79,18.72,.045391,21.955004
1781691283,phi3:mini,36.0,4870,483.74,19.60,.053747,8.567067
1781691292,phi3:mini,34.0,4872,483.08,17.73,.053820,36.586881
1781691329,phi3:mini,34.0,4878,466.73,18.29,.055705,24.813870
1781691354,phi3:mini,34.0,4876,458.65,18.88,.056687,19.538721
1781691373,phi3:mini,34.0,4878,497.10,18.15,.052303,27.656405
1781691401,phi3:mini,34.0,4877,482.90,18.43,.053841,23.546554
1781691425,phi3:mini,34.0,4873,560.28,18.88,.046405,18.582382
1781691444,phi3:mini,34.0,4865,537.60,18.49,.048362,22.766440
1781691467,phi3:mini,34.0,4864,503.94,18.37,.051593,24.876572
1781691492,phi3:mini,34.0,4872,537.42,19.27,.048378,12.709386
1781691505,phi3:mini,34.0,4874,484.50,19.01,.053663,16.827630
1781691522,phi3:mini,34.0,4872,424.06,18.23,.061310,25.993626
1781691548,phi3:mini,34.0,4875,486.34,19.44,.053459,11.930108
1781691560,phi3:mini,36.0,4877,513.84,19.92,.050598,5.369093
1781691565,phi3:mini,34.0,4875,494.46,18.94,.052581,15.943611
1781691582,phi3:mini,34.0,4879,510.11,18.46,.050968,23.126555
1781691605,phi3:mini,33.0,4877,463.42,19.12,.056104,15.007754
1781691620,phi3:mini,34.0,4872,474.83,18.60,.054756,20.210726
1781691640,phi3:mini,34.0,4871,482.44,19.25,.053891,10.181546
1781691651,phi3:mini,34.0,4878,490.86,18.51,.052967,21.976324
1781691673,phi3:mini,34.0,4877,504.38,17.81,.051548,33.736022
1781691707,phi3:mini,34.0,4875,509.25,19.70,.051054,12.180947
1781691719,phi3:mini,34.0,4872,492.98,19.19,.052740,17.919172
1781691737,phi3:mini,34.0,4875,514.82,21.47,.050503,.838163
1781691738,phi3:mini,34.0,4870,521.08,19.27,.049896,12.348767
1781691751,phi3:mini,36.0,4872,459.03,15.94,.056640,73.803841
1781691825,phi3:mini,34.0,4876,503.49,19.13,.051639,14.004654
1781691839,phi3:mini,37.0,4883,534.07,18.77,.048682,19.277478
1781691859,phi3:mini,34.0,4884,475.02,20.16,.054734,4.016167
1781691863,phi3:mini,34.0,4877,507.91,19.98,.051190,5.053376
1781691868,phi3:mini,34.0,4876,427.60,19.35,.060804,12.764187
1781691881,phi3:mini,36.0,4872,535.24,19.42,.048575,14.721939
1781691896,phi3:mini,36.0,4874,561.98,18.74,.046264,21.129848
1781691917,phi3:mini,34.0,4873,542.35,19.68,.047938,5.231714
1781691923,phi3:mini,34.0,4872,487.29,19.43,.053355,11.781630
1781691935,phi3:mini,34.0,4867,540.41,19.26,.048110,11.266012
1781691946,phi3:mini,34.0,4872,531.80,19.12,.048890,14.117750
1781691960,phi3:mini,33.0,4874,496.82,18.25,.052332,27.556362
1781691988,phi3:mini,34.0,4879,548.19,19.35,.047428,11.937093
1781692000,phi3:mini,36.0,4877,486.75,19.50,.053415,10.712458
1781692011,phi3:mini,34.0,4876,504.40,17.39,.051545,40.462957
1781692052,phi3:mini,34.0,4887,487.74,18.35,.053306,28.594821
1781692080,phi3:mini,33.0,4884,483.35,18.77,.053790,20.928153
1781692102,phi3:mini,34.0,4881,504.92,19.47,.051492,11.859049
1781692114,phi3:mini,36.0,4876,503.94,19.40,.051592,12.317446
1781692126,phi3:mini,34.0,4878,526.19,17.96,.049411,32.389719
1781692159,phi3:mini,34.0,4874,489.54,19.19,.053110,14.069368
1781692173,phi3:mini,34.0,4878,443.65,17.30,.058604,42.815736
1781692216,phi3:mini,34.0,4883,501.99,19.13,.051793,13.115938
1781692229,phi3:mini,34.0,4878,500.66,19.79,.051930,5.404451
1781692235,phi3:mini,34.0,4882,498.37,19.16,.052169,14.768289
1781692250,phi3:mini,36.0,4878,458.93,18.65,.056652,18.336882
1781692268,phi3:mini,33.0,4883,502.45,17.59,.051745,35.868239
1781692304,phi3:mini,34.0,4883,505.15,20.27,.051468,2.959734
1781692308,phi3:mini,34.0,4883,493.43,19.07,.052692,15.409667
1781692323,phi3:mini,31.0,4875,516.52,18.99,.050336,14.902424
1781692338,phi3:mini,34.0,4867,476.45,18.93,.054569,17.162798
1781692356,phi3:mini,36.0,4874,484.27,20.64,.053688,1.017353
1781692357,phi3:mini,36.0,4875,451.05,19.32,.057642,12.002778
1781692369,phi3:mini,34.0,4870,493.75,18.80,.052657,17.758135
1781692387,phi3:mini,34.0,4877,489.35,20.28,.053131,2.415479
1781692389,phi3:mini,34.0,4878,505.74,19.87,.051408,3.270359
1781692393,phi3:mini,36.0,4877,475.51,18.30,.054677,24.475963
1781692417,phi3:mini,36.0,4879,503.28,21.49,.051660,.976836
1781692419,phi3:mini,37.0,4877,475.12,18.62,.054721,19.709752
1781692438,phi3:mini,34.0,4873,464.52,18.53,.055970,23.463522
1781692462,phi3:mini,37.0,4869,476.47,18.03,.054567,29.269009
1781692492,phi3:mini,37.0,4867,563.69,19.54,.046124,11.460516
1781692503,phi3:mini,36.0,4867,479.35,19.34,.054239,12.510066
1781692516,phi3:mini,33.0,4868,495.96,19.39,.052423,11.963557
1781692528,phi3:mini,37.0,4873,484.04,18.98,.053714,15.908971
1781692544,phi3:mini,37.0,4873,529.93,18.80,.049062,17.021063
1781692561,phi3:mini,37.0,4870,490.85,18.28,.052969,23.631787
1781692585,phi3:mini,34.0,4874,495.79,19.78,.052440,7.024310
1781692592,phi3:mini,36.0,4874,536.26,18.67,.048483,19.754808
1781692612,phi3:mini,36.0,4871,532.69,19.05,.048808,11.439453
1781692624,phi3:mini,34.0,4876,534.09,15.45,.048680,84.414905
1781692709,phi3:mini,34.0,4875,462.93,19.03,.056163,16.335426
1781692725,phi3:mini,34.0,4874,494.38,18.69,.052590,19.042663
1781692744,phi3:mini,34.0,4867,476.28,18.97,.054589,16.439833
1781692761,phi3:mini,33.0,4872,526.67,18.49,.049365,20.765180
1781692782,phi3:mini,34.0,4869,429.12,18.37,.060588,23.395695
1781692805,phi3:mini,34.0,4862,500.64,20.52,.051933,1.266687
1781692807,phi3:mini,34.0,4863,514.44,18.93,.050540,17.377886
1781692824,phi3:mini,34.0,4873,469.28,18.35,.055403,23.591828
1781692848,phi3:mini,36.0,4875,547.14,18.71,.047519,19.444914
1781692868,phi3:mini,33.0,4874,506.68,19.14,.051314,13.163238
1781692881,phi3:mini,34.0,4880,463.38,18.75,.056108,15.887636
1781692897,phi3:mini,34.0,4880,485.91,18.80,.053507,22.659453
1781692920,phi3:mini,37.0,4871,459.55,19.05,.056576,18.734116
1781692939,phi3:mini,34.0,4876,538.58,15.29,.048274,90.286348
1781693030,phi3:mini,34.0,4876,466.75,19.23,.055703,13.102280
1781693043,phi3:mini,36.0,4875,499.40,18.99,.052061,15.636537
1781693059,phi3:mini,34.0,4874,505.61,19.32,.051422,12.884702
1781693072,phi3:mini,31.0,4881,486.54,19.11,.053438,14.278888
1781693086,phi3:mini,36.0,4885,469.51,18.63,.055375,26.890599
1781693113,phi3:mini,37.0,4874,476.79,19.31,.054531,17.133033
1781693131,phi3:mini,37.0,4881,530.11,19.02,.049045,22.817762
1781693154,phi3:mini,36.0,4879,526.84,19.22,.049350,14.716678
1781693168,phi3:mini,36.0,4882,512.80,19.46,.050701,12.019329
1781693181,phi3:mini,36.0,4883,491.39,19.35,.052910,15.291925
1781693196,phi3:mini,34.0,4876,517.18,16.91,.050272,51.954690
1781693248,phi3:mini,36.0,4865,530.65,18.35,.048996,27.351458
1781693276,phi3:mini,36.0,4866,486.56,18.76,.053436,19.610482
1781693296,phi3:mini,36.0,4875,480.98,20.71,.054055,2.896773
1781693299,phi3:mini,37.0,4875,527.27,19.40,.049310,16.235387
1781693315,phi3:mini,36.0,4876,557.54,19.56,.046632,14.717166
1781693330,phi3:mini,36.0,4871,485.03,19.38,.053603,12.327181
1781693343,phi3:mini,36.0,4876,482.21,20.08,.053918,5.526217
1781693348,phi3:mini,36.0,4879,512.37,18.86,.050744,15.741557
1781693364,phi3:mini,36.0,4876,499.81,13.55,.052018,147.343947
1781693512,phi3:mini,34.0,4877,538.17,18.71,.048311,19.131912
1781693531,phi3:mini,34.0,4877,467.53,17.11,.055610,46.285866
1781693578,phi3:mini,36.0,4876,502.96,19.50,.051693,13.125223
1781693591,phi3:mini,37.0,4872,496.47,19.33,.052368,10.860513
1781693602,phi3:mini,36.0,4867,515.40,18.47,.050445,23.594290
1781693626,phi3:mini,34.0,4874,482.56,20.34,.053878,4.965016
1781693631,phi3:mini,36.0,4873,499.32,20.38,.052070,3.875505
1781693635,phi3:mini,36.0,4874,479.01,18.67,.054278,23.242549
1781693658,phi3:mini,33.0,4877,573.51,20.17,.045334,3.964702
1781693663,phi3:mini,36.0,4881,499.81,17.81,.052019,35.984725
1781693699,phi3:mini,34.0,4880,496.49,19.25,.052367,15.374641
1781693714,phi3:mini,34.0,4876,474.29,19.30,.054818,11.344276
1781693726,phi3:mini,34.0,4872,488.28,19.08,.053247,12.887319
1781693739,phi3:mini,36.0,4874,507.78,19.80,.051202,4.443113
1781693744,phi3:mini,36.0,4874,472.59,18.77,.055015,16.403426
1781693760,phi3:mini,34.0,4868,500.81,19.21,.051915,14.263064
1781693775,phi3:mini,34.0,4870,476.48,19.30,.054566,12.846709
1781693788,phi3:mini,36.0,4872,445.75,18.52,.058327,20.351250
1781693808,phi3:mini,36.0,4867,436.64,19.41,.059544,12.052246
1781693820,phi3:mini,36.0,4872,477.75,19.47,.054421,13.146940
1781693834,phi3:mini,36.0,4875,542.71,18.90,.047907,18.621902
1781693853,phi3:mini,36.0,4875,541.51,20.52,.048013,3.070069
1781693856,phi3:mini,36.0,4868,499.87,19.05,.052012,14.750397
1781693871,phi3:mini,34.0,4872,501.54,18.72,.051840,18.695457
1781693890,phi3:mini,37.0,4871,472.18,18.94,.055063,16.047899
1781693906,phi3:mini,36.0,4871,514.42,18.77,.050541,18.958201
1781693925,phi3:mini,36.0,4868,526.89,17.73,.049345,33.047781
1781693958,phi3:mini,36.0,4871,551.51,18.28,.047142,26.139435
1781693985,phi3:mini,33.0,4868,514.11,18.39,.050572,23.215556
1781694008,phi3:mini,37.0,4875,483.20,19.04,.053807,17.065212
1781694025,phi3:mini,36.0,4878,496.11,18.23,.052407,31.092988
1781694057,phi3:mini,36.0,4931,513.04,18.96,.050678,17.245648
1781694074,phi3:mini,34.0,4926,510.66,17.95,.050914,29.020886
1781694103,phi3:mini,33.0,4937,544.73,17.39,.047729,40.119605
1781694144,phi3:mini,36.0,4897,515.82,18.91,.050404,15.547127
1781694159,phi3:mini,36.0,4892,522.58,19.38,.049752,10.108701
1781694170,phi3:mini,37.0,4890,521.96,18.67,.049811,23.720965
1781694193,phi3:mini,36.0,4887,530.37,18.19,.049022,31.607777
1781694225,phi3:mini,37.0,4886,476.79,17.07,.054530,48.962707
1781694274,phi3:mini,34.0,4874,522.26,19.14,.049783,16.817714
1781694291,phi3:mini,36.0,4862,475.84,17.15,.054640,45.299120
1781694337,phi3:mini,36.0,4865,483.51,19.43,.053773,11.265551
1781694348,phi3:mini,36.0,4864,494.37,19.81,.052591,7.215325
1781694356,phi3:mini,37.0,4855,500.87,17.71,.051909,34.993288
1781694391,phi3:mini,34.0,4860,489.28,19.35,.053138,12.402478
1781694404,phi3:mini,36.0,4845,488.32,19.03,.053243,15.079114
1781694419,phi3:mini,34.0,4857,480.52,18.87,.054107,18.120785
1781694437,phi3:mini,36.0,4856,487.62,18.58,.053319,20.766146
1781694458,phi3:mini,37.0,4865,498.84,19.14,.052120,10.132961
1781694469,phi3:mini,36.0,4869,486.21,18.94,.053474,13.511249
1781694482,phi3:mini,36.0,4867,518.43,18.46,.050150,23.174270
1781694506,phi3:mini,36.0,4865,552.05,19.75,.047096,4.352633
1781694510,phi3:mini,33.0,4861,565.90,18.92,.045944,15.325598
1781694526,phi3:mini,36.0,4855,464.52,20.71,.055971,1.303171
1781694527,phi3:mini,33.0,4854,500.09,18.66,.051989,21.216417
1781694548,phi3:mini,36.0,4854,508.82,18.73,.051098,21.351945
1781694570,phi3:mini,37.0,4854,514.98,14.63,.050486,109.741233
1781694680,phi3:mini,34.0,4861,465.79,19.67,.055818,11.689590
1781694692,phi3:mini,31.0,4862,468.51,19.06,.055494,17.830234
1781694710,phi3:mini,34.0,4858,477.46,18.69,.054454,18.619291
1781694729,phi3:mini,34.0,4860,453.69,19.15,.057307,14.927813
1781694744,phi3:mini,34.0,4860,475.21,17.20,.054712,45.682803
1781694790,phi3:mini,37.0,4864,579.32,19.43,.044879,12.397289
1781694802,phi3:mini,36.0,4864,519.92,19.02,.050006,15.873322
1781694818,phi3:mini,36.0,4869,515.88,18.92,.050399,17.435616
1781694836,phi3:mini,34.0,4867,513.93,19.54,.050589,11.154822
1781694847,phi3:mini,36.0,4862,458.98,18.93,.056646,17.639973
1781694865,phi3:mini,36.0,4873,453.79,19.75,.057294,5.820581
1781694871,phi3:mini,34.0,4873,489.06,18.40,.053162,27.388904
1781694899,phi3:mini,36.0,4864,509.40,19.11,.051039,14.649719
1781694914,phi3:mini,34.0,4863,518.30,18.80,.050163,18.982359
1781694933,phi3:mini,34.0,4863,532.75,20.31,.048802,2.855536
1781694936,phi3:mini,37.0,4862,559.30,19.49,.046486,12.666795
1781694949,phi3:mini,36.0,4863,496.99,18.97,.052314,19.337868
1781694968,phi3:mini,36.0,4862,571.95,18.88,.045457,17.210048
1781694986,phi3:mini,36.0,4867,511.45,18.90,.050835,16.294780
1781695002,phi3:mini,34.0,4863,464.60,18.49,.055961,23.838587
1781695026,phi3:mini,34.0,4861,481.30,19.27,.054019,11.981787
1781695038,phi3:mini,34.0,4860,461.47,16.93,.056341,49.783191
1781695088,phi3:mini,34.0,4866,497.33,19.07,.052278,14.570319
1781695103,phi3:mini,36.0,4872,512.66,20.25,.050715,2.813469
1781695106,phi3:mini,36.0,4872,524.61,19.59,.049559,6.123015
1781695112,phi3:mini,37.0,4866,506.00,18.88,.051382,18.687374
1781695131,phi3:mini,34.0,4866,473.31,18.99,.054931,17.427220
1781695149,phi3:mini,34.0,4867,515.76,18.72,.050410,17.198304
1781695166,phi3:mini,36.0,4867,481.08,19.15,.054044,12.948671
1781695179,phi3:mini,34.0,4870,504.52,18.98,.051533,15.857282
1781695195,phi3:mini,34.0,4864,487.80,18.95,.053299,17.143718
1781695213,phi3:mini,34.0,4871,469.75,19.27,.055347,12.347562
1781695225,phi3:mini,31.0,4872,509.16,19.67,.051063,9.707536
1781695235,phi3:mini,36.0,4872,536.29,18.67,.048481,23.931305
1781695259,phi3:mini,36.0,4871,519.57,18.45,.050040,23.080635
1781695282,phi3:mini,34.0,4871,473.25,18.76,.054938,20.090499
1781695303,phi3:mini,34.0,4869,480.17,18.74,.054147,18.356347
1781695321,phi3:mini,36.0,4865,506.01,18.68,.051381,20.816714
1781695342,phi3:mini,34.0,4863,475.11,18.77,.054724,18.695324
1781695361,phi3:mini,34.0,4869,427.41,18.32,.060830,24.562741
1781695386,phi3:mini,34.0,4868,473.81,18.75,.054873,17.912698
1781695404,phi3:mini,36.0,4873,483.05,18.06,.053823,29.121398
1781695433,phi3:mini,34.0,4875,512.23,17.70,.050757,35.460822
1781695469,phi3:mini,33.0,4876,504.45,19.82,.051540,4.944228
1781695474,phi3:mini,34.0,4880,538.16,18.87,.048312,17.486749
1781695492,phi3:mini,34.0,4875,528.79,19.39,.049168,10.468214
1781695502,phi3:mini,34.0,4873,529.39,18.54,.049112,19.037175
1781695522,phi3:mini,37.0,4875,468.32,17.91,.055517,35.555868
1781695557,phi3:mini,36.0,4874,444.82,19.73,.058449,9.171223
1781695567,phi3:mini,36.0,4872,486.87,19.56,.053402,11.191538
1781695578,phi3:mini,36.0,4877,482.53,20.72,.053882,2.315832
1781695581,phi3:mini,37.0,4877,510.30,20.04,.050949,2.993361
1781695584,phi3:mini,36.0,4877,513.12,19.32,.050670,13.041084
1781695597,phi3:mini,36.0,4871,551.27,20.18,.047163,4.261321
1781695601,phi3:mini,36.0,4867,505.67,18.54,.051416,23.676695
1781695625,phi3:mini,33.0,4874,536.69,20.16,.048445,2.926032
1781695628,phi3:mini,36.0,4878,468.12,18.81,.055540,19.561919
1781695648,phi3:mini,34.0,4881,496.26,19.15,.052390,16.132759
1781695664,phi3:mini,36.0,4875,512.21,19.36,.050759,11.259398
1781695676,phi3:mini,36.0,4875,495.94,18.79,.052425,18.515148
1781695695,phi3:mini,34.0,4870,450.10,18.87,.057764,17.644431
1781695712,phi3:mini,34.0,4875,555.39,19.84,.046813,7.860316
1781695720,phi3:mini,34.0,4875,501.56,19.08,.051837,15.456069
1781695736,phi3:mini,34.0,4874,496.05,18.67,.052413,17.987404
1781695754,phi3:mini,34.0,4877,520.79,18.32,.049923,24.726480
1781695779,phi3:mini,34.0,4874,490.27,19.53,.053031,11.161741
1781695791,phi3:mini,33.0,4870,483.55,18.71,.053768,17.848321
1781695809,phi3:mini,37.0,4864,525.75,18.65,.049452,19.516249
1781695828,phi3:mini,36.0,4867,477.88,17.71,.054406,35.103860
1781695864,phi3:mini,36.0,4872,526.99,19.31,.049336,11.597036
1781695875,phi3:mini,37.0,4876,495.09,18.32,.052514,23.634855
1781695899,phi3:mini,34.0,4869,481.38,18.23,.054010,23.804293
1781695923,phi3:mini,34.0,4867,486.99,18.91,.053388,19.456688
1781695943,phi3:mini,33.0,4864,534.49,18.91,.048644,21.149411
1781695964,phi3:mini,34.0,4864,546.44,19.01,.047580,14.727251
1781695979,phi3:mini,37.0,4866,481.64,18.86,.053982,19.084992
1781695998,phi3:mini,36.0,4867,566.79,19.13,.045871,12.229617
1781696011,phi3:mini,33.0,4867,515.21,18.94,.050464,17.264493
1781696028,phi3:mini,37.0,4864,443.21,19.41,.058661,11.174942
1781696040,phi3:mini,36.0,4871,500.38,17.25,.051959,43.522706
1781696083,phi3:mini,34.0,4859,477.41,18.63,.054460,22.865845
1781696106,phi3:mini,36.0,4868,468.65,19.67,.055478,8.994260
1781696116,phi3:mini,36.0,4868,485.22,19.31,.053583,12.271894
1781696128,phi3:mini,34.0,4868,498.56,18.59,.052149,23.018204
1781696151,phi3:mini,36.0,4869,477.34,18.85,.054467,19.567361
1781696171,phi3:mini,36.0,4869,515.84,18.52,.050402,22.892905
1781696194,phi3:mini,37.0,4870,529.90,18.75,.049065,19.084117
1781696213,phi3:mini,34.0,4872,484.19,18.12,.053696,33.492074
1781696247,phi3:mini,36.0,4874,508.25,19.09,.051155,22.781447
1781696270,phi3:mini,37.0,4864,504.29,19.55,.051557,12.732494
1781696283,phi3:mini,37.0,4869,491.13,19.14,.052938,15.828646
1781696299,phi3:mini,31.0,4871,520.75,18.91,.049927,13.270076
1781696312,phi3:mini,37.0,4872,541.64,18.79,.048001,18.404727
1781696331,phi3:mini,36.0,4872,476.94,12.15,.054513,221.487764
1781696553,phi3:mini,34.0,4877,493.67,18.88,.052666,18.687919
1781696572,phi3:mini,34.0,4872,461.99,18.73,.056277,18.204009
1781696590,phi3:mini,34.0,4869,501.83,17.05,.051809,50.423456
1781696641,phi3:mini,34.0,4875,485.84,19.12,.053514,18.093622
1781696659,phi3:mini,36.0,4870,520.12,19.20,.049988,17.707019
1781696677,phi3:mini,34.0,4872,473.30,19.55,.054933,11.760580
1781696689,phi3:mini,36.0,4871,538.90,20.30,.048246,3.890340
1781696693,phi3:mini,36.0,4871,533.87,16.19,.048700,67.258279
1781696760,phi3:mini,34.0,4871,501.86,18.38,.051806,26.104593
1781696787,phi3:mini,34.0,4881,509.74,18.87,.051005,16.958124
1781696804,phi3:mini,36.0,4878,534.77,19.04,.048618,14.334187
1781696818,phi3:mini,33.0,4870,482.11,18.69,.053928,20.062804
1781696839,phi3:mini,34.0,4876,453.69,18.42,.057307,24.208986
1781696863,phi3:mini,33.0,4876,483.40,18.55,.053785,21.074719
1781696884,phi3:mini,36.0,4876,471.86,18.96,.055100,16.924519
1781696901,phi3:mini,37.0,4871,483.16,19.21,.053811,12.335644
1781696914,phi3:mini,34.0,4872,546.54,18.89,.047571,19.739567
1781696934,phi3:mini,34.0,4872,511.19,19.49,.050861,15.745471
1781696950,phi3:mini,34.0,4869,507.48,18.77,.051233,22.746552
1781696973,phi3:mini,33.0,4865,483.72,19.16,.053749,15.130184
1781696988,phi3:mini,36.0,4867,506.22,18.95,.051360,16.353778
1781697005,phi3:mini,34.0,4859,482.93,19.20,.053837,11.351243
1781697016,phi3:mini,34.0,4864,525.71,18.75,.049456,17.119967
1781697033,phi3:mini,34.0,4869,513.77,18.60,.050606,20.854368
1781697055,phi3:mini,34.0,4873,515.57,20.65,.050428,.871306
1781697056,phi3:mini,34.0,4874,511.76,19.00,.050804,13.049649
1781697069,phi3:mini,36.0,4869,490.60,18.84,.052995,15.391525
1781697084,phi3:mini,33.0,4874,457.33,19.25,.056850,11.684177
1781697096,phi3:mini,37.0,4870,498.99,18.70,.052105,17.748200
1781697114,phi3:mini,36.0,4867,484.83,19.31,.053626,10.823344
1781697125,phi3:mini,34.0,4869,515.33,18.05,.050452,27.698328
1781697153,phi3:mini,34.0,4874,489.28,19.05,.053138,13.064205
1781697166,phi3:mini,37.0,4874,476.87,20.14,.054521,4.665053
1781697171,phi3:mini,34.0,4875,485.03,19.29,.053604,14.044287
1781697185,phi3:mini,33.0,4865,478.99,19.35,.054280,11.885558
1781697197,phi3:mini,36.0,4874,526.56,18.77,.049377,19.757461
1781697217,phi3:mini,33.0,4872,444.86,19.20,.058444,11.974543
1781697230,phi3:mini,36.0,4876,511.21,18.85,.050858,17.129750
1781697247,phi3:mini,36.0,4874,480.99,17.54,.054054,35.959532
1781697283,phi3:mini,34.0,4872,456.14,19.28,.056999,11.615148
1781697295,phi3:mini,34.0,4873,508.20,20.60,.051160,2.572545
1781697298,phi3:mini,36.0,4868,472.48,19.52,.055028,6.351325
1781697304,phi3:mini,33.0,4864,445.81,18.33,.058320,23.283137
1781697328,phi3:mini,36.0,4869,555.84,18.67,.046775,17.781316
1781697345,phi3:mini,33.0,4869,502.66,18.59,.051724,18.288901
1781697364,phi3:mini,36.0,4876,484.25,18.59,.053691,19.787422
1781697384,phi3:mini,36.0,4874,475.58,18.43,.054669,21.206134
1781697405,phi3:mini,36.0,4876,494.00,17.25,.052630,45.965316
1781697452,phi3:mini,34.0,4866,533.88,18.76,.048699,22.758251
1781697475,phi3:mini,36.0,4871,503.42,19.31,.051646,11.858922
1781697487,phi3:mini,36.0,4871,530.21,20.64,.049037,3.826754
1781697491,phi3:mini,34.0,4869,513.47,20.08,.050635,3.932717
1781697495,phi3:mini,37.0,4868,554.68,19.02,.046873,16.399463
1781697511,phi3:mini,34.0,4871,508.41,18.93,.051139,16.903467
1781697528,phi3:mini,34.0,4865,479.25,19.41,.054251,13.187695
1781697542,phi3:mini,34.0,4861,502.06,18.39,.051785,24.077279
1781697566,phi3:mini,34.0,4859,499.98,16.05,.052001,66.567469
1781697633,phi3:mini,33.0,4858,498.76,19.39,.052128,10.572154
1781697643,phi3:mini,34.0,4855,512.72,19.16,.050709,14.868360
1781697659,phi3:mini,34.0,4861,506.16,19.81,.051366,8.225538
1781697667,phi3:mini,37.0,4862,493.57,20.01,.052677,4.746985
1781697672,phi3:mini,36.0,4861,495.90,19.23,.052429,14.242699
1781697686,phi3:mini,36.0,4866,515.88,19.23,.050398,14.715098
1781697701,phi3:mini,36.0,4863,542.92,19.13,.047888,16.988586
1781697718,phi3:mini,36.0,4863,519.34,19.48,.050062,7.029893
1781697726,phi3:mini,36.0,4867,515.67,18.48,.050418,23.263887
1781697749,phi3:mini,34.0,4876,510.12,19.00,.050967,17.209595
1781697766,phi3:mini,34.0,4879,479.39,19.89,.054235,5.027220
1781697772,phi3:mini,36.0,4873,510.27,20.00,.050953,2.549673
1781697774,phi3:mini,36.0,4869,509.01,18.79,.051079,17.130328
1781697792,phi3:mini,34.0,4874,513.93,18.85,.050590,14.849800
1781697807,phi3:mini,34.0,4869,494.78,18.85,.052548,18.514454
1781697825,phi3:mini,36.0,4865,462.61,18.83,.056202,18.955264
1781697844,phi3:mini,34.0,4867,559.06,18.57,.046506,27.129382
1781697872,phi3:mini,36.0,4863,484.99,19.39,.053609,14.954800
1781697887,phi3:mini,37.0,4869,526.58,18.60,.049374,24.452047
1781697911,phi3:mini,34.0,4875,550.90,18.76,.047195,19.669292
1781697931,phi3:mini,36.0,4871,476.21,19.26,.054597,13.651662
1781697945,phi3:mini,36.0,4868,531.84,18.63,.048886,19.853847
1781697965,phi3:mini,36.0,4867,483.20,18.57,.053807,22.071156
1781697987,phi3:mini,34.0,4875,480.61,17.58,.054096,36.745070
1781698024,phi3:mini,34.0,4873,507.81,19.22,.051199,11.392547
1781698036,phi3:mini,36.0,4872,566.03,19.13,.045933,12.175144
1781698048,phi3:mini,34.0,4876,528.09,19.00,.049233,11.993820
1781698060,phi3:mini,34.0,4880,509.45,20.18,.051035,3.022226
1781698064,phi3:mini,36.0,4877,531.83,18.68,.048887,18.947755
1781698083,phi3:mini,34.0,4878,460.98,18.83,.056400,17.251055
1781698100,phi3:mini,34.0,4877,547.26,19.34,.047508,9.873473
1781698110,phi3:mini,33.0,4878,565.60,17.39,.045968,39.369864
1781698150,phi3:mini,34.0,4882,511.42,19.51,.050838,8.763161
1781698159,phi3:mini,36.0,4876,472.68,19.05,.055005,16.950281
1781698176,phi3:mini,36.0,4868,513.46,19.74,.050636,12.560753
1781698189,phi3:mini,36.0,4876,530.44,19.54,.049015,14.636332
1781698203,phi3:mini,36.0,4868,504.21,18.69,.051565,26.856536
1781698231,phi3:mini,37.0,4866,500.33,18.64,.051965,23.603977
1781698254,phi3:mini,34.0,4870,467.69,17.61,.055592,38.775532
1781698293,phi3:mini,34.0,4870,511.59,19.27,.050821,16.495678
1781698310,phi3:mini,36.0,4875,521.34,19.76,.049871,7.082390
1781698317,phi3:mini,36.0,4872,485.77,19.33,.053523,10.914091
1781698328,phi3:mini,37.0,4873,451.56,17.39,.057577,38.342411
1781698367,phi3:mini,34.0,4868,473.77,17.99,.054877,32.281015
1781698399,phi3:mini,37.0,4871,506.55,19.27,.051327,11.619953
1781698411,phi3:mini,36.0,4877,494.57,19.33,.052570,10.604948
1781698422,phi3:mini,34.0,4874,521.49,19.51,.049857,9.580661
1781698432,phi3:mini,33.0,4876,470.26,17.56,.055287,36.943892
1781698469,phi3:mini,36.0,4880,518.18,19.04,.050175,14.856117
1781698484,phi3:mini,34.0,4873,489.03,19.03,.053165,16.288762
1781698500,phi3:mini,34.0,4868,515.05,18.45,.050479,23.302516
1781698524,phi3:mini,33.0,4861,524.22,16.68,.049597,55.136702
1781698579,phi3:mini,34.0,4866,519.79,18.77,.050019,18.323956
1781698598,phi3:mini,36.0,4871,496.22,18.34,.052395,28.565111
1781698627,phi3:mini,36.0,4866,541.58,18.48,.048006,22.777894
1781698650,phi3:mini,34.0,4869,457.09,18.94,.056880,17.414621
1781698667,phi3:mini,37.0,4864,513.55,18.36,.050627,25.869936
1781698693,phi3:mini,36.0,4864,491.27,10.06,.052923,407.352370
1781699101,phi3:mini,33.0,4864,48.15,17.60,.539957,19.314842
1781699121,phi3:mini,33.0,4868,545.66,13.04,.047648,112.430455
1781699234,phi3:mini,33.0,4871,510.47,18.96,.050932,5.325557
1781699239,phi3:mini,34.0,4865,481.12,18.71,.054040,9.405141
1781699249,phi3:mini,36.0,4871,533.90,18.37,.048697,12.952771
1781699262,phi3:mini,34.0,4865,541.93,17.62,.047976,18.435927
1781699281,phi3:mini,34.0,4873,444.67,17.37,.058470,22.618875
1781699303,phi3:mini,34.0,4868,470.79,18.12,.055226,14.126867
1781699318,phi3:mini,33.0,4870,498.66,18.51,.052138,10.371262
1781699328,phi3:mini,34.0,4869,437.43,19.56,.059437,3.424372
1781699332,phi3:mini,34.0,4867,477.96,18.16,.054397,12.885126
1781699345,phi3:mini,34.0,4865,509.14,16.07,.051065,40.011796
1781699385,phi3:mini,34.0,4866,460.14,18.09,.056503,15.415001
1781699401,phi3:mini,36.0,4870,510.79,18.38,.050900,11.802208
1781699413,phi3:mini,33.0,4863,524.04,18.32,.049614,12.712723
1781699426,phi3:mini,34.0,4871,514.20,18.11,.050563,15.673404
1781699441,phi3:mini,36.0,4880,488.90,19.02,.053179,6.202357
1781699448,phi3:mini,36.0,4881,505.80,18.27,.051403,10.668184
1781699459,phi3:mini,34.0,4880,502.85,17.57,.051704,18.211645
1781699477,phi3:mini,36.0,4880,448.20,17.60,.058008,15.337052
1781699493,phi3:mini,34.0,4878,469.10,15.80,.055424,40.179853
1781699533,phi3:mini,34.0,4874,488.42,17.36,.053232,19.348109
1781699553,phi3:mini,34.0,4875,549.56,19.02,.047310,4.993048
1781699558,phi3:mini,37.0,4878,459.75,17.77,.056551,18.451698
1781699576,phi3:mini,34.0,4878,477.11,18.15,.054494,12.780805
1781699589,phi3:mini,36.0,4877,489.01,18.29,.053168,12.625368
1781699602,phi3:mini,33.0,4877,508.45,16.94,.051135,25.669364
1781699628,phi3:mini,33.0,4872,523.26,17.95,.049688,12.197394
1781699640,phi3:mini,34.0,4873,493.13,16.84,.052724,31.633539
1781699672,phi3:mini,34.0,4873,507.50,17.35,.051230,19.652934
1781699692,phi3:mini,36.0,4875,532.25,16.73,.048848,30.361502
1781699723,phi3:mini,34.0,4869,491.52,18.58,.052896,10.223293
1781699733,phi3:mini,36.0,4869,506.34,19.17,.051348,5.579419
1781699739,phi3:mini,34.0,4868,425.68,15.28,.061078,50.839876
1781699790,phi3:mini,36.0,4871,528.63,17.71,.049183,15.808955
1781699806,phi3:mini,34.0,4869,487.98,17.04,.053280,25.517786
1781699832,phi3:mini,36.0,4877,451.78,18.26,.057550,13.742874
1781699845,phi3:mini,34.0,4880,478.44,15.14,.054342,56.533638
1781699902,phi3:mini,33.0,4880,508.43,17.54,.051137,17.842636
1781699920,phi3:mini,36.0,4881,468.51,17.02,.055494,24.789897
1781699945,phi3:mini,36.0,4884,508.71,19.24,.051108,3.430042
1781699949,phi3:mini,36.0,4883,484.20,16.47,.053696,31.870651
1781699981,phi3:mini,34.0,4877,497.39,19.19,.052272,4.220411
1781699985,phi3:mini,31.0,4875,418.68,19.37,.062098,4.128756
1781699990,phi3:mini,36.0,4875,540.32,18.32,.048119,13.313979
1781700003,phi3:mini,34.0,4873,526.68,15.74,.049365,46.882529
1781700050,phi3:mini,34.0,4874,559.27,17.68,.046489,20.810338
1781700071,phi3:mini,34.0,4882,519.94,17.25,.050005,21.091778
1781700093,phi3:mini,34.0,4876,531.03,17.34,.048961,22.548500
1781700115,phi3:mini,34.0,4874,510.60,16.69,.050919,29.947404
1781700145,phi3:mini,34.0,4884,455.96,19.04,.057022,6.354469
1781700152,phi3:mini,34.0,4884,444.73,18.42,.058462,11.614127
1781700164,phi3:mini,31.0,4884,520.32,16.92,.049968,26.053091
1781700190,phi3:mini,34.0,4883,460.50,18.38,.056459,12.346835
1781700202,phi3:mini,34.0,4879,557.88,18.49,.046604,8.864923
1781700211,phi3:mini,37.0,4875,500.76,17.72,.051920,14.107310
1781700226,phi3:mini,34.0,4872,468.67,17.14,.055476,24.200706
1781700250,phi3:mini,34.0,4879,531.20,19.83,.048944,4.790121
1781700255,phi3:mini,37.0,4876,525.82,18.68,.049446,12.684917
1781700268,phi3:mini,34.0,4881,495.92,17.87,.052427,15.324510
1781700283,phi3:mini,36.0,4883,440.77,18.14,.058986,16.474530
1781700300,phi3:mini,34.0,4879,509.70,16.19,.051010,38.355462
1781700339,phi3:mini,34.0,4884,508.99,20.68,.051081,1.063436
1781700340,phi3:mini,34.0,4878,507.94,20.54,.051187,1.459985
1781700342,phi3:mini,34.0,4872,492.55,16.66,.052785,28.497565
1781700370,phi3:mini,34.0,4878,476.72,17.43,.054538,18.756053
1781700389,phi3:mini,34.0,4879,506.59,18.35,.051322,12.530269
1781700402,phi3:mini,34.0,4873,510.95,18.31,.050885,11.517875
1781700414,phi3:mini,34.0,4872,516.84,19.23,.050304,5.457500
1781700419,phi3:mini,34.0,4872,519.04,16.98,.050092,25.082401
1781700445,phi3:mini,34.0,4874,493.15,16.69,.052722,27.009229
1781700472,phi3:mini,34.0,4870,486.09,18.12,.053487,13.182612
1781700485,phi3:mini,37.0,4871,495.03,17.58,.052521,17.916913
1781700503,phi3:mini,34.0,4875,509.09,15.35,.051071,49.443923
1781700553,phi3:mini,33.0,4877,474.39,17.39,.054806,18.680927
1781700572,phi3:mini,34.0,4873,465.51,16.36,.055852,34.717618
1781700607,phi3:mini,34.0,4872,475.30,19.76,.054701,2.631363
1781700610,phi3:mini,36.0,4876,545.38,18.93,.047672,5.545761
1781700615,phi3:mini,34.0,4875,494.67,17.43,.052559,19.037051
1781700634,phi3:mini,34.0,4874,513.66,17.94,.050616,14.265521
1781700649,phi3:mini,34.0,4875,483.75,18.17,.053746,11.938076
1781700661,phi3:mini,33.0,4877,533.52,20.61,.048732,.873246
1781700662,phi3:mini,34.0,4879,451.12,18.58,.057634,12.376019
1781700675,phi3:mini,33.0,4874,492.95,17.70,.052743,13.156832
1781700688,phi3:mini,34.0,4869,504.95,17.24,.051489,19.777902
1781700708,phi3:mini,34.0,4876,552.22,17.45,.047082,20.911277
1781700729,phi3:mini,34.0,4868,460.23,16.38,.056492,31.859285
1781700761,phi3:mini,34.0,4870,497.96,16.54,.052212,31.548473
1781700793,phi3:mini,36.0,4872,464.74,16.96,.055944,25.815544
1781700819,phi3:mini,34.0,4867,508.32,16.74,.051148,27.106303
1781700846,phi3:mini,34.0,4867,479.84,17.66,.054184,15.398039
1781700862,phi3:mini,34.0,4870,519.23,19.37,.050073,4.439329
1781700866,phi3:mini,34.0,4873,550.46,18.29,.047232,10.223614
1781700877,phi3:mini,36.0,4870,515.36,18.55,.050449,11.749898
1781700889,phi3:mini,34.0,4873,479.79,15.35,.054189,52.045130
1781700941,phi3:mini,33.0,4871,474.15,18.22,.054834,12.507774
1781700954,phi3:mini,31.0,4870,493.98,16.81,.052633,26.279092
1781700980,phi3:mini,34.0,4865,440.73,17.03,.058992,24.186802
1781701004,phi3:mini,34.0,4862,468.85,17.51,.055454,18.551643
1781701023,phi3:mini,34.0,4865,475.75,17.60,.054649,18.465719
1781701042,phi3:mini,33.0,4869,476.17,17.15,.054601,20.514120
1781701063,phi3:mini,33.0,4869,455.90,17.87,.057029,14.320241
1781701077,phi3:mini,30.0,4866,487.59,17.45,.053323,20.341378
1781701098,phi3:mini,34.0,4868,481.15,18.12,.054036,14.509418
1781701112,phi3:mini,34.0,4869,462.73,17.34,.056188,20.703012
1781701133,phi3:mini,33.0,4869,459.74,16.65,.056553,27.501819
1781701161,phi3:mini,33.0,4874,497.73,17.78,.052236,14.677026
1781701176,phi3:mini,34.0,4872,484.20,17.90,.053695,14.017551
1781701190,phi3:mini,31.0,4863,525.54,17.79,.049472,15.730622
1781701206,phi3:mini,34.0,4863,471.69,18.36,.055120,10.401927
1781701216,phi3:mini,34.0,4867,480.81,18.35,.054074,15.258531
1781701232,phi3:mini,36.0,4895,480.51,17.20,.054108,26.037064
1781701258,phi3:mini,34.0,4903,519.88,17.36,.050011,22.855902
1781701281,phi3:mini,34.0,4905,502.68,20.23,.051722,1.433426
1781701283,phi3:mini,34.0,4906,447.11,18.91,.058150,5.762481
1781701289,phi3:mini,34.0,4904,536.56,18.57,.048456,12.434297
1781701301,phi3:mini,34.0,4899,416.52,16.88,.062421,26.770054
1781701328,phi3:mini,32.0,4892,483.99,18.34,.053719,11.936084
1781701340,phi3:mini,34.0,4901,481.94,19.56,.053948,3.424298
1781701344,phi3:mini,34.0,4899,463.86,17.37,.056050,20.954464
1781701365,phi3:mini,34.0,4883,461.90,19.64,.056288,3.054698
1781701368,phi3:mini,34.0,4883,503.78,18.20,.051609,12.250708
1781701381,phi3:mini,33.0,4880,519.30,16.24,.050067,39.329513
1781701420,phi3:mini,36.0,4878,558.35,17.86,.046565,16.009095
1781701436,phi3:mini,33.0,4882,497.29,17.77,.052282,15.805671
1781701452,phi3:mini,34.0,4883,492.26,17.63,.052816,18.033292
1781701471,phi3:mini,34.0,4877,469.70,16.29,.055353,34.926188
1781701506,phi3:mini,34.0,4885,486.22,18.15,.053472,15.035796
1781701521,phi3:mini,31.0,4887,492.51,17.96,.052789,12.131927
1781701533,phi3:mini,34.0,4884,571.07,16.06,.045528,37.857201
1781701571,phi3:mini,34.0,4880,509.69,18.20,.051010,15.053522
1781701587,phi3:mini,34.0,4888,526.68,17.42,.049365,21.290280
1781701608,phi3:mini,34.0,4885,459.82,19.51,.056543,4.611257
1781701613,phi3:mini,34.0,4885,446.78,18.84,.058193,7.427124
1781701620,phi3:mini,36.0,4885,475.63,16.53,.054663,31.698699
1781701652,phi3:mini,34.0,4884,475.28,17.61,.054704,19.410106
1781701672,phi3:mini,34.0,4882,506.30,18.40,.051352,10.484125
1781701683,phi3:mini,34.0,4884,471.90,19.89,.055095,2.261891
1781701685,phi3:mini,34.0,4885,532.75,17.54,.048803,20.807386
1781701706,phi3:mini,34.0,4879,500.90,17.15,.051905,25.245607
1781701731,phi3:mini,34.0,4877,481.38,19.09,.054010,5.759979
1781701737,phi3:mini,34.0,4874,473.90,20.99,.054863,.762173
1781701738,phi3:mini,34.0,4869,499.13,18.09,.052090,15.473112
1781701754,phi3:mini,33.0,4876,496.39,18.41,.052377,11.514970
1781701766,phi3:mini,34.0,4876,498.04,18.09,.052204,12.818441
1781701779,phi3:mini,34.0,4877,472.76,17.52,.054995,20.766828
1781701800,phi3:mini,34.0,4879,473.44,19.36,.054917,4.235287
1781701804,phi3:mini,34.0,4881,511.56,17.60,.050824,17.722695
1781701822,phi3:mini,36.0,4881,487.89,18.44,.053289,11.820803
1781701834,phi3:mini,34.0,4876,520.15,17.77,.049985,16.315382
1781701850,phi3:mini,34.0,4880,477.65,17.60,.054432,18.573919
1781701869,phi3:mini,34.0,4879,439.06,17.54,.059217,17.782294
1781701887,phi3:mini,34.0,4872,513.08,16.30,.050673,34.896699
1781701922,phi3:mini,30.0,4874,499.40,17.67,.052062,17.650260
1781701940,phi3:mini,34.0,4875,510.59,16.58,.050921,27.125384
1781701967,phi3:mini,32.0,4876,477.27,16.73,.054476,26.657448
1781701994,phi3:mini,33.0,4881,501.11,17.06,.051884,26.493838
1781702021,phi3:mini,34.0,4884,525.56,18.66,.049470,8.786470
1781702030,phi3:mini,34.0,4877,493.72,17.51,.052660,18.387110
1781702048,phi3:mini,34.0,4878,501.42,17.92,.051852,19.075806
1781702068,phi3:mini,34.0,4873,524.09,16.57,.049609,31.742130
1781702100,phi3:mini,34.0,4882,482.51,18.25,.053884,14.572358
1781702114,phi3:mini,33.0,4877,452.52,19.28,.057455,4.821809
1781702119,phi3:mini,34.0,4875,551.13,14.69,.047175,65.268800
1781702185,phi3:mini,33.0,4878,507.15,18.38,.051266,11.365235
1781702196,phi3:mini,34.0,4874,491.83,18.06,.052863,12.897652
1781702209,phi3:mini,34.0,4879,497.19,16.12,.052292,37.957473
1781702248,phi3:mini,34.0,4878,487.38,16.81,.053345,26.047627
1781702274,phi3:mini,33.0,4877,540.08,16.90,.048140,26.262616
1781702300,phi3:mini,33.0,4878,516.30,16.94,.050358,25.198194
1781702326,phi3:mini,34.0,4882,463.43,18.47,.056102,10.339223
1781702336,phi3:mini,34.0,4885,499.48,17.77,.052053,18.284033
1781702355,phi3:mini,34.0,4885,437.95,16.11,.059366,35.380799
1781702390,phi3:mini,34.0,4882,459.57,17.93,.056574,15.723478
1781702406,phi3:mini,34.0,4881,513.35,18.96,.050647,8.594648
1781702415,phi3:mini,34.0,4884,554.60,17.49,.046880,24.754024
1781702440,phi3:mini,34.0,4882,490.82,17.88,.052971,16.210779
1781702456,phi3:mini,34.0,4881,501.60,18.53,.051833,11.330476
1781702468,phi3:mini,34.0,4872,496.33,17.50,.052384,20.963108
1781702489,phi3:mini,33.0,4880,495.49,18.28,.052472,11.482067
1781702501,phi3:mini,34.0,4883,531.35,17.33,.048931,18.570793
1781702519,phi3:mini,34.0,4882,483.35,18.48,.053790,9.572801
1781702529,phi3:mini,34.0,4876,488.97,17.75,.053172,16.053372
1781702545,phi3:mini,34.0,4882,464.30,18.23,.055997,11.902272
1781702558,phi3:mini,34.0,4880,533.38,15.47,.048745,47.485669
1781702605,phi3:mini,34.0,4879,471.31,17.25,.055164,21.383710
1781702627,phi3:mini,33.0,4878,503.43,15.32,.051645,47.381365
1781702674,phi3:mini,33.0,4883,484.79,16.75,.053630,25.241945
1781702700,phi3:mini,34.0,4879,533.93,17.55,.048695,19.252863
1781702719,phi3:mini,34.0,4879,503.05,16.21,.051684,36.391344
1781702756,phi3:mini,34.0,4881,509.50,16.50,.051030,31.683444
1781702788,phi3:mini,34.0,4882,522.81,17.00,.049731,25.633201
1781702814,phi3:mini,34.0,4882,504.96,17.16,.051488,22.424321
1781702836,phi3:mini,31.0,4878,468.86,17.13,.055452,19.545178
1781702856,phi3:mini,34.0,4872,464.66,17.98,.055954,14.230622
1781702870,phi3:mini,33.0,4874,504.01,17.07,.051585,25.121276
1781702896,phi3:mini,34.0,4875,491.69,17.01,.052878,25.443004
1781702921,phi3:mini,34.0,4878,542.08,18.32,.047962,13.973095
1781702935,phi3:mini,36.0,4883,495.19,17.55,.052504,20.045719
1781702956,phi3:mini,34.0,4876,490.60,18.08,.052996,13.217056
1781702969,phi3:mini,34.0,4874,503.36,19.51,.051652,2.665127
1781702972,phi3:mini,34.0,4877,485.10,19.17,.053597,5.738029
1781702978,phi3:mini,34.0,4873,472.54,19.13,.055020,5.854554
1781702984,phi3:mini,34.0,4877,542.71,18.55,.047906,7.652102
1781702992,phi3:mini,34.0,4871,475.78,16.34,.054646,30.654985
1781703023,phi3:mini,33.0,4875,532.54,17.80,.048822,15.335201
1781703038,phi3:mini,30.0,4872,530.39,17.83,.049020,15.756014
1781703054,phi3:mini,34.0,4877,483.73,17.53,.053748,21.049592
1781703075,phi3:mini,36.0,4876,504.01,18.79,.051586,11.543649
1781703087,phi3:mini,34.0,4875,507.55,18.64,.051226,11.639363
1781703099,phi3:mini,33.0,4875,536.12,17.31,.048495,21.426558
1781703120,phi3:mini,34.0,4872,532.04,17.05,.048868,26.918155
1781703148,phi3:mini,34.0,4868,506.45,17.26,.051337,20.735045
1781703168,phi3:mini,34.0,4872,488.26,18.09,.053249,12.105537
1781703181,phi3:mini,34.0,4865,454.47,17.34,.057208,20.292769
1781703201,phi3:mini,34.0,4868,483.75,18.01,.053746,14.318909
1781703216,phi3:mini,34.0,4869,503.04,17.19,.051685,21.172004
1781703237,phi3:mini,36.0,4868,503.01,17.74,.051688,18.311214
1781703256,phi3:mini,34.0,4873,502.91,17.50,.051698,19.249736
1781703275,phi3:mini,34.0,4877,502.51,17.62,.051739,14.754997
1781703290,phi3:mini,34.0,4874,436.53,19.91,.059559,3.013160
1781703293,phi3:mini,34.0,4876,457.90,17.82,.056780,17.451216
1781703311,phi3:mini,34.0,4868,470.46,19.22,.055264,5.253421
1781703316,phi3:mini,34.0,4869,488.82,17.31,.053188,21.132881
1781703338,phi3:mini,33.0,4864,488.48,17.95,.053225,13.697548
1781703351,phi3:mini,34.0,4867,505.87,17.33,.051395,21.857300
1781703373,phi3:mini,34.0,4866,504.70,18.30,.051514,13.053309
1781703387,phi3:mini,34.0,4867,497.91,17.58,.052217,18.597742
1781703405,phi3:mini,34.0,4866,523.64,17.77,.049652,19.920455
1781703426,phi3:mini,34.0,4864,502.45,17.84,.051746,17.311483
1781703443,phi3:mini,34.0,4860,423.92,17.13,.061332,21.651408
1781703465,phi3:mini,34.0,4859,454.46,16.34,.057210,35.973303
1781703501,phi3:mini,34.0,4868,532.19,13.70,.048853,96.074209
1781703597,phi3:mini,33.0,4870,549.12,19.34,.047348,5.582828
1781703603,phi3:mini,34.0,4869,532.28,18.68,.048846,13.115074
1781703617,phi3:mini,34.0,4868,506.82,17.00,.051300,28.395750
1781703645,phi3:mini,34.0,4869,540.86,18.05,.048071,14.179392
1781703659,phi3:mini,33.0,4870,470.14,16.54,.055301,28.645014
1781703688,phi3:mini,34.0,4860,521.39,17.04,.049865,24.639772
1781703713,phi3:mini,36.0,4866,523.04,17.30,.049708,23.057891
1781703736,phi3:mini,34.0,4868,473.21,15.49,.054943,49.570105
1781703786,phi3:mini,36.0,4861,507.07,17.86,.051274,15.838349
1781703802,phi3:mini,31.0,4864,449.43,17.65,.057849,15.517083
1781703818,phi3:mini,34.0,4866,510.79,16.96,.050900,26.109453
1781703844,phi3:mini,34.0,4867,487.79,17.42,.053301,20.026331
1781703864,phi3:mini,34.0,4870,472.90,17.13,.054979,25.325343
1781703890,phi3:mini,36.0,4873,496.62,16.24,.052353,39.959523
1781703930,phi3:mini,36.0,4870,482.95,16.71,.053835,27.871379
1781703958,phi3:mini,34.0,4870,484.33,17.61,.053682,17.883510
1781703976,phi3:mini,36.0,4871,442.06,16.11,.058814,35.117786
1781704012,phi3:mini,34.0,4881,454.66,17.32,.057184,20.262295
1781704032,phi3:mini,31.0,4875,488.10,15.99,.053267,37.625289
1781704070,phi3:mini,34.0,4871,473.73,17.42,.054883,19.340702
1781704089,phi3:mini,34.0,4870,448.71,15.97,.057942,39.630046
1781704129,phi3:mini,34.0,4878,465.52,16.20,.055850,35.674537
1781704165,phi3:mini,33.0,4885,480.99,18.10,.054055,13.694721
1781704179,phi3:mini,34.0,4879,476.01,17.76,.054620,15.251722
1781704195,phi3:mini,34.0,4873,492.43,19.84,.052799,2.570529
1781704197,phi3:mini,36.0,4873,540.13,18.10,.048135,15.847684
1781704213,phi3:mini,34.0,4874,512.76,17.64,.050705,15.929281
1781704229,phi3:mini,34.0,4875,515.74,16.97,.050412,25.560395
1781704255,phi3:mini,34.0,4877,533.65,18.09,.048720,17.465747
1781704273,phi3:mini,34.0,4869,455.39,17.78,.057093,16.140359
1781704289,phi3:mini,33.0,4871,466.92,19.61,.055683,3.416313
1781704293,phi3:mini,36.0,4870,473.36,17.64,.054926,16.943307
1781704310,phi3:mini,31.0,4870,441.17,17.59,.058933,19.611530
1781704330,phi3:mini,34.0,4872,456.28,19.53,.056981,3.480201
1781704333,phi3:mini,34.0,4872,462.85,17.58,.056173,19.956480
1781704353,phi3:mini,36.0,4878,455.43,17.36,.057088,18.711181
1781704372,phi3:mini,34.0,4883,515.80,17.28,.050406,20.070558
1781704393,phi3:mini,36.0,4880,534.90,17.76,.048606,16.492120
1781704409,phi3:mini,36.0,4884,477.24,19.14,.054479,4.962747
1781704414,phi3:mini,34.0,4874,468.39,18.03,.055508,12.527741
1781704427,phi3:mini,37.0,4876,511.51,18.53,.050829,8.848936
1781704436,phi3:mini,36.0,4880,465.22,17.00,.055886,25.574894
1781704462,phi3:mini,30.0,4874,461.99,16.83,.056277,31.893164
1781704494,phi3:mini,34.0,4876,486.72,18.01,.053418,17.266677
1781704512,phi3:mini,36.0,4873,484.79,16.91,.053631,26.655651
1781704538,phi3:mini,34.0,4870,539.23,18.21,.048216,12.080928
1781704551,phi3:mini,36.0,4873,467.45,19.17,.055620,4.536833
1781704555,phi3:mini,37.0,4877,500.01,18.64,.051998,7.347326
1781704563,phi3:mini,36.0,4875,553.33,20.39,.046987,2.206289
1781704565,phi3:mini,36.0,4873,454.10,17.19,.057254,22.565433
1781704588,phi3:mini,36.0,4874,540.28,17.45,.048123,18.562865
1781704607,phi3:mini,36.0,4875,461.67,17.77,.056316,15.078509
1781704622,phi3:mini,34.0,4868,482.72,18.33,.053860,8.564436
1781704631,phi3:mini,36.0,4874,477.10,18.93,.054494,5.916349
1781704637,phi3:mini,34.0,4870,547.97,18.68,.047447,7.493807
1781704645,phi3:mini,34.0,4866,482.74,19.40,.053858,4.174266
1781704649,phi3:mini,36.0,4863,513.22,18.71,.050660,6.037523
1781704655,phi3:mini,33.0,4863,464.57,17.08,.055965,21.829395
1781704677,phi3:mini,34.0,4865,499.72,17.38,.052028,22.313269
1781704700,phi3:mini,36.0,4865,484.97,17.28,.053610,21.056972
1781704721,phi3:mini,36.0,4864,472.65,17.03,.055008,25.474338
1781704747,phi3:mini,34.0,4871,469.54,19.31,.055372,7.353443
1781704754,phi3:mini,34.0,4869,502.57,16.33,.051733,35.688582
1781704790,phi3:mini,33.0,4866,471.84,18.49,.055102,12.600422
1781704803,phi3:mini,36.0,4869,539.20,18.62,.048219,10.199297
1781704813,phi3:mini,34.0,4871,547.62,18.15,.047477,12.065843
1781704825,phi3:mini,34.0,4874,516.81,17.51,.050308,18.325163
1781704844,phi3:mini,34.0,4882,499.96,16.43,.052003,29.148090
1781704873,phi3:mini,34.0,4878,471.19,18.24,.055178,11.233457
1781704885,phi3:mini,36.0,4877,477.60,17.67,.054438,18.273039
1781704903,phi3:mini,36.0,4868,480.67,17.88,.054090,18.176515
1781704921,phi3:mini,36.0,4877,510.14,17.79,.050965,15.113947
1781704937,phi3:mini,34.0,4880,476.40,17.48,.054575,19.162257
1781704956,phi3:mini,37.0,4882,553.62,17.88,.046962,15.655215
1781704972,phi3:mini,36.0,4879,467.79,16.07,.055580,37.749188
1781705010,phi3:mini,34.0,4875,487.25,17.89,.053359,13.302601
1781705023,phi3:mini,34.0,4880,494.52,19.00,.052575,6.051138
1781705030,phi3:mini,34.0,4878,516.94,17.04,.050295,26.523321
1781705056,phi3:mini,33.0,4876,532.46,18.11,.048829,13.085386
1781705070,phi3:mini,34.0,4873,440.50,16.97,.059022,25.560894
1781705095,phi3:mini,34.0,4870,463.94,18.45,.056040,9.212976
1781705105,phi3:mini,36.0,4869,449.94,15.95,.057784,40.120149
1781705145,phi3:mini,34.0,4881,493.88,19.94,.052643,2.557049
1781705148,phi3:mini,34.0,4879,492.03,17.16,.052841,25.399392
1781705173,phi3:mini,33.0,4881,482.21,17.35,.053918,21.200661
1781705195,phi3:mini,34.0,4883,466.83,17.19,.055693,21.865415
1781705217,phi3:mini,34.0,4883,427.93,17.00,.060756,22.759930
1781705240,phi3:mini,34.0,4877,520.40,17.77,.049961,15.924638
1781705256,phi3:mini,34.0,4876,472.68,18.35,.055004,10.461143
1781705266,phi3:mini,36.0,4873,502.93,16.58,.051697,32.260001
1781705299,phi3:mini,36.0,4874,495.21,18.65,.052502,11.684203
1781705311,phi3:mini,37.0,4878,502.01,18.72,.051791,6.570465
1781705318,phi3:mini,36.0,4876,502.30,16.71,.051761,27.404150
1781705345,phi3:mini,34.0,4870,471.13,17.66,.055185,16.586779
1781705362,phi3:mini,34.0,4874,477.99,18.23,.054393,14.803279
1781705377,phi3:mini,34.0,4871,452.13,18.09,.057505,12.544613
1781705390,phi3:mini,34.0,4871,502.87,18.32,.051703,11.952607
1781705402,phi3:mini,34.0,4878,516.06,17.62,.050381,19.463159
1781705421,phi3:mini,33.0,4868,526.01,20.40,.049428,1.469978
1781705423,phi3:mini,34.0,4865,476.22,17.09,.054595,28.954387
1781705452,phi3:mini,34.0,4871,504.51,17.78,.051534,19.676987
1781705472,phi3:mini,33.0,4872,537.52,18.06,.048369,15.441564
1781705488,phi3:mini,34.0,4866,519.21,18.83,.050076,10.084992
1781705498,phi3:mini,34.0,4866,537.03,17.19,.048413,22.102707
1781705520,phi3:mini,34.0,4870,504.01,17.25,.051585,19.468077
1781705540,phi3:mini,30.0,4870,500.27,18.41,.051971,7.494925
1781705548,phi3:mini,34.0,4869,493.06,17.43,.052731,19.678624
1781705567,phi3:mini,34.0,4873,540.91,17.95,.048066,13.815442
1781705581,phi3:mini,36.0,4870,437.07,18.97,.059486,9.011070
1781705591,phi3:mini,36.0,4868,504.83,18.88,.051502,6.458525
1781705597,phi3:mini,34.0,4870,523.68,19.58,.049647,3.471334
1781705601,phi3:mini,36.0,4870,473.41,17.10,.054919,25.489465
1781705627,phi3:mini,34.0,4874,478.43,15.74,.054344,41.591857
1781705668,phi3:mini,34.0,4875,461.44,17.88,.056344,13.758145
1781705682,phi3:mini,34.0,4879,500.17,16.97,.051981,24.277095
1781705707,phi3:mini,33.0,4877,459.44,18.49,.056590,10.542354
1781705718,phi3:mini,34.0,4877,498.71,17.59,.052133,15.916444
1781705734,phi3:mini,34.0,4877,523.44,17.50,.049670,18.676163
1781705753,phi3:mini,34.0,4865,455.82,18.20,.057039,10.545208
1781705763,phi3:mini,34.0,4870,502.59,19.34,.051731,4.859670
1781705768,phi3:mini,36.0,4862,492.15,15.53,.052829,47.689943
1781705816,phi3:mini,33.0,4870,493.43,18.36,.052691,11.868365
1781705828,phi3:mini,36.0,4867,454.52,19.65,.057202,2.595075
1781705831,phi3:mini,34.0,4870,497.49,19.87,.052262,3.018852
1781705834,phi3:mini,34.0,4866,481.17,17.23,.054033,19.262546
1781705854,phi3:mini,33.0,4871,427.97,17.84,.060751,14.626305
1781705868,phi3:mini,34.0,4869,478.37,17.45,.054350,18.451750
1781705887,phi3:mini,34.0,4871,502.68,17.32,.051722,21.121070
1781705908,phi3:mini,33.0,4873,471.30,17.29,.055166,19.711300
1781705928,phi3:mini,34.0,4874,474.69,17.85,.054771,16.019394
1781705944,phi3:mini,34.0,4874,490.83,16.69,.052970,30.240418
1781705975,phi3:mini,34.0,4878,513.18,18.25,.050663,9.585522
1781705985,phi3:mini,34.0,4875,533.98,17.38,.048690,19.611697
1781706004,phi3:mini,34.0,4876,551.61,17.73,.047134,16.690205
1781706021,phi3:mini,34.0,4870,483.85,17.18,.053734,21.302143
1781706043,phi3:mini,34.0,4878,545.39,17.90,.047671,14.524888
1781706057,phi3:mini,34.0,4879,482.71,19.04,.053861,6.720129
1781706064,phi3:mini,33.0,4874,492.50,18.32,.052791,9.657223
1781706074,phi3:mini,34.0,4875,467.60,16.64,.055602,29.566842
1781706104,phi3:mini,31.0,4879,507.12,16.24,.051268,34.481156
1781706139,phi3:mini,34.0,4881,453.14,19.68,.057376,3.403065
1781706142,phi3:mini,34.0,4874,477.09,17.70,.054496,21.184986
1781706164,phi3:mini,34.0,4876,555.65,18.31,.046791,17.034344
1781706181,phi3:mini,34.0,4878,486.74,17.79,.053416,18.540719
1781706200,phi3:mini,34.0,4879,440.92,17.54,.058967,18.642352
1781706218,phi3:mini,34.0,4864,442.04,16.45,.058817,32.936533
1781706252,phi3:mini,34.0,4872,487.90,16.65,.053288,27.077093
1781706279,phi3:mini,33.0,4871,461.70,18.56,.056312,7.002939
1781706286,phi3:mini,31.0,4874,514.77,17.91,.050507,18.256602
1781706304,phi3:mini,36.0,4871,524.19,18.38,.049600,12.890132
1781706317,phi3:mini,36.0,4869,493.80,18.14,.052651,12.014741
1781706330,phi3:mini,36.0,4868,505.24,18.22,.051459,12.784265
1781706343,phi3:mini,34.0,4873,449.13,18.41,.057888,9.175595
1781706352,phi3:mini,34.0,4873,470.22,20.28,.055293,1.479018
1781706354,phi3:mini,34.0,4868,459.70,17.80,.056557,14.991749
1781706369,phi3:mini,34.0,4870,497.22,15.38,.052289,45.038226
1781706414,phi3:mini,34.0,4874,492.59,17.83,.052781,13.568439
1781706428,phi3:mini,34.0,4877,493.92,15.86,.052639,38.581502
1781706467,phi3:mini,34.0,4874,550.44,15.92,.047234,37.800883
1781706505,phi3:mini,36.0,4878,501.38,16.89,.051856,24.685718
1781706529,phi3:mini,34.0,4880,510.05,19.14,.050975,6.007785
1781706536,phi3:mini,36.0,4879,449.57,16.68,.057831,26.305056
1781706562,phi3:mini,34.0,4882,516.55,16.77,.050333,26.289411
1781706589,phi3:mini,36.0,4879,483.20,18.91,.053807,7.347644
1781706596,phi3:mini,36.0,4875,482.57,16.89,.053877,25.208778
1781706622,phi3:mini,34.0,4872,483.83,18.28,.053737,11.868194
1781706634,phi3:mini,36.0,4877,490.76,17.18,.052978,21.641594
1781706655,phi3:mini,31.0,4879,489.92,19.63,.053069,4.073582
1781706660,phi3:mini,34.0,4876,446.58,16.58,.058219,29.961517
1781706690,phi3:mini,36.0,4882,440.47,16.71,.059026,32.187639
1781706722,phi3:mini,34.0,4884,519.20,18.70,.050076,8.663026
1781706731,phi3:mini,36.0,4881,458.50,20.60,.056706,1.116389
1781706732,phi3:mini,36.0,4881,492.69,18.61,.052770,9.668118
1781706742,phi3:mini,34.0,4880,505.35,16.46,.051449,32.441001
1781706775,phi3:mini,36.0,4887,484.89,18.85,.053619,5.729437
1781706781,phi3:mini,34.0,4884,479.55,15.97,.054217,35.813892
1781706817,phi3:mini,33.0,4886,459.00,17.21,.056643,21.835556
1781706839,phi3:mini,34.0,4881,452.53,17.80,.057454,15.781018
1781706855,phi3:mini,34.0,4880,513.20,19.62,.050662,3.771194
1781706859,phi3:mini,34.0,4880,511.20,18.58,.050860,10.762482
1781706870,phi3:mini,34.0,4874,478.26,17.12,.054363,21.486988
1781706891,phi3:mini,33.0,4880,544.31,20.42,.047766,3.280823
1781706895,phi3:mini,34.0,4880,518.75,19.94,.050119,2.206035
1781706897,phi3:mini,36.0,4873,522.82,16.74,.049730,25.732963
1781706923,phi3:mini,34.0,4870,463.89,17.54,.056046,17.951190
1781706941,phi3:mini,34.0,4870,514.93,16.72,.050492,26.192460
1781706968,phi3:mini,34.0,4871,527.07,14.50,.049328,68.804225
1781707037,phi3:mini,34.0,4876,467.61,18.29,.055601,12.954655
1781707050,phi3:mini,33.0,4878,445.63,17.91,.058343,15.012732
1781707065,phi3:mini,34.0,4879,498.03,17.45,.052204,17.698200
1781707083,phi3:mini,34.0,4869,436.25,19.19,.059598,4.166782
1781707087,phi3:mini,34.0,4870,493.81,19.01,.052651,5.891141
1781707093,phi3:mini,34.0,4871,517.88,17.71,.050203,15.632941
1781707109,phi3:mini,34.0,4869,492.56,15.63,.052784,44.080866
1781707153,phi3:mini,36.0,4869,510.03,17.73,.050977,17.370942
1781707171,phi3:mini,34.0,4870,488.08,17.85,.053269,16.241408
1781707187,phi3:mini,34.0,4866,469.76,17.70,.055346,14.851560
1781707202,phi3:mini,36.0,4861,463.21,15.54,.056129,44.001435
1781707247,phi3:mini,31.0,4862,486.36,17.87,.053457,16.670942
1781707263,phi3:mini,34.0,4864,468.56,17.01,.055488,22.860170
1781707286,phi3:mini,34.0,4871,473.40,17.56,.054920,17.938256
1781707305,phi3:mini,34.0,4874,489.58,17.71,.053105,17.891005
1781707323,phi3:mini,34.0,4874,493.25,17.93,.052711,13.998062
1781707337,phi3:mini,34.0,4871,471.00,17.39,.055201,20.232672
1781707357,phi3:mini,36.0,4872,458.04,17.96,.056763,12.190072
1781707370,phi3:mini,36.0,4871,500.59,15.90,.051937,44.524713
1781707414,phi3:mini,34.0,4865,540.28,17.84,.048122,17.932327
1781707432,phi3:mini,31.0,4869,531.97,19.66,.048874,4.779182
1781707437,phi3:mini,37.0,4864,458.36,15.81,.056723,40.411254
1781707478,phi3:mini,34.0,4866,478.80,17.71,.054301,17.439972
1781707496,phi3:mini,34.0,4871,527.48,16.89,.049290,27.167750
1781707523,phi3:mini,36.0,4863,466.55,17.24,.055727,22.323031
1781707546,phi3:mini,34.0,4871,472.11,17.23,.055071,25.246080
1781707571,phi3:mini,36.0,4874,456.97,17.69,.056896,21.984248
1781707593,phi3:mini,36.0,4868,488.05,20.20,.053272,2.969554
1781707596,phi3:mini,37.0,4871,530.97,18.02,.048966,17.142422
1781707614,phi3:mini,34.0,4872,477.17,18.20,.054487,13.955816
1781707628,phi3:mini,34.0,4877,552.82,17.75,.047030,18.358377
1781707646,phi3:mini,34.0,4881,548.10,18.78,.047436,6.175107
1781707653,phi3:mini,37.0,4876,536.26,17.46,.048483,17.694638
1781707670,phi3:mini,33.0,4876,497.08,16.65,.052305,29.178252
1781707700,phi3:mini,34.0,4880,438.61,17.94,.059277,13.094737
1781707713,phi3:mini,31.0,4880,542.92,21.14,.047888,1.040482
1781707714,phi3:mini,36.0,4878,552.08,19.21,.047094,3.539358
1781707718,phi3:mini,34.0,4875,507.75,17.20,.051205,20.809545
1781707739,phi3:mini,36.0,4876,519.58,17.22,.050040,20.436346
1781707760,phi3:mini,36.0,4881,492.55,16.90,.052785,24.555493
1781707784,phi3:mini,34.0,4879,487.99,18.34,.053279,10.410738
1781707795,phi3:mini,36.0,4875,492.01,19.65,.052844,3.765172
1781707799,phi3:mini,36.0,4875,493.61,17.85,.052672,16.410286
1781707815,phi3:mini,34.0,4876,478.83,18.25,.054298,13.587883
1781707829,phi3:mini,34.0,4878,487.99,18.84,.053279,5.040696
1781707834,phi3:mini,34.0,4876,482.18,15.88,.053921,41.302642
1781707876,phi3:mini,34.0,4877,524.01,18.03,.049616,12.976109
1781707889,phi3:mini,34.0,4877,468.16,16.81,.055535,26.100595
1781707915,phi3:mini,34.0,4870,492.31,20.33,.052811,1.819771
1781707917,phi3:mini,36.0,4871,521.07,17.71,.049897,15.017267
1781707933,phi3:mini,34.0,4874,490.95,19.36,.052958,5.681761
1781707938,phi3:mini,34.0,4873,536.79,18.07,.048435,14.159886
1781707953,phi3:mini,34.0,4876,517.93,18.35,.050199,11.877299
1781707965,phi3:mini,34.0,4876,479.04,17.56,.054274,17.139261
1781707982,phi3:mini,33.0,4873,522.05,17.24,.049802,22.215022
1781708005,phi3:mini,34.0,4874,482.65,17.61,.053869,15.955039
1781708021,phi3:mini,36.0,4868,493.49,18.50,.052685,10.269462
1781708031,phi3:mini,34.0,4870,474.13,17.87,.054836,13.371596
1781708045,phi3:mini,34.0,4874,486.46,17.83,.053446,18.334006
1781708063,phi3:mini,34.0,4865,518.76,18.45,.050119,9.864356
1781708073,phi3:mini,34.0,4866,487.18,18.50,.053367,10.646497
1781708084,phi3:mini,34.0,4869,518.29,15.61,.050164,47.080646
1781708131,phi3:mini,36.0,4873,480.10,18.89,.054154,5.981648
1781708137,phi3:mini,34.0,4870,513.68,16.80,.050614,26.414807
1781708164,phi3:mini,31.0,4869,492.26,17.37,.052817,21.009681
1781708185,phi3:mini,33.0,4879,460.20,18.24,.056496,11.950206
1781708197,phi3:mini,34.0,4874,495.20,18.04,.052503,13.407203
1781708211,phi3:mini,34.0,4871,484.13,17.08,.053704,30.430734
1781708242,phi3:mini,34.0,4874,470.60,18.61,.055248,10.689657
1781708253,phi3:mini,34.0,4876,437.01,17.60,.059494,17.042501
1781708270,phi3:mini,36.0,4876,550.86,17.78,.047198,18.838226
1781708289,phi3:mini,34.0,4882,501.39,18.01,.051855,13.934504
1781708303,phi3:mini,34.0,4880,480.62,18.31,.054096,13.484443
1781708317,phi3:mini,34.0,4879,516.14,17.99,.050373,16.391327
1781708333,phi3:mini,31.0,4876,468.67,16.38,.055475,34.960777
1781708368,phi3:mini,34.0,4876,516.82,19.18,.050307,5.732372
1781708374,phi3:mini,36.0,4878,464.91,18.45,.055924,12.676375
1781708387,phi3:mini,34.0,4870,414.83,16.85,.062675,28.180094
1781708416,phi3:mini,34.0,4869,482.21,16.10,.053918,38.192378
1781708454,phi3:mini,36.0,4905,439.94,17.90,.059098,17.260463
1781708471,phi3:mini,34.0,4890,498.26,17.94,.052180,17.941152
1781708490,phi3:mini,36.0,4895,478.96,17.05,.054283,26.858813
1781708517,phi3:mini,37.0,4895,533.76,17.67,.048710,15.103981
1781708532,phi3:mini,34.0,4899,475.45,18.26,.054684,13.744780
1781708546,phi3:mini,34.0,4895,527.62,18.94,.049277,6.862693
1781708553,phi3:mini,34.0,4868,492.28,19.96,.052815,2.003037
1781708555,phi3:mini,36.0,4873,480.48,17.48,.054112,20.706335
1781708576,phi3:mini,34.0,4876,457.67,19.27,.056809,2.645740
1781708579,phi3:mini,36.0,4870,469.29,17.66,.055401,17.378295
1781708596,phi3:mini,36.0,4874,528.19,17.29,.049223,21.224071
1781708618,phi3:mini,36.0,4918,497.21,17.91,.052291,11.387851
1781708629,phi3:mini,34.0,4938,483.51,19.32,.053772,5.225185
1781708634,phi3:mini,37.0,4931,469.99,18.10,.055319,11.378530
1781708646,phi3:mini,36.0,4900,458.86,16.21,.056661,35.217545
1781708681,phi3:mini,36.0,4887,531.62,18.32,.048907,11.407120
1781708693,phi3:mini,34.0,4888,511.72,17.47,.050808,20.140420
1781708713,phi3:mini,36.0,4882,511.33,18.35,.050847,11.934414
1781708726,phi3:mini,34.0,4889,522.67,17.84,.049743,20.345925
1781708746,phi3:mini,37.0,4887,514.39,16.31,.050544,38.069309
1781708784,phi3:mini,33.0,4888,510.60,16.83,.050919,27.802896
1781708812,phi3:mini,34.0,4889,480.80,17.46,.054075,19.350081
1781708832,phi3:mini,36.0,4881,482.13,18.33,.053926,11.832651
1781708844,phi3:mini,36.0,4883,486.31,16.90,.053462,25.264334
1781708869,phi3:mini,34.0,4883,490.89,19.92,.052964,2.960655
1781708873,phi3:mini,34.0,4879,496.46,17.90,.052370,19.608404
1781708892,phi3:mini,34.0,4874,549.11,17.41,.047348,22.168339
1781708915,phi3:mini,34.0,4878,519.37,18.13,.050060,13.012332
1781708928,phi3:mini,34.0,4879,556.17,16.53,.046747,32.411480
1781708960,phi3:mini,34.0,4876,474.59,17.61,.054783,17.148071
1781708978,phi3:mini,34.0,4870,488.94,17.71,.053175,14.059596
1781708992,phi3:mini,34.0,4871,426.12,18.30,.061014,11.964296
1781709004,phi3:mini,34.0,4868,516.10,18.16,.050377,13.155994
1781709018,phi3:mini,34.0,4875,483.23,16.87,.053804,27.205012
1781709045,phi3:mini,31.0,4880,489.92,17.71,.053069,18.515676
1781709064,phi3:mini,33.0,4872,473.58,17.05,.054900,24.922714
1781709089,phi3:mini,34.0,4885,478.97,17.06,.054282,23.325695
1781709112,phi3:mini,34.0,4876,470.30,19.33,.055283,3.050768
1781709116,phi3:mini,34.0,4878,532.08,17.67,.048864,15.107168
1781709131,phi3:mini,34.0,4872,499.86,17.90,.052013,15.024434
1781709146,phi3:mini,36.0,4872,513.48,15.99,.050634,38.068785
1781709184,phi3:mini,34.0,4871,504.30,18.28,.051555,11.922031
1781709196,phi3:mini,33.0,4870,451.06,16.33,.057641,33.055611
1781709230,phi3:mini,34.0,4876,480.02,17.47,.054163,20.543275
1781709250,phi3:mini,37.0,4877,459.85,14.64,.056539,69.449947
1781709320,phi3:mini,33.0,4876,443.42,17.33,.058634,23.768534
1781709344,phi3:mini,34.0,4876,457.22,18.99,.056864,6.421392
1781709351,phi3:mini,36.0,4877,470.36,16.59,.055276,33.869661
1781709385,phi3:mini,33.0,4881,477.93,17.92,.054400,16.014427
1781709401,phi3:mini,36.0,4881,496.01,20.06,.052418,3.039657
1781709404,phi3:mini,37.0,4881,514.23,17.29,.050560,21.279679
1781709426,phi3:mini,34.0,4882,519.30,15.71,.050067,43.844046
1781709470,phi3:mini,34.0,4882,458.32,19.94,.056727,3.008746
1781709473,phi3:mini,34.0,4879,549.24,16.44,.047337,32.710308
1781709506,phi3:mini,36.0,4884,522.40,16.23,.049769,35.532258
1781709542,phi3:mini,34.0,4883,541.86,17.37,.047982,21.009651
1781709563,phi3:mini,34.0,4883,542.52,16.92,.047924,25.410114
1781709588,phi3:mini,34.0,4882,474.94,18.09,.054743,12.044773
1781709601,phi3:mini,34.0,4880,464.19,18.24,.056010,12.607654
1781709613,phi3:mini,34.0,4880,507.38,17.34,.051242,20.236304
1781709634,phi3:mini,36.0,4879,520.28,18.06,.049972,13.121845
1781709647,phi3:mini,34.0,4874,511.30,16.39,.050849,36.653954
1781709684,phi3:mini,36.0,4880,545.14,19.42,.047694,4.117452
1781709688,phi3:mini,36.0,4880,526.01,17.94,.049428,15.880155
1781709704,phi3:mini,36.0,4882,463.68,18.34,.056072,11.883114
1781709716,phi3:mini,36.0,4882,487.02,17.27,.053384,23.901134
1781709741,phi3:mini,34.0,4884,495.13,17.72,.052511,21.435285
1781709762,phi3:mini,37.0,4887,501.44,17.95,.051850,18.102885
1781709780,phi3:mini,36.0,4886,479.69,17.40,.054201,21.312464
1781709802,phi3:mini,34.0,4879,476.57,16.78,.054555,29.792832
1781709832,phi3:mini,33.0,4873,529.27,19.03,.049123,8.617343
1781709841,phi3:mini,36.0,4878,513.93,18.41,.050590,14.827134
1781709856,phi3:mini,36.0,4875,520.30,18.58,.049970,11.732224
1781709868,phi3:mini,36.0,4880,520.10,18.55,.049990,12.177266
1781709880,phi3:mini,36.0,4877,498.16,21.45,.052191,.745822
1781709881,phi3:mini,36.0,4877,463.92,19.58,.056043,4.390290
1781709885,phi3:mini,36.0,4870,532.61,17.62,.048815,17.477318
1781709903,phi3:mini,34.0,4874,529.46,16.92,.049106,24.928031
1781709928,phi3:mini,34.0,4872,480.11,20.92,.054153,.860075
1781709929,phi3:mini,34.0,4870,496.91,18.22,.052322,12.019665
1781709941,phi3:mini,34.0,4867,490.58,18.13,.052997,10.806946
1781709952,phi3:mini,34.0,4871,461.65,17.20,.056318,21.854511
1781709974,phi3:mini,34.0,4873,510.15,16.08,.050965,35.239388
1781710010,phi3:mini,34.0,4875,485.03,18.70,.053604,11.598543
1781710022,phi3:mini,34.0,4876,553.55,21.35,.046969,.842777
1781710023,phi3:mini,34.0,4876,442.00,17.73,.058823,19.734404
1781710043,phi3:mini,34.0,4876,456.43,16.56,.056963,31.875067
1781710075,phi3:mini,34.0,4875,496.70,18.13,.052345,12.905834
1781710088,phi3:mini,36.0,4870,463.62,17.52,.056079,20.765139
1781710109,phi3:mini,34.0,4880,446.73,17.60,.058199,19.251638
1781710128,phi3:mini,34.0,4873,548.00,17.93,.047445,15.559085
1781710144,phi3:mini,34.0,4879,429.99,18.99,.060465,7.372156
1781710151,phi3:mini,36.0,4885,475.42,17.05,.054687,26.439004
1781710178,phi3:mini,34.0,4884,502.99,16.95,.051690,25.121196
1781710203,phi3:mini,34.0,4883,496.35,17.56,.052382,17.475482
1781710221,phi3:mini,34.0,4885,445.46,17.65,.058365,22.602650
1781710244,phi3:mini,34.0,4885,516.02,18.81,.050385,9.034267
1781710253,phi3:mini,37.0,4879,482.47,16.90,.053888,25.256733
1781710278,phi3:mini,34.0,4869,444.36,14.05,.058510,77.631111
1781710356,phi3:mini,33.0,4876,500.00,16.51,.051999,32.387430
1781710389,phi3:mini,33.0,4872,538.79,18.67,.048255,10.171593
1781710399,phi3:mini,34.0,4872,493.08,16.56,.052728,30.489983
1781710430,phi3:mini,34.0,4883,482.57,18.11,.053877,15.514953
1781710446,phi3:mini,34.0,4880,506.07,17.67,.051376,16.635238
1781710463,phi3:mini,34.0,4880,484.28,17.88,.053687,17.337559
1781710480,phi3:mini,34.0,4877,491.32,17.33,.052918,22.319955
1781710503,phi3:mini,34.0,4877,468.01,18.00,.055553,13.720481
1781710516,phi3:mini,34.0,4874,502.79,17.21,.051711,21.607347
1781710538,phi3:mini,36.0,4872,503.71,17.12,.051616,24.347614
1781710563,phi3:mini,36.0,4873,515.21,18.10,.050463,12.816146
1781710576,phi3:mini,34.0,4870,510.62,17.99,.050918,15.284154
1781710591,phi3:mini,36.0,4869,490.75,19.21,.052979,5.984922
1781710597,phi3:mini,34.0,4871,539.04,16.48,.048233,30.331391
1781710628,phi3:mini,36.0,4864,442.84,17.68,.058711,16.627864
1781710645,phi3:mini,34.0,4867,499.57,19.79,.052044,2.425196
1781710647,phi3:mini,34.0,4866,518.23,16.81,.050170,29.204235
1781710677,phi3:mini,34.0,4873,548.23,15.50,.047424,47.459035
1781710724,phi3:mini,33.0,4875,507.82,17.36,.051198,22.973493
1781710748,phi3:mini,34.0,4874,483.50,18.90,.053773,7.723540
1781710755,phi3:mini,36.0,4878,493.82,17.55,.052650,20.968070
1781710777,phi3:mini,34.0,4878,502.38,16.08,.051753,40.778600
1781710818,phi3:mini,34.0,4878,445.46,16.82,.058366,27.218025
1781710845,phi3:mini,34.0,4876,482.29,18.42,.053908,10.363756
1781710856,phi3:mini,34.0,4884,523.63,17.14,.049652,23.219309
1781710879,phi3:mini,34.0,4880,507.05,17.12,.051276,24.871056
1781710904,phi3:mini,33.0,4886,483.12,16.50,.053816,29.680386
1781710934,phi3:mini,34.0,4880,492.88,19.26,.052750,2.957988
1781710937,phi3:mini,34.0,4878,466.12,15.14,.055779,49.643316
1781710987,phi3:mini,34.0,4880,484.74,16.91,.053636,29.679857
1781711017,phi3:mini,34.0,4877,509.49,17.95,.051030,18.215736
1781711035,phi3:mini,34.0,4870,504.68,17.39,.051517,21.035984
1781711057,phi3:mini,34.0,4868,541.97,19.53,.047972,4.403471
1781711061,phi3:mini,34.0,4868,498.01,18.05,.052207,13.789925
1781711075,phi3:mini,36.0,4870,483.12,16.61,.053816,30.275458
1781711106,phi3:mini,34.0,4872,507.98,18.88,.051182,10.379779
1781711116,phi3:mini,34.0,4870,477.06,18.08,.054499,16.643423
1781711133,phi3:mini,34.0,4866,451.11,15.84,.057634,48.087990
1781711181,phi3:mini,33.0,4878,506.26,19.59,.051356,3.062504
1781711184,phi3:mini,34.0,4878,501.83,17.96,.051809,17.815680
1781711202,phi3:mini,36.0,4867,514.12,18.55,.050571,10.668365
1781711213,phi3:mini,36.0,4866,507.74,17.34,.051206,24.210229
1781711238,phi3:mini,34.0,4867,480.01,17.44,.054164,17.880748
1781711256,phi3:mini,36.0,4867,506.65,19.84,.051316,4.283933
1781711260,phi3:mini,36.0,4866,531.39,18.45,.048928,13.651828
1781711274,phi3:mini,34.0,4877,474.18,17.69,.054830,18.480463
1781711293,phi3:mini,34.0,4872,501.76,18.01,.051817,15.322466
1781711308,phi3:mini,34.0,4868,502.78,19.77,.051712,4.046429
1781711312,phi3:mini,34.0,4866,511.73,17.62,.050807,17.077342
1781711330,phi3:mini,34.0,4870,514.96,17.44,.050489,20.638954
1781711350,phi3:mini,34.0,4869,478.79,18.28,.054302,11.920525
1781711363,phi3:mini,34.0,4871,488.19,17.25,.053257,21.845368
1781711385,phi3:mini,36.0,4872,542.73,17.71,.047905,17.103147
1781711402,phi3:mini,34.0,4876,481.00,18.92,.054053,6.553700
1781711409,phi3:mini,36.0,4879,493.81,17.48,.052651,17.839662
1781711427,phi3:mini,34.0,4882,507.45,20.09,.051235,1.194150
1781711428,phi3:mini,37.0,4879,495.89,20.03,.052430,3.294064
1781711431,phi3:mini,37.0,4880,519.39,18.70,.050058,15.772225
1781711447,phi3:mini,36.0,4880,507.68,18.46,.051212,12.565406
1781711460,phi3:mini,34.0,4882,492.13,16.87,.052831,31.001496
1781711491,phi3:mini,34.0,4884,552.91,18.55,.047023,9.539870
1781711501,phi3:mini,36.0,4872,465.65,17.38,.055834,20.992918
1781711522,phi3:mini,36.0,4876,487.11,18.86,.053375,7.899575
1781711530,phi3:mini,34.0,4875,494.37,17.81,.052591,16.274350
1781711547,phi3:mini,33.0,4875,526.02,18.40,.049427,10.431687
1781711557,phi3:mini,36.0,4878,482.88,19.31,.053842,5.746201
1781711563,phi3:mini,34.0,4872,477.09,18.16,.054496,15.302005
1781711579,phi3:mini,34.0,4878,527.68,18.17,.049271,13.428572
1781711592,phi3:mini,36.0,4875,453.11,17.82,.057380,16.217683
1781711609,phi3:mini,36.0,4875,482.71,18.60,.053862,14.296114
1781711623,phi3:mini,34.0,4880,449.87,17.21,.057793,25.097810
1781711648,phi3:mini,36.0,4876,466.89,17.95,.055686,16.376365
1781711665,phi3:mini,34.0,4878,512.32,17.87,.050749,17.004550
1781711682,phi3:mini,36.0,4874,557.43,17.72,.046641,18.221816
1781711701,phi3:mini,34.0,4875,514.58,17.24,.050526,25.222888
1781711726,phi3:mini,34.0,4867,512.11,16.04,.050769,37.460037
1781711764,phi3:mini,36.0,4872,471.98,17.87,.055086,16.561957
1781711780,phi3:mini,33.0,4878,479.50,16.47,.054223,33.925874
1781711815,phi3:mini,34.0,4874,508.23,19.23,.051157,5.874951
1781711821,phi3:mini,36.0,4875,515.99,16.75,.050388,29.477806
1781711850,phi3:mini,34.0,4872,480.55,20.92,.054104,.860319
1781711851,phi3:mini,34.0,4873,485.07,16.55,.053600,30.377404
1781711882,phi3:mini,34.0,4875,500.67,19.68,.051929,2.439006
1781711885,phi3:mini,31.0,4872,471.75,17.38,.055113,20.995323
1781711906,phi3:mini,33.0,4876,492.38,19.38,.052804,4.901280
1781711911,phi3:mini,34.0,4869,434.99,16.44,.059770,33.149653
1781711944,phi3:mini,34.0,4876,486.12,18.15,.053484,14.815691
1781711959,phi3:mini,34.0,4876,482.11,17.97,.053928,15.633283
1781711975,phi3:mini,34.0,4873,489.21,20.95,.053146,.859008
1781711976,phi3:mini,37.0,4869,497.30,12.42,.052281,140.394756
1781712117,phi3:mini,33.0,4866,491.23,16.62,.052928,30.261204
1781712147,phi3:mini,34.0,4874,484.18,17.41,.053698,17.747123
1781712165,phi3:mini,34.0,4871,484.20,18.75,.053696,12.846684
1781712178,phi3:mini,34.0,4869,556.73,18.57,.046700,13.461880
1781712192,phi3:mini,36.0,4872,467.67,17.84,.055594,19.113565
1781712211,phi3:mini,34.0,4872,431.23,20.10,.060291,2.884653
1781712214,phi3:mini,36.0,4874,478.67,17.00,.054316,25.875616
1781712240,phi3:mini,34.0,4880,456.39,18.49,.056967,11.084835
1781712251,phi3:mini,33.0,4882,535.06,18.92,.048592,10.144715
1781712262,phi3:mini,36.0,4881,467.24,20.58,.055645,.971745
1781712263,phi3:mini,34.0,4879,533.21,18.52,.048760,10.253834
1781712273,phi3:mini,34.0,4878,484.59,19.55,.053653,2.658789
1781712276,phi3:mini,34.0,4877,476.70,19.53,.054541,4.401396
1781712281,phi3:mini,34.0,4874,493.56,18.91,.052677,7.453615
1781712288,phi3:mini,34.0,4864,538.80,17.26,.048254,21.892029
1781712310,phi3:mini,34.0,4870,529.12,16.96,.049137,26.518466
1781712337,phi3:mini,34.0,4873,518.09,16.88,.050183,24.401307
1781712362,phi3:mini,34.0,4873,523.30,17.81,.049684,14.591709
1781712377,phi3:mini,34.0,4878,494.14,18.30,.052616,13.546858
1781712390,phi3:mini,31.0,4876,476.85,17.15,.054523,20.347206
1781712411,phi3:mini,36.0,4871,494.39,18.79,.052590,7.503600
1781712418,phi3:mini,34.0,4871,530.19,17.20,.049038,22.260544
1781712441,phi3:mini,34.0,4868,531.93,17.13,.048878,24.863574
1781712466,phi3:mini,34.0,4872,498.86,18.32,.052117,10.367249
1781712476,phi3:mini,36.0,4872,449.23,18.44,.057876,15.287561
1781712492,phi3:mini,34.0,4872,471.68,18.90,.055122,7.671596
1781712500,phi3:mini,36.0,4876,536.82,13.26,.048432,108.361132
1781712608,phi3:mini,32.0,4874,488.96,17.49,.053173,20.920494
1781712630,phi3:mini,34.0,4880,460.97,17.67,.056402,15.842940
1781712646,phi3:mini,34.0,4875,503.96,18.95,.051591,4.958920
1781712651,phi3:mini,36.0,4876,474.46,17.44,.054798,18.625186
1781712669,phi3:mini,33.0,4872,514.28,17.50,.050555,20.390029
1781712690,phi3:mini,34.0,4874,521.54,18.21,.049852,11.969320
1781712702,phi3:mini,36.0,4879,503.16,17.71,.051672,20.204433
1781712723,phi3:mini,34.0,4868,500.88,19.27,.051908,6.691424
1781712729,phi3:mini,36.0,4864,480.18,17.81,.054145,19.032396
1781712749,phi3:mini,36.0,4872,549.33,15.62,.047329,49.349724
1781712798,phi3:mini,34.0,4868,511.45,18.09,.050835,13.760299
1781712812,phi3:mini,34.0,4866,469.16,17.08,.055418,25.289749
1781712838,phi3:mini,34.0,4876,444.33,20.70,.058514,.966171
1781712839,phi3:mini,34.0,4871,470.64,18.27,.055243,12.364074
1781712851,phi3:mini,36.0,4868,525.79,19.62,.049448,3.261569
1781712855,phi3:mini,34.0,4867,470.13,17.81,.055303,18.412351
1781712873,phi3:mini,33.0,4874,556.10,19.58,.046753,6.332066
1781712880,phi3:mini,36.0,4870,447.18,16.56,.058142,30.666628
1781712911,phi3:mini,34.0,4877,510.77,16.72,.050902,31.923955
1781712943,phi3:mini,34.0,4872,463.13,20.67,.056139,.967318
1781712944,phi3:mini,34.0,4871,500.11,17.63,.051988,18.603386
1781712963,phi3:mini,33.0,4877,442.34,18.16,.058777,13.378281
1781712976,phi3:mini,34.0,4875,460.28,18.27,.056486,12.478710
1781712989,phi3:mini,34.0,4872,483.93,18.10,.053726,11.875541
1781713001,phi3:mini,34.0,4867,478.42,17.19,.054345,21.345395
1781713023,phi3:mini,34.0,4867,528.46,20.15,.049199,1.339423
1781713024,phi3:mini,34.0,4866,478.84,17.77,.054297,19.797807
1781713044,phi3:mini,36.0,4865,488.59,18.32,.053214,15.338012
1781713060,phi3:mini,34.0,4869,524.49,18.40,.049571,12.276157
1781713072,phi3:mini,36.0,4865,546.86,18.52,.047544,10.309191
1781713082,phi3:mini,36.0,4874,483.73,19.33,.053748,5.223176
1781713088,phi3:mini,34.0,4873,501.95,17.24,.051797,18.843735
1781713107,phi3:mini,34.0,4870,443.65,17.19,.058603,22.678407
1781713130,phi3:mini,34.0,4860,557.71,19.78,.046618,3.386086
1781713133,phi3:mini,36.0,4858,505.11,17.50,.051473,21.420475
1781713155,phi3:mini,36.0,4867,469.30,18.98,.055401,10.323655
1781713165,phi3:mini,36.0,4869,501.65,19.01,.051828,9.730183
1781713175,phi3:mini,36.0,4861,474.34,17.43,.054812,21.387914
1781713197,phi3:mini,34.0,4863,449.19,16.39,.057881,30.928992
1781713228,phi3:mini,34.0,4865,511.97,19.72,.050783,2.281107
1781713231,phi3:mini,35.0,4861,483.12,16.75,.053816,28.527950
1781713259,phi3:mini,34.0,4863,521.24,16.75,.049880,25.776118
1781713285,phi3:mini,36.0,4869,527.57,18.22,.049282,12.344309
1781713298,phi3:mini,34.0,4871,442.48,15.68,.058758,45.259433
1781713343,phi3:mini,34.0,4868,509.43,17.41,.051036,20.437847
1781713364,phi3:mini,34.0,4872,540.49,19.11,.048103,7.795883
1781713372,phi3:mini,34.0,4943,416.18,18.45,.062472,10.351585
1781713382,phi3:mini,36.0,4915,466.90,15.17,.055686,55.807292
1781713439,phi3:mini,34.0,4865,459.02,17.04,.056641,23.170672
1781713462,phi3:mini,37.0,4859,519.61,18.41,.050036,11.405488
1781713473,phi3:mini,33.0,4858,523.66,17.77,.049649,16.481614
1781713490,phi3:mini,34.0,4862,527.90,18.74,.049251,11.735468
1781713502,phi3:mini,34.0,4859,493.84,17.81,.052648,21.549605
1781713524,phi3:mini,34.0,4861,488.42,18.16,.053232,13.819805
1781713538,phi3:mini,36.0,4867,484.14,17.29,.053703,23.818594
1781713562,phi3:mini,37.0,4865,461.43,18.06,.056345,13.226619
1781713575,phi3:mini,34.0,4871,458.74,16.04,.056676,38.464418
1781713614,phi3:mini,33.0,4873,504.18,16.79,.051568,26.260141
1781713640,phi3:mini,33.0,4869,485.20,18.66,.053585,8.037953
1781713649,phi3:mini,34.0,4864,488.82,16.89,.053189,25.275173
1781713674,phi3:mini,34.0,4870,513.72,19.37,.050611,2.632928
1781713677,phi3:mini,34.0,4869,481.74,17.91,.053970,14.010063
1781713691,phi3:mini,34.0,4867,447.87,18.81,.058051,8.027361
1781713699,phi3:mini,33.0,4864,477.21,17.93,.054482,12.768049
1781713712,phi3:mini,36.0,4868,469.24,17.73,.055408,18.045434
1781713730,phi3:mini,34.0,4871,537.89,17.37,.048336,23.655778
1781713754,phi3:mini,34.0,4869,487.04,17.06,.053383,25.439494
1781713780,phi3:mini,34.0,4873,488.55,17.96,.053217,14.972313
1781713795,phi3:mini,34.0,4864,443.73,17.35,.058593,21.094678
1781713816,phi3:mini,36.0,4872,446.54,18.50,.058224,13.511674
1781713830,phi3:mini,33.0,4869,522.82,17.92,.049729,14.728821
1781713845,phi3:mini,34.0,4861,490.93,17.00,.052960,26.173624
1781713871,phi3:mini,34.0,4864,527.62,18.14,.049277,12.068006
1781713884,phi3:mini,34.0,4862,486.20,17.58,.053474,16.493514
1781713900,phi3:mini,36.0,4865,551.34,19.29,.047157,5.234718
1781713906,phi3:mini,36.0,4870,493.50,17.02,.052683,23.854144
1781713930,phi3:mini,34.0,4858,479.43,17.90,.054230,13.127297
1781713943,phi3:mini,34.0,4872,538.38,19.02,.048292,6.675809
1781713950,phi3:mini,36.0,4873,494.45,18.08,.052583,13.212899
1781713963,phi3:mini,34.0,4876,512.11,16.00,.050769,40.369555
1781714004,phi3:mini,34.0,4873,436.68,17.25,.059539,24.807471
1781714029,phi3:mini,34.0,4870,473.73,17.96,.054882,18.149447
1781714047,phi3:mini,37.0,4870,469.11,17.15,.055423,24.428610
1781714072,phi3:mini,34.0,4869,545.04,18.08,.047702,14.710632
1781714087,phi3:mini,34.0,4876,465.42,17.53,.055862,19.387251
1781714106,phi3:mini,34.0,4871,471.08,16.86,.055191,26.032271
1781714133,phi3:mini,31.0,4875,505.04,15.41,.051480,48.329856
1781714181,phi3:mini,34.0,4881,443.34,18.07,.058645,13.170622
1781714194,phi3:mini,34.0,4877,459.95,18.41,.056527,9.177314
1781714204,phi3:mini,34.0,4877,474.56,17.29,.054786,21.101568
1781714225,phi3:mini,36.0,4887,474.25,17.34,.054823,21.277926
1781714247,phi3:mini,34.0,4884,517.60,17.61,.050231,18.449380
1781714265,phi3:mini,36.0,4884,474.00,17.64,.054851,16.604956
1781714282,phi3:mini,34.0,4881,438.31,17.20,.059318,21.743648
1781714304,phi3:mini,34.0,4882,528.88,18.06,.049160,13.231300
1781714317,phi3:mini,37.0,4882,518.12,17.34,.050181,20.232909
1781714338,phi3:mini,34.0,4879,512.49,18.18,.050732,11.271485
1781714349,phi3:mini,36.0,4878,493.24,18.26,.052712,13.686543
1781714363,phi3:mini,34.0,4877,470.02,16.34,.055315,35.422401
1781714399,phi3:mini,36.0,4872,486.62,17.90,.053429,15.916044
1781714415,phi3:mini,36.0,4863,520.21,18.71,.049979,12.180361
1781714427,phi3:mini,36.0,4871,484.18,17.39,.053698,20.353784
1781714448,phi3:mini,34.0,4877,499.70,18.38,.052030,13.706891
1781714462,phi3:mini,36.0,4879,494.04,17.93,.052627,13.995079
1781714476,phi3:mini,36.0,4877,433.61,17.50,.059960,20.281987
1781714496,phi3:mini,36.0,4884,500.37,16.89,.051961,25.683053
1781714522,phi3:mini,36.0,4883,463.53,20.20,.056090,1.187908
1781714523,phi3:mini,36.0,4885,540.51,18.32,.048102,11.951244
1781714536,phi3:mini,36.0,4882,478.83,19.18,.054298,6.149562
1781714542,phi3:mini,34.0,4886,483.47,19.60,.053776,5.150979
1781714547,phi3:mini,37.0,4876,511.29,15.35,.050851,51.510434
1781714599,phi3:mini,34.0,4876,446.77,17.32,.058194,21.067471
1781714620,phi3:mini,34.0,4872,527.07,16.78,.049328,27.998581
1781714648,phi3:mini,34.0,4873,506.54,17.11,.051328,25.358301
1781714674,phi3:mini,34.0,4873,463.57,17.72,.056085,17.153925
1781714691,phi3:mini,36.0,4879,466.29,16.86,.055758,26.034803
1781714718,phi3:mini,33.0,4880,459.53,17.55,.056579,20.508399
1781714738,phi3:mini,31.0,4883,500.51,19.57,.051946,2.502983
1781714741,phi3:mini,36.0,4881,438.44,18.77,.059300,6.817676
1781714748,phi3:mini,36.0,4885,508.11,18.02,.051169,15.701907
1781714764,phi3:mini,32.0,4883,485.50,17.16,.053552,25.224410
1781714789,phi3:mini,34.0,4884,476.58,18.22,.054555,14.269530
1781714804,phi3:mini,36.0,4887,475.79,17.47,.054645,22.033243
1781714826,phi3:mini,34.0,4887,469.74,16.22,.055349,40.685574
1781714867,phi3:mini,36.0,4889,430.87,17.42,.060342,21.400516
1781714888,phi3:mini,36.0,4888,491.88,18.46,.052858,12.348060
1781714901,phi3:mini,34.0,4881,470.57,18.48,.055251,13.088434
1781714914,phi3:mini,36.0,4879,478.18,18.76,.054372,12.739671
1781714927,phi3:mini,36.0,4878,481.39,18.20,.054010,16.537564
1781714944,phi3:mini,36.0,4876,493.31,19.46,.052704,3.287924
1781714947,phi3:mini,36.0,4876,470.73,18.04,.055233,16.067876
1781714964,phi3:mini,34.0,4874,523.83,17.50,.049633,21.942495
1781714986,phi3:mini,34.0,4876,515.67,15.94,.050418,40.770654
1781715027,phi3:mini,34.0,4878,511.40,17.82,.050840,15.712152
1781715043,phi3:mini,36.0,4879,486.76,18.45,.053414,10.348743
1781715053,phi3:mini,36.0,4876,514.42,18.36,.050541,11.814497
1781715065,phi3:mini,36.0,4874,550.86,18.48,.047198,12.927243
1781715078,phi3:mini,37.0,4876,515.25,18.40,.050460,10.488605
1781715089,phi3:mini,34.0,4879,458.26,17.64,.056735,19.387287
1781715108,phi3:mini,34.0,4885,509.12,17.06,.051067,22.144588
1781715131,phi3:mini,34.0,4883,502.13,18.23,.051778,12.831042
1781715144,phi3:mini,36.0,4877,503.36,16.44,.051652,31.686844
1781715176,phi3:mini,36.0,4879,447.41,18.22,.058111,11.191562
1781715187,phi3:mini,34.0,4879,497.15,17.92,.052297,16.292078
1781715203,phi3:mini,34.0,4877,481.90,17.48,.053952,20.360152
1781715224,phi3:mini,36.0,4877,502.98,17.27,.051691,20.320321
1781715244,phi3:mini,36.0,4879,500.80,19.99,.051916,3.351373
1781715248,phi3:mini,36.0,4880,532.95,19.32,.048784,4.915810
1781715253,phi3:mini,34.0,4878,549.20,16.88,.047340,22.980419
1781715276,phi3:mini,34.0,4879,493.28,17.80,.052708,16.116141
1781715293,phi3:mini,34.0,4876,481.87,17.76,.053956,16.549007
1781715309,phi3:mini,36.0,4869,495.05,18.76,.052519,6.769614
1781715316,phi3:mini,36.0,4875,503.43,18.83,.051645,7.911761
1781715324,phi3:mini,36.0,4881,519.87,17.19,.050011,20.878907
1781715345,phi3:mini,34.0,4872,413.40,18.83,.062891,7.272738
1781715353,phi3:mini,36.0,4869,457.35,20.41,.056848,1.028495
1781715354,phi3:mini,36.0,4867,474.60,18.40,.054782,12.604624
1781715367,phi3:mini,37.0,4869,445.97,17.77,.058299,16.146936
1781715383,phi3:mini,37.0,4873,507.79,17.51,.051201,17.927886
1781715401,phi3:mini,34.0,4876,493.43,19.13,.052691,3.501776
1781715405,phi3:mini,31.0,4876,515.83,17.36,.050403,18.714494
1781715424,phi3:mini,37.0,4895,511.69,16.24,.050811,34.961387
1781715459,phi3:mini,36.0,4887,471.29,18.02,.055166,13.038994
1781715472,phi3:mini,34.0,4875,476.71,20.04,.054540,2.494938
1781715475,phi3:mini,36.0,4878,555.45,18.39,.046808,9.457846
1781715484,phi3:mini,36.0,4874,484.25,17.93,.053690,15.668807
1781715500,phi3:mini,36.0,4879,470.51,18.44,.055258,11.821712
1781715512,phi3:mini,34.0,4880,488.62,15.98,.053210,41.215832
1781715554,phi3:mini,34.0,4871,497.90,17.13,.052218,25.043115
1781715579,phi3:mini,34.0,4873,463.25,16.43,.056124,29.936912
1781715609,phi3:mini,34.0,4879,533.77,18.64,.048709,7.992116
1781715617,phi3:mini,34.0,4879,522.93,17.51,.049719,17.417524
1781715635,phi3:mini,34.0,4907,454.74,18.78,.057174,7.986617
1781715643,phi3:mini,36.0,4906,550.47,17.45,.047231,19.249930
1781715662,phi3:mini,36.0,4899,439.34,18.23,.059178,11.956948
1781715675,phi3:mini,34.0,4902,528.22,15.71,.049221,43.713859
1781715719,phi3:mini,34.0,4906,463.22,18.69,.056128,7.808803
1781715727,phi3:mini,36.0,4904,488.28,17.87,.053247,15.325881
1781715742,phi3:mini,36.0,4905,462.85,15.74,.056173,49.473625
1781715792,phi3:mini,36.0,4882,497.30,16.98,.052281,23.251006
1781715815,phi3:mini,36.0,4882,528.66,18.05,.049180,13.399969
1781715829,phi3:mini,34.0,4884,487.40,19.16,.053344,4.905089
1781715834,phi3:mini,36.0,4884,500.56,15.34,.051940,51.741173
1781715886,phi3:mini,36.0,4878,481.84,17.91,.053958,15.627453
1781715902,phi3:mini,34.0,4876,448.03,17.08,.058031,24.400327
1781715926,phi3:mini,34.0,4878,494.25,17.28,.052604,20.128712
1781715947,phi3:mini,34.0,4876,498.33,16.23,.052173,34.368942
1781715981,phi3:mini,37.0,4867,411.51,18.46,.063181,10.343780
1781715992,phi3:mini,37.0,4871,463.76,17.47,.056063,18.593785
1781716010,phi3:mini,34.0,4874,453.59,16.19,.057319,39.962796
1781716051,phi3:mini,36.0,4880,508.54,19.38,.051126,5.209471
1781716056,phi3:mini,36.0,4874,496.92,17.57,.052321,19.455060
1781716076,phi3:mini,36.0,4877,434.36,16.74,.059857,26.701256
1781716103,phi3:mini,31.0,4878,452.98,17.44,.057397,19.029863
1781716122,phi3:mini,34.0,4879,503.91,17.56,.051596,20.497186
1781716142,phi3:mini,37.0,4883,465.90,19.74,.055804,3.038986
1781716146,phi3:mini,36.0,4881,484.10,16.85,.053707,30.260164
1781716176,phi3:mini,37.0,4885,540.28,16.78,.048122,28.538001
1781716205,phi3:mini,34.0,4888,458.27,20.48,.056734,1.171578
1781716206,phi3:mini,36.0,4887,515.01,15.58,.050484,46.463603
1781716253,phi3:mini,36.0,4889,519.96,19.46,.050003,3.030430
1781716256,phi3:mini,36.0,4888,531.40,18.16,.048926,13.815599
1781716270,phi3:mini,33.0,4884,473.95,17.26,.054857,19.227017
1781716289,phi3:mini,36.0,4879,464.14,16.96,.056017,25.942433
1781716316,phi3:mini,34.0,4889,530.27,18.57,.049031,7.913399
1781716324,phi3:mini,37.0,4884,518.10,19.52,.050182,4.097266
1781716328,phi3:mini,37.0,4879,470.40,18.38,.055271,12.512946
1781716341,phi3:mini,36.0,4877,497.54,18.02,.052256,13.257381
1781716354,phi3:mini,36.0,4879,486.61,18.44,.053430,12.847681
1781716367,phi3:mini,33.0,4879,465.07,17.39,.055904,20.923200
1781716388,phi3:mini,36.0,4877,496.45,18.71,.052371,8.763541
1781716397,phi3:mini,34.0,4875,547.02,18.72,.047529,7.317514
1781716405,phi3:mini,36.0,4879,512.51,17.00,.050729,26.105851
1781716431,phi3:mini,36.0,4886,476.28,17.72,.054588,20.079136
1781716451,phi3:mini,34.0,4881,489.75,17.19,.053087,24.655501
1781716476,phi3:mini,34.0,4878,468.17,18.66,.055534,10.715526
1781716487,phi3:mini,36.0,4875,584.45,17.86,.044486,18.699867
1781716506,phi3:mini,33.0,4881,491.84,17.14,.052861,25.193908
1781716531,phi3:mini,36.0,4885,515.10,17.67,.050474,18.213994
1781716550,phi3:mini,34.0,4885,504.45,16.82,.051540,25.916905
1781716576,phi3:mini,34.0,4882,472.62,17.47,.055012,18.369652
1781716594,phi3:mini,34.0,4873,465.61,17.26,.055840,21.840939
1781716616,phi3:mini,34.0,4879,527.24,19.93,.049313,2.758381
1781716619,phi3:mini,34.0,4879,478.51,17.31,.054334,19.805717
1781716639,phi3:mini,34.0,4889,442.18,17.45,.058798,18.906155
1781716658,phi3:mini,34.0,4887,439.58,17.03,.059147,26.469822
1781716685,phi3:mini,36.0,4892,471.68,17.73,.055121,17.311548
1781716703,phi3:mini,34.0,4885,488.81,19.23,.053189,5.563258
1781716708,phi3:mini,36.0,4887,480.41,17.67,.054120,18.384368
1781716727,phi3:mini,36.0,4883,521.14,19.69,.049890,4.823451
1781716732,phi3:mini,36.0,4884,496.19,18.44,.052398,15.454723
1781716748,phi3:mini,36.0,4887,467.87,18.23,.055569,15.357281
1781716763,phi3:mini,36.0,4888,503.88,19.15,.051598,5.273729
1781716769,phi3:mini,36.0,4888,483.22,17.74,.053805,19.277769
1781716788,phi3:mini,36.0,4890,501.45,17.59,.051848,20.284982
1781716808,phi3:mini,36.0,4891,521.09,19.75,.049894,3.644609
1781716812,phi3:mini,36.0,4888,520.75,16.82,.049927,24.484845
1781716837,phi3:mini,34.0,4889,499.74,18.53,.052026,11.278193
1781716848,phi3:mini,36.0,4888,499.81,17.91,.052018,19.370019
1781716868,phi3:mini,36.0,4890,509.68,18.94,.051011,10.871111
1781716879,phi3:mini,36.0,4891,483.94,19.65,.053725,5.595176
1781716885,phi3:mini,36.0,4892,544.24,18.06,.047772,15.391355
1781716900,phi3:mini,36.0,4882,453.91,18.58,.057278,12.157337
1781716913,phi3:mini,34.0,4885,496.57,17.79,.052358,13.878852
1781716927,phi3:mini,34.0,4886,453.34,19.75,.057351,3.441966
1781716930,phi3:mini,36.0,4887,534.90,19.47,.048606,5.492964
1781716936,phi3:mini,36.0,4880,500.95,18.07,.051900,15.659735
1781716952,phi3:mini,36.0,4879,449.58,17.79,.057831,17.645043
1781716970,phi3:mini,36.0,4880,485.44,18.51,.053559,10.316859
1781716980,phi3:mini,34.0,4881,517.33,17.09,.050257,25.452417
1781717006,phi3:mini,31.0,4878,544.45,18.62,.047753,10.363609
1781717016,phi3:mini,34.0,4882,465.43,18.51,.055861,11.070755
1781717027,phi3:mini,36.0,4883,527.56,18.29,.049283,13.884844
1781717042,phi3:mini,34.0,4877,484.97,17.00,.053611,23.467041
1781717065,phi3:mini,34.0,4884,448.10,16.89,.058022,25.978392
1781717091,phi3:mini,36.0,4882,420.03,18.30,.061898,12.398735
1781717104,phi3:mini,36.0,4883,459.66,18.01,.056562,18.035751
1781717122,phi3:mini,34.0,4881,543.37,17.49,.047849,21.317078
1781717144,phi3:mini,34.0,4886,479.69,16.18,.054201,35.083452
1781717179,phi3:mini,34.0,4886,465.92,15.74,.055803,48.448168
1781717228,phi3:mini,36.0,4883,515.60,17.34,.050426,21.505873
1781717249,phi3:mini,34.0,4882,521.88,18.10,.049819,14.363308
1781717264,phi3:mini,31.0,4879,534.18,17.41,.048672,19.871737
1781717284,phi3:mini,33.0,4872,487.52,19.90,.053330,3.014464
1781717287,phi3:mini,36.0,4873,513.70,17.60,.050612,19.537153
1781717307,phi3:mini,31.0,4872,467.11,19.56,.055661,3.118565
1781717310,phi3:mini,37.0,4874,500.85,16.43,.051911,34.429335
1781717345,phi3:mini,34.0,4878,448.85,17.42,.057925,19.283631
1781717364,phi3:mini,34.0,4880,501.97,17.56,.051795,19.182549
1781717384,phi3:mini,33.0,4883,477.92,18.25,.054401,13.253950
1781717397,phi3:mini,37.0,4873,471.35,17.60,.055160,18.291904
1781717416,phi3:mini,36.0,4876,488.03,16.79,.053275,26.259058
1781717442,phi3:mini,36.0,4869,474.27,16.56,.054820,28.729235
1781717471,phi3:mini,36.0,4875,430.31,18.17,.060420,12.435815
1781717484,phi3:mini,36.0,4873,474.82,18.65,.054757,9.272965
1781717493,phi3:mini,37.0,4879,504.66,18.57,.051519,10.553867
1781717504,phi3:mini,36.0,4879,499.07,16.91,.052096,25.179353
1781717529,phi3:mini,34.0,4880,493.69,17.51,.052663,20.445105
1781717550,phi3:mini,34.0,4878,566.14,16.80,.045924,29.807699
1781717580,phi3:mini,34.0,4874,550.32,18.37,.047244,11.208244
1781717591,phi3:mini,34.0,4877,468.11,17.46,.055541,21.012022
1781717612,phi3:mini,34.0,4873,452.00,17.30,.057522,21.260707
1781717634,phi3:mini,34.0,4881,508.05,19.69,.051175,3.757940
1781717638,phi3:mini,34.0,4881,496.20,17.46,.052397,18.610967
1781717656,phi3:mini,33.0,4877,483.14,17.15,.053814,22.738489
1781717679,phi3:mini,34.0,4883,483.78,16.53,.053743,30.538627
1781717710,phi3:mini,34.0,4878,451.72,19.07,.057556,6.921730
1781717717,phi3:mini,36.0,4881,513.49,18.93,.050633,5.597749
1781717723,phi3:mini,36.0,4876,539.72,18.01,.048172,12.602594
1781717736,phi3:mini,34.0,4878,560.03,18.27,.046426,11.215426
1781717747,phi3:mini,36.0,4884,449.37,19.70,.057857,1.573268
1781717749,phi3:mini,34.0,4881,529.67,17.05,.049086,25.042500
1781717774,phi3:mini,34.0,4875,525.21,17.53,.049503,18.245234
1781717792,phi3:mini,34.0,4878,443.90,17.67,.058571,16.631919
1781717809,phi3:mini,34.0,4880,493.42,19.21,.052692,5.569618
1781717815,phi3:mini,37.0,4875,505.49,17.28,.051435,21.747913
1781717837,phi3:mini,34.0,4882,497.97,19.39,.052211,4.898504
1781717842,phi3:mini,34.0,4880,496.50,16.46,.052366,30.307698
1781717873,phi3:mini,34.0,4884,546.48,16.07,.047576,37.138499
1781717910,phi3:mini,34.0,4881,447.75,17.22,.058068,19.044056
1781717929,phi3:mini,34.0,4884,471.94,18.33,.055091,11.236943
1781717941,phi3:mini,36.0,4887,552.35,18.54,.047071,7.547281
1781717948,phi3:mini,34.0,4887,534.40,19.28,.048652,3.111712
1781717951,phi3:mini,34.0,4887,494.48,17.54,.052579,17.669977
1781717969,phi3:mini,34.0,4882,461.28,18.82,.056363,7.436889
1781717977,phi3:mini,34.0,4883,489.09,16.67,.053159,25.183653
1781718002,phi3:mini,33.0,4881,544.16,17.35,.047779,19.595680
1781718022,phi3:mini,34.0,4879,512.60,16.82,.050721,25.792453
1781718048,phi3:mini,34.0,4888,528.37,17.62,.049207,17.357498
1781718066,phi3:mini,36.0,4881,510.23,18.55,.050956,7.543341
1781718073,phi3:mini,34.0,4882,537.49,17.18,.048372,21.701601
1781718095,phi3:mini,36.0,4884,479.17,17.28,.054260,21.814065
1781718117,phi3:mini,34.0,4882,471.54,17.07,.055137,25.005328
1781718142,phi3:mini,31.0,4886,502.07,20.12,.051784,2.385423
1781718145,phi3:mini,34.0,4882,502.54,16.72,.051736,27.443884
1781718173,phi3:mini,33.0,4885,497.01,18.55,.052311,8.732801
1781718182,phi3:mini,34.0,4885,520.69,19.21,.049933,4.474893
1781718186,phi3:mini,34.0,4887,482.89,17.68,.053842,16.000073
1781718202,phi3:mini,34.0,4884,465.61,17.93,.055840,16.170038
1781718219,phi3:mini,36.0,4885,495.12,16.73,.052511,27.359973
1781718246,phi3:mini,34.0,4879,539.22,18.51,.048217,11.126346
1781718258,phi3:mini,34.0,4883,490.56,18.07,.052999,11.399782
1781718269,phi3:mini,34.0,4887,523.95,18.36,.049623,11.923054
1781718281,phi3:mini,36.0,4887,481.57,19.89,.053989,1.910065
1781718283,phi3:mini,36.0,4888,513.27,16.90,.050655,25.607681
1781718309,phi3:mini,34.0,4887,473.32,17.70,.054930,17.058298
1781718326,phi3:mini,36.0,4888,459.67,19.60,.056561,3.061118
1781718330,phi3:mini,36.0,4888,455.32,17.43,.057102,21.278322
1781718351,phi3:mini,34.0,4885,467.01,16.23,.055672,37.642661
1781718389,phi3:mini,36.0,4883,473.24,17.56,.054940,19.019579
1781718408,phi3:mini,33.0,4880,500.02,16.84,.051997,25.294451
1781718434,phi3:mini,34.0,4882,468.66,17.65,.055476,18.463618
1781718452,phi3:mini,34.0,4883,505.36,19.08,.051447,6.498305
1781718459,phi3:mini,36.0,4882,477.32,17.57,.054469,20.773022
1781718480,phi3:mini,33.0,4881,493.49,16.58,.052685,32.857887
1781718513,phi3:mini,34.0,4879,476.22,16.56,.054595,30.784868
1781718544,phi3:mini,34.0,4875,534.02,19.18,.048686,5.265245
1781718549,phi3:mini,34.0,4882,477.52,19.74,.054447,3.443469
1781718553,phi3:mini,36.0,4883,490.69,17.28,.052986,21.640856
1781718575,phi3:mini,33.0,4887,465.92,18.11,.055802,11.038177
1781718586,phi3:mini,37.0,4885,490.68,17.32,.052987,20.605578
1781718607,phi3:mini,36.0,4884,516.71,19.72,.050317,3.041267
1781718610,phi3:mini,36.0,4870,544.85,18.22,.047719,13.607219
1781718624,phi3:mini,34.0,4868,499.74,17.19,.052026,21.686993
1781718646,phi3:mini,31.0,4875,453.26,17.96,.057362,14.417439
1781718660,phi3:mini,36.0,4872,460.53,19.29,.056455,5.441221
1781718666,phi3:mini,36.0,4873,478.97,17.30,.054282,17.394310
1781718684,phi3:mini,34.0,4874,513.98,15.75,.050585,46.409474
1781718730,phi3:mini,33.0,4879,472.08,17.06,.055074,24.140053
1781718754,phi3:mini,34.0,4880,511.84,17.39,.050796,20.461134
1781718775,phi3:mini,37.0,4886,537.54,16.81,.048368,26.104010
1781718801,phi3:mini,34.0,4882,452.60,16.87,.057444,21.567484
1781718823,phi3:mini,34.0,4888,495.58,18.93,.052463,6.021721
1781718829,phi3:mini,36.0,4890,561.37,17.34,.046315,19.952720
1781718849,phi3:mini,34.0,4883,436.33,17.62,.059587,18.326698
1781718868,phi3:mini,34.0,4877,457.60,17.48,.056817,18.420956
1781718887,phi3:mini,36.0,4876,476.34,17.00,.054582,25.231583
1781718912,phi3:mini,34.0,4878,528.52,17.88,.049193,15.820292
1781718928,phi3:mini,34.0,4873,465.62,19.26,.055838,4.152900
1781718932,phi3:mini,34.0,4872,483.80,13.14,.053740,101.685622
1781719034,phi3:mini,34.0,4874,475.83,18.38,.054640,11.855059
1781719046,phi3:mini,34.0,4875,464.06,19.58,.056026,1.889094
1781719048,phi3:mini,34.0,4876,434.80,16.86,.059797,29.594430
1781719078,phi3:mini,36.0,4875,495.32,17.31,.052490,21.426308
1781719100,phi3:mini,34.0,4881,481.89,18.73,.053953,10.410176
1781719110,phi3:mini,34.0,4883,490.81,17.65,.052973,21.187490
1781719132,phi3:mini,34.0,4884,548.21,17.09,.047426,23.279213
1781719155,phi3:mini,34.0,4884,479.02,16.88,.054277,25.699062
1781719181,phi3:mini,34.0,4883,434.78,19.81,.059800,3.128367
1781719184,phi3:mini,34.0,4884,502.14,19.34,.051777,5.529965
1781719190,phi3:mini,36.0,4883,517.10,17.50,.050280,19.082553
1781719209,phi3:mini,34.0,4884,520.01,18.26,.049998,11.881655
1781719222,phi3:mini,34.0,4883,524.42,18.10,.049577,13.200816
1781719235,phi3:mini,34.0,4887,483.07,17.99,.053821,12.839678
1781719248,phi3:mini,36.0,4886,506.74,19.13,.051308,5.643066
1781719254,phi3:mini,36.0,4881,478.00,17.93,.054393,13.217264
1781719267,phi3:mini,33.0,4882,487.34,18.35,.053349,11.879618
1781719279,phi3:mini,33.0,4877,466.29,18.46,.055758,11.754638
1781719291,phi3:mini,36.0,4880,474.42,17.38,.054802,19.676331
1781719311,phi3:mini,34.0,4886,462.76,20.62,.056183,.872898
1781719312,phi3:mini,34.0,4886,516.07,19.47,.050380,4.209928
1781719316,phi3:mini,34.0,4887,414.65,16.45,.062702,38.701457
1781719355,phi3:mini,34.0,4891,510.71,17.42,.050908,21.401653
1781719377,phi3:mini,33.0,4884,539.10,17.21,.048228,21.434626
1781719399,phi3:mini,34.0,4884,507.25,19.33,.051255,7.138762
1781719406,phi3:mini,36.0,4881,524.88,18.59,.049534,12.855203
1781719419,phi3:mini,36.0,4885,553.87,17.46,.046942,22.333074
1781719441,phi3:mini,36.0,4883,483.04,14.23,.053824,72.229803
1781719514,phi3:mini,32.0,4885,447.64,20.50,.058082,.877631
1781719515,phi3:mini,36.0,4877,527.65,18.98,.049274,5.372746
1781719520,phi3:mini,34.0,4877,521.69,17.29,.049837,20.409814
1781719541,phi3:mini,33.0,4882,505.73,17.75,.051410,16.559716
1781719558,phi3:mini,34.0,4880,467.17,16.69,.055653,30.604762
1781719588,phi3:mini,33.0,4875,506.91,17.46,.051290,17.694311
1781719606,phi3:mini,34.0,4876,496.27,16.16,.052389,36.930393
1781719644,phi3:mini,34.0,4875,505.79,18.11,.051404,13.361833
1781719657,phi3:mini,36.0,4875,460.00,17.81,.056521,14.087469
1781719671,phi3:mini,36.0,4878,502.61,17.13,.051729,23.055512
1781719695,phi3:mini,34.0,4874,503.56,15.77,.051631,40.569907
1781719735,phi3:mini,34.0,4880,459.65,17.38,.056564,23.587324
1781719759,phi3:mini,34.0,4884,559.73,18.07,.046450,18.094397
1781719777,phi3:mini,36.0,4874,471.34,17.88,.055161,18.059249
1781719796,phi3:mini,34.0,4879,526.26,18.05,.049404,14.901525
1781719811,phi3:mini,34.0,4880,489.96,17.95,.053065,14.478228
1781719825,phi3:mini,34.0,4880,482.94,17.14,.053835,21.115329
1781719847,phi3:mini,34.0,4878,505.33,18.69,.051451,7.166482
1781719854,phi3:mini,36.0,4883,550.16,17.08,.047258,20.601757
1781719875,phi3:mini,34.0,4886,527.75,18.20,.049265,9.614506
1781719885,phi3:mini,36.0,4886,539.34,18.44,.048206,8.079406
1781719893,phi3:mini,36.0,4885,501.51,18.19,.051842,11.928829
1781719905,phi3:mini,34.0,4883,471.70,16.98,.055119,25.196412
1781719930,phi3:mini,34.0,4885,470.97,17.76,.055204,15.761227
1781719946,phi3:mini,34.0,4887,492.72,16.59,.052767,30.432678
1781719977,phi3:mini,34.0,4878,509.10,17.77,.051070,20.986932
1781719998,phi3:mini,34.0,4874,509.55,19.01,.051024,9.306675
1781720008,phi3:mini,34.0,4875,507.45,16.83,.051235,28.696569
1781720036,phi3:mini,34.0,4878,439.28,18.09,.059187,15.031487
1781720052,phi3:mini,34.0,4872,486.09,17.47,.053487,18.308193
1781720070,phi3:mini,34.0,4876,481.74,17.29,.053970,20.813111
1781720091,phi3:mini,34.0,4881,470.49,18.49,.055260,11.139667
1781720103,phi3:mini,31.0,4873,521.08,17.23,.049896,21.582569
1781720124,phi3:mini,33.0,4880,511.53,17.53,.050827,20.070210
1781720145,phi3:mini,34.0,4882,503.31,16.87,.051657,28.274596
1781720173,phi3:mini,33.0,4877,447.99,18.39,.058036,11.905122
1781720185,phi3:mini,36.0,4883,556.75,17.77,.046698,19.354810
1781720205,phi3:mini,34.0,4882,488.88,16.94,.053182,26.434838
1781720231,phi3:mini,34.0,4881,545.84,17.76,.047632,18.186496
1781720250,phi3:mini,34.0,4873,502.24,17.47,.051767,17.623410
1781720267,phi3:mini,33.0,4881,526.42,19.86,.049389,3.070673
1781720271,phi3:mini,36.0,4876,483.81,19.43,.053739,4.991079
1781720276,phi3:mini,34.0,4880,527.85,17.66,.049256,16.016954
1781720292,phi3:mini,34.0,4871,460.70,19.09,.056435,5.604759
1781720298,phi3:mini,34.0,4873,514.39,20.11,.050544,2.386353
1781720300,phi3:mini,34.0,4876,519.29,19.69,.050068,3.707123
1781720304,phi3:mini,36.0,4870,494.16,16.69,.052614,27.552815
1781720332,phi3:mini,34.0,4870,474.79,17.41,.054760,19.642165
1781720352,phi3:mini,34.0,4870,516.15,16.69,.050372,26.830774
1781720379,phi3:mini,32.0,4873,492.53,19.30,.052788,4.143042
1781720383,phi3:mini,36.0,4871,475.99,18.20,.054622,13.072387
1781720396,phi3:mini,34.0,4872,488.64,18.52,.053208,10.201607
1781720407,phi3:mini,34.0,4876,474.21,16.44,.054828,31.131180
1781720438,phi3:mini,34.0,4878,496.91,20.28,.052323,.986003
1781720439,phi3:mini,34.0,4882,507.17,17.48,.051264,20.304543
1781720460,phi3:mini,34.0,4880,472.88,18.70,.054981,10.209428
1781720470,phi3:mini,36.0,4880,530.80,18.01,.048982,14.153270
1781720484,phi3:mini,34.0,4874,502.14,18.05,.051778,13.181150
1781720498,phi3:mini,34.0,4874,485.70,17.20,.053530,20.163523
1781720518,phi3:mini,31.0,4873,502.19,19.12,.051772,7.216605
1781720526,phi3:mini,36.0,4873,481.76,17.56,.053968,18.498545
1781720544,phi3:mini,34.0,4875,499.49,18.90,.052052,6.451751
1781720551,phi3:mini,34.0,4877,497.50,17.23,.052261,22.750825
1781720574,phi3:mini,30.0,4884,431.33,17.85,.060278,16.238359
1781720590,phi3:mini,34.0,4879,407.81,17.88,.063753,16.831194
1781720607,phi3:mini,36.0,4872,458.93,18.26,.056652,10.948631
1781720618,phi3:mini,34.0,4875,503.33,18.04,.051655,12.802443
1781720631,phi3:mini,34.0,4868,531.40,17.80,.048926,14.662319
1781720646,phi3:mini,34.0,4871,515.04,18.06,.050481,15.171004
1781720662,phi3:mini,33.0,4870,491.47,17.99,.052902,12.778542
1781720675,phi3:mini,34.0,4874,471.30,19.28,.055165,4.147242
1781720679,phi3:mini,36.0,4876,490.30,17.75,.053027,13.911332
1781720693,phi3:mini,34.0,4875,487.55,15.61,.053327,47.135679
1781720740,phi3:mini,34.0,4881,495.44,20.44,.052478,2.348262
1781720743,phi3:mini,34.0,4879,461.75,17.39,.056307,25.413825
1781720768,phi3:mini,34.0,4876,489.77,17.86,.053086,18.692118
1781720787,phi3:mini,34.0,4877,463.93,20.19,.056042,1.238126
1781720789,phi3:mini,36.0,4872,477.15,18.26,.054489,13.084847
1781720802,phi3:mini,36.0,4872,516.43,16.01,.050344,40.147833
1781720842,phi3:mini,34.0,4877,496.32,20.56,.052385,1.410038
1781720844,phi3:mini,34.0,4880,484.11,19.71,.053705,4.362473
1781720848,phi3:mini,34.0,4877,504.12,17.55,.051574,20.331698
1781720869,phi3:mini,34.0,4880,512.78,18.73,.050703,6.779545
1781720876,phi3:mini,34.0,4879,476.98,18.02,.054508,13.871836
1781720890,phi3:mini,34.0,4879,487.58,19.24,.053324,5.248264
1781720895,phi3:mini,34.0,4881,537.27,17.75,.048392,18.814333
1781720914,phi3:mini,34.0,4875,532.00,16.93,.048871,30.109301
1781720945,phi3:mini,34.0,4878,446.00,17.58,.058295,19.906885
1781720965,phi3:mini,33.0,4882,481.43,18.15,.054005,13.547840
1781720979,phi3:mini,34.0,4875,482.55,18.30,.053880,13.109227
1781720992,phi3:mini,34.0,4868,493.89,16.96,.052642,26.107119
1781721018,phi3:mini,36.0,4878,533.54,17.45,.048731,24.806938
1781721043,phi3:mini,34.0,4871,479.90,17.22,.054177,26.248365
1781721070,phi3:mini,34.0,4868,531.92,18.33,.048878,13.963732
1781721084,phi3:mini,34.0,4867,519.71,19.91,.050027,3.917213
1781721088,phi3:mini,36.0,4863,552.11,19.94,.047091,2.406529
1781721090,phi3:mini,37.0,4864,537.55,19.65,.048367,4.069559
1781721095,phi3:mini,36.0,4863,508.36,16.77,.051144,27.837581
1781721123,phi3:mini,36.0,4864,467.69,16.67,.055592,28.964396
1781721152,phi3:mini,33.0,4873,526.68,19.07,.049365,7.339938
1781721159,phi3:mini,36.0,4873,466.10,16.79,.055781,25.184112
1781721185,phi3:mini,34.0,4880,466.07,13.92,.055785,88.338279
1781721273,phi3:mini,33.0,4879,466.33,17.75,.055754,18.304041
1781721292,phi3:mini,33.0,4878,463.61,16.78,.056081,30.031148
1781721322,phi3:mini,36.0,4880,454.83,15.89,.057163,40.189631
1781721363,phi3:mini,33.0,4881,485.69,17.19,.053531,22.336666
1781721385,phi3:mini,34.0,4876,471.31,19.45,.055164,3.084527
1781721388,phi3:mini,36.0,4873,517.24,16.87,.050266,26.317640
1781721415,phi3:mini,34.0,4874,514.35,18.87,.050548,7.893232
1781721423,phi3:mini,36.0,4875,479.09,17.38,.054268,21.107880
1781721444,phi3:mini,34.0,4881,486.75,18.86,.053415,8.267647
1781721453,phi3:mini,34.0,4876,453.37,17.57,.057347,15.702803
1781721468,phi3:mini,34.0,4882,487.47,16.74,.053336,29.974246
1781721499,phi3:mini,31.0,4885,494.77,19.05,.052549,5.877955
1781721505,phi3:mini,36.0,4881,460.00,16.79,.056521,25.841808
1781721531,phi3:mini,34.0,4888,471.03,17.89,.055197,14.304372
1781721545,phi3:mini,33.0,4888,497.95,17.65,.052213,17.841750
1781721563,phi3:mini,33.0,4880,447.58,17.23,.058089,25.178206
1781721589,phi3:mini,34.0,4883,494.84,18.58,.052542,12.645469
1781721601,phi3:mini,34.0,4878,535.08,19.61,.048590,6.116481
1781721608,phi3:mini,34.0,4875,489.85,18.37,.053077,13.334448
1781721621,phi3:mini,34.0,4873,506.70,18.81,.051311,9.406607
1781721631,phi3:mini,34.0,4874,460.85,17.95,.056416,17.991986
1781721649,phi3:mini,34.0,4879,488.92,16.55,.053177,32.376369
1781721682,phi3:mini,34.0,4878,465.31,16.80,.055876,25.235193
1781721707,phi3:mini,33.0,4883,531.88,16.56,.048882,31.641169
1781721739,phi3:mini,34.0,4886,506.05,17.64,.051377,18.593333
1781721758,phi3:mini,34.0,4884,482.98,17.88,.053831,13.195389
1781721771,phi3:mini,36.0,4880,450.82,17.32,.057672,18.812824
1781721790,phi3:mini,34.0,4882,445.45,16.44,.058366,30.640712
1781721821,phi3:mini,34.0,4883,469.92,17.59,.055327,16.939071
1781721838,phi3:mini,34.0,4881,469.06,16.56,.055428,29.934319
1781721868,phi3:mini,32.0,4879,479.65,16.96,.054206,24.995787
1781721893,phi3:mini,34.0,4866,516.49,18.47,.050339,12.501553
1781721906,phi3:mini,36.0,4869,504.16,19.22,.051570,4.940970
1781721911,phi3:mini,34.0,4869,505.10,17.04,.051474,25.468775
1781721937,phi3:mini,33.0,4879,561.92,17.78,.046269,17.313995
1781721954,phi3:mini,34.0,4878,500.86,18.38,.051910,13.598607
1781721968,phi3:mini,34.0,4875,527.07,17.94,.049329,15.607063
1781721984,phi3:mini,36.0,4875,554.60,18.08,.046880,11.611424
1781721996,phi3:mini,36.0,4880,476.75,16.91,.054535,26.429624
1781722022,phi3:mini,34.0,4884,480.63,17.64,.054094,18.584912
1781722041,phi3:mini,34.0,4884,495.86,18.23,.052433,12.009634
1781722053,phi3:mini,36.0,4885,518.69,18.09,.050125,12.877686
1781722066,phi3:mini,33.0,4878,507.48,18.83,.051233,6.423771
1781722073,phi3:mini,36.0,4879,458.00,18.06,.056768,14.003824
1781722087,phi3:mini,36.0,4880,518.88,17.82,.050107,17.505192
1781722105,phi3:mini,37.0,4878,456.92,18.86,.056902,7.632746
1781722112,phi3:mini,36.0,4875,521.57,18.33,.049848,11.670311
1781722124,phi3:mini,31.0,4880,467.03,17.69,.055670,15.255847
1781722140,phi3:mini,34.0,4884,461.06,16.73,.056391,26.354867
1781722166,phi3:mini,34.0,4890,450.39,17.80,.057727,15.668262
1781722182,phi3:mini,36.0,4886,448.19,17.22,.058010,22.461804
1781722205,phi3:mini,31.0,4877,479.57,18.73,.054214,7.953268
1781722213,phi3:mini,34.0,4878,521.32,18.99,.049872,6.158542
1781722219,phi3:mini,36.0,4876,539.32,18.18,.048208,10.997176
1781722230,phi3:mini,36.0,4869,518.16,17.13,.050177,25.153511
1781722256,phi3:mini,33.0,4875,473.36,19.88,.054925,2.263522
1781722258,phi3:mini,34.0,4878,532.77,16.84,.048801,26.469711
1781722285,phi3:mini,34.0,4874,556.61,18.61,.046711,9.561706
1781722295,phi3:mini,34.0,4877,500.17,19.67,.051981,3.050254
1781722298,phi3:mini,34.0,4878,475.68,16.31,.054657,34.317738
1781722332,phi3:mini,34.0,4873,475.80,20.40,.054644,.980231
1781722333,phi3:mini,34.0,4872,460.67,17.25,.056438,23.120490
1781722357,phi3:mini,36.0,4882,488.69,18.42,.053202,10.690068
1781722368,phi3:mini,31.0,4872,565.55,17.38,.045972,21.113662
1781722389,phi3:mini,34.0,4877,426.12,19.85,.061014,4.381779
1781722393,phi3:mini,34.0,4873,520.91,16.61,.049912,36.770288
1781722430,phi3:mini,33.0,4872,526.77,17.66,.049356,18.399123
1781722449,phi3:mini,34.0,4877,504.78,18.13,.051507,12.075966
1781722461,phi3:mini,36.0,4877,453.39,15.48,.057345,48.641478
1781722510,phi3:mini,30.0,4871,481.20,18.53,.054031,12.194467
1781722523,phi3:mini,34.0,4870,458.36,17.22,.056722,22.288946
1781722545,phi3:mini,33.0,4873,498.38,17.44,.052168,22.007178
1781722567,phi3:mini,34.0,4881,508.87,21.61,.051092,.555052
1781722568,phi3:mini,34.0,4883,484.61,16.02,.053651,38.698764
1781722607,phi3:mini,34.0,4876,482.39,17.45,.053897,18.158560
1781722625,phi3:mini,31.0,4878,516.72,20.74,.050317,1.060560
1781722626,phi3:mini,34.0,4880,474.39,18.38,.054806,12.404257
1781722639,phi3:mini,36.0,4884,531.75,18.73,.048895,11.206391
1781722650,phi3:mini,36.0,4882,491.75,17.07,.052871,26.535186
1781722677,phi3:mini,34.0,4890,489.39,17.24,.053127,20.705876
1781722698,phi3:mini,34.0,4884,490.12,15.85,.053047,41.575228
1781722740,phi3:mini,33.0,4885,499.93,17.81,.052006,14.540104
1781722755,phi3:mini,33.0,4887,470.76,16.97,.055229,26.629841
1781722781,phi3:mini,34.0,4885,511.28,16.95,.050851,27.954910
1781722810,phi3:mini,34.0,4885,496.51,16.05,.052365,39.740730
1781722850,phi3:mini,34.0,4903,495.92,17.10,.052427,22.914053
1781722873,phi3:mini,33.0,4902,489.22,18.18,.053145,11.988290
1781722885,phi3:mini,33.0,4907,505.73,20.57,.051410,.874709
1781722886,phi3:mini,36.0,4907,520.81,17.28,.049922,18.980084
1781722905,phi3:mini,37.0,4908,525.60,17.76,.049467,14.689042
1781722920,phi3:mini,34.0,4905,484.89,17.30,.053619,21.088445
1781722941,phi3:mini,36.0,4907,507.03,17.97,.051278,17.968553
1781722959,phi3:mini,36.0,4874,526.98,17.81,.049337,17.346792
1781722977,phi3:mini,34.0,4877,512.59,19.21,.050722,6.296829
1781722983,phi3:mini,34.0,4873,493.45,18.59,.052690,9.141024
1781722993,phi3:mini,37.0,4872,555.67,16.25,.046790,36.296774
1781723029,phi3:mini,33.0,4878,484.72,19.28,.053638,4.926527
1781723034,phi3:mini,34.0,4878,485.63,17.95,.053538,16.371576
1781723051,phi3:mini,36.0,4871,498.19,17.85,.052188,20.048010
1781723071,phi3:mini,36.0,4870,433.59,17.62,.059964,20.193414
1781723091,phi3:mini,31.0,4874,482.00,20.32,.053941,2.951785
1781723094,phi3:mini,34.0,4873,513.31,17.52,.050651,19.227756
1781723114,phi3:mini,36.0,4867,449.96,16.26,.057781,37.019345
1781723151,phi3:mini,34.0,4873,526.59,17.52,.049373,18.776503
1781723170,phi3:mini,34.0,4878,461.14,17.98,.056381,13.952238
1781723184,phi3:mini,34.0,4882,504.92,18.27,.051493,13.025024
1781723197,phi3:mini,34.0,4886,494.11,17.37,.052619,19.110917
1781723217,phi3:mini,34.0,4884,488.14,19.68,.053262,4.317884
1781723221,phi3:mini,34.0,4878,523.78,18.55,.049639,8.732956
1781723230,phi3:mini,34.0,4870,516.72,16.66,.050316,25.565555
1781723256,phi3:mini,31.0,4879,486.87,17.13,.053401,21.645893
1781723278,phi3:mini,34.0,4882,526.08,17.56,.049421,17.250592
1781723295,phi3:mini,34.0,4885,491.35,18.21,.052914,12.349371
1781723308,phi3:mini,34.0,4884,483.97,18.40,.053721,7.442737
1781723315,phi3:mini,34.0,4878,465.39,18.07,.055866,13.276362
1781723329,phi3:mini,34.0,4878,427.53,18.12,.060813,13.683354
1781723343,phi3:mini,34.0,4873,463.22,17.55,.056128,18.168389
1781723361,phi3:mini,34.0,4868,530.19,16.79,.049038,26.667495
1781723388,phi3:mini,34.0,4872,490.64,17.85,.052991,15.350135
1781723403,phi3:mini,33.0,4875,477.82,17.61,.054413,15.897112
1781723419,phi3:mini,34.0,4871,447.82,16.43,.058058,40.213174
1781723460,phi3:mini,34.0,4879,498.53,16.62,.052153,33.915567
1781723494,phi3:mini,34.0,4879,497.97,18.65,.052211,10.238230
1781723504,phi3:mini,34.0,4874,493.86,18.02,.052645,12.925069
1781723517,phi3:mini,31.0,4877,473.55,18.39,.054903,7.611015
1781723525,phi3:mini,34.0,4876,454.28,18.55,.057233,11.263659
1781723537,phi3:mini,34.0,4877,497.63,18.41,.052247,11.405637
1781723548,phi3:mini,34.0,4875,511.04,17.55,.050876,16.689772
1781723565,phi3:mini,34.0,4873,492.67,17.71,.052773,16.371560
1781723582,phi3:mini,34.0,4882,460.42,16.28,.056469,32.787499
1781723615,phi3:mini,30.0,4885,491.38,18.13,.052911,13.123019
1781723628,phi3:mini,36.0,4882,459.83,20.09,.056541,1.890898
1781723630,phi3:mini,34.0,4880,501.02,18.97,.051893,5.322333
1781723635,phi3:mini,34.0,4881,452.09,15.99,.057510,42.264344
1781723678,phi3:mini,34.0,4882,453.60,17.06,.057318,24.788441
1781723703,phi3:mini,32.0,4876,505.96,18.26,.051387,13.574477
1781723717,phi3:mini,34.0,4874,564.74,18.61,.046038,10.262419
1781723727,phi3:mini,34.0,4870,510.10,18.12,.050969,14.787289
1781723742,phi3:mini,34.0,4876,516.33,18.34,.050355,13.300296
1781723756,phi3:mini,34.0,4874,491.54,18.21,.052894,16.801879
1781723773,phi3:mini,36.0,4880,533.23,18.04,.048759,16.182492
1781723789,phi3:mini,34.0,4873,514.73,19.42,.050511,5.508348
1781723795,phi3:mini,34.0,4864,532.22,19.02,.048851,5.833194
1781723801,phi3:mini,34.0,4871,532.64,17.78,.048812,16.140645
1781723817,phi3:mini,36.0,4874,510.18,18.05,.050962,14.569096
1781723832,phi3:mini,34.0,4872,493.43,16.50,.052692,31.935212
1781723864,phi3:mini,33.0,4878,506.80,17.06,.051302,24.675284
1781723889,phi3:mini,36.0,4878,490.95,18.09,.052957,16.026827
1781723905,phi3:mini,34.0,4876,482.39,17.15,.053897,22.791645
1781723928,phi3:mini,36.0,4883,485.14,16.45,.053592,33.544670
1781723962,phi3:mini,33.0,4877,511.24,17.20,.050856,25.166277
1781723987,phi3:mini,34.0,4873,456.36,17.58,.056972,17.687976
1781724005,phi3:mini,34.0,4877,464.44,17.79,.055980,16.630582
1781724022,phi3:mini,33.0,4879,469.70,18.97,.055354,5.691830
1781724028,phi3:mini,34.0,4881,472.13,17.84,.055068,19.894916
1781724048,phi3:mini,36.0,4884,474.35,14.87,.054811,63.942948
1781724112,phi3:mini,34.0,4877,492.71,18.17,.052768,14.248256
1781724126,phi3:mini,34.0,4882,497.64,16.29,.052245,35.715017
1781724162,phi3:mini,34.0,4884,444.60,17.06,.058479,23.444959
1781724186,phi3:mini,34.0,4884,480.50,19.63,.054109,7.332258
1781724193,phi3:mini,36.0,4875,465.37,17.77,.055868,18.335938
1781724212,phi3:mini,34.0,4879,456.43,18.93,.056963,10.295816
1781724223,phi3:mini,36.0,4875,469.08,18.77,.055427,11.667496
1781724234,phi3:mini,37.0,4875,491.20,18.09,.052930,15.641679
1781724250,phi3:mini,34.0,4869,478.21,17.52,.054368,16.430279
1781724267,phi3:mini,34.0,4877,446.17,17.20,.058272,20.743923
1781724288,phi3:mini,34.0,4876,472.48,16.18,.055027,38.127459
1781724326,phi3:mini,34.0,4879,470.71,17.66,.055235,18.059378
1781724344,phi3:mini,34.0,4879,447.59,17.61,.058087,18.395473
1781724363,phi3:mini,34.0,4883,471.75,16.71,.055113,29.070929
1781724392,phi3:mini,34.0,4882,528.17,17.93,.049225,15.219897
1781724408,phi3:mini,34.0,4880,486.29,17.83,.053465,19.741904
1781724427,phi3:mini,36.0,4877,398.24,18.30,.065287,11.910465
1781724440,phi3:mini,34.0,4875,465.82,18.38,.055814,12.398765
1781724452,phi3:mini,37.0,4880,474.38,18.93,.054808,7.394135
1781724460,phi3:mini,34.0,4877,486.86,17.56,.053403,17.765954
1781724478,phi3:mini,36.0,4882,484.66,18.05,.053645,12.076870
1781724490,phi3:mini,34.0,4882,505.94,17.93,.051389,16.834332
1781724507,phi3:mini,34.0,4886,454.33,18.41,.057226,14.986228
1781724522,phi3:mini,37.0,4881,552.64,18.15,.047046,15.423296
1781724538,phi3:mini,36.0,4883,470.82,17.11,.055222,23.366760
1781724561,phi3:mini,34.0,4888,484.39,17.66,.053674,20.090624
1781724582,phi3:mini,34.0,4881,492.23,18.20,.052820,13.674333
1781724595,phi3:mini,34.0,4871,469.07,15.89,.055428,40.262109
1781724636,phi3:mini,34.0,4880,460.72,15.96,.056432,39.080657
1781724675,phi3:mini,34.0,4880,475.79,18.99,.054645,5.949525
1781724681,phi3:mini,34.0,4875,462.36,17.85,.056233,15.013354
1781724696,phi3:mini,34.0,4872,482.62,18.52,.053871,10.580596
1781724707,phi3:mini,34.0,4874,512.61,17.69,.050719,17.297483
1781724725,phi3:mini,31.0,4875,479.66,17.37,.054205,20.607162
1781724746,phi3:mini,34.0,4878,478.50,17.19,.054335,23.091645
1781724769,phi3:mini,31.0,4873,476.61,18.11,.054551,13.635374
1781724783,phi3:mini,34.0,4878,485.50,17.06,.053552,24.318525
1781724807,phi3:mini,34.0,4867,490.87,17.75,.052966,13.519964
1781724821,phi3:mini,36.0,4869,494.13,10.55,.052617,287.798752
1781725109,phi3:mini,30.0,4873,486.16,19.26,.053480,5.552770
1781725115,phi3:mini,33.0,4873,494.61,17.14,.052566,21.700509
1781725137,phi3:mini,34.0,4875,555.07,17.70,.046840,15.872860
1781725153,phi3:mini,36.0,4878,490.73,15.23,.052982,51.120423
1781725204,phi3:mini,34.0,4887,491.19,18.03,.052932,13.974579
1781725218,phi3:mini,34.0,4879,518.30,19.27,.050163,4.359026
1781725223,phi3:mini,34.0,4879,513.50,16.42,.050631,32.209503
1781725255,phi3:mini,34.0,4872,445.68,18.59,.058337,11.291379
1781725267,phi3:mini,34.0,4869,492.19,18.24,.052824,13.536096
1781725280,phi3:mini,33.0,4869,494.13,16.54,.052617,31.796815
1781725312,phi3:mini,34.0,4869,461.28,17.70,.056364,16.772085
1781725329,phi3:mini,34.0,4879,458.06,12.78,.056760,127.247506
1781725457,phi3:mini,34.0,4880,499.69,15.48,.052032,46.105319
1781725503,phi3:mini,34.0,4885,515.95,17.98,.050391,12.123759
1781725516,phi3:mini,34.0,4887,503.87,16.25,.051600,36.662368
1781725552,phi3:mini,34.0,4883,484.40,13.70,.053674,87.908633
1781725641,phi3:mini,34.0,4879,433.30,20.31,.060003,1.476512
1781725642,phi3:mini,36.0,4874,450.14,18.00,.057759,15.610100
1781725658,phi3:mini,34.0,4880,465.98,20.02,.055796,2.246871
1781725661,phi3:mini,34.0,4886,503.72,17.45,.051615,20.279866
1781725681,phi3:mini,34.0,4888,475.54,18.96,.054674,5.957045
1781725687,phi3:mini,34.0,4884,507.11,16.72,.051269,25.587101
1781725713,phi3:mini,33.0,4882,485.07,16.19,.053600,35.449252
1781725749,phi3:mini,30.0,4882,484.63,16.19,.053648,35.074185
1781725784,phi3:mini,34.0,4881,536.73,16.35,.048441,32.595621
1781725817,phi3:mini,33.0,4881,448.04,18.00,.058029,10.833057
1781725828,phi3:mini,34.0,4881,476.31,16.55,.054586,30.202615
1781725858,phi3:mini,34.0,4879,502.49,17.71,.051741,15.807610
1781725874,phi3:mini,36.0,4885,487.01,20.53,.053386,.876446
1781725875,phi3:mini,34.0,4887,516.97,18.23,.050292,12.999180
1781725888,phi3:mini,34.0,4887,522.46,17.03,.049763,26.127705
1781725914,phi3:mini,34.0,4885,497.01,17.61,.052312,15.895634
1781725931,phi3:mini,34.0,4889,502.17,17.05,.051774,20.697560
1781725951,phi3:mini,34.0,4886,481.83,13.34,.053960,104.393001
1781726056,phi3:mini,33.0,4885,466.21,18.50,.055767,13.456371
1781726070,phi3:mini,34.0,4884,488.92,18.03,.053177,12.973085
1781726083,phi3:mini,34.0,4890,523.04,17.83,.049708,17.321333
1781726100,phi3:mini,34.0,4887,512.67,19.17,.050714,6.154799
1781726107,phi3:mini,34.0,4882,538.67,18.20,.048266,12.356067
1781726119,phi3:mini,36.0,4884,434.69,16.90,.059811,26.621190
1781726146,phi3:mini,34.0,4886,506.85,16.77,.051296,25.447621
1781726172,phi3:mini,33.0,4883,494.74,16.99,.052551,28.896188
1781726201,phi3:mini,36.0,4883,533.03,16.96,.048777,29.583817
1781726231,phi3:mini,34.0,4884,521.52,17.32,.049854,20.551646
1781726251,phi3:mini,31.0,4885,519.56,18.08,.050041,12.495646
1781726264,phi3:mini,33.0,4886,457.21,17.67,.056865,17.478837
1781726282,phi3:mini,34.0,4889,494.98,17.54,.052527,19.207997
1781726301,phi3:mini,36.0,4884,504.58,17.25,.051527,19.883697
1781726321,phi3:mini,34.0,4880,512.36,18.38,.050744,12.454070
1781726334,phi3:mini,36.0,4875,542.14,18.78,.047957,11.178768
1781726345,phi3:mini,37.0,4885,477.67,17.88,.054430,18.447591
1781726364,phi3:mini,34.0,4888,461.60,17.40,.056325,21.030142
1781726385,phi3:mini,36.0,4893,469.54,17.64,.055373,18.249799
1781726404,phi3:mini,34.0,4887,490.67,16.61,.052988,29.800676
1781726434,phi3:mini,36.0,4874,518.36,17.89,.050157,13.301947
1781726447,phi3:mini,36.0,4873,494.34,17.21,.052594,21.958633
1781726469,phi3:mini,34.0,4877,556.78,17.09,.046696,18.605323
1781726488,phi3:mini,31.0,4872,456.35,18.00,.056973,14.442556
1781726503,phi3:mini,34.0,4872,491.21,18.13,.052930,12.298294
1781726515,phi3:mini,34.0,4879,479.37,18.12,.054236,11.973378
1781726527,phi3:mini,34.0,4885,542.10,17.42,.047961,18.367305
1781726546,phi3:mini,34.0,4890,460.68,17.66,.056437,16.192350
1781726562,phi3:mini,34.0,4885,495.41,17.75,.052481,15.040506
1781726577,phi3:mini,34.0,4882,530.15,17.83,.049042,15.870697
1781726593,phi3:mini,34.0,4874,510.85,19.05,.050895,5.300250
1781726599,phi3:mini,34.0,4880,485.13,16.96,.053593,25.280353
1781726624,phi3:mini,36.0,4887,444.10,19.91,.058544,2.560652
1781726627,phi3:mini,34.0,4887,499.57,17.47,.052044,20.834572
1781726648,phi3:mini,33.0,4894,448.83,20.47,.057927,1.025806
1781726649,phi3:mini,34.0,4888,476.71,19.05,.054539,4.514316
1781726654,phi3:mini,34.0,4888,490.71,15.65,.052984,44.208837
1781726698,phi3:mini,34.0,4874,482.09,19.19,.053931,4.479707
1781726703,phi3:mini,34.0,4880,528.29,17.39,.049215,19.714350
1781726723,phi3:mini,34.0,4876,455.66,16.49,.057059,31.941371
1781726755,phi3:mini,33.0,4884,477.92,17.41,.054401,20.436809
1781726776,phi3:mini,34.0,4885,509.38,20.27,.051041,1.183931
1781726777,phi3:mini,34.0,4878,472.80,16.71,.054990,30.575572
1781726808,phi3:mini,36.0,4884,485.69,16.77,.053531,25.506879
1781726833,phi3:mini,33.0,4883,513.84,17.01,.050599,25.923254
1781726860,phi3:mini,34.0,4885,502.47,18.47,.051743,8.766840
1781726868,phi3:mini,34.0,4879,518.69,18.23,.050126,11.513508
1781726880,phi3:mini,34.0,4886,456.98,19.23,.056894,4.576001
1781726885,phi3:mini,36.0,4888,550.74,18.04,.047208,13.912418
1781726899,phi3:mini,33.0,4887,523.04,17.18,.049708,21.885441
1781726921,phi3:mini,34.0,4885,455.81,17.00,.057040,25.461458
1781726947,phi3:mini,34.0,4883,509.04,18.04,.051076,14.408308
1781726961,phi3:mini,34.0,4882,476.95,19.36,.054512,2.530787
1781726964,phi3:mini,34.0,4876,465.02,16.09,.055911,35.404147
1781726999,phi3:mini,34.0,4885,496.50,19.63,.052366,4.022585
1781727004,phi3:mini,34.0,4882,533.50,15.69,.048733,44.864004
1781727049,phi3:mini,33.0,4874,436.70,18.91,.059536,8.933629
1781727058,phi3:mini,34.0,4873,443.55,17.37,.058617,24.294240
1781727082,phi3:mini,34.0,4875,484.74,16.33,.053635,38.129298
1781727121,phi3:mini,36.0,4884,503.74,18.13,.051613,15.934928
1781727137,phi3:mini,34.0,4883,525.32,17.98,.049492,15.455886
1781727152,phi3:mini,30.0,4874,471.39,19.17,.055155,3.547150
1781727156,phi3:mini,36.0,4872,475.36,17.63,.054694,18.601059
1781727175,phi3:mini,36.0,4877,451.23,18.17,.057619,13.810344
1781727189,phi3:mini,34.0,4879,515.41,15.65,.050445,42.358349
1781727232,phi3:mini,34.0,4879,482.14,20.40,.053926,.882003
1781727233,phi3:mini,34.0,4878,492.48,17.37,.052792,19.975455
1781727253,phi3:mini,36.0,4880,527.38,18.34,.049299,10.519174
1781727263,phi3:mini,34.0,4872,529.34,18.10,.049117,12.758520
1781727276,phi3:mini,34.0,4866,485.12,17.63,.053594,16.440751
1781727293,phi3:mini,34.0,4871,470.07,18.16,.055310,11.284500
1781727304,phi3:mini,34.0,4873,495.68,15.24,.052452,50.577545
1781727355,phi3:mini,31.0,4879,478.63,19.60,.054320,3.469179
1781727359,phi3:mini,34.0,4879,471.96,18.10,.055089,12.817061
1781727372,phi3:mini,34.0,4881,466.37,19.93,.055748,3.059356
1781727375,phi3:mini,34.0,4885,472.80,17.88,.054990,18.337269
1781727394,phi3:mini,34.0,4883,465.29,18.77,.055878,10.227302
1781727404,phi3:mini,34.0,4887,502.05,17.13,.051787,22.064774
1781727426,phi3:mini,34.0,4877,475.28,19.13,.054704,6.269983
1781727433,phi3:mini,34.0,4884,511.66,16.17,.050814,38.138006
1781727471,phi3:mini,34.0,4879,541.88,17.62,.047980,17.477475
1781727489,phi3:mini,34.0,4877,516.56,17.74,.050332,16.113103
1781727505,phi3:mini,33.0,4877,494.23,18.23,.052607,11.952367
1781727517,phi3:mini,34.0,4877,459.93,19.40,.056529,3.504704
1781727521,phi3:mini,34.0,4883,483.79,17.76,.053742,17.335329
1781727538,phi3:mini,36.0,4887,480.75,18.13,.054081,12.077388
1781727551,phi3:mini,34.0,4884,506.25,18.43,.051357,10.632340
1781727561,phi3:mini,36.0,4888,517.70,18.19,.050221,10.496985
1781727572,phi3:mini,34.0,4884,505.78,16.89,.051404,23.019643
1781727595,phi3:mini,34.0,4890,457.67,18.71,.056809,6.624947
1781727602,phi3:mini,34.0,4888,464.31,16.93,.055995,25.155108
1781727627,phi3:mini,34.0,4891,434.93,17.78,.059778,15.405042
1781727643,phi3:mini,34.0,4884,525.03,17.62,.049520,15.488999
1781727659,phi3:mini,36.0,4885,481.74,18.12,.053970,12.580995
1781727671,phi3:mini,34.0,4888,496.47,17.52,.052368,19.852406
1781727691,phi3:mini,31.0,4887,508.20,20.59,.051160,1.019698
1781727693,phi3:mini,34.0,4887,472.32,16.32,.055046,32.899736
1781727726,phi3:mini,34.0,4889,498.24,17.51,.052182,20.954562
1781727747,phi3:mini,34.0,4885,512.78,18.44,.050703,8.077561
1781727755,phi3:mini,34.0,4886,460.36,17.74,.056476,16.231263
1781727772,phi3:mini,34.0,4875,500.82,17.68,.051913,17.136526
1781727789,phi3:mini,34.0,4874,496.62,17.97,.052353,15.915342
1781727805,phi3:mini,33.0,4876,495.30,19.43,.052492,5.556840
1781727811,phi3:mini,36.0,4875,491.70,18.56,.052877,12.175052
1781727823,phi3:mini,34.0,4876,555.00,16.28,.046846,34.636022
1781727858,phi3:mini,34.0,4877,475.05,18.60,.054730,8.705237
1781727867,phi3:mini,36.0,4874,494.13,17.67,.052616,15.838976
1781727883,phi3:mini,34.0,4878,454.99,17.62,.057143,18.159340
1781727901,phi3:mini,34.0,4883,424.73,17.40,.061213,18.615573
1781727920,phi3:mini,34.0,4872,490.96,19.16,.052956,3.547560
1781727924,phi3:mini,37.0,4873,528.90,18.69,.049158,8.506079
1781727932,phi3:mini,36.0,4874,468.59,17.05,.055485,25.448485
1781727958,phi3:mini,34.0,4875,549.24,16.52,.047337,32.372913
1781727991,phi3:mini,34.0,4882,487.96,17.51,.053282,16.332751
1781728007,phi3:mini,34.0,4880,472.17,16.38,.055064,33.938139
1781728041,phi3:mini,33.0,4881,482.02,17.84,.053939,17.932440
1781728059,phi3:mini,34.0,4883,489.95,17.07,.053066,24.715342
1781728084,phi3:mini,34.0,4882,452.81,18.25,.057419,11.559609
1781728096,phi3:mini,34.0,4882,464.52,18.58,.055971,12.536446
1781728109,phi3:mini,36.0,4882,510.40,17.82,.050940,16.047260
1781728125,phi3:mini,34.0,4884,481.38,17.70,.054011,16.207334
1781728141,phi3:mini,34.0,4888,460.13,17.94,.056505,13.653986
1781728155,phi3:mini,36.0,4884,468.46,20.73,.055500,.867955
1781728156,phi3:mini,34.0,4885,486.12,18.55,.053484,11.049137
1781728167,phi3:mini,34.0,4889,480.10,17.64,.054154,18.366037
1781728186,phi3:mini,36.0,4887,536.43,18.75,.048468,11.037135
1781728197,phi3:mini,34.0,4882,485.94,16.98,.053504,29.382082
1781728227,phi3:mini,34.0,4879,496.10,18.11,.052408,13.912166
1781728241,phi3:mini,34.0,4880,510.11,18.43,.050969,9.817063
1781728251,phi3:mini,34.0,4881,433.87,18.62,.059925,6.604876
1781728258,phi3:mini,34.0,4878,483.82,18.06,.053738,11.572211
1781728269,phi3:mini,37.0,4875,482.36,19.56,.053900,3.118289
1781728273,phi3:mini,36.0,4878,419.06,17.45,.062043,19.598561
1781728292,phi3:mini,36.0,4880,535.94,17.04,.048512,24.344540
1781728317,phi3:mini,36.0,4877,446.49,18.00,.058231,12.105568
1781728329,phi3:mini,34.0,4877,447.91,16.89,.058046,26.044869
1781728356,phi3:mini,34.0,4879,529.89,18.39,.049066,12.285672
1781728368,phi3:mini,34.0,4872,517.12,17.04,.050278,25.937113
1781728394,phi3:mini,36.0,4880,483.37,17.56,.053788,18.501995
1781728413,phi3:mini,36.0,4878,416.93,18.01,.062359,14.935218
1781728428,phi3:mini,33.0,4872,484.79,16.53,.053631,30.721816
1781728459,phi3:mini,33.0,4871,480.30,16.40,.054132,36.392722
1781728495,phi3:mini,36.0,4882,533.11,18.37,.048769,13.663121
1781728509,phi3:mini,36.0,4878,500.16,18.37,.051982,11.860878
1781728521,phi3:mini,34.0,4878,473.42,19.45,.054918,4.882833
1781728526,phi3:mini,34.0,4877,554.77,17.67,.046865,16.517185
1781728543,phi3:mini,34.0,4870,495.50,18.61,.052471,11.120279
1781728554,phi3:mini,36.0,4874,488.98,17.70,.053171,19.198867
1781728574,phi3:mini,34.0,4871,522.21,17.44,.049787,22.468982
1781728596,phi3:mini,33.0,4879,472.40,17.21,.055037,20.917444
1781728618,phi3:mini,34.0,4878,500.67,16.87,.051929,28.559182
1781728646,phi3:mini,34.0,4878,478.76,18.20,.054306,12.797386
1781728659,phi3:mini,36.0,4868,482.02,18.27,.053939,10.833145
1781728670,phi3:mini,37.0,4870,462.84,17.31,.056174,18.599076
1781728689,phi3:mini,34.0,4877,469.21,16.70,.055411,27.230282
1781728716,phi3:mini,36.0,4872,533.29,17.61,.048753,18.508035
1781728735,phi3:mini,34.0,4872,520.72,18.18,.049929,11.270139
1781728747,phi3:mini,34.0,4871,525.57,17.42,.049469,20.488521
1781728767,phi3:mini,34.0,4872,482.47,16.98,.053888,25.086311
1781728793,phi3:mini,33.0,4874,469.20,17.27,.055413,18.585662
1781728811,phi3:mini,36.0,4872,434.69,16.60,.059811,32.029704
1781728844,phi3:mini,33.0,4880,512.59,19.49,.050722,5.488791
1781728849,phi3:mini,34.0,4874,507.32,18.43,.051249,12.858305
1781728862,phi3:mini,34.0,4873,465.36,17.01,.055869,23.503142
1781728886,phi3:mini,34.0,4871,447.59,19.72,.058087,2.585925
1781728889,phi3:mini,34.0,4864,490.63,19.18,.052992,5.526194
1781728894,phi3:mini,34.0,4864,500.59,18.97,.051938,6.325432
1781728901,phi3:mini,34.0,4872,445.97,18.10,.058299,11.930336
1781728913,phi3:mini,34.0,4870,508.22,18.54,.051158,9.545135
1781728923,phi3:mini,34.0,4869,468.24,16.93,.055526,25.690880
1781728949,phi3:mini,34.0,4874,485.33,16.88,.053571,25.818891
1781728975,phi3:mini,36.0,4879,510.69,19.29,.050911,7.203081
1781728982,phi3:mini,36.0,4882,504.72,17.18,.051512,22.574513
1781729005,phi3:mini,36.0,4877,478.72,16.62,.054311,27.971276
1781729033,phi3:mini,34.0,4884,480.65,17.24,.054092,26.565840
1781729060,phi3:mini,36.0,4875,520.78,16.49,.049924,31.454918
1781729091,phi3:mini,31.0,4877,545.93,18.88,.047625,8.472609
1781729100,phi3:mini,36.0,4875,547.11,17.31,.047521,21.259192
1781729121,phi3:mini,34.0,4875,482.08,16.66,.053932,26.889970
1781729149,phi3:mini,33.0,4880,478.23,17.73,.054366,18.490749
1781729167,phi3:mini,34.0,4873,511.71,18.78,.050809,11.607289
1781729179,phi3:mini,34.0,4877,480.65,18.30,.054092,14.535058
1781729194,phi3:mini,34.0,4878,468.37,18.10,.055511,15.303530
1781729209,phi3:mini,34.0,4888,514.51,17.47,.050533,18.716439
1781729228,phi3:mini,34.0,4892,486.27,17.87,.053467,15.833947
1781729244,phi3:mini,34.0,4886,485.20,18.17,.053586,11.992349
1781729256,phi3:mini,34.0,4889,543.67,18.65,.047822,11.685172
1781729268,phi3:mini,36.0,4881,492.90,18.24,.052748,13.153529
1781729281,phi3:mini,34.0,4885,486.59,19.17,.053432,5.162601
1781729287,phi3:mini,33.0,4883,499.16,18.99,.052086,6.160100
1781729293,phi3:mini,34.0,4884,547.00,17.54,.047531,19.150764
1781729312,phi3:mini,36.0,4882,462.84,10.88,.056174,248.303937
1781729561,phi3:mini,32.0,4877,532.14,18.00,.048858,14.552717
1781729576,phi3:mini,34.0,4877,515.40,17.59,.050446,18.645951
1781729595,phi3:mini,34.0,4872,474.50,19.46,.054793,4.161513
1781729599,phi3:mini,34.0,4870,483.22,16.11,.053804,36.663565
1781729636,phi3:mini,34.0,4871,499.75,15.50,.052025,47.777245
1781729684,phi3:mini,34.0,4878,486.46,17.99,.053446,13.001361
1781729697,phi3:mini,33.0,4880,491.79,16.32,.052867,34.982354
1781729732,phi3:mini,33.0,4873,453.78,16.39,.057295,32.696905
1781729765,phi3:mini,34.0,4878,501.80,17.79,.051812,19.726366
1781729785,phi3:mini,37.0,4871,470.71,20.34,.055234,2.113748
1781729787,phi3:mini,34.0,4875,485.25,18.52,.053579,12.306369
1781729800,phi3:mini,37.0,4883,527.39,19.67,.049298,4.931062
1781729805,phi3:mini,36.0,4880,511.94,18.64,.050787,10.513906
1781729816,phi3:mini,34.0,4878,530.57,19.37,.049003,5.263843
1781729821,phi3:mini,34.0,4872,512.83,16.89,.050698,26.396963
1781729848,phi3:mini,33.0,4872,485.78,19.55,.053522,5.370454
1781729853,phi3:mini,34.0,4873,463.30,19.13,.056118,7.210480
1781729861,phi3:mini,34.0,4872,480.60,17.54,.054098,16.524799
1781729877,phi3:mini,34.0,4877,468.46,17.93,.055500,15.832312
1781729893,phi3:mini,34.0,4873,463.59,16.68,.056083,27.442588
1781729921,phi3:mini,33.0,4876,527.95,19.27,.049246,3.475842
1781729925,phi3:mini,34.0,4872,470.63,17.87,.055244,13.541347
1781729938,phi3:mini,34.0,4873,463.26,16.53,.056123,30.183101
1781729969,phi3:mini,34.0,4870,498.18,15.65,.052189,43.564440
1781730012,phi3:mini,34.0,4881,460.96,18.20,.056403,12.356641
1781730025,phi3:mini,34.0,4869,483.93,20.70,.053726,1.014125
1781730026,phi3:mini,37.0,4862,465.16,18.76,.055894,5.382360
1781730032,phi3:mini,36.0,4895,466.45,17.81,.055739,13.979986
1781730046,phi3:mini,36.0,4901,456.79,18.44,.056917,10.680790
1781730057,phi3:mini,34.0,4905,459.09,18.06,.056633,10.792429
1781730068,phi3:mini,36.0,4886,517.08,15.67,.050281,45.408289
1781730113,phi3:mini,30.0,4884,507.38,18.23,.051242,11.736050
1781730125,phi3:mini,34.0,4883,499.37,17.34,.052064,19.773834
1781730145,phi3:mini,34.0,4886,464.15,19.05,.056015,7.190559
1781730153,phi3:mini,34.0,4882,467.60,19.41,.055602,3.347294
1781730156,phi3:mini,36.0,4879,547.25,18.08,.047510,12.443207
1781730169,phi3:mini,34.0,4884,495.42,17.52,.052479,19.167533
1781730188,phi3:mini,34.0,4879,451.80,18.24,.057547,12.938003
1781730201,phi3:mini,36.0,4882,501.30,14.90,.051865,58.172346
1781730260,phi3:mini,33.0,4880,474.16,16.77,.054833,37.312330
1781730297,phi3:mini,36.0,4874,434.07,17.72,.059897,24.485201
1781730322,phi3:mini,34.0,4873,552.38,18.31,.047068,16.437468
1781730339,phi3:mini,36.0,4877,496.38,18.55,.052379,12.879179
1781730352,phi3:mini,34.0,4873,460.34,20.27,.056479,2.861027
1781730355,phi3:mini,34.0,4872,568.57,18.04,.045728,17.843162
1781730373,phi3:mini,31.0,4877,427.91,18.37,.060760,13.928413
1781730387,phi3:mini,36.0,4876,452.71,17.59,.057430,20.117383
1781730407,phi3:mini,36.0,4882,465.92,18.17,.055802,14.357608
1781730422,phi3:mini,34.0,4870,471.77,17.22,.055111,21.300533
1781730443,phi3:mini,34.0,4877,451.05,17.32,.057643,24.768385
1781730468,phi3:mini,33.0,4869,472.23,18.80,.055057,10.422730
1781730479,phi3:mini,33.0,4871,536.64,18.15,.048448,11.845260
1781730491,phi3:mini,36.0,4871,465.14,16.84,.055896,25.107324
1781730516,phi3:mini,34.0,4874,548.75,18.23,.047379,11.955829
1781730528,phi3:mini,34.0,4874,490.17,17.65,.053042,17.047854
1781730545,phi3:mini,34.0,4870,494.11,20.58,.052618,1.311844
1781730547,phi3:mini,36.0,4869,506.99,17.99,.051282,13.447351
1781730560,phi3:mini,34.0,4872,536.23,18.44,.048486,14.804436
1781730575,phi3:mini,34.0,4874,504.77,18.82,.051507,8.606705
1781730584,phi3:mini,36.0,4873,492.08,18.45,.052836,13.601495
1781730598,phi3:mini,36.0,4869,496.12,13.02,.052405,116.188965
1781730714,phi3:mini,33.0,4864,527.00,18.24,.049334,11.566417
1781730726,phi3:mini,34.0,4865,499.17,19.67,.052085,3.456864
1781730730,phi3:mini,33.0,4866,470.43,16.33,.055268,36.667090
1781730767,phi3:mini,34.0,4877,500.96,17.76,.051899,16.212199
1781730783,phi3:mini,34.0,4877,510.84,17.75,.050896,19.374468
1781730803,phi3:mini,34.0,4877,486.30,17.72,.053464,15.630229
1781730819,phi3:mini,34.0,4878,464.55,17.19,.055967,23.323692
1781730842,phi3:mini,34.0,4874,527.05,18.47,.049330,12.556875
1781730855,phi3:mini,33.0,4874,527.35,17.82,.049302,15.709262
1781730871,phi3:mini,34.0,4874,517.44,19.22,.050246,4.161910
1781730875,phi3:mini,33.0,4872,521.38,17.20,.049866,21.150750
1781730896,phi3:mini,34.0,4877,460.25,19.33,.056490,5.224423
1781730902,phi3:mini,36.0,4875,467.04,17.91,.055668,14.292471
1781730916,phi3:mini,34.0,4871,466.14,15.93,.055776,41.342997
1781730958,phi3:mini,31.0,4877,492.08,17.89,.052836,13.411825
1781730971,phi3:mini,34.0,4878,469.13,20.86,.055420,.862674
1781730972,phi3:mini,33.0,4878,516.86,18.42,.050303,10.529668
1781730983,phi3:mini,33.0,4878,441.97,17.77,.058827,13.166452
1781730996,phi3:mini,34.0,4876,481.86,17.38,.053956,18.410705
1781731015,phi3:mini,33.0,4879,510.76,19.48,.050904,5.850639
1781731021,phi3:mini,34.0,4880,487.24,16.29,.053361,30.871726
1781731052,phi3:mini,34.0,4886,573.90,17.39,.045303,19.320215
1781731072,phi3:mini,34.0,4881,515.27,17.96,.050458,14.475857
1781731086,phi3:mini,34.0,4877,489.89,15.26,.053072,49.859604
1781731136,phi3:mini,31.0,4871,472.48,16.84,.055028,25.762566
1781731162,phi3:mini,34.0,4879,450.99,14.73,.057650,61.883431
1781731224,phi3:mini,31.0,4881,486.36,16.53,.053458,30.728606
1781731255,phi3:mini,34.0,4879,498.47,18.38,.052159,12.730177
1781731268,phi3:mini,36.0,4881,510.25,18.02,.050954,16.250902
1781731285,phi3:mini,34.0,4885,484.03,16.14,.053715,37.287963
1781731322,phi3:mini,34.0,4882,479.83,16.84,.054184,26.719676
1781731349,phi3:mini,34.0,4873,460.71,17.67,.056434,18.779629
1781731368,phi3:mini,34.0,4881,448.78,17.95,.057934,13.977519
1781731382,phi3:mini,34.0,4877,483.19,18.25,.053808,13.751778
1781731396,phi3:mini,34.0,4881,509.81,18.23,.050999,10.857853
1781731407,phi3:mini,33.0,4884,508.34,18.23,.051146,11.294962
1781731419,phi3:mini,34.0,4879,511.32,17.52,.050848,14.262723
1781731433,phi3:mini,31.0,4876,499.60,17.54,.052041,19.496134
1781731453,phi3:mini,30.0,4887,458.06,19.36,.056760,3.200848
1781731456,phi3:mini,34.0,4884,498.70,18.97,.052134,5.007491
1781731461,phi3:mini,34.0,4878,502.53,17.84,.051737,14.119704
1781731476,phi3:mini,34.0,4873,457.12,18.53,.056877,10.520409
1781731486,phi3:mini,31.0,4877,443.50,17.77,.058623,14.400247
1781731501,phi3:mini,33.0,4880,474.63,16.68,.054778,25.232497
1781731526,phi3:mini,34.0,4874,456.09,18.10,.057005,12.757922
1781731539,phi3:mini,34.0,4878,465.12,17.65,.055898,18.461624
1781731558,phi3:mini,34.0,4883,515.94,17.20,.050392,20.868108
1781731579,phi3:mini,33.0,4880,463.91,19.41,.056045,4.430025
1781731584,phi3:mini,34.0,4880,476.45,17.95,.054569,13.313128
1781731597,phi3:mini,34.0,4877,514.88,17.53,.050496,20.248173
1781731618,phi3:mini,34.0,4868,523.38,20.10,.049676,1.840683
1781731620,phi3:mini,34.0,4866,547.70,18.04,.047470,13.244153
1781731633,phi3:mini,34.0,4868,510.38,15.94,.050941,37.437495
1781731671,phi3:mini,34.0,4879,528.64,18.12,.049181,12.852823
1781731684,phi3:mini,31.0,4876,482.50,17.78,.053885,15.626925
1781731700,phi3:mini,34.0,4874,476.69,17.45,.054542,21.031471
1781731721,phi3:mini,31.0,4877,496.14,16.71,.052404,29.548329
1781731750,phi3:mini,32.0,4882,532.86,17.87,.048793,15.607004
1781731766,phi3:mini,34.0,4879,548.46,17.10,.047405,24.196920
1781731791,phi3:mini,34.0,4882,488.92,17.65,.053177,15.803229
1781731807,phi3:mini,34.0,4885,574.13,18.61,.045285,10.529737
1781731817,phi3:mini,34.0,4886,465.34,18.36,.055871,9.639489
1781731827,phi3:mini,34.0,4882,503.02,18.44,.051687,10.680560
1781731838,phi3:mini,34.0,4876,493.50,18.22,.052684,10.478593
1781731849,phi3:mini,34.0,4876,485.60,18.79,.053541,7.768160
1781731857,phi3:mini,37.0,4881,509.38,18.20,.051042,14.883993
1781731872,phi3:mini,34.0,4875,506.67,17.47,.051315,20.946104
1781731893,phi3:mini,34.0,4884,458.81,20.34,.056668,.884856
1781731894,phi3:mini,36.0,4885,456.70,17.93,.056929,14.275770
1781731908,phi3:mini,36.0,4893,473.29,17.86,.054933,14.609626
1781731923,phi3:mini,34.0,4888,553.69,18.88,.046957,5.561149
1781731929,phi3:mini,36.0,4891,524.11,17.61,.049607,18.511456
1781731948,phi3:mini,34.0,4876,477.76,17.72,.054419,15.176093
1781731963,phi3:mini,34.0,4880,472.49,17.21,.055027,27.643271
1781731991,phi3:mini,34.0,4882,493.93,18.28,.052638,12.797976
1781732004,phi3:mini,36.0,4880,477.01,18.08,.054505,12.997116
1781732017,phi3:mini,34.0,4884,474.62,17.30,.054779,21.155833
1781732038,phi3:mini,34.0,4886,478.84,17.34,.054296,19.828245
1781732058,phi3:mini,36.0,4878,538.53,12.92,.048279,121.481003
1781732180,phi3:mini,33.0,4883,509.96,16.84,.050983,27.181661
1781732207,phi3:mini,34.0,4875,446.99,17.00,.058165,24.347603
1781732232,phi3:mini,34.0,4880,460.98,20.15,.056401,1.488822
1781732234,phi3:mini,34.0,4875,489.16,17.85,.053151,12.264769
1781732246,phi3:mini,34.0,4876,488.57,17.10,.053216,24.970200
1781732271,phi3:mini,33.0,4876,541.89,17.94,.047979,15.213943
1781732287,phi3:mini,34.0,4881,506.07,16.14,.051375,36.722299
1781732324,phi3:mini,34.0,4879,481.73,18.75,.053972,8.049915
1781732332,phi3:mini,34.0,4883,452.81,18.21,.057418,12.021450
1781732344,phi3:mini,34.0,4883,517.31,18.56,.050259,11.740433
1781732356,phi3:mini,34.0,4882,471.37,20.24,.055157,2.222432
1781732358,phi3:mini,31.0,4874,504.46,18.31,.051540,12.446219
1781732371,phi3:mini,33.0,4879,481.50,17.69,.053997,14.241295
1781732385,phi3:mini,36.0,4884,442.52,16.99,.058753,24.070071
1781732410,phi3:mini,34.0,4881,429.35,16.10,.060556,40.357559
1781732450,phi3:mini,34.0,4887,433.25,18.67,.060011,10.227321
1781732461,phi3:mini,34.0,4881,418.36,17.50,.062147,19.880458
1781732481,phi3:mini,34.0,4884,538.79,19.93,.048256,2.608461
1781732483,phi3:mini,37.0,4883,502.66,17.89,.051724,15.087701
1781732499,phi3:mini,34.0,4877,500.62,17.94,.051935,13.987451
1781732513,phi3:mini,36.0,4879,437.41,18.18,.059440,16.333557
1781732529,phi3:mini,34.0,4882,510.84,19.82,.050896,4.439518
1781732534,phi3:mini,36.0,4884,547.66,17.97,.047474,15.741368
1781732550,phi3:mini,34.0,4884,489.03,18.07,.053165,13.889073
1781732564,phi3:mini,34.0,4888,521.97,20.55,.049811,1.070345
1781732565,phi3:mini,34.0,4883,478.21,19.44,.054368,2.571023
1781732568,phi3:mini,34.0,4877,486.70,17.64,.053420,19.492288
1781732588,phi3:mini,34.0,4883,555.29,17.07,.046821,24.128882
1781732612,phi3:mini,34.0,4881,497.66,19.17,.052243,6.518598
1781732619,phi3:mini,36.0,4874,527.14,20.92,.049322,.908147
1781732620,phi3:mini,33.0,4873,468.94,15.12,.055443,51.300707
1781732671,phi3:mini,33.0,4876,495.74,18.14,.052446,12.841740
1781732684,phi3:mini,33.0,4880,483.14,15.96,.053813,39.911182
1781732724,phi3:mini,34.0,4880,528.43,18.11,.049201,17.887495
1781732742,phi3:mini,36.0,4880,478.80,16.01,.054302,43.345167
1781732786,phi3:mini,30.0,4884,540.87,19.70,.048070,3.044485
1781732789,phi3:mini,34.0,4881,504.69,18.19,.051516,15.825052
1781732805,phi3:mini,34.0,4884,472.48,17.41,.055028,18.715554
1781732824,phi3:mini,31.0,4883,439.11,19.81,.059209,2.371350
1781732827,phi3:mini,34.0,4884,487.50,19.24,.053333,5.247567
1781732832,phi3:mini,34.0,4886,491.95,17.58,.052850,18.312659
1781732851,phi3:mini,34.0,4882,484.39,18.33,.053675,9.652171
1781732860,phi3:mini,34.0,4884,531.76,15.71,.048894,46.059212
1781732907,phi3:mini,33.0,4882,492.86,19.21,.052753,5.099467
1781732912,phi3:mini,34.0,4882,453.57,19.74,.057322,3.392928
1781732916,phi3:mini,34.0,4883,519.29,17.08,.050067,25.222694
1781732941,phi3:mini,33.0,4886,527.54,18.40,.049284,11.085220
1781732952,phi3:mini,34.0,4883,497.73,17.04,.052237,26.399232
1781732979,phi3:mini,36.0,4888,505.35,17.10,.051449,20.574585
1781733000,phi3:mini,34.0,4892,435.12,17.24,.059752,20.116513
1781733020,phi3:mini,34.0,4885,503.77,17.21,.051610,22.303975
1781733042,phi3:mini,34.0,4886,495.85,20.31,.052434,1.919345
1781733044,phi3:mini,36.0,4887,455.66,17.26,.057059,24.733874
1781733069,phi3:mini,30.0,4884,509.47,16.81,.051032,27.359664
1781733097,phi3:mini,36.0,4890,415.58,16.43,.062562,31.757312
1781733129,phi3:mini,34.0,4892,475.95,19.51,.054627,2.920142
1781733132,phi3:mini,34.0,4888,460.64,17.51,.056442,19.816997
1781733152,phi3:mini,34.0,4886,462.95,16.87,.056161,25.240302
1781733177,phi3:mini,34.0,4874,492.07,16.10,.052837,36.749051
1781733214,phi3:mini,34.0,4874,495.49,17.47,.052473,21.053579
1781733236,phi3:mini,34.0,4880,498.11,17.83,.052196,15.697063
1781733252,phi3:mini,33.0,4883,524.95,19.62,.049527,4.381272
1781733256,phi3:mini,34.0,4879,478.95,18.47,.054284,10.285373
1781733267,phi3:mini,34.0,4879,491.52,13.29,.052896,103.509023
1781733370,phi3:mini,33.0,4886,506.44,19.12,.051338,5.594024
1781733376,phi3:mini,34.0,4888,457.18,18.30,.056869,7.758077
1781733384,phi3:mini,33.0,4884,464.90,15.96,.055925,38.704176
1781733423,phi3:mini,33.0,4881,472.77,17.48,.054994,20.413572
1781733444,phi3:mini,36.0,4881,522.72,16.87,.049739,31.582311
1781733475,phi3:mini,33.0,4882,508.58,16.89,.051121,25.565454
1781733501,phi3:mini,33.0,4883,484.85,18.57,.053624,7.376547
1781733509,phi3:mini,34.0,4879,488.64,17.45,.053207,18.615320
1781733528,phi3:mini,34.0,4882,518.76,18.29,.050119,12.626897
1781733540,phi3:mini,36.0,4881,501.03,15.64,.051892,43.476963
1781733584,phi3:mini,36.0,4884,477.99,18.96,.054394,7.276638
1781733592,phi3:mini,34.0,4881,531.72,18.03,.048897,12.749980
1781733604,phi3:mini,34.0,4884,523.21,17.56,.049692,19.015526
1781733624,phi3:mini,34.0,4883,445.47,21.52,.058364,.836270
1781733625,phi3:mini,34.0,4885,468.52,16.35,.055492,32.045012
1781733657,phi3:mini,31.0,4885,519.60,18.72,.050038,7.583103
1781733665,phi3:mini,31.0,4887,550.86,15.36,.047198,48.105120
1781733713,phi3:mini,33.0,4889,544.96,17.91,.047709,13.059370
1781733726,phi3:mini,34.0,4883,458.91,17.35,.056655,18.440073
1781733745,phi3:mini,33.0,4882,487.14,18.18,.053371,13.637681
1781733759,phi3:mini,34.0,4883,519.74,17.73,.050024,16.693746
1781733775,phi3:mini,34.0,4882,492.70,17.49,.052769,17.605895
1781733793,phi3:mini,34.0,4873,506.88,16.73,.051294,24.738376
1781733818,phi3:mini,34.0,4869,465.25,17.10,.055882,25.308856
1781733844,phi3:mini,34.0,4871,423.32,16.79,.061419,26.195782
1781733870,phi3:mini,34.0,4868,495.75,19.12,.052444,3.764774
1781733874,phi3:mini,34.0,4873,549.38,17.92,.047325,14.004806
1781733888,phi3:mini,36.0,4874,542.74,16.80,.047904,29.993568
1781733918,phi3:mini,34.0,4879,555.91,16.74,.046769,29.323469
1781733948,phi3:mini,33.0,4887,505.05,16.93,.051479,25.633709
1781733974,phi3:mini,34.0,4888,508.67,17.20,.051113,20.810551
1781733995,phi3:mini,34.0,4884,459.58,18.27,.056572,10.670856
1781734006,phi3:mini,34.0,4884,474.95,18.00,.054741,13.826917
1781734020,phi3:mini,33.0,4876,462.63,17.77,.056200,16.033710
1781734036,phi3:mini,34.0,4876,494.86,18.09,.052539,13.045102
1781734049,phi3:mini,34.0,4875,491.58,17.54,.052890,18.632974
1781734068,phi3:mini,34.0,4876,439.33,18.82,.059180,7.171054
1781734075,phi3:mini,34.0,4873,508.31,17.16,.051149,22.952137
1781734098,phi3:mini,33.0,4872,553.13,16.55,.047004,27.181153
1781734126,phi3:mini,34.0,4877,498.17,18.29,.052190,10.822847
1781734137,phi3:mini,34.0,4879,460.64,19.45,.056443,5.963497
1781734143,phi3:mini,36.0,4875,509.37,15.97,.051042,41.198932
1781734184,phi3:mini,34.0,4875,492.53,18.87,.052787,11.654298
1781734196,phi3:mini,36.0,4868,477.26,17.83,.054477,15.641909
1781734212,phi3:mini,34.0,4879,482.51,18.16,.053883,14.094982
1781734226,phi3:mini,34.0,4882,451.63,17.53,.057568,17.680875
1781734244,phi3:mini,34.0,4884,478.85,19.66,.054296,4.068041
1781734248,phi3:mini,34.0,4877,515.42,18.10,.050443,11.323395
1781734260,phi3:mini,34.0,4880,508.23,19.12,.051157,5.856856
1781734266,phi3:mini,36.0,4878,532.19,17.28,.048854,20.420485
1781734287,phi3:mini,36.0,4880,506.90,17.13,.051291,22.933847
1781734310,phi3:mini,34.0,4881,493.45,18.02,.052690,13.927873
1781734324,phi3:mini,34.0,4879,452.20,19.63,.057496,2.648530
1781734327,phi3:mini,36.0,4879,487.72,18.63,.053308,11.162211
1781734338,phi3:mini,34.0,4880,503.16,17.42,.051673,20.543863
1781734359,phi3:mini,34.0,4881,467.85,19.40,.055572,4.535437
1781734363,phi3:mini,34.0,4877,505.65,19.25,.051418,4.310591
1781734368,phi3:mini,34.0,4876,531.40,19.34,.048926,4.187901
1781734372,phi3:mini,34.0,4874,461.17,17.91,.056377,16.741448
1781734389,phi3:mini,34.0,4881,480.74,17.45,.054082,20.392890
1781734410,phi3:mini,34.0,4885,467.09,19.40,.055662,4.122530
1781734414,phi3:mini,34.0,4884,487.81,19.32,.053298,3.104171
1781734417,phi3:mini,34.0,4884,505.23,19.29,.051461,4.923826
1781734422,phi3:mini,34.0,4891,515.41,17.45,.050444,20.458065
1781734443,phi3:mini,36.0,4888,518.64,18.50,.050130,10.213321
1781734453,phi3:mini,36.0,4882,486.09,16.98,.053487,27.016261
1781734480,phi3:mini,34.0,4887,560.31,17.53,.046402,17.792840
1781734498,phi3:mini,33.0,4886,505.53,17.01,.051430,26.274129
1781734525,phi3:mini,34.0,4881,464.85,19.45,.055930,2.466785
1781734528,phi3:mini,34.0,4883,495.02,18.03,.052522,13.415130
1781734541,phi3:mini,34.0,4888,505.01,17.25,.051483,20.229217
1781734562,phi3:mini,34.0,4887,471.81,16.88,.055106,23.332888
1781734585,phi3:mini,34.0,4877,490.06,18.66,.053054,7.982952
1781734593,phi3:mini,34.0,4881,487.14,16.80,.053372,25.524400
1781734619,phi3:mini,34.0,4879,441.48,19.33,.058892,5.792754
1781734625,phi3:mini,31.0,4878,474.32,17.93,.054814,16.779174
1781734642,phi3:mini,34.0,4876,491.66,16.92,.052881,29.889344
1781734672,phi3:mini,31.0,4876,442.46,17.78,.058761,17.145357
1781734689,phi3:mini,33.0,4878,476.80,17.72,.054529,18.334819
1781734708,phi3:mini,34.0,4877,496.45,19.18,.052370,5.629773
1781734714,phi3:mini,34.0,4874,513.37,17.06,.050645,24.787847
1781734739,phi3:mini,34.0,4874,528.40,20.13,.049204,1.489995
1781734740,phi3:mini,36.0,4875,458.38,18.24,.056721,13.427447
1781734754,phi3:mini,37.0,4880,466.47,16.84,.055737,25.644696
1781734780,phi3:mini,36.0,4877,497.42,17.68,.052269,17.581363
1781734798,phi3:mini,34.0,4870,517.40,18.63,.050251,12.232704
1781734810,phi3:mini,34.0,4871,495.75,21.14,.052445,1.276739
1781734811,phi3:mini,36.0,4873,493.21,20.57,.052715,2.186779
1781734814,phi3:mini,34.0,4873,480.36,18.65,.054125,14.633442
1781734829,phi3:mini,34.0,4874,488.31,17.26,.053244,25.719627
1781734854,phi3:mini,34.0,4871,505.11,17.22,.051473,24.725693
1781734879,phi3:mini,34.0,4876,547.94,18.35,.047449,11.493833
1781734891,phi3:mini,36.0,4880,485.16,17.97,.053590,14.911427
1781734906,phi3:mini,36.0,4876,457.52,17.66,.056827,15.055489
1781734921,phi3:mini,34.0,4881,497.27,18.24,.052284,11.950162
1781734934,phi3:mini,34.0,4872,460.90,16.91,.056410,25.418507
1781734959,phi3:mini,34.0,4879,506.78,18.76,.051303,5.010371
1781734964,phi3:mini,34.0,4881,531.89,18.19,.048882,10.828858
1781734975,phi3:mini,36.0,4882,508.14,19.15,.051166,6.004417
1781734981,phi3:mini,36.0,4879,528.53,16.92,.049192,24.926592
1781735007,phi3:mini,33.0,4880,453.70,19.02,.057306,7.412448
1781735014,phi3:mini,34.0,4875,485.74,18.40,.053526,11.409313
1781735026,phi3:mini,34.0,4876,501.28,17.84,.051866,14.573267
1781735041,phi3:mini,34.0,4877,455.47,19.57,.057083,2.963178
1781735044,phi3:mini,36.0,4878,496.91,18.79,.052322,8.670235
1781735052,phi3:mini,34.0,4884,510.02,17.83,.050977,15.528693
1781735068,phi3:mini,36.0,4880,498.26,17.25,.052181,20.400387
1781735089,phi3:mini,33.0,4888,512.22,17.59,.050759,18.472858
1781735107,phi3:mini,34.0,4884,480.30,16.97,.054132,25.926965
1781735134,phi3:mini,34.0,4883,517.32,18.75,.050258,7.358709
1781735141,phi3:mini,34.0,4887,503.22,17.81,.051666,15.881996
1781735157,phi3:mini,34.0,4881,483.48,17.76,.053775,18.015566
1781735175,phi3:mini,33.0,4880,519.60,15.14,.050037,56.588499
1781735232,phi3:mini,33.0,4877,488.57,19.57,.053215,4.291522
1781735237,phi3:mini,30.0,4874,463.01,17.40,.056153,20.107659
1781735257,phi3:mini,33.0,4869,422.23,17.12,.061577,23.361423
1781735281,phi3:mini,33.0,4869,483.06,19.09,.053823,6.075041
1781735287,phi3:mini,34.0,4873,465.08,17.71,.055903,16.769316
1781735304,phi3:mini,33.0,4875,510.85,19.16,.050895,5.791889
1781735310,phi3:mini,34.0,4878,478.88,20.10,.054293,2.039475
1781735312,phi3:mini,34.0,4879,488.57,17.74,.053216,16.796610
1781735329,phi3:mini,36.0,4878,492.05,17.41,.052839,20.208808
1781735349,phi3:mini,34.0,4881,507.37,16.61,.051243,31.710603
1781735381,phi3:mini,34.0,4879,507.39,19.16,.051241,7.148150
1781735388,phi3:mini,36.0,4874,473.52,16.27,.054907,35.764429
1781735424,phi3:mini,33.0,4879,499.37,17.03,.052065,24.474528
1781735449,phi3:mini,33.0,4883,497.96,18.24,.052212,11.949010
1781735461,phi3:mini,34.0,4883,493.41,18.18,.052693,12.924080
1781735474,phi3:mini,34.0,4879,471.39,17.42,.055155,20.367983
1781735495,phi3:mini,33.0,4878,458.16,18.65,.056747,8.363885
1781735503,phi3:mini,34.0,4882,515.53,17.61,.050432,15.494899
1781735519,phi3:mini,33.0,4879,477.84,19.30,.054411,5.077353
1781735524,phi3:mini,34.0,4874,517.76,18.04,.050216,13.132844
1781735538,phi3:mini,34.0,4875,466.01,16.86,.055792,25.084224
1781735563,phi3:mini,34.0,4879,486.43,17.09,.053450,21.879322
1781735585,phi3:mini,34.0,4885,473.23,16.54,.054940,30.585583
1781735616,phi3:mini,33.0,4885,483.77,17.81,.053744,15.883772
1781735632,phi3:mini,34.0,4887,468.74,17.60,.055467,17.320424
1781735649,phi3:mini,34.0,4878,489.78,17.24,.053084,22.091970
1781735672,phi3:mini,34.0,4878,486.50,18.72,.053442,7.955556
1781735680,phi3:mini,34.0,4874,536.99,16.94,.048417,25.789092
1781735706,phi3:mini,34.0,4872,424.72,17.05,.061216,25.512344
1781735732,phi3:mini,34.0,4875,458.98,16.41,.056646,34.597510
1781735766,phi3:mini,37.0,4879,451.05,18.99,.057642,10.106130
1781735777,phi3:mini,34.0,4878,486.65,17.61,.053426,19.076729
1781735796,phi3:mini,34.0,4878,469.35,20.87,.055395,1.437447
1781735797,phi3:mini,34.0,4879,480.93,17.87,.054061,17.846398
1781735816,phi3:mini,33.0,4879,486.66,15.30,.053424,50.033394
1781735866,phi3:mini,34.0,4877,507.32,18.43,.051249,10.793928
1781735877,phi3:mini,34.0,4881,490.39,17.89,.053018,18.104202
1781735895,phi3:mini,34.0,4882,482.12,19.32,.053927,4.656003
1781735900,phi3:mini,34.0,4881,506.49,17.66,.051333,15.507335
1781735916,phi3:mini,33.0,4885,497.78,19.25,.052231,5.246408
1781735921,phi3:mini,34.0,4881,476.63,16.41,.054549,28.273222
1781735949,phi3:mini,34.0,4883,533.70,17.10,.048715,25.788209
1781735975,phi3:mini,34.0,4885,475.50,18.52,.054678,10.365939
1781735986,phi3:mini,34.0,4877,547.87,17.36,.047456,24.010465
1781736010,phi3:mini,34.0,4883,541.01,17.09,.048057,24.971906
1781736035,phi3:mini,34.0,4881,486.80,19.72,.053409,2.484776
1781736038,phi3:mini,34.0,4877,460.60,17.46,.056446,17.749091
1781736056,phi3:mini,31.0,4877,499.61,17.39,.052039,16.899048
1781736073,phi3:mini,34.0,4879,479.48,21.26,.054224,.846314
1781736074,phi3:mini,34.0,4877,492.12,17.68,.052831,16.845877
1781736091,phi3:mini,34.0,4880,489.01,18.01,.053168,14.874852
1781736106,phi3:mini,34.0,4873,463.34,19.31,.056113,7.091240
1781736113,phi3:mini,34.0,4874,497.05,20.60,.052308,.970749
1781736114,phi3:mini,34.0,4876,495.38,17.17,.052483,21.599340
1781736136,phi3:mini,34.0,4883,486.56,18.54,.053435,7.981184
1781736144,phi3:mini,34.0,4878,483.75,17.88,.053746,13.198384
1781736158,phi3:mini,34.0,4873,480.27,17.67,.054135,16.233597
1781736174,phi3:mini,34.0,4881,448.69,17.13,.057945,23.757963
1781736198,phi3:mini,34.0,4878,495.54,18.29,.052467,10.551658
1781736209,phi3:mini,34.0,4873,485.85,17.36,.053513,19.576952
1781736229,phi3:mini,34.0,4879,465.31,19.14,.055876,5.327359
1781736234,phi3:mini,34.0,4881,510.22,18.15,.050957,13.162019
1781736247,phi3:mini,34.0,4883,478.50,17.44,.054335,21.037752
1781736269,phi3:mini,36.0,4875,481.50,18.56,.053996,11.743199
1781736281,phi3:mini,34.0,4880,513.49,17.09,.050633,20.881067
1781736302,phi3:mini,31.0,4884,464.69,17.44,.055950,19.437747
1781736321,phi3:mini,34.0,4883,491.82,17.93,.052864,14.271506
1781736336,phi3:mini,37.0,4887,490.67,18.91,.052988,7.928647
1781736344,phi3:mini,36.0,4888,513.32,18.11,.050650,18.823568
1781736363,phi3:mini,36.0,4884,538.96,18.28,.048240,13.894377
1781736377,phi3:mini,36.0,4885,466.00,18.35,.055793,10.623846
1781736388,phi3:mini,36.0,4880,509.71,17.70,.051008,16.608718
1781736405,phi3:mini,36.0,4884,497.91,17.48,.052217,20.014552
1781736425,phi3:mini,33.0,4890,528.71,17.21,.049175,21.139945
1781736446,phi3:mini,33.0,4884,483.86,17.54,.053733,16.702324
1781736463,phi3:mini,34.0,4890,469.99,15.94,.055319,40.947127
1781736504,phi3:mini,33.0,4881,457.54,17.55,.056825,18.687296
1781736523,phi3:mini,34.0,4888,520.14,15.22,.049986,52.529768
1781736576,phi3:mini,34.0,4875,497.05,18.85,.052308,12.248613
1781736588,phi3:mini,34.0,4880,474.98,18.07,.054738,16.656724
1781736605,phi3:mini,34.0,4885,518.14,17.98,.050178,14.730530
1781736620,phi3:mini,34.0,4887,476.24,18.41,.054593,11.134579
1781736631,phi3:mini,34.0,4890,512.42,17.81,.050739,16.001470
1781736647,phi3:mini,34.0,4887,486.87,18.10,.053401,18.006120
1781736666,phi3:mini,34.0,4885,485.50,17.58,.053551,20.982407
1781736687,phi3:mini,34.0,4879,500.14,18.41,.051985,11.676595
1781736699,phi3:mini,34.0,4880,513.13,18.71,.050669,8.707335
1781736708,phi3:mini,34.0,4878,456.72,19.44,.056926,4.525578
1781736712,phi3:mini,34.0,4881,551.97,18.04,.047103,14.796886
1781736727,phi3:mini,36.0,4876,518.24,17.16,.050169,20.213636
1781736748,phi3:mini,34.0,4885,495.92,16.61,.052427,29.557366
1781736777,phi3:mini,34.0,4881,519.68,16.62,.050030,34.829793
1781736812,phi3:mini,34.0,4873,503.12,17.71,.051677,20.550210
1781736833,phi3:mini,33.0,4871,503.21,17.93,.051668,17.168609
1781736850,phi3:mini,34.0,4877,458.89,16.46,.056657,34.688992
1781736885,phi3:mini,33.0,4875,523.20,15.06,.049693,51.431287
1781736937,phi3:mini,33.0,4874,522.09,18.25,.049799,10.465344
1781736948,phi3:mini,34.0,4877,477.10,15.45,.054494,50.143702
1781736998,phi3:mini,34.0,4878,508.06,18.48,.051175,11.847629
1781737010,phi3:mini,33.0,4887,485.37,17.78,.053566,18.383427
1781737029,phi3:mini,36.0,4880,528.57,17.85,.049188,17.870839
1781737047,phi3:mini,31.0,4884,478.57,17.55,.054328,19.144111
1781737066,phi3:mini,34.0,4881,488.28,17.84,.053247,12.942974
1781737079,phi3:mini,31.0,4872,487.57,17.04,.053325,22.530025
1781737102,phi3:mini,33.0,4875,481.60,17.39,.053985,20.525086
1781737123,phi3:mini,34.0,4878,513.95,19.29,.050588,4.197238
1781737127,phi3:mini,36.0,4878,498.88,15.30,.052116,50.974560
1781737178,phi3:mini,34.0,4883,501.95,18.11,.051797,10.488488
1781737189,phi3:mini,33.0,4889,503.43,15.15,.051645,50.480879
1781737240,phi3:mini,34.0,4907,503.78,18.76,.051609,5.382866
1781737245,phi3:mini,34.0,4905,511.01,16.80,.050879,30.284722
1781737276,phi3:mini,33.0,4900,528.03,18.56,.049239,11.096556
1781737287,phi3:mini,31.0,4898,507.71,18.17,.051210,12.768138
1781737300,phi3:mini,34.0,4897,485.53,16.82,.053549,29.959795
1781737330,phi3:mini,34.0,4899,520.49,15.80,.049952,41.769206
1781737372,phi3:mini,34.0,4871,474.76,18.50,.054764,11.133122
1781737383,phi3:mini,34.0,4874,491.47,17.71,.052901,17.559353
1781737401,phi3:mini,34.0,4878,523.57,17.06,.049658,25.380718
1781737427,phi3:mini,34.0,4871,475.57,17.70,.054670,15.078390
1781737442,phi3:mini,33.0,4880,469.93,20.30,.055327,1.034257
1781737443,phi3:mini,34.0,4874,520.13,17.60,.049986,18.462599
1781737462,phi3:mini,34.0,4881,470.16,18.53,.055299,7.446305
1781737469,phi3:mini,36.0,4883,464.75,18.57,.055944,10.338307
1781737480,phi3:mini,31.0,4873,451.50,18.20,.057585,15.431611
1781737495,phi3:mini,36.0,4866,453.62,18.51,.057315,10.263790
1781737506,phi3:mini,34.0,4866,493.32,18.42,.052703,12.485657
1781737518,phi3:mini,36.0,4868,535.52,18.48,.048550,12.388412
1781737531,phi3:mini,36.0,4866,505.02,17.26,.051482,24.784262
1781737556,phi3:mini,34.0,4871,503.53,18.66,.051634,9.480566
1781737566,phi3:mini,31.0,4869,491.91,16.42,.052854,32.031331
1781737598,phi3:mini,33.0,4869,530.33,17.10,.049025,22.805382
1781737621,phi3:mini,34.0,4873,454.16,19.21,.057248,5.256311
1781737626,phi3:mini,36.0,4868,455.23,17.50,.057113,20.792750
1781737647,phi3:mini,34.0,4865,496.83,17.55,.052330,16.401087
1781737664,phi3:mini,34.0,4871,454.22,16.27,.057239,34.528495
1781737699,phi3:mini,34.0,4869,470.39,18.53,.055272,10.305176
1781737709,phi3:mini,34.0,4874,531.22,19.28,.048943,5.236586
1781737714,phi3:mini,34.0,4875,473.29,17.47,.054933,19.798792
1781737734,phi3:mini,31.0,4876,522.69,17.01,.049742,23.444987
1781737758,phi3:mini,33.0,4881,477.71,16.08,.054426,39.923301
1781737798,phi3:mini,33.0,4883,463.04,17.74,.056149,18.150670
1781737817,phi3:mini,34.0,4883,489.32,16.60,.053134,30.349927
1781737847,phi3:mini,34.0,4881,497.21,17.24,.052291,20.414073
1781737868,phi3:mini,33.0,4880,475.48,17.03,.054681,22.603800
1781737890,phi3:mini,34.0,4877,427.49,16.10,.060819,33.848461
1781737925,phi3:mini,34.0,4882,443.39,17.77,.058639,15.414861
1781737940,phi3:mini,34.0,4879,472.41,17.10,.055036,21.577750
1781737962,phi3:mini,36.0,4883,487.11,17.09,.053375,22.756162
1781737985,phi3:mini,34.0,4879,499.92,17.78,.052007,14.616838
1781738000,phi3:mini,33.0,4884,507.47,15.41,.051234,48.775146
1781738049,phi3:mini,34.0,4876,517.83,17.06,.050208,25.024898
1781738074,phi3:mini,36.0,4875,462.28,15.98,.056242,38.286944
1781738112,phi3:mini,31.0,4874,443.33,18.28,.058645,11.483046
1781738124,phi3:mini,34.0,4878,541.99,18.62,.047971,8.804233
1781738133,phi3:mini,36.0,4880,484.71,18.05,.053639,12.849672
1781738146,phi3:mini,37.0,4878,469.33,18.47,.055396,13.746537
1781738160,phi3:mini,36.0,4877,533.30,17.78,.048753,19.176134
1781738179,phi3:mini,36.0,4884,474.01,19.71,.054850,4.514785
1781738184,phi3:mini,34.0,4881,530.77,18.23,.048984,14.042454
1781738198,phi3:mini,36.0,4881,486.18,18.24,.053477,12.770386
1781738211,phi3:mini,34.0,4883,470.45,18.87,.055266,5.668703
1781738217,phi3:mini,36.0,4885,490.47,17.13,.053010,23.874551
1781738241,phi3:mini,34.0,4872,516.79,20.02,.050309,2.346974
1781738244,phi3:mini,34.0,4873,537.22,19.46,.048397,2.979547
1781738247,phi3:mini,36.0,4873,490.23,16.38,.053035,31.674793
1781738279,phi3:mini,34.0,4879,500.17,17.03,.051981,21.957174
1781738301,phi3:mini,34.0,4875,464.35,16.04,.055991,37.577649
1781738338,phi3:mini,38.0,4882,447.15,18.34,.058146,11.993663
1781738351,phi3:mini,33.0,4880,510.70,20.70,.050909,1.110995
1781738352,phi3:mini,34.0,4875,447.78,17.21,.058063,21.261434
1781738373,phi3:mini,33.0,4883,497.21,16.82,.052291,25.137696
1781738399,phi3:mini,34.0,4885,469.99,18.21,.055319,13.776562
1781738413,phi3:mini,34.0,4883,530.82,18.15,.048980,14.815843
1781738428,phi3:mini,31.0,4893,468.75,20.00,.055466,1.849225
1781738430,phi3:mini,36.0,4891,522.97,18.41,.049715,11.238345
1781738441,phi3:mini,31.0,4888,491.83,18.30,.052863,10.708681
1781738452,phi3:mini,36.0,4884,510.22,18.39,.050958,10.384085
1781738463,phi3:mini,34.0,4887,500.80,16.83,.051915,25.537747
1781738488,phi3:mini,34.0,4888,532.94,16.86,.048785,26.799430
1781738515,phi3:mini,34.0,4887,485.32,18.83,.053572,10.407864
1781738526,phi3:mini,36.0,4886,467.94,18.86,.055561,5.673171
1781738532,phi3:mini,36.0,4886,493.63,17.42,.052670,21.180645
1781738553,phi3:mini,36.0,4888,491.95,19.68,.052850,4.978509
1781738558,phi3:mini,36.0,4888,537.09,17.14,.048408,28.341127
1781738587,phi3:mini,34.0,4891,474.90,20.63,.054747,1.211577
1781738588,phi3:mini,36.0,4888,547.02,17.79,.047529,18.377743
1781738607,phi3:mini,34.0,4889,501.32,17.59,.051862,17.102394
1781738624,phi3:mini,34.0,4891,492.07,17.87,.052837,13.874608
1781738638,phi3:mini,34.0,4887,485.39,18.49,.053564,10.329893
1781738649,phi3:mini,34.0,4891,485.48,18.00,.053554,12.996698
1781738662,phi3:mini,36.0,4889,484.63,18.75,.053648,9.332920
1781738671,phi3:mini,34.0,4886,465.47,16.88,.055856,25.651445
1781738697,phi3:mini,34.0,4889,487.13,18.34,.053373,10.302533
1781738708,phi3:mini,33.0,4878,492.48,18.22,.052793,12.840758
1781738721,phi3:mini,34.0,4879,503.40,17.79,.051648,15.788195
1781738737,phi3:mini,36.0,4885,520.22,19.61,.049978,4.384348
1781738741,phi3:mini,34.0,4887,453.61,17.96,.057317,14.420001
1781738756,phi3:mini,34.0,4886,534.55,17.51,.048638,23.744702
1781738780,phi3:mini,34.0,4887,498.64,17.82,.052141,17.283505
1781738797,phi3:mini,36.0,4888,474.21,18.76,.054827,9.857851
1781738807,phi3:mini,34.0,4888,471.14,20.43,.055185,1.810276
1781738809,phi3:mini,34.0,4886,482.59,16.82,.053874,25.260786
1781738835,phi3:mini,36.0,4890,460.76,17.60,.056427,17.041154
1781738852,phi3:mini,33.0,4884,489.87,16.67,.053074,27.533649
1781738879,phi3:mini,34.0,4880,480.75,16.65,.054081,27.132368
1781738907,phi3:mini,34.0,4885,520.83,16.75,.049920,25.418257
1781738932,phi3:mini,34.0,4882,455.82,17.54,.057038,17.608396
1781738950,phi3:mini,34.0,4877,500.51,18.69,.051946,7.916912
1781738958,phi3:mini,34.0,4876,517.04,16.99,.050285,29.543350
1781738988,phi3:mini,34.0,4884,508.18,18.67,.051162,8.781638
1781738997,phi3:mini,36.0,4882,481.73,17.91,.053971,17.192342
1781739014,phi3:mini,34.0,4882,529.94,16.69,.049061,29.885288
1781739044,phi3:mini,34.0,4880,484.34,17.51,.053680,16.495627
1781739061,phi3:mini,36.0,4881,493.81,17.30,.052651,20.751297
1781739082,phi3:mini,34.0,4884,529.39,19.69,.049112,4.011873
1781739086,phi3:mini,34.0,4876,519.83,16.72,.050015,26.132331
1781739113,phi3:mini,34.0,4876,459.64,18.93,.056565,6.389679
1781739119,phi3:mini,34.0,4878,506.34,17.41,.051348,18.666601
1781739138,phi3:mini,34.0,4884,556.23,16.06,.046742,39.345917
1781739178,phi3:mini,34.0,4884,498.93,16.89,.052111,28.050160
1781739206,phi3:mini,34.0,4885,479.34,18.23,.054241,8.553008
1781739214,phi3:mini,34.0,4885,478.07,17.96,.054384,14.246780
1781739229,phi3:mini,36.0,4880,481.90,18.27,.053952,11.653451
1781739241,phi3:mini,37.0,4886,483.67,16.12,.053755,40.314792
1781739281,phi3:mini,33.0,4885,500.42,18.51,.051955,12.152843
1781739294,phi3:mini,36.0,4891,479.28,17.68,.054247,18.432341
1781739312,phi3:mini,34.0,4890,501.46,18.66,.051848,9.485194
1781739322,phi3:mini,34.0,4888,510.56,17.64,.050924,18.421026
1781739340,phi3:mini,34.0,4888,468.87,15.35,.055451,52.091025
1781739393,phi3:mini,34.0,4894,520.37,19.40,.049964,3.400685
1781739396,phi3:mini,36.0,4888,489.12,18.18,.053155,11.328300
1781739408,phi3:mini,36.0,4889,530.01,16.42,.049054,33.971412
1781739442,phi3:mini,34.0,4881,444.68,18.04,.058468,14.685794
1781739457,phi3:mini,36.0,4881,490.10,18.17,.053049,13.534266
1781739471,phi3:mini,34.0,4882,462.86,17.70,.056171,17.569522
1781739488,phi3:mini,33.0,4886,470.22,20.05,.055292,2.442790
1781739491,phi3:mini,33.0,4879,492.13,17.33,.052830,20.250450
1781739511,phi3:mini,36.0,4886,460.20,15.45,.056497,51.812869
1781739563,phi3:mini,30.0,4888,461.05,20.32,.056392,2.509261
1781739566,phi3:mini,34.0,4883,504.77,18.30,.051508,14.257811
1781739581,phi3:mini,34.0,4885,553.42,17.49,.046980,18.691388
1781739599,phi3:mini,34.0,4881,477.49,21.40,.054451,.747479
1781739600,phi3:mini,34.0,4880,457.66,19.86,.056810,2.970732
1781739603,phi3:mini,34.0,4873,496.65,17.35,.052349,19.243575
1781739623,phi3:mini,33.0,4880,501.76,17.55,.051817,16.747554
1781739640,phi3:mini,34.0,4888,471.36,17.38,.055159,18.056431
1781739658,phi3:mini,34.0,4875,503.96,17.52,.051591,17.686683
1781739676,phi3:mini,34.0,4879,492.90,19.59,.052748,3.418639
1781739679,phi3:mini,34.0,4880,519.24,16.52,.050072,33.097097
1781739713,phi3:mini,34.0,4878,503.51,20.24,.051637,1.235174
1781739714,phi3:mini,34.0,4880,466.62,18.14,.055719,12.015638
1781739726,phi3:mini,34.0,4884,508.65,15.90,.051114,38.237697
1781739765,phi3:mini,34.0,4882,513.62,17.00,.050620,24.932967
1781739790,phi3:mini,33.0,4882,512.69,17.62,.050712,18.553666
1781739809,phi3:mini,34.0,4884,505.75,19.59,.051408,3.418701
1781739812,phi3:mini,34.0,4877,462.20,18.39,.056252,10.380530
1781739823,phi3:mini,34.0,4875,524.69,18.39,.049552,10.873928
1781739834,phi3:mini,34.0,4871,560.45,16.28,.046390,31.325819
1781739865,phi3:mini,34.0,4875,505.45,17.13,.051438,21.706157
1781739887,phi3:mini,34.0,4879,437.46,17.62,.059433,18.606060
1781739906,phi3:mini,33.0,4883,490.16,17.29,.053043,18.786153
1781739925,phi3:mini,34.0,4874,480.40,16.05,.054121,37.866143
1781739963,phi3:mini,34.0,4886,536.53,19.00,.048458,5.208584
1781739968,phi3:mini,34.0,4882,478.37,18.00,.054350,15.717618
1781739984,phi3:mini,36.0,4886,509.62,17.55,.051018,18.855620
1781740003,phi3:mini,34.0,4881,490.25,17.91,.053033,16.185443
1781740020,phi3:mini,34.0,4871,469.27,17.08,.055404,25.811986
1781740046,phi3:mini,34.0,4879,434.51,16.62,.059837,34.105578
1781740080,phi3:mini,36.0,4880,545.23,17.76,.047685,19.256411
1781740100,phi3:mini,34.0,4882,527.54,18.62,.049285,10.521206
1781740110,phi3:mini,34.0,4877,497.53,17.88,.052258,15.712054
1781740126,phi3:mini,34.0,4882,457.48,17.59,.056832,17.561657
1781740144,phi3:mini,34.0,4880,447.72,16.57,.058070,32.159476
1781740176,phi3:mini,34.0,4880,467.53,17.29,.055611,20.120079
1781740197,phi3:mini,34.0,4881,441.29,18.36,.058918,11.922605
1781740209,phi3:mini,30.0,4883,538.64,17.32,.048269,18.929006
1781740228,phi3:mini,34.0,4880,475.63,16.01,.054663,41.774296
1781740270,phi3:mini,36.0,4877,489.61,18.02,.053103,13.204298
1781740283,phi3:mini,36.0,4882,490.44,20.01,.053013,2.648537
1781740286,phi3:mini,34.0,4882,554.94,16.55,.046851,32.135830
1781740318,phi3:mini,33.0,4887,461.42,19.75,.056347,2.429344
1781740321,phi3:mini,34.0,4885,461.08,18.37,.056388,11.156303
1781740332,phi3:mini,31.0,4883,463.78,17.71,.056060,17.214492
1781740350,phi3:mini,31.0,4883,520.26,18.14,.049974,13.888231
1781740364,phi3:mini,34.0,4881,474.45,17.08,.054800,29.732574
1781740394,phi3:mini,34.0,4877,478.39,20.70,.054348,1.110657
1781740395,phi3:mini,34.0,4872,536.00,17.92,.048507,13.330634
1781740409,phi3:mini,36.0,4880,486.92,17.99,.053396,12.113331
1781740421,phi3:mini,36.0,4885,537.10,17.67,.048407,17.600065
1781740439,phi3:mini,34.0,4881,454.24,20.51,.057237,1.169881
1781740440,phi3:mini,34.0,4871,531.90,18.12,.048881,12.026502
1781740452,phi3:mini,34.0,4876,569.50,18.20,.045653,12.965390
1781740465,phi3:mini,34.0,4876,522.25,17.00,.049783,29.336665
1781740495,phi3:mini,34.0,4878,464.70,18.83,.055949,10.140766
1781740505,phi3:mini,34.0,4880,501.38,17.99,.051856,17.059970
1781740522,phi3:mini,34.0,4879,514.10,18.32,.050573,11.571612
1781740534,phi3:mini,37.0,4879,465.78,18.95,.055820,6.962031
1781740541,phi3:mini,34.0,4880,525.64,20.28,.049462,.986176
1781740542,phi3:mini,34.0,4881,494.61,16.96,.052566,24.173784
1781740567,phi3:mini,34.0,4881,451.06,18.65,.057641,7.987545
1781740575,phi3:mini,34.0,4879,535.21,19.65,.048579,2.543901
1781740578,phi3:mini,36.0,4878,506.20,16.90,.051362,25.265767
1781740603,phi3:mini,34.0,4882,462.13,18.93,.056260,6.127258
1781740609,phi3:mini,37.0,4887,468.55,17.96,.055489,14.361433
1781740624,phi3:mini,36.0,4880,489.06,19.35,.053163,5.942117
1781740630,phi3:mini,36.0,4878,519.05,19.48,.050090,5.184205
1781740635,phi3:mini,34.0,4884,452.27,17.83,.057487,17.947088
1781740654,phi3:mini,34.0,4887,515.95,17.52,.050391,20.427713
1781740674,phi3:mini,36.0,4887,474.52,20.69,.054791,1.063018
1781740675,phi3:mini,34.0,4881,427.16,16.95,.060866,26.659780
1781740702,phi3:mini,34.0,4882,446.45,16.94,.058236,24.788167
1781740727,phi3:mini,34.0,4888,486.83,17.26,.053406,21.022998
1781740748,phi3:mini,34.0,4886,445.52,17.64,.058358,16.714210
1781740765,phi3:mini,34.0,4878,476.82,16.61,.054527,27.690076
1781740793,phi3:mini,34.0,4885,469.23,17.78,.055409,14.173111
1781740808,phi3:mini,34.0,4888,478.00,18.39,.054392,10.381970
1781740818,phi3:mini,34.0,4885,483.18,16.66,.053810,26.047097
1781740844,phi3:mini,34.0,4890,481.61,17.90,.053985,14.797475
1781740859,phi3:mini,33.0,4887,473.86,16.66,.054868,26.879415
1781740886,phi3:mini,33.0,4888,497.15,18.18,.052297,13.640909
1781740900,phi3:mini,34.0,4879,554.69,16.82,.046872,29.594537
1781740930,phi3:mini,33.0,4883,489.13,15.46,.053154,48.248765
1781740979,phi3:mini,34.0,4878,518.15,19.35,.050177,5.218938
1781740984,phi3:mini,34.0,4874,492.82,18.33,.052757,11.179439
1781740995,phi3:mini,34.0,4874,486.57,17.19,.053435,24.432753
1781741020,phi3:mini,34.0,4877,497.35,19.00,.052276,6.050127
1781741026,phi3:mini,33.0,4881,445.34,17.66,.058382,16.137515
1781741042,phi3:mini,34.0,4886,498.12,17.64,.052195,18.414179
1781741061,phi3:mini,33.0,4889,491.35,15.77,.052915,47.728368
1781741109,phi3:mini,34.0,4880,471.28,17.03,.055168,26.949576
1781741136,phi3:mini,34.0,4881,482.61,17.13,.053872,24.857401
1781741161,phi3:mini,34.0,4884,553.29,17.71,.046991,18.512394
1781741180,phi3:mini,34.0,4882,522.25,16.27,.049783,38.285808
1781741218,phi3:mini,33.0,4883,535.90,17.03,.048515,25.593355
1781741244,phi3:mini,34.0,4881,534.51,17.32,.048641,20.668502
1781741265,phi3:mini,34.0,4887,468.21,15.87,.055530,44.080617
1781741309,phi3:mini,34.0,4887,543.35,16.86,.047850,23.249094
1781741333,phi3:mini,34.0,4886,487.50,18.57,.053332,11.844725
1781741345,phi3:mini,34.0,4888,489.35,17.40,.053131,24.365150
1781741369,phi3:mini,33.0,4883,486.27,19.57,.053467,4.648876
1781741374,phi3:mini,33.0,4881,475.21,17.74,.054712,16.961653
1781741391,phi3:mini,34.0,4881,480.59,16.89,.054099,25.563655
1781741417,phi3:mini,34.0,4881,411.37,17.92,.063202,16.177946
1781741433,phi3:mini,34.0,4872,543.03,16.87,.047879,26.430644
1781741460,phi3:mini,33.0,4876,462.15,17.94,.056258,13.205661
1781741473,phi3:mini,34.0,4877,436.86,19.58,.059515,3.471890
1781741477,phi3:mini,34.0,4874,509.30,18.36,.051049,11.434441
1781741489,phi3:mini,33.0,4879,516.34,18.70,.050353,10.102782
1781741499,phi3:mini,34.0,4879,442.58,17.95,.058745,13.311307
1781741512,phi3:mini,34.0,4884,496.15,17.64,.052403,16.773005
1781741529,phi3:mini,33.0,4884,501.99,16.96,.051792,22.633374
1781741552,phi3:mini,34.0,4877,496.57,18.92,.052358,6.498553
1781741559,phi3:mini,34.0,4881,517.42,17.63,.050248,16.272568
1781741575,phi3:mini,34.0,4883,510.11,17.04,.050969,25.349544
1781741601,phi3:mini,34.0,4880,499.82,17.83,.052018,18.338315
1781741619,phi3:mini,34.0,4887,500.98,17.76,.051897,18.572542
1781741638,phi3:mini,34.0,4886,534.94,19.71,.048602,2.941573
1781741641,phi3:mini,34.0,4886,505.27,17.25,.051457,21.327421
1781741663,phi3:mini,34.0,4885,545.60,15.91,.047653,39.260449
1781741702,phi3:mini,34.0,4878,447.10,20.58,.058152,.923202
1781741703,phi3:mini,34.0,4878,487.39,17.36,.053344,20.850929
1781741724,phi3:mini,34.0,4880,503.63,17.24,.051624,22.032064
1781741747,phi3:mini,34.0,4886,467.87,18.64,.055570,10.458889
1781741757,phi3:mini,34.0,4888,475.63,17.36,.054663,21.129191
1781741779,phi3:mini,36.0,4886,509.40,17.68,.051040,16.628840
1781741795,phi3:mini,34.0,4894,465.86,18.03,.055810,13.915877
1781741810,phi3:mini,34.0,4888,544.49,17.20,.047750,21.971644
1781741832,phi3:mini,34.0,4887,516.01,18.10,.050386,13.202812
1781741845,phi3:mini,34.0,4878,537.20,17.49,.048398,17.943174
1781741863,phi3:mini,34.0,4883,489.22,18.08,.053144,13.657897
1781741877,phi3:mini,31.0,4878,488.00,17.11,.053277,21.385389
1781741899,phi3:mini,33.0,4883,504.28,20.37,.051558,1.226804
1781741900,phi3:mini,34.0,4884,474.76,17.75,.054763,16.331076
1781741916,phi3:mini,34.0,4882,484.14,18.82,.053702,7.594390
1781741924,phi3:mini,36.0,4881,521.53,16.76,.049852,26.536133
1781741951,phi3:mini,33.0,4885,535.98,17.37,.048509,22.968399
1781741974,phi3:mini,34.0,4885,501.80,18.26,.051813,11.883476
1781741986,phi3:mini,34.0,4886,456.00,20.65,.057016,2.856549
1781741989,phi3:mini,36.0,4877,520.64,18.03,.049938,15.690868
1781742005,phi3:mini,34.0,4881,449.18,17.45,.057883,17.702181
1781742023,phi3:mini,33.0,4886,484.96,15.85,.053611,39.534211
1781742063,phi3:mini,34.0,4886,414.73,17.05,.062690,25.511778
1781742088,phi3:mini,34.0,4879,510.91,17.86,.050889,16.011304
1781742105,phi3:mini,34.0,4886,514.71,17.23,.050513,22.158421
1781742127,phi3:mini,34.0,4889,483.52,15.67,.053771,43.694829
1781742171,phi3:mini,31.0,4884,553.68,18.09,.046958,15.083317
1781742186,phi3:mini,34.0,4881,523.63,16.98,.049653,24.851194
1781742211,phi3:mini,34.0,4881,468.98,17.61,.055438,18.445512
1781742230,phi3:mini,34.0,4885,519.59,17.37,.050038,24.344242
1781742254,phi3:mini,30.0,4885,563.09,17.56,.046173,18.441805
1781742273,phi3:mini,36.0,4889,498.53,16.64,.052153,30.886437
1781742304,phi3:mini,31.0,4889,503.62,20.50,.051625,.975471
1781742305,phi3:mini,36.0,4890,560.29,17.62,.046404,17.760568
1781742323,phi3:mini,34.0,4894,491.60,17.59,.052888,17.507822
1781742341,phi3:mini,34.0,4887,472.08,18.20,.055074,10.768750
1781742352,phi3:mini,33.0,4891,496.10,16.41,.052407,31.930630
1781742384,phi3:mini,33.0,4890,483.35,18.36,.053790,11.163981
1781742395,phi3:mini,31.0,4884,538.53,19.44,.048279,5.245634
1781742401,phi3:mini,33.0,4886,516.06,18.02,.050380,13.255898
1781742414,phi3:mini,31.0,4880,448.47,18.29,.057974,13.832023
1781742428,phi3:mini,34.0,4886,520.04,13.33,.049996,98.256250
1781742527,phi3:mini,33.0,4889,502.87,18.03,.051702,12.090330
1781742539,phi3:mini,33.0,4882,448.98,17.49,.057907,21.948169
1781742561,phi3:mini,33.0,4887,462.62,18.20,.056200,13.460880
1781742575,phi3:mini,33.0,4887,512.93,18.39,.050688,10.326110
1781742585,phi3:mini,34.0,4883,499.39,18.02,.052062,13.262802
1781742599,phi3:mini,34.0,4887,508.51,17.54,.051129,17.608543
1781742616,phi3:mini,33.0,4886,458.24,17.93,.056738,15.276574
1781742632,phi3:mini,31.0,4885,495.38,20.83,.052484,.864027
1781742633,phi3:mini,34.0,4884,523.06,18.73,.049706,6.779824
1781742640,phi3:mini,34.0,4884,486.72,18.95,.053418,6.066782
1781742646,phi3:mini,33.0,4879,504.96,20.28,.051488,.887416
1781742647,phi3:mini,36.0,4872,500.44,18.75,.051953,7.464141
1781742655,phi3:mini,34.0,4876,482.17,17.58,.053921,18.142388
1781742673,phi3:mini,34.0,4879,512.78,17.74,.050703,14.141719
1781742687,phi3:mini,34.0,4877,420.87,19.40,.061776,3.297535
1781742691,phi3:mini,36.0,4876,443.13,17.86,.058673,15.953531
1781742707,phi3:mini,36.0,4882,494.61,17.31,.052566,20.557232
1781742728,phi3:mini,34.0,4885,500.43,17.37,.051954,21.116615
1781742749,phi3:mini,33.0,4884,516.75,16.51,.050313,30.639928
1781742780,phi3:mini,33.0,4890,522.47,19.88,.049763,3.017934
1781742783,phi3:mini,33.0,4889,563.68,15.12,.046124,53.614939
1781742837,phi3:mini,33.0,4889,480.34,17.31,.054127,21.082178
1781742858,phi3:mini,33.0,4885,464.21,15.35,.056008,49.223039
1781742908,phi3:mini,34.0,4878,447.74,18.15,.058069,11.953354
1781742920,phi3:mini,31.0,4879,486.81,17.65,.053408,17.327612
1781742937,phi3:mini,34.0,4881,464.47,18.20,.055976,12.414128
1781742950,phi3:mini,33.0,4878,510.82,15.69,.050898,42.808784
1781742993,phi3:mini,34.0,4885,477.53,17.02,.054445,22.670847
1781743016,phi3:mini,34.0,4876,491.85,18.58,.052860,10.387220
1781743026,phi3:mini,36.0,4867,465.99,18.17,.055795,13.428557
1781743040,phi3:mini,31.0,4867,496.84,17.89,.052329,16.374826
1781743057,phi3:mini,34.0,4872,452.76,17.52,.057425,18.319733
1781743075,phi3:mini,34.0,4881,488.40,18.10,.053234,12.044073
1781743087,phi3:mini,34.0,4884,454.19,17.29,.057243,22.209327
1781743110,phi3:mini,33.0,4878,477.19,17.89,.054484,15.811674
1781743126,phi3:mini,34.0,4881,510.62,17.95,.050918,13.365036
1781743139,phi3:mini,34.0,4882,473.61,23.54,.054897,.254883
1781743140,phi3:mini,34.0,4884,478.21,18.79,.054368,7.448474
1781743147,phi3:mini,34.0,4882,546.72,18.06,.047555,13.228443
1781743161,phi3:mini,34.0,4880,471.74,17.42,.055114,20.600700
1781743181,phi3:mini,36.0,4881,533.36,18.44,.048747,12.414887
1781743194,phi3:mini,34.0,4881,463.40,17.71,.056106,18.008651
1781743212,phi3:mini,34.0,4877,530.77,16.86,.048985,26.616924
1781743239,phi3:mini,36.0,4887,432.46,17.73,.060119,16.807200
1781743256,phi3:mini,34.0,4885,476.58,17.35,.054555,20.104188
1781743276,phi3:mini,34.0,4884,498.69,19.59,.052136,5.102945
1781743282,phi3:mini,34.0,4886,533.91,17.12,.048697,25.227434
1781743307,phi3:mini,31.0,4881,466.47,17.58,.055737,15.977701
1781743323,phi3:mini,34.0,4889,494.23,18.23,.052606,11.952010
1781743335,phi3:mini,31.0,4891,518.43,16.23,.050150,33.809964
1781743369,phi3:mini,34.0,4886,499.21,19.15,.052082,5.116757
1781743375,phi3:mini,33.0,4889,421.36,17.49,.061703,21.086974
1781743396,phi3:mini,36.0,4886,542.61,19.08,.047915,9.745287
1781743406,phi3:mini,33.0,4888,454.48,18.67,.057208,11.617344
1781743418,phi3:mini,34.0,4892,485.84,19.61,.053515,4.385355
1781743422,phi3:mini,34.0,4888,500.57,18.15,.051939,16.633266
1781743439,phi3:mini,36.0,4881,512.62,17.29,.050719,18.908419
1781743458,phi3:mini,33.0,4884,494.74,16.94,.052552,25.970353
1781743484,phi3:mini,34.0,4891,551.69,15.74,.047127,47.137754
1781743532,phi3:mini,33.0,4895,455.40,16.43,.057092,31.156488
1781743563,phi3:mini,33.0,4883,507.11,17.69,.051270,18.427823
1781743582,phi3:mini,34.0,4878,500.81,18.53,.051915,10.413038
1781743592,phi3:mini,34.0,4888,484.73,18.42,.053638,11.778164
1781743604,phi3:mini,34.0,4887,496.21,17.81,.052396,13.359082
1781743618,phi3:mini,34.0,4891,520.43,17.30,.049958,24.561895
1781743642,phi3:mini,36.0,4887,488.20,21.05,.053255,.854958
1781743643,phi3:mini,34.0,4886,553.83,17.66,.046945,18.565479
1781743662,phi3:mini,34.0,4883,493.87,16.75,.052645,27.451149
1781743690,phi3:mini,34.0,4889,496.49,18.85,.052367,7.318654
1781743697,phi3:mini,34.0,4891,500.69,16.56,.051928,30.302596
1781743728,phi3:mini,34.0,4886,513.07,19.76,.050675,3.035677
1781743731,phi3:mini,36.0,4885,480.78,17.04,.054078,25.116402
1781743756,phi3:mini,34.0,4880,525.37,19.07,.049488,5.295844
1781743762,phi3:mini,36.0,4877,492.31,18.08,.052811,13.102952
1781743775,phi3:mini,31.0,4881,449.67,18.16,.057819,10.844729
1781743786,phi3:mini,34.0,4881,494.37,17.46,.052592,17.917137
1781743804,phi3:mini,34.0,4885,472.44,17.20,.055033,23.943685
1781743828,phi3:mini,34.0,4886,513.18,18.22,.050663,13.059596
1781743842,phi3:mini,34.0,4876,491.19,17.09,.052932,21.823890
1781743864,phi3:mini,34.0,4881,543.09,18.43,.047874,10.363009
1781743874,phi3:mini,34.0,4883,496.60,16.78,.052355,25.503753
1781743900,phi3:mini,34.0,4882,473.48,17.78,.054912,19.177605
1781743919,phi3:mini,34.0,4878,485.78,18.61,.053521,11.708241
1781743931,phi3:mini,34.0,4876,487.34,18.91,.053350,10.098810
1781743941,phi3:mini,34.0,4877,475.23,19.04,.054709,7.245590
1781743949,phi3:mini,34.0,4871,496.49,18.22,.052366,12.727610
1781743962,phi3:mini,34.0,4871,504.69,15.95,.051516,40.561906
1781744003,phi3:mini,34.0,4880,425.15,17.78,.061154,18.446452
1781744021,phi3:mini,34.0,4878,465.50,18.86,.055852,10.124337
1781744032,phi3:mini,36.0,4883,516.66,18.51,.050322,14.960680
1781744047,phi3:mini,34.0,4887,502.69,18.72,.051721,11.163799
1781744058,phi3:mini,34.0,4888,506.53,17.66,.051328,20.381400
1781744079,phi3:mini,34.0,4880,470.45,17.55,.055266,18.059254
1781744097,phi3:mini,36.0,4880,501.40,18.22,.051854,11.305613
1781744108,phi3:mini,34.0,4885,476.63,17.50,.054548,18.511828
1781744127,phi3:mini,33.0,4872,450.76,18.34,.057679,13.028111
1781744140,phi3:mini,34.0,4878,506.53,17.98,.051328,13.678763
1781744154,phi3:mini,34.0,4883,496.48,16.77,.052367,25.933526
1781744180,phi3:mini,33.0,4878,503.55,17.60,.051632,18.406783
1781744199,phi3:mini,31.0,4879,431.87,20.80,.060202,.817186
1781744200,phi3:mini,31.0,4878,503.85,15.09,.051602,55.855440
1781744256,phi3:mini,34.0,4880,456.17,16.84,.056995,25.293679
1781744281,phi3:mini,34.0,4879,504.97,17.58,.051488,17.063027
1781744299,phi3:mini,33.0,4878,460.50,17.87,.056459,19.019750
1781744318,phi3:mini,36.0,4876,474.53,19.95,.054790,4.110206
1781744322,phi3:mini,34.0,4874,476.74,21.23,.054536,1.083209
1781744323,phi3:mini,33.0,4878,534.19,19.23,.048670,5.250042
1781744329,phi3:mini,34.0,4877,510.20,17.46,.050960,20.952481
1781744350,phi3:mini,34.0,4876,490.28,17.88,.053030,15.265350
1781744365,phi3:mini,34.0,4877,492.22,17.38,.052821,18.115607
1781744384,phi3:mini,34.0,4882,465.61,17.54,.055840,18.179486
1781744402,phi3:mini,34.0,4880,532.54,18.61,.048822,6.178591
1781744408,phi3:mini,34.0,4876,561.00,16.91,.046345,25.663811
1781744434,phi3:mini,33.0,4906,453.37,18.62,.057348,10.253794
1781744445,phi3:mini,34.0,4901,496.01,17.78,.052417,14.615417
1781744459,phi3:mini,34.0,4892,472.50,17.83,.055025,16.146499
1781744476,phi3:mini,34.0,4893,501.36,18.39,.051858,8.428280
1781744484,phi3:mini,34.0,4898,492.35,17.31,.052807,20.213009
1781744505,phi3:mini,34.0,4898,562.95,18.91,.046184,5.657199
1781744511,phi3:mini,34.0,4895,452.72,16.42,.057430,30.624073
1781744541,phi3:mini,34.0,4903,455.94,16.06,.057024,40.153729
1781744582,phi3:mini,34.0,4875,490.19,16.47,.053039,31.437798
1781744613,phi3:mini,34.0,4878,435.51,19.33,.059700,4.241459
1781744618,phi3:mini,34.0,4881,516.38,17.07,.050349,21.615885
1781744640,phi3:mini,33.0,4885,471.29,16.47,.055167,31.130069
1781744671,phi3:mini,34.0,4885,441.22,18.51,.058926,11.451328
1781744683,phi3:mini,33.0,4883,468.81,18.92,.055458,6.868854
1781744690,phi3:mini,34.0,4884,549.90,20.76,.047280,.963381
1781744691,phi3:mini,34.0,4885,532.55,17.65,.048820,16.765449
1781744708,phi3:mini,34.0,4883,452.41,17.83,.057469,19.961939
1781744728,phi3:mini,34.0,4883,465.13,18.74,.055897,10.138425
1781744738,phi3:mini,34.0,4881,480.50,17.78,.054109,21.597233
1781744760,phi3:mini,36.0,4878,496.54,18.24,.052361,15.124319
1781744775,phi3:mini,34.0,4882,503.47,19.41,.051640,7.624062
1781744783,phi3:mini,34.0,4890,422.78,17.88,.061497,18.112951
1781744801,phi3:mini,33.0,4885,488.91,18.10,.053178,16.021495
1781744818,phi3:mini,34.0,4880,540.66,18.11,.048089,13.634711
1781744831,phi3:mini,34.0,4883,534.78,17.08,.048617,25.338919
1781744857,phi3:mini,36.0,4893,447.54,18.58,.058094,10.225045
1781744867,phi3:mini,34.0,4881,499.13,20.03,.052090,2.945355
1781744870,phi3:mini,34.0,4878,453.35,20.36,.057350,1.276671
1781744872,phi3:mini,34.0,4877,488.25,17.69,.053251,17.233859
1781744889,phi3:mini,36.0,4882,501.08,18.58,.051887,13.289261
1781744903,phi3:mini,34.0,4883,517.03,16.82,.050286,31.674722
1781744935,phi3:mini,34.0,4885,474.45,17.12,.054800,26.400632
1781744961,phi3:mini,34.0,4882,536.40,19.22,.048471,5.877620
1781744967,phi3:mini,34.0,4880,508.98,17.57,.051082,19.004624
1781744986,phi3:mini,34.0,4884,474.79,17.33,.054760,19.667679
1781745006,phi3:mini,36.0,4886,466.23,17.88,.055766,18.281816
1781745025,phi3:mini,34.0,4883,501.20,18.65,.051874,11.468417
1781745036,phi3:mini,34.0,4881,479.01,16.94,.054278,26.136034
1781745063,phi3:mini,34.0,4885,478.81,16.07,.054300,38.699129
1781745102,phi3:mini,34.0,4889,467.13,17.01,.055657,22.567214
1781745124,phi3:mini,36.0,4891,519.26,17.84,.050071,15.694376
1781745140,phi3:mini,34.0,4891,490.41,16.60,.053015,29.632141
1781745170,phi3:mini,32.0,4891,506.05,17.01,.051377,24.916861
1781745195,phi3:mini,34.0,4886,471.16,19.42,.055182,5.095931
1781745201,phi3:mini,37.0,4884,460.94,18.79,.056405,8.671505
1781745209,phi3:mini,34.0,4878,503.72,16.32,.051615,40.063409
1781745250,phi3:mini,34.0,4884,505.12,19.41,.051472,5.872267
1781745256,phi3:mini,34.0,4883,512.88,22.69,.050693,.528716
1781745256,phi3:mini,34.0,4884,512.41,20.04,.050740,2.644698
1781745259,phi3:mini,36.0,4885,495.70,18.30,.052450,15.348374
1781745275,phi3:mini,33.0,4879,492.61,17.65,.052779,17.784701
1781745293,phi3:mini,34.0,4885,487.58,18.08,.053323,14.155500
1781745307,phi3:mini,34.0,4886,504.50,17.47,.051535,18.594145
1781745326,phi3:mini,34.0,4882,484.66,18.19,.053645,10.495122
1781745337,phi3:mini,34.0,4880,474.79,17.44,.054760,20.114670
1781745357,phi3:mini,36.0,4880,528.20,19.03,.049223,7.408809
1781745364,phi3:mini,36.0,4887,468.17,17.99,.055534,19.338998
1781745384,phi3:mini,37.0,4883,532.25,17.93,.048849,16.390091
1781745401,phi3:mini,34.0,4887,558.19,16.71,.046578,30.812265
1781745432,phi3:mini,34.0,4879,510.47,18.57,.050933,10.391745
1781745442,phi3:mini,34.0,4884,521.78,15.93,.049829,41.285220
1781745484,phi3:mini,33.0,4884,489.09,19.58,.053159,2.348595
1781745486,phi3:mini,34.0,4887,474.24,17.17,.054824,21.602017
1781745508,phi3:mini,34.0,4883,531.16,16.95,.048948,26.071717
1781745534,phi3:mini,31.0,4886,451.45,15.51,.057592,46.972812
1781745581,phi3:mini,33.0,4888,473.16,16.83,.054948,24.951983
1781745607,phi3:mini,34.0,4885,546.23,21.13,.047598,.615050
1781745607,phi3:mini,34.0,4886,538.31,18.46,.048298,9.259344
1781745617,phi3:mini,31.0,4888,521.77,17.68,.049829,17.306812
1781745634,phi3:mini,34.0,4890,551.88,18.28,.047111,12.797041
1781745647,phi3:mini,34.0,4893,483.56,18.67,.053767,11.136431
1781745659,phi3:mini,34.0,4892,466.15,17.76,.055775,18.120657
1781745677,phi3:mini,34.0,4890,513.57,20.28,.050625,1.133997
1781745678,phi3:mini,33.0,4885,528.14,18.34,.049228,13.304133
1781745692,phi3:mini,36.0,4883,466.48,16.59,.055736,30.968934
1781745723,phi3:mini,34.0,4882,497.17,16.11,.052295,40.719104
1781745764,phi3:mini,34.0,4885,505.52,18.16,.051432,13.819577
1781745778,phi3:mini,34.0,4890,484.68,16.52,.053642,30.143457
1781745808,phi3:mini,33.0,4891,527.42,16.09,.049295,37.832910
1781745846,phi3:mini,33.0,4891,481.18,16.36,.054033,34.827515
1781745881,phi3:mini,33.0,4890,477.10,18.39,.054495,12.992647
1781745894,phi3:mini,34.0,4887,438.65,17.47,.059272,18.598467
1781745913,phi3:mini,34.0,4890,484.62,17.73,.053650,18.323016
1781745932,phi3:mini,34.0,4888,542.25,18.57,.047947,11.734185
1781745944,phi3:mini,36.0,4893,549.62,20.73,.047305,1.012833
1781745945,phi3:mini,36.0,4892,539.14,16.37,.048224,35.366701
1781745980,phi3:mini,34.0,4886,503.51,17.13,.051637,21.880478
1781746002,phi3:mini,34.0,4885,515.61,16.53,.050424,29.930734
1781746033,phi3:mini,34.0,4885,530.25,18.21,.049033,11.472221
1781746044,phi3:mini,34.0,4889,488.02,18.19,.053275,15.441428
1781746060,phi3:mini,34.0,4887,471.72,17.28,.055116,24.527238
1781746085,phi3:mini,34.0,4884,464.52,18.10,.055971,13.694430
1781746098,phi3:mini,34.0,4887,529.72,19.57,.049081,4.343027
1781746103,phi3:mini,36.0,4881,524.68,16.47,.049553,33.442483
1781746137,phi3:mini,34.0,4881,498.88,17.10,.052116,25.613409
1781746162,phi3:mini,34.0,4887,546.06,17.56,.047613,17.020057
1781746180,phi3:mini,34.0,4892,476.52,16.95,.054561,25.531074
1781746205,phi3:mini,34.0,4890,495.08,15.64,.052516,48.567490
1781746254,phi3:mini,33.0,4889,482.53,18.39,.053882,10.330094
1781746265,phi3:mini,31.0,4887,495.16,16.37,.052508,32.175325
1781746297,phi3:mini,31.0,4887,476.51,18.00,.054562,13.833006
1781746311,phi3:mini,34.0,4886,447.93,18.46,.058043,12.672256
1781746324,phi3:mini,36.0,4888,461.36,17.83,.056354,15.867001
1781746340,phi3:mini,34.0,4890,458.63,17.53,.056689,20.249562
1781746360,phi3:mini,34.0,4885,475.68,20.68,.054657,.870057
1781746361,phi3:mini,34.0,4882,558.30,16.57,.046569,30.173721
1781746392,phi3:mini,33.0,4886,494.22,17.82,.052607,16.271374
1781746408,phi3:mini,33.0,4885,431.17,17.92,.060300,15.785773
1781746424,phi3:mini,33.0,4891,481.87,16.96,.053956,26.708210
1781746451,phi3:mini,34.0,4885,484.95,17.22,.053613,20.782737
1781746472,phi3:mini,31.0,4892,478.62,17.48,.054321,19.672213
1781746492,phi3:mini,34.0,4897,527.72,18.88,.049267,5.347141
1781746497,phi3:mini,30.0,4888,479.68,18.03,.054201,13.808122
1781746511,phi3:mini,33.0,4883,515.81,17.49,.050405,18.343529
1781746530,phi3:mini,34.0,4889,451.23,17.43,.057619,18.528817
1781746549,phi3:mini,33.0,4882,494.75,18.43,.052551,10.847424
1781746560,phi3:mini,34.0,4882,555.86,16.86,.046774,26.037708
1781746586,phi3:mini,34.0,4880,546.63,17.53,.047563,19.338027
1781746605,phi3:mini,34.0,4887,489.55,18.10,.053109,12.816819
1781746618,phi3:mini,34.0,4888,472.34,16.23,.055044,36.391656
1781746655,phi3:mini,34.0,4881,465.21,16.77,.055887,26.942457
1781746682,phi3:mini,33.0,4879,497.29,18.10,.052283,13.425238
1781746696,phi3:mini,34.0,4877,475.54,18.18,.054674,11.985979
1781746708,phi3:mini,37.0,4884,545.71,17.68,.047644,18.202919
1781746726,phi3:mini,34.0,4885,535.56,20.08,.048547,3.983121
1781746730,phi3:mini,37.0,4887,497.75,18.64,.052234,13.245545
1781746744,phi3:mini,36.0,4891,472.16,19.82,.055065,2.218929
1781746746,phi3:mini,36.0,4891,553.83,17.29,.046945,24.866149
1781746771,phi3:mini,36.0,4883,465.93,16.15,.055802,36.579915
1781746808,phi3:mini,34.0,4887,503.40,16.90,.051648,25.907953
1781746834,phi3:mini,34.0,4886,511.42,18.41,.050838,11.624106
1781746846,phi3:mini,37.0,4885,472.17,17.84,.055064,14.847671
1781746861,phi3:mini,34.0,4889,443.58,17.37,.058612,18.593149
1781746880,phi3:mini,34.0,4886,509.71,17.64,.051009,16.376314
1781746896,phi3:mini,33.0,4885,475.08,16.39,.054727,34.464147
1781746931,phi3:mini,33.0,4884,511.05,16.03,.050875,39.672771
1781746971,phi3:mini,34.0,4890,496.92,18.84,.052321,7.324012
1781746978,phi3:mini,34.0,4892,436.69,16.06,.059537,39.587979
1781747018,phi3:mini,34.0,4895,482.55,17.50,.053879,22.454308
1781747041,phi3:mini,33.0,4886,456.10,18.51,.057003,10.587554
1781747052,phi3:mini,34.0,4888,478.12,17.01,.054379,25.975089
1781747078,phi3:mini,33.0,4882,493.69,17.72,.052663,14.106557
1781747092,phi3:mini,34.0,4887,451.97,15.21,.057524,51.922082
1781747144,phi3:mini,33.0,4888,504.25,17.95,.051560,12.143546
1781747157,phi3:mini,33.0,4893,527.88,19.44,.049253,4.731505
1781747162,phi3:mini,36.0,4889,436.01,20.62,.059630,1.309396
1781747163,phi3:mini,34.0,4884,505.56,15.51,.051427,49.311638
1781747213,phi3:mini,31.0,4886,519.40,17.83,.050057,15.531350
1781747228,phi3:mini,34.0,4890,453.25,18.36,.057362,11.649816
1781747240,phi3:mini,34.0,4890,522.03,19.86,.049805,2.315080
1781747243,phi3:mini,36.0,4885,495.96,17.00,.052422,24.286516
1781747267,phi3:mini,34.0,4883,514.33,16.66,.050550,28.506757
1781747296,phi3:mini,34.0,4886,474.41,16.93,.054803,29.764730
1781747326,phi3:mini,34.0,4886,518.87,17.19,.050108,24.948995
1781747351,phi3:mini,36.0,4886,476.04,17.32,.054616,20.946902
1781747372,phi3:mini,34.0,4891,479.05,20.45,.054274,1.466647
1781747374,phi3:mini,31.0,4886,495.30,17.34,.052493,19.721267
1781747394,phi3:mini,34.0,4888,489.21,17.20,.053146,21.217451
1781747415,phi3:mini,34.0,4887,481.27,18.24,.054022,11.290201
1781747426,phi3:mini,34.0,4882,517.94,16.81,.050198,25.217916
1781747452,phi3:mini,34.0,4891,472.54,15.90,.055020,39.304273
1781747491,phi3:mini,33.0,4891,495.91,18.23,.052428,13.765500
1781747505,phi3:mini,34.0,4896,536.38,16.10,.048473,40.979276
1781747547,phi3:mini,34.0,4892,538.44,17.33,.048287,21.636374
1781747568,phi3:mini,31.0,4896,503.19,17.58,.051669,17.914105
1781747587,phi3:mini,33.0,4890,485.32,17.65,.053572,17.617657
1781747604,phi3:mini,34.0,4892,452.36,16.85,.057475,30.077098
1781747635,phi3:mini,36.0,4890,463.99,20.66,.056035,1.112800
1781747636,phi3:mini,34.0,4891,492.18,18.49,.052825,11.784080
1781747648,phi3:mini,36.0,4895,505.84,20.11,.051399,2.386531
1781747650,phi3:mini,36.0,4895,481.72,17.42,.053972,20.660203
1781747671,phi3:mini,34.0,4897,466.13,19.74,.055777,4.354545
1781747676,phi3:mini,36.0,4895,523.75,16.50,.049641,30.780049
1781747707,phi3:mini,33.0,4893,484.06,18.63,.053711,10.569410
1781747717,phi3:mini,34.0,4894,498.39,18.23,.052167,12.171266
1781747730,phi3:mini,34.0,4888,496.83,18.66,.052331,8.784587
1781747739,phi3:mini,34.0,4885,494.91,18.02,.052534,13.039845
1781747752,phi3:mini,34.0,4885,551.95,21.04,.047105,.760418
1781747753,phi3:mini,34.0,4889,472.72,18.51,.055000,9.183099
1781747762,phi3:mini,36.0,4888,478.18,18.39,.054372,10.657902
1781747773,phi3:mini,36.0,4886,538.98,16.49,.048238,33.158876
1781747806,phi3:mini,36.0,4885,483.76,17.57,.053745,18.487008
1781747825,phi3:mini,34.0,4882,485.99,19.16,.053498,5.114637
1781747830,phi3:mini,34.0,4882,506.89,16.29,.051292,34.739157
1781747865,phi3:mini,34.0,4885,454.77,18.59,.057171,10.484866
1781747876,phi3:mini,36.0,4886,470.39,11.98,.055272,173.640526
1781748050,phi3:mini,33.0,4887,489.18,17.81,.053149,14.596711
1781748065,phi3:mini,34.0,4893,470.48,21.11,.055262,.994374
1781748066,phi3:mini,36.0,4891,468.01,17.71,.055553,16.592059
1781748083,phi3:mini,34.0,4886,507.52,18.02,.051228,13.869411
1781748097,phi3:mini,34.0,4888,504.34,17.51,.051551,16.783581
1781748114,phi3:mini,34.0,4891,506.55,17.83,.051326,16.539156
1781748130,phi3:mini,34.0,4889,499.18,17.61,.052085,19.183493
1781748150,phi3:mini,34.0,4892,487.04,16.37,.053383,33.470347
1781748183,phi3:mini,36.0,4888,485.42,19.29,.053561,5.805758
1781748189,phi3:mini,34.0,4883,505.53,16.30,.051430,34.707742
1781748224,phi3:mini,33.0,4890,437.84,17.79,.059381,14.833407
1781748239,phi3:mini,31.0,4891,490.66,18.21,.052989,11.913582
1781748251,phi3:mini,34.0,4891,548.26,19.19,.047422,2.239838
1781748254,phi3:mini,36.0,4887,481.22,18.15,.054028,12.779020
1781748267,phi3:mini,34.0,4884,464.95,17.32,.055919,20.542600
1781748287,phi3:mini,36.0,4879,544.93,16.49,.047711,34.371402
1781748322,phi3:mini,34.0,4888,472.28,19.33,.055052,3.000459
1781748325,phi3:mini,34.0,4889,526.78,18.29,.049356,13.115948
1781748338,phi3:mini,34.0,4886,484.84,18.57,.053625,7.753439
1781748346,phi3:mini,34.0,4887,441.41,17.93,.058900,13.827133
1781748360,phi3:mini,31.0,4880,510.75,18.05,.050905,13.900998
1781748374,phi3:mini,34.0,4886,488.51,18.13,.053222,13.895044
1781748389,phi3:mini,34.0,4880,451.48,17.88,.057588,14.870996
1781748404,phi3:mini,34.0,4884,482.92,18.00,.053838,13.994863
1781748418,phi3:mini,34.0,4888,502.66,17.47,.051724,18.543049
1781748436,phi3:mini,34.0,4890,520.33,18.33,.049967,10.415789
1781748447,phi3:mini,34.0,4891,497.87,16.31,.052222,30.839359
1781748478,phi3:mini,34.0,4894,501.78,18.31,.051814,8.463924
1781748487,phi3:mini,34.0,4884,452.71,16.45,.057431,31.059864
1781748518,phi3:mini,33.0,4879,521.42,18.17,.049863,11.500637
1781748530,phi3:mini,34.0,4879,504.81,19.33,.051504,4.136600
1781748534,phi3:mini,34.0,4879,501.12,16.19,.051883,36.112869
1781748570,phi3:mini,36.0,4890,468.42,16.75,.055504,30.195195
1781748601,phi3:mini,34.0,4882,550.15,21.24,.047259,.988527
1781748602,phi3:mini,36.0,4884,520.42,19.26,.049959,6.022623
1781748608,phi3:mini,34.0,4881,553.44,15.56,.046978,51.133051
1781748659,phi3:mini,33.0,4878,546.76,17.39,.047552,20.352341
1781748680,phi3:mini,34.0,4877,489.70,17.29,.053092,20.761807
1781748701,phi3:mini,33.0,4881,493.71,17.36,.052661,21.713975
1781748723,phi3:mini,30.0,4883,474.98,16.12,.054738,40.179159
1781748763,phi3:mini,33.0,4880,547.13,20.08,.047520,2.987936
1781748766,phi3:mini,36.0,4878,494.11,16.01,.052618,39.826172
1781748806,phi3:mini,34.0,4882,500.62,16.37,.051934,37.241335
1781748844,phi3:mini,34.0,4891,516.47,18.13,.050341,11.577237
1781748856,phi3:mini,36.0,4886,541.12,17.94,.048048,16.161084
1781748872,phi3:mini,36.0,4886,448.33,18.32,.057992,12.444122
1781748884,phi3:mini,36.0,4884,472.59,18.26,.055015,11.878463
1781748897,phi3:mini,34.0,4884,479.29,18.36,.054246,11.816152
1781748909,phi3:mini,33.0,4882,487.76,16.78,.053304,26.036734
1781748935,phi3:mini,34.0,4886,479.42,19.77,.054231,2.427723
1781748937,phi3:mini,36.0,4886,481.89,17.30,.053953,20.632808
1781748958,phi3:mini,36.0,4887,472.14,19.05,.055067,4.461266
1781748963,phi3:mini,34.0,4882,463.29,18.21,.056120,10.487239
1781748973,phi3:mini,36.0,4883,536.50,18.43,.048461,10.034611
1781748984,phi3:mini,34.0,4888,500.33,16.38,.051965,30.811631
1781749015,phi3:mini,34.0,4896,481.19,17.84,.054031,20.061715
1781749035,phi3:mini,34.0,4891,489.93,20.03,.053068,4.292586
1781749039,phi3:mini,34.0,4889,502.01,19.72,.051791,4.461862
1781749044,phi3:mini,34.0,4887,512.55,18.49,.050726,10.599136
1781749055,phi3:mini,34.0,4884,553.95,19.42,.046935,4.428181
1781749059,phi3:mini,34.0,4883,509.08,18.60,.051071,9.941213
1781749069,phi3:mini,34.0,4881,487.16,17.94,.053369,14.708393
1781749084,phi3:mini,34.0,4885,437.76,17.68,.059393,15.093370
1781749100,phi3:mini,36.0,4893,499.07,17.01,.052096,28.922625
1781749129,phi3:mini,33.0,4891,539.60,17.34,.048183,22.085967
1781749151,phi3:mini,34.0,4886,501.68,13.27,.051825,105.607186
1781749257,phi3:mini,34.0,4886,483.08,18.47,.053820,10.660599
1781749268,phi3:mini,34.0,4887,456.91,17.67,.056903,16.914785
1781749285,phi3:mini,34.0,4890,491.09,17.58,.052942,19.965320
1781749305,phi3:mini,34.0,4889,454.94,18.17,.057149,11.554781
1781749317,phi3:mini,34.0,4888,488.50,19.34,.053223,3.567332
1781749321,phi3:mini,34.0,4890,485.32,16.75,.053572,25.839418
1781749347,phi3:mini,34.0,4891,486.71,17.76,.053418,14.407833
1781749361,phi3:mini,34.0,4893,544.53,17.50,.047746,20.960043
1781749382,phi3:mini,34.0,4880,443.54,19.91,.058619,5.372597
1781749388,phi3:mini,36.0,4880,547.80,17.49,.047461,25.204975
1781749413,phi3:mini,36.0,4881,479.74,18.10,.054194,14.357627
1781749428,phi3:mini,37.0,4879,542.44,15.79,.047931,45.076347
1781749473,phi3:mini,31.0,4874,474.72,17.32,.054768,22.398805
1781749496,phi3:mini,34.0,4886,499.06,17.66,.052096,17.495297
1781749513,phi3:mini,34.0,4888,495.18,18.50,.052505,11.777444
1781749525,phi3:mini,34.0,4886,452.64,17.12,.057440,26.565044
1781749552,phi3:mini,34.0,4885,541.65,18.48,.048000,12.496876
1781749565,phi3:mini,34.0,4889,513.31,17.43,.050651,22.604336
1781749588,phi3:mini,34.0,4886,532.51,18.20,.048825,13.623537
1781749601,phi3:mini,34.0,4885,454.33,18.38,.057226,13.652590
1781749615,phi3:mini,31.0,4885,483.59,18.36,.053763,11.378390
1781749627,phi3:mini,34.0,4888,500.76,19.41,.051920,4.480559
1781749631,phi3:mini,34.0,4888,512.32,15.81,.050748,41.605482
1781749673,phi3:mini,34.0,4890,502.94,19.67,.051695,4.829141
1781749678,phi3:mini,34.0,4884,519.21,17.97,.050075,16.133759
1781749695,phi3:mini,34.0,4885,482.29,19.18,.053909,5.943557
1781749701,phi3:mini,34.0,4890,529.59,16.66,.049093,30.178816
1781749731,phi3:mini,36.0,4889,493.56,17.70,.052678,18.351461
1781749750,phi3:mini,34.0,4890,459.67,17.58,.056561,18.479295
1781749768,phi3:mini,36.0,4893,517.45,18.62,.050246,8.749393
1781749777,phi3:mini,34.0,4890,510.60,19.41,.050920,5.203088
1781749783,phi3:mini,36.0,4887,523.18,17.86,.049695,15.221663
1781749798,phi3:mini,36.0,4893,443.68,16.56,.058599,30.845347
1781749829,phi3:mini,36.0,4891,437.51,18.57,.059426,9.527310
1781749839,phi3:mini,34.0,4894,454.52,18.10,.057203,13.809383
1781749853,phi3:mini,34.0,4897,474.59,20.98,.054783,.952989
1781749854,phi3:mini,36.0,4894,536.98,16.11,.048418,38.601649
1781749893,phi3:mini,34.0,4897,507.11,17.95,.051270,15.980821
1781749909,phi3:mini,34.0,4889,526.99,17.65,.049336,17.611737
1781749927,phi3:mini,34.0,4883,494.59,18.93,.052568,6.020408
1781749933,phi3:mini,34.0,4886,456.74,21.13,.056924,.851569
1781749934,phi3:mini,36.0,4888,442.31,17.53,.058782,20.132049
1781749954,phi3:mini,34.0,4886,487.37,18.12,.053347,12.028523
1781749966,phi3:mini,34.0,4891,467.49,17.87,.055615,15.833871
1781749982,phi3:mini,36.0,4896,491.63,17.51,.052885,20.209994
1781750003,phi3:mini,34.0,4890,517.78,18.22,.050213,12.785814
1781750016,phi3:mini,34.0,4891,534.32,17.02,.048659,29.425330
1781750045,phi3:mini,34.0,4890,478.63,17.99,.054321,15.337821
1781750061,phi3:mini,34.0,4884,523.73,18.41,.049643,11.837108
1781750073,phi3:mini,34.0,4889,543.79,17.27,.047811,25.127634
1781750098,phi3:mini,34.0,4889,550.50,18.12,.047229,11.363598
1781750110,phi3:mini,34.0,4886,488.17,19.16,.053259,6.207967
1781750116,phi3:mini,34.0,4887,511.14,20.59,.050866,1.311306
1781750118,phi3:mini,36.0,4887,469.23,17.92,.055409,17.575109
1781750135,phi3:mini,36.0,4887,488.69,18.80,.053203,8.294256
1781750144,phi3:mini,34.0,4886,533.21,16.78,.048760,27.045637
1781750171,phi3:mini,34.0,4893,442.85,18.77,.058709,9.639067
1781750181,phi3:mini,31.0,4895,493.10,17.29,.052727,20.925660
1781750202,phi3:mini,34.0,4896,448.88,17.10,.057921,25.787318
1781750228,phi3:mini,33.0,4885,465.41,18.15,.055863,12.944776
1781750241,phi3:mini,34.0,4888,461.66,16.77,.056317,26.043537
1781750267,phi3:mini,34.0,4888,492.49,17.50,.052792,18.798671
1781750286,phi3:mini,36.0,4884,469.53,17.49,.055373,19.434490
1781750306,phi3:mini,34.0,4889,470.11,18.31,.055305,13.702955
1781750320,phi3:mini,36.0,4886,498.45,14.97,.052161,56.301921
1781750376,phi3:mini,34.0,4891,468.26,15.05,.055524,56.201231
1781750433,phi3:mini,33.0,4889,464.42,19.65,.055983,3.459631
1781750436,phi3:mini,34.0,4885,510.44,13.11,.050936,109.632696
1781750546,phi3:mini,34.0,4892,484.69,17.87,.053641,12.809708
1781750559,phi3:mini,34.0,4885,500.50,19.21,.051947,4.682911
1781750564,phi3:mini,34.0,4874,548.85,17.58,.047371,18.309453
1781750583,phi3:mini,36.0,4886,500.29,18.97,.051968,7.801279
1781750591,phi3:mini,36.0,4882,505.12,16.70,.051472,26.579412
1781750617,phi3:mini,34.0,4882,551.49,16.69,.047144,27.252278
1781750645,phi3:mini,34.0,4884,502.75,18.70,.051714,5.826501
1781750651,phi3:mini,36.0,4888,485.05,18.14,.053602,12.071052
1781750663,phi3:mini,34.0,4890,462.49,18.76,.056216,7.885764
1781750671,phi3:mini,36.0,4890,510.51,16.65,.050928,26.593897
1781750698,phi3:mini,33.0,4890,534.78,17.76,.048617,17.454346
1781750715,phi3:mini,36.0,4883,429.91,17.82,.060477,18.346000
1781750734,phi3:mini,34.0,4879,488.07,17.30,.053270,20.625605
1781750755,phi3:mini,36.0,4884,515.27,18.45,.050458,9.805908
1781750765,phi3:mini,34.0,4882,491.47,17.98,.052901,15.176180
1781750780,phi3:mini,36.0,4881,553.27,17.32,.046992,20.548916
1781750801,phi3:mini,34.0,4884,485.92,17.30,.053506,19.767798
1781750821,phi3:mini,37.0,4879,515.14,13.95,.050471,87.903930
1781750909,phi3:mini,34.0,4879,456.63,18.67,.056937,9.475690
1781750919,phi3:mini,36.0,4884,470.58,18.17,.055250,14.302211
1781750933,phi3:mini,34.0,4877,488.85,17.59,.053185,20.292934
1781750954,phi3:mini,36.0,4888,509.60,16.84,.051020,27.124814
1781750981,phi3:mini,33.0,4884,514.19,19.16,.050564,7.618930
1781750989,phi3:mini,36.0,4884,411.51,21.85,.063181,.457552
1781750989,phi3:mini,36.0,4880,477.17,18.19,.054487,12.914130
1781751002,phi3:mini,34.0,4884,485.48,16.83,.053554,24.471266
1781751027,phi3:mini,31.0,4887,500.04,18.28,.051995,13.402493
1781751041,phi3:mini,37.0,4883,478.69,18.34,.054313,14.612817
1781751055,phi3:mini,36.0,4876,557.49,18.37,.046637,15.401154
1781751071,phi3:mini,34.0,4881,481.99,18.68,.053941,10.331512
1781751081,phi3:mini,33.0,4881,535.48,17.89,.048553,20.227661
1781751102,phi3:mini,34.0,4879,564.73,17.55,.046039,20.738523
1781751123,phi3:mini,36.0,4879,519.65,15.55,.050033,46.872256
1781751170,phi3:mini,31.0,4884,495.71,17.03,.052449,25.005182
1781751195,phi3:mini,34.0,4879,502.02,18.61,.051790,7.682924
1781751203,phi3:mini,34.0,4874,551.13,18.24,.047175,11.948605
1781751215,phi3:mini,34.0,4873,494.90,17.43,.052535,18.635882
1781751234,phi3:mini,36.0,4882,558.74,18.34,.046533,10.521513
1781751245,phi3:mini,34.0,4880,526.40,17.21,.049391,22.125925
1781751267,phi3:mini,37.0,4876,472.11,17.30,.055070,19.536697
1781751287,phi3:mini,34.0,4878,507.36,19.64,.051245,4.326095
1781751291,phi3:mini,37.0,4868,497.28,18.59,.052283,7.366148
1781751299,phi3:mini,36.0,4868,499.08,16.87,.052095,26.134246
1781751325,phi3:mini,36.0,4876,494.34,18.80,.052594,6.488478
1781751332,phi3:mini,37.0,4876,491.31,17.33,.052919,26.075794
1781751358,phi3:mini,34.0,4881,435.58,18.88,.059689,7.676055
1781751366,phi3:mini,36.0,4878,452.70,17.20,.057432,21.333778
1781751387,phi3:mini,34.0,4883,482.60,17.32,.053873,21.528568
1781751409,phi3:mini,34.0,4882,488.65,17.88,.053207,16.715350
1781751426,phi3:mini,34.0,4873,475.51,18.43,.054677,12.316317
1781751438,phi3:mini,36.0,4876,471.01,17.40,.055200,18.614821
1781751457,phi3:mini,33.0,4884,550.76,16.94,.047207,29.681547
1781751487,phi3:mini,36.0,4882,470.28,17.42,.055285,25.021331
1781751512,phi3:mini,36.0,4875,499.88,19.19,.052012,7.399432
1781751520,phi3:mini,36.0,4873,483.66,18.59,.053755,10.540442
1781751531,phi3:mini,34.0,4876,500.65,17.04,.051931,25.519915
1781751556,phi3:mini,34.0,4879,448.71,17.78,.057943,18.271690
1781751575,phi3:mini,36.0,4878,455.73,16.58,.057050,32.375775
1781751607,phi3:mini,36.0,4878,471.89,17.48,.055096,17.725446
1781751625,phi3:mini,34.0,4879,485.56,21.33,.053545,.609246
1781751626,phi3:mini,34.0,4880,464.84,18.64,.055932,8.688693
1781751635,phi3:mini,34.0,4913,484.72,18.03,.053638,13.140228
1781751648,phi3:mini,36.0,4914,514.61,19.62,.050522,2.700219
1781751651,phi3:mini,37.0,4913,461.61,15.98,.056323,40.026863
1781751691,phi3:mini,34.0,4888,496.48,17.73,.052368,16.184700
1781751708,phi3:mini,34.0,4890,470.82,15.91,.055222,39.833690
1781751748,phi3:mini,34.0,4895,476.78,17.32,.054531,21.408946
1781751769,phi3:mini,36.0,4894,454.82,17.23,.057164,21.125346
1781751791,phi3:mini,36.0,4888,481.44,17.08,.054004,20.894289
1781751812,phi3:mini,34.0,4888,454.86,17.62,.057159,19.344195
1781751831,phi3:mini,33.0,4887,490.86,20.71,.052967,.965592
1781751832,phi3:mini,34.0,4890,495.68,17.84,.052452,16.085868
1781751849,phi3:mini,36.0,4886,496.98,18.17,.052315,12.542120
1781751861,phi3:mini,36.0,4885,525.48,16.75,.049478,25.960778
1781751888,phi3:mini,36.0,4886,471.74,16.95,.055114,28.663001
1781751916,phi3:mini,34.0,4883,463.48,17.46,.056096,18.325347
1781751935,phi3:mini,34.0,4889,468.13,19.33,.055539,4.913918
1781751940,phi3:mini,36.0,4889,499.88,16.57,.052011,29.932852
1781751970,phi3:mini,34.0,4890,541.01,18.20,.048057,10.548573
1781751981,phi3:mini,34.0,4890,479.80,17.06,.054188,22.090974
1781752003,phi3:mini,34.0,4892,506.22,17.14,.051360,22.111631
1781752026,phi3:mini,30.0,4888,459.06,20.27,.056636,1.479650
1781752027,phi3:mini,34.0,4885,512.50,17.79,.050731,17.921579
1781752045,phi3:mini,36.0,4889,474.40,17.86,.054804,20.762299
1781752066,phi3:mini,34.0,4888,551.44,18.86,.047149,11.078815
1781752077,phi3:mini,34.0,4891,457.57,17.46,.056821,22.563848
1781752100,phi3:mini,34.0,4893,517.98,17.21,.050194,23.237105
1781752124,phi3:mini,34.0,4888,474.03,17.71,.054848,15.413818
1781752139,phi3:mini,34.0,4887,475.06,18.13,.054728,13.124734
1781752153,phi3:mini,34.0,4892,506.93,19.72,.051288,2.281294
1781752155,phi3:mini,34.0,4893,473.00,16.88,.054967,25.763818
1781752181,phi3:mini,34.0,4891,483.92,16.24,.053727,34.780612
1781752216,phi3:mini,34.0,4889,512.82,17.77,.050699,18.278978
1781752234,phi3:mini,34.0,4887,451.92,19.47,.057532,5.185311
1781752240,phi3:mini,36.0,4889,456.21,16.59,.056990,27.777373
1781752268,phi3:mini,36.0,4890,486.24,16.99,.053470,23.532854
1781752291,phi3:mini,34.0,4894,483.44,17.94,.053780,13.984912
1781752306,phi3:mini,36.0,4893,479.18,18.59,.054258,9.196950
1781752315,phi3:mini,34.0,4888,453.30,16.47,.057356,30.947821
1781752346,phi3:mini,34.0,4887,544.44,19.49,.047755,4.359824
1781752351,phi3:mini,34.0,4886,496.52,17.32,.052364,22.044154
1781752373,phi3:mini,33.0,4891,487.15,16.57,.053370,29.858258
1781752403,phi3:mini,34.0,4884,491.58,18.43,.052890,12.312604
1781752416,phi3:mini,34.0,4891,509.40,18.16,.051040,13.047805
1781752429,phi3:mini,34.0,4892,527.76,17.15,.049264,21.333341
1781752450,phi3:mini,34.0,4894,493.12,18.63,.052725,10.570570
1781752461,phi3:mini,34.0,4883,517.18,18.14,.050272,13.118748
1781752474,phi3:mini,34.0,4879,486.31,16.13,.053463,37.441405
1781752512,phi3:mini,34.0,4884,467.20,18.26,.055649,11.006790
1781752523,phi3:mini,34.0,4884,497.16,15.06,.052296,59.404709
1781752583,phi3:mini,33.0,4893,500.10,18.12,.051989,12.251069
1781752595,phi3:mini,34.0,4890,501.58,15.68,.051835,46.746028
1781752642,phi3:mini,36.0,4887,470.82,18.45,.055222,10.350525
1781752653,phi3:mini,34.0,4890,482.32,17.95,.053906,16.152221
1781752669,phi3:mini,34.0,4886,483.23,18.77,.053803,8.733282
1781752678,phi3:mini,36.0,4890,521.47,18.20,.049858,12.965587
1781752691,phi3:mini,34.0,4886,497.36,20.38,.052275,2.355210
1781752694,phi3:mini,36.0,4886,489.08,16.87,.053160,25.480561
1781752719,phi3:mini,36.0,4880,479.79,18.79,.054190,7.980184
1781752728,phi3:mini,37.0,4883,482.09,17.29,.053931,24.868464
1781752753,phi3:mini,36.0,4876,513.30,18.20,.050651,12.032879
1781752765,phi3:mini,36.0,4884,511.76,19.35,.050804,4.855403
1781752770,phi3:mini,36.0,4885,465.03,18.74,.055910,6.934834
1781752777,phi3:mini,36.0,4884,478.37,19.21,.054350,6.192902
1781752783,phi3:mini,36.0,4879,526.90,18.89,.049345,7.938490
1781752791,phi3:mini,37.0,4878,570.50,19.31,.045573,7.093036
1781752799,phi3:mini,36.0,4881,482.39,19.17,.053898,5.737354
1781752805,phi3:mini,34.0,4878,514.55,18.17,.050529,12.708277
1781752817,phi3:mini,36.0,4945,481.04,18.14,.054048,11.626659
1781752829,phi3:mini,33.0,4930,530.14,17.43,.049042,21.396500
1781752851,phi3:mini,36.0,4892,549.39,18.09,.047324,13.708942
1781752865,phi3:mini,37.0,4890,495.43,17.81,.052479,15.883028
1781752881,phi3:mini,36.0,4899,482.84,18.33,.053847,10.580181
1781752891,phi3:mini,36.0,4895,471.32,17.09,.055163,24.393070
1781752916,phi3:mini,34.0,4888,492.28,17.53,.052815,16.651765
1781752933,phi3:mini,34.0,4890,513.33,11.07,.050648,243.385389
1781753177,phi3:mini,34.0,4882,493.61,16.83,.052673,25.786939
1781753203,phi3:mini,33.0,4886,532.62,17.53,.048814,20.414318
1781753223,phi3:mini,36.0,4889,489.35,17.59,.053131,18.581842
1781753242,phi3:mini,36.0,4886,460.14,16.68,.056503,29.966198
1781753272,phi3:mini,34.0,4890,511.14,16.47,.050866,39.151606
1781753312,phi3:mini,37.0,4891,554.35,17.44,.046901,18.684249
1781753330,phi3:mini,36.0,4889,507.60,16.82,.051220,26.989236
1781753358,phi3:mini,33.0,4888,491.63,18.27,.052884,11.926239
1781753370,phi3:mini,34.0,4889,493.46,17.53,.052689,16.370082
1781753386,phi3:mini,36.0,4887,475.53,17.20,.054675,23.945935
1781753410,phi3:mini,36.0,4886,457.09,16.08,.056881,38.606856
1781753449,phi3:mini,34.0,4885,502.48,18.04,.051743,12.858413
1781753462,phi3:mini,34.0,4884,465.64,19.43,.055836,5.197485
1781753468,phi3:mini,33.0,4887,556.42,18.92,.046726,5.338039
1781753473,phi3:mini,36.0,4885,494.69,16.71,.052557,26.380713
1781753500,phi3:mini,34.0,4894,519.82,17.89,.050017,14.023063
1781753514,phi3:mini,34.0,4887,494.03,15.79,.052627,39.689460
1781753554,phi3:mini,33.0,4889,499.73,17.18,.052027,20.945347
1781753575,phi3:mini,34.0,4889,504.32,16.04,.051554,39.512688
1781753615,phi3:mini,34.0,4890,561.54,18.61,.046301,10.797835
1781753626,phi3:mini,34.0,4890,477.68,17.66,.054429,20.774039
1781753647,phi3:mini,36.0,4892,504.41,19.50,.051544,5.023813
1781753652,phi3:mini,34.0,4886,558.81,18.23,.046526,13.048556
1781753665,phi3:mini,34.0,4883,446.29,17.65,.058256,18.410995
1781753684,phi3:mini,34.0,4894,515.65,18.67,.050421,10.550545
1781753694,phi3:mini,36.0,4896,540.21,17.67,.048128,18.159012
1781753713,phi3:mini,36.0,4895,532.34,19.50,.048840,5.793271
1781753719,phi3:mini,36.0,4896,503.90,19.92,.051597,2.610130
1781753721,phi3:mini,36.0,4900,536.03,15.60,.048504,47.114027
1781753769,phi3:mini,34.0,4895,472.39,19.52,.055038,2.356425
1781753771,phi3:mini,36.0,4885,470.37,17.45,.055275,20.627856
1781753792,phi3:mini,33.0,4892,497.79,17.24,.052230,20.764365
1781753813,phi3:mini,34.0,4886,471.07,17.43,.055193,21.166382
1781753834,phi3:mini,33.0,4883,456.95,13.21,.056898,105.664385
1781753940,phi3:mini,31.0,4895,451.04,20.09,.057643,4.429742
1781753945,phi3:mini,36.0,4889,499.02,19.30,.052101,9.843981
1781753955,phi3:mini,33.0,4888,485.83,18.47,.053516,14.128379
1781753969,phi3:mini,34.0,4879,436.34,17.61,.059586,17.711161
1781753987,phi3:mini,33.0,4884,523.82,16.91,.049634,25.473420
1781754013,phi3:mini,34.0,4893,451.16,18.24,.057628,11.673179
1781754025,phi3:mini,33.0,4894,512.33,17.33,.050747,22.154817
1781754047,phi3:mini,34.0,4892,506.62,16.48,.051320,30.150987
1781754077,phi3:mini,34.0,4891,540.41,17.36,.048111,26.376558
1781754104,phi3:mini,36.0,4889,481.90,18.56,.053952,12.660921
1781754117,phi3:mini,36.0,4889,522.09,19.29,.049799,4.820404
1781754122,phi3:mini,34.0,4884,482.98,18.09,.053831,17.403843
1781754139,phi3:mini,34.0,4882,551.65,17.63,.047130,19.284153
1781754159,phi3:mini,34.0,4892,547.54,17.08,.047484,22.536455
1781754182,phi3:mini,34.0,4890,532.19,18.29,.048854,11.913018
1781754194,phi3:mini,36.0,4893,467.86,16.52,.055571,31.111941
1781754225,phi3:mini,34.0,4889,545.29,17.64,.047680,15.585334
1781754241,phi3:mini,34.0,4891,527.24,16.90,.049312,23.602439
1781754265,phi3:mini,34.0,4884,508.60,19.32,.051119,5.225892
1781754270,phi3:mini,36.0,4886,482.91,17.79,.053839,17.983156
1781754288,phi3:mini,36.0,4887,519.46,17.32,.050051,20.203538
1781754309,phi3:mini,33.0,4881,526.06,18.08,.049423,12.552319
1781754321,phi3:mini,34.0,4879,520.21,15.57,.049979,47.186867
1781754369,phi3:mini,34.0,4881,454.35,18.43,.057224,13.562147
1781754382,phi3:mini,36.0,4884,475.12,18.75,.054722,13.381347
1781754396,phi3:mini,33.0,4886,469.98,16.81,.055321,28.792157
1781754425,phi3:mini,33.0,4888,520.92,16.67,.049910,30.530795
1781754456,phi3:mini,34.0,4886,442.74,18.25,.058724,13.533670
1781754469,phi3:mini,31.0,4887,461.64,17.67,.056320,15.616232
1781754485,phi3:mini,34.0,4892,462.76,17.07,.056183,21.371434
1781754507,phi3:mini,34.0,4884,446.49,17.07,.058230,23.360753
1781754530,phi3:mini,36.0,4890,446.70,18.45,.058204,11.759260
1781754542,phi3:mini,34.0,4891,477.78,17.13,.054417,24.798933
1781754567,phi3:mini,36.0,4885,474.00,18.95,.054851,9.970004
1781754577,phi3:mini,36.0,4883,508.34,17.86,.051146,17.627750
1781754595,phi3:mini,34.0,4889,458.21,17.35,.056742,21.554893
1781754617,phi3:mini,34.0,4886,517.27,17.34,.050262,20.520566
1781754638,phi3:mini,34.0,4894,478.00,16.59,.054393,30.017391
1781754668,phi3:mini,34.0,4889,445.30,19.34,.058387,5.064750
1781754673,phi3:mini,36.0,4886,451.84,16.07,.057541,40.011583
1781754713,phi3:mini,34.0,4889,497.80,16.61,.052229,35.749194
1781754749,phi3:mini,34.0,4889,420.10,18.33,.061889,11.891541
1781754761,phi3:mini,34.0,4894,512.56,18.24,.050725,13.096032
1781754775,phi3:mini,36.0,4896,523.23,17.42,.049690,21.003257
1781754796,phi3:mini,34.0,4889,468.12,17.87,.055540,13.037728
1781754809,phi3:mini,36.0,4886,502.00,16.87,.051792,26.138052
1781754835,phi3:mini,36.0,4893,488.64,18.67,.053208,10.494722
1781754846,phi3:mini,36.0,4897,554.26,18.25,.046909,12.105902
1781754858,phi3:mini,34.0,4895,489.00,17.54,.053168,17.557985
1781754876,phi3:mini,34.0,4893,442.57,18.42,.058746,9.281689
1781754886,phi3:mini,34.0,4893,524.15,17.61,.049603,18.449661
1781754904,phi3:mini,33.0,4887,491.07,19.95,.052945,1.703999
1781754906,phi3:mini,34.0,4890,533.31,20.52,.048751,1.315444
1781754908,phi3:mini,34.0,4888,528.31,17.96,.049212,15.916648
1781754924,phi3:mini,36.0,4887,550.18,17.74,.047256,20.677874
1781754945,phi3:mini,37.0,4888,488.67,17.15,.053205,25.417507
1781754970,phi3:mini,34.0,4892,480.42,15.82,.054119,40.826969
1781755011,phi3:mini,34.0,4890,461.20,18.72,.056373,11.323350
1781755023,phi3:mini,36.0,4897,496.39,17.72,.052377,16.814144
1781755040,phi3:mini,36.0,4896,443.47,18.08,.058628,12.717108
1781755053,phi3:mini,36.0,4896,501.36,17.81,.051858,16.277310
1781755069,phi3:mini,36.0,4895,504.86,17.61,.051498,17.602127
1781755087,phi3:mini,34.0,4895,525.62,18.17,.049465,13.642052
1781755101,phi3:mini,34.0,4895,505.32,18.49,.051451,11.842083
1781755113,phi3:mini,34.0,4890,512.38,15.75,.050743,43.467421
1781755156,phi3:mini,34.0,4895,500.96,16.52,.051899,31.769631
1781755188,phi3:mini,34.0,4895,493.63,17.61,.052670,16.466010
1781755205,phi3:mini,33.0,4894,456.23,15.34,.056987,49.462198
1781755255,phi3:mini,34.0,4896,484.47,18.92,.053665,6.287199
1781755261,phi3:mini,36.0,4894,520.41,19.72,.049960,2.839368
1781755264,phi3:mini,34.0,4895,492.47,19.49,.052795,4.873557
1781755269,phi3:mini,34.0,4893,471.96,18.00,.055089,15.605920
1781755285,phi3:mini,33.0,4899,478.03,19.38,.054388,3.507273
1781755289,phi3:mini,34.0,4899,477.50,19.36,.054449,6.351251
1781755295,phi3:mini,34.0,4896,495.55,16.63,.052466,30.004726
1781755325,phi3:mini,34.0,4893,534.16,17.46,.048674,19.699869
1781755345,phi3:mini,36.0,4891,508.20,16.96,.051160,24.279638
1781755370,phi3:mini,36.0,4895,448.04,17.33,.058030,18.752789
1781755389,phi3:mini,34.0,4887,509.99,18.15,.050980,12.782172
1781755402,phi3:mini,34.0,4886,502.92,18.15,.051697,13.713519
1781755416,phi3:mini,36.0,4884,490.10,17.51,.053049,20.500386
1781755436,phi3:mini,34.0,4885,510.62,17.99,.050918,15.947355
1781755452,phi3:mini,36.0,4884,482.67,17.67,.053866,20.872273
1781755474,phi3:mini,36.0,4884,474.32,18.00,.054814,16.387030
1781755490,phi3:mini,36.0,4881,492.90,17.20,.052748,22.257570
1781755513,phi3:mini,34.0,4882,487.98,17.37,.053280,21.006423
1781755534,phi3:mini,36.0,4883,494.50,16.39,.052577,32.458569
1781755566,phi3:mini,34.0,4885,482.20,16.95,.053918,25.896107
1781755592,phi3:mini,34.0,4879,437.19,17.63,.059470,16.500256
1781755609,phi3:mini,34.0,4885,515.28,19.33,.050457,2.947572
1781755612,phi3:mini,36.0,4890,520.39,18.56,.049962,8.239108
1781755621,phi3:mini,34.0,4889,485.77,16.92,.053522,28.533265
1781755649,phi3:mini,34.0,4885,497.52,19.07,.052258,4.928184
1781755654,phi3:mini,37.0,4887,525.17,18.40,.049507,9.507836
1781755664,phi3:mini,36.0,4881,464.84,17.51,.055933,18.960137
1781755683,phi3:mini,36.0,4884,480.20,20.88,.054143,.814043
1781755684,phi3:mini,36.0,4884,505.51,17.49,.051432,18.404715
1781755703,phi3:mini,34.0,4888,532.69,17.53,.048808,20.183356
1781755723,phi3:mini,34.0,4881,523.38,17.90,.049676,15.529841
1781755739,phi3:mini,36.0,4886,480.60,18.46,.054098,9.312572
1781755748,phi3:mini,34.0,4886,466.17,17.19,.055773,20.473491
1781755769,phi3:mini,31.0,4887,467.81,19.88,.055577,2.564650
1781755772,phi3:mini,36.0,4882,531.00,17.37,.048963,22.157587
1781755794,phi3:mini,36.0,4883,499.74,16.75,.052026,28.345590
1781755823,phi3:mini,34.0,4892,548.25,19.40,.047423,4.431007
1781755827,phi3:mini,36.0,4884,488.22,18.34,.053254,11.829708
1781755839,phi3:mini,33.0,4890,519.57,19.66,.050040,2.746630
1781755842,phi3:mini,36.0,4893,508.35,17.50,.051144,17.828556
1781755860,phi3:mini,36.0,4887,557.09,19.27,.046670,6.276028
1781755867,phi3:mini,34.0,4884,496.59,18.94,.052356,9.341400
1781755876,phi3:mini,34.0,4884,553.43,20.71,.046979,.965347
1781755877,phi3:mini,34.0,4883,480.27,17.28,.054135,19.611821
1781755897,phi3:mini,36.0,4892,511.61,17.11,.050819,24.243717
1781755922,phi3:mini,34.0,4891,516.75,16.44,.050314,30.897602
1781755953,phi3:mini,36.0,4876,537.39,16.84,.048381,25.283108
1781755978,phi3:mini,34.0,4887,522.58,18.15,.049753,13.052421
1781755991,phi3:mini,36.0,4885,514.75,18.03,.050509,16.082737
1781756008,phi3:mini,34.0,4886,462.67,18.72,.056194,11.639820
1781756019,phi3:mini,34.0,4882,466.20,18.54,.055769,12.884682
1781756032,phi3:mini,36.0,4884,524.74,17.82,.049547,17.504669
1781756050,phi3:mini,36.0,4878,541.98,19.15,.047971,9.969880
1781756060,phi3:mini,34.0,4882,530.18,15.95,.049039,45.629275
1781756106,phi3:mini,34.0,4888,486.15,17.71,.053481,18.344266
1781756125,phi3:mini,34.0,4885,441.38,17.02,.058905,23.904897
1781756149,phi3:mini,34.0,4890,519.27,16.65,.050069,26.174166
1781756175,phi3:mini,33.0,4885,488.19,18.00,.053257,13.214943
1781756189,phi3:mini,34.0,4885,506.11,19.65,.051371,3.460142
1781756192,phi3:mini,34.0,4889,495.34,16.53,.052489,30.001278
1781756222,phi3:mini,36.0,4886,507.82,17.46,.051198,18.320992
1781756241,phi3:mini,36.0,4886,493.42,16.36,.052693,32.199813
1781756273,phi3:mini,36.0,4889,442.95,17.99,.058696,15.616453
1781756289,phi3:mini,31.0,4885,517.77,17.43,.050214,19.267685
1781756309,phi3:mini,34.0,4890,500.77,17.90,.051919,13.851256
1781756323,phi3:mini,36.0,4892,471.67,17.19,.055123,20.583478
1781756343,phi3:mini,33.0,4894,490.95,17.18,.052958,20.834135
1781756364,phi3:mini,34.0,4893,492.30,15.67,.052813,46.884204
1781756411,phi3:mini,34.0,4892,480.33,20.52,.054128,1.072007
1781756413,phi3:mini,34.0,4890,444.46,16.76,.058496,25.893599
1781756439,phi3:mini,34.0,4889,546.45,17.43,.047579,21.571838
1781756461,phi3:mini,34.0,4890,483.23,21.08,.053804,.995741
1781756462,phi3:mini,34.0,4888,486.32,18.42,.053462,12.484358
1781756474,phi3:mini,34.0,4893,516.43,18.43,.050345,14.642619
1781756489,phi3:mini,34.0,4896,484.66,17.96,.053644,15.527104
1781756505,phi3:mini,31.0,4893,503.34,16.76,.051654,25.772212
1781756531,phi3:mini,30.0,4894,495.85,18.89,.052434,11.062348
1781756542,phi3:mini,34.0,4888,487.66,16.77,.053315,27.308074
1781756570,phi3:mini,36.0,4898,447.91,17.00,.058046,21.992111
1781756592,phi3:mini,34.0,4893,465.19,18.25,.055890,12.873690
1781756605,phi3:mini,31.0,4891,533.21,16.96,.048760,29.242705
1781756634,phi3:mini,34.0,4889,480.94,16.59,.054060,30.857960
1781756665,phi3:mini,34.0,4891,510.26,17.49,.050954,21.434254
1781756687,phi3:mini,36.0,4893,550.07,16.84,.047266,25.222977
1781756712,phi3:mini,33.0,4892,490.97,19.83,.052955,2.167941
1781756715,phi3:mini,36.0,4889,457.72,17.50,.056803,20.452377
1781756735,phi3:mini,34.0,4891,530.10,18.64,.049046,11.743724
1781756747,phi3:mini,36.0,4889,461.72,16.56,.056310,35.493820
1781756783,phi3:mini,34.0,4890,466.65,19.52,.055715,3.328265
1781756786,phi3:mini,34.0,4893,466.68,18.35,.055712,11.660455
1781756798,phi3:mini,34.0,4888,509.29,16.92,.051051,27.362411
1781756826,phi3:mini,34.0,4880,444.61,17.83,.058477,15.751737
1781756842,phi3:mini,31.0,4886,484.69,18.07,.053642,17.653440
1781756860,phi3:mini,34.0,4895,507.86,16.49,.051194,36.485884
1781756896,phi3:mini,34.0,4895,518.00,18.16,.050192,16.463092
1781756913,phi3:mini,34.0,4891,510.58,16.32,.050921,39.010888
1781756952,phi3:mini,34.0,4885,526.67,18.48,.049366,10.550933
1781756963,phi3:mini,36.0,4889,489.26,17.16,.053140,21.727759
1781756985,phi3:mini,34.0,4888,492.74,17.60,.052765,18.971387
1781757004,phi3:mini,34.0,4897,481.79,16.89,.053965,24.203653
1781757028,phi3:mini,34.0,4896,464.49,18.24,.055974,12.990755
1781757042,phi3:mini,34.0,4889,507.86,16.76,.051195,25.223630
1781757067,phi3:mini,33.0,4893,527.18,19.24,.049318,4.884974
1781757072,phi3:mini,34.0,4887,504.39,18.94,.051547,5.858774
1781757078,phi3:mini,36.0,4884,510.59,17.32,.050921,20.833256
1781757099,phi3:mini,33.0,4892,541.61,17.65,.048004,18.524992
1781757118,phi3:mini,33.0,4896,488.71,17.81,.053200,16.275293
1781757134,phi3:mini,31.0,4892,513.10,19.23,.050671,6.134184
1781757140,phi3:mini,36.0,4889,493.21,17.91,.052715,16.074908
1781757157,phi3:mini,31.0,4890,503.03,17.72,.051686,16.360354
1781757173,phi3:mini,34.0,4887,520.09,16.40,.049991,32.495920
1781757206,phi3:mini,33.0,4888,525.49,17.64,.049476,18.531776
1781757225,phi3:mini,36.0,4888,526.27,18.28,.049403,10.776164
1781757236,phi3:mini,34.0,4886,488.12,18.44,.053264,10.628775
1781757246,phi3:mini,34.0,4889,478.78,17.43,.054303,21.620793
1781757268,phi3:mini,34.0,4886,466.58,19.48,.055723,2.514261
1781757271,phi3:mini,36.0,4882,456.32,17.87,.056977,18.404348
1781757289,phi3:mini,34.0,4882,521.14,16.83,.049890,29.943138
1781757320,phi3:mini,34.0,4888,459.66,18.32,.056563,11.730522
1781757332,phi3:mini,34.0,4888,486.76,17.78,.053413,15.289765
1781757347,phi3:mini,34.0,4886,418.47,15.71,.062130,41.859507
1781757389,phi3:mini,34.0,4881,536.07,17.16,.048500,21.087147
1781757410,phi3:mini,34.0,4887,460.46,17.43,.056464,21.051048
1781757432,phi3:mini,34.0,4887,500.37,17.75,.051960,20.333636
1781757452,phi3:mini,34.0,4894,479.09,21.02,.054268,1.331936
1781757454,phi3:mini,34.0,4889,552.50,17.43,.047058,19.611207
1781757473,phi3:mini,33.0,4890,495.35,18.19,.052488,11.978711
1781757486,phi3:mini,34.0,4881,478.01,18.20,.054391,13.626054
1781757499,phi3:mini,34.0,4880,508.50,15.46,.051130,46.096613
1781757546,phi3:mini,33.0,4882,502.15,17.88,.051776,15.316388
1781757561,phi3:mini,34.0,4885,480.74,19.07,.054082,6.711069
1781757568,phi3:mini,34.0,4890,477.70,17.88,.054427,14.594844
1781757583,phi3:mini,34.0,4885,484.48,19.78,.053665,2.425934
1781757586,phi3:mini,34.0,4887,442.26,18.53,.058787,10.303342
1781757596,phi3:mini,33.0,4887,534.50,18.86,.048642,8.589359
1781757605,phi3:mini,34.0,4888,498.04,19.52,.052203,4.813390
1781757610,phi3:mini,34.0,4889,498.32,19.50,.052174,4.101871
1781757614,phi3:mini,33.0,4892,484.87,16.93,.053621,27.108089
1781757641,phi3:mini,36.0,4892,486.37,16.69,.053456,25.879868
1781757667,phi3:mini,31.0,4893,471.34,19.29,.055161,5.234944
1781757673,phi3:mini,34.0,4892,496.72,17.06,.052342,26.314610
1781757699,phi3:mini,34.0,4888,464.15,17.39,.056015,20.231277
1781757720,phi3:mini,33.0,4897,496.40,14.93,.052377,56.521904
1781757777,phi3:mini,33.0,4897,432.98,18.32,.060048,12.114340
1781757789,phi3:mini,34.0,4898,532.27,18.15,.048847,13.880624
1781757803,phi3:mini,34.0,4893,466.92,16.99,.055682,20.537744
1781757824,phi3:mini,33.0,4893,541.61,19.04,.048004,5.303075
1781757829,phi3:mini,33.0,4891,522.90,16.93,.049722,22.965322
1781757852,phi3:mini,34.0,4892,472.57,18.09,.055017,13.981481
1781757866,phi3:mini,33.0,4895,545.04,17.39,.047702,21.440684
1781757888,phi3:mini,34.0,4892,511.22,18.67,.050858,7.498597
1781757896,phi3:mini,33.0,4888,509.08,18.18,.051072,13.696162
1781757910,phi3:mini,34.0,4894,485.83,17.77,.053516,15.755349
1781757925,phi3:mini,34.0,4890,456.88,17.06,.056907,29.359232
1781757955,phi3:mini,34.0,4890,484.16,17.80,.053700,18.252589
1781757974,phi3:mini,33.0,4882,478.41,17.87,.054346,18.017418
1781757992,phi3:mini,31.0,4879,431.42,17.16,.060264,25.279128
1781758017,phi3:mini,34.0,4887,496.46,17.33,.052370,18.457047
1781758036,phi3:mini,34.0,4890,504.04,16.84,.051582,25.345161
1781758061,phi3:mini,34.0,4889,452.61,18.33,.057443,10.853047
1781758072,phi3:mini,34.0,4893,518.38,19.40,.050156,5.822376
1781758078,phi3:mini,36.0,4893,501.99,17.30,.051793,22.250675
1781758101,phi3:mini,34.0,4894,486.52,18.21,.053440,12.515183
1781758114,phi3:mini,31.0,4889,529.85,16.57,.049070,30.162782
1781758144,phi3:mini,33.0,4895,446.69,19.27,.058205,4.150026
1781758148,phi3:mini,34.0,4892,547.92,13.58,.047452,91.374700
1781758240,phi3:mini,33.0,4891,520.50,17.75,.049951,16.502234
1781758257,phi3:mini,33.0,4891,483.84,18.15,.053736,13.161324
1781758270,phi3:mini,33.0,4889,533.76,20.54,.048711,1.849534
1781758272,phi3:mini,31.0,4889,535.07,18.29,.048591,16.889679
1781758289,phi3:mini,34.0,4887,518.56,19.04,.050137,9.978512
1781758299,phi3:mini,36.0,4885,478.29,17.79,.054359,20.561940
1781758320,phi3:mini,34.0,4884,500.69,15.95,.051927,42.380598
1781758362,phi3:mini,34.0,4893,531.96,17.40,.048875,18.961712
1781758382,phi3:mini,33.0,4888,479.25,15.69,.054250,44.784145
1781758427,phi3:mini,33.0,4888,505.15,15.80,.051469,43.898954
1781758471,phi3:mini,33.0,4889,507.08,18.70,.051273,11.655106
1781758483,phi3:mini,34.0,4885,467.94,17.58,.055562,20.419717
1781758503,phi3:mini,31.0,4888,459.89,18.10,.056535,13.145645
1781758517,phi3:mini,33.0,4892,504.51,16.79,.051534,25.478113
1781758542,phi3:mini,34.0,4895,474.43,16.94,.054801,26.610143
1781758569,phi3:mini,34.0,4889,525.28,18.36,.049496,12.527087
1781758582,phi3:mini,34.0,4890,489.21,18.47,.053145,9.255221
1781758591,phi3:mini,31.0,4883,474.97,18.34,.054739,12.428868
1781758604,phi3:mini,34.0,4888,482.77,18.02,.053855,13.147389
1781758617,phi3:mini,34.0,4888,491.63,16.83,.052884,27.321781
1781758645,phi3:mini,34.0,4888,468.53,19.57,.055491,4.290526
1781758649,phi3:mini,37.0,4892,499.65,17.62,.052035,19.968745
1781758669,phi3:mini,34.0,4883,504.43,18.44,.051542,11.386551
1781758681,phi3:mini,33.0,4885,483.03,15.82,.053826,40.753906
1781758722,phi3:mini,34.0,4896,545.55,15.58,.047658,47.726882
1781758770,phi3:mini,33.0,4897,494.98,16.83,.052526,27.864550
1781758798,phi3:mini,31.0,4895,528.38,19.89,.049206,2.714134
1781758801,phi3:mini,36.0,4898,492.38,17.22,.052803,19.625116
1781758820,phi3:mini,36.0,4905,496.10,17.60,.052408,15.788123
1781758836,phi3:mini,31.0,4930,462.88,18.42,.056169,9.498454
1781758846,phi3:mini,34.0,4895,533.66,17.99,.048719,12.114890
1781758858,phi3:mini,36.0,4890,487.23,16.86,.053362,24.910155
1781758883,phi3:mini,34.0,4890,495.21,19.19,.052502,4.427880
1781758888,phi3:mini,34.0,4895,525.08,17.70,.049515,17.956733
1781758906,phi3:mini,33.0,4891,492.09,18.14,.052835,11.903706
1781758918,phi3:mini,34.0,4888,518.30,17.26,.050163,21.260335
1781758940,phi3:mini,34.0,4902,547.85,17.46,.047457,19.467193
1781758959,phi3:mini,34.0,4899,459.99,19.32,.056522,5.639622
1781758965,phi3:mini,34.0,4891,472.54,18.18,.055020,12.205638
1781758978,phi3:mini,34.0,4895,502.12,17.10,.051779,24.025461
1781759002,phi3:mini,34.0,4892,501.80,17.65,.051813,15.461578
1781759017,phi3:mini,34.0,4893,516.79,19.33,.050310,3.774706
1781759021,phi3:mini,34.0,4893,449.61,20.20,.057827,1.286522
1781759023,phi3:mini,36.0,4885,502.78,19.56,.051712,3.781844
1781759027,phi3:mini,36.0,4887,484.75,17.67,.053635,16.467314
1781759043,phi3:mini,34.0,4891,513.35,17.96,.050647,15.865166
1781759059,phi3:mini,34.0,4895,494.72,18.57,.052554,11.737474
1781759071,phi3:mini,34.0,4896,503.84,17.44,.051603,21.670571
1781759093,phi3:mini,34.0,4886,505.54,16.81,.051429,29.966912
1781759123,phi3:mini,34.0,4888,555.86,16.76,.046774,27.373718
1781759151,phi3:mini,34.0,4880,456.80,17.92,.056916,14.004649
1781759165,phi3:mini,34.0,4883,491.09,18.98,.052942,5.108302
1781759170,phi3:mini,34.0,4887,491.32,17.11,.052918,24.954165
1781759196,phi3:mini,34.0,4886,487.10,18.19,.053376,13.794904
1781759210,phi3:mini,34.0,4889,506.71,18.29,.051311,13.775709
1781759223,phi3:mini,34.0,4892,492.15,17.46,.052828,21.018045
1781759245,phi3:mini,34.0,4887,530.32,18.15,.049026,12.944130
1781759258,phi3:mini,34.0,4886,505.08,20.02,.051476,3.046113
1781759261,phi3:mini,31.0,4887,460.88,17.43,.056413,17.664782
1781759279,phi3:mini,31.0,4884,513.41,17.51,.050641,20.952787
1781759300,phi3:mini,34.0,4888,455.51,17.45,.057078,20.511795
1781759321,phi3:mini,34.0,4879,467.09,17.55,.055663,18.059799
1781759339,phi3:mini,34.0,4882,516.70,17.65,.050318,17.557239
1781759357,phi3:mini,34.0,4883,475.70,16.50,.054655,37.919681
1781759395,phi3:mini,34.0,4887,463.45,17.80,.056099,18.256634
1781759413,phi3:mini,36.0,4889,481.18,16.67,.054032,30.048386
1781759444,phi3:mini,33.0,4891,466.60,19.71,.055721,2.231322
1781759446,phi3:mini,36.0,4891,510.49,18.97,.050930,7.376431
1781759454,phi3:mini,34.0,4884,511.06,17.02,.050873,25.368351
1781759479,phi3:mini,34.0,4884,470.92,18.12,.055209,12.858166
1781759492,phi3:mini,34.0,4886,522.66,16.92,.049745,26.058843
1781759518,phi3:mini,34.0,4885,514.44,19.41,.050539,3.348291
1781759522,phi3:mini,36.0,4884,466.44,17.96,.055740,14.971219
1781759537,phi3:mini,34.0,4881,468.77,17.66,.055463,15.903697
1781759553,phi3:mini,34.0,4881,504.65,15.98,.051520,36.972051
1781759590,phi3:mini,34.0,4887,476.17,16.63,.054601,25.122745
1781759616,phi3:mini,34.0,4876,456.72,17.64,.056927,16.268363
1781759632,phi3:mini,34.0,4875,482.34,17.81,.053903,19.251142
1781759652,phi3:mini,34.0,4880,523.32,19.46,.049681,5.907873
1781759658,phi3:mini,34.0,4882,515.31,17.50,.050454,20.961289
1781759679,phi3:mini,34.0,4881,447.92,18.45,.058044,12.302956
1781759691,phi3:mini,36.0,4878,478.05,17.57,.054387,18.326656
1781759710,phi3:mini,34.0,4875,469.29,15.81,.055402,44.082240
1781759754,phi3:mini,34.0,4879,504.72,19.61,.051513,3.313221
1781759758,phi3:mini,34.0,4882,494.59,16.47,.052568,32.903110
1781759791,phi3:mini,34.0,4881,465.55,17.56,.055846,18.498752
1781759809,phi3:mini,34.0,4875,468.35,17.58,.055513,18.765541
1781759828,phi3:mini,31.0,4880,444.34,19.31,.058513,3.520233
1781759832,phi3:mini,36.0,4884,540.82,17.66,.048074,18.167835
1781759850,phi3:mini,34.0,4883,520.66,19.03,.049935,5.306225
1781759856,phi3:mini,36.0,4888,485.73,16.75,.053527,26.148804
1781759882,phi3:mini,34.0,4885,554.05,19.28,.046926,3.526940
1781759886,phi3:mini,34.0,4882,542.83,17.51,.047896,18.094575
1781759904,phi3:mini,34.0,4881,540.47,19.45,.048105,3.032900
1781759907,phi3:mini,34.0,4882,426.32,17.64,.060986,15.811660
1781759923,phi3:mini,34.0,4887,504.66,16.63,.051519,28.734157
1781759952,phi3:mini,34.0,4882,466.26,18.22,.055762,12.895039
1781759965,phi3:mini,36.0,4882,548.86,17.41,.047370,22.045703
1781759987,phi3:mini,33.0,4880,491.81,19.90,.052865,3.867998
1781759992,phi3:mini,33.0,4878,543.09,17.32,.047873,25.633948
1781760017,phi3:mini,34.0,4882,498.78,17.23,.052126,29.365992
1781760047,phi3:mini,34.0,4883,557.74,19.73,.046616,4.053782
1781760051,phi3:mini,34.0,4885,484.44,18.03,.053670,17.080075
1781760068,phi3:mini,34.0,4884,506.97,18.39,.051284,13.374040
1781760082,phi3:mini,34.0,4886,460.19,16.67,.056497,26.570870
1781760109,phi3:mini,34.0,4887,482.38,16.28,.053899,37.328135
1781760146,phi3:mini,34.0,4894,469.73,18.77,.055350,8.736994
1781760155,phi3:mini,34.0,4891,488.71,18.22,.053200,10.425659
1781760166,phi3:mini,34.0,4886,477.25,17.91,.054478,14.067700
1781760180,phi3:mini,33.0,4882,529.28,15.99,.049122,37.948067
1781760218,phi3:mini,33.0,4885,526.63,18.76,.049370,6.076559
1781760224,phi3:mini,34.0,4886,459.72,17.60,.056555,16.983065
1781760242,phi3:mini,34.0,4886,495.29,17.05,.052494,24.972870
1781760267,phi3:mini,34.0,4886,508.42,17.86,.051138,13.879243
1781760281,phi3:mini,34.0,4888,471.52,18.09,.055139,12.873076
1781760294,phi3:mini,34.0,4892,498.16,16.35,.052191,31.301376
1781760325,phi3:mini,34.0,4886,485.14,18.24,.053592,11.673762
1781760337,phi3:mini,34.0,4889,481.64,18.57,.053981,11.357639
1781760349,phi3:mini,34.0,4873,494.16,18.33,.052614,11.890595
1781760361,phi3:mini,31.0,4876,505.33,19.17,.051450,3.180605
1781760364,phi3:mini,34.0,4876,530.98,18.28,.048965,11.209606
1781760375,phi3:mini,36.0,4881,525.55,18.02,.049471,13.813397
1781760389,phi3:mini,34.0,4887,419.38,16.81,.061995,25.815178
1781760416,phi3:mini,33.0,4889,510.00,20.25,.050980,2.370217
1781760418,phi3:mini,36.0,4885,494.01,16.68,.052629,33.085718
1781760451,phi3:mini,34.0,4877,513.94,16.87,.050588,29.741171
1781760481,phi3:mini,34.0,4883,504.84,17.51,.051500,18.494896
1781760500,phi3:mini,34.0,4885,496.02,16.65,.052416,26.121424
1781760526,phi3:mini,34.0,4890,500.68,17.21,.051929,21.088824
1781760548,phi3:mini,34.0,4894,525.55,18.07,.049471,15.159311
1781760563,phi3:mini,33.0,4895,531.99,16.61,.048872,30.991628
1781760594,phi3:mini,34.0,4884,470.08,15.95,.055309,37.472676
1781760632,phi3:mini,31.0,4888,475.17,18.99,.054716,7.212862
1781760639,phi3:mini,33.0,4891,492.57,17.08,.052784,23.877798
1781760663,phi3:mini,34.0,4890,482.43,16.94,.053892,25.261261
1781760689,phi3:mini,34.0,4894,521.89,16.82,.049818,25.372571
1781760714,phi3:mini,33.0,4898,496.72,19.60,.052342,3.468163
1781760718,phi3:mini,34.0,4897,516.59,16.53,.050329,31.440862
1781760750,phi3:mini,34.0,4894,501.76,15.41,.051816,50.525386
1781760800,phi3:mini,34.0,4889,521.14,20.59,.049890,1.602371
1781760802,phi3:mini,34.0,4890,492.16,18.57,.052827,11.680944
1781760814,phi3:mini,36.0,4884,503.30,17.85,.051658,19.715614
1781760834,phi3:mini,34.0,4890,511.90,18.91,.050791,7.032267
1781760841,phi3:mini,33.0,4883,455.48,16.60,.057082,31.553215
1781760873,phi3:mini,34.0,4883,492.38,17.75,.052804,15.768914
1781760889,phi3:mini,33.0,4888,506.34,17.46,.051348,18.609000
1781760908,phi3:mini,36.0,4883,454.23,18.21,.057238,14.765312
1781760923,phi3:mini,34.0,4878,438.45,17.89,.059299,14.302096
1781760937,phi3:mini,34.0,4885,439.68,17.61,.059133,18.558517
1781760956,phi3:mini,34.0,4879,484.27,17.88,.053688,15.601080
1781760972,phi3:mini,34.0,4877,520.35,16.59,.049965,29.943780
1781761002,phi3:mini,34.0,4880,466.64,18.20,.055717,13.405458
1781761015,phi3:mini,34.0,4879,467.34,17.18,.055633,25.317590
1781761041,phi3:mini,33.0,4885,514.29,17.35,.050554,25.931692
1781761067,phi3:mini,34.0,4884,525.84,18.35,.049444,13.622950
1781761081,phi3:mini,33.0,4888,474.77,15.85,.054762,41.510440
1781761122,phi3:mini,34.0,4887,498.28,17.92,.052179,14.670845
1781761137,phi3:mini,34.0,4880,451.21,18.43,.057621,10.251169
1781761148,phi3:mini,34.0,4881,488.67,18.07,.053204,13.834028
1781761162,phi3:mini,33.0,4883,491.92,13.37,.052854,98.771182
1781761261,phi3:mini,33.0,4885,493.67,17.86,.052665,18.810154
1781761280,phi3:mini,34.0,4883,502.09,16.44,.051783,38.745784
1781761319,phi3:mini,34.0,4885,495.78,18.25,.052442,13.368602
1781761332,phi3:mini,34.0,4882,477.51,18.25,.054448,13.418067
1781761346,phi3:mini,36.0,4883,484.56,16.74,.053655,31.236543
1781761377,phi3:mini,33.0,4883,504.64,18.13,.051521,13.012469
1781761391,phi3:mini,33.0,4882,478.84,18.88,.054297,4.978273
1781761396,phi3:mini,34.0,4884,480.52,16.76,.054107,26.061423
1781761422,phi3:mini,34.0,4883,479.37,16.38,.054237,32.649057
1781761455,phi3:mini,36.0,4894,493.34,16.93,.052701,25.743421
1781761481,phi3:mini,34.0,4887,461.29,20.60,.056363,.922312
1781761482,phi3:mini,34.0,4886,522.70,16.98,.049740,26.488619
1781761509,phi3:mini,33.0,4883,459.85,17.70,.056539,13.949605
1781761523,phi3:mini,34.0,4884,510.88,17.13,.050891,21.248079
1781761544,phi3:mini,34.0,4880,498.12,16.42,.052195,31.103193
1781761575,phi3:mini,36.0,4883,489.58,19.32,.053106,2.328516
1781761578,phi3:mini,31.0,4881,513.73,18.40,.050609,7.713908
1781761586,phi3:mini,34.0,4882,485.95,17.30,.053502,19.530288
1781761605,phi3:mini,34.0,4881,431.13,18.16,.060306,13.873580
1781761620,phi3:mini,34.0,4885,489.91,18.59,.053069,10.757355
1781761630,phi3:mini,37.0,4889,505.69,18.61,.051414,12.734918
1781761643,phi3:mini,36.0,4882,536.58,17.34,.048454,20.240447
1781761664,phi3:mini,30.0,4887,436.98,18.12,.059498,13.075245
1781761677,phi3:mini,34.0,4883,499.61,19.50,.052040,3.075517
1781761680,phi3:mini,34.0,4881,467.72,13.19,.055588,104.634936
1781761785,phi3:mini,32.0,4885,428.38,17.99,.060692,14.005068
1781761799,phi3:mini,33.0,4887,482.13,17.34,.053926,17.985531
1781761818,phi3:mini,30.0,4887,505.12,20.79,.051471,.865735
1781761819,phi3:mini,34.0,4889,485.88,18.00,.053510,15.555032
1781761834,phi3:mini,33.0,4887,490.27,20.00,.053031,1.049908
1781761836,phi3:mini,34.0,4888,494.97,18.01,.052527,13.657895
1781761849,phi3:mini,34.0,4889,460.77,17.64,.056426,14.277640
1781761864,phi3:mini,33.0,4883,465.10,17.13,.055900,22.987557
1781761887,phi3:mini,34.0,4875,500.41,17.25,.051957,21.213444
1781761908,phi3:mini,34.0,4880,457.98,15.99,.056770,36.510067
1781761945,phi3:mini,34.0,4884,447.33,15.40,.058121,49.713441
1781761995,phi3:mini,34.0,4887,509.26,15.64,.051054,41.791937
1781762037,phi3:mini,33.0,4885,464.14,18.00,.056017,13.832549
1781762051,phi3:mini,33.0,4883,394.23,18.20,.065949,12.523125
1781762064,phi3:mini,34.0,4881,500.03,15.47,.051996,49.497695
1781762114,phi3:mini,34.0,4887,481.50,19.03,.053997,4.202862
1781762118,phi3:mini,34.0,4889,553.56,17.82,.046968,13.074453
1781762131,phi3:mini,34.0,4885,446.30,16.62,.058256,29.834538
1781762161,phi3:mini,34.0,4885,493.21,17.41,.052714,19.181930
1781762181,phi3:mini,34.0,4888,426.99,17.05,.060890,21.346696
1781762202,phi3:mini,34.0,4884,471.57,15.90,.055134,43.063378
1781762245,phi3:mini,34.0,4883,423.10,17.37,.061450,19.393144
1781762265,phi3:mini,34.0,4889,539.05,14.89,.048232,61.494606
1781762327,phi3:mini,34.0,4881,470.07,18.54,.055310,9.273784
1781762336,phi3:mini,34.0,4882,498.33,18.13,.052173,13.893920
1781762350,phi3:mini,33.0,4889,496.24,19.14,.052393,5.276877
1781762356,phi3:mini,34.0,4887,500.23,16.97,.051976,24.207174
1781762380,phi3:mini,33.0,4892,483.60,18.57,.053762,9.474883
1781762390,phi3:mini,33.0,4890,552.34,17.62,.047071,20.252370
1781762410,phi3:mini,34.0,4884,495.34,19.99,.052488,2.401107
1781762413,phi3:mini,36.0,4888,463.78,16.37,.056061,32.483974
1781762445,phi3:mini,34.0,4888,481.31,16.93,.054018,25.091436
1781762471,phi3:mini,34.0,4889,510.11,18.06,.050968,15.222678
1781762486,phi3:mini,34.0,4888,540.83,18.21,.048074,14.764343
1781762501,phi3:mini,34.0,4891,491.37,18.29,.052912,11.643469
1781762513,phi3:mini,34.0,4888,487.08,18.37,.053379,12.789774
1781762526,phi3:mini,34.0,4883,452.90,17.90,.057407,15.299607
1781762541,phi3:mini,34.0,4887,478.37,17.40,.054350,19.877843
1781762561,phi3:mini,33.0,4886,474.86,16.11,.054752,39.582137
1781762601,phi3:mini,34.0,4878,448.52,17.14,.057967,25.248124
1781762627,phi3:mini,33.0,4882,461.42,19.93,.056346,2.307791
1781762629,phi3:mini,34.0,4882,489.82,17.34,.053080,22.138453
1781762651,phi3:mini,34.0,4882,436.08,19.21,.059622,5.723483
1781762657,phi3:mini,34.0,4885,491.63,17.37,.052884,18.244649
1781762676,phi3:mini,34.0,4880,462.28,18.02,.056242,13.146183
1781762689,phi3:mini,33.0,4886,475.98,20.56,.054623,.729446
1781762690,phi3:mini,33.0,4885,534.87,16.61,.048609,30.402479
1781762721,phi3:mini,34.0,4888,514.76,18.49,.050508,11.840093
1781762733,phi3:mini,34.0,4887,470.44,16.76,.055266,31.620753
1781762764,phi3:mini,34.0,4891,497.78,16.45,.052231,34.092501
1781762799,phi3:mini,34.0,4889,524.57,18.60,.049563,11.016380
1781762810,phi3:mini,34.0,4885,563.33,17.30,.046153,24.962490
1781762835,phi3:mini,34.0,4885,394.28,17.39,.065942,19.260375
1781762854,phi3:mini,34.0,4886,517.32,17.56,.050258,20.777749
1781762875,phi3:mini,33.0,4886,491.92,16.15,.052853,31.626115
1781762907,phi3:mini,34.0,4894,492.77,16.40,.052762,32.546103
1781762940,phi3:mini,33.0,4883,422.33,17.07,.061562,25.416301
1781762966,phi3:mini,33.0,4889,495.09,17.34,.052514,20.752821
1781762987,phi3:mini,33.0,4882,459.32,20.69,.056604,.869964
1781762988,phi3:mini,34.0,4882,486.66,16.42,.053424,34.524521
1781763022,phi3:mini,34.0,4882,499.87,17.28,.052012,22.154874
1781763045,phi3:mini,33.0,4887,446.78,18.12,.058193,14.123737
1781763059,phi3:mini,34.0,4882,551.58,17.55,.047137,18.226496
1781763077,phi3:mini,34.0,4877,519.15,16.27,.050081,35.814285
1781763113,phi3:mini,34.0,4886,485.16,17.60,.053590,20.452225
1781763134,phi3:mini,34.0,4877,524.06,16.68,.049612,30.385304
1781763165,phi3:mini,34.0,4883,524.27,17.82,.049592,16.552075
1781763181,phi3:mini,34.0,4886,489.09,18.03,.053159,13.747590
1781763195,phi3:mini,34.0,4883,449.96,18.41,.057782,12.977739
1781763208,phi3:mini,34.0,4879,469.50,18.37,.055377,13.169526
1781763222,phi3:mini,34.0,4882,510.02,17.29,.050977,19.719197
1781763242,phi3:mini,33.0,4888,536.27,18.17,.048482,13.148210
1781763255,phi3:mini,34.0,4878,498.20,18.76,.052187,9.113678
1781763264,phi3:mini,36.0,4883,474.12,17.67,.054837,17.873441
1781763282,phi3:mini,36.0,4890,484.41,18.31,.053673,11.412598
1781763294,phi3:mini,34.0,4892,492.52,16.28,.052789,34.749658
1781763329,phi3:mini,33.0,4896,561.85,18.29,.046275,12.516819
1781763342,phi3:mini,34.0,4893,531.08,19.14,.048956,5.692193
1781763347,phi3:mini,31.0,4892,528.95,16.37,.049153,31.203941
1781763379,phi3:mini,34.0,4890,459.84,15.89,.056540,40.387929
1781763419,phi3:mini,34.0,4893,530.02,17.61,.049054,21.458243
1781763441,phi3:mini,36.0,4888,479.58,16.98,.054213,30.799631
1781763472,phi3:mini,36.0,4888,508.17,19.76,.051163,3.034982
1781763475,phi3:mini,36.0,4889,468.80,18.36,.055460,11.923992
1781763487,phi3:mini,34.0,4890,458.43,18.10,.056715,12.761727
1781763500,phi3:mini,34.0,4882,455.37,18.32,.057095,12.714907
1781763513,phi3:mini,34.0,4888,490.00,18.55,.053061,11.693221
1781763525,phi3:mini,33.0,4893,487.25,16.63,.053360,30.422560
1781763556,phi3:mini,34.0,4887,504.02,17.49,.051584,17.429850
1781763573,phi3:mini,34.0,4886,458.47,16.75,.056709,30.858449
1781763604,phi3:mini,34.0,4888,442.52,17.86,.058753,17.181718
1781763622,phi3:mini,34.0,4891,533.22,16.77,.048759,31.415991
1781763653,phi3:mini,30.0,4891,469.59,16.18,.055366,37.493738
1781763691,phi3:mini,30.0,4884,491.26,18.49,.052925,11.786816
1781763703,phi3:mini,36.0,4888,499.43,18.39,.052058,13.533718
1781763717,phi3:mini,34.0,4889,537.43,18.13,.048377,13.123844
1781763730,phi3:mini,34.0,4893,503.50,17.26,.051637,19.981893
1781763750,phi3:mini,33.0,4897,497.06,15.65,.052307,44.467387
1781763795,phi3:mini,34.0,4894,476.24,17.58,.054593,20.419361
1781763816,phi3:mini,30.0,4885,492.21,17.23,.052822,21.289969
1781763837,phi3:mini,34.0,4886,482.83,19.06,.053849,3.513749
1781763841,phi3:mini,34.0,4884,462.95,18.05,.056161,12.846814
1781763854,phi3:mini,33.0,4878,510.00,19.19,.050979,6.148786
1781763860,phi3:mini,34.0,4881,498.52,18.14,.052154,17.966729
1781763878,phi3:mini,34.0,4884,490.84,19.59,.052970,4.032150
1781763882,phi3:mini,34.0,4884,507.65,16.92,.051216,29.845781
1781763912,phi3:mini,34.0,4882,490.12,18.53,.053048,10.196042
1781763923,phi3:mini,34.0,4880,538.85,17.34,.048250,18.857465
1781763942,phi3:mini,34.0,4881,437.95,17.34,.059366,18.732816
1781763961,phi3:mini,34.0,4883,489.99,17.83,.053061,14.013812
1781763975,phi3:mini,31.0,4886,492.19,18.51,.052825,8.802212
1781763984,phi3:mini,34.0,4888,519.64,16.91,.050033,23.348935
1781764007,phi3:mini,33.0,4887,490.61,20.90,.052995,1.099992
1781764009,phi3:mini,34.0,4882,486.72,18.86,.053418,9.595023
1781764018,phi3:mini,36.0,4884,548.84,17.62,.047371,20.195486
1781764039,phi3:mini,34.0,4885,514.43,17.61,.050540,17.088478
1781764056,phi3:mini,34.0,4881,447.94,18.41,.058043,10.425994
1781764067,phi3:mini,34.0,4882,514.88,17.10,.050496,22.445835
1781764089,phi3:mini,33.0,4887,456.21,19.67,.056990,2.032925
1781764092,phi3:mini,33.0,4889,434.50,17.26,.059837,21.081882
1781764113,phi3:mini,34.0,4889,500.77,19.41,.051919,4.171606
1781764117,phi3:mini,34.0,4890,459.92,18.73,.056531,6.833634
1781764124,phi3:mini,33.0,4891,498.87,16.08,.052117,37.671857
1781764162,phi3:mini,34.0,4889,482.37,16.88,.053899,25.116716
1781764187,phi3:mini,31.0,4893,493.39,16.92,.052696,26.063172
1781764214,phi3:mini,34.0,4889,471.34,17.11,.055160,25.413914
1781764239,phi3:mini,34.0,4894,471.48,20.12,.055145,3.329977
1781764243,phi3:mini,36.0,4894,518.85,19.31,.050110,6.626009
1781764249,phi3:mini,36.0,4893,513.56,19.48,.050626,5.183807
1781764255,phi3:mini,34.0,4891,480.47,17.23,.054113,22.280830
1781764277,phi3:mini,34.0,4894,442.73,17.02,.058725,23.491752
1781764301,phi3:mini,33.0,4889,513.56,18.76,.050626,7.405437
1781764308,phi3:mini,34.0,4891,427.14,20.00,.060869,.999969
1781764310,phi3:mini,34.0,4886,533.85,19.00,.048702,5.999071
1781764316,phi3:mini,34.0,4878,549.71,17.68,.047297,17.415439
1781764333,phi3:mini,32.0,4873,482.66,16.78,.053867,26.813706
1781764360,phi3:mini,34.0,4886,551.41,18.07,.047151,13.724274
1781764374,phi3:mini,34.0,4888,477.21,19.80,.054482,3.584247
1781764378,phi3:mini,33.0,4889,482.31,17.01,.053907,25.387279
1781764404,phi3:mini,34.0,4882,516.40,17.49,.050348,18.635375
1781764422,phi3:mini,33.0,4884,449.80,16.94,.057802,26.027656
1781764449,phi3:mini,36.0,4885,484.40,16.50,.053674,34.360758
1781764483,phi3:mini,34.0,4889,492.02,19.74,.052842,4.305948
1781764488,phi3:mini,36.0,4888,553.03,16.64,.047012,29.492013
1781764517,phi3:mini,34.0,4883,470.17,15.95,.055298,39.857645
1781764557,phi3:mini,34.0,4883,536.73,19.86,.048441,5.083046
1781764563,phi3:mini,34.0,4880,467.14,19.00,.055657,8.945760
1781764572,phi3:mini,31.0,4883,501.32,18.10,.051862,12.094040
1781764584,phi3:mini,34.0,4886,556.94,18.41,.046683,11.836303
1781764596,phi3:mini,34.0,4879,468.64,17.25,.055479,23.176853
1781764619,phi3:mini,33.0,4886,518.47,17.69,.050146,19.331681
1781764639,phi3:mini,34.0,4889,493.07,17.19,.052729,24.082179
1781764663,phi3:mini,34.0,4887,475.76,18.22,.054648,12.676377
1781764676,phi3:mini,34.0,4879,455.92,17.41,.057026,20.899133
1781764697,phi3:mini,33.0,4883,488.36,17.05,.053239,25.393639
1781764723,phi3:mini,34.0,4881,514.20,19.64,.050563,2.596538
1781764726,phi3:mini,36.0,4879,517.28,16.51,.050262,28.996211
1781764755,phi3:mini,36.0,4886,434.22,19.34,.059877,4.135061
1781764759,phi3:mini,36.0,4891,449.43,18.46,.057849,7.745081
1781764767,phi3:mini,34.0,4885,487.19,18.09,.053366,13.260582
1781764780,phi3:mini,34.0,4884,526.57,17.26,.049375,20.847849
1781764801,phi3:mini,34.0,4883,467.26,18.10,.055643,12.704152
1781764814,phi3:mini,34.0,4884,512.32,19.19,.050748,5.365710
1781764820,phi3:mini,36.0,4884,519.92,20.41,.050006,1.322410
1781764821,phi3:mini,36.0,4886,540.33,18.23,.048117,13.602695
1781764835,phi3:mini,34.0,4886,510.15,17.86,.050964,13.710176
1781764849,phi3:mini,36.0,4883,534.77,17.26,.048619,21.371840
1781764871,phi3:mini,34.0,4887,527.75,18.24,.049265,12.003813
1781764883,phi3:mini,34.0,4889,499.11,15.85,.052092,41.308754
1781764924,phi3:mini,34.0,4889,485.71,16.79,.053529,25.788367
1781764950,phi3:mini,34.0,4888,546.15,19.06,.047605,7.344903
1781764958,phi3:mini,33.0,4889,404.96,17.21,.064203,21.959933
1781764980,phi3:mini,34.0,4886,536.90,19.20,.048425,4.373410
1781764984,phi3:mini,34.0,4883,518.01,19.35,.050191,5.218067
1781764990,phi3:mini,34.0,4884,477.45,17.23,.054454,22.338136
1781765012,phi3:mini,34.0,4888,510.70,18.05,.050909,13.185095
1781765026,phi3:mini,34.0,4891,463.45,17.74,.056100,13.633832
1781765039,phi3:mini,34.0,4890,494.23,20.66,.052606,.725832
1781765040,phi3:mini,34.0,4887,464.49,18.10,.055974,10.934859
1781765051,phi3:mini,34.0,4893,496.86,17.79,.052328,20.062145
1781765072,phi3:mini,34.0,4894,504.56,18.30,.051529,12.294115
1781765084,phi3:mini,34.0,4895,511.50,17.16,.050830,25.860216
1781765110,phi3:mini,34.0,4892,554.67,17.03,.046874,29.529019
1781765140,phi3:mini,33.0,4899,530.41,17.51,.049018,18.560644
1781765159,phi3:mini,33.0,4895,486.64,17.72,.053427,17.266079
1781765176,phi3:mini,33.0,4893,479.26,19.80,.054249,1.868609
1781765178,phi3:mini,34.0,4890,513.97,15.27,.050585,52.563550
1781765231,phi3:mini,33.0,4888,551.51,15.64,.047143,41.041985
1781765272,phi3:mini,33.0,4893,535.63,18.24,.048540,13.426988
1781765286,phi3:mini,34.0,4891,528.21,18.47,.049222,11.147683
1781765297,phi3:mini,34.0,4894,527.09,17.27,.049326,18.926773
1781765316,phi3:mini,34.0,4893,514.75,17.90,.050509,13.735382
1781765330,phi3:mini,31.0,4894,486.00,17.36,.053497,20.271488
1781765351,phi3:mini,36.0,4893,472.36,19.06,.055042,4.195694
1781765355,phi3:mini,36.0,4885,518.53,18.97,.050141,5.007044
1781765360,phi3:mini,36.0,4883,490.96,18.29,.052956,13.990101
1781765374,phi3:mini,36.0,4890,522.57,16.83,.049753,25.963857
1781765401,phi3:mini,36.0,4891,538.63,17.42,.048270,17.729138
1781765418,phi3:mini,36.0,4887,494.56,18.07,.052571,12.114755
1781765431,phi3:mini,33.0,4878,469.06,17.28,.055428,21.466684
1781765452,phi3:mini,30.0,4883,457.30,18.11,.056854,13.852394
1781765466,phi3:mini,34.0,4882,480.59,18.66,.054099,10.713149
1781765477,phi3:mini,34.0,4883,472.00,16.90,.055083,30.056891
1781765508,phi3:mini,34.0,4887,492.41,17.19,.052801,24.014111
1781765532,phi3:mini,34.0,4896,449.78,18.19,.057805,11.434109
1781765543,phi3:mini,34.0,4898,467.57,17.92,.055606,13.001630
1781765557,phi3:mini,34.0,4896,508.65,16.51,.051114,31.719369
1781765588,phi3:mini,34.0,4893,487.34,16.55,.053349,30.680873
1781765619,phi3:mini,33.0,4899,514.06,17.64,.050577,17.794309
1781765637,phi3:mini,33.0,4888,511.66,17.88,.050814,14.590969
1781765652,phi3:mini,34.0,4888,482.13,19.70,.053926,4.060429
1781765656,phi3:mini,34.0,4887,444.13,17.64,.058540,19.272006
1781765676,phi3:mini,34.0,4892,464.84,18.96,.055932,9.174082
1781765685,phi3:mini,34.0,4892,505.82,19.40,.051400,5.307361
1781765691,phi3:mini,34.0,4894,522.58,18.06,.049752,13.558953
1781765704,phi3:mini,34.0,4895,491.04,18.19,.052948,13.906089
1781765718,phi3:mini,37.0,4890,469.90,18.63,.055330,12.500291
1781765731,phi3:mini,34.0,4887,489.61,20.12,.053103,2.235994
1781765734,phi3:mini,34.0,4888,497.08,19.05,.052305,5.879152
1781765740,phi3:mini,33.0,4888,543.84,16.87,.047807,30.287357
1781765770,phi3:mini,34.0,4888,557.95,17.77,.046599,16.595942
1781765787,phi3:mini,36.0,4892,464.93,17.72,.055921,14.051730
1781765801,phi3:mini,34.0,4906,505.12,16.67,.051472,30.160484
1781765831,phi3:mini,34.0,4894,483.73,20.68,.053748,1.305552
1781765833,phi3:mini,34.0,4895,479.20,18.96,.054256,5.326912
1781765838,phi3:mini,34.0,4894,488.58,17.86,.053215,15.004747
1781765854,phi3:mini,31.0,4883,454.79,17.29,.057168,22.024387
1781765876,phi3:mini,31.0,4886,497.87,16.96,.052221,26.341807
1781765902,phi3:mini,36.0,4890,468.77,17.29,.055463,23.816036
1781765926,phi3:mini,34.0,4897,471.11,18.00,.055188,17.215854
1781765944,phi3:mini,33.0,4894,487.36,17.30,.053348,24.961393
1781765969,phi3:mini,34.0,4898,431.83,16.86,.060208,26.390949
1781765996,phi3:mini,34.0,4897,529.25,19.17,.049125,4.485257
1781766000,phi3:mini,36.0,4897,493.15,16.91,.052722,25.128939
1781766025,phi3:mini,33.0,4896,468.03,19.42,.055551,7.052249
1781766033,phi3:mini,34.0,4923,546.71,16.64,.047557,26.553803
1781766059,phi3:mini,34.0,4892,499.27,17.19,.052075,22.502567
1781766082,phi3:mini,34.0,4892,472.61,20.08,.055013,2.389391
1781766085,phi3:mini,33.0,4887,510.88,17.98,.050892,14.454712
1781766099,phi3:mini,31.0,4871,469.78,15.86,.055344,40.730385
1781766140,phi3:mini,34.0,4884,516.93,19.82,.050296,2.471689
1781766143,phi3:mini,34.0,4883,472.18,16.75,.055063,30.624239
1781766174,phi3:mini,30.0,4882,507.21,18.52,.051260,10.632839
1781766185,phi3:mini,34.0,4885,490.68,19.51,.052987,4.868685
1781766190,phi3:mini,34.0,4885,521.71,17.68,.049835,19.334158
1781766209,phi3:mini,33.0,4883,542.02,16.34,.047968,31.566652
1781766241,phi3:mini,33.0,4879,473.55,17.86,.054903,17.411035
1781766258,phi3:mini,34.0,4881,523.78,17.45,.049638,17.990529
1781766277,phi3:mini,34.0,4878,446.99,18.58,.058165,7.533453
1781766284,phi3:mini,34.0,4883,475.78,16.93,.054646,26.446965
1781766311,phi3:mini,33.0,4881,554.75,17.73,.046867,18.886784
1781766330,phi3:mini,34.0,4885,511.95,17.55,.050785,17.770731
1781766348,phi3:mini,34.0,4881,487.48,17.13,.053334,22.877798
1781766371,phi3:mini,34.0,4884,485.02,17.66,.053605,18.345590
1781766390,phi3:mini,34.0,4885,486.06,17.83,.053490,16.096400
1781766406,phi3:mini,34.0,4888,460.54,17.15,.056455,21.976413
1781766428,phi3:mini,34.0,4885,487.99,16.57,.053279,29.555745
1781766458,phi3:mini,33.0,4896,515.52,16.82,.050433,25.740956
1781766484,phi3:mini,34.0,4884,484.70,19.10,.053640,7.329536
1781766491,phi3:mini,34.0,4882,494.66,17.83,.052560,16.256562
1781766508,phi3:mini,36.0,4893,470.67,18.11,.055239,15.012702
1781766523,phi3:mini,34.0,4887,500.37,15.69,.051961,45.295627
1781766568,phi3:mini,34.0,4882,516.34,18.18,.050353,12.814530
1781766581,phi3:mini,34.0,4884,490.63,18.59,.052992,7.959931
1781766590,phi3:mini,33.0,4877,520.40,17.26,.049961,21.027323
1781766611,phi3:mini,31.0,4875,489.89,18.78,.053072,7.348171
1781766618,phi3:mini,34.0,4881,472.28,19.68,.055051,2.692155
1781766621,phi3:mini,34.0,4884,519.27,19.27,.050070,5.603651
1781766627,phi3:mini,34.0,4881,549.92,17.34,.047279,22.943114
1781766650,phi3:mini,31.0,4887,510.97,19.09,.050883,6.338322
1781766656,phi3:mini,36.0,4884,494.67,18.33,.052559,12.432303
1781766669,phi3:mini,34.0,4877,486.29,18.11,.053464,13.135273
1781766682,phi3:mini,34.0,4870,457.54,17.86,.056824,16.119101
1781766699,phi3:mini,34.0,4874,480.10,18.81,.054154,7.545469
1781766706,phi3:mini,34.0,4878,459.38,19.57,.056597,3.167246
1781766710,phi3:mini,33.0,4869,452.24,18.49,.057490,10.649367
1781766721,phi3:mini,34.0,4873,485.41,17.73,.053562,18.885880
1781766740,phi3:mini,34.0,4879,469.47,17.56,.055381,19.124816
1781766759,phi3:mini,33.0,4880,480.38,17.64,.054122,18.758147
1781766778,phi3:mini,34.0,4886,476.71,18.11,.054540,13.521533
1781766792,phi3:mini,34.0,4891,495.84,17.51,.052435,18.555856
1781766810,phi3:mini,34.0,4881,487.97,17.84,.053281,15.574668
1781766826,phi3:mini,31.0,4891,501.80,14.95,.051813,57.621445
1781766884,phi3:mini,34.0,4887,499.73,17.80,.052027,15.555895
1781766900,phi3:mini,34.0,4892,500.27,19.27,.051971,3.735675
1781766904,phi3:mini,31.0,4885,471.92,16.88,.055093,26.240083
1781766930,phi3:mini,34.0,4891,492.58,16.60,.052782,30.226038
1781766961,phi3:mini,34.0,4895,511.30,18.29,.050850,11.916970
1781766973,phi3:mini,34.0,4894,460.12,18.85,.056506,5.302536
1781766978,phi3:mini,34.0,4895,520.22,17.70,.049978,15.986881
1781766994,phi3:mini,34.0,4880,469.87,19.45,.055333,4.419624
1781766999,phi3:mini,34.0,4881,494.71,18.34,.052555,10.740455
1781767010,phi3:mini,34.0,4881,500.21,16.96,.051977,24.997112
1781767035,phi3:mini,34.0,4882,462.16,17.84,.056257,17.367955
1781767052,phi3:mini,34.0,4885,513.61,18.29,.050621,12.626107
1781767065,phi3:mini,34.0,4888,528.16,16.72,.049227,27.444404
1781767093,phi3:mini,33.0,4882,473.84,16.02,.054870,40.313013
1781767133,phi3:mini,34.0,4884,466.42,16.76,.055742,26.729903
1781767160,phi3:mini,34.0,4876,486.47,17.83,.053445,15.082217
1781767176,phi3:mini,34.0,4876,527.12,16.94,.049324,23.601399
1781767199,phi3:mini,36.0,4884,460.54,16.74,.056454,28.968999
1781767229,phi3:mini,34.0,4890,510.27,17.32,.050952,18.584143
1781767247,phi3:mini,34.0,4889,464.59,18.01,.055963,13.152698
1781767261,phi3:mini,33.0,4888,472.96,18.65,.054972,9.328223
1781767270,phi3:mini,36.0,4880,512.30,16.81,.050751,26.581389
1781767297,phi3:mini,34.0,4881,489.00,16.73,.053169,26.414164
1781767324,phi3:mini,34.0,4875,452.29,18.94,.057484,5.646970
1781767329,phi3:mini,33.0,4877,499.64,16.32,.052036,33.624290
1781767363,phi3:mini,34.0,4879,508.23,17.85,.051157,15.736342
1781767379,phi3:mini,34.0,4882,458.54,16.61,.056701,27.086182
1781767406,phi3:mini,36.0,4893,514.17,18.50,.050566,6.971129
1781767414,phi3:mini,33.0,4894,497.66,17.87,.052243,14.097113
1781767428,phi3:mini,34.0,4885,548.99,18.07,.047358,15.268867
1781767443,phi3:mini,34.0,4884,478.23,18.98,.054366,8.640275
1781767452,phi3:mini,34.0,4885,576.12,18.62,.045129,11.648730
1781767464,phi3:mini,34.0,4876,473.06,17.03,.054960,25.947760
1781767490,phi3:mini,34.0,4880,449.24,20.90,.057875,.956607
1781767491,phi3:mini,34.0,4881,485.76,15.99,.053523,41.818038
1781767533,phi3:mini,33.0,4886,503.91,17.37,.051595,20.430019
1781767554,phi3:mini,33.0,4880,431.17,17.53,.060299,18.415714
1781767572,phi3:mini,33.0,4880,530.87,16.37,.048975,33.949487
1781767607,phi3:mini,33.0,4882,491.72,17.89,.052875,16.931103
1781767624,phi3:mini,34.0,4885,496.56,19.10,.052360,4.501613
1781767628,phi3:mini,30.0,4880,526.11,16.49,.049419,31.704173
1781767660,phi3:mini,31.0,4882,518.87,17.43,.050108,18.873883
1781767679,phi3:mini,33.0,4884,448.95,16.68,.057911,28.340619
1781767708,phi3:mini,34.0,4888,519.07,17.92,.050089,13.051225
1781767721,phi3:mini,34.0,4884,470.84,16.30,.055219,32.269723
1781767754,phi3:mini,33.0,4889,471.95,17.97,.055090,13.460559
1781767767,phi3:mini,34.0,4884,470.61,17.98,.055247,14.513185
1781767782,phi3:mini,34.0,4884,506.09,18.08,.051374,13.655740
1781767796,phi3:mini,33.0,4880,475.78,18.15,.054646,13.767403
1781767810,phi3:mini,34.0,4881,530.04,15.82,.049052,43.423981
1781767853,phi3:mini,34.0,4888,460.19,20.56,.056497,.875250
1781767854,phi3:mini,34.0,4886,521.75,17.41,.049831,19.642500
1781767874,phi3:mini,34.0,4887,552.54,19.63,.047054,4.430905
1781767879,phi3:mini,36.0,4891,514.57,19.11,.050527,5.596722
1781767885,phi3:mini,34.0,4889,495.49,17.43,.052472,18.127567
1781767903,phi3:mini,33.0,4895,518.75,19.35,.050120,4.288668
1781767907,phi3:mini,36.0,4894,510.49,17.83,.050931,15.136993
1781767923,phi3:mini,36.0,4893,550.91,16.91,.047194,25.126141
1781767948,phi3:mini,34.0,4895,458.41,19.42,.056717,4.838602
1781767953,phi3:mini,34.0,4895,496.59,18.06,.052356,13.898076
1781767967,phi3:mini,33.0,4888,399.36,16.23,.065103,33.202360
1781768000,phi3:mini,33.0,4880,507.16,17.53,.051265,20.929425
1781768022,phi3:mini,34.0,4886,445.41,18.26,.058372,14.725078
1781768036,phi3:mini,34.0,4887,545.95,17.09,.047622,25.393251
1781768062,phi3:mini,31.0,4891,490.16,17.66,.053043,18.459697
1781768081,phi3:mini,30.0,4892,492.60,14.94,.052780,55.788650
1781768137,phi3:mini,34.0,4894,529.85,16.53,.049070,30.002272
1781768167,phi3:mini,33.0,4896,478.26,17.88,.054363,15.431758
1781768183,phi3:mini,34.0,4896,448.44,15.98,.057978,38.790653
1781768222,phi3:mini,34.0,4898,496.79,15.46,.052335,52.705933
1781768275,phi3:mini,33.0,4897,494.93,17.15,.052532,20.864041
1781768296,phi3:mini,34.0,4882,524.06,17.87,.049611,15.213631
1781768311,phi3:mini,31.0,4889,485.28,16.00,.053577,40.312218
1781768351,phi3:mini,34.0,4890,504.25,16.93,.051561,27.992641
1781768380,phi3:mini,34.0,4896,475.42,17.88,.054687,18.282781
1781768398,phi3:mini,34.0,4883,479.04,17.21,.054275,24.979442
1781768423,phi3:mini,34.0,4890,507.13,19.49,.051268,5.027483
1781768429,phi3:mini,34.0,4890,488.01,15.98,.053277,43.981977
1781768473,phi3:mini,34.0,4886,567.47,18.05,.045817,15.062298
1781768488,phi3:mini,33.0,4885,494.52,18.37,.052575,12.083120
1781768500,phi3:mini,34.0,4882,527.93,17.23,.049248,22.509151
1781768523,phi3:mini,34.0,4890,471.66,18.29,.055124,13.060826
1781768536,phi3:mini,34.0,4880,518.11,17.99,.050181,15.115416
1781768552,phi3:mini,34.0,4883,518.54,15.83,.050140,41.057330
1781768593,phi3:mini,33.0,4884,496.78,19.10,.052336,4.972918
1781768598,phi3:mini,34.0,4888,447.93,19.22,.058044,4.369666
1781768602,phi3:mini,34.0,4891,438.75,17.53,.059258,20.074243
1781768623,phi3:mini,33.0,4889,484.31,18.55,.053684,11.803772
1781768635,phi3:mini,36.0,4889,568.58,20.42,.045727,2.203070
1781768637,phi3:mini,34.0,4890,512.83,19.80,.050698,5.351199
1781768643,phi3:mini,34.0,4880,499.71,18.24,.052029,15.678073
1781768658,phi3:mini,33.0,4883,471.49,19.02,.055144,7.463959
1781768666,phi3:mini,34.0,4891,492.81,16.85,.052757,29.902271
1781768696,phi3:mini,36.0,4887,459.76,17.99,.056550,15.451384
1781768712,phi3:mini,34.0,4882,538.62,16.77,.048270,26.291780
1781768738,phi3:mini,34.0,4884,532.55,17.36,.048820,20.388118
1781768759,phi3:mini,34.0,4879,507.60,16.95,.051220,26.593545
1781768786,phi3:mini,36.0,4882,497.11,18.70,.052301,8.662505
1781768795,phi3:mini,34.0,4874,510.30,17.22,.050949,20.493865
1781768815,phi3:mini,33.0,4877,493.40,16.96,.052695,29.357967
1781768845,phi3:mini,34.0,4875,528.13,17.68,.049230,17.304613
1781768862,phi3:mini,36.0,4884,474.12,17.80,.054837,16.457661
1781768879,phi3:mini,34.0,4881,501.70,17.78,.051823,17.540357
1781768897,phi3:mini,33.0,4881,508.08,17.96,.051172,13.245443
1781768910,phi3:mini,34.0,4887,512.52,17.52,.050729,20.256712
1781768931,phi3:mini,34.0,4870,473.01,18.11,.054966,11.592990
1781768942,phi3:mini,34.0,4874,505.92,19.76,.051391,2.631022
1781768945,phi3:mini,31.0,4877,483.10,19.31,.053818,5.900979
1781768951,phi3:mini,36.0,4883,552.65,17.30,.047045,22.079015
1781768973,phi3:mini,34.0,4876,519.19,17.36,.050077,21.711997
1781768995,phi3:mini,34.0,4883,510.98,16.92,.050882,28.070952
1781769024,phi3:mini,34.0,4885,513.87,17.01,.050596,23.924801
1781769048,phi3:mini,34.0,4890,464.34,17.69,.055992,15.992018
1781769064,phi3:mini,33.0,4892,471.30,17.24,.055165,24.645969
1781769089,phi3:mini,34.0,4893,458.28,17.56,.056733,19.353194
1781769108,phi3:mini,34.0,4889,494.41,17.24,.052587,23.020948
1781769132,phi3:mini,34.0,4885,474.57,16.85,.054785,30.146948
1781769162,phi3:mini,34.0,4886,473.64,19.43,.054893,4.424837
1781769167,phi3:mini,34.0,4880,513.98,18.53,.050585,11.760252
1781769178,phi3:mini,34.0,4883,458.04,18.02,.056763,15.591941
1781769194,phi3:mini,34.0,4894,508.12,16.96,.051168,23.691115
1781769218,phi3:mini,34.0,4895,504.76,15.39,.051508,48.082945
1781769266,phi3:mini,33.0,4894,508.17,18.48,.051163,10.114558
1781769277,phi3:mini,34.0,4894,488.80,17.24,.053191,21.224532
1781769298,phi3:mini,33.0,4891,484.64,15.99,.053647,40.000971
1781769338,phi3:mini,33.0,4891,567.67,18.36,.045800,11.382868
1781769350,phi3:mini,34.0,4885,509.09,18.92,.051070,5.178433
1781769355,phi3:mini,34.0,4883,520.06,18.03,.049993,14.025530
1781769369,phi3:mini,33.0,4886,478.94,18.27,.054286,13.129240
1781769383,phi3:mini,33.0,4893,505.21,19.80,.051463,2.070222
1781769385,phi3:mini,31.0,4888,490.78,19.96,.052975,2.154095
1781769387,phi3:mini,33.0,4879,483.02,18.04,.053827,18.621153
1781769406,phi3:mini,33.0,4884,499.94,18.43,.052005,11.827240
1781769418,phi3:mini,34.0,4879,532.32,17.18,.048841,24.788040
1781769443,phi3:mini,34.0,4875,522.36,18.29,.049773,11.917946
1781769455,phi3:mini,34.0,4884,483.38,17.16,.053787,22.664511
1781769478,phi3:mini,34.0,4889,500.78,15.59,.051918,48.745887
1781769527,phi3:mini,30.0,4891,505.53,17.92,.051430,14.842796
1781769542,phi3:mini,34.0,4895,475.67,19.46,.054659,3.492943
1781769546,phi3:mini,34.0,4895,475.80,18.61,.054644,8.755778
1781769555,phi3:mini,34.0,4888,502.50,16.45,.051741,29.543372
1781769584,phi3:mini,34.0,4887,455.53,16.29,.057075,33.314270
1781769618,phi3:mini,33.0,4883,505.51,19.78,.051433,2.627672
1781769621,phi3:mini,34.0,4890,525.37,17.32,.049488,19.109830
1781769640,phi3:mini,34.0,4892,512.42,17.98,.050739,13.454433
1781769654,phi3:mini,33.0,4888,479.87,17.01,.054180,25.677695
1781769679,phi3:mini,34.0,4887,500.35,20.56,.051963,.972439
1781769681,phi3:mini,33.0,4890,550.99,16.81,.047187,28.253188
1781769709,phi3:mini,33.0,4877,499.82,16.69,.052018,28.387076
1781769738,phi3:mini,34.0,4882,492.30,17.50,.052812,18.333254
1781769756,phi3:mini,33.0,4888,486.74,16.95,.053415,23.592551
1781769780,phi3:mini,33.0,4890,506.69,18.19,.051313,11.708189
1781769792,phi3:mini,34.0,4892,506.45,17.35,.051336,20.803689
1781769813,phi3:mini,34.0,4886,448.70,18.09,.057944,15.750807
1781769829,phi3:mini,34.0,4877,534.61,17.95,.048633,14.037473
1781769843,phi3:mini,33.0,4883,501.86,18.81,.051806,7.332647
1781769850,phi3:mini,34.0,4887,441.63,17.18,.058871,21.591063
1781769872,phi3:mini,33.0,4881,481.67,17.94,.053977,13.984290
1781769886,phi3:mini,33.0,4885,494.38,16.85,.052590,25.927414
1781769913,phi3:mini,32.0,4891,494.14,19.39,.052616,3.505823
1781769916,phi3:mini,34.0,4886,489.35,19.35,.053131,3.152354
1781769920,phi3:mini,36.0,4878,539.01,13.00,.048235,114.602588
1781770034,phi3:mini,32.0,4889,494.68,18.22,.052559,11.246873
1781770046,phi3:mini,33.0,4883,498.29,17.24,.052178,19.887124
1781770066,phi3:mini,34.0,4887,493.65,19.59,.052668,4.083304
1781770070,phi3:mini,34.0,4889,476.66,18.06,.054546,11.404074
1781770082,phi3:mini,34.0,4894,526.96,21.40,.049339,.560493
1781770082,phi3:mini,34.0,4893,463.66,18.14,.056075,12.071113
1781770095,phi3:mini,36.0,4889,471.89,17.42,.055097,18.646558
1781770114,phi3:mini,34.0,4887,459.14,18.72,.056626,9.397078
1781770123,phi3:mini,33.0,4889,514.33,15.87,.050550,42.274682
1781770166,phi3:mini,33.0,4889,507.41,16.74,.051240,25.500164
1781770191,phi3:mini,34.0,4885,483.22,16.18,.053805,35.038163
1781770227,phi3:mini,34.0,4887,505.93,16.86,.051389,25.668382
1781770252,phi3:mini,33.0,4892,514.73,17.40,.050511,20.457061
1781770273,phi3:mini,34.0,4885,484.42,18.24,.053672,17.708143
1781770291,phi3:mini,34.0,4889,504.59,18.46,.051526,13.319473
1781770304,phi3:mini,34.0,4889,506.50,19.45,.051332,5.138962
1781770310,phi3:mini,33.0,4887,470.83,18.65,.055221,8.846658
1781770319,phi3:mini,34.0,4886,452.35,17.05,.057476,25.623184
1781770345,phi3:mini,34.0,4891,466.65,16.49,.055715,30.794898
1781770376,phi3:mini,34.0,4888,516.41,18.50,.050347,10.593450
1781770386,phi3:mini,34.0,4880,476.22,16.58,.054596,30.145442
1781770417,phi3:mini,33.0,4884,452.19,17.26,.057497,23.862070
1781770441,phi3:mini,34.0,4891,459.15,18.37,.056625,11.374623
1781770452,phi3:mini,33.0,4882,537.06,19.72,.048411,3.346812
1781770456,phi3:mini,34.0,4877,511.43,17.19,.050836,22.039381
1781770478,phi3:mini,34.0,4882,530.98,17.11,.048966,25.236115
1781770503,phi3:mini,34.0,4878,514.96,17.44,.050489,24.995675
1781770529,phi3:mini,33.0,4879,468.68,16.19,.055474,39.511670
1781770568,phi3:mini,33.0,4884,507.83,19.23,.051197,4.418622
1781770573,phi3:mini,33.0,4886,515.75,15.90,.050411,38.418527
1781770612,phi3:mini,34.0,4884,470.74,17.59,.055231,20.636401
1781770632,phi3:mini,33.0,4879,480.15,18.32,.054148,12.824172
1781770645,phi3:mini,34.0,4884,529.02,16.62,.049147,30.499589
1781770676,phi3:mini,33.0,4882,489.15,17.63,.053153,18.433573
1781770695,phi3:mini,33.0,4884,486.90,16.35,.053398,33.618748
1781770729,phi3:mini,33.0,4894,484.71,17.24,.053639,21.169269
1781770750,phi3:mini,34.0,4891,491.54,17.02,.052894,25.729318
1781770776,phi3:mini,33.0,4885,538.11,16.62,.048316,29.768554
1781770806,phi3:mini,33.0,4883,470.70,16.25,.055236,33.467210
1781770839,phi3:mini,34.0,4882,496.52,17.11,.052364,25.413014
1781770865,phi3:mini,34.0,4880,449.91,18.05,.057788,18.165645
1781770883,phi3:mini,33.0,4887,471.84,16.12,.055102,40.812039
1781770925,phi3:mini,30.0,4893,454.53,16.05,.057201,37.875618
1781770963,phi3:mini,33.0,4883,497.51,18.18,.052259,13.801008
1781770977,phi3:mini,33.0,4877,507.58,17.71,.051222,18.228977
1781770995,phi3:mini,34.0,4881,524.45,19.10,.049575,6.753845
1781771002,phi3:mini,34.0,4883,490.64,18.52,.052991,11.284145
1781771013,phi3:mini,34.0,4887,482.52,17.69,.053883,14.919327
1781771028,phi3:mini,33.0,4880,494.36,16.40,.052592,35.110170
1781771064,phi3:mini,33.0,4889,498.77,16.55,.052127,30.617281
1781771095,phi3:mini,34.0,4883,455.64,16.03,.057062,35.478229
1781771130,phi3:mini,33.0,4881,476.79,17.71,.054530,13.997915
1781771144,phi3:mini,33.0,4884,474.55,17.92,.054788,13.943910
1781771159,phi3:mini,34.0,4885,462.26,18.15,.056244,12.005726
1781771171,phi3:mini,30.0,4878,488.50,17.18,.053224,21.413009
1781771192,phi3:mini,33.0,4890,472.59,17.54,.055015,18.635526
1781771211,phi3:mini,34.0,4882,470.94,18.30,.055207,10.489697
1781771222,phi3:mini,33.0,4884,471.82,19.29,.055105,4.872017
1781771227,phi3:mini,34.0,4887,472.91,17.78,.054977,13.830596
1781771241,phi3:mini,34.0,4887,466.30,19.13,.055758,5.121944
1781771246,phi3:mini,34.0,4887,486.76,17.06,.053414,22.328630
1781771269,phi3:mini,33.0,4886,429.40,18.18,.060549,11.491398
1781771280,phi3:mini,34.0,4882,553.70,18.27,.046955,12.752723
1781771293,phi3:mini,33.0,4884,513.10,20.43,.050671,.978764
1781771294,phi3:mini,34.0,4880,517.69,17.31,.050222,18.825310
1781771313,phi3:mini,32.0,4889,489.80,18.39,.053082,10.762546
1781771324,phi3:mini,34.0,4889,496.07,17.42,.052411,20.257498
1781771345,phi3:mini,33.0,4894,462.06,15.78,.056268,42.759078
1781771388,phi3:mini,33.0,4891,491.56,18.47,.052891,9.524150
1781771397,phi3:mini,33.0,4888,466.08,18.30,.055783,10.486534
1781771408,phi3:mini,33.0,4888,486.30,19.43,.053464,4.425039
1781771413,phi3:mini,34.0,4887,477.90,17.00,.054404,23.055523
1781771436,phi3:mini,33.0,4885,476.72,21.33,.054538,.750089
1781771437,phi3:mini,33.0,4885,510.60,17.26,.050920,21.600977
1781771459,phi3:mini,34.0,4880,456.46,18.94,.056959,5.277510
1781771464,phi3:mini,34.0,4881,495.25,17.07,.052497,24.303226
1781771489,phi3:mini,33.0,4884,488.97,18.53,.053172,11.547831
1781771500,phi3:mini,33.0,4878,465.81,17.59,.055816,20.974238
1781771521,phi3:mini,33.0,4885,473.53,17.17,.054906,21.657636
1781771543,phi3:mini,33.0,4884,520.07,17.53,.049992,20.072587
1781771564,phi3:mini,33.0,4883,500.17,18.35,.051982,10.513643
1781771574,phi3:mini,34.0,4881,490.69,18.72,.052986,8.544977
1781771583,phi3:mini,33.0,4885,485.77,17.91,.053522,15.684813
1781771599,phi3:mini,34.0,4884,470.13,17.73,.055302,16.974322
1781771616,phi3:mini,34.0,4887,538.22,17.85,.048306,16.239390
1781771632,phi3:mini,34.0,4884,455.63,18.08,.057063,14.378788
1781771647,phi3:mini,34.0,4879,508.77,15.47,.051103,54.485999
1781771702,phi3:mini,33.0,4897,432.34,17.36,.060136,24.929815
1781771727,phi3:mini,33.0,4888,513.06,18.11,.050676,13.636753
1781771741,phi3:mini,34.0,4891,429.55,17.26,.060527,24.623101
1781771766,phi3:mini,34.0,4887,465.41,17.51,.055864,18.496442
1781771784,phi3:mini,33.0,4889,527.85,16.39,.049256,31.897026
1781771816,phi3:mini,33.0,4883,454.45,17.11,.057211,23.027184
1781771840,phi3:mini,33.0,4884,495.61,15.95,.052460,41.119268
1781771881,phi3:mini,33.0,4885,482.61,20.20,.053873,2.524003
1781771884,phi3:mini,34.0,4887,523.65,17.88,.049650,17.726361
1781771902,phi3:mini,34.0,4894,553.22,17.70,.046996,19.819776
1781771922,phi3:mini,34.0,4884,494.58,18.09,.052569,13.757210
1781771935,phi3:mini,34.0,4880,451.30,16.62,.057610,30.971441
1781771967,phi3:mini,33.0,4890,537.31,17.60,.048388,19.254916
1781771986,phi3:mini,33.0,4884,500.01,18.07,.051998,12.947103
1781771999,phi3:mini,33.0,4878,486.94,17.75,.053393,17.401532
1781772017,phi3:mini,34.0,4882,466.12,16.63,.055779,33.297136
1781772050,phi3:mini,33.0,4890,507.07,17.97,.051274,11.684045
1781772062,phi3:mini,32.0,4875,450.43,15.94,.057721,39.898324
1781772102,phi3:mini,33.0,4882,437.12,15.85,.059480,41.562639
1781772144,phi3:mini,33.0,4885,525.24,18.06,.049500,13.950181
1781772158,phi3:mini,33.0,4880,498.40,17.83,.052166,17.944386
1781772176,phi3:mini,33.0,4881,467.49,18.15,.055615,11.568103
1781772188,phi3:mini,30.0,4879,525.74,18.59,.049453,10.539769
1781772199,phi3:mini,33.0,4877,464.07,17.25,.056025,23.874300
1781772223,phi3:mini,33.0,4879,522.34,17.27,.049775,21.357139
1781772244,phi3:mini,33.0,4885,460.64,16.81,.056442,26.170467
1781772271,phi3:mini,32.0,4882,547.17,17.02,.047516,24.319166
1781772295,phi3:mini,33.0,4876,426.16,17.63,.061009,17.299549
1781772313,phi3:mini,34.0,4886,495.74,17.89,.052446,14.137751
1781772327,phi3:mini,34.0,4889,507.90,16.73,.051190,29.580505
1781772357,phi3:mini,33.0,4889,528.91,18.22,.049157,11.959053
1781772369,phi3:mini,33.0,4887,470.61,16.44,.055246,36.669388
1781772406,phi3:mini,34.0,4885,511.80,18.80,.050800,12.493489
1781772419,phi3:mini,34.0,4881,538.61,17.67,.048272,18.901448
1781772438,phi3:mini,34.0,4885,482.29,17.90,.053909,14.798147
1781772453,phi3:mini,34.0,4890,480.19,17.20,.054145,21.500534
1781772474,phi3:mini,33.0,4880,503.70,16.51,.051617,29.664101
1781772504,phi3:mini,33.0,4881,483.55,18.03,.053768,16.020262
1781772520,phi3:mini,33.0,4882,496.76,18.17,.052339,13.477098
1781772534,phi3:mini,34.0,4888,466.87,20.27,.055688,1.726388
1781772536,phi3:mini,33.0,4890,545.90,17.53,.047627,19.506355
1781772556,phi3:mini,33.0,4899,458.94,17.45,.056651,19.421902
1781772575,phi3:mini,33.0,4890,443.54,18.52,.058619,10.365646
1781772586,phi3:mini,33.0,4893,452.47,17.21,.057461,25.729302
1781772612,phi3:mini,34.0,4879,449.64,20.38,.057823,4.071791
1781772616,phi3:mini,33.0,4880,473.34,17.06,.054928,29.828075
1781772646,phi3:mini,33.0,4886,546.58,18.52,.047568,11.769068
1781772658,phi3:mini,33.0,4887,563.18,19.64,.046166,5.140061
1781772663,phi3:mini,33.0,4883,441.83,20.07,.058844,2.540396
1781772666,phi3:mini,34.0,4879,475.71,18.41,.054655,11.405601
1781772678,phi3:mini,33.0,4879,473.96,17.07,.054855,24.893873
1781772703,phi3:mini,31.0,4881,529.47,18.21,.049105,13.723431
1781772717,phi3:mini,33.0,4884,413.38,16.95,.062895,27.069499
1781772744,phi3:mini,33.0,4882,447.98,17.38,.058038,19.265132
1781772763,phi3:mini,33.0,4881,458.33,16.76,.056727,29.585015
1781772793,phi3:mini,30.0,4884,485.96,17.64,.053501,18.422056
1781772812,phi3:mini,34.0,4883,504.20,16.30,.051566,34.901415
1781772847,phi3:mini,34.0,4881,496.33,19.88,.052383,4.073129
1781772851,phi3:mini,34.0,4880,457.64,18.43,.056813,12.583750
1781772864,phi3:mini,34.0,4882,502.39,18.65,.051751,11.045055
1781772875,phi3:mini,33.0,4889,498.74,19.16,.052130,5.321494
1781772880,phi3:mini,34.0,4881,471.15,16.74,.055183,26.044792
1781772907,phi3:mini,33.0,4884,437.60,17.29,.059414,18.389444
1781772925,phi3:mini,33.0,4888,466.73,16.52,.055706,31.703764
1781772957,phi3:mini,34.0,4880,459.86,18.02,.056538,12.923965
1781772970,phi3:mini,33.0,4872,490.57,17.40,.052998,16.833190
1781772987,phi3:mini,30.0,4876,500.92,18.34,.051904,12.864742
1781773000,phi3:mini,34.0,4867,468.44,17.10,.055502,26.363582
1781773027,phi3:mini,31.0,4886,464.92,18.06,.055923,13.890860
1781773041,phi3:mini,34.0,4883,471.37,16.21,.055158,39.581692
1781773081,phi3:mini,34.0,4879,467.15,16.74,.055656,25.566401
1781773107,phi3:mini,33.0,4872,509.03,17.49,.051076,20.122127
1781773127,phi3:mini,34.0,4881,496.99,17.22,.052313,25.139885
1781773152,phi3:mini,33.0,4878,518.66,20.00,.050128,2.599319
1781773155,phi3:mini,33.0,4878,488.99,17.54,.053170,17.955295
1781773173,phi3:mini,33.0,4888,490.03,17.23,.053056,21.296560
1781773195,phi3:mini,33.0,4891,497.64,17.81,.052246,16.162926
1781773211,phi3:mini,32.0,4891,505.47,16.63,.051436,31.142826
1781773242,phi3:mini,34.0,4909,498.34,16.98,.052172,24.432353
1781773267,phi3:mini,33.0,4921,472.26,16.67,.055054,25.903462
1781773293,phi3:mini,33.0,4897,505.25,17.29,.051459,20.761043
1781773314,phi3:mini,34.0,4898,476.21,18.56,.054597,10.343379
1781773325,phi3:mini,33.0,4903,473.42,19.23,.054918,5.249675
1781773330,phi3:mini,34.0,4905,505.41,18.03,.051442,16.082087
1781773346,phi3:mini,33.0,4908,533.72,17.23,.048713,23.091449
1781773370,phi3:mini,33.0,4896,491.65,16.19,.052882,40.127127
1781773410,phi3:mini,33.0,4886,551.98,20.49,.047102,.975994
1781773411,phi3:mini,34.0,4884,508.95,16.92,.051084,27.177976
1781773438,phi3:mini,34.0,4881,526.99,16.96,.049336,25.117680
1781773464,phi3:mini,33.0,4878,495.79,17.86,.052440,14.999515
1781773479,phi3:mini,33.0,4883,497.41,18.86,.052269,6.520089
1781773486,phi3:mini,36.0,4883,505.63,17.67,.051420,15.499332
1781773501,phi3:mini,34.0,4887,483.04,17.54,.053825,18.636569
1781773520,phi3:mini,33.0,4880,502.57,19.62,.051733,2.446098
1781773523,phi3:mini,34.0,4878,484.73,17.98,.053637,14.960941
1781773538,phi3:mini,33.0,4876,478.72,17.59,.054310,18.926075
1781773557,phi3:mini,34.0,4875,472.53,16.45,.055022,34.399255
1781773592,phi3:mini,34.0,4881,552.38,17.70,.047068,19.203452
1781773611,phi3:mini,34.0,4879,528.94,20.07,.049154,2.789995
1781773614,phi3:mini,34.0,4877,527.86,18.37,.049254,11.430536
1781773625,phi3:mini,34.0,4883,472.87,16.58,.054982,30.028242
1781773656,phi3:mini,34.0,4881,526.14,16.90,.049415,25.851895
1781773682,phi3:mini,30.0,4876,545.20,16.96,.047688,26.872322
1781773709,phi3:mini,34.0,4876,522.17,18.25,.049792,13.093400
1781773722,phi3:mini,36.0,4880,471.50,16.86,.055142,29.641992
1781773752,phi3:mini,34.0,4888,535.23,17.45,.048576,24.859481
1781773777,phi3:mini,33.0,4873,495.75,17.51,.052445,20.725898
1781773798,phi3:mini,31.0,4881,506.14,17.18,.051368,21.935570
1781773820,phi3:mini,30.0,4877,509.79,16.70,.051000,26.993434
1781773847,phi3:mini,31.0,4882,446.76,17.70,.058195,16.093314
1781773863,phi3:mini,33.0,4878,528.89,17.12,.049159,21.372879
1781773885,phi3:mini,33.0,4880,481.04,17.36,.054048,18.538132
1781773904,phi3:mini,34.0,4881,507.24,18.02,.051257,13.759980
1781773918,phi3:mini,33.0,4878,500.90,17.27,.051905,21.476029
1781773939,phi3:mini,33.0,4879,512.18,18.29,.050763,11.918645
1781773951,phi3:mini,34.0,4883,500.17,17.35,.051981,19.297558
1781773971,phi3:mini,34.0,4880,458.86,18.51,.056661,12.258109
1781773983,phi3:mini,34.0,4883,480.66,17.81,.054092,14.366955
1781773998,phi3:mini,33.0,4879,493.96,20.15,.052634,1.488556
1781774000,phi3:mini,34.0,4873,465.41,16.67,.055864,28.372656
1781774028,phi3:mini,34.0,4880,501.00,19.47,.051895,3.081150
1781774031,phi3:mini,34.0,4880,471.68,18.57,.055122,10.279912
1781774042,phi3:mini,34.0,4874,482.89,15.80,.053842,41.190835
1781774083,phi3:mini,33.0,4884,500.18,19.17,.051981,5.266751
1781774089,phi3:mini,33.0,4874,511.92,19.98,.050788,2.652024
1781774092,phi3:mini,33.0,4877,481.62,18.41,.053983,8.527712
1781774100,phi3:mini,34.0,4873,538.83,17.29,.048251,20.291580
1781774121,phi3:mini,33.0,4872,485.78,16.71,.053521,29.729041
1781774151,phi3:mini,34.0,4877,548.45,16.95,.047405,25.130618
1781774176,phi3:mini,33.0,4865,473.36,18.06,.054925,14.116184
1781774190,phi3:mini,33.0,4862,483.64,17.98,.053757,14.848533
1781774205,phi3:mini,34.0,4866,519.43,16.49,.050054,30.917863
1781774236,phi3:mini,34.0,4869,478.30,17.37,.054358,21.405543
1781774258,phi3:mini,34.0,4869,480.09,18.30,.054156,16.985640
1781774275,phi3:mini,33.0,4873,457.19,17.38,.056868,22.379886
1781774298,phi3:mini,34.0,4876,485.57,16.86,.053545,23.718483
1781774322,phi3:mini,34.0,4880,488.94,17.52,.053176,19.290140
1781774341,phi3:mini,33.0,4879,522.37,18.03,.049772,12.583473
1781774354,phi3:mini,33.0,4880,525.62,18.02,.049465,12.147947
1781774366,phi3:mini,34.0,4878,539.67,16.53,.048176,30.411666
1781774397,phi3:mini,34.0,4875,539.67,17.48,.048177,18.702865
1781774416,phi3:mini,33.0,4884,487.31,16.56,.053353,33.443801
1781774449,phi3:mini,33.0,4877,500.40,16.80,.051957,26.725794
1781774476,phi3:mini,33.0,4883,425.30,17.57,.061132,17.586775
1781774494,phi3:mini,33.0,4884,502.12,17.63,.051779,14.967304
1781774509,phi3:mini,33.0,4883,495.47,16.50,.052474,31.739007
1781774541,phi3:mini,34.0,4882,500.60,16.56,.051936,30.009911
1781774571,phi3:mini,33.0,4882,468.48,17.58,.055497,18.484864
1781774590,phi3:mini,34.0,4880,483.96,17.25,.053722,20.456250
1781774611,phi3:mini,34.0,4872,469.78,19.25,.055344,3.947398
1781774615,phi3:mini,36.0,4867,453.04,17.33,.057389,19.036590
1781774634,phi3:mini,34.0,4871,491.01,16.20,.052951,32.702475
1781774667,phi3:mini,33.0,4884,508.38,13.95,.051142,79.656816
1781774747,phi3:mini,32.0,4882,428.09,16.83,.060733,25.659986
1781774773,phi3:mini,33.0,4883,492.77,17.68,.052762,16.284833
1781774789,phi3:mini,32.0,4876,488.16,16.47,.053261,32.286999
1781774822,phi3:mini,33.0,4884,549.95,15.80,.047276,45.998977
1781774868,phi3:mini,36.0,4881,520.29,18.21,.049971,10.758969
1781774879,phi3:mini,33.0,4884,492.73,18.55,.052766,7.329939
1781774886,phi3:mini,34.0,4882,465.11,17.09,.055900,21.591330
1781774908,phi3:mini,34.0,4887,498.94,16.81,.052109,25.041182
1781774933,phi3:mini,33.0,4893,487.92,16.54,.053287,32.265990
1781774966,phi3:mini,34.0,4888,554.35,18.18,.046901,11.985549
1781774978,phi3:mini,33.0,4889,494.46,16.93,.052582,25.457118
1781775004,phi3:mini,34.0,4893,505.96,19.63,.051386,2.699711
1781775006,phi3:mini,33.0,4885,568.95,17.26,.045698,22.647665
1781775029,phi3:mini,34.0,4886,502.41,19.50,.051749,4.511712
1781775034,phi3:mini,33.0,4891,482.44,16.70,.053892,29.696401
1781775064,phi3:mini,34.0,4892,474.54,18.60,.054788,12.149992
1781775076,phi3:mini,34.0,4889,503.71,17.42,.051616,24.387241
1781775101,phi3:mini,34.0,4877,473.78,19.69,.054877,3.045782
1781775104,phi3:mini,34.0,4877,496.81,16.40,.052333,30.600798
1781775135,phi3:mini,34.0,4885,488.12,17.62,.053265,18.945186
1781775154,phi3:mini,33.0,4880,429.02,18.66,.060602,8.359409
1781775162,phi3:mini,36.0,4883,522.35,15.83,.049774,48.819252
1781775211,phi3:mini,34.0,4874,476.20,16.35,.054597,35.280495
1781775247,phi3:mini,34.0,4881,458.86,18.90,.056661,5.659120
1781775253,phi3:mini,34.0,4878,507.19,16.85,.051262,24.853843
1781775278,phi3:mini,34.0,4885,514.43,19.70,.050541,2.435398
1781775280,phi3:mini,34.0,4888,545.63,16.79,.047650,25.128622
1781775306,phi3:mini,34.0,4884,502.50,16.93,.051740,26.572601
1781775333,phi3:mini,33.0,4887,474.98,17.78,.054738,17.653191
1781775350,phi3:mini,33.0,4881,439.03,17.74,.059221,18.034940
1781775369,phi3:mini,33.0,4880,459.92,19.95,.056531,5.010562
1781775374,phi3:mini,33.0,4880,537.95,19.33,.048331,5.587037
1781775380,phi3:mini,36.0,4883,489.98,17.85,.053063,18.313490
1781775398,phi3:mini,33.0,4880,521.57,17.08,.049849,25.115794
1781775423,phi3:mini,32.0,4877,494.74,17.82,.052552,16.886981
1781775440,phi3:mini,33.0,4875,489.64,21.19,.053099,.849125
1781775441,phi3:mini,33.0,4875,504.65,17.88,.051520,15.036945
1781775457,phi3:mini,33.0,4879,496.29,21.69,.052388,.645356
1781775457,phi3:mini,33.0,4879,482.72,17.53,.053860,18.767262
1781775476,phi3:mini,32.0,4879,481.10,16.21,.054042,35.838433
1781775512,phi3:mini,33.0,4879,489.26,16.74,.053140,24.718380
1781775537,phi3:mini,33.0,4875,540.91,19.69,.048066,2.234212
1781775540,phi3:mini,33.0,4878,562.17,17.78,.046248,17.935482
1781775558,phi3:mini,34.0,4871,475.01,20.34,.054735,1.720187
1781775560,phi3:mini,33.0,4869,487.18,17.88,.053367,18.119978
1781775578,phi3:mini,33.0,4874,494.51,17.53,.052576,18.537576
1781775597,phi3:mini,30.0,4880,489.92,17.47,.053069,20.371246
1781775617,phi3:mini,33.0,4872,515.05,16.95,.050479,23.598760
1781775641,phi3:mini,33.0,4874,508.75,18.07,.051104,13.054489
1781775654,phi3:mini,33.0,4870,508.32,18.07,.051148,13.386420
1781775668,phi3:mini,34.0,4875,533.72,17.92,.048713,14.004509
1781775682,phi3:mini,32.0,4880,498.24,16.80,.052183,30.234968
1781775713,phi3:mini,32.0,4877,570.75,18.52,.045554,10.581081
1781775723,phi3:mini,33.0,4879,489.31,19.40,.053135,4.895700
1781775728,phi3:mini,33.0,4881,555.79,18.51,.046779,10.370044
1781775739,phi3:mini,33.0,4882,473.19,15.96,.054945,38.334190
1781775777,phi3:mini,33.0,4875,512.13,18.17,.050767,16.124209
1781775794,phi3:mini,33.0,4878,500.24,18.02,.051975,15.701009
1781775810,phi3:mini,33.0,4874,460.49,17.16,.056461,25.345618
1781775835,phi3:mini,32.0,4879,482.69,16.80,.053863,25.700422
1781775861,phi3:mini,34.0,4875,468.26,17.51,.055524,17.586962
1781775879,phi3:mini,33.0,4874,501.66,16.76,.051827,28.520246
1781775908,phi3:mini,32.0,4888,519.13,15.79,.050083,40.019258
1781775948,phi3:mini,32.0,4878,524.49,17.16,.049571,22.017287
1781775970,phi3:mini,30.0,4881,515.30,17.66,.050455,18.396751
1781775989,phi3:mini,33.0,4883,471.42,17.06,.055151,21.500563
1781776010,phi3:mini,33.0,4881,547.41,17.95,.047495,14.537431
1781776025,phi3:mini,33.0,4883,534.25,16.14,.048665,38.024517
1781776063,phi3:mini,33.0,4880,505.38,19.14,.051446,5.117555
1781776069,phi3:mini,32.0,4880,457.70,19.34,.056805,3.100943
1781776072,phi3:mini,34.0,4882,478.46,18.28,.054340,14.222754
1781776086,phi3:mini,34.0,4880,441.58,18.01,.058878,17.261515
1781776104,phi3:mini,34.0,4884,501.73,20.26,.051820,1.282923
1781776105,phi3:mini,33.0,4884,521.09,20.52,.049895,.876974
1781776106,phi3:mini,34.0,4879,553.32,19.54,.046988,4.502301
1781776111,phi3:mini,33.0,4880,487.88,17.54,.053291,22.455195
1781776134,phi3:mini,33.0,4878,480.03,17.87,.054162,17.845510
1781776152,phi3:mini,34.0,4880,510.67,18.09,.050912,12.601195
1781776164,phi3:mini,33.0,4882,485.62,17.71,.053538,17.439627
1781776182,phi3:mini,33.0,4884,427.31,18.06,.060845,13.175416
1781776195,phi3:mini,30.0,4883,512.05,16.54,.050775,27.439350
1781776223,phi3:mini,33.0,4887,442.63,16.78,.058739,30.382605
1781776254,phi3:mini,33.0,4890,461.27,18.31,.056365,14.196060
1781776268,phi3:mini,33.0,4881,534.35,16.90,.048656,27.148134
1781776295,phi3:mini,34.0,4884,488.61,17.24,.053211,22.204672
1781776318,phi3:mini,33.0,4882,486.53,17.07,.053439,24.768186
1781776343,phi3:mini,33.0,4885,523.06,17.13,.049706,24.338421
1781776367,phi3:mini,34.0,4884,497.00,17.42,.052312,22.039744
1781776389,phi3:mini,32.0,4876,517.47,16.02,.050244,40.112587
1781776430,phi3:mini,33.0,4879,463.32,17.79,.056115,14.104309
1781776444,phi3:mini,34.0,4878,481.34,18.52,.054014,10.309071
1781776454,phi3:mini,32.0,4876,506.48,19.48,.051334,4.157971
1781776459,phi3:mini,33.0,4876,478.80,17.60,.054302,19.199365
1781776478,phi3:mini,33.0,4882,460.21,19.10,.056494,4.814521
1781776483,phi3:mini,34.0,4884,494.43,16.66,.052585,29.167409
1781776513,phi3:mini,34.0,4879,503.92,17.48,.051595,18.589280
1781776531,phi3:mini,33.0,4880,475.65,19.50,.054661,2.973420
1781776534,phi3:mini,34.0,4879,504.36,18.20,.051550,13.348523
1781776548,phi3:mini,33.0,4882,469.83,18.46,.055338,10.072797
1781776558,phi3:mini,34.0,4882,500.73,19.97,.051924,2.853842
1781776561,phi3:mini,34.0,4872,518.33,17.32,.050160,19.684772
1781776581,phi3:mini,33.0,4880,510.96,20.61,.050883,1.067370
1781776582,phi3:mini,33.0,4884,465.31,15.36,.055876,48.538193
1781776631,phi3:mini,32.0,4881,474.92,17.08,.054745,21.306094
1781776653,phi3:mini,33.0,4869,485.62,13.55,.053539,96.576360
1781776749,phi3:mini,33.0,4869,445.97,17.78,.058299,16.811657
1781776766,phi3:mini,32.0,4871,508.97,17.64,.051083,16.431354
1781776783,phi3:mini,34.0,4869,496.15,17.54,.052403,18.012147
1781776801,phi3:mini,33.0,4874,450.32,17.49,.057735,17.030439
1781776819,phi3:mini,33.0,4863,459.43,17.69,.056591,15.203509
1781776834,phi3:mini,33.0,4867,450.31,20.37,.057737,1.276284
1781776835,phi3:mini,34.0,4869,531.82,17.27,.048888,17.479011
1781776853,phi3:mini,33.0,4878,488.35,21.07,.053240,.996272
1781776854,phi3:mini,33.0,4878,492.20,18.26,.052823,10.401786
1781776865,phi3:mini,31.0,4878,483.24,17.89,.053803,16.040295
1781776881,phi3:mini,33.0,4878,493.84,16.41,.052648,31.853302
1781776913,phi3:mini,33.0,4875,490.83,17.46,.052970,20.669350
1781776934,phi3:mini,29.0,4888,489.60,17.80,.053103,15.725207
1781776950,phi3:mini,34.0,4879,488.50,17.15,.053223,20.866055
1781776971,phi3:mini,33.0,4888,510.09,16.53,.050970,30.838805
1781777002,phi3:mini,33.0,4890,492.73,18.13,.052767,13.071848
1781777015,phi3:mini,34.0,4888,471.11,17.52,.055187,20.141811
1781777035,phi3:mini,33.0,4889,508.75,17.47,.051105,17.456972
1781777053,phi3:mini,33.0,4884,515.23,17.92,.050462,13.335635
1781777067,phi3:mini,34.0,4885,462.79,18.22,.056179,11.193311
1781777078,phi3:mini,32.0,4881,492.82,18.49,.052757,11.784627
1781777090,phi3:mini,34.0,4883,517.03,18.38,.050286,12.783134
1781777103,phi3:mini,34.0,4882,478.30,18.62,.054358,9.984067
1781777113,phi3:mini,33.0,4882,482.62,19.22,.053871,5.254558
1781777119,phi3:mini,34.0,4881,488.77,17.36,.053193,19.405249
1781777138,phi3:mini,34.0,4891,483.54,17.50,.053769,17.135505
1781777155,phi3:mini,34.0,4891,483.86,19.39,.053734,2.732578
1781777158,phi3:mini,34.0,4888,471.52,16.99,.055140,23.178191
1781777182,phi3:mini,33.0,4892,519.64,18.04,.050034,14.411302
1781777196,phi3:mini,34.0,4895,462.94,19.78,.056161,3.638465
1781777200,phi3:mini,34.0,4896,519.51,16.25,.050046,34.877320
1781777235,phi3:mini,30.0,4892,523.60,18.82,.049656,6.532261
1781777242,phi3:mini,36.0,4889,487.38,17.68,.053346,14.641741
1781777257,phi3:mini,34.0,4887,537.13,17.03,.048404,21.662025
1781777279,phi3:mini,30.0,4893,480.82,18.18,.054073,12.651059
1781777291,phi3:mini,34.0,4896,500.13,17.58,.051985,19.510345
1781777311,phi3:mini,33.0,4894,493.79,18.90,.052653,6.398905
1781777318,phi3:mini,34.0,4892,537.94,16.96,.048332,25.762436
1781777344,phi3:mini,33.0,4883,480.97,17.43,.054056,19.613254
1781777363,phi3:mini,34.0,4884,495.77,16.93,.052443,23.563862
1781777387,phi3:mini,34.0,4889,474.95,17.10,.054741,18.999963
1781777406,phi3:mini,31.0,4888,523.11,18.05,.049702,13.904036
1781777420,phi3:mini,31.0,4887,499.42,17.48,.052059,20.645583
1781777441,phi3:mini,34.0,4892,477.77,17.05,.054419,25.390449
1781777467,phi3:mini,33.0,4889,544.10,18.80,.047784,10.210499
1781777477,phi3:mini,33.0,4887,463.27,17.47,.056121,20.481605
1781777498,phi3:mini,33.0,4884,458.51,17.66,.056704,18.340207
1781777516,phi3:mini,34.0,4879,523.16,18.70,.049697,10.319321
1781777527,phi3:mini,34.0,4870,542.60,17.44,.047917,18.747005
1781777546,phi3:mini,36.0,4882,469.33,16.25,.055397,31.305603
1781777577,phi3:mini,33.0,4877,551.94,17.73,.047105,15.450986
1781777593,phi3:mini,34.0,4876,472.36,18.34,.055042,11.721537
1781777605,phi3:mini,34.0,4878,484.18,17.99,.053698,13.836699
1781777619,phi3:mini,33.0,4878,499.45,18.04,.052056,12.691588
1781777632,phi3:mini,34.0,4873,544.50,17.75,.047749,15.718160
1781777648,phi3:mini,36.0,4871,474.75,17.44,.054765,18.626232
1781777666,phi3:mini,34.0,4883,487.75,17.82,.053305,16.604024
1781777683,phi3:mini,34.0,4882,464.49,19.76,.055975,3.439799
1781777687,phi3:mini,34.0,4882,475.95,18.07,.054626,13.886910
1781777701,phi3:mini,34.0,4882,513.33,17.42,.050648,22.492022
1781777724,phi3:mini,34.0,4876,546.63,18.82,.047563,9.189004
1781777733,phi3:mini,34.0,4879,503.41,16.72,.051647,25.642580
1781777759,phi3:mini,31.0,4889,545.84,18.18,.047632,13.858309
1781777773,phi3:mini,34.0,4889,496.57,17.30,.052358,24.094705
1781777797,phi3:mini,33.0,4879,453.55,17.41,.057324,25.385858
1781777823,phi3:mini,34.0,4880,516.87,18.93,.050301,8.978771
1781777832,phi3:mini,36.0,4884,492.11,18.91,.052832,9.148181
1781777841,phi3:mini,34.0,4882,456.92,16.17,.056902,36.981479
1781777878,phi3:mini,33.0,4881,507.45,17.62,.051235,14.921526
1781777893,phi3:mini,33.0,4883,440.65,16.48,.059003,31.795281
1781777925,phi3:mini,33.0,4876,484.39,18.15,.053675,12.009097
1781777938,phi3:mini,31.0,4879,456.85,18.55,.056911,13.040126
1781777951,phi3:mini,34.0,4882,483.99,18.68,.053719,11.238820
1781777962,phi3:mini,34.0,4878,570.80,21.30,.045550,.845000
1781777963,phi3:mini,34.0,4880,509.01,17.49,.051078,23.715298
1781777987,phi3:mini,33.0,4884,501.07,11.85,.051888,172.294758
1781778160,phi3:mini,30.0,4884,509.46,17.69,.051033,18.533038
1781778179,phi3:mini,33.0,4867,465.47,20.84,.055856,.863425
1781778180,phi3:mini,34.0,4862,458.02,17.38,.056765,21.169379
1781778201,phi3:mini,34.0,4868,483.33,16.87,.053792,27.373441
1781778228,phi3:mini,36.0,4873,505.12,16.21,.051472,35.213556
1781778264,phi3:mini,34.0,4862,537.41,14.06,.048380,77.213685
1781778341,phi3:mini,33.0,4880,503.31,16.63,.051657,30.237126
1781778372,phi3:mini,34.0,4885,498.46,17.17,.052159,20.906094
1781778393,phi3:mini,34.0,4878,504.58,19.23,.051527,4.106306
1781778397,phi3:mini,34.0,4878,499.84,15.29,.052015,52.373530
1781778450,phi3:mini,31.0,4881,452.55,18.48,.057451,10.494604
1781778461,phi3:mini,34.0,4877,569.36,17.05,.045665,22.110908
1781778483,phi3:mini,34.0,4883,493.12,18.84,.052725,10.133065
1781778493,phi3:mini,36.0,4882,441.80,17.76,.058849,13.961251
1781778507,phi3:mini,34.0,4884,474.20,17.44,.054828,16.912232
1781778524,phi3:mini,34.0,4889,472.66,18.10,.055007,12.040178
1781778537,phi3:mini,34.0,4886,491.76,17.89,.052870,12.742184
1781778549,phi3:mini,36.0,4890,509.80,16.52,.050999,32.864806
1781778583,phi3:mini,34.0,4885,474.79,17.20,.054760,21.215936
1781778604,phi3:mini,36.0,4887,535.74,18.53,.048530,10.304396
1781778614,phi3:mini,36.0,4887,441.91,17.31,.058835,20.506040
1781778635,phi3:mini,34.0,4883,479.62,17.49,.054209,18.630195
1781778654,phi3:mini,34.0,4887,462.45,17.54,.056222,16.526660
1781778671,phi3:mini,34.0,4887,461.34,18.40,.056356,12.551773
1781778683,phi3:mini,34.0,4891,459.92,16.79,.056531,28.216639
1781778712,phi3:mini,34.0,4888,516.55,17.78,.050332,20.012516
1781778732,phi3:mini,34.0,4895,492.68,15.80,.052772,42.843278
1781778775,phi3:mini,36.0,4875,495.65,17.53,.052456,16.767281
1781778792,phi3:mini,34.0,4875,477.16,17.67,.054488,14.201104
1781778806,phi3:mini,33.0,4874,523.98,16.55,.049620,31.710936
1781778838,phi3:mini,34.0,4885,453.30,15.48,.057356,47.906356
1781778886,phi3:mini,34.0,4884,467.31,17.99,.055636,13.891090
1781778901,phi3:mini,34.0,4886,464.13,18.51,.056018,10.261358
1781778911,phi3:mini,36.0,4885,520.67,18.49,.049935,10.328690
1781778921,phi3:mini,34.0,4885,502.59,17.28,.051731,20.708874
1781778942,phi3:mini,34.0,4881,467.50,17.77,.055614,16.769334
1781778959,phi3:mini,33.0,4886,477.30,17.62,.054472,19.976004
1781778980,phi3:mini,34.0,4883,468.20,17.76,.055531,18.238611
1781778998,phi3:mini,36.0,4877,503.83,18.03,.051603,18.127454
1781779016,phi3:mini,36.0,4873,512.57,16.76,.050724,27.443434
1781779044,phi3:mini,36.0,4873,462.36,19.37,.056232,4.903159
1781779049,phi3:mini,36.0,4874,552.02,18.49,.047099,10.978163
1781779060,phi3:mini,36.0,4876,497.57,17.68,.052252,20.634467
1781779081,phi3:mini,36.0,4880,546.38,18.64,.047585,10.510047
1781779092,phi3:mini,37.0,4874,509.84,17.63,.050995,20.186259
1781779112,phi3:mini,34.0,4881,535.86,17.69,.048519,20.967994
1781779133,phi3:mini,36.0,4882,523.59,18.33,.049656,13.851890
1781779147,phi3:mini,34.0,4885,502.74,17.04,.051716,23.873719
1781779171,phi3:mini,36.0,4884,482.52,18.26,.053883,11.938649
1781779183,phi3:mini,34.0,4883,496.44,17.35,.052372,19.246601
1781779203,phi3:mini,36.0,4885,509.22,16.79,.051058,25.719178
1781779229,phi3:mini,34.0,4890,556.13,18.09,.046750,10.774661
1781779240,phi3:mini,34.0,4891,464.79,18.07,.055938,13.054170
1781779253,phi3:mini,34.0,4886,484.12,16.20,.053705,33.262359
1781779286,phi3:mini,36.0,4885,462.35,17.87,.056234,15.664584
1781779302,phi3:mini,34.0,4887,463.04,18.40,.056150,10.810163
1781779313,phi3:mini,31.0,4891,491.27,20.98,.052923,.857931
1781779314,phi3:mini,34.0,4889,539.88,17.67,.048158,15.162785
1781779330,phi3:mini,36.0,4891,503.98,17.08,.051588,22.122834
1781779352,phi3:mini,34.0,4893,532.85,20.71,.048793,.868917
1781779353,phi3:mini,34.0,4890,480.88,15.82,.054067,41.129371
1781779394,phi3:mini,34.0,4888,492.40,17.62,.052801,17.478634
1781779412,phi3:mini,34.0,4896,441.32,17.56,.058913,16.111652
1781779428,phi3:mini,34.0,4895,469.95,17.35,.055324,17.226951
1781779446,phi3:mini,34.0,4893,471.99,17.20,.055084,20.753824
1781779467,phi3:mini,33.0,4886,504.97,16.72,.051487,26.732106
1781779493,phi3:mini,34.0,4884,513.83,15.76,.050599,44.161759
1781779538,phi3:mini,34.0,4889,503.29,16.20,.051659,30.419130
1781779568,phi3:mini,34.0,4890,450.72,17.97,.057684,14.020552
1781779583,phi3:mini,34.0,4883,474.24,17.34,.054823,20.410553
1781779603,phi3:mini,33.0,4881,517.78,19.53,.050213,5.681976
1781779609,phi3:mini,36.0,4880,451.69,16.86,.057561,26.213728
1781779636,phi3:mini,34.0,4885,469.21,19.36,.055411,4.801311
1781779641,phi3:mini,34.0,4884,534.25,16.47,.048665,31.813160
1781779673,phi3:mini,33.0,4886,511.92,17.92,.050788,13.946709
1781779687,phi3:mini,37.0,4888,466.75,18.20,.055703,12.797738
1781779700,phi3:mini,34.0,4889,470.43,17.55,.055268,18.513796
1781779718,phi3:mini,33.0,4891,496.84,17.45,.052330,18.787407
1781779737,phi3:mini,34.0,4884,514.99,18.46,.050485,11.804936
1781779749,phi3:mini,37.0,4882,475.87,17.16,.054636,21.552653
1781779771,phi3:mini,34.0,4890,498.38,20.14,.052168,2.929407
1781779774,phi3:mini,34.0,4890,520.10,17.77,.049989,15.693698
1781779790,phi3:mini,33.0,4882,477.38,18.07,.054463,12.610912
1781779803,phi3:mini,34.0,4890,471.17,18.32,.055180,11.459826
1781779814,phi3:mini,36.0,4893,452.88,17.19,.057409,20.650114
1781779835,phi3:mini,33.0,4892,443.14,16.51,.058671,30.213833
1781779866,phi3:mini,34.0,4896,502.31,17.59,.051760,17.165692
1781779883,phi3:mini,33.0,4892,504.96,17.25,.051488,21.155331
1781779904,phi3:mini,34.0,4883,421.70,18.23,.061654,13.547864
1781779918,phi3:mini,36.0,4887,466.97,18.48,.055677,11.792924
1781779930,phi3:mini,34.0,4888,493.83,17.42,.052649,19.860935
1781779950,phi3:mini,37.0,4896,505.84,17.68,.051398,18.209368
1781779968,phi3:mini,34.0,4890,444.29,19.80,.058520,5.098564
1781779974,phi3:mini,36.0,4884,460.13,18.87,.056505,7.469351
1781779981,phi3:mini,36.0,4882,434.29,17.37,.059867,20.377276
1781780002,phi3:mini,34.0,4888,473.24,18.27,.054939,12.369360
1781780014,phi3:mini,36.0,4885,476.11,19.30,.054608,5.543534
1781780020,phi3:mini,36.0,4890,494.05,17.51,.052625,18.388490
1781780039,phi3:mini,36.0,4891,492.48,17.51,.052793,18.722244
1781780058,phi3:mini,36.0,4891,482.96,18.47,.053833,10.824356
1781780069,phi3:mini,37.0,4890,488.72,17.57,.053199,18.665955
1781780087,phi3:mini,34.0,4894,535.46,18.69,.048555,7.647319
1781780095,phi3:mini,34.0,4896,489.28,16.03,.053139,37.862599
1781780133,phi3:mini,34.0,4888,554.18,13.06,.046916,113.723308
1781780247,phi3:mini,34.0,4897,451.44,17.71,.057593,16.197653
1781780264,phi3:mini,36.0,4897,538.07,16.60,.048320,27.708464
1781780292,phi3:mini,33.0,4890,483.53,18.84,.053771,7.322599
1781780299,phi3:mini,37.0,4891,513.59,18.56,.050623,12.713791
1781780312,phi3:mini,34.0,4896,556.65,18.41,.046707,12.544703
1781780325,phi3:mini,36.0,4898,504.13,17.77,.051573,19.406748
1781780344,phi3:mini,37.0,4893,549.91,18.06,.047279,12.733302
1781780357,phi3:mini,36.0,4887,467.11,16.96,.055660,25.516263
1781780383,phi3:mini,34.0,4897,476.65,16.93,.054547,27.641012
1781780411,phi3:mini,36.0,4897,453.93,17.19,.057276,20.996924
1781780432,phi3:mini,34.0,4927,487.17,17.07,.053369,23.485856
1781780456,phi3:mini,36.0,4927,458.18,17.01,.056745,24.215008
1781780480,phi3:mini,33.0,4925,474.28,16.92,.054819,27.000191
1781780507,phi3:mini,36.0,4905,473.03,16.37,.054964,33.031389
1781780541,phi3:mini,36.0,4900,517.18,18.06,.050271,15.721060
1781780556,phi3:mini,36.0,4901,474.46,16.40,.054798,33.776407
1781780590,phi3:mini,34.0,4893,502.94,17.05,.051695,21.516207
1781780612,phi3:mini,34.0,4898,470.87,17.46,.055216,18.088784
1781780630,phi3:mini,36.0,4887,444.60,18.45,.058478,11.322188
1781780642,phi3:mini,37.0,4884,472.19,16.89,.055061,29.589976
1781780672,phi3:mini,36.0,4887,485.04,18.52,.053603,10.795678
1781780683,phi3:mini,34.0,4891,554.03,16.61,.046928,30.757663
1781780714,phi3:mini,36.0,4890,496.52,17.02,.052363,25.019747
1781780739,phi3:mini,34.0,4884,521.78,17.15,.049828,21.099373
1781780760,phi3:mini,36.0,4885,455.75,18.39,.057048,11.200399
1781780772,phi3:mini,36.0,4890,472.25,19.27,.055054,4.929625
1781780777,phi3:mini,37.0,4887,553.19,13.40,.046999,98.498635
1781780875,phi3:mini,34.0,4895,478.74,16.79,.054309,29.775061
1781780905,phi3:mini,34.0,4892,514.12,17.03,.050571,27.937940
1781780934,phi3:mini,34.0,4894,508.90,15.42,.051090,48.032605
1781780982,phi3:mini,34.0,4891,496.17,20.18,.052401,1.139734
1781780983,phi3:mini,36.0,4890,510.63,15.77,.050917,44.127260
1781781027,phi3:mini,34.0,4893,498.06,16.83,.052201,25.844406
1781781053,phi3:mini,34.0,4890,469.53,17.49,.055374,18.750160
1781781072,phi3:mini,34.0,4886,464.85,18.86,.055930,3.710313
1781781076,phi3:mini,34.0,4887,470.29,16.64,.055284,28.590050
1781781105,phi3:mini,34.0,4889,467.76,12.02,.055584,168.868395
1781781274,phi3:mini,33.0,4888,517.27,19.32,.050262,3.518997
1781781278,phi3:mini,34.0,4876,561.25,16.27,.046324,34.656398
1781781313,phi3:mini,37.0,4886,499.19,18.61,.052083,11.708692
1781781325,phi3:mini,34.0,4883,498.28,18.75,.052179,12.153568
1781781337,phi3:mini,36.0,4883,426.79,13.36,.060918,108.003745
1781781445,phi3:mini,34.0,4889,493.20,18.44,.052715,12.687959
1781781458,phi3:mini,36.0,4895,481.07,17.82,.054045,17.562211
1781781476,phi3:mini,34.0,4889,511.76,13.22,.050804,104.972184
1781781581,phi3:mini,31.0,4885,482.47,18.74,.053889,7.629727
1781781589,phi3:mini,36.0,4883,485.14,15.40,.053592,51.164684
1781781640,phi3:mini,34.0,4889,493.84,19.34,.052648,4.136417
1781781645,phi3:mini,36.0,4889,506.70,18.16,.051311,14.091657
1781781659,phi3:mini,31.0,4894,499.05,18.16,.052098,13.318769
1781781672,phi3:mini,36.0,4881,513.32,17.71,.050650,19.868398
1781781693,phi3:mini,34.0,4882,488.69,16.70,.053202,33.949381
1781781727,phi3:mini,36.0,4887,513.00,18.29,.050682,13.994550
1781781741,phi3:mini,34.0,4883,472.46,17.96,.055031,15.026568
1781781756,phi3:mini,34.0,4887,466.07,17.88,.055784,17.891925
1781781774,phi3:mini,34.0,4888,515.81,18.60,.050405,10.428476
1781781785,phi3:mini,34.0,4887,467.33,18.42,.055634,12.864648
1781781798,phi3:mini,34.0,4885,489.15,17.50,.053152,20.106958
1781781818,phi3:mini,37.0,4886,463.15,17.83,.056137,14.077046
1781781832,phi3:mini,34.0,4890,555.02,18.53,.046844,7.552066
1781781840,phi3:mini,34.0,4887,439.11,17.47,.059210,19.223088
1781781860,phi3:mini,36.0,4886,496.37,17.31,.052380,21.255297
1781781881,phi3:mini,36.0,4888,480.09,18.19,.054155,13.682903
1781781895,phi3:mini,37.0,4886,516.63,19.94,.050325,2.807048
1781781898,phi3:mini,36.0,4881,564.09,17.88,.046091,12.862306
1781781911,phi3:mini,34.0,4884,494.22,17.78,.052607,14.398103
1781781925,phi3:mini,36.0,4882,463.89,15.90,.056047,44.450292
1781781970,phi3:mini,36.0,4873,449.80,18.41,.057802,13.144745
1781781983,phi3:mini,36.0,4882,460.88,16.99,.056412,24.355410
1781782008,phi3:mini,36.0,4881,471.28,18.60,.055168,11.769921
1781782020,phi3:mini,37.0,4880,467.98,18.10,.055556,16.021190
1781782036,phi3:mini,36.0,4880,526.47,20.79,.049384,1.298128
1781782038,phi3:mini,36.0,4880,487.83,17.08,.053297,24.940876
1781782063,phi3:mini,36.0,4883,557.10,17.46,.046670,18.949831
1781782082,phi3:mini,36.0,4879,570.07,17.01,.045608,26.452406
1781782109,phi3:mini,37.0,4880,509.42,18.48,.051038,11.740529
1781782121,phi3:mini,34.0,4882,479.95,18.22,.054171,13.439789
1781782134,phi3:mini,36.0,4881,517.42,18.18,.050248,17.765960
1781782152,phi3:mini,36.0,4885,504.78,16.19,.051507,41.630109
1781782194,phi3:mini,36.0,4887,497.34,18.87,.052277,6.517794
1781782201,phi3:mini,34.0,4890,491.09,18.46,.052943,11.860989
1781782213,phi3:mini,36.0,4890,522.52,16.67,.049758,30.046312
1781782243,phi3:mini,34.0,4890,491.94,17.77,.052851,15.356620
1781782258,phi3:mini,31.0,4888,543.33,18.96,.047852,7.538684
1781782266,phi3:mini,34.0,4888,533.52,18.51,.048732,11.394515
1781782278,phi3:mini,36.0,4889,480.26,17.16,.054136,21.552705
1781782299,phi3:mini,34.0,4894,477.11,17.17,.054494,20.963438
1781782321,phi3:mini,34.0,4892,506.61,17.37,.051320,18.358188
1781782339,phi3:mini,36.0,4892,492.11,17.39,.052833,20.117921
1781782359,phi3:mini,36.0,4888,477.87,14.93,.054407,60.379966
1781782420,phi3:mini,34.0,4889,460.08,19.79,.056511,4.799479
1781782425,phi3:mini,36.0,4890,501.45,17.12,.051849,18.978150
1781782444,phi3:mini,34.0,4892,467.70,19.51,.055590,3.125377
1781782448,phi3:mini,34.0,4895,529.23,17.54,.049127,20.003390
1781782468,phi3:mini,36.0,4893,493.50,17.58,.052684,26.158773
1781782494,phi3:mini,34.0,4891,479.04,17.72,.054274,19.297147
1781782514,phi3:mini,36.0,4881,551.90,17.98,.047109,13.286623
1781782527,phi3:mini,34.0,4884,482.77,16.80,.053855,27.913870
1781782555,phi3:mini,36.0,4887,491.30,17.04,.052920,25.405968
1781782581,phi3:mini,34.0,4890,523.76,16.82,.049640,26.154134
1781782607,phi3:mini,34.0,4885,488.78,16.42,.053192,30.260496
1781782638,phi3:mini,34.0,4886,438.88,19.57,.059241,3.321257
1781782641,phi3:mini,34.0,4883,549.42,16.83,.047322,24.470438
1781782666,phi3:mini,34.0,4889,486.39,16.69,.053454,25.642240
1781782692,phi3:mini,34.0,4891,481.38,16.80,.054011,25.937327
1781782718,phi3:mini,36.0,4888,463.53,18.12,.056090,12.026695
1781782730,phi3:mini,34.0,4890,491.26,17.19,.052924,23.268891
1781782753,phi3:mini,36.0,4885,466.80,18.59,.055697,10.380216
1781782764,phi3:mini,36.0,4888,466.17,17.22,.055773,21.486132
1781782786,phi3:mini,36.0,4889,424.43,16.89,.061258,25.276364
1781782811,phi3:mini,34.0,4893,491.26,16.20,.052924,35.054439
1781782846,phi3:mini,33.0,4884,502.99,17.05,.051690,24.158550
1781782871,phi3:mini,34.0,4887,447.63,18.15,.058082,13.828094
1781782885,phi3:mini,34.0,4887,515.89,18.53,.050397,11.758844
1781782897,phi3:mini,36.0,4890,508.81,17.85,.051098,15.846441
1781782913,phi3:mini,37.0,4888,472.09,15.95,.055073,39.914013
1781782953,phi3:mini,36.0,4895,500.51,18.31,.051946,15.670962
1781782969,phi3:mini,37.0,4890,477.76,16.34,.054420,37.815803
1781783007,phi3:mini,34.0,4893,505.57,17.92,.051426,15.677476
1781783023,phi3:mini,37.0,4892,493.33,18.40,.052702,11.191136
1781783034,phi3:mini,36.0,4883,497.04,19.34,.052309,4.860057
1781783039,phi3:mini,34.0,4884,516.72,17.07,.050317,26.762010
1781783066,phi3:mini,34.0,4886,482.21,16.72,.053918,30.319580
1781783096,phi3:mini,34.0,4883,441.11,16.80,.058942,30.296372
1781783127,phi3:mini,34.0,4889,510.01,17.22,.050979,20.553396
1781783148,phi3:mini,36.0,4889,479.22,18.97,.054253,6.534061
1781783154,phi3:mini,34.0,4892,454.79,21.04,.057168,.665335
1781783155,phi3:mini,34.0,4890,479.96,16.87,.054170,26.905177
1781783182,phi3:mini,33.0,4889,503.55,16.92,.051633,26.048517
1781783209,phi3:mini,36.0,4893,487.10,17.77,.053377,14.792731
1781783224,phi3:mini,34.0,4893,492.51,16.47,.052790,32.954750
1781783257,phi3:mini,34.0,4893,466.25,16.49,.055763,35.161655
1781783292,phi3:mini,36.0,4889,506.18,20.80,.051364,1.009313
1781783293,phi3:mini,36.0,4885,521.39,18.30,.049866,12.343971
1781783306,phi3:mini,37.0,4884,499.42,17.52,.052059,20.148337
1781783326,phi3:mini,34.0,4892,525.86,16.86,.049442,26.275159
1781783353,phi3:mini,34.0,4884,488.55,18.70,.053218,6.040997
1781783359,phi3:mini,34.0,4885,477.64,17.23,.054434,21.697752
1781783381,phi3:mini,34.0,4888,493.81,17.99,.052651,13.778263
1781783395,phi3:mini,36.0,4898,495.96,17.89,.052423,13.297201
1781783408,phi3:mini,36.0,4896,501.12,17.82,.051883,18.343152
1781783427,phi3:mini,36.0,4894,538.68,18.82,.048265,10.517873
1781783437,phi3:mini,36.0,4891,513.61,17.91,.050621,18.256075
1781783456,phi3:mini,36.0,4891,528.16,17.14,.049226,25.142191
1781783481,phi3:mini,34.0,4896,521.52,16.10,.049853,38.817350
1781783520,phi3:mini,34.0,4896,521.55,17.12,.049851,22.660562
1781783543,phi3:mini,36.0,4899,472.31,18.82,.055048,7.490595
1781783551,phi3:mini,33.0,4894,548.99,16.03,.047358,37.925789
1781783589,phi3:mini,34.0,4895,471.45,17.52,.055148,17.293182
1781783606,phi3:mini,34.0,4890,491.01,16.73,.052951,29.872218
1781783636,phi3:mini,30.0,4893,489.30,18.04,.053136,13.801585
1781783650,phi3:mini,31.0,4885,505.64,18.12,.051418,13.243177
1781783664,phi3:mini,37.0,4896,517.19,17.91,.050271,15.688660
1781783680,phi3:mini,34.0,4895,516.38,17.36,.050349,18.836386
1781783699,phi3:mini,39.0,4901,463.12,17.46,.056140,19.349477
1781783718,phi3:mini,34.0,4888,525.54,17.55,.049472,18.459732
1781783737,phi3:mini,34.0,4888,492.87,17.26,.052752,25.248356
1781783762,phi3:mini,34.0,4894,497.09,15.75,.052304,47.103573
1781783810,phi3:mini,34.0,4894,457.42,16.59,.056839,28.744153
1781783839,phi3:mini,36.0,4892,514.46,18.77,.050537,7.991219
1781783847,phi3:mini,34.0,4884,497.57,17.85,.052253,16.973419
1781783864,phi3:mini,36.0,4889,499.85,15.55,.052015,46.741849
1781783911,phi3:mini,33.0,4889,499.64,19.16,.052037,3.130396
1781783914,phi3:mini,34.0,4882,483.90,17.90,.053729,18.098520
1781783932,phi3:mini,34.0,4877,506.11,17.90,.051371,18.150857
1781783951,phi3:mini,36.0,4879,493.34,18.48,.052701,12.281173
1781783963,phi3:mini,34.0,4881,479.23,19.03,.054253,9.770408
1781783973,phi3:mini,34.0,4888,517.92,18.34,.050200,13.029620
1781783986,phi3:mini,33.0,4882,539.32,17.49,.048208,18.577026
1781784005,phi3:mini,34.0,4880,443.02,18.20,.058687,11.973993
1781784017,phi3:mini,33.0,4883,480.70,17.32,.054087,20.427955
1781784038,phi3:mini,36.0,4885,464.72,17.13,.055947,21.474607
1781784060,phi3:mini,34.0,4878,448.54,17.53,.057965,20.416160
1781784080,phi3:mini,36.0,4887,512.97,18.11,.050684,13.858661
1781784094,phi3:mini,34.0,4886,513.91,15.53,.050592,44.728316
1781784139,phi3:mini,34.0,4890,494.74,16.38,.052552,30.637291
1781784170,phi3:mini,34.0,4887,513.29,18.47,.050653,7.359755
1781784178,phi3:mini,34.0,4889,507.54,18.64,.051227,10.135157
1781784188,phi3:mini,34.0,4891,495.30,18.23,.052492,11.898269
1781784200,phi3:mini,36.0,4890,511.22,17.29,.050858,22.662278
1781784223,phi3:mini,34.0,4889,504.90,16.17,.051494,37.710151
1781784261,phi3:mini,36.0,4888,483.26,20.11,.053801,1.391860
1781784262,phi3:mini,36.0,4890,554.55,17.71,.046884,14.959693
1781784277,phi3:mini,34.0,4888,486.35,17.74,.053459,20.120902
1781784298,phi3:mini,37.0,4888,516.20,17.29,.050367,25.900436
1781784324,phi3:mini,34.0,4885,536.74,20.30,.048439,2.561117
1781784327,phi3:mini,37.0,4886,487.55,17.83,.053326,15.869273
1781784343,phi3:mini,36.0,4887,474.56,17.73,.054787,16.352705
1781784359,phi3:mini,36.0,4880,471.62,17.66,.055128,18.225966
1781784378,phi3:mini,34.0,4880,497.09,17.29,.052304,21.220194
1781784399,phi3:mini,36.0,4888,486.86,16.87,.053402,25.368226
1781784425,phi3:mini,37.0,4887,452.35,16.97,.057477,23.443394
1781784448,phi3:mini,37.0,4884,506.58,19.86,.051324,5.084062
1781784454,phi3:mini,36.0,4874,499.52,18.61,.052049,14.718287
1781784468,phi3:mini,36.0,4884,504.25,18.50,.051561,11.345242
1781784480,phi3:mini,36.0,4885,471.66,18.21,.055124,15.375829
1781784496,phi3:mini,36.0,4882,566.75,18.57,.045875,10.497396
1781784506,phi3:mini,36.0,4880,471.32,16.17,.055163,35.175446
1781784542,phi3:mini,34.0,4885,448.79,18.52,.057932,8.746077
1781784550,phi3:mini,34.0,4889,429.75,16.85,.060500,29.968965
1781784581,phi3:mini,36.0,4892,542.76,17.67,.047902,17.766271
1781784599,phi3:mini,34.0,4883,544.91,17.32,.047714,21.994648
1781784621,phi3:mini,36.0,4885,518.71,16.53,.050124,34.480605
1781784656,phi3:mini,31.0,4882,506.22,16.70,.051360,29.565968
1781784685,phi3:mini,34.0,4882,502.42,17.03,.051748,26.825891
1781784712,phi3:mini,34.0,4887,431.72,17.62,.060224,18.217060
1781784731,phi3:mini,34.0,4885,505.26,19.69,.051457,4.467362
1781784735,phi3:mini,36.0,4883,469.49,18.34,.055379,12.644002
1781784748,phi3:mini,34.0,4885,495.54,18.08,.052467,14.159131
1781784763,phi3:mini,34.0,4884,490.62,19.52,.052993,3.482391
1781784766,phi3:mini,36.0,4888,514.05,17.17,.050577,22.006504
1781784788,phi3:mini,36.0,4877,490.80,19.06,.052974,3.410112
1781784792,phi3:mini,36.0,4881,474.62,16.58,.054780,31.055160
1781784823,phi3:mini,33.0,4886,496.37,17.53,.052379,18.592278
1781784842,phi3:mini,34.0,4884,506.27,16.98,.051355,25.081329
1781784867,phi3:mini,36.0,4889,528.92,16.87,.049156,28.265947
1781784896,phi3:mini,34.0,4883,477.70,19.00,.054427,5.839596
1781784902,phi3:mini,36.0,4881,509.28,19.04,.051051,6.929741
1781784909,phi3:mini,36.0,4881,421.79,17.32,.061640,18.588604
1781784928,phi3:mini,34.0,4878,447.55,19.11,.058093,4.498258
1781784932,phi3:mini,34.0,4876,501.85,18.47,.051807,10.446253
1781784943,phi3:mini,36.0,4881,493.11,17.61,.052726,16.858958
1781784960,phi3:mini,34.0,4887,459.26,15.82,.056612,39.118929
1781784999,phi3:mini,34.0,4884,474.99,16.90,.054737,25.618335
1781785025,phi3:mini,31.0,4885,506.72,17.39,.051309,18.512186
1781785044,phi3:mini,36.0,4879,464.48,17.34,.055975,21.047357
1781785065,phi3:mini,31.0,4885,517.19,20.09,.050270,1.244021
1781785066,phi3:mini,34.0,4885,537.03,17.96,.048413,13.808378
1781785080,phi3:mini,34.0,4889,526.30,16.94,.049400,27.852569
1781785109,phi3:mini,34.0,4876,532.85,18.44,.048793,9.864793
1781785119,phi3:mini,34.0,4878,495.55,18.39,.052466,11.195701
1781785130,phi3:mini,36.0,4880,473.55,17.25,.054903,21.321079
1781785151,phi3:mini,34.0,4882,485.90,18.60,.053508,11.072356
1781785163,phi3:mini,34.0,4881,495.98,18.55,.052421,11.320051
1781785174,phi3:mini,36.0,4878,432.04,17.50,.060178,18.962442
1781785193,phi3:mini,34.0,4881,416.58,19.07,.062412,4.979322
1781785198,phi3:mini,36.0,4883,520.12,17.65,.049987,16.031431
1781785215,phi3:mini,36.0,4886,503.13,16.94,.051675,25.026266
1781785240,phi3:mini,34.0,4883,478.64,17.39,.054320,16.957670
1781785257,phi3:mini,34.0,4886,476.05,15.96,.054615,41.898791
1781785299,phi3:mini,34.0,4891,479.71,12.21,.054198,154.001609
1781785454,phi3:mini,34.0,4892,538.44,17.30,.048287,20.804099
1781785475,phi3:mini,34.0,4891,510.06,16.87,.050973,27.086489
1781785502,phi3:mini,34.0,4893,495.57,17.13,.052464,21.647339
1781785524,phi3:mini,34.0,4892,472.03,16.77,.055080,26.341502
1781785550,phi3:mini,33.0,4889,505.28,18.48,.051456,9.575216
1781785560,phi3:mini,34.0,4892,505.19,15.77,.051465,42.405582
1781785603,phi3:mini,31.0,4892,464.23,16.85,.056005,25.747307
1781785628,phi3:mini,34.0,4893,488.54,16.73,.053219,27.555098
1781785656,phi3:mini,34.0,4894,483.77,17.31,.053744,18.996019
1781785675,phi3:mini,36.0,4895,491.24,20.77,.052927,.866546
1781785676,phi3:mini,34.0,4890,526.03,18.07,.049426,12.948730
1781785690,phi3:mini,34.0,4892,480.86,17.33,.054069,20.652960
1781785710,phi3:mini,33.0,4887,465.33,17.61,.055873,17.146251
1781785728,phi3:mini,34.0,4895,478.84,18.00,.054297,12.770733
1781785741,phi3:mini,34.0,4887,553.35,16.22,.046986,35.490217
1781785776,phi3:mini,31.0,4887,489.56,18.77,.053107,7.457588
1781785784,phi3:mini,34.0,4889,495.22,19.26,.052501,6.644881
1781785791,phi3:mini,36.0,4889,520.89,19.35,.049914,6.613753
1781785798,phi3:mini,36.0,4888,441.43,18.50,.058899,15.294258
1781785813,phi3:mini,36.0,4881,479.89,17.20,.054178,25.115270
1781785839,phi3:mini,34.0,4882,474.19,17.81,.054830,18.244242
1781785857,phi3:mini,36.0,4879,520.74,18.16,.049928,13.211809
1781785870,phi3:mini,36.0,4873,529.26,18.17,.049124,13.754726
1781785884,phi3:mini,36.0,4888,490.14,17.55,.053045,20.623293
1781785905,phi3:mini,36.0,4879,442.03,17.05,.058818,21.512496
1781785927,phi3:mini,36.0,4877,478.02,17.60,.054390,17.155110
1781785944,phi3:mini,34.0,4876,478.85,17.27,.054296,18.925570
1781785963,phi3:mini,34.0,4879,545.52,18.01,.047660,18.266134
1781785982,phi3:mini,36.0,4880,570.20,18.39,.045597,12.447885
1781785994,phi3:mini,36.0,4878,516.05,16.07,.050382,41.061877
1781786036,phi3:mini,34.0,4876,443.40,18.65,.058637,10.289910
1781786046,phi3:mini,37.0,4875,484.23,17.71,.053692,16.707379
1781786063,phi3:mini,34.0,4866,470.96,19.43,.055205,2.983856
1781786066,phi3:mini,36.0,4867,526.71,16.12,.049362,37.081638
1781786103,phi3:mini,34.0,4868,478.43,17.14,.054343,20.063904
1781786124,phi3:mini,34.0,4868,454.23,18.78,.057239,9.849060
1781786134,phi3:mini,34.0,4868,499.27,18.18,.052075,12.481728
1781786146,phi3:mini,36.0,4870,476.96,16.49,.054511,30.001349
1781786177,phi3:mini,34.0,4875,510.42,17.05,.050937,21.925644
1781786199,phi3:mini,34.0,4872,480.04,19.09,.054161,7.802549
1781786207,phi3:mini,36.0,4873,520.03,18.56,.049996,11.526532
1781786218,phi3:mini,34.0,4877,514.32,17.93,.050551,17.447804
1781786236,phi3:mini,36.0,4879,486.46,17.23,.053447,22.854002
1781786259,phi3:mini,34.0,4872,508.61,18.22,.051118,13.056318
1781786272,phi3:mini,37.0,4874,470.73,18.31,.055233,12.993726
1781786285,phi3:mini,34.0,4877,460.47,17.54,.056463,20.178639
1781786306,phi3:mini,36.0,4879,561.46,16.36,.046307,33.851910
1781786340,phi3:mini,34.0,4880,506.07,17.88,.051375,15.319744
1781786355,phi3:mini,36.0,4885,526.60,18.20,.049372,13.131807
1781786369,phi3:mini,34.0,4881,453.27,16.93,.057360,23.554390
1781786392,phi3:mini,34.0,4883,490.02,17.47,.053058,20.086865
1781786413,phi3:mini,36.0,4888,478.70,17.18,.054313,20.544189
1781786433,phi3:mini,34.0,4885,551.73,17.01,.047123,23.389258
1781786457,phi3:mini,34.0,4883,493.55,17.13,.052678,21.420002
1781786479,phi3:mini,36.0,4889,477.46,16.79,.054454,28.218109
1781786507,phi3:mini,34.0,4888,496.66,17.13,.052349,21.247362
1781786529,phi3:mini,36.0,4875,426.96,14.65,.060894,63.001730
1781786592,phi3:mini,33.0,4880,480.39,18.67,.054122,7.764683
1781786600,phi3:mini,34.0,4882,466.11,18.15,.055780,10.466712
1781786610,phi3:mini,34.0,4885,540.09,18.30,.048139,13.110231
1781786624,phi3:mini,36.0,4883,528.73,17.58,.049173,18.538694
1781786642,phi3:mini,36.0,4881,504.12,18.37,.051574,11.427091
1781786654,phi3:mini,36.0,4884,491.61,17.70,.052887,16.716511
1781786671,phi3:mini,36.0,4882,481.88,17.53,.053954,19.449880
1781786691,phi3:mini,34.0,4888,525.93,16.77,.049435,27.360219
1781786718,phi3:mini,34.0,4885,501.31,17.34,.051863,18.559706
1781786737,phi3:mini,36.0,4886,503.45,15.88,.051643,38.645495
1781786776,phi3:mini,34.0,4886,495.54,16.66,.052467,26.936271
1781786803,phi3:mini,34.0,4885,514.32,17.38,.050551,19.099234
1781786822,phi3:mini,36.0,4872,473.82,16.77,.054872,26.943117
1781786849,phi3:mini,34.0,4881,493.05,17.40,.052732,17.697901
1781786867,phi3:mini,34.0,4880,460.89,16.90,.056412,23.423862
1781786891,phi3:mini,34.0,4883,515.89,18.05,.050398,10.744414
1781786902,phi3:mini,36.0,4884,500.11,18.56,.051988,7.431667
1781786909,phi3:mini,34.0,4879,472.47,18.56,.055028,10.287555
1781786920,phi3:mini,33.0,4882,472.59,16.56,.055014,31.382232
1781786951,phi3:mini,37.0,4880,524.11,18.22,.049607,11.964562
1781786964,phi3:mini,36.0,4880,475.09,18.38,.054725,11.909610
1781786976,phi3:mini,34.0,4881,518.47,19.31,.050147,5.229802
1781786981,phi3:mini,36.0,4878,465.33,18.28,.055873,12.907613
1781786994,phi3:mini,34.0,4880,465.09,17.81,.055902,15.158256
1781787009,phi3:mini,36.0,4887,520.33,17.86,.049967,15.898095
1781787025,phi3:mini,37.0,4882,460.39,17.35,.056473,22.700995
1781787048,phi3:mini,34.0,4889,486.83,19.35,.053406,5.579481
1781787054,phi3:mini,34.0,4887,513.98,17.44,.050585,20.925030
1781787075,phi3:mini,34.0,4883,490.53,17.17,.053003,21.597322
1781787097,phi3:mini,34.0,4887,535.04,17.23,.048594,21.233440
1781787118,phi3:mini,33.0,4888,476.04,15.23,.054617,51.342940
1781787170,phi3:mini,33.0,4888,457.67,16.29,.056808,34.663805
1781787205,phi3:mini,34.0,4894,488.29,16.32,.053246,35.595843
1781787241,phi3:mini,34.0,4885,477.70,17.15,.054427,22.320749
1781787263,phi3:mini,36.0,4883,471.25,19.37,.055172,3.457456
1781787267,phi3:mini,36.0,4883,487.93,17.91,.053286,15.575092
1781787283,phi3:mini,34.0,4888,479.16,17.58,.054260,24.002239
1781787307,phi3:mini,34.0,4884,506.60,18.73,.051322,11.584294
1781787319,phi3:mini,36.0,4882,510.08,19.94,.050972,2.457137
1781787321,phi3:mini,36.0,4876,445.28,15.72,.058389,48.018573
1781787369,phi3:mini,34.0,4879,518.12,17.53,.050181,18.477222
1781787388,phi3:mini,34.0,4884,505.62,17.28,.051421,21.757064
1781787410,phi3:mini,34.0,4881,505.72,19.70,.051411,1.623713
1781787412,phi3:mini,36.0,4882,494.02,18.17,.052629,11.719004
1781787424,phi3:mini,36.0,4879,521.41,18.41,.049864,11.075693
1781787435,phi3:mini,34.0,4874,473.27,17.75,.054936,15.717262
1781787451,phi3:mini,34.0,4875,497.91,17.64,.052217,17.059913
1781787468,phi3:mini,36.0,4882,542.04,16.87,.047966,25.479669
1781787494,phi3:mini,36.0,4888,503.67,17.56,.051620,18.500548
1781787512,phi3:mini,34.0,4886,496.79,18.50,.052335,10.754007
1781787523,phi3:mini,34.0,4889,464.97,17.25,.055917,21.154608
1781787545,phi3:mini,34.0,4892,483.18,18.12,.053809,13.131668
1781787558,phi3:mini,34.0,4890,528.94,19.52,.049154,4.148362
1781787562,phi3:mini,34.0,4890,554.64,18.68,.046876,10.219633
1781787573,phi3:mini,37.0,4887,550.59,15.29,.047221,51.507072
1781787624,phi3:mini,34.0,4919,482.10,18.72,.053930,8.970611
1781787634,phi3:mini,36.0,4917,495.65,17.96,.052455,13.306022
1781787647,phi3:mini,36.0,4915,539.47,17.44,.048194,20.980938
1781787668,phi3:mini,34.0,4917,510.99,16.20,.050880,33.441826
1781787702,phi3:mini,34.0,4925,488.16,18.58,.053260,8.607548
1781787711,phi3:mini,34.0,4925,523.83,17.23,.049634,20.365823
1781787731,phi3:mini,34.0,4919,491.05,19.06,.052947,6.033530
1781787737,phi3:mini,34.0,4888,492.54,17.03,.052787,24.181783
1781787762,phi3:mini,34.0,4889,469.63,17.30,.055362,23.055836
1781787785,phi3:mini,34.0,4895,460.46,17.39,.056464,21.157034
1781787806,phi3:mini,31.0,4888,485.75,17.20,.053524,22.836343
1781787829,phi3:mini,36.0,4894,477.12,20.36,.054492,.883663
1781787830,phi3:mini,34.0,4892,502.97,16.64,.051692,35.080187
1781787866,phi3:mini,34.0,4877,569.19,17.18,.045678,25.080080
1781787891,phi3:mini,34.0,4879,526.04,17.23,.049425,26.044096
1781787917,phi3:mini,34.0,4886,463.66,18.48,.056074,11.146182
1781787929,phi3:mini,34.0,4887,506.41,16.03,.051341,38.102793
1781787967,phi3:mini,34.0,4893,458.72,15.91,.056678,40.395880
1781788007,phi3:mini,34.0,4882,459.09,20.17,.056633,2.230437
1781788010,phi3:mini,34.0,4883,508.73,17.75,.051106,17.006598
1781788027,phi3:mini,34.0,4895,447.71,18.13,.058072,14.337492
1781788042,phi3:mini,34.0,4883,483.03,16.71,.053826,26.750086
1781788069,phi3:mini,34.0,4881,465.50,17.98,.055852,13.847072
1781788083,phi3:mini,34.0,4881,463.16,17.01,.056135,29.853236
1781788113,phi3:mini,36.0,4882,484.30,19.59,.053684,4.847927
1781788118,phi3:mini,36.0,4883,463.10,17.70,.056142,19.208664
1781788137,phi3:mini,34.0,4882,454.59,16.93,.057193,28.281706
1781788166,phi3:mini,34.0,4881,533.06,19.22,.048774,5.773551
1781788172,phi3:mini,36.0,4883,471.69,18.51,.055120,11.831182
1781788184,phi3:mini,34.0,4883,458.85,17.27,.056662,22.343182
1781788206,phi3:mini,36.0,4892,524.20,16.79,.049599,25.726264
1781788232,phi3:mini,34.0,4888,484.51,17.35,.053661,20.567246
1781788253,phi3:mini,34.0,4885,475.16,18.81,.054718,6.482514
1781788259,phi3:mini,36.0,4883,509.73,17.02,.051006,25.258147
1781788285,phi3:mini,34.0,4883,532.87,16.73,.048792,30.648195
1781788316,phi3:mini,34.0,4882,448.05,17.46,.058028,19.814742
1781788336,phi3:mini,36.0,4877,477.03,17.22,.054503,21.193479
1781788357,phi3:mini,34.0,4885,497.14,19.99,.052298,2.250600
1781788359,phi3:mini,34.0,4882,495.67,18.15,.052453,12.063156
1781788372,phi3:mini,34.0,4885,482.77,17.75,.053855,15.939823
1781788388,phi3:mini,36.0,4883,434.95,17.05,.059775,24.744517
1781788413,phi3:mini,36.0,4884,446.14,18.31,.058277,11.630879
1781788425,phi3:mini,33.0,4882,483.79,18.02,.053742,13.758827
1781788439,phi3:mini,34.0,4885,552.09,16.70,.047093,25.317628
1781788464,phi3:mini,34.0,4885,461.67,17.88,.056316,14.315759
1781788479,phi3:mini,34.0,4883,515.52,13.66,.050433,89.585194
1781788568,phi3:mini,34.0,4890,466.74,17.28,.055705,19.207549
1781788588,phi3:mini,34.0,4889,434.93,18.26,.059778,13.523720
1781788602,phi3:mini,36.0,4885,498.16,16.37,.052191,34.756629
1781788637,phi3:mini,34.0,4884,480.52,18.03,.054106,17.796972
1781788654,phi3:mini,36.0,4894,490.80,17.41,.052974,25.326118
1781788680,phi3:mini,36.0,4891,511.18,16.78,.050862,30.511186
1781788711,phi3:mini,34.0,4891,501.78,16.92,.051815,26.114021
1781788737,phi3:mini,34.0,4894,483.21,17.24,.053806,21.341092
1781788759,phi3:mini,34.0,4891,479.68,16.69,.054201,29.534879
1781788788,phi3:mini,34.0,4883,526.70,18.34,.049363,10.358078
1781788799,phi3:mini,36.0,4883,476.31,16.19,.054585,36.315974
1781788835,phi3:mini,36.0,4885,504.74,16.10,.051510,39.560528
1781788875,phi3:mini,36.0,4885,498.26,16.72,.052180,29.707303
1781788905,phi3:mini,34.0,4886,486.84,19.57,.053404,2.605276
1781788908,phi3:mini,37.0,4882,537.68,18.37,.048355,11.809372
1781788920,phi3:mini,36.0,4885,497.14,18.15,.052298,11.954293
1781788932,phi3:mini,34.0,4892,500.45,17.89,.051953,15.811039
1781788948,phi3:mini,34.0,4896,509.79,17.36,.051000,19.697322
1781788968,phi3:mini,36.0,4889,508.06,18.91,.051174,6.661912
1781788975,phi3:mini,36.0,4890,555.74,16.84,.046783,25.711157
1781789001,phi3:mini,36.0,4883,508.25,20.09,.051155,1.144288
1781789002,phi3:mini,36.0,4884,509.56,19.35,.051024,5.219091
1781789007,phi3:mini,34.0,4882,498.38,17.64,.052168,20.802088
1781789028,phi3:mini,34.0,4883,454.96,18.44,.057147,14.092902
1781789043,phi3:mini,34.0,4881,517.77,16.54,.050214,37.462310
1781789080,phi3:mini,36.0,4886,550.84,18.09,.047199,15.028834
1781789095,phi3:mini,34.0,4894,439.00,18.78,.059224,11.178355
1781789107,phi3:mini,36.0,4889,474.67,17.44,.054773,24.935415
1781789132,phi3:mini,36.0,4881,542.35,19.76,.047939,3.036020
1781789135,phi3:mini,34.0,4877,482.49,18.25,.053886,15.502349
1781789151,phi3:mini,36.0,4884,525.50,18.55,.049476,13.368558
1781789164,phi3:mini,34.0,4882,513.78,19.40,.050604,5.206002
1781789170,phi3:mini,33.0,4886,502.91,18.00,.051698,15.275731
1781789185,phi3:mini,37.0,4883,470.12,15.89,.055304,42.331152
1781789228,phi3:mini,34.0,4883,483.85,19.97,.053735,3.604777
1781789232,phi3:mini,34.0,4886,529.34,17.31,.049116,21.080773
1781789253,phi3:mini,30.0,4889,483.99,16.08,.053719,40.975664
1781789294,phi3:mini,34.0,4892,506.66,18.18,.051316,13.802628
1781789308,phi3:mini,36.0,4893,529.81,17.34,.049073,21.390475
1781789330,phi3:mini,36.0,4888,480.27,17.47,.054135,18.026402
1781789348,phi3:mini,36.0,4889,439.66,18.92,.059135,7.924957
1781789356,phi3:mini,36.0,4893,507.90,16.53,.051190,31.084945
1781789387,phi3:mini,34.0,4897,461.10,17.47,.056386,16.819809
1781789404,phi3:mini,36.0,4893,469.62,19.13,.055363,5.958570
1781789410,phi3:mini,36.0,4895,501.89,17.43,.051803,18.988607
1781789429,phi3:mini,36.0,4889,475.62,15.95,.054664,40.288704
1781789470,phi3:mini,31.0,4883,502.60,17.82,.051730,16.944766
1781789487,phi3:mini,34.0,4885,506.73,18.20,.051308,15.438332
1781789503,phi3:mini,34.0,4897,473.33,17.53,.054929,20.417595
1781789523,phi3:mini,34.0,4894,467.08,17.44,.055664,18.743159
1781789542,phi3:mini,34.0,4893,438.89,17.15,.059239,21.281854
1781789564,phi3:mini,34.0,4883,513.11,17.10,.050670,20.875687
1781789585,phi3:mini,34.0,4878,469.26,20.80,.055405,1.297669
1781789586,phi3:mini,33.0,4878,485.21,18.05,.053584,16.343210
1781789603,phi3:mini,34.0,4885,501.46,16.94,.051847,25.498600
1781789629,phi3:mini,36.0,4884,439.05,16.04,.059217,40.940988
1781789670,phi3:mini,34.0,4883,484.33,16.66,.053681,28.864727
1781789699,phi3:mini,34.0,4883,500.21,16.71,.051977,28.470414
1781789727,phi3:mini,34.0,4893,446.61,17.27,.058215,19.740350
1781789747,phi3:mini,33.0,4888,477.90,17.18,.054403,25.664547
1781789773,phi3:mini,37.0,4884,471.32,18.44,.055164,13.878670
1781789787,phi3:mini,34.0,4880,534.69,18.95,.048625,7.386769
1781789795,phi3:mini,34.0,4883,529.20,18.12,.049130,14.729912
1781789810,phi3:mini,37.0,4883,510.59,17.41,.050921,21.020849
1781789831,phi3:mini,37.0,4886,523.45,17.57,.049670,18.951861
1781789850,phi3:mini,34.0,4888,464.32,18.72,.055995,6.409580
1781789857,phi3:mini,33.0,4887,549.88,17.90,.047282,13.349581
1781789870,phi3:mini,36.0,4884,452.29,17.51,.057485,18.666146
1781789889,phi3:mini,34.0,4880,515.70,17.87,.050416,13.927889
1781789903,phi3:mini,36.0,4880,492.20,17.92,.052823,13.894685
1781789917,phi3:mini,34.0,4881,538.37,17.23,.048293,21.121038
1781789939,phi3:mini,36.0,4891,482.12,17.17,.053928,21.479374
1781789960,phi3:mini,36.0,4890,459.33,16.97,.056603,24.684847
1781789985,phi3:mini,31.0,4887,496.45,15.54,.052371,46.047419
1781790031,phi3:mini,33.0,4881,451.81,17.04,.057546,24.467872
1781790056,phi3:mini,34.0,4867,482.09,18.34,.053930,8.832581
1781790065,phi3:mini,36.0,4868,466.74,19.14,.055704,5.118772
1781790070,phi3:mini,36.0,4871,459.55,17.43,.056576,18.750823
1781790089,phi3:mini,36.0,4880,469.06,17.63,.055429,16.841839
1781790106,phi3:mini,34.0,4886,455.18,17.73,.057119,15.280007
1781790122,phi3:mini,34.0,4886,454.74,19.08,.057174,5.240129
1781790127,phi3:mini,36.0,4890,516.55,18.14,.050333,13.665994
1781790141,phi3:mini,36.0,4888,467.50,19.12,.055614,5.646150
1781790147,phi3:mini,36.0,4890,509.38,17.83,.051042,13.232140
1781790160,phi3:mini,31.0,4887,490.00,19.20,.053060,4.946220
1781790165,phi3:mini,36.0,4884,469.30,17.58,.055401,15.983247
1781790182,phi3:mini,34.0,4888,460.30,18.09,.056484,12.768164
1781790194,phi3:mini,36.0,4890,445.79,15.56,.058322,50.036423
1781790245,phi3:mini,36.0,4888,535.50,18.19,.048552,16.158079
1781790261,phi3:mini,34.0,4887,445.21,17.18,.058398,24.319772
1781790286,phi3:mini,37.0,4882,569.17,17.73,.045680,19.001144
1781790305,phi3:mini,33.0,4880,471.67,14.90,.055122,59.178035
1781790364,phi3:mini,31.0,4886,538.87,12.86,.048248,126.484217
1781790491,phi3:mini,33.0,4889,529.16,19.82,.049134,5.851475
1781790497,phi3:mini,36.0,4888,512.01,19.26,.050779,9.915880
1781790507,phi3:mini,34.0,4885,496.52,18.40,.052364,13.906732
1781790521,phi3:mini,34.0,4887,414.23,18.43,.062766,15.185979
1781790537,phi3:mini,36.0,4890,456.75,18.09,.056923,15.746393
1781790553,phi3:mini,36.0,4887,477.67,17.91,.054429,13.841940
1781790567,phi3:mini,36.0,4889,494.74,17.98,.052552,14.900979
1781790582,phi3:mini,36.0,4887,514.58,18.25,.050526,13.093301
1781790595,phi3:mini,37.0,4888,508.24,17.43,.051156,20.192468
1781790615,phi3:mini,36.0,4886,458.18,17.62,.056746,18.384602
1781790634,phi3:mini,34.0,4880,501.63,17.85,.051830,13.383758
1781790647,phi3:mini,37.0,4880,490.42,18.29,.053015,13.664216
1781790661,phi3:mini,37.0,4884,458.04,17.45,.056763,17.647526
1781790679,phi3:mini,34.0,4883,471.99,18.03,.055085,12.585774
1781790692,phi3:mini,36.0,4885,483.56,15.91,.053766,42.597482
1781790735,phi3:mini,36.0,4872,486.16,17.49,.053479,17.663092
1781790753,phi3:mini,36.0,4878,512.99,17.19,.050682,19.886449
1781790773,phi3:mini,34.0,4879,524.00,18.43,.049617,11.770291
1781790785,phi3:mini,36.0,4877,474.63,17.24,.054778,20.818972
1781790806,phi3:mini,36.0,4877,513.61,15.90,.050621,40.753047
1781790847,phi3:mini,34.0,4876,458.90,17.50,.056656,18.677552
1781790865,phi3:mini,34.0,4872,466.38,19.88,.055747,1.659677
1781790867,phi3:mini,37.0,4873,488.60,18.83,.053212,6.104395
1781790874,phi3:mini,36.0,4871,422.54,16.57,.061532,26.184691
1781790900,phi3:mini,31.0,4881,465.29,16.03,.055878,37.424262
1781790938,phi3:mini,34.0,4881,500.79,16.26,.051917,36.033665
1781790974,phi3:mini,36.0,4883,453.83,19.59,.057289,4.798053
1781790979,phi3:mini,34.0,4884,524.85,15.41,.049537,47.238934
1781791026,phi3:mini,34.0,4887,522.81,18.51,.049730,12.316755
1781791039,phi3:mini,34.0,4888,504.39,16.45,.051547,32.093144
1781791071,phi3:mini,33.0,4889,506.82,19.36,.051300,4.957237
1781791076,phi3:mini,34.0,4881,492.98,10.31,.052739,310.814273
1781791387,phi3:mini,34.0,4889,463.33,18.55,.056114,8.839322
1781791396,phi3:mini,34.0,4889,551.19,16.85,.047170,29.004755
1781791426,phi3:mini,34.0,4887,481.05,17.34,.054047,20.351589
1781791446,phi3:mini,34.0,4883,486.84,20.94,.053404,.954888
1781791447,phi3:mini,34.0,4882,473.53,18.08,.054906,12.719719
1781791460,phi3:mini,34.0,4875,446.97,18.04,.058168,13.243234
1781791474,phi3:mini,34.0,4881,548.21,18.04,.047426,14.907095
1781791489,phi3:mini,34.0,4875,477.24,18.49,.054478,11.405789
1781791500,phi3:mini,34.0,4877,494.08,16.89,.052622,25.688134
1781791526,phi3:mini,34.0,4885,502.36,17.66,.051755,16.531149
1781791543,phi3:mini,34.0,4885,451.95,16.71,.057527,30.339100
1781791574,phi3:mini,34.0,4884,531.03,20.16,.048961,1.388257
1781791575,phi3:mini,34.0,4883,516.87,18.21,.050302,12.627820
1781791588,phi3:mini,34.0,4883,499.93,17.28,.052006,20.598344
1781791609,phi3:mini,34.0,4879,492.72,18.40,.052768,10.377674
1781791619,phi3:mini,36.0,4882,491.01,16.63,.052951,27.418440
1781791647,phi3:mini,34.0,4887,516.93,18.19,.050296,14.073105
1781791661,phi3:mini,36.0,4884,533.64,18.59,.048721,10.539200
1781791672,phi3:mini,36.0,4883,511.50,20.17,.050830,2.973847
1781791675,phi3:mini,36.0,4883,577.86,17.71,.044993,18.061747
1781791693,phi3:mini,33.0,4883,511.21,18.66,.050858,11.784847
1781791705,phi3:mini,36.0,4889,457.73,17.84,.056800,17.258346
1781791723,phi3:mini,36.0,4886,515.71,17.39,.050415,20.522357
1781791743,phi3:mini,36.0,4886,429.54,15.37,.060529,50.857970
1781791794,phi3:mini,36.0,4890,451.78,17.58,.057549,18.707441
1781791813,phi3:mini,34.0,4890,446.21,17.44,.058267,19.488091
1781791833,phi3:mini,34.0,4893,503.57,18.36,.051630,13.013983
1781791846,phi3:mini,34.0,4885,507.66,16.21,.051214,34.710462
1781791881,phi3:mini,36.0,4884,519.58,16.80,.050040,26.840756
1781791908,phi3:mini,34.0,4879,498.96,15.72,.052107,43.694515
1781791952,phi3:mini,34.0,4890,482.91,17.88,.053839,16.216350
1781791968,phi3:mini,36.0,4886,484.19,16.84,.053697,27.017447
1781791996,phi3:mini,34.0,4883,489.80,18.02,.053082,13.816621
1781792010,phi3:mini,34.0,4883,433.08,17.69,.060034,17.069443
1781792027,phi3:mini,36.0,4887,471.79,18.32,.055108,10.423262
1781792038,phi3:mini,36.0,4889,451.33,17.81,.057606,15.713406
1781792053,phi3:mini,34.0,4883,490.22,18.15,.053036,14.597494
1781792068,phi3:mini,36.0,4888,491.24,17.06,.052926,22.210210
1781792091,phi3:mini,34.0,4890,476.13,18.02,.054605,12.095532
1781792103,phi3:mini,34.0,4893,491.08,17.75,.052944,18.309355
1781792121,phi3:mini,33.0,4876,489.36,18.66,.053129,10.232397
1781792132,phi3:mini,34.0,4885,490.39,17.87,.053018,13.871011
1781792146,phi3:mini,36.0,4889,465.69,17.94,.055830,16.162725
1781792162,phi3:mini,33.0,4889,501.48,18.42,.051845,14.326559
1781792177,phi3:mini,34.0,4882,482.70,16.97,.053863,31.220019
1781792208,phi3:mini,36.0,4884,528.60,18.13,.049186,16.320387
1781792225,phi3:mini,37.0,4881,497.95,18.17,.052213,13.097317
1781792238,phi3:mini,34.0,4882,480.94,17.08,.054059,21.828417
1781792260,phi3:mini,34.0,4892,498.21,16.03,.052186,38.485948
1781792299,phi3:mini,34.0,4888,496.86,17.69,.052328,18.198443
1781792317,phi3:mini,36.0,4889,462.17,20.30,.056255,2.216040
1781792320,phi3:mini,34.0,4887,490.62,16.51,.052993,30.578332
1781792350,phi3:mini,36.0,4883,487.55,20.45,.053327,1.026676
1781792352,phi3:mini,36.0,4883,490.71,17.49,.052984,20.237161
1781792372,phi3:mini,34.0,4888,521.73,16.70,.049834,28.434043
1781792401,phi3:mini,36.0,4887,553.48,17.81,.046975,14.089632
1781792415,phi3:mini,37.0,4886,457.60,19.18,.056817,5.265605
1781792420,phi3:mini,36.0,4889,532.11,18.11,.048861,13.689499
1781792434,phi3:mini,37.0,4884,494.23,17.84,.052606,14.460612
1781792449,phi3:mini,34.0,4884,512.97,17.45,.050684,21.255898
1781792470,phi3:mini,34.0,4883,496.07,15.90,.052411,38.412087
1781792509,phi3:mini,34.0,4888,458.60,18.86,.056694,6.414894
1781792516,phi3:mini,34.0,4884,413.32,17.82,.062904,14.079437
1781792530,phi3:mini,36.0,4883,449.75,18.63,.057809,7.513330
1781792538,phi3:mini,34.0,4882,466.96,19.12,.055678,4.548020
1781792542,phi3:mini,36.0,4877,504.83,16.96,.051502,23.578144
1781792566,phi3:mini,36.0,4873,558.92,19.10,.046517,5.915318
1781792572,phi3:mini,37.0,4874,477.68,17.00,.054429,26.990722
1781792599,phi3:mini,36.0,4880,528.16,20.28,.049227,1.183268
1781792601,phi3:mini,34.0,4882,474.33,16.68,.054813,29.732559
1781792631,phi3:mini,36.0,4880,558.15,16.79,.046582,30.726039
1781792662,phi3:mini,34.0,4888,546.42,16.93,.047582,25.509540
1781792687,phi3:mini,31.0,4885,504.42,17.58,.051543,19.054871
1781792706,phi3:mini,33.0,4887,472.38,17.77,.055039,18.115186
1781792725,phi3:mini,36.0,4886,521.79,17.02,.049827,25.545489
1781792751,phi3:mini,36.0,4882,562.58,16.96,.046215,25.346116
1781792776,phi3:mini,34.0,4893,499.79,18.16,.052020,12.881261
1781792789,phi3:mini,36.0,4896,489.72,16.09,.053091,39.876546
1781792829,phi3:mini,36.0,4897,505.48,17.07,.051436,22.426301
1781792852,phi3:mini,34.0,4893,485.48,17.83,.053554,13.402671
1781792865,phi3:mini,34.0,4891,500.85,17.88,.051911,17.497330
1781792883,phi3:mini,36.0,4894,462.94,18.68,.056161,11.669464
1781792895,phi3:mini,37.0,4889,544.22,19.60,.047774,4.030228
1781792899,phi3:mini,34.0,4885,493.32,18.82,.052703,11.579108
1781792911,phi3:mini,36.0,4887,531.02,18.17,.048961,15.077509
1781792926,phi3:mini,34.0,4888,548.97,15.66,.047360,45.521026
1781792972,phi3:mini,34.0,4894,511.55,17.55,.050825,20.737172
1781792993,phi3:mini,36.0,4879,457.76,22.07,.056797,.589008
1781792994,phi3:mini,36.0,4880,437.60,18.10,.059414,12.977867
1781793007,phi3:mini,34.0,4883,481.56,17.35,.053990,20.629172
1781793028,phi3:mini,34.0,4886,485.06,19.30,.053601,3.885472
1781793032,phi3:mini,36.0,4886,503.75,17.34,.051612,20.587807
1781793052,phi3:mini,34.0,4880,539.34,17.52,.048206,17.802321
1781793070,phi3:mini,34.0,4883,493.92,18.00,.052639,13.382830
1781793084,phi3:mini,36.0,4883,442.15,18.24,.058803,13.539436
1781793098,phi3:mini,34.0,4888,493.81,17.69,.052651,16.052067
1781793114,phi3:mini,36.0,4889,471.40,15.26,.055153,50.388993
1781793165,phi3:mini,34.0,4878,506.13,16.84,.051369,26.891308
1781793192,phi3:mini,34.0,4870,475.94,16.87,.054628,25.722590
1781793218,phi3:mini,34.0,4882,521.18,17.31,.049885,20.621018
1781793238,phi3:mini,36.0,4884,474.15,17.01,.054834,24.740278
1781793263,phi3:mini,33.0,4880,463.63,17.21,.056078,22.359945
1781793286,phi3:mini,34.0,4887,481.00,17.87,.054053,12.920638
1781793299,phi3:mini,36.0,4880,468.04,17.49,.055550,18.580757
1781793318,phi3:mini,34.0,4882,485.64,17.38,.053536,16.856515
1781793335,phi3:mini,34.0,4875,491.64,17.44,.052884,20.630909
1781793356,phi3:mini,34.0,4878,464.99,17.37,.055914,22.563611
1781793378,phi3:mini,34.0,4872,480.60,17.79,.054098,13.877203
1781793392,phi3:mini,34.0,4869,485.47,16.79,.053555,27.328387
1781793420,phi3:mini,34.0,4876,543.50,16.46,.047837,33.838309
1781793454,phi3:mini,33.0,4880,496.42,19.50,.052374,4.871155
1781793459,phi3:mini,36.0,4875,500.33,16.29,.051965,32.469630
1781793492,phi3:mini,34.0,4886,458.80,20.29,.056668,1.478359
1781793493,phi3:mini,34.0,4888,464.23,17.69,.056006,18.086549
1781793512,phi3:mini,34.0,4877,485.93,15.43,.053504,49.637219
1781793562,phi3:mini,36.0,4881,481.43,19.66,.054005,5.846928
1781793568,phi3:mini,36.0,4884,481.20,17.61,.054031,21.459071
1781793589,phi3:mini,36.0,4883,497.92,16.61,.052216,31.471059
1781793621,phi3:mini,36.0,4887,511.38,18.00,.050842,13.272079
1781793634,phi3:mini,34.0,4882,471.14,17.59,.055184,18.529881
1781793653,phi3:mini,34.0,4882,503.11,19.60,.051677,4.183271
1781793657,phi3:mini,36.0,4876,509.87,18.90,.050993,6.453440
1781793664,phi3:mini,34.0,4874,545.84,18.15,.047632,14.268473
1781793678,phi3:mini,37.0,4881,498.28,16.98,.052179,25.137764
1781793704,phi3:mini,34.0,4878,523.72,17.51,.049644,20.328263
1781793724,phi3:mini,36.0,4875,545.78,17.61,.047637,18.162332
1781793743,phi3:mini,34.0,4884,502.85,17.28,.051705,21.411764
1781793764,phi3:mini,34.0,4882,491.77,16.78,.052869,26.935832
1781793791,phi3:mini,34.0,4886,539.70,18.74,.048174,12.697133
1781793804,phi3:mini,37.0,4882,493.32,18.36,.052703,14.649465
1781793819,phi3:mini,36.0,4879,471.07,18.07,.055193,16.207182
1781793835,phi3:mini,34.0,4877,491.28,16.26,.052922,37.451414
1781793873,phi3:mini,34.0,4877,453.62,16.91,.057316,25.596059
1781793899,phi3:mini,34.0,4877,465.36,17.76,.055869,17.952838
1781793917,phi3:mini,36.0,4887,527.16,16.55,.049320,30.925029
1781793948,phi3:mini,36.0,4891,471.05,21.01,.055195,1.189853
1781793950,phi3:mini,36.0,4890,538.67,16.94,.048266,23.786401
1781793974,phi3:mini,36.0,4873,508.57,17.63,.051122,18.546823
1781793992,phi3:mini,34.0,4880,545.06,17.19,.047700,20.531953
1781794013,phi3:mini,33.0,4885,541.64,16.81,.048001,26.040539
1781794039,phi3:mini,36.0,4874,507.54,17.28,.051226,21.465159
1781794061,phi3:mini,33.0,4878,530.61,18.97,.048999,4.954558
1781794066,phi3:mini,33.0,4877,461.07,17.29,.056389,20.118140
1781794086,phi3:mini,33.0,4883,531.21,16.98,.048944,24.433012
1781794111,phi3:mini,34.0,4879,492.16,18.40,.052827,11.793131
1781794123,phi3:mini,33.0,4880,509.41,17.49,.051038,17.719446
1781794141,phi3:mini,34.0,4879,503.96,16.67,.051590,26.988926
1781794168,phi3:mini,34.0,4883,514.33,15.53,.050550,50.066838
1781794218,phi3:mini,34.0,4881,474.48,17.82,.054796,15.764773
1781794234,phi3:mini,34.0,4882,490.22,16.69,.053037,26.946666
1781794261,phi3:mini,34.0,4877,536.13,19.30,.048495,3.832307
1781794265,phi3:mini,34.0,4886,479.54,17.81,.054217,17.568079
1781794283,phi3:mini,34.0,4886,536.82,17.43,.048433,19.563553
1781794303,phi3:mini,36.0,4870,506.19,16.08,.051363,36.051276
1781794339,phi3:mini,36.0,4883,543.12,17.94,.047871,13.760705
1781794353,phi3:mini,34.0,4886,515.97,17.95,.050389,16.152381
1781794369,phi3:mini,36.0,4888,465.98,17.46,.055795,22.039744
1781794392,phi3:mini,34.0,4889,547.06,17.27,.047526,21.301599
1781794413,phi3:mini,30.0,4882,544.74,15.98,.047728,38.214607
1781794452,phi3:mini,34.0,4893,536.96,20.17,.048419,1.486998
1781794453,phi3:mini,34.0,4890,476.72,17.12,.054539,22.596629
1781794476,phi3:mini,34.0,4879,525.00,16.48,.049522,31.294945
1781794507,phi3:mini,36.0,4888,461.41,17.53,.056348,24.287663
1781794532,phi3:mini,36.0,4886,473.72,18.44,.054884,15.177841
1781794547,phi3:mini,34.0,4881,515.04,18.30,.050481,13.004137
1781794560,phi3:mini,34.0,4880,464.77,17.55,.055940,20.046788
1781794581,phi3:mini,36.0,4876,482.56,17.86,.053878,16.061331
1781794597,phi3:mini,36.0,4887,473.16,19.23,.054949,6.290517
1781794603,phi3:mini,37.0,4881,515.06,18.70,.050479,9.140273
1781794613,phi3:mini,36.0,4883,480.04,17.87,.054161,15.665634
1781794629,phi3:mini,34.0,4885,503.31,17.08,.051657,22.769067
1781794652,phi3:mini,34.0,4885,528.77,17.33,.049170,21.115461
1781794673,phi3:mini,33.0,4893,544.39,17.97,.047759,15.746374
1781794689,phi3:mini,33.0,4886,521.71,18.20,.049835,11.919329
1781794701,phi3:mini,36.0,4889,537.59,17.98,.048363,13.234580
1781794714,phi3:mini,34.0,4891,507.13,16.96,.051268,25.353678
1781794740,phi3:mini,34.0,4883,474.83,19.35,.054756,2.634646
1781794743,phi3:mini,34.0,4886,512.49,17.08,.050731,24.347560
1781794767,phi3:mini,34.0,4890,473.03,17.11,.054964,22.441887
1781794790,phi3:mini,34.0,4884,488.42,17.49,.053232,21.262080
1781794811,phi3:mini,34.0,4886,447.11,18.11,.058150,12.086528
1781794824,phi3:mini,31.0,4886,500.32,18.20,.051965,12.087170
1781794836,phi3:mini,34.0,4914,525.82,17.15,.049445,22.039563
1781794858,phi3:mini,34.0,4917,521.69,18.49,.049837,11.838868
1781794870,phi3:mini,34.0,4917,530.56,15.92,.049004,40.761840
1781794911,phi3:mini,34.0,4920,485.04,16.45,.053603,32.150031
1781794943,phi3:mini,36.0,4920,515.54,18.15,.050431,12.890971
1781794956,phi3:mini,34.0,4890,503.40,17.68,.051648,14.873541
1781794971,phi3:mini,34.0,4888,462.02,17.50,.056273,24.913033
1781794997,phi3:mini,36.0,4894,477.87,21.05,.054407,.854798
1781794998,phi3:mini,36.0,4893,503.01,15.91,.051688,40.647495
1781795038,phi3:mini,34.0,4888,519.30,17.86,.050066,13.997368
1781795053,phi3:mini,36.0,4889,503.42,16.49,.051645,30.924024
1781795084,phi3:mini,37.0,4889,474.06,19.35,.054844,5.733869
1781795090,phi3:mini,36.0,4885,500.38,17.44,.051960,18.341135
1781795108,phi3:mini,37.0,4893,457.94,18.30,.056775,12.020931
1781795120,phi3:mini,34.0,4895,465.73,15.60,.055825,49.990588
1781795171,phi3:mini,34.0,4889,449.49,15.22,.057842,53.135498
1781795224,phi3:mini,36.0,4885,521.57,17.50,.049848,21.587784
1781795246,phi3:mini,33.0,4889,494.77,17.55,.052548,19.426167
1781795265,phi3:mini,36.0,4881,482.28,17.88,.053910,16.046626
1781795282,phi3:mini,36.0,4881,519.62,18.37,.050035,11.918243
1781795294,phi3:mini,34.0,4879,488.30,17.91,.053244,13.063416
1781795307,phi3:mini,34.0,4880,547.13,17.73,.047520,17.425973
1781795324,phi3:mini,36.0,4878,503.11,22.68,.051677,.352705
1781795325,phi3:mini,36.0,4874,572.51,17.66,.045413,16.812347
1781795342,phi3:mini,36.0,4873,521.47,18.19,.049858,14.067831
1781795356,phi3:mini,36.0,4884,519.14,18.01,.050082,17.818643
1781795374,phi3:mini,37.0,4884,490.36,17.11,.053021,22.030798
1781795396,phi3:mini,34.0,4886,488.28,17.62,.053247,20.703463
1781795417,phi3:mini,32.0,4889,450.23,16.62,.057748,30.366913
1781795448,phi3:mini,34.0,4888,472.52,17.63,.055023,18.604436
1781795467,phi3:mini,36.0,4888,509.69,18.47,.051010,15.314438
1781795482,phi3:mini,36.0,4878,489.41,20.55,.053124,1.459503
1781795484,phi3:mini,37.0,4880,493.40,17.87,.052695,16.053427
1781795500,phi3:mini,36.0,4884,548.54,13.07,.047397,114.497666
1781795615,phi3:mini,34.0,4882,493.06,19.01,.052731,5.417895
1781795620,phi3:mini,34.0,4882,505.07,17.37,.051477,20.372032
1781795641,phi3:mini,34.0,4882,497.21,16.43,.052291,32.618419
1781795674,phi3:mini,34.0,4883,441.32,19.11,.058913,7.794919
1781795682,phi3:mini,36.0,4879,484.97,16.26,.053610,34.791770
1781795717,phi3:mini,34.0,4882,528.77,17.42,.049170,18.934651
1781795736,phi3:mini,34.0,4887,507.19,17.74,.051262,15.044972
1781795751,phi3:mini,36.0,4885,475.27,17.38,.054704,18.755430
1781795770,phi3:mini,34.0,4885,499.11,19.22,.052092,4.941141
1781795775,phi3:mini,36.0,4878,499.39,16.18,.052063,36.753269
1781795812,phi3:mini,34.0,4892,546.92,16.74,.047538,24.598004
1781795837,phi3:mini,34.0,4892,512.25,19.57,.050755,2.502765
1781795840,phi3:mini,34.0,4890,514.39,17.32,.050544,19.909944
1781795860,phi3:mini,34.0,4893,437.22,15.23,.059466,51.444640
1781795911,phi3:mini,33.0,4895,438.52,16.72,.059289,26.844767
1781795939,phi3:mini,34.0,4888,461.87,17.45,.056292,17.817325
1781795957,phi3:mini,34.0,4878,460.93,16.57,.056406,30.162883
1781795987,phi3:mini,34.0,4879,507.21,18.27,.051259,11.926540
1781795999,phi3:mini,37.0,4885,479.94,16.23,.054172,37.997843
1781796037,phi3:mini,34.0,4888,527.48,18.13,.049290,11.800505
1781796049,phi3:mini,34.0,4883,478.03,16.39,.054389,32.078156
1781796081,phi3:mini,33.0,4885,498.33,16.19,.052174,35.006988
1781796117,phi3:mini,33.0,4890,543.58,17.76,.047830,17.620314
1781796135,phi3:mini,37.0,4888,552.56,18.53,.047053,12.730279
1781796147,phi3:mini,34.0,4888,489.46,18.12,.053118,12.858396
1781796160,phi3:mini,36.0,4891,424.05,18.56,.061313,12.440481
1781796173,phi3:mini,36.0,4893,531.69,19.14,.048900,5.900921
1781796179,phi3:mini,36.0,4888,524.70,19.55,.049551,4.090707
1781796183,phi3:mini,36.0,4885,547.31,18.08,.047504,14.540891
1781796198,phi3:mini,36.0,4888,497.58,17.02,.052251,26.075112
1781796224,phi3:mini,34.0,4886,463.68,18.11,.056072,13.245554
1781796238,phi3:mini,34.0,4888,485.16,18.15,.053590,11.568183
1781796250,phi3:mini,36.0,4880,505.10,18.09,.051474,13.873064
1781796264,phi3:mini,34.0,4882,483.08,15.96,.053821,40.717509
1781796305,phi3:mini,34.0,4893,507.71,17.78,.051209,14.618118
1781796319,phi3:mini,34.0,4891,483.41,16.88,.053783,24.755940
1781796344,phi3:mini,34.0,4892,484.30,16.66,.053685,29.710388
1781796374,phi3:mini,34.0,4887,492.11,17.43,.052832,18.760241
1781796393,phi3:mini,36.0,4891,532.86,20.31,.048793,2.165633
1781796395,phi3:mini,34.0,4888,473.21,18.26,.054943,15.765205
1781796411,phi3:mini,36.0,4883,511.26,17.86,.050854,18.299599
1781796430,phi3:mini,34.0,4885,517.99,17.60,.050193,18.856389
1781796449,phi3:mini,34.0,4890,453.00,18.14,.057394,12.568798
1781796462,phi3:mini,34.0,4885,567.08,18.81,.045848,7.333916
1781796469,phi3:mini,36.0,4880,476.67,17.28,.054544,21.236002
1781796491,phi3:mini,34.0,4879,552.42,16.39,.047064,34.451836
1781796525,phi3:mini,34.0,4886,480.22,17.76,.054140,14.181470
1781796540,phi3:mini,34.0,4886,476.26,18.35,.054591,11.440514
1781796551,phi3:mini,36.0,4887,470.21,17.84,.055294,13.733147
1781796565,phi3:mini,36.0,4887,482.23,15.38,.053915,49.980962
1781796615,phi3:mini,36.0,4886,461.76,15.85,.056305,41.490663
1781796657,phi3:mini,34.0,4887,451.93,18.00,.057530,13.106562
1781796670,phi3:mini,34.0,4886,491.55,19.53,.052893,3.480244
1781796674,phi3:mini,34.0,4886,460.52,19.53,.056457,4.147182
1781796678,phi3:mini,34.0,4887,524.45,18.04,.049575,13.186236
1781796692,phi3:mini,36.0,4888,490.94,17.75,.052958,14.134340
1781796706,phi3:mini,36.0,4886,527.59,19.33,.049280,4.137787
1781796710,phi3:mini,36.0,4887,473.56,19.52,.054903,4.148324
1781796715,phi3:mini,34.0,4885,558.75,17.30,.046532,19.070018
1781796734,phi3:mini,34.0,4886,497.89,17.83,.052219,13.569970
1781796748,phi3:mini,36.0,4890,519.25,15.38,.050072,49.457057
1781796797,phi3:mini,34.0,4887,572.04,18.56,.045451,11.745029
1781796809,phi3:mini,37.0,4892,472.62,19.95,.055012,2.154656
1781796812,phi3:mini,36.0,4890,517.96,18.92,.050196,11.517652
1781796823,phi3:mini,36.0,4890,498.88,18.62,.052116,10.255375
1781796834,phi3:mini,37.0,4889,520.89,18.85,.049914,10.870109
1781796845,phi3:mini,36.0,4888,509.21,17.26,.051058,21.143665
1781796866,phi3:mini,36.0,4890,493.49,16.61,.052684,35.564507
1781796902,phi3:mini,34.0,4882,490.22,17.72,.053036,18.339008
1781796920,phi3:mini,36.0,4886,480.11,16.88,.054153,25.706056
1781796946,phi3:mini,34.0,4892,493.35,17.80,.052700,14.155669
1781796961,phi3:mini,34.0,4887,445.80,16.88,.058321,26.588663
1781796987,phi3:mini,36.0,4889,489.58,18.91,.053105,7.347900
1781796995,phi3:mini,37.0,4884,514.52,17.37,.050531,25.042222
1781797020,phi3:mini,34.0,4889,508.48,17.88,.051132,16.830230
1781797037,phi3:mini,34.0,4884,535.04,19.24,.048593,6.858463
1781797044,phi3:mini,31.0,4877,504.40,17.41,.051546,20.149716
1781797065,phi3:mini,34.0,4883,544.37,20.39,.047760,1.470865
1781797066,phi3:mini,36.0,4882,506.52,17.13,.051329,22.464210
1781797089,phi3:mini,34.0,4882,460.56,16.85,.056452,23.735945
1781797113,phi3:mini,34.0,4882,489.50,17.93,.053115,12.877408
1781797126,phi3:mini,36.0,4887,478.51,20.33,.054335,1.130855
1781797127,phi3:mini,37.0,4887,489.66,16.71,.053097,25.129308
1781797152,phi3:mini,36.0,4882,506.96,17.60,.051285,18.398701
1781797171,phi3:mini,33.0,4890,426.18,17.85,.061006,15.679398
1781797187,phi3:mini,33.0,4886,506.05,18.20,.051377,13.843901
1781797201,phi3:mini,36.0,4889,478.88,17.85,.054293,13.832712
1781797215,phi3:mini,34.0,4892,508.77,19.08,.051103,6.130283
1781797221,phi3:mini,36.0,4892,502.26,15.75,.051765,48.617254
1781797270,phi3:mini,34.0,4883,516.50,18.46,.050338,10.396425
1781797281,phi3:mini,34.0,4890,557.85,17.19,.046606,22.744274
1781797304,phi3:mini,34.0,4882,453.18,18.45,.057371,12.570968
1781797316,phi3:mini,34.0,4887,575.14,19.66,.045206,4.830754
1781797321,phi3:mini,34.0,4883,454.59,15.85,.057194,38.099721
1781797360,phi3:mini,34.0,4876,478.75,17.55,.054307,19.083342
1781797379,phi3:mini,36.0,4885,491.65,17.41,.052882,24.984994
1781797404,phi3:mini,36.0,4882,482.08,18.15,.053932,13.822262
1781797418,phi3:mini,34.0,4881,531.38,18.75,.048928,9.706447
1781797428,phi3:mini,34.0,4881,479.23,17.49,.054252,20.118753
1781797448,phi3:mini,34.0,4886,520.73,19.96,.049929,2.553846
1781797451,phi3:mini,33.0,4887,554.95,18.36,.046850,12.633088
1781797464,phi3:mini,34.0,4891,454.54,18.09,.057200,12.934928
1781797477,phi3:mini,34.0,4881,487.05,16.80,.053381,26.596934
1781797504,phi3:mini,34.0,4888,481.73,16.39,.053971,36.789300
1781797541,phi3:mini,36.0,4882,484.95,17.55,.053612,18.793266
1781797560,phi3:mini,34.0,4890,453.78,16.97,.057296,26.683716
1781797587,phi3:mini,34.0,4887,472.33,17.36,.055045,22.108288
1781797609,phi3:mini,37.0,4884,450.00,18.15,.057777,14.485647
1781797624,phi3:mini,34.0,4879,498.68,19.69,.052137,4.214133
1781797628,phi3:mini,36.0,4879,479.64,17.09,.054206,25.270127
1781797653,phi3:mini,34.0,4882,485.46,20.21,.053557,1.385046
1781797655,phi3:mini,36.0,4878,495.37,16.45,.052485,34.950744
1781797690,phi3:mini,33.0,4881,494.27,17.76,.052602,18.015373
1781797708,phi3:mini,34.0,4887,557.43,18.95,.046641,6.331905
1781797715,phi3:mini,34.0,4887,515.18,16.66,.050467,25.689482
1781797741,phi3:mini,34.0,4887,501.40,20.70,.051853,1.207297
1781797742,phi3:mini,36.0,4886,520.28,16.86,.049972,29.531509
1781797772,phi3:mini,34.0,4888,498.48,16.85,.052158,26.809214
1781797799,phi3:mini,36.0,4876,473.74,16.08,.054881,36.174934
1781797835,phi3:mini,36.0,4881,487.88,16.47,.053290,30.594498
1781797866,phi3:mini,34.0,4887,536.37,17.48,.048473,19.278658
1781797886,phi3:mini,34.0,4885,490.01,17.39,.053059,18.685356
1781797904,phi3:mini,34.0,4886,458.94,17.59,.056651,16.770454
1781797921,phi3:mini,36.0,4880,461.26,17.26,.056367,19.747362
1781797941,phi3:mini,36.0,4889,490.26,19.43,.053032,4.218375
1781797946,phi3:mini,34.0,4888,522.85,18.17,.049726,11.331739
1781797957,phi3:mini,36.0,4882,482.31,17.47,.053906,18.712635
1781797976,phi3:mini,34.0,4885,530.99,17.48,.048965,20.528587
1781797997,phi3:mini,36.0,4886,450.84,18.92,.057669,12.048593
1781798009,phi3:mini,36.0,4879,534.51,18.48,.048641,14.769973
1781798024,phi3:mini,36.0,4884,460.87,18.44,.056414,13.446272
1781798038,phi3:mini,34.0,4885,534.85,19.00,.048611,7.210379
1781798045,phi3:mini,36.0,4885,558.64,17.97,.046541,13.851330
1781798059,phi3:mini,36.0,4887,522.00,18.21,.049808,10.596486
1781798070,phi3:mini,36.0,4879,524.62,16.52,.049559,33.341313
1781798103,phi3:mini,34.0,4883,510.65,16.46,.050915,30.855923
1781798134,phi3:mini,36.0,4870,542.11,17.73,.047960,15.284486
1781798150,phi3:mini,34.0,4878,505.77,18.14,.051406,13.116049
1781798163,phi3:mini,31.0,4876,452.45,19.18,.057464,6.827677
1781798170,phi3:mini,34.0,4874,468.29,20.60,.055520,1.552939
1781798172,phi3:mini,36.0,4876,474.56,17.52,.054786,23.508834
1781798196,phi3:mini,36.0,4880,474.88,17.42,.054750,21.294183
1781798217,phi3:mini,34.0,4885,541.30,18.17,.048031,12.817668
1781798230,phi3:mini,36.0,4886,494.28,17.31,.052601,21.078385
1781798251,phi3:mini,36.0,4882,474.30,17.27,.054817,21.705728
1781798273,phi3:mini,34.0,4886,473.58,17.02,.054900,24.379624
1781798298,phi3:mini,34.0,4885,507.93,17.86,.051187,19.699634
1781798318,phi3:mini,37.0,4875,494.08,18.64,.052622,12.387845
1781798330,phi3:mini,34.0,4880,539.63,18.12,.048180,12.966649
1781798343,phi3:mini,37.0,4884,459.77,17.02,.056549,25.484924
1781798369,phi3:mini,34.0,4881,479.30,17.57,.054244,18.439760
1781798388,phi3:mini,36.0,4889,511.75,17.64,.050805,19.211046
1781798407,phi3:mini,34.0,4890,470.06,16.67,.055311,25.363974
1781798433,phi3:mini,34.0,4889,486.07,19.54,.053490,3.735373
1781798437,phi3:mini,33.0,4887,501.53,16.65,.051841,30.619127
1781798467,phi3:mini,34.0,4884,514.52,18.22,.050531,13.275938
1781798481,phi3:mini,34.0,4888,511.81,17.81,.050799,14.595599
1781798496,phi3:mini,34.0,4876,550.74,20.15,.047209,1.736717
1781798498,phi3:mini,36.0,4876,486.57,17.37,.053434,18.651484
1781798516,phi3:mini,33.0,4887,467.96,18.13,.055559,12.020290
1781798529,phi3:mini,33.0,4884,563.71,16.87,.046122,25.544589
1781798554,phi3:mini,34.0,4879,498.44,18.16,.052162,12.827360
1781798567,phi3:mini,36.0,4885,502.90,19.59,.051699,3.775598
1781798571,phi3:mini,34.0,4886,500.46,20.12,.051951,2.633187
1781798574,phi3:mini,31.0,4890,479.22,17.51,.054254,18.610239
1781798593,phi3:mini,34.0,4894,434.07,16.99,.059897,27.003744
1781798620,phi3:mini,36.0,4889,504.86,18.50,.051498,10.318784
1781798631,phi3:mini,36.0,4885,481.50,16.86,.053997,25.734122
1781798656,phi3:mini,34.0,4894,506.90,17.84,.051291,15.686386
1781798672,phi3:mini,34.0,4885,507.51,15.68,.051229,45.066979
1781798718,phi3:mini,34.0,4882,485.15,18.16,.053591,11.670294
1781798729,phi3:mini,34.0,4883,515.26,16.67,.050459,25.851057
1781798756,phi3:mini,34.0,4890,472.84,17.36,.054986,19.230967
1781798775,phi3:mini,34.0,4889,550.95,17.41,.047190,19.640171
1781798795,phi3:mini,34.0,4884,492.85,17.45,.052753,20.454709
1781798815,phi3:mini,36.0,4888,500.65,16.82,.051931,26.148161
1781798842,phi3:mini,36.0,4889,501.24,17.45,.051870,23.549159
1781798865,phi3:mini,34.0,4884,517.38,18.40,.050252,11.844580
1781798877,phi3:mini,36.0,4881,482.66,17.52,.053868,20.490606
1781798898,phi3:mini,34.0,4887,484.00,17.96,.053718,15.863140
1781798914,phi3:mini,36.0,4888,539.21,18.56,.048218,8.457712
1781798923,phi3:mini,34.0,4878,455.32,17.54,.057101,16.415254
1781798940,phi3:mini,33.0,4883,485.95,16.28,.053503,35.869806
1781798976,phi3:mini,34.0,4891,480.24,18.03,.054138,13.969891
1781798990,phi3:mini,34.0,4893,516.24,19.25,.050363,3.219588
1781798993,phi3:mini,34.0,4891,470.88,18.41,.055214,11.132654
1781799004,phi3:mini,34.0,4887,479.72,17.28,.054198,21.863050
1781799026,phi3:mini,36.0,4883,449.77,17.37,.057807,19.567304
1781799046,phi3:mini,34.0,4879,478.54,17.48,.054331,20.928973
1781799067,phi3:mini,36.0,4886,550.89,18.56,.047195,10.127059
1781799078,phi3:mini,36.0,4884,538.94,18.43,.048242,12.967006
1781799091,phi3:mini,34.0,4885,523.15,17.31,.049698,21.249725
1781799112,phi3:mini,34.0,4888,478.33,18.74,.054354,9.658374
1781799122,phi3:mini,34.0,4881,544.27,16.81,.047769,26.223411
1781799148,phi3:mini,34.0,4880,484.40,16.83,.053674,25.778641
1781799174,phi3:mini,34.0,4885,520.86,16.48,.049916,30.935723
1781799206,phi3:mini,36.0,4886,488.44,17.29,.053230,21.329946
1781799227,phi3:mini,36.0,4883,460.56,18.57,.056451,9.206673
1781799236,phi3:mini,36.0,4884,491.50,18.44,.052898,12.631564
1781799249,phi3:mini,34.0,4883,533.02,19.61,.048778,7.595683
1781799257,phi3:mini,36.0,4875,517.99,18.59,.050193,11.779626
1781799269,phi3:mini,36.0,4878,485.38,17.19,.053566,25.013325
1781799294,phi3:mini,34.0,4874,474.59,17.72,.054783,17.993331
1781799312,phi3:mini,33.0,4881,485.32,18.22,.053572,14.702564
1781799327,phi3:mini,36.0,4885,491.60,17.10,.052887,25.553318
1781799353,phi3:mini,36.0,4883,457.06,18.17,.056884,14.853170
1781799368,phi3:mini,33.0,4882,489.59,16.44,.053105,31.202594
1781799399,phi3:mini,34.0,4887,524.32,16.92,.049587,25.048065
1781799425,phi3:mini,34.0,4882,461.29,16.78,.056363,30.257544
1781799455,phi3:mini,36.0,4876,470.08,19.31,.055308,7.402788
1781799463,phi3:mini,34.0,4875,472.79,16.54,.054991,32.883839
1781799496,phi3:mini,34.0,4884,462.58,19.49,.056205,5.538641
1781799502,phi3:mini,33.0,4883,499.93,19.12,.052006,6.692246
1781799508,phi3:mini,36.0,4881,482.18,17.75,.053921,18.022349
1781799527,phi3:mini,36.0,4871,504.64,17.40,.051521,20.737267
1781799548,phi3:mini,36.0,4874,506.01,16.92,.051381,26.585073
1781799574,phi3:mini,34.0,4878,517.16,17.22,.050274,21.187593
1781799596,phi3:mini,34.0,4880,480.12,16.28,.054152,33.412740
1781799629,phi3:mini,34.0,4879,451.54,18.47,.057580,9.146632
1781799639,phi3:mini,36.0,4871,520.17,17.79,.049982,16.182035
1781799655,phi3:mini,34.0,4872,478.59,18.75,.054325,8.049162
1781799663,phi3:mini,36.0,4870,473.71,17.51,.054884,19.238243
1781799683,phi3:mini,34.0,4871,523.86,18.31,.049631,12.993732
1781799696,phi3:mini,34.0,4870,494.63,17.74,.052563,16.734885
1781799713,phi3:mini,33.0,4872,496.66,18.93,.052349,7.712030
1781799721,phi3:mini,34.0,4875,495.21,17.69,.052501,16.386525
1781799737,phi3:mini,37.0,4878,463.16,17.83,.056135,15.868530
1781799753,phi3:mini,37.0,4879,448.22,17.17,.058006,25.091919
1781799778,phi3:mini,36.0,4876,488.29,19.35,.053246,4.909052
1781799784,phi3:mini,37.0,4879,457.75,17.07,.056799,21.614974
1781799805,phi3:mini,36.0,4884,490.47,16.50,.053009,30.778161
1781799836,phi3:mini,36.0,4885,515.17,18.05,.050468,11.962553
1781799848,phi3:mini,36.0,4880,530.75,16.50,.048986,30.059748
1781799879,phi3:mini,34.0,4887,471.99,20.35,.055085,1.031468
1781799880,phi3:mini,34.0,4882,471.68,17.01,.055121,25.447875
1781799906,phi3:mini,34.0,4877,511.22,17.25,.050858,23.876937
1781799930,phi3:mini,36.0,4881,449.91,18.50,.057788,9.674105
1781799939,phi3:mini,36.0,4876,504.02,17.49,.051584,20.581741
1781799960,phi3:mini,37.0,4876,496.96,19.16,.052317,4.174185
1781799965,phi3:mini,36.0,4874,508.15,17.46,.051165,19.524086
1781799984,phi3:mini,34.0,4878,420.82,13.27,.061782,102.566664
1781800087,phi3:mini,34.0,4889,452.58,18.99,.057448,7.161306
1781800094,phi3:mini,34.0,4888,493.60,17.89,.052673,13.079795
1781800108,phi3:mini,34.0,4892,470.15,18.18,.055301,12.040712
1781800120,phi3:mini,34.0,4890,474.45,17.53,.054800,20.014530
1781800140,phi3:mini,33.0,4893,487.97,16.18,.053281,37.326437
1781800178,phi3:mini,34.0,4902,497.09,16.81,.052304,27.231376
1781800205,phi3:mini,36.0,4899,500.74,15.15,.051922,52.867012
1781800258,phi3:mini,34.0,4893,453.65,15.98,.057312,41.038545
1781800300,phi3:mini,34.0,4883,505.99,18.10,.051383,13.034495
1781800313,phi3:mini,36.0,4886,522.83,18.36,.049729,11.925898
1781800325,phi3:mini,34.0,4889,443.90,20.81,.058571,1.104851
1781800326,phi3:mini,37.0,4887,485.94,17.30,.053503,20.570538
1781800347,phi3:mini,31.0,4884,534.37,17.71,.048655,17.160217
1781800364,phi3:mini,36.0,4891,455.12,17.33,.057127,21.057230
1781800385,phi3:mini,36.0,4892,443.44,17.25,.058632,20.288873
1781800406,phi3:mini,34.0,4882,491.31,18.04,.052919,14.301480
1781800420,phi3:mini,36.0,4883,445.82,16.90,.058319,26.443298
1781800447,phi3:mini,34.0,4884,462.23,17.91,.056247,14.901593
1781800462,phi3:mini,33.0,4880,454.91,18.32,.057153,10.643167
1781800473,phi3:mini,34.0,4883,432.66,17.21,.060092,22.423180
1781800496,phi3:mini,36.0,4884,475.52,17.37,.054676,22.099681
1781800518,phi3:mini,37.0,4885,555.01,17.94,.046845,14.994191
1781800533,phi3:mini,36.0,4875,501.21,17.78,.051873,15.911146
1781800549,phi3:mini,34.0,4875,483.17,17.89,.053811,18.164917
1781800567,phi3:mini,36.0,4881,472.64,20.80,.055009,.865001
1781800569,phi3:mini,36.0,4881,501.44,17.64,.051849,19.668335
1781800588,phi3:mini,34.0,4887,472.08,18.16,.055074,12.438655
1781800601,phi3:mini,36.0,4879,487.66,17.57,.053315,18.265325
1781800619,phi3:mini,34.0,4883,504.44,18.17,.051541,12.983346
1781800633,phi3:mini,36.0,4883,472.65,18.94,.055008,6.651223
1781800639,phi3:mini,34.0,4878,496.82,18.03,.052331,13.695635
1781800653,phi3:mini,34.0,4879,482.86,18.98,.053845,6.427034
1781800660,phi3:mini,34.0,4880,482.66,16.96,.053867,24.232288
1781800684,phi3:mini,34.0,4876,502.97,17.78,.051692,13.606169
1781800698,phi3:mini,34.0,4877,478.14,17.33,.054377,18.750605
1781800717,phi3:mini,36.0,4871,477.54,18.05,.054444,14.785941
1781800732,phi3:mini,34.0,4879,490.34,18.39,.053024,10.384995
1781800743,phi3:mini,36.0,4886,496.13,19.39,.052404,4.536658
1781800747,phi3:mini,37.0,4885,480.55,18.76,.054104,9.008150
1781800756,phi3:mini,34.0,4886,453.58,16.56,.057320,29.765973
1781800786,phi3:mini,34.0,4879,476.49,18.81,.054564,9.351784
1781800796,phi3:mini,34.0,4871,522.40,17.04,.049770,21.355639
1781800817,phi3:mini,36.0,4877,505.80,17.49,.051403,20.121000
1781800838,phi3:mini,34.0,4871,523.74,17.27,.049642,20.718595
1781800859,phi3:mini,36.0,4874,445.08,18.48,.058415,11.795914
1781800871,phi3:mini,31.0,4878,520.77,19.53,.049925,4.094413
1781800875,phi3:mini,36.0,4880,497.09,17.29,.052304,21.336505
1781800896,phi3:mini,34.0,4877,471.65,18.72,.055124,8.705468
1781800905,phi3:mini,34.0,4873,451.23,17.35,.057619,21.085308
1781800927,phi3:mini,34.0,4878,481.44,16.68,.054004,27.034866
1781800954,phi3:mini,34.0,4876,470.80,16.81,.055224,26.645711
1781800981,phi3:mini,36.0,4881,482.73,16.60,.053860,29.867274
1781801011,phi3:mini,36.0,4880,508.16,17.88,.051164,13.870173
1781801025,phi3:mini,33.0,4883,433.86,17.12,.059926,23.358812
1781801048,phi3:mini,36.0,4881,497.87,18.05,.052221,13.684013
1781801062,phi3:mini,37.0,4878,552.64,17.69,.047046,16.107548
1781801078,phi3:mini,36.0,4877,435.43,16.93,.059711,25.156326
1781801104,phi3:mini,36.0,4884,459.70,17.52,.056558,20.142463
1781801124,phi3:mini,34.0,4889,491.70,17.25,.052877,21.378992
1781801146,phi3:mini,34.0,4882,475.03,18.51,.054733,10.478678
1781801156,phi3:mini,34.0,4887,488.92,20.15,.053178,1.885652
1781801158,phi3:mini,36.0,4888,443.50,18.06,.058624,15.002683
1781801174,phi3:mini,36.0,4887,515.79,18.31,.050407,10.809195
1781801185,phi3:mini,34.0,4885,536.74,18.08,.048439,12.720142
1781801197,phi3:mini,34.0,4886,490.88,17.38,.052965,20.425350
1781801218,phi3:mini,34.0,4881,474.10,17.89,.054840,15.590418
1781801234,phi3:mini,34.0,4880,469.11,18.52,.055422,12.577537
1781801247,phi3:mini,34.0,4879,478.28,17.64,.054361,18.306971
1781801265,phi3:mini,36.0,4881,448.26,18.66,.058001,8.681230
1781801274,phi3:mini,36.0,4887,446.79,17.34,.058192,21.100719
1781801295,phi3:mini,34.0,4890,461.22,18.78,.056371,8.674998
1781801304,phi3:mini,34.0,4886,448.61,17.16,.057956,21.960097
1781801326,phi3:mini,36.0,4891,498.77,14.52,.052128,69.039349
1781801396,phi3:mini,34.0,4895,464.48,18.17,.055975,16.339977
1781801412,phi3:mini,34.0,4887,443.77,19.87,.058588,4.780876
1781801417,phi3:mini,36.0,4883,577.76,18.67,.045000,11.192492
1781801428,phi3:mini,36.0,4881,449.01,16.38,.057904,33.998756
1781801463,phi3:mini,34.0,4893,524.42,18.63,.049577,7.996166
1781801471,phi3:mini,33.0,4882,501.75,18.34,.051818,10.357557
1781801481,phi3:mini,34.0,4882,486.89,19.56,.053399,5.162408
1781801487,phi3:mini,34.0,4882,473.74,17.07,.054881,25.536636
1781801512,phi3:mini,34.0,4884,509.98,18.45,.050982,12.845078
1781801525,phi3:mini,34.0,4884,500.39,18.68,.051959,9.046319
1781801535,phi3:mini,34.0,4886,485.58,20.17,.053543,2.280464
1781801537,phi3:mini,34.0,4890,502.29,18.01,.051762,14.769412
1781801552,phi3:mini,34.0,4880,480.20,13.02,.054144,114.295134
1781801667,phi3:mini,33.0,4888,535.11,17.88,.048587,13.418107
1781801680,phi3:mini,34.0,4891,479.24,17.12,.054252,20.958711
1781801701,phi3:mini,34.0,4887,469.79,16.50,.055343,29.452260
1781801731,phi3:mini,34.0,4893,417.61,16.03,.062258,34.869830
1781801766,phi3:mini,34.0,4883,524.18,17.50,.049600,17.421249
1781801784,phi3:mini,34.0,4888,490.29,16.75,.053029,27.867858
1781801812,phi3:mini,34.0,4890,493.36,17.95,.052699,13.310325
1781801825,phi3:mini,36.0,4885,485.46,19.41,.053556,4.275698
1781801830,phi3:mini,36.0,4884,481.16,16.74,.054035,32.849980
1781801863,phi3:mini,34.0,4874,511.75,18.18,.050805,17.593144
1781801880,phi3:mini,34.0,4876,547.36,17.76,.047500,20.543005
1781801901,phi3:mini,34.0,4882,523.36,18.75,.049678,10.396233
1781801912,phi3:mini,34.0,4881,460.24,18.41,.056491,10.478394
1781801922,phi3:mini,34.0,4889,481.68,16.79,.053976,29.236341
1781801952,phi3:mini,34.0,4882,546.83,18.69,.047546,7.434483
1781801960,phi3:mini,34.0,4880,465.67,17.95,.055832,12.198720
1781801972,phi3:mini,34.0,4883,497.55,20.04,.052255,3.541247
1781801976,phi3:mini,34.0,4880,499.37,18.52,.052065,13.387722
1781801989,phi3:mini,34.0,4877,480.67,17.45,.054091,20.791985
1781802010,phi3:mini,34.0,4879,520.62,19.33,.049940,5.948891
1781802016,phi3:mini,34.0,4912,522.14,18.34,.049794,13.085324
1781802030,phi3:mini,34.0,4899,485.52,18.13,.053550,14.336303
1781802044,phi3:mini,36.0,4906,441.21,18.71,.058927,9.135109
1781802053,phi3:mini,36.0,4904,473.38,17.05,.054924,25.036438
1781802079,phi3:mini,34.0,4901,458.97,17.81,.056647,17.120902
1781802096,phi3:mini,34.0,4896,510.01,16.90,.050978,25.430238
1781802122,phi3:mini,34.0,4894,553.69,19.26,.046957,4.153545
1781802126,phi3:mini,34.0,4892,505.03,18.73,.051481,12.060078
1781802138,phi3:mini,34.0,4875,471.23,20.02,.055174,2.247750
1781802141,phi3:mini,36.0,4878,526.40,18.30,.049391,13.713827
1781802154,phi3:mini,34.0,4882,531.08,19.53,.048956,3.071537
1781802158,phi3:mini,34.0,4884,555.26,18.25,.046824,11.998119
1781802170,phi3:mini,36.0,4882,493.29,19.34,.052706,4.186889
1781802174,phi3:mini,36.0,4879,480.18,19.54,.054145,5.474234
1781802180,phi3:mini,36.0,4877,474.39,17.45,.054806,19.650264
1781802200,phi3:mini,36.0,4882,518.85,18.20,.050110,14.994864
1781802215,phi3:mini,33.0,4875,462.22,18.53,.056249,9.442093
1781802224,phi3:mini,34.0,4882,447.08,18.00,.058154,12.104745
1781802237,phi3:mini,34.0,4883,472.79,16.98,.054992,25.500133
1781802262,phi3:mini,34.0,4882,475.19,17.33,.054714,18.459828
1781802281,phi3:mini,34.0,4882,521.12,16.90,.049892,25.670393
1781802307,phi3:mini,36.0,4891,552.89,18.89,.047024,12.381427
1781802319,phi3:mini,36.0,4890,493.60,18.04,.052673,17.785541
1781802337,phi3:mini,36.0,4886,488.05,18.31,.053272,12.668930
1781802350,phi3:mini,36.0,4890,530.42,17.78,.049016,20.070309
1781802371,phi3:mini,34.0,4889,456.65,17.89,.056935,17.939746
1781802389,phi3:mini,36.0,4889,533.56,16.56,.048728,30.356183
1781802419,phi3:mini,34.0,4886,467.51,16.43,.055613,30.844172
1781802450,phi3:mini,34.0,4891,491.26,17.45,.052924,19.474248
1781802470,phi3:mini,34.0,4891,473.56,17.13,.054902,21.244833
1781802491,phi3:mini,34.0,4888,537.16,16.17,.048402,36.655070
1781802528,phi3:mini,33.0,4887,457.69,17.30,.056806,21.322587
1781802550,phi3:mini,34.0,4887,504.78,19.61,.051506,4.487060
1781802554,phi3:mini,33.0,4884,469.58,17.78,.055367,16.589255
1781802571,phi3:mini,36.0,4890,492.58,17.09,.052782,21.468712
1781802593,phi3:mini,34.0,4888,514.37,17.40,.050546,18.842079
1781802612,phi3:mini,34.0,4890,499.91,19.73,.052008,4.053177
1781802616,phi3:mini,37.0,4893,505.38,18.33,.051446,10.362721
1781802627,phi3:mini,34.0,4891,446.17,17.85,.058272,15.342531
1781802642,phi3:mini,36.0,4890,491.43,17.49,.052905,19.439016
1781802662,phi3:mini,36.0,4891,480.61,18.01,.054097,12.819727
1781802675,phi3:mini,36.0,4893,447.90,17.56,.058047,18.676585
1781802694,phi3:mini,33.0,4890,467.35,19.50,.055632,3.485712
1781802697,phi3:mini,37.0,4887,509.97,18.04,.050982,13.188699
1781802711,phi3:mini,34.0,4890,521.85,17.53,.049822,18.647108
1781802729,phi3:mini,36.0,4890,502.75,16.52,.051714,30.793228
1781802760,phi3:mini,34.0,4896,479.49,17.80,.054223,15.842345
1781802777,phi3:mini,36.0,4885,491.63,17.73,.052884,17.653123
1781802794,phi3:mini,34.0,4892,463.88,18.01,.056048,11.380146
1781802806,phi3:mini,33.0,4889,517.10,17.22,.050280,19.452211
1781802826,phi3:mini,31.0,4897,479.87,17.18,.054180,22.343903
1781802848,phi3:mini,34.0,4893,470.03,18.27,.055314,13.792266
1781802862,phi3:mini,37.0,4897,511.70,14.86,.050810,57.029195
1781802919,phi3:mini,34.0,4892,472.75,18.13,.054996,15.609399
1781802935,phi3:mini,36.0,4892,497.35,17.29,.052276,21.105413
1781802956,phi3:mini,34.0,4888,504.50,18.09,.051535,12.874806
1781802969,phi3:mini,36.0,4893,470.44,15.02,.055266,53.828518
1781803024,phi3:mini,34.0,4900,487.14,17.12,.053372,22.891155
1781803047,phi3:mini,36.0,4895,452.65,16.54,.057439,30.211529
1781803077,phi3:mini,37.0,4896,518.49,16.36,.050145,34.285660
