Time,Total_Dur,Load_Dur,Prompt_Eval_Count,Eval_Count,TPS
21:23:43,18401698147,1311874196,26,408,24.51
21:24:05,21818722004,18355426,26,520,23.95
21:24:19,13803321629,17971414,26,342,24.94
21:24:37,18326827045,16364240,26,444,24.35
21:25:00,23028354917,19172851,26,546,23.83
21:25:21,20661239289,12902144,26,497,24.16
21:25:41,20101385278,13528972,26,485,24.23
21:26:12,30907225474,17893533,26,707,22.96
21:26:34,22049606949,16168978,26,524,23.88
21:29:52,197841334112,17549298,26,2998,15.17
21:30:07,15485968839,24647782,26,373,24.25
21:30:25,18101612497,11832356,26,435,24.15
21:30:47,21927978142,19691289,26,518,23.73
21:31:11,23187347524,15324158,26,540,23.39
22:00:39,1768617517356,19568504,26,18981,10.74
22:01:32,52511917008,19552883,26,1101,21.14
22:03:39,126939229013,18693569,26,2184,17.23
22:12:21,522254435861,23964431,26,6208,11.89
22:12:43,21501116882,24405787,26,504,23.89
22:12:43,682701821,17828301,26,17,27.86
22:12:53,10121060362,13929936,26,252,25.09
22:12:54,680814645,21420804,26,17,27.86
22:14:11,76758190989,13546495,26,1496,19.53
22:14:12,651843075,14299572,26,17,28.81
22:14:13,964415729,16143268,26,25,27.77
22:14:34,21508639523,13354655,26,507,23.68
22:14:45,10450697599,13174586,26,261,25.16
22:15:44,59042262280,18362962,26,1209,20.53
22:16:07,23534318451,15862218,26,555,23.68
22:16:17,9352630522,25954906,26,231,24.94
22:16:35,18455957596,11571471,26,444,24.18
22:16:36,563270151,12968190,26,14,28.00
22:16:47,11618635247,12763459,26,288,24.95
22:17:16,29216263392,14489538,26,671,23.05
22:17:29,12650364814,19226014,26,312,24.84
22:17:54,24633150686,17147265,26,574,23.40
22:17:57,3555358040,12048433,26,90,25.78
22:18:41,43412200213,13824438,26,943,21.78
22:18:42,839517028,17762720,26,21,27.27
22:18:56,14367940221,17496728,26,351,24.57
22:18:57,682942076,11987432,26,17,27.41
22:18:57,679279339,22397035,26,17,27.86
22:19:17,19253883998,22510477,26,458,23.91
22:19:50,32894177665,13173843,26,744,22.69
22:20:05,15030807102,17791326,26,366,24.51
22:20:05,680977872,14776790,26,17,27.41
22:20:22,16509343564,11926746,26,401,24.42
22:20:23,721182151,25122513,26,18,28.12
22:21:23,60059055343,18085951,26,1231,20.55
22:21:32,9054776387,13210626,26,227,25.30
22:21:53,21235169676,30758274,26,503,23.82
22:21:54,670307673,12164738,26,17,27.86
22:22:03,9109852606,12467257,26,225,24.88
22:22:32,29494450562,14897057,26,672,22.87
22:22:33,679576484,12688131,26,17,27.41
22:22:58,25204220254,12394849,26,587,23.38
22:23:12,13162739463,12058540,26,322,24.61
22:23:33,21627626564,12557864,26,510,23.68
22:25:19,105303671539,18982952,26,1903,18.10
22:25:20,1087335877,18032784,26,27,26.47
22:25:20,521398879,12697015,26,13,28.26
22:25:21,700504039,20417356,26,17,26.98
22:25:54,32915969187,20882702,26,739,22.53
22:25:55,679689274,24463789,26,17,28.33
22:26:10,15447173549,12341842,26,372,24.21
22:26:21,10794404193,14765205,26,264,24.64
22:26:22,1309521893,27505886,26,33,26.82
22:26:45,22811209750,27008960,26,534,23.53
22:27:00,15053822770,26721695,26,364,24.34
22:27:11,10571394511,21614569,26,260,24.80
22:27:27,15879047511,14797380,26,382,24.19
22:45:39,1092278216217,20101991,26,11983,10.98
22:45:58,18589095632,35824275,26,432,23.77
22:46:16,18072058739,16519512,26,428,23.81
22:46:33,17825702022,24959667,26,425,23.99
22:46:55,21627633147,12599280,26,502,23.31
22:47:04,8396567458,16960506,26,208,25.00
22:47:22,18092803885,13524977,26,431,23.95
22:47:32,10532225908,12435953,26,256,24.47
22:47:48,15349657772,17188507,26,365,23.91
22:48:00,12512883209,19909119,26,303,24.39
22:48:17,16446668250,29078796,26,390,23.86
22:48:33,16836258820,12233181,26,400,23.88
22:48:44,10532027245,13468454,26,258,24.68
22:49:04,20406782710,18652042,26,476,23.43
22:49:24,19656980309,23446357,26,457,23.37
22:49:35,10636099702,13634785,26,258,24.43
22:49:50,14844342199,14869565,26,354,24.00
22:50:05,15493775632,19087347,26,369,23.96
22:50:19,13652189411,19349727,26,326,24.04
22:50:34,15498247907,18883465,26,372,24.15
22:50:44,9184628430,18567978,26,224,24.61
22:50:57,13387119010,30722692,26,324,24.39
22:51:32,34745285126,12312861,26,765,22.09
22:51:39,6824099448,14124824,26,170,25.18
22:51:54,15019149563,13022569,26,357,23.89
22:52:03,9550433464,18937352,26,231,24.39
22:52:16,12437957522,13030477,26,300,24.27
22:52:30,14152278140,14180140,26,341,24.23
22:52:51,21370301901,18001443,26,499,23.47
22:53:01,9971931188,16674753,26,247,24.97
22:53:12,10398921874,14208225,26,251,24.32
22:53:14,2674889772,20548866,26,68,26.15
22:53:35,20987511265,29820169,26,490,23.47
22:53:37,1940087429,21390740,26,48,25.80
22:53:47,9832235365,19647718,26,239,24.51
22:54:00,13183630072,31985636,26,318,24.33
22:54:09,8835043228,17985832,26,217,24.80
22:54:28,19100041599,19681820,26,451,23.74
22:54:40,12040027334,13255382,26,290,24.24
22:54:53,12317551626,14418213,26,301,24.61
22:55:12,19485942168,12401491,26,456,23.50
22:55:26,13548808834,13504874,26,324,24.07
22:55:40,13877653461,14896988,26,332,24.07
22:55:49,9481594985,12992360,26,233,24.76
22:56:07,17471529064,24797023,26,414,23.84
22:56:25,18478784234,13947885,26,434,23.61
22:56:48,22408549732,14391848,26,518,23.21
22:56:51,3694586283,22619828,26,94,26.03
22:57:06,14218204110,12898036,26,341,24.13
22:57:06,720127393,20219997,26,18,27.69
22:57:11,4286512202,11228721,26,108,25.59
23:00:05,174084392198,13578863,26,2702,15.54
23:00:07,2258146791,20718713,26,57,26.14
23:00:19,11789296545,14573896,26,285,24.33
23:00:40,21593559803,12717793,26,502,23.34
23:00:45,4826062823,13517453,26,121,25.47
23:00:57,11795594923,16920197,26,289,24.67
23:01:11,14067893411,13377478,26,340,24.32
23:01:18,6535144961,20601801,26,163,25.27
23:01:20,2418193672,17282633,26,61,26.06
23:01:39,18380160195,16758145,26,436,23.85
23:01:53,14293989342,17685781,26,342,24.08
23:01:55,2498618532,13391925,26,64,26.33
23:02:03,7671292655,11957691,26,191,25.13
23:02:17,14230080029,15197448,26,343,24.25
23:02:36,18639236042,11740988,26,436,23.50
23:02:46,10246317629,13544534,26,251,24.68
23:02:50,3155292334,13914410,26,79,25.56
23:02:58,8332095707,22013529,26,204,24.75
23:03:12,13614853184,16786466,26,325,24.03
23:03:15,3334490178,12463357,26,84,25.68
23:03:16,1028265703,12377295,26,26,26.80
23:03:31,14701238312,17764993,26,352,24.09
23:03:31,718282085,12998509,26,18,27.69
23:03:33,1549482257,21022899,26,39,26.53
23:03:34,1022157766,16471582,26,26,27.08
23:03:52,18181111222,12558957,26,427,23.60
23:04:09,17108315996,14124530,26,411,24.14
23:04:19,9855511347,21208374,26,242,24.79
23:04:33,13478818138,20377905,26,326,24.36
23:04:35,1864459500,26901519,26,47,26.40
23:04:44,9587977135,14065898,26,234,24.60
23:04:59,14558976520,14380869,26,351,24.25
23:05:25,25708084969,18580202,26,584,22.81
23:06:45,80854791432,17214737,26,1529,18.95
23:06:49,4027985950,22866012,26,101,25.56
23:07:00,11023621963,12366176,26,266,24.31
23:07:09,8617541561,16907469,26,213,24.97
23:07:15,5451238849,13768914,26,137,25.46
23:07:35,20356557266,26631368,26,476,23.51
23:07:53,18323503581,15692463,26,433,23.75
23:08:02,8806982612,13053391,26,217,24.85
23:08:09,7202714438,20430144,26,180,25.28
23:08:20,10735040043,16846241,26,260,24.41
23:08:35,14677399277,22391264,26,353,24.21
23:08:39,3866106315,13795980,26,98,25.78
23:08:55,16361179576,14335204,26,391,24.03
23:09:11,15543453220,15866615,26,373,24.14
23:09:36,25376353307,18538244,26,579,22.92
23:09:56,19645023734,15865042,26,457,23.37
23:09:59,3158828850,11993821,26,80,25.88
23:10:18,19180160495,22603332,26,450,23.58
23:10:28,9596529822,15116829,26,235,24.68
23:10:49,21337425810,13625217,26,497,23.39
23:11:07,18194860831,15307182,26,430,23.75
23:11:15,7706777290,26346877,26,191,25.09
23:11:23,7928174355,12067576,26,196,24.93
23:11:34,11392310953,19600624,26,276,24.42
23:11:53,18794192827,15199256,26,445,23.79
23:12:07,13544215181,12498952,26,324,24.07
23:12:15,8574506585,26617865,26,210,24.76
23:12:30,14472523999,12449553,26,344,23.92
23:12:45,14791953294,16229061,26,354,24.08
23:12:55,10142137024,13506681,26,249,24.75
23:13:04,9388020277,12698403,26,230,24.70
23:13:31,26627734402,22297147,26,609,22.97
23:13:54,23354749418,15806551,26,538,23.13
23:14:06,11719532345,23990124,26,284,24.44
23:14:19,12773696204,24836121,26,309,24.36
23:14:32,13458139479,13670020,26,325,24.30
23:14:47,14319914907,13963007,26,344,24.17
23:14:49,1984229477,14410042,26,50,26.04
23:15:00,11699444181,21792183,26,281,24.20
23:15:02,1932147986,14304279,26,48,25.66
23:15:32,29867114536,15899538,26,674,22.65
23:15:46,13357076601,22667438,26,320,24.13
23:16:33,47509635415,13247275,26,1002,21.14
23:16:46,12444400851,12965115,26,306,24.75
23:17:06,20311337033,28530793,26,480,23.76
23:18:18,71910161179,19189838,26,1403,19.55
23:18:38,20288155888,18001118,26,482,23.87
23:18:47,9224854953,14416632,26,231,25.27
23:18:57,9505789423,18269887,26,234,24.84
23:19:00,3102723568,14352551,26,79,26.07
23:19:19,18493991739,12052380,26,435,23.62
23:19:27,8704680220,17315546,26,214,24.82
23:19:37,9920948269,13493627,26,243,24.69
23:19:41,3428661036,11938868,26,86,25.59
23:19:52,10790567321,17186217,26,265,24.74
23:19:56,3993875928,13100585,26,100,25.44
23:20:07,11900491740,17045580,26,290,24.53
23:20:23,15466670818,15329956,26,371,24.13
23:20:38,15176125030,12118114,26,364,24.12
23:20:39,460479699,17240651,26,11,28.20
23:20:53,14521564650,17456331,26,350,24.25
23:20:55,2057600912,18701303,26,52,26.26
23:21:09,14051308279,15855553,26,339,24.26
23:21:27,17890849665,27865931,26,422,23.73
23:21:42,14411754590,12748147,26,345,24.07
23:21:52,9954485110,13366996,26,242,24.49
23:22:13,21211851852,14253285,26,494,23.40
23:22:15,2087564216,14647329,26,52,25.74
23:22:25,10215359891,13922997,26,248,24.45
23:22:44,18914083522,13863738,26,444,23.59
23:23:08,24039137493,14134770,26,553,23.09
23:23:27,18567833119,12269598,26,441,23.87
23:23:50,22867057091,12594282,26,531,23.32
23:23:59,9554915275,13008196,26,232,24.47
23:24:33,33940311051,12146601,26,756,22.34
23:24:38,4601125130,20741797,26,115,25.44
23:24:46,7781372126,14520451,26,191,24.77
23:25:15,29188369747,13980900,26,661,22.73
23:25:21,5644553702,12456543,26,141,25.31
23:25:34,13379248799,13455374,26,324,24.36
23:25:40,6463099729,21243230,26,162,25.39
23:25:45,4394571030,11418103,26,111,25.63
23:25:48,3127299542,14943052,26,80,26.14
23:26:00,11504412563,19328602,26,280,24.51
23:26:26,26512643221,23776429,26,609,23.07
23:26:32,6018362885,31311178,26,149,25.12
23:26:35,2626631600,20730802,26,67,26.27
23:26:47,12334745952,15265284,26,302,24.65
23:27:09,21556780211,13350065,26,503,23.43
23:27:13,3970776184,12584046,26,101,25.89
23:27:30,17640514291,11598294,26,423,24.10
23:27:51,21057026591,14498677,26,493,23.53
23:28:04,12319969089,13048927,26,301,24.59
23:28:16,12627837238,20059552,26,308,24.58
23:28:35,18129690256,32055374,26,427,23.69
23:28:41,6532374521,20292686,26,162,25.11
23:29:01,19642573522,33016018,26,464,23.77
23:29:11,10327744877,13209209,26,253,24.68
23:29:21,9987448066,12926703,26,248,25.02
23:29:33,11473169340,15114943,26,280,24.58
23:30:00,27662170924,13267629,26,633,22.97
23:30:12,11869218133,12496368,26,288,24.42
23:31:15,62518798891,24409260,26,1253,20.09
23:31:24,9591572056,20622015,26,239,25.15
23:31:33,8483555899,14278025,26,213,25.32
23:31:43,10068784376,16208335,26,248,24.84
23:31:51,7846279793,12896371,26,196,25.22
23:31:54,3146814694,15934576,26,80,25.97
23:32:02,8344393366,11993021,26,209,25.27
23:32:21,18168201259,30727328,26,433,23.98
23:32:29,8710523642,18397528,26,219,25.40
23:32:38,8998793562,24212251,26,224,25.14
23:32:59,20361624242,12939505,26,478,23.59
23:33:02,3186445241,12528959,26,81,25.96
23:33:17,15235559240,19351352,26,364,24.02
23:33:32,14300981021,13602579,26,342,24.06
23:33:45,13431899894,19098795,26,324,24.28
23:34:01,15863736873,13782015,26,378,23.96
23:34:02,1446999222,13126175,26,37,26.61
23:34:16,13955624663,17056649,26,337,24.29
23:34:29,12818045864,12382084,26,308,24.17
23:34:43,13982043799,12324689,26,333,23.97
23:34:53,10202465570,16779748,26,248,24.53
23:35:12,18519770574,18026004,26,435,23.61
23:35:45,33233462990,13207329,26,736,22.22
23:35:55,9841756725,20804625,26,238,24.41
23:36:16,20852896296,20020759,26,483,23.27
23:36:30,14021710551,28096580,26,336,24.13
23:36:53,23230136086,26772007,26,534,23.09
23:37:12,19056635875,11693394,26,450,23.72
23:37:24,12041557476,14952297,26,290,24.26
23:37:33,9025654226,11284207,26,224,25.02
23:39:12,98404636113,19159921,26,1778,18.10
23:39:25,13503699503,11461945,26,325,24.21
23:39:28,2373796126,18941891,26,59,25.65
23:39:41,12978495941,25442487,26,313,24.30
23:39:54,13358560907,18771272,26,321,24.18
23:40:13,18580516224,20466840,26,436,23.60
23:40:14,917333714,12762029,26,23,26.74
23:40:26,12369152633,29200670,26,297,24.20
23:40:46,19607022410,13190898,26,457,23.42
23:41:01,15731679817,13316538,26,375,23.97
23:41:17,15317333864,14061093,26,365,23.96
23:41:30,13049535230,15912013,26,313,24.15
23:41:57,26820264016,16884486,26,613,22.95
23:42:23,26129658228,22894594,26,591,22.72
23:42:33,9809501593,28119502,26,238,24.51
23:42:48,14961230503,11880023,26,358,24.05
23:43:23,35088528172,19900732,26,770,22.02
23:43:43,20419310258,14371397,26,476,23.42
23:43:54,10988191505,25553106,26,269,24.70
23:44:08,13564513044,18887105,26,324,24.05
23:44:21,13546193907,15148083,26,326,24.21
23:44:38,16717479467,17689404,26,396,23.82
23:44:51,12940250191,14066313,26,312,24.28
23:45:02,11403004275,14026567,26,278,24.55
23:45:12,9232413148,13140854,26,228,24.89
23:45:18,5996846986,13189682,26,149,25.12
23:45:26,8225763728,11711539,26,204,25.03
23:45:43,16669656351,15271231,26,400,24.14
23:46:02,18789540810,23773039,26,443,23.71
23:46:16,14945215056,25522199,26,356,23.98
23:46:33,16187937437,17588304,26,385,23.92
23:46:43,10167837054,14348037,26,248,24.57
23:47:02,18803824499,17006382,26,442,23.62
23:47:15,13609999171,25852292,26,324,23.98
23:47:33,17308370930,13209955,26,410,23.80
23:47:52,19253657517,24070630,26,452,23.61
23:48:07,15166354309,17221319,26,363,24.07
23:48:12,4472274937,22573494,26,112,25.51
23:48:18,5914305472,15573648,26,148,25.34
23:48:47,28971745079,11955223,26,655,22.69
23:48:56,9747299019,12511133,26,239,24.71
23:49:19,23095137967,12203462,26,533,23.17
23:49:35,15436840378,13490810,26,366,23.84
23:49:45,9709986890,16283372,26,238,24.71
23:50:10,24858753218,14974994,26,569,22.98
23:50:18,8715085166,22593758,26,217,25.17
23:50:53,34716859950,11612374,26,766,22.13
23:51:03,10292886554,15095687,26,251,24.58
23:51:15,11193495178,13005736,26,271,24.39
23:51:30,15103047071,14174833,26,359,23.91
23:51:55,25436644571,12900933,26,582,22.97
23:51:59,4214018606,13186056,26,107,25.78
23:52:09,9887775334,17656792,26,240,24.48
23:52:15,6016355228,14242289,26,150,25.25
23:52:26,10695639280,12795108,26,261,24.57
23:52:37,11287708249,13574502,26,274,24.46
23:52:52,14167621895,23760198,26,341,24.23
23:53:08,16426224634,15180643,26,393,24.06
23:53:21,13399942732,13903583,26,323,24.24
23:53:32,10438722912,28667908,26,251,24.27
23:53:36,4530310866,13323279,26,113,25.33
23:53:49,12964574830,23191262,26,314,24.39
23:54:06,16428908869,11418616,26,390,23.86
23:54:38,32547813791,13869007,26,727,22.41
23:54:46,7153722148,13176118,26,177,25.00
23:55:07,21661564020,11136719,26,502,23.27
23:55:11,3932618371,12511625,26,99,25.58
23:55:25,13652035010,12837463,26,326,24.02
23:55:38,13511042438,12637962,26,323,24.06
23:55:54,16036114761,11756954,26,384,24.07
23:56:10,15376765260,13226280,26,367,24.00
23:56:28,18350692475,14807182,26,434,23.76
23:56:56,27588898737,11793230,26,624,22.69
23:57:09,12773569244,27534706,26,310,24.46
23:57:20,11492517714,18617589,26,280,24.53
23:57:38,17973398246,14121791,26,429,23.99
23:58:05,26897420846,15364069,26,609,22.73
23:58:15,10203521144,14691867,26,251,24.80
23:58:18,3160783919,18078975,26,81,26.21
23:58:40,21974505118,15529907,26,511,23.35
23:58:54,13471288835,15810214,26,325,24.27
23:59:08,14267201241,11809782,26,340,23.97
23:59:22,13699294116,14144253,26,330,24.24
23:59:35,13174489591,17148428,26,323,24.67
23:59:46,10362124286,15981775,26,256,24.90
23:59:56,9951227907,19952927,26,246,24.94
00:00:14,18777458409,12367945,26,443,23.70
00:00:26,11533218890,11746100,26,281,24.54
00:00:46,20445227583,17144719,26,481,23.64
00:01:05,18424625108,20118494,26,437,23.85
00:01:06,842408506,29016259,26,21,27.63
00:01:28,22712938415,12258577,26,526,23.26
00:01:50,21284823670,22773999,26,502,23.71
00:01:58,8633714426,12727285,26,213,24.88
00:02:07,8597692742,17594129,26,213,25.02
00:02:14,7365898861,12844657,26,182,24.96
00:02:26,11751224687,18353079,26,285,24.44
00:02:40,13343374725,16215270,26,324,24.45
00:02:41,1789573199,19674363,26,45,26.16
00:02:53,11753338018,13812326,26,288,24.67
00:03:11,17875713781,17295640,26,426,23.95
00:03:29,17971598577,20844087,26,426,23.83
00:03:38,9036697713,13483627,26,225,25.11
00:03:57,19175818691,12138277,26,452,23.68
00:04:09,11488494048,13515139,26,281,24.64
00:04:30,21460395055,12537575,26,503,23.54
00:04:55,24591902021,13990992,26,569,23.24
00:05:17,22457676646,16227327,26,525,23.48
00:05:32,14241237859,18919034,26,343,24.24
00:05:46,14278336966,21527403,26,344,24.25
00:05:59,13555396390,12818421,26,330,24.49
00:06:09,9627454289,14289821,26,241,25.23
00:06:14,4871923518,19413932,26,121,25.26
00:06:16,2328895392,19229472,26,59,26.22
00:06:21,4791925300,15010268,26,121,25.63
00:06:24,3130683855,16679623,26,79,25.81
00:06:35,10273317819,12599509,26,253,24.82
00:06:43,7857825311,12377828,26,195,25.06
00:07:00,17907376829,32603673,26,427,24.00
00:07:14,13791896506,21021806,26,332,24.25
00:07:28,13334554307,11753200,26,324,24.45
00:07:41,13656279567,12135366,26,330,24.30
00:07:55,13237255657,14135923,26,323,24.56
00:07:58,3408941897,16548159,26,86,25.82
00:08:13,15259117766,12008843,26,369,24.32
00:08:30,17089677006,16520730,26,405,23.83
00:08:41,10171637205,26519689,26,249,24.70
00:08:50,9873833563,23357617,26,245,25.05
00:09:03,12115983915,15200609,26,295,24.52
00:09:13,10054397811,12251704,26,247,24.74
00:09:17,3972675156,15865991,26,101,25.89
00:09:20,3411658268,23863649,26,86,25.82
00:09:38,17426435883,19397242,26,418,24.13
00:09:53,15685323172,17171259,26,378,24.24
00:10:01,8126084890,12309320,26,204,25.34
00:10:14,12590862137,12361964,26,308,24.62
00:10:27,13371182581,11589121,26,324,24.37
00:10:41,13205991965,13797541,26,320,24.39
00:10:55,14367218321,11890861,26,346,24.22
00:11:05,9926945212,15378431,26,245,24.89
00:11:10,4589558882,22887525,26,115,25.49
00:11:23,13426717846,13136327,26,326,24.43
00:11:42,19011048740,13197306,26,453,23.94
00:11:57,14447507776,14693904,26,352,24.52
00:12:18,21426704595,11950080,26,497,23.30
00:12:37,18784774225,23634557,26,441,23.60
00:12:52,14800617350,12680710,26,353,23.99
00:13:10,18812887786,15364093,26,441,23.55
00:13:20,9993327358,12352447,26,243,24.49
00:13:23,2081203161,21131875,26,52,25.87
00:13:32,9443199225,17681778,26,231,24.67
00:13:46,14045192872,11915117,26,338,24.21
00:13:49,2656622396,20701463,26,67,25.96
00:14:05,16122089878,14690377,26,387,24.14
00:14:15,9752897943,16665669,26,240,24.81
00:14:24,9616613362,12562027,26,236,24.73
00:14:39,14292107907,14367011,26,347,24.43
00:14:57,18677505883,14414793,26,440,23.68
00:14:59,2057789058,18615358,26,51,25.75
00:15:15,15184007981,11773274,26,363,24.03
00:15:30,15161665932,18062598,26,365,24.22
00:15:33,3146437761,16191419,26,79,25.64
00:15:37,3707471719,11735762,26,94,25.82
00:15:49,12594587819,16883754,26,307,24.54
00:16:02,12823632780,13064878,26,312,24.48
00:16:16,14017793125,16368721,26,342,24.55
00:16:45,28286283012,12928652,26,641,22.74
00:16:57,12184869517,19358579,26,296,24.46
00:17:12,15070320732,11344733,26,361,24.09
00:17:32,20101015398,13483598,26,475,23.75
00:17:35,3195270490,16225679,26,82,26.19
00:17:49,13370507031,12645332,26,326,24.52
00:17:53,4032053156,19952323,26,101,25.56
00:18:11,18161764207,17159430,26,431,23.86
00:18:27,16119959113,14235970,26,384,23.95
00:18:56,28672070545,13755465,26,648,22.68
00:19:11,14949362006,13516599,26,362,24.36
00:19:22,11383765933,12654029,26,279,24.69
00:19:32,10068841738,15806411,26,248,24.82
00:19:56,23917460228,13697790,26,558,23.43
00:20:10,13944981290,14800615,26,338,24.38
00:20:25,14877924179,14598717,26,356,24.07
00:20:47,22495284938,19792054,26,523,23.35
00:21:08,20355326721,30120003,26,480,23.72
00:21:17,9585659835,12091267,26,235,24.71
00:21:26,8668523338,15439542,26,217,25.26
00:21:40,13393290322,14437310,26,326,24.49
00:21:53,13275786255,18916571,26,321,24.35
00:22:03,10138495658,19795189,26,250,24.87
00:22:16,13400757327,21469388,26,325,24.43
00:22:24,7663266861,19231182,26,191,25.19
00:22:25,1208713067,12795033,26,31,26.95
00:22:58,32377138022,13775126,26,724,22.44
00:23:16,18535365731,19567713,26,436,23.64
00:23:39,22957938307,15546363,26,534,23.36
00:23:48,8270569180,13660894,26,207,25.24
00:24:05,17642802341,17606037,26,421,23.98
00:24:11,5614562176,19672035,26,140,25.31
00:24:24,13443597292,11261613,26,323,24.17
00:24:33,8852899341,12406298,26,218,24.82
00:24:44,10375532712,15363160,26,253,24.58
00:25:05,21357360588,13715666,26,502,23.61
00:25:14,8784109310,14008793,26,218,25.02
00:25:18,3994879787,11824601,26,101,25.69
00:25:40,22641389594,19832505,26,524,23.25
00:25:50,9935212464,21839703,26,245,24.89
00:25:52,1929079729,21312405,26,49,26.48
00:28:04,131296219804,15056787,26,2212,16.87
00:28:17,13427330452,13625158,26,324,24.28
00:28:19,1757440805,13667148,26,45,26.62
00:28:30,11460009595,22758613,26,280,24.64
00:28:34,3713246602,12321475,26,94,25.75
00:28:42,7377519899,13346624,26,184,25.17
00:29:00,18670201182,21910239,26,441,23.76
00:29:19,18349375608,20061474,26,434,23.78
00:29:25,6445342899,18870882,26,159,25.00
00:29:34,8879654435,19834378,26,220,25.02
00:30:00,25838603723,11604632,26,596,23.15
00:30:16,16375920150,12455984,26,392,24.06
00:30:44,27880270503,20599810,26,639,23.01
00:31:02,17724775172,13180985,26,421,23.87
00:31:19,17097659126,24527486,26,409,24.07
00:31:29,9737535459,12163273,26,240,24.84
00:31:29,709959634,16826169,26,18,27.69
00:31:47,17570910308,12780393,26,418,23.91
00:31:55,7776221454,12802110,26,193,25.06
00:32:04,9510776949,19923958,26,234,24.84
00:32:08,3181661239,14498191,26,80,25.72
00:32:16,8632276968,12285742,26,214,25.00
00:32:34,18019299219,15060284,26,427,23.81
00:32:52,17664158403,19425346,26,418,23.80
00:33:19,26499346161,19646372,26,606,22.97
00:33:52,33160515808,13539737,26,738,22.32
00:34:52,60247960899,19637948,26,1217,20.25
00:35:04,11609331625,12656375,26,283,24.54
00:35:16,12055524997,13936686,26,290,24.22
00:35:31,15050658658,20517200,26,359,24.01
00:35:33,2378647008,15693017,26,60,26.08
00:35:48,14623616902,13460157,26,352,24.20
00:36:11,23181613016,11758114,26,537,23.26
00:36:26,15061117556,20860877,26,358,23.93
00:36:40,13425318674,17321732,26,325,24.36
00:37:06,26233202809,13360915,26,603,23.08
00:37:14,7713879312,13175975,26,194,25.39
00:37:18,4340003450,23271459,26,108,25.35
00:37:37,19118136110,13229573,26,448,23.55
00:37:38,594886881,12525444,26,15,28.30
00:37:50,12646054864,13095169,26,307,24.44
00:38:15,24980927651,13302581,26,574,23.07
00:38:27,11321709284,12123249,26,274,24.37
00:38:42,15401567242,13880986,26,369,24.10
00:38:53,10904462069,14375349,26,268,24.76
00:39:03,10062161943,27594965,26,246,24.67
00:39:28,25312408661,12115330,26,577,22.88
00:39:47,18705129165,19798040,26,442,23.76
00:39:59,11831850844,24894565,26,287,24.44
00:40:13,13786701447,16767155,26,333,24.30
00:40:17,3760956975,12483612,26,94,25.40
00:40:58,41669510256,11506546,26,892,21.47
00:41:00,2036903497,19911541,26,50,25.51
00:41:15,14971585423,19946622,26,357,23.99
00:41:34,18759965202,19039044,26,440,23.57
00:41:37,2705097142,13434753,26,68,25.75
00:41:40,3432158085,17579021,26,87,25.89
00:41:51,10509521350,13255153,26,256,24.54
00:41:53,2385011050,14856427,26,60,25.86
00:42:04,10970489415,13673208,26,267,24.51
00:42:14,9529809173,16220407,26,234,24.76
00:42:24,10068204455,25554427,26,246,24.67
00:42:34,10302827172,20410662,26,251,24.58
00:42:51,16294018250,12261363,26,389,23.99
00:42:52,1348014452,12652251,26,35,27.13
00:43:08,16256416417,12163026,26,389,24.05
00:43:32,23509899077,13018903,26,543,23.19
00:43:33,1076249392,12539285,26,27,26.47
00:43:51,18613515553,15626242,26,439,23.70
00:43:55,3743077005,19837307,26,94,25.68
00:44:14,18614206806,28662296,26,440,23.78
00:44:36,21896781799,23930598,26,512,23.50
00:45:09,33517167629,22177368,26,741,22.19
00:45:27,17981707150,18580655,26,425,23.76
00:45:54,26235843991,23987462,26,601,23.00
00:46:05,11785583976,25460769,26,287,24.55
00:46:19,13363364928,13554698,26,319,24.02
00:46:34,15624974965,13127757,26,371,23.87
00:46:56,21766707214,12709048,26,504,23.25
00:47:11,14609116022,12281900,26,352,24.24
00:47:40,29441083179,11643184,26,665,22.67
00:47:55,14991726953,21023941,26,361,24.24
00:48:00,4300519871,16204691,26,109,25.76
00:48:08,8757977687,11498756,26,217,25.00
00:48:24,15398125667,17182725,26,368,24.05
00:48:31,7642460102,11430071,26,191,25.23
00:49:06,34550422034,12565731,26,771,22.39
00:49:09,2610382127,14990239,26,66,25.98
00:49:09,472455959,11889548,26,12,29.26
00:49:17,8239332157,18327498,26,204,25.00
00:49:26,8781864292,13593582,26,218,25.05
00:50:16,50155985178,19492716,26,1048,20.95
00:50:26,9500079684,12927556,26,232,24.62
00:50:36,10258610537,11852821,26,249,24.45
00:50:44,7770659410,22978236,26,193,25.13
00:51:09,24550285757,12751192,26,567,23.19
00:51:12,3539509763,11751944,26,90,25.93
00:51:21,8848841412,20617291,26,218,24.88
00:51:30,9465523848,14019113,26,233,24.81
00:51:56,25897704334,19445704,26,597,23.15
00:52:06,9935584416,22293802,26,244,24.77
00:52:33,26605391723,16766777,26,607,22.90
00:52:43,9606098218,13890144,26,233,24.44
00:52:52,9404401927,12597417,26,231,24.75
00:53:13,21390695609,16061566,26,501,23.54
00:53:14,785495823,22137521,26,20,28.16
00:53:15,1137598434,15585414,26,29,27.10
00:53:25,9254356283,12093027,26,227,24.72
00:53:38,13207416975,21569077,26,322,24.56
00:54:06,27805828817,12591920,26,634,22.88
00:54:17,11522242295,12805018,26,284,24.82
00:54:39,22139982137,11804725,26,524,23.77
00:54:51,11335934140,17666266,26,280,24.88
00:54:59,8283250509,15652357,26,207,25.24
00:55:03,3863126085,20740611,26,98,25.92
00:55:12,8910382824,15971509,26,218,24.68
00:55:30,18146351768,25639325,26,428,23.72
00:55:40,10293549569,14080795,26,251,24.58
00:56:00,19999035449,18340459,26,469,23.57
00:56:16,15138503594,21999492,26,364,24.20
00:56:27,11435244765,26037155,26,278,24.51
00:56:36,8706131248,15316143,26,218,25.26
00:57:04,28250827712,12972062,26,646,22.95
00:57:09,4651448399,15771363,26,117,25.54
00:57:31,22153101545,16296334,26,516,23.40
00:57:58,27066154818,20342861,26,622,23.07
00:58:06,7671565230,18004658,26,191,25.16
00:58:21,14891913769,11885438,26,358,24.17
00:58:49,28755628658,30696888,26,650,22.71
00:59:05,15975802849,12870945,26,383,24.10
00:59:22,16212638544,14803185,26,389,24.13
00:59:33,11063867773,19669352,26,269,24.52
00:59:43,10251855818,13657779,26,252,24.77
00:59:46,3131761741,11733599,26,79,25.73
00:59:58,11349672345,13282946,26,279,24.75
00:59:59,1111970765,15834286,26,28,26.66
01:00:12,13419204770,12305183,26,322,24.15
01:00:30,18225409310,13699815,26,434,23.93
01:00:45,14172800412,13782806,26,342,24.28
01:01:00,15664635335,13607994,26,374,24.00
01:01:13,12626666918,12425987,26,307,24.48
01:01:26,13398257576,16040008,26,322,24.19
01:01:27,730735724,20024111,26,18,27.27
01:01:42,15253247293,17227181,26,365,24.07
01:01:53,10878009044,13651121,26,267,24.72
01:02:14,20863894950,14338272,26,487,23.44
01:02:29,14470793228,21605326,26,348,24.21
01:03:03,34578082344,24101520,26,760,22.06
01:03:26,22774777077,20191044,26,528,23.29
01:03:34,8200557023,15916261,26,202,24.87
01:03:39,4508055706,25580673,26,112,25.33
01:03:42,3245694080,12212264,26,82,25.78
01:03:52,10143987924,22904815,26,248,24.67
01:03:55,2314571153,21432154,26,59,26.33
01:04:02,7789350287,12286661,26,192,24.90
01:04:26,23158822308,18229734,26,534,23.16
01:04:29,3092331871,16494334,26,79,26.15
01:04:31,2234993854,23510122,26,57,26.51
01:04:40,8891859991,22626468,26,217,24.65
01:04:42,2052907829,11975310,26,52,26.13
01:04:52,9825845811,17039837,26,239,24.53
01:04:55,3390530896,12590503,26,86,25.90
01:04:58,2695783204,33730215,26,68,26.15
01:05:19,21189110387,12551486,26,493,23.37
01:05:29,9493359529,12405391,26,232,24.62
01:05:33,4827435230,14474925,26,121,25.42
01:05:46,12227187041,25813101,26,295,24.31
01:05:52,6517490857,16986162,26,163,25.31
01:06:05,13226307327,31061611,26,320,24.39
01:06:22,16226245419,15781890,26,387,23.99
01:06:32,10587962981,13382317,26,260,24.73
01:06:42,9349427850,14522174,26,230,24.81
01:06:49,6929055638,12142567,26,172,25.07
01:07:06,17365548327,17607275,26,414,23.97
01:07:15,8723206489,18196328,26,215,24.88
01:07:29,14069957915,15807285,26,338,24.17
01:07:44,14676031344,12436005,26,356,24.40
01:07:52,8658288958,14202646,26,213,24.82
01:08:10,17288042373,13605518,26,408,23.72
01:08:18,8819939335,12592199,26,218,24.94
01:08:34,15811325389,21765506,26,377,23.99
01:08:53,18350626087,18695711,26,432,23.67
01:09:14,21636359825,14957061,26,500,23.22
01:09:36,21391485815,15152534,26,499,23.43
01:09:36,721416414,18735690,26,18,27.27
01:09:55,18475797975,21979626,26,434,23.62
01:10:22,26947475266,12489404,26,611,22.76
01:10:38,16176957381,11870156,26,386,23.99
01:10:51,13073400527,17183439,26,315,24.26
01:11:02,10368736525,13441590,26,254,24.68
01:11:37,35662094907,17855675,26,781,21.97
01:11:41,4152459291,23367825,26,104,25.55
01:11:54,12996190093,12201016,26,315,24.39
01:12:01,6050684936,21037262,26,148,24.79
01:12:11,10247358103,21991967,26,250,24.60
01:12:24,13561641219,13674851,26,328,24.33
01:12:40,15940744777,21796627,26,379,23.92
01:13:03,23095237372,11695195,26,532,23.13
01:13:08,4422844707,18256271,26,110,25.34
01:13:10,1948019502,12442172,26,49,26.06
01:13:23,12977857288,17133114,26,313,24.28
01:13:32,9360996117,14261908,26,231,24.89
01:13:50,18022953353,13298974,26,425,23.70
01:14:09,18571533658,12109380,26,440,23.80
01:14:21,12539464895,26474586,26,304,24.43
01:14:37,15445778214,12558485,26,368,23.97
01:14:46,9485340499,11672805,26,233,24.76
01:14:55,8344503529,12431432,26,206,24.90
01:15:12,17198760771,13857935,26,411,24.02
01:15:22,9541450447,14022043,26,235,24.84
01:15:26,4656718770,12070510,26,116,25.27
01:15:48,21734832002,16266117,26,508,23.47
01:15:57,8698048853,14312279,26,213,24.70
01:16:12,15297288019,12514997,26,367,24.12
01:16:33,21384568533,14211381,26,497,23.34
01:16:46,12802552584,18911891,26,308,24.23
01:17:04,17272862003,18546388,26,408,23.76
01:17:29,25186088604,21418881,26,578,23.05
01:17:48,18718632510,19011329,26,441,23.68
01:18:25,37572742074,31825302,26,823,21.98
01:18:31,5630701998,13614805,26,141,25.35
01:18:39,8100632516,13383750,26,200,24.90
01:18:52,12636202418,13002119,26,302,24.04
01:19:40,48639689846,13160095,26,1016,20.94
01:19:48,7381806332,15590889,26,184,25.20
01:19:52,3987164183,21926764,26,101,25.83
01:20:01,8953569676,12477464,26,219,24.66
01:20:12,11011698000,14581504,26,269,24.61
01:20:28,16496810484,13329263,26,393,23.94
01:20:42,13375175498,15645917,26,325,24.47
01:20:52,10321009500,18402902,26,252,24.60
01:21:06,14419114013,12895583,26,346,24.14
01:21:20,13231347734,19894514,26,320,24.35
01:21:25,5547994386,13959054,26,137,25.00
01:21:35,10059501166,16343443,26,247,24.77
01:21:47,11986623434,14231946,26,290,24.36
01:21:51,3380246524,14409285,26,86,25.98
01:22:01,10741023140,11808379,26,261,24.48
01:22:30,28299700919,19672892,26,642,22.78
01:22:35,5593902418,16228685,26,138,25.00
01:22:45,9977002558,21439243,26,246,24.87
01:23:00,14709045347,25761860,26,353,24.16
01:23:01,863323878,17253613,26,21,26.58
01:23:10,9413518227,16771055,26,231,24.75
01:23:21,10133233049,19765035,26,246,24.50
01:23:30,9574973951,12920211,26,234,24.63
01:23:44,13318553292,16660535,26,323,24.41
01:24:03,19097906488,15362453,26,449,23.63
01:24:05,2164559865,17895147,26,55,26.31
01:24:06,1051940797,11415616,26,27,27.27
01:24:13,0,0,0,0,
01:24:37,24693913754,15958169,26,570,23.18
01:24:43,5901995138,19819011,26,149,25.60
01:25:15,31790093939,12253496,26,710,22.41
01:25:20,4655723912,17360985,26,117,25.54
01:25:33,13634921558,15876236,26,326,24.05
01:25:35,1825205282,20918260,26,45,25.71
01:25:57,21617858545,13033697,26,501,23.28
01:26:02,5079959585,14211277,26,128,25.54
01:26:04,2308004345,12200449,26,60,26.78
01:26:18,13359488020,15734292,26,324,24.41
01:26:29,11557462895,17626658,26,280,24.41
01:26:38,8844262492,13641074,26,218,24.85
01:26:58,19712058433,19580929,26,459,23.41
01:27:00,2128594756,23904147,26,53,25.85
01:27:15,14978497765,13398551,26,359,24.11
01:27:28,13286128329,13249106,26,322,24.39
01:27:37,8854646059,20119652,26,217,24.74
01:27:55,17443306050,15104613,26,413,23.80
01:28:20,25329520798,12166279,26,578,22.90
01:28:32,12071978926,14963953,26,291,24.27
01:28:35,3100287405,15091249,26,79,26.07
01:28:48,12903879456,17868543,26,311,24.25
01:28:58,9874862756,14945156,26,241,24.59
01:29:00,1913462897,27022540,26,47,25.68
01:29:14,13459000539,17819215,26,325,24.30
01:29:23,9554573812,15622753,26,233,24.60
01:29:37,13890201245,12493182,26,334,24.18
01:30:20,43120219274,18352739,26,918,21.35
01:30:49,28853273102,13757364,26,650,22.61
01:31:08,18871738451,13413928,26,447,23.80
01:31:16,8409390950,14503153,26,206,24.72
01:31:26,9948907269,19535412,26,242,24.54
01:31:47,20686328157,13240544,26,485,23.55
01:32:27,39935048443,14298941,26,864,21.70
01:32:29,2354143901,18149959,26,60,26.31
01:32:59,29201651902,12303595,26,658,22.61
01:33:21,22539674283,12644282,26,522,23.26
01:33:32,10637861234,13395445,26,260,24.64
01:33:45,13095837692,12152206,26,313,24.05
01:33:55,10105952963,14118398,26,247,24.62
01:34:09,14098782649,13325081,26,340,24.26
01:34:31,21401044624,12115371,26,499,23.42
01:34:49,18221097978,14706220,26,428,23.60
01:34:58,9120817272,12587995,26,225,24.88
01:35:12,14342385563,12655155,26,347,24.33
01:35:25,12950966571,13030087,26,312,24.24
01:35:47,21119498521,17800442,26,490,23.32
01:35:56,9535445745,28679830,26,233,24.68
01:36:13,17307462462,21834325,26,412,23.95
01:36:16,2671320169,14431994,26,68,26.15
01:36:26,9441070517,12593191,26,231,24.67
01:36:44,18555628114,12028740,26,434,23.52
01:36:45,1283171308,19438882,26,32,26.44
01:36:55,9438738767,22304145,26,231,24.70
01:37:10,15301349573,14232387,26,364,23.93
01:37:13,3176325669,40502648,26,79,25.64
01:37:18,4698881529,21666922,26,117,25.32
01:37:40,21437330838,12471259,26,499,23.38
01:37:44,4288286645,19926063,26,107,25.41
01:37:59,14790448513,15125973,26,353,24.01
01:38:04,5183500734,13697697,26,128,25.04
01:38:14,10062025184,13598469,26,245,24.52
01:38:30,16410785049,12547128,26,393,24.08
01:38:34,3375318939,13653554,26,86,25.98
01:39:00,26313963890,15183536,26,600,22.89
01:39:10,9494509481,28016711,26,231,24.57
01:39:40,29875942453,12535087,26,671,22.54
01:39:53,12910315510,15801606,26,312,24.33
01:40:04,11680015152,23743301,26,283,24.43
01:40:23,18571969119,13482531,26,436,23.59
01:40:38,15421581237,23261949,26,365,23.82
01:41:01,22661516611,19871294,26,524,23.23
01:41:19,18309088575,13030411,26,432,23.71
01:41:30,10241576177,19719241,26,246,24.23
01:41:49,19147612414,14288461,26,450,23.62
01:42:15,26426629241,14625172,26,600,22.79
01:42:18,3237705305,13874951,26,81,25.55
01:42:52,33031552749,20107445,26,736,22.36
01:43:01,9352181554,17677763,26,230,24.81
01:43:05,4575066430,20862793,26,116,25.83
01:43:14,8500821786,13235905,26,210,24.91
01:43:32,18319119723,13992005,26,434,23.80
01:43:46,13534800683,18538593,26,327,24.33
01:44:04,18332152220,19113772,26,431,23.64
01:44:21,16320873220,15323279,26,385,23.72
01:44:39,18574818239,12956447,26,438,23.70
01:44:42,3246619709,26083216,26,81,25.63
01:44:59,16728257168,14869461,26,400,24.05
01:45:14,15009602454,23012555,26,358,24.02
01:45:29,15180866137,13892137,26,364,24.12
01:45:48,18117690740,19854742,26,426,23.64
01:45:50,2125576016,14086180,26,53,25.72
01:45:54,4108637447,15596148,26,102,25.24
01:46:06,11733932909,14312958,26,284,24.37
01:46:38,32191854141,12872961,26,716,22.31
01:46:56,18494261912,17623576,26,438,23.80
01:47:23,26968012578,18419769,26,613,22.82
01:47:27,3483752059,20770343,26,86,25.21
01:47:41,14491459466,12121142,26,347,24.08
01:47:57,15365212122,14152738,26,366,23.96
01:48:27,30183010483,18500291,26,677,22.52
01:48:39,12370520653,14113732,26,299,24.32
01:49:00,20958262637,14488383,26,487,23.34
01:49:02,2081393705,29489080,26,52,26.13
01:49:21,18100903088,13475406,26,427,23.70
01:49:31,10213124615,16197584,26,248,24.48
01:49:35,3793431176,13821491,26,95,25.46
01:49:56,21725584767,13071677,26,507,23.43
01:51:07,70171294705,20108410,26,1371,19.58
01:51:15,8830722265,13401450,26,219,25.00
01:51:28,12341381241,12883722,26,299,24.38
01:51:46,18453466853,12209231,26,433,23.58
01:52:02,15381219424,13090963,26,368,24.06
01:52:20,17909317061,13900824,26,424,23.79
01:52:29,9772926743,32516907,26,239,24.71
01:52:39,9566125716,18174898,26,234,24.68
01:52:49,9707008535,12625298,26,239,24.81
01:53:11,22119135572,12545683,26,508,23.06
01:53:12,1377327381,12390700,26,35,26.51
01:53:48,35533462072,13124897,26,780,22.02
01:53:52,4020575087,14077988,26,101,25.50
01:54:04,12214934901,11184175,26,295,24.29
01:54:23,18450736832,13898378,26,439,23.91
01:54:45,22100036789,15407673,26,516,23.46
01:55:08,23509654913,12632977,26,547,23.36
01:55:22,13551295437,15063225,26,325,24.14
01:55:25,3352071698,12584882,26,86,26.13
01:55:39,13486359105,13022575,26,327,24.40
01:55:43,4573390445,19580813,26,113,25.16
01:55:56,12636055187,15754970,26,308,24.54
01:56:04,8387176395,28920346,26,207,24.96
01:56:19,15014918082,11499400,26,361,24.17
01:56:41,21572553312,11520330,26,503,23.41
01:56:55,14167781685,16304250,26,341,24.21
01:57:05,9980233450,11907000,26,247,24.94
01:57:21,15620478338,12795882,26,377,24.27
01:57:41,20004651098,14572022,26,474,23.80
01:58:00,18805923355,13377138,26,448,23.94
01:58:13,13690307263,13404824,26,330,24.26
01:58:25,11322310065,12242087,26,277,24.64
01:58:53,28173210840,12407279,26,639,22.77
01:59:07,14389627075,13954771,26,350,24.47
01:59:19,11936153195,16335188,26,291,24.55
01:59:29,10203350546,13895833,26,251,24.80
01:59:47,17718155623,11955790,26,425,24.10
02:00:01,13379050335,16374109,26,322,24.22
02:00:11,10145150936,17857139,26,249,24.75
02:00:24,12751496045,12516258,26,311,24.54
02:00:42,18470294380,16735669,26,440,23.95
02:00:55,13045918165,12768472,26,319,24.61
02:01:14,18958058895,15197809,26,451,23.91
02:01:23,9176295396,12620313,26,226,24.83
02:01:33,9646607240,32430165,26,238,24.92
02:01:34,1146287155,13204648,26,29,26.85
02:01:42,8327985811,15606020,26,205,24.84
02:02:08,25272326598,17388459,26,578,22.97
02:02:25,17325054611,29919630,26,412,23.92
02:02:35,10084035055,24717489,26,249,24.92
02:03:04,28550893445,12754963,26,649,22.81
02:03:10,5917998021,13845121,26,149,25.47
02:03:31,21272032230,11899244,26,499,23.55
02:03:44,13453732241,21756378,26,325,24.34
02:04:13,28788933606,20700551,26,654,22.81
02:04:45,31170371178,21502113,26,704,22.67
02:04:54,9415852781,19647498,26,232,24.86
02:05:19,25179302930,11421577,26,579,23.09
02:05:34,14638722671,22660785,26,354,24.36
02:05:46,11694779769,15932566,26,287,24.72
02:05:46,870213350,12295689,26,22,27.16
02:06:00,13403127925,12394161,26,324,24.32
02:06:04,4427416867,27915245,26,111,25.57
02:06:14,9654266761,12507305,26,240,25.05
02:06:23,8859695810,24625654,26,218,24.85
02:06:27,4019425833,19544293,26,101,25.63
02:06:47,20287265440,14978643,26,476,23.57
02:07:03,15474462589,19539006,26,370,24.07
02:07:21,18198081639,19914587,26,433,23.92
02:07:39,18222415330,19962018,26,434,23.95
02:07:50,10827565557,14130319,26,263,24.46
02:08:03,13411461232,13125604,26,325,24.38
02:08:25,21379033790,33387727,26,503,23.65
02:08:29,4521983926,20381963,26,114,25.67
02:08:42,12802821195,16108905,26,311,24.46
02:08:56,13838691259,31670945,26,335,24.39
02:09:00,3482170754,13051549,26,89,26.09
02:09:24,24759269482,11562928,26,568,23.03
02:09:36,11982128604,12842748,26,290,24.36
02:09:46,9507960919,13585280,26,234,24.81
02:09:49,3122259269,12950172,26,79,25.90
02:10:10,21309004514,16262460,26,501,23.62
02:10:50,39376064920,19581676,26,856,21.81
02:10:54,4465420064,15536539,26,113,25.74
02:11:13,18927872639,12134337,26,449,23.84
02:11:24,10933848909,19941223,26,270,24.88
02:11:42,18262131773,11350153,26,434,23.88
02:11:55,12381126459,19263751,26,300,24.41
02:12:05,10045263983,15146353,26,248,24.89
02:12:13,8555704275,14285055,26,212,25.00
02:12:31,17822645310,29818959,26,426,24.05
02:12:45,14138558092,13861194,26,340,24.19
02:12:59,13344599207,15000205,26,327,24.66
02:13:08,8792951295,18413790,26,217,24.91
02:13:18,9901279304,12240902,26,243,24.74
02:13:27,9698796653,19698772,26,237,24.66
02:13:34,6281649153,13688146,26,158,25.44
02:13:40,6513717752,15072260,26,164,25.46
02:14:08,27724636981,12838993,26,636,23.03
02:14:17,8821576378,12464604,26,219,25.05
02:14:24,6887528407,12996112,26,171,25.11
02:14:27,3171293996,20330264,26,80,25.88
02:14:40,13295793290,11960813,26,324,24.52
02:14:53,13216565097,13215226,26,323,24.60
02:15:06,12685015682,12605893,26,311,24.68
02:15:16,9768113911,22971986,26,242,25.02
02:15:34,18081690262,20540417,26,432,24.02
02:15:43,9258774648,12796672,26,230,25.05
02:15:54,10367593779,14242275,26,256,24.87
02:16:09,15392084591,16491698,26,372,24.31
02:16:13,3974449454,18847469,26,101,25.89
02:16:19,5641962299,13371764,26,140,25.13
02:16:25,6517263427,17278224,26,163,25.31
02:16:34,8212597462,13241986,26,204,25.09
02:16:35,1479409920,12692690,26,38,26.76
02:16:47,11484223778,16476079,26,282,24.73
02:17:05,17998862422,22547509,26,429,23.96
02:17:15,9954834025,13856718,26,245,24.82
02:17:17,2366229577,14072601,26,60,26.08
02:17:30,13395009805,14429737,26,326,24.49
02:17:38,7724365520,20673581,26,193,25.26
02:17:40,2049604638,18084362,26,52,26.26
02:17:54,14106298220,13615636,26,342,24.39
02:17:58,3390633528,25827127,26,86,26.06
02:18:12,14244863824,11379065,26,344,24.29
02:18:22,10184777454,21960870,26,249,24.65
02:18:31,8382072632,15235048,26,209,25.18
02:18:47,16838676998,11979324,26,401,23.94
02:18:57,9413314592,14678322,26,233,24.97
02:19:57,59921206036,20765232,26,1213,20.29
02:20:13,16026527081,14207485,26,384,24.09
02:20:15,2081591742,18840142,26,53,26.36
02:20:23,8472172566,16035736,26,210,25.02
02:20:33,9463311362,14192306,26,236,25.15
02:20:43,9670745958,14070848,26,238,24.81
02:20:47,3872340055,17194221,26,98,25.78
02:20:52,5561244393,13307815,26,140,25.50
02:21:02,9526207724,22357491,26,235,24.92
02:21:20,18531804415,23131702,26,439,23.83
02:21:28,7648771911,23995111,26,191,25.26
02:21:50,22485267072,11456659,26,526,23.49
02:22:17,27001521467,18035474,26,613,22.79
02:22:19,1159154076,14644614,26,29,26.60
02:22:28,9718003226,24090608,26,240,24.92
02:22:38,9667680399,14169877,26,237,24.71
02:22:53,15160172249,14820870,26,364,24.15
02:23:01,8135199073,15142402,26,200,24.81
02:23:41,39972181063,14990932,26,868,21.78
02:23:42,1051785637,18311861,26,26,26.53
02:24:00,18010070611,16950862,26,429,23.95
02:24:27,26576772712,23416503,26,613,23.16
02:24:38,11200337968,22641704,26,274,24.66
02:24:54,15413687045,13151439,26,371,24.21
02:24:57,3686365378,14937594,26,93,25.69
02:25:01,3538351393,11678970,26,89,25.64
02:25:20,18974533453,12685360,26,449,23.78
02:25:24,3749761365,16376966,26,94,25.54
02:25:33,9506153098,12366485,26,233,24.70
02:25:34,408387997,17827980,26,10,29.41
02:25:45,11470678202,13622883,26,280,24.58
02:26:08,22355962711,15605951,26,522,23.46
02:26:36,28321067991,19015589,26,643,22.79
02:26:38,2006090501,19641654,26,51,26.42
02:26:48,10120116660,16645488,26,251,25.00
02:27:44,56237675897,12333579,26,1145,20.41
02:28:03,19029851867,15704366,26,450,23.77
02:28:32,28683259304,14015631,26,650,22.75
02:28:43,10682653855,11823770,26,262,24.71
02:28:58,15416431941,13081859,26,367,23.93
02:29:03,4494850790,15168897,26,111,25.11
02:29:14,11386900864,15320378,26,278,24.60
02:29:28,13884078864,17524196,26,335,24.29
02:30:01,32969285675,15119783,26,736,22.40
02:30:18,16710078673,13060632,26,401,24.12
02:30:21,3175653106,13748817,26,79,25.40
02:30:35,14021094734,11923087,26,339,24.33
02:30:53,17848430331,13795274,26,423,23.81
02:31:57,64103356043,18237230,26,1280,20.01
02:32:12,14992167145,17624085,26,357,23.95
02:32:27,14718298225,16772547,26,350,23.92
02:32:33,6261236842,14928429,26,154,24.87
02:32:50,16458815334,20410728,26,392,23.96
02:33:11,21209715684,19799502,26,495,23.45
02:33:30,19025613547,13134892,26,451,23.82
02:33:41,11290775478,18386676,26,275,24.55
02:33:55,13984916552,12691007,26,337,24.24
02:34:14,18961140758,14107512,26,449,23.79
02:34:20,5491340944,13779790,26,138,25.46
02:34:47,27121908351,13182021,26,618,22.87
02:35:01,14016015872,12453858,26,340,24.40
02:35:11,10172386292,13591092,26,250,24.75
02:35:29,18399441754,11346866,26,433,23.64
02:35:48,18520164409,14208830,26,433,23.49
02:36:03,15084570948,19927140,26,356,23.74
02:36:13,9400380066,11694736,26,231,24.75
02:36:30,17764295319,17129114,26,423,23.93
02:36:55,24476666239,16061386,26,564,23.14
02:36:58,3233513577,14195697,26,81,25.63
02:37:07,8788041416,12209331,26,217,24.91
02:37:10,3377796040,15337849,26,86,25.98
02:37:32,21304064349,23234166,26,496,23.40
02:37:57,24999523053,14462627,26,572,22.97
02:38:10,13033415326,32293039,26,313,24.24
02:38:25,15480828095,21254372,26,372,24.18
02:38:48,22598033305,19017790,26,524,23.29
02:39:23,35626712468,12029828,26,782,22.02
02:39:45,21296500266,16160907,26,494,23.31
02:39:58,13096314754,12486545,26,317,24.36
02:40:16,18365702634,19103935,26,432,23.65
02:40:28,11567218826,14557754,26,282,24.56
02:40:47,18706057075,13293904,26,442,23.75
02:40:59,12826179709,16113351,26,309,24.25
02:41:06,6618197159,12779814,26,165,25.19
02:41:15,9232088503,13125827,26,228,24.91
02:41:31,15323394850,17109335,26,364,23.90
02:41:45,14647410020,12237819,26,351,24.10
02:41:59,13131178678,13399360,26,317,24.29
02:42:03,4579617820,17925760,26,115,25.49
02:42:21,18277929591,14733595,26,430,23.63
02:42:47,25248675500,18630279,26,574,22.83
02:43:01,14097661819,12566328,26,337,24.05
02:43:20,19377635188,11708221,26,456,23.63
02:43:22,2222905355,15260056,26,56,25.92
02:43:50,27687451640,23324462,26,626,22.70
02:44:03,12919510445,14663208,26,313,24.39
02:44:16,13107986529,14164651,26,315,24.19
02:44:37,20731413802,23059804,26,479,23.22
02:44:56,18897518770,14779688,26,443,23.56
02:45:08,12156815641,12693344,26,294,24.33
02:45:22,13408084031,13073872,26,324,24.32
02:45:39,17907105317,16117728,26,426,23.91
02:45:50,10384862266,16863200,26,253,24.56
02:46:19,29537046304,17916084,26,664,22.56
02:46:32,12428192763,12701153,26,301,24.39
02:46:33,1462399923,14583986,26,37,26.42
02:46:43,10142109161,18406280,26,248,24.67
02:46:45,1883222327,18996334,26,47,25.96
02:47:01,15164065487,20521621,26,361,23.95
02:47:23,21949218598,13038090,26,506,23.15
02:47:38,15334432551,13877565,26,367,24.06
02:47:59,20956837537,13991513,26,493,23.63
02:48:09,10126974797,13106395,26,248,24.67
02:48:14,4579138703,14868167,26,114,25.27
02:48:23,9531729544,12346969,26,231,24.41
02:48:38,14976305037,14439952,26,357,23.97
02:48:54,15752882719,14831160,26,371,23.69
02:49:03,9321537194,16502081,26,230,24.89
02:49:17,13455164002,15251771,26,326,24.38
02:49:35,18126354654,19562294,26,428,23.75
02:50:04,29261655121,30936507,26,662,22.72
02:50:19,15195544328,16003115,26,365,24.17
02:50:38,18071552287,13463223,26,429,23.85
02:51:00,22829787619,11882335,26,523,23.00
02:51:10,9348297712,16279360,26,230,24.81
02:51:31,21578982817,11992774,26,503,23.41
02:51:54,22985889936,21813777,26,530,23.17
02:51:55,1080573099,27653955,26,27,27.27
02:52:17,21021446266,13513425,26,491,23.47
02:52:26,9905518378,19441023,26,242,24.64
02:52:42,15174167863,16063430,26,366,24.27
02:52:52,10171994278,21928486,26,251,24.90
02:53:10,18085863531,12476024,26,426,23.67
02:53:23,13379472750,12709160,26,323,24.28
02:53:39,15703705652,17434887,26,375,24.02
02:54:07,28346619220,20452755,26,641,22.70
02:54:19,11656541184,21136844,26,283,24.48
02:54:21,2272907265,16056298,26,57,25.90
02:55:08,46610914003,13636954,26,984,21.17
02:55:23,14568828138,19601362,26,349,24.11
02:55:44,21507157151,11954491,26,502,23.45
02:56:04,19674633745,14049959,26,462,23.59
02:56:19,15117953035,14992583,26,363,24.15
02:56:29,10073969706,17466732,26,245,24.54
02:56:42,12451662917,17911572,26,302,24.43
02:56:52,10710730786,13449815,26,261,24.55
02:57:00,7869562660,12650721,26,195,25.00
02:57:19,18417466325,20112106,26,434,23.70
02:57:22,3430566765,14653202,26,86,25.59
02:57:24,1779764216,16190839,26,45,26.31
02:57:43,19461272245,14681065,26,457,23.59
02:58:02,19097996104,21098938,26,450,23.69
02:58:17,14478559223,14316609,26,348,24.18
02:58:31,14087558373,22208028,26,340,24.30
02:58:45,14198499519,16106751,26,343,24.30
02:59:01,15494216559,14710341,26,370,24.01
02:59:14,12992488951,13197161,26,314,24.32
02:59:25,11230999906,28328546,26,273,24.52
02:59:34,8723494651,12858267,26,217,25.08
02:59:45,11272969941,13757413,26,274,24.48
02:59:57,11718827914,24257994,26,283,24.35
02:59:57,331303190,22411026,26,8,30.76
03:00:11,13590607750,18693256,26,326,24.14
03:00:30,19096981363,26223147,26,449,23.64
03:00:52,21793184927,15341541,26,506,23.32
03:01:01,8942157866,15617355,26,219,24.71
03:01:10,9091655009,13940605,26,224,24.86
03:01:31,21405346574,17140234,26,499,23.42
03:01:44,12825078345,22283976,26,311,24.43
03:01:59,14947171996,18420815,26,358,24.10
03:02:17,18004214726,14484180,26,426,23.78
03:02:30,12902548669,19482553,26,310,24.19
03:02:32,2023353347,16369096,26,52,26.53
03:03:01,28717815135,13670898,26,650,22.71
03:03:15,13681404315,14433895,26,328,24.13
03:03:47,32436559271,32535351,26,722,22.35
03:03:59,12093603845,13955474,26,293,24.39
03:04:21,21990345838,18180098,26,507,23.16
03:04:45,23948276552,17124367,26,553,23.19
03:05:01,15553383606,31872400,26,371,24.02
03:05:02,837155269,14454553,26,21,27.27
03:05:23,20976403140,13355778,26,491,23.51
03:05:44,21855490824,13784658,26,507,23.29
03:06:03,18150092876,16772134,26,427,23.64
03:06:22,19028131125,15305714,26,447,23.61
03:06:23,890987206,22951756,26,21,25.92
03:06:41,18754541304,14813909,26,438,23.47
03:06:56,15001788341,18336038,26,359,24.07
03:07:06,9890982027,24518862,26,240,24.48
03:07:08,1867873597,16239790,26,47,26.11
03:07:25,16930314868,12376535,26,399,23.69
03:07:34,8741526871,12948156,26,215,24.82
03:07:45,10968581474,13528436,26,268,24.60
03:08:05,20563498967,27861788,26,482,23.56
03:08:19,13219663254,12620389,26,321,24.44
03:08:29,10481623238,11837431,26,256,24.61
03:08:43,13692832949,12868524,26,330,24.24
03:08:53,10105855165,15614295,26,247,24.62
03:08:58,4696119652,17298754,26,117,25.32
03:09:18,20684287625,13491355,26,484,23.50
03:09:27,8574264155,16329146,26,212,24.97
03:09:32,4477587685,15223146,26,113,25.62
03:10:01,29017039740,12148304,26,655,22.65
03:10:07,5957791032,34388959,26,149,25.42
03:10:17,9894983276,18943819,26,239,24.38
03:10:32,15488582682,21760999,26,370,24.05
03:10:45,12589076128,13758748,26,306,24.46
03:10:56,11556737272,20756267,26,279,24.34
03:11:06,10020014682,15809962,26,245,24.64
03:11:16,9843166265,15026052,26,240,24.59
03:11:26,9767337521,15141126,26,238,24.58
03:11:36,10060113051,13812894,26,248,24.84
03:11:49,12553456636,17927708,26,303,24.31
03:11:51,2075988109,28276832,26,52,26.13
03:11:54,3412745564,19192273,26,86,25.82
03:12:15,20837532082,13792393,26,486,23.44
03:12:16,741499743,14687938,26,18,26.47
03:12:37,21265790029,12842615,26,499,23.57
03:12:49,11546205266,18418038,26,282,24.60
03:13:02,13003505120,11441153,26,314,24.30
03:13:08,6757290183,12363043,26,168,25.11
03:13:15,6601642317,16497235,26,164,25.11
03:13:27,12382813431,13629347,26,301,24.47
03:13:43,15706371995,21591223,26,375,24.02
03:13:58,15077239402,14047285,26,362,24.14
03:14:08,9534738259,14021925,26,233,24.65
03:14:14,6084234837,13644116,26,149,24.79
03:14:35,20593172808,13766398,26,481,23.46
03:14:51,16329479433,16020331,26,392,24.13
03:15:25,34426440311,14213455,26,761,22.18
03:15:39,13813679352,22657916,26,330,24.05
03:15:53,13517411810,12427000,26,322,23.97
03:16:01,8317143635,24361411,26,204,24.78
03:16:16,14674367678,11685708,26,350,23.98
03:17:34,78172200416,17078925,26,1490,19.10
03:17:39,5140183185,16885819,26,127,25.04
03:18:07,28313619463,22123555,26,637,22.59
03:18:26,18102663078,11522046,26,428,23.76
03:18:38,11969690258,11507836,26,291,24.47
03:18:51,13452667842,22549455,26,324,24.25
03:19:25,34251250114,13912538,26,758,22.20
03:19:40,14839626086,12750417,26,354,24.00
03:19:55,15268144351,13547287,26,364,23.97
03:20:23,27593915750,11941704,26,618,22.48
03:20:42,18797572872,14641019,26,444,23.74
03:20:58,15785509089,12109584,26,375,23.88
03:21:25,26944239778,28184548,26,611,22.78
03:21:40,15608799953,20215932,26,372,23.98
03:21:54,13246856105,15554810,26,320,24.31
03:22:09,15497987094,12878084,26,369,23.94
03:22:22,13373218976,16883345,26,324,24.37
03:22:37,14996205716,12208380,26,357,23.94
03:22:56,18567063543,13677550,26,438,23.70
03:23:05,8702282257,23065442,26,214,24.82
03:23:13,7794013357,14972493,26,192,24.87
03:23:28,15442196297,12515162,26,366,23.84
03:23:46,18261242444,19772395,26,432,23.78
03:24:05,18608534389,22240852,26,435,23.51
03:24:15,10238365998,20256273,26,251,24.75
03:24:38,22652586591,23198603,26,532,23.60
03:24:46,8056452102,15531103,26,198,24.81
03:24:51,4827657646,14834325,26,121,25.42
03:24:59,8346450233,12771408,26,206,24.90
03:25:14,14851390914,19497724,26,356,24.13
03:25:25,11211004187,13971467,26,274,24.61
03:25:39,13244239301,12306271,26,320,24.31
03:26:23,44812140720,21908679,26,950,21.26
03:26:33,9517439240,13702821,26,234,24.78
03:27:00,27124534044,12170961,26,618,22.87
03:27:12,12063385637,19515342,26,294,24.56
03:27:20,7608668532,24053291,26,187,24.86
03:27:34,13654074298,21055650,26,330,24.35
03:27:35,1271419758,13376703,26,32,26.44
03:28:00,25401149676,16118047,26,580,22.93
03:28:11,10278951983,12451836,26,251,24.60
03:28:23,12589977430,21316453,26,303,24.24
03:29:53,89703313891,13262132,26,1657,18.50
03:30:03,10452726127,13537155,26,257,24.78
03:30:07,3397560007,13626662,26,86,25.82
03:30:25,18030349998,12577499,26,427,23.80
03:30:37,11851973690,24923902,26,286,24.31
03:30:50,13447007211,11775238,26,324,24.23
03:31:19,28786600446,12461414,26,650,22.66
03:31:29,9912274641,27156633,26,240,24.43
03:31:39,9637809880,12112950,26,236,24.68
03:32:08,29030220286,15129167,26,651,22.51
03:32:26,18387093444,17587445,26,434,23.72
03:32:29,3237690140,11731086,26,81,25.55
03:32:39,9696247138,13806480,26,236,24.53
03:32:42,3451076050,18991820,26,86,25.44
03:32:59,16284530316,12452018,26,386,23.82
03:33:03,4542503250,20770175,26,115,25.78
03:33:16,12909378299,14068419,26,309,24.10
03:33:20,3998064017,13396393,26,101,25.69
03:33:25,5104909468,14544595,26,128,25.44
03:33:41,15539248279,15785547,26,373,24.14
03:33:54,13428418285,18667900,26,321,24.06
03:34:03,8594734202,17258680,26,211,24.79
03:34:07,4316108974,17442202,26,107,25.17
03:34:18,10272884408,14809618,26,248,24.33
03:34:33,15126821034,13392419,26,360,23.93
03:34:43,10330175762,17384584,26,250,24.39
03:34:47,4044553015,19037223,26,101,25.44
03:34:58,10264504997,16282731,26,251,24.63
03:35:06,8196672977,16358018,26,205,25.24
03:35:14,8462384014,21890301,26,210,25.05
03:35:57,42843050863,12024568,26,917,21.47
03:36:10,13354170643,27391545,26,324,24.43
03:36:19,8012340318,16962551,26,198,24.96
03:36:20,1821675342,13257176,26,46,26.13
03:36:30,9470933869,13199808,26,231,24.60
03:36:39,9419528754,15006198,26,230,24.62
03:36:50,10886935201,20252577,26,266,24.62
03:37:06,15486226662,19005727,26,371,24.10
03:37:20,14310209787,11755161,26,342,24.03
03:37:23,3281372199,14429876,26,82,25.54
03:37:37,13578925965,12050912,26,328,24.29
03:37:39,2157717681,12045955,26,55,26.31
03:37:53,13644544772,12073971,26,332,24.48
03:38:12,18820914771,12533894,26,444,23.70
03:38:25,13815238830,14923600,26,334,24.32
03:38:38,12547888614,12890078,26,306,24.53
03:38:48,9915582022,22852764,26,244,24.84
03:39:03,14701794630,13209096,26,356,24.35
03:39:13,9854736294,13108153,26,242,24.74
03:39:31,18164748528,13974984,26,433,23.96
03:39:44,13320641299,16583900,26,322,24.33
03:39:57,12828364951,13850924,26,311,24.41
03:40:15,18382314451,14093195,26,434,23.72
03:40:24,8679010929,18542531,26,213,24.79
03:40:27,3300334503,13256472,26,82,25.30
03:40:37,10022749384,12944167,26,245,24.62
03:40:47,9766122796,13125201,26,238,24.56
03:41:01,13952059469,13382097,26,334,24.08
03:41:11,9591260960,13793721,26,235,24.71
03:41:35,24629885023,15037974,26,566,23.08
03:41:46,10912277532,24313863,26,266,24.58
03:42:06,19453179883,12797380,26,453,23.39
03:42:40,33617099318,13342515,26,741,22.11
03:42:49,9649626599,13439605,26,235,24.55
03:42:56,6679447780,14703544,26,165,24.96
03:43:00,3750044830,16848744,26,95,25.81
03:43:04,4693371996,34353539,26,117,25.43
03:43:07,2187721288,13214734,26,56,26.41
03:43:34,27106849768,17198322,26,614,22.74
03:43:55,21648529198,12274742,26,503,23.34
03:44:13,17683175213,19160010,26,415,23.60
03:44:24,11040878773,13186793,26,268,24.45
03:44:45,20893226783,31453373,26,482,23.20
03:44:56,10455826965,16191875,26,256,24.68
03:45:00,4853525035,16072498,26,123,25.73
03:45:03,2097969491,12611331,26,53,25.98
03:45:13,9965998203,22819709,26,243,24.59
03:45:25,12159694213,20137890,26,294,24.35
03:45:41,15951412219,21402331,26,375,23.65
03:45:54,13230670715,17627221,26,321,24.42
03:46:23,28679308834,25121332,26,649,22.72
03:46:32,9642789208,13312928,26,236,24.68
03:46:47,15030285421,14569015,26,358,23.96
03:46:58,10323949601,13400694,26,253,24.70
03:47:01,3193863413,14377925,26,80,25.55
03:47:08,6737800026,12668486,26,169,25.33
03:47:33,25144445158,16880650,26,577,23.04
03:47:48,14838582274,16260370,26,353,23.93
03:48:09,21054641679,11711060,26,493,23.52
03:48:11,1943506018,13442711,26,49,26.06
03:48:22,11637966058,17549000,26,283,24.50
03:48:34,11844972685,12562326,26,291,24.72
03:48:38,3374904313,13701649,26,86,25.98
03:48:50,12044638155,21240545,26,292,24.43
03:49:03,13541497016,16986648,26,328,24.38
03:49:18,14987509494,17085741,26,361,24.24
03:49:27,8860940577,13116047,26,219,24.94
03:49:49,21877781696,22946425,26,511,23.47
03:50:02,13094952279,13324067,26,319,24.51
03:50:11,8799155924,15356466,26,219,25.11
03:50:27,15594695367,15130850,26,376,24.25
03:50:42,15031195838,20511601,26,363,24.31
03:50:52,10455348600,13080739,26,256,24.68
03:51:08,16013246416,19720966,26,386,24.26
03:51:18,9692981180,15940875,26,237,24.66
03:51:31,12762320146,12997024,26,309,24.36
03:51:35,4638077064,12926262,26,117,25.60
03:51:41,5488915940,23496790,26,138,25.50
03:51:51,10361269031,13616054,26,256,24.90
03:52:25,34194302312,21982225,26,763,22.40
03:52:32,6032569789,17223320,26,150,25.21
03:52:42,10210194526,16472583,26,251,24.80
03:52:52,10017217826,13909929,26,247,24.87
03:53:02,9715411319,11757208,26,240,24.89
03:53:14,12363902277,26012941,26,301,24.55
03:53:28,14290509511,21499573,26,344,24.24
03:53:50,21567858126,21480092,26,502,23.39
03:54:05,14663499033,13574111,26,357,24.48
03:54:22,17765065487,12833328,26,426,24.10
03:54:35,12410696764,13743349,26,305,24.73
03:55:43,68439950677,20341342,26,1345,19.70
03:55:58,14601527543,13996123,26,351,24.19
03:56:11,13347214102,13254404,26,324,24.43
03:56:20,8810618965,16016111,26,219,25.08
03:56:41,21304460367,18377114,26,501,23.63
03:57:04,22711684568,14239609,26,534,23.61
03:57:18,13419846477,13811247,26,325,24.38
03:57:23,5531996422,13621630,26,138,25.27
03:57:33,9651165916,13938379,26,237,24.76
03:57:57,24554483376,12495081,26,566,23.14
03:58:06,8920184068,26768570,26,219,24.82
03:58:11,4642411116,14401292,26,117,25.60
03:58:21,10351002160,15667308,26,256,24.92
03:58:44,22975474196,12311516,26,537,23.48
03:59:12,27545282661,20984084,26,629,22.93
03:59:22,9827575409,19572536,26,242,24.84
03:59:22,690546785,13690047,26,17,26.98
03:59:47,24590944411,12195419,26,563,22.99
03:59:54,6506389368,13154259,26,164,25.46
03:59:58,4010763414,21088951,26,101,25.69
03:59:59,969021438,20440904,26,24,26.96
04:00:19,20110016183,18891513,26,474,23.68
04:00:32,13444645769,12508957,26,325,24.32
04:00:57,25161261582,22119081,26,583,23.27
04:01:13,15324820399,24742680,26,372,24.44
04:01:24,11203435040,12820665,26,276,24.82
04:01:27,2668322159,19001151,26,68,26.25
04:01:40,12956242620,12371346,26,315,24.47
04:01:42,1934680389,25795890,26,49,26.48
04:02:03,21408756734,19709072,26,500,23.47
04:02:30,26921669767,19200141,26,614,22.90
04:02:44,14102466473,20806732,26,340,24.26
04:03:12,28115560004,17171580,26,644,23.00
04:03:27,14840536565,18599790,26,356,24.13
04:03:39,11883211708,11521334,26,290,24.57
04:03:54,15442284803,11939064,26,371,24.15
04:04:09,15010884452,11809266,26,364,24.39
04:04:18,8647404639,15060289,26,217,25.32
04:04:32,13642304158,14257002,26,334,24.63
04:04:46,13890532821,11732363,26,340,24.63
04:05:04,18290683212,14892727,26,433,23.80
04:05:06,1989865073,12948273,26,51,26.42
04:05:19,13361830164,25701704,26,324,24.43
04:05:38,18277694387,22274332,26,435,23.94
04:06:01,23496080990,14414315,26,546,23.34
04:06:09,7802740355,12402709,26,195,25.22
04:06:12,2691579857,13652533,26,68,25.85
04:06:22,10046951815,12947472,26,246,24.67
04:06:34,11647502421,17098282,26,286,24.74
04:06:46,12531909533,22320978,26,307,24.67
04:07:00,14221608958,21952477,26,343,24.29
04:07:06,5907202779,12127661,26,149,25.51
04:07:21,14767855702,12332390,26,354,24.09
04:07:48,26703967031,14050604,26,609,22.89
04:08:12,24206547006,13585889,26,564,23.40
04:08:24,11566355941,20525926,26,283,24.67
04:08:29,5535659260,19454244,26,138,25.32
04:08:33,4196089358,15429667,26,107,25.97
04:08:44,10144895969,14066546,26,251,24.95
04:08:53,9360284302,14102814,26,233,25.10
04:09:08,14634893588,20591434,26,352,24.20
04:09:44,36321665574,18332448,26,797,22.02
04:09:54,9610328478,18395082,26,237,24.86
04:09:59,5501244262,24716061,26,138,25.46
04:10:22,22895007002,12540371,26,533,23.38
04:10:32,9670173638,19358686,26,235,24.53
04:10:59,27311444470,12304928,26,621,22.82
04:11:15,15820788121,13146685,26,380,24.15
04:11:18,3097404857,13564836,26,79,26.07
04:11:37,18885722733,21726138,26,450,23.96
04:11:38,987419706,16794823,26,25,27.17
04:11:57,19446065259,14756002,26,461,23.82
04:12:00,2992099102,14660943,26,76,26.02
04:12:10,9950857430,16877162,26,245,24.82
04:12:30,19159097584,14137265,26,457,23.97
04:12:43,13945212941,12762012,26,338,24.38
04:12:47,3380783634,13672600,26,86,25.98
04:12:49,1821525002,12787521,26,46,26.13
04:13:02,13505031872,20178507,26,328,24.45
04:13:22,19336081605,12882766,26,457,23.75
04:13:34,12391793405,12459044,26,305,24.77
04:13:49,15226946107,16957147,26,367,24.25
04:14:07,18123963203,14556658,26,434,24.07
04:14:08,827669498,11748458,26,21,27.27
04:14:19,11212565303,14771827,26,275,24.73
04:14:41,21957092962,13716264,26,514,23.51
04:14:51,9906216003,16748064,26,247,25.12
04:15:10,18189588945,16767978,26,434,23.99
04:15:20,10797103713,13146673,26,265,24.72
04:15:36,15098290342,23285315,26,361,24.06
04:15:39,3418920136,18007153,26,86,25.67
04:15:57,18325766179,18054076,26,435,23.86
04:16:22,25091112482,12769419,26,576,23.05
04:16:32,9102813544,22773774,26,224,24.86
04:16:38,6525285645,19656576,26,163,25.31
04:16:53,15109457919,18558534,26,364,24.25
04:17:04,11097192722,11889682,26,272,24.68
04:17:33,28532094119,17371349,26,650,22.87
04:17:44,11091533799,17385724,26,273,24.81
04:17:52,7715270053,12441908,26,191,25.00
04:18:08,15862904813,12210418,26,383,24.28
04:18:21,13214289042,14478261,26,323,24.61
04:18:43,21696040551,11727335,26,508,23.51
04:18:56,13158493528,14036293,26,319,24.40
04:19:09,13526634042,13445055,26,331,24.62
04:19:24,14565535606,20456094,26,352,24.32
04:19:53,29175852448,11852002,26,663,22.81
04:20:06,12784910137,14477210,26,311,24.48
04:20:19,12898513734,20844826,26,313,24.45
04:20:53,34537893816,11471207,26,766,22.24
04:21:35,41078533205,23565985,26,884,21.59
04:21:53,18455258354,18659350,26,434,23.65
04:22:01,7758932384,15561717,26,191,24.86
04:23:25,83876457524,20766932,26,1576,18.83
04:23:43,18578304408,14144246,26,440,23.80
04:24:05,21654995208,19433954,26,507,23.53
04:24:14,8752210460,12327708,26,217,25.00
04:24:27,12774788307,12317095,26,312,24.58
04:24:41,14249254296,12869814,26,342,24.15
04:25:02,20889071344,18648742,26,490,23.58
04:25:13,11248202648,14524265,26,274,24.55
04:25:16,3412203259,20204543,26,86,25.82
04:25:30,13332345844,13387548,26,323,24.39
04:25:46,16166826953,13580137,26,389,24.19
04:26:04,17885855968,12436349,26,426,23.93
04:26:39,34999303290,23510886,26,771,22.11
04:26:42,3408125647,20652764,26,86,25.82
04:26:54,11384015416,11499428,26,280,24.75
04:26:55,1717806759,16565405,26,44,26.66
04:27:06,10648237409,17592354,26,261,24.71
04:27:07,911577004,19971758,26,23,27.38
04:28:17,69554313772,16355894,26,1361,19.61
04:28:26,9719780365,15374841,26,241,25.00
04:28:44,17945685607,19174132,26,427,23.93
04:28:52,7796836465,22758488,26,193,25.03
04:29:09,16718473083,11724044,26,400,24.05
04:29:20,11165304653,14123132,26,274,24.72
04:29:39,18739446895,12901862,26,443,23.76
04:29:53,13890094655,15108566,26,336,24.34
04:30:05,12687600307,15570936,26,307,24.36
04:30:28,22761549234,22821265,26,527,23.26
04:30:43,15122693500,14098505,26,362,24.08
04:31:06,22147558963,14190351,26,514,23.31
04:31:24,18549552356,12547751,26,437,23.67
04:31:39,14767621613,27421463,26,355,24.21
04:31:41,1757581879,22425384,26,44,26.19
04:31:54,13591900025,18240208,26,331,24.51
04:32:03,8766808478,12251979,26,219,25.20
04:32:17,13498592883,23019155,26,330,24.62
04:32:33,16761282511,14851741,26,400,23.99
04:33:42,68688661519,26582774,26,1350,19.70
04:33:53,10524405494,12180481,26,260,24.90
04:33:57,4763518521,11945020,26,120,25.53
04:34:07,9625624201,14960075,26,237,24.84
04:34:17,9659267387,17275268,26,237,24.73
04:34:34,17490657939,12073012,26,414,23.79
04:34:56,21369066364,19795776,26,499,23.47
04:35:09,13544749881,22789184,26,324,24.08
04:35:22,12395962016,15629176,26,295,23.96
04:35:55,32982941417,20941276,26,735,22.36
04:36:06,11234423137,25926919,26,273,24.50
04:36:19,13352153780,22799124,26,323,24.37
04:36:29,9869489954,25935790,26,240,24.56
04:36:46,17184343502,17948232,26,409,23.93
04:37:06,19521405534,14196285,26,455,23.42
04:37:32,25535463137,15567461,26,581,22.84
04:37:36,4570574362,14581117,26,115,25.55
04:37:45,9200515395,20395298,26,226,24.80
04:37:58,12563666964,12270559,26,305,24.43
04:38:21,23325159598,26794739,26,539,23.23
04:38:32,10205328933,13949733,26,250,24.70
04:38:35,3917197572,13106973,26,99,25.71
04:38:46,11031568231,17968372,26,268,24.47
04:39:04,17818012414,18506305,26,422,23.81
04:39:13,9032544855,16410240,26,222,24.80
04:39:35,21147766526,24030351,26,491,23.33
04:39:37,2730768739,12914465,26,69,25.93
04:39:52,15096732282,18420135,26,359,23.93
04:39:55,2631741145,20945553,26,66,25.88
04:40:12,16586001157,13287968,26,396,24.00
04:40:21,9593060212,16497303,26,236,24.81
04:40:31,10163820605,13738212,26,249,24.70
04:40:50,18307866435,17483159,26,432,23.72
04:41:03,13441332502,19552318,26,325,24.34
04:41:08,4505616513,23051478,26,113,25.56
04:41:20,12408137481,20202527,26,303,24.59
04:41:32,11774228273,13875450,26,287,24.55
04:41:41,8756924679,13360887,26,217,25.00
04:41:47,6032481795,16134157,26,150,25.16
04:41:57,9605403769,13152159,26,236,24.78
04:42:01,4789385669,25601637,26,120,25.53
04:42:14,12831267368,19778548,26,310,24.35
04:43:45,90600891798,16835722,26,1674,18.51
04:43:54,8914264140,18970927,26,218,24.68
04:43:57,3499244293,11831682,26,89,25.87
04:44:20,22283393805,20227554,26,516,23.27
04:44:30,10425401923,12881877,26,255,24.66
04:44:54,23895568269,16375048,26,549,23.07
04:45:12,18426848777,13650749,26,434,23.67
04:45:17,4547605856,14129718,26,114,25.44
04:45:26,9011711761,13565525,26,219,24.52
04:45:49,23485334385,13334962,26,543,23.22
04:46:01,10993352135,12328210,26,269,24.63
04:46:14,13571739671,11332165,26,330,24.46
04:46:17,2657050517,16594452,26,68,26.25
04:46:33,15961698573,15995242,26,380,23.94
04:46:44,11604900073,12101535,26,283,24.56
04:47:01,16619257461,28393704,26,394,23.86
04:47:26,25110487886,18980945,26,578,23.12
04:47:44,18289933061,17490751,26,433,23.80
04:48:03,18317562116,24612122,26,432,23.72
04:48:19,16665936393,20481704,26,399,24.07
04:48:28,8943512513,15503883,26,219,24.68
04:48:43,14596404771,15429023,26,354,24.41
04:48:52,9113095381,15025095,26,225,24.91
04:49:02,9700939833,22524341,26,238,24.76
04:49:13,11117798858,17063808,26,273,24.75
04:49:17,3765053823,15620122,26,95,25.74
04:49:30,13594092733,23329365,26,327,24.22
04:49:44,13742327883,12416655,26,334,24.45
04:49:58,13625351890,14712946,26,330,24.37
04:50:21,22610034429,19763717,26,529,23.51
04:50:24,3140502197,13642009,26,79,25.73
04:50:28,4630088339,19545502,26,117,25.71
04:50:51,23133044089,13595736,26,537,23.31
04:50:53,1092001455,23098581,26,27,26.73
04:51:16,23348372160,13086800,26,543,23.36
04:51:25,9244181182,17484883,26,230,25.10
04:51:40,14695468685,12494271,26,352,24.09
04:51:52,11575722607,17655287,26,285,24.80
04:52:00,8864588862,14687402,26,218,24.80
04:52:13,12800225617,13619364,26,311,24.44
04:52:38,24949002259,21551399,26,574,23.10
04:52:57,18321969237,17895033,26,433,23.76
04:53:24,27607428400,24815142,26,628,22.85
04:53:30,5590947074,13006726,26,140,25.36
04:53:42,12480615313,14007463,26,301,24.27
04:53:57,15133221782,13262555,26,365,24.25
04:54:26,28256354841,21582240,26,643,22.85
04:54:36,10292232752,14010810,26,252,24.68
04:54:48,11406002454,13035460,26,279,24.64
04:55:05,17516509642,14002555,26,416,23.86
04:55:15,10046025927,16932582,26,248,24.89
04:55:30,15205679263,15501701,26,368,24.35
04:55:55,25002989340,13355815,26,576,23.13
04:56:09,13123719164,26775291,26,319,24.50
04:56:20,11024909263,16879014,26,269,24.58
04:57:26,66401000063,14788887,26,1316,19.86
04:57:36,10236732586,14437571,26,251,24.72
04:57:46,9601348101,12912455,26,237,24.89
04:58:01,15194781942,13454612,26,368,24.35
04:58:11,9607482692,20142111,26,235,24.68
04:58:27,16186931951,21097979,26,389,24.19
04:58:42,15330166049,14139525,26,368,24.14
04:58:43,530146237,17256065,26,13,28.26
04:58:59,16403676611,13701712,26,391,23.97
04:59:12,12720160152,15760645,26,309,24.44
04:59:19,6529551600,15281259,26,163,25.27
04:59:37,18815834864,15856852,26,440,23.50
04:59:56,18764594921,34660048,26,443,23.75
04:59:58,2188460523,17056345,26,56,26.41
05:00:22,23222764711,12216487,26,536,23.18
05:00:40,18713950860,19331821,26,441,23.69
05:01:02,21896611574,16182373,26,512,23.49
05:01:16,13568388539,12602610,26,330,24.48
05:01:21,4723264357,19870675,26,119,25.64
05:01:24,3399190983,11935460,26,86,25.82
05:01:34,9738420351,13828257,26,240,24.84
05:01:52,18427806290,12624958,26,435,23.73
05:01:58,5532096485,24001215,26,138,25.36
05:02:11,13594213336,11563790,26,327,24.20
05:02:27,15715827386,14957155,26,377,24.13
05:02:36,9068799300,13301442,26,224,24.91
05:02:47,10354851443,18054529,26,253,24.63
05:03:09,21969264885,30079848,26,512,23.43
05:03:11,2040997041,18330454,26,52,26.39
05:03:30,19441435908,13981717,26,459,23.73
05:03:46,16244424653,15640649,26,389,24.08
05:03:58,12000951748,13145784,26,294,24.66
05:04:18,19430941355,11895185,26,460,23.78
05:04:35,17496178464,30736802,26,418,24.03
05:04:44,8574823446,12608104,26,214,25.17
05:05:24,39610004651,12072098,26,855,21.65
05:05:42,18074528436,13074854,26,428,23.80
05:05:51,8833048249,13177214,26,218,24.88
05:05:57,6546258956,29394842,26,164,25.42
05:06:13,15353519000,12983758,26,373,24.44
05:06:28,15620306526,20828212,26,378,24.35
05:06:36,7585706933,30441386,26,191,25.50
05:06:46,10007973119,12097197,26,248,24.97
05:07:04,18030508650,20309002,26,426,23.75
05:07:07,3493946438,21437206,26,89,26.09
05:07:26,18304239379,26003034,26,433,23.80
05:07:30,4141580116,16493289,26,105,25.79
05:07:34,3972029192,24977523,26,101,25.96
05:07:37,3105541489,13026357,26,79,25.98
05:07:40,2653567210,13642696,26,68,26.25
05:07:53,13333470396,13019383,26,323,24.37
05:07:58,4747233376,20822173,26,120,25.75
05:08:10,12503574011,13993702,26,306,24.63
05:08:28,17885862702,12404094,26,427,24.00
05:08:52,23656424157,14061492,26,552,23.43
05:09:03,11442026793,19360669,26,280,24.66
05:09:21,17935822264,20823228,26,427,23.94
05:09:26,4690219655,24040065,26,117,25.43
05:09:36,10234388435,15380191,26,252,24.82
05:09:52,15270209588,11971706,26,367,24.17
05:10:02,10537855330,12326789,26,256,24.47
05:10:17,15263081758,12317864,26,366,24.12
05:10:38,20241000140,13552799,26,476,23.63
05:10:46,7902792866,15857590,26,196,25.06
05:10:58,12386710949,12783374,26,303,24.61
05:11:49,50930801819,20578091,26,1058,20.83
05:11:57,7811621460,16814947,26,195,25.22
05:12:10,13103277831,13111973,26,320,24.57
05:12:12,2055953821,34924687,26,52,26.39
05:12:34,21839329945,23126770,26,514,23.65
05:12:52,17908053058,13766116,26,428,24.01
05:13:10,18594244060,19714868,26,441,23.85
05:13:24,13265029123,13141982,26,320,24.29
05:13:33,9623197858,16492070,26,235,24.63
05:13:43,9308215928,13895448,26,231,25.02
05:14:13,30647809329,12500729,26,686,22.46
05:14:24,11068174489,19610450,26,272,24.77
05:14:52,27311916020,15274692,26,623,22.90
05:15:19,27567851633,12293738,26,629,22.90
05:15:33,13838832937,10888272,26,331,24.05
05:15:53,20148989121,13264256,26,474,23.64
05:16:08,14468554388,15606877,26,351,24.40
05:16:21,13172205795,20746586,26,320,24.46
05:16:33,11637756594,23148438,26,283,24.52
05:16:41,8263831521,12729697,26,206,25.15
05:17:08,26828673652,16561906,26,617,23.09
05:17:18,9692955447,16995268,26,239,24.86
05:17:50,32045607143,21737690,26,717,22.46
05:17:59,9499739549,23244817,26,233,24.76
05:18:17,17841021757,13956707,26,425,23.94
05:18:36,18545540445,11368042,26,439,23.79
05:19:02,26431110314,12122549,26,604,22.94
05:19:46,44171225069,19335619,26,947,21.50
05:20:02,15338230376,14388348,26,371,24.32
05:20:14,12550460728,12518128,26,306,24.55
05:20:29,14628250562,12575831,26,355,24.41
05:20:44,15211369438,13779744,26,366,24.20
05:20:57,13078932146,16890167,26,319,24.55
05:21:22,24520550280,14866953,26,567,23.21
05:21:23,1414023644,12608845,26,35,25.92
05:21:31,7944083643,21584677,26,197,25.06
05:21:41,9655698941,15258615,26,236,24.66
05:22:15,34431398820,20791739,26,765,22.30
05:22:44,28434041152,20266655,26,647,22.85
05:22:52,8361674836,20020815,26,209,25.24
05:23:02,10156119475,13003264,26,251,24.90
05:23:13,11105392489,13034698,26,271,24.56
05:23:28,14775644393,19185519,26,357,24.31
05:23:30,2239282752,21321492,26,57,26.38
05:23:40,9898753300,14805485,26,244,24.84
05:23:53,12695971499,23951681,26,308,24.44
05:24:06,13185758048,15772805,26,318,24.29
05:24:08,1727547641,12417445,26,44,26.34
05:24:23,14652104039,20284034,26,353,24.24
05:24:32,9723089139,12901594,26,242,25.10
05:24:42,9641986401,11598142,26,237,24.76
05:24:56,13655483211,14853980,26,332,24.46
05:25:14,17920838668,13051477,26,429,24.06
05:25:22,8711846932,13194105,26,217,25.14
05:25:40,17790209679,19911656,26,425,24.03
05:25:50,9235438470,13803720,26,228,24.89
05:26:03,13411334375,13543228,26,325,24.38
05:26:23,19499877107,16493112,26,460,23.71
05:26:36,13473582608,13285589,26,327,24.42
05:26:46,9832630603,16189424,26,244,25.02
05:27:05,18987175978,13409455,26,452,23.92
05:27:31,25906685097,16083993,26,595,23.06
05:27:47,16029800296,21292858,26,385,24.16
05:28:06,18733349375,22567560,26,441,23.67
05:28:21,15234138655,20819736,26,367,24.24
05:28:35,13970325538,19252942,26,340,24.49
05:28:43,8453578632,22715704,26,210,25.11
05:28:52,8668054983,25074306,26,214,24.97
05:29:02,9757526578,25208447,26,240,24.81
05:29:29,27057246192,13815174,26,615,22.82
05:29:50,21372114058,18453731,26,497,23.36
05:29:58,7740507155,20634994,26,193,25.22
05:30:39,41405687456,14027924,26,891,21.58
05:30:50,10855273358,20996428,26,264,24.53
05:30:59,8342749164,35601426,26,206,25.00
05:31:24,25318102593,13740354,26,582,23.08
05:31:35,11395956820,12672943,26,274,24.20
05:31:37,1176382509,17377582,26,29,26.12
05:31:45,8663642415,13808081,26,213,24.79
05:31:55,9817974783,12380876,26,241,24.74
05:32:17,22071396122,15629480,26,508,23.12
05:32:33,15340888406,23408718,26,365,23.95
05:32:48,15038549076,25029747,26,358,23.97
05:32:55,7105642916,17365410,26,175,24.89
05:33:05,9750575061,11587091,26,238,24.58
05:33:19,13890465488,15949946,26,336,24.34
05:33:34,15480815679,12025289,26,373,24.22
05:33:55,21280653244,25085113,26,498,23.52
05:33:58,2498085094,16588551,26,63,26.03
05:34:07,8763923508,13492632,26,218,25.08
05:34:10,3427467314,28031288,26,86,25.74
05:34:14,3736700961,15580712,26,95,25.88
05:34:24,10063720422,14944633,26,248,24.84
05:34:30,5858776645,14489323,26,146,25.25
05:34:52,22558514079,23378094,26,524,23.34
05:35:07,14787984087,28950888,26,353,24.04
05:35:09,1939302332,18162182,26,48,25.66
05:35:19,9477269087,19377966,26,232,24.70
05:35:30,11395497161,14427899,26,275,24.29
05:35:38,7740204026,12562696,26,191,24.93
05:35:45,7071401571,14856922,26,175,25.03
05:35:50,4866521278,16183166,26,122,25.46
05:36:03,12855595713,12624929,26,312,24.41
05:37:08,64868925502,15792026,26,1290,19.93
05:37:24,15995822693,21091750,26,383,24.10
05:37:29,5522490207,22782986,26,138,25.36
05:37:37,7691906138,12602747,26,189,24.80
05:37:45,7671174024,14284096,26,191,25.13
05:37:48,3116223384,20050075,26,79,25.98
05:37:50,1889840520,14201753,26,48,26.37
05:38:08,17909682009,14061406,26,425,23.84
05:38:13,5480124561,21909076,26,138,25.55
05:38:21,8332489619,11403291,26,204,24.69
05:38:43,21477430583,13453971,26,502,23.47
05:39:00,17270761975,22166428,26,414,24.12
05:39:17,16869066404,18420363,26,401,23.91
05:39:19,2349996912,12298301,26,59,25.87
05:39:39,19202823402,14842194,26,451,23.60
05:39:53,14653191493,20694349,26,352,24.19
05:40:16,22216214374,13322314,26,513,23.19
05:40:24,8761901634,15061204,26,217,25.00
05:40:29,4314468949,25372056,26,108,25.53
05:40:32,2824113892,13883548,26,72,26.08
05:40:45,13344425611,21465938,26,322,24.32
05:40:48,2568292312,17924712,26,65,26.10
05:41:03,15493252988,12958751,26,368,23.89
05:41:24,21013117755,13141669,26,487,23.29
05:41:43,18711874402,22010412,26,440,23.65
05:41:58,14795522201,18240381,26,355,24.14
05:42:13,14932234227,14539368,26,357,24.05
05:42:26,13387014952,13885234,26,325,24.43
05:42:28,1902670675,14810971,26,48,26.08
05:42:38,9650681486,15877488,26,235,24.55
05:42:59,21747783068,19706637,26,502,23.19
05:43:02,2502404871,20891694,26,63,25.92
05:43:42,39837830827,17224508,26,863,21.73
05:44:12,30062406420,18513395,26,672,22.44
05:44:24,12605933400,15544202,26,307,24.52
05:44:30,5150393468,18452388,26,129,25.44
05:44:43,13699977174,13649347,26,331,24.30
05:44:55,11623542263,12067253,26,283,24.52
05:45:17,21854187591,14750283,26,510,23.44
05:45:30,12658061624,13288103,26,302,24.00
05:45:40,10140570006,13286570,26,248,24.65
05:45:51,10927955622,14985352,26,267,24.63
05:46:19,28062466743,14427816,26,637,22.79
05:46:34,15105016658,24963169,26,361,24.05
05:46:52,18328815297,25812637,26,433,23.76
05:47:04,11372059938,20892135,26,278,24.64
05:47:27,23141143480,13806567,26,532,23.09
05:47:34,6855365888,12094923,26,170,25.07
05:47:43,9615539073,28794905,26,238,25.00
05:47:57,13408091646,21608542,26,323,24.26
05:49:09,72704381332,17916671,26,1412,19.46
05:49:21,11600963897,14053809,26,279,24.21
05:49:33,11434896511,15256086,26,277,24.40
05:49:44,11933031787,12329547,26,288,24.30
05:50:03,18799116263,16094516,26,442,23.63
05:50:21,17827341057,18325414,26,427,24.08
05:50:35,13985880545,14589030,26,338,24.31
05:51:08,33292404405,19004029,26,740,22.30
05:51:24,15383643203,24408511,26,369,24.14
05:51:28,4349391595,13874739,26,110,25.70
05:51:40,11396779062,19766847,26,281,24.84
05:51:48,8768030941,18458935,26,217,25.00
05:52:00,11539980592,13210045,26,284,24.78
05:52:02,2315091359,24861638,26,59,26.33
05:52:05,2622260064,22376107,26,66,25.88
05:52:15,10109579024,13675178,26,249,24.82
05:52:28,12466577980,14419999,26,306,24.71
05:52:36,8285554701,16794504,26,206,25.12
05:52:51,15355666408,14123837,26,368,24.09
05:53:05,13973286805,14270553,26,340,24.49
05:53:08,3134561598,19444124,26,79,25.81
05:53:37,28213637078,12471599,26,642,22.83
05:53:46,8893526602,23265264,26,219,24.88
05:54:01,15237827599,11653004,26,367,24.22
05:54:03,2591674650,12367200,26,66,26.08
05:54:24,20860557267,18275038,26,489,23.55
05:54:36,11428030321,24557080,26,278,24.53
05:54:40,4341129799,14644254,26,108,25.29
05:54:53,12749703278,14434115,26,311,24.56
05:55:02,9399986879,12403023,26,232,24.89
05:55:21,18821212361,12446242,26,445,23.75
05:55:31,10187308331,23234395,26,250,24.77
05:55:46,14732861839,22163817,26,357,24.40
05:55:56,9650190997,13486252,26,238,24.86
05:56:10,14514950682,14274558,26,352,24.39
05:56:21,10864540408,14160838,26,267,24.76
05:56:31,9534407348,11924527,26,233,24.63
05:56:49,18009072821,15240651,26,427,23.84
05:56:52,3076798274,20287897,26,78,26.00
05:57:06,14164398490,12601638,26,342,24.28
05:57:12,5971611969,12576462,26,148,25.08
05:57:29,16525379724,21150510,26,392,23.87
05:57:46,16982237511,20696599,26,406,24.05
05:58:14,28008611635,21771784,26,640,22.95
05:58:38,24358199532,19265232,26,569,23.46
05:58:41,3129508913,14578923,26,79,25.81
05:58:59,18150054229,14625589,26,431,23.87
05:59:00,721950704,19108567,26,18,27.69
05:59:10,9619998670,12617826,26,237,24.84
05:59:19,9472505504,11990322,26,232,24.68
05:59:38,18616448102,22507942,26,441,23.81
05:59:51,13391020651,18094222,26,325,24.43
06:00:12,20293856719,14555112,26,478,23.66
06:00:33,21222697255,13041710,26,497,23.53
06:01:06,32697103908,22812340,26,734,22.53
06:01:19,13188873884,15754641,26,319,24.35
06:01:32,12798452514,19580477,26,315,24.78
06:01:41,9520191394,18391523,26,235,24.92
06:02:27,46021041280,13603112,26,977,21.29
06:02:37,9639524010,23160597,26,238,24.92
06:03:03,26065604373,19404929,26,599,23.08
06:03:04,1216736879,12116644,26,31,26.95
06:03:32,28087162107,21356551,26,636,22.73
06:03:47,14866477459,19916619,26,358,24.23
06:04:00,12527632663,16910137,26,302,24.27
06:04:10,9716882565,12613654,26,237,24.61
06:04:19,9798949261,13412296,26,242,24.89
06:04:21,1486331221,12510264,26,38,26.76
06:04:46,24717527574,16814375,26,569,23.12
06:05:04,18389295388,13554938,26,436,23.83
06:05:07,3113676054,19692990,26,78,25.65
06:05:09,1512535296,11765917,26,39,26.89
06:05:20,10863724121,16754373,26,266,24.67
06:05:39,19374141108,12368500,26,460,23.87
06:05:55,16335596824,12731465,26,391,24.07
06:06:07,11993607511,14638505,26,294,24.68
06:06:35,27224359499,21280792,26,625,23.05
06:06:54,19037882861,14031952,26,450,23.75
06:07:03,8856251381,16182065,26,219,24.97
06:07:06,3228691544,11796732,26,83,26.26
06:07:21,15372557499,26312768,26,368,24.09
06:07:34,12815365496,14789662,26,312,24.52
06:07:56,21626028247,16529756,26,502,23.32
06:08:06,9945355709,14776075,26,244,24.74
06:08:18,12115407671,11506556,26,295,24.52
06:08:31,13305298765,16198849,26,323,24.45
06:09:04,33148277603,17783588,26,735,22.25
06:09:18,13521822184,22043328,26,327,24.36
06:09:28,10048779948,13921773,26,248,24.87
06:09:42,14340894267,13481960,26,350,24.56
06:10:17,34885725629,21874037,26,773,22.23
06:10:31,13812005353,13268827,26,333,24.25
06:10:32,840910506,12842403,26,21,26.92
06:10:33,1608408807,14534518,26,41,26.62
06:10:43,9764477599,20640029,26,239,24.69
06:10:53,9465724100,20071705,26,232,24.73
06:10:57,3889043865,11661932,26,98,25.65
06:11:06,9633204439,12591732,26,236,24.71
06:11:21,14759870305,18431672,26,356,24.26
06:11:26,5029167867,16227132,26,127,25.60
06:11:42,15453936479,12240997,26,370,24.07
06:11:52,10064180539,22658071,26,247,24.77
06:12:10,18113416620,14754845,26,428,23.75
06:12:21,10936471389,14831841,26,268,24.70
06:12:46,25345796747,23255166,26,583,23.10
06:13:03,17226157424,15582588,26,411,23.99
06:13:09,5542297881,12008080,26,140,25.59
06:13:19,10093340151,13467690,26,248,24.77
06:13:45,25650052523,23280852,26,587,22.99
06:13:56,11057759181,18934465,26,270,24.61
06:14:14,18169570153,14119734,26,432,23.90
06:14:22,8023339804,24004533,26,201,25.34
06:14:38,15690501831,11549369,26,381,24.42
06:14:49,10995160000,19674444,26,272,24.95
06:15:04,15452199601,13136441,26,372,24.21
06:15:15,11170564435,12712310,26,275,24.79
06:15:27,11852787707,16468881,26,290,24.65
06:15:52,25021092473,17687437,26,577,23.16
06:16:12,19144330450,14071899,26,452,23.72
06:16:26,14601758702,20095443,26,352,24.27
06:16:45,18375706349,23817530,26,435,23.80
06:16:56,11892107390,16433288,26,291,24.66
06:17:07,10135421491,22459733,26,252,25.09
06:17:18,11688518286,22394946,26,283,24.41
06:17:27,8312213456,18670287,26,206,25.03
06:17:31,3955520120,11825634,26,101,25.96
06:18:07,36076784597,16210016,26,792,22.03
06:18:15,7890371824,21850064,26,196,25.09
06:18:21,6536268388,25554575,26,163,25.27
06:18:25,3883824185,20603893,26,98,25.78
06:18:43,17428236980,12767946,26,417,24.06
06:18:59,16346186158,16090221,26,391,24.06
06:19:08,9201893306,23402971,26,226,24.80
06:19:09,716687098,17448644,26,18,27.69
06:19:15,6388321165,12769636,26,159,25.15
06:19:24,8858510995,20526964,26,218,24.85
06:19:53,28538262699,13300205,26,648,22.79
06:20:03,10666355350,22449163,26,261,24.69
06:20:17,13226552828,12918554,26,321,24.42
06:20:20,3365216007,17119836,26,86,26.13
06:20:42,21775653072,12689369,26,513,23.66
06:20:46,3670821553,19028357,26,94,26.18
06:21:15,29427757142,13254316,26,674,22.99
06:21:24,9293770626,12272396,26,230,24.94
06:21:39,14836157917,13257926,26,360,24.42
06:21:58,18718067568,14336851,26,448,24.06
06:22:11,12733684896,14136765,26,309,24.42
06:22:23,12230339184,11967859,26,299,24.60
06:22:29,5928164690,19957667,26,148,25.29
06:22:47,18038217316,13054172,26,426,23.73
06:23:05,18412700714,19358825,26,434,23.70
06:23:17,11566761109,22685102,26,283,24.67
06:23:38,21003850647,13852163,26,494,23.62
06:24:08,29582019524,12289146,26,668,22.66
06:24:21,13335669915,16137907,26,325,24.52
06:24:45,23657104647,14664918,26,550,23.35
06:25:02,17126742227,24282048,26,410,24.08
06:25:14,12311568791,13557975,26,300,24.52
06:25:18,4041958693,11647939,26,102,25.69
06:25:28,9662742628,19432070,26,239,24.97
06:25:38,9685492003,19550705,26,240,25.00
06:25:56,18056144752,12003381,26,430,23.94
06:26:06,10498268087,16424724,26,260,24.97
06:26:17,11102188700,13583455,26,274,24.86
06:26:25,7585322662,16276241,26,191,25.43
06:26:38,13451870497,14973179,26,325,24.30
06:26:54,15566700266,21160003,26,377,24.36
06:26:55,718458830,12008727,26,18,27.27
06:27:11,16064327693,14881385,26,387,24.23
06:27:23,12366851660,12055917,26,305,24.83
06:27:55,32247987460,18086963,26,722,22.47
06:28:05,9653939791,13940381,26,240,25.05
06:28:18,12703859108,27417333,26,308,24.44
06:28:33,15126516704,13591091,26,364,24.20
06:28:47,13788531044,15870826,26,334,24.37
06:28:51,3996022336,26733182,26,101,25.83
06:29:06,15101659164,14626722,26,365,24.31
06:29:08,1765885830,14151268,26,45,26.47
06:29:43,35013224448,13487342,26,773,22.14
06:29:45,2100203011,13964903,26,53,26.10
06:29:54,9074157745,13257533,26,224,24.88
06:30:23,29269096028,14839497,26,663,22.73
06:30:45,21396918327,20483102,26,501,23.53
06:30:52,7728009860,15094249,26,193,25.22
06:31:08,15282642536,20573897,26,367,24.17
06:31:14,6544809816,17030852,26,164,25.34
06:31:18,3717193864,11729329,26,94,25.75
06:31:21,3388198415,16836752,26,86,25.90
06:31:30,8037888022,12360628,26,200,25.12
06:31:42,12702786572,12252237,26,308,24.40
06:31:46,3964985009,16013452,26,101,25.96
06:31:57,10224897039,12770697,26,251,24.75
06:32:18,21100944308,12924707,26,496,23.61
06:32:36,18035649555,13153502,26,430,23.96
06:32:54,18461065907,13260480,26,435,23.67
06:33:19,24431584056,13438748,26,565,23.22
06:33:50,31499051065,23828659,26,707,22.53
06:33:59,8749335514,20114645,26,217,25.05
06:34:02,3404807766,11735427,26,86,25.74
06:34:25,23005698074,12982194,26,537,23.44
06:34:29,3248982850,12394388,26,83,26.10
06:34:38,8869380337,11911022,26,218,24.80
06:34:59,21510871620,19574540,26,503,23.50
06:36:16,76589958459,14523676,26,1472,19.26
06:36:24,8741721616,17236248,26,218,25.17
06:36:36,11074275766,11776967,26,273,24.84
06:36:45,9748449252,21316979,26,241,24.94
06:36:54,8851415559,13413264,26,218,24.85
06:37:11,16748662714,15184254,26,400,24.02
06:37:30,19339833239,12414026,26,458,23.80
06:37:40,9311339634,25568900,26,229,24.86
06:37:53,13321235876,18920191,26,322,24.33
06:38:11,17486169758,16132288,26,413,23.73
06:38:22,11466341109,14515340,26,283,24.86
06:39:15,53383945871,13193132,26,1110,20.84
06:39:23,7731981886,13319356,26,193,25.19
06:39:45,22028164661,30498866,26,514,23.45
06:39:51,5329603241,18510243,26,133,25.33
06:39:52,1300260942,12731614,26,33,26.61
06:40:10,18200667268,16061382,26,434,23.97
06:40:12,1925068959,17116240,26,48,25.94
06:40:36,23894120352,12061066,26,552,23.20
06:41:14,37593027453,14530714,26,824,21.99
06:41:33,19189949069,12079503,26,453,23.72
06:41:50,17203007153,13573095,26,411,24.02
06:42:04,14162169179,13683907,26,344,24.44
06:42:39,34775888913,25274839,26,774,22.34
06:42:53,13495147544,17123331,26,327,24.40
06:43:14,21541463766,12569069,26,508,23.69
06:43:24,10047712898,18539051,26,248,24.89
06:43:27,3201288065,18737635,26,81,25.87
06:43:39,11811580599,12716897,26,287,24.46
06:43:54,14344163594,27925992,26,347,24.36
06:44:03,9086159591,24983529,26,225,25.02
06:44:09,6233048772,15775454,26,156,25.32
06:44:16,7411704572,13646171,26,184,25.10
06:44:25,8767385008,17132423,26,217,24.97
06:44:34,8942462973,19215387,26,219,24.71
06:44:42,7788153740,11669592,26,192,24.90
06:45:01,18763974514,13412214,26,445,23.83
06:45:11,10112381529,28685149,26,247,24.67
06:45:24,13172268755,17859512,26,320,24.46
06:45:26,2171384347,12008126,26,55,26.06
06:45:53,26801626777,12237530,26,610,22.84
06:46:05,11807011598,14472781,26,290,24.74
06:46:40,35144644908,15323640,26,774,22.10
06:47:00,19950326028,13005390,26,475,23.92
06:47:02,1499925292,12851556,26,38,26.38
06:47:31,29875360639,19782722,26,677,22.75
06:47:45,13421468932,23848463,26,328,24.62
06:48:00,14756408250,12388549,26,357,24.33
06:48:15,15089984320,13178283,26,365,24.33
06:48:28,13451090892,15000824,26,327,24.47
06:48:29,1184112955,12393776,26,30,26.78
06:48:38,8582839470,21083618,26,213,25.05
06:49:00,21429692411,23437133,26,501,23.51
06:49:04,4081143063,27576059,26,102,25.56
06:49:09,5480171579,13423193,26,139,25.69
06:49:23,13740312504,14019382,26,334,24.46
06:49:37,13849057188,12193193,26,336,24.41
06:49:45,7821295537,19751198,26,196,25.32
06:49:54,9654300093,13738521,26,238,24.86
06:50:27,32946205514,16621927,26,735,22.38
06:50:31,3774088164,23995354,26,95,25.74
06:50:49,18099518293,19986384,26,428,23.79
06:51:02,13131547167,25811759,26,320,24.55
06:51:12,9641560532,15193851,26,238,24.89
06:51:25,13352731503,14172963,26,324,24.41
06:51:40,14381470806,15386763,26,349,24.42
06:52:01,21319036162,25136599,26,501,23.63
06:52:03,1487841167,12109234,26,38,26.57
06:52:32,29009128263,21476220,26,659,22.81
06:52:44,12039621805,31325207,26,293,24.53
06:52:55,11521816870,19343350,26,283,24.75
06:53:05,9320423737,12362494,26,232,25.10
06:53:16,11357873238,17469301,26,281,24.93
06:53:21,5422527696,18566245,26,137,25.65
06:53:36,14389020874,16484034,26,349,24.40
06:53:46,9846730890,41975110,26,241,24.74
06:53:54,8286799749,14681312,26,209,25.48
06:54:08,14424245122,22385330,26,351,24.49
06:54:27,18096571796,25723271,26,432,24.01
06:54:29,2209639279,12769661,26,57,26.63
06:54:39,10130455091,13188959,26,251,24.97
06:54:54,15379522445,13624037,26,367,24.00
06:55:11,16487335460,15526893,26,392,23.90
06:55:39,28387846383,13908313,26,647,22.87
06:55:52,12358735847,25154830,26,302,24.63
06:56:18,26774852886,20839316,26,619,23.21
06:56:42,24018563240,11355328,26,551,23.03
06:57:13,30521897788,11908163,26,689,22.65
06:57:35,21492740753,21044957,26,502,23.47
06:57:48,13177099774,30262523,26,320,24.48
06:58:02,14272756415,12207750,26,345,24.31
06:58:12,10113663403,11474583,26,248,24.70
06:58:15,2368676521,13432954,26,60,26.08
06:58:30,15594251438,21964752,26,375,24.20
06:58:44,13584924865,12740206,26,328,24.29
06:59:03,18960328692,15459620,26,449,23.80
06:59:17,13905038804,14313776,26,338,24.45
06:59:31,14306991740,19115462,26,343,24.12
06:59:43,11501337177,11984937,26,280,24.51
06:59:52,9502822619,16266695,26,234,24.84
07:00:02,10095039867,20879513,26,248,24.77
07:00:07,4360467580,11415875,26,110,25.64
07:00:22,15116757290,12403646,26,364,24.21
07:00:29,7230950408,12391599,26,181,25.27
07:00:39,9952091154,18318498,26,245,24.82
07:01:00,21088413581,12824154,26,496,23.63
07:01:12,12384642172,22650836,26,302,24.59
07:01:21,8807761360,11859381,26,217,24.85
07:01:40,18465163220,12907628,26,439,23.89
07:02:09,28755659933,11668691,26,651,22.72
07:02:13,4037300720,14504750,26,101,25.44
07:02:28,15856911674,19015487,26,379,24.04
07:02:53,24474112291,12907963,26,565,23.18
07:03:00,7010159240,30895169,26,177,25.57
07:03:14,13653587070,14030659,26,332,24.46
07:03:28,14637469284,21048859,26,353,24.27
07:03:52,23320952819,19216718,26,542,23.35
07:04:02,10190576539,13349275,26,251,24.82
07:04:21,18623416595,13680431,26,438,23.63
07:04:45,24468091976,21280651,26,568,23.32
07:04:53,7941461605,19814549,26,198,25.19
07:05:09,16010979177,25996419,26,384,24.15
07:05:18,9279744025,14345753,26,233,25.32
07:05:40,21529805119,19374203,26,504,23.52
07:05:58,17704061982,12632788,26,423,24.02
07:06:16,18583318388,13230620,26,441,23.85
07:06:36,19302929002,13663770,26,454,23.63
07:06:47,11839987235,12899560,26,290,24.65
07:06:51,3115549829,11759676,26,79,25.90
07:07:11,20314964466,12923485,26,476,23.54
07:07:22,11448583686,12982488,26,279,24.53
07:07:38,15422656219,14639918,26,367,23.93
07:07:41,2685634762,12791680,26,68,25.95
07:07:52,11466195948,20632880,26,279,24.53
07:08:11,19443941850,21905380,26,459,23.73
07:08:20,8787623560,11825242,26,218,25.02
07:08:32,11981361952,21528035,26,291,24.47
07:08:48,15364355399,19336731,26,368,24.09
07:08:58,9913353404,18134426,26,243,24.72
07:09:05,7180976653,28097272,26,180,25.38
07:09:15,10031951826,13240159,26,247,24.82
07:09:29,14072388071,20992193,26,339,24.24
07:09:44,14768660189,17491886,26,357,24.33
07:10:10,26061870806,23644041,26,598,23.05
07:10:28,17878780503,18647085,26,428,24.07
07:10:32,4244465750,17695983,26,107,25.65
07:10:36,3851615461,16323523,26,98,25.92
07:10:56,19957481038,18250194,26,475,23.91
07:11:22,26439951915,11895006,26,609,23.12
07:11:30,8136484235,20016592,26,200,24.84
07:12:35,64022458544,20563772,26,1274,19.94
07:12:48,13885030832,17745747,26,335,24.29
07:12:54,5693908206,21445004,26,142,25.31
07:12:58,3337359547,16989125,26,84,25.68
07:13:13,15235380714,13566183,26,369,24.37
07:13:23,9835604728,12054012,26,242,24.79
07:13:53,30023053357,19279946,26,673,22.50
07:13:55,1933217765,21141447,26,48,25.80
07:14:10,15607355466,19595561,26,373,24.04
07:14:19,9108492639,13184914,26,224,24.80
07:14:28,8763558958,25892414,26,217,25.02
07:14:41,12611460630,13332579,26,304,24.26
07:14:59,18354132753,21976950,26,432,23.67
07:15:09,9704885861,20160201,26,239,24.89
07:15:24,14938864550,20438011,26,358,24.12
07:15:49,24921803472,13750346,26,574,23.12
07:15:51,2456610757,16435862,26,62,25.94
07:16:10,18754199740,12462807,26,440,23.57
07:16:19,8981096069,17503066,26,219,24.63
07:16:48,29120805784,23475768,26,657,22.65
07:16:52,4051271695,18318831,26,102,25.69
07:17:02,9714175647,26276007,26,238,24.74
07:17:38,36142129654,12048702,26,793,22.01
07:17:48,9485027206,17350591,26,232,24.68
07:17:59,11691394368,14494717,26,284,24.46
07:18:13,13383651548,25643891,26,324,24.39
07:18:31,17973637348,16088916,26,426,23.83
07:18:40,9206815398,13251698,26,224,24.53
07:19:01,20494818315,26397111,26,477,23.40
07:19:19,18706613863,11616794,26,443,23.80
07:19:20,398356106,12729086,26,10,29.41
07:19:29,8951288027,12045807,26,222,25.02
07:19:50,21778687732,14007139,26,507,23.38
07:20:25,34671432189,17109912,26,765,22.14
07:20:30,4376854893,29093772,26,110,25.64
07:20:31,1421787462,14583671,26,36,26.47
07:20:45,14085211037,17600923,26,338,24.14
07:20:54,8992689660,17839943,26,219,24.57
07:21:03,8842048950,12214566,26,217,24.74
07:21:14,11034598666,12042984,26,267,24.38
07:21:29,14824765299,24335485,26,352,23.89
07:21:37,8255288963,21611567,26,203,24.84
07:21:41,3967323423,12233369,26,101,25.89
07:21:54,12389905634,23764899,26,300,24.41
07:22:14,20473601561,11583845,26,476,23.35
07:22:24,9498236954,14619151,26,232,24.62
07:22:27,3744439215,13415269,26,94,25.54
07:22:39,11956849612,13529713,26,290,24.43
07:22:53,13797234755,13450247,26,330,24.07
07:23:02,9286151048,20942285,26,225,24.45
07:23:30,27436186973,17327310,26,617,22.57
07:23:46,16259343574,12445305,26,385,23.80
07:23:56,9677029536,11417844,26,238,24.79
07:24:18,21619474292,13822986,26,501,23.28
07:24:44,26175758469,15263556,26,596,22.86
07:24:53,9432268438,13407794,26,231,24.70
07:25:07,13438760501,11696436,26,325,24.32
07:25:15,8015438772,21224291,26,197,24.84
07:25:39,24651367469,13929587,26,567,23.09
07:25:52,12645801139,13044005,26,306,24.36
07:26:11,18754959892,11747485,26,440,23.57
07:26:13,1898990636,11775356,26,47,25.54
07:26:28,15366734630,12956352,26,364,23.82
07:26:43,15016707695,12603769,26,359,24.04
07:26:47,3619743296,17798430,26,91,25.63
07:26:48,1522134126,15846941,26,38,26.02
07:27:01,12373814193,14145191,26,298,24.24
07:27:19,18037600594,26414862,26,427,23.80
07:27:40,21556004493,12689881,26,497,23.15
07:28:01,21056198932,14169580,26,491,23.42
07:28:20,18565843754,14418881,26,438,23.71
07:28:48,27458336362,15554946,26,622,22.74
07:29:02,14190490508,12717029,26,337,23.88
07:29:21,19479514329,17951027,26,457,23.58
07:29:35,13382735820,18110347,26,322,24.22
07:29:48,13496641436,15239905,26,324,24.16
07:30:06,17923543184,21886471,26,424,23.79
07:30:28,21530914127,13649663,26,503,23.46
07:30:40,12277451995,19251678,26,298,24.46
07:30:55,15489287681,14391609,26,368,23.89
07:31:13,17865747283,14283854,26,422,23.74
07:31:22,8860799084,20987226,26,218,24.82
07:31:37,15056231773,15927213,26,360,24.06
07:31:51,13373902503,20663772,26,324,24.39
07:32:01,9940679200,13958879,26,243,24.64
07:32:07,6486988948,21399873,26,162,25.31
07:32:19,11594105164,31620940,26,280,24.36
07:32:37,18114287957,27929630,26,427,23.72
07:32:52,14761600951,19215636,26,353,24.07
07:32:56,4512899922,12838467,26,114,25.67
07:33:14,18138104515,15586333,26,428,23.72
07:33:29,14993044438,20391943,26,359,24.09
07:33:57,27565906785,13686966,26,626,22.79
07:34:11,14263969977,32316430,26,344,24.29
07:34:22,10853334671,14181303,26,265,24.60
07:34:58,35371913570,12826467,26,774,21.95
07:35:25,27157312000,21326392,26,616,22.78
07:35:36,10802994518,13363372,26,266,24.81
07:35:43,7115707880,14841232,26,177,25.14
07:36:11,28326790661,21594465,26,643,22.79
07:36:46,35165889611,13838713,26,771,21.99
07:37:12,25310814182,14828346,26,577,22.88
07:37:16,4255993107,15960139,26,107,25.59
07:37:26,9599183466,15226978,26,237,24.89
07:37:30,4375045060,13652874,26,110,25.58
07:37:34,4310599180,19891248,26,108,25.53
07:37:57,22842583215,13120642,26,524,23.04
07:38:06,8866330603,23180036,26,216,24.60
07:38:15,8753327689,19233673,26,217,25.05
07:38:30,15235194621,21233101,26,365,24.12
07:38:45,15129900212,18760779,26,363,24.15
07:39:09,23497434613,19675357,26,546,23.35
07:39:12,3769555067,22480834,26,94,25.47
07:39:42,29538249817,21980209,26,673,22.87
07:40:03,20670895981,12058073,26,487,23.66
07:40:09,6309663748,16483995,26,158,25.36
07:40:12,2885523592,19194875,26,74,26.33
07:40:56,43741986235,21918254,26,933,21.39
07:41:06,10479667738,14662138,26,258,24.80
07:41:14,7923843653,15435192,26,196,24.96
07:41:24,9709569911,19519308,26,238,24.74
07:41:27,2644707246,11625974,26,68,26.35
07:42:01,34848918007,20075590,26,770,22.17
07:42:04,2044283314,16835265,26,52,26.26
07:42:25,21469829911,11419947,26,501,23.44
07:42:43,18127209594,11530876,26,431,23.90
07:42:52,8745326928,18098664,26,216,24.94
07:42:59,6669413742,23585622,26,169,25.68
07:43:02,3638887506,24272541,26,93,26.12
07:43:24,21959361705,12583708,26,517,23.65
07:43:46,21649336644,14211393,26,508,23.57
07:44:03,17178079370,14504714,26,412,24.12
07:44:22,18690745958,19134390,26,441,23.72
07:44:37,14741689830,12046455,26,357,24.35
07:44:52,14873997721,12793459,26,359,24.27
07:45:10,18427887673,14129845,26,435,23.73
07:45:25,15257591391,20718696,26,366,24.14
07:45:56,30276372272,15544009,26,681,22.57
07:46:03,7709653414,12980471,26,191,25.03
07:46:08,5173362196,22271419,26,131,25.73
07:46:17,8359076081,15233998,26,207,25.00
07:46:40,22732464592,18167397,26,528,23.34
07:46:55,15243360932,14554575,26,365,24.09
07:47:10,15293381172,12464150,26,367,24.12
07:47:17,6494957805,13527545,26,163,25.38
07:47:39,22556745656,19281478,26,524,23.34
07:47:56,16277775196,17273496,26,391,24.16
07:47:59,3136178795,14203245,26,80,26.05
07:48:14,15066029063,13270168,26,360,24.03
07:48:17,3555940333,15169245,26,89,25.57
07:48:39,21226278293,20531260,26,497,23.53
07:48:52,13384635454,13515116,26,325,24.43
07:49:02,10225692779,24890534,26,249,24.58
07:49:04,2071589107,24243235,26,53,26.63
07:49:07,2984108466,11976554,26,75,25.68
07:49:24,16133323451,18590307,26,385,24.00
07:49:28,4215708476,11930350,26,107,25.78
07:49:39,11058202801,31614221,26,270,24.65
07:49:47,7882335308,14827109,26,196,25.12
07:50:03,16089965265,19128049,26,385,24.07
07:50:24,21058408944,19448924,26,497,23.72
07:50:51,26924354162,11984530,26,616,22.96
07:51:04,13269553155,21729916,26,324,24.60
07:51:23,18689796027,22781701,26,444,23.89
07:51:48,25185237438,15088191,26,578,23.04
07:52:05,16804014004,12974635,26,401,23.99
07:52:13,7733003427,14691853,26,190,24.83
07:52:31,17964846412,12398939,26,425,23.76
07:52:40,9726258649,14323061,26,240,24.87
07:52:47,6575365945,12984668,26,163,25.07
07:53:26,38525278284,20531828,26,832,21.67
07:53:44,18487742633,24769588,26,435,23.66
07:54:01,16811889529,14161816,26,400,23.92
07:54:20,18693319048,12512232,26,440,23.65
07:54:29,9124907656,19946890,26,225,24.91
07:54:50,21334622889,13079896,26,498,23.44
07:55:11,20452793842,12984268,26,480,23.58
07:55:21,10645708144,27426477,26,258,24.45
07:55:46,24815175718,13497292,26,568,22.98
07:56:04,17820548613,19013708,26,422,23.81
07:56:05,1320987057,19028316,26,33,26.40
07:56:15,9839189451,13014146,26,243,24.89
07:56:27,12064995237,19364716,26,290,24.22
07:56:46,18574733691,23167282,26,438,23.71
07:57:00,14229501441,17719314,26,340,24.04
07:57:15,14549974333,20365049,26,348,24.08
07:57:26,11734129924,12441112,26,284,24.37
07:57:48,21320565417,13713259,26,497,23.42
07:57:50,2199766175,13509545,26,56,26.16
07:57:52,2085118068,13583820,26,53,26.23
07:59:30,97507877672,13388908,26,1768,18.16
07:59:35,5552669109,16842190,26,139,25.36
07:59:48,12389354273,30965472,26,301,24.49
08:00:02,14736265250,16840281,26,357,24.38
08:00:21,18244114736,18635678,26,433,23.86
08:00:39,18630105877,15079215,26,442,23.85
08:00:50,10217195250,12801006,26,251,24.77
08:01:00,10082817140,21276967,26,249,24.92
08:01:30,30437581659,15647475,26,688,22.69
08:01:31,838131294,17805472,26,21,27.27
08:01:47,15541096709,11267596,26,372,24.07
08:02:05,18417787186,12866797,26,438,23.90
08:02:35,30462267137,22201514,26,686,22.61
08:02:54,18270176990,24115756,26,435,23.95
08:03:07,13696465614,15428583,26,334,24.54
08:03:11,3824390661,22569016,26,98,26.20
08:03:45,33187449610,16181347,26,737,22.28
08:03:56,11110765033,17252198,26,272,24.68
08:04:11,15448445903,12372321,26,371,24.15
08:04:17,5483616900,13990390,26,138,25.50
08:04:43,26572476277,22098238,26,610,23.05
08:04:49,5262625149,16454359,26,132,25.48
08:04:57,8886053199,15819503,26,219,24.88
08:05:07,9463034233,12086285,26,234,24.92
08:05:16,8963528528,13018818,26,219,24.63
08:05:28,12144906490,15288747,26,299,24.79
08:05:50,21436791850,25390593,26,501,23.49
08:06:11,21768747627,11780138,26,511,23.58
08:06:25,13907220428,17714054,26,337,24.38
08:06:36,10380028379,15419668,26,256,24.85
08:06:52,16232518217,15472683,26,387,23.97
08:07:03,11274456341,20228545,26,276,24.68
08:07:32,29015158002,19444479,26,661,22.87
08:07:35,3162729733,13792588,26,80,25.88
08:07:50,14486584644,17668175,26,350,24.32
08:08:05,15284567808,14723251,26,367,24.16
08:08:20,15157507807,33366706,26,366,24.31
08:08:39,18809852456,12084080,26,446,23.82
08:08:44,4583078789,22346819,26,115,25.55
08:08:57,13049013716,14670924,26,317,24.45
08:09:48,51343443204,29207981,26,1071,20.92
08:09:54,5935652443,19847955,26,148,25.29
08:10:13,18416674309,19549163,26,434,23.68
08:10:21,8442206586,24681090,26,209,25.02
08:10:31,9871193774,12430499,26,240,24.51
08:10:46,15394819373,18896605,26,369,24.11
08:11:02,15337201822,12426937,26,366,24.00
08:11:06,3911773330,12345998,26,98,25.45
08:11:21,15272841699,16424565,26,364,23.97
08:11:32,10876577945,32124568,26,268,24.88
08:11:54,22009638169,14898682,26,510,23.27
08:12:02,7752273349,11659325,26,194,25.26
08:12:20,17974736832,13523934,26,431,24.10
08:12:38,17788717139,12217310,26,426,24.06
08:12:40,2903334257,13803240,26,74,26.05
08:12:55,14469753071,19293042,26,352,24.49
08:13:16,21287953933,12370628,26,503,23.73
08:13:30,13309827096,13412326,26,325,24.56
08:13:44,14588360973,12497193,26,352,24.27
08:13:59,14669099027,12245679,26,354,24.27
08:14:14,15498497125,15010498,26,371,24.07
08:14:33,18417104283,12615700,26,437,23.85
08:14:49,15967882207,12297599,26,384,24.18
08:14:57,7800411594,21347633,26,192,24.90
08:15:09,12449020074,12282210,26,305,24.65
08:15:31,21725385932,13000641,26,509,23.54
08:15:33,2294645117,13427779,26,58,26.00
08:15:54,20865845016,12256253,26,486,23.39
08:16:11,17312673960,13033171,26,412,23.92
08:16:34,22457620975,14063397,26,522,23.34
08:16:38,4269423498,14904709,26,107,25.47
08:16:52,13616894525,15509735,26,330,24.39
08:17:11,19144608087,14118040,26,451,23.67
08:17:24,13335239201,12022835,26,322,24.30
08:17:45,20267427984,13884760,26,475,23.54
08:17:57,11957291209,13784566,26,293,24.66
08:18:18,21679341790,31798850,26,507,23.51
08:18:37,18803621902,30099048,26,443,23.70
08:18:53,15663909401,14323266,26,377,24.19
08:19:28,34709108192,18912819,26,770,22.26
08:19:35,7846837069,23411292,26,196,25.25
08:19:46,10383356052,25191739,26,254,24.68
08:20:18,32348026414,16178845,26,720,22.33
08:20:23,4730480342,12730400,26,119,25.53
08:20:26,2716450337,18776425,26,70,26.41
08:20:44,17937396057,12352996,26,426,23.86
08:20:53,8970571688,16205294,26,224,25.19
08:21:14,21558653063,27907562,26,501,23.36
08:21:32,18060058374,14199300,26,427,23.76
08:21:34,1970923986,14954522,26,50,26.31
08:21:53,18401519136,28561620,26,435,23.78
08:21:56,3217921650,17911681,26,81,25.79
08:22:08,12265750375,11510922,26,297,24.38
08:22:22,13399481871,18281818,26,324,24.34
08:22:31,9319524427,23790849,26,229,24.81
08:22:51,19833156705,12071762,26,466,23.60
08:22:52,713987889,13410090,26,18,27.69
08:23:10,18019845081,12860317,26,429,23.92
08:23:22,11862687644,13266327,26,290,24.61
08:23:39,17403487529,17097479,26,418,24.14
08:23:43,3487101932,17060377,26,88,25.73
08:23:45,2645015693,17279830,26,67,26.07
08:23:56,10465236070,15479311,26,256,24.66
08:24:10,14474985784,12898935,26,347,24.11
08:24:36,25746501305,11980514,26,591,23.04
08:24:54,18226540629,14648373,26,433,23.88
08:25:04,9385364539,31049082,26,231,24.86
08:25:08,4614004183,16526245,26,116,25.55
08:25:11,2860940421,13453260,26,72,25.71
08:25:13,2264598840,13691107,26,58,26.36
08:25:29,15587061117,14346518,26,374,24.14
08:25:46,17259550527,13233204,26,412,24.00
08:26:04,17854819393,22029282,26,425,23.94
08:26:14,9594804366,21475979,26,238,25.02
08:26:27,13262400885,22203205,26,322,24.44
08:26:41,13558990125,13946908,26,325,24.10
08:26:44,3443840213,12120096,26,86,25.44
08:26:48,3678623167,12391251,26,92,25.48
08:26:52,3734250384,12581136,26,94,25.61
08:26:58,6653896534,11833446,26,164,24.92
08:27:07,8401872098,12704090,26,207,24.84
08:27:13,6570753167,16256360,26,164,25.26
08:27:39,26014064037,12550194,26,592,22.84
08:27:57,17901956473,27367710,26,422,23.72
08:28:11,13830906276,24735116,26,334,24.32
08:28:20,8902771894,12253808,26,219,24.82
08:28:44,23508465683,13366140,26,539,23.03
08:29:01,17426373512,13711985,26,411,23.71
08:29:10,8523602785,13147836,26,210,24.85
08:29:25,15328759333,14769254,26,368,24.14
08:29:30,4948497058,14817800,26,122,25.00
08:29:43,12897736174,14375164,26,309,24.12
08:29:49,6593636154,17919237,26,163,25.00
08:29:58,8950888915,12250603,26,219,24.66
08:30:28,29294132640,19518057,26,658,22.54
08:30:37,9768053296,15186075,26,240,24.76
08:30:40,2445916135,20044210,26,62,26.16
08:30:58,17787770208,16322088,26,421,23.79
08:31:21,23286686571,12420193,26,540,23.28
08:31:24,3175067221,17429123,26,79,25.48
08:31:39,15236121237,21531323,26,365,24.12
08:32:05,25952467737,20498676,26,593,22.95
08:32:06,769247717,19188541,26,19,27.14
08:32:15,8303372999,12938661,26,205,24.90
08:32:22,7118033932,13093085,26,177,25.10
08:32:33,11047346680,17555155,26,270,24.63
08:32:41,8545054648,11903000,26,213,25.14
08:32:44,2564413705,18891592,26,65,26.10
08:33:06,22112080845,12833923,26,515,23.39
08:33:17,10688313523,12764864,26,260,24.50
08:33:21,4078999886,12676458,26,102,25.43
08:33:44,23323102587,13666721,26,538,23.16
08:33:58,13611083912,18957017,26,330,24.40
08:34:38,39625546719,15100112,26,864,21.87
08:34:38,896030821,12895933,26,23,27.38
08:34:55,16175685312,14784696,26,387,24.06
08:35:04,9595964237,17410504,26,235,24.71
08:35:23,18602663354,12116685,26,438,23.66
08:35:33,10179467715,15053465,26,249,24.65
08:35:52,18464798103,14336457,26,434,23.62
08:36:04,12820490296,12685074,26,309,24.25
08:36:18,13606919637,12448437,26,325,24.03
08:36:31,12923591559,18005480,26,311,24.24
08:36:40,8942894175,12595062,26,219,24.68
08:37:02,21540776532,12479571,26,499,23.27
08:37:05,3682468780,20520010,26,92,25.48
08:37:19,13642240696,12371264,26,329,24.28
08:37:28,8869253137,29551127,26,218,24.85
08:37:33,5697769945,15582158,26,142,25.26
08:37:44,10819126097,15996086,26,265,24.67
08:38:00,15251689131,16835987,26,366,24.14
08:38:13,13416872030,13252709,26,323,24.23
08:38:27,13696176468,25946311,26,330,24.26
08:38:54,27550149379,12480557,26,625,22.77
08:39:27,32336476543,21341774,26,722,22.41
08:39:42,14810171865,20503122,26,353,23.98
08:39:44,2319671802,13381137,26,59,26.22
08:40:18,34412297609,13278483,26,761,22.18
08:40:19,1131882766,15502433,26,28,26.16
08:40:33,13841999443,13170437,26,332,24.12
08:40:43,10124852170,12738481,26,247,24.57
08:40:52,8032913189,13186210,26,200,25.15
08:40:55,3113534286,12990271,26,80,26.22
08:41:04,8975619525,15755717,26,219,24.60
08:41:13,9458711705,22706050,26,231,24.65
08:41:36,22794907598,13470718,26,525,23.13
08:41:56,20316488795,12418014,26,475,23.49
08:42:08,11928727664,21580172,26,287,24.23
08:42:12,3738659379,14309966,26,94,25.61
08:42:21,9289573003,13529796,26,228,24.75
08:42:30,8803635205,15668915,26,218,25.00
08:42:34,3903289181,22233895,26,98,25.65
08:42:37,3394621279,18532211,26,86,25.90
08:42:49,11387561957,19198979,26,280,24.80
08:42:52,2711784654,20296770,26,68,25.75
08:43:06,14716879246,14104034,26,353,24.12
08:43:26,19641764454,17575878,26,457,23.38
08:43:43,17211941937,13907836,26,412,24.06
08:43:47,3435401938,16180744,26,86,25.51
08:44:12,24833908239,16152485,26,569,23.00
08:44:21,9627220169,18389520,26,238,24.94
08:44:22,737563960,17652084,26,18,26.86
08:44:44,21672658540,20615741,26,507,23.51
08:45:05,21340172475,13602086,26,498,23.44
08:45:39,34431905753,18149636,26,764,22.26
08:45:58,18285664805,23076454,26,432,23.76
08:46:13,14932702715,13636124,26,356,23.98
08:46:23,10706413789,12670611,26,260,24.48
08:46:37,13238596455,12623271,26,321,24.41
08:46:56,18809669508,15961893,26,444,23.73
08:47:12,16523087887,25781795,26,391,23.82
08:47:22,9960157774,12301493,26,245,24.79
08:47:26,3507822428,21789910,26,89,25.94
08:47:35,8911333636,19459867,26,219,24.80
08:47:57,22572766691,12667058,26,524,23.31
08:48:03,5327894942,14122750,26,133,25.33
08:48:13,10608568202,13618547,26,258,24.50
08:48:32,19274957540,15592343,26,450,23.46
08:48:44,11622025978,25249492,26,279,24.19
08:48:55,10572294963,16380041,26,256,24.40
08:49:31,36245398457,13969649,26,794,21.97
08:49:46,15244351060,16360529,26,365,24.09
08:50:00,13611740769,13253826,26,327,24.16
08:50:10,10232650872,13082494,26,251,24.72
08:50:26,16215629676,20301691,26,388,24.08
08:50:44,17636282750,21152346,26,418,23.84
08:51:00,16149840928,20875841,26,385,23.98
08:51:15,15205312298,16519917,26,362,23.95
08:51:29,13605311136,23686846,26,330,24.42
08:51:32,3441928345,12664050,26,86,25.51
08:51:48,15307873441,12542581,26,365,23.98
08:51:59,10852561496,12447252,26,267,24.79
08:52:12,13646019775,12549359,26,330,24.33
08:52:48,35532757644,13798382,26,783,22.11
08:53:01,12786566311,15273166,26,309,24.33
08:53:14,12845611407,13934156,26,310,24.29
08:53:48,34459054945,22398604,26,762,22.19
08:54:01,12882294177,13034692,26,312,24.37
08:54:17,15894746466,11950256,26,380,24.03
08:54:32,15470807713,15624989,26,368,23.92
08:54:38,5630577061,12520449,26,141,25.35
08:54:50,12108927799,14634584,26,296,24.62
08:55:06,15908445528,22525525,26,379,23.97
08:55:18,12229983983,18557168,26,298,24.54
08:55:34,15462533917,16075019,26,372,24.20
08:55:56,21995893167,17334233,26,508,23.20
08:56:06,9691794230,16717754,26,237,24.66
08:56:36,30088766705,17505040,26,675,22.52
08:57:35,58897702875,13022141,26,1186,20.18
08:57:46,11607910732,14781782,26,283,24.56
08:58:04,17357901501,17921238,26,412,23.87
08:58:13,9797687069,13620096,26,241,24.79
08:58:35,21192452134,12048867,26,495,23.45
08:58:45,9846815340,13122565,26,243,24.87
08:58:51,6196116788,27667866,26,152,24.91
08:59:18,26898268040,12544149,26,612,22.83
08:59:27,9488802979,15166720,26,233,24.76
08:59:49,22196235167,13325110,26,512,23.16
08:59:54,4461083178,18300373,26,111,25.34
09:00:09,14616395123,21945920,26,351,24.17
09:00:15,6629729030,13231426,26,164,25.00
09:00:30,15178338241,22527094,26,364,24.13
09:00:45,14897932137,18102286,26,356,24.05
09:00:55,9785388465,12130536,26,238,24.51
09:01:04,9327085761,19281014,26,229,24.78
09:01:08,3210557883,14699477,26,79,25.15
09:01:23,15036124410,18487662,26,357,23.89
09:01:35,12038870248,15418927,26,293,24.51
09:01:47,12214008449,12551767,26,299,24.64
09:01:48,956304089,15092895,26,24,26.96
09:01:49,619056161,11788925,26,16,28.57
09:01:51,1946284739,12924200,26,49,26.06
09:02:03,12127904545,28268697,26,295,24.54
09:02:17,14378660300,11933657,26,351,24.56
09:02:40,22468316879,26516022,26,527,23.57
09:02:42,2379891500,13453851,26,61,26.29
09:02:57,15243459911,13298565,26,366,24.14
09:03:09,11750629476,13739339,26,287,24.59
09:03:34,24391926862,13489775,26,566,23.30
09:03:41,7673295306,17881516,26,190,25.03
09:03:56,15018823955,16601352,26,365,24.46
09:04:14,17879737575,22024874,26,427,24.02
09:04:28,13989038104,14918175,26,340,24.46
09:04:46,18308862023,12785919,26,436,23.94
09:05:00,13102634613,15424114,26,320,24.59
09:05:08,7980315129,19063955,26,197,24.96
09:05:24,16468734484,14804314,26,394,24.05
09:05:37,13329804044,21998985,26,325,24.56
09:05:41,3112475488,12600275,26,79,25.98
09:06:02,20960920839,13054620,26,492,23.58
09:06:23,21335028277,14185842,26,499,23.49
09:06:36,13535160771,12842226,26,324,24.08
09:06:55,18221671788,28448382,26,429,23.68
09:07:04,9729882547,19424405,26,240,24.89
09:07:17,12299798922,12237507,26,300,24.54
09:07:39,22462928984,13014894,26,522,23.34
09:07:55,15469716113,18956840,26,371,24.13
09:08:03,7830300859,13360015,26,194,25.00
09:08:14,11574757168,17515856,26,285,24.80
09:08:37,22939489872,26690986,26,536,23.48
09:08:45,7627261278,21749683,26,192,25.46
09:08:59,14071409586,29016068,26,342,24.48
09:09:09,9739236343,22734409,26,240,24.87
09:09:13,4056580244,20173120,26,102,25.62
09:09:26,13414884911,12624144,26,324,24.30
09:09:31,4682218656,22540527,26,119,25.86
09:09:40,9420854982,19522615,26,231,24.75
09:09:58,17504823290,22294745,26,417,23.96
09:10:00,1916938624,11354361,26,49,26.34
09:10:05,5604682398,17525309,26,140,25.31
09:10:27,21782866986,12175656,26,508,23.42
09:10:43,16016924352,25638370,26,385,24.19
09:10:56,12388583108,19777952,26,301,24.47
09:11:21,24965631423,11535000,26,577,23.20
09:11:23,2371708879,17253555,26,60,26.08
09:11:41,17983380633,22834063,26,428,23.95
09:11:53,12081412288,14746550,26,293,24.41
09:12:07,14174174112,11921183,26,343,24.34
09:12:21,13629474259,13389523,26,331,24.42
09:12:35,13530983123,27150863,26,328,24.42
09:12:44,9615518260,19664439,26,240,25.18
09:12:54,9466627335,18234449,26,234,24.94
09:13:22,27846015772,13117525,26,636,22.92
09:13:22,855675000,25977630,26,21,26.92
09:13:32,9325721111,12086899,26,231,24.97
09:13:34,1905458971,12480994,26,49,26.63
09:13:59,25076130705,23847834,26,576,23.07
09:14:19,20058081195,12682540,26,475,23.79
09:14:32,12909572998,16503211,26,312,24.33
09:14:57,24997978171,18550569,26,576,23.15
09:15:15,18179873418,16883943,26,428,23.67
09:15:23,7642387618,19656584,26,191,25.26
09:15:26,3095016487,13669462,26,79,26.07
09:15:30,4202342173,13360119,26,106,25.66
09:15:48,18042211573,23014233,26,428,23.85
09:15:53,4838641640,11520199,26,122,25.57
09:16:01,7591973901,15496291,26,191,25.39
09:16:10,9222883908,12153854,26,229,25.08
09:16:22,12020870685,12463858,26,294,24.62
09:16:36,14060699784,12089223,26,341,24.40
09:16:58,21775791132,20427995,26,508,23.45
09:17:08,9912454317,19122651,26,246,25.02
09:17:18,10704126833,12446508,26,263,24.76
09:17:41,22227877246,13109951,26,523,23.63
09:17:51,10264141374,14851316,26,251,24.65
09:18:00,9479100248,14406236,26,235,25.00
09:18:03,2619152996,15114401,26,66,25.88
09:18:08,5216812955,32843860,26,131,25.53
09:18:31,22546890878,14266281,26,524,23.35
09:18:34,3136603705,20974186,26,80,26.14
09:18:43,8805542793,12083685,26,217,24.85
09:18:44,964316975,17304291,26,24,26.96
09:18:48,4007021806,11428482,26,101,25.63
09:19:06,17920904416,17675002,26,427,23.96
09:19:14,7841506812,18473311,26,196,25.25
09:19:27,13324103444,14255829,26,323,24.39
09:19:39,12207485993,23561877,26,298,24.62
09:19:48,8815144551,15907371,26,218,24.94
09:19:51,3121396640,13817669,26,79,25.81
09:20:25,33657520630,11709484,26,753,22.45
09:20:35,9749839476,24353945,26,240,24.84
09:20:45,10531517230,16776716,26,258,24.68
09:20:56,10665068975,18384726,26,263,24.85
09:21:14,18262402884,15798288,26,434,23.88
09:21:24,10122814563,19555667,26,247,24.62
09:21:40,15255046372,23895152,26,370,24.42
09:22:09,28980867611,12979391,26,659,22.82
09:22:43,34500245603,16526607,26,763,22.19
09:23:08,24951450846,11611201,26,578,23.25
09:23:20,11605877794,13474265,26,283,24.56
09:23:27,7614754556,17324664,26,190,25.23
09:23:49,21298351663,13080431,26,500,23.58
09:24:04,14763289392,14001929,26,357,24.31
09:24:13,9336142304,27041289,26,230,24.89
09:24:28,14713515791,14850007,26,357,24.40
09:24:37,8846497123,12859448,26,219,24.97
09:24:48,11690098414,17625605,26,285,24.56
09:25:02,13861278392,23432835,26,336,24.41
09:25:23,21124136761,12954172,26,499,23.72
09:25:41,17513314203,21006142,26,418,24.00
09:25:45,4255438619,16710935,26,107,25.59
09:26:04,18941961185,22176917,26,450,23.88
09:26:09,4437014687,14286785,26,112,25.62
09:26:17,8739615705,19354407,26,217,25.05
09:26:49,31663247323,20970277,26,711,22.54
09:27:08,19094728717,13386640,26,451,23.73
09:27:14,5554251094,17053535,26,140,25.54
09:27:16,2567418163,16642117,26,65,26.00
09:27:52,35524404380,15556121,26,782,22.09
09:28:05,13499483910,13061449,26,329,24.51
09:28:16,10314686795,18743431,26,256,25.02
09:28:28,11993587041,18123090,26,294,24.68
09:28:46,18239259638,25716678,26,435,23.99
09:28:54,8490494382,19738252,26,210,25.00
09:29:10,15851557030,11860494,26,382,24.22
09:29:29,18903150461,12902372,26,448,23.81
09:29:43,13317963383,14459133,26,322,24.33
09:29:46,3135948472,13040858,26,80,26.05
09:30:01,14918016851,18546601,26,360,24.29
09:30:22,21161861651,12221847,26,497,23.58
09:30:37,14900867829,15071434,26,361,24.37
09:30:40,3383344349,15426514,26,86,25.98
09:30:50,9412944182,15193332,26,233,24.97
09:31:00,10490106319,19233777,26,258,24.80
09:31:15,14774278035,22040846,26,357,24.33
09:31:26,11472179197,12917710,26,281,24.67
09:31:45,18540538772,20869107,26,441,23.91
09:32:03,18304118223,13825329,26,433,23.79
09:32:16,12697766025,13343580,26,311,24.64
09:32:24,7625988350,15614271,26,187,24.76
09:32:37,13470905868,12958402,26,325,24.28
09:32:38,960025501,18820285,26,24,26.96
09:33:01,23110758897,15255059,26,533,23.16
09:33:15,13376628551,13152144,26,324,24.37
09:33:33,18208389744,22549821,26,431,23.81
09:33:41,7817871927,15694622,26,194,25.06
09:33:51,10093431279,14554221,26,247,24.67
09:34:03,11850407684,16891217,26,290,24.65
09:34:15,12594359612,21126316,26,305,24.40
09:34:29,13813602192,13435357,26,332,24.18
09:34:34,4297830473,18687899,26,107,25.35
09:35:19,45834085834,14249325,26,972,21.26
09:36:41,81354908343,16168829,26,1548,19.06
09:36:59,18287385542,12996786,26,434,23.85
09:37:09,9587316723,22976608,26,236,24.84
09:37:11,2613409769,18679930,26,67,26.37
09:37:20,8677146256,18828607,26,217,25.26
09:37:29,8515617826,11865451,26,211,25.00
09:37:29,710681953,13829369,26,18,27.69
09:38:02,32888568133,20181680,26,735,22.43
09:38:28,26261775246,12895015,26,603,23.05
09:38:42,13546303692,15102313,26,331,24.60
09:38:51,8783088472,13370841,26,218,25.05
09:39:04,12808698080,14195483,26,311,24.44
09:39:22,18119737229,22687116,26,432,23.97
09:39:37,14659355279,15401942,26,355,24.36
09:39:41,4968212667,18766562,26,125,25.56
09:39:55,13386518646,14784219,26,326,24.51
09:40:28,33407321538,11718485,26,751,22.55
09:40:41,12543364828,19108380,26,308,24.73
09:41:03,21873989946,12473771,26,513,23.55
09:41:27,24477436711,15526514,26,569,23.34
09:41:31,3749018410,13342709,26,94,25.54
09:43:30,119194694366,17275494,26,2052,17.24
09:43:43,13176125367,11316071,26,319,24.36
09:44:00,16370641255,19270428,26,389,23.90
09:44:10,10223217410,11547308,26,251,24.75
09:44:11,1040197807,16284058,26,26,26.80
09:44:23,11834075468,11753284,26,288,24.51
09:44:37,13449264157,12537019,26,324,24.23
09:44:42,5546937956,16359010,26,139,25.41
09:45:14,32185091782,11573603,26,722,22.51
09:45:29,14773806355,22360333,26,352,23.97
09:45:54,24744124555,12541717,26,571,23.17
09:46:02,8490283137,13937906,26,210,24.97
09:46:15,12636617904,14185965,26,303,24.14
09:46:23,8377982286,14070041,26,204,24.57
09:46:24,995604346,13820790,26,25,26.59
09:46:33,8902292696,14690186,26,219,24.80
09:46:37,3632744931,18996512,26,92,25.84
09:47:06,28691957817,21223408,26,644,22.54
09:47:11,5305382117,15476195,26,134,25.62
09:47:25,13655025200,18900555,26,327,24.11
09:47:28,3138965361,21695795,26,79,25.81
09:47:41,13399638292,17210296,26,321,24.11
09:47:49,7811878660,22779734,26,191,24.74
09:48:10,21225609328,14809406,26,492,23.28
09:48:24,13105169637,13831300,26,315,24.19
09:48:38,14852303308,17859710,26,353,23.91
09:48:44,5669985446,12950432,26,143,25.53
09:49:00,15456561896,19882286,26,365,23.76
09:49:18,18762053098,13614775,26,439,23.51
09:49:27,8208316967,12338259,26,202,24.84
09:49:44,17806974283,13260211,26,420,23.70
09:49:55,10919275383,13129177,26,265,24.44
09:50:07,12013672534,20541148,26,293,24.58
09:50:18,10472539394,15206366,26,255,24.54
09:50:31,13469872052,15275689,26,325,24.28
09:50:45,13374610128,20507648,26,323,24.32
09:52:08,83652036403,18036195,26,1570,18.80
09:52:31,22328235540,12763278,26,521,23.43
09:52:56,25667456058,16136609,26,592,23.17
09:53:14,17271164296,13549512,26,410,23.86
09:53:33,18871833058,19834849,26,443,23.60
09:53:54,21536537649,13000713,26,503,23.46
09:53:59,4799401216,24761257,26,121,25.69
09:54:03,4030980961,31088991,26,101,25.63
09:54:22,19167662830,17376921,26,453,23.75
09:54:36,13565359465,14199239,26,326,24.18
09:54:54,18385607775,31201173,26,436,23.86
09:55:04,10080054395,28342394,26,247,24.74
09:55:18,13573336637,14072789,26,326,24.16
09:55:30,12213780740,17003076,26,295,24.31
09:55:46,15260856055,14018433,26,366,24.12
09:55:59,13632533253,12779764,26,330,24.35
09:56:00,749075300,25419857,26,18,26.86
09:56:03,2666946370,20952834,26,68,26.25
09:56:15,12238640355,12199734,26,296,24.34
09:56:22,6680887004,15966960,26,164,24.81
09:56:31,9360538651,19867660,26,230,24.81
09:56:50,18774969563,26052829,26,441,23.63
09:56:53,3439602354,14540792,26,86,25.51
09:57:04,10966830110,15361613,26,268,24.63
09:57:09,4378182220,16421146,26,110,25.58
09:57:20,11427603000,23645812,26,279,24.62
09:57:54,34038138404,23399387,26,754,22.23
09:58:00,5548113268,12297946,26,138,25.18
09:58:13,12859216661,14455627,26,308,24.11
09:58:26,13743879799,15033121,26,331,24.23
09:58:37,10274722351,19270175,26,249,24.43
09:58:44,7355384461,15854385,26,181,24.86
09:59:09,25191343257,12953717,26,578,23.03
09:59:21,11438430294,17981781,26,280,24.69
10:01:07,106181120470,13411201,26,1882,17.75
10:01:10,3134011739,18955791,26,79,25.81
10:01:32,21530722031,13469758,26,500,23.33
10:01:54,22753564242,12481156,26,527,23.25
10:02:21,26589132219,24322431,26,603,22.78
10:02:49,27562501804,13111952,26,620,22.58
10:02:50,1751322192,13071050,26,44,26.03
10:03:19,28801667633,12721648,26,649,22.62
10:03:29,9715859048,23260130,26,239,24.84
10:03:41,12125609447,34733599,26,294,24.47
10:03:55,13706968572,19120867,26,330,24.24
10:04:05,10302796584,13915514,26,251,24.55
10:04:28,22394848396,21770545,26,521,23.37
10:04:40,12449065611,11533954,26,303,24.49
10:04:51,11210703899,12675229,26,272,24.43
10:05:06,14665600379,12462278,26,352,24.14
10:05:16,10169626472,14347021,26,249,24.67
10:05:19,2617913677,16014489,26,66,25.88
10:05:34,15415763683,25209362,26,367,23.97
10:05:39,5211089313,14847648,26,130,25.29
10:06:21,41498345514,17518398,26,884,21.37
10:06:40,19390738979,13541747,26,453,23.47
10:06:50,9542826353,13372939,26,234,24.70
10:07:05,14602200159,16754488,26,350,24.12
10:07:16,11605672012,13130003,26,280,24.30
10:07:27,10339068959,19977958,26,251,24.48
10:07:36,9763601599,30145629,26,238,24.61
10:07:49,12422260331,16091663,26,300,24.33
10:07:58,8821274268,14669394,26,218,24.91
10:08:19,21372537093,26193362,26,498,23.42
10:08:47,27761305673,12912415,26,629,22.74
10:08:59,11711929607,14385130,26,286,24.59
10:09:09,10402681885,11453995,26,256,24.78
10:09:28,19065026699,23076471,26,448,23.62
10:09:59,31072151883,19459081,26,697,22.52
10:10:02,2371138161,20830857,26,60,26.08
10:10:11,9724089351,15777775,26,239,24.76
10:10:26,15103083340,16866515,26,360,23.98
10:10:39,12507839814,15911596,26,302,24.31
10:11:07,28390085564,13693230,26,639,22.59
10:11:13,5707004941,14517961,26,142,25.17
10:11:26,13321478109,17041790,26,319,24.11
10:11:30,3157126162,21350676,26,79,25.73
10:11:43,12979020708,11614437,26,313,24.26
10:11:58,15870509592,13837763,26,376,23.82
10:12:03,4923053583,20674228,26,123,25.36
10:12:15,11248751254,24250895,26,274,24.55
10:12:30,15623000946,14410050,26,371,23.88
10:12:38,7834019550,31008094,26,193,24.93
10:12:57,18277797370,12596868,26,430,23.63
10:13:10,13410013064,20562100,26,322,24.19
10:13:23,13117153368,20671010,26,316,24.27
10:13:47,24138777130,13667890,26,556,23.12
10:14:01,14046431001,20961044,26,338,24.22
10:14:11,9955841790,19811489,26,244,24.72
10:14:26,14496927506,12087470,26,347,24.08
10:14:38,11873068886,12573434,26,288,24.42
10:14:39,1162822703,21991973,26,29,26.60
10:15:02,22721376680,13643830,26,523,23.12
10:15:18,16707883054,15492729,26,399,24.00
10:15:22,3247234855,23387944,26,81,25.63
10:15:38,16462296101,18891418,26,391,23.88
10:15:56,18209578053,12505502,26,430,23.73
10:16:00,3412064799,18592111,26,86,25.74
10:16:10,9838923185,12780301,26,240,24.59
10:16:36,26686461254,12486092,26,607,22.82
10:16:59,22296836377,13215706,26,519,23.37
10:17:17,18031020405,14253599,26,426,23.74
10:17:40,23209019602,14101024,26,539,23.32
10:17:42,1925965287,13813061,26,49,26.34
10:17:46,3701784418,13748416,26,92,25.34
10:17:50,4622435485,20128705,26,115,25.33
10:18:06,16107510881,13511211,26,384,23.97
10:18:25,18262057459,13278224,26,433,23.83
10:18:35,10727774179,15353211,26,265,24.90
10:18:48,12439383308,12250185,26,301,24.35
10:19:02,13600132278,11956823,26,326,24.13
10:19:02,409074691,13986721,26,10,28.57
10:19:12,10339195193,11754892,26,253,24.65
10:19:15,3156649161,13931245,26,79,25.56
10:19:41,25994071790,14343442,26,599,23.14
10:19:49,7658270829,13064799,26,191,25.19
10:20:05,16143523937,23627381,26,386,24.06
10:20:09,4111255420,28117711,26,103,25.62
10:20:22,12957047804,15065614,26,314,24.39
10:20:39,16199476424,12314599,26,388,24.08
10:21:20,41445947175,12051845,26,889,21.51
10:21:25,4668934087,18667052,26,116,25.27
10:21:30,5592604638,13215977,26,140,25.36
10:21:36,5976126810,12391823,26,149,25.25
10:21:57,20582350667,15107792,26,482,23.52
10:22:08,11172116994,12520337,26,273,24.61
10:22:21,12610284462,20963177,26,306,24.44
10:22:25,3949887528,13339242,26,99,25.51
10:22:36,10986919770,12428061,26,269,24.67
10:23:04,28528253100,20589012,26,643,22.63
10:23:21,16348749001,14928638,26,387,23.80
10:23:35,13973315759,28341180,26,335,24.15
10:23:47,12368252104,19253502,26,299,24.36
10:24:04,16413019105,15479170,26,389,23.83
10:24:28,24782907526,24992733,26,565,22.91
10:24:47,18910018920,11621850,26,441,23.43
10:25:14,26789390648,14989729,26,606,22.71
10:25:20,5733272045,14132120,26,140,24.73
10:25:55,34816391726,15367557,26,764,22.01
10:26:19,23849825529,11448618,26,549,23.11
10:26:30,11770684669,15165234,26,288,24.63
10:26:41,10189596152,13685728,26,248,24.53
10:26:58,17384057725,23855585,26,410,23.72
10:27:12,13808660188,16152158,26,329,23.96
10:27:26,13706949782,16089585,26,327,24.00
10:27:27,1877258687,17290743,26,47,26.11
10:27:54,26708819243,12452995,26,609,22.88
10:28:13,18877541869,15614256,26,445,23.69
10:28:34,21009998729,26000946,26,488,23.34
10:28:44,9366189185,12968616,26,228,24.54
10:28:59,15541012840,21558453,26,372,24.09
10:29:09,9658844494,15552684,26,237,24.73
10:29:18,8840104739,19302079,26,217,24.80
10:29:26,8550166173,21158100,26,210,24.79
10:29:48,21699320331,18760550,26,506,23.43
10:30:02,14235949853,27720058,26,341,24.13
10:30:06,3763563952,10997233,26,95,25.67
10:30:15,9178007659,12160747,26,227,24.94
10:30:27,11965446998,25396406,26,290,24.43
10:30:36,8487128235,20009262,26,211,25.11
10:31:00,24587503158,12270385,26,567,23.16
10:31:14,13206550213,12044424,26,319,24.31
10:31:24,9979471180,19956441,26,245,24.77
10:31:56,32891510531,20880569,26,729,22.24
10:32:15,18576487513,13089031,26,439,23.75
10:32:28,13141701242,13037975,26,316,24.19
10:32:35,7159750345,19190095,26,177,25.00
10:32:45,9552281536,19765558,26,236,24.92
10:33:06,21143211694,16431387,26,494,23.47
10:33:15,8862816856,12882840,26,218,24.82
10:33:26,11453402421,12412652,26,277,24.34
10:33:41,14191348338,15257425,26,342,24.25
10:33:44,3412111439,14638050,26,86,25.67
10:33:53,8856477454,11560377,26,217,24.71
10:34:06,13383259228,14214046,26,325,24.43
10:34:29,22771633138,22469101,26,525,23.16
10:34:43,13360977092,14133233,26,323,24.32
10:35:01,18784607477,17276004,26,442,23.64
10:35:07,5516078498,13753555,26,139,25.55
10:35:34,26835652205,14964972,26,612,22.89
10:35:53,18796494344,11886030,26,439,23.46
10:36:11,18297778154,22223054,26,433,23.80
10:36:20,8904169210,13559518,26,218,24.68
10:36:23,3389561788,13503127,26,86,25.90
10:36:59,35958788514,21080741,26,783,21.85
10:37:00,1089454723,15737894,26,27,26.21
10:37:17,16531015767,11295550,26,395,24.02
10:37:29,12551275937,14374140,26,303,24.29
10:37:48,18471753127,19028746,26,432,23.51
10:37:57,8789870012,14323384,26,217,24.91
10:38:08,10722895431,22236969,26,261,24.55
10:38:20,12032372211,15483157,26,291,24.35
10:38:34,13956308978,15016377,26,335,24.15
10:38:48,14191704499,12647132,26,341,24.16
10:38:50,2024995505,14869473,26,51,26.02
10:39:06,16064094437,18239119,26,381,23.85
10:39:09,3438134755,16663205,26,86,25.51
10:39:19,10058181400,13055742,26,246,24.64
10:39:21,2009635253,25324243,26,51,26.42
10:39:33,11218156891,12471042,26,272,24.41
10:39:42,9675769384,14150791,26,235,24.47
10:39:57,14754257138,12331989,26,352,23.99
10:39:59,1901163398,12077916,26,48,26.08
10:40:28,28697606807,18269788,26,647,22.63
10:40:37,8680015419,15234121,26,214,24.88
10:40:47,10823691177,11832327,26,264,24.58
10:40:57,9445541819,12711466,26,234,24.97
10:40:58,720832109,11312669,26,18,27.27
10:41:06,8816199793,15519031,26,218,24.97
10:41:34,27369613456,12800909,26,620,22.74
10:42:46,71765216332,17912457,26,1388,19.38
10:42:54,8668269050,32872324,26,213,24.85
10:43:00,5966341707,13681264,26,149,25.25
10:43:18,17367749478,16376309,26,412,23.85
10:43:29,11216342362,15514960,26,273,24.52
10:43:33,4308562540,14416771,26,108,25.47
10:44:14,40740174039,12988458,26,876,21.57
10:44:24,10126494598,18941084,26,248,24.70
10:44:39,15195619449,12425893,26,364,24.09
10:44:46,6252566619,12269680,26,158,25.56
10:45:08,22792154438,13118621,26,530,23.35
10:45:22,13808112269,16091463,26,332,24.19
10:45:33,10994667069,14994912,26,269,24.65
10:45:44,10695655126,13523466,26,261,24.57
10:45:55,11114244593,14254120,26,272,24.66
10:46:07,11687476744,18977689,26,286,24.65
10:46:10,3354419353,12359078,26,85,25.83
10:46:30,19955608778,16110347,26,468,23.56
10:46:33,2379329207,14255805,26,60,25.97
10:46:42,9722188595,17911482,26,238,24.68
10:47:01,18183058258,17855033,26,429,23.72
10:47:13,12489479328,14508196,26,302,24.33
10:47:19,6249406348,14881938,26,156,25.24
10:47:38,19083637981,15981219,26,449,23.64
10:47:51,12089295620,12687447,26,292,24.31
10:48:17,25973877151,19430466,26,596,23.04
10:48:41,24710241349,13840838,26,572,23.24
10:49:00,19129981968,23093930,26,451,23.71
10:49:19,18535807795,17584911,26,441,23.91
10:49:42,22669245451,12908461,26,526,23.30
10:49:59,16790148154,22972883,26,399,23.92
10:50:21,22034584564,12387643,26,519,23.66
10:50:28,6938540902,12505825,26,173,25.21
10:50:32,4217198112,23161418,26,107,25.90
10:50:54,21903494928,13578049,26,517,23.71
10:51:05,11360254990,23135877,26,279,24.77
10:51:38,32541850398,17708538,26,732,22.57
10:52:06,28829836383,14980518,26,655,22.80
10:52:17,10483775454,12388347,26,256,24.59
10:52:27,9669631731,22780671,26,241,25.15
10:52:39,12275705608,26826392,26,301,24.71
10:52:54,14985445947,15270877,26,359,24.09
10:53:07,13265873509,16436183,26,320,24.27
10:53:32,25061898707,21329385,26,576,23.09
10:53:42,9343566209,12872311,26,230,24.83
10:54:00,17804411417,14206092,26,424,23.94
10:54:18,18076056123,27647993,26,432,24.05
10:54:28,10395108402,17918927,26,259,25.12
10:54:53,24951993056,15709782,26,571,22.98
10:55:08,14871131349,13425203,26,355,24.01
10:55:21,13422763073,19891863,26,325,24.38
10:55:34,12512358215,29116465,26,301,24.25
10:55:43,8833622124,24352625,26,219,25.05
10:56:05,21826458436,12363295,26,510,23.46
10:56:13,8803995829,13679106,26,218,24.97
10:56:31,17870641203,13956921,26,428,24.07
10:56:41,9759365040,19519896,26,242,25.02
10:56:42,958228848,25315917,26,24,27.27
10:56:47,4441238812,13159442,26,113,25.85
10:57:02,15218578118,19696171,26,367,24.27
10:58:14,72136331533,14747790,26,1402,19.48
10:58:23,8795176015,25018551,26,218,25.05
10:58:45,21815810648,19675195,26,510,23.49
10:59:08,23100859545,24920010,26,538,23.40
10:59:26,18310121277,11787156,26,437,23.98
10:59:36,9854643799,17480413,26,242,24.76
10:59:51,14989745804,29178945,26,359,24.12
11:00:06,15393098506,23716282,26,369,24.13
11:00:23,16243326174,23078483,26,388,24.05
11:00:40,17329468711,13592986,26,409,23.72
11:02:15,95286811302,12167036,26,1740,18.29
11:02:28,12166660931,20595015,26,295,24.44
11:02:45,17696640754,12363287,26,421,23.90
11:03:00,15200083907,12510445,26,363,24.02
11:03:12,11588792749,13443619,26,283,24.60
11:03:25,13176214983,18500828,26,321,24.52
11:03:38,12853712047,12905197,26,311,24.35
11:03:47,9124183834,18501418,26,224,24.77
11:04:00,13051553264,16413627,26,320,24.69
11:04:01,834096752,12993448,26,21,27.27
11:04:16,14374274916,13786875,26,349,24.42
11:04:22,6398250430,13274387,26,159,25.11
11:04:25,3343416054,15978809,26,85,25.99
11:04:36,10117650990,13909250,26,249,24.82
11:04:45,9303588503,19196152,26,231,25.05
11:04:59,14505716599,14756816,26,354,24.54
11:05:00,1090289049,20628042,26,28,27.45
11:05:09,8454469121,12324996,26,211,25.17
11:05:27,18296048697,18234498,26,436,23.95
11:05:36,8792056867,16747383,26,217,24.91
11:06:00,24223834834,14120324,26,563,23.34
11:06:21,20185346101,14261191,26,476,23.69
11:06:44,23291503861,12619941,26,541,23.32
11:07:02,18120803111,18967165,26,432,23.97
11:07:51,49219397040,26293322,26,1028,20.95
11:07:57,5435482084,12083862,26,138,25.74
11:08:11,14170158933,21503522,26,346,24.59
11:08:23,12338029438,23865708,26,300,24.50
11:08:38,15201893238,17777213,26,366,24.22
11:08:55,16186475655,12696546,26,392,24.34
11:08:58,3406381844,13271640,26,86,25.74
11:09:21,23128887661,13827757,26,536,23.27
11:09:30,9117089484,13845463,26,226,25.00
11:09:47,16178358972,16803969,26,391,24.30
11:10:08,21375549459,13902505,26,500,23.49
11:10:18,10194073068,12575949,26,251,24.80
11:10:24,5484403321,20306677,26,138,25.55
11:10:35,11485528405,16197413,26,280,24.56
11:10:46,11155331531,12242914,26,274,24.72
11:10:57,10295403388,19567722,26,252,24.70
11:11:05,8585525632,12552155,26,213,25.02
11:11:29,23163733494,20119439,26,536,23.24
11:11:52,23402434888,26159265,26,544,23.36
11:12:16,24335676852,14202796,26,566,23.35
11:12:31,15133409401,12545515,26,366,24.33
11:12:34,2058611548,11700296,26,52,26.13
11:12:45,11733403859,12025794,26,286,24.57
11:13:04,18279041837,16240366,26,433,23.81
11:13:24,20130050392,21655983,26,475,23.72
11:13:33,8783628081,26360079,26,218,25.11
11:13:48,15668346559,19653025,26,376,24.14
11:14:04,16022911843,18836189,26,385,24.16
11:14:23,18913756265,13757206,26,451,23.96
11:14:38,15138038219,13618132,26,366,24.31
11:14:47,8158991049,11723975,26,204,25.24
11:14:51,4551176977,18990415,26,115,25.72
11:14:52,956594746,12744558,26,24,26.96
11:15:04,11636505183,18062825,26,283,24.50
11:15:17,12926211681,12071673,26,312,24.28
11:15:26,9702368367,11979136,26,239,24.81
11:15:39,12103120048,23644596,26,296,24.64
11:15:50,11527804503,12438850,26,283,24.73
11:16:04,13537287303,12941605,26,328,24.38
11:16:13,9718279913,13645044,26,239,24.79
11:16:18,4599968395,15760798,26,117,25.82
11:16:26,8267955497,18296104,26,206,25.15
11:16:46,19263275937,20622448,26,457,23.85
11:17:14,28838402491,13548652,26,655,22.80
11:17:28,13187436334,13670421,26,320,24.42
11:17:53,25522475604,26816487,26,584,22.99
11:18:18,24544637167,19805474,26,567,23.20
11:18:30,12495865236,20093340,26,303,24.41
11:18:34,3822888992,13330667,26,96,25.60
11:18:35,1140408481,12726690,26,29,26.85
11:18:51,15960895429,11270537,26,383,24.13
11:19:10,18734620486,13240374,26,443,23.76
11:19:22,11914213116,12263587,26,293,24.76
11:19:39,17214860795,22152087,26,412,24.07
11:19:53,14127813465,22234119,26,343,24.46
11:19:57,3133763163,13673319,26,79,25.81
11:20:16,19411530559,16603085,26,457,23.66
11:20:31,15315602343,14041057,26,369,24.24
11:20:55,23450796596,19228869,26,546,23.39
11:21:15,20326760552,14564662,26,478,23.62
11:21:29,13343458933,13113965,26,324,24.43
11:21:40,11557141479,14321713,26,283,24.65
11:22:21,40893152999,24659754,26,878,21.54
11:22:24,3374598160,15113737,26,86,26.06
11:22:35,10335999720,13921824,26,255,24.85
11:23:02,26841502590,15742291,26,615,23.00
11:23:20,17930720059,12826033,26,430,24.11
11:23:28,8837672329,22733066,26,217,24.82
11:23:29,847193897,19104302,26,21,27.27
11:23:43,13381018721,14961108,26,324,24.36
11:24:17,34463959895,26279127,26,761,22.16
11:24:34,16749426217,19226880,26,398,23.90
11:24:53,18602635759,15854759,26,440,23.78
11:25:02,9665946349,14465640,26,237,24.71
11:25:11,9144250221,11681582,26,227,25.02
11:25:24,12393125895,12030589,26,301,24.45
11:25:45,21222859570,15358122,26,499,23.62
11:26:22,36783085471,14628914,26,809,22.06
11:26:32,9961239218,13190105,26,247,25.00
11:26:44,12214593162,14008158,26,299,24.64
11:27:00,15558582153,27998389,26,373,24.14
11:27:04,4268888016,19754286,26,107,25.53
11:27:17,13127245229,13840805,26,315,24.15
11:27:24,6809542620,20445768,26,170,25.26
11:27:38,13509887479,19858287,26,325,24.23
11:27:51,13589653560,14309872,26,328,24.27
11:28:12,21212713582,13399987,26,495,23.44
11:28:26,13450713236,22561160,26,326,24.41
11:28:43,17366621733,19712769,26,412,23.85
11:29:03,19965826298,21172937,26,467,23.51
11:29:29,25900141481,13071676,26,591,22.91
11:29:44,14367549416,13005052,26,346,24.22
11:29:54,10057119171,15973980,26,248,24.87
11:30:07,13844346904,12422489,26,335,24.34
11:30:11,3120025988,11269835,26,79,25.81
11:30:21,10081370521,13224363,26,251,25.10
11:30:23,2649133711,13897976,26,67,25.96
11:30:42,18242716446,22683660,26,432,23.81
11:31:18,36621152185,19333641,26,808,22.14
11:31:33,14441533901,13272360,26,347,24.16
11:31:46,12818354647,17150635,26,312,24.50
11:31:53,7518672040,16173081,26,187,25.13
11:32:10,17165339182,15403938,26,411,24.07
11:32:26,15310292744,23998423,26,367,24.14
11:32:36,9969820289,13758169,26,246,24.87
11:32:36,720991633,23653137,26,18,28.12
11:32:50,13286053149,18804453,26,325,24.63
11:33:11,21346330956,14023771,26,499,23.48
11:33:29,17978605580,22247848,26,426,23.82
11:33:39,9656661199,15181852,26,236,24.66
11:33:49,9754986684,12899729,26,239,24.69
11:33:57,8905513285,13530456,26,219,24.80
11:34:01,4000746303,12367160,26,101,25.63
11:35:16,74089236288,16410413,26,1430,19.34
11:36:12,56498805790,16853979,26,1162,20.62
11:36:26,13385034158,18243562,26,324,24.37
11:36:37,11452660203,22818305,26,281,24.73
11:36:45,7730155608,19748284,26,190,24.83
11:36:50,4903437422,30483799,26,123,25.57
11:37:00,10387646072,18165853,26,251,24.36
11:37:09,8767092654,19225096,26,217,25.00
11:37:23,13768776997,22539332,26,332,24.28
11:37:33,10176847535,12590591,26,248,24.55
11:37:52,19510192692,12304130,26,457,23.53
11:37:59,7024973676,14397975,26,175,25.17
11:38:18,18437320759,21370822,26,434,23.67
11:38:24,6360149563,13367560,26,160,25.43
11:38:58,34160085538,17594820,26,754,22.15
11:39:17,18637088586,24689824,26,441,23.79
11:39:39,21826783193,13149586,26,507,23.33
11:39:49,9710484193,14651301,26,239,24.81
11:40:01,12002930260,18696109,26,291,24.43
11:40:16,15049812411,25253043,26,363,24.28
11:40:28,12634718519,14047359,26,307,24.46
11:40:34,5085249259,22881230,26,127,25.40
11:40:57,23139090733,27078473,26,539,23.41
11:41:12,14870414282,21199579,26,357,24.17
11:41:21,9794174772,13523729,26,238,24.48
11:41:27,5179632103,20454943,26,130,25.49
11:41:45,18244015290,13908233,26,430,23.69
11:42:04,18609621368,15767781,26,441,23.82
11:42:19,15205747795,22730179,26,366,24.22
11:42:28,8858684577,21189702,26,219,24.97
11:42:38,10216341175,21210211,26,251,24.80
11:42:56,18433672041,12574072,26,436,23.77
11:42:57,902189361,13496644,26,23,27.38
11:43:15,17319702631,21377516,26,415,24.09
11:43:24,9401629444,14343724,26,232,24.89
11:43:29,4872318663,31976372,26,121,25.31
11:43:49,20331113586,13391954,26,475,23.47
11:43:55,5738125201,14238294,26,145,25.57
11:43:56,1144229811,16810915,26,29,26.85
11:44:06,9879796932,16421284,26,244,24.89
11:44:10,4013029632,20552570,26,101,25.69
11:44:21,10771853973,15748630,26,263,24.60
11:44:30,9198681913,14206938,26,227,24.89
11:44:41,10344971970,12276446,26,252,24.56
11:44:54,13472117216,11789882,26,325,24.27
11:45:08,13484049306,13746223,26,325,24.25
11:45:28,20452238878,14190269,26,476,23.39
11:45:34,5558142514,15940203,26,140,25.54
11:46:08,34221970998,13040635,26,759,22.25
11:46:23,15028505194,11568949,26,359,24.02
11:48:11,108415997389,12691400,26,1909,17.64
11:48:24,13129360529,15649377,26,316,24.23
11:48:40,15218998859,20498580,26,365,24.14
11:48:52,12404756987,12269691,26,300,24.35
11:49:02,9452305386,13911048,26,232,24.73
11:49:05,3389274537,12755381,26,86,25.90
11:49:24,18512789386,18387955,26,435,23.62
11:49:38,14691911592,15096048,26,352,24.10
11:49:48,9643621073,13519668,26,236,24.66
11:49:56,7738644837,12175508,26,192,25.06
11:50:02,6452791355,20566222,26,163,25.58
11:50:15,12779414218,12147279,26,311,24.48
11:50:21,6328758360,18973391,26,159,25.48
11:50:34,12847455345,25005959,26,311,24.41
11:51:41,66854344900,20697807,26,1312,19.67
11:51:57,15786535867,12654927,26,376,23.96
11:52:08,10893914492,12972805,26,265,24.51
11:52:21,13673320238,14147309,26,331,24.37
11:52:27,5616300663,15551364,26,140,25.27
11:52:31,3437674660,20396473,26,86,25.59
11:52:52,20955443646,19983067,26,484,23.21
11:53:05,13477303664,13400247,26,324,24.19
11:53:35,29475510330,14140701,26,663,22.58
11:53:53,18292693891,27768643,26,429,23.59
11:54:09,16200079027,11910636,26,383,23.77
11:54:21,12257892767,11422999,26,299,24.54
11:54:36,14910613367,13560219,26,359,24.22
11:54:41,4655709918,16366188,26,116,25.32
11:54:54,13159655376,25368745,26,319,24.42
11:55:08,13807257408,19549766,26,330,24.07
11:55:10,2252616306,14896744,26,57,26.14
11:55:32,21871368236,18974997,26,506,23.24
11:55:41,8679405384,17953510,26,214,24.91
11:55:59,18375149495,18337514,26,432,23.64
11:56:18,18588484732,12536929,26,438,23.68
11:56:31,12764613249,14873763,26,306,24.13
11:56:40,8955399929,19720087,26,218,24.57
11:56:48,8283855429,19295464,26,205,25.00
11:56:57,8897008879,15429339,26,219,24.82
11:57:01,3873341779,14769403,26,99,26.05
11:57:36,34900804511,14358373,26,770,22.13
11:57:39,3315432857,17768979,26,85,26.23
11:57:54,14708576322,12911541,26,353,24.14
11:58:09,15081661098,13291185,26,362,24.14
11:58:34,24921186756,24318533,26,567,22.86
11:58:53,19513721188,14663387,26,456,23.48
11:58:55,2017288208,15027193,26,51,26.15
11:59:01,5279588560,12444143,26,131,25.14
11:59:22,21441116306,27498674,26,499,23.40
11:59:23,1252786210,20310582,26,32,27.11
11:59:46,22738805254,12189260,26,524,23.14
11:59:59,12824446835,14219918,26,309,24.25
12:00:14,15206043830,14397116,26,364,24.07
12:00:49,34902950228,12547651,26,768,22.08
12:01:05,15537359434,16865253,26,371,24.01
12:01:20,15651473365,12514287,26,373,23.97
12:01:31,10246075088,19512791,26,250,24.60
12:01:40,9364294904,17700705,26,232,25.00
12:01:53,13043901236,13425300,26,317,24.45
12:02:00,6568679047,15589077,26,162,24.96
12:02:21,21355918332,11516136,26,496,23.33
12:02:30,8925011452,14423313,26,218,24.66
12:02:42,11755699275,13271099,26,284,24.31
12:02:53,11519418504,23854671,26,279,24.43
12:03:04,10395738742,13446904,26,256,24.80
12:03:25,21336787248,12173028,26,496,23.36
12:03:40,15263492048,27174690,26,365,24.07
12:04:01,20777922668,24990631,26,488,23.60
12:04:17,15633783572,16842762,26,372,23.93
12:04:32,14837039552,11962298,26,355,24.06
12:04:47,14789050415,12670693,26,355,24.14
12:04:56,9881360600,28395859,26,241,24.61
12:05:09,12530528628,21849043,26,300,24.11
12:05:21,11542250372,14033512,26,279,24.34
12:05:34,12995539963,13493556,26,315,24.39
12:05:47,13477882642,33280378,26,322,24.08
12:05:57,10164762976,16129232,26,248,24.60
12:06:06,8896468579,18857520,26,218,24.74
12:06:22,15305574591,20967499,26,366,24.06
12:06:32,10868943899,13757993,26,263,24.37
12:06:43,10439338401,21658614,26,256,24.73
12:06:56,13395160103,29391645,26,320,24.06
12:07:16,19489873861,11525538,26,459,23.65
12:07:18,1903978078,16307744,26,48,26.22
12:07:31,12996341765,12563967,26,316,24.47
12:07:35,4266310686,17439765,26,107,25.53
12:07:47,12107889698,12243434,26,293,24.35
12:08:01,14196526378,14057818,26,340,24.09
12:08:12,10362030732,12403915,26,253,24.61
12:08:13,1194130435,12367972,26,30,26.54
12:08:29,15881345878,19926559,26,381,24.12
12:08:39,9785544823,24399793,26,239,24.66
12:08:42,2829351965,15155196,26,72,25.99
12:08:46,4563394588,21530204,26,113,25.22
12:08:50,3390709216,13151458,26,86,25.90
12:09:04,14679182883,15140928,26,351,24.05
12:09:19,14251770618,21399003,26,342,24.15
12:09:35,16736971174,13719899,26,396,23.78
12:09:48,12311868990,16710433,26,296,24.20
12:10:11,23180431545,15997124,26,534,23.13
12:10:21,9698434176,25491181,26,240,25.00
12:10:22,1909738387,14433327,26,49,26.63
12:10:38,15965901439,19994928,26,378,23.81
12:10:57,18147526344,12210918,26,429,23.75
12:11:17,20385594586,15757758,26,473,23.31
12:11:35,18381702348,11523431,26,435,23.78
12:11:47,11815722404,12233485,26,288,24.55
12:11:59,11727553198,14550132,26,285,24.48
12:12:13,13485197784,14490690,26,323,24.10
12:12:48,35817473816,13042348,26,781,21.87
12:13:07,18392024749,30506655,26,434,23.74
12:13:18,11598976688,19109027,26,283,24.58
12:13:21,2324628966,18282717,26,59,26.22
12:13:32,11511037894,16998567,26,280,24.49
12:13:35,2676301484,19943435,26,67,25.76
12:13:45,9701582633,12862465,26,239,24.84
12:13:54,8895947799,22549343,26,219,24.88
12:14:03,8860721033,16967858,26,219,24.94
12:14:03,524753172,23883609,26,13,28.88
12:14:08,5010080779,24104873,26,125,25.35
12:14:20,11644738283,23396377,26,284,24.58
12:14:21,962232153,13459159,26,24,26.66
12:14:35,14162916310,14415990,26,337,23.93
12:15:00,24865703865,15864824,26,569,22.98
12:15:18,18089887491,11850205,26,425,23.61
12:15:45,26577618080,26084856,26,608,22.97
12:16:03,18110670094,20570079,26,428,23.76
12:16:16,13421170473,16956836,26,325,24.38
12:16:29,13232675667,14958661,26,323,24.56
12:16:44,14958877526,17509340,26,358,24.07
12:17:05,20864459119,23520713,26,490,23.61
12:17:24,18279545031,14921770,26,434,23.87
12:17:38,14899406439,23470731,26,357,24.12
12:18:00,21842358090,24137600,26,507,23.33
12:18:11,10233395671,15654503,26,248,24.43
12:18:23,12528355502,15482513,26,303,24.35
12:18:45,21649764115,12252579,26,507,23.52
12:18:57,12333607237,12160304,26,300,24.48
12:19:14,16440517900,12371083,26,389,23.79
12:19:22,8856099153,24815917,26,218,24.88
12:19:33,10616484113,22344398,26,261,24.80
12:19:38,4684049797,22579190,26,118,25.65
12:19:50,12281531159,16068314,26,301,24.69
12:20:10,19440142153,23440349,26,457,23.64
12:20:25,15071870325,12642924,26,358,23.88
12:20:51,25817150532,24869476,26,590,22.95
12:20:54,3641043450,13233164,26,93,26.05
12:20:59,4535356232,24560733,26,113,25.39
12:21:32,33039018934,18567123,26,737,22.39
12:21:46,14054801454,14073180,26,340,24.33
12:22:13,27314892126,26035796,26,619,22.76
12:22:26,12750425480,12662172,26,310,24.46
12:22:38,11914971235,18715879,26,290,24.53
12:22:52,13974724333,18961645,26,336,24.20
12:23:03,11491734339,20610832,26,283,24.82
12:23:13,9167014953,15734836,26,226,24.86
12:23:31,18143485298,13810506,26,428,23.71
12:23:40,9256448304,12035940,26,228,24.83
12:24:00,19630245739,16166395,26,459,23.50
12:24:02,2030776890,25100556,26,51,26.15
12:24:36,34501147375,12212298,26,759,22.07
12:24:46,9622109811,14462759,26,235,24.63
12:25:08,22052017408,15180149,26,515,23.46
12:25:26,18230225118,19504638,26,426,23.50
12:25:42,15947542544,11901931,26,381,24.02
12:26:01,18255809936,15432360,26,430,23.67
12:26:34,33469448384,24585008,26,741,22.22
12:26:43,8537702892,20483878,26,212,25.08
12:27:11,28145179291,19795627,26,637,22.72
12:27:23,12189602342,13057450,26,294,24.27
12:27:48,25107169046,16141428,26,576,23.04
12:27:52,4346841407,22996653,26,110,25.76
12:28:07,14985940634,23757577,26,357,23.99
12:28:22,14554885410,12806845,26,350,24.18
12:28:34,12374993269,12967816,26,300,24.41
12:28:48,13491218727,17375465,26,325,24.25
12:28:58,10510319348,18009842,26,256,24.54
12:29:08,9628052950,15071868,26,235,24.60
12:29:24,15877425104,17473872,26,380,24.08
12:29:53,29051513379,12618334,26,658,22.72
12:30:03,9426040959,25327093,26,230,24.65
12:30:14,11924108253,19718769,26,290,24.51
12:30:33,18001678028,17076029,26,428,23.91
12:30:48,15327601479,15080958,26,367,24.09
12:31:00,12186933983,13376842,26,297,24.54
12:31:12,12184946684,16520338,26,295,24.38
12:31:40,28018112967,13187381,26,635,22.75
12:31:50,9217844735,20070038,26,226,24.75
12:31:59,9446101177,13803723,26,231,24.65
12:32:10,10639308496,15300679,26,258,24.45
12:32:31,21512697939,20697596,26,497,23.21
12:32:41,10062545704,12232182,26,248,24.84
12:32:53,11519548891,23750278,26,280,24.51
12:33:18,25268311214,12558826,26,577,22.92
12:33:29,10611275381,18891403,26,260,24.71
12:33:45,15970069829,12714384,26,384,24.18
12:34:17,31757544330,15434176,26,706,22.31
12:35:38,81915164443,13628219,26,1539,18.82
12:35:49,10414166387,12531954,26,253,24.46
12:36:13,23892172271,11876253,26,553,23.25
12:36:23,9991408286,14895181,26,243,24.52
12:36:38,15277850395,14030679,26,366,24.09
12:36:53,14668800886,21003160,26,352,24.15
12:36:55,2324624426,15085713,26,59,26.10
12:37:05,9482729843,11516613,26,233,24.76
12:37:23,18056683752,21307670,26,427,23.78
12:37:37,14590958974,13937330,26,352,24.27
12:37:49,11489434394,12525504,26,280,24.53
12:38:07,18106206090,15856498,26,425,23.59
12:38:21,13749970148,12692713,26,331,24.23
12:38:40,19516779882,14185895,26,459,23.63
12:38:44,3414688192,13222764,26,86,25.67
12:38:59,15237467391,14155554,26,366,24.15
12:39:02,3164419376,13036241,26,79,25.48
12:39:16,13444547868,15454236,26,326,24.40
12:39:19,3095854714,16573020,26,79,26.07
12:39:42,23139191463,12673745,26,537,23.30
12:40:03,20959299907,21577366,26,489,23.45
12:40:12,8805335589,20243126,26,217,24.88
12:40:33,20817622691,16105276,26,484,23.35
12:40:46,13453125636,21906146,26,325,24.34
12:41:07,21366215451,16313762,26,499,23.47
12:41:23,15202387303,15306066,26,362,23.95
12:41:25,2287080724,14295856,26,58,26.12
12:41:26,916698830,12531854,26,23,26.74
12:41:40,14099641520,14121179,26,340,24.25
12:41:52,12162323928,20261463,26,294,24.35
12:41:59,6446815388,15951030,26,160,25.11
12:42:08,8826572936,16241396,26,218,24.91
12:42:28,20552291912,14564992,26,479,23.42
12:42:32,3363643363,25532498,26,85,25.91
12:42:42,10289717080,13580212,26,249,24.38
12:42:53,11503332571,20957336,26,279,24.45
12:42:55,1916619416,20691599,26,48,26.08
12:43:10,14678701192,13749748,26,351,24.05
12:43:20,9697679447,14884828,26,239,24.84
12:43:48,28097648306,18273591,26,637,22.76
12:44:03,14697070006,13931253,26,351,24.02
12:44:16,13759032049,27168482,26,330,24.17
12:44:30,13615258103,13443685,26,330,24.39
12:44:34,4275173447,12667903,26,107,25.41
12:44:43,8761243476,15045260,26,215,24.74
12:45:16,33099912375,12289337,26,735,22.27
12:45:24,7698870525,15192392,26,191,25.06
12:45:36,11967689634,23382383,26,290,24.43
12:45:51,14751179314,20129668,26,350,23.87
12:45:52,849367368,20422784,26,21,26.92
12:46:05,13857185238,16187922,26,332,24.11
12:46:09,3731719870,14479268,26,94,25.68
12:46:23,13412044576,12135629,26,325,24.38
12:46:25,1928750367,12822496,26,48,25.80
12:46:36,11557339926,16263833,26,283,24.67
12:46:42,5921673307,11979529,26,148,25.29
12:46:58,15520025515,13638234,26,367,23.78
12:47:10,12217906343,20793190,26,296,24.40
12:47:21,10910941762,11505496,26,266,24.56
12:47:39,18473294078,12417439,26,441,23.99
12:48:05,25725582643,20221169,26,586,22.88
12:48:19,14346121448,19043813,26,344,24.14
12:48:25,5974526524,13512332,26,148,25.08
12:48:37,11452513319,12324059,26,279,24.53
12:49:13,35691153626,16330316,26,778,21.87
12:49:23,10171259781,20284553,26,251,24.90
12:49:36,13387367671,17017712,26,326,24.51
12:49:55,19214084420,16623422,26,453,23.70
12:50:00,4643508450,27915721,26,116,25.49
12:50:10,10141686183,15770058,26,248,24.65
12:50:22,11653827432,22900351,26,284,24.56
12:50:44,21989159490,18862227,26,511,23.35
12:50:57,13522540381,12072837,26,325,24.18
12:51:13,15947038666,15057810,26,378,23.83
12:51:26,12543134611,21389638,26,303,24.33
12:51:30,3860019245,25419256,26,96,25.39
12:51:35,5388909267,13252963,26,135,25.37
12:51:48,12578426160,16304386,26,301,24.09
12:52:11,23401611413,24635031,26,542,23.27
12:52:15,3182211613,12715032,26,82,26.28
12:52:24,9227946875,18803052,26,229,25.05
12:52:35,10765979063,15357301,26,263,24.62
12:52:53,18403910938,12440253,26,433,23.64
12:52:59,5503063953,16317016,26,138,25.41
12:53:10,11815348815,12967901,26,285,24.27
12:53:18,7443164367,19375227,26,184,25.00
12:53:21,3416379505,17137416,26,86,25.67
12:53:35,13253696572,15272340,26,319,24.22
12:53:51,15960719862,16459566,26,379,23.88
12:54:09,18786851987,12420182,26,444,23.75
12:54:25,15229941546,14562949,26,365,24.10
12:54:37,12344988239,23884267,26,301,24.57
12:54:40,2591659877,14136607,26,66,26.08
12:54:57,17789936635,16246664,26,422,23.84
12:55:11,13568255319,20054227,26,325,24.10
12:55:25,13921442052,17370516,26,335,24.22
12:55:29,3913056674,15564141,26,99,25.78
12:55:39,10354040845,19170585,26,253,24.63
12:55:58,18591833434,12873519,26,441,23.83
12:56:11,13329295193,12723315,26,322,24.32
12:56:27,15808823511,20461256,26,376,23.93
12:56:31,3716574078,13635309,26,94,25.75
12:56:46,14725552031,12096596,26,350,23.90
12:57:04,18493113482,15317074,26,437,23.75
12:57:33,28579669762,18138791,26,644,22.62
12:57:46,13503305145,24623198,26,324,24.17
12:57:50,3718514797,12736250,26,94,25.75
12:57:55,4691840585,15902174,26,117,25.32
12:58:04,9677761808,32546437,26,241,25.15
12:58:08,3993352692,18087815,26,101,25.76
12:58:36,27825804126,18622020,26,628,22.66
12:58:54,18116847030,12096595,26,430,23.84
12:59:09,14229387284,19042950,26,343,24.25
12:59:36,27096537172,14734279,26,618,22.89
12:59:49,13712992015,19089132,26,331,24.30
12:59:59,9569407869,14147190,26,234,24.65
13:00:00,978368011,32166129,26,24,26.96
13:00:16,15500498837,12176718,26,368,23.88
13:00:24,8613434834,21211153,26,212,24.88
13:00:29,4752003563,11931288,26,121,25.85
13:00:50,20588927092,13681772,26,476,23.23
13:01:05,15653601671,19095129,26,375,24.10
13:01:30,25009940828,30290432,26,570,22.90
13:01:40,9673945684,17153804,26,236,24.58
13:01:53,13505411890,12904210,26,324,24.14
13:02:05,11442079480,27412982,26,279,24.60
13:02:19,13676478756,15815426,26,328,24.13
13:02:46,27377907733,15639137,26,622,22.80
13:02:56,9766211849,19364467,26,239,24.69
13:03:29,33469435264,18195268,26,737,22.09
13:03:50,20332292337,19547469,26,477,23.57
13:03:59,9225010284,13471873,26,228,24.91
13:04:10,10887423047,13259615,26,267,24.69
13:04:28,17911053133,23704463,26,425,23.86
13:04:42,14466776925,14663342,26,347,24.13
13:05:55,73113391702,16269142,26,1414,19.38
13:06:06,10202576565,13694850,26,249,24.60
13:06:24,18428829823,21280935,26,434,23.68
13:06:45,21247570135,15114366,26,493,23.30
13:07:06,20307362469,16865892,26,475,23.50
13:07:09,3099900686,11681618,26,79,25.98
13:07:13,3913540685,15656996,26,98,25.52
13:07:26,12752234388,15460168,26,309,24.38
13:07:42,16285943257,13749356,26,388,23.95
13:08:18,35831786785,20069323,26,781,21.87
13:08:28,9804213415,17172748,26,240,24.69
13:08:31,3736679123,18678276,26,94,25.68
13:08:41,9916233526,12371844,26,240,24.39
13:09:00,18302624691,14293286,26,433,23.77
13:09:04,4381347379,18294652,26,110,25.58
13:09:33,28569363861,18715558,26,647,22.74
13:09:39,6845697379,12326242,26,169,24.96
13:09:55,15266119497,20275579,26,364,23.99
13:09:58,3187418669,24774763,26,80,25.72
13:09:59,977766741,13043075,26,25,27.17
13:10:07,8029844582,16322172,26,197,24.77
13:10:21,13801401992,12489378,26,331,24.12
13:10:26,4892975254,19784759,26,122,25.36
13:10:35,9692711910,13659471,26,239,24.86
13:10:37,1277295762,27181294,26,32,26.66
13:10:46,9333336844,19660690,26,230,24.89
13:10:56,10091041244,12437921,26,247,24.65
13:11:15,18766451313,16699427,26,440,23.56
13:11:29,13586449788,12302643,26,327,24.22
13:11:30,1794272738,12978597,26,45,26.01
13:11:31,1074638236,12283027,26,27,26.47
13:11:43,11217691532,12552215,26,272,24.41
13:11:56,13514987676,16588667,26,325,24.19
13:12:16,19304067775,12513364,26,457,23.78
13:12:31,15718952215,22464021,26,378,24.19
13:12:45,13352723163,13930131,26,323,24.35
13:13:00,14997925957,23391651,26,360,24.16
13:13:10,10332611150,19011602,26,251,24.48
13:13:19,8517176313,14949119,26,209,24.76
13:13:43,24561625604,24522745,26,565,23.11
13:13:46,3261372457,12519355,26,82,25.70
13:14:00,13617271823,14283364,26,328,24.24
13:14:10,10327680846,31734149,26,251,24.55
13:14:22,11159236927,12235651,26,271,24.45
13:14:58,36045638457,18231975,26,790,21.99
13:15:07,9673225089,26460524,26,239,24.94
13:15:10,2413574036,12543281,26,60,25.53
13:15:15,5527619821,14984747,26,138,25.27
13:15:17,1779122773,13901642,26,45,26.16
13:15:38,21267416151,12919012,26,496,23.42
13:15:44,5996040599,13885034,26,149,25.16
13:16:14,29095566803,13097459,26,655,22.60
13:16:41,27777972222,18166903,26,625,22.59
13:16:52,10179790994,12122146,26,251,24.85
13:17:11,19120360430,18558261,26,449,23.60
13:17:33,21907168801,27173399,26,512,23.49
13:17:55,22627219455,14147002,26,526,23.35
13:17:58,2582065954,15058320,26,65,25.79
13:18:11,13277512511,18406424,26,320,24.27
13:18:39,28213120086,17627714,26,636,22.63
13:18:53,13593020348,21546093,26,327,24.22
13:19:07,13617127430,22257904,26,328,24.26
13:19:16,8994306148,19549666,26,220,24.69
13:19:26,9942804496,18256972,26,242,24.54
13:19:29,3433813577,12757568,26,86,25.51
13:19:49,19560986586,16812568,26,458,23.53
13:19:51,2407926608,14303630,26,60,25.64
13:19:52,1008169883,23642149,26,25,26.88
13:19:53,567182495,14106151,26,14,28.00
13:20:03,9754411567,13050164,26,236,24.40
13:20:10,7084530836,19752935,26,175,25.03
13:20:28,18356322142,13933681,26,433,23.71
13:20:54,26176671041,13218376,26,598,22.93
13:21:05,11029850400,13075186,26,267,24.38
13:21:07,1306104790,17918676,26,33,26.61
13:21:15,8832818596,13446174,26,218,24.88
13:21:21,5521494392,22889400,26,138,25.36
13:22:59,97816547218,12911180,26,1773,18.16
13:23:15,16105720533,11923632,26,381,23.78
13:23:29,13783767516,15079408,26,331,24.16
