Time,Watts
21:44:19,60
21:44:20,60
21:44:21,65
21:44:22,144
21:44:23,144
21:44:24,157
21:44:25,155
21:44:26,155
21:44:27,157
21:44:28,157
21:44:29,157
21:44:30,156
21:44:31,158
21:44:32,158
21:44:33,159
21:44:34,157
21:44:35,157
21:44:36,157
21:44:37,157
21:44:38,157
21:44:39,159
21:44:40,159
21:44:41,159
21:44:42,157
21:44:43,161
21:44:44,161
21:44:45,159
21:44:46,159
21:44:47,159
21:44:48,159
21:44:49,160
21:44:50,160
21:44:51,160
21:44:52,159
21:44:53,159
21:44:54,161
21:44:55,160
21:44:56,161
21:44:57,161
21:44:58,160
21:44:59,160
21:45:00,160
21:45:01,159
21:45:02,160
21:45:03,160
21:45:04,160
21:45:05,161
21:45:06,161
21:45:07,159
21:45:08,159
21:45:09,159
21:45:10,160
21:45:11,161
21:45:12,161
21:45:13,160
21:45:14,160
21:45:15,160
21:45:16,160
21:45:17,160
21:45:18,160
21:45:19,161
21:45:20,162
21:45:21,162
21:45:22,161
21:45:23,164
21:45:24,164
21:45:25,162
21:45:26,162
21:45:27,162
21:45:29,162
21:45:30,160
21:45:31,160
21:45:32,161
21:45:33,162
21:45:34,162
21:45:35,163
21:45:36,162
21:45:37,162
21:45:38,161
21:45:39,161
21:45:40,161
21:45:41,161
21:45:42,161
21:45:43,161
21:45:44,162
21:45:45,161
21:45:46,158
21:45:47,158
21:45:48,163
21:45:49,162
21:45:50,162
21:45:51,163
21:45:52,162
21:45:53,162
21:45:54,164
21:45:55,164
21:45:56,164
21:45:57,165
21:45:58,163
21:45:59,163
21:46:00,163
21:46:01,162
21:46:02,162
21:46:03,164
21:46:04,162
21:46:05,162
21:46:06,162
21:46:07,162
21:46:08,162
21:46:09,162
21:46:10,163
21:46:11,163
21:46:12,163
21:46:13,163
21:46:14,163
21:46:15,162
21:46:16,163
21:46:17,163
21:46:18,162
21:46:19,164
21:46:20,164
21:46:21,161
21:46:22,162
21:46:23,162
21:46:24,162
21:46:25,164
21:46:26,164
21:46:27,161
21:46:28,164
21:46:29,164
21:46:30,164
21:46:31,164
21:46:32,162
21:46:33,162
21:46:34,162
21:46:35,161
21:46:36,161
21:46:37,163
21:46:38,161
21:46:39,161
21:46:40,161
21:46:41,162
21:46:42,162
21:46:43,162
21:46:44,162
21:46:45,162
21:46:46,162
21:46:47,162
21:46:48,162
21:46:49,162
21:46:50,162
21:46:51,162
21:46:52,162
21:46:53,161
21:46:54,161
21:46:55,161
21:46:56,158
21:46:57,158
21:46:59,163
21:47:00,164
21:47:01,164
21:47:02,163
21:47:03,163
21:47:04,163
21:47:05,164
21:47:06,163
21:47:07,163
21:47:08,163
21:47:09,161
21:47:10,161
21:47:11,162
21:47:12,163
21:47:13,163
21:47:14,163
21:47:15,163
21:47:16,163
21:47:17,162
21:47:18,162
21:47:19,163
21:47:20,163
21:47:21,163
21:47:22,162
21:47:23,162
21:47:24,162
21:47:25,162
21:47:26,162
21:47:27,162
21:47:28,163
21:47:29,163
21:47:30,163
21:47:31,163
21:47:32,163
21:47:33,162
21:47:34,162
21:47:35,162
21:47:36,164
21:47:37,164
21:47:38,164
21:47:39,164
21:47:40,161
21:47:41,161
21:47:42,162
21:47:43,163
21:47:44,163
21:47:45,161
21:47:46,162
21:47:47,162
21:47:48,162
21:47:49,162
21:47:50,162
21:47:51,161
21:47:52,162
21:47:53,162
21:47:54,162
21:47:55,163
21:47:56,163
21:47:57,160
21:47:58,163
21:47:59,163
21:48:00,163
21:48:01,162
21:48:02,162
21:48:03,162
21:48:04,162
21:48:05,163
21:48:06,163
21:48:07,164
21:48:08,163
21:48:09,163
21:48:10,165
21:48:11,164
21:48:12,164
21:48:13,164
21:48:14,163
21:48:15,163
21:48:16,163
21:48:17,163
21:48:18,163
21:48:19,164
21:48:20,163
21:48:21,163
21:48:22,163
21:48:23,164
21:48:24,164
21:48:25,164
21:48:26,162
21:48:28,162
21:48:29,161
21:48:30,163
21:48:31,163
21:48:32,161
21:48:33,163
21:48:34,163
21:48:35,162
21:48:36,162
21:48:37,162
21:48:38,163
21:48:39,162
21:48:40,162
21:48:41,163
21:48:42,162
21:48:43,162
21:48:44,164
21:48:45,163
21:48:46,163
21:48:47,163
21:48:48,163
21:48:49,163
21:48:50,163
21:48:51,163
21:48:52,162
21:48:53,162
21:48:54,164
21:48:55,163
21:48:56,163
21:48:57,165
21:48:58,163
21:48:59,163
21:49:00,162
21:49:01,163
21:49:02,163
21:49:03,162
21:49:04,161
21:49:05,161
21:49:06,164
21:49:07,160
21:49:08,160
21:49:09,163
21:49:10,163
21:49:11,163
21:49:12,163
21:49:13,162
21:49:14,162
21:49:15,160
21:49:16,164
21:49:17,164
21:49:18,165
21:49:19,163
21:49:20,163
21:49:21,163
21:49:22,163
21:49:23,163
21:49:24,165
21:49:25,164
21:49:26,163
21:49:27,163
21:49:28,162
21:49:29,163
21:49:30,163
21:49:31,164
21:49:32,163
21:49:33,163
21:49:34,163
21:49:35,163
21:49:36,163
21:49:37,164
21:49:38,164
21:49:39,164
21:49:40,163
21:49:41,163
21:49:42,163
21:49:43,164
21:49:44,163
21:49:45,163
21:49:46,163
21:49:48,162
21:49:49,162
21:49:50,164
21:49:51,164
21:49:52,164
21:49:53,163
21:49:54,163
21:49:55,163
21:49:56,162
21:49:57,163
21:49:58,163
21:49:59,163
21:50:00,162
21:50:01,162
21:50:02,163
21:50:03,164
21:50:04,164
21:50:05,162
21:50:06,161
21:50:07,161
21:50:08,163
21:50:09,163
21:50:10,163
21:50:11,163
21:50:12,162
21:50:13,162
21:50:14,162
21:50:15,163
21:50:16,163
21:50:17,163
21:50:18,161
21:50:19,163
21:50:20,163
21:50:21,161
21:50:22,162
21:50:23,162
21:50:24,163
21:50:25,162
21:50:26,162
21:50:27,161
21:50:28,163
21:50:29,163
21:50:30,164
21:50:31,164
21:50:32,164
21:50:33,164
21:50:34,163
21:50:35,163
21:50:36,163
21:50:37,163
21:50:38,163
21:50:39,164
21:50:40,164
21:50:41,164
21:50:42,164
21:50:43,163
21:50:44,163
21:50:45,164
21:50:46,164
21:50:47,164
21:50:48,164
21:50:49,163
21:50:50,163
21:50:51,163
21:50:52,163
21:50:53,163
21:50:54,162
21:50:55,163
21:50:56,163
21:50:57,163
21:50:58,162
21:50:59,163
21:51:00,163
21:51:01,164
21:51:02,163
21:51:03,163
21:51:04,163
21:51:05,164
21:51:06,164
21:51:07,164
21:51:08,164
21:51:09,164
21:51:10,166
21:51:11,164
21:51:12,164
21:51:13,162
21:51:14,163
21:51:16,163
21:51:17,164
21:51:18,162
21:51:19,162
21:51:20,162
21:51:21,164
21:51:22,164
21:51:23,165
21:51:24,161
21:51:25,161
21:51:26,164
21:51:27,161
21:51:28,161
21:51:29,163
21:51:30,163
21:51:31,163
21:51:32,163
21:51:33,160
21:51:34,160
21:51:35,162
21:51:36,163
21:51:37,163
21:51:38,162
21:51:39,163
21:51:40,163
21:51:41,161
21:51:42,165
21:51:43,165
21:51:44,162
21:51:45,164
21:51:46,158
21:51:47,158
21:51:48,163
21:51:49,163
21:51:50,163
21:51:51,164
21:51:52,164
21:51:53,164
21:51:54,163
21:51:55,164
21:51:56,164
21:51:57,163
21:51:58,164
21:51:59,164
21:52:00,163
21:52:01,163
21:52:02,163
21:52:03,162
21:52:04,163
21:52:05,163
21:52:06,163
21:52:07,163
21:52:08,163
21:52:09,164
21:52:10,164
21:52:11,164
21:52:12,163
21:52:13,164
21:52:14,164
21:52:15,162
21:52:16,163
21:52:17,163
21:52:18,164
21:52:19,160
21:52:20,160
21:52:21,161
21:52:22,163
21:52:23,163
21:52:24,164
21:52:25,163
21:52:26,163
21:52:27,162
21:52:28,164
21:52:29,164
21:52:30,163
21:52:31,163
21:52:32,164
21:52:33,164
21:52:34,164
21:52:35,162
21:52:36,162
21:52:37,163
21:52:38,161
21:52:40,161
21:52:41,162
21:52:42,161
21:52:43,161
21:52:44,164
21:52:45,162
21:52:46,162
21:52:47,163
21:52:48,163
21:52:49,163
21:52:50,162
21:52:51,162
21:52:52,162
21:52:53,162
21:52:54,161
21:52:55,161
21:52:56,162
21:52:57,164
21:52:58,164
21:52:59,164
21:53:00,161
21:53:01,161
21:53:02,164
21:53:03,162
21:53:04,162
21:53:05,163
21:53:06,161
21:53:07,161
21:53:08,161
21:53:09,162
21:53:10,162
21:53:11,163
21:53:12,162
21:53:13,160
21:53:14,160
21:53:15,160
21:53:16,162
21:53:17,162
21:53:18,161
21:53:19,163
21:53:20,163
21:53:21,161
21:53:22,163
21:53:23,163
21:53:24,163
21:53:25,162
21:53:26,162
21:53:27,164
21:53:28,159
21:53:29,159
21:53:30,161
21:53:31,163
21:53:32,163
21:53:33,163
21:53:34,162
21:53:35,162
21:53:36,162
21:53:37,161
21:53:38,161
21:53:39,163
21:53:40,160
21:53:41,160
21:53:42,162
21:53:43,163
21:53:44,163
21:53:45,160
21:53:46,159
21:53:47,159
21:53:48,161
21:53:49,163
21:53:50,163
21:53:51,162
21:53:52,160
21:53:53,160
21:53:54,163
21:53:55,164
21:53:56,164
21:53:57,162
21:53:58,161
21:53:59,160
21:54:00,160
21:54:01,158
21:54:02,161
21:54:03,161
21:54:04,164
21:54:05,162
21:54:06,162
21:54:08,164
21:54:09,163
21:54:10,163
21:54:11,164
21:54:12,162
21:54:13,162
21:54:14,164
21:54:15,163
21:54:16,163
21:54:17,164
21:54:18,162
21:54:19,162
21:54:20,161
21:54:21,162
21:54:22,162
21:54:23,162
21:54:24,161
21:54:25,161
21:54:26,162
21:54:27,161
21:54:28,161
21:54:29,162
21:54:30,164
21:54:31,164
21:54:32,162
21:54:33,162
21:54:34,162
21:54:35,163
21:54:36,163
21:54:37,163
21:54:38,162
21:54:39,162
21:54:40,162
21:54:41,163
21:54:42,164
21:54:43,164
21:54:44,162
21:54:45,162
21:54:46,160
21:54:47,160
21:54:48,162
21:54:49,163
21:54:50,163
21:54:51,163
21:54:52,161
21:54:53,161
21:54:54,162
21:54:55,162
21:54:56,162
21:54:57,162
21:54:58,162
21:54:59,162
21:55:00,162
21:55:01,162
21:55:02,162
21:55:03,161
21:55:04,163
21:55:05,163
21:55:06,161
21:55:07,163
21:55:08,163
21:55:09,163
21:55:10,160
21:55:11,160
21:55:12,161
21:55:13,162
21:55:14,162
21:55:15,161
21:55:16,161
21:55:17,161
21:55:18,162
21:55:19,160
21:55:20,160
21:55:21,157
21:55:22,163
21:55:23,163
21:55:24,162
21:55:25,163
21:55:26,163
21:55:27,161
21:55:28,163
21:55:29,163
21:55:30,158
21:55:31,160
21:55:32,160
21:55:33,161
21:55:34,163
21:55:35,162
21:55:36,162
21:55:37,163
21:55:38,163
21:55:40,163
21:55:41,161
21:55:42,165
21:55:43,165
21:55:44,162
21:55:45,163
21:55:46,163
21:55:47,162
21:55:48,160
21:55:49,160
21:55:50,162
21:55:51,163
21:55:52,163
21:55:53,160
21:55:54,164
21:55:55,164
21:55:56,164
21:55:57,165
21:55:58,165
21:55:59,162
21:56:00,164
21:56:01,164
21:56:02,163
21:56:03,162
21:56:04,162
21:56:05,162
21:56:06,162
21:56:07,162
21:56:08,160
21:56:09,159
21:56:10,159
21:56:11,161
21:56:12,163
21:56:13,163
21:56:14,161
21:56:15,163
21:56:16,163
21:56:17,160
21:56:18,160
21:56:19,160
21:56:20,160
21:56:21,161
21:56:22,161
21:56:23,161
21:56:24,162
21:56:25,160
21:56:26,160
21:56:27,162
21:56:28,161
21:56:29,161
21:56:30,162
21:56:31,161
21:56:32,161
21:56:33,162
21:56:34,162
21:56:35,162
21:56:36,163
21:56:37,163
21:56:38,163
21:56:39,160
21:56:40,163
21:56:41,163
21:56:42,162
21:56:43,161
21:56:44,161
21:56:45,161
21:56:46,164
21:56:47,164
21:56:48,161
21:56:49,161
21:56:50,161
21:56:51,161
21:56:52,162
21:56:53,162
21:56:54,163
21:56:55,163
21:56:56,163
21:56:57,162
21:56:58,163
21:56:59,163
21:57:00,162
21:57:01,164
21:57:02,164
21:57:03,164
21:57:04,160
21:57:05,160
21:57:06,162
21:57:07,161
21:57:08,161
21:57:10,161
21:57:11,160
21:57:12,161
21:57:13,161
21:57:14,163
21:57:15,164
21:57:16,164
21:57:17,163
21:57:18,163
21:57:19,163
21:57:20,165
21:57:21,160
21:57:22,160
21:57:23,161
21:57:24,161
21:57:25,161
21:57:26,161
21:57:27,161
21:57:28,161
21:57:29,162
21:57:30,162
21:57:31,162
21:57:32,160
21:57:33,159
21:57:34,159
21:57:35,159
21:57:36,162
21:57:37,162
21:57:38,161
21:57:39,163
21:57:40,163
21:57:41,165
21:57:42,165
21:57:43,165
21:57:44,160
21:57:45,162
21:57:46,162
21:57:47,163
21:57:48,161
21:57:49,161
21:57:50,164
21:57:51,162
21:57:52,162
21:57:53,165
21:57:54,161
21:57:55,161
21:57:56,160
21:57:57,162
21:57:58,161
21:57:59,161
21:58:00,162
21:58:01,162
21:58:02,162
21:58:03,160
21:58:04,162
21:58:05,162
21:58:06,162
21:58:07,162
21:58:08,162
21:58:09,161
21:58:10,161
21:58:11,161
21:58:12,160
21:58:13,162
21:58:14,162
21:58:15,161
21:58:16,162
21:58:17,162
21:58:18,162
21:58:19,160
21:58:20,160
21:58:21,162
21:58:22,164
21:58:23,164
21:58:24,163
21:58:25,162
21:58:26,162
21:58:27,162
21:58:28,164
21:58:29,164
21:58:30,163
21:58:31,162
21:58:32,162
21:58:33,163
21:58:34,162
21:58:35,162
21:58:36,161
21:58:37,163
21:58:38,163
21:58:39,160
21:58:40,162
21:58:42,162
21:58:43,162
21:58:44,163
21:58:45,162
21:58:46,162
21:58:47,162
21:58:48,162
21:58:49,162
21:58:50,162
21:58:51,163
21:58:52,163
21:58:53,163
21:58:54,163
21:58:55,163
21:58:56,161
21:58:57,161
21:58:58,161
21:58:59,161
21:59:00,162
21:59:01,162
21:59:02,162
21:59:03,161
21:59:04,161
21:59:05,162
21:59:06,161
21:59:07,161
21:59:08,164
21:59:09,161
21:59:10,161
21:59:11,161
21:59:12,160
21:59:13,160
21:59:14,162
21:59:15,163
21:59:16,163
21:59:17,161
21:59:18,159
21:59:19,159
21:59:20,159
21:59:21,160
21:59:22,162
21:59:23,162
21:59:24,163
21:59:25,160
21:59:26,160
21:59:27,159
21:59:28,162
21:59:29,162
21:59:30,161
21:59:31,162
21:59:32,162
21:59:33,163
21:59:34,164
21:59:35,164
21:59:36,161
21:59:37,160
21:59:38,160
21:59:39,162
21:59:40,164
21:59:41,164
21:59:42,162
21:59:43,163
21:59:44,163
21:59:45,163
21:59:46,163
21:59:47,163
21:59:48,162
21:59:49,163
21:59:50,163
21:59:51,161
21:59:52,161
21:59:53,161
21:59:54,163
21:59:55,164
21:59:56,164
21:59:57,160
21:59:58,161
22:00:00,161
22:00:01,163
22:00:02,162
22:00:03,162
22:00:04,162
22:00:05,163
22:00:06,161
22:00:07,161
22:00:08,164
22:00:09,162
22:00:10,162
22:00:11,162
22:00:12,161
22:00:13,161
22:00:14,158
22:00:15,163
22:00:16,163
22:00:17,165
22:00:18,163
22:00:19,163
22:00:20,163
22:00:21,161
22:00:22,161
22:00:23,161
22:00:24,164
22:00:25,164
22:00:26,161
22:00:27,164
22:00:28,164
22:00:29,161
22:00:30,163
22:00:31,163
22:00:32,163
22:00:33,163
22:00:34,163
22:00:35,162
22:00:36,163
22:00:37,163
22:00:38,163
22:00:39,164
22:00:40,164
22:00:41,165
22:00:42,161
22:00:43,161
22:00:44,163
22:00:45,163
22:00:46,163
22:00:47,162
22:00:48,162
22:00:49,162
22:00:50,162
22:00:51,160
22:00:52,160
22:00:53,161
22:00:54,162
22:00:55,163
22:00:56,163
22:00:57,164
22:00:58,162
22:00:59,162
22:01:00,165
22:01:01,163
22:01:02,163
22:01:03,163
22:01:04,163
22:01:05,163
22:01:06,163
22:01:07,161
22:01:08,161
22:01:09,164
22:01:10,163
22:01:11,163
22:01:12,163
22:01:13,160
22:01:14,160
22:01:15,159
22:01:16,162
22:01:17,162
22:01:18,159
22:01:19,155
22:01:20,155
22:01:21,163
22:01:22,160
22:01:23,160
22:01:24,160
22:01:25,162
22:01:26,162
22:01:27,162
22:01:28,163
22:01:30,163
22:01:31,163
22:01:32,162
22:01:33,163
22:01:34,163
22:01:35,162
22:01:36,163
22:01:37,163
22:01:38,162
22:01:39,163
22:01:40,163
22:01:41,161
22:01:42,163
22:01:43,163
22:01:44,161
22:01:45,163
22:01:46,163
22:01:47,162
22:01:48,165
22:01:49,165
22:01:50,164
22:01:51,164
22:01:52,164
22:01:53,164
22:01:54,162
22:01:55,162
22:01:56,164
22:01:57,163
22:01:58,163
22:01:59,162
22:02:00,162
22:02:01,162
22:02:02,162
22:02:03,162
22:02:04,162
22:02:05,160
22:02:06,161
22:02:07,161
22:02:08,162
22:02:09,164
22:02:10,164
22:02:11,161
22:02:12,161
22:02:13,161
22:02:14,163
22:02:15,163
22:02:16,163
22:02:17,163
22:02:18,160
22:02:19,163
22:02:20,163
22:02:21,163
22:02:22,163
22:02:23,163
22:02:24,161
22:02:25,162
22:02:26,162
22:02:27,163
22:02:28,161
22:02:29,161
22:02:30,161
22:02:31,160
22:02:32,160
22:02:33,159
22:02:34,163
22:02:35,163
22:02:36,162
22:02:37,164
22:02:38,164
22:02:39,164
22:02:40,162
22:02:41,162
22:02:42,162
22:02:43,161
22:02:44,161
22:02:45,162
22:02:47,161
22:02:48,161
22:02:49,162
22:02:50,162
22:02:51,162
22:02:52,159
22:02:53,162
22:02:54,162
22:02:55,161
22:02:56,162
22:02:57,162
22:02:58,163
22:02:59,164
22:03:00,164
22:03:01,160
22:03:02,162
22:03:03,160
22:03:04,160
22:03:05,163
22:03:06,164
22:03:07,164
22:03:08,165
22:03:09,164
22:03:10,164
22:03:11,161
22:03:12,162
22:03:13,162
22:03:14,161
22:03:15,161
22:03:16,161
22:03:17,161
22:03:18,159
22:03:19,159
22:03:20,161
22:03:21,160
22:03:22,160
22:03:23,161
22:03:24,161
22:03:25,161
22:03:26,159
22:03:27,159
22:03:28,159
22:03:29,162
22:03:30,163
22:03:31,163
22:03:32,160
22:03:33,163
22:03:34,163
22:03:35,161
22:03:36,162
22:03:37,162
22:03:38,161
22:03:39,163
22:03:40,163
22:03:41,163
22:03:42,163
22:03:43,163
22:03:44,163
22:03:45,160
22:03:46,160
22:03:47,162
22:03:48,161
22:03:49,155
22:03:50,155
22:03:51,163
22:03:52,163
22:03:53,163
22:03:54,161
22:03:55,163
22:03:56,163
22:03:57,162
22:03:58,164
22:03:59,164
22:04:00,164
22:04:01,165
22:04:02,165
22:04:03,163
22:04:04,162
22:04:05,162
22:04:06,163
22:04:07,160
22:04:08,160
22:04:09,163
22:04:10,162
22:04:11,162
22:04:12,163
22:04:13,162
22:04:14,162
22:04:15,162
22:04:16,160
22:04:18,160
22:04:19,164
22:04:20,165
22:04:21,165
22:04:22,161
22:04:23,160
22:04:24,160
22:04:25,162
22:04:26,163
22:04:27,163
22:04:28,161
22:04:29,161
22:04:30,161
22:04:31,158
22:04:32,162
22:04:33,162
22:04:34,160
22:04:35,160
22:04:36,161
22:04:37,161
22:04:38,162
22:04:39,161
22:04:40,161
22:04:41,160
22:04:42,160
22:04:43,160
22:04:44,160
22:04:45,162
22:04:46,162
22:04:47,162
22:04:48,163
22:04:49,163
22:04:50,160
22:04:51,161
22:04:52,161
22:04:53,163
22:04:54,161
22:04:55,161
22:04:56,162
22:04:57,160
22:04:58,160
22:04:59,161
22:05:00,161
22:05:01,161
22:05:02,161
22:05:03,160
22:05:04,160
22:05:05,161
22:05:06,161
22:05:07,161
22:05:08,163
22:05:09,164
22:05:10,164
22:05:11,163
22:05:12,163
22:05:13,163
22:05:14,162
22:05:15,163
22:05:16,163
22:05:17,162
22:05:18,162
22:05:19,162
22:05:20,162
22:05:21,160
22:05:22,162
22:05:23,162
22:05:24,163
22:05:25,164
22:05:26,164
22:05:27,165
22:05:28,162
22:05:29,162
22:05:30,160
22:05:31,162
22:05:32,162
22:05:33,160
22:05:34,163
22:05:35,163
22:05:36,163
22:05:37,162
22:05:38,162
22:05:39,162
22:05:40,162
22:05:41,162
22:05:42,158
22:05:43,161
22:05:44,161
22:05:45,160
22:05:46,161
22:05:47,161
22:05:49,163
22:05:50,160
22:05:51,160
22:05:52,164
22:05:53,164
22:05:54,164
22:05:55,164
22:05:56,162
22:05:57,162
22:05:58,162
22:05:59,163
22:06:00,163
22:06:01,161
22:06:02,161
22:06:03,161
22:06:04,161
22:06:05,163
22:06:06,163
22:06:07,160
22:06:08,163
22:06:09,163
22:06:10,163
22:06:11,163
22:06:12,161
22:06:13,161
22:06:14,162
22:06:15,155
22:06:16,155
22:06:17,161
22:06:18,164
22:06:19,164
22:06:20,162
22:06:21,163
22:06:22,163
22:06:23,163
22:06:24,160
22:06:25,160
22:06:26,162
22:06:27,163
22:06:28,163
22:06:29,161
22:06:30,162
22:06:31,162
22:06:32,161
22:06:33,164
22:06:34,164
22:06:35,164
22:06:36,161
22:06:37,161
22:06:38,162
22:06:39,162
22:06:40,162
22:06:41,165
22:06:42,163
22:06:43,163
22:06:44,160
22:06:45,163
22:06:46,163
22:06:47,162
22:06:48,164
22:06:49,164
22:06:50,163
22:06:51,161
22:06:52,161
22:06:53,165
22:06:54,161
22:06:55,161
22:06:56,163
22:06:57,162
22:06:58,159
22:06:59,159
22:07:00,161
22:07:01,162
22:07:02,162
22:07:03,162
22:07:04,160
22:07:05,160
22:07:06,162
22:07:07,161
22:07:08,161
22:07:09,162
22:07:10,162
22:07:11,162
22:07:12,163
22:07:13,162
22:07:14,162
22:07:15,160
22:07:16,160
22:07:18,160
22:07:19,164
22:07:20,162
22:07:21,162
22:07:22,163
22:07:23,160
22:07:24,160
22:07:25,155
22:07:26,163
22:07:27,163
22:07:28,161
22:07:29,162
22:07:30,162
22:07:31,161
22:07:32,165
22:07:33,165
22:07:34,164
22:07:35,164
22:07:36,164
22:07:37,161
22:07:38,163
22:07:39,163
22:07:40,161
22:07:41,162
22:07:42,162
22:07:43,161
22:07:44,162
22:07:45,162
22:07:46,162
22:07:47,163
22:07:48,163
22:07:49,163
22:07:50,162
22:07:51,162
22:07:52,162
22:07:53,161
22:07:54,161
22:07:55,161
22:07:56,159
22:07:57,163
22:07:58,163
22:07:59,161
22:08:00,162
22:08:01,162
22:08:02,161
22:08:03,162
22:08:04,162
22:08:05,163
22:08:06,161
22:08:07,161
22:08:08,160
22:08:09,162
22:08:10,162
22:08:11,160
22:08:12,163
22:08:13,163
22:08:14,160
22:08:15,163
22:08:16,163
22:08:17,162
22:08:18,162
22:08:19,162
22:08:20,164
22:08:21,163
22:08:22,163
22:08:23,162
22:08:24,163
22:08:25,163
22:08:26,161
22:08:27,163
22:08:28,163
22:08:29,159
22:08:30,162
22:08:31,162
22:08:32,163
22:08:33,161
22:08:34,163
22:08:35,163
22:08:36,161
22:08:37,161
22:08:38,161
22:08:39,161
22:08:40,163
22:08:41,163
22:08:42,161
22:08:43,164
22:08:45,164
22:08:46,162
22:08:47,163
22:08:48,163
22:08:49,158
22:08:50,163
22:08:51,163
22:08:52,162
22:08:53,161
22:08:54,161
22:08:55,161
22:08:56,161
22:08:57,161
22:08:58,162
22:08:59,162
22:09:00,162
22:09:01,162
22:09:02,162
22:09:03,162
22:09:04,162
22:09:05,162
22:09:06,162
22:09:07,163
22:09:08,162
22:09:09,162
22:09:10,160
22:09:11,160
22:09:12,161
22:09:13,161
22:09:14,162
22:09:15,163
22:09:16,163
22:09:17,159
22:09:18,160
22:09:19,160
22:09:20,162
22:09:21,161
22:09:22,161
22:09:23,160
22:09:24,162
22:09:25,162
22:09:26,163
22:09:27,162
22:09:28,162
22:09:29,162
22:09:30,164
22:09:31,164
22:09:32,162
22:09:33,163
22:09:34,163
22:09:35,161
22:09:36,161
22:09:37,161
22:09:38,163
22:09:39,163
22:09:40,163
22:09:41,161
22:09:42,160
22:09:43,160
22:09:44,161
22:09:45,161
22:09:46,161
22:09:47,162
22:09:48,160
22:09:49,160
22:09:50,161
22:09:51,155
22:09:52,155
22:09:53,162
22:09:54,162
22:09:55,162
22:09:56,164
22:09:57,164
22:09:58,164
22:09:59,162
22:10:00,165
22:10:01,162
22:10:02,162
22:10:03,160
22:10:04,162
22:10:05,162
22:10:06,163
22:10:07,162
22:10:08,162
22:10:09,165
22:10:10,162
22:10:11,162
22:10:13,164
22:10:14,163
22:10:15,163
22:10:16,164
22:10:17,161
22:10:18,161
22:10:19,162
22:10:20,162
22:10:21,162
22:10:22,163
22:10:23,164
22:10:24,164
22:10:25,164
22:10:26,163
22:10:27,163
22:10:28,161
22:10:29,165
22:10:30,165
22:10:31,164
22:10:32,164
22:10:33,164
22:10:34,164
22:10:35,162
22:10:36,162
22:10:37,161
22:10:38,166
22:10:39,166
22:10:40,162
22:10:41,162
22:10:42,162
22:10:43,163
22:10:44,163
22:10:45,163
22:10:46,161
22:10:47,164
22:10:48,162
22:10:49,162
22:10:50,161
22:10:51,162
22:10:52,162
22:10:53,162
22:10:54,163
22:10:55,163
22:10:56,156
22:10:57,163
22:10:58,163
22:10:59,161
22:11:00,164
22:11:01,164
22:11:02,161
22:11:03,163
22:11:04,163
22:11:05,164
22:11:06,161
22:11:07,161
22:11:08,162
22:11:09,162
22:11:10,162
22:11:11,162
22:11:12,163
22:11:13,163
22:11:14,163
22:11:15,163
22:11:16,163
22:11:17,164
22:11:18,164
22:11:19,164
22:11:20,163
22:11:21,163
22:11:22,163
22:11:23,161
22:11:24,163
22:11:25,163
22:11:26,164
22:11:27,162
22:11:28,162
22:11:29,160
22:11:30,164
22:11:31,164
22:11:32,163
22:11:33,161
22:11:34,161
22:11:35,161
22:11:36,161
22:11:37,160
22:11:38,160
22:11:39,161
22:11:40,160
22:11:41,160
22:11:42,162
22:11:44,162
22:11:45,162
22:11:46,163
22:11:47,162
22:11:48,162
22:11:49,163
22:11:50,161
22:11:51,161
22:11:52,162
22:11:53,161
22:11:54,161
22:11:55,162
22:11:56,161
22:11:57,161
22:11:58,161
22:11:59,163
22:12:00,163
22:12:01,156
22:12:02,160
22:12:03,160
22:12:04,164
22:12:05,161
22:12:06,161
22:12:07,163
22:12:08,161
22:12:09,161
22:12:10,164
22:12:11,162
22:12:12,162
22:12:13,160
22:12:14,162
22:12:15,162
22:12:16,160
22:12:17,164
22:12:18,164
22:12:19,164
22:12:20,163
22:12:21,163
22:12:22,164
22:12:23,164
22:12:24,161
22:12:25,161
22:12:26,165
22:12:27,162
22:12:28,162
22:12:29,162
22:12:30,162
22:12:31,162
22:12:32,163
22:12:33,164
22:12:34,164
22:12:35,163
22:12:36,162
22:12:37,162
22:12:38,165
22:12:39,162
22:12:40,162
22:12:41,161
22:12:42,162
22:12:43,162
22:12:44,161
22:12:45,162
22:12:46,162
22:12:47,163
22:12:48,163
22:12:49,163
22:12:50,163
22:12:51,159
22:12:52,159
22:12:53,164
22:12:54,162
22:12:55,162
22:12:56,164
22:12:57,163
22:12:58,163
22:12:59,163
22:13:00,162
22:13:01,162
22:13:02,162
22:13:03,161
22:13:04,161
22:13:05,159
22:13:06,161
22:13:07,161
22:13:08,161
22:13:09,162
22:13:10,159
22:13:11,159
22:13:12,159
22:13:13,156
22:13:15,156
22:13:16,163
22:13:17,163
22:13:18,163
22:13:19,164
22:13:20,162
22:13:21,162
22:13:22,162
22:13:23,163
22:13:24,163
22:13:25,161
22:13:26,162
22:13:27,162
22:13:28,162
22:13:29,162
22:13:30,162
22:13:31,162
22:13:32,161
22:13:33,161
22:13:34,163
22:13:35,163
22:13:36,163
22:13:37,164
22:13:38,161
22:13:39,161
22:13:40,164
22:13:41,161
22:13:42,161
22:13:43,162
22:13:44,163
22:13:45,163
22:13:46,161
22:13:47,160
22:13:48,160
22:13:49,161
22:13:50,165
22:13:51,165
22:13:52,162
22:13:53,162
22:13:54,162
22:13:55,165
22:13:56,161
22:13:57,161
22:13:58,163
22:13:59,163
22:14:00,159
22:14:01,159
22:14:02,162
22:14:03,162
22:14:04,162
22:14:05,162
22:14:06,161
22:14:07,161
22:14:08,160
22:14:09,163
22:14:10,163
22:14:11,160
22:14:12,160
22:14:13,160
22:14:14,160
22:14:15,164
22:14:16,164
22:14:17,162
22:14:18,161
22:14:19,161
22:14:20,161
22:14:21,157
22:14:22,157
22:14:23,163
22:14:24,164
22:14:25,164
22:14:26,163
22:14:27,160
22:14:28,160
22:14:29,161
22:14:30,163
22:14:31,163
22:14:32,163
22:14:33,163
22:14:34,163
22:14:35,163
22:14:36,164
22:14:37,164
22:14:38,162
22:14:39,160
22:14:40,160
22:14:41,159
22:14:42,162
22:14:43,162
22:14:44,161
22:14:46,161
22:14:47,158
22:14:48,158
22:14:49,157
22:14:50,163
22:14:51,163
22:14:52,161
22:14:53,161
22:14:54,161
22:14:55,163
22:14:56,161
22:14:57,161
22:14:58,162
22:14:59,162
22:15:00,162
22:15:01,160
22:15:02,160
22:15:03,160
22:15:04,162
22:15:05,163
22:15:06,163
22:15:07,163
22:15:08,160
22:15:09,160
22:15:10,160
22:15:11,163
22:15:12,163
22:15:13,163
22:15:14,163
22:15:15,163
22:15:16,163
22:15:17,162
22:15:18,162
22:15:19,162
22:15:20,161
22:15:21,161
22:15:22,162
22:15:23,163
22:15:24,163
22:15:25,161
22:15:26,160
22:15:27,160
22:15:28,156
22:15:29,164
22:15:30,164
22:15:31,163
22:15:32,163
22:15:33,163
22:15:34,162
22:15:35,163
22:15:36,164
22:15:37,164
22:15:38,162
22:15:39,163
22:15:40,163
22:15:41,162
22:15:42,162
22:15:43,162
22:15:44,161
22:15:45,163
22:15:46,163
22:15:47,160
22:15:48,161
22:15:49,161
22:15:50,162
22:15:51,162
22:15:52,162
22:15:53,166
22:15:54,163
22:15:55,163
22:15:56,163
22:15:57,162
22:15:58,162
22:15:59,163
22:16:00,161
22:16:01,161
22:16:02,162
22:16:03,163
22:16:04,163
22:16:05,162
22:16:06,162
22:16:07,162
22:16:08,163
22:16:09,162
22:16:10,162
22:16:11,161
22:16:12,160
22:16:13,160
22:16:14,162
22:16:16,159
22:16:17,159
22:16:18,163
22:16:19,162
22:16:20,160
22:16:21,160
22:16:22,160
22:16:23,161
22:16:24,161
22:16:25,160
22:16:26,163
22:16:27,163
22:16:28,161
22:16:29,160
22:16:30,160
22:16:31,163
22:16:32,164
22:16:33,164
22:16:34,162
22:16:35,160
22:16:36,160
22:16:37,161
22:16:38,161
22:16:39,161
22:16:40,164
22:16:41,163
22:16:42,163
22:16:43,162
22:16:44,162
22:16:45,162
22:16:46,162
22:16:47,162
22:16:48,162
22:16:49,162
22:16:50,161
22:16:51,161
22:16:52,162
22:16:53,161
22:16:54,161
22:16:55,160
22:16:56,163
22:16:57,163
22:16:58,162
22:16:59,162
22:17:00,162
22:17:01,162
22:17:02,163
22:17:03,163
22:17:04,161
22:17:05,163
22:17:06,163
22:17:07,162
22:17:08,164
22:17:09,162
22:17:10,162
22:17:11,163
22:17:12,163
22:17:13,163
22:17:14,163
22:17:15,162
22:17:16,162
22:17:17,165
22:17:18,164
22:17:19,164
22:17:20,161
22:17:21,161
22:17:22,161
22:17:23,163
22:17:24,161
22:17:25,161
22:17:26,161
22:17:27,161
22:17:28,161
22:17:29,160
22:17:30,159
22:17:31,159
22:17:32,161
22:17:33,160
22:17:34,160
22:17:35,163
22:17:36,164
22:17:37,164
22:17:38,164
22:17:39,161
22:17:40,161
22:17:41,163
22:17:42,163
22:17:43,163
22:17:44,160
22:17:46,162
22:17:47,162
22:17:48,161
22:17:49,163
22:17:50,163
22:17:51,161
22:17:52,160
22:17:53,160
22:17:54,163
22:17:55,160
22:17:56,156
22:17:57,156
22:17:58,161
22:17:59,163
22:18:00,163
22:18:01,164
22:18:02,164
22:18:03,164
22:18:04,163
22:18:05,164
22:18:06,164
22:18:07,163
22:18:08,162
22:18:09,162
22:18:10,163
22:18:11,164
22:18:12,164
22:18:13,164
22:18:14,162
22:18:15,162
22:18:16,164
22:18:17,164
22:18:18,164
22:18:19,162
22:18:20,161
22:18:21,161
22:18:22,159
22:18:23,164
22:18:24,164
22:18:25,164
22:18:26,161
22:18:27,161
22:18:28,162
22:18:29,162
22:18:30,162
22:18:31,164
22:18:32,164
22:18:33,164
22:18:34,165
22:18:35,162
22:18:36,162
22:18:37,163
22:18:38,159
22:18:39,159
22:18:40,161
22:18:41,162
22:18:42,160
22:18:43,160
22:18:44,162
22:18:45,162
22:18:46,162
22:18:47,162
22:18:48,163
22:18:49,163
22:18:50,160
22:18:51,163
22:18:52,163
22:18:53,162
22:18:54,163
22:18:55,163
22:18:56,163
22:18:57,162
22:18:58,162
22:18:59,163
22:19:00,160
22:19:01,160
22:19:02,162
22:19:03,161
22:19:04,161
22:19:05,154
22:19:06,160
22:19:07,160
22:19:08,162
22:19:09,163
22:19:10,163
22:19:12,163
22:19:13,164
22:19:14,164
22:19:15,164
22:19:16,161
22:19:17,161
22:19:18,161
22:19:19,162
22:19:20,162
22:19:21,162
22:19:22,161
22:19:23,161
22:19:24,161
22:19:25,163
22:19:26,162
22:19:27,162
22:19:28,162
22:19:29,162
22:19:30,162
22:19:31,161
22:19:32,163
22:19:33,163
22:19:34,160
22:19:35,162
22:19:36,162
22:19:37,162
22:19:38,162
22:19:39,162
22:19:40,160
22:19:41,162
22:19:42,162
22:19:43,163
22:19:44,161
22:19:45,161
22:19:46,159
22:19:47,161
22:19:48,161
22:19:49,164
22:19:50,163
22:19:51,163
22:19:52,164
22:19:53,161
22:19:54,161
22:19:55,162
22:19:56,161
22:19:57,161
22:19:58,162
22:19:59,163
22:20:00,163
22:20:01,162
22:20:02,161
22:20:03,161
22:20:04,161
22:20:05,163
22:20:06,163
22:20:07,160
22:20:08,163
22:20:09,163
22:20:10,160
22:20:11,161
22:20:12,160
22:20:13,160
22:20:14,162
22:20:15,157
22:20:16,157
22:20:17,161
22:20:18,163
22:20:19,163
22:20:20,163
22:20:21,163
22:20:22,163
22:20:23,161
22:20:24,161
22:20:25,161
22:20:26,160
22:20:27,161
22:20:28,161
22:20:29,164
22:20:30,160
22:20:31,160
22:20:32,163
22:20:33,160
22:20:34,160
22:20:35,161
22:20:36,162
22:20:37,162
22:20:38,160
22:20:39,160
22:20:40,160
22:20:42,163
22:20:43,162
22:20:44,162
22:20:45,161
22:20:46,163
22:20:47,163
22:20:48,163
22:20:49,162
22:20:50,162
22:20:51,163
22:20:52,162
22:20:53,162
22:20:54,162
22:20:55,163
22:20:56,163
22:20:57,163
22:20:58,164
22:20:59,163
22:21:00,163
22:21:01,163
22:21:02,163
22:21:03,163
22:21:04,162
22:21:05,162
22:21:06,162
22:21:07,164
22:21:08,163
22:21:09,163
22:21:10,161
22:21:11,163
22:21:12,163
22:21:13,163
22:21:14,162
22:21:15,162
22:21:16,161
22:21:17,163
22:21:18,163
22:21:19,163
22:21:20,161
22:21:21,161
22:21:22,162
22:21:23,160
22:21:24,160
22:21:25,161
22:21:26,159
22:21:27,159
22:21:28,155
22:21:29,161
22:21:30,161
22:21:31,163
22:21:32,161
22:21:33,161
22:21:34,161
22:21:35,164
22:21:36,164
22:21:37,164
22:21:38,164
22:21:39,164
22:21:40,163
22:21:41,165
22:21:42,165
22:21:43,164
22:21:44,164
22:21:45,164
22:21:46,163
22:21:47,162
22:21:48,164
22:21:49,164
22:21:50,163
22:21:51,163
22:21:52,163
22:21:53,163
22:21:54,164
22:21:55,164
22:21:56,163
22:21:57,165
22:21:58,165
22:21:59,162
22:22:00,164
22:22:01,164
22:22:02,165
22:22:03,160
22:22:04,160
22:22:05,163
22:22:06,164
22:22:07,164
22:22:08,163
22:22:09,163
22:22:10,163
22:22:12,164
22:22:13,162
22:22:14,162
22:22:15,162
22:22:16,161
22:22:17,161
22:22:18,161
22:22:19,158
22:22:20,158
22:22:21,160
22:22:22,162
22:22:23,162
22:22:24,162
22:22:25,160
22:22:26,160
22:22:27,163
22:22:28,164
22:22:29,164
22:22:30,161
22:22:31,162
22:22:32,162
22:22:33,159
22:22:34,161
22:22:35,162
22:22:36,162
22:22:37,161
22:22:38,160
22:22:39,160
22:22:40,161
22:22:41,156
22:22:42,156
22:22:43,161
22:22:44,160
22:22:45,160
22:22:46,162
22:22:47,163
22:22:48,163
22:22:49,162
22:22:50,163
22:22:51,163
22:22:52,162
22:22:53,161
22:22:54,161
22:22:55,163
22:22:56,161
22:22:57,161
22:22:58,160
22:22:59,162
22:23:00,162
22:23:01,162
22:23:02,162
22:23:03,162
22:23:04,161
22:23:05,162
22:23:06,162
22:23:07,163
22:23:08,164
22:23:09,164
22:23:10,163
22:23:11,162
22:23:12,162
22:23:13,162
22:23:14,164
22:23:15,164
22:23:16,163
22:23:17,164
22:23:18,164
22:23:19,161
22:23:20,162
22:23:21,162
22:23:22,162
22:23:23,162
22:23:24,161
22:23:25,161
22:23:26,162
22:23:27,162
22:23:28,162
22:23:29,162
22:23:30,163
22:23:31,163
22:23:32,160
22:23:33,159
22:23:34,159
22:23:35,162
22:23:36,163
22:23:37,163
22:23:38,161
22:23:39,161
22:23:40,161
22:23:41,162
22:23:43,162
22:23:44,162
22:23:45,162
22:23:46,153
22:23:47,153
22:23:48,160
22:23:49,164
22:23:50,164
22:23:51,163
22:23:52,160
22:23:53,160
22:23:54,160
22:23:55,162
22:23:56,162
22:23:57,163
22:23:58,162
22:23:59,159
22:24:00,159
22:24:01,163
22:24:02,160
22:24:03,160
22:24:04,163
22:24:05,161
22:24:06,161
22:24:07,162
22:24:08,161
22:24:09,161
22:24:10,163
22:24:11,161
22:24:12,161
22:24:13,162
22:24:14,162
22:24:15,162
22:24:16,163
22:24:17,162
22:24:18,162
22:24:19,163
22:24:20,162
22:24:21,162
22:24:22,163
22:24:23,163
22:24:24,163
22:24:25,161
22:24:26,161
22:24:27,161
22:24:28,161
22:24:29,161
22:24:30,161
22:24:31,161
22:24:32,162
22:24:33,162
22:24:34,163
22:24:35,162
22:24:36,162
22:24:37,161
22:24:38,160
22:24:39,160
22:24:40,159
22:24:41,161
22:24:42,161
22:24:43,161
22:24:44,163
22:24:45,163
22:24:46,161
22:24:47,159
22:24:48,161
22:24:49,161
22:24:50,161
22:24:51,161
22:24:52,161
22:24:53,160
22:24:54,162
22:24:55,162
22:24:56,163
22:24:57,161
22:24:58,161
22:24:59,161
22:25:00,163
22:25:01,163
22:25:03,163
22:25:04,163
22:25:05,163
22:25:06,162
22:25:07,163
22:25:08,163
22:25:09,163
22:25:10,164
22:25:11,164
22:25:12,160
22:25:13,162
22:25:14,162
22:25:15,161
22:25:16,162
22:25:17,162
22:25:18,161
22:25:19,163
22:25:20,163
22:25:21,163
22:25:22,164
22:25:23,164
22:25:24,164
22:25:25,160
22:25:26,160
22:25:27,159
22:25:28,162
22:25:29,162
22:25:30,164
22:25:31,162
22:25:32,162
22:25:33,164
22:25:34,162
22:25:35,163
22:25:36,163
22:25:37,164
22:25:38,161
22:25:39,161
22:25:40,163
22:25:41,160
22:25:42,160
22:25:43,164
22:25:44,161
22:25:45,161
22:25:46,163
22:25:47,162
22:25:48,162
22:25:49,162
22:25:50,159
22:25:51,159
22:25:52,162
22:25:53,160
22:25:54,160
22:25:55,162
22:25:56,161
22:25:57,161
22:25:58,161
22:25:59,160
22:26:00,160
22:26:01,162
22:26:02,161
22:26:03,161
22:26:04,161
22:26:05,163
22:26:06,163
22:26:07,154
22:26:08,163
22:26:09,163
22:26:10,162
22:26:11,162
22:26:12,162
22:26:13,164
22:26:14,162
22:26:15,162
22:26:16,164
22:26:17,163
22:26:18,163
22:26:19,161
22:26:20,160
22:26:21,160
22:26:22,160
22:26:23,163
22:26:24,158
22:26:25,158
22:26:26,162
22:26:27,161
22:26:28,161
22:26:29,163
22:26:30,161
22:26:31,161
22:26:33,162
22:26:34,163
22:26:35,163
22:26:36,162
22:26:37,162
22:26:38,162
22:26:39,162
22:26:40,162
22:26:41,162
22:26:42,162
22:26:43,163
22:26:44,163
22:26:45,159
22:26:46,161
22:26:47,161
22:26:48,159
22:26:49,164
22:26:50,164
22:26:51,161
22:26:52,162
22:26:53,162
22:26:54,162
22:26:55,163
22:26:56,163
22:26:57,161
22:26:58,161
22:26:59,161
22:27:00,161
22:27:01,161
22:27:02,161
22:27:03,162
22:27:04,160
22:27:05,160
22:27:06,165
22:27:07,165
22:27:08,162
22:27:09,162
22:27:10,164
22:27:11,161
22:27:12,161
22:27:13,161
22:27:14,160
22:27:15,160
22:27:16,162
22:27:17,160
22:27:18,160
22:27:19,155
22:27:20,163
22:27:21,163
22:27:22,162
22:27:23,163
22:27:24,163
22:27:25,163
22:27:26,161
22:27:27,161
22:27:28,161
22:27:29,162
22:27:30,162
22:27:31,162
22:27:32,163
22:27:33,163
22:27:34,162
22:27:35,163
22:27:36,163
22:27:37,162
22:27:38,162
22:27:39,162
22:27:40,162
22:27:41,164
22:27:42,164
22:27:43,163
22:27:44,163
22:27:45,163
22:27:46,164
22:27:47,162
22:27:48,162
22:27:49,163
22:27:50,161
22:27:51,161
22:27:52,161
22:27:53,162
22:27:54,162
22:27:55,162
22:27:56,163
22:27:57,163
22:27:58,163
22:27:59,162
22:28:00,163
22:28:01,163
22:28:02,161
22:28:04,163
22:28:05,163
22:28:06,162
22:28:07,162
22:28:08,162
22:28:09,162
22:28:10,161
22:28:11,161
22:28:12,162
22:28:13,161
22:28:14,161
22:28:15,162
22:28:16,162
22:28:17,162
22:28:18,161
22:28:19,158
22:28:20,158
22:28:21,163
22:28:22,161
22:28:23,161
22:28:24,160
22:28:25,162
22:28:26,162
22:28:27,159
22:28:28,159
22:28:29,159
22:28:30,161
22:28:31,161
22:28:32,161
22:28:33,162
22:28:34,162
22:28:35,162
22:28:36,165
22:28:37,160
22:28:38,160
22:28:39,163
22:28:40,163
22:28:41,163
22:28:42,165
22:28:43,163
22:28:44,162
22:28:45,162
22:28:46,162
22:28:47,163
22:28:48,163
22:28:49,165
22:28:50,163
22:28:51,163
22:28:52,161
22:28:53,164
22:28:54,164
22:28:55,165
22:28:56,163
22:28:57,163
22:28:58,164
22:28:59,165
22:29:00,165
22:29:01,163
22:29:02,163
22:29:03,163
22:29:04,163
22:29:05,162
22:29:06,162
22:29:07,163
22:29:08,163
22:29:09,163
22:29:10,163
22:29:11,164
22:29:12,164
22:29:13,159
22:29:14,163
22:29:15,163
22:29:16,163
22:29:17,160
22:29:18,160
22:29:19,161
22:29:20,164
22:29:21,163
22:29:22,163
22:29:24,163
22:29:25,163
22:29:26,163
22:29:27,162
22:29:28,163
22:29:29,163
22:29:30,163
22:29:31,161
22:29:32,161
22:29:33,159
22:29:34,162
22:29:35,162
22:29:36,160
22:29:37,161
22:29:38,161
22:29:39,162
22:29:40,163
22:29:41,163
22:29:42,159
22:29:43,163
22:29:44,163
22:29:45,161
22:29:46,163
22:29:47,163
22:29:48,163
22:29:49,162
22:29:50,162
22:29:51,162
22:29:52,162
22:29:53,162
22:29:54,163
22:29:55,163
22:29:56,163
22:29:57,163
22:29:58,159
22:29:59,159
22:30:00,163
22:30:01,162
22:30:02,162
22:30:03,163
22:30:04,164
22:30:05,164
22:30:06,160
22:30:07,164
22:30:08,162
22:30:09,162
22:30:10,161
22:30:11,162
22:30:12,162
22:30:13,163
22:30:14,163
22:30:15,163
22:30:16,163
22:30:17,164
22:30:18,164
22:30:19,163
22:30:20,164
22:30:21,164
22:30:22,162
22:30:23,163
22:30:24,163
22:30:25,161
22:30:26,162
22:30:27,162
22:30:28,163
22:30:29,163
22:30:30,163
22:30:31,165
22:30:32,165
22:30:33,165
22:30:34,163
22:30:35,163
22:30:36,163
22:30:37,163
22:30:38,162
22:30:39,162
22:30:40,162
22:30:41,162
22:30:42,162
22:30:43,165
22:30:44,162
22:30:45,162
22:30:46,163
22:30:47,159
22:30:48,159
22:30:49,162
22:30:50,158
22:30:51,158
22:30:52,162
22:30:54,162
22:30:55,154
22:30:56,154
22:30:57,162
22:30:58,162
22:30:59,162
22:31:00,163
22:31:01,163
22:31:02,163
22:31:03,165
22:31:04,163
22:31:05,163
22:31:06,163
22:31:07,164
22:31:08,164
22:31:09,164
22:31:10,163
22:31:11,163
22:31:12,160
22:31:13,160
22:31:14,160
22:31:15,162
22:31:16,161
22:31:17,161
22:31:18,160
22:31:19,164
22:31:20,164
22:31:21,161
22:31:22,162
22:31:23,162
22:31:24,162
22:31:25,159
22:31:26,159
22:31:27,159
22:31:28,162
22:31:29,162
22:31:30,162
22:31:31,163
22:31:32,163
22:31:33,161
22:31:34,161
22:31:35,161
22:31:36,161
22:31:37,161
22:31:38,161
22:31:39,163
22:31:40,163
22:31:41,162
22:31:42,162
22:31:43,160
22:31:44,163
22:31:45,163
22:31:46,162
22:31:47,163
22:31:48,163
22:31:49,164
22:31:50,162
22:31:51,162
22:31:52,159
22:31:53,160
22:31:54,160
22:31:55,162
22:31:56,162
22:31:57,162
22:31:58,159
22:31:59,161
22:32:00,161
22:32:01,163
22:32:02,163
22:32:03,163
22:32:04,164
22:32:05,161
22:32:06,161
22:32:07,162
22:32:08,161
22:32:09,161
22:32:10,163
22:32:11,162
22:32:12,162
22:32:13,164
22:32:14,162
22:32:15,162
22:32:16,162
22:32:17,164
22:32:18,164
22:32:19,164
22:32:20,162
22:32:21,162
22:32:22,163
22:32:23,162
22:32:25,162
22:32:26,162
22:32:27,160
22:32:28,160
22:32:29,162
22:32:30,159
22:32:31,163
22:32:32,163
22:32:33,163
22:32:34,163
22:32:35,163
22:32:36,161
22:32:37,160
22:32:38,160
22:32:39,161
22:32:40,160
22:32:41,160
22:32:42,162
22:32:43,163
22:32:44,163
22:32:45,162
22:32:46,162
22:32:47,162
22:32:48,163
22:32:49,163
22:32:50,163
22:32:51,162
22:32:52,161
22:32:53,161
22:32:54,163
22:32:55,163
22:32:56,163
22:32:57,164
22:32:58,161
22:32:59,161
22:33:00,160
22:33:01,163
22:33:02,163
22:33:03,160
22:33:04,162
22:33:05,162
22:33:06,159
22:33:07,161
22:33:08,161
22:33:09,162
22:33:10,160
22:33:11,160
22:33:12,162
22:33:13,160
22:33:14,160
22:33:15,160
22:33:16,162
22:33:17,161
22:33:18,161
22:33:19,162
22:33:20,160
22:33:21,160
22:33:22,160
22:33:23,161
22:33:24,161
22:33:25,160
22:33:26,155
22:33:27,155
22:33:28,164
22:33:29,163
22:33:30,163
22:33:31,165
22:33:32,164
22:33:33,164
22:33:34,162
22:33:35,164
22:33:36,164
22:33:37,163
22:33:38,163
22:33:39,163
22:33:40,163
22:33:41,160
22:33:42,160
22:33:43,161
22:33:44,163
22:33:46,163
22:33:47,163
22:33:48,164
22:33:49,164
22:33:50,162
22:33:51,162
22:33:52,162
22:33:53,163
22:33:54,164
22:33:55,163
22:33:56,163
22:33:57,162
22:33:58,160
22:33:59,160
22:34:00,162
22:34:01,161
22:34:02,161
22:34:03,163
22:34:04,160
22:34:05,160
22:34:06,162
22:34:07,162
22:34:08,162
22:34:09,163
22:34:10,162
22:34:11,162
22:34:12,164
22:34:13,164
22:34:14,164
22:34:15,161
22:34:16,159
22:34:17,159
22:34:18,162
22:34:19,163
22:34:20,163
22:34:21,163
22:34:22,161
22:34:23,161
22:34:24,163
22:34:25,162
22:34:26,162
22:34:27,162
22:34:28,163
22:34:29,163
22:34:30,160
22:34:31,161
22:34:32,161
22:34:33,164
22:34:34,162
22:34:35,162
22:34:36,160
22:34:37,160
22:34:38,162
22:34:39,162
22:34:40,161
22:34:41,156
22:34:42,156
22:34:43,162
22:34:44,165
22:34:45,165
22:34:46,162
22:34:47,163
22:34:48,163
22:34:49,162
22:34:50,161
22:34:51,161
22:34:52,162
22:34:53,158
22:34:54,158
22:34:55,162
22:34:56,161
22:34:57,161
22:34:58,163
22:34:59,161
22:35:00,161
22:35:01,163
22:35:02,161
22:35:03,161
22:35:04,161
22:35:05,162
22:35:06,162
22:35:07,162
22:35:08,162
22:35:09,162
22:35:10,163
22:35:12,162
22:35:13,162
22:35:14,160
22:35:15,162
22:35:16,162
22:35:17,163
22:35:18,163
22:35:19,163
22:35:20,164
22:35:21,165
22:35:22,165
22:35:23,164
22:35:24,165
22:35:25,163
22:35:26,163
22:35:27,161
22:35:28,163
22:35:29,163
22:35:30,162
22:35:31,162
22:35:32,162
22:35:33,162
22:35:34,161
22:35:35,161
22:35:36,161
22:35:37,162
22:35:38,162
22:35:39,162
22:35:40,163
22:35:41,163
22:35:42,161
22:35:43,162
22:35:44,162
22:35:45,162
22:35:46,161
22:35:47,161
22:35:48,161
22:35:49,161
22:35:50,161
22:35:51,163
22:35:52,157
22:35:53,157
22:35:54,164
22:35:55,164
22:35:56,164
22:35:57,163
22:35:58,163
22:35:59,163
22:36:00,162
22:36:01,163
22:36:02,163
22:36:03,164
22:36:04,164
22:36:05,163
22:36:06,163
22:36:07,164
22:36:08,163
22:36:09,163
22:36:10,162
22:36:11,162
22:36:12,162
22:36:13,163
22:36:14,163
22:36:15,163
22:36:16,163
22:36:17,163
22:36:18,163
22:36:19,162
22:36:20,162
22:36:21,162
22:36:22,162
22:36:23,163
22:36:24,163
22:36:25,164
22:36:26,164
22:36:27,164
22:36:28,160
22:36:29,158
22:36:30,158
22:36:31,164
22:36:32,163
22:36:34,163
22:36:35,163
22:36:36,163
22:36:37,163
22:36:38,162
22:36:39,161
22:36:40,161
22:36:41,162
22:36:42,161
22:36:43,161
22:36:44,164
22:36:45,163
22:36:46,163
22:36:47,163
22:36:48,163
22:36:49,160
22:36:50,160
22:36:51,162
22:36:52,160
22:36:53,160
22:36:54,163
22:36:55,162
22:36:56,162
22:36:57,160
22:36:58,159
22:36:59,159
22:37:00,163
22:37:01,164
22:37:02,164
22:37:03,161
22:37:04,157
22:37:05,157
22:37:06,166
22:37:07,164
22:37:08,164
22:37:09,163
22:37:10,162
22:37:11,162
22:37:12,164
22:37:13,165
22:37:14,165
22:37:15,160
22:37:16,165
22:37:17,165
22:37:18,164
22:37:19,164
22:37:20,164
22:37:21,164
22:37:22,162
22:37:23,162
22:37:24,163
22:37:25,162
22:37:26,162
22:37:27,162
22:37:28,163
22:37:29,163
22:37:30,161
22:37:31,162
22:37:32,163
22:37:33,163
22:37:34,163
22:37:35,163
22:37:36,163
22:37:37,163
22:37:38,163
22:37:39,163
22:37:40,163
22:37:41,162
22:37:42,162
22:37:43,163
22:37:44,163
22:37:45,163
22:37:46,163
22:37:47,162
22:37:48,162
22:37:49,164
22:37:50,162
22:37:51,162
22:37:52,163
22:37:53,163
22:37:54,163
22:37:55,164
22:37:56,162
22:37:57,162
22:37:58,162
22:38:00,164
22:38:01,164
22:38:02,162
22:38:03,158
22:38:04,158
22:38:05,162
22:38:06,161
22:38:07,161
22:38:08,162
22:38:09,162
22:38:10,162
22:38:11,163
22:38:12,164
22:38:13,164
22:38:14,164
22:38:15,161
22:38:16,161
22:38:17,166
22:38:18,162
22:38:19,162
22:38:20,162
22:38:21,162
22:38:22,161
22:38:23,161
22:38:24,164
22:38:25,163
22:38:26,163
22:38:27,162
22:38:28,159
22:38:29,159
22:38:30,161
22:38:31,161
22:38:32,161
22:38:33,162
22:38:34,161
22:38:35,161
22:38:36,160
22:38:37,163
22:38:38,163
22:38:39,162
22:38:40,162
22:38:41,162
22:38:42,163
22:38:43,161
22:38:44,161
22:38:45,162
22:38:46,163
22:38:47,163
22:38:48,162
22:38:49,163
22:38:50,163
22:38:51,164
22:38:52,163
22:38:53,163
22:38:54,161
22:38:55,161
22:38:56,162
22:38:57,162
22:38:58,163
22:38:59,158
22:39:00,158
22:39:01,162
22:39:02,161
22:39:03,161
22:39:04,163
22:39:05,161
22:39:06,161
22:39:07,161
22:39:08,159
22:39:09,159
22:39:10,159
22:39:11,162
22:39:12,162
22:39:13,163
22:39:14,161
22:39:15,161
22:39:16,161
22:39:18,161
22:39:19,161
22:39:20,162
22:39:21,162
22:39:22,162
22:39:23,156
22:39:24,165
22:39:25,165
22:39:26,164
22:39:27,164
22:39:28,164
22:39:29,161
22:39:30,161
22:39:31,161
22:39:32,160
22:39:33,163
22:39:34,163
22:39:35,163
22:39:36,162
22:39:37,162
22:39:38,162
22:39:39,162
22:39:40,162
22:39:41,162
22:39:42,163
22:39:43,160
22:39:44,160
22:39:45,161
22:39:46,163
22:39:47,163
22:39:48,163
22:39:49,164
22:39:50,164
22:39:51,163
22:39:52,163
22:39:53,163
22:39:54,162
22:39:55,161
22:39:56,161
22:39:57,163
22:39:58,162
22:39:59,162
22:40:00,162
22:40:01,162
22:40:02,162
22:40:03,163
22:40:04,161
22:40:05,161
22:40:06,162
22:40:07,161
22:40:08,161
22:40:09,162
22:40:10,163
22:40:11,163
22:40:12,162
22:40:13,163
22:40:14,163
22:40:15,163
22:40:16,162
22:40:17,162
22:40:18,164
22:40:19,163
22:40:20,163
22:40:21,161
22:40:22,161
22:40:23,161
22:40:24,162
22:40:25,162
22:40:26,162
22:40:27,157
22:40:28,162
22:40:29,161
22:40:30,161
22:40:31,165
22:40:32,164
22:40:33,164
22:40:34,164
22:40:35,164
22:40:36,164
22:40:37,164
22:40:38,161
22:40:39,161
22:40:40,161
22:40:41,160
22:40:42,160
22:40:43,160
22:40:44,160
22:40:45,160
22:40:46,163
22:40:47,162
22:40:49,162
22:40:50,163
22:40:51,161
22:40:52,161
22:40:53,162
22:40:54,161
22:40:55,161
22:40:56,162
22:40:57,163
22:40:58,163
22:40:59,162
22:41:00,161
22:41:01,161
22:41:02,161
22:41:03,161
22:41:04,161
22:41:05,161
22:41:06,162
22:41:07,162
22:41:08,160
22:41:09,162
22:41:10,162
22:41:11,162
22:41:12,164
22:41:13,164
22:41:14,160
22:41:15,163
22:41:16,163
22:41:17,163
22:41:18,160
22:41:19,161
22:41:20,161
22:41:21,159
22:41:22,159
22:41:23,159
22:41:24,161
22:41:25,161
22:41:26,161
22:41:27,162
22:41:28,162
22:41:29,162
22:41:30,161
22:41:31,160
22:41:32,160
22:41:33,163
22:41:34,163
22:41:35,163
22:41:36,164
22:41:37,163
22:41:38,163
22:41:39,162
22:41:40,163
22:41:41,163
22:41:42,164
22:41:43,163
22:41:44,163
22:41:45,163
22:41:46,163
22:41:47,163
22:41:48,164
22:41:49,164
22:41:50,164
22:41:51,161
22:41:52,163
22:41:53,163
22:41:54,163
22:41:55,161
22:41:56,161
22:41:57,161
22:41:58,161
22:41:59,161
22:42:00,160
22:42:01,161
22:42:02,164
22:42:03,164
22:42:04,163
22:42:05,163
22:42:06,163
22:42:07,161
22:42:08,164
22:42:09,164
22:42:10,161
22:42:11,161
22:42:12,161
22:42:13,163
22:42:14,162
22:42:15,162
22:42:16,164
22:42:17,163
22:42:18,163
22:42:20,163
22:42:21,161
22:42:22,161
22:42:23,161
22:42:24,162
22:42:25,162
22:42:26,163
22:42:27,162
22:42:28,162
22:42:29,159
22:42:30,161
22:42:31,161
22:42:32,162
22:42:33,162
22:42:34,162
22:42:35,161
22:42:36,161
22:42:37,161
22:42:38,162
22:42:39,163
22:42:40,163
22:42:41,157
22:42:42,163
22:42:43,163
22:42:44,163
22:42:45,162
22:42:46,162
22:42:47,162
22:42:48,163
22:42:49,163
22:42:50,162
22:42:51,164
22:42:52,163
22:42:53,163
22:42:54,164
22:42:55,164
22:42:56,164
22:42:57,162
22:42:58,161
22:42:59,161
22:43:00,163
22:43:01,164
22:43:02,164
22:43:03,164
22:43:04,163
22:43:05,163
22:43:06,162
22:43:07,159
22:43:08,159
22:43:09,162
22:43:10,165
22:43:11,165
22:43:12,162
22:43:13,162
22:43:14,162
22:43:15,162
22:43:16,160
22:43:17,160
22:43:18,163
22:43:19,162
22:43:20,162
22:43:21,160
22:43:22,161
22:43:23,161
22:43:24,162
22:43:25,164
22:43:26,164
22:43:27,162
22:43:28,162
22:43:29,162
22:43:30,162
22:43:31,163
22:43:32,163
22:43:33,162
22:43:34,162
22:43:35,162
22:43:36,162
22:43:37,162
22:43:38,164
22:43:39,164
22:43:40,162
22:43:41,163
22:43:42,163
22:43:43,162
22:43:45,163
22:43:46,163
22:43:47,164
22:43:48,160
22:43:49,160
22:43:50,161
22:43:51,160
22:43:52,160
22:43:53,161
22:43:54,161
22:43:55,161
22:43:56,162
22:43:57,162
22:43:58,162
22:43:59,160
22:44:00,161
22:44:01,161
22:44:02,162
22:44:03,161
22:44:04,161
22:44:05,162
22:44:06,154
22:44:07,154
22:44:08,163
22:44:09,162
22:44:10,162
22:44:11,163
22:44:12,161
22:44:13,161
22:44:14,161
22:44:15,161
22:44:16,163
22:44:17,163
22:44:18,161
22:44:19,162
22:44:20,162
22:44:21,161
22:44:22,163
22:44:23,163
22:44:24,161
22:44:25,165
22:44:26,165
22:44:27,162
22:44:28,161
22:44:29,161
22:44:30,163
22:44:31,161
22:44:32,161
22:44:33,162
22:44:34,160
22:44:35,160
22:44:36,161
22:44:37,164
22:44:38,164
22:44:39,164
22:44:40,161
22:44:41,161
22:44:42,162
22:44:43,163
22:44:44,163
22:44:45,161
22:44:46,163
22:44:47,163
22:44:48,160
22:44:49,163
22:44:50,163
22:44:51,162
22:44:52,163
22:44:53,163
22:44:54,161
22:44:55,161
22:44:56,161
22:44:57,163
22:44:58,163
22:44:59,161
22:45:00,161
22:45:01,161
22:45:02,161
22:45:03,161
22:45:04,162
22:45:05,162
22:45:06,162
22:45:07,162
22:45:09,161
22:45:10,161
22:45:11,162
22:45:12,157
22:45:13,157
22:45:14,164
22:45:15,164
22:45:16,164
22:45:17,162
22:45:18,162
22:45:19,162
22:45:20,163
22:45:21,163
22:45:22,163
22:45:23,163
22:45:24,162
22:45:25,162
22:45:26,163
22:45:27,163
22:45:28,163
22:45:29,165
22:45:30,162
22:45:31,162
22:45:32,162
22:45:33,163
22:45:34,163
22:45:35,163
22:45:36,161
22:45:37,161
22:45:38,163
22:45:39,163
22:45:40,163
22:45:41,162
22:45:42,162
22:45:43,162
22:45:44,161
22:45:45,162
22:45:46,162
22:45:47,164
22:45:48,162
22:45:49,163
22:45:50,163
22:45:51,165
22:45:52,162
22:45:53,162
22:45:54,161
22:45:55,163
22:45:56,163
22:45:57,163
22:45:58,162
22:45:59,162
22:46:00,160
22:46:01,162
22:46:02,162
22:46:03,162
22:46:04,162
22:46:05,162
22:46:06,161
22:46:07,162
22:46:08,162
22:46:09,164
22:46:10,162
22:46:11,162
22:46:12,163
22:46:13,161
22:46:14,161
22:46:15,160
22:46:16,157
22:46:17,157
22:46:18,162
22:46:19,163
22:46:20,163
22:46:21,162
22:46:22,162
22:46:23,162
22:46:24,162
22:46:25,161
22:46:26,161
22:46:27,162
22:46:28,161
22:46:29,161
22:46:30,162
22:46:31,162
22:46:32,162
22:46:33,161
22:46:34,161
22:46:35,163
22:46:36,163
22:46:37,162
22:46:38,163
22:46:40,163
22:46:41,163
22:46:42,162
22:46:43,162
22:46:44,159
22:46:45,162
22:46:46,162
22:46:47,160
22:46:48,161
22:46:49,161
22:46:50,162
22:46:51,164
22:46:52,164
22:46:53,162
22:46:54,163
22:46:55,163
22:46:56,162
22:46:57,161
22:46:58,161
22:46:59,163
22:47:00,161
22:47:01,161
22:47:02,162
22:47:03,163
22:47:04,163
22:47:05,163
22:47:06,163
22:47:07,163
22:47:08,161
22:47:09,162
22:47:10,162
22:47:11,161
22:47:12,160
22:47:13,160
22:47:14,162
22:47:15,161
22:47:16,161
22:47:17,163
22:47:18,161
22:47:19,161
22:47:20,162
22:47:21,160
22:47:22,162
22:47:23,162
22:47:24,162
22:47:25,163
22:47:26,163
22:47:27,160
22:47:28,162
22:47:29,162
22:47:30,161
22:47:31,162
22:47:32,162
22:47:33,160
22:47:34,161
22:47:35,161
22:47:36,162
22:47:37,162
22:47:38,162
22:47:39,162
22:47:40,164
22:47:41,164
22:47:42,162
22:47:43,161
22:47:44,161
22:47:45,163
22:47:46,164
22:47:47,164
22:47:48,162
22:47:49,160
22:47:50,160
22:47:51,162
22:47:52,162
22:47:53,162
22:47:54,161
22:47:55,162
22:47:56,162
22:47:57,160
22:47:58,163
22:47:59,163
22:48:00,164
22:48:01,162
22:48:02,162
22:48:03,161
22:48:04,160
22:48:05,160
22:48:06,162
22:48:07,161
22:48:08,163
22:48:10,163
22:48:11,161
22:48:12,161
22:48:13,161
22:48:14,162
22:48:15,161
22:48:16,161
22:48:17,164
22:48:18,164
22:48:19,164
22:48:20,162
22:48:21,162
22:48:22,162
22:48:23,163
22:48:24,162
22:48:25,162
22:48:26,164
22:48:27,161
22:48:28,161
22:48:29,163
22:48:30,162
22:48:31,162
22:48:32,163
22:48:33,161
22:48:34,161
22:48:35,161
22:48:36,160
22:48:37,160
22:48:38,161
22:48:39,160
22:48:40,160
22:48:41,161
22:48:42,158
22:48:43,158
22:48:44,162
22:48:45,161
22:48:46,156
22:48:47,156
22:48:48,161
22:48:49,163
22:48:50,163
22:48:51,164
22:48:52,163
22:48:53,163
22:48:54,162
22:48:55,163
22:48:56,163
22:48:57,163
22:48:58,162
22:48:59,162
22:49:00,162
22:49:01,163
22:49:02,163
22:49:03,163
22:49:04,162
22:49:05,162
22:49:06,158
22:49:07,162
22:49:08,162
22:49:09,163
22:49:10,161
22:49:11,161
22:49:12,161
22:49:13,161
22:49:14,161
22:49:15,161
22:49:16,160
22:49:17,160
22:49:18,163
22:49:19,161
22:49:20,161
22:49:21,164
22:49:22,161
22:49:23,161
22:49:24,163
22:49:25,162
22:49:26,162
22:49:27,160
22:49:28,162
22:49:30,162
22:49:31,162
22:49:32,160
22:49:33,161
22:49:34,161
22:49:35,163
22:49:36,161
22:49:37,161
22:49:38,162
22:49:39,161
22:49:40,161
22:49:41,160
22:49:42,160
22:49:43,160
22:49:44,158
22:49:45,163
22:49:46,163
22:49:47,160
22:49:48,162
22:49:49,162
22:49:50,162
22:49:51,160
22:49:52,160
22:49:53,160
22:49:54,160
22:49:55,160
22:49:56,161
22:49:57,162
22:49:58,162
22:49:59,161
22:50:00,161
22:50:01,161
22:50:02,158
22:50:03,164
22:50:04,164
22:50:05,162
22:50:06,161
22:50:07,161
22:50:08,161
22:50:09,164
22:50:10,164
22:50:11,161
22:50:12,161
22:50:13,161
22:50:14,160
22:50:15,162
22:50:16,162
22:50:17,161
22:50:18,160
22:50:19,158
22:50:20,158
22:50:21,159
22:50:22,162
22:50:23,162
22:50:24,161
22:50:25,162
22:50:26,162
22:50:27,162
22:50:28,163
22:50:29,163
22:50:30,163
22:50:31,163
22:50:32,163
22:50:33,161
22:50:34,161
22:50:35,161
22:50:36,165
22:50:37,162
22:50:38,162
22:50:39,159
22:50:40,162
22:50:41,162
22:50:42,162
22:50:43,162
22:50:44,162
22:50:45,164
22:50:46,159
22:50:47,159
22:50:48,162
22:50:49,162
22:50:50,162
22:50:51,159
22:50:52,161
22:50:53,161
22:50:54,160
22:50:55,162
22:50:56,162
22:50:57,163
22:50:58,163
22:50:59,163
22:51:01,162
22:51:02,162
22:51:03,162
22:51:04,160
22:51:05,162
22:51:06,162
22:51:07,161
22:51:08,162
22:51:09,161
22:51:10,161
22:51:11,161
22:51:12,163
22:51:13,163
22:51:14,163
22:51:15,163
22:51:16,163
22:51:17,162
22:51:18,161
22:51:19,161
22:51:20,161
22:51:21,162
22:51:22,162
22:51:23,163
22:51:24,164
22:51:25,164
22:51:26,163
22:51:27,162
22:51:28,162
22:51:29,162
22:51:30,160
22:51:31,160
22:51:32,163
22:51:33,162
22:51:34,162
22:51:35,165
22:51:36,162
22:51:37,162
22:51:38,165
22:51:39,161
22:51:40,161
22:51:41,163
22:51:42,162
22:51:43,162
22:51:44,163
22:51:45,161
22:51:46,161
22:51:47,162
22:51:48,163
22:51:49,163
22:51:50,165
22:51:51,162
22:51:52,162
22:51:53,161
22:51:54,163
22:51:55,161
22:51:56,161
22:51:57,163
22:51:58,161
22:51:59,161
22:52:00,160
22:52:01,162
22:52:02,162
22:52:03,163
22:52:04,162
22:52:05,162
22:52:06,163
22:52:07,161
22:52:08,161
22:52:09,160
22:52:10,165
22:52:11,165
22:52:12,164
22:52:13,162
22:52:14,162
22:52:15,162
22:52:16,162
22:52:17,162
22:52:18,161
22:52:19,162
22:52:20,162
22:52:21,159
22:52:22,161
22:52:23,161
22:52:24,163
22:52:25,161
22:52:26,161
22:52:27,163
22:52:28,162
22:52:29,162
22:52:30,156
22:52:32,163
22:52:33,163
22:52:34,162
22:52:35,162
22:52:36,162
22:52:37,163
22:52:38,162
22:52:39,162
22:52:40,164
22:52:41,162
22:52:42,162
22:52:43,162
22:52:44,163
22:52:45,163
22:52:46,163
22:52:47,161
22:52:48,161
22:52:49,161
22:52:50,165
22:52:51,164
22:52:52,164
22:52:53,161
22:52:54,164
22:52:55,164
22:52:56,163
22:52:57,161
22:52:58,161
22:52:59,160
22:53:00,162
22:53:01,162
22:53:02,162
22:53:03,161
22:53:04,161
22:53:05,163
22:53:06,163
22:53:07,163
22:53:08,164
22:53:09,162
22:53:10,162
22:53:11,161
22:53:12,161
22:53:13,161
22:53:14,163
22:53:15,165
22:53:16,165
22:53:17,162
22:53:18,162
22:53:19,162
22:53:20,162
22:53:21,161
22:53:22,161
22:53:23,158
22:53:24,161
22:53:25,161
22:53:26,163
22:53:27,163
22:53:28,163
22:53:29,162
22:53:30,161
22:53:31,159
22:53:32,159
22:53:33,159
22:53:34,159
22:53:35,159
22:53:36,160
22:53:37,162
22:53:38,162
22:53:39,162
22:53:40,161
22:53:41,161
22:53:42,162
22:53:43,161
22:53:44,161
22:53:45,162
22:53:46,163
22:53:47,163
22:53:48,162
22:53:49,164
22:53:50,164
22:53:52,162
22:53:53,159
22:53:54,159
22:53:55,161
22:53:56,162
22:53:57,162
22:53:58,160
22:53:59,161
22:54:00,161
22:54:01,161
22:54:02,162
22:54:03,162
22:54:04,162
22:54:05,161
22:54:06,162
22:54:07,162
22:54:08,160
22:54:09,163
22:54:10,163
22:54:11,160
22:54:12,163
22:54:13,163
22:54:14,162
22:54:15,161
22:54:16,161
22:54:17,161
22:54:18,163
22:54:19,163
22:54:20,161
22:54:21,162
22:54:22,162
22:54:23,163
22:54:24,161
22:54:25,161
22:54:26,162
22:54:27,161
22:54:28,161
22:54:29,160
22:54:30,162
22:54:31,162
22:54:32,158
22:54:33,159
22:54:34,159
22:54:35,161
22:54:36,163
22:54:37,163
22:54:38,162
22:54:39,161
22:54:40,161
22:54:41,161
22:54:42,160
22:54:43,160
22:54:44,159
22:54:45,161
22:54:46,161
22:54:47,161
22:54:48,162
22:54:49,162
22:54:50,161
22:54:51,157
22:54:52,164
22:54:53,164
22:54:54,163
22:54:55,163
22:54:56,163
22:54:57,162
22:54:58,163
22:54:59,163
22:55:00,162
22:55:01,161
22:55:02,161
22:55:03,162
22:55:04,162
22:55:05,162
22:55:06,161
22:55:07,163
22:55:08,163
22:55:09,163
22:55:10,163
22:55:11,163
22:55:12,162
22:55:13,163
22:55:14,163
22:55:15,162
22:55:16,163
22:55:17,163
22:55:18,163
22:55:19,165
22:55:20,165
22:55:21,164
22:55:23,161
22:55:24,161
22:55:25,161
22:55:26,159
22:55:27,159
22:55:28,162
22:55:29,162
22:55:30,162
22:55:31,163
22:55:32,164
22:55:33,164
22:55:34,162
22:55:35,161
22:55:36,161
22:55:37,163
22:55:38,163
22:55:39,163
22:55:40,162
22:55:41,162
22:55:42,160
22:55:43,160
22:55:44,162
22:55:45,162
22:55:46,162
22:55:47,160
22:55:48,159
22:55:49,159
22:55:50,161
22:55:51,159
22:55:52,159
22:55:53,161
22:55:54,161
22:55:55,161
22:55:56,161
22:55:57,155
22:55:58,155
22:55:59,161
22:56:00,163
22:56:01,163
22:56:02,163
22:56:03,159
22:56:04,159
22:56:05,161
22:56:06,162
22:56:07,162
22:56:08,162
22:56:09,162
22:56:10,162
22:56:11,161
22:56:12,162
22:56:13,162
22:56:14,161
22:56:15,161
22:56:16,161
22:56:17,161
22:56:18,163
22:56:19,163
22:56:20,159
22:56:21,162
22:56:22,162
22:56:23,162
22:56:24,164
22:56:25,164
22:56:26,162
22:56:27,161
22:56:28,163
22:56:29,163
22:56:30,163
22:56:31,163
22:56:32,163
22:56:33,161
22:56:34,161
22:56:35,161
22:56:36,161
22:56:37,162
22:56:38,162
22:56:39,162
22:56:40,161
22:56:41,161
22:56:42,162
22:56:43,161
22:56:44,161
22:56:45,162
22:56:46,161
22:56:47,161
22:56:48,162
22:56:49,162
22:56:50,162
22:56:52,163
22:56:53,162
22:56:54,162
22:56:55,161
22:56:56,162
22:56:57,162
22:56:58,161
22:56:59,159
22:57:00,159
22:57:01,162
22:57:02,162
22:57:03,162
22:57:04,162
22:57:05,161
22:57:06,161
22:57:07,163
22:57:08,161
22:57:09,161
22:57:10,155
22:57:11,162
22:57:12,162
22:57:13,163
22:57:14,163
22:57:15,162
22:57:16,162
22:57:17,163
22:57:18,162
22:57:19,162
22:57:20,162
22:57:21,162
22:57:22,162
22:57:23,164
22:57:24,160
22:57:25,160
22:57:26,162
22:57:27,163
22:57:28,163
22:57:29,163
22:57:30,161
22:57:31,161
22:57:32,161
22:57:33,162
22:57:34,162
22:57:35,161
22:57:36,159
22:57:37,159
22:57:38,163
22:57:39,162
22:57:40,162
22:57:41,160
22:57:42,164
22:57:43,164
22:57:44,161
22:57:45,159
22:57:46,159
22:57:47,161
22:57:48,163
22:57:49,163
22:57:50,163
22:57:51,160
22:57:52,160
22:57:53,162
22:57:54,160
22:57:55,160
22:57:56,160
22:57:57,163
22:57:58,163
22:57:59,163
22:58:00,158
22:58:01,161
22:58:02,161
22:58:03,161
22:58:04,161
22:58:05,161
22:58:06,163
22:58:07,163
22:58:08,163
22:58:09,160
22:58:10,159
22:58:11,159
22:58:12,163
22:58:13,160
22:58:14,160
22:58:15,162
22:58:16,161
22:58:17,161
22:58:18,163
22:58:19,156
22:58:20,156
22:58:22,163
22:58:23,163
22:58:24,163
22:58:25,162
22:58:26,162
22:58:27,162
22:58:28,164
22:58:29,165
22:58:30,165
22:58:31,160
22:58:32,160
22:58:33,160
22:58:34,163
22:58:35,163
22:58:36,163
22:58:37,161
22:58:38,162
22:58:39,162
22:58:40,162
22:58:41,162
22:58:42,162
22:58:43,163
22:58:44,161
22:58:45,162
22:58:46,162
22:58:47,164
22:58:48,164
22:58:49,164
22:58:50,162
22:58:51,160
22:58:52,160
22:58:53,163
22:58:54,163
22:58:55,163
22:58:56,161
22:58:57,164
22:58:58,164
22:58:59,163
22:59:00,162
22:59:01,162
22:59:02,160
22:59:03,162
22:59:04,162
22:59:05,160
22:59:06,163
22:59:07,163
22:59:08,161
22:59:09,163
22:59:10,163
22:59:11,163
22:59:12,161
22:59:13,161
22:59:14,162
22:59:15,162
22:59:16,162
22:59:17,159
22:59:18,157
22:59:19,157
22:59:20,162
22:59:21,161
22:59:22,161
22:59:23,160
22:59:24,160
22:59:25,163
22:59:26,163
22:59:27,162
22:59:28,161
22:59:29,161
22:59:30,160
22:59:31,155
22:59:32,155
22:59:33,162
22:59:34,161
22:59:35,161
22:59:36,162
22:59:37,161
22:59:38,161
22:59:39,161
22:59:40,162
22:59:42,162
22:59:43,161
22:59:44,159
22:59:45,159
22:59:46,164
22:59:47,163
22:59:48,163
22:59:49,161
22:59:50,164
22:59:51,164
22:59:52,162
22:59:53,162
22:59:54,162
22:59:55,163
22:59:56,164
22:59:57,164
22:59:58,165
22:59:59,165
23:00:00,165
23:00:01,163
23:00:02,161
23:00:03,161
23:00:04,162
23:00:05,163
23:00:06,163
23:00:07,163
23:00:08,162
23:00:09,162
23:00:10,163
23:00:11,161
23:00:12,162
23:00:13,162
23:00:14,162
23:00:15,162
23:00:16,162
23:00:17,162
23:00:18,162
23:00:19,162
23:00:20,162
23:00:21,163
23:00:22,163
23:00:23,162
23:00:24,162
23:00:25,162
23:00:26,162
23:00:27,162
23:00:28,162
23:00:29,161
23:00:30,165
23:00:31,165
23:00:32,165
23:00:33,162
23:00:34,162
23:00:35,163
23:00:36,163
23:00:37,163
23:00:38,162
23:00:39,161
23:00:40,161
23:00:41,163
23:00:42,159
23:00:43,159
23:00:44,162
23:00:45,163
23:00:46,163
23:00:47,159
23:00:48,165
23:00:49,165
23:00:50,162
23:00:51,164
23:00:52,164
23:00:53,164
23:00:54,163
23:00:55,163
23:00:56,162
23:00:57,164
23:00:58,164
23:00:59,163
23:01:00,162
23:01:01,163
23:01:02,163
23:01:03,162
23:01:04,162
23:01:05,162
23:01:06,161
23:01:07,162
23:01:08,162
23:01:09,162
23:01:10,161
23:01:12,161
23:01:13,164
23:01:14,163
23:01:15,163
23:01:16,163
23:01:17,162
23:01:18,162
23:01:19,164
23:01:20,160
23:01:21,160
23:01:22,161
23:01:23,163
23:01:24,163
23:01:25,162
23:01:26,163
23:01:27,163
23:01:28,161
23:01:29,159
23:01:30,159
23:01:31,162
23:01:32,160
23:01:33,160
23:01:34,162
23:01:35,162
23:01:36,162
23:01:37,160
23:01:38,162
23:01:39,162
23:01:40,162
23:01:41,164
23:01:42,164
23:01:43,164
23:01:44,163
23:01:45,163
23:01:46,163
23:01:47,164
23:01:48,164
23:01:49,164
23:01:50,162
23:01:51,161
23:01:52,161
23:01:53,161
23:01:54,163
23:01:55,163
23:01:56,163
23:01:57,160
23:01:58,160
23:01:59,161
23:02:00,162
23:02:01,162
23:02:02,163
23:02:03,162
23:02:04,162
23:02:05,163
23:02:06,162
23:02:07,162
23:02:08,159
23:02:09,162
23:02:10,162
23:02:11,160
23:02:12,162
23:02:13,162
23:02:14,162
23:02:15,163
23:02:16,163
23:02:17,163
23:02:18,162
23:02:19,162
23:02:20,161
23:02:21,162
23:02:22,162
23:02:23,161
23:02:24,160
23:02:25,160
23:02:26,165
23:02:27,161
23:02:28,161
23:02:29,163
23:02:30,161
23:02:31,161
23:02:32,164
23:02:33,163
23:02:34,164
23:02:35,164
23:02:36,162
23:02:37,162
23:02:38,162
23:02:39,163
23:02:40,159
23:02:41,159
23:02:42,161
23:02:44,159
23:02:45,159
23:02:46,163
23:02:47,161
23:02:48,161
23:02:49,163
23:02:50,162
23:02:51,162
23:02:52,163
23:02:53,161
23:02:54,161
23:02:55,162
23:02:56,161
23:02:57,161
23:02:58,161
23:02:59,158
23:03:00,158
23:03:01,165
23:03:02,164
23:03:03,164
23:03:04,163
23:03:05,162
23:03:06,162
23:03:07,162
23:03:08,159
23:03:09,159
23:03:10,160
23:03:11,160
23:03:12,160
23:03:13,163
23:03:14,160
23:03:15,160
23:03:16,163
23:03:17,162
23:03:18,162
23:03:19,163
23:03:20,161
23:03:21,161
23:03:22,163
23:03:23,161
23:03:24,162
23:03:25,162
23:03:26,163
23:03:27,160
23:03:28,160
23:03:29,162
23:03:30,162
23:03:31,162
23:03:32,164
23:03:33,162
23:03:34,162
23:03:35,162
23:03:36,163
23:03:37,163
23:03:38,164
23:03:39,162
23:03:40,162
23:03:41,164
23:03:42,164
23:03:43,164
23:03:44,165
23:03:45,164
23:03:46,164
23:03:47,163
23:03:48,163
23:03:49,163
23:03:50,162
23:03:51,160
23:03:52,160
23:03:53,162
23:03:54,162
23:03:55,162
23:03:56,163
23:03:57,162
23:03:58,160
23:03:59,160
23:04:00,162
23:04:01,162
23:04:03,162
23:04:04,162
23:04:05,163
23:04:06,163
23:04:07,163
23:04:08,164
23:04:09,164
23:04:10,160
23:04:11,163
23:04:12,163
23:04:13,163
23:04:14,162
23:04:15,162
23:04:16,160
23:04:17,163
23:04:18,163
23:04:19,164
23:04:20,163
23:04:21,163
23:04:22,163
23:04:23,162
23:04:24,162
23:04:25,162
23:04:26,163
23:04:27,163
23:04:28,163
23:04:29,162
23:04:30,162
23:04:31,161
23:04:32,161
23:04:33,161
23:04:34,165
23:04:35,164
23:04:36,164
23:04:37,160
23:04:38,163
23:04:39,163
23:04:40,163
23:04:41,164
23:04:42,164
23:04:43,162
23:04:44,162
23:04:45,162
23:04:46,163
23:04:47,163
23:04:48,159
23:04:49,159
23:04:50,162
23:04:51,160
23:04:52,160
23:04:53,161
23:04:54,162
23:04:55,162
23:04:56,162
23:04:57,163
23:04:58,163
23:04:59,162
23:05:00,163
23:05:01,163
23:05:02,162
23:05:03,162
23:05:04,162
23:05:05,164
23:05:06,165
23:05:07,165
23:05:08,163
23:05:09,158
23:05:10,158
23:05:11,163
23:05:12,161
23:05:13,161
23:05:14,161
23:05:15,161
23:05:16,161
23:05:17,164
23:05:18,164
23:05:19,164
23:05:20,160
23:05:21,161
23:05:22,161
23:05:23,162
23:05:24,163
23:05:25,163
23:05:26,163
23:05:27,162
23:05:28,162
23:05:29,158
23:05:30,163
23:05:31,163
23:05:32,162
23:05:34,164
23:05:35,164
23:05:36,164
23:05:37,160
23:05:38,163
23:05:39,163
23:05:40,161
23:05:41,161
23:05:42,161
23:05:43,161
23:05:44,161
23:05:45,161
23:05:46,162
23:05:47,164
23:05:48,164
23:05:49,164
23:05:50,162
23:05:51,162
23:05:52,163
23:05:53,164
23:05:54,164
23:05:55,163
23:05:56,159
23:05:57,159
23:05:58,165
23:05:59,163
23:06:00,163
23:06:01,163
23:06:02,161
23:06:03,161
23:06:04,164
23:06:05,162
23:06:06,162
23:06:07,162
23:06:08,161
23:06:09,161
23:06:10,162
23:06:11,162
23:06:12,162
23:06:13,160
23:06:14,163
23:06:15,163
23:06:16,164
23:06:17,162
23:06:18,162
23:06:19,160
23:06:20,163
23:06:21,162
23:06:22,162
23:06:23,160
23:06:24,164
23:06:25,164
23:06:26,164
23:06:27,159
23:06:28,159
23:06:29,163
23:06:30,163
23:06:31,163
23:06:32,161
23:06:33,163
23:06:34,163
23:06:35,162
23:06:36,160
23:06:37,160
23:06:38,157
23:06:39,160
23:06:40,160
23:06:41,162
23:06:42,162
23:06:43,162
23:06:44,163
23:06:45,164
23:06:46,164
23:06:47,162
23:06:48,162
23:06:49,162
23:06:50,164
23:06:51,162
23:06:52,162
23:06:53,163
23:06:54,164
23:06:55,164
23:06:56,164
23:06:57,163
23:06:58,163
23:06:59,162
23:07:00,163
23:07:01,163
23:07:02,161
23:07:03,162
23:07:05,162
23:07:06,164
23:07:07,163
23:07:08,163
23:07:09,160
23:07:10,163
23:07:11,164
23:07:12,164
23:07:13,163
23:07:14,162
23:07:15,162
23:07:16,161
23:07:17,162
23:07:18,162
23:07:19,162
23:07:20,161
23:07:21,161
23:07:22,162
23:07:23,162
23:07:24,162
23:07:25,164
23:07:26,162
23:07:27,162
23:07:28,163
23:07:29,160
23:07:30,160
23:07:31,161
23:07:32,162
23:07:33,162
23:07:34,162
23:07:35,158
23:07:36,158
23:07:37,161
23:07:38,160
23:07:39,160
23:07:40,162
23:07:41,161
23:07:42,161
23:07:43,162
23:07:44,164
23:07:45,164
23:07:46,161
23:07:47,163
23:07:48,163
23:07:49,159
23:07:50,161
23:07:51,161
23:07:52,156
23:07:53,163
23:07:54,163
23:07:55,164
23:07:56,163
23:07:57,162
23:07:58,162
23:07:59,162
23:08:00,161
23:08:01,161
23:08:02,162
23:08:03,163
23:08:04,163
23:08:05,163
23:08:06,164
23:08:07,164
23:08:08,161
23:08:09,162
23:08:10,162
23:08:11,162
23:08:12,163
23:08:13,163
23:08:14,161
23:08:15,161
23:08:16,161
23:08:17,164
23:08:18,162
23:08:19,162
23:08:20,162
23:08:21,162
23:08:22,162
23:08:23,160
23:08:24,163
23:08:25,163
23:08:26,162
23:08:27,164
23:08:28,164
23:08:29,163
23:08:30,160
23:08:31,160
23:08:32,163
23:08:33,161
23:08:34,161
23:08:36,160
23:08:37,163
23:08:38,163
23:08:39,162
23:08:40,160
23:08:41,160
23:08:42,160
23:08:43,161
23:08:44,160
23:08:45,160
23:08:46,160
23:08:47,161
23:08:48,161
23:08:49,161
23:08:50,161
23:08:51,161
23:08:52,159
23:08:53,160
23:08:54,160
23:08:55,163
23:08:56,163
23:08:57,163
23:08:58,164
23:08:59,162
23:09:00,162
23:09:01,163
23:09:02,162
23:09:03,162
23:09:04,162
23:09:05,160
23:09:06,160
23:09:07,162
23:09:08,162
23:09:09,162
23:09:10,162
23:09:11,163
23:09:12,163
23:09:13,162
23:09:14,161
23:09:15,161
23:09:16,162
23:09:17,162
23:09:18,162
23:09:19,162
23:09:20,161
23:09:21,159
23:09:22,159
23:09:23,162
23:09:24,162
23:09:25,162
23:09:26,163
23:09:27,161
23:09:28,161
23:09:29,164
23:09:30,161
23:09:31,161
23:09:32,163
23:09:33,163
23:09:34,163
23:09:35,164
23:09:36,162
23:09:37,162
23:09:38,164
23:09:39,164
23:09:40,164
23:09:41,164
23:09:42,163
23:09:43,163
23:09:44,162
23:09:45,163
23:09:46,163
23:09:47,162
23:09:48,159
23:09:49,159
23:09:50,164
23:09:51,162
23:09:52,162
23:09:53,162
23:09:55,160
23:09:56,160
23:09:57,162
23:09:58,162
23:09:59,162
23:10:00,163
23:10:01,163
23:10:02,163
23:10:03,162
23:10:04,163
23:10:05,163
23:10:06,163
23:10:07,165
23:10:08,163
23:10:09,163
23:10:10,164
23:10:11,163
23:10:12,163
23:10:13,162
23:10:14,162
23:10:15,162
23:10:16,162
23:10:17,161
23:10:18,161
23:10:19,164
23:10:20,162
23:10:21,162
23:10:22,161
23:10:23,162
23:10:24,162
23:10:25,161
23:10:26,163
23:10:27,163
23:10:28,162
23:10:29,161
23:10:30,161
23:10:31,159
23:10:32,162
23:10:33,162
23:10:34,161
23:10:35,165
23:10:36,165
23:10:37,164
23:10:38,165
23:10:39,165
23:10:40,164
23:10:41,162
23:10:42,162
23:10:43,162
23:10:44,162
23:10:45,162
23:10:46,162
23:10:47,161
23:10:48,161
23:10:49,161
23:10:50,163
23:10:51,163
23:10:52,164
23:10:53,162
23:10:54,162
23:10:55,162
23:10:56,163
23:10:57,161
23:10:58,161
23:10:59,163
23:11:00,161
23:11:01,161
23:11:02,163
23:11:03,164
23:11:04,164
23:11:05,159
23:11:06,164
23:11:07,164
23:11:08,165
23:11:09,166
23:11:10,166
23:11:11,163
23:11:12,163
23:11:13,163
23:11:14,162
23:11:15,163
23:11:16,163
23:11:17,164
23:11:18,160
23:11:19,160
23:11:21,159
23:11:22,160
23:11:23,160
23:11:24,162
23:11:25,161
23:11:26,161
23:11:27,160
23:11:28,160
23:11:29,160
23:11:30,156
23:11:31,159
23:11:32,159
23:11:33,162
23:11:34,160
23:11:35,160
23:11:36,161
23:11:37,162
23:11:38,159
23:11:39,159
23:11:40,160
23:11:41,161
23:11:42,161
23:11:43,164
23:11:44,162
23:11:45,162
23:11:46,164
23:11:47,162
23:11:48,162
23:11:49,163
23:11:50,161
23:11:51,161
23:11:52,161
23:11:53,163
23:11:54,163
23:11:55,163
23:11:56,161
23:11:57,161
23:11:58,162
23:11:59,162
23:12:00,162
23:12:01,162
23:12:02,163
23:12:03,163
23:12:04,162
23:12:05,160
23:12:06,160
23:12:07,162
23:12:08,163
23:12:09,163
23:12:10,160
23:12:11,162
23:12:12,162
23:12:13,165
23:12:14,160
23:12:15,160
23:12:16,164
23:12:17,163
23:12:18,163
23:12:19,161
23:12:20,161
23:12:21,161
23:12:22,158
23:12:23,160
23:12:24,160
23:12:25,160
23:12:26,161
23:12:27,161
23:12:28,161
23:12:29,164
23:12:30,160
23:12:31,160
23:12:32,161
23:12:33,160
23:12:34,160
23:12:35,161
23:12:36,159
23:12:37,159
23:12:38,163
23:12:39,161
23:12:40,161
23:12:41,159
23:12:42,161
23:12:43,161
23:12:44,161
23:12:45,161
23:12:46,161
23:12:47,159
23:12:48,159
23:12:49,159
23:12:50,161
23:12:52,159
23:12:53,159
23:12:54,162
23:12:55,155
23:12:56,155
23:12:57,161
23:12:58,162
23:12:59,162
23:13:00,165
23:13:01,162
23:13:02,162
23:13:03,162
23:13:04,163
23:13:05,163
23:13:06,162
23:13:07,162
23:13:08,161
23:13:09,161
23:13:10,163
23:13:11,160
23:13:12,160
23:13:13,163
23:13:14,163
23:13:15,163
23:13:16,163
23:13:17,164
23:13:18,164
23:13:19,161
23:13:20,161
23:13:21,161
23:13:22,160
23:13:23,162
23:13:24,162
23:13:25,162
23:13:26,162
23:13:27,162
23:13:28,162
23:13:29,163
23:13:30,163
23:13:31,163
23:13:32,161
23:13:33,161
23:13:34,162
23:13:35,162
23:13:36,162
23:13:37,163
23:13:38,164
23:13:39,164
23:13:40,162
23:13:41,164
23:13:42,164
23:13:43,163
23:13:44,162
23:13:45,162
23:13:46,162
23:13:47,162
23:13:48,162
23:13:49,163
23:13:50,163
23:13:51,163
23:13:52,161
23:13:53,162
23:13:54,158
23:13:55,158
23:13:56,163
23:13:57,161
23:13:58,161
23:13:59,159
23:14:00,159
23:14:01,159
23:14:02,162
23:14:03,158
23:14:04,158
23:14:05,165
23:14:06,161
23:14:07,161
23:14:08,162
23:14:09,164
23:14:10,164
23:14:11,164
23:14:12,162
23:14:13,162
23:14:15,163
23:14:16,162
23:14:17,162
23:14:18,164
23:14:19,164
23:14:20,164
23:14:21,162
23:14:22,162
23:14:23,162
23:14:24,163
23:14:25,162
23:14:26,162
23:14:27,162
23:14:28,162
23:14:29,162
23:14:30,162
23:14:31,162
23:14:32,162
23:14:33,163
23:14:34,163
23:14:35,163
23:14:36,161
23:14:37,163
23:14:38,163
23:14:39,165
23:14:40,161
23:14:41,162
23:14:42,162
23:14:43,163
23:14:44,163
23:14:45,163
23:14:46,162
23:14:47,161
23:14:48,161
23:14:49,162
23:14:50,162
23:14:51,162
23:14:52,163
23:14:53,159
23:14:54,159
23:14:55,162
23:14:56,161
23:14:57,161
23:14:58,162
23:14:59,161
23:15:00,161
23:15:01,160
23:15:02,161
23:15:03,161
23:15:04,160
23:15:05,162
23:15:06,162
23:15:07,162
23:15:08,159
23:15:09,159
23:15:10,160
23:15:11,162
23:15:12,162
23:15:13,163
23:15:14,160
23:15:15,160
23:15:16,161
23:15:17,161
23:15:18,161
23:15:19,160
23:15:20,161
23:15:21,161
23:15:22,162
23:15:23,161
23:15:24,161
23:15:25,163
23:15:26,155
23:15:27,155
23:15:28,165
23:15:29,165
23:15:30,162
23:15:31,162
23:15:32,160
23:15:33,163
23:15:34,163
23:15:35,163
23:15:36,161
23:15:37,161
23:15:38,162
23:15:39,162
23:15:40,162
23:15:41,162
23:15:42,161
23:15:43,161
23:15:44,162
23:15:45,162
23:15:46,162
23:15:48,162
23:15:49,159
23:15:50,159
23:15:51,162
23:15:52,163
23:15:53,163
23:15:54,160
23:15:55,161
23:15:56,161
23:15:57,159
23:15:58,163
23:15:59,163
23:16:00,163
23:16:01,162
23:16:02,162
23:16:03,163
23:16:04,162
23:16:05,162
23:16:06,163
23:16:07,162
23:16:08,162
23:16:09,163
23:16:10,163
23:16:11,163
23:16:12,162
23:16:13,158
23:16:14,158
23:16:15,162
23:16:16,162
23:16:17,162
23:16:18,162
23:16:19,161
23:16:20,163
23:16:21,163
23:16:22,162
23:16:23,162
23:16:24,162
23:16:25,160
23:16:26,160
23:16:27,160
23:16:28,162
23:16:29,161
23:16:30,161
23:16:31,160
23:16:32,161
23:16:33,161
23:16:34,162
23:16:35,160
23:16:36,160
23:16:37,157
23:16:38,162
23:16:39,162
23:16:40,161
23:16:41,163
23:16:42,163
23:16:43,163
23:16:44,164
23:16:45,164
23:16:46,162
23:16:47,162
23:16:48,162
23:16:49,163
23:16:50,162
23:16:51,162
23:16:52,163
23:16:53,162
23:16:54,162
23:16:55,164
23:16:56,163
23:16:57,163
23:16:58,162
23:16:59,164
23:17:00,164
23:17:01,164
23:17:02,163
23:17:03,162
23:17:04,162
23:17:05,162
23:17:06,162
23:17:07,162
23:17:08,162
23:17:09,161
23:17:10,161
23:17:11,161
23:17:12,162
23:17:13,162
23:17:14,162
23:17:15,162
23:17:16,162
23:17:18,165
23:17:19,163
23:17:20,163
23:17:21,160
23:17:22,158
23:17:23,158
23:17:24,163
23:17:25,158
23:17:26,158
23:17:27,160
23:17:28,161
23:17:29,161
23:17:30,160
23:17:31,161
23:17:32,161
23:17:33,160
23:17:34,163
23:17:35,163
23:17:36,161
23:17:37,162
23:17:38,162
23:17:39,161
23:17:40,162
23:17:41,162
23:17:42,163
23:17:43,161
23:17:44,161
23:17:45,162
23:17:46,159
23:17:47,159
23:17:48,157
23:17:49,163
23:17:50,162
23:17:51,162
23:17:52,164
23:17:53,161
23:17:54,161
23:17:55,164
23:17:56,163
23:17:57,163
23:17:58,164
23:17:59,163
23:18:00,163
23:18:01,159
23:18:02,163
23:18:03,163
23:18:04,164
23:18:05,161
23:18:06,161
23:18:07,162
23:18:08,162
23:18:09,162
23:18:10,162
23:18:11,161
23:18:12,161
23:18:13,160
23:18:14,163
23:18:15,163
23:18:16,162
23:18:17,163
23:18:18,163
23:18:19,164
23:18:20,162
23:18:21,162
23:18:22,162
23:18:23,165
23:18:24,165
23:18:25,162
23:18:26,160
23:18:27,160
23:18:28,165
23:18:29,163
23:18:30,163
23:18:31,162
23:18:32,163
23:18:33,163
23:18:34,162
23:18:35,163
23:18:36,163
23:18:37,165
23:18:38,162
23:18:39,161
23:18:40,161
23:18:41,163
23:18:42,162
23:18:43,162
23:18:45,160
23:18:46,162
23:18:47,162
23:18:48,163
23:18:49,162
23:18:50,162
23:18:51,162
23:18:52,161
23:18:53,161
23:18:54,163
23:18:55,162
23:18:56,162
23:18:57,163
23:18:58,164
23:18:59,164
23:19:00,162
23:19:01,162
23:19:02,162
23:19:03,162
23:19:04,163
23:19:05,163
23:19:06,163
23:19:07,162
23:19:08,162
23:19:09,163
23:19:10,161
23:19:11,161
23:19:12,162
23:19:13,162
23:19:14,162
23:19:15,162
23:19:16,163
23:19:17,161
23:19:18,161
23:19:19,161
23:19:20,163
23:19:21,163
23:19:22,162
23:19:23,162
23:19:24,162
23:19:25,161
23:19:26,164
23:19:27,164
23:19:28,161
23:19:29,163
23:19:30,163
23:19:31,163
23:19:32,162
23:19:33,162
23:19:34,165
23:19:35,164
23:19:36,164
23:19:37,160
23:19:38,163
23:19:39,163
23:19:40,161
23:19:41,162
23:19:42,162
23:19:43,161
23:19:44,162
23:19:45,162
23:19:46,161
23:19:47,163
23:19:48,163
23:19:49,161
23:19:50,161
23:19:51,161
23:19:52,161
23:19:53,160
23:19:54,160
23:19:55,161
23:19:56,163
23:19:57,163
23:19:58,160
23:19:59,162
23:20:00,163
23:20:01,163
23:20:02,163
23:20:03,164
23:20:04,164
23:20:06,162
23:20:07,164
23:20:08,164
23:20:09,162
23:20:10,163
23:20:11,163
23:20:12,162
23:20:13,161
23:20:14,161
23:20:15,163
23:20:16,164
23:20:17,164
23:20:18,165
23:20:19,164
23:20:20,164
23:20:21,161
23:20:22,163
23:20:23,163
23:20:24,162
23:20:25,163
23:20:26,163
23:20:27,162
23:20:28,162
23:20:29,162
23:20:30,163
23:20:31,162
23:20:32,162
23:20:33,161
23:20:34,160
23:20:35,160
23:20:36,160
23:20:37,164
23:20:38,164
23:20:39,162
23:20:40,161
23:20:41,161
23:20:42,164
23:20:43,165
23:20:44,165
23:20:45,163
23:20:46,163
23:20:47,164
23:20:48,164
23:20:49,163
23:20:50,162
23:20:51,162
23:20:52,161
23:20:53,163
23:20:54,163
23:20:55,161
23:20:56,163
23:20:57,163
23:20:58,162
23:20:59,162
23:21:00,162
23:21:01,162
23:21:02,159
23:21:03,159
23:21:04,163
23:21:05,162
23:21:06,162
23:21:07,162
23:21:08,162
23:21:09,162
23:21:10,160
23:21:11,161
23:21:12,161
23:21:13,165
23:21:14,164
23:21:15,164
23:21:16,163
23:21:17,164
23:21:18,164
23:21:19,162
23:21:20,162
23:21:21,162
23:21:22,164
23:21:23,161
23:21:24,161
23:21:25,161
23:21:26,159
23:21:27,159
23:21:28,163
23:21:29,163
23:21:30,163
23:21:31,164
23:21:32,162
23:21:33,162
23:21:34,163
23:21:35,163
23:21:37,163
23:21:38,163
23:21:39,164
23:21:40,162
23:21:41,162
23:21:42,163
23:21:43,164
23:21:44,164
23:21:45,162
23:21:46,162
23:21:47,162
23:21:48,162
23:21:49,164
23:21:50,164
23:21:51,162
23:21:52,164
23:21:53,164
23:21:54,164
23:21:55,160
23:21:56,160
23:21:57,162
23:21:58,161
23:21:59,161
23:22:00,163
23:22:01,165
23:22:02,165
23:22:03,163
23:22:04,162
23:22:05,162
23:22:06,162
23:22:07,164
23:22:08,164
23:22:09,161
23:22:10,162
23:22:11,162
23:22:12,160
23:22:13,161
23:22:14,161
23:22:15,162
23:22:16,160
23:22:17,160
23:22:18,162
23:22:19,162
23:22:20,162
23:22:21,163
23:22:22,162
23:22:23,165
23:22:24,165
23:22:25,162
23:22:26,160
23:22:27,160
23:22:28,162
23:22:29,158
23:22:30,158
23:22:31,161
23:22:32,160
23:22:33,160
23:22:34,162
23:22:35,162
23:22:36,162
23:22:37,162
23:22:38,157
23:22:39,157
23:22:40,161
23:22:41,162
23:22:42,162
23:22:43,164
23:22:44,161
23:22:45,161
23:22:46,164
23:22:47,163
23:22:48,163
23:22:49,163
23:22:50,164
23:22:51,164
23:22:52,161
23:22:53,162
23:22:54,162
23:22:55,163
23:22:56,162
23:22:57,162
23:22:58,162
23:22:59,163
23:23:00,163
23:23:01,163
23:23:02,162
23:23:03,162
23:23:04,164
23:23:05,162
23:23:06,162
23:23:08,162
23:23:09,163
23:23:10,163
23:23:11,161
23:23:12,161
23:23:13,162
23:23:14,162
23:23:15,162
23:23:16,162
23:23:17,162
23:23:18,163
23:23:19,163
23:23:20,163
23:23:21,164
23:23:22,162
23:23:23,162
23:23:24,164
23:23:25,161
23:23:26,161
23:23:27,161
23:23:28,161
23:23:29,161
23:23:30,162
23:23:31,163
23:23:32,163
23:23:33,163
23:23:34,162
23:23:35,162
23:23:36,161
23:23:37,160
23:23:38,160
23:23:39,162
23:23:40,165
23:23:41,165
23:23:42,161
23:23:43,163
23:23:44,163
23:23:45,164
23:23:46,157
23:23:47,163
23:23:48,163
23:23:49,162
23:23:50,161
23:23:51,161
23:23:52,160
23:23:53,163
23:23:54,163
23:23:55,163
23:23:56,163
23:23:57,163
23:23:58,161
23:23:59,165
23:24:00,165
23:24:01,161
23:24:02,162
23:24:03,162
23:24:04,160
23:24:05,161
23:24:06,161
23:24:07,163
23:24:08,162
23:24:09,162
23:24:10,163
23:24:11,160
23:24:12,160
23:24:13,163
23:24:14,161
23:24:15,161
23:24:16,161
23:24:17,163
23:24:18,163
23:24:19,160
23:24:20,162
23:24:21,162
23:24:22,162
23:24:23,161
23:24:24,161
23:24:25,164
23:24:26,162
23:24:28,162
23:24:29,161
23:24:30,162
23:24:31,162
23:24:32,162
23:24:33,161
23:24:34,160
23:24:35,160
23:24:36,162
23:24:37,161
23:24:38,161
23:24:39,161
23:24:40,162
23:24:41,162
23:24:42,162
23:24:43,163
23:24:44,163
23:24:45,160
23:24:46,161
23:24:47,161
23:24:48,163
23:24:49,160
23:24:50,160
23:24:51,160
23:24:52,160
23:24:53,160
23:24:54,161
23:24:55,162
23:24:56,162
23:24:57,161
23:24:58,161
23:24:59,161
23:25:00,162
23:25:01,157
23:25:02,157
23:25:03,165
23:25:04,162
23:25:05,162
23:25:06,163
23:25:07,163
23:25:08,163
23:25:09,161
23:25:10,161
23:25:11,161
23:25:12,161
23:25:13,161
23:25:14,161
23:25:15,163
23:25:16,164
23:25:17,164
23:25:18,162
23:25:19,162
23:25:20,162
23:25:21,164
23:25:22,163
23:25:23,162
23:25:24,162
23:25:25,163
23:25:26,163
23:25:27,163
23:25:28,161
23:25:29,164
23:25:30,164
23:25:31,161
23:25:32,162
23:25:33,162
23:25:34,161
23:25:35,164
23:25:36,164
23:25:37,162
23:25:38,161
23:25:39,161
23:25:40,163
23:25:41,163
23:25:42,163
23:25:43,160
23:25:44,160
23:25:45,160
23:25:46,160
23:25:47,159
23:25:48,159
23:25:49,160
23:25:50,161
23:25:51,161
23:25:52,162
23:25:53,159
23:25:54,159
23:25:55,162
23:25:56,161
23:25:58,161
23:25:59,162
23:26:00,161
23:26:01,161
23:26:02,162
23:26:03,160
23:26:04,160
23:26:05,161
23:26:06,160
23:26:07,160
23:26:08,162
23:26:09,161
23:26:10,160
23:26:11,160
23:26:12,160
23:26:13,162
23:26:14,162
23:26:15,160
23:26:16,159
23:26:17,159
23:26:18,161
23:26:19,162
23:26:20,162
23:26:21,161
23:26:22,161
23:26:23,161
23:26:24,162
23:26:25,163
23:26:26,163
23:26:27,164
23:26:28,164
23:26:29,164
23:26:30,162
23:26:31,162
23:26:32,162
23:26:33,165
23:26:34,163
23:26:35,163
23:26:36,161
23:26:37,161
23:26:38,161
23:26:39,163
23:26:40,163
23:26:41,163
23:26:42,163
23:26:43,161
23:26:44,161
23:26:45,162
23:26:46,162
23:26:47,162
23:26:48,163
23:26:49,162
23:26:50,162
23:26:51,161
23:26:52,161
23:26:53,161
23:26:54,162
23:26:55,162
23:26:56,162
23:26:57,162
23:26:58,163
23:26:59,163
23:27:00,163
23:27:01,160
23:27:02,161
23:27:03,161
23:27:04,162
23:27:05,161
23:27:06,161
23:27:07,163
23:27:08,161
23:27:09,161
23:27:10,161
23:27:11,161
23:27:12,161
23:27:13,162
23:27:14,160
23:27:15,160
23:27:16,160
23:27:17,160
23:27:18,160
23:27:19,161
23:27:20,162
23:27:21,162
23:27:22,161
23:27:23,163
23:27:24,163
23:27:26,162
23:27:27,163
23:27:28,163
23:27:29,162
23:27:30,162
23:27:31,162
23:27:32,162
23:27:33,159
23:27:34,159
23:27:35,161
23:27:36,158
23:27:37,158
23:27:38,164
23:27:39,163
23:27:40,163
23:27:41,164
23:27:42,163
23:27:43,160
23:27:44,160
23:27:45,162
23:27:46,163
23:27:47,163
23:27:48,162
23:27:49,161
23:27:50,161
23:27:51,164
23:27:52,163
23:27:53,163
23:27:54,162
23:27:55,166
23:27:56,166
23:27:57,160
23:27:58,163
23:27:59,163
23:28:00,164
23:28:01,164
23:28:02,164
23:28:03,160
23:28:04,161
23:28:05,161
23:28:06,161
23:28:07,163
23:28:08,163
23:28:09,164
23:28:10,163
23:28:11,163
23:28:12,164
23:28:13,164
23:28:14,164
23:28:15,159
23:28:16,163
23:28:17,163
23:28:18,162
23:28:19,161
23:28:20,161
23:28:21,163
23:28:22,163
23:28:23,163
23:28:24,161
23:28:25,161
23:28:26,161
23:28:27,161
23:28:28,162
23:28:29,164
23:28:30,164
23:28:31,162
23:28:32,160
23:28:33,160
23:28:34,163
23:28:35,160
23:28:36,160
23:28:37,161
23:28:38,162
23:28:39,162
23:28:40,161
23:28:41,162
23:28:42,162
23:28:43,160
23:28:44,161
23:28:45,161
23:28:46,163
23:28:48,160
23:28:49,160
23:28:50,162
23:28:51,161
23:28:52,161
23:28:53,164
23:28:54,163
23:28:55,163
23:28:56,161
23:28:57,159
23:28:58,159
23:28:59,162
23:29:00,162
23:29:01,162
23:29:02,163
23:29:03,162
23:29:04,162
23:29:05,163
23:29:06,164
23:29:07,163
23:29:08,163
23:29:09,163
23:29:10,162
23:29:11,162
23:29:12,164
23:29:13,162
23:29:14,162
23:29:15,162
23:29:16,162
23:29:17,162
23:29:18,164
23:29:19,163
23:29:20,163
23:29:21,163
23:29:22,163
23:29:23,163
23:29:24,162
23:29:25,163
23:29:26,163
23:29:27,160
23:29:28,162
23:29:29,162
23:29:30,161
23:29:31,162
23:29:32,162
23:29:33,162
23:29:34,162
23:29:35,162
23:29:36,162
23:29:37,159
23:29:38,159
23:29:39,163
23:29:40,163
23:29:41,163
23:29:42,163
23:29:43,159
23:29:44,159
23:29:45,161
23:29:46,162
23:29:47,162
23:29:48,160
23:29:49,160
23:29:50,160
23:29:51,164
23:29:52,160
23:29:53,159
23:29:54,159
23:29:55,160
23:29:56,162
23:29:57,162
23:29:58,164
23:29:59,163
23:30:00,163
23:30:01,164
23:30:02,164
23:30:03,164
23:30:04,163
23:30:05,163
23:30:06,163
23:30:07,165
23:30:08,161
23:30:09,161
23:30:10,162
23:30:11,162
23:30:12,162
23:30:13,163
23:30:14,162
23:30:15,162
23:30:16,162
23:30:18,164
23:30:19,164
23:30:20,165
23:30:21,162
23:30:22,162
23:30:23,161
23:30:24,164
23:30:25,164
23:30:26,163
23:30:27,162
23:30:28,162
23:30:29,161
23:30:30,161
23:30:31,161
23:30:32,163
23:30:33,163
23:30:34,163
23:30:35,162
23:30:36,159
23:30:37,159
23:30:38,160
23:30:39,160
23:30:40,160
23:30:41,159
23:30:42,160
23:30:43,160
23:30:44,160
23:30:45,162
23:30:46,162
23:30:47,162
23:30:48,162
23:30:49,162
23:30:50,162
23:30:51,161
23:30:52,162
23:30:53,162
23:30:54,162
23:30:55,164
23:30:56,164
23:30:57,160
23:30:58,163
23:30:59,163
23:31:00,162
23:31:01,162
23:31:02,162
23:31:03,161
23:31:04,161
23:31:05,161
23:31:06,161
23:31:07,162
23:31:08,162
23:31:09,164
23:31:10,165
23:31:11,165
23:31:12,163
23:31:13,163
23:31:14,163
23:31:15,160
23:31:16,162
23:31:17,162
23:31:18,160
23:31:19,162
23:31:20,162
23:31:21,163
23:31:22,165
23:31:23,165
23:31:24,163
23:31:25,163
23:31:26,163
23:31:27,163
23:31:28,163
23:31:29,164
23:31:30,164
23:31:31,162
23:31:32,160
23:31:33,160
23:31:34,162
23:31:35,160
23:31:36,160
23:31:37,163
23:31:38,162
23:31:39,162
23:31:40,163
23:31:41,164
23:31:42,164
23:31:43,163
23:31:44,163
23:31:45,163
23:31:47,161
23:31:48,163
23:31:49,163
23:31:50,163
23:31:51,162
23:31:52,162
23:31:53,163
23:31:54,163
23:31:55,163
23:31:56,160
23:31:57,162
23:31:58,162
23:31:59,162
23:32:00,161
23:32:01,161
23:32:02,163
23:32:03,163
23:32:04,163
23:32:05,162
23:32:06,162
23:32:07,162
23:32:08,161
23:32:09,162
23:32:10,162
23:32:11,164
23:32:12,162
23:32:13,162
23:32:14,162
23:32:15,160
23:32:16,160
23:32:17,160
23:32:18,161
23:32:19,160
23:32:20,160
23:32:21,162
23:32:22,163
23:32:23,163
23:32:24,161
23:32:25,164
23:32:26,164
23:32:27,164
23:32:28,163
23:32:29,163
23:32:30,163
23:32:31,162
23:32:32,162
23:32:33,163
23:32:34,162
23:32:35,162
23:32:36,161
23:32:37,163
23:32:38,163
23:32:39,163
23:32:40,163
23:32:41,163
23:32:42,162
23:32:43,162
23:32:44,162
23:32:45,158
23:32:46,161
23:32:47,161
23:32:48,160
23:32:49,161
23:32:50,161
23:32:51,161
23:32:52,164
23:32:53,164
23:32:54,163
23:32:55,163
23:32:56,163
23:32:57,164
23:32:58,165
23:32:59,165
23:33:00,160
23:33:01,163
23:33:02,164
23:33:03,164
23:33:04,161
23:33:05,163
23:33:06,163
23:33:07,161
23:33:08,161
23:33:09,161
23:33:10,161
23:33:11,163
23:33:12,163
23:33:13,163
23:33:14,161
23:33:15,161
23:33:17,161
23:33:18,161
23:33:19,161
23:33:20,161
23:33:21,160
23:33:22,160
23:33:23,161
23:33:24,162
23:33:25,162
23:33:26,162
23:33:27,162
23:33:28,162
23:33:29,162
23:33:30,162
23:33:31,162
23:33:32,162
23:33:33,163
23:33:34,163
23:33:35,162
23:33:36,159
23:33:37,159
23:33:38,161
23:33:39,164
23:33:40,164
23:33:41,162
23:33:42,160
23:33:43,160
23:33:44,154
23:33:45,163
23:33:46,164
23:33:47,164
23:33:48,164
23:33:49,164
23:33:50,164
23:33:51,161
23:33:52,162
23:33:53,162
23:33:54,162
23:33:55,161
23:33:56,161
23:33:57,160
23:33:58,164
23:33:59,164
23:34:00,160
23:34:01,162
23:34:02,162
23:34:03,162
23:34:04,161
23:34:05,161
23:34:06,161
23:34:07,160
23:34:08,160
23:34:09,160
23:34:10,162
23:34:11,162
23:34:12,163
23:34:13,161
23:34:14,161
23:34:15,162
23:34:16,161
23:34:17,161
23:34:18,162
23:34:19,163
23:34:20,163
23:34:21,162
23:34:22,162
23:34:23,162
23:34:24,162
23:34:25,164
23:34:26,163
23:34:27,163
23:34:28,161
23:34:29,161
23:34:30,161
23:34:31,161
23:34:32,161
23:34:33,161
23:34:34,161
23:34:35,159
23:34:36,159
23:34:38,162
23:34:39,162
23:34:40,162
23:34:41,161
23:34:42,160
23:34:43,160
23:34:44,164
23:34:45,160
23:34:46,160
23:34:47,160
23:34:48,160
23:34:49,160
23:34:50,163
23:34:51,161
23:34:52,161
23:34:53,163
23:34:54,162
23:34:55,162
23:34:56,163
23:34:57,162
23:34:58,162
23:34:59,163
23:35:00,158
23:35:01,158
23:35:02,161
23:35:03,162
23:35:04,162
23:35:05,164
23:35:06,161
23:35:07,161
23:35:08,163
23:35:09,163
23:35:10,163
23:35:11,161
23:35:12,164
23:35:13,163
23:35:14,163
23:35:15,162
23:35:16,161
23:35:17,161
23:35:18,160
23:35:19,162
23:35:20,162
23:35:21,161
23:35:22,161
23:35:23,161
23:35:24,163
23:35:25,163
23:35:26,163
23:35:27,164
23:35:28,162
23:35:29,162
23:35:30,163
23:35:31,161
23:35:32,161
23:35:33,162
23:35:34,161
23:35:35,161
23:35:36,163
23:35:37,163
23:35:38,163
23:35:39,162
23:35:40,163
23:35:41,163
23:35:42,159
23:35:43,161
23:35:44,161
23:35:45,162
23:35:46,162
23:35:47,162
23:35:48,160
23:35:49,162
23:35:50,162
23:35:51,159
23:35:52,162
23:35:53,162
23:35:54,163
23:35:55,161
23:35:56,161
23:35:57,163
23:35:58,162
23:35:59,162
23:36:00,162
23:36:01,162
23:36:02,163
23:36:03,163
23:36:04,162
23:36:05,163
23:36:06,163
23:36:08,161
23:36:09,163
23:36:10,163
23:36:11,164
23:36:12,162
23:36:13,162
23:36:14,163
23:36:15,156
23:36:16,156
23:36:17,163
23:36:18,164
23:36:19,164
23:36:20,162
23:36:21,164
23:36:22,164
23:36:23,163
23:36:24,164
23:36:25,164
23:36:26,163
23:36:27,161
23:36:28,161
23:36:29,163
23:36:30,161
23:36:31,161
23:36:32,162
23:36:33,161
23:36:34,161
23:36:35,163
23:36:36,161
23:36:37,161
23:36:38,163
23:36:39,162
23:36:40,162
23:36:41,163
23:36:42,164
23:36:43,164
23:36:44,163
23:36:45,163
23:36:46,163
23:36:47,161
23:36:48,162
23:36:49,164
23:36:50,164
23:36:51,160
23:36:52,165
23:36:53,165
23:36:54,160
23:36:55,159
23:36:56,159
23:36:57,164
23:36:58,162
23:36:59,162
23:37:00,162
23:37:01,161
23:37:02,161
23:37:03,163
23:37:04,162
23:37:05,162
23:37:06,163
23:37:07,159
23:37:08,159
23:37:09,161
23:37:10,161
23:37:11,161
23:37:12,161
23:37:13,160
23:37:14,160
23:37:15,163
23:37:16,161
23:37:17,161
23:37:18,161
23:37:19,159
23:37:20,159
23:37:21,163
23:37:22,161
23:37:23,161
23:37:24,163
23:37:25,161
23:37:26,161
23:37:27,162
23:37:28,160
23:37:29,160
23:37:30,161
23:37:31,162
23:37:32,162
23:37:33,162
23:37:34,162
23:37:35,162
23:37:36,162
23:37:37,164
23:37:39,163
23:37:40,163
23:37:41,163
23:37:42,163
23:37:43,163
23:37:44,161
23:37:45,162
23:37:46,162
23:37:47,162
23:37:48,162
23:37:49,162
23:37:50,163
23:37:51,162
23:37:52,162
23:37:53,161
23:37:54,163
23:37:55,163
23:37:56,160
23:37:57,160
23:37:58,160
23:37:59,163
23:38:00,163
23:38:01,163
23:38:02,161
23:38:03,162
23:38:04,162
23:38:05,163
23:38:06,164
23:38:07,164
23:38:08,160
23:38:09,162
23:38:10,162
23:38:11,164
23:38:12,161
23:38:13,161
23:38:14,161
23:38:15,162
23:38:16,162
23:38:17,163
23:38:18,163
23:38:19,163
23:38:20,162
23:38:21,161
23:38:22,161
23:38:23,161
23:38:24,160
23:38:25,165
23:38:26,165
23:38:27,160
23:38:28,161
23:38:29,161
23:38:30,162
23:38:31,160
23:38:32,160
23:38:33,162
23:38:34,162
23:38:35,162
23:38:36,160
23:38:37,164
23:38:38,164
23:38:39,162
23:38:40,163
23:38:41,163
23:38:42,159
23:38:43,163
23:38:44,163
23:38:45,163
23:38:46,161
23:38:47,161
23:38:48,161
23:38:49,163
23:38:50,163
23:38:51,163
23:38:52,163
23:38:53,163
23:38:54,163
23:38:55,162
23:38:56,162
23:38:57,161
23:38:58,163
23:38:59,163
23:39:01,163
23:39:02,164
23:39:03,161
23:39:04,161
23:39:05,161
23:39:06,161
23:39:07,161
23:39:08,160
23:39:09,163
23:39:10,163
23:39:11,161
23:39:12,162
23:39:13,162
23:39:14,162
23:39:15,161
23:39:16,161
23:39:17,164
23:39:18,163
23:39:19,163
23:39:20,161
23:39:21,162
23:39:22,162
23:39:23,160
23:39:24,161
23:39:25,161
23:39:26,160
23:39:27,162
23:39:28,162
23:39:29,160
23:39:30,163
23:39:31,163
23:39:32,163
23:39:33,163
23:39:34,163
23:39:35,163
23:39:36,163
23:39:37,163
23:39:38,162
23:39:39,161
23:39:40,161
23:39:41,163
23:39:42,161
23:39:43,161
23:39:44,163
23:39:45,162
23:39:46,162
23:39:47,161
23:39:48,157
23:39:49,163
23:39:50,163
23:39:51,164
23:39:52,162
23:39:53,162
23:39:54,163
23:39:55,163
23:39:56,163
23:39:57,161
23:39:58,162
23:39:59,162
23:40:00,162
23:40:01,163
23:40:02,163
23:40:03,163
23:40:04,163
23:40:05,163
23:40:06,163
23:40:07,162
23:40:08,162
23:40:09,163
23:40:10,164
23:40:11,164
23:40:12,163
23:40:13,159
23:40:14,159
23:40:15,159
23:40:16,163
23:40:17,163
23:40:18,162
23:40:19,162
23:40:20,162
23:40:21,161
23:40:22,164
23:40:23,164
23:40:24,163
23:40:25,163
23:40:26,163
23:40:27,160
23:40:28,161
23:40:29,161
23:40:31,163
23:40:32,161
23:40:33,161
23:40:34,161
23:40:35,162
23:40:36,163
23:40:37,163
23:40:38,163
23:40:39,160
23:40:40,160
23:40:41,159
23:40:42,164
23:40:43,164
23:40:44,161
23:40:45,159
23:40:46,159
23:40:47,160
23:40:48,158
23:40:49,158
23:40:50,162
23:40:51,163
23:40:52,163
23:40:53,158
23:40:54,160
23:40:55,160
23:40:56,162
23:40:57,164
23:40:58,164
23:40:59,164
23:41:00,163
23:41:01,163
23:41:02,163
23:41:03,162
23:41:04,162
23:41:05,164
23:41:06,162
23:41:07,162
23:41:08,162
23:41:09,162
23:41:10,162
23:41:11,162
23:41:12,164
23:41:13,164
23:41:14,162
23:41:15,163
23:41:16,163
23:41:17,163
23:41:18,163
23:41:19,163
23:41:20,163
23:41:21,160
23:41:22,162
23:41:23,162
23:41:24,164
23:41:25,163
23:41:26,163
23:41:27,162
23:41:28,162
23:41:29,162
23:41:30,161
23:41:31,161
23:41:32,161
23:41:33,162
23:41:34,162
23:41:35,162
23:41:36,162
23:41:37,163
23:41:38,163
23:41:39,161
23:41:40,162
23:41:41,162
23:41:42,160
23:41:43,163
23:41:44,163
23:41:45,163
23:41:46,159
23:41:47,159
23:41:48,162
23:41:49,162
23:41:50,162
23:41:51,162
23:41:52,162
23:41:53,162
23:41:54,159
23:41:55,161
23:41:56,161
23:41:57,159
23:41:58,163
23:41:59,163
23:42:00,162
23:42:01,162
23:42:03,162
23:42:04,160
23:42:05,160
23:42:06,160
23:42:07,163
23:42:08,162
23:42:09,164
23:42:10,164
23:42:11,163
23:42:12,161
23:42:13,161
23:42:14,160
23:42:15,163
23:42:16,163
23:42:17,162
23:42:18,163
23:42:19,163
23:42:20,161
23:42:21,162
23:42:22,162
23:42:23,163
23:42:24,162
23:42:25,162
23:42:26,162
23:42:27,161
23:42:28,161
23:42:29,162
23:42:30,164
23:42:31,164
23:42:32,164
23:42:33,163
23:42:34,163
23:42:35,163
23:42:36,162
23:42:37,162
23:42:38,160
23:42:39,164
23:42:40,164
23:42:41,160
23:42:42,161
23:42:43,161
23:42:44,162
23:42:45,164
23:42:46,164
23:42:47,160
23:42:48,163
23:42:49,163
23:42:50,163
23:42:51,161
23:42:52,161
23:42:53,161
23:42:54,162
23:42:55,162
23:42:56,162
23:42:57,160
23:42:58,159
23:42:59,159
23:43:00,159
23:43:01,161
23:43:02,161
23:43:03,162
23:43:04,162
23:43:05,162
23:43:06,156
23:43:07,163
23:43:08,163
23:43:09,165
23:43:10,163
23:43:11,163
23:43:12,163
23:43:13,162
23:43:14,162
23:43:15,161
23:43:16,165
23:43:17,165
23:43:18,164
23:43:19,162
23:43:20,162
23:43:21,163
23:43:22,161
23:43:23,161
23:43:24,162
23:43:25,160
23:43:26,160
23:43:27,162
23:43:28,162
23:43:29,162
23:43:30,162
23:43:31,163
23:43:33,163
23:43:34,162
23:43:35,164
23:43:36,164
23:43:37,163
23:43:38,163
23:43:39,163
23:43:40,163
23:43:41,165
23:43:42,165
23:43:43,163
23:43:44,165
23:43:45,164
23:43:46,164
23:43:47,164
23:43:48,162
23:43:49,162
23:43:50,161
23:43:51,159
23:43:52,159
23:43:53,162
23:43:54,162
23:43:55,162
23:43:56,162
23:43:57,162
23:43:58,162
23:43:59,163
23:44:00,163
23:44:01,163
23:44:02,163
23:44:03,164
23:44:04,164
23:44:05,161
23:44:06,163
23:44:07,163
23:44:08,163
23:44:09,160
23:44:10,160
23:44:11,163
23:44:12,160
23:44:13,160
23:44:14,161
23:44:15,159
23:44:16,159
23:44:17,161
23:44:18,164
23:44:19,163
23:44:20,163
23:44:21,162
23:44:22,162
23:44:23,162
23:44:24,164
23:44:25,163
23:44:26,163
23:44:27,163
23:44:28,163
23:44:29,163
23:44:30,163
23:44:31,162
23:44:32,162
23:44:33,161
23:44:34,162
23:44:35,162
23:44:36,163
23:44:37,163
23:44:38,163
23:44:39,159
23:44:40,162
23:44:41,162
23:44:42,164
23:44:43,161
23:44:44,161
23:44:45,162
23:44:46,160
23:44:47,160
23:44:48,163
23:44:49,164
23:44:50,164
23:44:52,162
23:44:53,160
23:44:54,160
23:44:55,164
23:44:56,164
23:44:57,164
23:44:58,162
23:44:59,161
23:45:00,161
23:45:01,161
23:45:02,161
23:45:03,161
23:45:04,162
23:45:05,164
23:45:06,162
23:45:07,162
23:45:08,161
23:45:09,161
23:45:10,161
23:45:11,162
23:45:12,161
23:45:13,161
23:45:14,162
23:45:15,162
23:45:16,162
23:45:17,160
23:45:18,161
23:45:19,161
23:45:20,160
23:45:21,158
23:45:22,158
23:45:23,161
23:45:24,161
23:45:25,161
23:45:26,163
23:45:27,162
23:45:28,162
23:45:29,162
23:45:30,164
23:45:31,164
23:45:32,161
23:45:33,160
23:45:34,160
23:45:35,164
23:45:36,161
23:45:37,161
23:45:38,162
23:45:39,161
23:45:40,161
23:45:41,161
23:45:42,161
23:45:43,161
23:45:44,161
23:45:45,160
23:45:46,160
23:45:47,161
23:45:48,161
23:45:49,161
23:45:50,164
23:45:51,162
23:45:52,162
23:45:53,162
23:45:54,164
23:45:55,160
23:45:56,160
23:45:57,161
23:45:58,162
23:45:59,162
23:46:00,162
23:46:01,161
23:46:02,161
23:46:03,163
23:46:04,162
23:46:05,162
23:46:06,165
23:46:07,162
23:46:08,162
23:46:09,163
23:46:10,162
23:46:11,162
23:46:12,161
23:46:13,164
23:46:14,164
23:46:15,162
23:46:16,162
23:46:17,162
23:46:18,161
23:46:19,161
23:46:20,161
23:46:22,161
23:46:23,163
23:46:24,163
23:46:25,163
23:46:26,159
23:46:27,159
23:46:28,162
23:46:29,164
23:46:30,164
23:46:31,161
23:46:32,162
23:46:33,162
23:46:34,162
23:46:35,163
23:46:36,163
23:46:37,162
23:46:38,163
23:46:39,154
23:46:40,154
23:46:41,162
23:46:42,162
23:46:43,162
23:46:44,160
23:46:45,161
23:46:46,161
23:46:47,161
23:46:48,162
23:46:49,162
23:46:50,163
23:46:51,159
23:46:52,159
23:46:53,161
23:46:54,161
23:46:55,161
23:46:56,161
23:46:57,163
23:46:58,163
23:46:59,163
23:47:00,162
23:47:01,162
23:47:02,162
23:47:03,163
23:47:04,163
23:47:05,162
23:47:06,160
23:47:07,160
23:47:08,162
23:47:09,163
23:47:10,163
23:47:11,162
23:47:12,161
23:47:13,161
23:47:14,164
23:47:15,162
23:47:16,162
23:47:17,162
23:47:18,161
23:47:19,161
23:47:20,162
23:47:21,161
23:47:22,161
23:47:23,162
23:47:24,160
23:47:25,160
23:47:26,159
23:47:27,159
23:47:28,163
23:47:29,163
23:47:30,160
23:47:31,162
23:47:32,162
23:47:33,160
23:47:34,160
23:47:35,160
23:47:36,158
23:47:37,160
23:47:38,160
23:47:39,161
23:47:40,160
23:47:41,160
23:47:42,162
23:47:43,163
23:47:44,163
23:47:45,162
23:47:46,161
23:47:47,161
23:47:48,162
23:47:49,160
23:47:50,160
23:47:51,161
23:47:53,160
23:47:54,160
23:47:55,161
23:47:56,163
23:47:57,163
23:47:58,163
23:47:59,163
23:48:00,163
23:48:01,164
23:48:02,163
23:48:03,163
23:48:04,162
23:48:05,159
23:48:06,159
23:48:07,162
23:48:08,160
23:48:09,160
23:48:10,162
23:48:11,160
23:48:12,160
23:48:13,162
23:48:14,159
23:48:15,161
23:48:16,161
23:48:17,164
23:48:18,161
23:48:19,161
23:48:20,162
23:48:21,163
23:48:22,163
23:48:23,163
23:48:24,161
23:48:25,161
23:48:26,162
23:48:27,164
23:48:28,164
23:48:29,164
23:48:30,163
23:48:31,163
23:48:32,162
23:48:33,162
23:48:34,162
23:48:35,163
23:48:36,163
23:48:37,163
23:48:38,161
23:48:39,162
23:48:40,162
23:48:41,163
23:48:42,162
23:48:43,162
23:48:44,161
23:48:45,161
23:48:46,161
23:48:47,162
23:48:48,161
23:48:49,162
23:48:50,162
23:48:51,162
23:48:52,163
23:48:53,163
23:48:54,163
23:48:55,165
23:48:56,165
23:48:57,164
23:48:58,162
23:48:59,162
23:49:00,164
23:49:01,162
23:49:02,162
23:49:03,162
23:49:04,160
23:49:05,160
23:49:06,162
23:49:07,161
23:49:08,161
23:49:09,162
23:49:10,161
23:49:11,161
23:49:12,163
23:49:14,160
23:49:15,160
23:49:16,162
23:49:17,164
23:49:18,164
23:49:19,163
23:49:20,163
23:49:21,163
23:49:22,163
23:49:23,163
23:49:24,163
23:49:25,160
23:49:26,162
23:49:27,162
23:49:28,162
23:49:29,162
23:49:30,162
23:49:31,160
23:49:32,163
23:49:33,163
23:49:34,162
23:49:35,163
23:49:36,163
23:49:37,164
23:49:38,161
23:49:39,163
23:49:40,163
23:49:41,162
23:49:42,163
23:49:43,163
23:49:44,164
23:49:45,162
23:49:46,162
23:49:47,164
23:49:48,163
23:49:49,163
23:49:50,163
23:49:51,159
23:49:52,159
23:49:53,160
23:49:54,161
23:49:55,161
23:49:56,162
23:49:57,162
23:49:58,162
23:49:59,162
23:50:00,159
23:50:01,159
23:50:02,161
23:50:03,163
23:50:04,163
23:50:05,164
23:50:06,162
23:50:07,162
23:50:08,161
23:50:09,157
23:50:10,157
23:50:11,161
23:50:12,162
23:50:13,162
23:50:14,162
23:50:15,162
23:50:16,162
23:50:17,162
23:50:18,161
23:50:19,161
23:50:20,162
23:50:21,161
23:50:22,161
23:50:23,164
23:50:24,161
23:50:25,161
23:50:26,161
23:50:27,162
23:50:28,161
23:50:29,161
23:50:30,162
23:50:31,162
23:50:32,162
23:50:33,162
23:50:34,161
23:50:35,161
23:50:36,162
23:50:37,161
23:50:38,161
23:50:39,165
23:50:40,162
23:50:41,162
23:50:42,162
23:50:44,161
23:50:45,161
23:50:46,163
23:50:47,162
23:50:48,162
23:50:49,162
23:50:50,160
23:50:51,160
23:50:52,157
23:50:53,161
23:50:54,161
23:50:55,161
23:50:56,163
23:50:57,163
23:50:58,161
23:50:59,160
23:51:00,160
23:51:01,163
23:51:02,162
23:51:03,162
23:51:04,162
23:51:05,161
23:51:06,161
23:51:07,163
23:51:08,162
23:51:09,162
23:51:10,162
23:51:11,163
23:51:12,163
23:51:13,163
23:51:14,163
23:51:15,164
23:51:16,164
23:51:17,163
23:51:18,162
23:51:19,162
23:51:20,160
23:51:21,162
23:51:22,162
23:51:23,163
23:51:24,161
23:51:25,161
23:51:26,163
23:51:27,162
23:51:28,162
23:51:29,162
23:51:30,162
23:51:31,162
23:51:32,163
23:51:33,163
23:51:34,163
23:51:35,163
23:51:36,162
23:51:37,162
23:51:38,163
23:51:39,160
23:51:40,160
23:51:41,160
23:51:42,162
23:51:43,162
23:51:44,161
23:51:45,164
23:51:46,164
23:51:47,162
23:51:48,161
23:51:49,161
23:51:50,164
23:51:51,161
23:51:52,161
23:51:53,161
23:51:54,160
23:51:55,164
23:51:56,164
23:51:57,162
23:51:58,160
23:51:59,160
23:52:00,161
23:52:01,161
23:52:02,161
23:52:03,161
23:52:04,161
23:52:05,161
23:52:06,163
23:52:07,161
23:52:08,161
23:52:09,161
23:52:11,161
23:52:12,161
23:52:13,159
23:52:14,162
23:52:15,162
23:52:16,162
23:52:17,162
23:52:18,162
23:52:19,161
23:52:20,163
23:52:21,163
23:52:22,163
23:52:23,165
23:52:24,165
23:52:25,161
23:52:26,162
23:52:27,162
23:52:28,160
23:52:29,160
23:52:30,160
23:52:31,159
23:52:32,164
23:52:33,164
23:52:34,162
23:52:35,161
23:52:36,161
23:52:37,162
23:52:38,161
23:52:39,161
23:52:40,161
23:52:41,162
23:52:42,162
23:52:43,162
23:52:44,162
23:52:45,162
23:52:46,162
23:52:47,163
23:52:48,163
23:52:49,163
23:52:50,162
23:52:51,162
23:52:52,162
23:52:53,165
23:52:54,162
23:52:55,162
23:52:56,163
23:52:57,163
23:52:58,163
23:52:59,162
23:53:00,163
23:53:01,163
23:53:02,161
23:53:03,158
23:53:04,158
23:53:05,161
23:53:06,160
23:53:07,160
23:53:08,161
23:53:09,162
23:53:10,162
23:53:11,160
23:53:12,162
23:53:13,162
23:53:14,160
23:53:15,161
23:53:16,161
23:53:17,161
23:53:18,160
23:53:19,160
23:53:20,162
23:53:21,164
23:53:22,164
23:53:23,161
23:53:24,162
23:53:25,162
23:53:26,159
23:53:27,162
23:53:28,162
23:53:29,163
23:53:30,160
23:53:31,159
23:53:32,159
23:53:33,163
23:53:34,163
23:53:35,163
23:53:36,158
23:53:37,162
23:53:38,162
23:53:39,163
23:53:40,164
23:53:42,164
23:53:43,163
23:53:44,161
23:53:45,161
23:53:46,163
23:53:47,162
23:53:48,162
23:53:49,163
23:53:50,162
23:53:51,162
23:53:52,162
23:53:53,161
23:53:54,161
23:53:55,160
23:53:56,162
23:53:57,162
23:53:58,163
23:53:59,163
23:54:00,163
23:54:01,163
23:54:02,164
23:54:03,164
23:54:04,165
23:54:05,162
23:54:06,162
23:54:07,160
23:54:08,164
23:54:09,164
23:54:10,161
23:54:11,160
23:54:12,162
23:54:13,162
23:54:14,163
23:54:15,162
23:54:16,162
23:54:17,162
23:54:18,161
23:54:19,161
23:54:20,162
23:54:21,161
23:54:22,161
23:54:23,162
23:54:24,162
23:54:25,162
23:54:26,165
23:54:27,161
23:54:28,161
23:54:29,162
23:54:30,164
23:54:31,164
23:54:32,161
23:54:33,163
23:54:34,163
23:54:35,162
23:54:36,163
23:54:37,163
23:54:38,162
23:54:39,164
23:54:40,164
23:54:41,160
23:54:42,162
23:54:43,162
23:54:44,162
23:54:45,160
23:54:46,160
23:54:47,162
23:54:48,164
23:54:49,164
23:54:50,162
23:54:51,160
23:54:52,160
23:54:53,162
23:54:54,161
23:54:55,161
23:54:56,163
23:54:57,162
23:54:58,162
23:54:59,162
23:55:00,165
23:55:01,161
23:55:02,161
23:55:03,162
23:55:05,163
23:55:06,163
23:55:07,161
23:55:08,163
23:55:09,163
23:55:10,163
23:55:11,160
23:55:12,160
23:55:13,161
23:55:14,164
23:55:15,164
23:55:16,164
23:55:17,162
23:55:18,162
23:55:19,163
23:55:20,159
23:55:21,159
23:55:22,160
23:55:23,164
23:55:24,164
23:55:25,162
23:55:26,162
23:55:27,162
23:55:28,164
23:55:29,162
23:55:30,162
23:55:31,163
23:55:32,162
23:55:33,162
23:55:34,162
23:55:35,163
23:55:36,163
23:55:37,162
23:55:38,163
23:55:39,163
23:55:40,163
23:55:41,161
23:55:42,161
23:55:43,160
23:55:44,160
23:55:45,160
23:55:46,162
23:55:47,162
23:55:48,161
23:55:49,161
23:55:50,162
23:55:51,158
23:55:52,158
23:55:53,161
23:55:54,162
23:55:55,162
23:55:56,163
23:55:57,160
23:55:58,160
23:55:59,162
23:56:00,163
23:56:01,163
23:56:02,160
23:56:03,160
23:56:04,160
23:56:05,161
23:56:06,157
23:56:07,157
23:56:08,162
23:56:09,162
23:56:10,162
23:56:11,162
23:56:12,162
23:56:13,162
23:56:14,162
23:56:15,163
23:56:16,163
23:56:17,161
23:56:18,163
23:56:19,163
23:56:20,162
23:56:21,163
23:56:22,163
23:56:23,163
23:56:24,164
23:56:25,164
23:56:26,160
23:56:27,164
23:56:28,164
23:56:29,164
23:56:30,162
23:56:31,162
23:56:32,163
23:56:33,161
23:56:34,160
23:56:36,160
23:56:37,162
23:56:38,162
23:56:39,162
23:56:40,164
23:56:41,163
23:56:42,163
23:56:43,159
23:56:44,161
23:56:45,161
23:56:46,161
23:56:47,162
23:56:48,162
23:56:49,163
23:56:50,160
23:56:51,160
23:56:52,162
23:56:53,163
23:56:54,163
23:56:55,161
23:56:56,161
23:56:57,161
23:56:58,161
23:56:59,162
23:57:00,162
23:57:01,162
23:57:02,160
23:57:03,160
23:57:04,162
23:57:05,160
23:57:06,160
23:57:07,162
23:57:08,161
23:57:09,161
23:57:10,159
23:57:11,163
23:57:12,163
23:57:13,160
23:57:14,163
23:57:15,163
23:57:16,161
23:57:17,162
23:57:18,162
23:57:19,163
23:57:20,163
23:57:21,164
23:57:22,164
23:57:23,163
23:57:24,162
23:57:25,162
23:57:26,161
23:57:27,161
23:57:28,161
23:57:29,161
23:57:30,162
23:57:31,162
23:57:32,160
23:57:33,162
23:57:34,162
23:57:35,161
23:57:36,162
23:57:37,162
23:57:38,161
23:57:39,164
23:57:40,164
23:57:41,160
23:57:42,162
23:57:43,162
23:57:44,162
23:57:45,162
23:57:46,162
23:57:47,159
23:57:48,163
23:57:49,163
23:57:50,162
23:57:51,163
23:57:52,163
23:57:53,163
23:57:54,163
23:57:55,163
23:57:56,161
23:57:57,160
23:57:58,160
23:57:59,162
23:58:00,163
23:58:01,163
23:58:02,161
23:58:03,161
23:58:04,161
23:58:05,163
23:58:07,161
23:58:08,161
23:58:09,159
23:58:10,162
23:58:11,158
23:58:12,158
23:58:13,160
23:58:14,162
23:58:15,162
23:58:16,159
23:58:17,161
23:58:18,161
23:58:19,162
23:58:20,161
23:58:21,161
23:58:22,161
23:58:23,161
23:58:24,161
23:58:25,161
23:58:26,163
23:58:27,163
23:58:28,161
23:58:29,161
23:58:30,161
23:58:31,159
23:58:32,159
23:58:33,159
23:58:34,162
23:58:35,161
23:58:36,161
23:58:37,162
23:58:38,163
23:58:39,163
23:58:40,160
23:58:41,163
23:58:42,163
23:58:43,162
23:58:44,158
23:58:45,162
23:58:46,162
23:58:47,164
23:58:48,165
23:58:49,165
23:58:50,161
23:58:51,163
23:58:52,163
23:58:53,165
23:58:54,164
23:58:55,164
23:58:56,163
23:58:57,162
23:58:58,162
23:58:59,163
23:59:00,163
23:59:01,163
23:59:02,163
23:59:03,162
23:59:04,162
23:59:05,162
23:59:06,162
23:59:07,162
23:59:08,162
23:59:09,159
23:59:10,159
23:59:11,162
23:59:12,161
23:59:13,161
23:59:14,161
23:59:15,163
23:59:16,163
23:59:17,161
23:59:18,162
23:59:19,162
23:59:20,160
23:59:21,163
23:59:22,163
23:59:23,165
23:59:25,164
23:59:26,164
23:59:27,163
23:59:28,163
23:59:29,163
23:59:30,163
23:59:31,163
23:59:32,164
23:59:33,164
23:59:34,163
23:59:35,159
23:59:36,159
23:59:37,162
23:59:38,159
23:59:39,159
23:59:40,163
23:59:41,164
23:59:42,164
23:59:43,161
23:59:44,163
23:59:45,163
23:59:46,163
23:59:47,161
23:59:48,161
23:59:49,162
23:59:50,162
23:59:51,162
23:59:52,163
23:59:53,161
23:59:54,161
23:59:55,161
23:59:56,162
23:59:57,162
23:59:58,163
23:59:59,166
00:00:00,166
00:00:01,165
00:00:02,155
00:00:03,155
00:00:04,160
00:00:05,161
00:00:06,161
00:00:07,159
00:00:08,162
00:00:09,162
00:00:10,163
00:00:11,161
00:00:12,161
00:00:13,162
00:00:14,163
00:00:15,163
00:00:16,161
00:00:17,161
00:00:18,162
00:00:19,162
00:00:20,162
00:00:21,162
00:00:22,162
00:00:23,163
00:00:24,165
00:00:25,165
00:00:26,164
00:00:27,163
00:00:28,163
00:00:29,161
00:00:30,162
00:00:31,162
00:00:32,164
00:00:33,161
00:00:34,161
00:00:35,164
00:00:36,163
00:00:37,163
00:00:38,162
00:00:39,163
00:00:40,163
00:00:41,163
00:00:42,162
00:00:43,162
00:00:44,162
00:00:45,161
00:00:46,161
00:00:47,162
00:00:48,159
00:00:49,159
00:00:50,162
00:00:51,162
00:00:52,162
00:00:53,162
00:00:55,161
00:00:56,161
00:00:57,163
00:00:58,161
00:00:59,161
00:01:00,161
00:01:01,161
00:01:02,161
00:01:03,159
00:01:04,152
00:01:05,152
00:01:06,161
00:01:07,161
00:01:08,163
00:01:09,163
00:01:10,161
00:01:11,163
00:01:12,163
00:01:13,165
00:01:14,165
00:01:15,165
00:01:16,164
00:01:17,163
00:01:18,163
00:01:19,164
00:01:20,163
00:01:21,163
00:01:22,160
00:01:23,162
00:01:24,162
00:01:25,163
00:01:26,163
00:01:27,163
00:01:28,162
00:01:29,162
00:01:30,162
00:01:31,160
00:01:32,162
00:01:33,162
00:01:34,163
00:01:35,161
00:01:36,161
00:01:37,163
00:01:38,162
00:01:39,162
00:01:40,163
00:01:41,161
00:01:42,161
00:01:43,161
00:01:44,162
00:01:45,162
00:01:46,163
00:01:47,162
00:01:48,162
00:01:49,161
00:01:50,162
00:01:51,162
00:01:52,160
00:01:53,162
00:01:54,160
00:01:55,160
00:01:56,162
00:01:57,163
00:01:58,163
00:01:59,161
00:02:00,159
00:02:01,159
00:02:02,162
00:02:03,161
00:02:04,161
00:02:05,161
00:02:06,162
00:02:07,162
00:02:08,160
00:02:09,162
00:02:10,162
00:02:11,162
00:02:12,160
00:02:13,160
00:02:14,159
00:02:15,159
00:02:16,159
00:02:17,157
00:02:18,163
00:02:19,163
00:02:20,163
00:02:21,163
00:02:22,163
00:02:23,163
00:02:25,165
00:02:26,165
00:02:27,164
00:02:28,163
00:02:29,163
00:02:30,163
00:02:31,165
00:02:32,165
00:02:33,164
00:02:34,163
00:02:35,163
00:02:36,163
00:02:37,163
00:02:38,163
00:02:39,162
00:02:40,164
00:02:41,160
00:02:42,160
00:02:43,162
00:02:44,162
00:02:45,162
00:02:46,161
00:02:47,162
00:02:48,162
00:02:49,163
00:02:50,162
00:02:51,162
00:02:52,164
00:02:53,163
00:02:54,163
00:02:55,162
00:02:56,162
00:02:57,162
00:02:58,161
00:02:59,163
00:03:00,163
00:03:01,160
00:03:02,161
00:03:03,161
00:03:04,164
00:03:05,163
00:03:06,163
00:03:07,158
00:03:08,159
00:03:09,159
00:03:10,160
00:03:11,163
00:03:12,163
00:03:13,162
00:03:14,163
00:03:15,163
00:03:16,161
00:03:17,163
00:03:18,163
00:03:19,162
00:03:20,163
00:03:21,163
00:03:22,161
00:03:23,163
00:03:24,163
00:03:25,160
00:03:26,160
00:03:27,162
00:03:28,162
00:03:29,160
00:03:30,164
00:03:31,164
00:03:32,163
00:03:33,163
00:03:34,163
00:03:35,162
00:03:36,163
00:03:37,163
00:03:38,162
00:03:39,162
00:03:40,162
00:03:41,163
00:03:42,163
00:03:43,163
00:03:44,164
00:03:45,161
00:03:47,161
00:03:48,163
00:03:49,162
00:03:50,162
00:03:51,163
00:03:52,161
00:03:53,161
00:03:54,163
00:03:55,161
00:03:56,161
00:03:57,161
00:03:58,161
00:03:59,161
00:04:00,161
00:04:01,161
00:04:02,161
00:04:03,158
00:04:04,162
00:04:05,162
00:04:06,162
00:04:07,162
00:04:08,160
00:04:09,160
00:04:10,158
00:04:11,162
00:04:12,162
00:04:13,162
00:04:14,159
00:04:15,159
00:04:16,162
00:04:17,162
00:04:18,162
00:04:19,164
00:04:20,162
00:04:21,162
00:04:22,162
00:04:23,162
00:04:24,162
00:04:25,162
00:04:26,161
00:04:27,161
00:04:28,161
00:04:29,162
00:04:30,162
00:04:31,161
00:04:32,158
00:04:33,158
00:04:34,162
00:04:35,160
00:04:36,160
00:04:37,163
00:04:38,163
00:04:39,163
00:04:40,163
00:04:41,161
00:04:42,161
00:04:43,161
00:04:44,163
00:04:45,163
00:04:46,163
00:04:47,165
00:04:48,165
00:04:49,165
00:04:50,164
00:04:51,162
00:04:52,162
00:04:53,163
00:04:54,159
00:04:55,159
00:04:56,162
00:04:57,163
00:04:58,163
00:04:59,163
00:05:00,161
00:05:01,161
00:05:02,163
00:05:03,161
00:05:04,161
00:05:05,162
00:05:06,163
00:05:07,163
00:05:08,160
00:05:09,163
00:05:10,163
00:05:11,163
00:05:12,162
00:05:13,162
00:05:14,163
00:05:16,163
00:05:17,163
00:05:18,162
00:05:19,163
00:05:20,163
00:05:21,163
00:05:22,161
00:05:23,161
00:05:24,161
00:05:25,163
00:05:26,163
00:05:27,159
00:05:28,162
00:05:29,162
00:05:30,162
00:05:31,163
00:05:32,163
00:05:33,162
00:05:34,161
00:05:35,161
00:05:36,162
00:05:37,161
00:05:38,161
00:05:39,161
00:05:40,162
00:05:41,161
00:05:42,161
00:05:43,161
00:05:44,164
00:05:45,164
00:05:46,164
00:05:47,164
00:05:48,164
00:05:49,161
00:05:50,161
00:05:51,161
00:05:52,162
00:05:53,162
00:05:54,162
00:05:55,160
00:05:56,161
00:05:57,161
00:05:58,162
00:05:59,164
00:06:00,164
00:06:01,162
00:06:02,161
00:06:03,161
00:06:04,162
00:06:05,160
00:06:06,160
00:06:07,160
00:06:08,161
00:06:09,161
00:06:10,162
00:06:11,163
00:06:12,163
00:06:13,162
00:06:14,161
00:06:15,161
00:06:16,161
00:06:17,163
00:06:18,163
00:06:19,163
00:06:20,161
00:06:21,161
00:06:22,160
00:06:23,161
00:06:24,161
00:06:25,161
00:06:26,162
00:06:27,161
00:06:28,161
00:06:29,163
00:06:30,162
00:06:31,162
00:06:32,161
00:06:33,162
00:06:34,162
00:06:35,164
00:06:36,160
00:06:37,160
00:06:38,161
00:06:39,161
00:06:40,161
00:06:41,162
00:06:42,161
00:06:43,161
00:06:44,162
00:06:45,158
00:06:46,158
00:06:48,164
00:06:49,162
00:06:50,162
00:06:51,162
00:06:52,163
00:06:53,163
00:06:54,162
00:06:55,162
00:06:56,162
00:06:57,163
00:06:58,161
00:06:59,161
00:07:00,162
00:07:01,161
00:07:02,161
00:07:03,161
00:07:04,162
00:07:05,162
00:07:06,165
00:07:07,161
00:07:08,161
00:07:09,161
00:07:10,163
00:07:11,163
00:07:12,163
00:07:13,163
00:07:14,163
00:07:15,162
00:07:16,163
00:07:17,164
00:07:18,164
00:07:19,164
00:07:20,162
00:07:21,162
00:07:22,160
00:07:23,161
00:07:24,161
00:07:25,161
00:07:26,161
00:07:27,161
00:07:28,161
00:07:29,161
00:07:30,161
00:07:31,162
00:07:32,162
00:07:33,162
00:07:34,162
00:07:35,163
00:07:36,163
00:07:37,162
00:07:38,161
00:07:39,161
00:07:40,159
00:07:41,162
00:07:42,162
00:07:43,160
00:07:44,164
00:07:45,164
00:07:46,162
00:07:47,161
00:07:48,161
00:07:49,162
00:07:50,162
00:07:51,162
00:07:52,164
00:07:53,164
00:07:54,164
00:07:55,162
00:07:56,163
00:07:57,163
00:07:58,162
00:07:59,163
00:08:00,163
00:08:01,161
00:08:02,164
00:08:03,164
00:08:04,164
00:08:05,162
00:08:06,162
00:08:07,162
00:08:08,161
00:08:09,164
00:08:10,164
00:08:11,161
00:08:12,162
00:08:13,162
00:08:14,162
00:08:15,163
00:08:16,163
00:08:17,161
00:08:19,163
00:08:20,163
00:08:21,161
00:08:22,160
00:08:23,160
00:08:24,161
00:08:25,163
00:08:26,163
00:08:27,163
00:08:28,162
00:08:29,162
00:08:30,161
00:08:31,162
00:08:32,162
00:08:33,163
00:08:34,161
00:08:35,161
00:08:36,162
00:08:37,164
00:08:38,164
00:08:39,163
00:08:40,162
00:08:41,162
00:08:42,162
00:08:43,161
00:08:44,161
00:08:45,163
00:08:46,163
00:08:47,162
00:08:48,162
00:08:49,159
00:08:50,162
00:08:51,162
00:08:52,162
00:08:53,160
00:08:54,160
00:08:55,164
00:08:56,163
00:08:57,163
00:08:58,161
00:08:59,162
00:09:00,162
00:09:01,163
00:09:02,161
00:09:03,161
00:09:04,163
00:09:05,160
00:09:06,160
00:09:07,162
00:09:08,159
00:09:09,159
00:09:10,161
00:09:11,160
00:09:12,160
00:09:13,161
00:09:14,162
00:09:15,162
00:09:16,163
00:09:17,163
00:09:18,163
00:09:19,161
00:09:20,163
00:09:21,163
00:09:22,165
00:09:23,163
00:09:24,163
00:09:25,162
00:09:26,161
00:09:27,163
00:09:28,163
00:09:29,163
00:09:30,164
00:09:31,164
00:09:32,164
00:09:33,162
00:09:34,162
00:09:35,165
00:09:37,162
00:09:38,162
00:09:39,163
00:09:40,161
00:09:41,161
00:09:42,159
00:09:43,162
00:09:44,162
00:09:45,163
00:09:46,163
00:09:47,163
00:09:48,161
00:09:49,161
00:09:50,161
00:09:51,163
00:09:52,160
00:09:53,160
00:09:54,161
00:09:55,161
00:09:56,161
00:09:57,161
00:09:58,161
00:09:59,161
00:10:00,162
00:10:01,163
00:10:02,163
00:10:03,162
00:10:04,162
00:10:05,162
00:10:06,165
00:10:07,163
00:10:08,163
00:10:09,163
00:10:10,161
00:10:11,161
00:10:12,163
00:10:13,163
00:10:14,160
00:10:15,160
00:10:16,161
00:10:17,162
00:10:18,162
00:10:19,161
00:10:20,162
00:10:21,162
00:10:22,164
00:10:23,164
00:10:24,164
00:10:25,160
00:10:26,160
00:10:27,160
00:10:28,161
00:10:29,163
00:10:30,163
00:10:31,162
00:10:32,164
00:10:33,164
00:10:34,162
00:10:35,164
00:10:36,164
00:10:37,165
00:10:38,162
00:10:39,162
00:10:40,161
00:10:41,162
00:10:42,162
00:10:43,162
00:10:44,162
00:10:45,162
00:10:46,161
00:10:47,163
00:10:48,163
00:10:49,162
00:10:50,161
00:10:51,161
00:10:52,162
00:10:53,163
00:10:54,163
00:10:55,162
00:10:56,162
00:10:57,162
00:10:58,163
00:10:59,162
00:11:00,163
00:11:01,163
00:11:02,162
00:11:03,164
00:11:04,164
00:11:05,162
00:11:06,162
00:11:08,162
00:11:09,164
00:11:10,163
00:11:11,163
00:11:12,163
00:11:13,161
00:11:14,161
00:11:15,161
00:11:16,161
00:11:17,161
00:11:18,163
00:11:19,163
00:11:20,163
00:11:21,163
00:11:22,163
00:11:23,163
00:11:24,162
00:11:25,161
00:11:26,161
00:11:27,160
00:11:28,160
00:11:29,160
00:11:30,162
00:11:31,163
00:11:32,163
00:11:33,161
00:11:34,163
00:11:35,163
00:11:36,162
00:11:37,162
00:11:38,162
00:11:39,156
00:11:40,161
00:11:41,161
00:11:42,162
00:11:43,160
00:11:44,160
00:11:45,162
00:11:46,160
00:11:47,162
00:11:48,162
00:11:49,163
00:11:50,164
00:11:51,164
00:11:52,162
00:11:53,161
00:11:54,161
00:11:55,161
00:11:56,164
00:11:57,164
00:11:58,165
00:11:59,163
00:12:00,163
00:12:01,161
00:12:02,163
00:12:03,163
00:12:04,163
00:12:05,162
00:12:06,162
00:12:07,161
00:12:08,161
00:12:09,161
00:12:10,163
00:12:11,162
00:12:12,162
00:12:13,161
00:12:14,162
00:12:15,162
00:12:16,163
00:12:17,162
00:12:18,162
00:12:19,161
00:12:20,159
00:12:21,159
00:12:22,163
00:12:23,162
00:12:24,162
00:12:25,164
00:12:26,162
00:12:27,162
00:12:28,161
00:12:29,162
00:12:30,162
00:12:31,161
00:12:32,161
00:12:33,162
00:12:34,162
00:12:35,163
00:12:37,162
00:12:38,162
00:12:39,162
00:12:40,162
00:12:41,162
00:12:42,162
00:12:43,163
00:12:44,163
00:12:45,156
00:12:46,161
00:12:47,161
00:12:48,162
00:12:49,161
00:12:50,161
00:12:51,164
00:12:52,161
00:12:53,161
00:12:54,162
00:12:55,163
00:12:56,163
00:12:57,163
00:12:58,162
00:12:59,162
00:13:00,162
00:13:01,162
00:13:02,162
00:13:03,164
00:13:04,163
00:13:05,163
00:13:06,162
00:13:07,163
00:13:08,163
00:13:09,161
00:13:10,164
00:13:11,164
00:13:12,164
00:13:13,163
00:13:14,163
00:13:15,161
00:13:16,163
00:13:17,163
00:13:18,162
00:13:19,161
00:13:20,162
00:13:21,162
00:13:22,162
00:13:23,165
00:13:24,165
00:13:25,162
00:13:26,161
00:13:27,161
00:13:28,162
00:13:29,162
00:13:30,162
00:13:31,161
00:13:32,159
00:13:33,159
00:13:34,161
00:13:35,161
00:13:36,161
00:13:37,162
00:13:38,160
00:13:39,160
00:13:40,160
00:13:41,161
00:13:42,161
00:13:43,162
00:13:44,163
00:13:45,163
00:13:46,163
00:13:47,161
00:13:48,161
00:13:49,162
00:13:50,162
00:13:51,162
00:13:52,160
00:13:53,160
00:13:54,160
00:13:55,160
00:13:56,163
00:13:58,163
00:13:59,161
00:14:00,165
00:14:01,163
00:14:02,163
00:14:03,164
00:14:04,162
00:14:05,162
00:14:06,163
00:14:07,161
00:14:08,161
00:14:09,162
00:14:10,160
00:14:11,160
00:14:12,162
00:14:13,162
00:14:14,162
00:14:15,161
00:14:16,163
00:14:17,163
00:14:18,159
00:14:19,162
00:14:20,162
00:14:21,162
00:14:22,163
00:14:23,163
00:14:24,161
00:14:25,162
00:14:26,162
00:14:27,163
00:14:28,162
00:14:29,162
00:14:30,160
00:14:31,163
00:14:32,163
00:14:33,164
00:14:34,160
00:14:35,160
00:14:36,162
00:14:37,162
00:14:38,162
00:14:39,161
00:14:40,161
00:14:41,161
00:14:42,162
00:14:43,163
00:14:44,163
00:14:45,162
00:14:46,162
00:14:47,161
00:14:48,161
00:14:49,161
00:14:50,163
00:14:51,163
00:14:52,161
00:14:53,162
00:14:54,162
00:14:55,161
00:14:56,163
00:14:57,163
00:14:58,160
00:14:59,163
00:15:00,163
00:15:01,160
00:15:02,162
00:15:03,162
00:15:04,162
00:15:05,162
00:15:06,162
00:15:07,161
00:15:08,163
00:15:09,163
00:15:10,162
00:15:11,163
00:15:12,163
00:15:13,163
00:15:14,162
00:15:15,162
00:15:16,162
00:15:17,162
00:15:18,162
00:15:19,163
00:15:20,164
00:15:21,164
00:15:22,162
00:15:23,164
00:15:24,164
00:15:25,163
00:15:26,163
00:15:28,163
00:15:29,162
00:15:30,164
00:15:31,164
00:15:32,162
00:15:33,161
00:15:34,161
00:15:35,161
00:15:36,164
00:15:37,162
00:15:38,162
00:15:39,162
00:15:40,163
00:15:41,163
00:15:42,163
00:15:43,162
00:15:44,162
00:15:45,161
00:15:46,160
00:15:47,160
00:15:48,162
00:15:49,163
00:15:50,163
00:15:51,162
00:15:52,162
00:15:53,162
00:15:54,159
00:15:55,163
00:15:56,163
00:15:57,163
00:15:58,163
00:15:59,163
00:16:00,162
00:16:01,163
00:16:02,163
00:16:03,159
00:16:04,162
00:16:05,162
00:16:06,160
00:16:07,162
00:16:08,162
00:16:09,162
00:16:10,161
00:16:11,161
00:16:12,162
00:16:13,161
00:16:14,161
00:16:15,160
00:16:16,161
00:16:17,161
00:16:18,161
00:16:19,161
00:16:20,161
00:16:21,161
00:16:22,165
00:16:23,160
00:16:24,160
00:16:25,162
00:16:26,161
00:16:27,161
00:16:28,161
00:16:29,162
00:16:30,162
00:16:31,162
00:16:32,162
00:16:33,162
00:16:34,162
00:16:35,162
00:16:36,162
00:16:37,163
00:16:38,161
00:16:39,161
00:16:40,164
00:16:41,162
00:16:42,162
00:16:43,162
00:16:44,161
00:16:45,161
00:16:46,161
00:16:47,160
00:16:48,160
00:16:49,160
00:16:50,161
00:16:51,161
00:16:52,160
00:16:53,161
00:16:54,161
00:16:55,160
00:16:56,163
00:16:58,163
00:16:59,162
00:17:00,160
00:17:01,160
00:17:02,161
00:17:03,163
00:17:04,163
00:17:05,163
00:17:06,163
00:17:07,163
00:17:08,159
00:17:09,163
00:17:10,162
00:17:11,162
00:17:12,163
00:17:13,164
00:17:14,164
00:17:15,162
00:17:16,162
00:17:17,162
00:17:18,163
00:17:19,160
00:17:20,160
00:17:21,161
00:17:22,161
00:17:23,161
00:17:24,161
00:17:25,161
00:17:26,161
00:17:27,160
00:17:28,162
00:17:29,162
00:17:30,163
00:17:31,160
00:17:32,160
00:17:33,161
00:17:34,163
00:17:35,163
00:17:36,162
00:17:37,160
00:17:38,160
00:17:39,159
00:17:40,161
00:17:41,161
00:17:42,162
00:17:43,161
00:17:44,161
00:17:45,163
00:17:46,162
00:17:47,162
00:17:48,161
00:17:49,164
00:17:50,164
00:17:51,161
00:17:52,161
00:17:53,161
00:17:54,163
00:17:55,161
00:17:56,161
00:17:57,161
00:17:58,162
00:17:59,164
00:18:00,164
00:18:01,161
00:18:02,165
00:18:03,165
00:18:04,163
00:18:05,163
00:18:06,163
00:18:07,161
00:18:08,161
00:18:09,161
00:18:10,165
00:18:11,164
00:18:12,164
00:18:13,165
00:18:14,164
00:18:15,164
00:18:16,164
00:18:17,162
00:18:18,162
00:18:19,161
00:18:20,163
00:18:21,163
00:18:22,162
00:18:23,160
00:18:24,160
00:18:25,161
00:18:26,161
00:18:27,161
00:18:29,161
00:18:30,162
00:18:31,162
00:18:32,159
00:18:33,161
00:18:34,161
00:18:35,161
00:18:36,163
00:18:37,163
00:18:38,161
00:18:39,163
00:18:40,163
00:18:41,162
00:18:42,162
00:18:43,161
00:18:44,161
00:18:45,161
00:18:46,159
00:18:47,159
00:18:48,161
00:18:49,163
00:18:50,163
00:18:51,163
00:18:52,163
00:18:53,163
00:18:54,162
00:18:55,162
00:18:56,162
00:18:57,162
00:18:58,162
00:18:59,162
00:19:00,161
00:19:01,163
00:19:02,163
00:19:03,164
00:19:04,161
00:19:05,161
00:19:06,163
00:19:07,163
00:19:08,163
00:19:09,162
00:19:10,163
00:19:11,163
00:19:12,161
00:19:13,162
00:19:14,162
00:19:15,161
00:19:16,160
00:19:17,160
00:19:18,160
00:19:19,161
00:19:20,164
00:19:21,164
00:19:22,161
00:19:23,161
00:19:24,161
00:19:25,161
00:19:26,162
00:19:27,162
00:19:28,163
00:19:29,163
00:19:30,163
00:19:31,161
00:19:32,164
00:19:33,164
00:19:34,160
00:19:35,164
00:19:36,164
00:19:37,161
00:19:38,160
00:19:39,160
00:19:40,163
00:19:41,162
00:19:42,162
00:19:43,163
00:19:44,161
00:19:45,161
00:19:46,160
00:19:47,158
00:19:49,158
00:19:50,162
00:19:51,161
00:19:52,161
00:19:53,160
00:19:54,161
00:19:55,161
00:19:56,161
00:19:57,160
00:19:58,160
00:19:59,160
00:20:00,159
00:20:01,159
00:20:02,160
00:20:03,162
00:20:04,162
00:20:05,161
00:20:06,157
00:20:07,162
00:20:08,162
00:20:09,163
00:20:10,162
00:20:11,162
00:20:12,159
00:20:13,163
00:20:14,163
00:20:15,161
00:20:16,163
00:20:17,163
00:20:18,162
00:20:19,162
00:20:20,162
00:20:21,162
00:20:22,162
00:20:23,162
00:20:24,163
00:20:25,161
00:20:26,161
00:20:27,163
00:20:28,163
00:20:29,163
00:20:30,161
00:20:31,162
00:20:32,162
00:20:33,160
00:20:34,160
00:20:35,160
00:20:36,160
00:20:37,161
00:20:38,161
00:20:39,161
00:20:40,162
00:20:41,162
00:20:42,162
00:20:43,160
00:20:44,160
00:20:45,161
00:20:46,160
00:20:47,160
00:20:48,163
00:20:49,162
00:20:50,162
00:20:51,161
00:20:52,162
00:20:53,162
00:20:54,162
00:20:55,162
00:20:56,163
00:20:57,163
00:20:58,161
00:20:59,160
00:21:00,160
00:21:01,162
00:21:02,161
00:21:03,161
00:21:04,160
00:21:05,162
00:21:06,162
00:21:07,162
00:21:08,162
00:21:09,162
00:21:10,161
00:21:11,162
00:21:12,162
00:21:13,162
00:21:14,163
00:21:15,163
00:21:16,161
00:21:17,162
00:21:18,162
00:21:20,162
00:21:21,163
00:21:22,163
00:21:23,159
00:21:24,163
00:21:25,163
00:21:26,163
00:21:27,164
00:21:28,164
00:21:29,163
00:21:30,163
00:21:31,163
00:21:32,162
00:21:33,163
00:21:34,163
00:21:35,164
00:21:36,163
00:21:37,163
00:21:38,160
00:21:39,161
00:21:40,161
00:21:41,162
00:21:42,161
00:21:43,160
00:21:44,160
00:21:45,162
00:21:46,162
00:21:47,162
00:21:48,161
00:21:49,160
00:21:50,160
00:21:51,160
00:21:52,160
00:21:53,160
00:21:54,162
00:21:55,163
00:21:56,163
00:21:57,160
00:21:58,162
00:21:59,162
00:22:00,164
00:22:01,164
00:22:02,164
00:22:03,161
00:22:04,162
00:22:05,162
00:22:06,162
00:22:07,162
00:22:08,162
00:22:09,162
00:22:10,160
00:22:11,160
00:22:12,163
00:22:13,163
00:22:14,163
00:22:15,161
00:22:16,161
00:22:17,161
00:22:18,161
00:22:19,162
00:22:20,162
00:22:21,162
00:22:22,162
00:22:23,162
00:22:24,161
00:22:25,162
00:22:26,162
00:22:27,161
00:22:28,159
00:22:29,161
00:22:30,161
00:22:31,158
00:22:32,162
00:22:33,162
00:22:34,164
00:22:35,163
00:22:36,163
00:22:37,161
00:22:38,162
00:22:39,162
00:22:40,162
00:22:41,163
00:22:42,163
00:22:43,162
00:22:44,163
00:22:45,163
00:22:46,163
00:22:47,161
00:22:48,161
00:22:50,161
00:22:51,161
00:22:52,161
00:22:53,161
00:22:54,163
00:22:55,163
00:22:56,161
00:22:57,161
00:22:58,161
00:22:59,162
00:23:00,162
00:23:01,162
00:23:02,162
00:23:03,162
00:23:04,162
00:23:05,162
00:23:06,163
00:23:07,163
00:23:08,162
00:23:09,161
00:23:10,161
00:23:11,163
00:23:12,164
00:23:13,164
00:23:14,163
00:23:15,161
00:23:16,161
00:23:17,161
00:23:18,162
00:23:19,162
00:23:20,162
00:23:21,163
00:23:22,161
00:23:23,161
00:23:24,162
00:23:25,162
00:23:26,162
00:23:27,162
00:23:28,161
00:23:29,161
00:23:30,159
00:23:31,163
00:23:32,163
00:23:33,163
00:23:34,158
00:23:35,158
00:23:36,162
00:23:37,154
00:23:38,154
00:23:39,162
00:23:40,163
00:23:41,163
00:23:42,163
00:23:43,164
00:23:44,164
00:23:45,164
00:23:46,162
00:23:47,162
00:23:48,163
00:23:49,162
00:23:50,162
00:23:51,164
00:23:52,162
00:23:53,163
00:23:54,163
00:23:55,159
00:23:56,162
00:23:57,162
00:23:58,161
00:23:59,163
00:24:00,163
00:24:01,163
00:24:02,160
00:24:03,160
00:24:04,162
00:24:05,160
00:24:06,160
00:24:07,160
00:24:08,162
00:24:10,162
00:24:11,160
00:24:12,162
00:24:13,162
00:24:14,162
00:24:15,165
00:24:16,165
00:24:17,163
00:24:18,162
00:24:19,162
00:24:20,163
00:24:21,165
00:24:22,165
00:24:23,160
00:24:24,161
00:24:25,161
00:24:26,162
00:24:27,160
00:24:28,160
00:24:29,163
00:24:30,162
00:24:31,162
00:24:32,164
00:24:33,160
00:24:34,160
00:24:35,163
00:24:36,162
00:24:37,162
00:24:38,163
00:24:39,160
00:24:40,160
00:24:41,161
00:24:42,161
00:24:43,161
00:24:44,161
00:24:45,162
00:24:46,163
00:24:47,163
00:24:48,161
00:24:49,161
00:24:50,161
00:24:51,157
00:24:52,164
00:24:53,164
00:24:54,163
00:24:55,160
00:24:56,160
00:24:57,161
00:24:58,163
00:24:59,163
00:25:00,164
00:25:01,164
00:25:02,164
00:25:03,164
00:25:04,163
00:25:05,163
00:25:06,162
00:25:07,163
00:25:08,163
00:25:09,161
00:25:10,161
00:25:11,161
00:25:12,163
00:25:13,162
00:25:14,162
00:25:15,160
00:25:16,162
00:25:17,162
00:25:18,163
00:25:19,164
00:25:20,164
00:25:21,164
00:25:22,161
00:25:23,161
00:25:24,164
00:25:25,163
00:25:26,163
00:25:27,164
00:25:28,163
00:25:29,163
00:25:30,163
00:25:31,163
00:25:32,164
00:25:33,164
00:25:34,162
00:25:35,160
00:25:36,160
00:25:37,161
00:25:38,160
00:25:39,160
00:25:41,163
00:25:42,162
00:25:43,162
00:25:44,160
00:25:45,163
00:25:46,163
00:25:47,163
00:25:48,163
00:25:49,163
00:25:50,160
00:25:51,157
00:25:52,157
00:25:53,158
00:25:54,160
00:25:55,160
00:25:56,161
00:25:57,162
00:25:58,162
00:25:59,158
00:26:00,164
00:26:01,164
00:26:02,161
00:26:03,162
00:26:04,162
00:26:05,161
00:26:06,162
00:26:07,162
00:26:08,162
00:26:09,162
00:26:10,162
00:26:11,164
00:26:12,163
00:26:13,163
00:26:14,161
00:26:15,164
00:26:16,162
00:26:17,162
00:26:18,163
00:26:19,163
00:26:20,163
00:26:21,163
00:26:22,162
00:26:23,162
00:26:24,162
00:26:25,164
00:26:26,164
00:26:27,162
00:26:28,162
00:26:29,162
00:26:30,164
00:26:31,164
00:26:32,164
00:26:33,163
00:26:34,163
00:26:35,163
00:26:36,160
00:26:37,163
00:26:38,163
00:26:39,163
00:26:40,160
00:26:41,160
00:26:42,164
00:26:43,163
00:26:44,163
00:26:45,161
00:26:46,162
00:26:47,162
00:26:48,162
00:26:49,161
00:26:50,161
00:26:51,161
00:26:52,160
00:26:53,160
00:26:54,162
00:26:55,159
00:26:56,159
00:26:57,163
00:26:58,162
00:26:59,162
00:27:00,162
00:27:01,161
00:27:02,161
00:27:03,162
00:27:04,161
00:27:05,163
00:27:06,163
00:27:07,161
00:27:08,160
00:27:09,160
00:27:10,162
00:27:12,161
00:27:13,161
00:27:14,164
00:27:15,160
00:27:16,160
00:27:17,164
00:27:18,165
00:27:19,165
00:27:20,163
00:27:21,161
00:27:22,161
00:27:23,162
00:27:24,161
00:27:25,161
00:27:26,162
00:27:27,163
00:27:28,163
00:27:29,160
00:27:30,162
00:27:31,162
00:27:32,161
00:27:33,160
00:27:34,160
00:27:35,163
00:27:36,163
00:27:37,163
00:27:38,162
00:27:39,162
00:27:40,162
00:27:41,161
00:27:42,160
00:27:43,160
00:27:44,160
00:27:45,162
00:27:46,162
00:27:47,162
00:27:48,160
00:27:49,162
00:27:50,162
00:27:51,163
00:27:52,162
00:27:53,162
00:27:54,161
00:27:55,161
00:27:56,161
00:27:57,162
00:27:58,159
00:27:59,159
00:28:00,160
00:28:01,161
00:28:02,161
00:28:03,161
00:28:04,163
00:28:05,163
00:28:06,163
00:28:07,163
00:28:08,163
00:28:09,163
00:28:10,163
00:28:11,163
00:28:12,163
00:28:13,161
00:28:14,161
00:28:15,161
00:28:16,162
00:28:17,162
00:28:18,157
00:28:19,160
00:28:20,160
00:28:21,165
00:28:22,163
00:28:23,163
00:28:24,163
00:28:25,163
00:28:26,163
00:28:27,162
00:28:28,162
00:28:29,162
00:28:30,163
00:28:31,161
00:28:32,161
00:28:33,161
00:28:34,161
00:28:35,162
00:28:36,162
00:28:37,161
00:28:39,162
00:28:40,162
00:28:41,161
00:28:42,161
00:28:43,161
00:28:44,161
00:28:45,160
00:28:46,160
00:28:47,159
00:28:48,161
00:28:49,161
00:28:50,161
00:28:51,161
00:28:52,161
00:28:53,160
00:28:54,162
00:28:55,162
00:28:56,161
00:28:57,162
00:28:58,162
00:28:59,161
00:29:00,162
00:29:01,162
00:29:02,160
00:29:03,160
00:29:04,160
00:29:05,161
00:29:06,160
00:29:07,160
00:29:08,162
00:29:09,161
00:29:10,161
00:29:11,160
00:29:12,163
00:29:13,163
00:29:14,161
00:29:15,161
00:29:16,161
00:29:17,161
00:29:18,162
00:29:19,161
00:29:20,161
00:29:21,163
00:29:22,161
00:29:23,161
00:29:24,163
00:29:25,161
00:29:26,161
00:29:27,162
00:29:28,159
00:29:29,159
00:29:30,160
00:29:31,163
00:29:32,163
00:29:33,161
00:29:34,160
00:29:35,160
00:29:36,162
00:29:37,160
00:29:38,160
00:29:39,163
00:29:40,158
00:29:41,158
00:29:42,163
00:29:43,164
00:29:44,164
00:29:45,164
00:29:46,163
00:29:47,163
00:29:48,164
00:29:49,163
00:29:50,163
00:29:51,163
00:29:52,162
00:29:53,162
00:29:54,162
00:29:55,162
00:29:56,162
00:29:57,161
00:29:58,161
00:29:59,161
00:30:00,161
00:30:02,163
00:30:03,162
00:30:04,162
00:30:05,163
00:30:06,162
00:30:07,162
00:30:08,162
00:30:09,160
00:30:10,160
00:30:11,163
00:30:12,162
00:30:13,162
00:30:14,162
00:30:15,165
00:30:16,165
00:30:17,162
00:30:18,164
00:30:19,164
00:30:20,162
00:30:21,162
00:30:22,162
00:30:23,162
00:30:24,164
00:30:25,164
00:30:26,162
00:30:27,164
00:30:28,164
00:30:29,161
00:30:30,161
00:30:31,161
00:30:32,161
00:30:33,159
00:30:34,159
00:30:35,162
00:30:36,163
00:30:37,163
00:30:38,163
00:30:39,162
00:30:40,162
00:30:41,163
00:30:42,163
00:30:43,163
00:30:44,160
00:30:45,161
00:30:46,161
00:30:47,160
00:30:48,162
00:30:49,161
00:30:50,161
00:30:51,163
00:30:52,161
00:30:53,161
00:30:54,161
00:30:55,164
00:30:56,164
00:30:57,163
00:30:58,162
00:30:59,162
00:31:00,163
00:31:01,163
00:31:02,163
00:31:03,163
00:31:04,163
00:31:05,163
00:31:06,163
00:31:07,162
00:31:08,162
00:31:09,162
00:31:10,163
00:31:11,163
00:31:12,164
00:31:13,163
00:31:14,163
00:31:15,162
00:31:16,162
00:31:17,162
00:31:18,162
00:31:19,163
00:31:20,163
00:31:21,162
00:31:22,163
00:31:23,163
00:31:24,161
00:31:25,161
00:31:26,161
00:31:27,163
00:31:29,160
00:31:30,160
00:31:31,162
00:31:32,163
00:31:33,163
00:31:34,163
00:31:35,159
00:31:36,163
00:31:37,163
00:31:38,162
00:31:39,161
00:31:40,161
00:31:41,159
00:31:42,160
00:31:43,160
00:31:44,163
00:31:45,163
00:31:46,163
00:31:47,162
00:31:48,160
00:31:49,160
00:31:50,161
00:31:51,160
00:31:52,160
00:31:53,161
00:31:54,161
00:31:55,161
00:31:56,161
00:31:57,161
00:31:58,161
00:31:59,162
00:32:00,160
00:32:01,160
00:32:02,160
00:32:03,158
00:32:04,158
00:32:05,155
00:32:06,160
00:32:07,160
00:32:08,160
00:32:09,162
00:32:10,162
00:32:11,163
00:32:12,161
00:32:13,161
00:32:14,162
00:32:15,162
00:32:16,162
00:32:17,162
00:32:18,163
00:32:19,164
00:32:20,164
00:32:21,164
00:32:22,163
00:32:23,163
00:32:24,163
00:32:25,163
00:32:26,163
00:32:27,160
00:32:28,162
00:32:29,162
00:32:30,161
00:32:31,160
00:32:32,160
00:32:33,163
00:32:34,164
00:32:35,164
00:32:36,162
00:32:37,163
00:32:38,163
00:32:39,162
00:32:40,163
00:32:41,163
00:32:42,160
00:32:43,161
00:32:44,161
00:32:45,162
00:32:46,161
00:32:47,161
00:32:48,160
00:32:49,162
00:32:50,162
00:32:51,160
00:32:52,161
00:32:53,161
00:32:54,161
00:32:56,163
00:32:57,163
00:32:58,161
00:32:59,160
00:33:00,160
00:33:01,159
00:33:02,160
00:33:03,160
00:33:04,162
00:33:05,163
00:33:06,163
00:33:07,163
00:33:08,163
00:33:09,161
00:33:10,161
00:33:11,161
00:33:12,161
00:33:13,161
00:33:14,161
00:33:15,160
00:33:16,160
00:33:17,164
00:33:18,164
00:33:19,164
00:33:20,164
00:33:21,161
00:33:22,161
00:33:23,160
00:33:24,163
00:33:25,163
00:33:26,161
00:33:27,161
00:33:28,161
00:33:29,160
00:33:30,160
00:33:31,160
00:33:32,162
00:33:33,161
00:33:34,161
00:33:35,160
00:33:36,161
00:33:37,161
00:33:38,163
00:33:39,160
00:33:40,160
00:33:41,160
00:33:42,164
00:33:43,164
00:33:44,164
00:33:45,162
00:33:46,162
00:33:47,162
00:33:48,162
00:33:49,161
00:33:50,161
00:33:51,161
00:33:52,160
00:33:53,160
00:33:54,162
00:33:55,162
00:33:56,162
00:33:57,160
00:33:58,160
00:33:59,160
00:34:00,161
00:34:01,163
00:34:02,163
00:34:03,162
00:34:04,161
00:34:05,161
00:34:06,161
00:34:07,161
00:34:08,161
00:34:09,159
00:34:10,161
00:34:11,161
00:34:12,161
00:34:13,158
00:34:14,158
00:34:15,163
00:34:16,163
00:34:17,163
00:34:18,162
00:34:19,160
00:34:21,160
00:34:22,161
00:34:23,159
00:34:24,159
00:34:25,161
00:34:26,161
00:34:27,161
00:34:28,160
00:34:29,161
00:34:30,161
00:34:31,163
00:34:32,161
00:34:33,163
00:34:34,163
00:34:35,163
00:34:36,161
00:34:37,161
00:34:38,163
00:34:39,161
00:34:40,161
00:34:41,159
00:34:42,161
00:34:43,161
00:34:44,162
00:34:45,163
00:34:46,163
00:34:47,164
00:34:48,162
00:34:49,162
00:34:50,163
00:34:51,162
00:34:52,162
00:34:53,162
00:34:54,161
00:34:55,161
00:34:56,163
00:34:57,162
00:34:58,162
00:34:59,163
00:35:00,163
00:35:01,163
00:35:02,163
00:35:03,162
00:35:04,162
00:35:05,162
00:35:06,163
00:35:07,163
00:35:08,162
00:35:09,161
00:35:10,161
00:35:11,162
00:35:12,162
00:35:13,162
00:35:14,160
00:35:15,159
00:35:16,159
00:35:17,162
00:35:18,161
00:35:19,162
00:35:20,162
00:35:21,162
00:35:22,165
00:35:23,165
00:35:24,163
00:35:25,162
00:35:26,162
00:35:27,163
00:35:28,162
00:35:29,162
00:35:30,160
00:35:31,161
00:35:32,161
00:35:33,161
00:35:34,158
00:35:35,158
00:35:36,164
00:35:37,161
00:35:38,161
00:35:39,163
00:35:40,163
00:35:41,163
00:35:42,163
00:35:43,163
00:35:44,163
00:35:45,162
00:35:46,163
00:35:47,163
00:35:48,162
00:35:50,161
00:35:51,161
00:35:52,164
00:35:53,162
00:35:54,162
00:35:55,164
00:35:56,164
00:35:57,164
00:35:58,163
00:35:59,162
00:36:00,162
00:36:01,162
00:36:02,162
00:36:03,162
00:36:04,161
00:36:05,163
00:36:06,161
00:36:07,161
00:36:08,162
00:36:09,164
00:36:10,164
00:36:11,163
00:36:12,162
00:36:13,162
00:36:14,162
00:36:15,160
00:36:16,160
00:36:17,161
00:36:18,161
00:36:19,161
00:36:20,161
00:36:21,161
00:36:22,161
00:36:23,162
00:36:24,160
00:36:25,160
00:36:26,160
00:36:27,163
00:36:28,163
00:36:29,163
00:36:30,161
00:36:31,161
00:36:32,161
00:36:33,162
00:36:34,162
00:36:35,160
00:36:36,161
00:36:37,161
00:36:38,160
00:36:39,161
00:36:40,161
00:36:41,159
00:36:42,162
00:36:43,162
00:36:44,160
00:36:45,162
00:36:46,162
00:36:47,154
00:36:48,164
00:36:49,164
00:36:50,161
00:36:51,163
00:36:52,164
00:36:53,164
00:36:54,162
00:36:55,164
00:36:56,164
00:36:57,164
00:36:58,164
00:36:59,164
00:37:00,160
00:37:01,161
00:37:02,161
00:37:03,163
00:37:04,163
00:37:05,163
00:37:06,161
00:37:07,162
00:37:08,162
00:37:09,162
00:37:10,164
00:37:11,164
00:37:12,161
00:37:13,164
00:37:14,164
00:37:15,162
00:37:16,163
00:37:17,163
00:37:18,161
00:37:20,163
00:37:21,163
00:37:22,164
00:37:23,162
00:37:24,162
00:37:25,162
00:37:26,162
00:37:27,162
00:37:28,161
00:37:29,163
00:37:30,163
00:37:31,163
00:37:32,162
00:37:33,162
00:37:34,161
00:37:35,161
00:37:36,161
00:37:37,163
00:37:38,161
00:37:39,160
00:37:40,160
00:37:41,164
00:37:42,162
00:37:43,162
00:37:44,161
00:37:45,163
00:37:46,163
00:37:47,162
00:37:48,160
00:37:49,160
00:37:50,162
00:37:51,161
00:37:52,161
00:37:53,160
00:37:54,162
00:37:55,162
00:37:56,161
00:37:57,160
00:37:58,160
00:37:59,158
00:38:00,161
00:38:01,161
00:38:02,163
00:38:03,163
00:38:04,163
00:38:05,157
00:38:06,163
00:38:07,163
00:38:08,160
00:38:09,161
00:38:10,161
00:38:11,164
00:38:12,162
00:38:13,162
00:38:14,164
00:38:15,164
00:38:16,164
00:38:17,163
00:38:18,161
00:38:19,161
00:38:20,163
00:38:21,163
00:38:22,163
00:38:23,163
00:38:24,161
00:38:25,161
00:38:26,163
00:38:27,161
00:38:28,162
00:38:29,162
00:38:30,163
00:38:31,161
00:38:32,161
00:38:33,161
00:38:34,163
00:38:35,163
00:38:36,160
00:38:37,163
00:38:38,163
00:38:39,163
00:38:40,160
00:38:41,160
00:38:42,162
00:38:43,160
00:38:45,160
00:38:46,162
00:38:47,161
00:38:48,161
00:38:49,161
00:38:50,160
00:38:51,160
00:38:52,161
00:38:53,161
00:38:54,161
00:38:55,161
00:38:56,162
00:38:57,162
00:38:58,161
00:38:59,162
00:39:00,162
00:39:01,163
00:39:02,163
00:39:03,163
00:39:04,161
00:39:05,158
00:39:06,158
00:39:07,160
00:39:08,161
00:39:09,162
00:39:10,162
00:39:11,163
00:39:12,161
00:39:13,161
00:39:14,160
00:39:15,163
00:39:16,163
00:39:17,161
00:39:18,155
00:39:19,155
00:39:20,163
00:39:21,161
00:39:22,161
00:39:23,165
00:39:24,164
00:39:25,164
00:39:26,163
00:39:27,162
00:39:28,162
00:39:29,162
00:39:30,163
00:39:31,163
00:39:32,161
00:39:33,163
00:39:34,163
00:39:35,162
00:39:36,163
00:39:37,163
00:39:38,163
00:39:39,162
00:39:40,162
00:39:41,162
00:39:42,163
00:39:43,163
00:39:44,164
00:39:45,162
00:39:46,162
00:39:47,161
00:39:48,163
00:39:49,163
00:39:50,162
00:39:51,161
00:39:52,161
00:39:53,161
00:39:54,164
00:39:55,162
00:39:56,162
00:39:57,163
00:39:58,162
00:39:59,162
00:40:00,161
00:40:01,160
00:40:02,160
00:40:03,163
00:40:04,162
00:40:05,162
00:40:06,162
00:40:07,163
00:40:08,163
00:40:09,162
00:40:10,162
00:40:11,162
00:40:12,162
00:40:14,164
00:40:15,164
00:40:16,162
00:40:17,162
00:40:18,162
00:40:19,163
00:40:20,161
00:40:21,161
00:40:22,161
00:40:23,161
00:40:24,161
00:40:25,163
00:40:26,159
00:40:27,159
00:40:28,160
00:40:29,160
00:40:30,160
00:40:31,155
00:40:32,161
00:40:33,161
00:40:34,162
00:40:35,161
00:40:36,161
00:40:37,165
00:40:38,164
00:40:39,164
00:40:40,160
00:40:41,163
00:40:42,162
00:40:43,162
00:40:44,161
00:40:45,163
00:40:46,163
00:40:47,163
00:40:48,163
00:40:49,163
00:40:50,160
00:40:51,159
00:40:52,159
00:40:53,162
00:40:54,163
00:40:55,163
00:40:56,163
00:40:57,162
00:40:58,162
00:40:59,163
00:41:00,160
00:41:01,160
00:41:02,160
00:41:03,158
00:41:04,158
00:41:05,161
00:41:06,165
00:41:07,165
00:41:08,164
00:41:09,161
00:41:10,161
00:41:11,162
00:41:12,161
00:41:13,161
00:41:14,163
00:41:15,161
00:41:16,161
00:41:17,162
00:41:18,161
00:41:19,161
00:41:20,161
00:41:21,160
00:41:22,160
00:41:23,161
00:41:24,163
00:41:25,163
00:41:26,164
00:41:27,163
00:41:28,161
00:41:29,161
00:41:30,160
00:41:31,161
00:41:32,161
00:41:33,162
00:41:34,162
00:41:35,162
00:41:36,161
00:41:37,160
00:41:38,160
00:41:39,160
00:41:40,158
00:41:41,158
00:41:42,161
00:41:43,162
00:41:45,162
00:41:46,161
00:41:47,161
00:41:48,161
00:41:49,162
00:41:50,153
00:41:51,153
00:41:52,162
00:41:53,162
00:41:54,162
00:41:55,164
00:41:56,164
00:41:57,164
00:41:58,163
00:41:59,162
00:42:00,162
00:42:01,162
00:42:02,163
00:42:03,163
00:42:04,163
00:42:05,160
00:42:06,160
00:42:07,162
00:42:08,162
00:42:09,162
00:42:10,163
00:42:11,160
00:42:12,160
00:42:13,161
00:42:14,161
00:42:15,160
00:42:16,160
00:42:17,163
00:42:18,158
00:42:19,158
00:42:20,160
00:42:21,162
00:42:22,162
00:42:23,163
00:42:24,163
00:42:25,163
00:42:26,161
00:42:27,162
00:42:28,162
00:42:29,163
00:42:30,164
00:42:31,164
00:42:32,161
00:42:33,162
00:42:34,162
00:42:35,160
00:42:36,161
00:42:37,161
00:42:38,163
00:42:39,162
00:42:40,162
00:42:41,162
00:42:42,161
00:42:43,161
00:42:44,162
00:42:45,161
00:42:46,161
00:42:47,160
00:42:48,160
00:42:49,160
00:42:50,162
00:42:51,162
00:42:52,162
00:42:53,159
00:42:54,162
00:42:55,162
00:42:56,157
00:42:57,165
00:42:58,165
00:42:59,162
00:43:00,164
00:43:01,160
00:43:02,160
00:43:03,162
00:43:04,160
00:43:05,160
00:43:06,163
00:43:07,162
00:43:08,162
00:43:09,163
00:43:10,165
00:43:11,165
00:43:12,161
00:43:13,162
00:43:15,162
00:43:16,162
00:43:17,162
00:43:18,162
00:43:19,163
00:43:20,159
00:43:21,159
00:43:22,163
00:43:23,162
00:43:24,162
00:43:25,162
00:43:26,161
00:43:27,161
00:43:28,163
00:43:29,163
00:43:30,163
00:43:31,162
00:43:32,159
00:43:33,159
00:43:34,162
00:43:35,161
00:43:36,161
00:43:37,163
00:43:38,160
00:43:39,160
00:43:40,162
00:43:41,162
00:43:42,162
00:43:43,162
00:43:44,161
00:43:45,161
00:43:46,161
00:43:47,163
00:43:48,162
00:43:49,162
00:43:50,164
00:43:51,158
00:43:52,158
00:43:53,162
00:43:54,163
00:43:55,163
00:43:56,162
00:43:57,161
00:43:58,161
00:43:59,162
00:44:00,162
00:44:01,162
00:44:02,160
00:44:03,161
00:44:04,161
00:44:05,161
00:44:06,157
00:44:07,157
00:44:08,163
00:44:09,162
00:44:10,162
00:44:11,162
00:44:12,164
00:44:13,164
00:44:14,164
00:44:15,164
00:44:16,164
00:44:17,162
00:44:18,160
00:44:19,160
00:44:20,161
00:44:21,163
00:44:22,163
00:44:23,163
00:44:24,163
00:44:25,160
00:44:26,160
00:44:27,163
00:44:28,161
00:44:29,161
00:44:30,163
00:44:32,160
00:44:33,160
00:44:34,163
00:44:35,162
00:44:36,162
00:44:37,162
00:44:38,160
00:44:39,160
00:44:40,160
00:44:41,163
00:44:42,163
00:44:43,162
00:44:44,162
00:44:45,162
00:44:46,162
00:44:47,161
00:44:48,161
00:44:49,162
00:44:50,160
00:44:51,160
00:44:52,160
00:44:53,160
00:44:54,160
00:44:55,161
00:44:56,163
00:44:57,163
00:44:58,161
00:44:59,160
00:45:00,160
00:45:01,163
00:45:02,161
00:45:03,161
00:45:04,163
00:45:05,161
00:45:06,161
00:45:07,160
00:45:08,161
00:45:09,161
00:45:10,161
00:45:11,160
00:45:12,163
00:45:13,163
00:45:14,162
00:45:15,154
00:45:16,154
00:45:17,164
00:45:18,163
00:45:19,163
00:45:20,163
00:45:21,163
00:45:22,163
00:45:23,164
00:45:24,161
00:45:25,161
00:45:26,162
00:45:27,162
00:45:28,162
00:45:29,162
00:45:30,163
00:45:31,163
00:45:32,161
00:45:33,161
00:45:34,161
00:45:35,163
00:45:36,164
00:45:37,164
00:45:38,164
00:45:39,163
00:45:40,163
00:45:41,161
00:45:42,162
00:45:43,162
00:45:44,161
00:45:45,162
00:45:46,162
00:45:47,163
00:45:48,162
00:45:49,162
00:45:50,162
00:45:51,161
00:45:52,161
00:45:53,162
00:45:54,161
00:45:55,161
00:45:56,165
00:45:57,163
00:45:58,162
00:45:59,162
00:46:00,162
00:46:02,163
00:46:03,163
00:46:04,162
00:46:05,161
00:46:06,161
00:46:07,160
00:46:08,160
00:46:09,160
00:46:10,162
00:46:11,161
00:46:12,161
00:46:13,161
00:46:14,162
00:46:15,162
00:46:16,163
00:46:17,164
00:46:18,164
00:46:19,162
00:46:20,162
00:46:21,162
00:46:22,162
00:46:23,160
00:46:24,160
00:46:25,160
00:46:26,159
00:46:27,159
00:46:28,158
00:46:29,163
00:46:30,163
00:46:31,161
00:46:32,162
00:46:33,162
00:46:34,160
00:46:35,161
00:46:36,161
00:46:37,162
00:46:38,160
00:46:39,160
00:46:40,163
00:46:41,162
00:46:42,162
00:46:43,161
00:46:44,160
00:46:45,161
00:46:46,161
00:46:47,164
00:46:48,164
00:46:49,164
00:46:50,161
00:46:51,161
00:46:52,161
00:46:53,164
00:46:54,162
00:46:55,162
00:46:56,158
00:46:57,162
00:46:58,162
00:46:59,160
00:47:00,163
00:47:01,163
00:47:02,162
00:47:03,163
00:47:04,163
00:47:05,162
00:47:06,160
00:47:07,160
00:47:08,160
00:47:09,160
00:47:10,160
00:47:11,162
00:47:12,161
00:47:13,161
00:47:14,161
00:47:15,161
00:47:16,161
00:47:17,162
00:47:18,160
00:47:19,160
00:47:20,161
00:47:21,163
00:47:22,163
00:47:23,162
00:47:24,162
00:47:25,162
00:47:26,162
00:47:27,161
00:47:28,161
00:47:29,164
00:47:30,162
00:47:31,161
00:47:33,161
00:47:34,161
00:47:35,162
00:47:36,162
00:47:37,163
00:47:38,159
00:47:39,159
00:47:40,162
00:47:41,161
00:47:42,161
00:47:43,158
00:47:44,161
00:47:45,161
00:47:46,163
00:47:47,162
00:47:48,162
00:47:49,162
00:47:50,162
00:47:51,162
00:47:52,160
00:47:53,163
00:47:54,163
00:47:55,161
00:47:56,163
00:47:57,163
00:47:58,162
00:47:59,161
00:48:00,161
00:48:01,163
00:48:02,164
00:48:03,164
00:48:04,162
00:48:05,161
00:48:06,161
00:48:07,159
00:48:08,163
00:48:09,163
00:48:10,162
00:48:11,159
00:48:12,159
00:48:13,163
00:48:14,163
00:48:15,163
00:48:16,162
00:48:17,161
00:48:18,163
00:48:19,163
00:48:20,165
00:48:21,160
00:48:22,160
00:48:23,164
00:48:24,162
00:48:25,162
00:48:26,163
00:48:27,162
00:48:28,162
00:48:29,162
00:48:30,160
00:48:31,160
00:48:32,159
00:48:33,161
00:48:34,161
00:48:35,160
00:48:36,159
00:48:37,159
00:48:38,163
00:48:39,162
00:48:40,162
00:48:41,161
00:48:42,159
00:48:43,159
00:48:44,161
00:48:45,163
00:48:46,163
00:48:47,163
00:48:48,160
00:48:49,160
00:48:50,161
00:48:51,161
00:48:52,161
00:48:53,162
00:48:55,163
00:48:56,163
00:48:57,163
00:48:58,162
00:48:59,158
00:49:00,158
00:49:01,163
00:49:02,163
00:49:03,163
00:49:04,163
00:49:05,161
00:49:06,161
00:49:07,163
00:49:08,162
00:49:09,162
00:49:10,161
00:49:11,161
00:49:12,161
00:49:13,162
00:49:14,164
00:49:15,164
00:49:16,163
00:49:17,162
00:49:18,162
00:49:19,162
00:49:20,162
00:49:21,162
00:49:22,162
00:49:23,163
00:49:24,163
00:49:25,164
00:49:26,164
00:49:27,164
00:49:28,162
00:49:29,161
00:49:30,161
00:49:31,163
00:49:32,163
00:49:33,163
00:49:34,162
00:49:35,163
00:49:36,163
00:49:37,159
00:49:38,161
00:49:39,161
00:49:40,162
00:49:41,161
00:49:42,161
00:49:43,162
00:49:44,161
00:49:45,161
00:49:46,161
00:49:47,162
00:49:48,162
00:49:49,162
00:49:50,161
00:49:51,161
00:49:52,161
00:49:53,161
00:49:54,163
00:49:55,163
00:49:56,162
00:49:57,161
00:49:58,161
00:49:59,160
00:50:00,161
00:50:01,161
00:50:02,161
00:50:03,162
00:50:04,162
00:50:05,162
00:50:06,162
00:50:07,162
00:50:08,162
00:50:09,162
00:50:10,162
00:50:11,160
00:50:12,162
00:50:13,162
00:50:14,161
00:50:15,163
00:50:16,163
00:50:17,161
00:50:18,165
00:50:19,165
00:50:20,162
00:50:21,162
00:50:22,162
00:50:23,161
00:50:24,162
00:50:26,162
00:50:27,163
00:50:28,160
00:50:29,160
00:50:30,161
00:50:31,160
00:50:32,162
00:50:33,162
00:50:34,162
00:50:35,161
00:50:36,161
00:50:37,160
00:50:38,162
00:50:39,162
00:50:40,162
00:50:41,163
00:50:42,163
00:50:43,165
00:50:44,165
00:50:45,165
00:50:46,163
00:50:47,163
00:50:48,163
00:50:49,163
00:50:50,162
00:50:51,162
00:50:52,163
00:50:53,162
00:50:54,162
00:50:55,162
00:50:56,160
00:50:57,160
00:50:58,162
00:50:59,163
00:51:00,163
00:51:01,162
00:51:02,161
00:51:03,161
00:51:04,161
00:51:05,163
00:51:06,163
00:51:07,163
00:51:08,161
00:51:09,161
00:51:10,163
00:51:11,161
00:51:12,161
00:51:13,162
00:51:14,163
00:51:15,163
00:51:16,161
00:51:17,159
00:51:18,159
00:51:19,163
00:51:20,163
00:51:21,163
00:51:22,163
00:51:23,161
00:51:24,161
00:51:25,161
00:51:26,161
00:51:27,163
00:51:28,163
00:51:29,161
00:51:30,160
00:51:31,160
00:51:32,162
00:51:33,161
00:51:34,161
00:51:35,161
00:51:36,161
00:51:37,161
00:51:38,162
00:51:39,161
00:51:40,161
00:51:41,162
00:51:42,160
00:51:43,160
00:51:44,163
00:51:45,162
00:51:46,162
00:51:47,162
00:51:48,161
00:51:49,161
00:51:50,162
00:51:51,161
00:51:52,161
00:51:53,161
00:51:54,163
00:51:55,163
00:51:57,163
00:51:58,162
00:51:59,162
00:52:00,162
00:52:01,164
00:52:02,164
00:52:03,163
00:52:04,163
00:52:05,163
00:52:06,163
00:52:07,162
00:52:08,160
00:52:09,160
00:52:10,162
00:52:11,161
00:52:12,161
00:52:13,161
00:52:14,161
00:52:15,161
00:52:16,156
00:52:17,162
00:52:18,162
00:52:19,162
00:52:20,162
00:52:21,162
00:52:22,162
00:52:23,165
00:52:24,165
00:52:25,163
00:52:26,162
00:52:27,162
00:52:28,161
00:52:29,161
00:52:30,161
00:52:31,163
00:52:32,161
00:52:33,161
00:52:34,161
00:52:35,163
00:52:36,163
00:52:37,160
00:52:38,161
00:52:39,161
00:52:40,161
00:52:41,162
00:52:42,162
00:52:43,158
00:52:44,162
00:52:45,162
00:52:46,161
00:52:47,163
00:52:48,163
00:52:49,163
00:52:50,164
00:52:51,164
00:52:52,163
00:52:53,165
00:52:54,165
00:52:55,165
00:52:56,162
00:52:57,164
00:52:58,164
00:52:59,165
00:53:00,162
00:53:01,162
00:53:02,163
00:53:03,164
00:53:04,164
00:53:05,162
00:53:06,163
00:53:07,163
00:53:08,163
00:53:09,162
00:53:10,162
00:53:11,163
00:53:12,163
00:53:13,163
00:53:14,163
00:53:15,161
00:53:16,161
00:53:17,162
00:53:18,162
00:53:19,162
00:53:20,163
00:53:21,164
00:53:22,164
00:53:23,163
00:53:24,161
00:53:25,161
00:53:26,163
00:53:27,161
00:53:29,161
00:53:30,161
00:53:31,160
00:53:32,160
00:53:33,160
00:53:34,162
00:53:35,162
00:53:36,163
00:53:37,160
00:53:38,160
00:53:39,161
00:53:40,162
00:53:41,162
00:53:42,161
00:53:43,162
00:53:44,163
00:53:45,163
00:53:46,163
00:53:47,163
00:53:48,163
00:53:49,160
00:53:50,161
00:53:51,161
00:53:52,164
00:53:53,162
00:53:54,162
00:53:55,161
00:53:56,159
00:53:57,159
00:53:58,159
00:53:59,159
00:54:00,159
00:54:01,160
00:54:02,164
00:54:03,164
00:54:04,163
00:54:05,162
00:54:06,162
00:54:07,161
00:54:08,162
00:54:09,162
00:54:10,162
00:54:11,164
00:54:12,164
00:54:13,162
00:54:14,165
00:54:15,165
00:54:16,159
00:54:17,163
00:54:18,163
00:54:19,162
00:54:20,163
00:54:21,163
00:54:22,163
00:54:23,162
00:54:24,162
00:54:25,162
00:54:26,163
00:54:27,163
00:54:28,162
00:54:29,162
00:54:30,162
00:54:31,162
00:54:32,161
00:54:33,164
00:54:34,164
00:54:35,162
00:54:36,161
00:54:37,161
00:54:38,161
00:54:39,164
00:54:40,164
00:54:41,161
00:54:42,161
00:54:43,161
00:54:44,164
00:54:46,160
00:54:47,160
00:54:48,158
00:54:49,160
00:54:50,160
00:54:51,163
00:54:52,161
00:54:53,161
00:54:54,161
00:54:55,160
00:54:56,160
00:54:57,161
00:54:58,161
00:54:59,161
00:55:00,160
00:55:01,163
00:55:02,160
00:55:03,160
00:55:04,161
00:55:05,163
00:55:06,163
00:55:07,163
00:55:08,162
00:55:09,162
00:55:10,163
00:55:11,161
00:55:12,161
00:55:13,164
00:55:14,163
00:55:15,163
00:55:16,162
00:55:17,162
00:55:18,162
00:55:19,161
00:55:20,163
00:55:21,163
00:55:22,162
00:55:23,162
00:55:24,162
00:55:25,162
00:55:26,163
00:55:27,163
00:55:28,163
00:55:29,161
00:55:30,161
00:55:31,163
00:55:32,160
00:55:33,160
00:55:34,162
00:55:35,163
00:55:36,163
00:55:37,161
00:55:38,161
00:55:39,161
00:55:40,163
00:55:41,162
00:55:42,162
00:55:43,163
00:55:44,163
00:55:45,163
00:55:46,163
00:55:47,163
00:55:48,160
00:55:49,160
00:55:50,163
00:55:51,161
00:55:52,161
00:55:53,162
00:55:54,162
00:55:55,162
00:55:56,162
00:55:57,163
00:55:58,163
00:55:59,162
00:56:00,163
00:56:01,163
00:56:02,163
00:56:03,159
00:56:04,159
00:56:05,162
00:56:06,163
00:56:07,163
00:56:08,159
00:56:09,161
00:56:10,161
00:56:11,162
00:56:12,160
00:56:13,160
00:56:15,156
00:56:16,161
00:56:17,161
00:56:18,164
00:56:19,163
00:56:20,163
00:56:21,163
00:56:22,161
00:56:23,161
00:56:24,163
00:56:25,163
00:56:26,163
00:56:27,160
00:56:28,162
00:56:29,162
00:56:30,162
00:56:31,161
00:56:32,161
00:56:33,160
00:56:34,163
00:56:35,163
00:56:36,161
00:56:37,162
00:56:38,162
00:56:39,162
00:56:40,163
00:56:41,163
00:56:42,163
00:56:43,161
00:56:44,162
00:56:45,162
00:56:46,162
00:56:47,161
00:56:48,161
00:56:49,161
00:56:50,160
00:56:51,160
00:56:52,165
00:56:53,161
00:56:54,161
00:56:55,159
00:56:56,162
00:56:57,162
00:56:58,161
00:56:59,162
00:57:00,162
00:57:01,162
00:57:02,160
00:57:03,160
00:57:04,161
00:57:05,162
00:57:06,162
00:57:07,160
00:57:08,162
00:57:09,162
00:57:10,163
00:57:11,162
00:57:12,162
00:57:13,163
00:57:14,162
00:57:15,162
00:57:16,161
00:57:17,161
00:57:18,161
00:57:19,160
00:57:20,162
00:57:21,162
00:57:22,163
00:57:23,162
00:57:24,164
00:57:25,164
00:57:26,162
00:57:27,163
00:57:28,163
00:57:29,162
00:57:30,161
00:57:31,161
00:57:32,161
00:57:33,160
00:57:34,160
00:57:35,155
00:57:36,164
00:57:37,164
00:57:38,162
00:57:39,162
00:57:40,162
00:57:41,162
00:57:42,161
00:57:43,161
00:57:45,163
00:57:46,166
00:57:47,166
00:57:48,163
00:57:49,162
00:57:50,162
00:57:51,164
00:57:52,165
00:57:53,165
00:57:54,163
00:57:55,163
00:57:56,163
00:57:57,163
00:57:58,159
00:57:59,159
00:58:00,162
00:58:01,163
00:58:02,163
00:58:03,163
00:58:04,163
00:58:05,163
00:58:06,162
00:58:07,163
00:58:08,163
00:58:09,162
00:58:10,162
00:58:11,162
00:58:12,162
00:58:13,162
00:58:14,162
00:58:15,162
00:58:16,164
00:58:17,164
00:58:18,164
00:58:19,163
00:58:20,163
00:58:21,163
00:58:22,164
00:58:23,161
00:58:24,161
00:58:25,163
00:58:26,162
00:58:27,162
00:58:28,163
00:58:29,163
00:58:30,163
00:58:31,161
00:58:32,162
00:58:33,162
00:58:34,162
00:58:35,160
00:58:36,160
00:58:37,162
00:58:38,163
00:58:39,163
00:58:40,163
00:58:41,160
00:58:42,160
00:58:43,162
00:58:44,161
00:58:45,161
00:58:46,162
00:58:47,162
00:58:48,162
00:58:49,161
00:58:50,161
00:58:51,162
00:58:52,162
00:58:53,159
00:58:54,163
00:58:55,163
00:58:56,164
00:58:57,164
00:58:58,164
00:58:59,164
00:59:00,162
00:59:01,162
00:59:02,161
00:59:03,162
00:59:04,162
00:59:05,163
00:59:07,164
00:59:08,164
00:59:09,163
00:59:10,163
00:59:11,163
00:59:12,161
00:59:13,163
00:59:14,163
00:59:15,161
00:59:16,163
00:59:17,163
00:59:18,163
00:59:19,161
00:59:20,161
00:59:21,161
00:59:22,160
00:59:23,160
00:59:24,162
00:59:25,161
00:59:26,161
00:59:27,161
00:59:28,162
00:59:29,162
00:59:30,162
00:59:31,164
00:59:32,164
00:59:33,160
00:59:34,162
00:59:35,162
00:59:36,163
00:59:37,161
00:59:38,162
00:59:39,162
00:59:40,158
00:59:41,160
00:59:42,160
00:59:43,161
00:59:44,160
00:59:45,160
00:59:46,163
00:59:47,158
00:59:48,158
00:59:49,160
00:59:50,162
00:59:51,162
00:59:52,161
00:59:53,163
00:59:54,163
00:59:55,161
00:59:56,163
00:59:57,163
00:59:58,161
00:59:59,160
01:00:00,160
01:00:01,159
01:00:02,158
01:00:03,158
01:00:04,160
01:00:05,165
01:00:06,165
01:00:07,164
01:00:08,164
01:00:09,164
01:00:10,164
01:00:11,165
01:00:12,165
01:00:13,163
01:00:14,162
01:00:15,162
01:00:16,163
01:00:17,163
01:00:18,163
01:00:19,164
01:00:20,161
01:00:21,161
01:00:22,160
01:00:23,162
01:00:24,161
01:00:25,161
01:00:26,161
01:00:27,162
01:00:28,162
01:00:29,162
01:00:30,161
01:00:31,161
01:00:32,162
01:00:33,163
01:00:34,163
01:00:35,160
01:00:36,166
01:00:38,166
01:00:39,165
01:00:40,164
01:00:41,164
01:00:42,163
01:00:43,164
01:00:44,164
01:00:45,162
01:00:46,161
01:00:47,161
01:00:48,163
01:00:49,162
01:00:50,162
01:00:51,162
01:00:52,163
01:00:53,163
01:00:54,162
01:00:55,160
01:00:56,160
01:00:57,161
01:00:58,162
01:00:59,162
01:01:00,161
01:01:01,162
01:01:02,162
01:01:03,161
01:01:04,162
01:01:05,162
01:01:06,162
01:01:07,161
01:01:08,161
01:01:09,162
01:01:10,161
01:01:11,161
01:01:12,159
01:01:13,164
01:01:14,162
01:01:15,162
01:01:16,164
01:01:17,164
01:01:18,164
01:01:19,162
01:01:20,160
01:01:21,160
01:01:22,163
01:01:23,161
01:01:24,161
01:01:25,163
01:01:26,163
01:01:27,163
01:01:28,162
01:01:29,162
01:01:30,162
01:01:31,162
01:01:32,160
01:01:33,160
01:01:34,160
01:01:35,161
01:01:36,161
01:01:37,162
01:01:38,163
01:01:39,163
01:01:40,160
01:01:41,161
01:01:42,161
01:01:43,163
01:01:44,163
01:01:45,163
01:01:46,162
01:01:47,160
01:01:48,160
01:01:49,162
01:01:50,165
01:01:51,165
01:01:52,163
01:01:53,163
01:01:54,163
01:01:55,163
01:01:56,161
01:01:57,161
01:01:58,161
01:01:59,164
01:02:00,160
01:02:01,160
01:02:02,163
01:02:03,161
01:02:04,161
01:02:05,161
01:02:06,163
01:02:07,163
01:02:09,162
01:02:10,162
01:02:11,162
01:02:12,161
01:02:13,160
01:02:14,160
01:02:15,160
01:02:16,159
01:02:17,159
01:02:18,161
01:02:19,164
01:02:20,164
01:02:21,160
01:02:22,158
01:02:23,158
01:02:24,160
01:02:25,161
01:02:26,161
01:02:27,156
01:02:28,161
01:02:29,161
01:02:30,163
01:02:31,163
01:02:32,163
01:02:33,161
01:02:34,161
01:02:35,161
01:02:36,165
01:02:37,163
01:02:38,163
01:02:39,162
01:02:40,162
01:02:41,162
01:02:42,159
01:02:43,161
01:02:44,161
01:02:45,163
01:02:46,162
01:02:47,163
01:02:48,163
01:02:49,162
01:02:50,164
01:02:51,164
01:02:52,163
01:02:53,162
01:02:54,162
01:02:55,162
01:02:56,162
01:02:57,162
01:02:58,163
01:02:59,162
01:03:00,162
01:03:01,163
01:03:02,163
01:03:03,163
01:03:04,164
01:03:05,164
01:03:06,164
01:03:07,163
01:03:08,161
01:03:09,161
01:03:10,161
01:03:11,163
01:03:12,163
01:03:13,160
01:03:14,162
01:03:15,162
01:03:16,163
01:03:17,160
01:03:18,160
01:03:19,163
01:03:20,160
01:03:21,160
01:03:22,163
01:03:23,163
01:03:24,163
01:03:25,161
01:03:26,160
01:03:27,160
01:03:28,161
01:03:29,161
01:03:30,161
01:03:31,162
01:03:32,161
01:03:33,161
01:03:34,161
01:03:35,160
01:03:36,156
01:03:38,156
01:03:39,164
01:03:40,161
01:03:41,161
01:03:42,162
01:03:43,163
01:03:44,163
01:03:45,162
01:03:46,164
01:03:47,164
01:03:48,161
01:03:49,163
01:03:50,163
01:03:51,161
01:03:52,161
01:03:53,161
01:03:54,160
01:03:55,161
01:03:56,161
01:03:57,162
01:03:58,162
01:03:59,162
01:04:00,161
01:04:01,160
01:04:02,160
01:04:03,164
01:04:04,162
01:04:05,162
01:04:06,164
01:04:07,161
01:04:08,161
01:04:09,160
01:04:10,164
01:04:11,161
01:04:12,161
01:04:13,162
01:04:14,163
01:04:15,163
01:04:16,164
01:04:17,162
01:04:18,162
01:04:19,163
01:04:20,163
01:04:21,163
01:04:22,163
01:04:23,163
01:04:24,163
01:04:25,163
01:04:26,163
01:04:27,163
01:04:28,160
01:04:29,163
01:04:30,163
01:04:31,162
01:04:32,161
01:04:33,161
01:04:34,160
01:04:35,162
01:04:36,162
01:04:37,163
01:04:38,161
01:04:39,161
01:04:40,160
01:04:41,161
01:04:42,161
01:04:43,162
01:04:44,161
01:04:45,161
01:04:46,162
01:04:47,162
01:04:48,162
01:04:49,156
01:04:50,163
01:04:51,163
01:04:52,165
01:04:53,164
01:04:54,164
01:04:55,162
01:04:56,161
01:04:57,161
01:04:58,164
01:05:00,161
01:05:01,162
01:05:02,162
01:05:03,163
01:05:04,163
01:05:05,163
01:05:06,164
01:05:07,162
01:05:08,162
01:05:09,160
01:05:10,162
01:05:11,162
01:05:12,163
01:05:13,161
01:05:14,161
01:05:15,160
01:05:16,163
01:05:17,163
01:05:18,163
01:05:19,162
01:05:20,162
01:05:21,161
01:05:22,162
01:05:23,162
01:05:24,162
01:05:25,163
01:05:26,163
01:05:27,163
01:05:28,162
01:05:29,162
01:05:30,161
01:05:31,163
01:05:32,163
01:05:33,162
01:05:34,161
01:05:35,161
01:05:36,164
01:05:37,161
01:05:38,161
01:05:39,160
01:05:40,161
01:05:41,161
01:05:42,161
01:05:43,161
01:05:44,161
01:05:45,159
01:05:46,161
01:05:47,162
01:05:48,162
01:05:49,161
01:05:50,161
01:05:51,161
01:05:52,161
01:05:53,162
01:05:54,162
01:05:55,164
01:05:56,162
01:05:57,162
01:05:58,156
01:05:59,162
01:06:00,162
01:06:01,164
01:06:02,162
01:06:03,162
01:06:04,161
01:06:05,163
01:06:06,163
01:06:07,162
01:06:08,164
01:06:09,164
01:06:10,162
01:06:11,163
01:06:12,163
01:06:13,161
01:06:14,162
01:06:15,162
01:06:16,161
01:06:17,164
01:06:18,164
01:06:19,162
01:06:20,162
01:06:21,162
01:06:22,162
01:06:23,163
01:06:24,163
01:06:25,162
01:06:26,161
01:06:27,161
01:06:29,163
01:06:30,164
01:06:31,164
01:06:32,163
01:06:33,161
01:06:34,164
01:06:35,164
01:06:36,165
01:06:37,165
01:06:38,165
01:06:39,161
01:06:40,161
01:06:41,161
01:06:42,161
01:06:43,161
01:06:44,161
01:06:45,163
01:06:46,161
01:06:47,161
01:06:48,163
01:06:49,162
01:06:50,162
01:06:51,162
01:06:52,161
01:06:53,161
01:06:54,160
01:06:55,161
01:06:56,161
01:06:57,163
01:06:58,161
01:06:59,161
01:07:00,163
01:07:01,162
01:07:02,162
01:07:03,162
01:07:04,162
01:07:05,162
01:07:06,162
01:07:07,160
01:07:08,160
01:07:09,160
01:07:10,161
01:07:11,161
01:07:12,155
01:07:13,161
01:07:14,161
01:07:15,163
01:07:16,163
01:07:17,163
01:07:18,163
01:07:19,162
01:07:20,160
01:07:21,160
01:07:22,162
01:07:23,162
01:07:24,162
01:07:25,162
01:07:26,160
01:07:27,160
01:07:28,160
01:07:29,162
01:07:30,162
01:07:31,161
01:07:32,161
01:07:33,161
01:07:34,162
01:07:35,162
01:07:36,162
01:07:37,161
01:07:38,161
01:07:39,161
01:07:40,161
01:07:41,163
01:07:42,163
01:07:43,163
01:07:44,163
01:07:45,163
01:07:46,161
01:07:47,159
01:07:48,159
01:07:49,163
01:07:50,162
01:07:51,162
01:07:52,161
01:07:53,163
01:07:54,163
01:07:55,163
01:07:56,162
01:07:57,162
01:07:59,161
01:08:00,162
01:08:01,162
01:08:02,159
01:08:03,160
01:08:04,160
01:08:05,161
01:08:06,159
01:08:07,162
01:08:08,162
01:08:09,163
01:08:10,161
01:08:11,161
01:08:12,160
01:08:13,161
01:08:14,161
01:08:15,162
01:08:16,164
01:08:17,164
01:08:18,161
01:08:19,161
01:08:20,161
01:08:21,163
01:08:22,161
01:08:23,161
01:08:24,161
01:08:25,160
01:08:26,160
01:08:27,163
01:08:28,161
01:08:29,161
01:08:30,163
01:08:31,163
01:08:32,163
01:08:33,164
01:08:34,158
01:08:35,158
01:08:36,162
01:08:37,164
01:08:38,164
01:08:39,164
01:08:40,162
01:08:41,162
01:08:42,164
01:08:43,164
01:08:44,164
01:08:45,159
01:08:46,162
01:08:47,161
01:08:48,161
01:08:49,161
01:08:50,161
01:08:51,161
01:08:52,160
01:08:53,161
01:08:54,161
01:08:55,161
01:08:56,163
01:08:57,163
01:08:58,161
01:08:59,160
01:09:00,160
01:09:01,161
01:09:02,162
01:09:03,162
01:09:04,163
01:09:05,157
01:09:06,157
01:09:07,163
01:09:08,162
01:09:09,162
01:09:10,162
01:09:11,162
01:09:12,162
01:09:13,163
01:09:14,161
01:09:15,161
01:09:16,163
01:09:17,161
01:09:19,161
01:09:20,160
01:09:21,162
01:09:22,162
01:09:23,162
01:09:24,162
01:09:25,162
01:09:26,161
01:09:27,161
01:09:28,161
01:09:29,164
01:09:30,161
01:09:31,161
01:09:32,161
01:09:33,161
01:09:34,164
01:09:35,164
01:09:36,164
01:09:37,162
01:09:38,162
01:09:39,161
01:09:40,160
01:09:41,160
01:09:42,162
01:09:43,162
01:09:44,162
01:09:45,160
01:09:46,161
01:09:47,161
01:09:48,163
01:09:49,163
01:09:50,163
01:09:51,160
01:09:52,163
01:09:53,163
01:09:54,163
01:09:55,161
01:09:56,161
01:09:57,163
01:09:58,160
01:09:59,160
01:10:00,161
01:10:01,164
01:10:02,164
01:10:03,163
01:10:04,164
01:10:05,164
01:10:06,163
01:10:07,161
01:10:08,161
01:10:09,162
01:10:10,162
01:10:11,162
01:10:12,163
01:10:13,162
01:10:14,162
01:10:15,162
01:10:16,162
01:10:17,163
01:10:18,163
01:10:19,163
01:10:20,163
01:10:21,163
01:10:22,163
01:10:23,162
01:10:24,162
01:10:25,162
01:10:26,162
01:10:27,162
01:10:28,161
01:10:29,160
01:10:30,160
01:10:31,161
01:10:32,158
01:10:33,158
01:10:34,161
01:10:35,163
01:10:36,163
01:10:37,162
01:10:38,162
01:10:39,162
01:10:40,162
01:10:41,162
01:10:42,162
01:10:43,160
01:10:44,160
01:10:45,160
01:10:46,161
01:10:47,161
01:10:49,161
01:10:50,162
01:10:51,161
01:10:52,161
01:10:53,160
01:10:54,163
01:10:55,163
01:10:56,159
01:10:57,161
01:10:58,161
01:10:59,159
01:11:00,161
01:11:01,161
01:11:02,161
01:11:03,160
01:11:04,160
01:11:05,158
01:11:06,162
01:11:07,160
01:11:08,160
01:11:09,162
01:11:10,163
01:11:11,163
01:11:12,161
01:11:13,163
01:11:14,163
01:11:15,162
01:11:16,160
01:11:17,160
01:11:18,161
01:11:19,161
01:11:20,161
01:11:21,162
01:11:22,163
01:11:23,163
01:11:24,164
01:11:25,161
01:11:26,161
01:11:27,164
01:11:28,161
01:11:29,161
01:11:30,163
01:11:31,161
01:11:32,161
01:11:33,163
01:11:34,163
01:11:35,163
01:11:36,161
01:11:37,162
01:11:38,162
01:11:39,162
01:11:40,163
01:11:41,163
01:11:42,161
01:11:43,164
01:11:44,164
01:11:45,160
01:11:46,162
01:11:47,162
01:11:48,162
01:11:49,161
01:11:50,161
01:11:51,162
01:11:52,162
01:11:53,163
01:11:54,163
01:11:55,160
01:11:56,160
01:11:57,160
01:11:58,161
01:11:59,162
01:12:00,162
01:12:01,161
01:12:02,163
01:12:03,163
01:12:04,162
01:12:05,161
01:12:06,161
01:12:07,161
01:12:08,159
01:12:09,159
01:12:10,160
01:12:11,162
01:12:12,162
01:12:13,157
01:12:14,161
01:12:15,161
01:12:16,163
01:12:18,162
01:12:19,162
01:12:20,163
01:12:21,164
01:12:22,164
01:12:23,163
01:12:24,160
01:12:25,160
01:12:26,163
01:12:27,161
01:12:28,161
01:12:29,160
01:12:30,164
01:12:31,164
01:12:32,163
01:12:33,162
01:12:34,162
01:12:35,161
01:12:36,162
01:12:37,162
01:12:38,161
01:12:39,163
01:12:40,161
01:12:41,161
01:12:42,158
01:12:43,160
01:12:44,160
01:12:45,161
01:12:46,162
01:12:47,162
01:12:48,161
01:12:49,162
01:12:50,162
01:12:51,158
01:12:52,161
01:12:53,161
01:12:54,162
01:12:55,160
01:12:56,160
01:12:57,161
01:12:58,161
01:12:59,161
01:13:00,162
01:13:01,161
01:13:02,161
01:13:03,163
01:13:04,161
01:13:05,161
01:13:06,163
01:13:07,162
01:13:08,162
01:13:09,160
01:13:10,161
01:13:11,161
01:13:12,160
01:13:13,161
01:13:14,161
01:13:15,162
01:13:16,162
01:13:17,162
01:13:18,161
01:13:19,161
01:13:20,161
01:13:21,162
01:13:22,160
01:13:23,160
01:13:24,161
01:13:25,162
01:13:26,163
01:13:27,163
01:13:28,163
01:13:29,162
01:13:30,162
01:13:31,162
01:13:32,161
01:13:33,161
01:13:34,162
01:13:35,164
01:13:36,164
01:13:37,162
01:13:38,161
01:13:39,161
01:13:40,163
01:13:41,162
01:13:42,162
01:13:43,162
01:13:45,161
01:13:46,161
01:13:47,161
01:13:48,162
01:13:49,162
01:13:50,161
01:13:51,165
01:13:52,165
01:13:53,160
01:13:54,163
01:13:55,163
01:13:56,162
01:13:57,162
01:13:58,162
01:13:59,164
01:14:00,161
01:14:01,161
01:14:02,161
01:14:03,160
01:14:04,160
01:14:05,163
01:14:06,161
01:14:07,162
01:14:08,162
01:14:09,162
01:14:10,161
01:14:11,161
01:14:12,161
01:14:13,164
01:14:14,164
01:14:15,161
01:14:16,163
01:14:17,163
01:14:18,164
01:14:19,159
01:14:20,159
01:14:21,160
01:14:22,161
01:14:23,161
01:14:24,160
01:14:25,163
01:14:26,163
01:14:27,161
01:14:28,162
01:14:29,162
01:14:30,159
01:14:31,161
01:14:32,161
01:14:33,162
01:14:34,160
01:14:35,160
01:14:36,162
01:14:37,160
01:14:38,160
01:14:39,162
01:14:40,162
01:14:41,162
01:14:42,163
01:14:43,159
01:14:44,159
01:14:45,164
01:14:46,163
01:14:47,163
01:14:48,163
01:14:49,163
01:14:50,163
01:14:51,159
01:14:52,164
01:14:53,160
01:14:54,160
01:14:55,163
01:14:56,162
01:14:57,162
01:14:58,161
01:14:59,161
01:15:00,161
01:15:01,164
01:15:02,163
01:15:03,163
01:15:04,162
01:15:05,163
01:15:06,163
01:15:07,161
01:15:08,163
01:15:09,163
01:15:11,163
01:15:12,162
01:15:13,162
01:15:14,161
01:15:15,161
01:15:16,161
01:15:17,161
01:15:18,161
01:15:19,161
01:15:20,161
01:15:21,161
01:15:22,161
01:15:23,161
01:15:24,161
01:15:25,161
01:15:26,160
01:15:27,161
01:15:28,161
01:15:29,160
01:15:30,160
01:15:31,160
01:15:32,160
01:15:33,159
01:15:34,159
01:15:35,160
01:15:36,162
01:15:37,162
01:15:38,161
01:15:39,159
01:15:40,160
01:15:41,160
01:15:42,162
01:15:43,160
01:15:44,160
01:15:45,162
01:15:46,162
01:15:47,162
01:15:48,161
01:15:49,161
01:15:50,161
01:15:51,160
01:15:52,163
01:15:53,163
01:15:54,161
01:15:55,160
01:15:56,160
01:15:57,159
01:15:58,162
01:15:59,162
01:16:00,154
01:16:01,163
01:16:02,163
01:16:03,162
01:16:04,162
01:16:05,162
01:16:06,162
01:16:07,163
01:16:08,163
01:16:09,162
01:16:10,162
01:16:11,162
01:16:12,162
01:16:13,161
01:16:14,161
01:16:15,162
01:16:16,161
01:16:17,161
01:16:18,161
01:16:19,160
01:16:20,160
01:16:21,161
01:16:22,162
01:16:23,162
01:16:24,162
01:16:25,162
01:16:26,162
01:16:27,159
01:16:28,163
01:16:29,159
01:16:30,159
01:16:31,161
01:16:32,163
01:16:33,163
01:16:34,163
01:16:35,164
01:16:36,164
01:16:37,164
01:16:38,164
01:16:39,164
01:16:41,164
01:16:42,164
01:16:43,164
01:16:44,161
01:16:45,162
01:16:46,162
01:16:47,160
01:16:48,160
01:16:49,160
01:16:50,160
01:16:51,161
01:16:52,161
01:16:53,161
01:16:54,162
01:16:55,162
01:16:56,161
01:16:57,160
01:16:58,160
01:16:59,161
01:17:00,158
01:17:01,158
01:17:02,161
01:17:03,160
01:17:04,160
01:17:05,161
01:17:06,163
01:17:07,163
01:17:08,160
01:17:09,158
01:17:10,158
01:17:11,162
01:17:12,162
01:17:13,156
01:17:14,156
01:17:15,163
01:17:16,162
01:17:17,162
01:17:18,163
01:17:19,161
01:17:20,161
01:17:21,163
01:17:22,161
01:17:23,161
01:17:24,163
01:17:25,165
01:17:26,165
01:17:27,163
01:17:28,162
01:17:29,162
01:17:30,162
01:17:31,161
01:17:32,161
01:17:33,162
01:17:34,161
01:17:35,161
01:17:36,164
01:17:37,162
01:17:38,162
01:17:39,162
01:17:40,163
01:17:41,163
01:17:42,160
01:17:43,160
01:17:44,160
01:17:45,162
01:17:46,162
01:17:47,162
01:17:48,161
01:17:49,164
01:17:50,164
01:17:51,164
01:17:52,162
01:17:53,162
01:17:54,161
01:17:55,162
01:17:56,162
01:17:57,159
01:17:58,161
01:17:59,161
01:18:00,161
01:18:01,159
01:18:02,160
01:18:03,160
01:18:04,156
01:18:05,162
01:18:06,162
01:18:07,161
01:18:08,160
01:18:10,160
01:18:11,160
01:18:12,162
01:18:13,162
01:18:14,161
01:18:15,161
01:18:16,161
01:18:17,160
01:18:18,161
01:18:19,161
01:18:20,164
01:18:21,161
01:18:22,161
01:18:23,158
01:18:24,160
01:18:25,160
01:18:26,160
01:18:27,156
01:18:28,156
01:18:29,163
01:18:30,163
01:18:31,163
01:18:32,164
01:18:33,162
01:18:34,162
01:18:35,162
01:18:36,164
01:18:37,164
01:18:38,162
01:18:39,163
01:18:40,163
01:18:41,160
01:18:42,163
01:18:43,163
01:18:44,163
01:18:45,162
01:18:46,162
01:18:47,162
01:18:48,162
01:18:49,162
01:18:50,162
01:18:51,160
01:18:52,163
01:18:53,163
01:18:54,165
01:18:55,163
01:18:56,163
01:18:57,164
01:18:58,160
01:18:59,160
01:19:00,162
01:19:01,161
01:19:02,161
01:19:03,161
01:19:04,161
01:19:05,161
01:19:06,163
01:19:07,163
01:19:08,163
01:19:09,162
01:19:10,163
01:19:11,163
01:19:12,163
01:19:13,159
01:19:14,159
01:19:15,161
01:19:16,158
01:19:17,158
01:19:18,160
01:19:19,161
01:19:20,161
01:19:21,161
01:19:22,161
01:19:23,160
01:19:24,160
01:19:25,163
01:19:26,164
01:19:27,164
01:19:29,165
01:19:30,163
01:19:31,163
01:19:32,162
01:19:33,161
01:19:34,161
01:19:35,163
01:19:36,159
01:19:37,159
01:19:38,162
01:19:39,160
01:19:40,160
01:19:41,162
01:19:42,160
01:19:43,160
01:19:44,162
01:19:45,159
01:19:46,159
01:19:47,163
01:19:48,162
01:19:49,162
01:19:50,163
01:19:51,162
01:19:52,162
01:19:53,162
01:19:54,162
01:19:55,162
01:19:56,162
01:19:57,159
01:19:58,159
01:19:59,163
01:20:00,165
01:20:01,165
01:20:02,161
01:20:03,161
01:20:04,161
01:20:05,162
01:20:06,162
01:20:07,162
01:20:08,162
01:20:09,162
01:20:10,162
01:20:11,162
01:20:12,165
01:20:13,161
01:20:14,161
01:20:15,162
01:20:16,162
01:20:17,162
01:20:18,161
01:20:19,163
01:20:20,163
01:20:21,162
01:20:22,162
01:20:23,162
01:20:24,161
01:20:25,163
01:20:26,163
01:20:27,160
01:20:28,161
01:20:29,161
01:20:30,162
01:20:31,160
01:20:32,160
01:20:33,162
01:20:34,162
01:20:35,162
01:20:36,161
01:20:37,161
01:20:38,161
01:20:39,161
01:20:40,163
01:20:41,163
01:20:42,161
01:20:43,160
01:20:44,160
01:20:45,164
01:20:46,162
01:20:47,162
01:20:48,162
01:20:49,162
01:20:50,162
01:20:51,162
01:20:52,162
01:20:53,162
01:20:54,162
01:20:55,161
01:20:56,161
01:20:57,160
01:20:59,161
01:21:00,160
01:21:01,160
01:21:02,160
01:21:03,161
01:21:04,161
01:21:05,163
01:21:06,164
01:21:07,164
01:21:08,162
01:21:09,162
01:21:10,162
01:21:11,161
01:21:12,161
01:21:13,161
01:21:14,161
01:21:15,162
01:21:16,162
01:21:17,162
01:21:18,162
01:21:19,162
01:21:20,164
01:21:21,163
01:21:22,163
01:21:23,163
01:21:24,162
01:21:25,162
01:21:26,164
01:21:27,162
01:21:28,162
01:21:29,159
01:21:30,159
01:21:31,159
01:21:32,163
01:21:33,162
01:21:34,162
01:21:35,159
01:21:36,161
01:21:37,161
01:21:38,162
01:21:39,164
01:21:40,164
01:21:41,163
01:21:42,161
01:21:43,161
01:21:44,160
01:21:45,165
01:21:46,162
01:21:47,162
01:21:48,161
01:21:49,164
01:21:50,164
01:21:51,164
01:21:52,163
01:21:53,163
01:21:54,162
01:21:55,161
01:21:56,161
01:21:57,163
01:21:58,163
01:21:59,163
01:22:00,157
01:22:01,162
01:22:02,162
01:22:03,159
01:22:04,161
01:22:05,161
01:22:06,162
01:22:07,160
01:22:08,160
01:22:09,162
01:22:10,161
01:22:11,161
01:22:12,162
01:22:13,164
01:22:14,164
01:22:15,163
01:22:16,162
01:22:17,162
01:22:18,163
01:22:19,162
01:22:20,162
01:22:21,162
01:22:22,162
01:22:23,162
01:22:24,162
01:22:25,161
01:22:26,161
01:22:27,163
01:22:29,163
01:22:30,163
01:22:31,160
01:22:32,162
01:22:33,161
01:22:34,161
01:22:35,162
01:22:36,164
01:22:37,164
01:22:38,160
01:22:39,163
01:22:40,163
01:22:41,163
01:22:42,160
01:22:43,160
01:22:44,162
01:22:45,163
01:22:46,163
01:22:47,163
01:22:48,162
01:22:49,162
01:22:50,162
01:22:51,161
01:22:52,161
01:22:53,160
01:22:54,163
01:22:55,163
01:22:56,161
01:22:57,163
01:22:58,163
01:22:59,166
01:23:00,163
01:23:01,163
01:23:02,163
01:23:03,163
01:23:04,163
01:23:05,161
01:23:06,163
01:23:07,163
01:23:08,161
01:23:09,160
01:23:10,160
01:23:11,162
01:23:12,160
01:23:13,160
01:23:14,160
01:23:15,159
01:23:16,159
01:23:17,160
01:23:18,159
01:23:19,159
01:23:20,159
01:23:21,162
01:23:22,163
01:23:23,163
01:23:24,162
01:23:25,160
01:23:26,160
01:23:27,157
01:23:28,162
01:23:29,162
01:23:30,160
01:23:31,164
01:23:32,164
01:23:33,161
01:23:34,164
01:23:35,164
01:23:36,162
01:23:37,162
01:23:38,162
01:23:39,162
01:23:40,163
01:23:41,163
01:23:42,161
01:23:43,162
01:23:44,162
01:23:45,159
01:23:46,162
01:23:47,162
01:23:48,162
01:23:49,160
01:23:50,160
01:23:51,163
01:23:53,164
01:23:54,164
01:23:55,161
01:23:56,162
01:23:57,162
01:23:58,159
01:23:59,165
01:24:00,162
01:24:01,162
01:24:02,162
01:24:03,163
01:24:04,163
01:24:05,162
01:24:06,163
01:24:07,163
01:24:08,163
01:24:09,164
01:24:10,164
01:24:11,163
01:24:12,162
01:24:13,162
01:24:14,163
01:24:15,160
01:24:16,160
01:24:17,160
01:24:18,162
01:24:19,162
01:24:20,161
01:24:21,160
01:24:22,160
01:24:23,162
01:24:24,160
01:24:25,160
01:24:26,162
01:24:27,162
01:24:28,162
01:24:29,161
01:24:30,161
01:24:31,161
01:24:32,162
01:24:33,161
01:24:34,161
01:24:35,161
01:24:36,162
01:24:37,162
01:24:38,163
01:24:39,162
01:24:40,162
01:24:41,164
01:24:42,162
01:24:43,162
01:24:44,163
01:24:45,159
01:24:46,162
01:24:47,162
01:24:48,163
01:24:49,162
01:24:50,162
01:24:51,163
01:24:52,161
01:24:53,161
01:24:54,160
01:24:55,164
01:24:56,164
01:24:57,162
01:24:58,163
01:24:59,163
01:25:00,164
01:25:01,163
01:25:02,163
01:25:03,162
01:25:04,162
01:25:05,162
01:25:06,161
01:25:07,162
01:25:08,162
01:25:09,162
01:25:10,163
01:25:11,163
01:25:12,164
01:25:13,161
01:25:14,161
01:25:15,160
01:25:16,163
01:25:17,163
01:25:18,162
01:25:19,160
01:25:20,160
01:25:21,160
01:25:23,164
01:25:24,164
01:25:25,163
01:25:26,163
01:25:27,163
01:25:28,163
01:25:29,162
01:25:30,162
01:25:31,162
01:25:32,161
01:25:33,161
01:25:34,161
01:25:35,159
01:25:36,162
01:25:37,162
01:25:38,162
01:25:39,161
01:25:40,161
01:25:41,160
01:25:42,165
01:25:43,165
01:25:44,161
01:25:45,160
01:25:46,160
01:25:47,161
01:25:48,163
01:25:49,163
01:25:50,164
01:25:51,163
01:25:52,163
01:25:53,161
01:25:54,159
01:25:55,159
01:25:56,161
01:25:57,162
01:25:58,162
01:25:59,162
01:26:00,160
01:26:01,160
01:26:02,161
01:26:03,161
01:26:04,161
01:26:05,160
01:26:06,162
01:26:07,162
01:26:08,163
01:26:09,163
01:26:10,163
01:26:11,163
01:26:12,163
01:26:13,163
01:26:14,162
01:26:15,162
01:26:16,162
01:26:17,163
01:26:18,164
01:26:19,164
01:26:20,164
01:26:21,163
01:26:22,163
01:26:23,163
01:26:24,163
01:26:25,163
01:26:26,163
01:26:27,161
01:26:28,164
01:26:29,164
01:26:30,163
01:26:31,162
01:26:32,162
01:26:33,162
01:26:34,162
01:26:35,162
01:26:36,164
01:26:37,163
01:26:38,163
01:26:39,162
01:26:40,162
01:26:41,162
01:26:42,163
01:26:43,162
01:26:44,162
01:26:45,162
01:26:46,162
01:26:47,162
01:26:48,161
01:26:49,161
01:26:50,161
01:26:52,161
01:26:53,162
01:26:54,162
01:26:55,161
01:26:56,159
01:26:57,159
01:26:58,161
01:26:59,161
01:27:00,161
01:27:01,162
01:27:02,160
01:27:03,160
01:27:04,162
01:27:05,163
01:27:06,163
01:27:07,162
01:27:08,162
01:27:09,161
01:27:10,161
01:27:11,165
01:27:12,162
01:27:13,162
01:27:14,162
01:27:15,163
01:27:16,163
01:27:17,163
01:27:18,163
01:27:19,163
01:27:20,162
01:27:21,158
01:27:22,158
01:27:23,161
01:27:24,161
01:27:25,161
01:27:26,162
01:27:27,161
01:27:28,161
01:27:29,161
01:27:30,161
01:27:31,161
01:27:32,161
01:27:33,162
01:27:34,162
01:27:35,162
01:27:36,161
01:27:37,161
01:27:38,161
01:27:39,162
01:27:40,162
01:27:41,163
01:27:42,162
01:27:43,162
01:27:44,160
01:27:45,163
01:27:46,163
01:27:47,161
01:27:48,160
01:27:49,160
01:27:50,162
01:27:51,163
01:27:52,160
01:27:53,160
01:27:54,161
01:27:55,161
01:27:56,161
01:27:57,160
01:27:58,162
01:27:59,162
01:28:00,162
01:28:01,162
01:28:02,162
01:28:03,164
01:28:04,162
01:28:05,162
01:28:06,162
01:28:07,160
01:28:08,160
01:28:09,161
01:28:10,163
01:28:11,163
01:28:12,161
01:28:13,159
01:28:14,159
01:28:15,163
01:28:16,161
01:28:17,161
01:28:18,161
01:28:20,161
01:28:21,161
01:28:22,160
01:28:23,163
01:28:24,163
01:28:25,160
01:28:26,161
01:28:27,161
01:28:28,157
01:28:29,161
01:28:30,161
01:28:31,161
01:28:32,162
01:28:33,162
01:28:34,160
01:28:35,161
01:28:36,161
01:28:37,162
01:28:38,162
01:28:39,162
01:28:40,161
01:28:41,161
01:28:42,164
01:28:43,164
01:28:44,165
01:28:45,162
01:28:46,162
01:28:47,160
01:28:48,160
01:28:49,160
01:28:50,162
01:28:51,162
01:28:52,162
01:28:53,164
01:28:54,161
01:28:55,161
01:28:56,161
01:28:57,161
01:28:58,161
01:28:59,162
01:29:00,160
01:29:01,160
01:29:02,162
01:29:03,163
01:29:04,163
01:29:05,161
01:29:06,162
01:29:07,162
01:29:08,163
01:29:09,161
01:29:10,161
01:29:11,161
01:29:12,159
01:29:13,159
01:29:14,163
01:29:15,160
01:29:16,160
01:29:17,160
01:29:18,160
01:29:19,160
01:29:20,160
01:29:21,162
01:29:22,161
01:29:23,161
01:29:24,161
01:29:25,161
01:29:26,161
01:29:27,162
01:29:28,163
01:29:29,163
01:29:30,163
01:29:31,163
01:29:32,163
01:29:33,162
01:29:34,163
01:29:35,163
01:29:36,160
01:29:37,164
01:29:38,164
01:29:39,160
01:29:40,162
01:29:41,162
01:29:42,164
01:29:44,162
01:29:45,162
01:29:46,156
01:29:47,160
01:29:48,160
01:29:49,163
01:29:50,164
01:29:51,164
01:29:52,162
01:29:53,162
01:29:54,162
01:29:55,162
01:29:56,162
01:29:57,162
01:29:58,162
01:29:59,160
01:30:00,160
01:30:01,160
01:30:02,162
01:30:03,162
01:30:04,162
01:30:05,160
01:30:06,160
01:30:07,162
01:30:08,162
01:30:09,161
01:30:10,161
01:30:11,159
01:30:12,163
01:30:13,163
01:30:14,160
01:30:15,163
01:30:16,163
01:30:17,162
01:30:18,159
01:30:19,159
01:30:20,161
01:30:21,164
01:30:22,164
01:30:23,161
01:30:24,161
01:30:25,161
01:30:26,162
01:30:27,162
01:30:28,162
01:30:29,164
01:30:30,163
01:30:31,163
01:30:32,161
01:30:33,161
01:30:34,161
01:30:35,162
01:30:36,163
01:30:37,163
01:30:38,163
01:30:39,161
01:30:40,161
01:30:41,161
01:30:42,161
01:30:43,161
01:30:44,160
01:30:45,160
01:30:46,160
01:30:47,162
01:30:48,161
01:30:49,161
01:30:50,162
01:30:51,159
01:30:52,159
01:30:53,158
01:30:54,160
01:30:55,161
01:30:56,161
01:30:57,163
01:30:58,160
01:30:59,160
01:31:00,162
01:31:01,161
01:31:02,161
01:31:03,162
01:31:04,162
01:31:05,162
01:31:06,162
01:31:07,156
01:31:08,156
01:31:09,160
01:31:10,164
01:31:11,164
01:31:12,161
01:31:13,164
01:31:15,164
01:31:16,163
01:31:17,162
01:31:18,162
01:31:19,161
01:31:20,160
01:31:21,160
01:31:22,163
01:31:23,160
01:31:24,160
01:31:25,161
01:31:26,160
01:31:27,160
01:31:28,159
01:31:29,161
01:31:30,161
01:31:31,162
01:31:32,162
01:31:33,162
01:31:34,164
01:31:35,162
01:31:36,162
01:31:37,161
01:31:38,162
01:31:39,162
01:31:40,161
01:31:41,161
01:31:42,161
01:31:43,162
01:31:44,164
01:31:45,163
01:31:46,163
01:31:47,163
01:31:48,160
01:31:49,160
01:31:50,162
01:31:51,162
01:31:52,162
01:31:53,161
01:31:54,163
01:31:55,163
01:31:56,163
01:31:57,161
01:31:58,161
01:31:59,161
01:32:00,161
01:32:01,161
01:32:02,161
01:32:03,162
01:32:04,162
01:32:05,163
01:32:06,161
01:32:07,161
01:32:08,161
01:32:09,163
01:32:10,163
01:32:11,159
01:32:12,163
01:32:13,163
01:32:14,160
01:32:15,163
01:32:16,163
01:32:17,162
01:32:18,161
01:32:19,161
01:32:20,160
01:32:21,162
01:32:22,162
01:32:23,160
01:32:24,164
01:32:25,164
01:32:26,162
01:32:27,162
01:32:28,162
01:32:29,162
01:32:30,163
01:32:31,163
01:32:32,163
01:32:33,165
01:32:34,164
01:32:35,164
01:32:36,160
01:32:37,161
01:32:38,161
01:32:39,160
01:32:40,160
01:32:41,160
01:32:42,163
01:32:43,165
01:32:45,165
01:32:46,164
01:32:47,163
01:32:48,163
01:32:49,163
01:32:50,161
01:32:51,161
01:32:52,162
01:32:53,163
01:32:54,163
01:32:55,161
01:32:56,166
01:32:57,166
01:32:58,161
01:32:59,163
01:33:00,163
01:33:01,160
01:33:02,162
01:33:03,162
01:33:04,163
01:33:05,163
01:33:06,163
01:33:07,163
01:33:08,162
01:33:09,162
01:33:10,162
01:33:11,162
01:33:12,162
01:33:13,160
01:33:14,163
01:33:15,163
01:33:16,163
01:33:17,162
01:33:18,162
01:33:19,162
01:33:20,161
01:33:21,161
01:33:22,161
01:33:23,160
01:33:24,162
01:33:25,162
01:33:26,161
01:33:27,162
01:33:28,162
01:33:29,161
01:33:30,159
01:33:31,159
01:33:32,161
01:33:33,160
01:33:34,160
01:33:35,164
01:33:36,162
01:33:37,162
01:33:38,162
01:33:39,161
01:33:40,161
01:33:41,162
01:33:42,163
01:33:43,163
01:33:44,162
01:33:45,161
01:33:46,161
01:33:47,160
01:33:48,162
01:33:49,162
01:33:50,162
01:33:51,162
01:33:52,160
01:33:53,160
01:33:54,163
01:33:55,163
01:33:56,163
01:33:57,163
01:33:58,161
01:33:59,161
01:34:00,161
01:34:01,162
01:34:03,162
01:34:04,161
01:34:05,162
01:34:06,162
01:34:07,160
01:34:08,163
01:34:09,163
01:34:10,162
01:34:11,161
01:34:12,161
01:34:13,161
01:34:14,162
01:34:15,162
01:34:16,163
01:34:17,160
01:34:18,160
01:34:19,156
01:34:20,160
01:34:21,160
01:34:22,160
01:34:23,162
01:34:24,162
01:34:25,162
01:34:26,163
01:34:27,163
01:34:28,161
01:34:29,162
01:34:30,162
01:34:31,163
01:34:32,161
01:34:33,161
01:34:34,160
01:34:35,162
01:34:36,162
01:34:37,163
01:34:38,162
01:34:39,163
01:34:40,163
01:34:41,159
01:34:42,162
01:34:43,162
01:34:44,160
01:34:45,153
01:34:46,153
01:34:47,163
01:34:48,163
01:34:49,163
01:34:50,161
01:34:51,161
01:34:52,161
01:34:53,160
01:34:54,161
01:34:55,161
01:34:56,161
01:34:57,161
01:34:58,161
01:34:59,158
01:35:00,160
01:35:01,160
01:35:02,162
01:35:03,161
01:35:04,161
01:35:05,161
01:35:06,163
01:35:07,163
01:35:08,161
01:35:09,163
01:35:10,163
01:35:11,163
01:35:12,160
01:35:13,160
01:35:14,162
01:35:15,162
01:35:16,162
01:35:17,161
01:35:18,162
01:35:19,162
01:35:20,162
01:35:21,162
01:35:22,162
01:35:23,162
01:35:24,161
01:35:25,161
01:35:26,161
01:35:27,161
01:35:28,161
01:35:29,161
01:35:30,161
01:35:31,158
01:35:32,158
01:35:34,160
01:35:35,162
01:35:36,162
01:35:37,161
01:35:38,159
01:35:39,159
01:35:40,161
01:35:41,162
01:35:42,162
01:35:43,162
01:35:44,161
01:35:45,161
01:35:46,160
01:35:47,161
01:35:48,161
01:35:49,160
01:35:50,162
01:35:51,162
01:35:52,162
01:35:53,157
01:35:54,157
01:35:55,163
01:35:56,163
01:35:57,163
01:35:58,162
01:35:59,163
01:36:00,163
01:36:01,162
01:36:02,163
01:36:03,163
01:36:04,162
01:36:05,163
01:36:06,163
01:36:07,160
01:36:08,162
01:36:09,162
01:36:10,163
01:36:11,161
01:36:12,161
01:36:13,160
01:36:14,163
01:36:15,162
01:36:16,162
01:36:17,162
01:36:18,162
01:36:19,162
01:36:20,162
01:36:21,162
01:36:22,162
01:36:23,163
01:36:24,161
01:36:25,161
01:36:26,161
01:36:27,163
01:36:28,163
01:36:29,162
01:36:30,163
01:36:31,163
01:36:32,160
01:36:33,160
01:36:34,160
01:36:35,163
01:36:36,161
01:36:37,161
01:36:38,162
01:36:39,161
01:36:40,161
01:36:41,161
01:36:42,162
01:36:43,162
01:36:44,162
01:36:45,160
01:36:46,160
01:36:47,161
01:36:48,163
01:36:49,163
01:36:50,160
01:36:51,162
01:36:52,162
01:36:53,160
01:36:54,161
01:36:55,161
01:36:56,163
01:36:57,161
01:36:58,161
01:36:59,162
01:37:00,162
01:37:01,161
01:37:02,161
01:37:03,162
01:37:05,157
01:37:06,157
01:37:07,161
01:37:08,163
01:37:09,163
01:37:10,162
01:37:11,162
01:37:12,162
01:37:13,162
01:37:14,164
01:37:15,164
01:37:16,163
01:37:17,161
01:37:18,161
01:37:19,160
01:37:20,161
01:37:21,161
01:37:22,163
01:37:23,164
01:37:24,164
01:37:25,162
01:37:26,164
01:37:27,164
01:37:28,164
01:37:29,163
01:37:30,163
01:37:31,162
01:37:32,163
01:37:33,163
01:37:34,161
01:37:35,161
01:37:36,161
01:37:37,163
01:37:38,162
01:37:39,162
01:37:40,161
01:37:41,164
01:37:42,164
01:37:43,161
01:37:44,160
01:37:45,160
01:37:46,161
01:37:47,161
01:37:48,160
01:37:49,160
01:37:50,160
01:37:51,161
01:37:52,161
01:37:53,164
01:37:54,162
01:37:55,162
01:37:56,164
01:37:57,161
01:37:58,161
01:37:59,162
01:38:00,162
01:38:01,162
01:38:02,161
01:38:03,162
01:38:04,162
01:38:05,161
01:38:06,160
01:38:07,160
01:38:08,161
01:38:09,162
01:38:10,162
01:38:11,160
01:38:12,162
01:38:13,162
01:38:14,162
01:38:15,163
01:38:16,163
01:38:17,161
01:38:18,163
01:38:19,163
01:38:20,161
01:38:21,160
01:38:22,160
01:38:23,158
01:38:24,162
01:38:25,162
01:38:26,165
01:38:27,163
01:38:28,163
01:38:29,163
01:38:30,162
01:38:31,162
01:38:32,162
01:38:33,162
01:38:35,163
01:38:36,163
01:38:37,163
01:38:38,160
01:38:39,160
01:38:40,163
01:38:41,161
01:38:42,161
01:38:43,163
01:38:44,161
01:38:45,161
01:38:46,164
01:38:47,162
01:38:48,162
01:38:49,161
01:38:50,162
01:38:51,162
01:38:52,161
01:38:53,161
01:38:54,161
01:38:55,162
01:38:56,162
01:38:57,162
01:38:58,161
01:38:59,162
01:39:00,162
01:39:01,160
01:39:02,161
01:39:03,161
01:39:04,161
01:39:05,163
01:39:06,163
01:39:07,162
01:39:08,162
01:39:09,162
01:39:10,162
01:39:11,160
01:39:12,160
01:39:13,161
01:39:14,162
01:39:15,162
01:39:16,162
01:39:17,162
01:39:18,164
01:39:19,164
01:39:20,161
01:39:21,159
01:39:22,159
01:39:23,163
01:39:24,161
01:39:25,161
01:39:26,160
01:39:27,161
01:39:28,161
01:39:29,161
01:39:30,164
01:39:31,164
01:39:32,163
01:39:33,162
01:39:34,162
01:39:35,164
01:39:36,162
01:39:37,162
01:39:38,163
01:39:39,163
01:39:40,163
01:39:41,163
01:39:42,163
01:39:43,163
01:39:44,164
01:39:45,162
01:39:46,162
01:39:47,162
01:39:48,163
01:39:49,163
01:39:50,164
01:39:51,164
01:39:52,164
01:39:53,165
01:39:54,160
01:39:55,160
01:39:56,162
01:39:58,159
01:39:59,159
01:40:00,162
01:40:01,162
01:40:02,163
01:40:03,163
01:40:04,163
01:40:05,163
01:40:06,163
01:40:07,164
01:40:08,161
01:40:09,161
01:40:10,161
01:40:11,162
01:40:12,162
01:40:13,163
01:40:14,163
01:40:15,163
01:40:16,163
01:40:17,162
01:40:18,162
01:40:19,162
01:40:20,163
01:40:21,163
01:40:22,163
01:40:23,163
01:40:24,163
01:40:25,162
01:40:26,162
01:40:27,162
01:40:28,162
01:40:29,165
01:40:30,165
01:40:31,162
01:40:32,161
01:40:33,161
01:40:34,163
01:40:35,162
01:40:36,162
01:40:37,154
01:40:38,162
01:40:39,162
01:40:40,163
01:40:41,163
01:40:42,163
01:40:43,163
01:40:44,162
01:40:45,162
01:40:46,163
01:40:47,164
01:40:48,164
01:40:49,164
01:40:50,160
01:40:51,164
01:40:52,164
01:40:53,162
01:40:54,162
01:40:55,162
01:40:56,161
01:40:57,162
01:40:58,162
01:40:59,164
01:41:00,163
01:41:01,163
01:41:02,163
01:41:03,162
01:41:04,162
01:41:05,161
01:41:06,160
01:41:07,160
01:41:08,161
01:41:09,163
01:41:10,163
01:41:11,161
01:41:12,161
01:41:13,161
01:41:14,163
01:41:15,163
01:41:16,163
01:41:17,160
01:41:18,162
01:41:19,162
01:41:20,162
01:41:21,160
01:41:22,160
01:41:23,162
01:41:24,161
01:41:25,161
01:41:26,161
01:41:27,162
01:41:29,162
01:41:30,159
01:41:31,163
01:41:32,163
01:41:33,163
01:41:34,162
01:41:35,162
01:41:36,162
01:41:37,160
01:41:38,159
01:41:39,159
01:41:40,162
01:41:41,161
01:41:42,161
01:41:43,162
01:41:44,160
01:41:45,160
01:41:46,161
01:41:47,161
01:41:48,161
01:41:49,161
01:41:50,159
01:41:51,159
01:41:52,162
01:41:53,158
01:41:54,158
01:41:55,162
01:41:56,164
01:41:57,164
01:41:58,163
01:41:59,162
01:42:00,162
01:42:01,163
01:42:02,163
01:42:03,163
01:42:04,162
01:42:05,164
01:42:06,164
01:42:07,162
01:42:08,162
01:42:09,162
01:42:10,164
01:42:11,163
01:42:12,163
01:42:13,163
01:42:14,162
01:42:15,162
01:42:16,162
01:42:17,163
01:42:18,163
01:42:19,164
01:42:20,164
01:42:21,164
01:42:22,161
01:42:23,161
01:42:24,162
01:42:25,162
01:42:26,163
01:42:27,163
01:42:28,163
01:42:29,162
01:42:30,161
01:42:31,161
01:42:32,163
01:42:33,161
01:42:34,161
01:42:35,163
01:42:36,161
01:42:37,161
01:42:38,161
01:42:39,161
01:42:40,161
01:42:41,164
01:42:42,162
01:42:43,162
01:42:44,164
01:42:45,163
01:42:46,163
01:42:47,163
01:42:48,163
01:42:49,163
01:42:50,164
01:42:51,161
01:42:52,161
01:42:53,161
01:42:54,161
01:42:55,161
01:42:56,161
01:42:57,161
01:42:59,161
01:43:00,161
01:43:01,155
01:43:02,155
01:43:03,163
01:43:04,162
01:43:05,162
01:43:06,163
01:43:07,162
01:43:08,162
01:43:09,162
01:43:10,159
01:43:11,162
01:43:12,162
01:43:13,165
01:43:14,162
01:43:15,162
01:43:16,162
01:43:17,162
01:43:18,162
01:43:19,161
01:43:20,161
01:43:21,161
01:43:22,162
01:43:23,162
01:43:24,162
01:43:25,163
01:43:26,161
01:43:27,161
01:43:28,162
01:43:29,163
01:43:30,163
01:43:31,162
01:43:32,162
01:43:33,162
01:43:34,163
01:43:35,162
01:43:36,162
01:43:37,162
01:43:38,162
01:43:39,162
01:43:40,161
01:43:41,160
01:43:42,160
01:43:43,159
01:43:44,161
01:43:45,161
01:43:46,162
01:43:47,163
01:43:48,163
01:43:49,163
01:43:50,159
01:43:51,163
01:43:52,163
01:43:53,161
01:43:54,162
01:43:55,162
01:43:56,159
01:43:57,161
01:43:58,161
01:43:59,163
01:44:00,162
01:44:01,162
01:44:02,161
01:44:03,158
01:44:04,158
01:44:05,163
01:44:06,163
01:44:07,163
01:44:08,163
01:44:09,163
01:44:10,163
01:44:11,163
01:44:12,161
01:44:13,161
01:44:14,161
01:44:15,164
01:44:16,164
01:44:18,158
01:44:19,162
01:44:20,162
01:44:21,163
01:44:22,163
01:44:23,163
01:44:24,163
01:44:25,162
01:44:26,162
01:44:27,161
01:44:28,163
01:44:29,163
01:44:30,161
01:44:31,164
01:44:32,164
01:44:33,163
01:44:34,164
01:44:35,162
01:44:36,162
01:44:37,164
01:44:38,158
01:44:39,158
01:44:40,162
01:44:41,165
01:44:42,165
01:44:43,161
01:44:44,162
01:44:45,162
01:44:46,163
01:44:47,165
01:44:48,165
01:44:49,161
01:44:50,160
01:44:51,160
01:44:52,162
01:44:53,161
01:44:54,161
01:44:55,164
01:44:56,165
01:44:57,165
01:44:58,162
01:44:59,163
01:45:00,163
01:45:01,162
01:45:02,163
01:45:03,163
01:45:04,162
01:45:05,161
01:45:06,161
01:45:07,162
01:45:08,162
01:45:09,162
01:45:10,161
01:45:11,160
01:45:12,160
01:45:13,163
01:45:14,158
01:45:15,158
01:45:16,160
01:45:17,162
01:45:18,162
01:45:19,164
01:45:20,160
01:45:21,162
01:45:22,162
01:45:23,162
01:45:24,160
01:45:25,160
01:45:26,156
01:45:27,163
01:45:28,163
01:45:29,160
01:45:30,161
01:45:31,161
01:45:32,163
01:45:33,161
01:45:34,161
01:45:35,161
01:45:36,162
01:45:37,162
01:45:38,161
01:45:39,160
01:45:40,160
01:45:41,163
01:45:42,160
01:45:43,160
01:45:44,161
01:45:45,161
01:45:46,161
01:45:47,165
01:45:49,161
01:45:50,161
01:45:51,160
01:45:52,161
01:45:53,161
01:45:54,164
01:45:55,164
01:45:56,164
01:45:57,163
01:45:58,162
01:45:59,162
01:46:00,163
01:46:01,165
01:46:02,165
01:46:03,160
01:46:04,162
01:46:05,162
01:46:06,163
01:46:07,164
01:46:08,164
01:46:09,164
01:46:10,163
01:46:11,161
01:46:12,161
01:46:13,161
01:46:14,160
01:46:15,160
01:46:16,162
01:46:17,162
01:46:18,162
01:46:19,160
01:46:20,161
01:46:21,161
01:46:22,158
01:46:23,162
01:46:24,162
01:46:25,161
01:46:26,161
01:46:27,161
01:46:28,162
01:46:29,159
01:46:30,159
01:46:31,160
01:46:32,162
01:46:33,162
01:46:34,159
01:46:35,155
01:46:36,155
01:46:37,161
01:46:38,164
01:46:39,164
01:46:40,160
01:46:41,164
01:46:42,164
01:46:43,161
01:46:44,161
01:46:45,161
01:46:46,162
01:46:47,160
01:46:48,160
01:46:49,162
01:46:50,161
01:46:51,161
01:46:52,162
01:46:53,163
01:46:54,161
01:46:55,161
01:46:56,161
01:46:57,163
01:46:58,163
01:46:59,159
01:47:00,162
01:47:01,162
01:47:02,160
01:47:03,161
01:47:04,161
01:47:05,159
01:47:06,160
01:47:07,160
01:47:08,162
01:47:09,158
01:47:10,158
01:47:11,164
01:47:12,163
01:47:13,163
01:47:14,158
01:47:15,161
01:47:17,161
01:47:18,164
01:47:19,164
01:47:20,164
01:47:21,163
01:47:22,161
01:47:23,161
01:47:24,161
01:47:25,161
01:47:26,161
01:47:27,162
01:47:28,157
01:47:29,157
01:47:30,162
01:47:31,161
01:47:32,161
01:47:33,164
01:47:34,163
01:47:35,163
01:47:36,160
01:47:37,163
01:47:38,163
01:47:39,162
01:47:40,162
01:47:41,161
01:47:42,161
01:47:43,160
01:47:44,161
01:47:45,161
01:47:46,159
01:47:47,162
01:47:48,162
01:47:49,159
01:47:50,162
01:47:51,162
01:47:52,162
01:47:53,164
01:47:54,164
01:47:55,166
01:47:56,164
01:47:57,164
01:47:58,163
01:47:59,164
01:48:00,164
01:48:01,163
01:48:02,160
01:48:03,160
01:48:04,163
01:48:05,164
01:48:06,164
01:48:07,164
01:48:08,162
01:48:09,162
01:48:10,164
01:48:11,162
01:48:12,162
01:48:13,164
01:48:14,161
01:48:15,161
01:48:16,160
01:48:17,162
01:48:18,162
01:48:19,163
01:48:20,163
01:48:21,163
01:48:22,164
01:48:23,161
01:48:24,161
01:48:25,165
01:48:26,164
01:48:27,164
01:48:28,164
01:48:29,162
01:48:30,164
01:48:31,164
01:48:32,163
01:48:33,163
01:48:34,163
01:48:35,161
01:48:36,161
01:48:37,161
01:48:38,163
01:48:39,160
01:48:40,160
01:48:41,162
01:48:42,163
01:48:43,163
01:48:45,161
01:48:46,161
01:48:47,161
01:48:48,161
01:48:49,161
01:48:50,161
01:48:51,161
01:48:52,160
01:48:53,160
01:48:54,162
01:48:55,162
01:48:56,162
01:48:57,162
01:48:58,158
01:48:59,158
01:49:00,162
01:49:01,162
01:49:02,162
01:49:03,161
01:49:04,163
01:49:05,163
01:49:06,163
01:49:07,162
01:49:08,163
01:49:09,163
01:49:10,161
01:49:11,162
01:49:12,162
01:49:13,162
01:49:14,162
01:49:15,162
01:49:16,161
01:49:17,159
01:49:18,159
01:49:19,162
01:49:20,162
01:49:21,162
01:49:22,161
01:49:23,162
01:49:24,162
01:49:25,162
01:49:26,161
01:49:27,161
01:49:28,163
01:49:29,161
01:49:30,161
01:49:31,162
01:49:32,161
01:49:33,161
01:49:34,164
01:49:35,162
01:49:36,162
01:49:37,164
01:49:38,159
01:49:39,159
01:49:40,161
01:49:41,162
01:49:42,162
01:49:43,164
01:49:44,160
01:49:45,160
01:49:46,161
01:49:47,163
01:49:48,163
01:49:49,162
01:49:50,161
01:49:51,159
01:49:52,159
01:49:53,163
01:49:54,161
01:49:55,161
01:49:56,160
01:49:57,163
01:49:58,163
01:49:59,161
01:50:00,161
01:50:01,161
01:50:02,160
01:50:03,160
01:50:04,160
01:50:05,159
01:50:06,163
01:50:07,163
01:50:09,164
01:50:10,162
01:50:11,162
01:50:12,161
01:50:13,159
01:50:14,159
01:50:15,163
01:50:16,163
01:50:17,163
01:50:18,164
01:50:19,165
01:50:20,165
01:50:21,157
01:50:22,161
01:50:23,161
01:50:24,162
01:50:25,160
01:50:26,160
01:50:27,162
01:50:28,162
01:50:29,162
01:50:30,160
01:50:31,162
01:50:32,162
01:50:33,163
01:50:34,164
01:50:35,164
01:50:36,163
01:50:37,160
01:50:38,160
01:50:39,162
01:50:40,164
01:50:41,162
01:50:42,162
01:50:43,162
01:50:44,164
01:50:45,164
01:50:46,161
01:50:47,162
01:50:48,162
01:50:49,162
01:50:50,161
01:50:51,161
01:50:52,163
01:50:53,163
01:50:54,163
01:50:55,161
01:50:56,162
01:50:57,162
01:50:58,163
01:50:59,163
01:51:00,163
01:51:01,162
01:51:02,161
01:51:03,161
01:51:04,163
01:51:05,160
01:51:06,160
01:51:07,162
01:51:08,160
01:51:09,160
01:51:10,163
01:51:11,161
01:51:12,161
01:51:13,163
01:51:14,161
01:51:15,161
01:51:16,159
01:51:17,163
01:51:18,163
01:51:19,160
01:51:20,162
01:51:21,162
01:51:22,160
01:51:23,163
01:51:24,163
01:51:25,162
01:51:26,154
01:51:27,162
01:51:28,162
01:51:29,164
01:51:30,162
01:51:31,162
01:51:32,164
01:51:33,163
01:51:34,163
01:51:35,163
01:51:36,162
01:51:37,162
01:51:39,163
01:51:40,161
01:51:41,161
01:51:42,163
01:51:43,162
01:51:44,162
01:51:45,164
01:51:46,165
01:51:47,165
01:51:48,162
01:51:49,161
01:51:50,161
01:51:51,162
01:51:52,162
01:51:53,162
01:51:54,163
01:51:55,162
01:51:56,162
01:51:57,161
01:51:58,162
01:51:59,162
01:52:00,161
01:52:01,164
01:52:02,164
01:52:03,163
01:52:04,163
01:52:05,163
01:52:06,162
01:52:07,160
01:52:08,160
01:52:09,164
01:52:10,161
01:52:11,161
01:52:12,163
01:52:13,161
01:52:14,162
01:52:15,162
01:52:16,160
01:52:17,157
01:52:18,157
01:52:19,162
01:52:20,160
01:52:21,160
01:52:22,160
01:52:23,163
01:52:24,163
01:52:25,160
01:52:26,162
01:52:27,162
01:52:28,160
01:52:29,162
01:52:30,162
01:52:31,160
01:52:32,160
01:52:33,160
01:52:34,161
01:52:35,161
01:52:36,161
01:52:37,161
01:52:38,160
01:52:39,160
01:52:40,162
01:52:41,162
01:52:42,162
01:52:43,158
01:52:44,162
01:52:45,162
01:52:46,162
01:52:47,161
01:52:48,161
01:52:49,164
01:52:50,164
01:52:51,164
01:52:52,163
01:52:53,164
01:52:54,164
01:52:55,163
01:52:56,163
01:52:57,163
01:52:58,162
01:52:59,164
01:53:00,163
01:53:01,163
01:53:02,162
01:53:03,159
01:53:04,159
01:53:05,159
01:53:06,162
01:53:07,162
01:53:09,161
01:53:10,161
01:53:11,161
01:53:12,161
01:53:13,161
01:53:14,161
01:53:15,161
01:53:16,161
01:53:17,161
01:53:18,160
01:53:19,164
01:53:20,164
01:53:21,160
01:53:22,161
01:53:23,161
01:53:24,161
01:53:25,162
01:53:26,162
01:53:27,162
01:53:28,163
01:53:29,163
01:53:30,163
01:53:31,164
01:53:32,164
01:53:33,163
01:53:34,163
01:53:35,163
01:53:36,161
01:53:37,161
01:53:38,161
01:53:39,162
01:53:40,163
01:53:41,163
01:53:42,161
01:53:43,162
01:53:44,162
01:53:45,160
01:53:46,162
01:53:47,163
01:53:48,163
01:53:49,161
01:53:50,163
01:53:51,163
01:53:52,161
01:53:53,161
01:53:54,161
01:53:55,163
01:53:56,151
01:53:57,151
01:53:58,163
01:53:59,162
01:54:00,162
01:54:01,163
01:54:02,163
01:54:03,163
01:54:04,161
01:54:05,164
01:54:06,164
01:54:07,164
01:54:08,162
01:54:09,162
01:54:10,164
01:54:11,162
01:54:12,162
01:54:13,161
01:54:14,163
01:54:15,163
01:54:16,161
01:54:17,163
01:54:18,163
01:54:19,165
01:54:20,163
01:54:21,163
01:54:22,160
01:54:23,160
01:54:24,163
01:54:25,163
01:54:26,160
01:54:27,161
01:54:29,161
01:54:30,163
01:54:31,164
01:54:32,164
01:54:33,161
01:54:34,161
01:54:35,161
01:54:36,159
01:54:37,161
01:54:38,161
01:54:39,162
01:54:40,162
01:54:41,162
01:54:42,161
01:54:43,162
01:54:44,162
01:54:45,161
01:54:46,162
01:54:47,162
01:54:48,163
01:54:49,163
01:54:50,163
01:54:51,162
01:54:52,163
01:54:53,163
01:54:54,161
01:54:55,162
01:54:56,162
01:54:57,162
01:54:58,163
01:54:59,163
01:55:00,162
01:55:01,162
01:55:02,162
01:55:03,163
01:55:04,163
01:55:05,163
01:55:06,162
01:55:07,162
01:55:08,162
01:55:09,162
01:55:10,158
01:55:11,156
01:55:12,156
01:55:13,161
01:55:14,162
01:55:15,162
01:55:16,161
01:55:17,162
01:55:18,162
01:55:19,162
01:55:20,163
01:55:21,163
01:55:22,163
01:55:23,162
01:55:24,162
01:55:25,163
01:55:26,162
01:55:27,162
01:55:28,161
01:55:29,163
01:55:30,163
01:55:31,165
01:55:32,162
01:55:33,162
01:55:34,163
01:55:35,163
01:55:36,163
01:55:37,163
01:55:38,162
01:55:39,162
01:55:40,162
01:55:41,162
01:55:42,162
01:55:43,160
01:55:44,162
01:55:45,162
01:55:46,163
01:55:47,161
01:55:48,161
01:55:49,162
01:55:50,163
01:55:51,163
01:55:52,165
01:55:53,162
01:55:54,162
01:55:55,161
01:55:56,161
01:55:57,161
01:55:58,160
01:56:00,163
01:56:01,162
01:56:02,162
01:56:03,161
01:56:04,161
01:56:05,161
01:56:06,162
01:56:07,161
01:56:08,161
01:56:09,161
01:56:10,160
01:56:11,160
01:56:12,163
01:56:13,161
01:56:14,161
01:56:15,161
01:56:16,161
01:56:17,161
01:56:18,162
01:56:19,163
01:56:20,163
01:56:21,162
01:56:22,162
01:56:23,162
01:56:24,161
01:56:25,160
01:56:26,160
01:56:27,163
01:56:28,160
01:56:29,160
01:56:30,161
01:56:31,160
01:56:32,160
01:56:33,165
01:56:34,161
01:56:35,161
01:56:36,161
01:56:37,162
01:56:38,162
01:56:39,163
01:56:40,161
01:56:41,161
01:56:42,160
01:56:43,162
01:56:44,162
01:56:45,162
01:56:46,162
01:56:47,162
01:56:48,162
01:56:49,162
01:56:50,163
01:56:51,163
01:56:52,163
01:56:53,162
01:56:54,162
01:56:55,163
01:56:56,163
01:56:57,163
01:56:58,163
01:56:59,163
01:57:00,163
01:57:01,161
01:57:02,161
01:57:03,161
01:57:04,164
01:57:05,164
01:57:06,164
01:57:07,160
01:57:08,162
01:57:09,162
01:57:10,164
01:57:11,162
01:57:12,162
01:57:13,161
01:57:14,161
01:57:15,161
01:57:16,162
01:57:17,163
01:57:18,163
01:57:19,162
01:57:20,161
01:57:21,161
01:57:22,162
01:57:23,161
01:57:24,161
01:57:25,163
01:57:26,163
01:57:27,163
01:57:28,162
01:57:29,162
01:57:31,162
01:57:32,162
01:57:33,162
01:57:34,159
01:57:35,159
01:57:36,161
01:57:37,160
01:57:38,160
01:57:39,160
01:57:40,162
01:57:41,162
01:57:42,162
01:57:43,157
01:57:44,157
01:57:45,166
01:57:46,162
01:57:47,162
01:57:48,163
01:57:49,163
01:57:50,163
01:57:51,163
01:57:52,164
01:57:53,164
01:57:54,162
01:57:55,163
01:57:56,163
01:57:57,163
01:57:58,163
01:57:59,163
01:58:00,162
01:58:01,162
01:58:02,162
01:58:03,162
01:58:04,164
01:58:05,164
01:58:06,162
01:58:07,162
01:58:08,162
01:58:09,162
01:58:10,163
01:58:11,163
01:58:12,163
01:58:13,162
01:58:14,162
01:58:15,161
01:58:16,163
01:58:17,163
01:58:18,163
01:58:19,166
01:58:20,164
01:58:21,164
01:58:22,163
01:58:23,161
01:58:24,161
01:58:25,159
01:58:26,161
01:58:27,161
01:58:28,158
01:58:29,162
01:58:30,162
01:58:31,163
01:58:32,163
01:58:33,163
01:58:34,163
01:58:35,162
01:58:36,162
01:58:37,161
01:58:38,161
01:58:39,161
01:58:40,161
01:58:41,161
01:58:42,161
01:58:43,161
01:58:44,163
01:58:45,163
01:58:46,164
01:58:47,160
01:58:48,160
01:58:50,160
01:58:51,163
01:58:52,163
01:58:53,159
01:58:54,159
01:58:55,159
01:58:56,162
01:58:57,161
01:58:58,161
01:58:59,161
01:59:00,160
01:59:01,162
01:59:02,162
01:59:03,163
01:59:04,161
01:59:05,161
01:59:06,161
01:59:07,160
01:59:08,160
01:59:09,163
01:59:10,162
01:59:11,162
01:59:12,162
01:59:13,161
01:59:14,161
01:59:15,162
01:59:16,161
01:59:17,161
01:59:18,162
01:59:19,162
01:59:20,162
01:59:21,162
01:59:22,163
01:59:23,163
01:59:24,161
01:59:25,162
01:59:26,162
01:59:27,163
01:59:28,161
01:59:29,161
01:59:30,161
01:59:31,161
01:59:32,161
01:59:33,163
01:59:34,163
01:59:35,163
01:59:36,165
01:59:37,164
01:59:38,164
01:59:39,162
01:59:40,162
01:59:41,162
01:59:42,163
01:59:43,163
01:59:44,162
01:59:45,162
01:59:46,161
01:59:47,159
01:59:48,159
01:59:49,161
01:59:50,160
01:59:51,160
01:59:52,163
01:59:53,162
01:59:54,162
01:59:55,162
01:59:56,162
01:59:57,162
01:59:58,161
01:59:59,161
02:00:00,161
02:00:01,161
02:00:02,161
02:00:03,161
02:00:04,163
02:00:05,162
02:00:06,162
02:00:07,161
02:00:08,154
02:00:09,154
02:00:10,164
02:00:11,162
02:00:12,162
02:00:13,163
02:00:14,162
02:00:15,162
02:00:16,162
02:00:17,163
02:00:18,163
02:00:20,163
02:00:21,162
02:00:22,162
02:00:23,164
02:00:24,164
02:00:25,164
02:00:26,162
02:00:27,162
02:00:28,162
02:00:29,162
02:00:30,162
02:00:31,158
02:00:32,158
02:00:33,162
02:00:34,159
02:00:35,159
02:00:36,162
02:00:37,163
02:00:38,163
02:00:39,162
02:00:40,163
02:00:41,163
02:00:42,162
02:00:43,161
02:00:44,161
02:00:45,163
02:00:46,163
02:00:47,163
02:00:48,162
02:00:49,161
02:00:50,161
02:00:51,161
02:00:52,159
02:00:53,159
02:00:54,161
02:00:55,161
02:00:56,161
02:00:57,163
02:00:58,164
02:00:59,164
02:01:00,159
02:01:01,161
02:01:02,161
02:01:03,163
02:01:04,160
02:01:05,160
02:01:06,162
02:01:07,159
02:01:08,159
02:01:09,160
02:01:10,161
02:01:11,161
02:01:12,160
02:01:13,161
02:01:14,161
02:01:15,159
02:01:16,160
02:01:17,160
02:01:18,160
02:01:19,162
02:01:20,160
02:01:21,160
02:01:22,160
02:01:23,160
02:01:24,160
02:01:25,154
02:01:26,161
02:01:27,161
02:01:28,162
02:01:29,161
02:01:30,161
02:01:31,162
02:01:32,160
02:01:33,160
02:01:34,162
02:01:35,160
02:01:36,160
02:01:37,163
02:01:38,161
02:01:39,161
02:01:40,160
02:01:41,161
02:01:42,161
02:01:43,161
02:01:44,160
02:01:45,160
02:01:46,161
02:01:48,162
02:01:49,162
02:01:50,160
02:01:51,160
02:01:52,160
02:01:53,161
02:01:54,160
02:01:55,160
02:01:56,164
02:01:57,164
02:01:58,164
02:01:59,163
02:02:00,161
02:02:01,161
02:02:02,163
02:02:03,163
02:02:04,164
02:02:05,164
02:02:06,163
02:02:07,160
02:02:08,160
02:02:09,159
02:02:10,161
02:02:11,161
02:02:12,163
02:02:13,161
02:02:14,161
02:02:15,163
02:02:16,160
02:02:17,160
02:02:18,161
02:02:19,159
02:02:20,159
02:02:21,159
02:02:22,162
02:02:23,162
02:02:24,163
02:02:25,162
02:02:26,162
02:02:27,160
02:02:28,161
02:02:29,161
02:02:30,160
02:02:31,163
02:02:32,163
02:02:33,162
02:02:34,154
02:02:35,154
02:02:36,163
02:02:37,162
02:02:38,162
02:02:39,161
02:02:40,162
02:02:41,162
02:02:42,162
02:02:43,161
02:02:44,161
02:02:45,162
02:02:46,160
02:02:47,160
02:02:48,159
02:02:49,159
02:02:50,161
02:02:51,161
02:02:52,161
02:02:53,160
02:02:54,160
02:02:55,161
02:02:56,162
02:02:57,162
02:02:58,162
02:02:59,162
02:03:00,162
02:03:01,164
02:03:02,163
02:03:03,163
02:03:04,162
02:03:05,163
02:03:06,163
02:03:07,163
02:03:08,162
02:03:09,162
02:03:10,164
02:03:11,165
02:03:12,165
02:03:13,163
02:03:14,163
02:03:15,163
02:03:16,162
02:03:18,164
02:03:19,164
02:03:20,164
02:03:21,161
02:03:22,161
02:03:23,162
02:03:24,163
02:03:25,163
02:03:26,162
02:03:27,159
02:03:28,159
02:03:29,164
02:03:30,164
02:03:31,164
02:03:32,163
02:03:33,161
02:03:34,161
02:03:35,163
02:03:36,164
02:03:37,163
02:03:38,163
02:03:39,162
02:03:40,161
02:03:41,161
02:03:42,156
02:03:43,162
02:03:44,162
02:03:45,163
02:03:46,163
02:03:47,163
02:03:48,164
02:03:49,162
02:03:50,162
02:03:51,164
02:03:52,164
02:03:53,164
02:03:54,162
02:03:55,161
02:03:56,161
02:03:57,162
02:03:58,163
02:03:59,163
02:04:00,159
02:04:01,162
02:04:02,162
02:04:03,162
02:04:04,163
02:04:05,163
02:04:06,162
02:04:07,162
02:04:08,162
02:04:09,159
02:04:10,163
02:04:11,163
02:04:12,162
02:04:13,164
02:04:14,164
02:04:15,164
02:04:16,164
02:04:17,163
02:04:18,163
02:04:19,162
02:04:20,161
02:04:21,161
02:04:22,161
02:04:23,163
02:04:24,163
02:04:25,162
02:04:26,161
02:04:27,161
02:04:28,161
02:04:29,161
02:04:30,161
02:04:31,163
02:04:32,163
02:04:33,163
02:04:34,160
02:04:35,161
02:04:36,161
02:04:37,162
02:04:38,161
02:04:39,161
02:04:40,161
02:04:42,162
02:04:43,162
02:04:44,165
02:04:45,161
02:04:46,161
02:04:47,164
02:04:48,162
02:04:49,162
02:04:50,161
02:04:51,164
02:04:52,164
02:04:53,162
02:04:54,162
02:04:55,162
02:04:56,162
02:04:57,162
02:04:58,162
02:04:59,164
02:05:00,162
02:05:01,162
02:05:02,163
02:05:03,163
02:05:04,163
02:05:05,163
02:05:06,162
02:05:07,161
02:05:08,161
02:05:09,163
02:05:10,161
02:05:11,161
02:05:12,159
02:05:13,161
02:05:14,161
02:05:15,161
02:05:16,163
02:05:17,163
02:05:18,162
02:05:19,164
02:05:20,164
02:05:21,161
02:05:22,164
02:05:23,164
02:05:24,163
02:05:25,162
02:05:26,162
02:05:27,163
02:05:28,161
02:05:29,161
02:05:30,163
02:05:31,160
02:05:32,160
02:05:33,161
02:05:34,165
02:05:35,165
02:05:36,161
02:05:37,161
02:05:38,161
02:05:39,161
02:05:40,162
02:05:41,162
02:05:42,163
02:05:43,161
02:05:44,161
02:05:45,163
02:05:46,163
02:05:47,163
02:05:48,161
02:05:49,160
02:05:50,163
02:05:51,163
02:05:52,162
02:05:53,160
02:05:54,160
02:05:55,161
02:05:56,162
02:05:57,162
02:05:58,160
02:05:59,160
02:06:00,160
02:06:01,162
02:06:02,160
02:06:03,160
02:06:04,159
02:06:05,159
02:06:06,159
02:06:07,160
02:06:08,157
02:06:09,157
02:06:10,162
02:06:12,161
02:06:13,161
02:06:14,163
02:06:15,163
02:06:16,163
02:06:17,162
02:06:18,162
02:06:19,162
02:06:20,162
02:06:21,161
02:06:22,161
02:06:23,162
02:06:24,163
02:06:25,163
02:06:26,164
02:06:27,163
02:06:28,163
02:06:29,163
02:06:30,161
02:06:31,161
02:06:32,161
02:06:33,160
02:06:34,160
02:06:35,162
02:06:36,161
02:06:37,161
02:06:38,161
02:06:39,161
02:06:40,161
02:06:41,161
02:06:42,162
02:06:43,161
02:06:44,161
02:06:45,161
02:06:46,163
02:06:47,163
02:06:48,163
02:06:49,161
02:06:50,161
02:06:51,161
02:06:52,162
02:06:53,162
02:06:54,163
02:06:55,160
02:06:56,160
02:06:57,162
02:06:58,160
02:06:59,160
02:07:00,161
02:07:01,160
02:07:02,160
02:07:03,161
02:07:04,162
02:07:05,162
02:07:06,161
02:07:07,163
02:07:08,163
02:07:09,161
02:07:10,162
02:07:11,162
02:07:12,159
02:07:13,162
02:07:14,162
02:07:15,161
02:07:16,160
02:07:17,160
02:07:18,153
02:07:19,161
02:07:20,161
02:07:21,162
02:07:22,164
02:07:23,164
02:07:24,163
02:07:25,160
02:07:26,165
02:07:27,165
02:07:28,163
02:07:29,162
02:07:30,162
02:07:31,161
02:07:32,162
02:07:33,162
02:07:34,160
02:07:35,162
02:07:36,162
02:07:37,160
02:07:38,161
02:07:39,161
02:07:40,162
02:07:42,161
02:07:43,161
02:07:44,160
02:07:45,161
02:07:46,161
02:07:47,161
02:07:48,162
02:07:49,162
02:07:50,162
02:07:51,162
02:07:52,162
02:07:53,162
02:07:54,164
02:07:55,164
02:07:56,162
02:07:57,164
02:07:58,164
02:07:59,162
02:08:00,163
02:08:01,163
02:08:02,161
02:08:03,163
02:08:04,163
02:08:05,160
02:08:06,160
02:08:07,160
02:08:08,163
02:08:09,161
02:08:10,161
02:08:11,160
02:08:12,162
02:08:13,160
02:08:14,160
02:08:15,161
02:08:16,158
02:08:17,158
02:08:18,162
02:08:19,160
02:08:20,160
02:08:21,162
02:08:22,161
02:08:23,161
02:08:24,161
02:08:25,161
02:08:26,161
02:08:27,161
02:08:28,160
02:08:29,160
02:08:30,161
02:08:31,160
02:08:32,160
02:08:33,162
02:08:34,161
02:08:35,161
02:08:36,162
02:08:37,162
02:08:38,162
02:08:39,154
02:08:40,163
02:08:41,163
02:08:42,164
02:08:43,164
02:08:44,164
02:08:45,163
02:08:46,164
02:08:47,164
02:08:48,163
02:08:49,162
02:08:50,163
02:08:51,163
02:08:52,161
02:08:53,160
02:08:54,160
02:08:55,162
02:08:56,162
02:08:57,162
02:08:58,163
02:08:59,164
02:09:00,164
02:09:01,164
02:09:03,162
02:09:04,162
02:09:05,164
02:09:06,162
02:09:07,162
02:09:08,161
02:09:09,162
02:09:10,162
02:09:11,164
02:09:12,162
02:09:13,162
02:09:14,163
02:09:15,161
02:09:16,161
02:09:17,162
02:09:18,162
02:09:19,162
02:09:20,161
02:09:21,161
02:09:22,161
02:09:23,163
02:09:24,163
02:09:25,163
02:09:26,161
02:09:27,160
02:09:28,160
02:09:29,163
02:09:30,165
02:09:31,165
02:09:32,161
02:09:33,161
02:09:34,161
02:09:35,161
02:09:36,162
02:09:37,162
02:09:38,160
02:09:39,161
02:09:40,162
02:09:41,162
02:09:42,162
02:09:43,162
02:09:44,162
02:09:45,161
02:09:46,154
02:09:47,154
02:09:48,163
02:09:49,163
02:09:50,163
02:09:51,161
02:09:52,162
02:09:53,162
02:09:54,161
02:09:55,164
02:09:56,164
02:09:57,162
02:09:58,163
02:09:59,163
02:10:00,162
02:10:01,160
02:10:02,160
02:10:03,163
02:10:04,163
02:10:05,163
02:10:06,162
02:10:07,161
02:10:08,161
02:10:09,163
02:10:10,161
02:10:11,161
02:10:12,162
02:10:13,160
02:10:14,160
02:10:15,160
02:10:16,161
02:10:17,161
02:10:18,162
02:10:19,162
02:10:20,162
02:10:21,164
02:10:22,162
02:10:23,162
02:10:24,161
02:10:25,163
02:10:26,162
02:10:27,162
02:10:28,165
02:10:29,165
02:10:30,165
02:10:31,163
02:10:32,163
02:10:34,163
02:10:35,163
02:10:36,164
02:10:37,164
02:10:38,162
02:10:39,160
02:10:40,160
02:10:41,164
02:10:42,162
02:10:43,162
02:10:44,161
02:10:45,161
02:10:46,161
02:10:47,161
02:10:48,159
02:10:49,159
02:10:50,162
02:10:51,162
02:10:52,162
02:10:53,160
02:10:54,160
02:10:55,160
02:10:56,162
02:10:57,160
02:10:58,160
02:10:59,161
02:11:00,162
02:11:01,162
02:11:02,162
02:11:03,155
02:11:04,155
02:11:05,162
02:11:06,164
02:11:07,164
02:11:08,164
02:11:09,162
02:11:10,162
02:11:11,163
02:11:12,164
02:11:13,162
02:11:14,162
02:11:15,162
02:11:16,161
02:11:17,161
02:11:18,162
02:11:19,159
02:11:20,159
02:11:21,161
02:11:22,162
02:11:23,162
02:11:24,162
02:11:25,164
02:11:26,164
02:11:27,161
02:11:28,163
02:11:29,163
02:11:30,163
02:11:31,162
02:11:32,162
02:11:33,162
02:11:34,162
02:11:35,162
02:11:36,162
02:11:37,164
02:11:38,164
02:11:39,164
02:11:40,164
02:11:41,164
02:11:42,161
02:11:43,160
02:11:44,160
02:11:45,161
02:11:46,163
02:11:47,163
02:11:48,161
02:11:49,161
02:11:50,161
02:11:51,160
02:11:52,159
02:11:53,159
02:11:54,161
02:11:55,162
02:11:56,162
02:11:57,161
02:11:58,163
02:11:59,161
02:12:00,161
02:12:01,161
02:12:03,163
02:12:04,163
02:12:05,162
02:12:06,160
02:12:07,160
02:12:08,161
02:12:09,162
02:12:10,162
02:12:11,160
02:12:12,161
02:12:13,161
02:12:14,161
02:12:15,163
02:12:16,163
02:12:17,158
02:12:18,162
02:12:19,162
02:12:20,163
02:12:21,164
02:12:22,164
02:12:23,163
02:12:24,163
02:12:25,163
02:12:26,162
02:12:27,163
02:12:28,163
02:12:29,162
02:12:30,162
02:12:31,162
02:12:32,161
02:12:33,159
02:12:34,159
02:12:35,159
02:12:36,162
02:12:37,162
02:12:38,162
02:12:39,161
02:12:40,161
02:12:41,161
02:12:42,161
02:12:43,160
02:12:44,160
02:12:45,161
02:12:46,160
02:12:47,160
02:12:48,162
02:12:49,163
02:12:50,163
02:12:51,164
02:12:52,163
02:12:53,163
02:12:54,161
02:12:55,164
02:12:56,164
02:12:57,160
02:12:58,162
02:12:59,162
02:13:00,163
02:13:01,160
02:13:02,160
02:13:03,162
02:13:04,161
02:13:05,161
02:13:06,162
02:13:07,161
02:13:08,161
02:13:09,163
02:13:10,161
02:13:11,161
02:13:12,163
02:13:13,163
02:13:14,163
02:13:15,164
02:13:16,161
02:13:17,161
02:13:18,162
02:13:19,162
02:13:20,162
02:13:22,161
02:13:23,162
02:13:24,162
02:13:25,162
02:13:26,164
02:13:27,163
02:13:28,163
02:13:29,160
02:13:30,156
02:13:31,156
02:13:32,161
02:13:33,161
02:13:34,161
02:13:35,163
02:13:36,163
02:13:37,163
02:13:38,162
02:13:39,161
02:13:40,161
02:13:41,160
02:13:42,162
02:13:43,162
02:13:44,160
02:13:45,162
02:13:46,162
02:13:47,163
02:13:48,161
02:13:49,161
02:13:50,162
02:13:51,162
02:13:52,162
02:13:53,162
02:13:54,162
02:13:55,162
02:13:56,162
02:13:57,162
02:13:58,162
02:13:59,162
02:14:00,161
02:14:01,161
02:14:02,163
02:14:03,163
02:14:04,163
02:14:05,160
02:14:06,163
02:14:07,163
02:14:08,164
02:14:09,165
02:14:10,162
02:14:11,162
02:14:12,162
02:14:13,164
02:14:14,164
02:14:15,162
02:14:16,162
02:14:17,162
02:14:18,161
02:14:19,162
02:14:20,162
02:14:21,158
02:14:22,158
02:14:23,158
02:14:24,161
02:14:25,161
02:14:26,161
02:14:27,162
02:14:28,162
02:14:29,162
02:14:30,160
02:14:31,160
02:14:32,160
02:14:33,160
02:14:34,163
02:14:35,163
02:14:36,162
02:14:37,163
02:14:38,163
02:14:39,162
02:14:40,160
02:14:41,160
02:14:42,159
02:14:43,162
02:14:44,162
02:14:45,156
02:14:46,163
02:14:47,163
02:14:48,160
02:14:49,161
02:14:50,161
02:14:52,160
02:14:53,162
02:14:54,162
02:14:55,161
02:14:56,161
02:14:57,160
02:14:58,160
02:14:59,162
02:15:00,163
02:15:01,163
02:15:02,162
02:15:03,161
02:15:04,161
02:15:05,162
02:15:06,161
02:15:07,161
02:15:08,161
02:15:09,162
02:15:10,162
02:15:11,163
02:15:12,163
02:15:13,163
02:15:14,164
02:15:15,164
02:15:16,164
02:15:17,163
02:15:18,163
02:15:19,163
02:15:20,165
02:15:21,163
02:15:22,163
02:15:23,161
02:15:24,163
02:15:25,163
02:15:26,162
02:15:27,162
02:15:28,162
02:15:29,164
02:15:30,160
02:15:31,160
02:15:32,161
02:15:33,162
02:15:34,162
02:15:35,163
02:15:36,162
02:15:37,162
02:15:38,158
02:15:39,162
02:15:40,162
02:15:41,162
02:15:42,162
02:15:43,162
02:15:44,162
02:15:45,163
02:15:46,161
02:15:47,161
02:15:48,160
02:15:49,160
02:15:50,160
02:15:51,158
02:15:52,160
02:15:53,160
02:15:54,163
02:15:55,161
02:15:56,161
02:15:57,163
02:15:58,165
02:15:59,165
02:16:00,164
02:16:01,163
02:16:02,163
02:16:03,163
02:16:04,164
02:16:05,164
02:16:06,161
02:16:07,162
02:16:08,162
02:16:09,161
02:16:10,161
02:16:11,161
02:16:12,163
02:16:13,163
02:16:14,163
02:16:15,160
02:16:16,159
02:16:17,159
02:16:18,160
02:16:19,164
02:16:20,164
02:16:22,164
02:16:23,161
02:16:24,161
02:16:25,163
02:16:26,161
02:16:27,161
02:16:28,163
02:16:29,161
02:16:30,161
02:16:31,162
02:16:32,159
02:16:33,161
02:16:34,161
02:16:35,162
02:16:36,162
02:16:37,162
02:16:38,161
02:16:39,161
02:16:40,161
02:16:41,162
02:16:42,162
02:16:43,162
02:16:44,162
02:16:45,162
02:16:46,162
02:16:47,162
02:16:48,159
02:16:49,159
02:16:50,160
02:16:51,162
02:16:52,162
02:16:53,161
02:16:54,162
02:16:55,162
02:16:56,159
02:16:57,161
02:16:58,161
02:16:59,162
02:17:00,162
02:17:01,162
02:17:02,158
02:17:03,160
02:17:04,160
02:17:05,163
02:17:06,164
02:17:07,164
02:17:08,164
02:17:09,163
02:17:10,163
02:17:11,162
02:17:12,163
02:17:13,163
02:17:14,163
02:17:15,164
02:17:16,164
02:17:17,160
02:17:18,164
02:17:19,164
02:17:20,164
02:17:21,164
02:17:22,163
02:17:23,163
02:17:24,161
02:17:25,162
02:17:26,162
02:17:27,162
02:17:28,161
02:17:29,161
02:17:30,163
02:17:31,161
02:17:32,161
02:17:33,159
02:17:34,163
02:17:35,163
02:17:36,162
02:17:37,162
02:17:38,162
02:17:39,162
02:17:40,163
02:17:41,163
02:17:42,161
02:17:43,161
02:17:44,161
02:17:45,163
02:17:46,164
02:17:47,164
02:17:48,163
02:17:49,160
02:17:51,160
02:17:52,162
02:17:53,160
02:17:54,160
02:17:55,161
02:17:56,160
02:17:57,160
02:17:58,158
02:17:59,159
02:18:00,159
02:18:01,161
02:18:02,162
02:18:03,162
02:18:04,160
02:18:05,162
02:18:06,162
02:18:07,162
02:18:08,159
02:18:09,160
02:18:10,160
02:18:11,161
02:18:12,161
02:18:13,161
02:18:14,161
02:18:15,161
02:18:16,161
02:18:17,160
02:18:18,162
02:18:19,162
02:18:20,162
02:18:21,163
02:18:22,163
02:18:23,161
02:18:24,162
02:18:25,162
02:18:26,162
02:18:27,162
02:18:28,162
02:18:29,163
02:18:30,162
02:18:31,162
02:18:32,163
02:18:33,163
02:18:34,163
02:18:35,162
02:18:36,162
02:18:37,162
02:18:38,164
02:18:39,162
02:18:40,162
02:18:41,162
02:18:42,161
02:18:43,161
02:18:44,162
02:18:45,164
02:18:46,163
02:18:47,163
02:18:48,163
02:18:49,163
02:18:50,163
02:18:51,160
02:18:52,162
02:18:53,162
02:18:54,160
02:18:55,161
02:18:56,161
02:18:57,161
02:18:58,160
02:18:59,160
02:19:00,163
02:19:01,161
02:19:02,161
02:19:03,159
02:19:04,162
02:19:05,162
02:19:06,160
02:19:07,158
02:19:08,158
02:19:09,160
02:19:10,162
02:19:11,162
02:19:12,162
02:19:14,163
02:19:15,163
02:19:16,160
02:19:17,161
02:19:18,161
02:19:19,164
02:19:20,162
02:19:21,162
02:19:22,159
02:19:23,163
02:19:24,163
02:19:25,161
02:19:26,161
02:19:27,161
02:19:28,163
02:19:29,165
02:19:30,165
02:19:31,162
02:19:32,163
02:19:33,163
02:19:34,163
02:19:35,161
02:19:36,162
02:19:37,162
02:19:38,162
02:19:39,165
02:19:40,165
02:19:41,163
02:19:42,161
02:19:43,161
02:19:44,163
02:19:45,161
02:19:46,161
02:19:47,163
02:19:48,160
02:19:49,160
02:19:50,162
02:19:51,162
02:19:52,162
02:19:53,164
02:19:54,162
02:19:55,162
02:19:56,161
02:19:57,161
02:19:58,161
02:19:59,161
02:20:00,161
02:20:01,161
02:20:02,163
02:20:03,160
02:20:04,160
02:20:05,162
02:20:06,161
02:20:07,161
02:20:08,161
02:20:09,161
02:20:10,161
02:20:11,162
02:20:12,163
02:20:13,163
02:20:14,162
02:20:15,161
02:20:16,161
02:20:17,162
02:20:18,163
02:20:19,162
02:20:20,162
02:20:21,159
02:20:22,162
02:20:23,162
02:20:24,163
02:20:25,163
02:20:26,163
02:20:27,159
02:20:28,160
02:20:29,160
02:20:30,163
02:20:31,154
02:20:32,154
02:20:33,162
02:20:34,164
02:20:35,164
02:20:36,161
02:20:37,162
02:20:38,162
02:20:39,163
02:20:40,163
02:20:41,163
02:20:42,162
02:20:43,161
02:20:45,161
02:20:46,162
02:20:47,162
02:20:48,162
02:20:49,162
02:20:50,161
02:20:51,161
02:20:52,162
02:20:53,163
02:20:54,163
02:20:55,164
02:20:56,162
02:20:57,162
02:20:58,163
02:20:59,162
02:21:00,162
02:21:01,161
02:21:02,162
02:21:03,162
02:21:04,161
02:21:05,161
02:21:06,163
02:21:07,163
02:21:08,160
02:21:09,163
02:21:10,163
02:21:11,160
02:21:12,162
02:21:13,162
02:21:14,162
02:21:15,160
02:21:16,160
02:21:17,162
02:21:18,161
02:21:19,161
02:21:20,161
02:21:21,163
02:21:22,163
02:21:23,162
02:21:24,161
02:21:25,161
02:21:26,159
02:21:27,161
02:21:28,161
02:21:29,160
02:21:30,161
02:21:31,161
02:21:32,162
02:21:33,162
02:21:34,162
02:21:35,161
02:21:36,162
02:21:37,162
02:21:38,161
02:21:39,161
02:21:40,161
02:21:41,158
02:21:42,161
02:21:43,161
02:21:44,161
02:21:45,161
02:21:46,161
02:21:47,160
02:21:48,153
02:21:49,153
02:21:50,160
02:21:51,161
02:21:52,164
02:21:53,164
02:21:54,161
02:21:55,161
02:21:56,161
02:21:57,164
02:21:58,164
02:21:59,164
02:22:00,162
02:22:01,163
02:22:02,163
02:22:03,163
02:22:04,162
02:22:05,162
02:22:06,162
02:22:07,163
02:22:08,163
02:22:09,164
02:22:10,163
02:22:11,163
02:22:12,163
02:22:14,164
02:22:15,164
02:22:16,164
02:22:17,160
02:22:18,160
02:22:19,162
02:22:20,163
02:22:21,163
02:22:22,164
02:22:23,161
02:22:24,161
02:22:25,163
02:22:26,161
02:22:27,161
02:22:28,160
02:22:29,163
02:22:30,163
02:22:31,163
02:22:32,160
02:22:33,160
02:22:34,162
02:22:35,161
02:22:36,161
02:22:37,161
02:22:38,161
02:22:39,163
02:22:40,163
02:22:41,163
02:22:42,162
02:22:43,162
02:22:44,164
02:22:45,162
02:22:46,162
02:22:47,162
02:22:48,164
02:22:49,164
02:22:50,164
02:22:51,162
02:22:52,162
02:22:53,162
02:22:54,162
02:22:55,162
02:22:56,163
02:22:57,162
02:22:58,162
02:22:59,164
02:23:00,162
02:23:01,162
02:23:02,162
02:23:03,163
02:23:04,163
02:23:05,162
02:23:06,162
02:23:07,162
02:23:08,161
02:23:09,163
02:23:10,163
02:23:11,161
02:23:12,162
02:23:13,162
02:23:14,164
02:23:15,162
02:23:16,162
02:23:17,160
02:23:18,164
02:23:19,164
02:23:20,164
02:23:21,160
02:23:22,160
02:23:23,163
02:23:24,162
02:23:25,161
02:23:26,161
02:23:27,160
02:23:28,163
02:23:29,163
02:23:30,162
02:23:31,162
02:23:32,162
02:23:33,164
02:23:34,161
02:23:35,161
02:23:36,161
02:23:37,163
02:23:38,163
02:23:39,163
02:23:40,162
02:23:42,162
02:23:43,160
02:23:44,161
02:23:45,161
02:23:46,162
02:23:47,162
02:23:48,162
02:23:49,160
02:23:50,159
02:23:51,159
02:23:52,161
02:23:53,164
02:23:54,164
02:23:55,164
02:23:56,163
02:23:57,163
02:23:58,163
02:23:59,163
02:24:00,163
02:24:01,163
02:24:02,162
02:24:03,162
02:24:04,160
02:24:05,161
02:24:06,163
02:24:07,163
02:24:08,162
02:24:09,160
02:24:10,160
02:24:11,161
02:24:12,163
02:24:13,163
02:24:14,161
02:24:15,161
02:24:16,161
02:24:17,159
02:24:18,162
02:24:19,162
02:24:20,160
02:24:21,159
02:24:22,159
02:24:23,153
02:24:24,161
02:24:25,161
02:24:26,161
02:24:27,163
02:24:28,163
02:24:29,164
02:24:30,164
02:24:31,164
02:24:32,161
02:24:33,162
02:24:34,162
02:24:35,161
02:24:36,162
02:24:37,162
02:24:38,162
02:24:39,161
02:24:40,161
02:24:41,160
02:24:42,161
02:24:43,161
02:24:44,162
02:24:45,162
02:24:46,162
02:24:47,158
02:24:48,162
02:24:49,162
02:24:50,160
02:24:51,159
02:24:52,160
02:24:53,160
02:24:54,161
02:24:55,162
02:24:56,162
02:24:57,159
02:24:58,162
02:24:59,162
02:25:00,161
02:25:01,161
02:25:02,161
02:25:04,162
02:25:05,163
02:25:06,163
02:25:07,163
02:25:08,162
02:25:09,162
02:25:10,163
02:25:11,162
02:25:12,162
02:25:13,162
02:25:14,161
02:25:15,161
02:25:16,162
02:25:17,163
02:25:18,163
02:25:19,163
02:25:20,161
02:25:21,161
02:25:22,160
02:25:23,161
02:25:24,161
02:25:25,161
02:25:26,160
02:25:27,160
02:25:28,159
02:25:29,162
02:25:30,162
02:25:31,161
02:25:32,160
02:25:33,160
02:25:34,160
02:25:35,158
02:25:36,158
02:25:37,164
02:25:38,159
02:25:39,163
02:25:40,163
02:25:41,163
02:25:42,163
02:25:43,163
02:25:44,163
02:25:45,162
02:25:46,162
02:25:47,161
02:25:48,163
02:25:49,163
02:25:50,163
02:25:51,160
02:25:52,160
02:25:53,161
02:25:54,161
02:25:55,161
02:25:56,159
02:25:57,161
02:25:58,161
02:25:59,162
02:26:00,162
02:26:01,162
02:26:02,163
02:26:03,164
02:26:04,164
02:26:05,163
02:26:06,161
02:26:07,161
02:26:08,162
02:26:09,163
02:26:10,163
02:26:11,163
02:26:12,162
02:26:13,162
02:26:14,163
02:26:15,163
02:26:16,163
02:26:17,162
02:26:18,161
02:26:19,161
02:26:20,160
02:26:21,162
02:26:22,162
02:26:23,161
02:26:24,163
02:26:25,160
02:26:26,160
02:26:27,159
02:26:28,161
02:26:29,161
02:26:30,161
02:26:31,161
02:26:32,161
02:26:34,160
02:26:35,160
02:26:36,160
02:26:37,162
02:26:38,161
02:26:39,161
02:26:40,162
02:26:41,161
02:26:42,161
02:26:43,159
02:26:44,162
02:26:45,162
02:26:46,164
02:26:47,162
02:26:48,162
02:26:49,165
02:26:50,163
02:26:51,163
02:26:52,161
02:26:53,158
02:26:54,158
02:26:55,163
02:26:56,162
02:26:57,162
02:26:58,161
02:26:59,160
02:27:00,160
02:27:01,161
02:27:02,162
02:27:03,162
02:27:04,162
02:27:05,165
02:27:06,165
02:27:07,163
02:27:08,162
02:27:09,162
02:27:10,162
02:27:11,162
02:27:12,162
02:27:13,162
02:27:14,161
02:27:15,163
02:27:16,163
02:27:17,164
02:27:18,163
02:27:19,163
02:27:20,162
02:27:21,163
02:27:22,163
02:27:23,161
02:27:24,162
02:27:25,162
02:27:26,163
02:27:27,161
02:27:28,161
02:27:29,162
02:27:30,161
02:27:31,161
02:27:32,161
02:27:33,162
02:27:34,162
02:27:35,162
02:27:36,160
02:27:37,160
02:27:38,161
02:27:39,160
02:27:40,160
02:27:41,161
02:27:42,161
02:27:43,161
02:27:44,162
02:27:45,163
02:27:46,163
02:27:47,160
02:27:48,162
02:27:49,162
02:27:50,162
02:27:51,163
02:27:52,163
02:27:53,161
02:27:54,154
02:27:55,154
02:27:56,161
02:27:57,159
02:27:58,161
02:27:59,161
02:28:00,162
02:28:02,162
02:28:03,162
02:28:04,161
02:28:05,164
02:28:06,164
02:28:07,162
02:28:08,159
02:28:09,159
02:28:10,162
02:28:11,162
02:28:12,162
02:28:13,161
02:28:14,160
02:28:15,160
02:28:16,163
02:28:17,160
02:28:18,160
02:28:19,160
02:28:20,161
02:28:21,161
02:28:22,163
02:28:23,161
02:28:24,161
02:28:25,162
02:28:26,161
02:28:27,161
02:28:28,160
02:28:29,162
02:28:30,162
02:28:31,161
02:28:32,163
02:28:33,163
02:28:34,162
02:28:35,165
02:28:36,165
02:28:37,160
02:28:38,164
02:28:39,164
02:28:40,161
02:28:41,162
02:28:42,162
02:28:43,160
02:28:44,161
02:28:45,160
02:28:46,160
02:28:47,161
02:28:48,163
02:28:49,163
02:28:50,161
02:28:51,159
02:28:52,159
02:28:53,161
02:28:54,161
02:28:55,161
02:28:56,158
02:28:57,163
02:28:58,163
02:28:59,162
02:29:00,159
02:29:01,159
02:29:02,162
02:29:03,161
02:29:04,161
02:29:05,162
02:29:06,161
02:29:07,161
02:29:08,161
02:29:09,162
02:29:10,162
02:29:11,162
02:29:12,161
02:29:13,161
02:29:14,161
02:29:15,163
02:29:16,163
02:29:17,162
02:29:18,161
02:29:19,161
02:29:20,160
02:29:21,162
02:29:23,162
02:29:24,162
02:29:25,162
02:29:26,158
02:29:27,158
02:29:28,161
02:29:29,162
02:29:30,162
02:29:31,161
02:29:32,162
02:29:33,162
02:29:34,162
02:29:35,161
02:29:36,161
02:29:37,161
02:29:38,161
02:29:39,161
02:29:40,160
02:29:41,162
02:29:42,162
02:29:43,160
02:29:44,163
02:29:45,163
02:29:46,163
02:29:47,163
02:29:48,163
02:29:49,162
02:29:50,162
02:29:51,162
02:29:52,163
02:29:53,161
02:29:54,161
02:29:55,163
02:29:56,162
02:29:57,162
02:29:58,162
02:29:59,161
02:30:00,161
02:30:01,161
02:30:02,162
02:30:03,162
02:30:04,159
02:30:05,161
02:30:06,161
02:30:07,161
02:30:08,162
02:30:09,163
02:30:10,163
02:30:11,163
02:30:12,161
02:30:13,161
02:30:14,162
02:30:15,162
02:30:16,162
02:30:17,163
02:30:18,162
02:30:19,162
02:30:20,162
02:30:21,161
02:30:22,161
02:30:23,160
02:30:24,162
02:30:25,162
02:30:26,163
02:30:27,163
02:30:28,163
02:30:29,159
02:30:30,163
02:30:31,163
02:30:32,161
02:30:33,161
02:30:34,161
02:30:35,163
02:30:36,162
02:30:37,162
02:30:38,164
02:30:39,161
02:30:40,161
02:30:41,162
02:30:42,163
02:30:43,163
02:30:44,163
02:30:45,162
02:30:46,162
02:30:47,161
02:30:48,162
02:30:50,163
02:30:51,163
02:30:52,162
02:30:53,162
02:30:54,162
02:30:55,163
02:30:56,160
02:30:57,160
02:30:58,162
02:30:59,161
02:31:00,161
02:31:01,163
02:31:02,163
02:31:03,163
02:31:04,162
02:31:05,161
02:31:06,161
02:31:07,160
02:31:08,162
02:31:09,162
02:31:10,163
02:31:11,162
02:31:12,162
02:31:13,161
02:31:14,160
02:31:15,160
02:31:16,161
02:31:17,162
02:31:18,162
02:31:19,161
02:31:20,161
02:31:21,161
02:31:22,161
02:31:23,162
02:31:24,162
02:31:25,161
02:31:26,161
02:31:27,161
02:31:28,162
02:31:29,161
02:31:30,160
02:31:31,160
02:31:32,162
02:31:33,161
02:31:34,161
02:31:35,162
02:31:36,163
02:31:37,163
02:31:38,162
02:31:39,161
02:31:40,161
02:31:41,162
02:31:42,164
02:31:43,164
02:31:44,162
02:31:45,159
02:31:46,159
02:31:47,163
02:31:48,163
02:31:49,163
02:31:50,163
02:31:51,162
02:31:52,162
02:31:53,161
02:31:54,161
02:31:55,161
02:31:56,161
02:31:57,162
02:31:58,162
02:31:59,161
02:32:00,160
02:32:01,160
02:32:02,162
02:32:03,162
02:32:04,162
02:32:05,161
02:32:06,159
02:32:07,159
02:32:08,162
02:32:09,161
02:32:11,161
02:32:12,160
02:32:13,161
02:32:14,161
02:32:15,164
02:32:16,163
02:32:17,163
02:32:18,163
02:32:19,162
02:32:20,163
02:32:21,163
02:32:22,162
02:32:23,162
02:32:24,162
02:32:25,160
02:32:26,160
02:32:27,160
02:32:28,162
02:32:29,160
02:32:30,160
02:32:31,160
02:32:32,161
02:32:33,161
02:32:34,161
02:32:35,163
02:32:36,163
02:32:37,161
02:32:38,161
02:32:39,161
02:32:40,162
02:32:41,160
02:32:42,160
02:32:43,161
02:32:44,162
02:32:45,162
02:32:46,162
02:32:47,162
02:32:48,162
02:32:49,156
02:32:50,163
02:32:51,163
02:32:52,162
02:32:53,160
02:32:54,160
02:32:55,162
02:32:56,161
02:32:57,161
02:32:58,161
02:32:59,162
02:33:00,162
02:33:01,162
02:33:02,163
02:33:03,162
02:33:04,162
02:33:05,162
02:33:06,162
02:33:07,162
02:33:08,163
02:33:09,162
02:33:10,162
02:33:11,162
02:33:12,162
02:33:13,162
02:33:14,165
02:33:15,163
02:33:16,163
02:33:17,161
02:33:18,161
02:33:19,161
02:33:20,161
02:33:21,162
02:33:22,162
02:33:23,161
02:33:24,163
02:33:25,163
02:33:26,162
02:33:27,164
02:33:28,164
02:33:29,162
02:33:30,160
02:33:31,160
02:33:32,160
02:33:33,162
02:33:34,162
02:33:35,161
02:33:36,161
02:33:37,161
02:33:38,160
02:33:39,161
02:33:41,161
02:33:42,160
02:33:43,160
02:33:44,160
02:33:45,162
02:33:46,163
02:33:47,162
02:33:48,162
02:33:49,162
02:33:50,161
02:33:51,161
02:33:52,159
02:33:53,160
02:33:54,160
02:33:55,162
02:33:56,160
02:33:57,160
02:33:58,161
02:33:59,156
02:34:00,156
02:34:01,163
02:34:02,163
02:34:03,163
02:34:04,163
02:34:05,162
02:34:06,162
02:34:07,162
02:34:08,163
02:34:09,163
02:34:10,163
02:34:11,163
02:34:12,163
02:34:13,163
02:34:14,162
02:34:15,162
02:34:16,164
02:34:17,161
02:34:18,161
02:34:19,163
02:34:20,165
02:34:21,165
02:34:22,162
02:34:23,164
02:34:24,164
02:34:25,163
02:34:26,163
02:34:27,161
02:34:28,161
02:34:29,162
02:34:30,161
02:34:31,161
02:34:32,163
02:34:33,163
02:34:34,163
02:34:35,163
02:34:36,161
02:34:37,161
02:34:38,161
02:34:39,162
02:34:40,162
02:34:41,161
02:34:42,162
02:34:43,162
02:34:44,162
02:34:45,161
02:34:46,161
02:34:47,159
02:34:48,163
02:34:49,163
02:34:50,162
02:34:51,162
02:34:52,162
02:34:53,160
02:34:54,162
02:34:55,162
02:34:56,162
02:34:57,162
02:34:58,162
02:34:59,164
02:35:00,163
02:35:02,163
02:35:03,160
02:35:04,160
02:35:05,160
02:35:06,163
02:35:07,163
02:35:08,163
02:35:09,162
02:35:10,160
02:35:11,160
02:35:12,160
02:35:13,163
02:35:14,163
02:35:15,165
02:35:16,162
02:35:17,162
02:35:18,162
02:35:19,161
02:35:20,164
02:35:21,164
02:35:22,163
02:35:23,162
02:35:24,162
02:35:25,160
02:35:26,162
02:35:27,162
02:35:28,162
02:35:29,162
02:35:30,162
02:35:31,163
02:35:32,163
02:35:33,163
02:35:34,164
02:35:35,164
02:35:36,164
02:35:37,162
02:35:38,162
02:35:39,162
02:35:40,161
02:35:41,164
02:35:42,164
02:35:43,162
02:35:44,162
02:35:45,162
02:35:46,160
02:35:47,164
02:35:48,164
02:35:49,164
02:35:50,162
02:35:51,162
02:35:52,165
02:35:53,163
02:35:54,163
02:35:55,164
02:35:56,162
02:35:57,162
02:35:58,163
02:35:59,163
02:36:00,163
02:36:01,163
02:36:02,164
02:36:03,161
02:36:04,161
02:36:05,162
02:36:06,162
02:36:07,162
02:36:08,161
02:36:09,162
02:36:10,162
02:36:11,162
02:36:12,160
02:36:13,160
02:36:14,161
02:36:15,157
02:36:16,157
02:36:17,158
02:36:18,161
02:36:19,161
02:36:20,161
02:36:21,162
02:36:22,162
02:36:23,160
02:36:24,159
02:36:25,159
02:36:26,162
02:36:27,165
02:36:28,165
02:36:29,162
02:36:30,164
02:36:31,164
02:36:33,162
02:36:34,161
02:36:35,161
02:36:36,163
02:36:37,163
02:36:38,163
02:36:39,163
02:36:40,165
02:36:41,165
02:36:42,165
02:36:43,161
02:36:44,161
02:36:45,161
02:36:46,163
02:36:47,163
02:36:48,164
02:36:49,163
02:36:50,163
02:36:51,163
02:36:52,159
02:36:53,160
02:36:54,160
02:36:55,161
02:36:56,163
02:36:57,163
02:36:58,161
02:36:59,162
02:37:00,162
02:37:01,162
02:37:02,164
02:37:03,164
02:37:04,161
02:37:05,162
02:37:06,162
02:37:07,160
02:37:08,161
02:37:09,161
02:37:10,163
02:37:11,162
02:37:12,162
02:37:13,163
02:37:14,164
02:37:15,164
02:37:16,163
02:37:17,161
02:37:18,161
02:37:19,159
02:37:20,160
02:37:21,160
02:37:22,157
02:37:23,162
02:37:24,162
02:37:25,162
02:37:26,163
02:37:27,163
02:37:28,162
02:37:29,163
02:37:30,163
02:37:31,161
02:37:32,162
02:37:33,162
02:37:34,162
02:37:35,162
02:37:36,162
02:37:37,162
02:37:38,162
02:37:39,161
02:37:40,161
02:37:41,163
02:37:42,163
02:37:43,163
02:37:44,162
02:37:45,160
02:37:46,160
02:37:47,162
02:37:48,162
02:37:49,162
02:37:50,163
02:37:51,160
02:37:52,160
02:37:53,162
02:37:54,164
02:37:55,164
02:37:56,162
02:37:57,160
02:37:58,160
02:37:59,162
02:38:00,164
02:38:01,164
02:38:03,162
02:38:04,163
02:38:05,163
02:38:06,162
02:38:07,163
02:38:08,163
02:38:09,161
02:38:10,159
02:38:11,159
02:38:12,161
02:38:13,160
02:38:14,160
02:38:15,162
02:38:16,163
02:38:17,163
02:38:18,160
02:38:19,162
02:38:20,162
02:38:21,163
02:38:22,161
02:38:23,160
02:38:24,160
02:38:25,161
02:38:26,160
02:38:27,160
02:38:28,162
02:38:29,160
02:38:30,160
02:38:31,161
02:38:32,160
02:38:33,160
02:38:34,164
02:38:35,159
02:38:36,159
02:38:37,159
02:38:38,156
02:38:39,156
02:38:40,163
02:38:41,161
02:38:42,161
02:38:43,162
02:38:44,161
02:38:45,161
02:38:46,162
02:38:47,161
02:38:48,161
02:38:49,162
02:38:50,161
02:38:51,161
02:38:52,161
02:38:53,162
02:38:54,162
02:38:55,162
02:38:56,163
02:38:57,163
02:38:58,161
02:38:59,163
02:39:00,163
02:39:01,162
02:39:02,163
02:39:03,163
02:39:04,161
02:39:05,161
02:39:06,161
02:39:07,162
02:39:08,160
02:39:09,160
02:39:10,161
02:39:11,161
02:39:12,161
02:39:13,161
02:39:14,164
02:39:15,161
02:39:16,161
02:39:17,159
02:39:18,162
02:39:19,162
02:39:20,163
02:39:21,163
02:39:22,163
02:39:23,161
02:39:24,160
02:39:25,160
02:39:26,159
02:39:27,161
02:39:28,161
02:39:29,162
02:39:30,163
02:39:31,163
02:39:32,162
02:39:34,162
02:39:35,162
02:39:36,160
02:39:37,160
02:39:38,160
02:39:39,161
02:39:40,162
02:39:41,162
02:39:42,161
02:39:43,163
02:39:44,163
02:39:45,163
02:39:46,163
02:39:47,163
02:39:48,157
02:39:49,161
02:39:50,161
02:39:51,161
02:39:52,162
02:39:53,162
02:39:54,163
02:39:55,161
02:39:56,161
02:39:57,162
02:39:58,162
02:39:59,164
02:40:00,164
02:40:01,163
02:40:02,162
02:40:03,162
02:40:04,161
02:40:05,164
02:40:06,164
02:40:07,165
02:40:08,164
02:40:09,164
02:40:10,162
02:40:11,163
02:40:12,163
02:40:13,158
02:40:14,161
02:40:15,161
02:40:16,165
02:40:17,165
02:40:18,165
02:40:19,163
02:40:20,162
02:40:21,162
02:40:22,163
02:40:23,164
02:40:24,164
02:40:25,164
02:40:26,162
02:40:27,162
02:40:28,162
02:40:29,162
02:40:30,162
02:40:31,162
02:40:32,161
02:40:33,161
02:40:34,163
02:40:35,161
02:40:36,161
02:40:37,162
02:40:38,163
02:40:39,163
02:40:40,159
02:40:41,162
02:40:42,162
02:40:43,160
02:40:44,163
02:40:45,163
02:40:46,163
02:40:47,163
02:40:48,164
02:40:49,164
02:40:50,161
02:40:51,161
02:40:52,161
02:40:53,162
02:40:54,163
02:40:55,163
02:40:56,161
02:40:57,160
02:40:58,160
02:40:59,161
02:41:00,155
02:41:01,155
02:41:02,162
02:41:03,164
02:41:05,164
02:41:06,163
02:41:07,163
02:41:08,163
02:41:09,160
02:41:10,163
02:41:11,163
02:41:12,164
02:41:13,163
02:41:14,163
02:41:15,163
02:41:16,164
02:41:17,164
02:41:18,163
02:41:19,162
02:41:20,162
02:41:21,162
02:41:22,161
02:41:23,161
02:41:24,162
02:41:25,162
02:41:26,162
02:41:27,163
02:41:28,163
02:41:29,163
02:41:30,163
02:41:31,162
02:41:32,161
02:41:33,161
02:41:34,161
02:41:35,163
02:41:36,163
02:41:37,158
02:41:38,160
02:41:39,160
02:41:40,162
02:41:41,163
02:41:42,163
02:41:43,159
02:41:44,162
02:41:45,162
02:41:46,161
02:41:47,163
02:41:48,163
02:41:49,160
02:41:50,159
02:41:51,159
02:41:52,161
02:41:53,163
02:41:54,163
02:41:55,160
02:41:56,159
02:41:57,159
02:41:58,160
02:41:59,163
02:42:00,163
02:42:01,161
02:42:02,162
02:42:03,162
02:42:04,162
02:42:05,159
02:42:06,159
02:42:07,161
02:42:08,161
02:42:09,161
02:42:10,162
02:42:11,161
02:42:12,161
02:42:13,163
02:42:14,157
02:42:15,157
02:42:16,162
02:42:17,163
02:42:18,163
02:42:19,162
02:42:20,162
02:42:21,161
02:42:22,161
02:42:23,161
02:42:24,162
02:42:25,162
02:42:26,161
02:42:27,161
02:42:28,161
02:42:29,162
02:42:30,165
02:42:31,165
02:42:32,163
02:42:33,165
02:42:34,165
02:42:36,162
02:42:37,163
02:42:38,163
02:42:39,160
02:42:40,162
02:42:41,162
02:42:42,163
02:42:43,163
02:42:44,163
02:42:45,160
02:42:46,163
02:42:47,163
02:42:48,160
02:42:49,162
02:42:50,162
02:42:51,162
02:42:52,160
02:42:53,160
02:42:54,163
02:42:55,162
02:42:56,162
02:42:57,161
02:42:58,160
02:42:59,160
02:43:00,161
02:43:01,162
02:43:02,162
02:43:03,162
02:43:04,163
02:43:05,163
02:43:06,161
02:43:07,162
02:43:08,161
02:43:09,161
02:43:10,160
02:43:11,162
02:43:12,162
02:43:13,162
02:43:14,160
02:43:15,160
02:43:16,160
02:43:17,159
02:43:18,159
02:43:19,159
02:43:20,157
02:43:21,157
02:43:22,161
02:43:23,163
02:43:24,163
02:43:25,163
02:43:26,162
02:43:27,162
02:43:28,162
02:43:29,162
02:43:30,162
02:43:31,160
02:43:32,163
02:43:33,163
02:43:34,162
02:43:35,162
02:43:36,162
02:43:37,162
02:43:38,162
02:43:39,162
02:43:40,162
02:43:41,161
02:43:42,161
02:43:43,164
02:43:44,164
02:43:45,164
02:43:46,160
02:43:47,162
02:43:48,160
02:43:49,160
02:43:50,162
02:43:51,160
02:43:52,160
02:43:53,162
02:43:54,165
02:43:55,165
02:43:56,161
02:43:57,162
02:43:58,162
02:44:00,164
02:44:01,162
02:44:02,162
02:44:03,160
02:44:04,159
02:44:05,159
02:44:06,160
02:44:07,163
02:44:08,163
02:44:09,162
02:44:10,161
02:44:11,161
02:44:12,162
02:44:13,159
02:44:14,159
02:44:15,161
02:44:16,160
02:44:17,160
02:44:18,161
02:44:19,160
02:44:20,160
02:44:21,163
02:44:22,160
02:44:23,160
02:44:24,160
02:44:25,163
02:44:26,163
02:44:27,161
02:44:28,162
02:44:29,162
02:44:30,163
02:44:31,163
02:44:32,163
02:44:33,162
02:44:34,162
02:44:35,162
02:44:36,161
02:44:37,162
02:44:38,162
02:44:39,162
02:44:40,161
02:44:41,161
02:44:42,161
02:44:43,161
02:44:44,162
02:44:45,162
02:44:46,160
02:44:47,163
02:44:48,163
02:44:49,162
02:44:50,162
02:44:51,162
02:44:52,161
02:44:53,162
02:44:54,162
02:44:55,160
02:44:56,160
02:44:57,160
02:44:58,161
02:44:59,163
02:45:00,163
02:45:01,163
02:45:02,162
02:45:03,162
02:45:04,164
02:45:05,164
02:45:06,164
02:45:07,163
02:45:08,161
02:45:09,161
02:45:10,160
02:45:11,162
02:45:12,162
02:45:13,161
02:45:14,161
02:45:15,161
02:45:16,160
02:45:17,162
02:45:18,162
02:45:19,161
02:45:20,157
02:45:21,157
02:45:22,160
02:45:23,159
02:45:24,159
02:45:25,159
02:45:26,162
02:45:27,159
02:45:28,159
02:45:29,160
02:45:30,162
02:45:32,162
02:45:33,163
02:45:34,161
02:45:35,161
02:45:36,161
02:45:37,160
02:45:38,160
02:45:39,162
02:45:40,162
02:45:41,162
02:45:42,162
02:45:43,161
02:45:44,161
02:45:45,162
02:45:46,160
02:45:47,160
02:45:48,161
02:45:49,157
02:45:50,157
02:45:51,160
02:45:52,163
02:45:53,163
02:45:54,164
02:45:55,158
02:45:56,158
02:45:57,162
02:45:58,161
02:45:59,161
02:46:00,163
02:46:01,165
02:46:02,165
02:46:03,162
02:46:04,164
02:46:05,164
02:46:06,163
02:46:07,163
02:46:08,163
02:46:09,164
02:46:10,159
02:46:11,159
02:46:12,162
02:46:13,162
02:46:14,162
02:46:15,162
02:46:16,163
02:46:17,163
02:46:18,163
02:46:19,160
02:46:20,163
02:46:21,163
02:46:22,163
02:46:23,164
02:46:24,164
02:46:25,162
02:46:26,163
02:46:27,163
02:46:28,162
02:46:29,161
02:46:30,161
02:46:31,163
02:46:32,162
02:46:33,162
02:46:34,160
02:46:35,159
02:46:36,159
02:46:37,162
02:46:38,162
02:46:39,162
02:46:40,161
02:46:41,162
02:46:42,162
02:46:43,163
02:46:44,161
02:46:45,161
02:46:46,158
02:46:47,161
02:46:48,161
02:46:49,164
02:46:50,164
02:46:51,164
02:46:52,163
02:46:53,164
02:46:54,164
02:46:55,160
02:46:56,160
02:46:57,160
02:46:58,162
02:46:59,163
02:47:00,161
02:47:02,161
02:47:03,162
02:47:04,162
02:47:05,162
02:47:06,160
02:47:07,155
02:47:08,155
02:47:09,161
02:47:10,163
02:47:11,163
02:47:12,163
02:47:13,163
02:47:14,163
02:47:15,163
02:47:16,161
02:47:17,161
02:47:18,163
02:47:19,162
02:47:20,162
02:47:21,163
02:47:22,165
02:47:23,165
02:47:24,163
02:47:25,162
02:47:26,162
02:47:27,162
02:47:28,161
02:47:29,161
02:47:30,162
02:47:31,163
02:47:32,163
02:47:33,161
02:47:34,162
02:47:35,162
02:47:36,160
02:47:37,162
02:47:38,162
02:47:39,161
02:47:40,164
02:47:41,164
02:47:42,159
02:47:43,162
02:47:44,162
02:47:45,164
02:47:46,160
02:47:47,160
02:47:48,160
02:47:49,161
02:47:50,161
02:47:51,161
02:47:52,163
02:47:53,162
02:47:54,162
02:47:55,163
02:47:56,163
02:47:57,163
02:47:58,160
02:47:59,161
02:48:00,161
02:48:01,162
02:48:02,161
02:48:03,161
02:48:04,161
02:48:05,160
02:48:06,160
02:48:07,161
02:48:08,159
02:48:09,159
02:48:10,159
02:48:11,162
02:48:12,162
02:48:13,159
02:48:14,162
02:48:15,162
02:48:16,162
02:48:17,163
02:48:18,163
02:48:19,159
02:48:20,162
02:48:21,162
02:48:22,161
02:48:23,162
02:48:24,162
02:48:25,161
02:48:26,162
02:48:27,162
02:48:28,163
02:48:29,164
02:48:30,164
02:48:31,165
02:48:32,163
02:48:34,163
02:48:35,163
02:48:36,160
02:48:37,162
02:48:38,162
02:48:39,161
02:48:40,161
02:48:41,161
02:48:42,163
02:48:43,163
02:48:44,163
02:48:45,163
02:48:46,162
02:48:47,162
02:48:48,163
02:48:49,162
02:48:50,162
02:48:51,162
02:48:52,161
02:48:53,161
02:48:54,162
02:48:55,163
02:48:56,163
02:48:57,162
02:48:58,163
02:48:59,163
02:49:00,160
02:49:01,160
02:49:02,160
02:49:03,161
02:49:04,162
02:49:05,162
02:49:06,162
02:49:07,160
02:49:08,160
02:49:09,160
02:49:10,163
02:49:11,163
02:49:12,161
02:49:13,163
02:49:14,163
02:49:15,162
02:49:16,163
02:49:17,163
02:49:18,162
02:49:19,164
02:49:20,164
02:49:21,164
02:49:22,159
02:49:23,161
02:49:24,161
02:49:25,159
02:49:26,161
02:49:27,161
02:49:28,160
02:49:29,161
02:49:30,161
02:49:31,161
02:49:32,163
02:49:33,163
02:49:34,158
02:49:35,162
02:49:36,162
02:49:37,160
02:49:38,162
02:49:39,162
02:49:40,164
02:49:41,160
02:49:42,160
02:49:43,162
02:49:44,161
02:49:45,161
02:49:46,163
02:49:47,164
02:49:48,164
02:49:49,163
02:49:50,162
02:49:51,162
02:49:52,162
02:49:53,162
02:49:54,162
02:49:55,163
02:49:56,161
02:49:57,161
02:49:58,163
02:49:59,163
02:50:00,163
02:50:01,161
02:50:02,162
02:50:04,162
02:50:05,162
02:50:06,162
02:50:07,162
02:50:08,163
02:50:09,162
02:50:10,162
02:50:11,162
02:50:12,164
02:50:13,165
02:50:14,165
02:50:15,161
02:50:16,162
02:50:17,162
02:50:18,163
02:50:19,163
02:50:20,163
02:50:21,158
02:50:22,162
02:50:23,162
02:50:24,160
02:50:25,159
02:50:26,159
02:50:27,161
02:50:28,161
02:50:29,161
02:50:30,161
02:50:31,160
02:50:32,160
02:50:33,161
02:50:34,161
02:50:35,161
02:50:36,161
02:50:37,162
02:50:38,162
02:50:39,160
02:50:40,161
02:50:41,161
02:50:42,162
02:50:43,157
02:50:44,157
02:50:45,162
02:50:46,162
02:50:47,162
02:50:48,162
02:50:49,159
02:50:50,159
02:50:51,161
02:50:52,161
02:50:53,161
02:50:54,162
02:50:55,163
02:50:56,163
02:50:57,161
02:50:58,164
02:50:59,163
02:51:00,163
02:51:01,161
02:51:02,162
02:51:03,162
02:51:04,161
02:51:05,162
02:51:06,162
02:51:07,160
02:51:08,163
02:51:09,163
02:51:10,163
02:51:11,162
02:51:12,162
02:51:13,162
02:51:14,162
02:51:15,162
02:51:16,164
02:51:17,164
02:51:18,164
02:51:19,163
02:51:20,163
02:51:21,163
02:51:22,162
02:51:23,163
02:51:24,163
02:51:25,162
02:51:26,162
02:51:27,162
02:51:28,162
02:51:29,163
02:51:30,163
02:51:31,159
02:51:32,159
02:51:34,159
02:51:35,161
02:51:36,162
02:51:37,162
02:51:38,159
02:51:39,162
02:51:40,162
02:51:41,162
02:51:42,162
02:51:43,162
02:51:44,160
02:51:45,161
02:51:46,161
02:51:47,161
02:51:48,160
02:51:49,160
02:51:50,160
02:51:51,162
02:51:52,160
02:51:53,160
02:51:54,159
02:51:55,162
02:51:56,162
02:51:57,158
02:51:58,160
02:51:59,160
02:52:00,161
02:52:01,160
02:52:02,160
02:52:03,164
02:52:04,163
02:52:05,163
02:52:06,162
02:52:07,161
02:52:08,161
02:52:09,162
02:52:10,166
02:52:11,166
02:52:12,162
02:52:13,162
02:52:14,162
02:52:15,162
02:52:16,161
02:52:17,161
02:52:18,163
02:52:19,162
02:52:20,162
02:52:21,160
02:52:22,162
02:52:23,162
02:52:24,161
02:52:25,162
02:52:26,162
02:52:27,162
02:52:28,162
02:52:29,162
02:52:30,163
02:52:31,161
02:52:32,163
02:52:33,163
02:52:34,161
02:52:35,163
02:52:36,163
02:52:37,164
02:52:38,163
02:52:39,163
02:52:40,160
02:52:41,160
02:52:42,160
02:52:43,162
02:52:44,163
02:52:45,163
02:52:46,163
02:52:47,160
02:52:48,160
02:52:49,162
02:52:50,163
02:52:51,163
02:52:52,160
02:52:53,161
02:52:54,161
02:52:55,162
02:52:56,162
02:52:57,162
02:52:58,162
02:52:59,162
02:53:00,162
02:53:01,160
02:53:02,161
02:53:03,161
02:53:05,158
02:53:06,160
02:53:07,160
02:53:08,160
02:53:09,160
02:53:10,160
02:53:11,163
02:53:12,159
02:53:13,159
02:53:14,162
02:53:15,161
02:53:16,161
02:53:17,164
02:53:18,163
02:53:19,163
02:53:20,164
02:53:21,162
02:53:22,163
02:53:23,163
02:53:24,163
02:53:25,163
02:53:26,163
02:53:27,163
02:53:28,164
02:53:29,164
02:53:30,166
02:53:31,163
02:53:32,163
02:53:33,162
02:53:34,165
02:53:35,165
02:53:36,162
02:53:37,162
02:53:38,162
02:53:39,161
02:53:40,159
02:53:41,159
02:53:42,163
02:53:43,162
02:53:44,162
02:53:45,162
02:53:46,161
02:53:47,161
02:53:48,163
02:53:49,163
02:53:50,163
02:53:51,164
02:53:52,163
02:53:53,163
02:53:54,162
02:53:55,162
02:53:56,162
02:53:57,164
02:53:58,165
02:53:59,165
02:54:00,162
02:54:01,161
02:54:02,160
02:54:03,160
02:54:04,162
02:54:05,161
02:54:06,161
02:54:07,160
02:54:08,161
02:54:09,161
02:54:10,164
02:54:11,162
02:54:12,162
02:54:13,164
02:54:14,161
02:54:15,161
02:54:16,163
02:54:17,162
02:54:18,162
02:54:19,164
02:54:20,161
02:54:21,161
02:54:22,162
02:54:23,163
02:54:24,163
02:54:25,161
02:54:26,162
02:54:27,162
02:54:28,160
02:54:29,153
02:54:31,153
02:54:32,162
02:54:33,160
02:54:34,160
02:54:35,162
02:54:36,164
02:54:37,164
02:54:38,162
02:54:39,164
02:54:40,164
02:54:41,161
02:54:42,161
02:54:43,161
02:54:44,163
02:54:45,162
02:54:46,162
02:54:47,162
02:54:48,161
02:54:49,161
02:54:50,161
02:54:51,163
02:54:52,162
02:54:53,162
02:54:54,159
02:54:55,160
02:54:56,160
02:54:57,161
02:54:58,161
02:54:59,161
02:55:00,161
02:55:01,162
02:55:02,162
02:55:03,160
02:55:04,160
02:55:05,160
02:55:06,164
02:55:07,160
02:55:08,160
02:55:09,160
02:55:10,160
02:55:11,160
02:55:12,163
02:55:13,162
02:55:14,162
02:55:15,161
02:55:16,162
02:55:17,162
02:55:18,164
02:55:19,161
02:55:20,161
02:55:21,163
02:55:22,158
02:55:23,158
02:55:24,161
02:55:25,162
02:55:26,162
02:55:27,161
02:55:28,159
02:55:29,159
02:55:30,159
02:55:31,162
02:55:32,162
02:55:33,161
02:55:34,162
02:55:35,162
02:55:36,163
02:55:37,160
02:55:38,160
02:55:39,160
02:55:40,161
02:55:41,161
02:55:42,161
02:55:43,156
02:55:44,163
02:55:45,163
02:55:46,162
02:55:47,158
02:55:48,158
02:55:49,163
02:55:50,163
02:55:51,163
02:55:52,163
02:55:53,163
02:55:54,163
02:55:55,161
02:55:56,162
02:55:57,162
02:55:58,162
02:55:59,161
02:56:00,161
02:56:02,163
02:56:03,160
02:56:04,160
02:56:05,161
02:56:06,162
02:56:07,162
02:56:08,163
02:56:09,160
02:56:10,160
02:56:11,161
02:56:12,161
02:56:13,161
02:56:14,160
02:56:15,162
02:56:16,162
02:56:17,160
02:56:18,162
02:56:19,162
02:56:20,164
02:56:21,162
02:56:22,162
02:56:23,160
02:56:24,162
02:56:25,162
02:56:26,162
02:56:27,163
02:56:28,162
02:56:29,162
02:56:30,162
02:56:31,162
02:56:32,162
02:56:33,160
02:56:34,162
02:56:35,162
02:56:36,161
02:56:37,163
02:56:38,163
02:56:39,160
02:56:40,158
02:56:41,158
02:56:42,161
02:56:43,161
02:56:44,161
02:56:45,161
02:56:46,161
02:56:47,161
02:56:48,159
02:56:49,160
02:56:50,160
02:56:51,162
02:56:52,160
02:56:53,160
02:56:54,160
02:56:55,163
02:56:56,163
02:56:57,161
02:56:58,161
02:56:59,161
02:57:00,162
02:57:01,160
02:57:02,160
02:57:03,161
02:57:04,160
02:57:05,160
02:57:06,161
02:57:07,163
02:57:08,163
02:57:09,163
02:57:10,161
02:57:11,161
02:57:12,164
02:57:13,162
02:57:14,161
02:57:15,161
02:57:16,162
02:57:17,161
02:57:18,161
02:57:19,161
02:57:20,161
02:57:21,161
02:57:22,162
02:57:23,162
02:57:24,162
02:57:25,162
02:57:26,160
02:57:27,160
02:57:28,162
02:57:29,161
02:57:30,161
02:57:31,162
02:57:33,160
02:57:34,160
02:57:35,162
02:57:36,161
02:57:37,161
02:57:38,161
02:57:39,163
02:57:40,163
02:57:41,162
02:57:42,162
02:57:43,162
02:57:44,162
02:57:45,163
02:57:46,163
02:57:47,163
02:57:48,163
02:57:49,163
02:57:50,162
02:57:51,163
02:57:52,163
02:57:53,160
02:57:54,161
02:57:55,161
02:57:56,161
02:57:57,161
02:57:58,161
02:57:59,162
02:58:00,162
02:58:01,161
02:58:02,161
02:58:03,163
02:58:04,162
02:58:05,162
02:58:06,160
02:58:07,162
02:58:08,162
02:58:09,163
02:58:10,162
02:58:11,162
02:58:12,156
02:58:13,159
02:58:14,159
02:58:15,160
02:58:16,164
02:58:17,164
02:58:18,161
02:58:19,161
02:58:20,161
02:58:21,161
02:58:22,162
02:58:23,162
02:58:24,162
02:58:25,162
02:58:26,162
02:58:27,161
02:58:28,163
02:58:29,163
02:58:30,161
02:58:31,161
02:58:32,161
02:58:33,161
02:58:34,163
02:58:35,163
02:58:36,162
02:58:37,162
02:58:38,162
02:58:39,161
02:58:40,161
02:58:41,161
02:58:42,164
02:58:43,163
02:58:44,163
02:58:45,163
02:58:46,163
02:58:47,163
02:58:48,163
02:58:49,161
02:58:51,163
02:58:52,163
02:58:53,163
02:58:54,163
02:58:55,163
02:58:56,160
02:58:57,164
02:58:58,164
02:58:59,164
02:59:00,161
02:59:01,161
02:59:02,161
02:59:03,161
02:59:04,161
02:59:05,161
02:59:06,161
02:59:07,161
02:59:08,161
02:59:09,162
02:59:10,162
02:59:11,163
02:59:12,160
02:59:13,160
02:59:14,162
02:59:15,163
02:59:16,163
02:59:17,161
02:59:18,157
02:59:19,157
02:59:20,163
02:59:21,162
02:59:22,165
02:59:23,165
02:59:24,162
02:59:25,163
02:59:26,163
02:59:27,160
02:59:28,162
02:59:29,162
02:59:30,161
02:59:31,161
02:59:32,161
02:59:33,164
02:59:34,162
02:59:35,162
02:59:36,161
02:59:37,161
02:59:38,161
02:59:39,160
02:59:40,162
02:59:41,162
02:59:42,162
02:59:43,161
02:59:44,161
02:59:45,162
02:59:46,161
02:59:47,161
02:59:48,161
02:59:49,161
02:59:50,161
02:59:51,162
02:59:52,163
02:59:53,163
02:59:54,163
02:59:55,162
02:59:56,162
02:59:57,161
02:59:58,161
02:59:59,161
03:00:00,161
03:00:01,163
03:00:02,163
03:00:03,162
03:00:04,162
03:00:05,162
03:00:06,162
03:00:07,161
03:00:08,163
03:00:09,163
03:00:10,163
03:00:11,160
03:00:12,160
03:00:13,162
03:00:14,162
03:00:15,162
03:00:16,163
03:00:17,159
03:00:18,159
03:00:20,162
03:00:21,159
03:00:22,159
03:00:23,162
03:00:24,159
03:00:25,159
03:00:26,159
03:00:27,161
03:00:28,161
03:00:29,160
03:00:30,161
03:00:31,161
03:00:32,162
03:00:33,163
03:00:34,163
03:00:35,164
03:00:36,163
03:00:37,163
03:00:38,162
03:00:39,162
03:00:40,162
03:00:41,163
03:00:42,162
03:00:43,162
03:00:44,163
03:00:45,165
03:00:46,165
03:00:47,165
03:00:48,162
03:00:49,162
03:00:50,161
03:00:51,163
03:00:52,163
03:00:53,163
03:00:54,162
03:00:55,162
03:00:56,163
03:00:57,163
03:00:58,161
03:00:59,161
03:01:00,162
03:01:01,161
03:01:02,161
03:01:03,160
03:01:04,162
03:01:05,162
03:01:06,162
03:01:07,162
03:01:08,162
03:01:09,163
03:01:10,164
03:01:11,164
03:01:12,162
03:01:13,162
03:01:14,162
03:01:15,163
03:01:16,161
03:01:17,161
03:01:18,162
03:01:19,163
03:01:20,163
03:01:21,162
03:01:22,161
03:01:23,161
03:01:24,161
03:01:25,160
03:01:26,160
03:01:27,162
03:01:28,162
03:01:29,162
03:01:30,162
03:01:31,160
03:01:32,160
03:01:33,163
03:01:34,161
03:01:35,161
03:01:36,162
03:01:37,162
03:01:38,162
03:01:39,156
03:01:40,163
03:01:41,163
03:01:42,160
03:01:43,164
03:01:44,165
03:01:45,165
03:01:46,163
03:01:47,164
03:01:48,164
03:01:50,166
03:01:51,164
03:01:52,164
03:01:53,164
03:01:54,163
03:01:55,163
03:01:56,163
03:01:57,163
03:01:58,163
03:01:59,162
03:02:00,161
03:02:01,161
03:02:02,162
03:02:03,163
03:02:04,163
03:02:05,163
03:02:06,164
03:02:07,164
03:02:08,164
03:02:09,163
03:02:10,163
03:02:11,163
03:02:12,164
03:02:13,164
03:02:14,164
03:02:15,162
03:02:16,162
03:02:17,161
03:02:18,162
03:02:19,162
03:02:20,163
03:02:21,164
03:02:22,164
03:02:23,160
03:02:24,161
03:02:25,161
03:02:26,162
03:02:27,161
03:02:28,161
03:02:29,162
03:02:30,163
03:02:31,161
03:02:32,161
03:02:33,162
03:02:34,161
03:02:35,161
03:02:36,162
03:02:37,158
03:02:38,158
03:02:39,161
03:02:40,163
03:02:41,163
03:02:42,163
03:02:43,163
03:02:44,163
03:02:45,162
03:02:46,164
03:02:47,164
03:02:48,163
03:02:49,161
03:02:50,161
03:02:51,162
03:02:52,161
03:02:53,161
03:02:54,163
03:02:55,162
03:02:56,162
03:02:57,161
03:02:58,161
03:02:59,161
03:03:00,162
03:03:01,161
03:03:02,161
03:03:03,162
03:03:04,162
03:03:05,162
03:03:06,161
03:03:07,162
03:03:08,162
03:03:09,161
03:03:10,162
03:03:11,162
03:03:12,161
03:03:13,162
03:03:14,162
03:03:15,162
03:03:16,161
03:03:17,161
03:03:18,162
03:03:19,161
03:03:20,161
03:03:22,161
03:03:23,160
03:03:24,162
03:03:25,162
03:03:26,162
03:03:27,165
03:03:28,165
03:03:29,165
03:03:30,160
03:03:31,160
03:03:32,161
03:03:33,161
03:03:34,161
03:03:35,163
03:03:36,161
03:03:37,161
03:03:38,160
03:03:39,162
03:03:40,162
03:03:41,162
03:03:42,164
03:03:43,164
03:03:44,164
03:03:45,162
03:03:46,162
03:03:47,162
03:03:48,161
03:03:49,161
03:03:50,160
03:03:51,161
03:03:52,161
03:03:53,161
03:03:54,162
03:03:55,160
03:03:56,160
03:03:57,162
03:03:58,161
03:03:59,161
03:04:00,162
03:04:01,161
03:04:02,161
03:04:03,161
03:04:04,160
03:04:05,160
03:04:06,158
03:04:07,162
03:04:08,162
03:04:09,158
03:04:10,163
03:04:11,163
03:04:12,160
03:04:13,165
03:04:14,165
03:04:15,164
03:04:16,162
03:04:17,162
03:04:18,163
03:04:19,163
03:04:20,163
03:04:21,174
03:04:22,167
03:04:23,167
03:04:24,169
03:04:25,164
03:04:26,164
03:04:27,168
03:04:28,165
03:04:29,165
03:04:30,161
03:04:31,160
03:04:32,160
03:04:33,163
03:04:34,159
03:04:35,159
03:04:36,162
03:04:37,161
03:04:38,161
03:04:39,164
03:04:40,162
03:04:42,162
03:04:43,160
03:04:44,162
03:04:45,163
03:04:46,163
03:04:47,161
03:04:48,163
03:04:49,163
03:04:50,164
03:04:51,161
03:04:52,161
03:04:53,163
03:04:54,162
03:04:55,162
03:04:56,163
03:04:57,163
03:04:58,163
03:04:59,163
03:05:00,161
03:05:01,161
03:05:02,165
03:05:03,162
03:05:04,162
03:05:05,161
03:05:06,159
03:05:07,159
03:05:08,163
03:05:09,161
03:05:10,161
03:05:11,162
03:05:12,162
03:05:13,162
03:05:14,163
03:05:15,163
03:05:16,163
03:05:17,158
03:05:18,163
03:05:19,163
03:05:20,163
03:05:21,165
03:05:22,165
03:05:23,164
03:05:24,163
03:05:25,163
03:05:26,161
03:05:27,162
03:05:28,162
03:05:29,162
03:05:30,162
03:05:31,163
03:05:32,163
03:05:33,164
03:05:34,162
03:05:35,162
03:05:36,164
03:05:37,163
03:05:38,163
03:05:39,161
03:05:40,160
03:05:41,160
03:05:42,162
03:05:43,164
03:05:44,164
03:05:45,162
03:05:46,161
03:05:47,161
03:05:48,161
03:05:49,163
03:05:50,163
03:05:51,161
03:05:52,161
03:05:53,161
03:05:54,164
03:05:55,162
03:05:56,162
03:05:57,160
03:05:58,159
03:05:59,159
03:06:00,162
03:06:01,164
03:06:02,164
03:06:03,160
03:06:04,162
03:06:05,162
03:06:06,160
03:06:07,162
03:06:08,162
03:06:09,160
03:06:10,160
03:06:11,160
03:06:13,162
03:06:14,161
03:06:15,161
03:06:16,161
03:06:17,162
03:06:18,162
03:06:19,162
03:06:20,163
03:06:21,157
03:06:22,157
03:06:23,162
03:06:24,162
03:06:25,162
03:06:26,163
03:06:27,162
03:06:28,162
03:06:29,161
03:06:30,163
03:06:31,163
03:06:32,163
03:06:33,163
03:06:34,163
03:06:35,166
03:06:36,161
03:06:37,161
03:06:38,163
03:06:39,161
03:06:40,161
03:06:41,164
03:06:42,162
03:06:43,162
03:06:44,162
03:06:45,159
03:06:46,159
03:06:47,162
03:06:48,161
03:06:49,161
03:06:50,163
03:06:51,161
03:06:52,161
03:06:53,163
03:06:54,161
03:06:55,161
03:06:56,163
03:06:57,161
03:06:58,161
03:06:59,161
03:07:00,161
03:07:01,161
03:07:02,161
03:07:03,163
03:07:04,163
03:07:05,162
03:07:06,161
03:07:07,162
03:07:08,162
03:07:09,161
03:07:10,160
03:07:11,160
03:07:12,161
03:07:13,160
03:07:14,160
03:07:15,163
03:07:16,161
03:07:17,161
03:07:18,162
03:07:19,162
03:07:20,162
03:07:21,160
03:07:22,162
03:07:23,162
03:07:24,160
03:07:25,160
03:07:26,160
03:07:27,163
03:07:28,162
03:07:29,162
03:07:30,161
03:07:31,159
03:07:32,159
03:07:33,160
03:07:34,161
03:07:35,161
03:07:36,162
03:07:37,162
03:07:38,162
03:07:39,162
03:07:40,164
03:07:41,164
03:07:43,161
03:07:44,164
03:07:45,164
03:07:46,164
03:07:47,164
03:07:48,164
03:07:49,161
03:07:50,164
03:07:51,164
03:07:52,162
03:07:53,160
03:07:54,161
03:07:55,161
03:07:56,163
03:07:57,161
03:07:58,161
03:07:59,162
03:08:00,162
03:08:01,162
03:08:02,162
03:08:03,161
03:08:04,161
03:08:05,162
03:08:06,161
03:08:07,161
03:08:08,161
03:08:09,164
03:08:10,164
03:08:11,162
03:08:12,162
03:08:13,162
03:08:14,163
03:08:15,164
03:08:16,164
03:08:17,161
03:08:18,159
03:08:19,159
03:08:20,163
03:08:21,163
03:08:22,163
03:08:23,161
03:08:24,160
03:08:25,160
03:08:26,162
03:08:27,162
03:08:28,162
03:08:29,160
03:08:30,163
03:08:31,163
03:08:32,160
03:08:33,162
03:08:34,162
03:08:35,163
03:08:36,160
03:08:37,160
03:08:38,162
03:08:39,161
03:08:40,162
03:08:41,162
03:08:42,162
03:08:43,163
03:08:44,163
03:08:45,162
03:08:46,162
03:08:47,162
03:08:48,158
03:08:49,163
03:08:50,163
03:08:51,161
03:08:52,161
03:08:53,161
03:08:54,165
03:08:55,157
03:08:56,157
03:08:57,161
03:08:58,161
03:08:59,161
03:09:00,162
03:09:01,162
03:09:03,162
03:09:04,160
03:09:05,160
03:09:06,160
03:09:07,163
03:09:08,164
03:09:09,164
03:09:10,160
03:09:11,163
03:09:12,163
03:09:13,162
03:09:14,160
03:09:15,160
03:09:16,162
03:09:17,161
03:09:18,160
03:09:19,160
03:09:20,158
03:09:21,164
03:09:22,164
03:09:23,163
03:09:24,164
03:09:25,164
03:09:26,164
03:09:27,163
03:09:28,163
03:09:29,161
03:09:30,163
03:09:31,163
03:09:32,163
03:09:33,164
03:09:34,164
03:09:35,161
03:09:36,161
03:09:37,161
03:09:38,161
03:09:39,160
03:09:40,160
03:09:41,160
03:09:42,164
03:09:43,164
03:09:44,160
03:09:45,162
03:09:46,162
03:09:47,161
03:09:48,159
03:09:49,159
03:09:50,159
03:09:51,160
03:09:52,160
03:09:53,164
03:09:54,162
03:09:55,162
03:09:56,162
03:09:57,160
03:09:58,160
03:09:59,161
03:10:00,162
03:10:01,162
03:10:02,164
03:10:03,159
03:10:04,162
03:10:05,162
03:10:06,161
03:10:07,162
03:10:08,162
03:10:09,162
03:10:10,160
03:10:11,160
03:10:12,164
03:10:13,165
03:10:14,165
03:10:15,163
03:10:16,161
03:10:17,161
03:10:18,161
03:10:19,164
03:10:20,164
03:10:21,162
03:10:22,162
03:10:23,162
03:10:24,162
03:10:25,162
03:10:26,162
03:10:27,163
03:10:28,162
03:10:29,162
03:10:30,162
03:10:31,160
03:10:32,160
03:10:33,163
03:10:35,161
03:10:36,161
03:10:37,162
03:10:38,161
03:10:39,161
03:10:40,161
03:10:41,162
03:10:42,162
03:10:43,160
03:10:44,161
03:10:45,161
03:10:46,161
03:10:47,163
03:10:48,163
03:10:49,162
03:10:50,161
03:10:51,161
03:10:52,162
03:10:53,162
03:10:54,160
03:10:55,160
03:10:56,158
03:10:57,161
03:10:58,161
03:10:59,160
03:11:00,159
03:11:01,159
03:11:02,163
03:11:03,162
03:11:04,162
03:11:05,161
03:11:06,162
03:11:07,162
03:11:08,160
03:11:09,159
03:11:10,159
03:11:11,163
03:11:12,163
03:11:13,163
03:11:14,155
03:11:15,162
03:11:16,162
03:11:17,162
03:11:18,163
03:11:19,163
03:11:20,162
03:11:21,165
03:11:22,165
03:11:23,163
03:11:24,161
03:11:25,161
03:11:26,161
03:11:27,163
03:11:28,163
03:11:29,163
03:11:30,162
03:11:31,162
03:11:32,162
03:11:33,162
03:11:34,162
03:11:35,161
03:11:36,162
03:11:37,162
03:11:38,163
03:11:39,162
03:11:40,164
03:11:41,164
03:11:42,162
03:11:43,161
03:11:44,161
03:11:45,161
03:11:46,161
03:11:47,161
03:11:48,161
03:11:49,163
03:11:50,163
03:11:51,161
03:11:52,163
03:11:53,163
03:11:54,164
03:11:55,162
03:11:56,162
03:11:57,162
03:11:58,163
03:11:59,163
03:12:00,161
03:12:01,163
03:12:02,163
03:12:03,161
03:12:04,163
03:12:06,163
03:12:07,162
03:12:08,163
03:12:09,163
03:12:10,161
03:12:11,163
03:12:12,163
03:12:13,163
03:12:14,160
03:12:15,160
03:12:16,160
03:12:17,160
03:12:18,160
03:12:19,162
03:12:20,162
03:12:21,162
03:12:22,160
03:12:23,162
03:12:24,162
03:12:25,164
03:12:26,161
03:12:27,162
03:12:28,162
03:12:29,162
03:12:30,163
03:12:31,163
03:12:32,161
03:12:33,162
03:12:34,162
03:12:35,164
03:12:36,161
03:12:37,161
03:12:38,163
03:12:39,163
03:12:40,163
03:12:41,161
03:12:42,161
03:12:43,161
03:12:44,160
03:12:45,159
03:12:46,159
03:12:47,161
03:12:48,163
03:12:49,163
03:12:50,161
03:12:51,161
03:12:52,161
03:12:53,161
03:12:54,162
03:12:55,162
03:12:56,160
03:12:57,161
03:12:58,161
03:12:59,160
03:13:00,161
03:13:01,161
03:13:02,163
03:13:03,159
03:13:04,159
03:13:05,162
03:13:06,162
03:13:07,162
03:13:08,160
03:13:09,160
03:13:10,160
03:13:11,162
03:13:12,162
03:13:13,162
03:13:14,159
03:13:15,161
03:13:16,161
03:13:17,161
03:13:18,161
03:13:19,162
03:13:20,162
03:13:21,162
03:13:22,162
03:13:23,162
03:13:24,160
03:13:25,161
03:13:26,161
03:13:27,162
03:13:28,159
03:13:29,159
03:13:30,162
03:13:31,162
03:13:32,162
03:13:33,164
03:13:34,161
03:13:36,161
03:13:37,164
03:13:38,163
03:13:39,163
03:13:40,163
03:13:41,162
03:13:42,162
03:13:43,160
03:13:44,162
03:13:45,162
03:13:46,161
03:13:47,162
03:13:48,162
03:13:49,161
03:13:50,164
03:13:51,162
03:13:52,162
03:13:53,160
03:13:54,161
03:13:55,161
03:13:56,162
03:13:57,161
03:13:58,161
03:13:59,163
03:14:00,163
03:14:01,163
03:14:02,162
03:14:03,159
03:14:04,159
03:14:05,161
03:14:06,162
03:14:07,162
03:14:08,161
03:14:09,163
03:14:10,163
03:14:11,162
03:14:12,160
03:14:13,160
03:14:14,162
03:14:15,159
03:14:16,159
03:14:17,162
03:14:18,160
03:14:19,160
03:14:20,162
03:14:21,163
03:14:22,163
03:14:23,159
03:14:24,162
03:14:25,162
03:14:26,160
03:14:27,159
03:14:28,159
03:14:29,162
03:14:30,162
03:14:31,162
03:14:32,160
03:14:33,162
03:14:34,162
03:14:35,161
03:14:36,160
03:14:37,162
03:14:38,162
03:14:39,158
03:14:40,159
03:14:41,159
03:14:42,162
03:14:43,162
03:14:44,162
03:14:45,163
03:14:46,164
03:14:47,164
03:14:48,163
03:14:49,160
03:14:50,160
03:14:51,164
03:14:52,162
03:14:53,162
03:14:55,163
03:14:56,161
03:14:57,161
03:14:58,163
03:14:59,161
03:15:00,161
03:15:01,162
03:15:02,161
03:15:03,161
03:15:04,162
03:15:05,163
03:15:06,163
03:15:07,162
03:15:08,163
03:15:09,163
03:15:10,160
03:15:11,162
03:15:12,162
03:15:13,162
03:15:14,164
03:15:15,164
03:15:16,160
03:15:17,164
03:15:18,164
03:15:19,163
03:15:20,165
03:15:21,165
03:15:22,162
03:15:23,164
03:15:24,164
03:15:25,162
03:15:26,161
03:15:27,159
03:15:28,159
03:15:29,159
03:15:30,161
03:15:31,161
03:15:32,159
03:15:33,164
03:15:34,164
03:15:35,162
03:15:36,161
03:15:37,161
03:15:38,162
03:15:39,162
03:15:40,162
03:15:41,160
03:15:42,162
03:15:43,162
03:15:44,163
03:15:45,162
03:15:46,162
03:15:47,162
03:15:48,159
03:15:49,159
03:15:50,161
03:15:51,162
03:15:52,162
03:15:53,162
03:15:54,161
03:15:55,161
03:15:56,158
03:15:57,164
03:15:58,164
03:15:59,162
03:16:00,161
03:16:01,161
03:16:02,162
03:16:03,158
03:16:04,158
03:16:05,162
03:16:06,163
03:16:07,163
03:16:08,162
03:16:09,164
03:16:10,164
03:16:11,160
03:16:12,162
03:16:13,165
03:16:14,165
03:16:15,161
03:16:16,162
03:16:17,162
03:16:18,164
03:16:19,162
03:16:20,162
03:16:21,161
03:16:22,163
03:16:23,163
03:16:25,163
03:16:26,163
03:16:27,163
03:16:28,163
03:16:29,162
03:16:30,162
03:16:31,162
03:16:32,162
03:16:33,162
03:16:34,162
03:16:35,160
03:16:36,160
03:16:37,164
03:16:38,161
03:16:39,161
03:16:40,162
03:16:41,164
03:16:42,164
03:16:43,164
03:16:44,161
03:16:45,161
03:16:46,161
03:16:47,163
03:16:48,163
03:16:49,161
03:16:50,160
03:16:51,160
03:16:52,159
03:16:53,158
03:16:54,158
03:16:55,160
03:16:56,160
03:16:57,160
03:16:58,162
03:16:59,163
03:17:00,160
03:17:01,160
03:17:02,161
03:17:03,160
03:17:04,160
03:17:05,160
03:17:06,163
03:17:07,163
03:17:08,161
03:17:09,161
03:17:10,161
03:17:11,162
03:17:12,161
03:17:13,161
03:17:14,161
03:17:15,156
03:17:16,156
03:17:17,161
03:17:18,159
03:17:19,159
03:17:20,162
03:17:21,161
03:17:22,161
03:17:23,162
03:17:24,159
03:17:25,159
03:17:26,163
03:17:27,161
03:17:28,161
03:17:29,162
03:17:30,161
03:17:31,161
03:17:32,161
03:17:33,160
03:17:34,160
03:17:35,162
03:17:36,160
03:17:37,160
03:17:38,164
03:17:39,162
03:17:40,162
03:17:41,163
03:17:42,161
03:17:43,161
03:17:44,163
03:17:45,161
03:17:46,161
03:17:47,163
03:17:48,160
03:17:49,162
03:17:50,162
03:17:51,162
03:17:52,162
03:17:53,162
03:17:54,162
03:17:56,163
03:17:57,163
03:17:58,161
03:17:59,160
03:18:00,160
03:18:01,161
03:18:02,161
03:18:03,161
03:18:04,159
03:18:05,161
03:18:06,161
03:18:07,160
03:18:08,161
03:18:09,161
03:18:10,162
03:18:11,160
03:18:12,160
03:18:13,162
03:18:14,163
03:18:15,163
03:18:16,163
03:18:17,160
03:18:18,160
03:18:19,162
03:18:20,162
03:18:21,162
03:18:22,161
03:18:23,155
03:18:24,155
03:18:25,162
03:18:26,162
03:18:27,162
03:18:28,161
03:18:29,161
03:18:30,161
03:18:31,160
03:18:32,162
03:18:33,162
03:18:34,162
03:18:35,162
03:18:36,163
03:18:37,163
03:18:38,164
03:18:39,164
03:18:40,164
03:18:41,161
03:18:42,162
03:18:43,162
03:18:44,160
03:18:45,162
03:18:46,162
03:18:47,163
03:18:48,162
03:18:49,162
03:18:50,163
03:18:51,163
03:18:52,163
03:18:53,164
03:18:54,162
03:18:55,162
03:18:56,163
03:18:57,161
03:18:58,161
03:18:59,162
03:19:00,162
03:19:01,162
03:19:02,164
03:19:03,165
03:19:04,165
03:19:05,163
03:19:06,162
03:19:07,162
03:19:08,161
03:19:09,163
03:19:10,160
03:19:11,160
03:19:12,161
03:19:13,161
03:19:15,161
03:19:16,161
03:19:17,160
03:19:18,160
03:19:19,159
03:19:20,162
03:19:21,162
03:19:22,159
03:19:23,160
03:19:24,160
03:19:25,162
03:19:26,162
03:19:27,162
03:19:28,161
03:19:29,162
03:19:30,162
03:19:31,162
03:19:32,160
03:19:33,160
03:19:34,161
03:19:35,160
03:19:36,160
03:19:37,157
03:19:38,162
03:19:39,162
03:19:40,162
03:19:41,162
03:19:42,162
03:19:43,165
03:19:44,162
03:19:45,162
03:19:46,166
03:19:47,162
03:19:48,162
03:19:49,164
03:19:50,162
03:19:51,162
03:19:52,163
03:19:53,163
03:19:54,163
03:19:55,163
03:19:56,162
03:19:57,161
03:19:58,161
03:19:59,162
03:20:00,161
03:20:01,161
03:20:02,163
03:20:03,162
03:20:04,162
03:20:05,162
03:20:06,164
03:20:07,164
03:20:08,163
03:20:09,164
03:20:10,164
03:20:11,163
03:20:12,164
03:20:13,164
03:20:14,164
03:20:15,162
03:20:16,162
03:20:17,162
03:20:18,162
03:20:19,162
03:20:20,160
03:20:21,160
03:20:22,160
03:20:23,163
03:20:24,161
03:20:25,161
03:20:26,162
03:20:27,162
03:20:28,162
03:20:29,161
03:20:30,162
03:20:31,162
03:20:32,160
03:20:33,160
03:20:34,160
03:20:35,160
03:20:36,161
03:20:37,161
03:20:38,161
03:20:39,162
03:20:40,162
03:20:41,160
03:20:42,162
03:20:43,162
03:20:44,165
03:20:46,163
03:20:47,162
03:20:48,162
03:20:49,164
03:20:50,164
03:20:51,164
03:20:52,162
03:20:53,161
03:20:54,161
03:20:55,161
03:20:56,163
03:20:57,163
03:20:58,161
03:20:59,163
03:21:00,163
03:21:01,162
03:21:02,161
03:21:03,161
03:21:04,159
03:21:05,163
03:21:06,163
03:21:07,162
03:21:08,162
03:21:09,162
03:21:10,161
03:21:11,161
03:21:12,161
03:21:13,160
03:21:14,162
03:21:15,162
03:21:16,162
03:21:17,161
03:21:18,161
03:21:19,160
03:21:20,161
03:21:21,161
03:21:22,162
03:21:23,160
03:21:24,160
03:21:25,163
03:21:26,160
03:21:27,160
03:21:28,159
03:21:29,159
03:21:30,159
03:21:31,160
03:21:32,162
03:21:33,162
03:21:34,162
03:21:35,162
03:21:36,164
03:21:37,164
03:21:38,162
03:21:39,163
03:21:40,163
03:21:41,160
03:21:42,162
03:21:43,162
03:21:44,162
03:21:45,161
03:21:46,161
03:21:47,159
03:21:48,162
03:21:49,162
03:21:50,163
03:21:51,161
03:21:52,161
03:21:53,160
03:21:54,163
03:21:55,163
03:21:56,163
03:21:57,163
03:21:58,163
03:21:59,164
03:22:00,161
03:22:01,161
03:22:02,161
03:22:03,163
03:22:04,163
03:22:05,162
03:22:06,158
03:22:07,158
03:22:08,163
03:22:09,162
03:22:10,162
03:22:11,161
03:22:12,160
03:22:13,160
03:22:14,161
03:22:15,160
03:22:17,160
03:22:18,162
03:22:19,160
03:22:20,160
03:22:21,159
03:22:22,161
03:22:23,163
03:22:24,163
03:22:25,161
03:22:26,159
03:22:27,159
03:22:28,158
03:22:29,163
03:22:30,163
03:22:31,164
03:22:32,163
03:22:33,163
03:22:34,162
03:22:35,163
03:22:36,163
03:22:37,163
03:22:38,164
03:22:39,164
03:22:40,162
03:22:41,160
03:22:42,160
03:22:43,161
03:22:44,162
03:22:45,162
03:22:46,162
03:22:47,161
03:22:48,161
03:22:49,161
03:22:50,162
03:22:51,162
03:22:52,160
03:22:53,160
03:22:54,160
03:22:55,163
03:22:56,163
03:22:57,163
03:22:58,161
03:22:59,159
03:23:00,159
03:23:01,162
03:23:02,161
03:23:03,161
03:23:04,163
03:23:05,162
03:23:06,162
03:23:07,161
03:23:08,162
03:23:09,157
03:23:10,157
03:23:11,164
03:23:12,163
03:23:13,163
03:23:14,164
03:23:15,163
03:23:16,163
03:23:17,163
03:23:18,162
03:23:19,162
03:23:20,162
03:23:21,162
03:23:22,162
03:23:23,160
03:23:24,162
03:23:25,162
03:23:26,161
03:23:27,160
03:23:28,160
03:23:29,162
03:23:30,162
03:23:31,162
03:23:32,160
03:23:33,162
03:23:34,162
03:23:35,164
03:23:36,162
03:23:37,162
03:23:38,161
03:23:39,161
03:23:40,161
03:23:41,163
03:23:42,163
03:23:43,163
03:23:45,161
03:23:46,162
03:23:47,162
03:23:48,162
03:23:49,164
03:23:50,161
03:23:51,161
03:23:52,162
03:23:53,163
03:23:54,163
03:23:55,161
03:23:56,164
03:23:57,164
03:23:58,160
03:23:59,162
03:24:00,162
03:24:01,163
03:24:02,161
03:24:03,161
03:24:04,163
03:24:05,163
03:24:06,163
03:24:07,159
03:24:08,160
03:24:09,160
03:24:10,161
03:24:11,161
03:24:12,161
03:24:13,162
03:24:14,160
03:24:15,160
03:24:16,161
03:24:17,159
03:24:18,159
03:24:19,160
03:24:20,162
03:24:21,162
03:24:22,161
03:24:23,161
03:24:24,161
03:24:25,160
03:24:26,155
03:24:27,155
03:24:28,162
03:24:29,162
03:24:30,161
03:24:31,161
03:24:32,162
03:24:33,162
03:24:34,162
03:24:35,161
03:24:36,162
03:24:37,162
03:24:38,162
03:24:39,161
03:24:40,161
03:24:41,162
03:24:42,160
03:24:43,160
03:24:44,162
03:24:45,158
03:24:46,158
03:24:47,161
03:24:48,162
03:24:49,162
03:24:50,161
03:24:51,164
03:24:52,164
03:24:53,163
03:24:54,161
03:24:55,161
03:24:56,163
03:24:57,161
03:24:58,161
03:24:59,164
03:25:00,164
03:25:01,164
03:25:02,162
03:25:03,163
03:25:04,163
03:25:06,162
03:25:07,163
03:25:08,163
03:25:09,162
03:25:10,162
03:25:11,162
03:25:12,162
03:25:13,160
03:25:14,160
03:25:15,163
03:25:16,161
03:25:17,161
03:25:18,162
03:25:19,162
03:25:20,163
03:25:21,163
03:25:22,163
03:25:23,161
03:25:24,161
03:25:25,163
03:25:26,164
03:25:27,164
03:25:28,162
03:25:29,162
03:25:30,162
03:25:31,162
03:25:32,162
03:25:33,162
03:25:34,162
03:25:35,164
03:25:36,164
03:25:37,163
03:25:38,163
03:25:39,163
03:25:40,164
03:25:41,164
03:25:42,164
03:25:43,161
03:25:44,162
03:25:45,162
03:25:46,161
03:25:47,163
03:25:48,163
03:25:49,164
03:25:50,159
03:25:51,159
03:25:52,162
03:25:53,159
03:25:54,159
03:25:55,161
03:25:56,161
03:25:57,161
03:25:58,164
03:25:59,162
03:26:00,162
03:26:01,161
03:26:02,162
03:26:03,162
03:26:04,163
03:26:05,162
03:26:06,163
03:26:07,163
03:26:08,164
03:26:09,164
03:26:10,164
03:26:11,162
03:26:12,163
03:26:13,163
03:26:14,165
03:26:15,163
03:26:16,163
03:26:17,163
03:26:18,163
03:26:19,163
03:26:20,163
03:26:21,162
03:26:22,162
03:26:23,160
03:26:24,161
03:26:25,161
03:26:26,160
03:26:27,163
03:26:28,163
03:26:29,163
03:26:30,159
03:26:31,159
03:26:32,161
03:26:33,161
03:26:35,161
03:26:36,163
03:26:37,163
03:26:38,163
03:26:39,163
03:26:40,161
03:26:41,161
03:26:42,164
03:26:43,156
03:26:44,156
03:26:45,162
03:26:46,158
03:26:47,158
03:26:48,162
03:26:49,164
03:26:50,164
03:26:51,165
03:26:52,162
03:26:53,161
03:26:54,161
03:26:55,161
03:26:56,163
03:26:57,163
03:26:58,161
03:26:59,160
03:27:00,160
03:27:01,162
03:27:02,162
03:27:03,162
03:27:04,161
03:27:05,159
03:27:06,159
03:27:07,163
03:27:08,160
03:27:09,160
03:27:10,164
03:27:11,163
03:27:12,163
03:27:13,162
03:27:14,163
03:27:15,163
03:27:16,163
03:27:17,163
03:27:18,163
03:27:19,161
03:27:20,163
03:27:21,163
03:27:22,162
03:27:23,162
03:27:24,162
03:27:25,160
03:27:26,161
03:27:27,161
03:27:28,160
03:27:29,161
03:27:30,161
03:27:31,161
03:27:32,161
03:27:33,161
03:27:34,162
03:27:35,162
03:27:36,162
03:27:37,161
03:27:38,158
03:27:39,159
03:27:40,159
03:27:41,163
03:27:42,159
03:27:43,159
03:27:44,160
03:27:45,159
03:27:46,159
03:27:47,161
03:27:48,161
03:27:49,161
03:27:50,161
03:27:51,163
03:27:52,163
03:27:53,160
03:27:54,158
03:27:55,158
03:27:56,153
03:27:57,161
03:27:58,161
03:27:59,160
03:28:00,162
03:28:01,162
03:28:02,162
03:28:03,164
03:28:05,164
03:28:06,162
03:28:07,162
03:28:08,162
03:28:09,162
03:28:10,162
03:28:11,162
03:28:12,161
03:28:13,160
03:28:14,160
03:28:15,161
03:28:16,164
03:28:17,164
03:28:18,162
03:28:19,159
03:28:20,159
03:28:21,161
03:28:22,163
03:28:23,163
03:28:24,163
03:28:25,162
03:28:26,162
03:28:27,161
03:28:28,162
03:28:29,161
03:28:30,161
03:28:31,160
03:28:32,163
03:28:33,163
03:28:34,164
03:28:35,160
03:28:36,160
03:28:37,162
03:28:38,158
03:28:39,158
03:28:40,161
03:28:41,162
03:28:42,162
03:28:43,161
03:28:44,161
03:28:45,161
03:28:46,161
03:28:47,161
03:28:48,161
03:28:49,162
03:28:50,161
03:28:51,161
03:28:52,163
03:28:53,162
03:28:54,162
03:28:55,160
03:28:56,161
03:28:57,161
03:28:58,161
03:28:59,159
03:29:00,159
03:29:01,161
03:29:02,163
03:29:03,163
03:29:04,162
03:29:05,160
03:29:06,159
03:29:07,159
03:29:08,156
03:29:09,161
03:29:10,161
03:29:11,160
03:29:12,161
03:29:13,161
03:29:14,161
03:29:15,162
03:29:16,162
03:29:17,162
03:29:18,161
03:29:19,161
03:29:20,162
03:29:21,162
03:29:22,162
03:29:23,162
03:29:24,161
03:29:25,161
03:29:26,162
03:29:28,164
03:29:29,164
03:29:30,161
03:29:31,163
03:29:32,163
03:29:33,162
03:29:34,163
03:29:35,163
03:29:36,159
03:29:37,161
03:29:38,161
03:29:39,162
03:29:40,164
03:29:41,164
03:29:42,161
03:29:43,163
03:29:44,163
03:29:45,162
03:29:46,163
03:29:47,163
03:29:48,162
03:29:49,161
03:29:50,161
03:29:51,159
03:29:52,158
03:29:53,159
03:29:54,159
03:29:55,161
03:29:56,160
03:29:57,160
03:29:58,160
03:29:59,160
03:30:00,160
03:30:01,160
03:30:02,161
03:30:03,161
03:30:04,160
03:30:05,159
03:30:06,159
03:30:07,164
03:30:08,165
03:30:09,165
03:30:10,163
03:30:11,159
03:30:12,159
03:30:13,155
03:30:14,163
03:30:15,163
03:30:16,163
03:30:17,164
03:30:18,164
03:30:19,164
03:30:20,163
03:30:21,163
03:30:22,165
03:30:23,161
03:30:24,161
03:30:25,160
03:30:26,161
03:30:27,161
03:30:28,162
03:30:29,164
03:30:30,164
03:30:31,161
03:30:32,161
03:30:33,161
03:30:34,163
03:30:35,162
03:30:36,162
03:30:37,164
03:30:38,162
03:30:39,163
03:30:40,163
03:30:41,161
03:30:42,162
03:30:43,162
03:30:44,160
03:30:45,162
03:30:46,162
03:30:47,163
03:30:48,162
03:30:49,162
03:30:50,164
03:30:51,162
03:30:52,162
03:30:53,162
03:30:54,161
03:30:55,161
03:30:56,163
03:30:58,161
03:30:59,161
03:31:00,162
03:31:01,162
03:31:02,162
03:31:03,162
03:31:04,163
03:31:05,163
03:31:06,164
03:31:07,161
03:31:08,161
03:31:09,162
03:31:10,162
03:31:11,162
03:31:12,161
03:31:13,160
03:31:14,160
03:31:15,162
03:31:16,161
03:31:17,161
03:31:18,160
03:31:19,159
03:31:20,159
03:31:21,161
03:31:22,158
03:31:23,158
03:31:24,161
03:31:25,161
03:31:26,163
03:31:27,163
03:31:28,159
03:31:29,162
03:31:30,162
03:31:31,162
03:31:32,164
03:31:33,164
03:31:34,162
03:31:35,163
03:31:36,163
03:31:37,162
03:31:38,162
03:31:39,162
03:31:40,163
03:31:41,164
03:31:42,164
03:31:43,161
03:31:44,163
03:31:45,163
03:31:46,162
03:31:47,163
03:31:48,163
03:31:49,160
03:31:50,162
03:31:51,162
03:31:52,160
03:31:53,162
03:31:54,162
03:31:55,161
03:31:56,160
03:31:57,160
03:31:58,163
03:31:59,161
03:32:00,161
03:32:01,160
03:32:02,161
03:32:03,161
03:32:04,162
03:32:05,164
03:32:06,164
03:32:07,160
03:32:08,160
03:32:09,160
03:32:10,162
03:32:11,161
03:32:12,161
03:32:13,161
03:32:14,161
03:32:15,162
03:32:16,162
03:32:17,163
03:32:18,160
03:32:19,160
03:32:20,162
03:32:21,163
03:32:22,163
03:32:23,163
03:32:24,159
03:32:25,159
03:32:26,165
03:32:28,164
03:32:29,164
03:32:30,163
03:32:31,163
03:32:32,163
03:32:33,165
03:32:34,161
03:32:35,161
03:32:36,162
03:32:37,160
03:32:38,160
03:32:39,162
03:32:40,163
03:32:41,163
03:32:42,161
03:32:43,162
03:32:44,162
03:32:45,162
03:32:46,162
03:32:47,162
03:32:48,161
03:32:49,161
03:32:50,161
03:32:51,161
03:32:52,160
03:32:53,160
03:32:54,164
03:32:55,158
03:32:56,158
03:32:57,162
03:32:58,162
03:32:59,162
03:33:00,159
03:33:01,160
03:33:02,162
03:33:03,162
03:33:04,161
03:33:05,161
03:33:06,161
03:33:07,160
03:33:08,162
03:33:09,162
03:33:10,157
03:33:11,160
03:33:12,160
03:33:13,163
03:33:14,162
03:33:15,162
03:33:16,162
03:33:17,159
03:33:18,159
03:33:19,161
03:33:20,161
03:33:21,161
03:33:22,162
03:33:23,161
03:33:24,161
03:33:25,162
03:33:26,163
03:33:27,163
03:33:28,158
03:33:29,162
03:33:30,162
03:33:31,161
03:33:32,161
03:33:33,161
03:33:34,162
03:33:35,160
03:33:36,160
03:33:37,155
03:33:38,164
03:33:39,164
03:33:40,164
03:33:41,163
03:33:42,163
03:33:43,162
03:33:44,163
03:33:45,163
03:33:46,163
03:33:48,162
03:33:49,163
03:33:50,163
03:33:51,160
03:33:52,162
03:33:53,162
03:33:54,161
03:33:55,161
03:33:56,161
03:33:57,160
03:33:58,160
03:33:59,160
03:34:00,163
03:34:01,160
03:34:02,160
03:34:03,160
03:34:04,162
03:34:05,162
03:34:06,162
03:34:07,160
03:34:08,160
03:34:09,160
03:34:10,162
03:34:11,162
03:34:12,162
03:34:13,162
03:34:14,162
03:34:15,161
03:34:16,163
03:34:17,163
03:34:18,162
03:34:19,163
03:34:20,163
03:34:21,160
03:34:22,162
03:34:23,162
03:34:24,162
03:34:25,162
03:34:26,160
03:34:27,160
03:34:28,160
03:34:29,160
03:34:30,160
03:34:31,160
03:34:32,161
03:34:33,161
03:34:34,162
03:34:35,160
03:34:36,160
03:34:37,160
03:34:38,160
03:34:39,160
03:34:40,159
03:34:41,159
03:34:42,159
03:34:43,158
03:34:44,159
03:34:45,159
03:34:46,163
03:34:47,163
03:34:48,163
03:34:49,162
03:34:50,163
03:34:51,163
03:34:52,160
03:34:53,163
03:34:54,163
03:34:55,162
03:34:56,162
03:34:57,162
03:34:58,162
03:34:59,162
03:35:00,162
03:35:01,162
03:35:02,162
03:35:03,162
03:35:04,160
03:35:05,163
03:35:06,163
03:35:07,161
03:35:08,161
03:35:09,161
03:35:10,160
03:35:11,159
03:35:12,161
03:35:13,161
03:35:14,162
03:35:15,163
03:35:16,163
03:35:17,160
03:35:19,162
03:35:20,162
03:35:21,161
03:35:22,160
03:35:23,160
03:35:24,163
03:35:25,162
03:35:26,162
03:35:27,164
03:35:28,162
03:35:29,162
03:35:30,160
03:35:31,159
03:35:32,159
03:35:33,162
03:35:34,162
03:35:35,162
03:35:36,159
03:35:37,162
03:35:38,162
03:35:39,163
03:35:40,161
03:35:41,161
03:35:42,161
03:35:43,160
03:35:44,160
03:35:45,162
03:35:46,161
03:35:47,161
03:35:48,162
03:35:49,162
03:35:50,162
03:35:51,160
03:35:52,163
03:35:53,163
03:35:54,164
03:35:55,161
03:35:56,161
03:35:57,159
03:35:58,161
03:35:59,165
03:36:00,165
03:36:01,162
03:36:02,162
03:36:03,162
03:36:04,160
03:36:05,162
03:36:06,162
03:36:07,161
03:36:08,159
03:36:09,159
03:36:10,161
03:36:11,162
03:36:12,162
03:36:13,161
03:36:14,163
03:36:15,163
03:36:16,160
03:36:17,161
03:36:18,161
03:36:19,162
03:36:20,162
03:36:21,162
03:36:22,162
03:36:23,161
03:36:24,161
03:36:25,163
03:36:26,163
03:36:27,163
03:36:28,161
03:36:29,162
03:36:30,162
03:36:31,164
03:36:32,162
03:36:33,162
03:36:34,161
03:36:35,162
03:36:36,162
03:36:37,163
03:36:38,164
03:36:39,164
03:36:40,160
03:36:41,161
03:36:42,161
03:36:43,160
03:36:44,160
03:36:45,161
03:36:46,161
03:36:47,162
03:36:48,161
03:36:49,161
03:36:51,162
03:36:52,162
03:36:53,162
03:36:54,162
03:36:55,162
03:36:56,162
03:36:57,159
03:36:58,161
03:36:59,161
03:37:00,162
03:37:01,159
03:37:02,159
03:37:03,161
03:37:04,161
03:37:05,161
03:37:06,162
03:37:07,162
03:37:08,162
03:37:09,157
03:37:10,161
03:37:11,161
03:37:12,156
03:37:13,162
03:37:14,162
03:37:15,163
03:37:16,161
03:37:17,161
03:37:18,163
03:37:19,163
03:37:20,163
03:37:21,163
03:37:22,159
03:37:23,159
03:37:24,160
03:37:25,161
03:37:26,161
03:37:27,161
03:37:28,161
03:37:29,161
03:37:30,161
03:37:31,161
03:37:32,161
03:37:33,162
03:37:34,161
03:37:35,161
03:37:36,161
03:37:37,161
03:37:38,161
03:37:39,161
03:37:40,163
03:37:41,163
03:37:42,163
03:37:43,162
03:37:44,160
03:37:45,160
03:37:46,162
03:37:47,162
03:37:48,162
03:37:49,162
03:37:50,164
03:37:51,164
03:37:52,161
03:37:53,161
03:37:54,161
03:37:55,162
03:37:56,159
03:37:57,159
03:37:58,162
03:37:59,161
03:38:00,161
03:38:01,162
03:38:02,161
03:38:03,161
03:38:04,161
03:38:05,163
03:38:06,163
03:38:07,161
03:38:08,159
03:38:09,159
03:38:10,162
03:38:11,161
03:38:12,161
03:38:13,164
03:38:14,159
03:38:15,159
03:38:16,163
03:38:17,162
03:38:18,162
03:38:19,162
03:38:20,163
03:38:22,160
03:38:23,160
03:38:24,159
03:38:25,162
03:38:26,162
03:38:27,162
03:38:28,161
03:38:29,161
03:38:30,162
03:38:31,160
03:38:32,160
03:38:33,163
03:38:34,160
03:38:35,160
03:38:36,162
03:38:37,161
03:38:38,161
03:38:39,160
03:38:40,162
03:38:41,162
03:38:42,161
03:38:43,160
03:38:44,160
03:38:45,162
03:38:46,162
03:38:47,162
03:38:48,161
03:38:49,162
03:38:50,162
03:38:51,161
03:38:52,161
03:38:53,161
03:38:54,163
03:38:55,164
03:38:56,164
03:38:57,165
03:38:58,165
03:38:59,165
03:39:00,164
03:39:01,160
03:39:02,160
03:39:03,163
03:39:04,163
03:39:05,163
03:39:06,162
03:39:07,162
03:39:08,163
03:39:09,163
03:39:10,161
03:39:11,160
03:39:12,160
03:39:13,162
03:39:14,164
03:39:15,164
03:39:16,161
03:39:17,162
03:39:18,162
03:39:19,161
03:39:20,161
03:39:21,161
03:39:22,162
03:39:23,161
03:39:24,161
03:39:25,162
03:39:26,161
03:39:27,161
03:39:28,163
03:39:29,161
03:39:30,161
03:39:31,159
03:39:32,161
03:39:33,161
03:39:34,162
03:39:35,161
03:39:36,161
03:39:37,162
03:39:38,162
03:39:39,162
03:39:40,162
03:39:41,161
03:39:42,161
03:39:43,161
03:39:44,162
03:39:45,162
03:39:46,160
03:39:47,163
03:39:48,163
03:39:49,163
03:39:50,160
03:39:51,160
03:39:53,162
03:39:54,161
03:39:55,161
03:39:56,163
03:39:57,161
03:39:58,162
03:39:59,162
03:40:00,162
03:40:01,162
03:40:02,162
03:40:03,164
03:40:04,160
03:40:05,160
03:40:06,162
03:40:07,162
03:40:08,162
03:40:09,161
03:40:10,161
03:40:11,161
03:40:12,160
03:40:13,159
03:40:14,159
03:40:15,162
03:40:16,160
03:40:17,160
03:40:18,162
03:40:19,162
03:40:20,162
03:40:21,161
03:40:22,161
03:40:23,161
03:40:24,162
03:40:25,160
03:40:26,160
03:40:27,160
03:40:28,162
03:40:29,162
03:40:30,161
03:40:31,162
03:40:32,162
03:40:33,162
03:40:34,162
03:40:35,162
03:40:36,161
03:40:37,163
03:40:38,163
03:40:39,160
03:40:40,162
03:40:41,162
03:40:42,161
03:40:43,162
03:40:44,161
03:40:45,161
03:40:46,155
03:40:47,163
03:40:48,163
03:40:49,161
03:40:50,162
03:40:51,162
03:40:52,162
03:40:53,164
03:40:54,164
03:40:55,161
03:40:56,162
03:40:57,162
03:40:58,161
03:40:59,163
03:41:00,163
03:41:01,161
03:41:02,160
03:41:03,160
03:41:04,163
03:41:05,162
03:41:06,162
03:41:07,163
03:41:08,160
03:41:09,160
03:41:10,161
03:41:11,162
03:41:12,162
03:41:13,162
03:41:14,162
03:41:15,162
03:41:16,161
03:41:17,163
03:41:18,163
03:41:19,163
03:41:20,162
03:41:21,162
03:41:22,163
03:41:23,161
03:41:25,161
03:41:26,161
03:41:27,161
03:41:28,161
03:41:29,163
03:41:30,161
03:41:31,161
03:41:32,161
03:41:33,162
03:41:34,162
03:41:35,162
03:41:36,163
03:41:37,160
03:41:38,160
03:41:39,162
03:41:40,161
03:41:41,161
03:41:42,162
03:41:43,161
03:41:44,161
03:41:45,162
03:41:46,163
03:41:47,163
03:41:48,162
03:41:49,162
03:41:50,162
03:41:51,159
03:41:52,162
03:41:53,162
03:41:54,162
03:41:55,165
03:41:56,165
03:41:57,162
03:41:58,163
03:41:59,163
03:42:00,164
03:42:01,164
03:42:02,164
03:42:03,161
03:42:04,162
03:42:05,162
03:42:06,163
03:42:07,162
03:42:08,162
03:42:09,162
03:42:10,163
03:42:11,163
03:42:12,164
03:42:13,164
03:42:14,164
03:42:15,160
03:42:16,163
03:42:17,163
03:42:18,163
03:42:19,161
03:42:20,162
03:42:21,162
03:42:22,163
03:42:23,163
03:42:24,163
03:42:25,163
03:42:26,163
03:42:27,163
03:42:28,161
03:42:29,162
03:42:30,162
03:42:31,162
03:42:32,164
03:42:33,164
03:42:34,164
03:42:35,162
03:42:36,162
03:42:37,161
03:42:38,161
03:42:39,161
03:42:40,160
03:42:41,161
03:42:42,161
03:42:43,161
03:42:44,162
03:42:45,162
03:42:46,161
03:42:47,159
03:42:48,159
03:42:49,160
03:42:50,160
03:42:51,160
03:42:52,159
03:42:53,162
03:42:54,162
03:42:56,161
03:42:57,163
03:42:58,163
03:42:59,163
03:43:00,164
03:43:01,164
03:43:02,162
03:43:03,162
03:43:04,162
03:43:05,162
03:43:06,163
03:43:07,165
03:43:08,165
03:43:09,163
03:43:10,163
03:43:11,163
03:43:12,160
03:43:13,162
03:43:14,162
03:43:15,161
03:43:16,161
03:43:17,161
03:43:18,163
03:43:19,163
03:43:20,163
03:43:21,162
03:43:22,163
03:43:23,163
03:43:24,162
03:43:25,161
03:43:26,161
03:43:27,161
03:43:28,161
03:43:29,161
03:43:30,162
03:43:31,164
03:43:32,164
03:43:33,162
03:43:34,162
03:43:35,162
03:43:36,162
03:43:37,161
03:43:38,161
03:43:39,163
03:43:40,161
03:43:41,161
03:43:42,160
03:43:43,163
03:43:44,163
03:43:45,162
03:43:46,163
03:43:47,162
03:43:48,162
03:43:49,163
03:43:50,161
03:43:51,161
03:43:52,162
03:43:53,160
03:43:54,160
03:43:55,161
03:43:56,161
03:43:57,161
03:43:58,160
03:43:59,163
03:44:00,163
03:44:01,161
03:44:02,157
03:44:03,157
03:44:04,164
03:44:05,163
03:44:06,163
03:44:07,162
03:44:08,159
03:44:09,159
03:44:10,160
03:44:11,160
03:44:12,160
03:44:13,160
03:44:14,155
03:44:15,155
03:44:17,161
03:44:18,163
03:44:19,163
03:44:20,164
03:44:21,162
03:44:22,162
03:44:23,162
03:44:24,163
03:44:25,163
03:44:26,162
03:44:27,162
03:44:28,162
03:44:29,161
03:44:30,164
03:44:31,164
03:44:32,162
03:44:33,162
03:44:34,161
03:44:35,161
03:44:36,160
03:44:37,161
03:44:38,161
03:44:39,163
03:44:40,163
03:44:41,163
03:44:42,160
03:44:43,159
03:44:44,159
03:44:45,161
03:44:46,163
03:44:47,163
03:44:48,162
03:44:49,162
03:44:50,162
03:44:51,162
03:44:52,164
03:44:53,164
03:44:54,163
03:44:55,161
03:44:56,161
03:44:57,160
03:44:58,162
03:44:59,162
03:45:00,161
03:45:01,161
03:45:02,161
03:45:03,161
03:45:04,161
03:45:05,161
03:45:06,161
03:45:07,159
03:45:08,159
03:45:09,160
03:45:10,160
03:45:11,160
03:45:12,161
03:45:13,161
03:45:14,161
03:45:15,162
03:45:16,162
03:45:17,162
03:45:18,161
03:45:19,163
03:45:20,159
03:45:21,159
03:45:22,162
03:45:23,161
03:45:24,161
03:45:25,158
03:45:26,163
03:45:27,163
03:45:28,160
03:45:29,159
03:45:30,159
03:45:31,162
03:45:32,162
03:45:33,162
03:45:34,163
03:45:35,160
03:45:36,160
03:45:37,163
03:45:38,162
03:45:39,162
03:45:40,161
03:45:41,161
03:45:42,161
03:45:43,161
03:45:44,161
03:45:45,161
03:45:46,163
03:45:48,160
03:45:49,160
03:45:50,163
03:45:51,162
03:45:52,162
03:45:53,163
03:45:54,160
03:45:55,160
03:45:56,163
03:45:57,163
03:45:58,163
03:45:59,161
03:46:00,160
03:46:01,160
03:46:02,162
03:46:03,160
03:46:04,160
03:46:05,161
03:46:06,161
03:46:07,161
03:46:08,159
03:46:09,159
03:46:10,161
03:46:11,161
03:46:12,161
03:46:13,161
03:46:14,161
03:46:15,161
03:46:16,158
03:46:17,158
03:46:18,162
03:46:19,163
03:46:20,163
03:46:21,162
03:46:22,162
03:46:23,162
03:46:24,163
03:46:25,159
03:46:26,159
03:46:27,159
03:46:28,157
03:46:29,157
03:46:30,162
03:46:31,160
03:46:32,160
03:46:33,159
03:46:34,162
03:46:35,162
03:46:36,161
03:46:37,163
03:46:38,163
03:46:39,163
03:46:40,163
03:46:41,163
03:46:42,162
03:46:43,161
03:46:44,161
03:46:45,161
03:46:46,163
03:46:47,163
03:46:48,161
03:46:49,162
03:46:50,162
03:46:51,162
03:46:52,164
03:46:53,164
03:46:54,162
03:46:55,161
03:46:56,163
03:46:57,163
03:46:58,163
03:46:59,160
03:47:00,160
03:47:01,161
03:47:02,162
03:47:03,162
03:47:04,162
03:47:05,162
03:47:06,162
03:47:07,162
03:47:08,163
03:47:09,163
03:47:10,164
03:47:11,161
03:47:12,161
03:47:13,162
03:47:14,162
03:47:15,162
03:47:16,163
03:47:18,162
03:47:19,162
03:47:20,161
03:47:21,161
03:47:22,161
03:47:23,162
03:47:24,161
03:47:25,161
03:47:26,161
03:47:27,160
03:47:28,160
03:47:29,161
03:47:30,159
03:47:31,159
03:47:32,160
03:47:33,162
03:47:34,162
03:47:35,160
03:47:36,162
03:47:37,162
03:47:38,160
03:47:39,161
03:47:40,161
03:47:41,161
03:47:42,160
03:47:43,161
03:47:44,161
03:47:45,163
03:47:46,162
03:47:47,162
03:47:48,161
03:47:49,162
03:47:50,162
03:47:51,160
03:47:52,161
03:47:53,161
03:47:54,159
03:47:55,160
03:47:56,160
03:47:57,161
03:47:58,163
03:47:59,163
03:48:00,162
03:48:01,161
03:48:02,161
03:48:03,161
03:48:04,160
03:48:05,160
03:48:06,163
03:48:07,161
03:48:08,161
03:48:09,162
03:48:10,163
03:48:11,163
03:48:12,161
03:48:13,161
03:48:14,161
03:48:15,162
03:48:16,162
03:48:17,162
03:48:18,162
03:48:19,162
03:48:20,162
03:48:21,160
03:48:22,162
03:48:23,162
03:48:24,162
03:48:25,165
03:48:26,165
03:48:27,160
03:48:28,163
03:48:29,162
03:48:30,162
03:48:31,161
03:48:32,159
03:48:33,159
03:48:34,162
03:48:35,160
03:48:36,160
03:48:37,162
03:48:38,160
03:48:39,160
03:48:40,161
03:48:41,162
03:48:42,162
03:48:43,162
03:48:45,164
03:48:46,164
03:48:47,163
03:48:48,163
03:48:49,163
03:48:50,162
03:48:51,161
03:48:52,161
03:48:53,162
03:48:54,162
03:48:55,162
03:48:56,162
03:48:57,158
03:48:58,158
03:48:59,160
03:49:00,155
03:49:01,155
03:49:02,160
03:49:03,162
03:49:04,162
03:49:05,161
03:49:06,163
03:49:07,160
03:49:08,160
03:49:09,161
03:49:10,160
03:49:11,160
03:49:12,162
03:49:13,161
03:49:14,161
03:49:15,161
03:49:16,159
03:49:17,159
03:49:18,160
03:49:19,163
03:49:20,163
03:49:21,161
03:49:22,161
03:49:23,161
03:49:24,162
03:49:25,160
03:49:26,160
03:49:27,161
03:49:28,161
03:49:29,161
03:49:30,162
03:49:31,158
03:49:32,158
03:49:33,159
03:49:34,161
03:49:35,161
03:49:36,160
03:49:37,160
03:49:38,160
03:49:39,160
03:49:40,160
03:49:41,160
03:49:42,161
03:49:43,161
03:49:44,161
03:49:45,159
03:49:46,160
03:49:47,160
03:49:48,160
03:49:49,162
03:49:50,162
03:49:51,162
03:49:52,161
03:49:53,161
03:49:54,161
03:49:55,161
03:49:56,162
03:49:57,162
03:49:58,162
03:49:59,160
03:50:00,160
03:50:01,160
03:50:02,162
03:50:03,162
03:50:04,155
03:50:05,163
03:50:06,163
03:50:07,161
03:50:08,162
03:50:10,162
03:50:11,161
03:50:12,162
03:50:13,162
03:50:14,163
03:50:15,159
03:50:16,159
03:50:17,163
03:50:18,162
03:50:19,162
03:50:20,161
03:50:21,162
03:50:22,162
03:50:23,160
03:50:24,165
03:50:25,165
03:50:26,163
03:50:27,162
03:50:28,162
03:50:29,160
03:50:30,164
03:50:31,164
03:50:32,163
03:50:33,160
03:50:34,160
03:50:35,163
03:50:36,163
03:50:37,163
03:50:38,161
03:50:39,160
03:50:40,160
03:50:41,163
03:50:42,162
03:50:43,161
03:50:44,161
03:50:45,163
03:50:46,162
03:50:47,162
03:50:48,161
03:50:49,161
03:50:50,161
03:50:51,161
03:50:52,160
03:50:53,160
03:50:54,162
03:50:55,161
03:50:56,161
03:50:57,161
03:50:58,161
03:50:59,161
03:51:00,161
03:51:01,162
03:51:02,162
03:51:03,163
03:51:04,159
03:51:05,159
03:51:06,160
03:51:07,162
03:51:08,162
03:51:09,161
03:51:10,162
03:51:11,162
03:51:12,162
03:51:13,158
03:51:14,158
03:51:15,162
03:51:16,161
03:51:17,161
03:51:18,162
03:51:19,162
03:51:20,162
03:51:21,162
03:51:22,162
03:51:23,162
03:51:24,161
03:51:25,161
03:51:26,161
03:51:27,158
03:51:28,161
03:51:29,161
03:51:30,161
03:51:31,162
03:51:32,161
03:51:33,161
03:51:34,163
03:51:35,163
03:51:36,163
03:51:37,164
03:51:38,160
03:51:40,160
03:51:41,161
03:51:42,164
03:51:43,164
03:51:44,162
03:51:45,162
03:51:46,162
03:51:47,163
03:51:48,160
03:51:49,160
03:51:50,163
03:51:51,164
03:51:52,164
03:51:53,161
03:51:54,161
03:51:55,161
03:51:56,162
03:51:57,161
03:51:58,161
03:51:59,163
03:52:00,161
03:52:01,161
03:52:02,160
03:52:03,160
03:52:04,160
03:52:05,161
03:52:06,160
03:52:07,160
03:52:08,160
03:52:09,162
03:52:10,162
03:52:11,161
03:52:12,162
03:52:13,162
03:52:14,160
03:52:15,162
03:52:16,162
03:52:17,162
03:52:18,159
03:52:19,161
03:52:20,161
03:52:21,163
03:52:22,164
03:52:23,164
03:52:24,160
03:52:25,151
03:52:26,151
03:52:27,162
03:52:28,162
03:52:29,162
03:52:30,162
03:52:31,161
03:52:32,161
03:52:33,161
03:52:34,161
03:52:35,161
03:52:36,164
03:52:37,162
03:52:38,162
03:52:39,160
03:52:40,161
03:52:41,161
03:52:42,163
03:52:43,161
03:52:44,161
03:52:45,162
03:52:46,162
03:52:47,162
03:52:48,163
03:52:49,164
03:52:50,164
03:52:51,163
03:52:52,160
03:52:53,160
03:52:54,161
03:52:55,161
03:52:56,161
03:52:57,162
03:52:58,162
03:52:59,162
03:53:00,163
03:53:01,163
03:53:02,163
03:53:03,163
03:53:04,160
03:53:05,160
03:53:06,160
03:53:07,162
03:53:08,162
03:53:09,162
03:53:11,161
03:53:12,161
03:53:13,161
03:53:14,162
03:53:15,162
03:53:16,162
03:53:17,161
03:53:18,162
03:53:19,162
03:53:20,162
03:53:21,160
03:53:22,160
03:53:23,165
03:53:24,159
03:53:25,159
03:53:26,161
03:53:27,162
03:53:28,162
03:53:29,162
03:53:30,162
03:53:31,162
03:53:32,160
03:53:33,159
03:53:34,159
03:53:35,162
03:53:36,162
03:53:37,162
03:53:38,163
03:53:39,161
03:53:40,161
03:53:41,158
03:53:42,162
03:53:43,162
03:53:44,165
03:53:45,164
03:53:46,164
03:53:47,164
03:53:48,164
03:53:49,162
03:53:50,162
03:53:51,162
03:53:52,163
03:53:53,163
03:53:54,161
03:53:55,163
03:53:56,163
03:53:57,164
03:53:58,163
03:53:59,163
03:54:00,164
03:54:01,163
03:54:02,163
03:54:03,164
03:54:04,161
03:54:05,161
03:54:06,160
03:54:07,162
03:54:08,162
03:54:09,162
03:54:10,163
03:54:11,163
03:54:12,161
03:54:13,163
03:54:14,163
03:54:15,163
03:54:16,161
03:54:17,161
03:54:18,160
03:54:19,159
03:54:20,159
03:54:21,163
03:54:22,162
03:54:23,162
03:54:24,161
03:54:25,162
03:54:26,162
03:54:27,159
03:54:28,161
03:54:29,164
03:54:30,164
03:54:32,159
03:54:33,163
03:54:34,163
03:54:35,163
03:54:36,163
03:54:37,163
03:54:38,162
03:54:39,161
03:54:40,161
03:54:41,159
03:54:42,161
03:54:43,161
03:54:44,162
03:54:45,162
03:54:46,162
03:54:47,155
03:54:48,162
03:54:49,162
03:54:50,165
03:54:51,162
03:54:52,162
03:54:53,161
03:54:54,161
03:54:55,161
03:54:56,162
03:54:57,162
03:54:58,162
03:54:59,163
03:55:00,164
03:55:01,164
03:55:02,162
03:55:03,161
03:55:04,161
03:55:05,162
03:55:06,161
03:55:07,161
03:55:08,162
03:55:09,161
03:55:10,161
03:55:11,162
03:55:12,160
03:55:13,160
03:55:14,162
03:55:15,160
03:55:16,162
03:55:17,162
03:55:18,161
03:55:19,162
03:55:20,162
03:55:21,164
03:55:22,164
03:55:23,164
03:55:24,162
03:55:25,162
03:55:26,162
03:55:27,162
03:55:28,161
03:55:29,161
03:55:30,162
03:55:31,162
03:55:32,162
03:55:33,163
03:55:34,163
03:55:35,163
03:55:36,162
03:55:37,158
03:55:38,158
03:55:39,159
03:55:40,163
03:55:41,163
03:55:42,161
03:55:43,161
03:55:44,161
03:55:45,162
03:55:46,160
03:55:47,160
03:55:48,162
03:55:49,162
03:55:50,162
03:55:51,163
03:55:52,163
03:55:53,163
03:55:54,161
03:55:55,164
03:55:56,164
03:55:57,163
03:55:58,160
03:55:59,160
03:56:00,162
03:56:01,162
03:56:03,162
03:56:04,165
03:56:05,162
03:56:06,164
03:56:07,164
03:56:08,164
03:56:09,166
03:56:10,166
03:56:11,163
03:56:12,164
03:56:13,164
03:56:14,162
03:56:15,161
03:56:16,161
03:56:17,161
03:56:18,160
03:56:19,160
03:56:20,161
03:56:21,160
03:56:22,160
03:56:23,161
03:56:24,159
03:56:25,159
03:56:26,162
03:56:27,160
03:56:28,160
03:56:29,163
03:56:30,163
03:56:31,163
03:56:32,162
03:56:33,161
03:56:34,161
03:56:35,161
03:56:36,162
03:56:37,162
03:56:38,162
03:56:39,161
03:56:40,161
03:56:41,164
03:56:42,162
03:56:43,162
03:56:44,161
03:56:45,162
03:56:46,162
03:56:47,161
03:56:48,162
03:56:49,162
03:56:50,162
03:56:51,160
03:56:52,162
03:56:53,162
03:56:54,163
03:56:55,161
03:56:56,161
03:56:57,164
03:56:58,160
03:56:59,160
03:57:00,160
03:57:01,160
03:57:02,160
03:57:03,162
03:57:04,161
03:57:05,161
03:57:06,161
03:57:07,164
03:57:08,164
03:57:09,161
03:57:10,161
03:57:11,161
03:57:12,161
03:57:13,164
03:57:14,164
03:57:15,163
03:57:16,165
03:57:17,165
03:57:18,160
03:57:19,159
03:57:20,159
03:57:21,161
03:57:22,162
03:57:23,162
03:57:24,164
03:57:25,161
03:57:26,161
03:57:27,161
03:57:28,164
03:57:29,164
03:57:30,161
03:57:31,162
03:57:33,162
03:57:34,163
03:57:35,161
03:57:36,161
03:57:37,162
03:57:38,161
03:57:39,160
03:57:40,160
03:57:41,163
03:57:42,161
03:57:43,161
03:57:44,161
03:57:45,161
03:57:46,161
03:57:47,161
03:57:48,159
03:57:49,159
03:57:50,162
03:57:51,162
03:57:52,162
03:57:53,161
03:57:54,161
03:57:55,161
03:57:56,162
03:57:57,161
03:57:58,161
03:57:59,164
03:58:00,164
03:58:01,164
03:58:02,160
03:58:03,160
03:58:04,160
03:58:05,161
03:58:06,161
03:58:07,161
03:58:08,161
03:58:09,160
03:58:10,160
03:58:11,160
03:58:12,157
03:58:13,157
03:58:14,164
03:58:15,162
03:58:16,162
03:58:17,162
03:58:18,161
03:58:19,161
03:58:20,162
03:58:21,163
03:58:22,163
03:58:23,162
03:58:24,162
03:58:25,162
03:58:26,162
03:58:27,164
03:58:28,161
03:58:29,161
03:58:30,161
03:58:31,162
03:58:32,162
03:58:33,160
03:58:34,161
03:58:35,161
03:58:36,162
03:58:37,159
03:58:38,159
03:58:39,160
03:58:40,162
03:58:41,162
03:58:42,162
03:58:43,161
03:58:44,161
03:58:45,161
03:58:46,162
03:58:47,162
03:58:48,161
03:58:49,162
03:58:50,162
03:58:52,160
03:58:53,163
03:58:54,163
03:58:55,162
03:58:56,161
03:58:57,161
03:58:58,162
03:58:59,161
03:59:00,161
03:59:01,161
03:59:02,164
03:59:03,163
03:59:04,163
03:59:05,162
03:59:06,164
03:59:07,164
03:59:08,163
03:59:09,163
03:59:10,163
03:59:11,161
03:59:12,160
03:59:13,160
03:59:14,161
03:59:15,161
03:59:16,161
03:59:17,162
03:59:18,160
03:59:19,160
03:59:20,162
03:59:21,160
03:59:22,160
03:59:23,162
03:59:24,159
03:59:25,159
03:59:26,161
03:59:27,160
03:59:28,160
03:59:29,159
03:59:30,159
03:59:31,159
03:59:32,159
03:59:33,162
03:59:34,162
03:59:35,158
03:59:36,162
03:59:37,162
03:59:38,160
03:59:39,162
03:59:40,162
03:59:41,164
03:59:42,162
03:59:43,162
03:59:44,161
03:59:45,161
03:59:46,161
03:59:47,162
03:59:48,161
03:59:49,162
03:59:50,162
03:59:51,163
03:59:52,161
03:59:53,161
03:59:54,162
03:59:55,162
03:59:56,162
03:59:57,162
03:59:58,161
03:59:59,161
04:00:00,162
04:00:01,163
04:00:02,163
04:00:03,163
04:00:04,161
04:00:05,161
04:00:06,161
04:00:07,163
04:00:08,163
04:00:09,164
04:00:10,162
04:00:11,162
04:00:12,162
04:00:13,164
04:00:14,164
04:00:15,164
04:00:16,162
04:00:17,162
04:00:18,162
04:00:19,162
04:00:20,162
04:00:21,161
04:00:23,162
04:00:24,162
04:00:25,161
04:00:26,160
04:00:27,160
04:00:28,158
04:00:29,161
04:00:30,161
04:00:31,160
04:00:32,162
04:00:33,162
04:00:34,163
04:00:35,162
04:00:36,162
04:00:37,162
04:00:38,159
04:00:39,162
04:00:40,162
04:00:41,161
04:00:42,160
04:00:43,160
04:00:44,160
04:00:45,160
04:00:46,160
04:00:47,163
04:00:48,160
04:00:49,160
04:00:50,161
04:00:51,161
04:00:52,161
04:00:53,163
04:00:54,161
04:00:55,161
04:00:56,161
04:00:57,161
04:00:58,161
04:00:59,162
04:01:00,162
04:01:01,162
04:01:02,163
04:01:03,162
04:01:04,162
04:01:05,162
04:01:06,163
04:01:07,163
04:01:08,164
04:01:09,161
04:01:10,161
04:01:11,163
04:01:12,163
04:01:13,163
04:01:14,163
04:01:15,164
04:01:16,164
04:01:17,162
04:01:18,161
04:01:19,161
04:01:20,161
04:01:21,161
04:01:22,161
04:01:23,163
04:01:24,160
04:01:25,165
04:01:26,165
04:01:27,164
04:01:28,163
04:01:29,163
04:01:30,162
04:01:31,164
04:01:32,164
04:01:33,162
04:01:34,163
04:01:35,163
04:01:36,162
04:01:37,162
04:01:38,162
04:01:39,161
04:01:40,161
04:01:41,161
04:01:42,159
04:01:43,162
04:01:44,162
04:01:45,161
04:01:46,160
04:01:47,160
04:01:48,163
04:01:49,160
04:01:50,160
04:01:51,161
04:01:52,162
04:01:54,162
04:01:55,161
04:01:56,161
04:01:57,161
04:01:58,161
04:01:59,156
04:02:00,156
04:02:01,161
04:02:02,162
04:02:03,162
04:02:04,163
04:02:05,162
04:02:06,162
04:02:07,162
04:02:08,163
04:02:09,161
04:02:10,161
04:02:11,161
04:02:12,162
04:02:13,162
04:02:14,162
04:02:15,162
04:02:16,162
04:02:17,161
04:02:18,162
04:02:19,162
04:02:20,163
04:02:21,163
04:02:22,163
04:02:23,163
04:02:24,163
04:02:25,163
04:02:26,163
04:02:27,165
04:02:28,165
04:02:29,163
04:02:30,159
04:02:31,159
04:02:32,163
04:02:33,162
04:02:34,162
04:02:35,163
04:02:36,162
04:02:37,162
04:02:38,160
04:02:39,160
04:02:40,160
04:02:41,163
04:02:42,161
04:02:43,161
04:02:44,160
04:02:45,160
04:02:46,160
04:02:47,160
04:02:48,162
04:02:49,162
04:02:50,159
04:02:51,158
04:02:52,158
04:02:53,159
04:02:54,160
04:02:55,162
04:02:56,162
04:02:57,160
04:02:58,160
04:02:59,160
04:03:00,161
04:03:01,162
04:03:02,162
04:03:03,159
04:03:04,160
04:03:05,160
04:03:06,162
04:03:07,156
04:03:08,156
04:03:09,163
04:03:10,161
04:03:11,161
04:03:12,162
04:03:13,164
04:03:14,164
04:03:15,163
04:03:16,163
04:03:17,163
04:03:18,160
04:03:20,163
04:03:21,163
04:03:22,161
04:03:23,161
04:03:24,161
04:03:25,163
04:03:26,162
04:03:27,162
04:03:28,161
04:03:29,162
04:03:30,162
04:03:31,160
04:03:32,159
04:03:33,159
04:03:34,162
04:03:35,161
04:03:36,161
04:03:37,161
04:03:38,160
04:03:39,160
04:03:40,163
04:03:41,160
04:03:42,162
04:03:43,162
04:03:44,162
04:03:45,162
04:03:46,162
04:03:47,163
04:03:48,160
04:03:49,160
04:03:50,159
04:03:51,162
04:03:52,162
04:03:53,163
04:03:54,164
04:03:55,164
04:03:56,161
04:03:57,160
04:03:58,160
04:03:59,162
04:04:00,160
04:04:01,160
04:04:02,162
04:04:03,160
04:04:04,160
04:04:05,159
04:04:06,161
04:04:07,161
04:04:08,160
04:04:09,161
04:04:10,161
04:04:11,160
04:04:12,162
04:04:13,162
04:04:14,156
04:04:15,161
04:04:16,161
04:04:17,162
04:04:18,162
04:04:19,162
04:04:20,164
04:04:21,163
04:04:22,163
04:04:23,163
04:04:24,163
04:04:25,160
04:04:26,160
04:04:27,163
04:04:28,163
04:04:29,163
04:04:30,161
04:04:31,163
04:04:32,163
04:04:33,162
04:04:34,160
04:04:35,160
04:04:36,163
04:04:37,160
04:04:38,160
04:04:39,162
04:04:40,162
04:04:41,162
04:04:42,162
04:04:43,164
04:04:45,164
04:04:46,161
04:04:47,162
04:04:48,162
04:04:49,163
04:04:50,161
04:04:51,161
04:04:52,162
04:04:53,161
04:04:54,161
04:04:55,163
04:04:56,163
04:04:57,163
04:04:58,164
04:04:59,163
04:05:00,163
04:05:01,164
04:05:02,160
04:05:03,160
04:05:04,163
04:05:05,164
04:05:06,162
04:05:07,162
04:05:08,161
04:05:09,159
04:05:10,159
04:05:11,162
04:05:12,161
04:05:13,161
04:05:14,161
04:05:15,162
04:05:16,162
04:05:17,162
04:05:18,161
04:05:19,161
04:05:20,160
04:05:21,161
04:05:22,161
04:05:23,161
04:05:24,163
04:05:25,163
04:05:26,161
04:05:27,162
04:05:28,162
04:05:29,162
04:05:30,160
04:05:31,160
04:05:32,161
04:05:33,163
04:05:34,163
04:05:35,163
04:05:36,162
04:05:37,162
04:05:38,161
04:05:39,161
04:05:40,161
04:05:41,161
04:05:42,161
04:05:43,162
04:05:44,162
04:05:45,163
04:05:46,162
04:05:47,162
04:05:48,162
04:05:49,164
04:05:50,164
04:05:51,162
04:05:52,160
04:05:53,160
04:05:54,162
04:05:55,162
04:05:56,162
04:05:57,162
04:05:59,160
04:06:00,160
04:06:01,161
04:06:02,162
04:06:03,162
04:06:04,160
04:06:05,163
04:06:06,163
04:06:07,162
04:06:08,162
04:06:09,162
04:06:10,163
04:06:11,163
04:06:12,163
04:06:13,160
04:06:14,162
04:06:15,162
04:06:16,161
04:06:17,159
04:06:18,159
04:06:19,162
04:06:20,162
04:06:21,162
04:06:22,163
04:06:23,163
04:06:24,163
04:06:25,160
04:06:26,160
04:06:27,160
04:06:28,161
04:06:29,161
04:06:30,161
04:06:31,161
04:06:32,162
04:06:33,160
04:06:34,160
04:06:35,164
04:06:36,163
04:06:37,163
04:06:38,162
04:06:39,162
04:06:40,162
04:06:41,162
04:06:42,163
04:06:43,163
04:06:44,161
04:06:45,162
04:06:46,162
04:06:47,162
04:06:48,162
04:06:49,162
04:06:50,159
04:06:51,163
04:06:52,163
04:06:53,159
04:06:54,159
04:06:55,159
04:06:56,160
04:06:57,161
04:06:58,161
04:06:59,161
04:07:00,160
04:07:01,160
04:07:02,161
04:07:03,160
04:07:04,160
04:07:05,161
04:07:06,162
04:07:07,162
04:07:08,162
04:07:09,160
04:07:10,160
04:07:11,162
04:07:12,164
04:07:13,164
04:07:14,161
04:07:15,162
04:07:16,162
04:07:17,162
04:07:18,162
04:07:19,163
04:07:20,163
04:07:21,163
04:07:22,160
04:07:23,160
04:07:24,162
04:07:25,162
04:07:26,162
04:07:27,160
04:07:28,160
04:07:30,160
04:07:31,160
04:07:32,162
04:07:33,162
04:07:34,160
04:07:35,160
04:07:36,160
04:07:37,161
04:07:38,162
04:07:39,162
04:07:40,159
04:07:41,160
04:07:42,160
04:07:43,159
04:07:44,158
04:07:45,158
04:07:46,160
04:07:47,161
04:07:48,161
04:07:49,163
04:07:50,160
04:07:51,160
04:07:52,163
04:07:53,153
04:07:54,153
04:07:55,162
04:07:56,160
04:07:57,160
04:07:58,162
04:07:59,162
04:08:00,162
04:08:01,162
04:08:02,162
04:08:03,162
04:08:04,163
04:08:05,159
04:08:06,163
04:08:07,163
04:08:08,160
04:08:09,158
04:08:10,158
04:08:11,162
04:08:12,162
04:08:13,162
04:08:14,162
04:08:15,161
04:08:16,161
04:08:17,162
04:08:18,162
04:08:19,162
04:08:20,163
04:08:21,163
04:08:22,163
04:08:23,162
04:08:24,163
04:08:25,163
04:08:26,164
04:08:27,163
04:08:28,163
04:08:29,160
04:08:30,161
04:08:31,161
04:08:32,161
04:08:33,160
04:08:34,160
04:08:35,161
04:08:36,159
04:08:37,159
04:08:38,161
04:08:39,159
04:08:40,159
04:08:41,159
04:08:42,162
04:08:43,162
04:08:44,164
04:08:45,161
04:08:47,161
04:08:48,161
04:08:49,162
04:08:50,160
04:08:51,160
04:08:52,161
04:08:53,162
04:08:54,162
04:08:55,162
04:08:56,160
04:08:57,160
04:08:58,162
04:08:59,162
04:09:00,162
04:09:01,154
04:09:02,162
04:09:03,162
04:09:04,161
04:09:05,161
04:09:06,161
04:09:07,161
04:09:08,161
04:09:09,161
04:09:10,161
04:09:11,161
04:09:12,161
04:09:13,161
04:09:14,164
04:09:15,164
04:09:16,162
04:09:17,161
04:09:18,161
04:09:19,161
04:09:20,161
04:09:21,161
04:09:22,162
04:09:23,161
04:09:24,161
04:09:25,161
04:09:26,160
04:09:27,160
04:09:28,160
04:09:29,160
04:09:30,161
04:09:31,161
04:09:32,162
04:09:33,161
04:09:34,161
04:09:35,161
04:09:36,160
04:09:37,160
04:09:38,162
04:09:39,163
04:09:40,163
04:09:41,162
04:09:42,161
04:09:43,161
04:09:44,162
04:09:45,165
04:09:46,165
04:09:47,161
04:09:48,159
04:09:49,159
04:09:50,163
04:09:51,162
04:09:52,162
04:09:53,160
04:09:54,160
04:09:55,160
04:09:56,160
04:09:57,162
04:09:58,162
04:09:59,161
04:10:00,160
04:10:01,160
04:10:02,160
04:10:03,160
04:10:04,160
04:10:05,160
04:10:06,161
04:10:07,161
04:10:08,160
04:10:09,159
04:10:10,160
04:10:11,160
04:10:12,160
04:10:13,161
04:10:14,161
04:10:16,162
04:10:17,160
04:10:18,160
04:10:19,162
04:10:20,156
04:10:21,156
04:10:22,160
04:10:23,160
04:10:24,160
04:10:25,159
04:10:26,162
04:10:27,162
04:10:28,161
04:10:29,162
04:10:30,162
04:10:31,162
04:10:32,160
04:10:33,160
04:10:34,164
04:10:35,161
04:10:36,161
04:10:37,162
04:10:38,160
04:10:39,160
04:10:40,160
04:10:41,162
04:10:42,162
04:10:43,160
04:10:44,162
04:10:45,162
04:10:46,161
04:10:47,161
04:10:48,161
04:10:49,160
04:10:50,161
04:10:51,161
04:10:52,162
04:10:53,161
04:10:54,161
04:10:55,163
04:10:56,161
04:10:57,161
04:10:58,160
04:10:59,162
04:11:00,161
04:11:01,161
04:11:02,161
04:11:03,161
04:11:04,161
04:11:05,162
04:11:06,161
04:11:07,161
04:11:08,161
04:11:09,162
04:11:10,162
04:11:11,160
04:11:12,162
04:11:13,162
04:11:14,159
04:11:15,159
04:11:16,159
04:11:17,160
04:11:18,162
04:11:19,162
04:11:20,160
04:11:21,160
04:11:22,160
04:11:23,159
04:11:24,164
04:11:25,164
04:11:26,162
04:11:27,162
04:11:28,162
04:11:29,162
04:11:30,162
04:11:31,162
04:11:32,156
04:11:33,161
04:11:34,161
04:11:35,162
04:11:36,161
04:11:37,161
04:11:38,161
04:11:39,161
04:11:40,161
04:11:41,160
04:11:42,160
04:11:43,160
04:11:44,163
04:11:46,161
04:11:47,161
04:11:48,161
04:11:49,162
04:11:50,164
04:11:51,164
04:11:52,161
04:11:53,162
04:11:54,162
04:11:55,160
04:11:56,161
04:11:57,161
04:11:58,160
04:11:59,163
04:12:00,163
04:12:01,162
04:12:02,162
04:12:03,162
04:12:04,159
04:12:05,160
04:12:06,160
04:12:07,161
04:12:08,163
04:12:09,163
04:12:10,160
04:12:11,161
04:12:12,161
04:12:13,161
04:12:14,162
04:12:15,162
04:12:16,161
04:12:17,161
04:12:18,161
04:12:19,162
04:12:20,162
04:12:21,162
04:12:22,161
04:12:23,161
04:12:24,161
04:12:25,162
04:12:26,163
04:12:27,163
04:12:28,162
04:12:29,161
04:12:30,161
04:12:31,162
04:12:32,161
04:12:33,162
04:12:34,162
04:12:35,163
04:12:36,161
04:12:37,161
04:12:38,163
04:12:39,162
04:12:40,162
04:12:41,160
04:12:42,160
04:12:43,160
04:12:44,161
04:12:45,162
04:12:46,162
04:12:47,155
04:12:48,161
04:12:49,161
04:12:50,162
04:12:51,162
04:12:52,162
04:12:53,162
04:12:54,163
04:12:55,163
04:12:56,163
04:12:57,162
04:12:58,162
04:12:59,164
04:13:00,163
04:13:01,163
04:13:02,163
04:13:03,161
04:13:04,161
04:13:05,162
04:13:06,161
04:13:07,161
04:13:08,162
04:13:09,163
04:13:10,163
04:13:11,163
04:13:12,161
04:13:13,161
04:13:15,162
04:13:16,161
04:13:17,161
04:13:18,163
04:13:19,161
04:13:20,163
04:13:21,163
04:13:22,160
04:13:23,161
04:13:24,161
04:13:25,163
04:13:26,163
04:13:27,163
04:13:28,160
04:13:29,160
04:13:30,160
04:13:31,162
04:13:32,160
04:13:33,160
04:13:34,158
04:13:35,161
04:13:36,161
04:13:37,160
04:13:38,160
04:13:39,160
04:13:40,159
04:13:41,164
04:13:42,164
04:13:43,160
04:13:44,161
04:13:45,161
04:13:46,161
04:13:47,163
04:13:48,163
04:13:49,161
04:13:50,163
04:13:51,163
04:13:52,160
04:13:53,162
04:13:54,162
04:13:55,161
04:13:56,159
04:13:57,160
04:13:58,160
04:13:59,158
04:14:00,162
04:14:01,162
04:14:02,160
04:14:03,160
04:14:04,160
04:14:05,155
04:14:06,160
04:14:07,160
04:14:08,161
04:14:09,162
04:14:10,162
04:14:11,163
04:14:12,163
04:14:13,163
04:14:14,160
04:14:15,163
04:14:16,163
04:14:17,162
04:14:18,162
04:14:19,162
04:14:20,163
04:14:21,163
04:14:22,163
04:14:23,163
04:14:24,162
04:14:25,162
04:14:26,162
04:14:27,164
04:14:28,164
04:14:29,162
04:14:30,163
04:14:31,163
04:14:32,163
04:14:33,163
04:14:34,163
04:14:35,161
04:14:36,161
04:14:38,161
04:14:39,162
04:14:40,164
04:14:41,164
04:14:42,161
04:14:43,163
04:14:44,163
04:14:45,161
04:14:46,161
04:14:47,159
04:14:48,159
04:14:49,162
04:14:50,162
04:14:51,162
04:14:52,164
04:14:53,162
04:14:54,162
04:14:55,162
04:14:56,162
04:14:57,162
04:14:58,161
04:14:59,162
04:15:00,162
04:15:01,162
04:15:02,160
04:15:03,160
04:15:04,161
04:15:05,163
04:15:06,163
04:15:07,162
04:15:08,163
04:15:09,163
04:15:10,161
04:15:11,160
04:15:12,160
04:15:13,163
04:15:14,160
04:15:15,160
04:15:16,160
04:15:17,161
04:15:18,161
04:15:19,161
04:15:20,161
04:15:21,161
04:15:22,163
04:15:23,162
04:15:24,162
04:15:25,161
04:15:26,161
04:15:27,161
04:15:28,162
04:15:29,163
04:15:30,163
04:15:31,162
04:15:32,159
04:15:33,162
04:15:34,162
04:15:35,160
04:15:36,163
04:15:37,163
04:15:38,162
04:15:39,163
04:15:40,163
04:15:41,161
04:15:42,162
04:15:43,162
04:15:44,160
04:15:45,162
04:15:46,162
04:15:47,159
04:15:48,160
04:15:49,160
04:15:50,164
04:15:51,162
04:15:52,162
04:15:53,161
04:15:54,161
04:15:55,161
04:15:56,161
04:15:57,161
04:15:58,161
04:15:59,160
04:16:00,160
04:16:01,160
04:16:02,162
04:16:03,163
04:16:04,163
04:16:05,160
04:16:06,158
04:16:08,158
04:16:09,160
04:16:10,161
04:16:11,161
04:16:12,161
04:16:13,162
04:16:14,162
04:16:15,163
04:16:16,161
04:16:17,161
04:16:18,162
04:16:19,161
04:16:20,162
04:16:21,162
04:16:22,162
04:16:23,160
04:16:24,160
04:16:25,155
04:16:26,162
04:16:27,162
04:16:28,161
04:16:29,162
04:16:30,162
04:16:31,163
04:16:32,164
04:16:33,164
04:16:34,159
04:16:35,162
04:16:36,162
04:16:37,164
04:16:38,163
04:16:39,163
04:16:40,164
04:16:41,162
04:16:42,162
04:16:43,161
04:16:44,163
04:16:45,163
04:16:46,162
04:16:47,161
04:16:48,161
04:16:49,163
04:16:50,163
04:16:51,163
04:16:52,160
04:16:53,163
04:16:54,163
04:16:55,162
04:16:56,161
04:16:57,161
04:16:58,163
04:16:59,162
04:17:00,162
04:17:01,162
04:17:02,162
04:17:03,162
04:17:04,161
04:17:05,164
04:17:06,164
04:17:07,161
04:17:08,162
04:17:09,162
04:17:10,162
04:17:11,162
04:17:12,161
04:17:13,161
04:17:14,161
04:17:15,161
04:17:16,161
04:17:17,162
04:17:18,163
04:17:19,163
04:17:20,162
04:17:21,163
04:17:22,163
04:17:23,163
04:17:24,161
04:17:25,161
04:17:26,163
04:17:27,162
04:17:28,162
04:17:29,163
04:17:30,162
04:17:31,162
04:17:32,163
04:17:33,160
04:17:34,160
04:17:35,161
04:17:36,154
04:17:38,154
04:17:39,162
04:17:40,162
04:17:41,162
04:17:42,164
04:17:43,161
04:17:44,161
04:17:45,162
04:17:46,161
04:17:47,161
04:17:48,162
04:17:49,162
04:17:50,162
04:17:51,163
04:17:52,161
04:17:53,161
04:17:54,161
04:17:55,160
04:17:56,163
04:17:57,163
04:17:58,165
04:17:59,163
04:18:00,163
04:18:01,162
04:18:02,162
04:18:03,162
04:18:04,163
04:18:05,163
04:18:06,163
04:18:07,162
04:18:08,161
04:18:09,161
04:18:10,161
04:18:11,161
04:18:12,161
04:18:13,160
04:18:14,160
04:18:15,160
04:18:16,162
04:18:17,162
04:18:18,162
04:18:19,162
04:18:20,161
04:18:21,161
04:18:22,162
04:18:23,160
04:18:24,160
04:18:25,160
04:18:26,158
04:18:27,158
04:18:28,163
04:18:29,161
04:18:30,161
04:18:31,162
04:18:32,161
04:18:33,161
04:18:34,161
04:18:35,163
04:18:36,163
04:18:37,162
04:18:38,160
04:18:39,160
04:18:40,159
04:18:41,160
04:18:42,161
04:18:43,161
04:18:44,160
04:18:45,160
04:18:46,160
04:18:47,162
04:18:48,161
04:18:49,161
04:18:50,164
04:18:51,161
04:18:52,161
04:18:53,162
04:18:54,163
04:18:55,163
04:18:56,164
04:18:58,164
04:18:59,164
04:19:00,163
04:19:01,162
04:19:02,162
04:19:03,162
04:19:04,163
04:19:05,163
04:19:06,164
04:19:07,161
04:19:08,161
04:19:09,162
04:19:10,162
04:19:11,162
04:19:12,163
04:19:13,162
04:19:14,162
04:19:15,163
04:19:16,162
04:19:17,162
04:19:18,162
04:19:19,161
04:19:20,164
04:19:21,164
04:19:22,161
04:19:23,163
04:19:24,163
04:19:25,161
04:19:26,163
04:19:27,163
04:19:28,162
04:19:29,160
04:19:30,160
04:19:31,160
04:19:32,160
04:19:33,160
04:19:34,163
04:19:35,162
04:19:36,162
04:19:37,162
04:19:38,160
04:19:39,160
04:19:40,161
04:19:41,163
04:19:42,163
04:19:43,161
04:19:44,162
04:19:45,162
04:19:46,160
04:19:47,161
04:19:48,161
04:19:49,161
04:19:50,162
04:19:51,162
04:19:52,162
04:19:53,158
04:19:54,158
04:19:55,159
04:19:56,161
04:19:57,161
04:19:58,160
04:19:59,160
04:20:00,160
04:20:01,161
04:20:02,162
04:20:03,162
04:20:04,163
04:20:05,161
04:20:06,162
04:20:07,162
04:20:08,162
04:20:09,162
04:20:10,162
04:20:11,163
04:20:12,161
04:20:13,161
04:20:14,164
04:20:15,160
04:20:16,160
04:20:17,161
04:20:18,160
04:20:19,160
04:20:20,163
04:20:21,161
04:20:22,161
04:20:23,165
04:20:24,163
04:20:25,163
04:20:26,162
04:20:28,158
04:20:29,158
04:20:30,163
04:20:31,161
04:20:32,161
04:20:33,161
04:20:34,163
04:20:35,163
04:20:36,161
04:20:37,162
04:20:38,162
04:20:39,162
04:20:40,161
04:20:41,161
04:20:42,163
04:20:43,160
04:20:44,160
04:20:45,161
04:20:46,161
04:20:47,161
04:20:48,161
04:20:49,161
04:20:50,161
04:20:51,163
04:20:52,161
04:20:53,161
04:20:54,161
04:20:55,162
04:20:56,162
04:20:57,162
04:20:58,162
04:20:59,162
04:21:00,162
04:21:01,159
04:21:02,161
04:21:03,161
04:21:04,161
04:21:05,160
04:21:06,160
04:21:07,160
04:21:08,163
04:21:09,163
04:21:10,161
04:21:11,164
04:21:12,164
04:21:13,160
04:21:14,162
04:21:15,162
04:21:16,162
04:21:17,160
04:21:18,160
04:21:19,159
04:21:20,156
04:21:21,156
04:21:22,161
04:21:23,162
04:21:24,162
04:21:25,161
04:21:26,162
04:21:27,162
04:21:28,163
04:21:29,163
04:21:30,163
04:21:31,163
04:21:32,160
04:21:33,160
04:21:34,161
04:21:35,158
04:21:36,158
04:21:37,160
04:21:38,159
04:21:39,162
04:21:40,162
04:21:41,161
04:21:42,159
04:21:43,159
04:21:44,163
04:21:45,161
04:21:46,161
04:21:47,162
04:21:48,162
04:21:49,162
04:21:50,161
04:21:51,160
04:21:52,160
04:21:53,162
04:21:54,161
04:21:55,161
04:21:56,162
04:21:57,160
04:21:59,160
04:22:00,164
04:22:01,161
04:22:02,161
04:22:03,161
04:22:04,162
04:22:05,162
04:22:06,161
04:22:07,162
04:22:08,162
04:22:09,163
04:22:10,163
04:22:11,163
04:22:12,161
04:22:13,161
04:22:14,161
04:22:15,160
04:22:16,161
04:22:17,161
04:22:18,162
04:22:19,161
04:22:20,161
04:22:21,161
04:22:22,162
04:22:23,162
04:22:24,159
04:22:25,161
04:22:26,161
04:22:27,161
04:22:28,162
04:22:29,163
04:22:30,163
04:22:31,160
04:22:32,161
04:22:33,161
04:22:34,162
04:22:35,156
04:22:36,156
04:22:37,161
04:22:38,163
04:22:39,163
04:22:40,164
04:22:41,163
04:22:42,163
04:22:43,162
04:22:44,164
04:22:45,164
04:22:46,162
04:22:47,161
04:22:48,161
04:22:49,162
04:22:50,161
04:22:51,161
04:22:52,161
04:22:53,160
04:22:54,160
04:22:55,159
04:22:56,159
04:22:57,159
04:22:58,160
04:22:59,159
04:23:00,159
04:23:01,163
04:23:02,163
04:23:03,163
04:23:04,162
04:23:05,162
04:23:06,162
04:23:07,162
04:23:08,162
04:23:09,162
04:23:10,165
04:23:11,161
04:23:12,161
04:23:13,164
04:23:14,162
04:23:15,161
04:23:16,161
04:23:17,161
04:23:18,161
04:23:19,161
04:23:20,162
04:23:21,161
04:23:22,161
04:23:23,163
04:23:24,161
04:23:25,161
04:23:26,161
04:23:27,161
04:23:28,161
04:23:30,159
04:23:31,162
04:23:32,162
04:23:33,160
04:23:34,162
04:23:35,162
04:23:36,163
04:23:37,162
04:23:38,162
04:23:39,161
04:23:40,162
04:23:41,162
04:23:42,164
04:23:43,164
04:23:44,164
04:23:45,160
04:23:46,161
04:23:47,161
04:23:48,163
04:23:49,163
04:23:50,163
04:23:51,162
04:23:52,161
04:23:53,164
04:23:54,164
04:23:55,163
04:23:56,163
04:23:57,163
04:23:58,160
04:23:59,163
04:24:00,163
04:24:01,162
04:24:02,162
04:24:03,162
04:24:04,163
04:24:05,163
04:24:06,163
04:24:07,163
04:24:08,162
04:24:09,162
04:24:10,161
04:24:11,162
04:24:12,162
04:24:13,163
04:24:14,161
04:24:15,161
04:24:16,160
04:24:17,162
04:24:18,162
04:24:19,162
04:24:20,162
04:24:21,162
04:24:22,161
04:24:23,163
04:24:24,163
04:24:25,160
04:24:26,160
04:24:27,160
04:24:28,158
04:24:29,160
04:24:30,160
04:24:31,162
04:24:32,161
04:24:33,161
04:24:34,162
04:24:35,162
04:24:36,162
04:24:37,161
04:24:38,162
04:24:39,161
04:24:40,161
04:24:41,164
04:24:42,162
04:24:43,162
04:24:44,158
04:24:45,163
04:24:46,163
04:24:47,164
04:24:48,163
04:24:50,163
04:24:51,161
04:24:52,162
04:24:53,162
04:24:54,165
04:24:55,163
04:24:56,163
04:24:57,162
04:24:58,161
04:24:59,161
04:25:00,161
04:25:01,162
04:25:02,162
04:25:03,159
04:25:04,161
04:25:05,161
04:25:06,163
04:25:07,163
04:25:08,163
04:25:09,162
04:25:10,160
04:25:11,160
04:25:12,161
04:25:13,161
04:25:14,161
04:25:15,162
04:25:16,161
04:25:17,161
04:25:18,160
04:25:19,163
04:25:20,163
04:25:21,163
04:25:22,162
04:25:23,162
04:25:24,162
04:25:25,162
04:25:26,160
04:25:27,160
04:25:28,162
04:25:29,161
04:25:30,161
04:25:31,161
04:25:32,158
04:25:33,158
04:25:34,160
04:25:35,161
04:25:36,161
04:25:37,161
04:25:38,161
04:25:39,161
04:25:40,162
04:25:41,159
04:25:42,159
04:25:43,161
04:25:44,159
04:25:45,159
04:25:46,162
04:25:47,161
04:25:48,161
04:25:49,159
04:25:50,162
04:25:51,162
04:25:52,158
04:25:53,163
04:25:54,163
04:25:55,161
04:25:56,163
04:25:57,163
04:25:58,161
04:25:59,162
04:26:00,162
04:26:01,163
04:26:02,162
04:26:03,162
04:26:04,161
04:26:05,162
04:26:06,162
04:26:07,162
04:26:08,162
04:26:09,162
04:26:10,161
04:26:11,160
04:26:12,160
04:26:13,161
04:26:14,162
04:26:15,162
04:26:16,162
04:26:17,162
04:26:18,162
04:26:20,162
04:26:21,161
04:26:22,161
04:26:23,161
04:26:24,162
04:26:25,162
04:26:26,162
04:26:27,163
04:26:28,164
04:26:29,164
04:26:30,163
04:26:31,162
04:26:32,162
04:26:33,159
04:26:34,164
04:26:35,164
04:26:36,161
04:26:37,163
04:26:38,163
04:26:39,162
04:26:40,163
04:26:41,163
04:26:42,162
04:26:43,163
04:26:44,163
04:26:45,162
04:26:46,162
04:26:47,162
04:26:48,162
04:26:49,162
04:26:50,162
04:26:51,160
04:26:52,161
04:26:53,161
04:26:54,161
04:26:55,161
04:26:56,161
04:26:57,157
04:26:58,159
04:26:59,159
04:27:00,162
04:27:01,156
04:27:02,160
04:27:03,160
04:27:04,162
04:27:05,161
04:27:06,161
04:27:07,162
04:27:08,162
04:27:09,162
04:27:10,160
04:27:11,159
04:27:12,159
04:27:13,160
04:27:14,163
04:27:15,163
04:27:16,164
04:27:17,162
04:27:18,162
04:27:19,163
04:27:20,163
04:27:21,163
04:27:22,163
04:27:23,162
04:27:24,162
04:27:25,159
04:27:26,163
04:27:27,163
04:27:28,164
04:27:29,163
04:27:30,163
04:27:31,161
04:27:32,161
04:27:33,161
04:27:34,161
04:27:35,163
04:27:36,163
04:27:37,160
04:27:38,160
04:27:39,160
04:27:40,162
04:27:41,164
04:27:42,164
04:27:43,160
04:27:44,162
04:27:45,162
04:27:46,164
04:27:47,161
04:27:48,163
04:27:49,163
04:27:51,159
04:27:52,161
04:27:53,161
04:27:54,157
04:27:55,160
04:27:56,160
04:27:57,160
04:27:58,157
04:27:59,157
04:28:00,161
04:28:01,161
04:28:02,161
04:28:03,157
04:28:04,158
04:28:05,158
04:28:06,155
04:28:07,161
04:28:08,161
04:28:09,162
04:28:10,161
04:28:11,161
04:28:12,165
04:28:13,162
04:28:14,162
04:28:15,163
04:28:16,162
04:28:17,162
04:28:18,160
04:28:19,163
04:28:20,163
04:28:21,161
04:28:22,162
04:28:23,162
04:28:24,159
04:28:25,163
04:28:26,163
04:28:27,161
04:28:28,161
04:28:29,161
04:28:30,162
04:28:31,161
04:28:32,161
04:28:33,162
04:28:34,161
04:28:35,160
04:28:36,160
04:28:37,161
04:28:38,161
04:28:39,161
04:28:40,162
04:28:41,163
04:28:42,163
04:28:43,161
04:28:44,163
04:28:45,163
04:28:46,163
04:28:47,162
04:28:48,162
04:28:49,164
04:28:50,160
04:28:51,160
04:28:52,162
04:28:53,162
04:28:54,162
04:28:55,163
04:28:56,162
04:28:57,162
04:28:58,163
04:28:59,162
04:29:00,162
04:29:01,160
04:29:02,161
04:29:03,161
04:29:04,162
04:29:05,162
04:29:06,162
04:29:07,163
04:29:08,163
04:29:09,163
04:29:11,162
04:29:12,162
04:29:13,163
04:29:14,163
04:29:15,162
04:29:16,159
04:29:17,159
04:29:18,155
04:29:19,162
04:29:20,162
04:29:21,161
04:29:22,164
04:29:23,164
04:29:24,162
04:29:25,164
04:29:26,164
04:29:27,162
04:29:28,164
04:29:29,164
04:29:30,163
04:29:31,161
04:29:32,161
04:29:33,164
04:29:34,162
04:29:35,162
04:29:36,162
04:29:37,162
04:29:38,162
04:29:39,162
04:29:40,161
04:29:41,161
04:29:42,164
04:29:43,164
04:29:44,164
04:29:45,162
04:29:46,162
04:29:47,162
04:29:48,162
04:29:49,163
04:29:50,163
04:29:51,163
04:29:52,162
04:29:53,162
04:29:54,162
04:29:55,162
04:29:56,162
04:29:57,162
04:29:58,163
04:29:59,161
04:30:00,161
04:30:01,162
04:30:02,164
04:30:03,164
04:30:04,164
04:30:05,163
04:30:06,163
04:30:07,163
04:30:08,163
04:30:09,163
04:30:10,162
04:30:11,159
04:30:12,159
04:30:13,160
04:30:14,162
04:30:15,162
04:30:16,163
04:30:17,161
04:30:18,161
04:30:19,164
04:30:20,161
04:30:21,161
04:30:22,159
04:30:23,160
04:30:24,160
04:30:25,163
04:30:26,162
04:30:27,162
04:30:28,161
04:30:29,161
04:30:30,161
04:30:31,162
04:30:32,160
04:30:33,160
04:30:34,159
04:30:35,161
04:30:36,161
04:30:37,156
04:30:38,162
04:30:39,162
04:30:40,163
04:30:42,163
04:30:43,163
04:30:44,162
04:30:45,162
04:30:46,165
04:30:47,165
04:30:48,160
04:30:49,162
04:30:50,162
04:30:51,161
04:30:52,162
04:30:53,162
04:30:54,162
04:30:55,163
04:30:56,163
04:30:57,161
04:30:58,161
04:30:59,161
04:31:00,163
04:31:01,161
04:31:02,161
04:31:03,163
04:31:04,163
04:31:05,163
04:31:06,164
04:31:07,163
04:31:08,163
04:31:09,161
04:31:10,159
04:31:11,159
04:31:12,163
04:31:13,162
04:31:14,162
04:31:15,160
04:31:16,159
04:31:17,159
04:31:18,159
04:31:19,162
04:31:20,162
04:31:21,160
04:31:22,162
04:31:23,162
04:31:24,162
04:31:25,163
04:31:26,163
04:31:27,161
04:31:28,162
04:31:29,162
04:31:30,161
04:31:31,161
04:31:32,162
04:31:33,162
04:31:34,161
04:31:35,161
04:31:36,161
04:31:37,163
04:31:38,161
04:31:39,161
04:31:40,161
04:31:41,160
04:31:42,160
04:31:43,160
04:31:44,160
04:31:45,160
04:31:46,161
04:31:47,162
04:31:48,162
04:31:49,162
04:31:50,160
04:31:51,160
04:31:52,160
04:31:53,160
04:31:54,160
04:31:55,160
04:31:56,161
04:31:57,161
04:31:58,160
04:31:59,162
04:32:00,162
04:32:01,163
04:32:02,161
04:32:03,161
04:32:04,163
04:32:05,163
04:32:06,163
04:32:07,163
04:32:08,161
04:32:09,161
04:32:10,160
04:32:11,162
04:32:13,162
04:32:14,161
04:32:15,162
04:32:16,162
04:32:17,163
04:32:18,162
04:32:19,162
04:32:20,163
04:32:21,162
04:32:22,162
04:32:23,162
04:32:24,161
04:32:25,160
04:32:26,160
04:32:27,163
04:32:28,162
04:32:29,162
04:32:30,161
04:32:31,163
04:32:32,163
04:32:33,163
04:32:34,161
04:32:35,161
04:32:36,160
04:32:37,160
04:32:38,160
04:32:39,162
04:32:40,162
04:32:41,162
04:32:42,159
04:32:43,163
04:32:44,163
04:32:45,162
04:32:46,162
04:32:47,162
04:32:48,162
04:32:49,163
04:32:50,163
04:32:51,161
04:32:52,163
04:32:53,163
04:32:54,161
04:32:55,162
04:32:56,162
04:32:57,161
04:32:58,162
04:32:59,162
04:33:00,162
04:33:01,161
04:33:02,161
04:33:03,161
04:33:04,161
04:33:05,161
04:33:06,161
04:33:07,162
04:33:08,163
04:33:09,163
04:33:10,154
04:33:11,162
04:33:12,162
04:33:13,162
04:33:14,161
04:33:15,161
04:33:16,161
04:33:17,163
04:33:18,163
04:33:19,164
04:33:20,163
04:33:21,163
04:33:22,162
04:33:23,161
04:33:24,161
04:33:25,162
04:33:26,161
04:33:27,161
04:33:28,163
04:33:29,163
04:33:30,163
04:33:31,159
04:33:32,163
04:33:33,163
04:33:34,161
04:33:35,161
04:33:36,161
04:33:37,162
04:33:38,162
04:33:39,162
04:33:40,162
04:33:41,163
04:33:43,163
04:33:44,159
04:33:45,159
04:33:46,163
04:33:47,163
04:33:48,163
04:33:49,161
04:33:50,161
04:33:51,162
04:33:52,160
04:33:53,160
04:33:54,163
04:33:55,162
04:33:56,162
04:33:57,162
04:33:58,161
04:33:59,161
04:34:00,163
04:34:01,162
04:34:02,162
04:34:03,161
04:34:04,162
04:34:05,162
04:34:06,161
04:34:07,161
04:34:08,161
04:34:09,161
04:34:10,161
04:34:11,161
04:34:12,163
04:34:13,163
04:34:14,163
04:34:15,162
04:34:16,161
04:34:17,161
04:34:18,162
04:34:19,161
04:34:20,161
04:34:21,160
04:34:22,159
04:34:23,159
04:34:24,155
04:34:25,161
04:34:26,161
04:34:27,162
04:34:28,162
04:34:29,159
04:34:30,159
04:34:31,161
04:34:32,162
04:34:33,162
04:34:34,163
04:34:35,159
04:34:36,159
04:34:37,161
04:34:38,162
04:34:39,162
04:34:40,162
04:34:41,161
04:34:42,161
04:34:43,160
04:34:44,161
04:34:45,161
04:34:46,160
04:34:47,164
04:34:48,164
04:34:49,158
04:34:50,161
04:34:51,161
04:34:52,162
04:34:53,162
04:34:54,162
04:34:55,162
04:34:56,163
04:34:57,163
04:34:58,162
04:34:59,162
04:35:01,162
04:35:02,161
04:35:03,160
04:35:04,160
04:35:05,161
04:35:06,161
04:35:07,161
04:35:08,161
04:35:09,162
04:35:10,162
04:35:11,160
04:35:12,163
04:35:13,163
04:35:14,160
04:35:15,162
04:35:16,159
04:35:17,159
04:35:18,161
04:35:19,159
04:35:20,159
04:35:21,158
04:35:22,161
04:35:23,161
04:35:24,162
04:35:25,162
04:35:26,162
04:35:27,161
04:35:28,163
04:35:29,163
04:35:30,163
04:35:31,161
04:35:32,161
04:35:33,160
04:35:34,160
04:35:35,160
04:35:36,156
04:35:37,160
04:35:38,160
04:35:39,161
04:35:40,162
04:35:41,162
04:35:42,162
04:35:43,161
04:35:44,161
04:35:45,162
04:35:46,160
04:35:47,160
04:35:48,161
04:35:49,162
04:35:50,162
04:35:51,162
04:35:52,161
04:35:53,161
04:35:54,162
04:35:55,161
04:35:56,161
04:35:57,161
04:35:58,160
04:35:59,160
04:36:00,164
04:36:01,162
04:36:02,162
04:36:03,162
04:36:04,162
04:36:05,163
04:36:06,163
04:36:07,163
04:36:08,162
04:36:09,162
04:36:10,162
04:36:11,161
04:36:12,161
04:36:13,160
04:36:14,160
04:36:15,160
04:36:16,161
04:36:17,160
04:36:18,160
04:36:19,161
04:36:20,161
04:36:21,161
04:36:22,162
04:36:23,160
04:36:24,160
04:36:25,161
04:36:26,162
04:36:27,162
04:36:28,163
04:36:30,161
04:36:31,161
04:36:32,161
04:36:33,160
04:36:34,160
04:36:35,162
04:36:36,161
04:36:37,161
04:36:38,159
04:36:39,162
04:36:40,162
04:36:41,160
04:36:42,163
04:36:43,163
04:36:44,161
04:36:45,162
04:36:46,162
04:36:47,156
04:36:48,164
04:36:49,164
04:36:50,164
04:36:51,163
04:36:52,162
04:36:53,162
04:36:54,163
04:36:55,162
04:36:56,162
04:36:57,163
04:36:58,162
04:36:59,162
04:37:00,160
04:37:01,161
04:37:02,161
04:37:03,159
04:37:04,161
04:37:05,161
04:37:06,162
04:37:07,162
04:37:08,162
04:37:09,161
04:37:10,160
04:37:11,160
04:37:12,160
04:37:13,163
04:37:14,163
04:37:15,164
04:37:16,159
04:37:17,159
04:37:18,162
04:37:19,162
04:37:20,162
04:37:21,165
04:37:22,163
04:37:23,163
04:37:24,162
04:37:25,164
04:37:26,164
04:37:27,161
04:37:28,161
04:37:29,161
04:37:30,161
04:37:31,163
04:37:32,163
04:37:33,160
04:37:34,162
04:37:35,161
04:37:36,161
04:37:37,162
04:37:38,163
04:37:39,163
04:37:40,161
04:37:41,160
04:37:42,160
04:37:43,161
04:37:44,160
04:37:45,160
04:37:46,163
04:37:47,163
04:37:48,163
04:37:49,162
04:37:50,161
04:37:51,161
04:37:52,160
04:37:53,161
04:37:54,161
04:37:55,160
04:37:56,159
04:37:57,159
04:37:58,163
04:38:00,164
04:38:01,164
04:38:02,161
04:38:03,154
04:38:04,154
04:38:05,163
04:38:06,161
04:38:07,161
04:38:08,161
04:38:09,162
04:38:10,162
04:38:11,162
04:38:12,164
04:38:13,164
04:38:14,164
04:38:15,163
04:38:16,163
04:38:17,162
04:38:18,162
04:38:19,162
04:38:20,163
04:38:21,163
04:38:22,163
04:38:23,161
04:38:24,162
04:38:25,164
04:38:26,164
04:38:27,164
04:38:28,161
04:38:29,161
04:38:30,161
04:38:31,164
04:38:32,164
04:38:33,164
04:38:34,162
04:38:35,162
04:38:36,161
04:38:37,161
04:38:38,161
04:38:39,162
04:38:40,162
04:38:41,162
04:38:42,163
04:38:43,161
04:38:44,161
04:38:45,163
04:38:46,161
04:38:47,161
04:38:48,163
04:38:49,162
04:38:50,162
04:38:51,161
04:38:52,161
04:38:53,161
04:38:54,162
04:38:55,161
04:38:56,161
04:38:57,163
04:38:58,163
04:38:59,163
04:39:00,160
04:39:01,162
04:39:02,163
04:39:03,163
04:39:04,158
04:39:05,161
04:39:06,161
04:39:07,161
04:39:08,161
04:39:09,161
04:39:10,162
04:39:11,162
04:39:12,162
04:39:13,164
04:39:14,162
04:39:15,162
04:39:16,164
04:39:17,163
04:39:18,163
04:39:19,163
04:39:20,163
04:39:21,163
04:39:23,163
04:39:24,162
04:39:25,162
04:39:26,160
04:39:27,162
04:39:28,162
04:39:29,163
04:39:30,162
04:39:31,162
04:39:32,160
04:39:33,164
04:39:34,164
04:39:35,163
04:39:36,162
04:39:37,162
04:39:38,162
04:39:39,162
04:39:40,162
04:39:41,162
04:39:42,160
04:39:43,160
04:39:44,161
04:39:45,163
04:39:46,163
04:39:47,161
04:39:48,159
04:39:49,159
04:39:50,160
04:39:51,161
04:39:52,161
04:39:53,161
04:39:54,160
04:39:55,161
04:39:56,161
04:39:57,162
04:39:58,162
04:39:59,162
04:40:00,162
04:40:01,161
04:40:02,161
04:40:03,160
04:40:04,161
04:40:05,161
04:40:06,160
04:40:07,162
04:40:08,162
04:40:09,162
04:40:10,162
04:40:11,162
04:40:12,162
04:40:13,163
04:40:14,163
04:40:15,160
04:40:16,160
04:40:17,160
04:40:18,161
04:40:19,161
04:40:20,161
04:40:21,160
04:40:22,162
04:40:23,162
04:40:24,161
04:40:25,162
04:40:26,162
04:40:27,162
04:40:28,163
04:40:29,163
04:40:30,162
04:40:31,164
04:40:32,164
04:40:33,163
04:40:34,162
04:40:35,162
04:40:36,164
04:40:37,164
04:40:38,162
04:40:39,162
04:40:40,161
04:40:41,161
04:40:42,161
04:40:43,163
04:40:44,161
04:40:45,161
04:40:46,163
04:40:47,163
04:40:48,163
04:40:49,163
04:40:50,162
04:40:51,162
04:40:53,162
04:40:54,162
04:40:55,162
04:40:56,159
04:40:57,162
04:40:58,162
04:40:59,162
04:41:00,162
04:41:01,162
04:41:02,158
04:41:03,161
04:41:04,161
04:41:05,162
04:41:06,162
04:41:07,162
04:41:08,159
04:41:09,157
04:41:10,157
04:41:11,161
04:41:12,160
04:41:13,160
04:41:14,159
04:41:15,162
04:41:16,162
04:41:17,161
04:41:18,162
04:41:19,162
04:41:20,163
04:41:21,158
04:41:22,158
04:41:23,161
04:41:24,161
04:41:25,162
04:41:26,162
04:41:27,161
04:41:28,161
04:41:29,161
04:41:30,160
04:41:31,161
04:41:32,161
04:41:33,160
04:41:34,158
04:41:35,158
04:41:36,160
04:41:37,156
04:41:38,156
04:41:39,159
04:41:40,158
04:41:41,158
04:41:42,161
04:41:43,162
04:41:44,162
04:41:45,161
04:41:46,160
04:41:47,160
04:41:48,160
04:41:49,161
04:41:50,161
04:41:51,163
04:41:52,165
04:41:53,165
04:41:54,163
04:41:55,163
04:41:56,163
04:41:57,164
04:41:58,162
04:41:59,162
04:42:00,163
04:42:01,160
04:42:02,160
04:42:03,161
04:42:04,162
04:42:05,162
04:42:06,161
04:42:07,162
04:42:08,162
04:42:09,161
04:42:10,162
04:42:11,164
04:42:12,164
04:42:13,161
04:42:14,161
04:42:15,161
04:42:16,162
04:42:17,162
04:42:18,162
04:42:19,162
04:42:20,162
04:42:21,162
04:42:22,162
04:42:24,162
04:42:25,162
04:42:26,161
04:42:27,161
04:42:28,161
04:42:29,160
04:42:30,159
04:42:31,159
04:42:32,162
04:42:33,161
04:42:34,161
04:42:35,161
04:42:36,161
04:42:37,161
04:42:38,159
04:42:39,161
04:42:40,161
04:42:41,159
04:42:42,162
04:42:43,162
04:42:44,163
04:42:45,159
04:42:46,159
04:42:47,160
04:42:48,159
04:42:49,159
04:42:50,158
04:42:51,156
04:42:52,156
04:42:53,164
04:42:54,161
04:42:55,161
04:42:56,160
04:42:57,162
04:42:58,162
04:42:59,162
04:43:00,163
04:43:01,162
04:43:02,162
04:43:03,160
04:43:04,162
04:43:05,162
04:43:06,163
04:43:07,163
04:43:08,163
04:43:09,164
04:43:10,159
04:43:11,159
04:43:12,162
04:43:13,162
04:43:14,162
04:43:15,162
04:43:16,163
04:43:17,163
04:43:18,162
04:43:19,163
04:43:20,163
04:43:21,160
04:43:22,161
04:43:23,161
04:43:24,165
04:43:25,163
04:43:26,163
04:43:27,163
04:43:28,162
04:43:29,162
04:43:30,163
04:43:31,162
04:43:32,162
04:43:33,161
04:43:34,158
04:43:35,158
04:43:36,158
04:43:37,163
04:43:38,163
04:43:39,160
04:43:40,160
04:43:41,160
04:43:42,161
04:43:43,162
04:43:45,162
04:43:46,162
04:43:47,162
04:43:48,162
04:43:49,162
04:43:50,161
04:43:51,160
04:43:52,160
04:43:53,160
04:43:54,159
04:43:55,159
04:43:56,161
04:43:57,161
04:43:58,161
04:43:59,162
04:44:00,157
04:44:01,157
04:44:02,160
04:44:03,161
04:44:04,161
04:44:05,162
04:44:06,161
04:44:07,161
04:44:08,160
04:44:09,162
04:44:10,162
04:44:11,161
04:44:12,161
04:44:13,161
04:44:14,160
04:44:15,161
04:44:16,161
04:44:17,162
04:44:18,162
04:44:19,162
04:44:20,162
04:44:21,162
04:44:22,161
04:44:23,161
04:44:24,159
04:44:25,162
04:44:26,162
04:44:27,161
04:44:28,163
04:44:29,163
04:44:30,160
04:44:31,162
04:44:32,162
04:44:33,160
04:44:34,160
04:44:35,160
04:44:36,162
04:44:37,162
04:44:38,162
04:44:39,161
04:44:40,161
04:44:41,161
04:44:42,162
04:44:43,162
04:44:44,162
04:44:45,162
04:44:46,161
04:44:47,161
04:44:48,162
04:44:49,165
04:44:50,165
04:44:51,161
04:44:52,163
04:44:53,163
04:44:54,162
04:44:55,165
04:44:56,165
04:44:57,163
04:44:58,160
04:44:59,160
04:45:00,160
04:45:01,160
04:45:02,160
04:45:03,162
04:45:04,163
04:45:05,163
04:45:06,161
04:45:07,161
04:45:08,160
04:45:09,160
04:45:10,160
04:45:11,160
04:45:13,160
04:45:14,160
04:45:15,160
04:45:16,160
04:45:17,162
04:45:18,161
04:45:19,161
04:45:20,159
04:45:21,160
04:45:22,160
04:45:23,160
04:45:24,162
04:45:25,162
04:45:26,163
04:45:27,161
04:45:28,161
04:45:29,163
04:45:30,161
04:45:31,161
04:45:32,165
04:45:33,163
04:45:34,163
04:45:35,162
04:45:36,163
04:45:37,163
04:45:38,163
04:45:39,160
04:45:40,160
04:45:41,161
04:45:42,159
04:45:43,159
04:45:44,161
04:45:45,161
04:45:46,161
04:45:47,161
04:45:48,160
04:45:49,160
04:45:50,159
04:45:51,162
04:45:52,162
04:45:53,162
04:45:54,162
04:45:55,162
04:45:56,162
04:45:57,163
04:45:58,165
04:45:59,165
04:46:00,162
04:46:01,164
04:46:02,164
04:46:03,162
04:46:04,162
04:46:05,162
04:46:06,163
04:46:07,162
04:46:08,162
04:46:09,163
04:46:10,163
04:46:11,163
04:46:12,163
04:46:13,163
04:46:14,163
04:46:15,162
04:46:16,163
04:46:17,163
04:46:18,163
04:46:19,161
04:46:20,161
04:46:21,162
04:46:22,164
04:46:23,164
04:46:24,163
04:46:25,162
04:46:26,162
04:46:27,160
04:46:28,161
04:46:29,161
04:46:30,163
04:46:31,162
04:46:32,162
04:46:33,162
04:46:34,161
04:46:35,161
04:46:36,162
04:46:37,163
04:46:38,163
04:46:39,161
04:46:40,163
04:46:41,163
04:46:42,162
04:46:44,164
04:46:45,164
04:46:46,164
04:46:47,162
04:46:48,165
04:46:49,165
04:46:50,163
04:46:51,162
04:46:52,162
04:46:53,162
04:46:54,160
04:46:55,160
04:46:56,162
04:46:57,159
04:46:58,159
04:46:59,162
04:47:00,162
04:47:01,162
04:47:02,160
04:47:03,162
04:47:04,162
04:47:05,163
04:47:06,162
04:47:07,162
04:47:08,162
04:47:09,162
04:47:10,162
04:47:11,161
04:47:12,161
04:47:13,161
04:47:14,161
04:47:15,163
04:47:16,163
04:47:17,161
04:47:18,161
04:47:19,161
04:47:20,162
04:47:21,161
04:47:22,161
04:47:23,161
04:47:24,161
04:47:25,161
04:47:26,163
04:47:27,162
04:47:28,162
04:47:29,161
04:47:30,162
04:47:31,161
04:47:32,161
04:47:33,161
04:47:34,163
04:47:35,163
04:47:36,161
04:47:37,154
04:47:38,154
04:47:39,161
04:47:40,162
04:47:41,162
04:47:42,162
04:47:43,159
04:47:44,159
04:47:45,162
04:47:46,161
04:47:47,161
04:47:48,163
04:47:49,161
04:47:50,161
04:47:51,162
04:47:52,158
04:47:53,158
04:47:54,163
04:47:55,161
04:47:56,161
04:47:57,162
04:47:58,162
04:47:59,162
04:48:00,163
04:48:01,163
04:48:02,163
04:48:03,164
04:48:04,162
04:48:05,162
04:48:06,161
04:48:07,160
04:48:08,160
04:48:09,161
04:48:10,163
04:48:11,163
04:48:12,161
04:48:14,160
04:48:15,160
04:48:16,162
04:48:17,161
04:48:18,161
04:48:19,159
04:48:20,160
04:48:21,164
04:48:22,164
04:48:23,160
04:48:24,161
04:48:25,161
04:48:26,161
04:48:27,163
04:48:28,163
04:48:29,161
04:48:30,163
04:48:31,163
04:48:32,161
04:48:33,160
04:48:34,160
04:48:35,158
04:48:36,158
04:48:37,158
04:48:38,162
04:48:39,162
04:48:40,162
04:48:41,161
04:48:42,163
04:48:43,163
04:48:44,161
04:48:45,160
04:48:46,160
04:48:47,161
04:48:48,160
04:48:49,160
04:48:50,161
04:48:51,160
04:48:52,160
04:48:53,161
04:48:54,160
04:48:55,160
04:48:56,155
04:48:57,161
04:48:58,161
04:48:59,161
04:49:00,161
04:49:01,161
04:49:02,161
04:49:03,162
04:49:04,163
04:49:05,163
04:49:06,162
04:49:07,163
04:49:08,163
04:49:09,162
04:49:10,164
04:49:11,164
04:49:12,161
04:49:13,160
04:49:14,160
04:49:15,162
04:49:16,163
04:49:17,163
04:49:18,161
04:49:19,163
04:49:20,163
04:49:21,162
04:49:22,161
04:49:23,161
04:49:24,161
04:49:25,160
04:49:26,160
04:49:27,161
04:49:28,163
04:49:29,163
04:49:30,161
04:49:31,164
04:49:32,164
04:49:33,161
04:49:34,161
04:49:36,161
04:49:37,162
04:49:38,161
04:49:39,161
04:49:40,161
04:49:41,162
04:49:42,162
04:49:43,161
04:49:44,163
04:49:45,163
04:49:46,163
04:49:47,162
04:49:48,162
04:49:49,162
04:49:50,164
04:49:51,161
04:49:52,161
04:49:53,162
04:49:54,161
04:49:55,161
04:49:56,162
04:49:57,161
04:49:58,161
04:49:59,161
04:50:00,162
04:50:01,162
04:50:02,161
04:50:03,164
04:50:04,164
04:50:05,161
04:50:06,161
04:50:07,161
04:50:08,163
04:50:09,163
04:50:10,163
04:50:11,157
04:50:12,161
04:50:13,161
04:50:14,165
04:50:15,164
04:50:16,164
04:50:17,161
04:50:18,163
04:50:19,163
04:50:20,163
04:50:21,162
04:50:22,162
04:50:23,161
04:50:24,164
04:50:25,164
04:50:26,158
04:50:27,161
04:50:28,161
04:50:29,162
04:50:30,161
04:50:31,161
04:50:32,161
04:50:33,161
04:50:34,163
04:50:35,163
04:50:36,163
04:50:37,163
04:50:38,163
04:50:39,163
04:50:40,162
04:50:41,162
04:50:42,162
04:50:43,162
04:50:44,162
04:50:45,160
04:50:46,162
04:50:47,162
04:50:48,162
04:50:49,164
04:50:50,164
04:50:51,162
04:50:52,162
04:50:53,162
04:50:54,163
04:50:55,163
04:50:56,163
04:50:57,162
04:50:58,161
04:50:59,161
04:51:00,161
04:51:01,163
04:51:02,163
04:51:03,162
04:51:05,161
04:51:06,161
04:51:07,160
04:51:08,160
04:51:09,160
04:51:10,160
04:51:11,161
04:51:12,161
04:51:13,160
04:51:14,162
04:51:15,162
04:51:16,159
04:51:17,161
04:51:18,154
04:51:19,154
04:51:20,160
04:51:21,163
04:51:22,163
04:51:23,162
04:51:24,162
04:51:25,162
04:51:26,163
04:51:27,160
04:51:28,160
04:51:29,163
04:51:30,160
04:51:31,160
04:51:32,162
04:51:33,162
04:51:34,162
04:51:35,163
04:51:36,160
04:51:37,160
04:51:38,160
04:51:39,161
04:51:40,161
04:51:41,162
04:51:42,162
04:51:43,162
04:51:44,162
04:51:45,160
04:51:46,160
04:51:47,163
04:51:48,161
04:51:49,161
04:51:50,162
04:51:51,161
04:51:52,161
04:51:53,163
04:51:54,163
04:51:55,163
04:51:56,162
04:51:57,161
04:51:58,161
04:51:59,161
04:52:00,165
04:52:01,165
04:52:02,163
04:52:03,162
04:52:04,162
04:52:05,162
04:52:06,160
04:52:07,162
04:52:08,162
04:52:09,161
04:52:10,162
04:52:11,162
04:52:12,159
04:52:13,162
04:52:14,162
04:52:15,162
04:52:16,162
04:52:17,162
04:52:18,162
04:52:19,162
04:52:20,162
04:52:21,163
04:52:22,159
04:52:23,159
04:52:24,160
04:52:25,162
04:52:26,162
04:52:27,164
04:52:28,161
04:52:29,161
04:52:30,160
04:52:31,161
04:52:32,161
04:52:34,161
04:52:35,163
04:52:36,163
04:52:37,161
04:52:38,162
04:52:39,162
04:52:40,164
04:52:41,162
04:52:42,162
04:52:43,163
04:52:44,161
04:52:45,161
04:52:46,162
04:52:47,160
04:52:48,160
04:52:49,161
04:52:50,161
04:52:51,161
04:52:52,160
04:52:53,161
04:52:54,161
04:52:55,161
04:52:56,161
04:52:57,163
04:52:58,163
04:52:59,162
04:53:00,162
04:53:01,162
04:53:02,162
04:53:03,162
04:53:04,162
04:53:05,161
04:53:06,159
04:53:07,159
04:53:08,161
04:53:09,161
04:53:10,161
04:53:11,161
04:53:12,163
04:53:13,163
04:53:14,161
04:53:15,161
04:53:16,161
04:53:17,161
04:53:18,160
04:53:19,160
04:53:20,160
04:53:21,161
04:53:22,161
04:53:23,161
04:53:24,157
04:53:25,157
04:53:26,160
04:53:27,161
04:53:28,161
04:53:29,162
04:53:30,161
04:53:31,161
04:53:32,159
04:53:33,161
04:53:34,161
04:53:35,161
04:53:36,159
04:53:37,159
04:53:38,160
04:53:39,156
04:53:40,161
04:53:41,161
04:53:42,162
04:53:43,163
04:53:44,163
04:53:45,160
04:53:46,163
04:53:47,163
04:53:48,165
04:53:49,161
04:53:50,161
04:53:51,160
04:53:52,160
04:53:53,160
04:53:55,162
04:53:56,162
04:53:57,162
04:53:58,162
04:53:59,163
04:54:00,163
04:54:01,161
04:54:02,161
04:54:03,161
04:54:04,163
04:54:05,163
04:54:06,163
04:54:07,163
04:54:08,162
04:54:09,162
04:54:10,162
04:54:11,160
04:54:12,160
04:54:13,162
04:54:14,164
04:54:15,164
04:54:16,161
04:54:17,160
04:54:18,161
04:54:19,161
04:54:20,163
04:54:21,162
04:54:22,162
04:54:23,159
04:54:24,161
04:54:25,161
04:54:26,161
04:54:27,160
04:54:28,160
04:54:29,160
04:54:30,160
04:54:31,160
04:54:32,160
04:54:33,158
04:54:34,158
04:54:35,161
04:54:36,159
04:54:37,159
04:54:38,159
04:54:39,162
04:54:40,162
04:54:41,161
04:54:42,162
04:54:43,162
04:54:44,160
04:54:45,160
04:54:46,160
04:54:47,158
04:54:48,162
04:54:49,162
04:54:50,162
04:54:51,162
04:54:52,162
04:54:53,161
04:54:54,162
04:54:55,162
04:54:56,164
04:54:57,162
04:54:58,162
04:54:59,163
04:55:00,161
04:55:01,161
04:55:02,160
04:55:03,163
04:55:04,162
04:55:05,162
04:55:06,162
04:55:07,164
04:55:08,164
04:55:09,159
04:55:10,159
04:55:11,159
04:55:12,161
04:55:13,161
04:55:14,161
04:55:15,162
04:55:16,161
04:55:17,161
04:55:18,162
04:55:19,162
04:55:20,162
04:55:21,162
04:55:22,161
04:55:23,161
04:55:24,163
04:55:26,161
04:55:27,161
04:55:28,162
04:55:29,162
04:55:30,162
04:55:31,161
04:55:32,161
04:55:33,161
04:55:34,160
04:55:35,160
04:55:36,160
04:55:37,164
04:55:38,160
04:55:39,160
04:55:40,163
04:55:41,161
04:55:42,161
04:55:43,159
04:55:44,158
04:55:45,158
04:55:46,161
04:55:47,160
04:55:48,160
04:55:49,161
04:55:50,159
04:55:51,158
04:55:52,158
04:55:53,158
04:55:54,153
04:55:55,153
04:55:56,161
04:55:57,161
04:55:58,161
04:55:59,161
04:56:00,163
04:56:01,163
04:56:02,160
04:56:03,164
04:56:04,164
04:56:05,162
04:56:06,160
04:56:07,160
04:56:08,164
04:56:09,162
04:56:10,162
04:56:11,163
04:56:12,162
04:56:13,162
04:56:14,163
04:56:15,162
04:56:16,162
04:56:17,161
04:56:18,162
04:56:19,162
04:56:20,161
04:56:21,160
04:56:22,160
04:56:23,159
04:56:24,163
04:56:25,163
04:56:26,162
04:56:27,164
04:56:28,164
04:56:29,165
04:56:30,161
04:56:31,161
04:56:32,162
04:56:33,160
04:56:34,160
04:56:35,164
04:56:36,162
04:56:37,162
04:56:38,162
04:56:39,162
04:56:40,159
04:56:41,159
04:56:42,161
04:56:43,162
04:56:44,162
04:56:45,161
04:56:46,161
04:56:47,161
04:56:48,162
04:56:49,160
04:56:50,160
04:56:51,161
04:56:52,162
04:56:53,162
04:56:54,160
04:56:56,162
04:56:57,162
04:56:58,161
04:56:59,159
04:57:00,159
04:57:01,161
04:57:02,161
04:57:03,161
04:57:04,161
04:57:05,162
04:57:06,162
04:57:07,161
04:57:08,162
04:57:09,162
04:57:10,162
04:57:11,160
04:57:12,160
04:57:13,163
04:57:14,158
04:57:15,158
04:57:16,160
04:57:17,161
04:57:18,161
04:57:19,160
04:57:20,162
04:57:21,162
04:57:22,162
04:57:23,160
04:57:24,160
04:57:25,162
04:57:26,161
04:57:27,163
04:57:28,163
04:57:29,164
04:57:30,161
04:57:31,161
04:57:32,161
04:57:33,162
04:57:34,162
04:57:35,163
04:57:36,160
04:57:37,160
04:57:38,160
04:57:39,161
04:57:40,161
04:57:41,160
04:57:42,163
04:57:43,163
04:57:44,162
04:57:45,162
04:57:46,162
04:57:47,163
04:57:48,162
04:57:49,162
04:57:50,160
04:57:51,161
04:57:52,161
04:57:53,164
04:57:54,162
04:57:55,162
04:57:56,163
04:57:57,161
04:57:58,161
04:57:59,161
04:58:00,162
04:58:01,162
04:58:02,160
04:58:03,160
04:58:04,160
04:58:05,161
04:58:06,161
04:58:07,161
04:58:08,160
04:58:09,162
04:58:10,162
04:58:11,160
04:58:12,160
04:58:13,159
04:58:14,159
04:58:15,159
04:58:16,161
04:58:17,161
04:58:18,161
04:58:19,159
04:58:20,159
04:58:21,160
04:58:22,161
04:58:23,161
04:58:24,161
04:58:26,160
04:58:27,160
04:58:28,160
04:58:29,161
04:58:30,161
04:58:31,157
04:58:32,153
04:58:33,153
04:58:34,163
04:58:35,162
04:58:36,162
04:58:37,161
04:58:38,161
04:58:39,161
04:58:40,162
04:58:41,163
04:58:42,163
04:58:43,163
04:58:44,163
04:58:45,163
04:58:46,163
04:58:47,163
04:58:48,163
04:58:49,163
04:58:50,163
04:58:51,162
04:58:52,162
04:58:53,162
04:58:54,161
04:58:55,161
04:58:56,160
04:58:57,160
04:58:58,160
04:58:59,164
04:59:00,162
04:59:01,162
04:59:02,162
04:59:03,162
04:59:04,162
04:59:05,163
04:59:06,163
04:59:07,163
04:59:08,163
04:59:09,162
04:59:10,162
04:59:11,162
04:59:12,162
04:59:13,162
04:59:14,159
04:59:15,161
04:59:16,161
04:59:17,163
04:59:18,160
04:59:19,160
04:59:20,163
04:59:21,161
04:59:22,161
04:59:23,160
04:59:24,160
04:59:25,160
04:59:26,162
04:59:27,161
04:59:28,161
04:59:29,161
04:59:30,161
04:59:31,161
04:59:32,161
04:59:33,162
04:59:34,162
04:59:35,161
04:59:36,157
04:59:37,157
04:59:38,161
04:59:39,164
04:59:40,163
04:59:41,163
04:59:42,159
04:59:43,162
04:59:44,162
04:59:45,162
04:59:46,164
04:59:48,164
04:59:49,162
04:59:50,161
04:59:51,161
04:59:52,160
04:59:53,162
04:59:54,162
04:59:55,161
04:59:56,162
04:59:57,162
04:59:58,162
04:59:59,161
05:00:00,161
05:00:01,162
05:00:02,159
05:00:03,159
05:00:04,160
05:00:05,160
05:00:06,160
05:00:07,162
05:00:08,162
05:00:09,162
05:00:10,159
05:00:11,160
05:00:12,160
05:00:13,164
05:00:14,164
05:00:15,164
05:00:16,163
05:00:17,161
05:00:18,161
05:00:19,162
05:00:20,164
05:00:21,164
05:00:22,161
05:00:23,161
05:00:24,161
05:00:25,162
05:00:26,165
05:00:27,163
05:00:28,163
05:00:29,161
05:00:30,164
05:00:31,164
05:00:32,163
05:00:33,162
05:00:34,162
05:00:35,162
05:00:36,161
05:00:37,161
05:00:38,163
05:00:39,164
05:00:40,164
05:00:41,164
05:00:42,161
05:00:43,161
05:00:44,161
05:00:45,164
05:00:46,164
05:00:47,164
05:00:48,161
05:00:49,161
05:00:50,161
05:00:51,162
05:00:52,162
05:00:53,162
05:00:54,162
05:00:55,162
05:00:56,161
05:00:57,164
05:00:58,164
05:00:59,163
05:01:00,160
05:01:01,160
05:01:02,163
05:01:03,161
05:01:04,161
05:01:05,162
05:01:06,163
05:01:07,163
05:01:08,164
05:01:09,160
05:01:10,160
05:01:11,161
05:01:12,161
05:01:13,162
05:01:14,162
05:01:15,160
05:01:16,162
05:01:17,162
05:01:19,160
05:01:20,161
05:01:21,161
05:01:22,161
05:01:23,162
05:01:24,162
05:01:25,162
05:01:26,162
05:01:27,162
05:01:28,160
05:01:29,161
05:01:30,161
05:01:31,161
05:01:32,161
05:01:33,161
05:01:34,160
05:01:35,161
05:01:36,161
05:01:37,159
05:01:38,162
05:01:39,162
05:01:40,161
05:01:41,163
05:01:42,163
05:01:43,161
05:01:44,161
05:01:45,161
05:01:46,159
05:01:47,160
05:01:48,160
05:01:49,162
05:01:50,160
05:01:51,160
05:01:52,164
05:01:53,156
05:01:54,156
05:01:55,159
05:01:56,161
05:01:57,161
05:01:58,161
05:01:59,164
05:02:00,164
05:02:01,162
05:02:02,161
05:02:03,164
05:02:04,164
05:02:05,162
05:02:06,159
05:02:07,159
05:02:08,161
05:02:09,161
05:02:10,161
05:02:11,162
05:02:12,161
05:02:13,161
05:02:14,163
05:02:15,161
05:02:16,161
05:02:17,162
05:02:18,163
05:02:19,163
05:02:20,162
05:02:21,161
05:02:22,161
05:02:23,162
05:02:24,159
05:02:25,159
05:02:26,160
05:02:27,160
05:02:28,160
05:02:29,161
05:02:30,161
05:02:31,161
05:02:32,163
05:02:33,163
05:02:34,163
05:02:35,162
05:02:36,162
05:02:37,162
05:02:38,160
05:02:39,160
05:02:40,160
05:02:41,162
05:02:42,160
05:02:43,160
05:02:44,160
05:02:45,162
05:02:46,162
05:02:47,160
05:02:48,161
05:02:50,160
05:02:51,160
05:02:52,161
05:02:53,163
05:02:54,163
05:02:55,160
05:02:56,160
05:02:57,160
05:02:58,160
05:02:59,161
05:03:00,161
05:03:01,160
05:03:02,160
05:03:03,160
05:03:04,162
05:03:05,159
05:03:06,159
05:03:07,159
05:03:08,159
05:03:09,159
05:03:10,160
05:03:11,155
05:03:12,155
05:03:13,162
05:03:14,162
05:03:15,162
05:03:16,161
05:03:17,162
05:03:18,162
05:03:19,163
05:03:20,161
05:03:21,161
05:03:22,161
05:03:23,160
05:03:24,160
05:03:25,161
05:03:26,161
05:03:27,161
05:03:28,161
05:03:29,162
05:03:30,162
05:03:31,161
05:03:32,161
05:03:33,161
05:03:34,163
05:03:35,161
05:03:36,161
05:03:37,163
05:03:38,162
05:03:39,162
05:03:40,162
05:03:41,162
05:03:42,161
05:03:43,161
05:03:44,160
05:03:45,162
05:03:46,162
05:03:47,161
05:03:48,163
05:03:49,163
05:03:50,162
05:03:51,163
05:03:52,163
05:03:53,162
05:03:54,162
05:03:55,162
05:03:56,160
05:03:57,161
05:03:58,161
05:03:59,162
05:04:00,160
05:04:01,160
05:04:02,161
05:04:03,160
05:04:04,160
05:04:05,162
05:04:06,161
05:04:07,161
05:04:08,161
05:04:09,159
05:04:10,159
05:04:11,164
05:04:12,162
05:04:13,162
05:04:14,163
05:04:15,161
05:04:16,161
05:04:17,163
05:04:18,162
05:04:20,162
05:04:21,161
05:04:22,161
05:04:23,161
05:04:24,160
05:04:25,155
05:04:26,162
05:04:27,162
05:04:28,161
05:04:29,162
05:04:30,162
05:04:31,163
05:04:32,161
05:04:33,161
05:04:34,163
05:04:35,160
05:04:36,160
05:04:37,160
05:04:38,162
05:04:39,162
05:04:40,161
05:04:41,160
05:04:42,160
05:04:43,160
05:04:44,161
05:04:45,161
05:04:46,160
05:04:47,161
05:04:48,161
05:04:49,162
05:04:50,158
05:04:51,158
05:04:52,161
05:04:53,162
05:04:54,162
05:04:55,159
05:04:56,161
05:04:57,161
05:04:58,162
05:04:59,163
05:05:00,163
05:05:01,162
05:05:02,163
05:05:03,163
05:05:04,161
05:05:05,161
05:05:06,161
05:05:07,161
05:05:08,160
05:05:09,160
05:05:10,161
05:05:11,162
05:05:12,162
05:05:13,162
05:05:14,161
05:05:15,159
05:05:16,159
05:05:17,161
05:05:18,162
05:05:19,162
05:05:20,163
05:05:21,159
05:05:22,159
05:05:23,161
05:05:24,160
05:05:25,160
05:05:26,161
05:05:27,160
05:05:28,160
05:05:29,163
05:05:30,163
05:05:31,163
05:05:32,162
05:05:33,162
05:05:34,162
05:05:35,162
05:05:36,160
05:05:37,160
05:05:38,162
05:05:39,165
05:05:40,165
05:05:41,162
05:05:42,163
05:05:43,163
05:05:44,161
05:05:45,162
05:05:46,162
05:05:47,162
05:05:48,160
05:05:49,160
05:05:51,162
05:05:52,161
05:05:53,161
05:05:54,164
05:05:55,162
05:05:56,162
05:05:57,162
05:05:58,162
05:05:59,162
05:06:00,163
05:06:01,161
05:06:02,161
05:06:03,161
05:06:04,162
05:06:05,161
05:06:06,161
05:06:07,161
05:06:08,161
05:06:09,161
05:06:10,160
05:06:11,159
05:06:12,159
05:06:13,161
05:06:14,159
05:06:15,159
05:06:16,162
05:06:17,161
05:06:18,161
05:06:19,162
05:06:20,158
05:06:21,158
05:06:22,159
05:06:23,162
05:06:24,162
05:06:25,162
05:06:26,161
05:06:27,161
05:06:28,163
05:06:29,162
05:06:30,162
05:06:31,161
05:06:32,160
05:06:33,160
05:06:34,161
05:06:35,158
05:06:36,158
05:06:37,161
05:06:38,162
05:06:39,162
05:06:40,160
05:06:41,162
05:06:42,162
05:06:43,161
05:06:44,163
05:06:45,163
05:06:46,164
05:06:47,159
05:06:48,160
05:06:49,160
05:06:50,161
05:06:51,162
05:06:52,162
05:06:53,163
05:06:54,162
05:06:55,162
05:06:56,163
05:06:57,165
05:06:58,165
05:06:59,163
05:07:00,164
05:07:01,164
05:07:02,161
05:07:03,165
05:07:04,165
05:07:05,163
05:07:06,160
05:07:07,160
05:07:08,162
05:07:09,163
05:07:10,163
05:07:11,163
05:07:12,163
05:07:13,163
05:07:14,162
05:07:15,161
05:07:16,161
05:07:17,162
05:07:18,161
05:07:19,161
05:07:20,162
05:07:22,160
05:07:23,160
05:07:24,162
05:07:25,162
05:07:26,162
05:07:27,163
05:07:28,162
05:07:29,162
05:07:30,162
05:07:31,161
05:07:32,161
05:07:33,162
05:07:34,162
05:07:35,162
05:07:36,160
05:07:37,160
05:07:38,162
05:07:39,162
05:07:40,163
05:07:41,163
05:07:42,163
05:07:43,162
05:07:44,160
05:07:45,160
05:07:46,160
05:07:47,162
05:07:48,162
05:07:49,163
05:07:50,156
05:07:51,156
05:07:52,163
05:07:53,161
05:07:54,161
05:07:55,160
05:07:56,163
05:07:57,163
05:07:58,163
05:07:59,162
05:08:00,162
05:08:01,161
05:08:02,161
05:08:03,161
05:08:04,162
05:08:05,162
05:08:06,162
05:08:07,161
05:08:08,160
05:08:09,160
05:08:10,160
05:08:11,164
05:08:12,164
05:08:13,163
05:08:14,158
05:08:15,158
05:08:16,162
05:08:17,162
05:08:18,162
05:08:19,160
05:08:20,159
05:08:21,159
05:08:22,161
05:08:23,162
05:08:24,160
05:08:25,160
05:08:26,163
05:08:27,163
05:08:28,163
05:08:29,162
05:08:30,162
05:08:31,162
05:08:32,161
05:08:33,162
05:08:34,162
05:08:35,162
05:08:36,162
05:08:37,162
05:08:38,163
05:08:39,162
05:08:40,162
05:08:41,160
05:08:42,160
05:08:43,160
05:08:44,159
05:08:45,163
05:08:47,163
05:08:48,161
05:08:49,162
05:08:50,162
05:08:51,161
05:08:52,162
05:08:53,162
05:08:54,158
05:08:55,162
05:08:56,162
05:08:57,155
05:08:58,164
05:08:59,164
05:09:00,163
05:09:01,161
05:09:02,161
05:09:03,161
05:09:04,163
05:09:05,164
05:09:06,164
05:09:07,162
05:09:08,161
05:09:09,161
05:09:10,162
05:09:11,163
05:09:12,163
05:09:13,162
05:09:14,160
05:09:15,160
05:09:16,162
05:09:17,160
05:09:18,160
05:09:19,162
05:09:20,162
05:09:21,162
05:09:22,162
05:09:23,161
05:09:24,161
05:09:25,161
05:09:26,162
05:09:27,162
05:09:28,162
05:09:29,162
05:09:30,162
05:09:31,162
05:09:32,164
05:09:33,164
05:09:34,161
05:09:35,160
05:09:36,160
05:09:37,161
05:09:38,163
05:09:39,163
05:09:40,159
05:09:41,161
05:09:42,161
05:09:43,162
05:09:44,162
05:09:45,162
05:09:46,162
05:09:47,160
05:09:48,160
05:09:49,159
05:09:50,159
05:09:51,161
05:09:52,161
05:09:53,159
05:09:54,161
05:09:55,161
05:09:56,161
05:09:57,162
05:09:58,162
05:09:59,160
05:10:00,159
05:10:01,159
05:10:02,154
05:10:03,162
05:10:04,162
05:10:05,162
05:10:06,163
05:10:07,163
05:10:08,162
05:10:09,164
05:10:10,164
05:10:11,162
05:10:12,164
05:10:13,164
05:10:14,162
05:10:15,161
05:10:17,161
05:10:18,161
05:10:19,162
05:10:20,162
05:10:21,163
05:10:22,162
05:10:23,162
05:10:24,161
05:10:25,161
05:10:26,161
05:10:27,163
05:10:28,160
05:10:29,160
05:10:30,163
05:10:31,162
05:10:32,162
05:10:33,164
05:10:34,161
05:10:35,161
05:10:36,163
05:10:37,163
05:10:38,163
05:10:39,163
05:10:40,161
05:10:41,162
05:10:42,162
05:10:43,164
05:10:44,161
05:10:45,161
05:10:46,162
05:10:47,163
05:10:48,163
05:10:49,160
05:10:50,161
05:10:51,161
05:10:52,162
05:10:53,162
05:10:54,162
05:10:55,161
05:10:56,160
05:10:57,160
05:10:58,160
05:10:59,162
05:11:00,162
05:11:01,160
05:11:02,161
05:11:03,161
05:11:04,161
05:11:05,163
05:11:06,163
05:11:07,161
05:11:08,163
05:11:09,163
05:11:10,162
05:11:11,162
05:11:12,162
05:11:13,156
05:11:14,163
05:11:15,163
05:11:16,161
05:11:17,160
05:11:18,160
05:11:19,162
05:11:20,161
05:11:21,161
05:11:22,161
05:11:23,163
05:11:24,163
05:11:25,163
05:11:26,161
05:11:27,160
05:11:28,160
05:11:29,163
05:11:30,161
05:11:31,161
05:11:32,161
05:11:33,162
05:11:34,162
05:11:35,162
05:11:36,161
05:11:37,161
05:11:38,162
05:11:39,160
05:11:40,160
05:11:41,162
05:11:42,161
05:11:43,161
05:11:44,161
05:11:45,160
05:11:46,160
05:11:47,162
05:11:49,161
05:11:50,161
05:11:51,160
05:11:52,162
05:11:53,162
05:11:54,162
05:11:55,161
05:11:56,161
05:11:57,160
05:11:58,162
05:11:59,162
05:12:00,161
05:12:01,162
05:12:02,162
05:12:03,160
05:12:04,162
05:12:05,162
05:12:06,162
05:12:07,161
05:12:08,161
05:12:09,162
05:12:10,161
05:12:11,161
05:12:12,160
05:12:13,162
05:12:14,162
05:12:15,161
05:12:16,164
05:12:17,163
05:12:18,163
05:12:19,161
05:12:20,162
05:12:21,162
05:12:22,164
05:12:23,162
05:12:24,162
05:12:25,162
05:12:26,155
05:12:27,155
05:12:28,163
05:12:29,162
05:12:30,162
05:12:31,160
05:12:32,161
05:12:33,161
05:12:34,161
05:12:35,162
05:12:36,162
05:12:37,160
05:12:38,162
05:12:39,162
05:12:40,160
05:12:41,161
05:12:42,161
05:12:43,161
05:12:44,161
05:12:45,161
05:12:46,162
05:12:47,162
05:12:48,162
05:12:49,161
05:12:50,162
05:12:51,162
05:12:52,164
05:12:53,164
05:12:54,164
05:12:55,165
05:12:56,163
05:12:57,163
05:12:58,163
05:12:59,165
05:13:00,165
05:13:01,163
05:13:02,161
05:13:03,163
05:13:04,163
05:13:05,162
05:13:06,162
05:13:07,162
05:13:08,164
05:13:09,162
05:13:10,162
05:13:11,161
05:13:12,163
05:13:13,163
05:13:14,160
05:13:15,162
05:13:16,162
05:13:17,163
05:13:18,161
05:13:19,161
05:13:21,162
05:13:22,162
05:13:23,162
05:13:24,160
05:13:25,163
05:13:26,163
05:13:27,161
05:13:28,162
05:13:29,162
05:13:30,162
05:13:31,160
05:13:32,160
05:13:33,162
05:13:34,161
05:13:35,161
05:13:36,160
05:13:37,162
05:13:38,162
05:13:39,161
05:13:40,160
05:13:41,160
05:13:42,162
05:13:43,160
05:13:44,160
05:13:45,162
05:13:46,160
05:13:47,160
05:13:48,161
05:13:49,163
05:13:50,163
05:13:51,165
05:13:52,163
05:13:53,163
05:13:54,163
05:13:55,162
05:13:56,164
05:13:57,164
05:13:58,163
05:13:59,161
05:14:00,161
05:14:01,164
05:14:02,163
05:14:03,163
05:14:04,163
05:14:05,163
05:14:06,163
05:14:07,162
05:14:08,161
05:14:09,161
05:14:10,161
05:14:11,163
05:14:12,163
05:14:13,162
05:14:14,163
05:14:15,163
05:14:16,163
05:14:17,162
05:14:18,162
05:14:19,164
05:14:20,161
05:14:21,161
05:14:22,158
05:14:23,159
05:14:24,159
05:14:25,161
05:14:26,164
05:14:27,164
05:14:28,160
05:14:29,162
05:14:30,162
05:14:31,163
05:14:32,161
05:14:33,161
05:14:34,162
05:14:35,162
05:14:36,162
05:14:37,161
05:14:38,163
05:14:39,165
05:14:40,165
05:14:41,164
05:14:42,163
05:14:43,163
05:14:44,162
05:14:45,162
05:14:46,162
05:14:47,163
05:14:48,161
05:14:49,161
05:14:50,163
05:14:52,161
05:14:53,161
05:14:54,159
05:14:55,161
05:14:56,161
05:14:57,161
05:14:58,163
05:14:59,163
05:15:00,161
05:15:01,161
05:15:02,161
05:15:03,163
05:15:04,162
05:15:05,162
05:15:06,160
05:15:07,159
05:15:08,159
05:15:09,162
05:15:10,162
05:15:11,162
05:15:12,163
05:15:13,160
05:15:14,160
05:15:15,161
05:15:16,162
05:15:17,162
05:15:18,158
05:15:19,162
05:15:20,162
05:15:21,162
05:15:22,161
05:15:23,161
05:15:24,161
05:15:25,161
05:15:26,158
05:15:27,158
05:15:28,161
05:15:29,161
05:15:30,161
05:15:31,160
05:15:32,161
05:15:33,161
05:15:34,161
05:15:35,160
05:15:36,160
05:15:37,163
05:15:38,160
05:15:39,160
05:15:40,161
05:15:41,160
05:15:42,160
05:15:43,162
05:15:44,159
05:15:45,159
05:15:46,159
05:15:47,158
05:15:48,158
05:15:49,162
05:15:50,163
05:15:51,163
05:15:52,161
05:15:53,160
05:15:54,160
05:15:55,162
05:15:56,161
05:15:57,161
05:15:58,161
05:15:59,158
05:16:00,158
05:16:01,157
05:16:02,162
05:16:03,162
05:16:04,163
05:16:05,162
05:16:06,162
05:16:07,163
05:16:08,161
05:16:09,161
05:16:10,162
05:16:11,161
05:16:12,161
05:16:13,162
05:16:14,163
05:16:15,161
05:16:16,161
05:16:17,163
05:16:18,161
05:16:19,161
05:16:20,162
05:16:22,162
05:16:23,162
05:16:24,163
05:16:25,163
05:16:26,163
05:16:27,162
05:16:28,161
05:16:29,161
05:16:30,163
05:16:31,160
05:16:32,160
05:16:33,160
05:16:34,161
05:16:35,161
05:16:36,163
05:16:37,164
05:16:38,164
05:16:39,159
05:16:40,161
05:16:41,161
05:16:42,160
05:16:43,162
05:16:44,162
05:16:45,161
05:16:46,160
05:16:47,160
05:16:48,162
05:16:49,163
05:16:50,163
05:16:51,161
05:16:52,158
05:16:53,158
05:16:54,159
05:16:55,163
05:16:56,163
05:16:57,162
05:16:58,159
05:16:59,159
05:17:00,161
05:17:01,161
05:17:02,159
05:17:03,159
05:17:04,161
05:17:05,160
05:17:06,160
05:17:07,158
05:17:08,161
05:17:09,161
05:17:10,162
05:17:11,160
05:17:12,160
05:17:13,160
05:17:14,154
05:17:15,154
05:17:16,162
05:17:17,160
05:17:18,160
05:17:19,161
05:17:20,162
05:17:21,162
05:17:22,162
05:17:23,159
05:17:24,159
05:17:25,160
05:17:26,158
05:17:27,158
05:17:28,162
05:17:29,161
05:17:30,161
05:17:31,161
05:17:32,160
05:17:33,160
05:17:34,161
05:17:35,162
05:17:36,162
05:17:37,161
05:17:38,159
05:17:39,159
05:17:40,159
05:17:41,161
05:17:42,161
05:17:43,159
05:17:44,160
05:17:45,160
05:17:46,160
05:17:47,157
05:17:48,159
05:17:49,159
05:17:50,160
05:17:51,159
05:17:53,159
05:17:54,162
05:17:55,160
05:17:56,160
05:17:57,160
05:17:58,162
05:17:59,162
05:18:00,162
05:18:01,162
05:18:02,162
05:18:03,164
05:18:04,161
05:18:05,161
05:18:06,160
05:18:07,160
05:18:08,160
05:18:09,163
05:18:10,163
05:18:11,163
05:18:12,160
05:18:13,161
05:18:14,161
05:18:15,160
05:18:16,160
05:18:17,160
05:18:18,163
05:18:19,161
05:18:20,161
05:18:21,161
05:18:22,162
05:18:23,162
05:18:24,161
05:18:25,160
05:18:26,160
05:18:27,160
05:18:28,157
05:18:29,157
05:18:30,161
05:18:31,164
05:18:32,160
05:18:33,160
05:18:34,162
05:18:35,161
05:18:36,161
05:18:37,163
05:18:38,160
05:18:39,160
05:18:40,163
05:18:41,164
05:18:42,164
05:18:43,160
05:18:44,163
05:18:45,163
05:18:46,163
05:18:47,162
05:18:48,162
05:18:49,162
05:18:50,160
05:18:51,160
05:18:52,161
05:18:53,161
05:18:54,161
05:18:55,160
05:18:56,160
05:18:57,160
05:18:58,158
05:18:59,162
05:19:00,162
05:19:01,162
05:19:02,162
05:19:03,162
05:19:04,165
05:19:05,160
05:19:06,160
05:19:07,162
05:19:08,162
05:19:09,162
05:19:10,159
05:19:11,162
05:19:12,162
05:19:13,162
05:19:14,161
05:19:15,161
05:19:17,163
05:19:18,162
05:19:19,163
05:19:20,163
05:19:21,161
05:19:22,163
05:19:23,163
05:19:24,161
05:19:25,159
05:19:26,159
05:19:27,162
05:19:28,161
05:19:29,161
05:19:30,162
05:19:31,161
05:19:32,161
05:19:33,161
05:19:34,159
05:19:35,159
05:19:36,159
05:19:37,162
05:19:38,162
05:19:39,161
05:19:40,160
05:19:41,160
05:19:42,162
05:19:43,162
05:19:44,162
05:19:45,160
05:19:46,162
05:19:47,162
05:19:48,161
05:19:49,160
05:19:50,160
05:19:51,161
05:19:52,161
05:19:53,161
05:19:54,164
05:19:55,163
05:19:56,163
05:19:57,159
05:19:58,162
05:19:59,162
05:20:00,161
05:20:01,160
05:20:02,160
05:20:03,159
05:20:04,161
05:20:05,161
05:20:06,161
05:20:07,163
05:20:08,163
05:20:09,163
05:20:10,158
05:20:11,162
05:20:12,162
05:20:13,162
05:20:14,163
05:20:15,163
05:20:16,162
05:20:17,161
05:20:18,161
05:20:19,160
05:20:20,161
05:20:21,161
05:20:22,161
05:20:23,162
05:20:24,162
05:20:25,163
05:20:26,160
05:20:27,160
05:20:28,163
05:20:29,165
05:20:30,165
05:20:31,161
05:20:32,161
05:20:33,161
05:20:34,161
05:20:35,162
05:20:36,162
05:20:37,163
05:20:38,162
05:20:39,162
05:20:40,163
05:20:41,162
05:20:42,162
05:20:43,163
05:20:44,162
05:20:45,162
05:20:47,161
05:20:48,161
05:20:49,161
05:20:50,158
05:20:51,160
05:20:52,162
05:20:53,162
05:20:54,162
05:20:55,161
05:20:56,161
05:20:57,162
05:20:58,161
05:20:59,161
05:21:00,163
05:21:01,161
05:21:02,161
05:21:03,163
05:21:04,163
05:21:05,163
05:21:06,162
05:21:07,162
05:21:08,162
05:21:09,160
05:21:10,161
05:21:11,161
05:21:12,160
05:21:13,162
05:21:14,162
05:21:15,160
05:21:16,163
05:21:17,163
05:21:18,163
05:21:19,163
05:21:20,163
05:21:21,161
05:21:22,160
05:21:23,160
05:21:24,161
05:21:25,158
05:21:26,158
05:21:27,163
05:21:28,162
05:21:29,162
05:21:30,160
05:21:31,161
05:21:32,161
05:21:33,161
05:21:34,161
05:21:35,161
05:21:36,161
05:21:37,161
05:21:38,161
05:21:39,161
05:21:40,160
05:21:41,161
05:21:42,161
05:21:43,160
05:21:44,160
05:21:45,160
05:21:46,163
05:21:47,162
05:21:48,162
05:21:49,162
05:21:50,159
05:21:51,159
05:21:52,160
05:21:53,160
05:21:54,160
05:21:55,160
05:21:56,163
05:21:57,163
05:21:58,159
05:21:59,160
05:22:00,160
05:22:01,160
05:22:02,160
05:22:03,160
05:22:04,161
05:22:05,161
05:22:06,161
05:22:07,155
05:22:08,163
05:22:09,163
05:22:10,162
05:22:11,161
05:22:12,161
05:22:13,162
05:22:14,160
05:22:15,160
05:22:16,162
05:22:18,160
05:22:19,160
05:22:20,162
05:22:21,162
05:22:22,162
05:22:23,160
05:22:24,160
05:22:25,160
05:22:26,162
05:22:27,162
05:22:28,162
05:22:29,162
05:22:30,161
05:22:31,162
05:22:32,162
05:22:33,161
05:22:34,163
05:22:35,163
05:22:36,163
05:22:37,162
05:22:38,162
05:22:39,163
05:22:40,162
05:22:41,162
05:22:42,162
05:22:43,163
05:22:44,163
05:22:45,163
05:22:46,161
05:22:47,161
05:22:48,162
05:22:49,164
05:22:50,164
05:22:51,163
05:22:52,162
05:22:53,162
05:22:54,162
05:22:55,163
05:22:56,163
05:22:57,160
05:22:58,160
05:22:59,160
05:23:00,162
05:23:01,160
05:23:02,160
05:23:03,161
05:23:04,162
05:23:05,162
05:23:06,162
05:23:07,159
05:23:08,159
05:23:09,163
05:23:10,163
05:23:11,163
05:23:12,161
05:23:13,161
05:23:14,162
05:23:15,162
05:23:16,162
05:23:17,161
05:23:18,161
05:23:19,162
05:23:20,163
05:23:21,163
05:23:22,164
05:23:23,159
05:23:24,159
05:23:25,160
05:23:26,161
05:23:27,161
05:23:28,160
05:23:29,160
05:23:30,160
05:23:31,161
05:23:32,162
05:23:33,162
05:23:34,164
05:23:35,162
05:23:36,162
05:23:37,160
05:23:38,161
05:23:39,161
05:23:40,161
05:23:41,159
05:23:42,159
05:23:43,161
05:23:45,160
05:23:46,160
05:23:47,161
05:23:48,162
05:23:49,162
05:23:50,161
05:23:51,162
05:23:52,161
05:23:53,161
05:23:54,160
05:23:55,161
05:23:56,161
05:23:57,162
05:23:58,160
05:23:59,160
05:24:00,164
05:24:01,164
05:24:02,164
05:24:03,159
05:24:04,162
05:24:05,162
05:24:06,165
05:24:07,163
05:24:08,163
05:24:09,162
05:24:10,158
05:24:11,158
05:24:12,161
05:24:13,161
05:24:14,161
05:24:15,161
05:24:16,161
05:24:17,161
05:24:18,161
05:24:19,161
05:24:20,161
05:24:21,159
05:24:22,160
05:24:23,160
05:24:24,161
05:24:25,158
05:24:26,158
05:24:27,160
05:24:28,157
05:24:29,157
05:24:30,161
05:24:31,159
05:24:32,159
05:24:33,163
05:24:34,162
05:24:35,162
05:24:36,165
05:24:37,163
05:24:38,162
05:24:39,162
05:24:40,162
05:24:41,162
05:24:42,162
05:24:43,163
05:24:44,162
05:24:45,162
05:24:46,162
05:24:47,163
05:24:48,163
05:24:49,159
05:24:50,161
05:24:51,161
05:24:52,163
05:24:53,161
05:24:54,161
05:24:55,160
05:24:56,161
05:24:57,161
05:24:58,160
05:24:59,163
05:25:00,163
05:25:01,162
05:25:02,162
05:25:03,162
05:25:04,162
05:25:05,163
05:25:06,163
05:25:07,162
05:25:09,161
05:25:10,161
05:25:11,161
05:25:12,160
05:25:13,160
05:25:14,162
05:25:15,163
05:25:16,163
05:25:17,162
05:25:18,161
05:25:19,161
05:25:20,163
05:25:21,159
05:25:22,159
05:25:23,161
05:25:24,159
05:25:25,159
05:25:26,159
05:25:27,161
05:25:28,162
05:25:29,162
05:25:30,161
05:25:31,161
05:25:32,161
05:25:33,162
05:25:34,161
05:25:35,161
05:25:36,161
05:25:37,161
05:25:38,161
05:25:39,158
05:25:40,161
05:25:41,161
05:25:42,163
05:25:43,162
05:25:44,162
05:25:45,162
05:25:46,163
05:25:47,163
05:25:48,162
05:25:49,164
05:25:50,164
05:25:51,162
05:25:52,162
05:25:53,162
05:25:54,160
05:25:55,162
05:25:56,162
05:25:57,163
05:25:58,158
05:25:59,158
05:26:00,162
05:26:01,161
05:26:02,161
05:26:03,161
05:26:04,161
05:26:05,161
05:26:06,159
05:26:07,163
05:26:08,163
05:26:09,160
05:26:10,161
05:26:11,161
05:26:12,163
05:26:13,163
05:26:14,163
05:26:15,163
05:26:16,161
05:26:17,162
05:26:18,162
05:26:19,159
05:26:20,163
05:26:21,163
05:26:22,161
05:26:23,161
05:26:24,161
05:26:25,162
05:26:26,161
05:26:27,161
05:26:28,162
05:26:29,159
05:26:30,159
05:26:31,161
05:26:32,160
05:26:33,160
05:26:34,162
05:26:35,162
05:26:36,162
05:26:37,162
05:26:38,163
05:26:40,163
05:26:41,160
05:26:42,161
05:26:43,161
05:26:44,162
05:26:45,163
05:26:46,163
05:26:47,162
05:26:48,161
05:26:49,161
05:26:50,156
05:26:51,162
05:26:52,162
05:26:53,163
05:26:54,162
05:26:55,162
05:26:56,162
05:26:57,161
05:26:58,161
05:26:59,162
05:27:00,162
05:27:01,162
05:27:02,162
05:27:03,164
05:27:04,160
05:27:05,160
05:27:06,162
05:27:07,161
05:27:08,161
05:27:09,164
05:27:10,162
05:27:11,162
05:27:12,161
05:27:13,163
05:27:14,163
05:27:15,161
05:27:16,164
05:27:17,164
05:27:18,164
05:27:19,161
05:27:20,161
05:27:21,160
05:27:22,160
05:27:23,160
05:27:24,160
05:27:25,162
05:27:26,162
05:27:27,160
05:27:28,164
05:27:29,164
05:27:30,160
05:27:31,165
05:27:32,165
05:27:33,162
05:27:34,164
05:27:35,164
05:27:36,161
05:27:37,162
05:27:38,162
05:27:39,159
05:27:40,162
05:27:41,162
05:27:42,162
05:27:43,162
05:27:44,162
05:27:45,161
05:27:46,160
05:27:47,161
05:27:48,161
05:27:49,162
05:27:50,163
05:27:51,163
05:27:52,162
05:27:53,163
05:27:54,163
05:27:55,164
05:27:56,163
05:27:57,163
05:27:58,161
05:27:59,159
05:28:00,159
05:28:01,159
05:28:02,160
05:28:03,160
05:28:04,163
05:28:05,161
05:28:06,161
05:28:07,161
05:28:08,161
05:28:10,161
05:28:11,163
05:28:12,163
05:28:13,163
05:28:14,162
05:28:15,163
05:28:16,163
05:28:17,164
05:28:18,160
05:28:19,160
05:28:20,161
05:28:21,163
05:28:22,163
05:28:23,163
05:28:24,162
05:28:25,162
05:28:26,162
05:28:27,163
05:28:28,163
05:28:29,163
05:28:30,159
05:28:31,159
05:28:32,160
05:28:33,162
05:28:34,162
05:28:35,162
05:28:36,161
05:28:37,162
05:28:38,162
05:28:39,162
05:28:40,161
05:28:41,161
05:28:42,160
05:28:43,162
05:28:44,162
05:28:45,161
05:28:46,163
05:28:47,163
05:28:48,162
05:28:49,161
05:28:50,161
05:28:51,161
05:28:52,160
05:28:53,160
05:28:54,162
05:28:55,161
05:28:56,161
05:28:57,159
05:28:58,161
05:28:59,161
05:29:00,160
05:29:01,161
05:29:02,161
05:29:03,161
05:29:04,160
05:29:05,160
05:29:06,158
05:29:07,161
05:29:08,159
05:29:09,159
05:29:10,160
05:29:11,161
05:29:12,161
05:29:13,162
05:29:14,161
05:29:15,161
05:29:16,159
05:29:17,161
05:29:18,161
05:29:19,161
05:29:20,161
05:29:21,161
05:29:22,158
05:29:23,159
05:29:24,159
05:29:25,160
05:29:26,160
05:29:27,160
05:29:29,160
05:29:30,161
05:29:31,161
05:29:32,161
05:29:33,162
05:29:34,162
05:29:35,160
05:29:36,162
05:29:37,162
05:29:38,162
05:29:39,162
05:29:40,162
05:29:41,161
05:29:42,160
05:29:43,160
05:29:44,160
05:29:45,161
05:29:46,161
05:29:47,162
05:29:48,162
05:29:49,162
05:29:50,161
05:29:51,160
05:29:52,160
05:29:53,164
05:29:54,161
05:29:55,161
05:29:56,160
05:29:57,161
05:29:58,160
05:29:59,160
05:30:00,160
05:30:01,161
05:30:02,161
05:30:03,160
05:30:04,160
05:30:05,160
05:30:06,161
05:30:07,162
05:30:08,162
05:30:09,159
05:30:10,160
05:30:11,160
05:30:12,161
05:30:13,160
05:30:14,160
05:30:15,160
05:30:16,160
05:30:17,160
05:30:18,160
05:30:19,160
05:30:20,160
05:30:21,159
05:30:22,160
05:30:23,160
05:30:24,161
05:30:25,160
05:30:26,160
05:30:27,161
05:30:28,162
05:30:29,162
05:30:30,161
05:30:31,163
05:30:32,163
05:30:33,159
05:30:34,161
05:30:35,161
05:30:36,162
05:30:37,158
05:30:38,158
05:30:39,162
05:30:40,161
05:30:41,161
05:30:42,162
05:30:43,161
05:30:44,165
05:30:45,165
05:30:46,162
05:30:47,161
05:30:48,161
05:30:49,161
05:30:50,160
05:30:51,160
05:30:52,162
05:30:53,161
05:30:54,161
05:30:55,160
05:30:56,162
05:30:57,162
05:30:58,162
05:31:00,161
05:31:01,161
05:31:02,160
05:31:03,160
05:31:04,160
05:31:05,162
05:31:06,161
05:31:07,161
05:31:08,161
05:31:09,161
05:31:10,161
05:31:11,161
05:31:12,161
05:31:13,161
05:31:14,162
05:31:15,161
05:31:16,161
05:31:17,160
05:31:18,163
05:31:19,163
05:31:20,162
05:31:21,162
05:31:22,162
05:31:23,162
05:31:24,160
05:31:25,160
05:31:26,158
05:31:27,160
05:31:28,160
05:31:29,160
05:31:30,162
05:31:31,161
05:31:32,161
05:31:33,162
05:31:34,162
05:31:35,162
05:31:36,162
05:31:37,161
05:31:38,161
05:31:39,161
05:31:40,160
05:31:41,160
05:31:42,160
05:31:43,159
05:31:44,159
05:31:45,160
05:31:46,160
05:31:47,160
05:31:48,162
05:31:49,162
05:31:50,162
05:31:51,163
05:31:52,161
05:31:53,161
05:31:54,161
05:31:55,164
05:31:56,164
05:31:57,162
05:31:58,162
05:31:59,162
05:32:00,164
05:32:01,163
05:32:02,163
05:32:03,164
05:32:04,161
05:32:05,161
05:32:06,160
05:32:07,161
05:32:08,161
05:32:09,160
05:32:10,161
05:32:11,161
05:32:12,163
05:32:13,161
05:32:14,161
05:32:15,161
05:32:16,161
05:32:17,163
05:32:18,163
05:32:19,161
05:32:20,163
05:32:21,163
05:32:22,161
05:32:23,161
05:32:24,161
05:32:25,162
05:32:26,162
05:32:27,162
05:32:28,162
05:32:29,161
05:32:31,161
05:32:32,160
05:32:33,161
05:32:34,161
05:32:35,162
05:32:36,162
05:32:37,162
05:32:38,162
05:32:39,161
05:32:40,161
05:32:41,159
05:32:42,162
05:32:43,162
05:32:44,162
05:32:45,162
05:32:46,162
05:32:47,159
05:32:48,161
05:32:49,161
05:32:50,161
05:32:51,161
05:32:52,161
05:32:53,159
05:32:54,160
05:32:55,160
05:32:56,159
05:32:57,161
05:32:58,161
05:32:59,161
05:33:00,159
05:33:01,159
05:33:02,162
05:33:03,161
05:33:04,161
05:33:05,160
05:33:06,162
05:33:07,163
05:33:08,163
05:33:09,161
05:33:10,158
05:33:11,158
05:33:12,160
05:33:13,161
05:33:14,161
05:33:15,161
05:33:16,160
05:33:17,160
05:33:18,162
05:33:19,162
05:33:20,162
05:33:21,160
05:33:22,161
05:33:23,161
05:33:24,160
05:33:25,162
05:33:26,162
05:33:27,161
05:33:28,161
05:33:29,161
05:33:30,159
05:33:31,162
05:33:32,162
05:33:33,163
05:33:34,162
05:33:35,162
05:33:36,162
05:33:37,164
05:33:38,164
05:33:39,161
05:33:40,158
05:33:41,158
05:33:42,159
05:33:43,158
05:33:44,161
05:33:45,161
05:33:46,161
05:33:47,162
05:33:48,162
05:33:50,159
05:33:51,162
05:33:52,162
05:33:53,162
05:33:54,160
05:33:55,160
05:33:56,162
05:33:57,161
05:33:58,161
05:33:59,159
05:34:00,163
05:34:01,163
05:34:02,162
05:34:03,162
05:34:04,162
05:34:05,160
05:34:06,161
05:34:07,161
05:34:08,161
05:34:09,163
05:34:10,163
05:34:11,155
05:34:12,163
05:34:13,163
05:34:14,163
05:34:15,162
05:34:16,162
05:34:17,162
05:34:18,165
05:34:19,165
05:34:20,161
05:34:21,161
05:34:22,161
05:34:23,161
05:34:24,162
05:34:25,162
05:34:26,160
05:34:27,161
05:34:28,161
05:34:29,161
05:34:30,163
05:34:31,161
05:34:32,161
05:34:33,162
05:34:34,162
05:34:35,162
05:34:36,160
05:34:37,162
05:34:38,162
05:34:39,162
05:34:40,163
05:34:41,163
05:34:42,164
05:34:43,164
05:34:44,164
05:34:45,162
05:34:46,163
05:34:47,163
05:34:48,159
05:34:49,163
05:34:50,163
05:34:51,161
05:34:52,161
05:34:53,161
05:34:54,159
05:34:55,162
05:34:56,162
05:34:57,163
05:34:58,163
05:34:59,163
05:35:00,163
05:35:01,161
05:35:02,161
05:35:03,163
05:35:04,162
05:35:05,162
05:35:06,162
05:35:07,160
05:35:08,160
05:35:09,162
05:35:10,163
05:35:11,163
05:35:12,160
05:35:13,161
05:35:14,160
05:35:15,160
05:35:16,162
05:35:18,154
05:35:19,154
05:35:20,160
05:35:21,160
05:35:22,160
05:35:23,164
05:35:24,162
05:35:25,162
05:35:26,161
05:35:27,161
05:35:28,161
05:35:29,164
05:35:30,164
05:35:31,164
05:35:32,162
05:35:33,163
05:35:34,163
05:35:35,161
05:35:36,163
05:35:37,163
05:35:38,163
05:35:39,162
05:35:40,162
05:35:41,163
05:35:42,163
05:35:43,163
05:35:44,163
05:35:45,163
05:35:46,163
05:35:47,160
05:35:48,159
05:35:49,159
05:35:50,162
05:35:51,162
05:35:52,162
05:35:53,161
05:35:54,162
05:35:55,162
05:35:56,163
05:35:57,163
05:35:58,163
05:35:59,162
05:36:00,159
05:36:01,162
05:36:02,162
05:36:03,160
05:36:04,162
05:36:05,162
05:36:06,163
05:36:07,163
05:36:08,163
05:36:09,162
05:36:10,161
05:36:11,161
05:36:12,162
05:36:13,160
05:36:14,160
05:36:15,161
05:36:16,160
05:36:17,160
05:36:18,162
05:36:19,158
05:36:20,158
05:36:21,161
05:36:22,161
05:36:23,161
05:36:24,161
05:36:25,161
05:36:26,161
05:36:27,159
05:36:28,160
05:36:29,160
05:36:30,162
05:36:31,162
05:36:32,162
05:36:33,158
05:36:34,162
05:36:35,162
05:36:36,162
05:36:37,162
05:36:38,162
05:36:39,163
05:36:40,159
05:36:41,159
05:36:42,161
05:36:43,161
05:36:44,161
05:36:45,162
05:36:46,159
05:36:47,159
05:36:48,162
05:36:50,161
05:36:51,161
05:36:52,161
05:36:53,163
05:36:54,161
05:36:55,161
05:36:56,161
05:36:57,163
05:36:58,163
05:36:59,162
05:37:00,160
05:37:01,160
05:37:02,162
05:37:03,161
05:37:04,161
05:37:05,161
05:37:06,159
05:37:07,159
05:37:08,159
05:37:09,162
05:37:10,162
05:37:11,162
05:37:12,162
05:37:13,162
05:37:14,161
05:37:15,160
05:37:16,160
05:37:17,162
05:37:18,163
05:37:19,163
05:37:20,162
05:37:21,161
05:37:22,161
05:37:23,161
05:37:24,162
05:37:25,162
05:37:26,162
05:37:27,161
05:37:28,161
05:37:29,162
05:37:30,162
05:37:31,162
05:37:32,162
05:37:33,160
05:37:34,160
05:37:35,161
05:37:36,162
05:37:37,161
05:37:38,161
05:37:39,162
05:37:40,155
05:37:41,155
05:37:42,162
05:37:43,163
05:37:44,163
05:37:45,162
05:37:46,160
05:37:47,160
05:37:48,161
05:37:49,161
05:37:50,161
05:37:51,161
05:37:52,162
05:37:53,162
05:37:54,161
05:37:55,163
05:37:56,163
05:37:57,160
05:37:58,162
05:37:59,162
05:38:00,163
05:38:01,160
05:38:02,160
05:38:03,162
05:38:04,159
05:38:05,159
05:38:06,163
05:38:07,163
05:38:08,163
05:38:09,162
05:38:10,163
05:38:11,163
05:38:12,162
05:38:13,160
05:38:14,160
05:38:15,163
05:38:16,164
05:38:17,164
05:38:18,160
05:38:20,163
05:38:21,163
05:38:22,160
05:38:23,162
05:38:24,162
05:38:25,162
05:38:26,162
05:38:27,161
05:38:28,161
05:38:29,161
05:38:30,160
05:38:31,160
05:38:32,163
05:38:33,161
05:38:34,161
05:38:35,162
05:38:36,161
05:38:37,161
05:38:38,162
05:38:39,162
05:38:40,162
05:38:41,159
05:38:42,162
05:38:43,162
05:38:44,162
05:38:45,162
05:38:46,162
05:38:47,162
05:38:48,162
05:38:49,162
05:38:50,159
05:38:51,162
05:38:52,162
05:38:53,160
05:38:54,155
05:38:55,155
05:38:56,162
05:38:57,163
05:38:58,163
05:38:59,163
05:39:00,162
05:39:01,162
05:39:02,162
05:39:03,160
05:39:04,163
05:39:05,163
05:39:06,163
05:39:07,161
05:39:08,161
05:39:09,163
05:39:10,163
05:39:11,163
05:39:12,163
05:39:13,159
05:39:14,159
05:39:15,159
05:39:16,161
05:39:17,161
05:39:18,162
05:39:19,161
05:39:20,161
05:39:21,161
05:39:22,161
05:39:23,161
05:39:24,160
05:39:25,159
05:39:26,159
05:39:27,161
05:39:28,163
05:39:29,163
05:39:30,163
05:39:31,163
05:39:32,163
05:39:33,160
05:39:34,161
05:39:35,161
05:39:36,163
05:39:37,160
05:39:38,160
05:39:39,162
05:39:40,161
05:39:42,161
05:39:43,161
05:39:44,162
05:39:45,162
05:39:46,161
05:39:47,160
05:39:48,160
05:39:49,161
05:39:50,161
05:39:51,162
05:39:52,162
05:39:53,161
05:39:54,161
05:39:55,161
05:39:56,161
05:39:57,159
05:39:58,159
05:39:59,163
05:40:00,163
05:40:01,163
05:40:02,161
05:40:03,161
05:40:04,161
05:40:05,163
05:40:06,156
05:40:07,156
05:40:08,164
05:40:09,164
05:40:10,164
05:40:11,162
05:40:12,164
05:40:13,164
05:40:14,163
05:40:15,162
05:40:16,162
05:40:17,163
05:40:18,164
05:40:19,164
05:40:20,161
05:40:21,162
05:40:22,162
05:40:23,161
05:40:24,160
05:40:25,160
05:40:26,161
05:40:27,163
05:40:28,163
05:40:29,162
05:40:30,164
05:40:31,164
05:40:32,160
05:40:33,160
05:40:34,160
05:40:35,162
05:40:36,162
05:40:37,161
05:40:38,161
05:40:39,163
05:40:40,161
05:40:41,161
05:40:42,162
05:40:43,164
05:40:44,164
05:40:45,158
05:40:46,161
05:40:47,161
05:40:48,163
05:40:49,161
05:40:50,161
05:40:51,161
05:40:52,161
05:40:53,161
05:40:54,164
05:40:55,161
05:40:56,161
05:40:57,160
05:40:58,161
05:40:59,161
05:41:00,162
05:41:01,161
05:41:02,161
05:41:03,159
05:41:04,162
05:41:05,162
05:41:06,159
05:41:07,161
05:41:08,161
05:41:09,161
05:41:11,162
05:41:12,162
05:41:13,160
05:41:14,161
05:41:15,161
05:41:16,160
05:41:17,161
05:41:18,161
05:41:19,161
05:41:20,156
05:41:21,156
05:41:22,163
05:41:23,162
05:41:24,163
05:41:25,163
05:41:26,159
05:41:27,160
05:41:28,160
05:41:29,162
05:41:30,160
05:41:31,160
05:41:32,163
05:41:33,159
05:41:34,159
05:41:35,163
05:41:36,162
05:41:37,162
05:41:38,161
05:41:39,162
05:41:40,162
05:41:41,160
05:41:42,162
05:41:43,162
05:41:44,161
05:41:45,163
05:41:46,163
05:41:47,160
05:41:48,162
05:41:49,162
05:41:50,161
05:41:51,161
05:41:52,161
05:41:53,164
05:41:54,161
05:41:55,161
05:41:56,162
05:41:57,163
05:41:58,163
05:41:59,164
05:42:00,162
05:42:01,162
05:42:02,160
05:42:03,163
05:42:04,163
05:42:05,160
05:42:06,162
05:42:07,162
05:42:08,160
05:42:09,158
05:42:10,160
05:42:11,160
05:42:12,160
05:42:13,162
05:42:14,162
05:42:15,160
05:42:16,158
05:42:17,158
05:42:18,160
05:42:19,162
05:42:20,162
05:42:21,160
05:42:22,160
05:42:23,160
05:42:24,161
05:42:25,159
05:42:26,159
05:42:27,163
05:42:28,161
05:42:29,161
05:42:30,155
05:42:31,163
05:42:32,163
05:42:33,162
05:42:34,161
05:42:35,161
05:42:36,163
05:42:37,162
05:42:38,162
05:42:39,160
05:42:41,162
05:42:42,162
05:42:43,163
05:42:44,160
05:42:45,160
05:42:46,161
05:42:47,162
05:42:48,162
05:42:49,161
05:42:50,163
05:42:51,163
05:42:52,162
05:42:53,163
05:42:54,163
05:42:55,163
05:42:56,161
05:42:57,161
05:42:58,161
05:42:59,162
05:43:00,162
05:43:01,162
05:43:02,163
05:43:03,161
05:43:04,161
05:43:05,161
05:43:06,161
05:43:07,161
05:43:08,163
05:43:09,161
05:43:10,161
05:43:11,161
05:43:12,160
05:43:13,160
05:43:14,161
05:43:15,162
05:43:16,162
05:43:17,162
05:43:18,164
05:43:19,164
05:43:20,163
05:43:21,160
05:43:22,160
05:43:23,161
05:43:24,163
05:43:25,163
05:43:26,160
05:43:27,161
05:43:28,161
05:43:29,162
05:43:30,162
05:43:31,162
05:43:32,161
05:43:33,161
05:43:34,161
05:43:35,160
05:43:36,163
05:43:37,163
05:43:38,162
05:43:39,158
05:43:40,158
05:43:41,161
05:43:42,162
05:43:43,162
05:43:44,161
05:43:45,162
05:43:46,161
05:43:47,161
05:43:48,163
05:43:49,162
05:43:50,162
05:43:51,161
05:43:52,161
05:43:53,161
05:43:54,162
05:43:55,162
05:43:56,162
05:43:57,161
05:43:58,160
05:43:59,160
05:44:00,161
05:44:02,161
05:44:03,161
05:44:04,161
05:44:05,163
05:44:06,163
05:44:07,163
05:44:08,158
05:44:09,158
05:44:10,162
05:44:11,162
05:44:12,162
05:44:13,162
05:44:14,160
05:44:15,160
05:44:16,161
05:44:17,161
05:44:18,161
05:44:19,161
05:44:20,163
05:44:21,160
05:44:22,160
05:44:23,163
05:44:24,161
05:44:25,161
05:44:26,160
05:44:27,161
05:44:28,161
05:44:29,163
05:44:30,162
05:44:31,162
05:44:32,158
05:44:33,159
05:44:34,159
05:44:35,162
05:44:36,161
05:44:37,161
05:44:38,161
05:44:39,163
05:44:40,163
05:44:41,162
05:44:42,158
05:44:43,158
05:44:44,162
05:44:45,163
05:44:46,163
05:44:47,159
05:44:48,161
05:44:49,161
05:44:50,161
05:44:51,158
05:44:52,158
05:44:53,162
05:44:54,164
05:44:55,164
05:44:56,161
05:44:57,162
05:44:58,162
05:44:59,161
05:45:00,162
05:45:01,162
05:45:02,164
05:45:03,161
05:45:04,161
05:45:05,161
05:45:06,163
05:45:07,163
05:45:08,163
05:45:09,161
05:45:10,161
05:45:11,161
05:45:12,161
05:45:13,161
05:45:14,161
05:45:15,163
05:45:16,163
05:45:17,163
05:45:18,162
05:45:19,161
05:45:20,161
05:45:21,160
05:45:22,162
05:45:23,162
05:45:24,163
05:45:25,163
05:45:26,163
05:45:27,162
05:45:28,163
05:45:29,163
05:45:30,163
05:45:31,160
05:45:33,160
05:45:34,158
05:45:35,162
05:45:36,162
05:45:37,163
05:45:38,162
05:45:39,162
05:45:40,160
05:45:41,160
05:45:42,160
05:45:43,163
05:45:44,161
05:45:45,161
05:45:46,160
05:45:47,160
05:45:48,160
05:45:49,162
05:45:50,160
05:45:51,160
05:45:52,160
05:45:53,160
05:45:54,160
05:45:55,161
05:45:56,163
05:45:57,162
05:45:58,162
05:45:59,161
05:46:00,161
05:46:01,161
05:46:02,159
05:46:03,163
05:46:04,163
05:46:05,162
05:46:06,162
05:46:07,162
05:46:08,160
05:46:09,161
05:46:10,161
05:46:11,154
05:46:12,162
05:46:13,162
05:46:14,162
05:46:15,163
05:46:16,163
05:46:17,162
05:46:18,162
05:46:19,162
05:46:20,162
05:46:21,163
05:46:22,163
05:46:23,162
05:46:24,163
05:46:25,163
05:46:26,162
05:46:27,161
05:46:28,161
05:46:29,164
05:46:30,163
05:46:31,163
05:46:32,163
05:46:33,162
05:46:34,162
05:46:35,162
05:46:36,162
05:46:37,162
05:46:38,159
05:46:39,161
05:46:40,161
05:46:41,163
05:46:42,162
05:46:43,162
05:46:44,160
05:46:45,162
05:46:46,163
05:46:47,163
05:46:48,163
05:46:49,162
05:46:50,162
05:46:51,163
05:46:52,162
05:46:53,162
05:46:54,164
05:46:55,161
05:46:56,161
05:46:57,162
05:46:58,164
05:46:59,164
05:47:00,164
05:47:01,162
05:47:02,162
05:47:03,163
05:47:05,160
05:47:06,160
05:47:07,161
05:47:08,162
05:47:09,162
05:47:10,162
05:47:11,160
05:47:12,160
05:47:13,160
05:47:14,163
05:47:15,163
05:47:16,162
05:47:17,162
05:47:18,162
05:47:19,162
05:47:20,163
05:47:21,163
05:47:22,162
05:47:23,164
05:47:24,164
05:47:25,162
05:47:26,163
05:47:27,163
05:47:28,162
05:47:29,162
05:47:30,162
05:47:31,161
05:47:32,162
05:47:33,166
05:47:34,166
05:47:35,162
05:47:36,162
05:47:37,162
05:47:38,162
05:47:39,161
05:47:40,161
05:47:41,161
05:47:42,162
05:47:43,162
05:47:44,162
05:47:45,159
05:47:46,159
05:47:47,164
05:47:48,161
05:47:49,161
05:47:50,162
05:47:51,160
05:47:52,160
05:47:53,161
05:47:54,161
05:47:55,161
05:47:56,164
05:47:57,162
05:47:58,162
05:47:59,163
05:48:00,162
05:48:01,162
05:48:02,163
05:48:03,162
05:48:04,162
05:48:05,159
05:48:06,161
05:48:07,161
05:48:08,165
05:48:09,162
05:48:10,162
05:48:11,162
05:48:12,163
05:48:13,163
05:48:14,163
05:48:15,163
05:48:16,163
05:48:17,163
05:48:18,162
05:48:19,162
05:48:20,161
05:48:21,161
05:48:22,161
05:48:23,161
05:48:24,161
05:48:25,160
05:48:26,160
05:48:27,163
05:48:28,163
05:48:29,163
05:48:30,161
05:48:31,161
05:48:32,161
05:48:33,162
05:48:34,162
05:48:36,162
05:48:37,160
05:48:38,162
05:48:39,162
05:48:40,163
05:48:41,162
05:48:42,162
05:48:43,162
05:48:44,161
05:48:45,161
05:48:46,162
05:48:47,165
05:48:48,165
05:48:49,162
05:48:50,162
05:48:51,162
05:48:52,163
05:48:53,164
05:48:54,164
05:48:55,162
05:48:56,163
05:48:57,163
05:48:58,163
05:48:59,163
05:49:00,163
05:49:01,163
05:49:02,165
05:49:03,165
05:49:04,161
05:49:05,159
05:49:06,159
05:49:07,161
05:49:08,161
05:49:09,162
05:49:10,162
05:49:11,160
05:49:12,161
05:49:13,161
05:49:14,162
05:49:15,161
05:49:16,161
05:49:17,159
05:49:18,161
05:49:19,161
05:49:20,162
05:49:21,159
05:49:22,159
05:49:23,163
05:49:24,158
05:49:25,158
05:49:26,155
05:49:27,162
05:49:28,162
05:49:29,162
05:49:30,164
05:49:31,164
05:49:32,163
05:49:33,164
05:49:34,164
05:49:35,163
05:49:36,159
05:49:37,159
05:49:38,161
05:49:39,163
05:49:40,163
05:49:41,162
05:49:42,161
05:49:43,161
05:49:44,162
05:49:45,162
05:49:46,162
05:49:47,161
05:49:48,165
05:49:49,165
05:49:50,163
05:49:51,163
05:49:52,163
05:49:53,163
05:49:54,163
05:49:55,163
05:49:56,163
05:49:57,160
05:49:58,161
05:49:59,161
05:50:00,164
05:50:01,163
05:50:02,163
05:50:03,160
05:50:04,161
05:50:05,161
05:50:07,162
05:50:08,160
05:50:09,160
05:50:10,161
05:50:11,160
05:50:12,160
05:50:13,159
05:50:14,162
05:50:15,162
05:50:16,161
05:50:17,161
05:50:18,161
05:50:19,160
05:50:20,162
05:50:21,162
05:50:22,163
05:50:23,160
05:50:24,160
05:50:25,160
05:50:26,162
05:50:27,162
05:50:28,161
05:50:29,164
05:50:30,164
05:50:31,160
05:50:32,161
05:50:33,161
05:50:34,162
05:50:35,163
05:50:36,163
05:50:37,162
05:50:38,162
05:50:39,162
05:50:40,163
05:50:41,158
05:50:42,158
05:50:43,161
05:50:44,162
05:50:45,162
05:50:46,162
05:50:47,161
05:50:48,163
05:50:49,163
05:50:50,159
05:50:51,161
05:50:52,161
05:50:53,163
05:50:54,162
05:50:55,162
05:50:56,162
05:50:57,161
05:50:58,161
05:50:59,161
05:51:00,159
05:51:01,159
05:51:02,160
05:51:03,161
05:51:04,161
05:51:05,163
05:51:06,161
05:51:07,161
05:51:08,164
05:51:09,164
05:51:10,164
05:51:11,162
05:51:12,163
05:51:13,163
05:51:14,162
05:51:15,164
05:51:16,164
05:51:17,160
05:51:18,160
05:51:19,160
05:51:20,163
05:51:21,162
05:51:22,162
05:51:23,161
05:51:24,161
05:51:25,161
05:51:26,159
05:51:27,162
05:51:28,162
05:51:29,161
05:51:30,161
05:51:31,162
05:51:32,162
05:51:33,162
05:51:34,160
05:51:35,160
05:51:36,159
05:51:38,163
05:51:39,163
05:51:40,162
05:51:41,164
05:51:42,164
05:51:43,162
05:51:44,162
05:51:45,162
05:51:46,159
05:51:47,160
05:51:48,160
05:51:49,162
05:51:50,162
05:51:51,162
05:51:52,163
05:51:53,161
05:51:54,161
05:51:55,153
05:51:56,162
05:51:57,162
05:51:58,161
05:51:59,162
05:52:00,162
05:52:01,159
05:52:02,161
05:52:03,161
05:52:04,163
05:52:05,161
05:52:06,161
05:52:07,163
05:52:08,161
05:52:09,161
05:52:10,163
05:52:11,162
05:52:12,162
05:52:13,162
05:52:14,163
05:52:15,163
05:52:16,161
05:52:17,161
05:52:18,161
05:52:19,161
05:52:20,161
05:52:21,163
05:52:22,163
05:52:23,160
05:52:24,163
05:52:25,163
05:52:26,163
05:52:27,160
05:52:28,160
05:52:29,160
05:52:30,159
05:52:31,159
05:52:32,161
05:52:33,163
05:52:34,163
05:52:35,161
05:52:36,158
05:52:37,158
05:52:38,161
05:52:39,162
05:52:40,162
05:52:41,162
05:52:42,162
05:52:43,162
05:52:44,159
05:52:45,163
05:52:46,163
05:52:47,163
05:52:48,161
05:52:49,161
05:52:50,159
05:52:51,160
05:52:52,160
05:52:53,160
05:52:54,158
05:52:55,158
05:52:56,159
05:52:57,161
05:52:58,161
05:52:59,161
05:53:00,160
05:53:01,160
05:53:02,160
05:53:03,157
05:53:04,157
05:53:05,157
05:53:07,163
05:53:08,160
05:53:09,160
05:53:10,162
05:53:11,162
05:53:12,162
05:53:13,163
05:53:14,164
05:53:15,164
05:53:16,163
05:53:17,162
05:53:18,162
05:53:19,162
05:53:20,162
05:53:21,162
05:53:22,164
05:53:23,162
05:53:24,162
05:53:25,162
05:53:26,164
05:53:27,164
05:53:28,164
05:53:29,162
05:53:30,162
05:53:31,159
05:53:32,161
05:53:33,161
05:53:34,163
05:53:35,162
05:53:36,162
05:53:37,162
05:53:38,164
05:53:39,164
05:53:40,162
05:53:41,162
05:53:42,162
05:53:43,161
05:53:44,160
05:53:45,160
05:53:46,164
05:53:47,161
05:53:48,162
05:53:49,162
05:53:50,162
05:53:51,162
05:53:52,162
05:53:53,163
05:53:54,161
05:53:55,161
05:53:56,162
05:53:57,160
05:53:58,160
05:53:59,163
05:54:00,163
05:54:01,163
05:54:02,161
05:54:03,159
05:54:04,159
05:54:05,160
05:54:06,162
05:54:07,162
05:54:08,160
05:54:09,160
05:54:10,160
05:54:11,160
05:54:12,160
05:54:13,160
05:54:14,160
05:54:15,162
05:54:16,162
05:54:17,155
05:54:18,162
05:54:19,162
05:54:20,160
05:54:21,163
05:54:22,163
05:54:23,157
05:54:24,161
05:54:25,161
05:54:26,162
05:54:27,162
05:54:28,162
05:54:29,163
05:54:30,162
05:54:31,162
05:54:32,161
05:54:34,163
05:54:35,163
05:54:36,163
05:54:37,159
05:54:38,160
05:54:39,160
05:54:40,163
05:54:41,162
05:54:42,162
05:54:43,160
05:54:44,160
05:54:45,160
05:54:46,164
05:54:47,163
05:54:48,163
05:54:49,162
05:54:50,160
05:54:51,160
05:54:52,159
05:54:53,159
05:54:54,159
05:54:55,159
05:54:56,162
05:54:57,162
05:54:58,161
05:54:59,161
05:55:00,161
05:55:01,163
05:55:02,163
05:55:03,163
05:55:04,160
05:55:05,161
05:55:06,161
05:55:07,160
05:55:08,161
05:55:09,161
05:55:10,160
05:55:11,163
05:55:12,163
05:55:13,162
05:55:14,159
05:55:15,159
05:55:16,159
05:55:17,160
05:55:18,160
05:55:19,159
05:55:20,162
05:55:21,162
05:55:22,161
05:55:23,161
05:55:24,159
05:55:25,159
05:55:26,161
05:55:27,161
05:55:28,161
05:55:29,158
05:55:30,163
05:55:31,163
05:55:32,162
05:55:33,162
05:55:34,162
05:55:35,163
05:55:36,164
05:55:37,164
05:55:38,164
05:55:39,163
05:55:40,163
05:55:41,161
05:55:42,162
05:55:43,162
05:55:44,161
05:55:45,165
05:55:46,165
05:55:47,164
05:55:48,161
05:55:49,161
05:55:50,161
05:55:51,163
05:55:52,163
05:55:53,162
05:55:54,161
05:55:55,161
05:55:56,162
05:55:57,162
05:55:58,162
05:55:59,161
05:56:00,164
05:56:01,164
05:56:02,162
05:56:03,163
05:56:05,163
05:56:06,162
05:56:07,160
05:56:08,160
05:56:09,160
05:56:10,160
05:56:11,162
05:56:12,162
05:56:13,161
05:56:14,160
05:56:15,160
05:56:16,161
05:56:17,160
05:56:18,160
05:56:19,162
05:56:20,161
05:56:21,161
05:56:22,163
05:56:23,162
05:56:24,162
05:56:25,159
05:56:26,160
05:56:27,160
05:56:28,163
05:56:29,161
05:56:30,161
05:56:31,161
05:56:32,161
05:56:33,161
05:56:34,163
05:56:35,161
05:56:36,161
05:56:37,161
05:56:38,163
05:56:39,163
05:56:40,156
05:56:41,161
05:56:42,161
05:56:43,160
05:56:44,162
05:56:45,162
05:56:46,164
05:56:47,160
05:56:48,160
05:56:49,161
05:56:50,160
05:56:51,160
05:56:52,161
05:56:53,162
05:56:54,162
05:56:55,161
05:56:56,162
05:56:57,162
05:56:58,164
05:56:59,161
05:57:00,163
05:57:01,163
05:57:02,163
05:57:03,163
05:57:04,163
05:57:05,161
05:57:06,162
05:57:07,162
05:57:08,161
05:57:09,163
05:57:10,163
05:57:11,162
05:57:12,162
05:57:13,162
05:57:14,163
05:57:15,162
05:57:16,162
05:57:17,160
05:57:18,163
05:57:19,163
05:57:20,161
05:57:21,162
05:57:22,162
05:57:23,162
05:57:24,162
05:57:25,162
05:57:26,161
05:57:27,161
05:57:28,161
05:57:29,160
05:57:30,161
05:57:31,161
05:57:32,161
05:57:33,162
05:57:34,162
05:57:36,162
05:57:37,159
05:57:38,159
05:57:39,159
05:57:40,161
05:57:41,161
05:57:42,162
05:57:43,160
05:57:44,160
05:57:45,160
05:57:46,159
05:57:47,161
05:57:48,161
05:57:49,162
05:57:50,161
05:57:51,161
05:57:52,163
05:57:53,162
05:57:54,162
05:57:55,155
05:57:56,162
05:57:57,162
05:57:58,161
05:57:59,162
05:58:00,162
05:58:01,162
05:58:02,160
05:58:03,160
05:58:04,160
05:58:05,163
05:58:06,163
05:58:07,162
05:58:08,161
05:58:09,161
05:58:10,161
05:58:11,163
05:58:12,163
05:58:13,163
05:58:14,165
05:58:15,165
05:58:16,162
05:58:17,163
05:58:18,163
05:58:19,163
05:58:20,165
05:58:21,165
05:58:22,162
05:58:23,160
05:58:24,160
05:58:25,163
05:58:26,163
05:58:27,163
05:58:28,162
05:58:29,161
05:58:30,161
05:58:31,164
05:58:32,162
05:58:33,162
05:58:34,162
05:58:35,162
05:58:36,159
05:58:37,159
05:58:38,159
05:58:39,163
05:58:40,163
05:58:41,161
05:58:42,161
05:58:43,161
05:58:44,162
05:58:45,162
05:58:46,162
05:58:47,161
05:58:48,161
05:58:49,161
05:58:50,164
05:58:51,161
05:58:52,161
05:58:54,161
05:58:55,160
05:58:56,160
05:58:57,159
05:58:58,161
05:58:59,161
05:59:00,160
05:59:01,160
05:59:02,160
05:59:03,160
05:59:04,161
05:59:05,161
05:59:06,160
05:59:07,160
05:59:08,160
05:59:09,157
05:59:10,162
05:59:11,162
05:59:12,162
05:59:13,161
05:59:14,160
05:59:15,160
05:59:16,161
05:59:17,163
05:59:18,163
05:59:19,161
05:59:20,160
05:59:21,160
05:59:22,162
05:59:23,160
05:59:24,160
05:59:25,160
05:59:26,160
05:59:27,160
05:59:28,163
05:59:29,162
05:59:30,162
05:59:31,160
05:59:32,161
05:59:33,161
05:59:34,163
05:59:35,160
05:59:36,160
05:59:37,161
05:59:38,161
05:59:39,161
05:59:40,162
05:59:41,163
05:59:42,163
05:59:43,160
05:59:44,161
05:59:45,161
05:59:46,161
05:59:47,164
05:59:48,164
05:59:49,158
05:59:50,161
05:59:51,161
05:59:52,163
05:59:53,161
05:59:54,161
05:59:55,162
05:59:56,159
05:59:57,162
05:59:58,162
05:59:59,161
06:00:00,162
06:00:01,162
06:00:02,158
06:00:03,161
06:00:04,161
06:00:05,160
06:00:06,161
06:00:07,161
06:00:08,161
06:00:09,162
06:00:10,162
06:00:11,162
06:00:12,161
06:00:13,161
06:00:14,160
06:00:15,158
06:00:16,158
06:00:17,160
06:00:18,161
06:00:19,161
06:00:20,161
06:00:21,160
06:00:23,160
06:00:24,160
06:00:25,162
06:00:26,162
06:00:27,163
06:00:28,161
06:00:29,161
06:00:30,161
06:00:31,161
06:00:32,161
06:00:33,162
06:00:34,162
06:00:35,162
06:00:36,162
06:00:37,162
06:00:38,162
06:00:39,164
06:00:40,161
06:00:41,161
06:00:42,162
06:00:43,162
06:00:44,159
06:00:45,159
06:00:46,162
06:00:47,163
06:00:48,163
06:00:49,160
06:00:50,159
06:00:51,159
06:00:52,161
06:00:53,162
06:00:54,162
06:00:55,162
06:00:56,161
06:00:57,161
06:00:58,162
06:00:59,162
06:01:00,162
06:01:01,163
06:01:02,163
06:01:03,163
06:01:04,161
06:01:05,161
06:01:06,161
06:01:07,160
06:01:08,162
06:01:09,162
06:01:10,161
06:01:11,162
06:01:12,162
06:01:13,161
06:01:14,164
06:01:15,164
06:01:16,163
06:01:17,161
06:01:18,161
06:01:19,159
06:01:20,163
06:01:21,163
06:01:22,158
06:01:23,160
06:01:24,160
06:01:25,161
06:01:26,160
06:01:27,160
06:01:28,159
06:01:29,162
06:01:30,162
06:01:31,162
06:01:32,162
06:01:33,162
06:01:34,162
06:01:35,160
06:01:36,161
06:01:37,161
06:01:38,162
06:01:39,157
06:01:40,157
06:01:41,164
06:01:42,163
06:01:43,163
06:01:44,163
06:01:45,163
06:01:46,163
06:01:47,160
06:01:48,164
06:01:49,164
06:01:50,164
06:01:51,161
06:01:52,161
06:01:53,163
06:01:55,160
06:01:56,160
06:01:57,162
06:01:58,162
06:01:59,162
06:02:00,163
06:02:01,161
06:02:02,161
06:02:03,161
06:02:04,161
06:02:05,161
06:02:06,159
06:02:07,162
06:02:08,162
06:02:09,160
06:02:10,159
06:02:11,159
06:02:12,160
06:02:13,163
06:02:14,163
06:02:15,162
06:02:16,160
06:02:17,160
06:02:18,160
06:02:19,163
06:02:20,160
06:02:21,160
06:02:22,161
06:02:23,161
06:02:24,161
06:02:25,160
06:02:26,161
06:02:27,161
06:02:28,159
06:02:29,160
06:02:30,160
06:02:31,161
06:02:32,160
06:02:33,160
06:02:34,161
06:02:35,161
06:02:36,161
06:02:37,162
06:02:38,159
06:02:39,159
06:02:40,163
06:02:41,161
06:02:42,161
06:02:43,161
06:02:44,158
06:02:45,158
06:02:46,158
06:02:47,161
06:02:48,161
06:02:49,160
06:02:50,160
06:02:51,160
06:02:52,159
06:02:53,160
06:02:54,160
06:02:55,160
06:02:56,158
06:02:57,158
06:02:58,163
06:02:59,161
06:03:00,161
06:03:01,160
06:03:02,161
06:03:03,161
06:03:04,164
06:03:05,161
06:03:06,162
06:03:07,162
06:03:08,161
06:03:09,163
06:03:10,163
06:03:11,162
06:03:12,162
06:03:13,162
06:03:14,161
06:03:15,162
06:03:16,162
06:03:17,162
06:03:18,163
06:03:19,163
06:03:20,161
06:03:21,159
06:03:22,159
06:03:23,161
06:03:25,160
06:03:26,160
06:03:27,163
06:03:28,162
06:03:29,162
06:03:30,161
06:03:31,160
06:03:32,160
06:03:33,162
06:03:34,162
06:03:35,162
06:03:36,162
06:03:37,163
06:03:38,163
06:03:39,162
06:03:40,164
06:03:41,164
06:03:42,161
06:03:43,162
06:03:44,162
06:03:45,162
06:03:46,162
06:03:47,161
06:03:48,161
06:03:49,159
06:03:50,162
06:03:51,162
06:03:52,162
06:03:53,162
06:03:54,162
06:03:55,158
06:03:56,160
06:03:57,160
06:03:58,161
06:03:59,161
06:04:00,161
06:04:01,162
06:04:02,160
06:04:03,160
06:04:04,162
06:04:05,162
06:04:06,162
06:04:07,161
06:04:08,161
06:04:09,161
06:04:10,160
06:04:11,161
06:04:12,161
06:04:13,162
06:04:14,160
06:04:15,160
06:04:16,158
06:04:17,159
06:04:18,159
06:04:19,162
06:04:20,165
06:04:21,165
06:04:22,164
06:04:23,163
06:04:24,163
06:04:25,162
06:04:26,162
06:04:27,161
06:04:28,161
06:04:29,160
06:04:30,160
06:04:31,160
06:04:32,160
06:04:33,160
06:04:34,160
06:04:35,162
06:04:36,161
06:04:37,161
06:04:38,164
06:04:39,163
06:04:40,163
06:04:41,162
06:04:42,161
06:04:44,161
06:04:45,162
06:04:46,163
06:04:47,163
06:04:48,160
06:04:49,163
06:04:50,163
06:04:51,163
06:04:52,163
06:04:53,163
06:04:54,162
06:04:55,161
06:04:56,161
06:04:57,161
06:04:58,161
06:04:59,161
06:05:00,161
06:05:01,159
06:05:02,159
06:05:03,160
06:05:04,159
06:05:05,159
06:05:06,159
06:05:07,161
06:05:08,161
06:05:09,158
06:05:10,160
06:05:11,160
06:05:12,164
06:05:13,162
06:05:14,162
06:05:15,160
06:05:16,157
06:05:17,161
06:05:18,161
06:05:19,161
06:05:20,161
06:05:21,161
06:05:22,162
06:05:23,163
06:05:24,163
06:05:25,161
06:05:26,159
06:05:27,159
06:05:28,161
06:05:29,161
06:05:30,161
06:05:31,161
06:05:32,162
06:05:33,162
06:05:34,162
06:05:35,158
06:05:36,158
06:05:37,163
06:05:38,159
06:05:39,159
06:05:40,162
06:05:41,163
06:05:42,163
06:05:43,161
06:05:44,162
06:05:45,162
06:05:46,162
06:05:47,163
06:05:48,163
06:05:49,163
06:05:50,162
06:05:51,162
06:05:52,164
06:05:53,160
06:05:54,160
06:05:55,163
06:05:56,162
06:05:57,162
06:05:58,162
06:05:59,162
06:06:00,162
06:06:01,161
06:06:02,160
06:06:03,160
06:06:04,160
06:06:05,161
06:06:06,161
06:06:07,161
06:06:08,164
06:06:09,161
06:06:10,161
06:06:11,160
06:06:12,160
06:06:13,160
06:06:15,162
06:06:16,162
06:06:17,162
06:06:18,161
06:06:19,163
06:06:20,163
06:06:21,159
06:06:22,162
06:06:23,162
06:06:24,161
06:06:25,160
06:06:26,160
06:06:27,161
06:06:28,160
06:06:29,160
06:06:30,160
06:06:31,160
06:06:32,160
06:06:33,162
06:06:34,160
06:06:35,160
06:06:36,163
06:06:37,162
06:06:38,162
06:06:39,161
06:06:40,161
06:06:41,161
06:06:42,160
06:06:43,162
06:06:44,162
06:06:45,162
06:06:46,156
06:06:47,156
06:06:48,163
06:06:49,163
06:06:50,161
06:06:51,161
06:06:52,161
06:06:53,163
06:06:54,163
06:06:55,162
06:06:56,158
06:06:57,158
06:06:58,162
06:06:59,162
06:07:00,162
06:07:01,160
06:07:02,162
06:07:03,162
06:07:04,164
06:07:05,160
06:07:06,160
06:07:07,162
06:07:08,161
06:07:09,161
06:07:10,163
06:07:11,161
06:07:12,161
06:07:13,160
06:07:14,162
06:07:15,162
06:07:16,162
06:07:17,162
06:07:18,162
06:07:19,161
06:07:20,159
06:07:21,159
06:07:22,163
06:07:23,164
06:07:24,164
06:07:25,160
06:07:26,159
06:07:27,159
06:07:28,159
06:07:29,161
06:07:30,161
06:07:31,160
06:07:32,162
06:07:33,162
06:07:34,162
06:07:35,161
06:07:36,159
06:07:37,159
06:07:38,163
06:07:39,159
06:07:40,159
06:07:41,161
06:07:42,159
06:07:44,159
06:07:45,161
06:07:46,160
06:07:47,160
06:07:48,160
06:07:49,158
06:07:50,158
06:07:51,163
06:07:52,161
06:07:53,161
06:07:54,161
06:07:55,160
06:07:56,160
06:07:57,160
06:07:58,163
06:07:59,163
06:08:00,157
06:08:01,160
06:08:02,160
06:08:03,157
06:08:04,163
06:08:05,163
06:08:06,164
06:08:07,163
06:08:08,163
06:08:09,162
06:08:10,163
06:08:11,163
06:08:12,162
06:08:13,161
06:08:14,161
06:08:15,161
06:08:16,164
06:08:17,164
06:08:18,162
06:08:19,162
06:08:20,162
06:08:21,159
06:08:22,159
06:08:23,159
06:08:24,162
06:08:25,162
06:08:26,161
06:08:27,161
06:08:28,160
06:08:29,161
06:08:30,161
06:08:31,162
06:08:32,161
06:08:33,161
06:08:34,162
06:08:35,162
06:08:36,162
06:08:37,161
06:08:38,161
06:08:39,161
06:08:40,162
06:08:41,160
06:08:42,160
06:08:43,161
06:08:44,164
06:08:45,164
06:08:46,162
06:08:47,163
06:08:48,163
06:08:49,161
06:08:50,160
06:08:51,160
06:08:52,160
06:08:53,161
06:08:54,161
06:08:55,161
06:08:56,164
06:08:57,164
06:08:58,162
06:08:59,160
06:09:00,160
06:09:01,163
06:09:02,163
06:09:03,163
06:09:04,163
06:09:06,160
06:09:07,163
06:09:08,163
06:09:09,161
06:09:10,161
06:09:11,161
06:09:12,159
06:09:13,156
06:09:14,156
06:09:15,163
06:09:16,160
06:09:17,160
06:09:18,159
06:09:19,164
06:09:20,164
06:09:21,162
06:09:22,164
06:09:23,164
06:09:24,162
06:09:25,161
06:09:26,161
06:09:27,164
06:09:28,163
06:09:29,163
06:09:30,162
06:09:31,163
06:09:32,163
06:09:33,161
06:09:34,159
06:09:35,159
06:09:36,162
06:09:37,163
06:09:38,163
06:09:39,163
06:09:40,162
06:09:41,162
06:09:42,161
06:09:43,162
06:09:44,162
06:09:45,161
06:09:46,163
06:09:47,163
06:09:48,161
06:09:49,164
06:09:50,163
06:09:51,163
06:09:52,163
06:09:53,161
06:09:54,161
06:09:55,162
06:09:56,165
06:09:57,165
06:09:58,162
06:09:59,160
06:10:00,160
06:10:01,162
06:10:02,163
06:10:03,163
06:10:04,164
06:10:05,163
06:10:06,163
06:10:07,159
06:10:08,161
06:10:09,161
06:10:10,159
06:10:11,160
06:10:12,160
06:10:13,161
06:10:14,159
06:10:15,159
06:10:16,159
06:10:17,162
06:10:18,162
06:10:19,159
06:10:20,163
06:10:21,163
06:10:22,162
06:10:23,153
06:10:24,153
06:10:25,162
06:10:26,161
06:10:27,161
06:10:28,162
06:10:29,162
06:10:30,162
06:10:31,162
06:10:32,165
06:10:33,165
06:10:34,163
06:10:35,161
06:10:37,161
06:10:38,163
06:10:39,162
06:10:40,162
06:10:41,162
06:10:42,163
06:10:43,160
06:10:44,160
06:10:45,161
06:10:46,161
06:10:47,161
06:10:48,161
06:10:49,161
06:10:50,161
06:10:51,161
06:10:52,161
06:10:53,161
06:10:54,163
06:10:55,162
06:10:56,162
06:10:57,162
06:10:58,160
06:10:59,160
06:11:00,162
06:11:01,161
06:11:02,161
06:11:03,162
06:11:04,160
06:11:05,160
06:11:06,159
06:11:07,160
06:11:08,160
06:11:09,163
06:11:10,161
06:11:11,161
06:11:12,162
06:11:13,161
06:11:14,161
06:11:15,159
06:11:16,160
06:11:17,160
06:11:18,160
06:11:19,160
06:11:20,160
06:11:21,159
06:11:22,158
06:11:23,158
06:11:24,162
06:11:25,162
06:11:26,163
06:11:27,163
06:11:28,161
06:11:29,162
06:11:30,162
06:11:31,162
06:11:32,157
06:11:33,157
06:11:34,161
06:11:35,159
06:11:36,159
06:11:37,163
06:11:38,161
06:11:39,161
06:11:40,164
06:11:41,162
06:11:42,162
06:11:43,163
06:11:44,161
06:11:45,161
06:11:46,162
06:11:47,163
06:11:48,163
06:11:49,161
06:11:50,162
06:11:51,162
06:11:52,163
06:11:53,162
06:11:54,162
06:11:55,162
06:11:56,161
06:11:57,161
06:11:58,163
06:11:59,161
06:12:00,161
06:12:01,163
06:12:02,161
06:12:03,161
06:12:04,162
06:12:05,163
06:12:06,163
06:12:08,163
06:12:09,162
06:12:10,162
06:12:11,163
06:12:12,163
06:12:13,163
06:12:14,161
06:12:15,163
06:12:16,162
06:12:17,162
06:12:18,163
06:12:19,161
06:12:20,161
06:12:21,161
06:12:22,161
06:12:23,161
06:12:24,161
06:12:25,161
06:12:26,161
06:12:27,161
06:12:28,160
06:12:29,160
06:12:30,161
06:12:31,161
06:12:32,161
06:12:33,160
06:12:34,159
06:12:35,159
06:12:36,161
06:12:37,164
06:12:38,164
06:12:39,159
06:12:40,161
06:12:41,161
06:12:42,161
06:12:43,160
06:12:44,160
06:12:45,162
06:12:46,160
06:12:47,160
06:12:48,162
06:12:49,160
06:12:50,160
06:12:51,162
06:12:52,161
06:12:53,161
06:12:54,163
06:12:55,162
06:12:56,162
06:12:57,162
06:12:58,162
06:12:59,162
06:13:00,160
06:13:01,162
06:13:02,163
06:13:03,163
06:13:04,163
06:13:05,163
06:13:06,163
06:13:07,161
06:13:08,162
06:13:09,162
06:13:10,163
06:13:11,159
06:13:12,159
06:13:13,163
06:13:14,160
06:13:15,160
06:13:16,162
06:13:17,163
06:13:18,163
06:13:19,162
06:13:20,163
06:13:21,163
06:13:22,162
06:13:23,163
06:13:24,163
06:13:25,162
06:13:26,161
06:13:27,161
06:13:28,162
06:13:29,160
06:13:30,160
06:13:31,162
06:13:32,162
06:13:33,162
06:13:34,163
06:13:35,163
06:13:36,163
06:13:37,162
06:13:39,159
06:13:40,159
06:13:41,163
06:13:42,162
06:13:43,162
06:13:44,161
06:13:45,164
06:13:46,164
06:13:47,162
06:13:48,160
06:13:49,160
06:13:50,160
06:13:51,162
06:13:52,155
06:13:53,155
06:13:54,162
06:13:55,162
06:13:56,162
06:13:57,163
06:13:58,161
06:13:59,161
06:14:00,163
06:14:01,163
06:14:02,163
06:14:03,161
06:14:04,163
06:14:05,163
06:14:06,159
06:14:07,161
06:14:08,161
06:14:09,162
06:14:10,164
06:14:11,164
06:14:12,163
06:14:13,163
06:14:14,163
06:14:15,163
06:14:16,163
06:14:17,163
06:14:18,161
06:14:19,160
06:14:20,160
06:14:21,161
06:14:22,163
06:14:23,163
06:14:24,162
06:14:25,161
06:14:26,161
06:14:27,163
06:14:28,164
06:14:29,164
06:14:30,163
06:14:31,162
06:14:32,162
06:14:33,161
06:14:34,163
06:14:35,161
06:14:36,161
06:14:37,160
06:14:38,160
06:14:39,160
06:14:40,159
06:14:41,162
06:14:42,162
06:14:43,161
06:14:44,159
06:14:45,159
06:14:46,163
06:14:47,160
06:14:48,160
06:14:49,161
06:14:50,163
06:14:51,163
06:14:52,161
06:14:53,161
06:14:54,161
06:14:55,161
06:14:56,157
06:14:57,157
06:14:58,157
06:14:59,160
06:15:00,160
06:15:01,160
06:15:02,161
06:15:03,161
06:15:04,161
06:15:05,160
06:15:07,160
06:15:08,161
06:15:09,160
06:15:10,160
06:15:11,158
06:15:12,161
06:15:13,161
06:15:14,159
06:15:15,163
06:15:16,163
06:15:17,162
06:15:18,162
06:15:19,162
06:15:20,162
06:15:21,163
06:15:22,163
06:15:23,163
06:15:24,163
06:15:25,163
06:15:26,163
06:15:27,162
06:15:28,159
06:15:29,159
06:15:30,163
06:15:31,162
06:15:32,162
06:15:33,161
06:15:34,161
06:15:35,161
06:15:36,163
06:15:37,165
06:15:38,165
06:15:39,163
06:15:40,160
06:15:41,160
06:15:42,161
06:15:43,161
06:15:44,161
06:15:45,162
06:15:46,161
06:15:47,161
06:15:48,162
06:15:49,159
06:15:50,159
06:15:51,162
06:15:52,162
06:15:53,162
06:15:54,162
06:15:55,161
06:15:56,161
06:15:57,163
06:15:58,162
06:15:59,162
06:16:00,160
06:16:01,163
06:16:02,163
06:16:03,161
06:16:04,161
06:16:05,161
06:16:06,163
06:16:07,162
06:16:08,162
06:16:09,158
06:16:10,161
06:16:11,159
06:16:12,159
06:16:13,161
06:16:14,159
06:16:15,159
06:16:16,161
06:16:17,155
06:16:18,155
06:16:19,161
06:16:20,162
06:16:21,162
06:16:22,163
06:16:23,163
06:16:24,163
06:16:25,162
06:16:26,162
06:16:27,162
06:16:28,164
06:16:29,163
06:16:30,163
06:16:31,163
06:16:32,164
06:16:33,164
06:16:34,162
06:16:35,163
06:16:36,163
06:16:38,163
06:16:39,161
06:16:40,161
06:16:41,162
06:16:42,162
06:16:43,162
06:16:44,162
06:16:45,161
06:16:46,161
06:16:47,162
06:16:48,163
06:16:49,163
06:16:50,163
06:16:51,158
06:16:52,158
06:16:53,161
06:16:54,164
06:16:55,164
06:16:56,160
06:16:57,162
06:16:58,160
06:16:59,160
06:17:00,162
06:17:01,159
06:17:02,159
06:17:03,162
06:17:04,159
06:17:05,159
06:17:06,161
06:17:07,162
06:17:08,162
06:17:09,162
06:17:10,161
06:17:11,161
06:17:12,157
06:17:13,161
06:17:14,161
06:17:15,161
06:17:16,161
06:17:17,161
06:17:18,159
06:17:19,160
06:17:20,160
06:17:21,163
06:17:22,156
06:17:23,156
06:17:24,159
06:17:25,162
06:17:26,162
06:17:27,160
06:17:28,163
06:17:29,163
06:17:30,162
06:17:31,162
06:17:32,162
06:17:33,160
06:17:34,163
06:17:35,163
06:17:36,163
06:17:37,163
06:17:38,163
06:17:39,161
06:17:40,162
06:17:41,162
06:17:42,161
06:17:43,163
06:17:44,162
06:17:45,162
06:17:46,161
06:17:47,160
06:17:48,160
06:17:49,160
06:17:50,159
06:17:51,159
06:17:52,159
06:17:53,161
06:17:54,161
06:17:55,163
06:17:56,163
06:17:57,163
06:17:58,162
06:17:59,162
06:18:00,162
06:18:01,163
06:18:02,160
06:18:03,160
06:18:04,163
06:18:05,163
06:18:06,163
06:18:07,163
06:18:09,162
06:18:10,162
06:18:11,160
06:18:12,162
06:18:13,162
06:18:14,160
06:18:15,160
06:18:16,160
06:18:17,162
06:18:18,160
06:18:19,160
06:18:20,162
06:18:21,161
06:18:22,161
06:18:23,162
06:18:24,161
06:18:25,161
06:18:26,161
06:18:27,158
06:18:28,158
06:18:29,161
06:18:30,161
06:18:31,161
06:18:32,159
06:18:33,161
06:18:34,162
06:18:35,162
06:18:36,163
06:18:37,161
06:18:38,161
06:18:39,163
06:18:40,163
06:18:41,163
06:18:42,162
06:18:43,163
06:18:44,163
06:18:45,162
06:18:46,162
06:18:47,162
06:18:48,160
06:18:49,162
06:18:50,162
06:18:51,163
06:18:52,163
06:18:53,163
06:18:54,164
06:18:55,163
06:18:56,163
06:18:57,159
06:18:58,160
06:18:59,160
06:19:00,161
06:19:01,162
06:19:02,162
06:19:03,163
06:19:04,161
06:19:05,161
06:19:06,161
06:19:07,163
06:19:08,163
06:19:09,162
06:19:10,161
06:19:11,161
06:19:12,162
06:19:13,160
06:19:14,160
06:19:15,161
06:19:16,161
06:19:17,161
06:19:18,161
06:19:19,164
06:19:20,161
06:19:21,161
06:19:22,160
06:19:23,160
06:19:24,160
06:19:25,161
06:19:26,161
06:19:27,161
06:19:28,161
06:19:29,161
06:19:30,161
06:19:31,159
06:19:32,161
06:19:33,161
06:19:34,160
06:19:36,162
06:19:37,162
06:19:38,160
06:19:39,161
06:19:40,161
06:19:41,160
06:19:42,159
06:19:43,159
06:19:44,162
06:19:45,162
06:19:46,162
06:19:47,160
06:19:48,161
06:19:49,161
06:19:50,162
06:19:51,161
06:19:52,161
06:19:53,162
06:19:54,163
06:19:55,163
06:19:56,163
06:19:57,161
06:19:58,161
06:19:59,159
06:20:00,162
06:20:01,162
06:20:02,163
06:20:03,161
06:20:04,161
06:20:05,161
06:20:06,160
06:20:07,162
06:20:08,162
06:20:09,161
06:20:10,162
06:20:11,162
06:20:12,161
06:20:13,162
06:20:14,162
06:20:15,165
06:20:16,164
06:20:17,164
06:20:18,162
06:20:19,161
06:20:20,161
06:20:21,162
06:20:22,160
06:20:23,160
06:20:24,160
06:20:25,160
06:20:26,160
06:20:27,163
06:20:28,162
06:20:29,162
06:20:30,162
06:20:31,161
06:20:32,161
06:20:33,162
06:20:34,161
06:20:35,161
06:20:36,163
06:20:37,162
06:20:38,162
06:20:39,161
06:20:40,162
06:20:41,162
06:20:42,163
06:20:43,163
06:20:44,163
06:20:45,162
06:20:46,162
06:20:47,162
06:20:48,162
06:20:49,160
06:20:50,161
06:20:51,161
06:20:52,162
06:20:53,162
06:20:54,162
06:20:55,163
06:20:56,159
06:20:57,159
06:20:58,163
06:20:59,159
06:21:00,159
06:21:01,161
06:21:02,161
06:21:03,161
06:21:04,164
06:21:06,163
06:21:07,163
06:21:08,162
06:21:09,163
06:21:10,163
06:21:11,162
06:21:12,162
06:21:13,162
06:21:14,163
06:21:15,161
06:21:16,161
06:21:17,161
06:21:18,162
06:21:19,162
06:21:20,161
06:21:21,163
06:21:22,163
06:21:23,161
06:21:24,163
06:21:25,163
06:21:26,162
06:21:27,162
06:21:28,162
06:21:29,162
06:21:30,160
06:21:31,160
06:21:32,160
06:21:33,161
06:21:34,161
06:21:35,161
06:21:36,159
06:21:37,161
06:21:38,161
06:21:39,161
06:21:40,160
06:21:41,160
06:21:42,161
06:21:43,161
06:21:44,161
06:21:45,160
06:21:46,160
06:21:47,160
06:21:48,161
06:21:49,162
06:21:50,162
06:21:51,161
06:21:52,162
06:21:53,162
06:21:54,160
06:21:55,163
06:21:56,163
06:21:57,162
06:21:58,160
06:21:59,160
06:22:00,161
06:22:01,160
06:22:02,160
06:22:03,161
06:22:04,153
06:22:05,153
06:22:06,162
06:22:07,165
06:22:08,165
06:22:09,162
06:22:10,160
06:22:11,160
06:22:12,163
06:22:13,163
06:22:14,163
06:22:15,164
06:22:16,161
06:22:17,161
06:22:18,163
06:22:19,161
06:22:20,161
06:22:21,162
06:22:22,161
06:22:23,164
06:22:24,164
06:22:25,164
06:22:26,160
06:22:27,160
06:22:28,162
06:22:29,160
06:22:30,160
06:22:31,159
06:22:32,161
06:22:33,161
06:22:34,161
06:22:35,160
06:22:37,160
06:22:38,162
06:22:39,160
06:22:40,160
06:22:41,162
06:22:42,162
06:22:43,162
06:22:44,160
06:22:45,162
06:22:46,162
06:22:47,161
06:22:48,160
06:22:49,160
06:22:50,160
06:22:51,162
06:22:52,162
06:22:53,163
06:22:54,160
06:22:55,160
06:22:56,161
06:22:57,161
06:22:58,161
06:22:59,160
06:23:00,163
06:23:01,163
06:23:02,162
06:23:03,161
06:23:04,161
06:23:05,160
06:23:06,162
06:23:07,162
06:23:08,161
06:23:09,161
06:23:10,161
06:23:11,163
06:23:12,163
06:23:13,162
06:23:14,162
06:23:15,158
06:23:16,159
06:23:17,159
06:23:18,160
06:23:19,163
06:23:20,163
06:23:21,162
06:23:22,164
06:23:23,164
06:23:24,163
06:23:25,162
06:23:26,162
06:23:27,162
06:23:28,160
06:23:29,160
06:23:30,158
06:23:31,162
06:23:32,162
06:23:33,162
06:23:34,162
06:23:35,162
06:23:36,163
06:23:37,161
06:23:38,161
06:23:39,161
06:23:40,161
06:23:41,161
06:23:42,163
06:23:43,161
06:23:44,161
06:23:45,161
06:23:46,163
06:23:47,162
06:23:48,162
06:23:49,160
06:23:50,161
06:23:51,161
06:23:52,162
06:23:54,161
06:23:55,161
06:23:56,158
06:23:57,160
06:23:58,160
06:23:59,164
06:24:00,162
06:24:01,162
06:24:02,160
06:24:03,162
06:24:04,162
06:24:05,162
06:24:06,160
06:24:07,160
06:24:08,162
06:24:09,159
06:24:10,159
06:24:11,157
06:24:12,160
06:24:13,160
06:24:14,160
06:24:15,160
06:24:16,160
06:24:17,161
06:24:18,160
06:24:19,160
06:24:20,161
06:24:21,159
06:24:22,159
06:24:23,159
06:24:24,161
06:24:25,161
06:24:26,153
06:24:27,163
06:24:28,163
06:24:29,163
06:24:30,160
06:24:31,164
06:24:32,164
06:24:33,163
06:24:34,162
06:24:35,162
06:24:36,163
06:24:37,162
06:24:38,162
06:24:39,163
06:24:40,161
06:24:41,161
06:24:42,161
06:24:43,161
06:24:44,161
06:24:45,162
06:24:46,163
06:24:47,163
06:24:48,158
06:24:49,162
06:24:50,162
06:24:51,161
06:24:52,160
06:24:53,160
06:24:54,162
06:24:55,161
06:24:56,161
06:24:57,161
06:24:58,160
06:24:59,160
06:25:00,162
06:25:01,162
06:25:02,162
06:25:03,163
06:25:04,160
06:25:05,160
06:25:06,161
06:25:07,161
06:25:08,161
06:25:09,162
06:25:10,162
06:25:11,162
06:25:12,162
06:25:13,162
06:25:14,161
06:25:15,161
06:25:16,158
06:25:17,160
06:25:18,160
06:25:20,163
06:25:21,163
06:25:22,163
06:25:23,160
06:25:24,161
06:25:25,161
06:25:26,162
06:25:27,161
06:25:28,161
06:25:29,158
06:25:30,160
06:25:31,160
06:25:32,161
06:25:33,158
06:25:34,158
06:25:35,160
06:25:36,161
06:25:37,161
06:25:38,162
06:25:39,163
06:25:40,163
06:25:41,160
06:25:42,161
06:25:43,161
06:25:44,163
06:25:45,161
06:25:46,161
06:25:47,160
06:25:48,165
06:25:49,165
06:25:50,163
06:25:51,162
06:25:52,162
06:25:53,163
06:25:54,162
06:25:55,162
06:25:56,161
06:25:57,163
06:25:58,163
06:25:59,160
06:26:00,163
06:26:01,162
06:26:02,162
06:26:03,159
06:26:04,162
06:26:05,162
06:26:06,163
06:26:07,162
06:26:08,162
06:26:09,161
06:26:10,162
06:26:11,162
06:26:12,161
06:26:13,164
06:26:14,164
06:26:15,164
06:26:16,164
06:26:17,164
06:26:18,162
06:26:19,161
06:26:20,161
06:26:21,162
06:26:22,160
06:26:23,160
06:26:24,163
06:26:25,160
06:26:26,160
06:26:27,162
06:26:28,163
06:26:29,163
06:26:30,159
06:26:31,162
06:26:32,162
06:26:33,163
06:26:34,160
06:26:35,160
06:26:36,160
06:26:37,161
06:26:38,161
06:26:39,161
06:26:40,161
06:26:41,161
06:26:42,160
06:26:43,162
06:26:44,162
06:26:45,163
06:26:46,162
06:26:47,162
06:26:48,162
06:26:50,157
06:26:51,163
06:26:52,163
06:26:53,163
06:26:54,163
06:26:55,163
06:26:56,164
06:26:57,161
06:26:58,161
06:26:59,163
06:27:00,162
06:27:01,162
06:27:02,161
06:27:03,161
06:27:04,161
06:27:05,161
06:27:06,162
06:27:07,162
06:27:08,161
06:27:09,163
06:27:10,163
06:27:11,162
06:27:12,159
06:27:13,159
06:27:14,161
06:27:15,160
06:27:16,160
06:27:17,163
06:27:18,162
06:27:19,162
06:27:20,163
06:27:21,160
06:27:22,160
06:27:23,160
06:27:24,161
06:27:25,161
06:27:26,162
06:27:27,160
06:27:28,160
06:27:29,162
06:27:30,159
06:27:31,159
06:27:32,163
06:27:33,162
06:27:34,162
06:27:35,162
06:27:36,161
06:27:37,159
06:27:38,159
06:27:39,161
06:27:40,161
06:27:41,161
06:27:42,161
06:27:43,158
06:27:44,158
06:27:45,161
06:27:46,160
06:27:47,160
06:27:48,160
06:27:49,159
06:27:50,159
06:27:51,163
06:27:52,162
06:27:53,162
06:27:54,162
06:27:55,163
06:27:56,163
06:27:57,163
06:27:58,161
06:27:59,161
06:28:00,162
06:28:01,158
06:28:02,158
06:28:03,153
06:28:04,162
06:28:05,162
06:28:06,162
06:28:07,163
06:28:08,163
06:28:09,163
06:28:10,163
06:28:11,163
06:28:12,162
06:28:13,162
06:28:14,162
06:28:15,157
06:28:16,161
06:28:17,161
06:28:18,162
06:28:19,164
06:28:21,164
06:28:22,162
06:28:23,163
06:28:24,163
06:28:25,163
06:28:26,161
06:28:27,163
06:28:28,163
06:28:29,160
06:28:30,164
06:28:31,164
06:28:32,164
06:28:33,164
06:28:34,164
06:28:35,159
06:28:36,160
06:28:37,160
06:28:38,162
06:28:39,162
06:28:40,162
06:28:41,163
06:28:42,162
06:28:43,162
06:28:44,163
06:28:45,161
06:28:46,161
06:28:47,162
06:28:48,161
06:28:49,161
06:28:50,161
06:28:51,162
06:28:52,162
06:28:53,160
06:28:54,161
06:28:55,161
06:28:56,161
06:28:57,161
06:28:58,161
06:28:59,161
06:29:00,160
06:29:01,160
06:29:02,160
06:29:03,161
06:29:04,161
06:29:05,161
06:29:06,160
06:29:07,162
06:29:08,162
06:29:09,161
06:29:10,161
06:29:11,161
06:29:12,159
06:29:13,161
06:29:14,161
06:29:15,160
06:29:16,155
06:29:17,155
06:29:18,162
06:29:19,163
06:29:20,163
06:29:21,163
06:29:22,162
06:29:23,162
06:29:24,162
06:29:25,163
06:29:26,163
06:29:27,162
06:29:28,162
06:29:29,162
06:29:30,162
06:29:31,163
06:29:32,163
06:29:33,161
06:29:34,161
06:29:35,161
06:29:36,162
06:29:37,160
06:29:38,160
06:29:39,162
06:29:40,160
06:29:41,160
06:29:42,162
06:29:43,165
06:29:44,165
06:29:46,162
06:29:47,162
06:29:48,162
06:29:49,159
06:29:50,162
06:29:51,161
06:29:52,161
06:29:53,162
06:29:54,164
06:29:55,164
06:29:56,163
06:29:57,160
06:29:58,160
06:29:59,162
06:30:00,161
06:30:01,161
06:30:02,161
06:30:03,158
06:30:04,158
06:30:05,163
06:30:06,161
06:30:07,161
06:30:08,162
06:30:09,163
06:30:10,163
06:30:11,158
06:30:12,162
06:30:13,162
06:30:14,159
06:30:15,161
06:30:16,161
06:30:17,163
06:30:18,164
06:30:19,164
06:30:20,164
06:30:21,161
06:30:22,161
06:30:23,160
06:30:24,159
06:30:25,159
06:30:26,157
06:30:27,163
06:30:28,163
06:30:29,160
06:30:30,162
06:30:31,162
06:30:32,163
06:30:33,162
06:30:34,162
06:30:35,162
06:30:36,163
06:30:37,163
06:30:38,163
06:30:39,164
06:30:40,162
06:30:41,162
06:30:42,157
06:30:43,160
06:30:44,160
06:30:45,163
06:30:46,161
06:30:47,161
06:30:48,162
06:30:49,163
06:30:50,163
06:30:51,162
06:30:52,162
06:30:53,162
06:30:54,163
06:30:55,163
06:30:56,163
06:30:57,162
06:30:58,162
06:30:59,162
06:31:00,164
06:31:01,159
06:31:02,159
06:31:03,162
06:31:04,164
06:31:05,164
06:31:06,163
06:31:07,163
06:31:08,163
06:31:09,161
06:31:10,164
06:31:11,164
06:31:12,160
06:31:13,161
06:31:14,161
06:31:15,161
06:31:17,161
06:31:18,161
06:31:19,160
06:31:20,162
06:31:21,162
06:31:22,159
06:31:23,160
06:31:24,160
06:31:25,160
06:31:26,161
06:31:27,161
06:31:28,161
06:31:29,161
06:31:30,162
06:31:31,162
06:31:32,161
06:31:33,163
06:31:34,163
06:31:35,162
06:31:36,160
06:31:37,160
06:31:38,160
06:31:39,160
06:31:40,160
06:31:41,157
06:31:42,160
06:31:43,160
06:31:44,163
06:31:45,163
06:31:46,163
06:31:47,161
06:31:48,163
06:31:49,163
06:31:50,161
06:31:51,160
06:31:52,160
06:31:53,162
06:31:54,161
06:31:55,161
06:31:56,160
06:31:57,161
06:31:58,161
06:31:59,162
06:32:00,159
06:32:01,159
06:32:02,163
06:32:03,162
06:32:04,162
06:32:05,162
06:32:06,163
06:32:07,163
06:32:08,163
06:32:09,162
06:32:10,162
06:32:11,161
06:32:12,161
06:32:13,161
06:32:14,161
06:32:15,164
06:32:16,163
06:32:17,163
06:32:18,165
06:32:19,162
06:32:20,162
06:32:21,160
06:32:22,161
06:32:23,161
06:32:24,160
06:32:25,161
06:32:26,161
06:32:27,162
06:32:28,162
06:32:29,162
06:32:30,162
06:32:31,160
06:32:32,160
06:32:33,160
06:32:34,163
06:32:35,163
06:32:36,163
06:32:37,164
06:32:38,164
06:32:39,161
06:32:40,160
06:32:41,160
06:32:42,161
06:32:43,163
06:32:44,163
06:32:45,163
06:32:47,161
06:32:48,161
06:32:49,159
06:32:50,160
06:32:51,160
06:32:52,161
06:32:53,162
06:32:54,162
06:32:55,159
06:32:56,161
06:32:57,161
06:32:58,163
06:32:59,163
06:33:00,162
06:33:01,162
06:33:02,162
06:33:03,161
06:33:04,161
06:33:05,163
06:33:06,165
06:33:07,165
06:33:08,163
06:33:09,163
06:33:10,163
06:33:11,162
06:33:12,164
06:33:13,164
06:33:14,164
06:33:15,162
06:33:16,162
06:33:17,162
06:33:18,161
06:33:19,161
06:33:20,161
06:33:21,163
06:33:22,163
06:33:23,163
06:33:24,160
06:33:25,160
06:33:26,161
06:33:27,159
06:33:28,159
06:33:29,160
06:33:30,161
06:33:31,161
06:33:32,164
06:33:33,161
06:33:34,161
06:33:35,160
06:33:36,163
06:33:37,163
06:33:38,161
06:33:39,161
06:33:40,161
06:33:41,161
06:33:42,161
06:33:43,161
06:33:44,161
06:33:45,161
06:33:46,160
06:33:47,160
06:33:48,161
06:33:49,159
06:33:50,159
06:33:51,162
06:33:52,163
06:33:53,163
06:33:54,162
06:33:55,161
06:33:56,161
06:33:57,162
06:33:58,162
06:33:59,162
06:34:00,159
06:34:01,158
06:34:02,158
06:34:03,159
06:34:04,161
06:34:05,161
06:34:06,161
06:34:07,158
06:34:09,158
06:34:10,157
06:34:11,162
06:34:12,162
06:34:13,162
06:34:14,164
06:34:15,164
06:34:16,162
06:34:17,164
06:34:18,164
06:34:19,163
06:34:20,160
06:34:21,160
06:34:22,161
06:34:23,164
06:34:24,164
06:34:25,163
06:34:26,164
06:34:27,161
06:34:28,161
06:34:29,163
06:34:30,161
06:34:31,161
06:34:32,161
06:34:33,162
06:34:34,162
06:34:35,159
06:34:36,161
06:34:37,161
06:34:38,162
06:34:39,161
06:34:40,161
06:34:41,162
06:34:42,163
06:34:43,163
06:34:44,164
06:34:45,163
06:34:46,163
06:34:47,161
06:34:48,163
06:34:49,163
06:34:50,160
06:34:51,162
06:34:52,162
06:34:53,161
06:34:54,162
06:34:55,162
06:34:56,163
06:34:57,162
06:34:58,162
06:34:59,161
06:35:00,161
06:35:01,161
06:35:02,161
06:35:03,164
06:35:04,164
06:35:05,164
06:35:06,160
06:35:07,160
06:35:08,161
06:35:09,160
06:35:10,161
06:35:11,161
06:35:12,162
06:35:13,157
06:35:14,157
06:35:15,161
06:35:16,160
06:35:17,160
06:35:18,162
06:35:19,160
06:35:20,160
06:35:21,161
06:35:22,161
06:35:23,161
06:35:24,162
06:35:25,158
06:35:26,158
06:35:27,163
06:35:28,157
06:35:29,157
06:35:30,161
06:35:31,164
06:35:32,164
06:35:33,162
06:35:34,163
06:35:35,163
06:35:36,163
06:35:38,162
06:35:39,162
06:35:40,162
06:35:41,162
06:35:42,162
06:35:43,162
06:35:44,161
06:35:45,161
06:35:46,163
06:35:47,161
06:35:48,161
06:35:49,163
06:35:50,163
06:35:51,163
06:35:52,163
06:35:53,161
06:35:54,161
06:35:55,161
06:35:56,160
06:35:57,160
06:35:58,159
06:35:59,160
06:36:00,161
06:36:01,161
06:36:02,159
06:36:03,163
06:36:04,163
06:36:05,161
06:36:06,162
06:36:07,162
06:36:08,160
06:36:09,162
06:36:10,162
06:36:11,161
06:36:12,160
06:36:13,160
06:36:14,162
06:36:15,161
06:36:16,161
06:36:17,162
06:36:18,161
06:36:19,161
06:36:20,161
06:36:21,163
06:36:22,163
06:36:23,162
06:36:24,163
06:36:25,163
06:36:26,162
06:36:27,163
06:36:28,163
06:36:29,162
06:36:30,162
06:36:31,162
06:36:32,161
06:36:33,162
06:36:34,162
06:36:35,162
06:36:36,158
06:36:37,158
06:36:38,163
06:36:39,162
06:36:40,162
06:36:41,163
06:36:42,164
06:36:43,164
06:36:44,163
06:36:45,164
06:36:46,162
06:36:47,162
06:36:48,163
06:36:49,162
06:36:50,162
06:36:51,163
06:36:52,158
06:36:53,158
06:36:54,162
06:36:55,161
06:36:56,161
06:36:57,162
06:36:58,162
06:36:59,162
06:37:00,160
06:37:01,162
06:37:02,162
06:37:03,164
06:37:04,161
06:37:05,161
06:37:06,160
06:37:07,163
06:37:09,163
06:37:10,161
06:37:11,162
06:37:12,162
06:37:13,162
06:37:14,160
06:37:15,160
06:37:16,159
06:37:17,163
06:37:18,163
06:37:19,163
06:37:20,163
06:37:21,163
06:37:22,162
06:37:23,163
06:37:24,163
06:37:25,163
06:37:26,162
06:37:27,162
06:37:28,161
06:37:29,163
06:37:30,163
06:37:31,163
06:37:32,162
06:37:33,160
06:37:34,160
06:37:35,159
06:37:36,161
06:37:37,161
06:37:38,160
06:37:39,161
06:37:40,161
06:37:41,161
06:37:42,159
06:37:43,159
06:37:44,157
06:37:45,162
06:37:46,162
06:37:47,160
06:37:48,160
06:37:49,160
06:37:50,159
06:37:51,161
06:37:52,161
06:37:53,154
06:37:54,162
06:37:55,162
06:37:56,162
06:37:57,162
06:37:58,162
06:37:59,160
06:38:00,161
06:38:01,161
06:38:02,161
06:38:03,160
06:38:04,160
06:38:05,162
06:38:06,162
06:38:07,162
06:38:08,162
06:38:09,161
06:38:10,161
06:38:11,161
06:38:12,159
06:38:13,159
06:38:14,162
06:38:15,162
06:38:16,162
06:38:17,160
06:38:18,162
06:38:19,162
06:38:20,162
06:38:21,163
06:38:22,160
06:38:23,160
06:38:24,162
06:38:25,161
06:38:26,161
06:38:27,160
06:38:28,159
06:38:29,159
06:38:30,163
06:38:31,159
06:38:32,159
06:38:33,161
06:38:34,163
06:38:35,163
06:38:36,161
06:38:37,163
06:38:38,163
06:38:40,159
06:38:41,160
06:38:42,160
06:38:43,162
06:38:44,162
06:38:45,162
06:38:46,160
06:38:47,161
06:38:48,161
06:38:49,158
06:38:50,163
06:38:51,163
06:38:52,162
06:38:53,161
06:38:54,161
06:38:55,160
06:38:56,162
06:38:57,163
06:38:58,163
06:38:59,157
06:39:00,163
06:39:01,163
06:39:02,163
06:39:03,162
06:39:04,162
06:39:05,163
06:39:06,162
06:39:07,162
06:39:08,164
06:39:09,161
06:39:10,161
06:39:11,162
06:39:12,161
06:39:13,161
06:39:14,162
06:39:15,162
06:39:16,162
06:39:17,161
06:39:18,162
06:39:19,162
06:39:20,162
06:39:21,161
06:39:22,161
06:39:23,161
06:39:24,161
06:39:25,161
06:39:26,160
06:39:27,160
06:39:28,160
06:39:29,162
06:39:30,162
06:39:31,162
06:39:32,161
06:39:33,162
06:39:34,162
06:39:35,161
06:39:36,164
06:39:37,164
06:39:38,161
06:39:39,161
06:39:40,161
06:39:41,162
06:39:42,160
06:39:43,160
06:39:44,160
06:39:45,160
06:39:46,161
06:39:47,161
06:39:48,160
06:39:49,162
06:39:50,162
06:39:51,159
06:39:52,159
06:39:53,159
06:39:54,161
06:39:55,159
06:39:56,159
06:39:57,160
06:39:59,161
06:40:00,161
06:40:01,161
06:40:02,162
06:40:03,162
06:40:04,159
06:40:05,162
06:40:06,162
06:40:07,161
06:40:08,163
06:40:09,163
06:40:10,164
06:40:11,165
06:40:12,165
06:40:13,163
06:40:14,165
06:40:15,165
06:40:16,162
06:40:17,163
06:40:18,163
06:40:19,163
06:40:20,161
06:40:21,161
06:40:22,161
06:40:23,163
06:40:24,163
06:40:25,162
06:40:26,160
06:40:27,160
06:40:28,163
06:40:29,164
06:40:30,161
06:40:31,161
06:40:32,158
06:40:33,162
06:40:34,162
06:40:35,161
06:40:36,160
06:40:37,160
06:40:38,160
06:40:39,162
06:40:40,162
06:40:41,161
06:40:42,163
06:40:43,163
06:40:44,165
06:40:45,163
06:40:46,163
06:40:47,161
06:40:48,163
06:40:49,163
06:40:50,163
06:40:51,161
06:40:52,161
06:40:53,162
06:40:54,162
06:40:55,162
06:40:56,160
06:40:57,159
06:40:58,159
06:40:59,162
06:41:00,161
06:41:01,161
06:41:02,160
06:41:03,161
06:41:04,161
06:41:05,161
06:41:06,159
06:41:07,159
06:41:08,161
06:41:09,161
06:41:10,161
06:41:11,160
06:41:12,160
06:41:13,160
06:41:14,156
06:41:15,163
06:41:16,163
06:41:17,164
06:41:18,162
06:41:19,163
06:41:20,163
06:41:21,162
06:41:22,162
06:41:23,162
06:41:24,162
06:41:25,162
06:41:26,162
06:41:27,163
06:41:28,161
06:41:30,161
06:41:31,162
06:41:32,162
06:41:33,162
06:41:34,160
06:41:35,160
06:41:36,160
06:41:37,161
06:41:38,162
06:41:39,162
06:41:40,162
06:41:41,163
06:41:42,163
06:41:43,164
06:41:44,161
06:41:45,161
06:41:46,160
06:41:47,163
06:41:48,163
06:41:49,162
06:41:50,164
06:41:51,164
06:41:52,163
06:41:53,161
06:41:54,161
06:41:55,161
06:41:56,161
06:41:57,161
06:41:58,162
06:41:59,158
06:42:00,158
06:42:01,159
06:42:02,161
06:42:03,161
06:42:04,160
06:42:05,160
06:42:06,158
06:42:07,158
06:42:08,161
06:42:09,158
06:42:10,158
06:42:11,158
06:42:12,161
06:42:13,161
06:42:14,162
06:42:15,164
06:42:16,164
06:42:17,160
06:42:18,159
06:42:19,159
06:42:20,162
06:42:21,161
06:42:22,161
06:42:23,160
06:42:24,161
06:42:25,161
06:42:26,160
06:42:27,159
06:42:28,159
06:42:29,161
06:42:30,162
06:42:31,162
06:42:32,161
06:42:33,160
06:42:34,160
06:42:35,161
06:42:36,161
06:42:37,161
06:42:38,158
06:42:39,160
06:42:40,160
06:42:41,160
06:42:42,162
06:42:43,162
06:42:44,162
06:42:45,162
06:42:46,162
06:42:47,162
06:42:48,161
06:42:49,161
06:42:50,162
06:42:51,162
06:42:52,163
06:42:53,163
06:42:54,162
06:42:55,161
06:42:56,161
06:42:57,160
06:42:58,160
06:43:00,160
06:43:01,160
06:43:02,163
06:43:03,163
06:43:04,163
06:43:05,160
06:43:06,160
06:43:07,161
06:43:08,161
06:43:09,161
06:43:10,164
06:43:11,162
06:43:12,162
06:43:13,161
06:43:14,160
06:43:15,160
06:43:16,161
06:43:17,160
06:43:18,160
06:43:19,160
06:43:20,161
06:43:21,161
06:43:22,160
06:43:23,159
06:43:24,159
06:43:25,162
06:43:26,160
06:43:27,160
06:43:28,158
06:43:29,163
06:43:30,163
06:43:31,162
06:43:32,159
06:43:33,159
06:43:34,162
06:43:35,161
06:43:36,161
06:43:37,156
06:43:38,162
06:43:39,162
06:43:40,162
06:43:41,161
06:43:42,163
06:43:43,163
06:43:44,161
06:43:45,161
06:43:46,161
06:43:47,160
06:43:48,161
06:43:49,161
06:43:50,161
06:43:51,163
06:43:52,163
06:43:53,161
06:43:54,158
06:43:55,158
06:43:56,161
06:43:57,161
06:43:58,161
06:43:59,160
06:44:00,160
06:44:01,160
06:44:02,159
06:44:03,161
06:44:04,161
06:44:05,159
06:44:06,161
06:44:07,161
06:44:08,160
06:44:09,162
06:44:10,162
06:44:11,159
06:44:12,160
06:44:13,160
06:44:14,162
06:44:15,161
06:44:16,161
06:44:17,163
06:44:18,161
06:44:19,161
06:44:20,161
06:44:22,160
06:44:23,161
06:44:24,161
06:44:25,160
06:44:26,160
06:44:27,160
06:44:28,162
06:44:29,160
06:44:30,160
06:44:31,158
06:44:32,160
06:44:33,160
06:44:34,161
06:44:35,161
06:44:36,161
06:44:37,159
06:44:38,161
06:44:39,161
06:44:40,160
06:44:41,161
06:44:42,161
06:44:43,161
06:44:44,161
06:44:45,161
06:44:46,162
06:44:47,163
06:44:48,163
06:44:49,156
06:44:50,162
06:44:51,162
06:44:52,163
06:44:53,163
06:44:54,163
06:44:55,163
06:44:56,162
06:44:57,162
06:44:58,160
06:44:59,162
06:45:00,162
06:45:01,161
06:45:02,164
06:45:03,164
06:45:04,161
06:45:05,163
06:45:06,161
06:45:07,161
06:45:08,165
06:45:09,162
06:45:10,162
06:45:11,160
06:45:12,161
06:45:13,161
06:45:14,164
06:45:15,161
06:45:16,161
06:45:17,161
06:45:18,162
06:45:19,162
06:45:20,164
06:45:21,163
06:45:22,163
06:45:23,165
06:45:24,165
06:45:25,165
06:45:26,167
06:45:27,165
06:45:28,165
06:45:29,163
06:45:30,162
06:45:31,162
06:45:32,164
06:45:33,160
06:45:34,160
06:45:35,162
06:45:36,160
06:45:37,160
06:45:38,161
06:45:39,163
06:45:40,163
06:45:41,164
06:45:42,159
06:45:43,159
06:45:44,160
06:45:45,161
06:45:46,161
06:45:47,159
06:45:48,162
06:45:49,162
06:45:50,160
06:45:51,162
06:45:53,159
06:45:54,159
06:45:55,160
06:45:56,163
06:45:57,163
06:45:58,162
06:45:59,160
06:46:00,160
06:46:01,158
06:46:02,163
06:46:03,163
06:46:04,162
06:46:05,156
06:46:06,156
06:46:07,163
06:46:08,161
06:46:09,161
06:46:10,162
06:46:11,163
06:46:12,163
06:46:13,161
06:46:14,163
06:46:15,163
06:46:16,162
06:46:17,163
06:46:18,163
06:46:19,160
06:46:20,162
06:46:21,162
06:46:22,161
06:46:23,161
06:46:24,161
06:46:25,160
06:46:26,164
06:46:27,164
06:46:28,163
06:46:29,160
06:46:30,160
06:46:31,161
06:46:32,161
06:46:33,161
06:46:34,160
06:46:35,161
06:46:36,161
06:46:37,162
06:46:38,161
06:46:39,161
06:46:40,163
06:46:41,160
06:46:42,162
06:46:43,162
06:46:44,160
06:46:45,160
06:46:46,160
06:46:47,159
06:46:48,163
06:46:49,163
06:46:50,160
06:46:51,161
06:46:52,161
06:46:53,160
06:46:54,161
06:46:55,161
06:46:56,161
06:46:57,159
06:46:58,159
06:46:59,160
06:47:00,162
06:47:01,162
06:47:02,162
06:47:03,159
06:47:04,159
06:47:05,162
06:47:06,162
06:47:07,162
06:47:08,162
06:47:09,163
06:47:10,163
06:47:11,162
06:47:12,158
06:47:13,158
06:47:14,160
06:47:15,162
06:47:16,162
06:47:17,163
06:47:18,161
06:47:19,161
06:47:20,159
06:47:21,160
06:47:23,160
06:47:24,162
06:47:25,162
06:47:26,162
06:47:27,163
06:47:28,161
06:47:29,159
06:47:30,159
06:47:31,159
06:47:32,161
06:47:33,161
06:47:34,162
06:47:35,163
06:47:36,163
06:47:37,162
06:47:38,162
06:47:39,162
06:47:40,162
06:47:41,161
06:47:42,161
06:47:43,162
06:47:44,161
06:47:45,161
06:47:46,162
06:47:47,162
06:47:48,162
06:47:49,162
06:47:50,163
06:47:51,163
06:47:52,162
06:47:53,162
06:47:54,162
06:47:55,161
06:47:56,161
06:47:57,161
06:47:58,161
06:47:59,164
06:48:00,162
06:48:01,162
06:48:02,163
06:48:03,162
06:48:04,162
06:48:05,162
06:48:06,157
06:48:07,157
06:48:08,162
06:48:09,161
06:48:10,161
06:48:11,163
06:48:12,160
06:48:13,160
06:48:14,163
06:48:15,162
06:48:16,162
06:48:17,161
06:48:18,162
06:48:20,162
06:48:21,162
06:48:22,158
06:48:23,158
06:48:24,160
06:48:25,161
06:48:26,161
06:48:27,159
06:48:28,161
06:48:29,162
06:48:30,162
06:48:31,159
06:48:32,163
06:48:33,163
06:48:34,159
06:48:35,163
06:48:36,163
06:48:37,160
06:48:38,161
06:48:39,161
06:48:40,161
06:48:41,162
06:48:42,162
06:48:43,161
06:48:44,160
06:48:45,160
06:48:46,163
06:48:47,164
06:48:48,164
06:48:49,162
06:48:50,162
06:48:51,162
06:48:52,160
06:48:53,162
06:48:54,162
06:48:55,162
06:48:56,161
06:48:57,161
06:48:58,159
06:48:59,160
06:49:00,160
06:49:01,162
06:49:02,159
06:49:03,159
06:49:04,159
06:49:05,162
06:49:06,162
06:49:07,161
06:49:08,162
06:49:09,162
06:49:10,162
06:49:11,159
06:49:12,159
06:49:13,160
06:49:14,159
06:49:15,163
06:49:16,163
06:49:17,159
06:49:18,162
06:49:19,162
06:49:20,162
06:49:21,163
06:49:22,163
06:49:23,164
06:49:24,162
06:49:25,162
06:49:26,162
06:49:27,161
06:49:28,161
06:49:29,160
06:49:30,160
06:49:31,160
06:49:32,160
06:49:33,162
06:49:34,162
06:49:35,159
06:49:36,160
06:49:37,160
06:49:38,159
06:49:39,160
06:49:40,160
06:49:41,160
06:49:42,155
06:49:43,155
06:49:44,163
06:49:45,162
06:49:46,162
06:49:47,162
06:49:48,160
06:49:50,160
06:49:51,162
06:49:52,162
06:49:53,162
06:49:54,160
06:49:55,162
06:49:56,162
06:49:57,164
06:49:58,162
06:49:59,162
06:50:00,160
06:50:01,163
06:50:02,162
06:50:03,162
06:50:04,160
06:50:05,161
06:50:06,161
06:50:07,162
06:50:08,160
06:50:09,160
06:50:10,160
06:50:11,161
06:50:12,161
06:50:13,162
06:50:14,162
06:50:15,162
06:50:16,161
06:50:17,162
06:50:18,162
06:50:19,162
06:50:20,160
06:50:21,160
06:50:22,161
06:50:23,161
06:50:24,161
06:50:25,159
06:50:26,160
06:50:27,160
06:50:28,159
06:50:29,161
06:50:30,161
06:50:31,161
06:50:32,162
06:50:33,162
06:50:34,163
06:50:35,162
06:50:36,162
06:50:37,160
06:50:38,161
06:50:39,161
06:50:40,161
06:50:41,161
06:50:42,161
06:50:43,161
06:50:44,161
06:50:45,161
06:50:46,160
06:50:47,160
06:50:48,162
06:50:49,162
06:50:50,162
06:50:51,161
06:50:52,161
06:50:53,160
06:50:54,162
06:50:55,162
06:50:56,160
06:50:57,161
06:50:58,161
06:50:59,163
06:51:00,162
06:51:01,162
06:51:02,162
06:51:03,162
06:51:04,162
06:51:05,164
06:51:06,163
06:51:07,163
06:51:08,163
06:51:09,161
06:51:10,161
06:51:11,159
06:51:12,162
06:51:13,162
06:51:14,162
06:51:15,162
06:51:16,162
06:51:17,161
06:51:18,162
06:51:20,162
06:51:21,160
06:51:22,160
06:51:23,160
06:51:24,162
06:51:25,161
06:51:26,161
06:51:27,163
06:51:28,162
06:51:29,162
06:51:30,162
06:51:31,162
06:51:32,162
06:51:33,161
06:51:34,162
06:51:35,162
06:51:36,160
06:51:37,162
06:51:38,163
06:51:39,163
06:51:40,163
06:51:41,161
06:51:42,161
06:51:43,162
06:51:44,163
06:51:45,163
06:51:46,162
06:51:47,161
06:51:48,161
06:51:49,161
06:51:50,160
06:51:51,160
06:51:52,162
06:51:53,162
06:51:54,162
06:51:55,163
06:51:56,162
06:51:57,162
06:51:58,162
06:51:59,162
06:52:00,162
06:52:01,163
06:52:02,163
06:52:03,163
06:52:04,160
06:52:05,160
06:52:06,160
06:52:07,163
06:52:08,161
06:52:09,161
06:52:10,161
06:52:11,156
06:52:12,156
06:52:13,163
06:52:14,164
06:52:15,164
06:52:16,164
06:52:17,162
06:52:18,162
06:52:19,163
06:52:20,162
06:52:21,162
06:52:22,163
06:52:23,164
06:52:24,160
06:52:25,160
06:52:26,163
06:52:27,161
06:52:28,161
06:52:29,161
06:52:30,163
06:52:31,163
06:52:32,162
06:52:33,161
06:52:34,161
06:52:35,162
06:52:36,161
06:52:37,161
06:52:38,161
06:52:39,161
06:52:40,161
06:52:41,162
06:52:42,162
06:52:43,162
06:52:44,161
06:52:45,164
06:52:46,164
06:52:47,160
06:52:48,162
06:52:49,162
06:52:51,164
06:52:52,162
06:52:53,162
06:52:54,163
06:52:55,163
06:52:56,163
06:52:57,163
06:52:58,161
06:52:59,161
06:53:00,161
06:53:01,160
06:53:02,160
06:53:03,159
06:53:04,160
06:53:05,160
06:53:06,162
06:53:07,161
06:53:08,161
06:53:09,162
06:53:10,162
06:53:11,162
06:53:12,162
06:53:13,162
06:53:14,161
06:53:15,161
06:53:16,161
06:53:17,156
06:53:18,156
06:53:19,163
06:53:20,164
06:53:21,164
06:53:22,163
06:53:23,163
06:53:24,163
06:53:25,165
06:53:26,164
06:53:27,164
06:53:28,161
06:53:29,162
06:53:30,162
06:53:31,162
06:53:32,163
06:53:33,163
06:53:34,163
06:53:35,162
06:53:36,162
06:53:37,162
06:53:38,163
06:53:39,163
06:53:40,163
06:53:41,160
06:53:42,160
06:53:43,160
06:53:44,160
06:53:45,160
06:53:46,163
06:53:47,161
06:53:48,161
06:53:49,160
06:53:50,162
06:53:51,162
06:53:52,163
06:53:53,162
06:53:54,161
06:53:55,161
06:53:56,162
06:53:57,162
06:53:58,162
06:53:59,162
06:54:00,163
06:54:01,163
06:54:02,163
06:54:03,160
06:54:04,160
06:54:05,160
06:54:06,162
06:54:07,162
06:54:08,161
06:54:09,161
06:54:10,161
06:54:11,159
06:54:12,160
06:54:14,160
06:54:15,161
06:54:16,162
06:54:17,162
06:54:18,162
06:54:19,162
06:54:20,162
06:54:21,159
06:54:22,160
06:54:23,160
06:54:24,160
06:54:25,162
06:54:26,162
06:54:27,162
06:54:28,160
06:54:29,160
06:54:30,160
06:54:31,161
06:54:32,161
06:54:33,159
06:54:34,156
06:54:35,156
06:54:36,161
06:54:37,163
06:54:38,163
06:54:39,162
06:54:40,159
06:54:41,160
06:54:42,160
06:54:43,161
06:54:44,162
06:54:45,162
06:54:46,162
06:54:47,162
06:54:48,162
06:54:49,161
06:54:50,162
06:54:51,162
06:54:52,161
06:54:53,161
06:54:54,161
06:54:55,161
06:54:56,161
06:54:57,161
06:54:58,161
06:54:59,161
06:55:00,161
06:55:01,162
06:55:02,163
06:55:03,163
06:55:04,162
06:55:05,160
06:55:06,160
06:55:07,160
06:55:08,161
06:55:09,161
06:55:10,159
06:55:11,162
06:55:12,162
06:55:13,162
06:55:14,161
06:55:15,161
06:55:16,160
06:55:17,162
06:55:18,162
06:55:19,162
06:55:20,163
06:55:21,163
06:55:22,161
06:55:23,164
06:55:24,164
06:55:25,160
06:55:26,159
06:55:27,161
06:55:28,161
06:55:29,162
06:55:30,162
06:55:31,162
06:55:32,161
06:55:33,160
06:55:34,160
06:55:35,159
06:55:36,161
06:55:37,161
06:55:38,160
06:55:39,162
06:55:40,162
06:55:41,159
06:55:42,161
06:55:44,161
06:55:45,160
06:55:46,163
06:55:47,163
06:55:48,157
06:55:49,162
06:55:50,162
06:55:51,161
06:55:52,164
06:55:53,164
06:55:54,165
06:55:55,162
06:55:56,162
06:55:57,163
06:55:58,163
06:55:59,163
06:56:00,160
06:56:01,160
06:56:02,160
06:56:03,164
06:56:04,163
06:56:05,163
06:56:06,164
06:56:07,163
06:56:08,163
06:56:09,162
06:56:10,163
06:56:11,163
06:56:12,161
06:56:13,162
06:56:14,161
06:56:15,161
06:56:16,161
06:56:17,163
06:56:18,163
06:56:19,161
06:56:20,161
06:56:21,161
06:56:22,162
06:56:23,160
06:56:24,160
06:56:25,161
06:56:26,163
06:56:27,163
06:56:28,163
06:56:29,163
06:56:30,163
06:56:31,163
06:56:32,161
06:56:33,161
06:56:34,162
06:56:35,161
06:56:36,161
06:56:37,161
06:56:38,160
06:56:39,160
06:56:40,159
06:56:41,161
06:56:42,161
06:56:43,160
06:56:44,159
06:56:45,159
06:56:46,160
06:56:47,161
06:56:48,161
06:56:49,161
06:56:50,161
06:56:51,161
06:56:52,161
06:56:53,162
06:56:54,162
06:56:55,159
06:56:56,163
06:56:57,163
06:56:58,156
06:56:59,164
06:57:00,161
06:57:01,161
06:57:02,163
06:57:03,164
06:57:04,164
06:57:05,163
06:57:06,159
06:57:07,159
06:57:08,161
06:57:09,162
06:57:10,162
06:57:11,162
06:57:12,161
06:57:13,161
06:57:15,161
06:57:16,160
06:57:17,160
06:57:18,161
06:57:19,164
06:57:20,164
06:57:21,160
06:57:22,161
06:57:23,161
06:57:24,161
06:57:25,160
06:57:26,160
06:57:27,161
06:57:28,162
06:57:29,162
06:57:30,161
06:57:31,159
06:57:32,159
06:57:33,163
06:57:34,161
06:57:35,161
06:57:36,161
06:57:37,163
06:57:38,163
06:57:39,161
06:57:40,160
06:57:41,160
06:57:42,162
06:57:43,161
06:57:44,161
06:57:45,160
06:57:46,162
06:57:47,162
06:57:48,163
06:57:49,161
06:57:50,160
06:57:51,160
06:57:52,162
06:57:53,160
06:57:54,160
06:57:55,161
06:57:56,163
06:57:57,163
06:57:58,161
06:57:59,164
06:58:00,164
06:58:01,160
06:58:02,159
06:58:03,159
06:58:04,162
06:58:05,164
06:58:06,164
06:58:07,162
06:58:08,161
06:58:09,161
06:58:10,159
06:58:11,162
06:58:12,162
06:58:13,161
06:58:14,160
06:58:15,160
06:58:16,162
06:58:17,161
06:58:18,161
06:58:19,154
06:58:20,163
06:58:21,163
06:58:22,161
06:58:23,162
06:58:24,162
06:58:25,163
06:58:26,163
06:58:27,163
06:58:28,163
06:58:29,162
06:58:30,162
06:58:31,161
06:58:32,163
06:58:33,163
06:58:34,161
06:58:35,162
06:58:36,162
06:58:37,162
06:58:38,162
06:58:39,161
06:58:40,161
06:58:41,162
06:58:42,163
06:58:43,163
06:58:45,163
06:58:46,161
06:58:47,161
06:58:48,161
06:58:49,163
06:58:50,163
06:58:51,161
06:58:52,163
06:58:53,163
06:58:54,161
06:58:55,163
06:58:56,163
06:58:57,165
06:58:58,163
06:58:59,163
06:59:00,160
06:59:01,161
06:59:02,161
06:59:03,161
06:59:04,163
06:59:05,163
06:59:06,161
06:59:07,160
06:59:08,160
06:59:09,160
06:59:10,162
06:59:11,162
06:59:12,161
06:59:13,160
06:59:14,163
06:59:15,163
06:59:16,159
06:59:17,161
06:59:18,161
06:59:19,163
06:59:20,163
06:59:21,163
06:59:22,162
06:59:23,161
06:59:24,161
06:59:25,162
06:59:26,159
06:59:27,159
06:59:28,158
06:59:29,160
06:59:30,160
06:59:31,161
06:59:32,162
06:59:33,162
06:59:34,163
06:59:35,163
06:59:36,163
06:59:37,163
06:59:38,164
06:59:39,164
06:59:40,163
06:59:41,161
06:59:42,161
06:59:43,162
06:59:44,163
06:59:45,163
06:59:46,161
06:59:47,161
06:59:48,161
06:59:49,161
06:59:50,163
06:59:51,163
06:59:52,163
06:59:53,160
06:59:54,160
06:59:55,163
06:59:56,162
06:59:57,162
06:59:58,162
06:59:59,162
07:00:00,162
07:00:01,162
07:00:02,163
07:00:03,162
07:00:04,162
07:00:06,162
07:00:07,160
07:00:08,160
07:00:09,162
07:00:10,162
07:00:11,162
07:00:12,159
07:00:13,163
07:00:14,163
07:00:15,160
07:00:16,159
07:00:17,159
07:00:18,160
07:00:19,162
07:00:20,162
07:00:21,162
07:00:22,162
07:00:23,162
07:00:24,162
07:00:25,163
07:00:26,163
07:00:27,161
07:00:28,162
07:00:29,162
07:00:30,162
07:00:31,162
07:00:32,162
07:00:33,162
07:00:34,164
07:00:35,164
07:00:36,164
07:00:37,164
07:00:38,164
07:00:39,162
07:00:40,163
07:00:41,163
07:00:42,156
07:00:43,162
07:00:44,162
07:00:45,162
07:00:46,162
07:00:47,161
07:00:48,161
07:00:49,162
07:00:50,162
07:00:51,162
07:00:52,163
07:00:53,163
07:00:54,163
07:00:55,161
07:00:56,161
07:00:57,161
07:00:58,162
07:00:59,161
07:01:00,161
07:01:01,162
07:01:02,161
07:01:03,161
07:01:04,163
07:01:05,163
07:01:06,163
07:01:07,163
07:01:08,164
07:01:09,164
07:01:10,163
07:01:11,162
07:01:12,162
07:01:13,163
07:01:14,161
07:01:15,161
07:01:16,161
07:01:17,160
07:01:18,160
07:01:19,163
07:01:20,163
07:01:21,163
07:01:22,163
07:01:23,162
07:01:24,162
07:01:25,163
07:01:26,163
07:01:27,163
07:01:28,160
07:01:29,161
07:01:30,161
07:01:31,162
07:01:32,161
07:01:33,161
07:01:34,161
07:01:36,162
07:01:37,159
07:01:38,159
07:01:39,159
07:01:40,163
07:01:41,163
07:01:42,163
07:01:43,161
07:01:44,161
07:01:45,162
07:01:46,161
07:01:47,161
07:01:48,159
07:01:49,159
07:01:50,159
07:01:51,160
07:01:52,162
07:01:53,162
07:01:54,164
07:01:55,163
07:01:56,163
07:01:57,163
07:01:58,160
07:01:59,160
07:02:00,162
07:02:01,161
07:02:02,161
07:02:03,160
07:02:04,162
07:02:05,162
07:02:06,162
07:02:07,164
07:02:08,164
07:02:09,162
07:02:10,163
07:02:11,163
07:02:12,165
07:02:13,163
07:02:14,163
07:02:15,163
07:02:16,164
07:02:17,164
07:02:18,162
07:02:19,162
07:02:20,160
07:02:21,160
07:02:22,161
07:02:23,161
07:02:24,161
07:02:25,163
07:02:26,162
07:02:27,162
07:02:28,163
07:02:29,163
07:02:30,163
07:02:31,161
07:02:32,161
07:02:33,161
07:02:34,163
07:02:35,161
07:02:36,161
07:02:37,161
07:02:38,162
07:02:39,162
07:02:40,161
07:02:41,159
07:02:42,159
07:02:43,161
07:02:44,162
07:02:45,162
07:02:46,161
07:02:47,163
07:02:48,163
07:02:49,162
07:02:50,164
07:02:51,164
07:02:52,160
07:02:53,160
07:02:54,160
07:02:55,163
07:02:56,161
07:02:57,161
07:02:58,158
07:02:59,159
07:03:00,159
07:03:01,160
07:03:02,162
07:03:03,162
07:03:05,160
07:03:06,161
07:03:07,161
07:03:08,162
07:03:09,163
07:03:10,162
07:03:11,162
07:03:12,161
07:03:13,160
07:03:14,160
07:03:15,162
07:03:16,164
07:03:17,164
07:03:18,164
07:03:19,163
07:03:20,163
07:03:21,162
07:03:22,162
07:03:23,162
07:03:24,161
07:03:25,163
07:03:26,163
07:03:27,160
07:03:28,163
07:03:29,163
07:03:30,162
07:03:31,162
07:03:32,162
07:03:33,162
07:03:34,162
07:03:35,162
07:03:36,161
07:03:37,163
07:03:38,163
07:03:39,161
07:03:40,160
07:03:41,160
07:03:42,162
07:03:43,161
07:03:44,161
07:03:45,161
07:03:46,158
07:03:47,159
07:03:48,159
07:03:49,163
07:03:50,160
07:03:51,160
07:03:52,160
07:03:53,160
07:03:54,160
07:03:55,164
07:03:56,161
07:03:57,161
07:03:58,162
07:03:59,160
07:04:00,160
07:04:01,158
07:04:02,160
07:04:03,160
07:04:04,161
07:04:05,160
07:04:06,160
07:04:07,160
07:04:08,160
07:04:09,160
07:04:10,163
07:04:11,162
07:04:12,162
07:04:13,162
07:04:14,162
07:04:15,162
07:04:16,162
07:04:17,162
07:04:18,162
07:04:19,163
07:04:20,162
07:04:21,162
07:04:22,161
07:04:23,165
07:04:24,165
07:04:25,163
07:04:26,160
07:04:28,160
07:04:29,161
07:04:30,164
07:04:31,164
07:04:32,163
07:04:33,162
07:04:34,162
07:04:35,162
07:04:36,161
07:04:37,160
07:04:38,160
07:04:39,159
07:04:40,163
07:04:41,163
07:04:42,163
07:04:43,163
07:04:44,163
07:04:45,161
07:04:46,161
07:04:47,161
07:04:48,162
07:04:49,163
07:04:50,163
07:04:51,160
07:04:52,159
07:04:53,159
07:04:54,160
07:04:55,163
07:04:56,163
07:04:57,162
07:04:58,160
07:04:59,160
07:05:00,159
07:05:01,158
07:05:02,158
07:05:03,159
07:05:04,161
07:05:05,161
07:05:06,162
07:05:07,160
07:05:08,160
07:05:09,161
07:05:10,162
07:05:11,162
07:05:12,161
07:05:13,161
07:05:14,161
07:05:15,162
07:05:16,162
07:05:17,162
07:05:18,163
07:05:19,161
07:05:20,161
07:05:21,161
07:05:22,162
07:05:23,163
07:05:24,163
07:05:25,163
07:05:26,163
07:05:27,163
07:05:28,164
07:05:29,162
07:05:30,162
07:05:31,163
07:05:32,162
07:05:33,162
07:05:34,162
07:05:35,162
07:05:36,162
07:05:37,162
07:05:38,160
07:05:39,160
07:05:40,164
07:05:41,161
07:05:42,161
07:05:43,162
07:05:44,159
07:05:45,159
07:05:46,160
07:05:47,163
07:05:48,163
07:05:49,164
07:05:50,167
07:05:51,167
07:05:52,161
07:05:53,160
07:05:54,160
07:05:55,161
07:05:56,162
07:05:58,162
07:05:59,161
07:06:00,159
07:06:01,159
07:06:02,161
07:06:03,160
07:06:04,160
07:06:05,162
07:06:06,161
07:06:07,161
07:06:08,160
07:06:09,160
07:06:10,161
07:06:11,161
07:06:12,157
07:06:13,161
07:06:14,161
07:06:15,162
07:06:16,163
07:06:17,163
07:06:18,160
07:06:19,161
07:06:20,161
07:06:21,163
07:06:22,162
07:06:23,162
07:06:24,160
07:06:25,163
07:06:26,163
07:06:27,161
07:06:28,162
07:06:29,162
07:06:30,162
07:06:31,161
07:06:32,161
07:06:33,164
07:06:34,164
07:06:35,164
07:06:36,163
07:06:37,162
07:06:38,162
07:06:39,160
07:06:40,164
07:06:41,164
07:06:42,164
07:06:43,163
07:06:44,163
07:06:45,162
07:06:46,160
07:06:47,160
07:06:48,161
07:06:49,163
07:06:50,163
07:06:51,162
07:06:52,161
07:06:53,161
07:06:54,164
07:06:55,162
07:06:56,161
07:06:57,161
07:06:58,162
07:06:59,161
07:07:00,161
07:07:01,164
07:07:02,161
07:07:03,161
07:07:04,161
07:07:05,161
07:07:06,161
07:07:07,162
07:07:08,161
07:07:09,161
07:07:10,160
07:07:11,160
07:07:12,160
07:07:13,161
07:07:14,163
07:07:15,163
07:07:16,162
07:07:17,161
07:07:18,161
07:07:19,162
07:07:20,161
07:07:21,161
07:07:22,163
07:07:23,163
07:07:24,163
07:07:25,161
07:07:26,162
07:07:28,162
07:07:29,161
07:07:30,160
07:07:31,160
07:07:32,160
07:07:33,159
07:07:34,159
07:07:35,160
07:07:36,162
07:07:37,162
07:07:38,160
07:07:39,161
07:07:40,161
07:07:41,159
07:07:42,163
07:07:43,163
07:07:44,162
07:07:45,162
07:07:46,161
07:07:47,161
07:07:48,161
07:07:49,162
07:07:50,162
07:07:51,161
07:07:52,160
07:07:53,160
07:07:54,162
07:07:55,163
07:07:56,163
07:07:57,162
07:07:58,161
07:07:59,161
07:08:00,161
07:08:01,163
07:08:02,163
07:08:03,160
07:08:04,160
07:08:05,160
07:08:06,163
07:08:07,162
07:08:08,162
07:08:09,162
07:08:10,164
07:08:11,164
07:08:12,162
07:08:13,160
07:08:14,160
07:08:15,164
07:08:16,160
07:08:17,160
07:08:18,161
07:08:19,160
07:08:20,160
07:08:21,164
07:08:22,162
07:08:23,162
07:08:24,161
07:08:25,162
07:08:26,162
07:08:27,160
07:08:28,161
07:08:29,161
07:08:30,159
07:08:31,161
07:08:32,161
07:08:33,161
07:08:34,161
07:08:35,164
07:08:36,164
07:08:37,158
07:08:38,163
07:08:39,163
07:08:40,159
07:08:41,160
07:08:42,160
07:08:43,161
07:08:44,158
07:08:45,158
07:08:46,162
07:08:48,161
07:08:49,161
07:08:50,162
07:08:51,161
07:08:52,161
07:08:53,162
07:08:54,162
07:08:55,162
07:08:56,162
07:08:57,160
07:08:58,160
07:08:59,162
07:09:00,162
07:09:01,162
07:09:02,163
07:09:03,163
07:09:04,163
07:09:05,162
07:09:06,162
07:09:07,163
07:09:08,163
07:09:09,162
07:09:10,162
07:09:11,162
07:09:12,160
07:09:13,161
07:09:14,161
07:09:15,162
07:09:16,161
07:09:17,161
07:09:18,162
07:09:19,162
07:09:20,162
07:09:21,160
07:09:22,163
07:09:23,163
07:09:24,160
07:09:25,163
07:09:26,163
07:09:27,161
07:09:28,163
07:09:29,163
07:09:30,162
07:09:31,161
07:09:32,161
07:09:33,162
07:09:34,163
07:09:35,163
07:09:36,162
07:09:37,159
07:09:38,159
07:09:39,161
07:09:40,163
07:09:41,163
07:09:42,164
07:09:43,161
07:09:44,161
07:09:45,161
07:09:46,160
07:09:47,160
07:09:48,162
07:09:49,163
07:09:50,163
07:09:51,165
07:09:52,164
07:09:53,160
07:09:54,160
07:09:55,160
07:09:56,160
07:09:57,160
07:09:58,162
07:09:59,163
07:10:00,163
07:10:01,161
07:10:02,162
07:10:03,162
07:10:04,164
07:10:05,161
07:10:06,161
07:10:07,164
07:10:08,160
07:10:09,160
07:10:10,161
07:10:11,160
07:10:12,160
07:10:13,163
07:10:14,162
07:10:15,162
07:10:16,161
07:10:17,160
07:10:19,160
07:10:20,162
07:10:21,160
07:10:22,160
07:10:23,162
07:10:24,160
07:10:25,160
07:10:26,165
07:10:27,162
07:10:28,162
07:10:29,163
07:10:30,160
07:10:31,160
07:10:32,162
07:10:33,161
07:10:34,161
07:10:35,163
07:10:36,164
07:10:37,164
07:10:38,161
07:10:39,162
07:10:40,162
07:10:41,162
07:10:42,162
07:10:43,162
07:10:44,162
07:10:45,162
07:10:46,159
07:10:47,159
07:10:48,159
07:10:49,160
07:10:50,160
07:10:51,159
07:10:52,160
07:10:53,160
07:10:54,160
07:10:55,161
07:10:56,161
07:10:57,161
07:10:58,161
07:10:59,161
07:11:00,161
07:11:01,160
07:11:02,160
07:11:03,161
07:11:04,159
07:11:05,159
07:11:06,161
07:11:07,161
07:11:08,161
07:11:09,159
07:11:10,159
07:11:11,159
07:11:12,161
07:11:13,162
07:11:14,162
07:11:15,163
07:11:16,163
07:11:17,163
07:11:18,162
07:11:19,162
07:11:20,162
07:11:21,163
07:11:22,162
07:11:23,162
07:11:24,163
07:11:25,162
07:11:26,162
07:11:27,159
07:11:28,161
07:11:29,161
07:11:30,161
07:11:31,160
07:11:32,161
07:11:33,161
07:11:34,161
07:11:35,164
07:11:36,164
07:11:37,163
07:11:38,163
07:11:39,163
07:11:40,161
07:11:41,160
07:11:42,160
07:11:43,161
07:11:44,161
07:11:45,161
07:11:46,163
07:11:48,163
07:11:49,163
07:11:50,161
07:11:51,161
07:11:52,161
07:11:53,160
07:11:54,164
07:11:55,164
07:11:56,163
07:11:57,161
07:11:58,161
07:11:59,161
07:12:00,162
07:12:01,162
07:12:02,161
07:12:03,160
07:12:04,160
07:12:05,159
07:12:06,163
07:12:07,163
07:12:08,163
07:12:09,163
07:12:10,163
07:12:11,160
07:12:12,161
07:12:13,161
07:12:14,159
07:12:15,162
07:12:16,160
07:12:17,160
07:12:18,155
07:12:19,163
07:12:20,163
07:12:21,163
07:12:22,163
07:12:23,163
07:12:24,161
07:12:25,162
07:12:26,162
07:12:27,162
07:12:28,160
07:12:29,160
07:12:30,161
07:12:31,160
07:12:32,160
07:12:33,160
07:12:34,161
07:12:35,161
07:12:36,162
07:12:37,162
07:12:38,162
07:12:39,161
07:12:40,163
07:12:41,163
07:12:42,164
07:12:43,161
07:12:44,161
07:12:45,161
07:12:46,161
07:12:47,161
07:12:48,159
07:12:49,162
07:12:50,162
07:12:51,162
07:12:52,161
07:12:53,161
07:12:54,160
07:12:55,162
07:12:56,162
07:12:57,162
07:12:58,160
07:12:59,160
07:13:00,162
07:13:01,161
07:13:02,161
07:13:03,161
07:13:04,162
07:13:05,161
07:13:06,161
07:13:07,162
07:13:08,162
07:13:09,162
07:13:10,161
07:13:11,160
07:13:12,160
07:13:13,160
07:13:14,163
07:13:15,163
07:13:16,162
07:13:17,161
07:13:19,161
07:13:20,160
07:13:21,160
07:13:22,160
07:13:23,162
07:13:24,158
07:13:25,158
07:13:26,163
07:13:27,164
07:13:28,164
07:13:29,161
07:13:30,163
07:13:31,163
07:13:32,162
07:13:33,162
07:13:34,162
07:13:35,162
07:13:36,162
07:13:37,162
07:13:38,163
07:13:39,162
07:13:40,162
07:13:41,160
07:13:42,161
07:13:43,161
07:13:44,161
07:13:45,163
07:13:46,163
07:13:47,163
07:13:48,164
07:13:49,162
07:13:50,162
07:13:51,162
07:13:52,161
07:13:53,161
07:13:54,160
07:13:55,160
07:13:56,160
07:13:57,162
07:13:58,164
07:13:59,164
07:14:00,163
07:14:01,165
07:14:02,165
07:14:03,161
07:14:04,163
07:14:05,163
07:14:06,163
07:14:07,164
07:14:08,164
07:14:09,163
07:14:10,159
07:14:11,159
07:14:12,162
07:14:13,163
07:14:14,163
07:14:15,161
07:14:16,161
07:14:17,161
07:14:18,162
07:14:19,160
07:14:20,160
07:14:21,161
07:14:22,161
07:14:23,161
07:14:24,162
07:14:25,161
07:14:26,161
07:14:27,159
07:14:28,161
07:14:29,160
07:14:30,160
07:14:31,156
07:14:32,163
07:14:33,163
07:14:34,161
07:14:35,160
07:14:36,160
07:14:37,162
07:14:39,162
07:14:40,162
07:14:41,163
07:14:42,162
07:14:43,162
07:14:44,162
07:14:45,162
07:14:46,162
07:14:47,161
07:14:48,162
07:14:49,162
07:14:50,162
07:14:51,162
07:14:52,162
07:14:53,162
07:14:54,161
07:14:55,161
07:14:56,161
07:14:57,160
07:14:58,160
07:14:59,160
07:15:00,162
07:15:01,162
07:15:02,161
07:15:03,159
07:15:04,159
07:15:05,162
07:15:06,162
07:15:07,162
07:15:08,164
07:15:09,162
07:15:10,162
07:15:11,161
07:15:12,164
07:15:13,164
07:15:14,161
07:15:15,161
07:15:16,161
07:15:17,161
07:15:18,161
07:15:19,162
07:15:20,162
07:15:21,161
07:15:22,160
07:15:23,160
07:15:24,161
07:15:25,162
07:15:26,162
07:15:27,162
07:15:28,160
07:15:29,160
07:15:30,161
07:15:31,160
07:15:32,160
07:15:33,162
07:15:34,161
07:15:35,161
07:15:36,162
07:15:37,160
07:15:38,160
07:15:39,159
07:15:40,162
07:15:41,162
07:15:42,163
07:15:43,160
07:15:44,160
07:15:45,165
07:15:46,163
07:15:47,163
07:15:48,164
07:15:49,162
07:15:50,162
07:15:51,162
07:15:52,165
07:15:53,165
07:15:54,164
07:15:55,161
07:15:56,161
07:15:57,162
07:15:58,163
07:15:59,163
07:16:00,162
07:16:01,164
07:16:02,163
07:16:03,163
07:16:04,160
07:16:05,162
07:16:06,162
07:16:07,161
07:16:09,160
07:16:10,160
07:16:11,163
07:16:12,163
07:16:13,163
07:16:14,161
07:16:15,163
07:16:16,163
07:16:17,163
07:16:18,162
07:16:19,162
07:16:20,162
07:16:21,162
07:16:22,162
07:16:23,160
07:16:24,162
07:16:25,162
07:16:26,163
07:16:27,160
07:16:28,160
07:16:29,162
07:16:30,162
07:16:31,162
07:16:32,161
07:16:33,161
07:16:34,161
07:16:35,160
07:16:36,162
07:16:37,162
07:16:38,162
07:16:39,159
07:16:40,159
07:16:41,162
07:16:42,163
07:16:43,163
07:16:44,161
07:16:45,163
07:16:46,163
07:16:47,161
07:16:48,163
07:16:49,163
07:16:50,163
07:16:51,163
07:16:52,163
07:16:53,163
07:16:54,163
07:16:55,163
07:16:56,163
07:16:57,163
07:16:58,162
07:16:59,162
07:17:00,161
07:17:01,163
07:17:02,163
07:17:03,161
07:17:04,161
07:17:05,161
07:17:06,161
07:17:07,161
07:17:08,161
07:17:09,160
07:17:10,162
07:17:11,162
07:17:12,162
07:17:13,163
07:17:14,163
07:17:15,161
07:17:16,160
07:17:17,160
07:17:18,162
07:17:19,163
07:17:20,163
07:17:21,162
07:17:22,160
07:17:23,160
07:17:24,162
07:17:25,161
07:17:26,161
07:17:27,163
07:17:28,164
07:17:29,164
07:17:30,161
07:17:31,164
07:17:32,164
07:17:33,162
07:17:34,160
07:17:35,161
07:17:36,161
07:17:37,162
07:17:39,163
07:17:40,163
07:17:41,161
07:17:42,161
07:17:43,161
07:17:44,162
07:17:45,160
07:17:46,160
07:17:47,161
07:17:48,160
07:17:49,160
07:17:50,160
07:17:51,163
07:17:52,163
07:17:53,160
07:17:54,160
07:17:55,160
07:17:56,161
07:17:57,161
07:17:58,161
07:17:59,157
07:18:00,163
07:18:01,163
07:18:02,161
07:18:03,162
07:18:04,162
07:18:05,162
07:18:06,162
07:18:07,162
07:18:08,163
07:18:09,163
07:18:10,163
07:18:11,160
07:18:12,162
07:18:13,162
07:18:14,162
07:18:15,160
07:18:16,160
07:18:17,162
07:18:18,163
07:18:19,163
07:18:20,162
07:18:21,158
07:18:22,158
07:18:23,159
07:18:24,161
07:18:25,161
07:18:26,161
07:18:27,160
07:18:28,161
07:18:29,161
07:18:30,161
07:18:31,162
07:18:32,162
07:18:33,163
07:18:34,161
07:18:35,161
07:18:36,161
07:18:37,162
07:18:38,162
07:18:39,164
07:18:40,161
07:18:41,161
07:18:42,162
07:18:43,163
07:18:44,163
07:18:45,161
07:18:46,161
07:18:47,161
07:18:48,159
07:18:49,162
07:18:50,162
07:18:51,162
07:18:52,159
07:18:53,159
07:18:54,160
07:18:55,159
07:18:56,159
07:18:57,160
07:18:58,162
07:19:00,162
07:19:01,160
07:19:02,160
07:19:03,161
07:19:04,161
07:19:05,161
07:19:06,162
07:19:07,162
07:19:08,161
07:19:09,162
07:19:10,162
07:19:11,158
07:19:12,161
07:19:13,161
07:19:14,163
07:19:15,162
07:19:16,162
07:19:17,162
07:19:18,164
07:19:19,164
07:19:20,164
07:19:21,163
07:19:22,163
07:19:23,160
07:19:24,161
07:19:25,161
07:19:26,163
07:19:27,163
07:19:28,163
07:19:29,161
07:19:30,163
07:19:31,163
07:19:32,162
07:19:33,162
07:19:34,162
07:19:35,159
07:19:36,161
07:19:37,161
07:19:38,164
07:19:39,165
07:19:40,165
07:19:41,165
07:19:42,161
07:19:43,161
07:19:44,161
07:19:45,164
07:19:46,164
07:19:47,165
07:19:48,162
07:19:49,161
07:19:50,161
07:19:51,164
07:19:52,161
07:19:53,161
07:19:54,161
07:19:55,165
07:19:56,165
07:19:57,162
07:19:58,160
07:19:59,160
07:20:00,161
07:20:01,160
07:20:02,160
07:20:03,161
07:20:04,163
07:20:05,163
07:20:06,162
07:20:07,161
07:20:08,161
07:20:09,162
07:20:10,162
07:20:11,162
07:20:12,160
07:20:13,158
07:20:14,158
07:20:15,161
07:20:16,161
07:20:17,161
07:20:18,163
07:20:19,163
07:20:20,163
07:20:21,161
07:20:22,160
07:20:23,160
07:20:24,161
07:20:25,164
07:20:26,164
07:20:27,164
07:20:28,161
07:20:30,161
07:20:31,163
07:20:32,162
07:20:33,162
07:20:34,162
07:20:35,162
07:20:36,163
07:20:37,163
07:20:38,164
07:20:39,164
07:20:40,164
07:20:41,162
07:20:42,161
07:20:43,161
07:20:44,162
07:20:45,162
07:20:46,162
07:20:47,164
07:20:48,162
07:20:49,162
07:20:50,163
07:20:51,161
07:20:52,161
07:20:53,162
07:20:54,162
07:20:55,162
07:20:56,162
07:20:57,163
07:20:58,163
07:20:59,163
07:21:00,160
07:21:01,160
07:21:02,159
07:21:03,163
07:21:04,163
07:21:05,162
07:21:06,162
07:21:07,162
07:21:08,163
07:21:09,164
07:21:10,164
07:21:11,160
07:21:12,162
07:21:13,162
07:21:14,159
07:21:15,161
07:21:16,161
07:21:17,161
07:21:18,159
07:21:19,159
07:21:20,162
07:21:21,159
07:21:22,162
07:21:23,162
07:21:24,162
07:21:25,161
07:21:26,161
07:21:27,161
07:21:28,156
07:21:29,156
07:21:30,162
07:21:31,162
07:21:32,162
07:21:33,163
07:21:34,162
07:21:35,162
07:21:36,161
07:21:37,161
07:21:38,161
07:21:39,161
07:21:40,162
07:21:41,162
07:21:42,163
07:21:43,163
07:21:44,163
07:21:45,162
07:21:46,161
07:21:47,161
07:21:48,161
07:21:49,161
07:21:50,161
07:21:51,162
07:21:52,161
07:21:53,161
07:21:54,164
07:21:55,162
07:21:56,162
07:21:57,161
07:21:58,163
07:21:59,163
07:22:00,161
07:22:02,161
07:22:03,161
07:22:04,163
07:22:05,164
07:22:06,164
07:22:07,158
07:22:08,160
07:22:09,160
07:22:10,163
07:22:11,162
07:22:12,161
07:22:13,161
07:22:14,163
07:22:15,160
07:22:16,160
07:22:17,162
07:22:18,162
07:22:19,162
07:22:20,161
07:22:21,161
07:22:22,161
07:22:23,161
07:22:24,161
07:22:25,161
07:22:26,160
07:22:27,161
07:22:28,161
07:22:29,159
07:22:30,163
07:22:31,163
07:22:32,162
07:22:33,161
07:22:34,161
07:22:35,161
07:22:36,164
07:22:37,164
07:22:38,155
07:22:39,163
07:22:40,163
07:22:41,164
07:22:42,163
07:22:43,163
07:22:44,163
07:22:45,160
07:22:46,160
07:22:47,162
07:22:48,163
07:22:49,163
07:22:50,162
07:22:51,160
07:22:52,160
07:22:53,161
07:22:54,161
07:22:55,161
07:22:56,159
07:22:57,162
07:22:58,161
07:22:59,161
07:23:00,160
07:23:01,160
07:23:02,160
07:23:03,159
07:23:04,161
07:23:05,161
07:23:06,159
07:23:07,163
07:23:08,163
07:23:09,162
07:23:10,160
07:23:11,160
07:23:12,162
07:23:13,162
07:23:14,162
07:23:15,161
07:23:16,163
07:23:17,163
07:23:18,161
07:23:19,160
07:23:20,160
07:23:21,161
07:23:22,161
07:23:23,161
07:23:24,162
07:23:25,162
07:23:26,162
07:23:27,160
07:23:28,160
07:23:29,160
07:23:30,161
07:23:31,162
07:23:32,162
07:23:34,160
07:23:35,159
07:23:36,159
07:23:37,160
07:23:38,159
07:23:39,159
07:23:40,162
07:23:41,159
07:23:42,159
07:23:43,159
07:23:44,158
07:23:45,158
07:23:46,163
07:23:47,163
07:23:48,158
07:23:49,158
07:23:50,163
07:23:51,163
07:23:52,163
07:23:53,163
07:23:54,163
07:23:55,163
07:23:56,162
07:23:57,161
07:23:58,161
07:23:59,161
07:24:00,162
07:24:01,162
07:24:02,162
07:24:03,163
07:24:04,163
07:24:05,161
07:24:06,161
07:24:07,161
07:24:08,162
07:24:09,164
07:24:10,164
07:24:11,160
07:24:12,162
07:24:13,162
07:24:14,161
07:24:15,162
07:24:16,162
07:24:17,161
07:24:18,163
07:24:19,163
07:24:20,162
07:24:21,157
07:24:22,157
07:24:23,160
07:24:24,164
07:24:25,164
07:24:26,164
07:24:27,162
07:24:28,162
07:24:29,163
07:24:30,164
07:24:31,164
07:24:32,160
07:24:33,161
07:24:34,162
07:24:35,162
07:24:36,160
07:24:37,161
07:24:38,161
07:24:39,160
07:24:40,160
07:24:41,160
07:24:42,161
07:24:43,161
07:24:44,161
07:24:45,163
07:24:46,159
07:24:47,159
07:24:48,158
07:24:49,162
07:24:50,162
07:24:51,160
07:24:52,158
07:24:53,158
07:24:54,159
07:24:55,157
07:24:56,157
07:24:57,162
07:24:58,162
07:24:59,162
07:25:00,162
07:25:01,161
07:25:02,161
07:25:03,162
07:25:05,161
07:25:06,161
07:25:07,162
07:25:08,163
07:25:09,163
07:25:10,163
07:25:11,163
07:25:12,163
07:25:13,162
07:25:14,162
07:25:15,162
07:25:16,162
07:25:17,162
07:25:18,162
07:25:19,163
07:25:20,164
07:25:21,159
07:25:22,159
07:25:23,161
07:25:24,162
07:25:25,162
07:25:26,162
07:25:27,161
07:25:28,161
07:25:29,162
07:25:30,163
07:25:31,163
07:25:32,161
07:25:33,162
07:25:34,162
07:25:35,161
07:25:36,160
07:25:37,160
07:25:38,163
07:25:39,160
07:25:40,160
07:25:41,163
07:25:42,162
07:25:43,162
07:25:44,160
07:25:45,160
07:25:46,160
07:25:47,159
07:25:48,162
07:25:49,162
07:25:50,163
07:25:51,162
07:25:52,162
07:25:53,162
07:25:54,159
07:25:55,159
07:25:56,163
07:25:57,162
07:25:58,162
07:25:59,161
07:26:00,161
07:26:01,161
07:26:02,160
07:26:03,161
07:26:04,161
07:26:05,160
07:26:06,160
07:26:07,161
07:26:08,161
07:26:09,163
07:26:10,163
07:26:11,163
07:26:12,161
07:26:13,161
07:26:14,161
07:26:15,158
07:26:16,161
07:26:17,161
07:26:18,164
07:26:19,162
07:26:20,162
07:26:21,164
07:26:22,162
07:26:23,162
07:26:24,162
07:26:25,162
07:26:26,162
07:26:27,160
07:26:28,163
07:26:29,163
07:26:30,163
07:26:31,162
07:26:32,162
07:26:33,160
07:26:34,163
07:26:36,163
07:26:37,161
07:26:38,161
07:26:39,161
07:26:40,163
07:26:41,161
07:26:42,161
07:26:43,163
07:26:44,161
07:26:45,161
07:26:46,161
07:26:47,161
07:26:48,161
07:26:49,160
07:26:50,163
07:26:51,163
07:26:52,163
07:26:53,162
07:26:54,162
07:26:55,162
07:26:56,161
07:26:57,159
07:26:58,159
07:26:59,162
07:27:00,159
07:27:01,159
07:27:02,159
07:27:03,160
07:27:04,160
07:27:05,162
07:27:06,161
07:27:07,161
07:27:08,160
07:27:09,160
07:27:10,160
07:27:11,161
07:27:12,160
07:27:13,160
07:27:14,160
07:27:15,159
07:27:16,159
07:27:17,161
07:27:18,163
07:27:19,163
07:27:20,157
07:27:21,160
07:27:22,160
07:27:23,163
07:27:24,162
07:27:25,162
07:27:26,162
07:27:27,160
07:27:28,160
07:27:29,162
07:27:30,161
07:27:31,161
07:27:32,161
07:27:33,162
07:27:34,162
07:27:35,161
07:27:36,162
07:27:37,162
07:27:38,163
07:27:39,162
07:27:40,162
07:27:41,160
07:27:42,163
07:27:43,160
07:27:44,160
07:27:45,162
07:27:46,160
07:27:47,160
07:27:48,161
07:27:49,161
07:27:50,161
07:27:51,162
07:27:52,163
07:27:53,163
07:27:54,163
07:27:55,163
07:27:56,163
07:27:57,162
07:27:58,164
07:27:59,164
07:28:00,165
07:28:01,164
07:28:02,164
07:28:03,160
07:28:04,163
07:28:06,163
07:28:07,162
07:28:08,161
07:28:09,161
07:28:10,161
07:28:11,161
07:28:12,161
07:28:13,161
07:28:14,161
07:28:15,161
07:28:16,161
07:28:17,162
07:28:18,162
07:28:19,162
07:28:20,161
07:28:21,161
07:28:22,159
07:28:23,160
07:28:24,160
07:28:25,160
07:28:26,162
07:28:27,162
07:28:28,160
07:28:29,160
07:28:30,160
07:28:31,160
07:28:32,161
07:28:33,156
07:28:34,156
07:28:35,163
07:28:36,161
07:28:37,161
07:28:38,163
07:28:39,162
07:28:40,162
07:28:41,162
07:28:42,160
07:28:43,160
07:28:44,161
07:28:45,163
07:28:46,163
07:28:47,161
07:28:48,160
07:28:49,160
07:28:50,162
07:28:51,162
07:28:52,162
07:28:53,163
07:28:54,159
07:28:55,159
07:28:56,161
07:28:57,161
07:28:58,161
07:28:59,161
07:29:00,162
07:29:01,162
07:29:02,160
07:29:03,162
07:29:04,162
07:29:05,163
07:29:06,160
07:29:07,160
07:29:08,161
07:29:09,161
07:29:10,162
07:29:11,162
07:29:12,161
07:29:13,160
07:29:14,160
07:29:15,162
07:29:16,162
07:29:17,162
07:29:18,161
07:29:19,160
07:29:20,160
07:29:21,160
07:29:22,162
07:29:23,162
07:29:24,161
07:29:25,160
07:29:26,160
07:29:27,160
07:29:28,161
07:29:29,161
07:29:30,160
07:29:32,159
07:29:33,159
07:29:34,161
07:29:35,161
07:29:36,161
07:29:37,160
07:29:38,161
07:29:39,161
07:29:40,162
07:29:41,161
07:29:42,161
07:29:43,159
07:29:44,161
07:29:45,161
07:29:46,163
07:29:47,158
07:29:48,158
07:29:49,161
07:29:50,156
07:29:51,156
07:29:52,160
07:29:53,163
07:29:54,163
07:29:55,163
07:29:56,162
07:29:57,162
07:29:58,165
07:29:59,161
07:30:00,162
07:30:01,162
07:30:02,163
07:30:03,164
07:30:04,164
07:30:05,161
07:30:06,163
07:30:07,163
07:30:08,162
07:30:09,161
07:30:10,161
07:30:11,162
07:30:12,163
07:30:13,163
07:30:14,160
07:30:15,163
07:30:16,163
07:30:17,162
07:30:18,162
07:30:19,162
07:30:20,163
07:30:21,164
07:30:22,164
07:30:23,161
07:30:24,162
07:30:25,162
07:30:26,162
07:30:27,160
07:30:28,160
07:30:29,164
07:30:30,164
07:30:31,164
07:30:32,163
07:30:33,162
07:30:34,162
07:30:35,162
07:30:36,160
07:30:37,160
07:30:38,160
07:30:39,161
07:30:40,161
07:30:41,163
07:30:42,164
07:30:43,164
07:30:44,162
07:30:45,162
07:30:46,161
07:30:47,161
07:30:48,161
07:30:49,162
07:30:50,162
07:30:51,162
07:30:52,161
07:30:53,161
07:30:54,164
07:30:55,160
07:30:56,160
07:30:57,160
07:30:58,161
07:30:59,161
07:31:00,161
07:31:01,161
07:31:03,161
07:31:04,162
07:31:05,163
07:31:06,163
07:31:07,158
07:31:08,162
07:31:09,162
07:31:10,163
07:31:11,164
07:31:12,164
07:31:13,162
07:31:14,162
07:31:15,162
07:31:16,161
07:31:17,163
07:31:18,163
07:31:19,162
07:31:20,162
07:31:21,162
07:31:22,163
07:31:23,161
07:31:24,161
07:31:25,160
07:31:26,161
07:31:27,161
07:31:28,161
07:31:29,163
07:31:30,163
07:31:31,163
07:31:32,161
07:31:33,161
07:31:34,160
07:31:35,161
07:31:36,158
07:31:37,158
07:31:38,161
07:31:39,159
07:31:40,159
07:31:41,160
07:31:42,162
07:31:43,162
07:31:44,162
07:31:45,161
07:31:46,161
07:31:47,159
07:31:48,161
07:31:49,161
07:31:50,161
07:31:51,161
07:31:52,161
07:31:53,161
07:31:54,160
07:31:55,160
07:31:56,162
07:31:57,160
07:31:58,160
07:31:59,162
07:32:00,160
07:32:01,160
07:32:02,163
07:32:03,160
07:32:04,160
07:32:05,161
07:32:06,160
07:32:07,160
07:32:08,163
07:32:09,161
07:32:10,161
07:32:11,163
07:32:12,162
07:32:13,162
07:32:14,156
07:32:15,161
07:32:16,161
07:32:17,161
07:32:18,161
07:32:19,161
07:32:20,158
07:32:21,161
07:32:22,162
07:32:23,162
07:32:24,165
07:32:25,160
07:32:26,160
07:32:27,163
07:32:28,161
07:32:29,161
07:32:30,164
07:32:31,162
07:32:32,162
07:32:33,162
07:32:35,162
07:32:36,162
07:32:37,162
07:32:38,164
07:32:39,164
07:32:40,164
07:32:41,163
07:32:42,163
07:32:43,161
07:32:44,160
07:32:45,160
07:32:46,163
07:32:47,161
07:32:48,161
07:32:49,162
07:32:50,163
07:32:51,163
07:32:52,163
07:32:53,160
07:32:54,160
07:32:55,163
07:32:56,162
07:32:57,162
07:32:58,159
07:32:59,162
07:33:00,162
07:33:01,163
07:33:02,162
07:33:03,162
07:33:04,160
07:33:05,162
07:33:06,162
07:33:07,160
07:33:08,161
07:33:09,161
07:33:10,162
07:33:11,164
07:33:12,158
07:33:13,158
07:33:14,160
07:33:15,160
07:33:16,160
07:33:17,162
07:33:18,161
07:33:19,161
07:33:20,162
07:33:21,162
07:33:22,162
07:33:23,164
07:33:24,159
07:33:25,159
07:33:26,162
07:33:27,163
07:33:28,163
07:33:29,162
07:33:30,161
07:33:31,161
07:33:32,162
07:33:33,158
07:33:34,158
07:33:35,164
07:33:36,163
07:33:37,163
07:33:38,162
07:33:39,161
07:33:40,161
07:33:41,164
07:33:42,161
07:33:43,161
07:33:44,161
07:33:45,160
07:33:46,160
07:33:47,159
07:33:48,163
07:33:49,163
07:33:50,162
07:33:51,161
07:33:52,161
07:33:53,161
07:33:54,162
07:33:55,162
07:33:56,161
07:33:57,163
07:33:58,161
07:33:59,161
07:34:00,161
07:34:01,162
07:34:02,162
07:34:03,162
07:34:04,160
07:34:05,160
07:34:07,163
07:34:08,160
07:34:09,160
07:34:10,164
07:34:11,163
07:34:12,163
07:34:13,162
07:34:14,162
07:34:15,162
07:34:16,161
07:34:17,161
07:34:18,161
07:34:19,163
07:34:20,162
07:34:21,162
07:34:22,164
07:34:23,162
07:34:24,162
07:34:25,162
07:34:26,160
07:34:27,160
07:34:28,160
07:34:29,164
07:34:30,164
07:34:31,164
07:34:32,160
07:34:33,160
07:34:34,165
07:34:35,162
07:34:36,162
07:34:37,162
07:34:38,162
07:34:39,162
07:34:40,160
07:34:41,161
07:34:42,161
07:34:43,162
07:34:44,152
07:34:45,152
07:34:46,161
07:34:47,163
07:34:48,162
07:34:49,162
07:34:50,163
07:34:51,161
07:34:52,161
07:34:53,164
07:34:54,163
07:34:55,163
07:34:56,161
07:34:57,164
07:34:58,164
07:34:59,160
07:35:00,161
07:35:01,161
07:35:02,162
07:35:03,159
07:35:04,159
07:35:05,161
07:35:06,162
07:35:07,162
07:35:08,165
07:35:09,163
07:35:10,163
07:35:11,162
07:35:12,162
07:35:13,162
07:35:14,161
07:35:15,163
07:35:16,163
07:35:17,159
07:35:18,163
07:35:19,163
07:35:20,160
07:35:21,161
07:35:22,161
07:35:23,161
07:35:24,161
07:35:25,161
07:35:26,162
07:35:27,163
07:35:28,163
07:35:29,163
07:35:30,161
07:35:31,161
07:35:32,161
07:35:33,163
07:35:34,162
07:35:35,162
07:35:36,158
07:35:38,160
07:35:39,160
07:35:40,161
07:35:41,162
07:35:42,162
07:35:43,162
07:35:44,161
07:35:45,161
07:35:46,158
07:35:47,161
07:35:48,161
07:35:49,161
07:35:50,162
07:35:51,162
07:35:52,162
07:35:53,154
07:35:54,154
07:35:55,160
07:35:56,163
07:35:57,163
07:35:58,161
07:35:59,160
07:36:00,160
07:36:01,163
07:36:02,163
07:36:03,163
07:36:04,161
07:36:05,158
07:36:06,158
07:36:07,162
07:36:08,159
07:36:09,159
07:36:10,161
07:36:11,159
07:36:12,159
07:36:13,160
07:36:14,164
07:36:15,164
07:36:16,163
07:36:17,161
07:36:18,161
07:36:19,159
07:36:20,163
07:36:21,162
07:36:22,162
07:36:23,161
07:36:24,159
07:36:25,159
07:36:26,162
07:36:27,160
07:36:28,160
07:36:29,159
07:36:30,162
07:36:31,162
07:36:32,163
07:36:33,163
07:36:34,163
07:36:35,161
07:36:36,162
07:36:37,162
07:36:38,162
07:36:39,162
07:36:40,162
07:36:41,160
07:36:42,161
07:36:43,161
07:36:44,164
07:36:45,160
07:36:46,160
07:36:47,163
07:36:48,160
07:36:49,160
07:36:50,161
07:36:51,158
07:36:53,159
07:36:54,159
07:36:55,161
07:36:56,161
07:36:57,161
07:36:58,161
07:36:59,160
07:37:00,160
07:37:01,163
07:37:02,162
07:37:03,162
07:37:04,161
07:37:05,162
07:37:06,162
07:37:07,162
07:37:08,160
07:37:09,160
07:37:10,162
07:37:11,162
07:37:12,162
07:37:13,162
07:37:14,161
07:37:15,161
07:37:16,163
07:37:17,162
07:37:18,162
07:37:19,163
07:37:20,164
07:37:21,164
07:37:22,163
07:37:23,163
07:37:24,163
07:37:25,158
07:37:26,158
07:37:27,158
07:37:28,161
07:37:29,162
07:37:30,162
07:37:31,163
07:37:32,162
07:37:33,162
07:37:34,162
07:37:35,161
07:37:36,161
07:37:37,161
07:37:38,161
07:37:39,160
07:37:40,160
07:37:41,161
07:37:42,161
07:37:43,161
07:37:44,161
07:37:45,159
07:37:46,159
07:37:47,159
07:37:48,162
07:37:49,162
07:37:50,161
07:37:51,160
07:37:52,160
07:37:53,163
07:37:54,162
07:37:55,162
07:37:56,164
07:37:57,160
07:37:58,160
07:37:59,160
07:38:00,163
07:38:01,163
07:38:02,158
07:38:03,164
07:38:04,164
07:38:05,161
07:38:06,160
07:38:07,160
07:38:08,162
07:38:09,161
07:38:10,161
07:38:11,161
07:38:12,161
07:38:13,161
07:38:14,162
07:38:15,154
07:38:16,154
07:38:17,163
07:38:18,162
07:38:19,162
07:38:20,162
07:38:21,163
07:38:22,163
07:38:24,163
07:38:25,163
07:38:26,163
07:38:27,160
07:38:28,162
07:38:29,163
07:38:30,163
07:38:31,160
07:38:32,162
07:38:33,162
07:38:34,162
07:38:35,163
07:38:36,163
07:38:37,162
07:38:38,163
07:38:39,163
07:38:40,162
07:38:41,161
07:38:42,161
07:38:43,163
07:38:44,161
07:38:45,161
07:38:46,163
07:38:47,162
07:38:48,162
07:38:49,161
07:38:50,162
07:38:51,162
07:38:52,163
07:38:53,161
07:38:54,161
07:38:55,162
07:38:56,162
07:38:57,162
07:38:58,161
07:38:59,161
07:39:00,161
07:39:01,161
07:39:02,163
07:39:03,161
07:39:04,161
07:39:05,162
07:39:06,163
07:39:07,163
07:39:08,161
07:39:09,164
07:39:10,164
07:39:11,162
07:39:12,162
07:39:13,162
07:39:14,161
07:39:15,161
07:39:16,161
07:39:17,156
07:39:18,161
07:39:19,161
07:39:20,162
07:39:21,161
07:39:22,161
07:39:23,162
07:39:24,161
07:39:25,161
07:39:26,160
07:39:27,161
07:39:28,161
07:39:29,162
07:39:30,163
07:39:31,163
07:39:32,161
07:39:33,162
07:39:34,162
07:39:35,161
07:39:36,161
07:39:37,161
07:39:38,162
07:39:39,161
07:39:40,161
07:39:42,161
07:39:43,161
07:39:44,161
07:39:45,162
07:39:46,162
07:39:47,162
07:39:48,162
07:39:49,164
07:39:50,161
07:39:51,161
07:39:52,162
07:39:53,161
07:39:54,161
07:39:55,162
07:39:56,162
07:39:57,162
07:39:58,163
07:39:59,162
07:40:00,162
07:40:01,164
07:40:02,164
07:40:03,164
07:40:04,160
07:40:05,160
07:40:06,160
07:40:07,161
07:40:08,162
07:40:09,162
07:40:10,163
07:40:11,162
07:40:12,162
07:40:13,161
07:40:14,164
07:40:15,164
07:40:16,162
07:40:17,160
07:40:18,160
07:40:19,162
07:40:20,163
07:40:21,163
07:40:22,158
07:40:23,159
07:40:24,159
07:40:25,161
07:40:26,162
07:40:27,162
07:40:28,160
07:40:29,161
07:40:30,161
07:40:31,160
07:40:32,162
07:40:33,162
07:40:34,156
07:40:35,163
07:40:36,163
07:40:37,163
07:40:38,163
07:40:39,163
07:40:40,163
07:40:41,162
07:40:42,162
07:40:43,162
07:40:44,161
07:40:45,162
07:40:46,162
07:40:47,161
07:40:48,163
07:40:49,163
07:40:50,161
07:40:51,162
07:40:52,162
07:40:53,162
07:40:54,163
07:40:55,163
07:40:56,161
07:40:57,160
07:40:58,160
07:40:59,161
07:41:00,160
07:41:01,160
07:41:02,160
07:41:03,161
07:41:04,161
07:41:05,160
07:41:06,163
07:41:07,163
07:41:08,162
07:41:09,163
07:41:11,163
07:41:12,162
07:41:13,161
07:41:14,161
07:41:15,160
07:41:16,163
07:41:17,163
07:41:18,160
07:41:19,162
07:41:20,162
07:41:21,161
07:41:22,161
07:41:23,161
07:41:24,161
07:41:25,162
07:41:26,160
07:41:27,160
07:41:28,158
07:41:29,159
07:41:30,159
07:41:31,161
07:41:32,161
07:41:33,161
07:41:34,161
07:41:35,158
07:41:36,158
07:41:37,157
07:41:38,161
07:41:39,161
07:41:40,161
07:41:41,162
07:41:42,162
07:41:43,158
07:41:44,162
07:41:45,162
07:41:46,154
07:41:47,163
07:41:48,163
07:41:49,161
07:41:50,160
07:41:51,160
07:41:52,161
07:41:53,161
07:41:54,161
07:41:55,160
07:41:56,162
07:41:57,162
07:41:58,163
07:41:59,161
07:42:00,161
07:42:01,163
07:42:02,162
07:42:03,162
07:42:04,164
07:42:05,164
07:42:06,164
07:42:07,162
07:42:08,162
07:42:09,161
07:42:10,161
07:42:11,161
07:42:12,161
07:42:13,161
07:42:14,159
07:42:15,160
07:42:16,160
07:42:17,162
07:42:18,162
07:42:19,162
07:42:20,165
07:42:21,162
07:42:22,162
07:42:23,161
07:42:24,161
07:42:25,161
07:42:26,162
07:42:27,162
07:42:28,162
07:42:29,161
07:42:30,161
07:42:31,161
07:42:32,162
07:42:33,161
07:42:34,161
07:42:35,161
07:42:36,160
07:42:37,160
07:42:38,162
07:42:39,163
07:42:40,163
07:42:42,161
07:42:43,158
07:42:44,158
07:42:45,161
07:42:46,160
07:42:47,160
07:42:48,161
07:42:49,161
07:42:50,161
07:42:51,162
07:42:52,161
07:42:53,161
07:42:54,163
07:42:55,164
07:42:56,159
07:42:57,159
07:42:58,160
07:42:59,162
07:43:00,162
07:43:01,161
07:43:02,161
07:43:03,161
07:43:04,161
07:43:05,162
07:43:06,162
07:43:07,161
07:43:08,162
07:43:09,162
07:43:10,163
07:43:11,160
07:43:12,160
07:43:13,161
07:43:14,163
07:43:15,163
07:43:16,161
07:43:17,161
07:43:18,161
07:43:19,164
07:43:20,163
07:43:21,163
07:43:22,160
07:43:23,162
07:43:24,162
07:43:25,163
07:43:26,160
07:43:27,160
07:43:28,162
07:43:29,162
07:43:30,162
07:43:31,163
07:43:32,163
07:43:33,163
07:43:34,164
07:43:35,161
07:43:36,161
07:43:37,160
07:43:38,161
07:43:39,161
07:43:40,161
07:43:41,162
07:43:42,159
07:43:43,159
07:43:44,162
07:43:45,161
07:43:46,161
07:43:47,162
07:43:48,162
07:43:49,162
07:43:50,161
07:43:51,163
07:43:52,163
07:43:53,162
07:43:54,160
07:43:55,160
07:43:56,161
07:43:57,159
07:43:58,159
07:43:59,161
07:44:00,161
07:44:01,161
07:44:02,159
07:44:04,156
07:44:05,156
07:44:06,161
07:44:07,163
07:44:08,163
07:44:09,162
07:44:10,159
07:44:11,159
07:44:12,162
07:44:13,161
07:44:14,161
07:44:15,162
07:44:16,161
07:44:17,161
07:44:18,161
07:44:19,159
07:44:20,159
07:44:21,159
07:44:22,161
07:44:23,164
07:44:24,164
07:44:25,161
07:44:26,157
07:44:27,157
07:44:28,161
07:44:29,159
07:44:30,159
07:44:31,162
07:44:32,163
07:44:33,163
07:44:34,163
07:44:35,162
07:44:36,162
07:44:37,161
07:44:38,161
07:44:39,161
07:44:40,161
07:44:41,161
07:44:42,161
07:44:43,159
07:44:44,161
07:44:45,161
07:44:46,160
07:44:47,162
07:44:48,162
07:44:49,160
07:44:50,161
07:44:51,161
07:44:52,162
07:44:53,159
07:44:54,159
07:44:55,160
07:44:56,156
07:44:57,156
07:44:58,163
07:44:59,163
07:45:00,163
07:45:01,162
07:45:02,162
07:45:03,162
07:45:04,161
07:45:05,161
07:45:06,161
07:45:07,162
07:45:08,163
07:45:09,162
07:45:10,162
07:45:11,161
07:45:12,163
07:45:13,163
07:45:14,163
07:45:15,162
07:45:16,162
07:45:17,162
07:45:18,163
07:45:19,163
07:45:20,162
07:45:21,160
07:45:22,160
07:45:23,161
07:45:24,163
07:45:25,163
07:45:26,162
07:45:27,162
07:45:28,162
07:45:29,163
07:45:30,162
07:45:31,162
07:45:32,162
07:45:34,161
07:45:35,161
07:45:36,160
07:45:37,164
07:45:38,164
07:45:39,163
07:45:40,163
07:45:41,163
07:45:42,162
07:45:43,160
07:45:44,160
07:45:45,163
07:45:46,161
07:45:47,161
07:45:48,162
07:45:49,162
07:45:50,162
07:45:51,162
07:45:52,161
07:45:53,161
07:45:54,162
07:45:55,161
07:45:56,163
07:45:57,163
07:45:58,163
07:45:59,159
07:46:00,159
07:46:01,161
07:46:02,159
07:46:03,159
07:46:04,161
07:46:05,161
07:46:06,161
07:46:07,161
07:46:08,160
07:46:09,160
07:46:10,160
07:46:11,164
07:46:12,164
07:46:13,161
07:46:14,162
07:46:15,162
07:46:16,160
07:46:17,161
07:46:18,161
07:46:19,160
07:46:20,161
07:46:21,161
07:46:22,161
07:46:23,160
07:46:24,160
07:46:25,162
07:46:26,161
07:46:27,161
07:46:28,163
07:46:29,160
07:46:30,160
07:46:31,162
07:46:32,161
07:46:33,161
07:46:34,161
07:46:35,161
07:46:36,161
07:46:37,163
07:46:38,161
07:46:39,161
07:46:40,162
07:46:41,163
07:46:42,161
07:46:43,161
07:46:44,161
07:46:45,160
07:46:46,160
07:46:47,161
07:46:48,162
07:46:49,162
07:46:50,161
07:46:51,160
07:46:52,160
07:46:53,161
07:46:54,160
07:46:55,160
07:46:56,162
07:46:57,163
07:46:58,163
07:46:59,163
07:47:00,163
07:47:01,163
07:47:03,161
07:47:04,162
07:47:05,162
07:47:06,163
07:47:07,161
07:47:08,161
07:47:09,159
07:47:10,160
07:47:11,160
07:47:12,160
07:47:13,162
07:47:14,162
07:47:15,161
07:47:16,162
07:47:17,162
07:47:18,160
07:47:19,162
07:47:20,162
07:47:21,161
07:47:22,161
07:47:23,161
07:47:24,161
07:47:25,161
07:47:26,161
07:47:27,162
07:47:28,162
07:47:29,160
07:47:30,160
07:47:31,158
07:47:32,161
07:47:33,161
07:47:34,160
07:47:35,161
07:47:36,161
07:47:37,161
07:47:38,161
07:47:39,161
07:47:40,163
07:47:41,161
07:47:42,161
07:47:43,153
07:47:44,161
07:47:45,161
07:47:46,161
07:47:47,161
07:47:48,161
07:47:49,161
07:47:50,163
07:47:51,163
07:47:52,162
07:47:53,160
07:47:54,160
07:47:55,162
07:47:56,162
07:47:57,162
07:47:58,162
07:47:59,162
07:48:00,162
07:48:01,159
07:48:02,162
07:48:03,162
07:48:04,159
07:48:05,163
07:48:06,163
07:48:07,162
07:48:08,160
07:48:09,160
07:48:10,161
07:48:11,161
07:48:12,161
07:48:13,163
07:48:14,162
07:48:15,160
07:48:16,160
07:48:17,160
07:48:18,164
07:48:19,164
07:48:20,161
07:48:21,158
07:48:22,158
07:48:23,161
07:48:24,162
07:48:25,162
07:48:26,162
07:48:27,160
07:48:28,160
07:48:29,158
07:48:30,161
07:48:31,161
07:48:33,162
07:48:34,160
07:48:35,160
07:48:36,159
07:48:37,161
07:48:38,161
07:48:39,161
07:48:40,160
07:48:41,160
07:48:42,157
07:48:43,160
07:48:44,160
07:48:45,162
07:48:46,161
07:48:47,161
07:48:48,158
07:48:49,155
07:48:50,155
07:48:51,159
07:48:52,164
07:48:53,164
07:48:54,162
07:48:55,160
07:48:56,160
07:48:57,160
07:48:58,162
07:48:59,160
07:49:00,160
07:49:01,162
07:49:02,160
07:49:03,160
07:49:04,161
07:49:05,162
07:49:06,162
07:49:07,162
07:49:08,161
07:49:09,161
07:49:10,161
07:49:11,161
07:49:12,161
07:49:13,162
07:49:14,163
07:49:15,163
07:49:16,160
07:49:17,163
07:49:18,163
07:49:19,163
07:49:20,160
07:49:21,160
07:49:22,160
07:49:23,162
07:49:24,162
07:49:25,164
07:49:26,164
07:49:27,164
07:49:28,162
07:49:29,161
07:49:30,161
07:49:31,161
07:49:32,160
07:49:33,160
07:49:34,162
07:49:35,161
07:49:36,161
07:49:37,159
07:49:38,162
07:49:39,162
07:49:40,163
07:49:41,159
07:49:42,161
07:49:43,161
07:49:44,161
07:49:45,161
07:49:46,161
07:49:47,160
07:49:48,159
07:49:49,159
07:49:50,161
07:49:51,162
07:49:52,162
07:49:53,160
07:49:55,161
07:49:56,161
07:49:57,160
07:49:58,160
07:49:59,160
07:50:00,160
07:50:01,161
07:50:02,161
07:50:03,162
07:50:04,161
07:50:05,161
07:50:06,162
07:50:07,159
07:50:08,159
07:50:09,155
07:50:10,163
07:50:11,163
07:50:12,164
07:50:13,164
07:50:14,164
07:50:15,164
07:50:16,163
07:50:17,163
07:50:18,161
07:50:19,160
07:50:20,160
07:50:21,163
07:50:22,160
07:50:23,160
07:50:24,163
07:50:25,161
07:50:26,161
07:50:27,161
07:50:28,158
07:50:29,160
07:50:30,160
07:50:31,161
07:50:32,161
07:50:33,161
07:50:34,160
07:50:35,162
07:50:36,162
07:50:37,161
07:50:38,161
07:50:39,161
07:50:40,161
07:50:41,160
07:50:42,160
07:50:43,161
07:50:44,161
07:50:45,161
07:50:46,163
07:50:47,163
07:50:48,163
07:50:49,162
07:50:50,161
07:50:51,161
07:50:52,163
07:50:53,162
07:50:54,162
07:50:55,158
07:50:56,162
07:50:57,162
07:50:58,164
07:50:59,162
07:51:00,162
07:51:01,161
07:51:02,162
07:51:03,162
07:51:04,163
07:51:05,161
07:51:06,161
07:51:07,162
07:51:08,160
07:51:09,160
07:51:10,161
07:51:11,160
07:51:12,160
07:51:13,161
07:51:14,163
07:51:15,163
07:51:16,161
07:51:17,164
07:51:18,161
07:51:19,161
07:51:20,162
07:51:21,163
07:51:22,163
07:51:23,159
07:51:24,161
07:51:26,161
07:51:27,163
07:51:28,162
07:51:29,162
07:51:30,162
07:51:31,162
07:51:32,162
07:51:33,163
07:51:34,162
07:51:35,162
07:51:36,160
07:51:37,160
07:51:38,160
07:51:39,162
07:51:40,161
07:51:41,161
07:51:42,163
07:51:43,160
07:51:44,160
07:51:45,162
07:51:46,163
07:51:47,163
07:51:48,163
07:51:49,162
07:51:50,162
07:51:51,161
07:51:52,162
07:51:53,162
07:51:54,163
07:51:55,161
07:51:56,161
07:51:57,161
07:51:58,163
07:51:59,163
07:52:00,163
07:52:01,161
07:52:02,161
07:52:03,162
07:52:04,164
07:52:05,164
07:52:06,164
07:52:07,162
07:52:08,161
07:52:09,161
07:52:10,161
07:52:11,162
07:52:12,162
07:52:13,161
07:52:14,161
07:52:15,161
07:52:16,162
07:52:17,163
07:52:18,163
07:52:19,164
07:52:20,160
07:52:21,160
07:52:22,161
07:52:23,161
07:52:24,161
07:52:25,163
07:52:26,162
07:52:27,162
07:52:28,162
07:52:29,160
07:52:30,160
07:52:31,161
07:52:32,162
07:52:33,162
07:52:34,161
07:52:35,160
07:52:36,160
07:52:37,159
07:52:38,161
07:52:39,161
07:52:40,160
07:52:41,161
07:52:42,161
07:52:43,155
07:52:44,162
07:52:45,162
07:52:46,160
07:52:47,161
07:52:48,161
07:52:49,162
07:52:50,163
07:52:51,163
07:52:52,163
07:52:53,161
07:52:54,162
07:52:56,162
07:52:57,163
07:52:58,163
07:52:59,163
07:53:00,164
07:53:01,161
07:53:02,161
07:53:03,161
07:53:04,161
07:53:05,161
07:53:06,161
07:53:07,163
07:53:08,163
07:53:09,161
07:53:10,158
07:53:11,158
07:53:12,163
07:53:13,162
07:53:14,162
07:53:15,160
07:53:16,163
07:53:17,163
07:53:18,163
07:53:19,163
07:53:20,163
07:53:21,161
07:53:22,163
07:53:23,163
07:53:24,162
07:53:25,164
07:53:26,164
07:53:27,161
07:53:28,161
07:53:29,161
07:53:30,162
07:53:31,160
07:53:32,160
07:53:33,161
07:53:34,159
07:53:35,159
07:53:36,162
07:53:37,163
07:53:38,163
07:53:39,161
07:53:40,160
07:53:41,159
07:53:42,159
07:53:43,162
07:53:44,162
07:53:45,162
07:53:46,161
07:53:47,160
07:53:48,160
07:53:49,161
07:53:50,161
07:53:51,161
07:53:52,161
07:53:53,158
07:53:54,158
07:53:55,162
07:53:56,162
07:53:57,162
07:53:58,161
07:53:59,163
07:54:00,163
07:54:01,163
07:54:02,163
07:54:03,163
07:54:04,161
07:54:05,163
07:54:06,163
07:54:07,163
07:54:08,162
07:54:09,162
07:54:10,162
07:54:11,161
07:54:12,161
07:54:13,160
07:54:14,164
07:54:15,163
07:54:17,163
07:54:18,163
07:54:19,162
07:54:20,162
07:54:21,161
07:54:22,162
07:54:23,162
07:54:24,161
07:54:25,158
07:54:26,158
07:54:27,161
07:54:28,162
07:54:29,162
07:54:30,162
07:54:31,163
07:54:32,163
07:54:33,161
07:54:34,160
07:54:35,160
07:54:36,161
07:54:37,162
07:54:38,162
07:54:39,161
07:54:40,162
07:54:41,162
07:54:42,160
07:54:43,163
07:54:44,163
07:54:45,161
07:54:46,161
07:54:47,161
07:54:48,160
07:54:49,161
07:54:50,161
07:54:51,161
07:54:52,163
07:54:53,163
07:54:54,161
07:54:55,161
07:54:56,161
07:54:57,162
07:54:58,156
07:54:59,156
07:55:00,160
07:55:01,162
07:55:02,162
07:55:03,160
07:55:04,163
07:55:05,164
07:55:06,164
07:55:07,162
07:55:08,163
07:55:09,163
07:55:10,162
07:55:11,162
07:55:12,162
07:55:13,160
07:55:14,161
07:55:15,161
07:55:16,161
07:55:17,161
07:55:18,161
07:55:19,161
07:55:20,163
07:55:21,163
07:55:22,161
07:55:23,164
07:55:24,164
07:55:25,163
07:55:26,161
07:55:27,161
07:55:28,162
07:55:29,163
07:55:30,163
07:55:31,161
07:55:32,163
07:55:33,163
07:55:34,163
07:55:35,160
07:55:36,160
07:55:37,162
07:55:38,162
07:55:39,162
07:55:40,161
07:55:41,161
07:55:42,161
07:55:43,162
07:55:44,162
07:55:45,162
07:55:46,164
07:55:47,158
07:55:49,158
07:55:50,160
07:55:51,163
07:55:52,163
07:55:53,161
07:55:54,160
07:55:55,159
07:55:56,159
07:55:57,161
07:55:58,164
07:55:59,164
07:56:00,159
07:56:01,160
07:56:02,160
07:56:03,161
07:56:04,163
07:56:05,163
07:56:06,160
07:56:07,155
07:56:08,155
07:56:09,158
07:56:10,162
07:56:11,162
07:56:12,162
07:56:13,161
07:56:14,161
07:56:15,163
07:56:16,165
07:56:17,165
07:56:18,163
07:56:19,161
07:56:20,161
07:56:21,162
07:56:22,162
07:56:23,162
07:56:24,161
07:56:25,162
07:56:26,162
07:56:27,160
07:56:28,161
07:56:29,161
07:56:30,160
07:56:31,161
07:56:32,161
07:56:33,162
07:56:34,164
07:56:35,164
07:56:36,161
07:56:37,162
07:56:38,162
07:56:39,162
07:56:40,163
07:56:41,164
07:56:42,164
07:56:43,163
07:56:44,160
07:56:45,160
07:56:46,161
07:56:47,160
07:56:48,160
07:56:49,163
07:56:50,161
07:56:51,161
07:56:52,162
07:56:53,160
07:56:54,160
07:56:55,161
07:56:56,162
07:56:57,162
07:56:58,164
07:56:59,161
07:57:00,161
07:57:01,163
07:57:02,162
07:57:03,162
07:57:04,163
07:57:05,159
07:57:06,159
07:57:07,162
07:57:08,163
07:57:09,163
07:57:10,163
07:57:11,161
07:57:12,161
07:57:13,161
07:57:14,162
07:57:15,162
07:57:16,161
07:57:18,159
07:57:19,159
07:57:20,157
07:57:21,161
07:57:22,161
07:57:23,161
07:57:24,162
07:57:25,162
07:57:26,159
07:57:27,160
07:57:28,161
07:57:29,161
07:57:30,162
07:57:31,163
07:57:32,163
07:57:33,156
07:57:34,161
07:57:35,161
07:57:36,163
07:57:37,162
07:57:38,162
07:57:39,160
07:57:40,161
07:57:41,161
07:57:42,163
07:57:43,163
07:57:44,163
07:57:45,161
07:57:46,163
07:57:47,163
07:57:48,164
07:57:49,161
07:57:50,161
07:57:51,160
07:57:52,162
07:57:53,162
07:57:54,161
07:57:55,163
07:57:56,163
07:57:57,163
07:57:58,161
07:57:59,161
07:58:00,159
07:58:01,162
07:58:02,162
07:58:03,160
07:58:04,160
07:58:05,160
07:58:06,162
07:58:07,161
07:58:08,161
07:58:09,162
07:58:10,163
07:58:11,163
07:58:12,161
07:58:13,162
07:58:14,162
07:58:15,162
07:58:16,162
07:58:17,160
07:58:18,160
07:58:19,162
07:58:20,161
07:58:21,161
07:58:22,161
07:58:23,162
07:58:24,162
07:58:25,162
07:58:26,163
07:58:27,163
07:58:28,161
07:58:29,161
07:58:30,161
07:58:31,161
07:58:32,160
07:58:33,160
07:58:34,161
07:58:35,161
07:58:36,161
07:58:37,160
07:58:38,162
07:58:39,162
07:58:40,162
07:58:41,163
07:58:42,163
07:58:43,161
07:58:45,161
07:58:46,161
07:58:47,159
07:58:48,161
07:58:49,162
07:58:50,162
07:58:51,160
07:58:52,158
07:58:53,158
07:58:54,162
07:58:55,163
07:58:56,163
07:58:57,162
07:58:58,163
07:58:59,163
07:59:00,161
07:59:01,163
07:59:02,163
07:59:03,160
07:59:04,161
07:59:05,161
07:59:06,161
07:59:07,159
07:59:08,159
07:59:09,160
07:59:10,161
07:59:11,161
07:59:12,162
07:59:13,162
07:59:14,162
07:59:15,161
07:59:16,162
07:59:17,162
07:59:18,160
07:59:19,162
07:59:20,162
07:59:21,161
07:59:22,162
07:59:23,162
07:59:24,162
07:59:25,161
07:59:26,161
07:59:27,164
07:59:28,165
07:59:29,165
07:59:30,162
07:59:31,163
07:59:32,163
07:59:33,161
07:59:34,162
07:59:35,160
07:59:36,160
07:59:37,161
07:59:38,161
07:59:39,161
07:59:40,162
07:59:41,162
07:59:42,162
07:59:43,159
07:59:44,161
07:59:45,161
07:59:46,162
07:59:47,161
07:59:48,161
07:59:49,160
07:59:50,163
07:59:51,163
07:59:52,160
07:59:53,159
07:59:54,159
07:59:55,162
07:59:56,163
07:59:57,163
07:59:58,159
07:59:59,162
08:00:00,162
08:00:01,162
08:00:02,163
08:00:03,163
08:00:04,162
08:00:06,160
08:00:07,160
08:00:08,160
08:00:09,162
08:00:10,162
08:00:11,155
08:00:12,161
08:00:13,161
08:00:14,162
08:00:15,161
08:00:16,161
08:00:17,162
08:00:18,163
08:00:19,163
08:00:20,162
08:00:21,163
08:00:22,162
08:00:23,162
08:00:24,161
08:00:25,159
08:00:26,159
08:00:27,160
08:00:28,162
08:00:29,162
08:00:30,160
08:00:31,161
08:00:32,161
08:00:33,162
08:00:34,161
08:00:35,161
08:00:36,163
08:00:37,162
08:00:38,162
08:00:39,162
08:00:40,161
08:00:41,161
08:00:42,162
08:00:43,165
08:00:44,165
08:00:45,163
08:00:46,162
08:00:47,162
08:00:48,162
08:00:49,163
08:00:50,163
08:00:51,163
08:00:52,163
08:00:53,163
08:00:54,165
08:00:55,162
08:00:56,162
08:00:57,162
08:00:58,163
08:00:59,163
08:01:00,160
08:01:01,160
08:01:02,160
08:01:03,160
08:01:04,163
08:01:05,163
08:01:06,160
08:01:07,158
08:01:08,158
08:01:09,160
08:01:10,160
08:01:11,161
08:01:12,161
08:01:13,163
08:01:14,163
08:01:15,163
08:01:16,162
08:01:17,163
08:01:18,163
08:01:19,156
08:01:20,161
08:01:21,161
08:01:22,162
08:01:23,161
08:01:24,161
08:01:25,161
08:01:26,162
08:01:27,162
08:01:28,163
08:01:29,163
08:01:30,163
08:01:31,159
08:01:32,163
08:01:33,163
08:01:34,162
08:01:35,161
08:01:36,161
08:01:38,162
08:01:39,160
08:01:40,160
08:01:41,164
08:01:42,164
08:01:43,164
08:01:44,161
08:01:45,161
08:01:46,161
08:01:47,161
08:01:48,162
08:01:49,162
08:01:50,163
08:01:51,165
08:01:52,165
08:01:53,163
08:01:54,163
08:01:55,163
08:01:56,163
08:01:57,162
08:01:58,160
08:01:59,160
08:02:00,161
08:02:01,161
08:02:02,161
08:02:03,161
08:02:04,160
08:02:05,160
08:02:06,161
08:02:07,162
08:02:08,162
08:02:09,162
08:02:10,160
08:02:11,160
08:02:12,159
08:02:13,162
08:02:14,162
08:02:15,163
08:02:16,160
08:02:17,160
08:02:18,160
08:02:19,160
08:02:20,160
08:02:21,162
08:02:22,161
08:02:23,161
08:02:24,161
08:02:25,160
08:02:26,160
08:02:27,160
08:02:28,159
08:02:29,159
08:02:30,159
08:02:31,154
08:02:32,154
08:02:33,157
08:02:34,162
08:02:35,162
08:02:36,163
08:02:37,161
08:02:38,161
08:02:39,162
08:02:40,163
08:02:41,163
08:02:42,163
08:02:43,160
08:02:44,160
08:02:45,163
08:02:46,161
08:02:47,161
08:02:48,161
08:02:49,162
08:02:50,161
08:02:51,161
08:02:52,158
08:02:53,162
08:02:54,162
08:02:55,162
08:02:56,165
08:02:57,165
08:02:58,163
08:02:59,161
08:03:00,161
08:03:01,162
08:03:02,161
08:03:03,161
08:03:04,161
08:03:05,161
08:03:06,161
08:03:08,159
08:03:09,162
08:03:10,162
08:03:11,162
08:03:12,162
08:03:13,162
08:03:14,163
08:03:15,162
08:03:16,162
08:03:17,162
08:03:18,161
08:03:19,161
08:03:20,161
08:03:21,159
08:03:22,159
08:03:23,162
08:03:24,162
08:03:25,162
08:03:26,161
08:03:27,161
08:03:28,161
08:03:29,160
08:03:30,162
08:03:31,162
08:03:32,161
08:03:33,162
08:03:34,159
08:03:35,159
08:03:36,162
08:03:37,160
08:03:38,160
08:03:39,162
08:03:40,154
08:03:41,154
08:03:42,163
08:03:43,163
08:03:44,163
08:03:45,162
08:03:46,163
08:03:47,163
08:03:48,161
08:03:49,162
08:03:50,162
08:03:51,162
08:03:52,163
08:03:53,163
08:03:54,162
08:03:55,162
08:03:56,162
08:03:57,161
08:03:58,161
08:03:59,161
08:04:00,162
08:04:01,161
08:04:02,161
08:04:03,159
08:04:04,163
08:04:05,163
08:04:06,161
08:04:07,162
08:04:08,162
08:04:09,159
08:04:10,163
08:04:11,164
08:04:12,164
08:04:13,162
08:04:14,162
08:04:15,162
08:04:16,161
08:04:17,161
08:04:18,161
08:04:19,161
08:04:20,161
08:04:21,161
08:04:22,162
08:04:23,159
08:04:24,159
08:04:25,161
08:04:26,160
08:04:27,160
08:04:28,160
08:04:30,161
08:04:31,161
08:04:32,158
08:04:33,162
08:04:34,162
08:04:35,162
08:04:36,161
08:04:37,161
08:04:38,157
08:04:39,161
08:04:40,161
08:04:41,162
08:04:42,162
08:04:43,162
08:04:44,164
08:04:45,162
08:04:46,162
08:04:47,163
08:04:48,163
08:04:49,163
08:04:50,161
08:04:51,160
08:04:52,160
08:04:53,161
08:04:54,161
08:04:55,161
08:04:56,159
08:04:57,154
08:04:58,154
08:04:59,162
08:05:00,162
08:05:01,162
08:05:02,162
08:05:03,163
08:05:04,161
08:05:05,161
08:05:06,163
08:05:07,160
08:05:08,160
08:05:09,159
08:05:10,160
08:05:11,160
08:05:12,161
08:05:13,161
08:05:14,161
08:05:15,162
08:05:16,161
08:05:17,161
08:05:18,162
08:05:19,162
08:05:20,162
08:05:21,161
08:05:22,160
08:05:23,160
08:05:24,160
08:05:25,160
08:05:26,160
08:05:27,161
08:05:28,161
08:05:29,161
08:05:30,164
08:05:31,162
08:05:32,162
08:05:33,164
08:05:34,162
08:05:35,162
08:05:36,162
08:05:37,160
08:05:38,160
08:05:39,163
08:05:40,162
08:05:41,162
08:05:42,161
08:05:43,161
08:05:44,161
08:05:45,162
08:05:46,160
08:05:47,160
08:05:48,160
08:05:49,161
08:05:50,160
08:05:51,160
08:05:52,160
08:05:53,161
08:05:54,161
08:05:55,161
08:05:56,161
08:05:57,161
08:05:58,161
08:06:00,163
08:06:01,163
08:06:02,164
08:06:03,163
08:06:04,163
08:06:05,162
08:06:06,162
08:06:07,162
08:06:08,160
08:06:09,161
08:06:10,161
08:06:11,160
08:06:12,163
08:06:13,163
08:06:14,162
08:06:15,161
08:06:16,161
08:06:17,164
08:06:18,161
08:06:19,161
08:06:20,163
08:06:21,163
08:06:22,163
08:06:23,164
08:06:24,162
08:06:25,162
08:06:26,161
08:06:27,164
08:06:28,164
08:06:29,162
08:06:30,164
08:06:31,164
08:06:32,161
08:06:33,162
08:06:34,163
08:06:35,163
08:06:36,162
08:06:37,160
08:06:38,160
08:06:39,162
08:06:40,163
08:06:41,163
08:06:42,160
08:06:43,160
08:06:44,160
08:06:45,162
08:06:46,164
08:06:47,164
08:06:48,163
08:06:49,160
08:06:50,160
08:06:51,160
08:06:52,162
08:06:53,162
08:06:54,163
08:06:55,162
08:06:56,162
08:06:57,161
08:06:58,162
08:06:59,162
08:07:00,162
08:07:01,161
08:07:02,161
08:07:03,162
08:07:04,161
08:07:05,161
08:07:06,161
08:07:07,162
08:07:08,162
08:07:09,160
08:07:10,163
08:07:11,163
08:07:12,162
08:07:13,160
08:07:14,160
08:07:15,159
08:07:16,161
08:07:17,161
08:07:18,162
08:07:19,155
08:07:20,163
08:07:21,163
08:07:22,164
08:07:23,164
08:07:24,164
08:07:25,161
08:07:26,162
08:07:27,162
08:07:28,163
08:07:30,161
08:07:31,161
08:07:32,162
08:07:33,163
08:07:34,163
08:07:35,162
08:07:36,164
08:07:37,164
08:07:38,161
08:07:39,161
08:07:40,161
08:07:41,163
08:07:42,163
08:07:43,163
08:07:44,162
08:07:45,161
08:07:46,161
08:07:47,160
08:07:48,162
08:07:49,162
08:07:50,162
08:07:51,160
08:07:52,160
08:07:53,161
08:07:54,163
08:07:55,163
08:07:56,162
08:07:57,158
08:07:58,158
08:07:59,159
08:08:00,160
08:08:01,160
08:08:02,161
08:08:03,162
08:08:04,162
08:08:05,158
08:08:06,161
08:08:07,162
08:08:08,162
08:08:09,163
08:08:10,163
08:08:11,163
08:08:12,163
08:08:13,159
08:08:14,159
08:08:15,161
08:08:16,158
08:08:17,158
08:08:18,159
08:08:19,162
08:08:20,162
08:08:21,163
08:08:22,161
08:08:23,161
08:08:24,160
08:08:25,160
08:08:26,160
08:08:27,159
08:08:28,163
08:08:29,163
08:08:30,161
08:08:31,160
08:08:32,160
08:08:33,161
08:08:34,161
08:08:35,161
08:08:36,160
08:08:37,157
08:08:38,157
08:08:39,162
08:08:40,155
08:08:41,155
08:08:42,161
08:08:43,162
08:08:44,162
08:08:45,162
08:08:46,163
08:08:47,162
08:08:49,162
08:08:50,162
08:08:51,160
08:08:52,160
08:08:53,163
08:08:54,160
08:08:55,160
08:08:56,162
08:08:57,160
08:08:58,160
08:08:59,163
08:09:00,162
08:09:01,162
08:09:02,162
08:09:03,161
08:09:04,161
08:09:05,162
08:09:06,164
08:09:07,164
08:09:08,161
08:09:09,162
08:09:10,162
08:09:11,162
08:09:12,161
08:09:13,161
08:09:14,161
08:09:15,161
08:09:16,161
08:09:17,162
08:09:18,161
08:09:19,161
08:09:20,162
08:09:21,163
08:09:22,163
08:09:23,162
08:09:24,158
08:09:25,158
08:09:26,158
08:09:27,158
08:09:28,158
08:09:29,159
08:09:30,160
08:09:31,160
08:09:32,160
08:09:33,162
08:09:34,162
08:09:35,162
08:09:36,159
08:09:37,161
08:09:38,161
08:09:39,161
08:09:40,163
08:09:41,163
08:09:42,160
08:09:43,159
08:09:44,159
08:09:45,163
08:09:46,161
08:09:47,161
08:09:48,161
08:09:49,160
08:09:50,160
08:09:51,159
08:09:52,161
08:09:53,161
08:09:54,161
08:09:55,161
08:09:56,161
08:09:57,161
08:09:58,162
08:09:59,162
08:10:00,159
08:10:01,161
08:10:02,161
08:10:03,154
08:10:04,161
08:10:05,161
08:10:06,163
08:10:07,161
08:10:09,162
08:10:10,162
08:10:11,159
08:10:12,163
08:10:13,163
08:10:14,163
08:10:15,162
08:10:16,162
08:10:17,163
08:10:18,162
08:10:19,162
08:10:20,161
08:10:21,160
08:10:22,160
08:10:23,161
08:10:24,161
08:10:25,161
08:10:26,162
08:10:27,161
08:10:28,161
08:10:29,161
08:10:30,159
08:10:31,159
08:10:32,161
08:10:33,161
08:10:34,161
08:10:35,160
08:10:36,163
08:10:37,163
08:10:38,163
08:10:39,162
08:10:40,162
08:10:41,160
08:10:42,164
08:10:43,164
08:10:44,163
08:10:45,163
08:10:46,163
08:10:47,161
08:10:48,163
08:10:49,163
08:10:50,162
08:10:51,161
08:10:52,161
08:10:53,161
08:10:54,162
08:10:55,160
08:10:56,160
08:10:57,161
08:10:58,159
08:10:59,159
08:11:00,161
08:11:01,161
08:11:02,161
08:11:03,162
08:11:04,160
08:11:05,160
08:11:06,161
08:11:07,161
08:11:08,161
08:11:09,161
08:11:10,163
08:11:11,163
08:11:12,159
08:11:13,163
08:11:14,163
08:11:15,161
08:11:16,161
08:11:17,161
08:11:18,161
08:11:19,163
08:11:20,163
08:11:21,161
08:11:22,161
08:11:23,161
08:11:24,162
08:11:25,162
08:11:26,162
08:11:27,162
08:11:28,161
08:11:29,161
08:11:30,161
08:11:31,162
08:11:32,162
08:11:33,163
08:11:34,162
08:11:35,162
08:11:36,161
08:11:37,160
08:11:39,160
08:11:40,160
08:11:41,163
08:11:42,162
08:11:43,162
08:11:44,161
08:11:45,162
08:11:46,162
08:11:47,163
08:11:48,163
08:11:49,163
08:11:50,161
08:11:51,162
08:11:52,162
08:11:53,163
08:11:54,162
08:11:55,162
08:11:56,161
08:11:57,160
08:11:58,160
08:11:59,159
08:12:00,161
08:12:01,161
08:12:02,162
08:12:03,159
08:12:04,159
08:12:05,161
08:12:06,161
08:12:07,161
08:12:08,162
08:12:09,159
08:12:10,159
08:12:11,160
08:12:12,162
08:12:13,162
08:12:14,162
08:12:15,158
08:12:16,158
08:12:17,161
08:12:18,161
08:12:19,161
08:12:20,159
08:12:21,160
08:12:22,160
08:12:23,162
08:12:24,161
08:12:25,161
08:12:26,161
08:12:27,156
08:12:28,163
08:12:29,163
08:12:30,162
08:12:31,161
08:12:32,161
08:12:33,163
08:12:34,162
08:12:35,162
08:12:36,161
08:12:37,161
08:12:38,161
08:12:39,163
08:12:40,160
08:12:41,160
08:12:42,162
08:12:43,161
08:12:44,161
08:12:45,162
08:12:46,162
08:12:47,162
08:12:48,159
08:12:49,163
08:12:50,163
08:12:51,161
08:12:52,163
08:12:53,163
08:12:54,164
08:12:55,162
08:12:56,162
08:12:57,162
08:12:58,163
08:12:59,163
08:13:00,162
08:13:01,160
08:13:02,160
08:13:03,161
08:13:04,162
08:13:05,162
08:13:06,161
08:13:07,162
08:13:09,162
08:13:10,163
08:13:11,159
08:13:12,159
08:13:13,160
08:13:14,160
08:13:15,161
08:13:16,161
08:13:17,161
08:13:18,159
08:13:19,159
08:13:20,160
08:13:21,160
08:13:22,160
08:13:23,160
08:13:24,160
08:13:25,160
08:13:26,161
08:13:27,161
08:13:28,161
08:13:29,161
08:13:30,163
08:13:31,163
08:13:32,162
08:13:33,163
08:13:34,163
08:13:35,159
08:13:36,159
08:13:37,159
08:13:38,161
08:13:39,163
08:13:40,163
08:13:41,164
08:13:42,162
08:13:43,162
08:13:44,163
08:13:45,162
08:13:46,162
08:13:47,162
08:13:48,160
08:13:49,160
08:13:50,161
08:13:51,159
08:13:52,159
08:13:53,162
08:13:54,162
08:13:55,162
08:13:56,161
08:13:57,162
08:13:58,162
08:13:59,161
08:14:00,161
08:14:01,161
08:14:02,161
08:14:03,162
08:14:04,162
08:14:05,162
08:14:06,161
08:14:07,161
08:14:08,161
08:14:09,162
08:14:10,163
08:14:11,163
08:14:12,162
08:14:13,162
08:14:14,162
08:14:15,163
08:14:16,162
08:14:17,162
08:14:18,163
08:14:19,163
08:14:20,163
08:14:21,162
08:14:22,161
08:14:23,161
08:14:24,162
08:14:25,162
08:14:26,162
08:14:27,161
08:14:28,161
08:14:29,161
08:14:30,159
08:14:31,160
08:14:32,160
08:14:33,162
08:14:34,161
08:14:35,161
08:14:36,162
08:14:37,160
08:14:39,160
08:14:40,161
08:14:41,160
08:14:42,160
08:14:43,161
08:14:44,163
08:14:45,163
08:14:46,163
08:14:47,160
08:14:48,160
08:14:49,160
08:14:50,161
08:14:51,162
08:14:52,162
08:14:53,163
08:14:54,164
08:14:55,164
08:14:56,163
08:14:57,162
08:14:58,162
08:14:59,162
08:15:00,163
08:15:01,163
08:15:02,163
08:15:03,161
08:15:04,161
08:15:05,160
08:15:06,164
08:15:07,164
08:15:08,162
08:15:09,162
08:15:10,162
08:15:11,162
08:15:12,161
08:15:13,161
08:15:14,162
08:15:15,162
08:15:16,162
08:15:17,161
08:15:18,162
08:15:19,162
08:15:20,162
08:15:21,160
08:15:22,160
08:15:23,163
08:15:24,162
08:15:25,162
08:15:26,160
08:15:27,161
08:15:28,161
08:15:29,161
08:15:30,164
08:15:31,164
08:15:32,161
08:15:33,162
08:15:34,162
08:15:35,160
08:15:36,158
08:15:37,162
08:15:38,162
08:15:39,162
08:15:40,160
08:15:41,160
08:15:42,161
08:15:43,162
08:15:44,162
08:15:45,161
08:15:46,162
08:15:47,162
08:15:48,162
08:15:49,161
08:15:50,161
08:15:51,160
08:15:52,161
08:15:53,161
08:15:54,160
08:15:55,159
08:15:56,159
08:15:57,161
08:15:58,159
08:15:59,159
08:16:00,162
08:16:01,162
08:16:02,162
08:16:03,160
08:16:04,163
08:16:05,163
08:16:06,161
08:16:07,153
08:16:08,153
08:16:10,161
08:16:11,162
08:16:12,162
08:16:13,164
08:16:14,160
08:16:15,160
08:16:16,161
08:16:17,159
08:16:18,159
08:16:19,162
08:16:20,161
08:16:21,161
08:16:22,161
08:16:23,162
08:16:24,162
08:16:25,162
08:16:26,161
08:16:27,161
08:16:28,161
08:16:29,162
08:16:30,162
08:16:31,162
08:16:32,162
08:16:33,162
08:16:34,162
08:16:35,159
08:16:36,160
08:16:37,160
08:16:38,160
08:16:39,160
08:16:40,160
08:16:41,159
08:16:42,161
08:16:43,161
08:16:44,162
08:16:45,160
08:16:46,160
08:16:47,159
08:16:48,159
08:16:49,159
08:16:50,161
08:16:51,162
08:16:52,162
08:16:53,163
08:16:54,162
08:16:55,162
08:16:56,159
08:16:57,160
08:16:58,160
08:16:59,159
08:17:00,161
08:17:01,161
08:17:02,162
08:17:03,162
08:17:04,162
08:17:05,159
08:17:06,161
08:17:07,161
08:17:08,162
08:17:09,158
08:17:10,158
08:17:11,158
08:17:12,160
08:17:13,160
08:17:14,160
08:17:15,162
08:17:16,162
08:17:17,162
08:17:18,160
08:17:19,161
08:17:20,161
08:17:21,161
08:17:22,162
08:17:23,162
08:17:24,162
08:17:25,163
08:17:26,163
08:17:27,161
08:17:28,162
08:17:29,162
08:17:30,162
08:17:31,163
08:17:32,163
08:17:33,162
08:17:34,162
08:17:35,162
08:17:36,161
08:17:37,162
08:17:38,162
08:17:40,161
08:17:41,161
08:17:42,161
08:17:43,164
08:17:44,164
08:17:45,164
08:17:46,161
08:17:47,160
08:17:48,160
08:17:49,161
08:17:50,162
08:17:51,162
08:17:52,161
08:17:53,163
08:17:54,163
08:17:55,162
08:17:56,162
08:17:57,162
08:17:58,162
08:17:59,162
08:18:00,163
08:18:01,163
08:18:02,162
08:18:03,162
08:18:04,162
08:18:05,162
08:18:06,159
08:18:07,159
08:18:08,159
08:18:09,161
08:18:10,161
08:18:11,162
08:18:12,162
08:18:13,162
08:18:14,160
08:18:15,162
08:18:16,162
08:18:17,163
08:18:18,160
08:18:19,160
08:18:20,161
08:18:21,161
08:18:22,161
08:18:23,160
08:18:24,162
08:18:25,162
08:18:26,161
08:18:27,161
08:18:28,161
08:18:29,162
08:18:30,160
08:18:31,160
08:18:32,160
08:18:33,162
08:18:34,162
08:18:35,162
08:18:36,161
08:18:37,161
08:18:38,163
08:18:39,161
08:18:40,161
08:18:41,157
08:18:42,161
08:18:43,161
08:18:44,161
08:18:45,161
08:18:46,159
08:18:47,159
08:18:48,161
08:18:49,161
08:18:50,161
08:18:51,164
08:18:52,164
08:18:53,164
08:18:54,164
08:18:55,164
08:18:56,164
08:18:57,163
08:18:58,162
08:18:59,162
08:19:01,161
08:19:02,162
08:19:03,162
08:19:04,161
08:19:05,165
08:19:06,165
08:19:07,162
08:19:08,161
08:19:09,161
08:19:10,161
08:19:11,160
08:19:12,160
08:19:13,161
08:19:14,162
08:19:15,162
08:19:16,162
08:19:17,162
08:19:18,162
08:19:19,162
08:19:20,162
08:19:21,162
08:19:22,161
08:19:23,163
08:19:24,160
08:19:25,160
08:19:26,161
08:19:27,161
08:19:28,161
08:19:29,161
08:19:30,161
08:19:31,161
08:19:32,161
08:19:33,161
08:19:34,161
08:19:35,154
08:19:36,161
08:19:37,161
08:19:38,162
08:19:39,163
08:19:40,163
08:19:41,161
08:19:42,163
08:19:43,163
08:19:44,162
08:19:45,163
08:19:46,163
08:19:47,161
08:19:48,164
08:19:49,164
08:19:50,162
08:19:51,163
08:19:52,163
08:19:53,160
08:19:54,162
08:19:55,162
08:19:56,163
08:19:57,163
08:19:58,163
08:19:59,162
08:20:00,161
08:20:01,161
08:20:02,163
08:20:03,162
08:20:04,162
08:20:05,163
08:20:06,159
08:20:07,159
08:20:08,159
08:20:09,164
08:20:10,161
08:20:11,161
08:20:12,162
08:20:13,161
08:20:14,161
08:20:15,163
08:20:16,160
08:20:17,160
08:20:18,162
08:20:19,161
08:20:20,161
08:20:21,161
08:20:22,160
08:20:23,160
08:20:24,162
08:20:25,162
08:20:26,162
08:20:27,162
08:20:28,162
08:20:29,162
08:20:31,163
08:20:32,162
08:20:33,162
08:20:34,159
08:20:35,162
08:20:36,162
08:20:37,162
08:20:38,162
08:20:39,162
08:20:40,159
08:20:41,161
08:20:42,161
08:20:43,164
08:20:44,164
08:20:45,160
08:20:46,160
08:20:47,158
08:20:48,159
08:20:49,159
08:20:50,160
08:20:51,162
08:20:52,162
08:20:53,161
08:20:54,161
08:20:55,161
08:20:56,162
08:20:57,162
08:20:58,162
08:20:59,161
08:21:00,159
08:21:01,159
08:21:02,163
08:21:03,162
08:21:04,162
08:21:05,160
08:21:06,163
08:21:07,163
08:21:08,161
08:21:09,160
08:21:10,160
08:21:11,159
08:21:12,161
08:21:13,161
08:21:14,161
08:21:15,163
08:21:16,163
08:21:17,163
08:21:18,162
08:21:19,162
08:21:20,163
08:21:21,162
08:21:22,162
08:21:23,162
08:21:24,162
08:21:25,162
08:21:26,163
08:21:27,162
08:21:28,162
08:21:29,162
08:21:30,160
08:21:31,162
08:21:32,162
08:21:33,164
08:21:34,160
08:21:35,160
08:21:36,162
08:21:37,162
08:21:38,162
08:21:39,160
08:21:40,162
08:21:41,162
08:21:42,161
08:21:43,162
08:21:44,162
08:21:46,161
08:21:47,163
08:21:48,163
08:21:49,162
08:21:50,165
08:21:51,165
08:21:52,161
08:21:53,162
08:21:54,162
08:21:55,160
08:21:56,161
08:21:57,161
08:21:58,161
08:21:59,163
08:22:00,163
08:22:01,161
08:22:02,162
08:22:03,162
08:22:04,160
08:22:05,161
08:22:06,161
08:22:07,163
08:22:08,162
08:22:09,162
08:22:10,162
08:22:11,163
08:22:12,163
08:22:13,163
08:22:14,163
08:22:15,163
08:22:16,162
08:22:17,161
08:22:18,163
08:22:19,163
08:22:20,163
08:22:21,163
08:22:22,163
08:22:23,162
08:22:24,164
08:22:25,164
08:22:26,161
08:22:27,159
08:22:28,159
08:22:29,165
08:22:30,164
08:22:31,164
08:22:32,160
08:22:33,161
08:22:34,161
08:22:35,160
08:22:36,161
08:22:37,161
08:22:38,161
08:22:39,162
08:22:40,162
08:22:41,160
08:22:42,162
08:22:43,162
08:22:44,162
08:22:45,161
08:22:46,161
08:22:47,161
08:22:48,160
08:22:49,160
08:22:50,160
08:22:51,159
08:22:52,159
08:22:53,159
08:22:54,161
08:22:55,161
08:22:56,159
08:22:57,159
08:22:58,159
08:22:59,159
08:23:00,158
08:23:01,158
08:23:02,160
08:23:03,161
08:23:04,161
08:23:05,161
08:23:06,160
08:23:07,162
08:23:08,162
08:23:09,162
08:23:10,162
08:23:11,162
08:23:12,161
08:23:13,159
08:23:15,159
08:23:16,162
08:23:17,160
08:23:18,160
08:23:19,157
08:23:20,162
08:23:21,162
08:23:22,164
08:23:23,162
08:23:24,162
08:23:25,163
08:23:26,159
08:23:27,159
08:23:28,164
08:23:29,164
08:23:30,164
08:23:31,162
08:23:32,163
08:23:33,163
08:23:34,162
08:23:35,164
08:23:36,164
08:23:37,163
08:23:38,162
08:23:39,162
08:23:40,160
08:23:41,162
08:23:42,162
08:23:43,160
08:23:44,161
08:23:45,164
08:23:46,164
08:23:47,160
08:23:48,158
08:23:49,158
08:23:50,162
08:23:51,161
08:23:52,161
08:23:53,161
08:23:54,161
08:23:55,161
08:23:56,162
08:23:57,160
08:23:58,160
08:23:59,163
08:24:00,161
08:24:01,161
08:24:02,162
08:24:03,160
08:24:04,160
08:24:05,161
08:24:06,159
08:24:07,159
08:24:08,161
08:24:09,159
08:24:10,159
08:24:11,162
08:24:12,161
08:24:13,161
08:24:14,160
08:24:15,161
08:24:16,161
08:24:17,161
08:24:18,161
08:24:19,161
08:24:20,157
08:24:21,159
08:24:22,159
08:24:23,161
08:24:24,162
08:24:25,160
08:24:26,160
08:24:27,161
08:24:28,163
08:24:29,163
08:24:30,159
08:24:31,161
08:24:32,161
08:24:34,161
08:24:35,163
08:24:36,163
08:24:37,162
08:24:38,162
08:24:39,162
08:24:40,164
08:24:41,161
08:24:42,161
08:24:43,162
08:24:44,160
08:24:45,160
08:24:46,160
08:24:47,162
08:24:48,162
08:24:49,162
08:24:50,160
08:24:51,160
08:24:52,164
08:24:53,162
08:24:54,162
08:24:55,164
08:24:56,161
08:24:57,161
08:24:58,161
08:24:59,162
08:25:00,162
08:25:01,162
08:25:02,161
08:25:03,161
08:25:04,163
08:25:05,163
08:25:06,163
08:25:07,162
08:25:08,160
08:25:09,160
08:25:10,162
08:25:11,163
08:25:12,160
08:25:13,160
08:25:14,160
08:25:15,158
08:25:16,158
08:25:17,160
08:25:18,163
08:25:19,163
08:25:20,163
08:25:21,164
08:25:22,164
08:25:23,162
08:25:24,159
08:25:25,159
08:25:26,159
08:25:27,161
08:25:28,161
08:25:29,160
08:25:30,161
08:25:31,161
08:25:32,160
08:25:33,160
08:25:34,160
08:25:35,161
08:25:36,159
08:25:37,159
08:25:38,162
08:25:39,161
08:25:40,161
08:25:41,161
08:25:42,164
08:25:43,164
08:25:44,161
08:25:45,163
08:25:46,163
08:25:47,160
08:25:48,161
08:25:49,161
08:25:50,163
08:25:51,160
08:25:52,160
08:25:53,161
08:25:54,162
08:25:55,162
08:25:56,162
08:25:57,160
08:25:58,161
08:25:59,161
08:26:00,162
08:26:01,161
08:26:02,161
08:26:04,162
08:26:05,160
08:26:06,160
08:26:07,160
08:26:08,163
08:26:09,163
08:26:10,163
08:26:11,164
08:26:12,164
08:26:13,161
08:26:14,161
08:26:15,161
08:26:16,164
08:26:17,163
08:26:18,163
08:26:19,162
08:26:20,161
08:26:21,161
08:26:22,161
08:26:23,160
08:26:24,160
08:26:25,162
08:26:26,160
08:26:27,160
08:26:28,160
08:26:29,161
08:26:30,161
08:26:31,161
08:26:32,162
08:26:33,162
08:26:34,160
08:26:35,162
08:26:36,162
08:26:37,162
08:26:38,162
08:26:39,162
08:26:40,162
08:26:41,160
08:26:42,160
08:26:43,161
08:26:44,160
08:26:45,161
08:26:46,161
08:26:47,162
08:26:48,161
08:26:49,161
08:26:50,162
08:26:51,162
08:26:52,162
08:26:53,157
08:26:54,163
08:26:55,163
08:26:56,161
08:26:57,163
08:26:58,163
08:26:59,163
08:27:00,163
08:27:01,163
08:27:02,162
08:27:03,163
08:27:04,163
08:27:05,162
08:27:06,161
08:27:07,161
08:27:08,163
08:27:09,161
08:27:10,161
08:27:11,161
08:27:12,162
08:27:13,162
08:27:14,160
08:27:15,162
08:27:16,162
08:27:17,161
08:27:18,161
08:27:19,161
08:27:20,162
08:27:21,163
08:27:22,163
08:27:23,159
08:27:24,161
08:27:25,161
08:27:26,161
08:27:27,163
08:27:28,163
08:27:29,161
08:27:30,163
08:27:31,163
08:27:32,162
08:27:34,163
08:27:35,162
08:27:36,162
08:27:37,163
08:27:38,165
08:27:39,165
08:27:40,161
08:27:41,162
08:27:42,162
08:27:43,160
08:27:44,162
08:27:45,162
08:27:46,159
08:27:47,161
08:27:48,161
08:27:49,161
08:27:50,162
08:27:51,162
08:27:52,160
08:27:53,161
08:27:54,161
08:27:55,162
08:27:56,161
08:27:57,161
08:27:58,162
08:27:59,161
08:28:00,161
08:28:01,163
08:28:02,164
08:28:03,164
08:28:04,164
08:28:05,160
08:28:06,160
08:28:07,161
08:28:08,163
08:28:09,163
08:28:10,165
08:28:11,162
08:28:12,162
08:28:13,162
08:28:14,161
08:28:15,161
08:28:16,161
08:28:17,162
08:28:18,162
08:28:19,162
08:28:20,162
08:28:21,162
08:28:22,162
08:28:23,160
08:28:24,163
08:28:25,163
08:28:26,158
08:28:27,163
08:28:28,163
08:28:29,164
08:28:30,164
08:28:31,164
08:28:32,163
08:28:33,162
08:28:34,162
08:28:35,163
08:28:36,164
08:28:37,164
08:28:38,163
08:28:39,160
08:28:40,160
08:28:41,163
08:28:42,161
08:28:43,161
08:28:44,160
08:28:45,162
08:28:46,162
08:28:47,159
08:28:48,161
08:28:49,161
08:28:50,161
08:28:51,160
08:28:52,160
08:28:53,161
08:28:54,160
08:28:56,160
08:28:57,162
08:28:58,161
08:28:59,160
08:29:00,160
08:29:01,161
08:29:02,162
08:29:03,162
08:29:04,163
08:29:05,160
08:29:06,160
08:29:07,162
08:29:08,161
08:29:09,161
08:29:10,162
08:29:11,163
08:29:12,163
08:29:13,164
08:29:14,161
08:29:15,161
08:29:16,164
08:29:17,162
08:29:18,162
08:29:19,162
08:29:20,160
08:29:21,160
08:29:22,162
08:29:23,161
08:29:24,161
08:29:25,161
08:29:26,162
08:29:27,162
08:29:28,161
08:29:29,163
08:29:30,163
08:29:31,160
08:29:32,163
08:29:33,163
08:29:34,163
08:29:35,164
08:29:36,164
08:29:37,162
08:29:38,161
08:29:39,161
08:29:40,161
08:29:41,162
08:29:42,162
08:29:43,163
08:29:44,162
08:29:45,162
08:29:46,162
08:29:47,164
08:29:48,163
08:29:49,163
08:29:50,161
08:29:51,162
08:29:52,162
08:29:53,162
08:29:54,161
08:29:55,161
08:29:56,164
08:29:57,161
08:29:58,161
08:29:59,162
08:30:00,161
08:30:01,161
08:30:02,162
08:30:03,162
08:30:04,162
08:30:05,160
08:30:06,161
08:30:07,161
08:30:08,161
08:30:09,161
08:30:10,161
08:30:11,161
08:30:12,161
08:30:13,161
08:30:14,160
08:30:15,161
08:30:16,161
08:30:17,159
08:30:18,160
08:30:19,160
08:30:20,161
08:30:21,162
08:30:22,162
08:30:23,164
08:30:24,161
08:30:25,161
08:30:26,153
08:30:28,163
08:30:29,163
08:30:30,163
08:30:31,161
08:30:32,161
08:30:33,161
08:30:34,164
08:30:35,164
08:30:36,165
08:30:37,163
08:30:38,163
08:30:39,163
08:30:40,160
08:30:41,161
08:30:42,161
08:30:43,160
08:30:44,159
08:30:45,159
08:30:46,163
08:30:47,162
08:30:48,162
08:30:49,162
08:30:50,161
08:30:51,161
08:30:52,163
08:30:53,165
08:30:54,165
08:30:55,165
08:30:56,161
08:30:57,161
08:30:58,161
08:30:59,160
08:31:00,160
08:31:01,162
08:31:02,160
08:31:03,160
08:31:04,160
08:31:05,161
08:31:06,161
08:31:07,160
08:31:08,162
08:31:09,162
08:31:10,160
08:31:11,161
08:31:12,161
08:31:13,161
08:31:14,161
08:31:15,161
08:31:16,160
08:31:17,161
08:31:18,161
08:31:19,158
08:31:20,160
08:31:21,160
08:31:22,165
08:31:23,161
08:31:24,161
08:31:25,161
08:31:26,163
08:31:27,163
08:31:28,163
08:31:29,161
08:31:30,160
08:31:31,160
08:31:32,162
08:31:33,164
08:31:34,164
08:31:35,157
08:31:36,163
08:31:37,163
08:31:38,161
08:31:39,163
08:31:40,163
08:31:41,162
08:31:42,163
08:31:43,163
08:31:44,162
08:31:45,162
08:31:46,162
08:31:47,161
08:31:48,163
08:31:49,163
08:31:50,159
08:31:51,163
08:31:52,163
08:31:53,163
08:31:54,161
08:31:55,161
08:31:56,162
08:31:57,164
08:31:59,164
08:32:00,162
08:32:01,162
08:32:02,162
08:32:03,161
08:32:04,163
08:32:05,163
08:32:06,163
08:32:07,163
08:32:08,163
08:32:09,163
08:32:10,164
08:32:11,161
08:32:12,161
08:32:13,163
08:32:14,162
08:32:15,162
08:32:16,163
08:32:17,161
08:32:18,161
08:32:19,160
08:32:20,161
08:32:21,161
08:32:22,161
08:32:23,159
08:32:24,159
08:32:25,161
08:32:26,160
08:32:27,160
08:32:28,163
08:32:29,159
08:32:30,159
08:32:31,160
08:32:32,160
08:32:33,160
08:32:34,162
08:32:35,163
08:32:36,163
08:32:37,157
08:32:38,159
08:32:39,159
08:32:40,158
08:32:41,161
08:32:42,161
08:32:43,162
08:32:44,161
08:32:45,161
08:32:46,158
08:32:47,157
08:32:48,157
08:32:49,164
08:32:50,162
08:32:51,162
08:32:52,161
08:32:53,162
08:32:54,162
08:32:55,163
08:32:56,163
08:32:57,163
08:32:58,163
08:32:59,162
08:33:00,164
08:33:01,164
08:33:02,162
08:33:03,162
08:33:04,162
08:33:05,162
08:33:06,162
08:33:07,162
08:33:08,161
08:33:09,162
08:33:10,162
08:33:11,162
08:33:12,162
08:33:13,162
08:33:14,162
08:33:15,160
08:33:16,160
08:33:17,161
08:33:18,162
08:33:19,162
08:33:20,161
08:33:21,163
08:33:22,163
08:33:23,163
08:33:24,162
08:33:25,162
08:33:26,163
08:33:27,163
08:33:28,163
08:33:30,163
08:33:31,162
08:33:32,162
08:33:33,160
08:33:34,163
08:33:35,163
08:33:36,163
08:33:37,160
08:33:38,160
08:33:39,163
08:33:40,162
08:33:41,162
08:33:42,160
08:33:43,161
08:33:44,161
08:33:45,160
08:33:46,161
08:33:47,158
08:33:48,158
08:33:49,159
08:33:50,161
08:33:51,161
08:33:52,162
08:33:53,160
08:33:54,160
08:33:55,152
08:33:56,164
08:33:57,164
08:33:58,163
08:33:59,161
08:34:00,161
08:34:01,165
08:34:02,162
08:34:03,162
08:34:04,163
08:34:05,161
08:34:06,161
08:34:07,162
08:34:08,163
08:34:09,163
08:34:10,160
08:34:11,162
08:34:12,162
08:34:13,163
08:34:14,161
08:34:15,161
08:34:16,163
08:34:17,162
08:34:18,162
08:34:19,160
08:34:20,160
08:34:21,160
08:34:22,162
08:34:23,161
08:34:24,161
08:34:25,162
08:34:26,162
08:34:27,162
08:34:28,161
08:34:29,162
08:34:30,162
08:34:31,163
08:34:32,164
08:34:33,162
08:34:34,162
08:34:35,160
08:34:36,163
08:34:37,163
08:34:38,162
08:34:39,163
08:34:40,163
08:34:41,164
08:34:42,163
08:34:43,163
08:34:44,162
08:34:45,164
08:34:46,164
08:34:47,161
08:34:48,164
08:34:49,164
08:34:50,161
08:34:51,163
08:34:52,163
08:34:53,161
08:34:54,161
08:34:55,161
08:34:56,161
08:34:57,160
08:34:58,160
08:35:00,162
08:35:01,161
08:35:02,161
08:35:03,160
08:35:04,164
08:35:05,164
08:35:06,163
08:35:07,156
08:35:08,156
08:35:09,160
08:35:10,163
08:35:11,163
08:35:12,163
08:35:13,162
08:35:14,162
08:35:15,160
08:35:16,161
08:35:17,161
08:35:18,160
08:35:19,161
08:35:20,162
08:35:21,162
08:35:22,162
08:35:23,162
08:35:24,162
08:35:25,162
08:35:26,161
08:35:27,161
08:35:28,162
08:35:29,163
08:35:30,163
08:35:31,162
08:35:32,162
08:35:33,162
08:35:34,162
08:35:35,162
08:35:36,162
08:35:37,161
08:35:38,163
08:35:39,163
08:35:40,163
08:35:41,162
08:35:42,162
08:35:43,162
08:35:44,162
08:35:45,162
08:35:46,162
08:35:47,162
08:35:48,162
08:35:49,161
08:35:50,159
08:35:51,159
08:35:52,160
08:35:53,161
08:35:54,161
08:35:55,159
08:35:56,161
08:35:57,161
08:35:58,161
08:35:59,161
08:36:00,161
08:36:01,161
08:36:02,163
08:36:03,163
08:36:04,161
08:36:05,161
08:36:06,161
08:36:07,161
08:36:08,162
08:36:09,160
08:36:10,160
08:36:11,162
08:36:12,164
08:36:13,164
08:36:14,162
08:36:15,162
08:36:16,162
08:36:17,164
08:36:18,162
08:36:19,162
08:36:20,161
08:36:21,162
08:36:22,162
08:36:23,162
08:36:24,163
08:36:25,163
08:36:26,160
08:36:27,162
08:36:28,162
08:36:30,162
08:36:31,160
08:36:32,160
08:36:33,163
08:36:34,164
08:36:35,164
08:36:36,162
08:36:37,161
08:36:38,161
08:36:39,162
08:36:40,163
08:36:41,163
08:36:42,163
08:36:43,162
08:36:44,162
08:36:45,163
08:36:46,163
08:36:47,163
08:36:48,161
08:36:49,164
08:36:50,164
08:36:51,161
08:36:52,160
08:36:53,160
08:36:54,162
08:36:55,161
08:36:56,162
08:36:57,162
08:36:58,162
08:36:59,161
08:37:00,161
08:37:01,162
08:37:02,164
08:37:03,164
08:37:04,163
08:37:05,163
08:37:06,163
08:37:07,161
08:37:08,161
08:37:09,161
08:37:10,162
08:37:11,161
08:37:12,161
08:37:13,163
08:37:14,160
08:37:15,160
08:37:16,162
08:37:17,160
08:37:18,160
08:37:19,161
08:37:20,162
08:37:21,162
08:37:22,162
08:37:23,161
08:37:24,161
08:37:25,162
08:37:26,161
08:37:27,161
08:37:28,161
08:37:29,160
08:37:30,160
08:37:31,162
08:37:32,162
08:37:33,162
08:37:34,161
08:37:35,163
08:37:36,163
08:37:37,163
08:37:38,163
08:37:39,163
08:37:40,163
08:37:41,163
08:37:42,163
08:37:43,162
08:37:44,161
08:37:45,164
08:37:46,164
08:37:47,161
08:37:48,160
08:37:49,160
08:37:50,161
08:37:51,163
08:37:52,163
08:37:53,164
08:37:54,165
08:37:55,165
08:37:56,161
08:37:57,161
08:37:58,161
08:37:59,162
08:38:00,161
08:38:02,161
08:38:03,161
08:38:04,161
08:38:05,161
08:38:06,160
08:38:07,162
08:38:08,162
08:38:09,161
08:38:10,162
08:38:11,162
08:38:12,162
08:38:13,162
08:38:14,162
08:38:15,163
08:38:16,162
08:38:17,162
08:38:18,163
08:38:19,164
08:38:20,164
08:38:21,163
08:38:22,162
08:38:23,162
08:38:24,159
08:38:25,162
08:38:26,162
08:38:27,160
08:38:28,160
08:38:29,160
08:38:30,161
08:38:31,161
08:38:32,161
08:38:33,161
08:38:34,161
08:38:35,160
08:38:36,160
08:38:37,162
08:38:38,161
08:38:39,161
08:38:40,163
08:38:41,162
08:38:42,162
08:38:43,160
08:38:44,161
08:38:45,161
08:38:46,161
08:38:47,160
08:38:48,160
08:38:49,163
08:38:50,162
08:38:51,162
08:38:52,162
08:38:53,162
08:38:54,162
08:38:55,161
08:38:56,159
08:38:57,159
08:38:58,162
08:38:59,163
08:39:00,163
08:39:01,161
08:39:02,162
08:39:03,162
08:39:04,161
08:39:05,160
08:39:06,160
08:39:07,158
08:39:08,160
08:39:09,160
08:39:10,164
08:39:11,162
08:39:12,160
08:39:13,160
08:39:14,158
08:39:15,160
08:39:16,160
08:39:17,162
08:39:18,162
08:39:19,162
08:39:20,162
08:39:21,163
08:39:22,163
08:39:23,163
08:39:24,160
08:39:25,160
08:39:27,160
08:39:28,161
08:39:29,161
08:39:30,162
08:39:31,162
08:39:32,162
08:39:33,164
08:39:34,161
08:39:35,161
08:39:36,163
08:39:37,163
08:39:38,163
08:39:39,157
08:39:40,163
08:39:41,163
08:39:42,163
08:39:43,162
08:39:44,162
08:39:45,163
08:39:46,163
08:39:47,163
08:39:48,163
08:39:49,162
08:39:50,162
08:39:51,161
08:39:52,161
08:39:53,161
08:39:54,163
08:39:55,162
08:39:56,162
08:39:57,160
08:39:58,163
08:39:59,163
08:40:00,163
08:40:01,162
08:40:02,159
08:40:03,159
08:40:04,163
08:40:05,161
08:40:06,161
08:40:07,163
08:40:08,160
08:40:09,160
08:40:10,163
08:40:11,164
08:40:12,164
08:40:13,160
08:40:14,162
08:40:15,162
08:40:16,162
08:40:17,163
08:40:18,163
08:40:19,160
08:40:20,164
08:40:21,164
08:40:22,161
08:40:23,163
08:40:24,163
08:40:25,162
08:40:26,160
08:40:27,160
08:40:28,164
08:40:29,161
08:40:30,161
08:40:31,161
08:40:32,160
08:40:33,160
08:40:34,163
08:40:35,160
08:40:36,160
08:40:37,161
08:40:38,163
08:40:39,163
08:40:40,160
08:40:41,162
08:40:42,162
08:40:43,163
08:40:44,159
08:40:45,159
08:40:46,163
08:40:47,162
08:40:48,162
08:40:49,162
08:40:50,160
08:40:51,162
08:40:52,162
08:40:53,161
08:40:54,159
08:40:56,159
08:40:57,158
08:40:58,159
08:40:59,159
08:41:00,164
08:41:01,159
08:41:02,159
08:41:03,159
08:41:04,161
08:41:05,161
08:41:06,165
08:41:07,163
08:41:08,163
08:41:09,162
08:41:10,161
08:41:11,161
08:41:12,160
08:41:13,162
08:41:14,162
08:41:15,162
08:41:16,161
08:41:17,161
08:41:18,163
08:41:19,162
08:41:20,162
08:41:21,161
08:41:22,161
08:41:23,161
08:41:24,163
08:41:25,162
08:41:26,162
08:41:27,161
08:41:28,159
08:41:29,159
08:41:30,161
08:41:31,162
08:41:32,162
08:41:33,162
08:41:34,161
08:41:35,161
08:41:36,161
08:41:37,160
08:41:38,162
08:41:39,162
08:41:40,162
08:41:41,160
08:41:42,160
08:41:43,160
08:41:44,161
08:41:45,161
08:41:46,162
08:41:47,162
08:41:48,162
08:41:49,160
08:41:50,161
08:41:51,161
08:41:52,163
08:41:53,157
08:41:54,157
08:41:55,163
08:41:56,161
08:41:57,161
08:41:58,161
08:41:59,164
08:42:00,164
08:42:01,161
08:42:02,159
08:42:03,159
08:42:04,160
08:42:05,162
08:42:06,162
08:42:07,163
08:42:08,161
08:42:09,161
08:42:10,163
08:42:11,164
08:42:12,164
08:42:13,158
08:42:14,160
08:42:15,160
08:42:16,158
08:42:17,160
08:42:18,162
08:42:19,162
08:42:20,162
08:42:21,160
08:42:23,160
08:42:24,160
08:42:25,163
08:42:26,163
08:42:27,162
08:42:28,162
08:42:29,162
08:42:30,161
08:42:31,161
08:42:32,161
08:42:33,161
08:42:34,162
08:42:35,162
08:42:36,162
08:42:37,162
08:42:38,162
08:42:39,160
08:42:40,161
08:42:41,161
08:42:42,160
08:42:43,161
08:42:44,161
08:42:45,162
08:42:46,162
08:42:47,162
08:42:48,159
08:42:49,160
08:42:50,160
08:42:51,159
08:42:52,163
08:42:53,163
08:42:54,162
08:42:55,160
08:42:56,160
08:42:57,163
08:42:58,162
08:42:59,162
08:43:00,163
08:43:01,158
08:43:02,158
08:43:03,162
08:43:04,162
08:43:05,155
08:43:06,155
08:43:07,164
08:43:08,161
08:43:09,161
08:43:10,163
08:43:11,161
08:43:12,161
08:43:13,163
08:43:14,160
08:43:15,160
08:43:16,161
08:43:17,160
08:43:18,160
08:43:19,163
08:43:20,163
08:43:21,163
08:43:22,164
08:43:23,161
08:43:24,161
08:43:25,162
08:43:26,163
08:43:27,163
08:43:28,161
08:43:29,163
08:43:30,163
08:43:31,163
08:43:32,161
08:43:33,161
08:43:34,161
08:43:35,163
08:43:36,163
08:43:37,162
08:43:38,164
08:43:39,164
08:43:40,161
08:43:41,163
08:43:42,163
08:43:43,162
08:43:44,164
08:43:45,163
08:43:47,163
08:43:48,162
08:43:49,164
08:43:50,164
08:43:51,163
08:43:52,162
08:43:53,162
08:43:54,162
08:43:55,163
08:43:56,163
08:43:57,163
08:43:58,163
08:43:59,163
08:44:00,164
08:44:01,161
08:44:02,161
08:44:03,160
08:44:04,159
08:44:05,159
08:44:06,162
08:44:07,163
08:44:08,163
08:44:09,161
08:44:10,159
08:44:11,159
08:44:12,163
08:44:13,161
08:44:14,161
08:44:15,160
08:44:16,160
08:44:17,160
08:44:18,158
08:44:19,162
08:44:20,162
08:44:21,158
08:44:22,161
08:44:23,161
08:44:24,162
08:44:25,161
08:44:26,161
08:44:27,162
08:44:28,162
08:44:29,162
08:44:30,160
08:44:31,161
08:44:32,159
08:44:33,159
08:44:34,160
08:44:35,163
08:44:36,163
08:44:37,162
08:44:38,160
08:44:39,160
08:44:40,160
08:44:41,161
08:44:42,161
08:44:43,161
08:44:44,162
08:44:45,162
08:44:46,161
08:44:47,160
08:44:48,160
08:44:49,160
08:44:50,161
08:44:51,161
08:44:52,160
08:44:53,161
08:44:54,161
08:44:55,159
08:44:56,158
08:44:57,158
08:44:58,161
08:44:59,158
08:45:00,158
08:45:01,160
08:45:02,159
08:45:03,159
08:45:04,161
08:45:05,162
08:45:06,162
08:45:07,161
08:45:08,161
08:45:09,161
08:45:10,161
08:45:11,163
08:45:12,163
08:45:13,163
08:45:14,161
08:45:15,161
08:45:17,160
08:45:18,163
08:45:19,164
08:45:20,164
08:45:21,163
08:45:22,161
08:45:23,161
08:45:24,164
08:45:25,160
08:45:26,160
08:45:27,163
08:45:28,163
08:45:29,163
08:45:30,162
08:45:31,154
08:45:32,154
08:45:33,164
08:45:34,161
08:45:35,161
08:45:36,163
08:45:37,162
08:45:38,162
08:45:39,161
08:45:40,163
08:45:41,163
08:45:42,162
08:45:43,160
08:45:44,160
08:45:45,163
08:45:46,164
08:45:47,164
08:45:48,163
08:45:49,162
08:45:50,162
08:45:51,160
08:45:52,164
08:45:53,164
08:45:54,163
08:45:55,160
08:45:56,160
08:45:57,164
08:45:58,164
08:45:59,164
08:46:00,162
08:46:01,161
08:46:02,161
08:46:03,163
08:46:04,160
08:46:05,160
08:46:06,158
08:46:07,161
08:46:08,162
08:46:09,162
08:46:10,162
08:46:11,161
08:46:12,161
08:46:13,162
08:46:14,161
08:46:15,161
08:46:16,160
08:46:17,160
08:46:18,160
08:46:19,159
08:46:20,157
08:46:21,157
08:46:22,158
08:46:23,162
08:46:24,162
08:46:25,164
08:46:26,162
08:46:27,162
08:46:28,162
08:46:29,163
08:46:30,163
08:46:31,160
08:46:32,160
08:46:33,160
08:46:34,162
08:46:35,160
08:46:36,160
08:46:37,162
08:46:38,162
08:46:39,162
08:46:40,162
08:46:41,162
08:46:42,162
08:46:43,161
08:46:44,158
08:46:45,158
08:46:47,164
08:46:48,161
08:46:49,161
08:46:50,163
08:46:51,163
08:46:52,163
08:46:53,163
08:46:54,162
08:46:55,162
08:46:56,162
08:46:57,163
08:46:58,164
08:46:59,164
08:47:00,163
08:47:01,162
08:47:02,162
08:47:03,163
08:47:04,165
08:47:05,165
08:47:06,162
08:47:07,162
08:47:08,162
08:47:09,162
08:47:10,160
08:47:11,160
08:47:12,162
08:47:13,163
08:47:14,163
08:47:15,162
08:47:16,162
08:47:17,162
08:47:18,161
08:47:19,163
08:47:20,163
08:47:21,162
08:47:22,162
08:47:23,162
08:47:24,162
08:47:25,164
08:47:26,164
08:47:27,162
08:47:28,164
08:47:29,164
08:47:30,163
08:47:31,161
08:47:32,161
08:47:33,163
08:47:34,160
08:47:35,160
08:47:36,164
08:47:37,160
08:47:38,160
08:47:39,163
08:47:40,160
08:47:41,161
08:47:42,161
08:47:43,162
08:47:44,161
08:47:45,161
08:47:46,163
08:47:47,164
08:47:48,164
08:47:49,162
08:47:50,163
08:47:51,163
08:47:52,159
08:47:53,162
08:47:54,162
08:47:55,164
08:47:56,161
08:47:57,161
08:47:58,163
08:47:59,164
08:48:00,164
08:48:01,163
08:48:02,163
08:48:03,163
08:48:04,163
08:48:05,160
08:48:06,160
08:48:07,160
08:48:08,163
08:48:09,163
08:48:10,162
08:48:11,160
08:48:12,160
08:48:13,164
08:48:14,163
08:48:15,163
08:48:16,161
08:48:18,163
08:48:19,163
08:48:20,164
08:48:21,162
08:48:22,162
08:48:23,163
08:48:24,163
08:48:25,163
08:48:26,163
08:48:27,162
08:48:28,162
08:48:29,163
08:48:30,163
08:48:31,161
08:48:32,161
08:48:33,162
08:48:34,161
08:48:35,161
08:48:36,161
08:48:37,162
08:48:38,162
08:48:39,163
08:48:40,160
08:48:41,160
08:48:42,160
08:48:43,161
08:48:44,161
08:48:45,161
08:48:46,164
08:48:47,164
08:48:48,161
08:48:49,161
08:48:50,161
08:48:51,162
08:48:52,162
08:48:53,162
08:48:54,161
08:48:55,163
08:48:56,163
08:48:57,161
08:48:58,162
08:48:59,162
08:49:00,161
08:49:01,163
08:49:02,163
08:49:03,161
08:49:04,162
08:49:05,163
08:49:06,163
08:49:07,163
08:49:08,164
08:49:09,164
08:49:10,163
08:49:11,163
08:49:12,163
08:49:13,162
08:49:14,162
08:49:15,162
08:49:16,163
08:49:17,162
08:49:18,162
08:49:19,162
08:49:20,162
08:49:21,162
08:49:22,161
08:49:23,162
08:49:24,162
08:49:25,161
08:49:26,160
08:49:27,160
08:49:28,160
08:49:29,164
08:49:30,164
08:49:31,159
08:49:32,163
08:49:33,163
08:49:34,162
08:49:36,159
08:49:37,159
08:49:38,163
08:49:39,164
08:49:40,164
08:49:41,161
08:49:42,164
08:49:43,164
08:49:44,161
08:49:45,159
08:49:46,159
08:49:47,161
08:49:48,162
08:49:49,162
08:49:50,162
08:49:51,163
08:49:52,162
08:49:53,162
08:49:54,161
08:49:55,162
08:49:56,162
08:49:57,160
08:49:58,163
08:49:59,163
08:50:00,160
08:50:01,161
08:50:02,161
08:50:03,161
08:50:04,161
08:50:05,161
08:50:06,161
08:50:07,160
08:50:08,160
08:50:09,163
08:50:10,164
08:50:11,164
08:50:12,162
08:50:13,162
08:50:14,162
08:50:15,161
08:50:16,156
08:50:17,156
08:50:18,161
08:50:19,163
08:50:20,163
08:50:21,163
08:50:22,164
08:50:23,164
08:50:24,161
08:50:25,162
08:50:26,162
08:50:27,162
08:50:28,162
08:50:29,162
08:50:30,164
08:50:31,162
08:50:32,162
08:50:33,163
08:50:34,163
08:50:35,163
08:50:36,161
08:50:37,162
08:50:38,163
08:50:39,163
08:50:40,165
08:50:41,162
08:50:42,162
08:50:43,159
08:50:44,162
08:50:45,162
08:50:46,163
08:50:47,163
08:50:48,163
08:50:49,162
08:50:50,162
08:50:51,162
08:50:52,164
08:50:53,160
08:50:54,160
08:50:55,162
08:50:56,161
08:50:57,161
08:50:58,160
08:50:59,159
08:51:00,159
08:51:01,162
08:51:02,159
08:51:03,159
08:51:05,160
08:51:06,162
08:51:07,162
08:51:08,162
08:51:09,158
08:51:10,158
08:51:11,163
08:51:12,161
08:51:13,161
08:51:14,163
08:51:15,160
08:51:16,160
08:51:17,162
08:51:18,161
08:51:19,161
08:51:20,162
08:51:21,155
08:51:22,155
08:51:23,164
08:51:24,163
08:51:25,162
08:51:26,162
08:51:27,162
08:51:28,162
08:51:29,162
08:51:30,160
08:51:31,161
08:51:32,161
08:51:33,160
08:51:34,158
08:51:35,158
08:51:36,162
08:51:37,161
08:51:38,161
08:51:39,160
08:51:40,162
08:51:41,162
08:51:42,162
08:51:43,162
08:51:44,162
08:51:45,162
08:51:46,161
08:51:47,161
08:51:48,162
08:51:49,161
08:51:50,161
08:51:51,162
08:51:52,160
08:51:53,160
08:51:54,163
08:51:55,162
08:51:56,162
08:51:57,162
08:51:58,164
08:51:59,164
08:52:00,163
08:52:01,162
08:52:02,162
08:52:03,160
08:52:04,164
08:52:05,164
08:52:06,163
08:52:07,163
08:52:08,163
08:52:09,162
08:52:10,162
08:52:11,164
08:52:12,164
08:52:13,162
08:52:14,163
08:52:15,163
08:52:16,162
08:52:17,162
08:52:18,162
08:52:19,162
08:52:20,163
08:52:21,163
08:52:22,162
08:52:23,162
08:52:24,162
08:52:25,163
08:52:26,159
08:52:27,159
08:52:28,156
08:52:29,161
08:52:30,161
08:52:31,162
08:52:32,162
08:52:34,162
08:52:35,163
08:52:36,161
08:52:37,161
08:52:38,163
08:52:39,161
08:52:40,161
08:52:41,163
08:52:42,161
08:52:43,161
08:52:44,163
08:52:45,161
08:52:46,161
08:52:47,162
08:52:48,162
08:52:49,162
08:52:50,161
08:52:51,160
08:52:52,160
08:52:53,159
08:52:54,158
08:52:55,158
08:52:56,159
08:52:57,162
08:52:58,161
08:52:59,161
08:53:00,162
08:53:01,162
08:53:02,162
08:53:03,161
08:53:04,163
08:53:05,163
08:53:06,162
08:53:07,162
08:53:08,162
08:53:09,161
08:53:10,161
08:53:11,161
08:53:12,160
08:53:13,161
08:53:14,161
08:53:15,159
08:53:16,157
08:53:17,157
08:53:18,162
08:53:19,160
08:53:20,160
08:53:21,163
08:53:22,162
08:53:23,162
08:53:24,163
08:53:25,162
08:53:26,162
08:53:27,159
08:53:28,164
08:53:29,164
08:53:30,163
08:53:31,163
08:53:32,163
08:53:33,161
08:53:34,164
08:53:35,164
08:53:36,163
08:53:37,163
08:53:38,163
08:53:39,159
08:53:40,163
08:53:41,163
08:53:42,163
08:53:43,165
08:53:44,162
08:53:45,162
08:53:46,162
08:53:47,162
08:53:48,162
08:53:49,164
08:53:50,161
08:53:51,161
08:53:52,161
08:53:53,162
08:53:54,162
08:53:55,161
08:53:56,162
08:53:58,162
08:53:59,161
08:54:00,164
08:54:01,164
08:54:02,163
08:54:03,161
08:54:04,161
08:54:05,161
08:54:06,162
08:54:07,162
08:54:08,164
08:54:09,164
08:54:10,164
08:54:11,162
08:54:12,163
08:54:13,163
08:54:14,162
08:54:15,161
08:54:16,161
08:54:17,162
08:54:18,161
08:54:19,161
08:54:20,165
08:54:21,160
08:54:22,160
08:54:23,162
08:54:24,163
08:54:25,161
08:54:26,161
08:54:27,162
08:54:28,163
08:54:29,163
08:54:30,160
08:54:31,162
08:54:32,162
08:54:33,160
08:54:34,163
08:54:35,163
08:54:36,162
08:54:37,160
08:54:38,160
08:54:39,159
08:54:40,162
08:54:41,162
08:54:42,164
08:54:43,164
08:54:44,164
08:54:45,164
08:54:46,160
08:54:47,160
08:54:48,162
08:54:49,161
08:54:50,161
08:54:51,162
08:54:52,161
08:54:53,161
08:54:54,161
08:54:55,162
08:54:56,162
08:54:57,161
08:54:58,161
08:54:59,161
08:55:00,163
08:55:01,163
08:55:02,163
08:55:03,162
08:55:04,163
08:55:05,163
08:55:06,161
08:55:07,163
08:55:08,163
08:55:09,163
08:55:10,165
08:55:11,163
08:55:12,163
08:55:13,162
08:55:14,163
08:55:15,163
08:55:16,165
08:55:17,165
08:55:18,165
08:55:19,164
08:55:20,163
08:55:21,163
08:55:22,161
08:55:24,164
08:55:25,164
08:55:26,159
08:55:27,163
08:55:28,163
08:55:29,163
08:55:30,159
08:55:31,159
08:55:32,162
08:55:33,162
08:55:34,162
08:55:35,163
08:55:36,160
08:55:37,160
08:55:38,162
08:55:39,161
08:55:40,161
08:55:41,163
08:55:42,161
08:55:43,161
08:55:44,160
08:55:45,160
08:55:46,160
08:55:47,161
08:55:48,163
08:55:49,163
08:55:50,163
08:55:51,162
08:55:52,162
08:55:53,164
08:55:54,164
08:55:55,160
08:55:56,160
08:55:57,165
08:55:58,159
08:55:59,159
08:56:00,162
08:56:01,163
08:56:02,163
08:56:03,163
08:56:04,162
08:56:05,162
08:56:06,162
08:56:07,163
08:56:08,163
08:56:09,166
08:56:10,163
08:56:11,163
08:56:12,162
08:56:13,161
08:56:14,161
08:56:15,160
08:56:16,161
08:56:17,161
08:56:18,160
08:56:19,162
08:56:20,162
08:56:21,162
08:56:22,160
08:56:23,160
08:56:24,163
08:56:25,161
08:56:26,161
08:56:27,161
08:56:28,162
08:56:29,162
08:56:30,163
08:56:31,163
08:56:32,163
08:56:33,163
08:56:34,163
08:56:35,163
08:56:36,163
08:56:37,161
08:56:38,161
08:56:39,164
08:56:40,161
08:56:41,161
08:56:42,161
08:56:43,160
08:56:44,160
08:56:45,160
08:56:46,160
08:56:47,162
08:56:48,162
08:56:49,161
08:56:50,159
08:56:52,159
08:56:53,161
08:56:54,161
08:56:55,161
08:56:56,163
08:56:57,162
08:56:58,162
08:56:59,160
08:57:00,163
08:57:01,163
08:57:02,163
08:57:03,163
08:57:04,163
08:57:05,162
08:57:06,163
08:57:07,163
08:57:08,163
08:57:09,164
08:57:10,164
08:57:11,160
08:57:12,161
08:57:13,161
08:57:14,164
08:57:15,163
08:57:16,163
08:57:17,162
08:57:18,163
08:57:19,163
08:57:20,162
08:57:21,163
08:57:22,163
08:57:23,163
08:57:24,162
08:57:25,163
08:57:26,163
08:57:27,164
08:57:28,162
08:57:29,162
08:57:30,163
08:57:31,161
08:57:32,161
08:57:33,163
08:57:34,160
08:57:35,160
08:57:36,162
08:57:37,160
08:57:38,160
08:57:39,163
08:57:40,162
08:57:41,162
08:57:42,162
08:57:43,162
08:57:44,162
08:57:45,163
08:57:46,163
08:57:47,163
08:57:48,164
08:57:49,164
08:57:50,164
08:57:51,161
08:57:52,160
08:57:53,160
08:57:54,161
08:57:55,163
08:57:56,163
08:57:57,160
08:57:58,161
08:57:59,161
08:58:00,163
08:58:01,162
08:58:02,162
08:58:03,160
08:58:04,162
08:58:05,162
08:58:06,162
08:58:07,162
08:58:08,162
08:58:09,163
08:58:10,161
08:58:11,161
08:58:12,161
08:58:13,161
08:58:14,160
08:58:15,160
08:58:17,162
08:58:18,163
08:58:19,163
08:58:20,163
08:58:21,164
08:58:22,164
08:58:23,163
08:58:24,161
08:58:25,161
08:58:26,163
08:58:27,161
08:58:28,161
08:58:29,163
08:58:30,163
08:58:31,163
08:58:32,163
08:58:33,163
08:58:34,163
08:58:35,159
08:58:36,162
08:58:37,162
08:58:38,161
08:58:39,163
08:58:40,163
08:58:41,164
08:58:42,165
08:58:43,165
08:58:44,162
08:58:45,160
08:58:46,160
08:58:47,162
08:58:48,163
08:58:49,163
08:58:50,160
08:58:51,161
08:58:52,161
08:58:53,164
08:58:54,163
08:58:55,163
08:58:56,163
08:58:57,158
08:58:58,162
08:58:59,162
08:59:00,163
08:59:01,162
08:59:02,162
08:59:03,163
08:59:04,162
08:59:05,162
08:59:06,162
08:59:07,161
08:59:08,161
08:59:09,161
08:59:10,158
08:59:11,158
08:59:12,162
08:59:13,161
08:59:14,161
08:59:15,163
08:59:16,160
08:59:17,160
08:59:18,161
08:59:19,163
08:59:20,163
08:59:21,162
08:59:22,164
08:59:23,164
08:59:24,162
08:59:25,160
08:59:26,160
08:59:27,156
08:59:28,163
08:59:29,163
08:59:30,165
08:59:31,164
08:59:32,164
08:59:33,164
08:59:34,163
08:59:35,163
08:59:36,163
08:59:37,159
08:59:38,159
08:59:39,164
08:59:40,159
08:59:41,164
08:59:42,164
08:59:44,162
08:59:45,162
08:59:46,162
08:59:47,163
08:59:48,162
08:59:49,162
08:59:50,161
08:59:51,163
08:59:52,163
08:59:53,164
08:59:54,161
08:59:55,161
08:59:56,162
08:59:57,162
08:59:58,162
08:59:59,162
09:00:00,161
09:00:01,161
09:00:02,162
09:00:03,165
09:00:04,165
09:00:05,164
09:00:06,161
09:00:07,161
09:00:08,165
09:00:09,164
09:00:10,164
09:00:11,162
09:00:12,162
09:00:13,162
09:00:14,162
09:00:15,163
09:00:16,163
09:00:17,165
09:00:18,162
09:00:19,162
09:00:20,161
09:00:21,162
09:00:22,162
09:00:23,162
09:00:24,164
09:00:25,162
09:00:26,162
09:00:27,163
09:00:28,163
09:00:29,163
09:00:30,162
09:00:31,162
09:00:32,162
09:00:33,163
09:00:34,162
09:00:35,162
09:00:36,164
09:00:37,161
09:00:38,161
09:00:39,162
09:00:40,165
09:00:41,165
09:00:42,164
09:00:43,162
09:00:44,162
09:00:45,165
09:00:46,164
09:00:47,164
09:00:48,163
09:00:49,162
09:00:50,162
09:00:51,160
09:00:52,162
09:00:53,162
09:00:54,163
09:00:55,164
09:00:56,164
09:00:57,163
09:00:58,163
09:00:59,163
09:01:00,162
09:01:01,163
09:01:02,163
09:01:03,161
09:01:04,162
09:01:05,162
09:01:06,162
09:01:07,162
09:01:08,162
09:01:10,160
09:01:11,161
09:01:12,162
09:01:13,162
09:01:14,162
09:01:15,162
09:01:16,162
09:01:17,163
09:01:18,162
09:01:19,162
09:01:20,163
09:01:21,162
09:01:22,162
09:01:23,161
09:01:24,161
09:01:25,161
09:01:26,162
09:01:27,163
09:01:28,163
09:01:29,161
09:01:30,162
09:01:31,162
09:01:32,160
09:01:33,162
09:01:34,162
09:01:35,162
09:01:36,164
09:01:37,164
09:01:38,161
09:01:39,162
09:01:40,162
09:01:41,161
09:01:42,163
09:01:43,163
09:01:44,162
09:01:45,163
09:01:46,163
09:01:47,159
09:01:48,162
09:01:49,162
09:01:50,163
09:01:51,163
09:01:52,163
09:01:53,160
09:01:54,162
09:01:55,162
09:01:56,161
09:01:57,159
09:01:58,163
09:01:59,163
09:02:00,161
09:02:01,160
09:02:02,160
09:02:03,162
09:02:04,162
09:02:05,162
09:02:06,164
09:02:07,163
09:02:08,163
09:02:09,156
09:02:10,162
09:02:11,162
09:02:12,161
09:02:13,162
09:02:14,162
09:02:15,162
09:02:16,162
09:02:17,162
09:02:18,164
09:02:19,164
09:02:20,164
09:02:21,163
09:02:22,163
09:02:23,163
09:02:24,161
09:02:25,161
09:02:26,161
09:02:27,161
09:02:28,159
09:02:29,159
09:02:30,160
09:02:31,162
09:02:32,162
09:02:33,163
09:02:34,163
09:02:35,163
09:02:36,163
09:02:37,162
09:02:39,162
09:02:40,161
09:02:41,160
09:02:42,160
09:02:43,163
09:02:44,161
09:02:45,160
09:02:46,160
09:02:47,164
09:02:48,163
09:02:49,163
09:02:50,163
09:02:51,163
09:02:52,163
09:02:53,162
09:02:54,161
09:02:55,161
09:02:56,162
09:02:57,161
09:02:58,161
09:02:59,163
09:03:00,162
09:03:01,162
09:03:02,161
09:03:03,159
09:03:04,159
09:03:05,160
09:03:06,163
09:03:07,163
09:03:08,163
09:03:09,162
09:03:10,162
09:03:11,161
09:03:12,163
09:03:13,163
09:03:14,164
09:03:15,161
09:03:16,161
09:03:17,164
09:03:18,163
09:03:19,163
09:03:20,164
09:03:21,163
09:03:22,163
09:03:23,161
09:03:24,162
09:03:25,162
09:03:26,163
09:03:27,160
09:03:28,160
09:03:29,162
09:03:30,163
09:03:31,163
09:03:32,162
09:03:33,165
09:03:34,164
09:03:35,164
09:03:36,164
09:03:37,163
09:03:38,163
09:03:39,161
09:03:40,162
09:03:41,162
09:03:42,162
09:03:43,164
09:03:44,164
09:03:45,163
09:03:46,164
09:03:47,164
09:03:48,164
09:03:49,163
09:03:50,163
09:03:51,163
09:03:52,161
09:03:53,161
09:03:54,160
09:03:55,163
09:03:56,163
09:03:57,161
09:03:58,161
09:03:59,161
09:04:00,163
09:04:01,162
09:04:02,162
09:04:03,159
09:04:04,162
09:04:05,162
09:04:06,162
09:04:07,161
09:04:09,161
09:04:10,163
09:04:11,160
09:04:12,160
09:04:13,162
09:04:14,164
09:04:15,164
09:04:16,160
09:04:17,161
09:04:18,163
09:04:19,163
09:04:20,162
09:04:21,161
09:04:22,161
09:04:23,163
09:04:24,160
09:04:25,160
09:04:26,163
09:04:27,160
09:04:28,160
09:04:29,160
09:04:30,162
09:04:31,162
09:04:32,160
09:04:33,164
09:04:34,164
09:04:35,163
09:04:36,163
09:04:37,163
09:04:38,162
09:04:39,164
09:04:40,164
09:04:41,163
09:04:42,161
09:04:43,161
09:04:44,164
09:04:45,164
09:04:46,164
09:04:47,161
09:04:48,161
09:04:49,161
09:04:50,163
09:04:51,160
09:04:52,160
09:04:53,162
09:04:54,160
09:04:55,160
09:04:56,159
09:04:57,163
09:04:58,163
09:04:59,161
09:05:00,163
09:05:01,163
09:05:02,163
09:05:03,162
09:05:04,164
09:05:05,164
09:05:06,163
09:05:07,163
09:05:08,163
09:05:09,160
09:05:10,158
09:05:11,158
09:05:12,161
09:05:13,162
09:05:14,162
09:05:15,162
09:05:16,161
09:05:17,161
09:05:18,160
09:05:19,161
09:05:20,161
09:05:21,162
09:05:22,163
09:05:23,163
09:05:24,163
09:05:25,161
09:05:26,161
09:05:27,162
09:05:28,160
09:05:29,160
09:05:30,161
09:05:31,163
09:05:32,163
09:05:33,162
09:05:34,161
09:05:36,161
09:05:37,162
09:05:38,162
09:05:39,162
09:05:40,162
09:05:41,154
09:05:42,154
09:05:43,163
09:05:44,164
09:05:45,164
09:05:46,164
09:05:47,161
09:05:48,161
09:05:49,163
09:05:50,163
09:05:51,161
09:05:52,161
09:05:53,164
09:05:54,163
09:05:55,163
09:05:56,162
09:05:57,161
09:05:58,161
09:05:59,162
09:06:00,164
09:06:01,164
09:06:02,161
09:06:03,161
09:06:04,161
09:06:05,162
09:06:06,160
09:06:07,160
09:06:08,162
09:06:09,162
09:06:10,162
09:06:11,162
09:06:12,162
09:06:13,162
09:06:14,163
09:06:15,160
09:06:16,160
09:06:17,160
09:06:18,160
09:06:19,160
09:06:20,161
09:06:21,162
09:06:22,162
09:06:23,162
09:06:24,163
09:06:25,163
09:06:26,160
09:06:27,162
09:06:28,162
09:06:29,161
09:06:30,163
09:06:31,163
09:06:32,163
09:06:33,162
09:06:34,162
09:06:35,161
09:06:36,161
09:06:37,160
09:06:38,160
09:06:39,161
09:06:40,159
09:06:41,159
09:06:42,159
09:06:43,160
09:06:44,160
09:06:45,162
09:06:46,159
09:06:47,159
09:06:48,159
09:06:49,162
09:06:50,162
09:06:51,163
09:06:52,163
09:06:53,163
09:06:54,157
09:06:55,162
09:06:56,162
09:06:57,163
09:06:58,163
09:06:59,163
09:07:00,164
09:07:01,164
09:07:02,164
09:07:03,162
09:07:04,164
09:07:05,164
09:07:07,163
09:07:08,162
09:07:09,162
09:07:10,163
09:07:11,162
09:07:12,162
09:07:13,165
09:07:14,164
09:07:15,164
09:07:16,160
09:07:17,161
09:07:18,161
09:07:19,163
09:07:20,163
09:07:21,163
09:07:22,163
09:07:23,162
09:07:24,163
09:07:25,163
09:07:26,163
09:07:27,160
09:07:28,160
09:07:29,163
09:07:30,161
09:07:31,161
09:07:32,162
09:07:33,160
09:07:34,160
09:07:35,162
09:07:36,162
09:07:37,162
09:07:38,162
09:07:39,162
09:07:40,162
09:07:41,161
09:07:42,162
09:07:43,162
09:07:44,164
09:07:45,161
09:07:46,161
09:07:47,158
09:07:48,163
09:07:49,163
09:07:50,163
09:07:51,162
09:07:52,162
09:07:53,163
09:07:54,163
09:07:55,163
09:07:56,162
09:07:57,162
09:07:58,162
09:07:59,162
09:08:00,163
09:08:01,163
09:08:02,163
09:08:03,163
09:08:04,162
09:08:05,162
09:08:06,163
09:08:07,161
09:08:08,161
09:08:09,160
09:08:10,163
09:08:11,163
09:08:12,162
09:08:13,161
09:08:14,161
09:08:15,163
09:08:16,161
09:08:17,161
09:08:18,161
09:08:19,162
09:08:21,162
09:08:22,162
09:08:23,162
09:08:24,162
09:08:25,162
09:08:26,161
09:08:27,161
09:08:28,164
09:08:29,163
09:08:30,163
09:08:31,160
09:08:32,162
09:08:33,162
09:08:34,163
09:08:35,162
09:08:36,162
09:08:37,162
09:08:38,164
09:08:39,164
09:08:40,161
09:08:41,163
09:08:42,160
09:08:43,160
09:08:44,163
09:08:45,163
09:08:46,163
09:08:47,163
09:08:48,164
09:08:49,164
09:08:50,161
09:08:51,164
09:08:52,164
09:08:53,162
09:08:54,164
09:08:55,164
09:08:56,162
09:08:57,165
09:08:58,165
09:08:59,163
09:09:00,162
09:09:01,162
09:09:02,161
09:09:03,161
09:09:04,161
09:09:05,162
09:09:06,161
09:09:07,161
09:09:08,161
09:09:09,162
09:09:10,162
09:09:11,161
09:09:12,160
09:09:13,160
09:09:14,160
09:09:15,160
09:09:16,160
09:09:17,161
09:09:18,161
09:09:19,161
09:09:20,158
09:09:21,164
09:09:22,163
09:09:23,163
09:09:24,162
09:09:25,165
09:09:26,165
09:09:27,164
09:09:28,164
09:09:29,164
09:09:30,162
09:09:31,164
09:09:32,164
09:09:33,163
09:09:34,159
09:09:35,159
09:09:36,163
09:09:37,165
09:09:38,165
09:09:39,163
09:09:40,160
09:09:41,160
09:09:43,161
09:09:44,162
09:09:45,162
09:09:46,162
09:09:47,161
09:09:48,161
09:09:49,162
09:09:50,160
09:09:51,160
09:09:52,162
09:09:53,162
09:09:54,162
09:09:55,161
09:09:56,162
09:09:57,162
09:09:58,163
09:09:59,160
09:10:00,160
09:10:01,161
09:10:02,162
09:10:03,162
09:10:04,163
09:10:05,164
09:10:06,164
09:10:07,162
09:10:08,162
09:10:09,162
09:10:10,162
09:10:11,159
09:10:12,161
09:10:13,161
09:10:14,163
09:10:15,161
09:10:16,161
09:10:17,162
09:10:18,163
09:10:19,163
09:10:20,162
09:10:21,161
09:10:22,161
09:10:23,161
09:10:24,159
09:10:25,159
09:10:26,162
09:10:27,160
09:10:28,160
09:10:29,162
09:10:30,162
09:10:31,162
09:10:32,164
09:10:33,163
09:10:34,163
09:10:35,162
09:10:36,162
09:10:37,162
09:10:38,161
09:10:39,164
09:10:40,164
09:10:41,163
09:10:42,159
09:10:43,159
09:10:44,162
09:10:45,164
09:10:46,164
09:10:47,164
09:10:48,160
09:10:49,160
09:10:50,164
09:10:51,162
09:10:52,162
09:10:53,162
09:10:54,163
09:10:55,161
09:10:56,161
09:10:57,159
09:10:58,161
09:10:59,161
09:11:00,162
09:11:01,161
09:11:02,161
09:11:03,161
09:11:04,164
09:11:05,164
09:11:06,159
09:11:07,162
09:11:08,162
09:11:09,163
09:11:10,161
09:11:11,161
09:11:13,161
09:11:14,161
09:11:15,161
09:11:16,161
09:11:17,162
09:11:18,162
09:11:19,160
09:11:20,161
09:11:21,161
09:11:22,161
09:11:23,161
09:11:24,161
09:11:25,162
09:11:26,162
09:11:27,162
09:11:28,161
09:11:29,162
09:11:30,162
09:11:31,161
09:11:32,161
09:11:33,161
09:11:34,162
09:11:35,161
09:11:36,161
09:11:37,163
09:11:38,163
09:11:39,163
09:11:40,162
09:11:41,162
09:11:42,162
09:11:43,155
09:11:44,164
09:11:45,165
09:11:46,165
09:11:47,163
09:11:48,162
09:11:49,162
09:11:50,163
09:11:51,166
09:11:52,166
09:11:53,163
09:11:54,165
09:11:55,165
09:11:56,161
09:11:57,162
09:11:58,162
09:11:59,161
09:12:00,163
09:12:01,163
09:12:02,162
09:12:03,162
09:12:04,162
09:12:05,161
09:12:06,162
09:12:07,162
09:12:08,162
09:12:09,163
09:12:10,163
09:12:11,162
09:12:12,162
09:12:13,162
09:12:14,161
09:12:15,164
09:12:16,164
09:12:17,161
09:12:18,163
09:12:19,163
09:12:20,163
09:12:21,162
09:12:22,162
09:12:23,163
09:12:24,160
09:12:25,160
09:12:26,164
09:12:27,160
09:12:28,160
09:12:29,162
09:12:30,161
09:12:31,161
09:12:32,161
09:12:33,161
09:12:34,160
09:12:35,160
09:12:36,163
09:12:37,163
09:12:38,163
09:12:39,159
09:12:40,161
09:12:41,161
09:12:43,161
09:12:44,159
09:12:45,159
09:12:46,162
09:12:47,160
09:12:48,160
09:12:49,158
09:12:50,163
09:12:51,163
09:12:52,164
09:12:53,161
09:12:54,161
09:12:55,163
09:12:56,163
09:12:57,163
09:12:58,161
09:12:59,164
09:13:00,164
09:13:01,161
09:13:02,165
09:13:03,165
09:13:04,162
09:13:05,163
09:13:06,163
09:13:07,162
09:13:08,161
09:13:09,161
09:13:10,161
09:13:11,161
09:13:12,161
09:13:13,163
09:13:14,161
09:13:15,161
09:13:16,162
09:13:17,163
09:13:18,162
09:13:19,162
09:13:20,162
09:13:21,161
09:13:22,161
09:13:23,162
09:13:24,162
09:13:25,162
09:13:26,160
09:13:27,163
09:13:28,163
09:13:29,160
09:13:30,160
09:13:31,160
09:13:32,161
09:13:33,163
09:13:34,163
09:13:35,164
09:13:36,162
09:13:37,162
09:13:38,162
09:13:39,162
09:13:40,162
09:13:41,161
09:13:42,162
09:13:43,162
09:13:44,162
09:13:45,163
09:13:46,163
09:13:47,161
09:13:48,162
09:13:49,162
09:13:50,161
09:13:51,162
09:13:52,162
09:13:53,162
09:13:54,160
09:13:55,163
09:13:56,163
09:13:57,162
09:13:58,164
09:13:59,164
09:14:00,161
09:14:01,160
09:14:02,160
09:14:03,162
09:14:05,161
09:14:06,161
09:14:07,160
09:14:08,160
09:14:09,160
09:14:10,163
09:14:11,162
09:14:12,162
09:14:13,163
09:14:14,159
09:14:15,159
09:14:16,162
09:14:17,161
09:14:18,161
09:14:19,163
09:14:20,158
09:14:21,158
09:14:22,159
09:14:23,164
09:14:24,164
09:14:25,164
09:14:26,162
09:14:27,162
09:14:28,159
09:14:29,161
09:14:30,161
09:14:31,162
09:14:32,163
09:14:33,163
09:14:34,161
09:14:35,163
09:14:36,163
09:14:37,162
09:14:38,163
09:14:39,163
09:14:40,162
09:14:41,162
09:14:42,162
09:14:43,161
09:14:44,162
09:14:45,163
09:14:46,163
09:14:47,159
09:14:48,162
09:14:49,162
09:14:50,163
09:14:51,162
09:14:52,162
09:14:53,162
09:14:54,161
09:14:55,161
09:14:56,162
09:14:57,163
09:14:58,163
09:14:59,162
09:15:00,162
09:15:01,162
09:15:02,163
09:15:03,162
09:15:04,162
09:15:05,162
09:15:06,163
09:15:07,163
09:15:08,162
09:15:09,160
09:15:10,160
09:15:11,163
09:15:12,162
09:15:13,162
09:15:14,161
09:15:15,162
09:15:16,162
09:15:17,161
09:15:18,161
09:15:19,161
09:15:20,156
09:15:21,160
09:15:22,160
09:15:23,165
09:15:24,163
09:15:25,163
09:15:26,160
09:15:27,161
09:15:28,161
09:15:29,161
09:15:30,163
09:15:31,164
09:15:32,164
09:15:33,162
09:15:34,164
09:15:36,164
09:15:37,164
09:15:38,163
09:15:39,163
09:15:40,160
09:15:41,162
09:15:42,162
09:15:43,159
09:15:44,162
09:15:45,162
09:15:46,162
09:15:47,162
09:15:48,162
09:15:49,161
09:15:50,162
09:15:51,162
09:15:52,163
09:15:53,164
09:15:54,164
09:15:55,165
09:15:56,163
09:15:57,163
09:15:58,164
09:15:59,163
09:16:00,163
09:16:01,162
09:16:02,161
09:16:03,161
09:16:04,164
09:16:05,162
09:16:06,162
09:16:07,160
09:16:08,161
09:16:09,161
09:16:10,163
09:16:11,162
09:16:12,162
09:16:13,161
09:16:14,162
09:16:15,162
09:16:16,162
09:16:17,163
09:16:18,161
09:16:19,161
09:16:20,161
09:16:21,161
09:16:22,161
09:16:23,160
09:16:24,159
09:16:25,159
09:16:26,161
09:16:27,162
09:16:28,162
09:16:29,159
09:16:30,163
09:16:31,163
09:16:32,161
09:16:33,164
09:16:34,164
09:16:35,163
09:16:36,161
09:16:37,161
09:16:38,165
09:16:39,162
09:16:40,162
09:16:41,163
09:16:42,164
09:16:43,164
09:16:44,163
09:16:45,162
09:16:46,162
09:16:47,161
09:16:48,162
09:16:49,162
09:16:50,162
09:16:51,162
09:16:52,162
09:16:53,161
09:16:54,161
09:16:55,161
09:16:56,162
09:16:57,163
09:16:58,163
09:16:59,163
09:17:00,160
09:17:01,160
09:17:02,164
09:17:03,163
09:17:04,164
09:17:05,164
09:17:07,164
09:17:08,161
09:17:09,161
09:17:10,162
09:17:11,164
09:17:12,164
09:17:13,163
09:17:14,162
09:17:15,162
09:17:16,162
09:17:17,162
09:17:18,162
09:17:19,163
09:17:20,160
09:17:21,160
09:17:22,161
09:17:23,161
09:17:24,161
09:17:25,161
09:17:26,162
09:17:27,162
09:17:28,161
09:17:29,162
09:17:30,162
09:17:31,163
09:17:32,159
09:17:33,159
09:17:34,162
09:17:35,163
09:17:36,163
09:17:37,162
09:17:38,159
09:17:39,159
09:17:40,160
09:17:41,163
09:17:42,163
09:17:43,163
09:17:44,163
09:17:45,163
09:17:46,161
09:17:47,154
09:17:48,154
09:17:49,162
09:17:50,163
09:17:51,165
09:17:52,165
09:17:53,162
09:17:54,162
09:17:55,162
09:17:56,163
09:17:57,160
09:17:58,160
09:17:59,161
09:18:00,162
09:18:01,162
09:18:02,162
09:18:03,163
09:18:04,163
09:18:05,163
09:18:06,162
09:18:07,162
09:18:08,162
09:18:09,162
09:18:10,162
09:18:11,163
09:18:12,163
09:18:13,163
09:18:14,162
09:18:15,160
09:18:16,160
09:18:17,161
09:18:18,163
09:18:19,163
09:18:20,162
09:18:21,164
09:18:22,164
09:18:23,165
09:18:24,164
09:18:25,164
09:18:26,164
09:18:27,164
09:18:28,164
09:18:29,163
09:18:30,163
09:18:31,163
09:18:32,162
09:18:34,162
09:18:35,162
09:18:36,162
09:18:37,163
09:18:38,161
09:18:39,161
09:18:40,161
09:18:41,162
09:18:42,162
09:18:43,162
09:18:44,162
09:18:45,162
09:18:46,162
09:18:47,161
09:18:48,161
09:18:49,163
09:18:50,160
09:18:51,160
09:18:52,163
09:18:53,162
09:18:54,162
09:18:55,161
09:18:56,161
09:18:57,161
09:18:58,163
09:18:59,157
09:19:00,157
09:19:01,162
09:19:02,165
09:19:03,165
09:19:04,162
09:19:05,163
09:19:06,163
09:19:07,162
09:19:08,163
09:19:09,163
09:19:10,165
09:19:11,162
09:19:12,162
09:19:13,162
09:19:14,162
09:19:15,162
09:19:16,162
09:19:17,163
09:19:18,165
09:19:19,165
09:19:20,164
09:19:21,161
09:19:22,161
09:19:23,163
09:19:24,163
09:19:25,163
09:19:26,161
09:19:27,161
09:19:28,161
09:19:29,163
09:19:30,163
09:19:31,163
09:19:32,160
09:19:33,163
09:19:34,163
09:19:35,164
09:19:36,162
09:19:37,162
09:19:38,163
09:19:39,162
09:19:40,162
09:19:41,161
09:19:42,163
09:19:43,163
09:19:44,161
09:19:45,162
09:19:46,162
09:19:47,164
09:19:48,160
09:19:49,160
09:19:50,162
09:19:51,162
09:19:52,162
09:19:53,163
09:19:55,161
09:19:56,161
09:19:57,163
09:19:58,163
09:19:59,161
09:20:00,161
09:20:01,160
09:20:02,161
09:20:03,161
09:20:04,163
09:20:05,157
09:20:06,157
09:20:07,163
09:20:08,163
09:20:09,163
09:20:10,161
09:20:11,160
09:20:12,160
09:20:13,161
09:20:14,160
09:20:15,160
09:20:16,163
09:20:17,162
09:20:18,162
09:20:19,162
09:20:20,164
09:20:21,164
09:20:22,165
09:20:23,163
09:20:24,163
09:20:25,164
09:20:26,163
09:20:27,163
09:20:28,164
09:20:29,161
09:20:30,161
09:20:31,163
09:20:32,163
09:20:33,163
09:20:34,162
09:20:35,163
09:20:36,163
09:20:37,162
09:20:38,162
09:20:39,162
09:20:40,163
09:20:41,164
09:20:42,164
09:20:43,164
09:20:44,161
09:20:45,160
09:20:46,160
09:20:47,162
09:20:48,163
09:20:49,163
09:20:50,162
09:20:51,160
09:20:52,160
09:20:53,161
09:20:54,164
09:20:55,164
09:20:56,164
09:20:57,164
09:20:58,164
09:20:59,161
09:21:00,162
09:21:01,162
09:21:02,163
09:21:03,163
09:21:04,163
09:21:05,159
09:21:06,161
09:21:07,161
09:21:08,161
09:21:09,161
09:21:10,161
09:21:11,162
09:21:12,160
09:21:13,160
09:21:14,163
09:21:15,162
09:21:16,162
09:21:17,163
09:21:18,162
09:21:19,162
09:21:20,163
09:21:21,162
09:21:22,162
09:21:24,161
09:21:25,161
09:21:26,161
09:21:27,162
09:21:28,164
09:21:29,164
09:21:30,163
09:21:31,162
09:21:32,162
09:21:33,161
09:21:34,162
09:21:35,162
09:21:36,162
09:21:37,159
09:21:38,162
09:21:39,162
09:21:40,161
09:21:41,165
09:21:42,165
09:21:43,163
09:21:44,162
09:21:45,162
09:21:46,161
09:21:47,161
09:21:48,161
09:21:49,162
09:21:50,165
09:21:51,165
09:21:52,160
09:21:53,162
09:21:54,162
09:21:55,161
09:21:56,163
09:21:57,163
09:21:58,162
09:21:59,160
09:22:00,160
09:22:01,162
09:22:02,160
09:22:03,160
09:22:04,162
09:22:05,162
09:22:06,162
09:22:07,162
09:22:08,162
09:22:09,162
09:22:10,161
09:22:11,161
09:22:12,161
09:22:13,162
09:22:14,161
09:22:15,161
09:22:16,163
09:22:17,161
09:22:18,161
09:22:19,160
09:22:20,162
09:22:21,159
09:22:22,159
09:22:23,161
09:22:24,161
09:22:25,161
09:22:26,163
09:22:27,161
09:22:28,161
09:22:29,160
09:22:30,160
09:22:31,160
09:22:32,160
09:22:33,162
09:22:34,162
09:22:35,160
09:22:36,163
09:22:37,163
09:22:38,164
09:22:39,163
09:22:40,163
09:22:41,162
09:22:42,161
09:22:43,161
09:22:44,162
09:22:45,161
09:22:46,161
09:22:47,155
09:22:48,160
09:22:49,160
09:22:50,162
09:22:51,162
09:22:52,162
09:22:54,162
09:22:55,161
09:22:56,161
09:22:57,163
09:22:58,162
09:22:59,162
09:23:00,161
09:23:01,161
09:23:02,161
09:23:03,161
09:23:04,161
09:23:05,161
09:23:06,161
09:23:07,161
09:23:08,164
09:23:09,164
09:23:10,163
09:23:11,160
09:23:12,160
09:23:13,164
09:23:14,161
09:23:15,161
09:23:16,165
09:23:17,163
09:23:18,163
09:23:19,162
09:23:20,162
09:23:21,162
09:23:22,164
09:23:23,163
09:23:24,163
09:23:25,161
09:23:26,162
09:23:27,162
09:23:28,163
09:23:29,163
09:23:30,163
09:23:31,163
09:23:32,163
09:23:33,163
09:23:34,163
09:23:35,162
09:23:36,162
09:23:37,164
09:23:38,158
09:23:39,158
09:23:40,161
09:23:41,161
09:23:42,161
09:23:43,161
09:23:44,163
09:23:45,163
09:23:46,162
09:23:47,161
09:23:48,161
09:23:49,161
09:23:50,161
09:23:51,162
09:23:52,162
09:23:53,160
09:23:54,155
09:23:55,155
09:23:56,163
09:23:57,164
09:23:58,164
09:23:59,162
09:24:00,165
09:24:01,165
09:24:02,162
09:24:03,165
09:24:04,165
09:24:05,163
09:24:06,162
09:24:07,162
09:24:08,161
09:24:09,163
09:24:10,163
09:24:11,160
09:24:12,162
09:24:13,162
09:24:14,162
09:24:15,162
09:24:17,162
09:24:18,164
09:24:19,162
09:24:20,162
09:24:21,164
09:24:22,161
09:24:23,161
09:24:24,164
09:24:25,164
09:24:26,164
09:24:27,163
09:24:28,161
09:24:29,161
09:24:30,163
09:24:31,160
09:24:32,160
09:24:33,162
09:24:34,165
09:24:35,160
09:24:36,160
09:24:37,163
09:24:38,163
09:24:39,163
09:24:40,161
09:24:41,162
09:24:42,162
09:24:43,161
09:24:44,163
09:24:45,163
09:24:46,162
09:24:47,163
09:24:48,163
09:24:49,162
09:24:50,159
09:24:51,159
09:24:52,160
09:24:53,162
09:24:54,162
09:24:55,161
09:24:56,162
09:24:57,162
09:24:58,162
09:24:59,161
09:25:00,161
09:25:01,159
09:25:02,163
09:25:03,163
09:25:04,161
09:25:05,161
09:25:06,161
09:25:07,162
09:25:08,162
09:25:09,162
09:25:10,162
09:25:11,162
09:25:12,162
09:25:13,156
09:25:14,161
09:25:15,161
09:25:16,164
09:25:17,162
09:25:18,162
09:25:19,162
09:25:20,164
09:25:21,163
09:25:22,163
09:25:23,162
09:25:24,160
09:25:25,160
09:25:26,161
09:25:27,161
09:25:28,161
09:25:29,163
09:25:30,162
09:25:31,162
09:25:32,164
09:25:33,163
09:25:34,163
09:25:35,163
09:25:36,164
09:25:37,164
09:25:38,162
09:25:39,162
09:25:40,162
09:25:41,161
09:25:42,164
09:25:43,164
09:25:44,162
09:25:45,160
09:25:46,160
09:25:48,161
09:25:49,162
09:25:50,162
09:25:51,163
09:25:52,160
09:25:53,160
09:25:54,161
09:25:55,160
09:25:56,160
09:25:57,161
09:25:58,162
09:25:59,162
09:26:00,161
09:26:01,162
09:26:02,162
09:26:03,163
09:26:04,161
09:26:05,161
09:26:06,163
09:26:07,163
09:26:08,163
09:26:09,163
09:26:10,162
09:26:11,163
09:26:12,163
09:26:13,165
09:26:14,164
09:26:15,164
09:26:16,163
09:26:17,163
09:26:18,163
09:26:19,161
09:26:20,162
09:26:21,162
09:26:22,164
09:26:23,164
09:26:24,164
09:26:25,154
09:26:26,161
09:26:27,161
09:26:28,164
09:26:29,164
09:26:30,164
09:26:31,163
09:26:32,164
09:26:33,164
09:26:34,165
09:26:35,163
09:26:36,163
09:26:37,163
09:26:38,162
09:26:39,162
09:26:40,161
09:26:41,161
09:26:42,161
09:26:43,162
09:26:44,162
09:26:45,162
09:26:46,162
09:26:47,162
09:26:48,162
09:26:49,164
09:26:50,162
09:26:51,162
09:26:52,161
09:26:53,164
09:26:54,163
09:26:55,163
09:26:56,161
09:26:57,163
09:26:58,163
09:26:59,163
09:27:00,164
09:27:01,164
09:27:02,164
09:27:03,166
09:27:04,166
09:27:05,162
09:27:06,162
09:27:07,162
09:27:08,165
09:27:09,162
09:27:10,162
09:27:11,159
09:27:12,162
09:27:13,162
09:27:14,163
09:27:15,162
09:27:17,162
09:27:18,160
09:27:19,163
09:27:20,163
09:27:21,161
09:27:22,161
09:27:23,161
09:27:24,162
09:27:25,163
09:27:26,163
09:27:27,162
09:27:28,162
09:27:29,162
09:27:30,163
09:27:31,163
09:27:32,163
09:27:33,163
09:27:34,164
09:27:35,164
09:27:36,160
09:27:37,162
09:27:38,162
09:27:39,162
09:27:40,158
09:27:41,161
09:27:42,161
09:27:43,164
09:27:44,161
09:27:45,161
09:27:46,161
09:27:47,162
09:27:48,162
09:27:49,162
09:27:50,160
09:27:51,160
09:27:52,163
09:27:53,161
09:27:54,161
09:27:55,159
09:27:56,163
09:27:57,163
09:27:58,162
09:27:59,164
09:28:00,164
09:28:01,162
09:28:02,163
09:28:03,163
09:28:04,161
09:28:05,162
09:28:06,162
09:28:07,163
09:28:08,163
09:28:09,163
09:28:10,163
09:28:11,161
09:28:12,161
09:28:13,164
09:28:14,163
09:28:15,163
09:28:16,164
09:28:17,165
09:28:18,165
09:28:19,164
09:28:20,163
09:28:21,163
09:28:22,165
09:28:23,165
09:28:24,165
09:28:25,162
09:28:26,163
09:28:27,164
09:28:28,164
09:28:29,162
09:28:30,160
09:28:31,160
09:28:32,160
09:28:33,162
09:28:34,162
09:28:35,161
09:28:36,161
09:28:37,161
09:28:38,162
09:28:39,164
09:28:40,164
09:28:41,162
09:28:42,164
09:28:43,164
09:28:45,161
09:28:46,159
09:28:47,159
09:28:48,163
09:28:49,164
09:28:50,164
09:28:51,162
09:28:52,163
09:28:53,163
09:28:54,164
09:28:55,164
09:28:56,164
09:28:57,161
09:28:58,161
09:28:59,161
09:29:00,163
09:29:01,163
09:29:02,163
09:29:03,162
09:29:04,162
09:29:05,162
09:29:06,162
09:29:07,161
09:29:08,162
09:29:09,162
09:29:10,163
09:29:11,161
09:29:12,161
09:29:13,161
09:29:14,162
09:29:15,162
09:29:16,162
09:29:17,162
09:29:18,162
09:29:19,162
09:29:20,160
09:29:21,160
09:29:22,164
09:29:23,163
09:29:24,163
09:29:25,159
09:29:26,160
09:29:27,160
09:29:28,162
09:29:29,162
09:29:30,162
09:29:31,162
09:29:32,159
09:29:33,159
09:29:34,161
09:29:35,164
09:29:36,164
09:29:37,161
09:29:38,161
09:29:39,161
09:29:40,162
09:29:41,163
09:29:42,163
09:29:43,161
09:29:44,161
09:29:45,161
09:29:46,158
09:29:47,162
09:29:48,162
09:29:49,161
09:29:50,158
09:29:51,162
09:29:52,162
09:29:53,160
09:29:54,160
09:29:55,160
09:29:56,159
09:29:57,161
09:29:58,161
09:29:59,156
09:30:00,163
09:30:01,163
09:30:02,163
09:30:03,163
09:30:04,163
09:30:05,162
09:30:07,165
09:30:08,165
09:30:09,162
09:30:10,164
09:30:11,164
09:30:12,160
09:30:13,163
09:30:14,163
09:30:15,162
09:30:16,162
09:30:17,162
09:30:18,161
09:30:19,161
09:30:20,161
09:30:21,162
09:30:22,162
09:30:23,162
09:30:24,160
09:30:25,161
09:30:26,161
09:30:27,164
09:30:28,162
09:30:29,162
09:30:30,163
09:30:31,159
09:30:32,159
09:30:33,163
09:30:34,162
09:30:35,162
09:30:36,163
09:30:37,162
09:30:38,164
09:30:39,164
09:30:40,161
09:30:41,161
09:30:42,161
09:30:43,163
09:30:44,163
09:30:45,163
09:30:46,162
09:30:47,163
09:30:48,163
09:30:49,162
09:30:50,160
09:30:51,160
09:30:52,162
09:30:53,163
09:30:54,163
09:30:55,162
09:30:56,158
09:30:57,158
09:30:58,162
09:30:59,161
09:31:00,161
09:31:01,159
09:31:02,160
09:31:03,160
09:31:04,159
09:31:05,162
09:31:06,162
09:31:07,164
09:31:08,163
09:31:09,163
09:31:10,162
09:31:11,162
09:31:12,162
09:31:13,163
09:31:14,161
09:31:15,161
09:31:16,160
09:31:17,160
09:31:18,160
09:31:19,165
09:31:20,164
09:31:21,164
09:31:22,164
09:31:23,164
09:31:24,165
09:31:25,165
09:31:26,163
09:31:27,164
09:31:28,164
09:31:29,163
09:31:30,160
09:31:31,160
09:31:32,161
09:31:33,161
09:31:34,161
09:31:35,161
09:31:37,162
09:31:38,162
09:31:39,162
09:31:40,165
09:31:41,165
09:31:42,163
09:31:43,161
09:31:44,161
09:31:45,163
09:31:46,162
09:31:47,162
09:31:48,162
09:31:49,160
09:31:50,160
09:31:51,159
09:31:52,162
09:31:53,162
09:31:54,164
09:31:55,160
09:31:56,160
09:31:57,162
09:31:58,161
09:31:59,161
09:32:00,161
09:32:01,163
09:32:02,163
09:32:03,163
09:32:04,160
09:32:05,160
09:32:06,161
09:32:07,160
09:32:08,160
09:32:09,160
09:32:10,160
09:32:11,161
09:32:12,161
09:32:13,161
09:32:14,163
09:32:15,163
09:32:16,162
09:32:17,163
09:32:18,163
09:32:19,162
09:32:20,162
09:32:21,162
09:32:22,161
09:32:23,164
09:32:24,164
09:32:25,163
09:32:26,161
09:32:27,161
09:32:28,154
09:32:29,163
09:32:30,163
09:32:31,162
09:32:32,165
09:32:33,165
09:32:34,164
09:32:35,165
09:32:36,165
09:32:37,164
09:32:38,163
09:32:39,163
09:32:40,166
09:32:41,165
09:32:42,165
09:32:43,162
09:32:44,162
09:32:45,162
09:32:46,162
09:32:47,164
09:32:48,164
09:32:49,164
09:32:50,162
09:32:51,162
09:32:52,164
09:32:53,161
09:32:54,161
09:32:55,162
09:32:56,162
09:32:57,160
09:32:58,160
09:32:59,164
09:33:00,163
09:33:01,163
09:33:02,163
09:33:03,162
09:33:05,162
09:33:06,162
09:33:07,163
09:33:08,163
09:33:09,162
09:33:10,163
09:33:11,163
09:33:12,162
09:33:13,162
09:33:14,162
09:33:15,163
09:33:16,162
09:33:17,162
09:33:18,164
09:33:19,163
09:33:20,163
09:33:21,162
09:33:22,163
09:33:23,163
09:33:24,160
09:33:25,162
09:33:26,162
09:33:27,161
09:33:28,161
09:33:29,161
09:33:30,162
09:33:31,161
09:33:32,161
09:33:33,163
09:33:34,161
09:33:35,161
09:33:36,162
09:33:37,163
09:33:38,163
09:33:39,163
09:33:40,160
09:33:41,160
09:33:42,161
09:33:43,162
09:33:44,162
09:33:45,162
09:33:46,164
09:33:47,164
09:33:48,164
09:33:49,161
09:33:50,163
09:33:51,163
09:33:52,163
09:33:53,164
09:33:54,164
09:33:55,163
09:33:56,161
09:33:57,161
09:33:58,163
09:33:59,163
09:34:00,163
09:34:01,163
09:34:02,162
09:34:03,162
09:34:04,160
09:34:05,162
09:34:06,162
09:34:07,163
09:34:08,162
09:34:09,162
09:34:10,161
09:34:11,163
09:34:12,163
09:34:13,162
09:34:14,165
09:34:15,165
09:34:16,163
09:34:17,160
09:34:18,160
09:34:19,161
09:34:20,162
09:34:21,162
09:34:22,164
09:34:23,162
09:34:24,164
09:34:25,164
09:34:27,162
09:34:28,162
09:34:29,162
09:34:30,161
09:34:31,160
09:34:32,160
09:34:33,163
09:34:34,162
09:34:35,162
09:34:36,158
09:34:37,161
09:34:38,161
09:34:39,162
09:34:40,159
09:34:41,159
09:34:42,162
09:34:43,160
09:34:44,160
09:34:45,161
09:34:46,162
09:34:47,162
09:34:48,161
09:34:49,162
09:34:50,162
09:34:51,164
09:34:52,159
09:34:53,159
09:34:54,160
09:34:55,162
09:34:56,162
09:34:57,165
09:34:58,164
09:34:59,164
09:35:00,161
09:35:01,163
09:35:02,163
09:35:03,163
09:35:04,164
09:35:05,164
09:35:06,162
09:35:07,164
09:35:08,163
09:35:09,163
09:35:10,160
09:35:11,161
09:35:12,161
09:35:13,162
09:35:14,164
09:35:15,164
09:35:16,163
09:35:17,161
09:35:18,161
09:35:19,163
09:35:20,162
09:35:21,162
09:35:22,163
09:35:23,162
09:35:24,162
09:35:25,160
09:35:26,162
09:35:27,162
09:35:28,162
09:35:29,161
09:35:30,161
09:35:31,162
09:35:32,164
09:35:33,164
09:35:34,163
09:35:35,161
09:35:36,161
09:35:37,164
09:35:38,163
09:35:39,163
09:35:40,161
09:35:41,163
09:35:42,163
09:35:43,162
09:35:44,160
09:35:45,160
09:35:46,162
09:35:47,163
09:35:48,163
09:35:49,162
09:35:50,162
09:35:51,162
09:35:52,161
09:35:53,163
09:35:55,162
09:35:56,162
09:35:57,161
09:35:58,163
09:35:59,163
09:36:00,162
09:36:01,164
09:36:02,164
09:36:03,163
09:36:04,155
09:36:05,155
09:36:06,161
09:36:07,165
09:36:08,165
09:36:09,164
09:36:10,163
09:36:11,163
09:36:12,162
09:36:13,164
09:36:14,164
09:36:15,164
09:36:16,163
09:36:17,163
09:36:18,163
09:36:19,164
09:36:20,164
09:36:21,162
09:36:22,163
09:36:23,163
09:36:24,163
09:36:25,162
09:36:26,162
09:36:27,162
09:36:28,163
09:36:29,163
09:36:30,163
09:36:31,163
09:36:32,163
09:36:33,165
09:36:34,161
09:36:35,161
09:36:36,161
09:36:37,162
09:36:38,162
09:36:39,162
09:36:40,163
09:36:41,162
09:36:42,162
09:36:43,160
09:36:44,162
09:36:45,162
09:36:46,163
09:36:47,161
09:36:48,161
09:36:49,163
09:36:50,161
09:36:51,161
09:36:52,163
09:36:53,161
09:36:54,161
09:36:55,163
09:36:56,162
09:36:57,162
09:36:58,163
09:36:59,161
09:37:00,161
09:37:01,162
09:37:02,162
09:37:03,162
09:37:04,160
09:37:05,161
09:37:06,161
09:37:07,162
09:37:08,159
09:37:09,159
09:37:10,160
09:37:11,161
09:37:12,161
09:37:13,162
09:37:14,160
09:37:15,160
09:37:16,162
09:37:17,162
09:37:18,162
09:37:19,161
09:37:20,162
09:37:21,162
09:37:23,164
09:37:24,164
09:37:25,164
09:37:26,163
09:37:27,164
09:37:28,165
09:37:29,165
09:37:30,163
09:37:31,163
09:37:32,163
09:37:33,163
09:37:34,161
09:37:35,161
09:37:36,161
09:37:37,162
09:37:38,162
09:37:39,164
09:37:40,161
09:37:41,161
09:37:42,162
09:37:43,162
09:37:44,162
09:37:45,159
09:37:46,162
09:37:47,162
09:37:48,162
09:37:49,162
09:37:50,162
09:37:51,163
09:37:52,164
09:37:53,164
09:37:54,162
09:37:55,161
09:37:56,161
09:37:57,163
09:37:58,163
09:37:59,163
09:38:00,164
09:38:01,162
09:38:02,162
09:38:03,162
09:38:04,161
09:38:05,161
09:38:06,161
09:38:07,160
09:38:08,160
09:38:09,161
09:38:10,161
09:38:11,161
09:38:12,163
09:38:13,160
09:38:14,163
09:38:15,163
09:38:16,160
09:38:17,161
09:38:18,161
09:38:19,162
09:38:20,164
09:38:21,164
09:38:22,161
09:38:23,161
09:38:24,161
09:38:25,161
09:38:26,160
09:38:27,160
09:38:28,160
09:38:29,161
09:38:30,161
09:38:31,159
09:38:32,161
09:38:33,161
09:38:34,161
09:38:35,160
09:38:36,160
09:38:37,156
09:38:38,163
09:38:39,163
09:38:40,160
09:38:41,162
09:38:42,162
09:38:43,162
09:38:44,163
09:38:46,163
09:38:47,162
09:38:48,163
09:38:49,163
09:38:50,160
09:38:51,162
09:38:52,162
09:38:53,162
09:38:54,162
09:38:55,163
09:38:56,163
09:38:57,162
09:38:58,162
09:38:59,162
09:39:00,158
09:39:01,162
09:39:02,162
09:39:03,162
09:39:04,161
09:39:05,161
09:39:06,164
09:39:07,163
09:39:08,163
09:39:09,162
09:39:10,163
09:39:11,163
09:39:12,164
09:39:13,161
09:39:14,161
09:39:15,160
09:39:16,160
09:39:17,160
09:39:18,162
09:39:19,165
09:39:20,165
09:39:21,162
09:39:22,161
09:39:23,161
09:39:24,162
09:39:25,160
09:39:26,160
09:39:27,163
09:39:28,160
09:39:29,160
09:39:30,160
09:39:31,160
09:39:32,160
09:39:33,162
09:39:34,164
09:39:35,164
09:39:36,164
09:39:37,163
09:39:38,163
09:39:39,163
09:39:40,162
09:39:41,162
09:39:42,162
09:39:43,162
09:39:44,162
09:39:45,162
09:39:46,161
09:39:47,162
09:39:48,162
09:39:49,161
09:39:50,159
09:39:51,159
09:39:52,161
09:39:53,164
09:39:54,164
09:39:55,163
09:39:56,164
09:39:57,164
09:39:58,163
09:39:59,163
09:40:00,163
09:40:01,161
09:40:02,164
09:40:03,164
09:40:04,162
09:40:05,163
09:40:06,163
09:40:07,164
09:40:08,159
09:40:09,159
09:40:10,162
09:40:11,163
09:40:12,163
09:40:13,163
09:40:15,162
09:40:16,162
09:40:17,160
09:40:18,161
09:40:19,161
09:40:20,164
09:40:21,164
09:40:22,164
09:40:23,163
09:40:24,164
09:40:25,164
09:40:26,164
09:40:27,161
09:40:28,160
09:40:29,160
09:40:30,164
09:40:31,164
09:40:32,164
09:40:33,162
09:40:34,160
09:40:35,160
09:40:36,160
09:40:37,163
09:40:38,163
09:40:39,161
09:40:40,162
09:40:41,162
09:40:42,161
09:40:43,160
09:40:44,160
09:40:45,161
09:40:46,162
09:40:47,162
09:40:48,161
09:40:49,162
09:40:50,162
09:40:51,163
09:40:52,163
09:40:53,163
09:40:54,163
09:40:55,160
09:40:56,160
09:40:57,161
09:40:58,162
09:40:59,162
09:41:00,159
09:41:01,160
09:41:02,160
09:41:03,161
09:41:04,163
09:41:05,163
09:41:06,162
09:41:07,155
09:41:08,155
09:41:09,161
09:41:10,162
09:41:11,164
09:41:12,164
09:41:13,161
09:41:14,162
09:41:15,162
09:41:16,162
09:41:17,165
09:41:18,165
09:41:19,163
09:41:20,161
09:41:21,161
09:41:22,163
09:41:23,162
09:41:24,162
09:41:25,163
09:41:26,162
09:41:27,162
09:41:28,162
09:41:29,162
09:41:30,162
09:41:31,164
09:41:32,165
09:41:33,165
09:41:34,164
09:41:35,164
09:41:36,164
09:41:37,163
09:41:38,164
09:41:39,164
09:41:40,160
09:41:42,161
09:41:43,161
09:41:44,165
09:41:45,164
09:41:46,164
09:41:47,163
09:41:48,162
09:41:49,162
09:41:50,162
09:41:51,163
09:41:52,163
09:41:53,161
09:41:54,161
09:41:55,161
09:41:56,158
09:41:57,161
09:41:58,164
09:41:59,164
09:42:00,163
09:42:01,162
09:42:02,162
09:42:03,162
09:42:04,163
09:42:05,163
09:42:06,162
09:42:07,163
09:42:08,163
09:42:09,165
09:42:10,164
09:42:11,164
09:42:12,163
09:42:13,162
09:42:14,162
09:42:15,163
09:42:16,157
09:42:17,157
09:42:18,164
09:42:19,164
09:42:20,164
09:42:21,163
09:42:22,163
09:42:23,163
09:42:24,165
09:42:25,162
09:42:26,162
09:42:27,163
09:42:28,164
09:42:29,164
09:42:30,166
09:42:31,164
09:42:32,164
09:42:33,165
09:42:34,162
09:42:35,162
09:42:36,161
09:42:37,162
09:42:38,162
09:42:39,163
09:42:40,161
09:42:41,161
09:42:42,163
09:42:43,163
09:42:44,163
09:42:45,163
09:42:46,163
09:42:47,163
09:42:48,163
09:42:49,162
09:42:50,162
09:42:51,162
09:42:52,162
09:42:53,163
09:42:54,163
09:42:55,163
09:42:56,163
09:42:57,163
09:42:58,161
09:42:59,162
09:43:00,162
09:43:01,164
09:43:02,164
09:43:03,164
09:43:04,163
09:43:05,165
09:43:06,165
09:43:07,163
09:43:08,163
09:43:10,163
09:43:11,161
09:43:12,163
09:43:13,163
09:43:14,161
09:43:15,160
09:43:16,160
09:43:17,162
09:43:18,164
09:43:19,164
09:43:20,161
09:43:21,161
09:43:22,161
09:43:23,161
09:43:24,162
09:43:25,162
09:43:26,161
09:43:27,162
09:43:28,162
09:43:29,160
09:43:30,162
09:43:31,158
09:43:32,158
09:43:33,162
09:43:34,161
09:43:35,161
09:43:36,162
09:43:37,162
09:43:38,162
09:43:39,162
09:43:40,163
09:43:41,163
09:43:42,163
09:43:43,163
09:43:44,163
09:43:45,160
09:43:46,165
09:43:47,165
09:43:48,162
09:43:49,161
09:43:50,161
09:43:51,162
09:43:52,163
09:43:53,163
09:43:54,161
09:43:55,162
09:43:56,162
09:43:57,162
09:43:58,163
09:43:59,163
09:44:00,160
09:44:01,159
09:44:02,159
09:44:03,163
09:44:04,164
09:44:05,164
09:44:06,162
09:44:07,160
09:44:08,160
09:44:09,164
09:44:10,164
09:44:11,164
09:44:12,162
09:44:13,163
09:44:14,163
09:44:15,161
09:44:16,159
09:44:17,162
09:44:18,162
09:44:19,162
09:44:20,160
09:44:21,160
09:44:22,162
09:44:23,161
09:44:24,161
09:44:25,163
09:44:26,163
09:44:27,163
09:44:28,163
09:44:29,163
09:44:30,163
09:44:31,164
09:44:32,161
09:44:33,161
09:44:34,163
09:44:35,164
09:44:37,164
09:44:38,163
09:44:39,163
09:44:40,163
09:44:41,161
09:44:42,164
09:44:43,164
09:44:44,163
09:44:45,161
09:44:46,161
09:44:47,161
09:44:48,162
09:44:49,162
09:44:50,162
09:44:51,162
09:44:52,162
09:44:53,164
09:44:54,160
09:44:55,160
09:44:56,161
09:44:57,160
09:44:58,160
09:44:59,162
09:45:00,164
09:45:01,164
09:45:02,164
09:45:03,161
09:45:04,162
09:45:05,162
09:45:06,162
09:45:07,163
09:45:08,163
09:45:09,162
09:45:10,164
09:45:11,164
09:45:12,165
09:45:13,164
09:45:14,164
09:45:15,164
09:45:16,163
09:45:17,163
09:45:18,163
09:45:19,162
09:45:20,162
09:45:21,160
09:45:22,162
09:45:23,162
09:45:24,163
09:45:25,163
09:45:26,163
09:45:27,160
09:45:28,162
09:45:29,162
09:45:30,162
09:45:31,161
09:45:32,161
09:45:33,162
09:45:34,161
09:45:35,161
09:45:36,160
09:45:37,161
09:45:38,161
09:45:39,164
09:45:40,162
09:45:41,162
09:45:42,164
09:45:43,163
09:45:44,163
09:45:45,162
09:45:46,161
09:45:47,161
09:45:48,162
09:45:49,163
09:45:50,161
09:45:51,161
09:45:52,162
09:45:53,160
09:45:54,160
09:45:55,162
09:45:56,161
09:45:57,161
09:45:58,159
09:45:59,156
09:46:00,156
09:46:01,163
09:46:02,163
09:46:03,163
09:46:04,165
09:46:05,162
09:46:07,162
09:46:08,163
09:46:09,163
09:46:10,163
09:46:11,164
09:46:12,164
09:46:13,164
09:46:14,162
09:46:15,164
09:46:16,164
09:46:17,162
09:46:18,162
09:46:19,162
09:46:20,163
09:46:21,164
09:46:22,164
09:46:23,164
09:46:24,163
09:46:25,163
09:46:26,163
09:46:27,163
09:46:28,163
09:46:29,162
09:46:30,160
09:46:31,160
09:46:32,162
09:46:33,162
09:46:34,162
09:46:35,162
09:46:36,164
09:46:37,162
09:46:38,162
09:46:39,164
09:46:40,163
09:46:41,163
09:46:42,164
09:46:43,162
09:46:44,162
09:46:45,162
09:46:46,163
09:46:47,163
09:46:48,161
09:46:49,162
09:46:50,162
09:46:51,162
09:46:52,162
09:46:53,162
09:46:54,160
09:46:55,160
09:46:56,160
09:46:57,162
09:46:58,161
09:46:59,161
09:47:00,163
09:47:01,163
09:47:02,163
09:47:03,163
09:47:04,162
09:47:05,162
09:47:06,162
09:47:07,161
09:47:08,161
09:47:09,160
09:47:10,162
09:47:11,162
09:47:12,164
09:47:13,162
09:47:14,162
09:47:15,159
09:47:16,163
09:47:17,163
09:47:18,157
09:47:19,164
09:47:20,164
09:47:21,162
09:47:22,165
09:47:23,164
09:47:24,164
09:47:25,162
09:47:26,163
09:47:27,163
09:47:28,162
09:47:29,161
09:47:30,161
09:47:31,163
09:47:32,161
09:47:33,161
09:47:34,161
09:47:35,161
09:47:37,161
09:47:38,162
09:47:39,160
09:47:40,160
09:47:41,162
09:47:42,162
09:47:43,162
09:47:44,163
09:47:45,162
09:47:46,162
09:47:47,160
09:47:48,161
09:47:49,161
09:47:50,164
09:47:51,161
09:47:52,161
09:47:53,163
09:47:54,160
09:47:55,160
09:47:56,162
09:47:57,162
09:47:58,162
09:47:59,160
09:48:00,161
09:48:01,161
09:48:02,162
09:48:03,163
09:48:04,163
09:48:05,161
09:48:06,160
09:48:07,160
09:48:08,162
09:48:09,162
09:48:10,162
09:48:11,162
09:48:12,160
09:48:13,163
09:48:14,163
09:48:15,162
09:48:16,162
09:48:17,162
09:48:18,165
09:48:19,159
09:48:20,159
09:48:21,161
09:48:22,162
09:48:23,162
09:48:24,161
09:48:25,160
09:48:26,160
09:48:27,160
09:48:28,162
09:48:29,162
09:48:30,162
09:48:31,164
09:48:32,164
09:48:33,160
09:48:34,162
09:48:35,162
09:48:36,163
09:48:37,163
09:48:38,163
09:48:39,161
09:48:40,162
09:48:41,162
09:48:42,162
09:48:43,162
09:48:44,162
09:48:45,163
09:48:46,161
09:48:47,161
09:48:48,160
09:48:49,164
09:48:50,164
09:48:51,164
09:48:52,162
09:48:53,159
09:48:54,159
09:48:55,162
09:48:56,163
09:48:57,163
09:48:58,162
09:48:59,163
09:49:00,163
09:49:02,159
09:49:03,163
09:49:04,163
09:49:05,163
09:49:06,163
09:49:07,163
09:49:08,163
09:49:09,160
09:49:10,160
09:49:11,163
09:49:12,163
09:49:13,163
09:49:14,161
09:49:15,163
09:49:16,163
09:49:17,163
09:49:18,162
09:49:19,162
09:49:20,162
09:49:21,160
09:49:22,160
09:49:23,164
09:49:24,165
09:49:25,165
09:49:26,161
09:49:27,161
09:49:28,161
09:49:29,158
09:49:30,161
09:49:31,161
09:49:32,160
09:49:33,161
09:49:34,161
09:49:35,158
09:49:36,160
09:49:37,160
09:49:38,154
09:49:39,164
09:49:40,164
09:49:41,164
09:49:42,165
09:49:43,163
09:49:44,163
09:49:45,164
09:49:46,161
09:49:47,161
09:49:48,164
09:49:49,163
09:49:50,163
09:49:51,164
09:49:52,163
09:49:53,163
09:49:54,164
09:49:55,163
09:49:56,163
09:49:57,165
09:49:58,164
09:49:59,164
09:50:00,161
09:50:01,163
09:50:02,163
09:50:03,164
09:50:04,162
09:50:05,162
09:50:06,164
09:50:07,164
09:50:08,164
09:50:09,162
09:50:10,161
09:50:11,161
09:50:12,162
09:50:13,162
09:50:14,162
09:50:15,163
09:50:16,163
09:50:17,163
09:50:18,164
09:50:19,161
09:50:20,161
09:50:21,163
09:50:22,165
09:50:23,162
09:50:24,162
09:50:25,162
09:50:26,161
09:50:27,161
09:50:28,160
09:50:30,162
09:50:31,162
09:50:32,160
09:50:33,163
09:50:34,163
09:50:35,162
09:50:36,162
09:50:37,162
09:50:38,163
09:50:39,158
09:50:40,158
09:50:41,161
09:50:42,162
09:50:43,162
09:50:44,162
09:50:45,162
09:50:46,162
09:50:47,161
09:50:48,162
09:50:49,162
09:50:50,163
09:50:51,162
09:50:52,162
09:50:53,164
09:50:54,163
09:50:55,163
09:50:56,164
09:50:57,164
09:50:58,164
09:50:59,164
09:51:00,164
09:51:01,164
09:51:02,162
09:51:03,163
09:51:04,163
09:51:05,159
09:51:06,162
09:51:07,162
09:51:08,164
09:51:09,163
09:51:10,163
09:51:11,163
09:51:12,163
09:51:13,163
09:51:14,163
09:51:15,162
09:51:16,160
09:51:17,160
09:51:18,163
09:51:19,164
09:51:20,164
09:51:21,161
09:51:22,162
09:51:23,162
09:51:24,164
09:51:25,161
09:51:26,161
09:51:27,161
09:51:28,163
09:51:29,163
09:51:30,160
09:51:31,162
09:51:32,162
09:51:33,162
09:51:34,162
09:51:35,162
09:51:36,161
09:51:37,162
09:51:38,162
09:51:39,161
09:51:40,163
09:51:41,163
09:51:42,163
09:51:43,160
09:51:44,160
09:51:45,162
09:51:46,161
09:51:47,161
09:51:48,161
09:51:49,162
09:51:50,162
09:51:51,164
09:51:52,164
09:51:53,164
09:51:54,163
09:51:55,159
09:51:56,159
09:51:57,163
09:51:58,164
09:52:00,162
09:52:01,162
09:52:02,163
09:52:03,163
09:52:04,163
09:52:05,163
09:52:06,164
09:52:07,164
09:52:08,164
09:52:09,163
09:52:10,163
09:52:11,164
09:52:12,163
09:52:13,163
09:52:14,161
09:52:15,164
09:52:16,164
09:52:17,162
09:52:18,163
09:52:19,163
09:52:20,162
09:52:21,163
09:52:22,163
09:52:23,163
09:52:24,162
09:52:25,162
09:52:26,162
09:52:27,163
09:52:28,163
09:52:29,163
09:52:30,165
09:52:31,165
09:52:32,162
09:52:33,162
09:52:34,162
09:52:35,162
09:52:36,160
09:52:37,160
09:52:38,160
09:52:39,162
09:52:40,162
09:52:41,164
09:52:42,163
09:52:43,163
09:52:44,162
09:52:45,162
09:52:46,161
09:52:47,161
09:52:48,161
09:52:49,163
09:52:50,163
09:52:51,160
09:52:52,162
09:52:53,162
09:52:54,161
09:52:55,162
09:52:56,162
09:52:57,164
09:52:58,162
09:52:59,162
09:53:00,160
09:53:01,162
09:53:02,162
09:53:03,162
09:53:04,160
09:53:05,160
09:53:06,163
09:53:07,162
09:53:08,162
09:53:09,155
09:53:10,164
09:53:11,164
09:53:12,163
09:53:13,163
09:53:14,163
09:53:15,163
09:53:16,161
09:53:17,161
09:53:18,162
09:53:19,161
09:53:20,161
09:53:21,163
09:53:22,163
09:53:23,163
09:53:24,162
09:53:25,162
09:53:26,162
09:53:27,164
09:53:28,164
09:53:30,164
09:53:31,162
09:53:32,162
09:53:33,161
09:53:34,161
09:53:35,163
09:53:36,161
09:53:37,161
09:53:38,162
09:53:39,162
09:53:40,162
09:53:41,162
09:53:42,161
09:53:43,161
09:53:44,165
09:53:45,165
09:53:46,165
09:53:47,161
09:53:48,161
09:53:49,161
09:53:50,159
09:53:51,162
09:53:52,162
09:53:53,162
09:53:54,162
09:53:55,162
09:53:56,162
09:53:57,162
09:53:58,162
09:53:59,162
09:54:00,162
09:54:01,162
09:54:02,163
09:54:03,162
09:54:04,162
09:54:05,162
09:54:06,161
09:54:07,161
09:54:08,162
09:54:09,161
09:54:10,161
09:54:11,163
09:54:12,161
09:54:13,160
09:54:14,160
09:54:15,152
09:54:16,164
09:54:17,164
09:54:18,164
09:54:19,165
09:54:20,165
09:54:21,163
09:54:22,162
09:54:23,162
09:54:24,161
09:54:25,161
09:54:26,161
09:54:27,163
09:54:28,164
09:54:29,164
09:54:30,164
09:54:31,161
09:54:32,161
09:54:33,163
09:54:34,164
09:54:35,164
09:54:36,164
09:54:37,161
09:54:38,161
09:54:39,162
09:54:40,165
09:54:41,165
09:54:42,164
09:54:43,164
09:54:44,164
09:54:45,164
09:54:46,163
09:54:47,163
09:54:48,162
09:54:49,164
09:54:50,164
09:54:52,163
09:54:53,162
09:54:54,162
09:54:55,162
09:54:56,162
09:54:57,162
09:54:58,162
09:54:59,161
09:55:00,161
09:55:01,161
09:55:02,161
09:55:03,163
09:55:04,163
09:55:05,162
09:55:06,162
09:55:07,162
09:55:08,163
09:55:09,163
09:55:10,163
09:55:11,162
09:55:12,163
09:55:13,163
09:55:14,162
09:55:15,161
09:55:16,161
09:55:17,162
09:55:18,162
09:55:19,162
09:55:20,164
09:55:21,164
09:55:22,164
09:55:23,165
09:55:24,163
09:55:25,163
09:55:26,162
09:55:27,163
09:55:28,163
09:55:29,161
09:55:30,162
09:55:31,162
09:55:32,162
09:55:33,161
09:55:34,161
09:55:35,162
09:55:36,163
09:55:37,163
09:55:38,153
09:55:39,162
09:55:40,162
09:55:41,163
09:55:42,164
09:55:43,164
09:55:44,161
09:55:45,162
09:55:46,163
09:55:47,163
09:55:48,163
09:55:49,164
09:55:50,164
09:55:51,164
09:55:52,163
09:55:53,163
09:55:54,164
09:55:55,162
09:55:56,162
09:55:57,163
09:55:58,163
09:55:59,163
09:56:00,165
09:56:01,164
09:56:02,164
09:56:03,164
09:56:04,162
09:56:05,162
09:56:06,163
09:56:07,163
09:56:08,163
09:56:09,164
09:56:10,162
09:56:11,162
09:56:12,162
09:56:13,164
09:56:14,164
09:56:15,163
09:56:16,162
09:56:17,162
09:56:18,162
09:56:19,164
09:56:20,164
09:56:22,161
09:56:23,163
09:56:24,163
09:56:25,168
09:56:26,162
09:56:27,162
09:56:28,163
09:56:29,162
09:56:30,162
09:56:31,164
09:56:32,164
09:56:33,163
09:56:34,163
09:56:35,161
09:56:36,164
09:56:37,164
09:56:38,161
09:56:39,161
09:56:40,161
09:56:41,163
09:56:42,161
09:56:43,161
09:56:44,160
09:56:45,159
09:56:46,159
09:56:47,162
09:56:48,162
09:56:49,162
09:56:50,161
09:56:51,158
09:56:52,158
09:56:53,165
09:56:54,163
09:56:55,163
09:56:56,162
09:56:57,163
09:56:58,163
09:56:59,163
09:57:00,165
09:57:01,165
09:57:02,161
09:57:03,164
09:57:04,164
09:57:05,164
09:57:06,163
09:57:07,163
09:57:08,162
09:57:09,165
09:57:10,165
09:57:11,163
09:57:12,163
09:57:13,163
09:57:14,163
09:57:15,165
09:57:16,165
09:57:17,163
09:57:18,162
09:57:19,162
09:57:20,162
09:57:21,162
09:57:22,160
09:57:23,160
09:57:24,160
09:57:25,160
09:57:26,160
09:57:27,163
09:57:28,164
09:57:29,164
09:57:30,161
09:57:31,161
09:57:32,161
09:57:33,163
09:57:34,164
09:57:35,164
09:57:36,162
09:57:37,164
09:57:38,164
09:57:39,163
09:57:40,161
09:57:41,161
09:57:42,162
09:57:43,161
09:57:44,161
09:57:45,162
09:57:46,160
09:57:47,160
09:57:48,162
09:57:49,160
09:57:50,160
09:57:51,162
09:57:53,162
09:57:54,162
09:57:55,162
09:57:56,160
09:57:57,160
09:57:58,162
09:57:59,160
09:58:00,160
09:58:01,160
09:58:02,162
09:58:03,162
09:58:04,160
09:58:05,163
09:58:06,163
09:58:07,162
09:58:08,164
09:58:09,165
09:58:10,165
09:58:11,161
09:58:12,165
09:58:13,165
09:58:14,164
09:58:15,163
09:58:16,163
09:58:17,163
09:58:18,165
09:58:19,165
09:58:20,163
09:58:21,162
09:58:22,162
09:58:23,162
09:58:24,161
09:58:25,161
09:58:26,162
09:58:27,164
09:58:28,164
09:58:29,165
09:58:30,162
09:58:31,162
09:58:32,162
09:58:33,162
09:58:34,162
09:58:35,161
09:58:36,163
09:58:37,163
09:58:38,159
09:58:39,162
09:58:40,162
09:58:41,164
09:58:42,162
09:58:43,162
09:58:44,164
09:58:45,163
09:58:46,165
09:58:47,165
09:58:48,162
09:58:49,161
09:58:50,161
09:58:51,161
09:58:52,162
09:58:53,162
09:58:54,163
09:58:55,162
09:58:56,162
09:58:57,159
09:58:58,163
09:58:59,163
09:59:00,163
09:59:01,162
09:59:02,162
09:59:03,162
09:59:04,163
09:59:05,163
09:59:06,163
09:59:07,161
09:59:08,161
09:59:09,163
09:59:10,160
09:59:11,160
09:59:12,164
09:59:14,161
09:59:15,161
09:59:16,162
09:59:17,161
09:59:18,161
09:59:19,162
09:59:20,165
09:59:21,165
09:59:22,162
09:59:23,163
09:59:24,163
09:59:25,163
09:59:26,164
09:59:27,164
09:59:28,164
09:59:29,163
09:59:30,163
09:59:31,163
09:59:32,164
09:59:33,163
09:59:34,163
09:59:35,163
09:59:36,160
09:59:37,160
09:59:38,163
09:59:39,163
09:59:40,163
09:59:41,165
09:59:42,162
09:59:43,162
09:59:44,164
09:59:45,161
09:59:46,161
09:59:47,161
09:59:48,163
09:59:49,163
09:59:50,161
09:59:51,161
09:59:52,161
09:59:53,163
09:59:54,165
09:59:55,165
09:59:56,162
09:59:57,164
09:59:58,164
09:59:59,163
10:00:00,165
10:00:01,165
10:00:02,166
10:00:03,162
10:00:04,162
10:00:05,161
10:00:06,161
10:00:07,161
10:00:08,163
10:00:09,159
10:00:10,159
10:00:11,161
10:00:12,164
10:00:13,164
10:00:14,162
10:00:15,162
10:00:16,162
10:00:17,162
10:00:18,161
10:00:19,161
10:00:20,161
10:00:21,160
10:00:22,162
10:00:23,162
10:00:24,164
10:00:25,164
10:00:26,164
10:00:27,163
10:00:28,163
10:00:29,163
10:00:30,164
10:00:31,161
10:00:32,161
10:00:33,162
10:00:34,159
10:00:35,159
10:00:36,162
10:00:37,161
10:00:38,161
10:00:39,163
10:00:40,162
10:00:42,162
10:00:43,162
10:00:44,161
10:00:45,161
10:00:46,161
10:00:47,163
10:00:48,163
10:00:49,163
10:00:50,161
10:00:51,161
10:00:52,161
10:00:53,164
10:00:54,164
10:00:55,162
10:00:56,161
10:00:57,161
10:00:58,160
10:00:59,164
10:01:00,164
10:01:01,162
10:01:02,163
10:01:03,163
10:01:04,163
10:01:05,162
10:01:06,162
10:01:07,162
10:01:08,161
10:01:09,162
10:01:10,162
10:01:11,159
10:01:12,161
10:01:13,161
10:01:14,164
10:01:15,160
10:01:16,160
10:01:17,161
10:01:18,162
10:01:19,162
10:01:20,164
10:01:21,163
10:01:22,163
10:01:23,161
10:01:24,163
10:01:25,163
10:01:26,162
10:01:27,162
10:01:28,162
10:01:29,162
10:01:30,162
10:01:31,162
10:01:32,162
10:01:33,163
10:01:34,163
10:01:35,157
10:01:36,164
10:01:37,164
10:01:38,164
10:01:39,165
10:01:40,165
10:01:41,163
10:01:42,161
10:01:43,161
10:01:44,161
10:01:45,165
10:01:46,165
10:01:47,164
10:01:48,164
10:01:49,164
10:01:50,163
10:01:51,163
10:01:52,163
10:01:53,163
10:01:54,164
10:01:55,161
10:01:56,161
10:01:57,164
10:01:58,163
10:01:59,163
10:02:00,164
10:02:01,163
10:02:02,163
10:02:03,163
10:02:04,162
10:02:05,162
10:02:06,163
10:02:07,161
10:02:08,161
10:02:09,163
10:02:11,159
10:02:12,159
10:02:13,162
10:02:14,163
10:02:15,163
10:02:16,162
10:02:17,161
10:02:18,161
10:02:19,164
10:02:20,165
10:02:21,165
10:02:22,164
10:02:23,163
10:02:24,163
10:02:25,165
10:02:26,162
10:02:27,162
10:02:28,162
10:02:29,161
10:02:30,161
10:02:31,162
10:02:32,162
10:02:33,162
10:02:34,159
10:02:35,160
10:02:36,160
10:02:37,163
10:02:38,160
10:02:39,161
10:02:40,161
10:02:41,154
10:02:42,164
10:02:43,164
10:02:44,162
10:02:45,162
10:02:46,162
10:02:47,162
10:02:48,163
10:02:49,163
10:02:50,163
10:02:51,163
10:02:52,163
10:02:53,164
10:02:54,162
10:02:55,162
10:02:56,161
10:02:57,162
10:02:58,162
10:02:59,162
10:03:00,162
10:03:01,162
10:03:02,163
10:03:03,163
10:03:04,163
10:03:05,162
10:03:06,162
10:03:07,162
10:03:08,161
10:03:09,163
10:03:10,163
10:03:11,162
10:03:12,162
10:03:13,162
10:03:14,161
10:03:15,162
10:03:16,162
10:03:17,163
10:03:18,162
10:03:19,162
10:03:20,162
10:03:21,164
10:03:22,164
10:03:23,162
10:03:24,162
10:03:25,164
10:03:26,164
10:03:27,162
10:03:28,164
10:03:29,164
10:03:30,162
10:03:31,162
10:03:32,162
10:03:33,164
10:03:34,164
10:03:35,164
10:03:36,161
10:03:37,161
10:03:39,161
10:03:40,164
10:03:41,163
10:03:42,163
10:03:43,161
10:03:44,161
10:03:45,161
10:03:46,163
10:03:47,158
10:03:48,158
10:03:49,163
10:03:50,164
10:03:51,164
10:03:52,161
10:03:53,165
10:03:54,165
10:03:55,165
10:03:56,164
10:03:57,164
10:03:58,162
10:03:59,163
10:04:00,163
10:04:01,164
10:04:02,163
10:04:03,163
10:04:04,164
10:04:05,164
10:04:06,162
10:04:07,162
10:04:08,163
10:04:09,161
10:04:10,161
10:04:11,162
10:04:12,163
10:04:13,163
10:04:14,164
10:04:15,164
10:04:16,164
10:04:17,160
10:04:18,164
10:04:19,164
10:04:20,164
10:04:21,164
10:04:22,164
10:04:23,163
10:04:24,162
10:04:25,162
10:04:26,165
10:04:27,164
10:04:28,164
10:04:29,163
10:04:30,164
10:04:31,164
10:04:32,162
10:04:33,163
10:04:34,163
10:04:35,163
10:04:36,163
10:04:37,163
10:04:38,163
10:04:39,162
10:04:40,162
10:04:41,162
10:04:42,162
10:04:43,162
10:04:44,161
10:04:45,162
10:04:46,162
10:04:47,159
10:04:48,159
10:04:49,161
10:04:50,161
10:04:51,163
10:04:52,162
10:04:53,162
10:04:54,157
10:04:55,161
10:04:56,161
10:04:57,164
10:04:58,164
10:05:00,164
10:05:01,163
10:05:02,164
10:05:03,164
10:05:04,161
10:05:05,165
10:05:06,165
10:05:07,161
10:05:08,163
10:05:09,163
10:05:10,162
10:05:11,161
10:05:12,161
10:05:13,164
10:05:14,164
10:05:15,164
10:05:16,163
10:05:17,162
10:05:18,162
10:05:19,161
10:05:20,162
10:05:21,162
10:05:22,163
10:05:23,162
10:05:24,162
10:05:25,161
10:05:26,163
10:05:27,163
10:05:28,162
10:05:29,161
10:05:30,161
10:05:31,163
10:05:32,163
10:05:33,163
10:05:34,164
10:05:35,162
10:05:36,160
10:05:37,160
10:05:38,160
10:05:39,162
10:05:40,162
10:05:41,162
10:05:42,161
10:05:43,161
10:05:44,162
10:05:45,163
10:05:46,163
10:05:47,162
10:05:48,160
10:05:49,160
10:05:50,160
10:05:51,163
10:05:52,163
10:05:53,161
10:05:54,163
10:05:55,163
10:05:56,164
10:05:57,163
10:05:58,163
10:05:59,162
10:06:00,163
10:06:01,163
10:06:02,157
10:06:03,161
10:06:04,161
10:06:05,164
10:06:06,164
10:06:07,164
10:06:08,163
10:06:09,164
10:06:10,164
10:06:11,164
10:06:12,164
10:06:13,164
10:06:14,163
10:06:15,163
10:06:16,163
10:06:17,162
10:06:18,162
10:06:19,162
10:06:20,161
10:06:21,162
10:06:22,163
10:06:23,163
10:06:24,162
10:06:25,163
10:06:27,163
10:06:28,163
10:06:29,163
10:06:30,163
10:06:31,162
10:06:32,163
10:06:33,163
10:06:34,161
10:06:35,164
10:06:36,164
10:06:37,164
10:06:38,163
10:06:39,163
10:06:40,163
10:06:41,162
10:06:42,162
10:06:43,161
10:06:44,162
10:06:45,162
10:06:46,161
10:06:47,162
10:06:48,162
10:06:49,161
10:06:50,163
10:06:51,163
10:06:52,163
10:06:53,164
10:06:54,164
10:06:55,163
10:06:56,161
10:06:57,161
10:06:58,161
10:06:59,161
10:07:00,161
10:07:01,162
10:07:02,162
10:07:03,162
10:07:04,161
10:07:05,153
10:07:06,161
10:07:07,161
10:07:08,161
10:07:09,164
10:07:10,164
10:07:11,162
10:07:12,163
10:07:13,163
10:07:14,163
10:07:15,164
10:07:16,164
10:07:17,162
10:07:18,164
10:07:19,164
10:07:20,164
10:07:21,162
10:07:22,162
10:07:23,163
10:07:24,161
10:07:25,161
10:07:26,162
10:07:27,161
10:07:28,161
10:07:29,164
10:07:30,163
10:07:31,163
10:07:32,160
10:07:33,163
10:07:34,163
10:07:35,162
10:07:36,163
10:07:37,163
10:07:38,164
10:07:39,162
10:07:40,162
10:07:41,162
10:07:42,163
10:07:43,163
10:07:44,162
10:07:45,162
10:07:46,162
10:07:47,162
10:07:48,159
10:07:49,159
10:07:50,161
10:07:51,162
10:07:52,162
10:07:54,162
10:07:55,160
10:07:56,163
10:07:57,163
10:07:58,163
10:07:59,162
10:08:00,162
10:08:01,162
10:08:02,162
10:08:03,162
10:08:04,162
10:08:05,163
10:08:06,163
10:08:07,164
10:08:08,163
10:08:09,163
10:08:10,164
10:08:11,163
10:08:12,163
10:08:13,160
10:08:14,162
10:08:15,162
10:08:16,161
10:08:17,158
10:08:18,158
10:08:19,164
10:08:20,163
10:08:21,163
10:08:22,164
10:08:23,162
10:08:24,162
10:08:25,163
10:08:26,163
10:08:27,163
10:08:28,164
10:08:29,163
10:08:30,163
10:08:31,162
10:08:32,163
10:08:33,163
10:08:34,163
10:08:35,161
10:08:36,161
10:08:37,163
10:08:38,162
10:08:39,163
10:08:40,163
10:08:41,164
10:08:42,163
10:08:43,163
10:08:44,163
10:08:45,165
10:08:46,165
10:08:47,161
10:08:48,163
10:08:49,163
10:08:50,165
10:08:51,164
10:08:52,164
10:08:53,164
10:08:54,161
10:08:55,161
10:08:56,163
10:08:57,163
10:08:58,163
10:08:59,162
10:09:00,163
10:09:01,163
10:09:02,162
10:09:03,162
10:09:04,162
10:09:05,163
10:09:06,164
10:09:07,164
10:09:08,163
10:09:09,163
10:09:10,163
10:09:11,163
10:09:12,162
10:09:13,162
10:09:14,163
10:09:15,163
10:09:16,163
10:09:17,162
10:09:18,162
10:09:20,162
10:09:21,165
10:09:22,156
10:09:23,164
10:09:24,164
10:09:25,166
10:09:26,165
10:09:27,165
10:09:28,164
10:09:29,162
10:09:30,162
10:09:31,162
10:09:32,163
10:09:33,163
10:09:34,162
10:09:35,162
10:09:36,162
10:09:37,163
10:09:38,161
10:09:39,161
10:09:40,162
10:09:41,162
10:09:42,162
10:09:43,160
10:09:44,165
10:09:45,165
10:09:46,164
10:09:47,163
10:09:48,163
10:09:49,161
10:09:50,165
10:09:51,165
10:09:52,162
10:09:53,162
10:09:54,162
10:09:55,165
10:09:56,163
10:09:57,163
10:09:58,165
10:09:59,164
10:10:00,164
10:10:01,162
10:10:02,162
10:10:03,162
10:10:04,163
10:10:05,164
10:10:06,165
10:10:07,165
10:10:08,161
10:10:09,163
10:10:10,163
10:10:11,163
10:10:12,162
10:10:13,162
10:10:14,162
10:10:15,161
10:10:16,161
10:10:17,160
10:10:18,163
10:10:19,163
10:10:20,162
10:10:21,163
10:10:22,163
10:10:23,163
10:10:24,163
10:10:25,163
10:10:26,164
10:10:27,160
10:10:28,160
10:10:29,162
10:10:30,165
10:10:31,165
10:10:32,165
10:10:33,161
10:10:34,161
10:10:35,162
10:10:36,166
10:10:37,166
10:10:38,163
10:10:39,157
10:10:40,157
10:10:41,162
10:10:42,163
10:10:43,163
10:10:45,164
10:10:46,163
10:10:47,163
10:10:48,164
10:10:49,160
10:10:50,160
10:10:51,160
10:10:52,162
10:10:53,164
10:10:54,164
10:10:55,162
10:10:56,162
10:10:57,162
10:10:58,162
10:10:59,164
10:11:00,164
10:11:01,162
10:11:02,162
10:11:03,162
10:11:04,161
10:11:05,164
10:11:06,164
10:11:07,164
10:11:08,163
10:11:09,163
10:11:10,163
10:11:11,163
10:11:12,163
10:11:13,163
10:11:14,163
10:11:15,163
10:11:16,163
10:11:17,164
10:11:18,164
10:11:19,163
10:11:20,162
10:11:21,162
10:11:22,161
10:11:23,163
10:11:24,163
10:11:25,160
10:11:26,163
10:11:27,163
10:11:28,163
10:11:29,163
10:11:30,163
10:11:31,162
10:11:32,163
10:11:33,163
10:11:34,162
10:11:35,163
10:11:36,161
10:11:37,161
10:11:38,162
10:11:39,161
10:11:40,161
10:11:41,160
10:11:42,163
10:11:43,163
10:11:44,162
10:11:45,161
10:11:46,161
10:11:47,160
10:11:48,155
10:11:49,155
10:11:50,161
10:11:51,163
10:11:52,163
10:11:53,164
10:11:54,162
10:11:55,162
10:11:56,162
10:11:57,166
10:11:58,166
10:11:59,163
10:12:00,163
10:12:01,163
10:12:02,163
10:12:03,162
10:12:04,162
10:12:05,163
10:12:06,161
10:12:07,161
10:12:08,162
10:12:09,162
10:12:10,162
10:12:12,159
10:12:13,161
10:12:14,161
10:12:15,160
10:12:16,161
10:12:17,161
10:12:18,163
10:12:19,162
10:12:20,162
10:12:21,163
10:12:22,163
10:12:23,161
10:12:24,161
10:12:25,165
10:12:26,162
10:12:27,162
10:12:28,160
10:12:29,162
10:12:30,162
10:12:31,162
10:12:32,163
10:12:33,163
10:12:34,163
10:12:35,161
10:12:36,161
10:12:37,162
10:12:38,161
10:12:39,161
10:12:40,161
10:12:41,163
10:12:42,163
10:12:43,162
10:12:44,161
10:12:45,161
10:12:46,162
10:12:47,160
10:12:48,160
10:12:49,163
10:12:50,161
10:12:51,161
10:12:52,161
10:12:53,163
10:12:54,163
10:12:55,161
10:12:56,162
10:12:57,162
10:12:58,163
10:12:59,162
10:13:00,162
10:13:01,164
10:13:02,162
10:13:03,162
10:13:04,164
10:13:05,163
10:13:06,161
10:13:07,161
10:13:08,163
10:13:09,163
10:13:10,163
10:13:11,164
10:13:12,164
10:13:13,164
10:13:14,161
10:13:15,162
10:13:16,162
10:13:17,160
10:13:18,163
10:13:19,163
10:13:20,163
10:13:21,162
10:13:22,162
10:13:23,163
10:13:24,163
10:13:25,163
10:13:26,163
10:13:27,163
10:13:28,163
10:13:29,164
10:13:30,164
10:13:31,164
10:13:32,163
10:13:33,162
10:13:34,162
10:13:35,164
10:13:36,166
10:13:37,166
10:13:39,165
10:13:40,164
10:13:41,164
10:13:42,165
10:13:43,164
10:13:44,164
10:13:45,163
10:13:46,162
10:13:47,162
10:13:48,162
10:13:49,162
10:13:50,160
10:13:51,160
10:13:52,163
10:13:53,163
10:13:54,163
10:13:55,163
10:13:56,162
10:13:57,162
10:13:58,161
10:13:59,160
10:14:00,160
10:14:01,162
10:14:02,163
10:14:03,163
10:14:04,162
10:14:05,162
10:14:06,162
10:14:07,164
10:14:08,163
10:14:09,163
10:14:10,162
10:14:11,163
10:14:12,163
10:14:13,160
10:14:14,162
10:14:15,162
10:14:16,156
10:14:17,163
10:14:18,163
10:14:19,165
10:14:20,162
10:14:21,162
10:14:22,161
10:14:23,164
10:14:24,164
10:14:25,162
10:14:26,165
10:14:27,161
10:14:28,161
10:14:29,162
10:14:30,163
10:14:31,163
10:14:32,165
10:14:33,161
10:14:34,161
10:14:35,163
10:14:36,160
10:14:37,160
10:14:38,162
10:14:39,162
10:14:40,162
10:14:41,162
10:14:42,163
10:14:43,163
10:14:44,165
10:14:45,164
10:14:46,164
10:14:47,164
10:14:48,161
10:14:49,161
10:14:50,162
10:14:51,165
10:14:52,165
10:14:53,164
10:14:54,159
10:14:56,159
10:14:57,163
10:14:58,166
10:14:59,166
10:15:00,163
10:15:01,162
10:15:02,162
10:15:03,164
10:15:04,161
10:15:05,161
10:15:06,163
10:15:07,162
10:15:08,162
10:15:09,163
10:15:10,162
10:15:11,162
10:15:12,160
10:15:13,161
10:15:14,163
10:15:15,163
10:15:16,164
10:15:17,165
10:15:18,165
10:15:19,163
10:15:20,161
10:15:21,161
10:15:22,162
10:15:23,162
10:15:24,162
10:15:25,160
10:15:26,161
10:15:27,161
10:15:28,163
10:15:29,163
10:15:30,163
10:15:31,164
10:15:32,163
10:15:33,163
10:15:34,163
10:15:35,163
10:15:36,163
10:15:37,163
10:15:38,163
10:15:39,163
10:15:40,163
10:15:41,163
10:15:42,163
10:15:43,163
10:15:44,164
10:15:45,164
10:15:46,164
10:15:47,163
10:15:48,163
10:15:49,159
10:15:50,161
10:15:51,161
10:15:52,164
10:15:53,163
10:15:54,163
10:15:55,161
10:15:56,161
10:15:57,162
10:15:58,162
10:15:59,162
10:16:00,163
10:16:01,163
10:16:02,161
10:16:03,161
10:16:04,161
10:16:05,162
10:16:06,161
10:16:07,161
10:16:08,160
10:16:09,161
10:16:10,161
10:16:11,162
10:16:12,164
10:16:13,164
10:16:14,160
10:16:15,162
10:16:16,162
10:16:17,160
10:16:18,159
10:16:19,159
10:16:20,162
10:16:21,164
10:16:22,164
10:16:24,163
10:16:25,162
10:16:26,162
10:16:27,160
10:16:28,160
10:16:29,160
10:16:30,162
10:16:31,162
10:16:32,162
10:16:33,164
10:16:34,163
10:16:35,163
10:16:36,163
10:16:37,163
10:16:38,163
10:16:39,163
10:16:40,159
10:16:41,159
10:16:42,162
10:16:43,164
10:16:44,162
10:16:45,162
10:16:46,162
10:16:47,161
10:16:48,161
10:16:49,163
10:16:50,162
10:16:51,162
10:16:52,163
10:16:53,162
10:16:54,162
10:16:55,163
10:16:56,165
10:16:57,165
10:16:58,163
10:16:59,163
10:17:00,163
10:17:01,163
10:17:02,161
10:17:03,161
10:17:04,163
10:17:05,163
10:17:06,163
10:17:07,162
10:17:08,162
10:17:09,162
10:17:10,164
10:17:11,165
10:17:12,165
10:17:13,164
10:17:14,165
10:17:15,165
10:17:16,163
10:17:17,163
10:17:18,163
10:17:19,161
10:17:20,164
10:17:21,164
10:17:22,163
10:17:23,162
10:17:24,162
10:17:25,162
10:17:26,161
10:17:27,161
10:17:28,162
10:17:29,161
10:17:30,163
10:17:31,163
10:17:32,162
10:17:33,163
10:17:34,163
10:17:35,164
10:17:36,162
10:17:37,162
10:17:38,160
10:17:39,160
10:17:40,160
10:17:41,161
10:17:42,162
10:17:43,162
10:17:44,164
10:17:45,161
10:17:46,161
10:17:47,163
10:17:48,162
10:17:49,162
10:17:51,164
10:17:52,162
10:17:53,162
10:17:54,161
10:17:55,156
10:17:56,156
10:17:57,165
10:17:58,162
10:17:59,162
10:18:00,163
10:18:01,162
10:18:02,162
10:18:03,163
10:18:04,162
10:18:05,162
10:18:06,165
10:18:07,163
10:18:08,163
10:18:09,165
10:18:10,165
10:18:11,165
10:18:12,164
10:18:13,160
10:18:14,162
10:18:15,162
10:18:16,164
10:18:17,162
10:18:18,162
10:18:19,162
10:18:20,162
10:18:21,162
10:18:22,163
10:18:23,162
10:18:24,162
10:18:25,162
10:18:26,163
10:18:27,163
10:18:28,162
10:18:29,161
10:18:30,161
10:18:31,162
10:18:32,164
10:18:33,164
10:18:34,162
10:18:35,162
10:18:36,162
10:18:37,162
10:18:38,161
10:18:39,161
10:18:40,161
10:18:41,164
10:18:42,164
10:18:43,162
10:18:44,163
10:18:45,163
10:18:46,165
10:18:47,162
10:18:48,162
10:18:49,161
10:18:50,165
10:18:51,165
10:18:52,163
10:18:53,163
10:18:54,163
10:18:55,163
10:18:56,161
10:18:57,161
10:18:58,160
10:18:59,162
10:19:00,160
10:19:01,160
10:19:02,163
10:19:03,158
10:19:04,158
10:19:05,164
10:19:06,163
10:19:07,163
10:19:08,164
10:19:09,163
10:19:10,163
10:19:11,163
10:19:12,163
10:19:13,163
10:19:14,164
10:19:15,164
10:19:16,164
10:19:18,163
10:19:19,164
10:19:20,164
10:19:21,162
10:19:22,163
10:19:23,163
10:19:24,165
10:19:25,164
10:19:26,164
10:19:27,163
10:19:28,161
10:19:29,161
10:19:30,161
10:19:31,162
10:19:32,162
10:19:33,163
10:19:34,162
10:19:35,162
10:19:36,161
10:19:37,163
10:19:38,163
10:19:39,166
10:19:40,163
10:19:41,163
10:19:42,162
10:19:43,163
10:19:44,163
10:19:45,164
10:19:46,161
10:19:47,161
10:19:48,161
10:19:49,164
10:19:50,165
10:19:51,165
10:19:52,164
10:19:53,163
10:19:54,163
10:19:55,164
10:19:56,162
10:19:57,162
10:19:58,165
10:19:59,163
10:20:00,163
10:20:01,163
10:20:02,162
10:20:03,162
10:20:04,164
10:20:05,161
10:20:06,161
10:20:07,162
10:20:08,163
10:20:09,163
10:20:10,161
10:20:11,162
10:20:12,162
10:20:13,161
10:20:14,163
10:20:15,163
10:20:16,163
10:20:17,163
10:20:18,163
10:20:19,163
10:20:20,160
10:20:21,160
10:20:22,163
10:20:23,163
10:20:24,163
10:20:25,161
10:20:26,163
10:20:27,163
10:20:28,165
10:20:29,163
10:20:30,164
10:20:31,164
10:20:32,163
10:20:33,162
10:20:34,162
10:20:35,163
10:20:36,162
10:20:37,162
10:20:38,159
10:20:39,163
10:20:40,163
10:20:41,163
10:20:42,163
10:20:43,163
10:20:44,163
10:20:45,161
10:20:47,161
10:20:48,163
10:20:49,164
10:20:50,164
10:20:51,163
10:20:52,161
10:20:53,161
10:20:54,164
10:20:55,164
10:20:56,164
10:20:57,163
10:20:58,161
10:20:59,161
10:21:00,160
10:21:01,164
10:21:02,164
10:21:03,165
10:21:04,160
10:21:05,160
10:21:06,162
10:21:07,162
10:21:08,162
10:21:09,163
10:21:10,164
10:21:11,164
10:21:12,164
10:21:13,163
10:21:14,163
10:21:15,164
10:21:16,165
10:21:17,162
10:21:18,162
10:21:19,160
10:21:20,161
10:21:21,161
10:21:22,163
10:21:23,162
10:21:24,162
10:21:25,161
10:21:26,162
10:21:27,162
10:21:28,162
10:21:29,163
10:21:30,163
10:21:31,163
10:21:32,161
10:21:33,161
10:21:34,162
10:21:35,164
10:21:36,164
10:21:37,164
10:21:38,163
10:21:39,163
10:21:40,164
10:21:41,165
10:21:42,165
10:21:43,163
10:21:44,164
10:21:45,164
10:21:46,161
10:21:47,162
10:21:48,162
10:21:49,163
10:21:50,162
10:21:51,162
10:21:52,161
10:21:53,161
10:21:54,161
10:21:55,162
10:21:56,163
10:21:57,163
10:21:58,164
10:21:59,163
10:22:00,163
10:22:01,163
10:22:02,163
10:22:03,163
10:22:04,163
10:22:05,161
10:22:06,162
10:22:07,162
10:22:08,162
10:22:09,161
10:22:10,161
10:22:11,162
10:22:12,161
10:22:13,161
10:22:14,162
10:22:15,164
10:22:17,164
10:22:18,164
10:22:19,163
10:22:20,163
10:22:21,164
10:22:22,163
10:22:23,163
10:22:24,162
10:22:25,162
10:22:26,162
10:22:27,162
10:22:28,163
10:22:29,163
10:22:30,164
10:22:31,161
10:22:32,161
10:22:33,162
10:22:34,159
10:22:35,159
10:22:36,162
10:22:37,164
10:22:38,164
10:22:39,162
10:22:40,162
10:22:41,162
10:22:42,164
10:22:43,163
10:22:44,163
10:22:45,162
10:22:46,162
10:22:47,162
10:22:48,163
10:22:49,164
10:22:50,164
10:22:51,165
10:22:52,162
10:22:53,163
10:22:54,163
10:22:55,162
10:22:56,158
10:22:57,158
10:22:58,164
10:22:59,164
10:23:00,164
10:23:01,164
10:23:02,165
10:23:03,165
10:23:04,166
10:23:05,162
10:23:06,162
10:23:07,165
10:23:08,163
10:23:09,163
10:23:10,162
10:23:11,163
10:23:12,163
10:23:13,161
10:23:14,161
10:23:15,161
10:23:16,163
10:23:17,163
10:23:18,163
10:23:19,162
10:23:20,165
10:23:21,165
10:23:22,165
10:23:23,163
10:23:24,163
10:23:25,165
10:23:26,160
10:23:27,160
10:23:28,162
10:23:29,162
10:23:30,162
10:23:31,162
10:23:32,163
10:23:33,163
10:23:34,163
10:23:35,163
10:23:36,163
10:23:37,163
10:23:38,162
10:23:39,161
10:23:40,161
10:23:41,161
10:23:42,162
10:23:43,162
10:23:45,162
10:23:46,164
10:23:47,164
10:23:48,159
10:23:49,163
10:23:50,163
10:23:51,160
10:23:52,163
10:23:53,163
10:23:54,162
10:23:55,162
10:23:56,162
10:23:57,164
10:23:58,162
10:23:59,162
10:24:00,160
10:24:01,164
10:24:02,164
10:24:03,162
10:24:04,154
10:24:05,154
10:24:06,162
10:24:07,162
10:24:08,162
10:24:09,164
10:24:10,161
10:24:11,161
10:24:12,162
10:24:13,162
10:24:14,166
10:24:15,166
10:24:16,163
10:24:17,163
10:24:18,163
10:24:19,163
10:24:20,161
10:24:21,161
10:24:22,163
10:24:23,162
10:24:24,162
10:24:25,164
10:24:26,163
10:24:27,163
10:24:28,164
10:24:29,162
10:24:30,162
10:24:31,163
10:24:32,162
10:24:33,162
10:24:34,166
10:24:35,163
10:24:36,163
10:24:37,163
10:24:38,162
10:24:39,162
10:24:40,164
10:24:41,162
10:24:42,162
10:24:43,161
10:24:44,162
10:24:45,162
10:24:46,165
10:24:47,162
10:24:48,162
10:24:49,165
10:24:50,164
10:24:51,164
10:24:52,161
10:24:53,163
10:24:54,163
10:24:55,161
10:24:56,162
10:24:57,162
10:24:58,162
10:24:59,161
10:25:00,162
10:25:01,162
10:25:02,165
10:25:03,162
10:25:04,162
10:25:06,162
10:25:07,162
10:25:08,162
10:25:09,164
10:25:10,159
10:25:11,159
10:25:12,160
10:25:13,162
10:25:14,162
10:25:15,163
10:25:16,163
10:25:17,163
10:25:18,155
10:25:19,163
10:25:20,163
10:25:21,164
10:25:22,163
10:25:23,163
10:25:24,165
10:25:25,163
10:25:26,163
10:25:27,165
10:25:28,164
10:25:29,164
10:25:30,165
10:25:31,165
10:25:32,165
10:25:33,163
10:25:34,164
10:25:35,164
10:25:36,164
10:25:37,164
10:25:38,164
10:25:39,165
10:25:40,167
10:25:41,167
10:25:42,164
10:25:43,164
10:25:44,164
10:25:45,162
10:25:46,161
10:25:47,164
10:25:48,164
10:25:49,164
10:25:50,162
10:25:51,162
10:25:52,163
10:25:53,165
10:25:54,165
10:25:55,164
10:25:56,166
10:25:57,166
10:25:58,164
10:25:59,163
10:26:00,163
10:26:01,165
10:26:02,162
10:26:03,162
10:26:04,162
10:26:05,161
10:26:06,161
10:26:07,162
10:26:08,162
10:26:09,162
10:26:10,162
10:26:11,163
10:26:12,163
10:26:13,161
10:26:14,163
10:26:15,163
10:26:16,162
10:26:17,161
10:26:18,161
10:26:19,161
10:26:20,162
10:26:21,162
10:26:22,156
10:26:23,163
10:26:24,163
10:26:25,162
10:26:26,161
10:26:27,161
10:26:28,164
10:26:29,163
10:26:30,163
10:26:31,163
10:26:32,162
10:26:33,163
10:26:35,163
10:26:36,163
10:26:37,160
10:26:38,160
10:26:39,161
10:26:40,163
10:26:41,163
10:26:42,163
10:26:43,165
10:26:44,165
10:26:45,164
10:26:46,163
10:26:47,163
10:26:48,162
10:26:49,163
10:26:50,163
10:26:51,162
10:26:52,161
10:26:53,161
10:26:54,164
10:26:55,164
10:26:56,164
10:26:57,165
10:26:58,163
10:26:59,163
10:27:00,163
10:27:01,164
10:27:02,164
10:27:03,164
10:27:04,161
10:27:05,161
10:27:06,161
10:27:07,162
10:27:08,162
10:27:09,162
10:27:10,161
10:27:11,161
10:27:12,161
10:27:13,163
10:27:14,163
10:27:15,162
10:27:16,162
10:27:17,162
10:27:18,162
10:27:19,164
10:27:20,165
10:27:21,165
10:27:22,164
10:27:23,163
10:27:24,163
10:27:25,165
10:27:26,164
10:27:27,164
10:27:28,162
10:27:29,165
10:27:30,165
10:27:31,163
10:27:32,163
10:27:33,163
10:27:34,161
10:27:35,163
10:27:36,163
10:27:37,162
10:27:38,163
10:27:39,163
10:27:40,162
10:27:41,163
10:27:42,163
10:27:43,161
10:27:44,163
10:27:45,163
10:27:46,162
10:27:47,164
10:27:48,164
10:27:49,162
10:27:50,164
10:27:51,164
10:27:53,162
10:27:54,162
10:27:55,162
10:27:56,162
10:27:57,162
10:27:58,161
10:27:59,161
10:28:00,162
10:28:01,163
10:28:02,163
10:28:03,163
10:28:04,164
10:28:05,164
10:28:06,164
10:28:07,163
10:28:08,163
10:28:09,163
10:28:10,164
10:28:11,164
10:28:12,163
10:28:13,163
10:28:14,163
10:28:15,165
10:28:16,163
10:28:17,163
10:28:18,162
10:28:19,164
10:28:20,164
10:28:21,162
10:28:22,163
10:28:23,163
10:28:24,161
10:28:25,161
10:28:26,161
10:28:27,163
10:28:28,163
10:28:29,163
10:28:30,164
10:28:31,162
10:28:32,162
10:28:33,162
10:28:34,164
10:28:35,164
10:28:36,164
10:28:37,160
10:28:38,160
10:28:39,161
10:28:40,162
10:28:41,163
10:28:42,163
10:28:43,163
10:28:44,160
10:28:45,160
10:28:46,162
10:28:47,158
10:28:48,158
10:28:49,164
10:28:50,163
10:28:51,163
10:28:52,161
10:28:53,162
10:28:54,162
10:28:55,164
10:28:56,162
10:28:57,162
10:28:58,161
10:28:59,161
10:29:00,161
10:29:01,163
10:29:02,163
10:29:03,163
10:29:04,161
10:29:05,162
10:29:06,162
10:29:07,163
10:29:08,164
10:29:10,164
10:29:11,163
10:29:12,166
10:29:13,166
10:29:14,164
10:29:15,164
10:29:16,164
10:29:17,164
10:29:18,161
10:29:19,160
10:29:20,160
10:29:21,162
10:29:22,167
10:29:23,167
10:29:24,163
10:29:25,163
10:29:26,163
10:29:27,164
10:29:28,166
10:29:29,166
10:29:30,164
10:29:31,163
10:29:32,163
10:29:33,163
10:29:34,163
10:29:35,163
10:29:36,164
10:29:37,163
10:29:38,163
10:29:39,161
10:29:40,163
10:29:41,163
10:29:42,162
10:29:43,164
10:29:44,164
10:29:45,162
10:29:46,164
10:29:47,164
10:29:48,160
10:29:49,161
10:29:50,161
10:29:51,164
10:29:52,163
10:29:53,163
10:29:54,159
10:29:55,163
10:29:56,163
10:29:57,165
10:29:58,163
10:29:59,163
10:30:00,163
10:30:01,163
10:30:02,162
10:30:03,162
10:30:04,160
10:30:05,163
10:30:06,163
10:30:07,161
10:30:08,164
10:30:09,164
10:30:10,163
10:30:11,160
10:30:12,160
10:30:13,165
10:30:14,164
10:30:15,164
10:30:16,162
10:30:17,163
10:30:18,163
10:30:19,161
10:30:20,162
10:30:21,162
10:30:22,165
10:30:23,164
10:30:24,164
10:30:25,164
10:30:26,165
10:30:27,165
10:30:28,165
10:30:29,163
10:30:30,163
10:30:31,165
10:30:32,162
10:30:34,162
10:30:35,162
10:30:36,163
10:30:37,163
10:30:38,161
10:30:39,161
10:30:40,161
10:30:41,161
10:30:42,162
10:30:43,165
10:30:44,165
10:30:45,159
10:30:46,163
10:30:47,163
10:30:48,164
10:30:49,162
10:30:50,162
10:30:51,160
10:30:52,162
10:30:53,162
10:30:54,164
10:30:55,165
10:30:56,165
10:30:57,159
10:30:58,163
10:30:59,163
10:31:00,164
10:31:01,163
10:31:02,163
10:31:03,163
10:31:04,161
10:31:05,161
10:31:06,163
10:31:07,159
10:31:08,159
10:31:09,163
10:31:10,164
10:31:11,164
10:31:12,157
10:31:13,160
10:31:14,160
10:31:15,164
10:31:16,163
10:31:17,163
10:31:18,164
10:31:19,164
10:31:20,164
10:31:21,162
10:31:22,165
10:31:23,165
10:31:24,161
10:31:25,160
10:31:26,160
10:31:27,161
10:31:28,160
10:31:29,161
10:31:30,161
10:31:31,164
10:31:32,164
10:31:33,164
10:31:34,164
10:31:35,164
10:31:36,164
10:31:37,164
10:31:38,164
10:31:39,164
10:31:40,163
10:31:41,162
10:31:42,162
10:31:43,163
10:31:44,162
10:31:45,162
10:31:46,164
10:31:47,165
10:31:48,165
10:31:49,163
10:31:50,163
10:31:51,163
10:31:52,162
10:31:53,162
10:31:54,162
10:31:55,161
10:31:56,162
10:31:57,162
10:31:58,162
10:32:00,160
10:32:01,160
10:32:02,160
10:32:03,163
10:32:04,163
10:32:05,160
10:32:06,162
10:32:07,162
10:32:08,161
10:32:09,165
10:32:10,165
10:32:11,163
10:32:12,162
10:32:13,163
10:32:14,163
10:32:15,162
10:32:16,164
10:32:17,164
10:32:18,161
10:32:19,162
10:32:20,162
10:32:21,162
10:32:22,164
10:32:23,164
10:32:24,160
10:32:25,163
10:32:26,163
10:32:27,163
10:32:28,157
10:32:29,157
10:32:30,162
10:32:31,161
10:32:32,161
10:32:33,163
10:32:34,165
10:32:35,165
10:32:36,163
10:32:37,164
10:32:38,164
10:32:39,163
10:32:40,163
10:32:41,163
10:32:42,164
10:32:43,163
10:32:44,163
10:32:45,162
10:32:46,164
10:32:47,164
10:32:48,160
10:32:49,164
10:32:50,164
10:32:51,161
10:32:52,162
10:32:53,162
10:32:54,162
10:32:55,162
10:32:56,162
10:32:57,161
10:32:58,165
10:32:59,163
10:33:00,163
10:33:01,163
10:33:02,163
10:33:03,163
10:33:04,164
10:33:05,163
10:33:06,163
10:33:07,161
10:33:08,161
10:33:09,161
10:33:10,163
10:33:11,162
10:33:12,162
10:33:13,162
10:33:14,164
10:33:15,164
10:33:16,165
10:33:17,164
10:33:18,164
10:33:19,164
10:33:20,164
10:33:21,164
10:33:22,164
10:33:23,161
10:33:24,161
10:33:25,162
10:33:27,159
10:33:28,159
10:33:29,162
10:33:30,164
10:33:31,164
10:33:32,165
10:33:33,163
10:33:34,163
10:33:35,163
10:33:36,163
10:33:37,163
10:33:38,164
10:33:39,163
10:33:40,163
10:33:41,164
10:33:42,163
10:33:43,163
10:33:44,160
10:33:45,161
10:33:46,164
10:33:47,164
10:33:48,165
10:33:49,165
10:33:50,165
10:33:51,163
10:33:52,162
10:33:53,162
10:33:54,161
10:33:55,163
10:33:56,163
10:33:57,160
10:33:58,163
10:33:59,163
10:34:00,162
10:34:01,162
10:34:02,162
10:34:03,163
10:34:04,165
10:34:05,165
10:34:06,164
10:34:07,163
10:34:08,163
10:34:09,162
10:34:10,163
10:34:11,163
10:34:12,162
10:34:13,163
10:34:14,163
10:34:15,162
10:34:16,160
10:34:17,160
10:34:18,160
10:34:19,163
10:34:20,162
10:34:21,162
10:34:22,163
10:34:23,161
10:34:24,161
10:34:25,161
10:34:26,162
10:34:27,162
10:34:28,161
10:34:29,163
10:34:30,163
10:34:31,161
10:34:32,163
10:34:33,163
10:34:34,164
10:34:35,164
10:34:36,164
10:34:37,164
10:34:38,162
10:34:39,162
10:34:40,163
10:34:41,164
10:34:42,164
10:34:43,163
10:34:44,163
10:34:46,163
10:34:47,165
10:34:48,164
10:34:49,164
10:34:50,163
10:34:51,161
10:34:52,161
10:34:53,164
10:34:54,164
10:34:55,164
10:34:56,166
10:34:57,162
10:34:58,162
10:34:59,163
10:35:00,161
10:35:01,161
10:35:02,163
10:35:03,162
10:35:04,162
10:35:05,164
10:35:06,163
10:35:07,163
10:35:08,163
10:35:09,162
10:35:10,163
10:35:11,163
10:35:12,163
10:35:13,164
10:35:14,164
10:35:15,164
10:35:16,161
10:35:17,161
10:35:18,162
10:35:19,162
10:35:20,162
10:35:21,162
10:35:22,159
10:35:23,159
10:35:24,163
10:35:25,161
10:35:26,161
10:35:27,162
10:35:28,160
10:35:29,160
10:35:30,163
10:35:31,160
10:35:32,160
10:35:33,160
10:35:34,164
10:35:35,164
10:35:36,162
10:35:37,163
10:35:38,163
10:35:39,163
10:35:40,162
10:35:41,162
10:35:42,162
10:35:43,161
10:35:44,161
10:35:45,163
10:35:46,163
10:35:47,163
10:35:48,161
10:35:49,160
10:35:50,160
10:35:51,160
10:35:52,163
10:35:53,162
10:35:54,162
10:35:55,163
10:35:56,161
10:35:57,161
10:35:58,162
10:35:59,162
10:36:00,162
10:36:01,161
10:36:02,152
10:36:03,152
10:36:04,162
10:36:05,163
10:36:06,163
10:36:07,163
10:36:08,166
10:36:09,166
10:36:10,164
10:36:11,163
10:36:12,163
10:36:14,164
10:36:15,163
10:36:16,163
10:36:17,163
10:36:18,164
10:36:19,164
10:36:20,163
10:36:21,163
10:36:22,163
10:36:23,163
10:36:24,164
10:36:25,164
10:36:26,163
10:36:27,163
10:36:28,163
10:36:29,163
10:36:30,160
10:36:31,160
10:36:32,162
10:36:33,164
10:36:34,164
10:36:35,164
10:36:36,161
10:36:37,161
10:36:38,162
10:36:39,163
10:36:40,162
10:36:41,162
10:36:42,165
10:36:43,165
10:36:44,165
10:36:45,165
10:36:46,162
10:36:47,162
10:36:48,163
10:36:49,163
10:36:50,163
10:36:51,164
10:36:52,163
10:36:53,163
10:36:54,163
10:36:55,161
10:36:56,161
10:36:57,163
10:36:58,162
10:36:59,162
10:37:00,161
10:37:01,161
10:37:02,161
10:37:03,162
10:37:04,162
10:37:05,162
10:37:06,163
10:37:07,163
10:37:08,163
10:37:09,162
10:37:10,164
10:37:11,164
10:37:12,164
10:37:13,164
10:37:14,164
10:37:15,164
10:37:16,161
10:37:17,161
10:37:18,165
10:37:19,163
10:37:20,163
10:37:21,163
10:37:22,163
10:37:23,163
10:37:24,162
10:37:25,161
10:37:26,158
10:37:27,158
10:37:28,160
10:37:29,162
10:37:30,162
10:37:31,164
10:37:32,163
10:37:33,163
10:37:34,164
10:37:35,163
10:37:36,163
10:37:37,163
10:37:38,163
10:37:39,163
10:37:40,159
10:37:41,162
10:37:43,162
10:37:44,161
10:37:45,162
10:37:46,162
10:37:47,161
10:37:48,161
10:37:49,161
10:37:50,162
10:37:51,163
10:37:52,163
10:37:53,164
10:37:54,163
10:37:55,163
10:37:56,161
10:37:57,161
10:37:58,161
10:37:59,164
10:38:00,161
10:38:01,161
10:38:02,162
10:38:03,161
10:38:04,161
10:38:05,160
10:38:06,163
10:38:07,163
10:38:08,161
10:38:09,158
10:38:10,158
10:38:11,161
10:38:12,162
10:38:13,163
10:38:14,163
10:38:15,161
10:38:16,163
10:38:17,163
10:38:18,162
10:38:19,164
10:38:20,164
10:38:21,161
10:38:22,160
10:38:23,160
10:38:24,164
10:38:25,163
10:38:26,163
10:38:27,162
10:38:28,160
10:38:29,160
10:38:30,165
10:38:31,163
10:38:32,163
10:38:33,165
10:38:34,166
10:38:35,166
10:38:36,163
10:38:37,162
10:38:38,162
10:38:39,165
10:38:40,162
10:38:41,162
10:38:42,164
10:38:43,163
10:38:44,163
10:38:45,163
10:38:46,162
10:38:47,162
10:38:48,164
10:38:49,163
10:38:50,163
10:38:51,165
10:38:52,163
10:38:53,163
10:38:54,163
10:38:55,163
10:38:56,164
10:38:57,164
10:38:58,165
10:38:59,164
10:39:00,164
10:39:01,162
10:39:02,161
10:39:03,161
10:39:04,161
10:39:05,165
10:39:06,165
10:39:07,163
10:39:09,164
10:39:10,164
10:39:11,163
10:39:12,162
10:39:13,162
10:39:14,164
10:39:15,159
10:39:16,159
10:39:17,163
10:39:18,164
10:39:19,164
10:39:20,164
10:39:21,165
10:39:22,165
10:39:23,163
10:39:24,162
10:39:25,162
10:39:26,162
10:39:27,161
10:39:28,161
10:39:29,161
10:39:30,163
10:39:31,163
10:39:32,164
10:39:33,164
10:39:34,164
10:39:35,162
10:39:36,163
10:39:37,163
10:39:38,157
10:39:39,161
10:39:40,161
10:39:41,164
10:39:42,161
10:39:43,163
10:39:44,163
10:39:45,165
10:39:46,165
10:39:47,165
10:39:48,161
10:39:49,161
10:39:50,161
10:39:51,164
10:39:52,165
10:39:53,165
10:39:54,164
10:39:55,161
10:39:56,161
10:39:57,165
10:39:58,165
10:39:59,165
10:40:00,163
10:40:01,163
10:40:02,163
10:40:03,163
10:40:04,165
10:40:05,165
10:40:06,163
10:40:07,162
10:40:08,162
10:40:09,166
10:40:10,164
10:40:11,164
10:40:12,162
10:40:13,165
10:40:14,165
10:40:15,163
10:40:16,161
10:40:17,161
10:40:18,164
10:40:19,164
10:40:20,164
10:40:21,162
10:40:22,163
10:40:23,163
10:40:24,164
10:40:25,163
10:40:26,163
10:40:27,163
10:40:28,164
10:40:29,161
10:40:30,161
10:40:31,164
10:40:32,163
10:40:33,163
10:40:34,163
10:40:36,162
10:40:37,162
10:40:38,163
10:40:39,164
10:40:40,164
10:40:41,164
10:40:42,163
10:40:43,163
10:40:44,162
10:40:45,161
10:40:46,161
10:40:47,163
10:40:48,162
10:40:49,162
10:40:50,159
10:40:51,164
10:40:52,164
10:40:53,164
10:40:54,165
10:40:55,165
10:40:56,162
10:40:57,162
10:40:58,162
10:40:59,165
10:41:00,165
10:41:01,165
10:41:02,161
10:41:03,161
10:41:04,161
10:41:05,163
10:41:06,160
10:41:07,160
10:41:08,162
10:41:09,163
10:41:10,163
10:41:11,163
10:41:12,163
10:41:13,165
10:41:14,165
10:41:15,163
10:41:16,164
10:41:17,164
10:41:18,162
10:41:19,164
10:41:20,164
10:41:21,163
10:41:22,160
10:41:23,160
10:41:24,165
10:41:25,165
10:41:26,165
10:41:27,164
10:41:28,164
10:41:29,164
10:41:30,162
10:41:31,163
10:41:32,163
10:41:33,162
10:41:34,165
10:41:35,165
10:41:36,163
10:41:37,164
10:41:38,164
10:41:39,165
10:41:40,162
10:41:41,162
10:41:42,163
10:41:43,164
10:41:44,164
10:41:45,162
10:41:46,163
10:41:47,163
10:41:48,162
10:41:49,163
10:41:50,163
10:41:51,164
10:41:52,164
10:41:53,164
10:41:54,163
10:41:55,164
10:41:56,164
10:41:57,163
10:41:58,162
10:41:59,164
10:42:00,164
10:42:02,162
10:42:03,163
10:42:04,163
10:42:05,165
10:42:06,164
10:42:07,164
10:42:08,163
10:42:09,164
10:42:10,164
10:42:11,165
10:42:12,165
10:42:13,165
10:42:14,164
10:42:15,161
10:42:16,161
10:42:17,165
10:42:18,162
10:42:19,162
10:42:20,163
10:42:21,161
10:42:22,161
10:42:23,164
10:42:24,164
10:42:25,164
10:42:26,163
10:42:27,166
10:42:28,166
10:42:29,164
10:42:30,164
10:42:31,164
10:42:32,163
10:42:33,164
10:42:34,164
10:42:35,163
10:42:36,164
10:42:37,164
10:42:38,165
10:42:39,166
10:42:40,164
10:42:41,164
10:42:42,163
10:42:43,164
10:42:44,164
10:42:45,165
10:42:46,163
10:42:47,163
10:42:48,164
10:42:49,163
10:42:50,163
10:42:51,163
10:42:52,163
10:42:53,163
10:42:54,162
10:42:55,163
10:42:56,163
10:42:57,162
10:42:58,161
10:42:59,161
10:43:00,164
10:43:01,163
10:43:02,163
10:43:03,163
10:43:04,164
10:43:05,164
10:43:06,160
10:43:07,162
10:43:08,162
10:43:09,160
10:43:10,163
10:43:11,163
10:43:12,163
10:43:13,160
10:43:14,160
10:43:15,161
10:43:16,163
10:43:17,163
10:43:18,162
10:43:19,161
10:43:20,161
10:43:21,163
10:43:22,157
10:43:24,162
10:43:25,162
10:43:26,165
10:43:27,163
10:43:28,163
10:43:29,163
10:43:30,164
10:43:31,164
10:43:32,165
10:43:33,164
10:43:34,164
10:43:35,164
10:43:36,162
10:43:37,162
10:43:38,164
10:43:39,162
10:43:40,162
10:43:41,163
10:43:42,163
10:43:43,163
10:43:44,163
10:43:45,163
10:43:46,163
10:43:47,160
10:43:48,163
10:43:49,163
10:43:50,160
10:43:51,163
10:43:52,163
10:43:53,162
10:43:54,161
10:43:55,161
10:43:56,162
10:43:57,164
10:43:58,161
10:43:59,161
10:44:00,161
10:44:01,160
10:44:02,160
10:44:03,164
10:44:04,164
10:44:05,164
10:44:06,164
10:44:07,164
10:44:08,164
10:44:09,163
10:44:10,162
10:44:11,162
10:44:12,162
10:44:13,164
10:44:14,164
10:44:15,163
10:44:16,160
10:44:17,160
10:44:18,161
10:44:19,162
10:44:20,162
10:44:21,162
10:44:22,164
10:44:23,164
10:44:24,161
10:44:25,163
10:44:26,163
10:44:27,162
10:44:28,162
10:44:29,162
10:44:30,160
10:44:31,163
10:44:32,163
10:44:33,164
10:44:34,161
10:44:35,161
10:44:36,163
10:44:37,162
10:44:39,162
10:44:40,162
10:44:41,162
10:44:42,161
10:44:43,161
10:44:44,162
10:44:45,164
10:44:46,164
10:44:47,163
10:44:48,163
10:44:49,163
10:44:50,161
10:44:51,164
10:44:52,164
10:44:53,164
10:44:54,161
10:44:55,161
10:44:56,161
10:44:57,163
10:44:58,163
10:44:59,162
10:45:00,162
10:45:01,162
10:45:02,162
10:45:03,164
10:45:04,164
10:45:05,165
10:45:06,163
10:45:07,163
10:45:08,162
10:45:09,164
10:45:10,164
10:45:11,161
10:45:12,163
10:45:13,163
10:45:14,161
10:45:15,164
10:45:16,164
10:45:17,163
10:45:18,161
10:45:19,161
10:45:20,164
10:45:21,161
10:45:22,161
10:45:23,166
10:45:24,165
10:45:25,165
10:45:26,163
10:45:27,161
10:45:28,160
10:45:29,160
10:45:30,163
10:45:31,162
10:45:32,162
10:45:33,164
10:45:34,164
10:45:35,164
10:45:36,163
10:45:37,162
10:45:38,162
10:45:39,162
10:45:40,158
10:45:41,158
10:45:42,162
10:45:43,161
10:45:44,161
10:45:45,163
10:45:46,162
10:45:47,162
10:45:48,163
10:45:49,162
10:45:50,162
10:45:51,162
10:45:52,165
10:45:53,165
10:45:54,163
10:45:55,165
10:45:56,165
10:45:57,163
10:45:58,166
10:45:59,166
10:46:00,164
10:46:01,163
10:46:02,163
10:46:03,164
10:46:04,164
10:46:05,164
10:46:06,164
10:46:07,164
10:46:09,164
10:46:10,162
10:46:11,165
10:46:12,165
10:46:13,164
10:46:14,164
10:46:15,162
10:46:16,162
10:46:17,164
10:46:18,163
10:46:19,163
10:46:20,164
10:46:21,164
10:46:22,164
10:46:23,161
10:46:24,164
10:46:25,164
10:46:26,162
10:46:27,163
10:46:28,163
10:46:29,163
10:46:30,162
10:46:31,162
10:46:32,161
10:46:33,162
10:46:34,162
10:46:35,162
10:46:36,163
10:46:37,163
10:46:38,162
10:46:39,163
10:46:40,163
10:46:41,160
10:46:42,163
10:46:43,163
10:46:44,162
10:46:45,164
10:46:46,164
10:46:47,161
10:46:48,165
10:46:49,165
10:46:50,163
10:46:51,163
10:46:52,163
10:46:53,164
10:46:54,160
10:46:55,160
10:46:56,162
10:46:57,160
10:46:58,164
10:46:59,164
10:47:00,159
10:47:01,163
10:47:02,163
10:47:03,164
10:47:04,161
10:47:05,161
10:47:06,162
10:47:07,163
10:47:08,163
10:47:09,164
10:47:10,159
10:47:11,159
10:47:12,164
10:47:13,164
10:47:14,164
10:47:15,166
10:47:16,163
10:47:17,163
10:47:18,165
10:47:19,164
10:47:20,164
10:47:21,161
10:47:22,164
10:47:23,164
10:47:24,164
10:47:25,164
10:47:26,164
10:47:27,163
10:47:28,163
10:47:29,163
10:47:30,162
10:47:31,165
10:47:32,165
10:47:33,164
10:47:35,162
10:47:36,162
10:47:37,162
10:47:38,164
10:47:39,164
10:47:40,162
10:47:41,160
10:47:42,160
10:47:43,163
10:47:44,165
10:47:45,166
10:47:46,166
10:47:47,162
10:47:48,163
10:47:49,163
10:47:50,164
10:47:51,165
10:47:52,165
10:47:53,164
10:47:54,164
10:47:55,164
10:47:56,162
10:47:57,164
10:47:58,164
10:47:59,163
10:48:00,160
10:48:01,160
10:48:02,161
10:48:03,162
10:48:04,162
10:48:05,164
10:48:06,162
10:48:07,162
10:48:08,161
10:48:09,164
10:48:10,164
10:48:11,163
10:48:12,163
10:48:13,163
10:48:14,162
10:48:15,163
10:48:16,163
10:48:17,161
10:48:18,163
10:48:19,163
10:48:20,163
10:48:21,162
10:48:22,162
10:48:23,163
10:48:24,158
10:48:25,158
10:48:26,162
10:48:27,163
10:48:28,163
10:48:29,164
10:48:30,164
10:48:31,163
10:48:32,163
10:48:33,162
10:48:34,161
10:48:35,161
10:48:36,164
10:48:37,163
10:48:38,163
10:48:39,163
10:48:40,161
10:48:41,161
10:48:42,160
10:48:43,163
10:48:44,163
10:48:45,164
10:48:46,164
10:48:47,164
10:48:48,164
10:48:49,162
10:48:50,162
10:48:51,163
10:48:52,162
10:48:53,162
10:48:54,162
10:48:55,165
10:48:56,165
10:48:57,163
10:48:58,163
10:48:59,163
10:49:00,163
10:49:01,161
10:49:03,161
10:49:04,163
10:49:05,163
10:49:06,163
10:49:07,162
10:49:08,163
10:49:09,163
10:49:10,163
10:49:11,162
10:49:12,162
10:49:13,163
10:49:14,162
10:49:15,162
10:49:16,163
10:49:17,162
10:49:18,163
10:49:19,163
10:49:20,161
10:49:21,163
10:49:22,163
10:49:23,163
10:49:24,162
10:49:25,162
10:49:26,164
10:49:27,160
10:49:28,160
10:49:29,163
10:49:30,163
10:49:31,163
10:49:32,162
10:49:33,161
10:49:34,161
10:49:35,161
10:49:36,161
10:49:37,161
10:49:38,165
10:49:39,163
10:49:40,163
10:49:41,164
10:49:42,160
10:49:43,160
10:49:44,163
10:49:45,162
10:49:46,162
10:49:47,163
10:49:48,163
10:49:49,163
10:49:50,165
10:49:51,162
10:49:52,162
10:49:53,161
10:49:54,163
10:49:55,163
10:49:56,164
10:49:57,164
10:49:58,164
10:49:59,164
10:50:00,166
10:50:01,164
10:50:02,164
10:50:03,164
10:50:04,163
10:50:05,163
10:50:06,163
10:50:07,163
10:50:08,163
10:50:09,162
10:50:10,163
10:50:11,163
10:50:12,163
10:50:13,165
10:50:14,165
10:50:15,163
10:50:16,162
10:50:17,162
10:50:18,163
10:50:19,163
10:50:20,163
10:50:21,164
10:50:22,162
10:50:23,162
10:50:24,164
10:50:25,164
10:50:26,164
10:50:28,164
10:50:29,162
10:50:30,162
10:50:31,161
10:50:32,164
10:50:33,164
10:50:34,164
10:50:35,162
10:50:36,162
10:50:37,163
10:50:38,161
10:50:39,161
10:50:40,162
10:50:41,162
10:50:42,162
10:50:43,164
10:50:44,165
10:50:45,159
10:50:46,159
10:50:47,163
10:50:48,163
10:50:49,163
10:50:50,160
10:50:51,163
10:50:52,163
10:50:53,163
10:50:54,162
10:50:55,162
10:50:56,162
10:50:57,163
10:50:58,163
10:50:59,162
10:51:00,160
10:51:01,160
10:51:02,164
10:51:03,164
10:51:04,164
10:51:05,165
10:51:06,162
10:51:07,162
10:51:08,164
10:51:09,164
10:51:10,164
10:51:11,163
10:51:12,164
10:51:13,164
10:51:14,166
10:51:15,165
10:51:16,165
10:51:17,162
10:51:18,163
10:51:19,163
10:51:20,162
10:51:21,162
10:51:22,162
10:51:23,163
10:51:24,164
10:51:25,164
10:51:26,164
10:51:27,163
10:51:28,164
10:51:29,164
10:51:30,165
10:51:31,163
10:51:32,163
10:51:33,164
10:51:34,165
10:51:35,165
10:51:36,162
10:51:37,161
10:51:38,161
10:51:39,163
10:51:40,162
10:51:41,162
10:51:42,163
10:51:43,163
10:51:44,163
10:51:45,163
10:51:46,164
10:51:47,164
10:51:48,164
10:51:49,162
10:51:50,162
10:51:51,163
10:51:52,161
10:51:54,161
10:51:55,162
10:51:56,163
10:51:57,163
10:51:58,162
10:51:59,161
10:52:00,161
10:52:01,162
10:52:02,160
10:52:03,160
10:52:04,154
10:52:05,166
10:52:06,166
10:52:07,163
10:52:08,164
10:52:09,164
10:52:10,166
10:52:11,164
10:52:12,164
10:52:13,164
10:52:14,163
10:52:15,163
10:52:16,162
10:52:17,163
10:52:18,166
10:52:19,166
10:52:20,164
10:52:21,164
10:52:22,164
10:52:23,164
10:52:24,162
10:52:25,162
10:52:26,160
10:52:27,163
10:52:28,163
10:52:29,162
10:52:30,163
10:52:31,163
10:52:32,161
10:52:33,162
10:52:34,162
10:52:35,162
10:52:36,165
10:52:37,165
10:52:38,164
10:52:39,161
10:52:40,161
10:52:41,164
10:52:42,165
10:52:43,165
10:52:44,163
10:52:45,163
10:52:46,163
10:52:47,163
10:52:48,163
10:52:49,163
10:52:50,163
10:52:51,162
10:52:52,162
10:52:53,162
10:52:54,165
10:52:55,165
10:52:56,164
10:52:57,165
10:52:58,165
10:52:59,162
10:53:00,161
10:53:01,161
10:53:02,163
10:53:03,161
10:53:04,163
10:53:05,163
10:53:06,164
10:53:07,163
10:53:08,163
10:53:09,162
10:53:10,163
10:53:11,163
10:53:12,162
10:53:13,163
10:53:14,163
10:53:15,164
10:53:16,162
10:53:17,162
10:53:18,155
10:53:19,165
10:53:20,165
10:53:21,163
10:53:23,164
10:53:24,164
10:53:25,163
10:53:26,163
10:53:27,163
10:53:28,159
10:53:29,163
10:53:30,163
10:53:31,163
10:53:32,165
10:53:33,165
10:53:34,162
10:53:35,162
10:53:36,162
10:53:37,164
10:53:38,161
10:53:39,161
10:53:40,161
10:53:41,163
10:53:42,163
10:53:43,163
10:53:44,163
10:53:45,163
10:53:46,164
10:53:47,160
10:53:48,160
10:53:49,163
10:53:50,163
10:53:51,162
10:53:52,162
10:53:53,163
10:53:54,162
10:53:55,162
10:53:56,164
10:53:57,161
10:53:58,161
10:53:59,162
10:54:00,162
10:54:01,162
10:54:02,162
10:54:03,165
10:54:04,165
10:54:05,162
10:54:06,159
10:54:07,159
10:54:08,164
10:54:09,164
10:54:10,164
10:54:11,162
10:54:12,163
10:54:13,163
10:54:14,163
10:54:15,164
10:54:16,164
10:54:17,162
10:54:18,162
10:54:19,162
10:54:20,162
10:54:21,163
10:54:22,163
10:54:23,160
10:54:24,163
10:54:25,163
10:54:26,162
10:54:27,160
10:54:28,160
10:54:29,162
10:54:30,162
10:54:31,162
10:54:32,162
10:54:33,163
10:54:34,163
10:54:35,162
10:54:36,156
10:54:37,163
10:54:38,163
10:54:39,164
10:54:40,161
10:54:41,161
10:54:42,166
10:54:43,164
10:54:44,164
10:54:45,160
10:54:46,161
10:54:47,161
10:54:48,165
10:54:49,165
10:54:50,165
10:54:52,163
10:54:53,163
10:54:54,163
10:54:55,164
10:54:56,163
10:54:57,163
10:54:58,162
10:54:59,162
10:55:00,162
10:55:01,163
10:55:02,162
10:55:03,162
10:55:04,163
10:55:05,162
10:55:06,162
10:55:07,162
10:55:08,162
10:55:09,162
10:55:10,162
10:55:11,165
10:55:12,165
10:55:13,163
10:55:14,164
10:55:15,164
10:55:16,164
10:55:17,162
10:55:18,162
10:55:19,164
10:55:20,164
10:55:21,164
10:55:22,163
10:55:23,163
10:55:24,164
10:55:25,164
10:55:26,160
10:55:27,164
10:55:28,164
10:55:29,162
10:55:30,163
10:55:31,163
10:55:32,162
10:55:33,162
10:55:34,162
10:55:35,163
10:55:36,163
10:55:37,163
10:55:38,162
10:55:39,162
10:55:40,162
10:55:41,161
10:55:42,162
10:55:43,162
10:55:44,161
10:55:45,164
10:55:46,164
10:55:47,165
10:55:48,166
10:55:49,166
10:55:50,165
10:55:51,162
10:55:52,162
10:55:53,164
10:55:54,164
10:55:55,164
10:55:56,163
10:55:57,164
10:55:58,164
10:55:59,163
10:56:00,164
10:56:01,164
10:56:02,163
10:56:03,164
10:56:04,164
10:56:05,162
10:56:06,163
10:56:07,164
10:56:08,164
10:56:09,164
10:56:10,164
10:56:11,164
10:56:12,164
10:56:13,164
10:56:14,164
10:56:15,165
10:56:16,163
10:56:17,163
10:56:19,164
10:56:20,163
10:56:21,163
10:56:22,163
10:56:23,163
10:56:24,163
10:56:25,162
10:56:26,164
10:56:27,164
10:56:28,161
10:56:29,163
10:56:30,163
10:56:31,163
10:56:32,163
10:56:33,163
10:56:34,165
10:56:35,164
10:56:36,164
10:56:37,163
10:56:38,162
10:56:39,162
10:56:40,163
10:56:41,162
10:56:42,162
10:56:43,162
10:56:44,162
10:56:45,162
10:56:46,162
10:56:47,162
10:56:48,162
10:56:49,162
10:56:50,162
10:56:51,162
10:56:52,162
10:56:53,162
10:56:54,164
10:56:55,164
10:56:56,165
10:56:57,163
10:56:58,163
10:56:59,164
10:57:00,160
10:57:01,160
10:57:02,165
10:57:03,165
10:57:04,165
10:57:05,163
10:57:06,165
10:57:07,165
10:57:08,163
10:57:09,163
10:57:10,163
10:57:11,161
10:57:12,162
10:57:13,162
10:57:14,162
10:57:15,163
10:57:16,163
10:57:17,164
10:57:18,163
10:57:19,163
10:57:20,162
10:57:21,162
10:57:22,162
10:57:23,160
10:57:24,162
10:57:25,162
10:57:26,163
10:57:27,164
10:57:28,164
10:57:29,161
10:57:30,162
10:57:31,162
10:57:32,163
10:57:33,163
10:57:34,163
10:57:35,161
10:57:36,162
10:57:37,162
10:57:38,162
10:57:39,164
10:57:40,163
10:57:41,163
10:57:42,162
10:57:43,164
10:57:44,164
10:57:45,163
10:57:47,164
10:57:48,164
10:57:49,161
10:57:50,163
10:57:51,163
10:57:52,162
10:57:53,163
10:57:54,163
10:57:55,161
10:57:56,163
10:57:57,163
10:57:58,162
10:57:59,162
10:58:00,162
10:58:01,161
10:58:02,163
10:58:03,163
10:58:04,163
10:58:05,164
10:58:06,164
10:58:07,165
10:58:08,163
10:58:09,163
10:58:10,164
10:58:11,164
10:58:12,164
10:58:13,161
10:58:14,158
10:58:15,158
10:58:16,161
10:58:17,164
10:58:18,164
10:58:19,164
10:58:20,165
10:58:21,165
10:58:22,163
10:58:23,163
10:58:24,163
10:58:25,163
10:58:26,163
10:58:27,163
10:58:28,163
10:58:29,163
10:58:30,164
10:58:31,164
10:58:32,164
10:58:33,161
10:58:34,161
10:58:35,163
10:58:36,163
10:58:37,163
10:58:38,163
10:58:39,163
10:58:40,163
10:58:41,164
10:58:42,160
10:58:43,160
10:58:44,162
10:58:45,162
10:58:46,162
10:58:47,166
10:58:48,165
10:58:49,165
10:58:50,165
10:58:51,164
10:58:52,164
10:58:53,163
10:58:54,164
10:58:55,164
10:58:56,165
10:58:57,161
10:58:58,161
10:58:59,165
10:59:00,163
10:59:01,163
10:59:02,163
10:59:03,162
10:59:04,162
10:59:05,161
10:59:06,162
10:59:07,162
10:59:08,164
10:59:09,165
10:59:10,165
10:59:11,161
10:59:12,161
10:59:13,163
10:59:14,163
10:59:16,162
10:59:17,162
10:59:18,162
10:59:19,159
10:59:20,162
10:59:21,162
10:59:22,163
10:59:23,163
10:59:24,163
10:59:25,162
10:59:26,162
10:59:27,162
10:59:28,165
10:59:29,163
10:59:30,163
10:59:31,162
10:59:32,163
10:59:33,163
10:59:34,163
10:59:35,163
10:59:36,163
10:59:37,163
10:59:38,162
10:59:39,162
10:59:40,163
10:59:41,164
10:59:42,164
10:59:43,163
10:59:44,164
10:59:45,164
10:59:46,165
10:59:47,164
10:59:48,164
10:59:49,165
10:59:50,163
10:59:51,163
10:59:52,164
10:59:53,163
10:59:54,163
10:59:55,163
10:59:56,163
10:59:57,163
10:59:58,165
10:59:59,161
11:00:00,165
11:00:01,165
11:00:02,164
11:00:03,162
11:00:04,162
11:00:05,163
11:00:06,164
11:00:07,164
11:00:08,166
11:00:09,164
11:00:10,164
11:00:11,161
11:00:12,162
11:00:13,162
11:00:14,161
11:00:15,165
11:00:16,165
11:00:17,163
11:00:18,164
11:00:19,164
11:00:20,164
11:00:21,164
11:00:22,164
11:00:23,164
11:00:24,163
11:00:25,163
11:00:26,163
11:00:28,163
11:00:29,164
11:00:30,164
11:00:31,162
11:00:32,163
11:00:33,163
11:00:34,163
11:00:35,164
11:00:36,164
11:00:37,163
11:00:38,162
11:00:39,162
11:00:40,161
11:00:41,163
11:00:42,164
11:00:43,164
11:00:44,162
11:00:45,163
11:00:46,163
11:00:48,165
11:00:49,164
11:00:50,164
11:00:51,164
11:00:52,165
11:00:53,163
11:00:54,163
11:00:55,163
11:00:56,164
11:00:57,164
11:00:58,164
11:00:59,163
11:01:00,162
11:01:01,162
11:01:02,163
11:01:04,163
11:01:05,163
11:01:06,163
11:01:07,163
11:01:08,163
11:01:09,162
11:01:10,162
11:01:12,163
11:01:13,164
11:01:14,164
11:01:15,164
11:01:16,166
11:01:17,160
11:01:18,164
11:01:19,164
11:01:20,164
11:01:21,164
11:01:22,164
11:01:24,162
11:01:25,164
11:01:26,162
11:01:27,162
11:01:28,161
11:01:29,163
11:01:30,163
11:01:31,160
11:01:32,162
11:01:33,162
11:01:34,164
11:01:35,163
11:01:36,160
11:01:37,160
11:01:38,164
11:01:40,164
11:01:41,165
11:01:42,165
11:01:43,161
11:01:44,164
11:01:46,162
11:01:47,163
11:01:48,163
11:01:49,165
11:01:50,164
11:01:51,163
11:01:52,163
11:01:53,163
11:01:55,163
11:01:56,162
11:01:57,162
11:01:58,163
11:01:59,163
11:02:00,163
11:02:01,157
11:02:02,162
11:02:03,162
11:02:04,165
11:02:05,162
11:02:06,162
11:02:07,163
11:02:08,162
11:02:09,162
11:02:10,163
11:02:11,164
11:02:12,164
11:02:13,164
11:02:14,162
11:02:15,162
11:02:16,162
11:02:17,162
11:02:18,162
11:02:19,162
11:02:20,163
11:02:21,162
11:02:22,162
11:02:23,163
11:02:25,163
11:02:26,164
11:02:27,161
11:02:29,161
11:02:30,163
11:02:31,163
11:02:32,163
11:02:33,164
11:02:35,164
11:02:36,163
11:02:37,162
11:02:38,162
11:02:39,162
11:02:40,166
11:02:41,166
11:02:42,163
11:02:44,163
11:02:45,159
11:02:46,162
11:02:47,163
11:02:49,164
11:02:50,163
11:02:51,163
11:02:52,163
11:02:53,163
11:02:54,163
11:02:55,164
11:02:56,162
11:02:57,162
11:02:58,163
11:02:59,162
11:03:00,162
11:03:01,161
11:03:02,161
11:03:03,163
11:03:05,163
11:03:06,164
11:03:07,163
11:03:09,164
11:03:10,163
11:03:11,163
11:03:12,163
11:03:13,164
11:03:14,164
11:03:15,164
11:03:16,164
11:03:17,165
11:03:18,165
11:03:19,163
11:03:20,163
11:03:21,163
11:03:22,164
11:03:23,164
11:03:24,164
11:03:25,164
11:03:26,164
11:03:27,164
11:03:28,163
11:03:29,164
11:03:30,164
11:03:31,163
11:03:32,163
11:03:33,163
11:03:34,161
11:03:35,162
11:03:36,162
11:03:37,163
11:03:38,164
11:03:39,164
11:03:40,164
11:03:41,162
11:03:42,162
11:03:43,162
11:03:44,164
11:03:45,164
11:03:46,162
11:03:47,161
11:03:48,161
11:03:49,163
11:03:50,163
11:03:51,164
11:03:52,164
11:03:53,162
11:03:54,163
11:03:55,163
11:03:56,162
11:03:57,162
11:03:58,162
11:03:59,164
11:04:00,163
11:04:01,163
11:04:02,162
11:04:03,164
11:04:04,164
11:04:05,163
11:04:06,161
11:04:07,161
11:04:08,162
11:04:09,162
11:04:10,162
11:04:11,163
11:04:12,162
11:04:13,162
11:04:14,163
11:04:15,163
11:04:16,163
11:04:17,162
11:04:18,161
11:04:19,161
11:04:20,162
11:04:21,163
11:04:22,163
11:04:23,161
11:04:24,162
11:04:25,162
11:04:27,161
11:04:28,158
11:04:29,158
11:04:30,161
11:04:31,161
11:04:32,161
11:04:33,163
11:04:34,162
11:04:35,162
11:04:36,164
11:04:37,164
11:04:38,162
11:04:39,162
11:04:40,166
11:04:41,164
11:04:42,164
11:04:43,162
11:04:44,164
11:04:45,164
11:04:46,164
11:04:47,163
11:04:48,163
11:04:49,161
11:04:50,164
11:04:51,164
11:04:52,163
11:04:53,164
11:04:54,164
11:04:55,164
11:04:56,162
11:04:57,162
11:04:58,163
11:04:59,164
11:05:00,164
11:05:01,164
11:05:02,161
11:05:03,161
11:05:04,163
11:05:05,165
11:05:06,165
11:05:07,163
11:05:08,161
11:05:09,161
11:05:10,164
11:05:11,165
11:05:12,165
11:05:13,164
11:05:14,164
11:05:15,164
11:05:16,164
11:05:17,164
11:05:18,164
11:05:19,161
11:05:20,164
11:05:21,164
11:05:22,163
11:05:23,164
11:05:24,162
11:05:25,162
11:05:26,162
11:05:27,165
11:05:28,165
11:05:29,163
11:05:30,164
11:05:31,164
11:05:32,163
11:05:33,164
11:05:34,164
11:05:35,163
11:05:36,164
11:05:37,164
11:05:38,163
11:05:39,163
11:05:40,163
11:05:41,164
11:05:42,161
11:05:43,161
11:05:44,164
11:05:45,161
11:05:46,161
11:05:47,160
11:05:48,165
11:05:49,165
11:05:50,163
11:05:51,164
11:05:52,164
11:05:54,162
11:05:55,164
11:05:56,164
11:05:57,164
11:05:58,163
11:05:59,163
11:06:00,162
11:06:01,164
11:06:02,164
11:06:03,163
11:06:04,163
11:06:05,163
11:06:06,163
11:06:07,161
11:06:08,161
11:06:09,163
11:06:10,162
11:06:11,163
11:06:12,163
11:06:13,164
11:06:14,163
11:06:15,163
11:06:16,163
11:06:17,165
11:06:18,165
11:06:19,166
11:06:20,163
11:06:21,163
11:06:22,164
11:06:23,164
11:06:24,164
11:06:25,165
11:06:26,163
11:06:27,163
11:06:28,164
11:06:29,162
11:06:30,162
11:06:31,165
11:06:32,161
11:06:33,161
11:06:34,162
11:06:35,164
11:06:36,164
11:06:37,163
11:06:38,161
11:06:39,161
11:06:40,165
11:06:41,162
11:06:42,162
11:06:43,164
11:06:44,164
11:06:45,164
11:06:46,162
11:06:47,161
11:06:48,161
11:06:49,162
11:06:50,163
11:06:51,163
11:06:52,161
11:06:53,164
11:06:54,160
11:06:55,160
11:06:56,158
11:06:57,162
11:06:58,162
11:06:59,164
11:07:00,161
11:07:01,161
11:07:02,163
11:07:03,163
11:07:04,163
11:07:05,163
11:07:06,163
11:07:07,163
11:07:08,164
11:07:09,166
11:07:10,166
11:07:11,165
11:07:12,166
11:07:13,166
11:07:14,164
11:07:15,164
11:07:16,164
11:07:17,162
11:07:18,164
11:07:20,164
11:07:21,166
11:07:22,164
11:07:23,164
11:07:24,163
11:07:25,163
11:07:26,163
11:07:27,164
11:07:28,163
11:07:29,163
11:07:30,163
11:07:31,165
11:07:32,165
11:07:33,163
11:07:34,163
11:07:35,163
11:07:36,162
11:07:37,162
11:07:38,162
11:07:39,162
11:07:40,165
11:07:41,163
11:07:42,163
11:07:43,164
11:07:44,162
11:07:45,162
11:07:46,163
11:07:47,162
11:07:48,162
11:07:49,165
11:07:50,165
11:07:51,165
11:07:52,162
11:07:53,163
11:07:54,163
11:07:55,163
11:07:56,162
11:07:57,162
11:07:58,162
11:07:59,162
11:08:00,162
11:08:01,163
11:08:02,163
11:08:03,163
11:08:04,163
11:08:05,164
11:08:06,164
11:08:07,163
11:08:08,164
11:08:09,164
11:08:10,159
11:08:11,163
11:08:12,163
11:08:13,165
11:08:14,164
11:08:15,164
11:08:16,164
11:08:17,164
11:08:18,164
11:08:19,164
11:08:20,163
11:08:21,163
11:08:22,163
11:08:23,164
11:08:24,162
11:08:25,162
11:08:26,164
11:08:27,164
11:08:28,164
11:08:29,165
11:08:30,165
11:08:31,165
11:08:32,163
11:08:33,166
11:08:34,166
11:08:35,164
11:08:36,164
11:08:37,164
11:08:38,166
11:08:39,165
11:08:40,165
11:08:41,167
11:08:42,164
11:08:43,164
11:08:44,166
11:08:46,165
11:08:47,165
11:08:48,166
11:08:49,163
11:08:50,163
11:08:51,161
11:08:52,162
11:08:53,162
11:08:54,162
11:08:55,164
11:08:56,164
11:08:57,164
11:08:58,162
11:08:59,162
11:09:00,161
11:09:01,164
11:09:02,164
11:09:03,163
11:09:04,163
11:09:05,163
11:09:06,163
11:09:07,163
11:09:08,163
11:09:09,162
11:09:10,161
11:09:11,163
11:09:12,163
11:09:13,162
11:09:14,164
11:09:15,164
11:09:16,164
11:09:17,157
11:09:18,157
11:09:19,165
11:09:20,164
11:09:21,164
11:09:22,161
11:09:23,163
11:09:24,163
11:09:25,162
11:09:26,163
11:09:27,163
11:09:28,164
11:09:29,163
11:09:30,163
11:09:31,162
11:09:32,164
11:09:33,164
11:09:34,162
11:09:35,160
11:09:36,160
11:09:37,161
11:09:38,164
11:09:39,164
11:09:40,163
11:09:41,165
11:09:42,165
11:09:43,163
11:09:44,165
11:09:45,165
11:09:46,163
11:09:47,163
11:09:48,163
11:09:49,161
11:09:50,163
11:09:51,163
11:09:52,164
11:09:53,164
11:09:54,164
11:09:55,162
11:09:56,163
11:09:57,163
11:09:58,163
11:09:59,163
11:10:00,163
11:10:01,163
11:10:02,163
11:10:03,163
11:10:04,163
11:10:05,162
11:10:06,164
11:10:07,164
11:10:08,163
11:10:09,163
11:10:10,163
11:10:11,163
11:10:12,164
11:10:13,164
11:10:14,162
11:10:16,162
11:10:17,162
11:10:18,165
11:10:19,160
11:10:20,160
11:10:21,163
11:10:22,161
11:10:23,161
11:10:24,162
11:10:25,164
11:10:26,164
11:10:27,164
11:10:28,161
11:10:29,161
11:10:30,157
11:10:31,164
11:10:32,164
11:10:33,166
11:10:34,162
11:10:35,162
11:10:36,163
11:10:37,163
11:10:38,163
11:10:39,165
11:10:40,164
11:10:41,164
11:10:42,162
11:10:43,163
11:10:44,163
11:10:45,163
11:10:46,165
11:10:47,166
11:10:48,166
11:10:49,165
11:10:50,166
11:10:51,166
11:10:52,163
11:10:53,163
11:10:54,163
11:10:55,164
11:10:56,163
11:10:57,163
11:10:58,163
11:10:59,164
11:11:00,164
11:11:01,166
11:11:02,166
11:11:03,166
11:11:04,163
11:11:05,164
11:11:06,164
11:11:07,165
11:11:08,164
11:11:09,164
11:11:10,161
11:11:11,163
11:11:12,163
11:11:13,165
11:11:14,162
11:11:15,162
11:11:16,162
11:11:17,163
11:11:18,163
11:11:19,162
11:11:20,165
11:11:21,165
11:11:22,162
11:11:23,164
11:11:24,164
11:11:25,163
11:11:26,165
11:11:27,165
11:11:28,162
11:11:29,163
11:11:30,163
11:11:31,163
11:11:32,162
11:11:33,164
11:11:34,164
11:11:35,162
11:11:36,164
11:11:37,164
11:11:38,165
11:11:39,165
11:11:40,165
11:11:41,156
11:11:42,163
11:11:43,163
11:11:45,162
11:11:46,164
11:11:47,164
11:11:48,164
11:11:49,161
11:11:50,161
11:11:51,161
11:11:52,162
11:11:53,162
11:11:54,162
11:11:55,162
11:11:56,162
11:11:57,164
11:11:58,164
11:11:59,164
11:12:00,161
11:12:01,163
11:12:02,163
11:12:03,162
11:12:04,162
11:12:05,162
11:12:06,164
11:12:07,163
11:12:08,163
11:12:09,163
11:12:10,165
11:12:11,165
11:12:12,162
11:12:13,164
11:12:14,164
11:12:15,163
11:12:16,163
11:12:17,161
11:12:18,161
11:12:19,163
11:12:20,164
11:12:21,164
11:12:22,163
11:12:23,163
11:12:24,163
11:12:25,166
11:12:26,164
11:12:27,164
11:12:28,161
11:12:29,162
11:12:30,162
11:12:31,162
11:12:32,165
11:12:33,165
11:12:34,162
11:12:35,163
11:12:36,163
11:12:37,164
11:12:38,163
11:12:39,163
11:12:40,163
11:12:41,162
11:12:42,162
11:12:43,162
11:12:44,163
11:12:45,163
11:12:46,163
11:12:47,160
11:12:48,160
11:12:49,162
11:12:50,164
11:12:51,164
11:12:52,162
11:12:53,163
11:12:54,163
11:12:55,162
11:12:56,163
11:12:57,163
11:12:58,162
11:12:59,163
11:13:00,163
11:13:01,165
11:13:02,165
11:13:03,164
11:13:04,164
11:13:05,163
11:13:06,164
11:13:07,164
11:13:08,163
11:13:09,163
11:13:11,163
11:13:12,163
11:13:13,164
11:13:14,164
11:13:15,162
11:13:16,162
11:13:17,162
11:13:18,163
11:13:19,164
11:13:20,164
11:13:21,163
11:13:22,162
11:13:23,162
11:13:24,160
11:13:25,163
11:13:26,163
11:13:27,161
11:13:28,162
11:13:29,162
11:13:30,164
11:13:31,163
11:13:32,163
11:13:33,164
11:13:34,163
11:13:35,163
11:13:36,165
11:13:37,163
11:13:38,164
11:13:39,164
11:13:40,164
11:13:41,161
11:13:42,161
11:13:43,165
11:13:44,164
11:13:45,164
11:13:46,163
11:13:47,163
11:13:48,163
11:13:49,164
11:13:50,163
11:13:51,163
11:13:52,162
11:13:53,162
11:13:54,162
11:13:55,162
11:13:56,164
11:13:57,164
11:13:58,163
11:13:59,163
11:14:00,163
11:14:01,163
11:14:02,158
11:14:03,158
11:14:04,163
11:14:05,163
11:14:06,163
11:14:07,164
11:14:08,165
11:14:09,165
11:14:10,165
11:14:11,165
11:14:12,164
11:14:13,164
11:14:14,162
11:14:15,164
11:14:16,164
11:14:18,162
11:14:19,163
11:14:20,163
11:14:21,165
11:14:22,164
11:14:23,164
11:14:24,163
11:14:25,163
11:14:26,163
11:14:27,162
11:14:28,163
11:14:29,163
11:14:30,163
11:14:31,161
11:14:32,161
11:14:33,165
11:14:34,164
11:14:35,164
11:14:36,162
11:14:37,164
11:14:38,164
11:14:39,165
11:14:40,166
11:14:41,166
11:14:42,165
11:14:43,163
11:14:44,163
11:14:45,163
11:14:46,163
11:14:47,163
11:14:48,161
11:14:49,163
11:14:50,163
11:14:51,164
11:14:52,165
11:14:53,165
11:14:54,165
11:14:55,164
11:14:56,164
11:14:57,164
11:14:58,163
11:14:59,164
11:15:00,164
11:15:01,163
11:15:02,161
11:15:03,161
11:15:04,161
11:15:05,164
11:15:06,164
11:15:07,162
11:15:08,162
11:15:09,162
11:15:10,161
11:15:11,166
11:15:12,166
11:15:13,164
11:15:14,162
11:15:15,162
11:15:16,162
11:15:17,162
11:15:18,162
11:15:19,163
11:15:20,164
11:15:21,164
11:15:22,163
11:15:23,165
11:15:24,165
11:15:25,163
11:15:26,165
11:15:27,165
11:15:28,162
11:15:29,163
11:15:30,163
11:15:31,164
11:15:32,163
11:15:33,163
11:15:34,164
11:15:35,164
11:15:36,164
11:15:37,164
11:15:38,163
11:15:39,165
11:15:40,165
11:15:41,164
11:15:42,164
11:15:43,164
11:15:45,165
11:15:46,162
11:15:47,162
11:15:48,162
11:15:49,163
11:15:50,163
11:15:51,165
11:15:52,163
11:15:53,163
11:15:54,162
11:15:55,161
11:15:56,161
11:15:57,163
11:15:58,162
11:15:59,162
11:16:00,162
11:16:01,162
11:16:02,162
11:16:03,162
11:16:04,164
11:16:05,164
11:16:06,162
11:16:07,160
11:16:08,160
11:16:09,164
11:16:10,163
11:16:11,163
11:16:12,162
11:16:13,162
11:16:14,162
11:16:15,162
11:16:16,163
11:16:17,163
11:16:18,157
11:16:19,164
11:16:20,164
11:16:21,165
11:16:22,163
11:16:23,163
11:16:24,163
11:16:25,162
11:16:26,162
11:16:27,162
11:16:28,161
11:16:29,163
11:16:30,163
11:16:31,162
11:16:32,160
11:16:33,160
11:16:34,164
11:16:35,162
11:16:36,162
11:16:37,160
11:16:38,163
11:16:39,163
11:16:40,164
11:16:41,164
11:16:42,164
11:16:43,163
11:16:44,164
11:16:45,164
11:16:46,164
11:16:47,163
11:16:48,163
11:16:49,164
11:16:50,165
11:16:51,165
11:16:52,164
11:16:53,164
11:16:54,164
11:16:55,164
11:16:56,165
11:16:57,165
11:16:58,166
11:16:59,163
11:17:00,163
11:17:01,165
11:17:02,164
11:17:03,164
11:17:04,162
11:17:05,165
11:17:06,165
11:17:07,163
11:17:08,164
11:17:09,164
11:17:10,164
11:17:12,163
11:17:13,163
11:17:14,163
11:17:15,159
11:17:16,164
11:17:17,164
11:17:18,162
11:17:19,163
11:17:20,163
11:17:21,160
11:17:22,163
11:17:23,163
11:17:24,161
11:17:25,163
11:17:26,163
11:17:27,162
11:17:28,163
11:17:29,163
11:17:30,161
11:17:31,156
11:17:32,156
11:17:33,160
11:17:34,161
11:17:35,161
11:17:36,162
11:17:37,162
11:17:38,162
11:17:39,163
11:17:40,163
11:17:41,163
11:17:42,164
11:17:43,162
11:17:44,162
11:17:45,162
11:17:46,164
11:17:47,164
11:17:48,164
11:17:49,163
11:17:50,163
11:17:51,164
11:17:52,163
11:17:53,160
11:17:54,160
11:17:55,164
11:17:56,163
11:17:57,163
11:17:58,162
11:17:59,163
11:18:00,163
11:18:01,162
11:18:02,165
11:18:03,165
11:18:04,165
11:18:05,166
11:18:06,166
11:18:07,162
11:18:08,162
11:18:09,162
11:18:10,163
11:18:11,162
11:18:12,162
11:18:13,163
11:18:14,161
11:18:15,161
11:18:16,163
11:18:17,165
11:18:18,165
11:18:19,164
11:18:20,164
11:18:21,164
11:18:22,165
11:18:23,160
11:18:24,160
11:18:25,163
11:18:26,163
11:18:27,163
11:18:28,162
11:18:29,163
11:18:30,163
11:18:32,162
11:18:33,163
11:18:34,164
11:18:35,164
11:18:36,160
11:18:37,162
11:18:38,162
11:18:39,163
11:18:40,162
11:18:41,162
11:18:42,155
11:18:43,164
11:18:44,164
11:18:45,163
11:18:46,163
11:18:47,163
11:18:48,164
11:18:49,165
11:18:50,165
11:18:51,163
11:18:52,162
11:18:53,162
11:18:54,164
11:18:55,162
11:18:56,162
11:18:57,162
11:18:58,163
11:18:59,163
11:19:00,163
11:19:01,164
11:19:02,164
11:19:03,164
11:19:04,163
11:19:05,163
11:19:06,164
11:19:07,163
11:19:08,163
11:19:09,164
11:19:10,164
11:19:11,164
11:19:12,163
11:19:13,162
11:19:14,162
11:19:15,163
11:19:16,163
11:19:17,164
11:19:18,164
11:19:19,165
11:19:20,163
11:19:21,163
11:19:22,163
11:19:23,162
11:19:24,162
11:19:25,162
11:19:26,162
11:19:27,162
11:19:28,160
11:19:29,162
11:19:30,162
11:19:31,162
11:19:32,162
11:19:33,162
11:19:34,162
11:19:35,162
11:19:36,162
11:19:37,163
11:19:38,164
11:19:39,164
11:19:40,164
11:19:41,161
11:19:42,161
11:19:43,164
11:19:44,163
11:19:45,163
11:19:46,162
11:19:47,162
11:19:48,162
11:19:49,163
11:19:50,157
11:19:51,157
11:19:52,164
11:19:53,165
11:19:54,165
11:19:56,163
11:19:57,162
11:19:58,162
11:19:59,163
11:20:00,163
11:20:01,163
11:20:02,161
11:20:03,163
11:20:04,164
11:20:05,164
11:20:06,165
11:20:07,163
11:20:08,163
11:20:09,163
11:20:10,162
11:20:11,162
11:20:12,166
11:20:13,163
11:20:14,163
11:20:15,162
11:20:16,162
11:20:17,162
11:20:18,162
11:20:19,164
11:20:20,164
11:20:21,163
11:20:22,163
11:20:23,163
11:20:24,163
11:20:25,166
11:20:26,166
11:20:27,163
11:20:28,166
11:20:29,166
11:20:30,163
11:20:31,163
11:20:32,163
11:20:33,164
11:20:34,162
11:20:35,162
11:20:36,165
11:20:37,161
11:20:38,161
11:20:39,162
11:20:40,164
11:20:41,164
11:20:42,162
11:20:43,163
11:20:44,163
11:20:45,163
11:20:46,161
11:20:47,161
11:20:48,161
11:20:49,162
11:20:50,158
11:20:51,158
11:20:52,163
11:20:53,163
11:20:54,163
11:20:55,163
11:20:56,163
11:20:57,163
11:20:58,164
11:20:59,162
11:21:00,162
11:21:01,162
11:21:02,154
11:21:03,154
11:21:04,165
11:21:05,164
11:21:06,164
11:21:07,164
11:21:08,162
11:21:09,162
11:21:10,163
11:21:11,164
11:21:12,164
11:21:13,163
11:21:14,163
11:21:15,163
11:21:16,163
11:21:17,162
11:21:18,162
11:21:19,164
11:21:21,163
11:21:22,163
11:21:23,163
11:21:24,163
11:21:25,163
11:21:26,165
11:21:27,163
11:21:28,163
11:21:29,163
11:21:30,164
11:21:31,164
11:21:32,164
11:21:33,161
11:21:34,164
11:21:35,164
11:21:36,164
11:21:37,164
11:21:38,164
11:21:39,161
11:21:40,162
11:21:41,162
11:21:42,165
11:21:43,165
11:21:44,165
11:21:45,165
11:21:46,165
11:21:47,165
11:21:48,163
11:21:49,163
11:21:50,163
11:21:51,161
11:21:52,164
11:21:53,164
11:21:54,163
11:21:55,162
11:21:56,162
11:21:57,164
11:21:58,164
11:21:59,164
11:22:00,163
11:22:01,163
11:22:02,163
11:22:03,164
11:22:04,163
11:22:05,163
11:22:06,162
11:22:07,164
11:22:08,162
11:22:09,162
11:22:10,164
11:22:11,165
11:22:12,165
11:22:13,162
11:22:14,163
11:22:15,163
11:22:16,164
11:22:17,163
11:22:18,163
11:22:19,163
11:22:20,165
11:22:21,165
11:22:22,164
11:22:23,165
11:22:24,165
11:22:25,165
11:22:26,163
11:22:27,163
11:22:28,165
11:22:29,163
11:22:30,163
11:22:31,162
11:22:32,164
11:22:33,164
11:22:34,163
11:22:35,163
11:22:36,163
11:22:37,164
11:22:38,163
11:22:39,163
11:22:41,162
11:22:42,163
11:22:43,163
11:22:44,165
11:22:45,163
11:22:46,163
11:22:47,164
11:22:48,165
11:22:49,165
11:22:50,162
11:22:51,165
11:22:52,163
11:22:53,163
11:22:54,164
11:22:55,163
11:22:56,163
11:22:57,164
11:22:58,161
11:22:59,161
11:23:00,161
11:23:01,163
11:23:02,163
11:23:03,163
11:23:04,164
11:23:05,164
11:23:06,162
11:23:07,161
11:23:08,161
11:23:09,162
11:23:10,163
11:23:11,163
11:23:12,162
11:23:13,163
11:23:14,163
11:23:15,161
11:23:16,162
11:23:17,162
11:23:18,161
11:23:19,163
11:23:20,163
11:23:21,156
11:23:22,165
11:23:23,165
11:23:24,164
11:23:25,164
11:23:26,164
11:23:27,164
11:23:28,163
11:23:29,163
11:23:30,163
11:23:31,164
11:23:32,164
11:23:33,163
11:23:34,163
11:23:35,163
11:23:36,162
11:23:37,163
11:23:38,163
11:23:39,163
11:23:40,164
11:23:41,165
11:23:42,165
11:23:43,164
11:23:44,165
11:23:45,165
11:23:46,160
11:23:47,162
11:23:48,162
11:23:49,165
11:23:50,166
11:23:51,166
11:23:52,162
11:23:53,163
11:23:54,163
11:23:55,164
11:23:56,165
11:23:57,165
11:23:58,164
11:24:00,163
11:24:01,163
11:24:02,163
11:24:03,161
11:24:04,161
11:24:05,162
11:24:06,161
11:24:07,161
11:24:08,162
11:24:09,162
11:24:10,162
11:24:11,165
11:24:12,165
11:24:13,165
11:24:14,161
11:24:15,164
11:24:16,161
11:24:17,161
11:24:18,164
11:24:19,164
11:24:20,164
11:24:21,164
11:24:22,165
11:24:23,165
11:24:24,165
11:24:25,160
11:24:26,160
11:24:27,164
11:24:28,163
11:24:29,163
11:24:30,158
11:24:31,165
11:24:32,165
11:24:33,164
11:24:34,163
11:24:35,163
11:24:36,164
11:24:37,164
11:24:38,164
11:24:39,163
11:24:40,164
11:24:41,164
11:24:42,163
11:24:43,164
11:24:44,164
11:24:45,163
11:24:46,162
11:24:47,162
11:24:48,163
11:24:49,163
11:24:50,163
11:24:51,163
11:24:52,162
11:24:53,162
11:24:54,162
11:24:55,163
11:24:56,163
11:24:57,162
11:24:58,163
11:24:59,163
11:25:00,162
11:25:01,163
11:25:02,163
11:25:03,163
11:25:04,165
11:25:05,164
11:25:06,164
11:25:07,164
11:25:08,161
11:25:09,161
11:25:10,164
11:25:11,163
11:25:12,163
11:25:13,164
11:25:14,163
11:25:15,163
11:25:16,165
11:25:17,160
11:25:18,160
11:25:19,161
11:25:20,163
11:25:21,163
11:25:22,163
11:25:23,162
11:25:24,162
11:25:25,162
11:25:27,165
11:25:28,165
11:25:29,164
11:25:30,162
11:25:31,162
11:25:32,164
11:25:33,164
11:25:34,164
11:25:35,162
11:25:36,164
11:25:37,164
11:25:38,164
11:25:39,163
11:25:40,163
11:25:41,160
11:25:42,165
11:25:43,165
11:25:44,164
11:25:45,164
11:25:46,164
11:25:47,164
11:25:48,164
11:25:49,164
11:25:50,164
11:25:51,163
11:25:52,161
11:25:53,161
11:25:54,164
11:25:55,163
11:25:56,163
11:25:57,164
11:25:58,162
11:25:59,162
11:26:00,162
11:26:01,164
11:26:02,164
11:26:03,162
11:26:04,161
11:26:05,161
11:26:06,163
11:26:07,163
11:26:08,163
11:26:09,163
11:26:10,162
11:26:11,162
11:26:12,162
11:26:13,162
11:26:14,162
11:26:15,165
11:26:16,164
11:26:17,164
11:26:18,164
11:26:19,162
11:26:20,162
11:26:21,164
11:26:22,162
11:26:23,162
11:26:24,163
11:26:25,163
11:26:26,163
11:26:27,164
11:26:28,165
11:26:29,165
11:26:30,163
11:26:31,162
11:26:32,161
11:26:33,161
11:26:34,163
11:26:35,165
11:26:36,165
11:26:37,163
11:26:38,162
11:26:39,162
11:26:40,163
11:26:41,163
11:26:42,163
11:26:43,164
11:26:44,161
11:26:45,161
11:26:46,162
11:26:47,161
11:26:48,161
11:26:49,163
11:26:50,165
11:26:51,165
11:26:52,161
11:26:53,164
11:26:54,164
11:26:56,164
11:26:57,165
11:26:58,165
11:26:59,165
11:27:00,162
11:27:01,162
11:27:02,162
11:27:03,164
11:27:04,164
11:27:05,165
11:27:06,161
11:27:07,161
11:27:08,164
11:27:09,165
11:27:10,165
11:27:11,163
11:27:12,162
11:27:13,162
11:27:14,163
11:27:15,162
11:27:16,162
11:27:17,163
11:27:18,163
11:27:19,164
11:27:20,164
11:27:21,167
11:27:22,165
11:27:23,165
11:27:24,163
11:27:25,163
11:27:26,163
11:27:27,163
11:27:28,164
11:27:29,164
11:27:30,165
11:27:31,161
11:27:32,161
11:27:33,163
11:27:34,164
11:27:35,164
11:27:36,164
11:27:37,164
11:27:38,164
11:27:39,161
11:27:40,162
11:27:41,162
11:27:42,164
11:27:43,164
11:27:44,164
11:27:45,162
11:27:46,162
11:27:47,162
11:27:48,162
11:27:49,163
11:27:50,163
11:27:51,163
11:27:52,162
11:27:53,162
11:27:54,163
11:27:55,166
11:27:56,166
11:27:57,164
11:27:58,164
11:27:59,164
11:28:00,165
11:28:01,165
11:28:02,165
11:28:03,164
11:28:04,164
11:28:05,164
11:28:06,164
11:28:07,164
11:28:08,160
11:28:09,160
11:28:10,162
11:28:11,163
11:28:12,163
11:28:13,163
11:28:14,165
11:28:15,165
11:28:16,163
11:28:17,162
11:28:18,162
11:28:19,164
11:28:20,162
11:28:21,162
11:28:22,164
11:28:23,164
11:28:24,164
11:28:26,164
11:28:27,164
11:28:28,164
11:28:29,162
11:28:30,164
11:28:31,164
11:28:32,164
11:28:33,164
11:28:34,164
11:28:35,165
11:28:36,163
11:28:37,163
11:28:38,165
11:28:39,164
11:28:40,164
11:28:41,165
11:28:42,163
11:28:43,163
11:28:44,164
11:28:45,161
11:28:46,161
11:28:47,165
11:28:48,165
11:28:49,166
11:28:50,166
11:28:51,163
11:28:52,165
11:28:53,165
11:28:54,162
11:28:55,163
11:28:56,163
11:28:57,163
11:28:58,161
11:28:59,161
11:29:00,165
11:29:01,163
11:29:02,163
11:29:03,163
11:29:04,162
11:29:05,162
11:29:06,162
11:29:07,162
11:29:08,162
11:29:09,162
11:29:10,162
11:29:11,162
11:29:12,161
11:29:13,162
11:29:14,162
11:29:15,163
11:29:16,163
11:29:17,163
11:29:18,162
11:29:19,163
11:29:20,163
11:29:21,162
11:29:22,163
11:29:23,163
11:29:24,164
11:29:25,164
11:29:26,164
11:29:27,163
11:29:28,165
11:29:29,165
11:29:30,164
11:29:31,163
11:29:32,164
11:29:33,164
11:29:34,164
11:29:35,164
11:29:36,164
11:29:37,163
11:29:38,164
11:29:39,164
11:29:40,162
11:29:41,164
11:29:42,164
11:29:43,162
11:29:44,163
11:29:45,163
11:29:46,164
11:29:47,163
11:29:48,163
11:29:50,162
11:29:51,161
11:29:52,161
11:29:53,163
11:29:54,165
11:29:55,165
11:29:56,161
11:29:57,162
11:29:58,162
11:29:59,164
11:30:00,162
11:30:01,162
11:30:02,164
11:30:03,161
11:30:04,161
11:30:05,162
11:30:06,163
11:30:07,163
11:30:08,159
11:30:09,164
11:30:10,164
11:30:11,163
11:30:12,163
11:30:13,163
11:30:14,166
11:30:15,165
11:30:16,164
11:30:17,164
11:30:18,161
11:30:19,163
11:30:20,163
11:30:21,163
11:30:22,161
11:30:23,161
11:30:24,163
11:30:25,161
11:30:26,161
11:30:27,162
11:30:28,162
11:30:29,162
11:30:30,154
11:30:31,165
11:30:32,165
11:30:33,163
11:30:34,164
11:30:35,164
11:30:36,165
11:30:37,162
11:30:38,162
11:30:39,163
11:30:40,165
11:30:41,165
11:30:42,165
11:30:43,164
11:30:44,164
11:30:45,165
11:30:46,163
11:30:47,163
11:30:48,164
11:30:49,164
11:30:50,164
11:30:51,163
11:30:52,164
11:30:53,164
11:30:54,162
11:30:55,167
11:30:56,167
11:30:57,165
11:30:58,166
11:30:59,163
11:31:00,163
11:31:01,164
11:31:02,166
11:31:03,166
11:31:04,164
11:31:05,166
11:31:06,166
11:31:07,164
11:31:08,162
11:31:09,162
11:31:10,164
11:31:11,161
11:31:13,161
11:31:14,162
11:31:15,163
11:31:16,163
11:31:17,164
11:31:18,161
11:31:19,161
11:31:20,164
11:31:21,163
11:31:22,163
11:31:23,163
11:31:24,165
11:31:25,165
11:31:26,162
11:31:27,163
11:31:28,163
11:31:29,163
11:31:30,163
11:31:31,163
11:31:32,156
11:31:33,164
11:31:34,164
11:31:35,163
11:31:36,164
11:31:37,164
11:31:38,165
11:31:39,164
11:31:40,164
11:31:41,165
11:31:42,163
11:31:43,163
11:31:44,165
11:31:45,163
11:31:46,165
11:31:47,165
11:31:48,165
11:31:49,163
11:31:50,163
11:31:51,164
11:31:52,163
11:31:53,163
11:31:54,166
11:31:55,162
11:31:56,162
11:31:57,165
11:31:58,165
11:31:59,165
11:32:00,165
11:32:01,164
11:32:02,164
11:32:03,162
11:32:04,164
11:32:05,164
11:32:06,166
11:32:07,163
11:32:08,163
11:32:09,165
11:32:10,164
11:32:11,164
11:32:12,163
11:32:13,162
11:32:14,162
11:32:15,163
11:32:16,166
11:32:17,166
11:32:18,163
11:32:19,164
11:32:20,164
11:32:21,163
11:32:22,164
11:32:23,164
11:32:24,162
11:32:25,163
11:32:26,163
11:32:27,164
11:32:28,164
11:32:29,164
11:32:30,162
11:32:31,161
11:32:32,165
11:32:33,165
11:32:34,164
11:32:35,166
11:32:36,166
11:32:37,164
11:32:38,163
11:32:39,163
11:32:40,153
11:32:42,163
11:32:43,163
11:32:44,163
11:32:45,162
11:32:46,162
11:32:47,165
11:32:48,164
11:32:49,164
11:32:50,163
11:32:51,163
11:32:52,163
11:32:53,164
11:32:54,164
11:32:55,164
11:32:56,163
11:32:57,162
11:32:58,162
11:32:59,163
11:33:00,162
11:33:01,162
11:33:02,164
11:33:03,165
11:33:04,165
11:33:05,164
11:33:06,164
11:33:07,164
11:33:08,167
11:33:09,165
11:33:10,165
11:33:11,162
11:33:12,165
11:33:13,165
11:33:14,164
11:33:15,166
11:33:16,166
11:33:17,162
11:33:18,163
11:33:19,163
11:33:20,165
11:33:21,164
11:33:22,164
11:33:23,164
11:33:24,163
11:33:25,164
11:33:26,164
11:33:27,163
11:33:28,163
11:33:29,163
11:33:30,163
11:33:31,163
11:33:32,163
11:33:33,163
11:33:34,163
11:33:35,163
11:33:36,160
11:33:37,164
11:33:38,164
11:33:39,162
11:33:40,164
11:33:41,164
11:33:42,163
11:33:43,160
11:33:44,160
11:33:45,163
11:33:46,162
11:33:47,162
11:33:48,162
11:33:49,161
11:33:50,161
11:33:51,162
11:33:52,164
11:33:53,164
11:33:54,165
11:33:55,164
11:33:56,164
11:33:57,162
11:33:58,157
11:33:59,157
11:34:00,164
11:34:01,163
11:34:02,163
11:34:03,164
11:34:04,164
11:34:05,164
11:34:06,167
11:34:07,164
11:34:08,165
11:34:09,165
11:34:11,165
11:34:12,166
11:34:13,166
11:34:14,165
11:34:15,166
11:34:16,166
11:34:17,164
11:34:18,164
11:34:19,164
11:34:20,162
11:34:21,165
11:34:22,165
11:34:23,164
11:34:24,165
11:34:25,165
11:34:26,161
11:34:27,163
11:34:28,163
11:34:29,162
11:34:30,162
11:34:31,162
11:34:32,165
11:34:33,165
11:34:34,165
11:34:35,163
11:34:36,162
11:34:37,162
11:34:38,161
11:34:39,163
11:34:40,163
11:34:41,164
11:34:42,159
11:34:43,159
11:34:44,162
11:34:45,163
11:34:46,163
11:34:47,163
11:34:48,164
11:34:49,164
11:34:50,164
11:34:51,164
11:34:52,164
11:34:53,164
11:34:54,165
11:34:55,162
11:34:56,162
11:34:57,161
11:34:58,164
11:34:59,164
11:35:00,163
11:35:01,165
11:35:02,165
11:35:03,162
11:35:04,164
11:35:05,164
11:35:06,164
11:35:07,161
11:35:08,161
11:35:09,162
11:35:10,163
11:35:11,163
11:35:12,164
11:35:13,162
11:35:14,162
11:35:15,157
11:35:16,162
11:35:17,162
11:35:18,161
11:35:19,162
11:35:20,162
11:35:21,164
11:35:22,164
11:35:23,164
11:35:24,165
11:35:25,163
11:35:26,163
11:35:27,164
11:35:28,166
11:35:29,166
11:35:30,164
11:35:31,163
11:35:32,163
11:35:33,163
11:35:34,163
11:35:35,163
11:35:36,163
11:35:37,162
11:35:38,165
11:35:39,165
11:35:41,162
11:35:42,162
11:35:43,162
11:35:44,162
11:35:45,164
11:35:46,164
11:35:47,162
11:35:48,163
11:35:49,163
11:35:50,161
11:35:51,165
11:35:52,165
11:35:53,165
11:35:54,163
11:35:55,163
11:35:56,161
11:35:57,162
11:35:58,162
11:35:59,163
11:36:00,161
11:36:01,161
11:36:02,163
11:36:03,162
11:36:04,162
11:36:05,160
11:36:06,163
11:36:07,163
11:36:08,162
11:36:09,161
11:36:10,161
11:36:11,162
11:36:12,162
11:36:13,162
11:36:14,162
11:36:15,163
11:36:16,163
11:36:17,163
11:36:18,162
11:36:19,162
11:36:20,164
11:36:21,163
11:36:22,163
11:36:23,163
11:36:24,157
11:36:25,157
11:36:26,162
11:36:27,164
11:36:28,165
11:36:29,165
11:36:30,162
11:36:31,162
11:36:32,162
11:36:33,165
11:36:34,166
11:36:35,166
11:36:36,161
11:36:37,161
11:36:38,161
11:36:39,164
11:36:40,164
11:36:41,164
11:36:42,162
11:36:43,163
11:36:44,163
11:36:45,163
11:36:46,165
11:36:47,165
11:36:48,162
11:36:49,164
11:36:50,164
11:36:51,164
11:36:52,163
11:36:53,163
11:36:54,164
11:36:55,164
11:36:56,164
11:36:57,163
11:36:58,164
11:36:59,164
11:37:00,162
11:37:01,164
11:37:02,164
11:37:03,164
11:37:04,164
11:37:05,164
11:37:06,162
11:37:07,163
11:37:08,163
11:37:09,162
11:37:10,162
11:37:12,162
11:37:13,163
11:37:14,165
11:37:15,163
11:37:16,163
11:37:17,162
11:37:18,163
11:37:19,163
11:37:20,164
11:37:21,163
11:37:22,163
11:37:23,160
11:37:24,159
11:37:25,159
11:37:26,161
11:37:27,164
11:37:28,164
11:37:29,162
11:37:30,163
11:37:31,163
11:37:32,164
11:37:33,164
11:37:34,164
11:37:35,162
11:37:36,161
11:37:37,161
11:37:38,164
11:37:39,166
11:37:40,166
11:37:41,166
11:37:42,165
11:37:43,165
11:37:44,163
11:37:45,165
11:37:46,165
11:37:47,164
11:37:48,165
11:37:49,165
11:37:50,162
11:37:51,164
11:37:52,164
11:37:53,164
11:37:54,163
11:37:55,163
11:37:56,163
11:37:57,163
11:37:58,163
11:37:59,164
11:38:00,165
11:38:01,162
11:38:02,162
11:38:03,167
11:38:04,168
11:38:05,168
11:38:06,163
11:38:07,165
11:38:08,165
11:38:09,164
11:38:10,164
11:38:11,164
11:38:12,162
11:38:13,162
11:38:14,162
11:38:15,161
11:38:16,160
11:38:17,160
11:38:18,161
11:38:19,163
11:38:20,163
11:38:21,163
11:38:22,164
11:38:23,164
11:38:24,161
11:38:25,162
11:38:26,162
11:38:27,164
11:38:28,163
11:38:29,163
11:38:30,163
11:38:31,163
11:38:32,163
11:38:33,164
11:38:34,163
11:38:35,163
11:38:36,162
11:38:37,162
11:38:39,162
11:38:40,164
11:38:41,164
11:38:42,164
11:38:43,159
11:38:44,164
11:38:45,162
11:38:46,162
11:38:47,163
11:38:48,165
11:38:49,165
11:38:50,164
11:38:51,165
11:38:52,165
11:38:53,164
11:38:54,166
11:38:55,166
11:38:56,161
11:38:57,163
11:38:58,163
11:38:59,162
11:39:00,161
11:39:01,161
11:39:02,166
11:39:03,163
11:39:04,163
11:39:05,164
11:39:06,164
11:39:07,164
11:39:08,165
11:39:09,163
11:39:10,163
11:39:11,164
11:39:12,165
11:39:13,165
11:39:14,162
11:39:15,162
11:39:16,162
11:39:17,163
11:39:18,162
11:39:19,162
11:39:20,162
11:39:21,164
11:39:22,164
11:39:23,163
11:39:24,164
11:39:25,165
11:39:26,165
11:39:27,163
11:39:28,163
11:39:29,163
11:39:30,165
11:39:31,166
11:39:32,166
11:39:33,163
11:39:34,162
11:39:35,162
11:39:36,161
11:39:37,162
11:39:38,162
11:39:39,159
11:39:40,162
11:39:41,162
11:39:42,162
11:39:43,163
11:39:44,163
11:39:45,162
11:39:46,162
11:39:47,162
11:39:48,162
11:39:49,161
11:39:50,161
11:39:51,163
11:39:52,162
11:39:53,162
11:39:54,162
11:39:55,162
11:39:56,162
11:39:57,162
11:39:58,163
11:40:00,163
11:40:01,164
11:40:02,155
11:40:03,155
11:40:04,163
11:40:05,162
11:40:06,162
11:40:07,164
11:40:08,164
11:40:09,164
11:40:10,163
11:40:11,162
11:40:12,163
11:40:13,163
11:40:14,163
11:40:15,164
11:40:16,164
11:40:17,161
11:40:18,163
11:40:19,163
11:40:20,165
11:40:21,164
11:40:22,164
11:40:23,163
11:40:24,163
11:40:25,163
11:40:26,162
11:40:27,164
11:40:28,164
11:40:29,164
11:40:30,164
11:40:31,164
11:40:32,163
11:40:33,162
11:40:34,162
11:40:35,163
11:40:36,164
11:40:37,164
11:40:38,166
11:40:39,165
11:40:40,165
11:40:41,165
11:40:42,165
11:40:43,165
11:40:44,164
11:40:45,159
11:40:46,159
11:40:47,164
11:40:48,162
11:40:49,162
11:40:50,163
11:40:51,162
11:40:52,162
11:40:53,163
11:40:54,163
11:40:55,161
11:40:56,161
11:40:57,161
11:40:58,161
11:40:59,161
11:41:00,163
11:41:01,162
11:41:02,162
11:41:03,163
11:41:04,164
11:41:05,164
11:41:06,163
11:41:07,165
11:41:08,165
11:41:09,161
11:41:10,162
11:41:11,162
11:41:12,166
11:41:13,163
11:41:14,163
11:41:15,162
11:41:16,162
11:41:17,162
11:41:18,164
11:41:19,165
11:41:20,165
11:41:21,164
11:41:22,164
11:41:23,164
11:41:24,163
11:41:25,164
11:41:27,164
11:41:28,164
11:41:29,164
11:41:30,164
11:41:31,164
11:41:32,163
11:41:33,163
11:41:34,163
11:41:35,164
11:41:36,164
11:41:37,163
11:41:38,163
11:41:39,163
11:41:40,163
11:41:41,162
11:41:42,161
11:41:43,161
11:41:44,163
11:41:45,164
11:41:46,164
11:41:47,163
11:41:48,164
11:41:49,164
11:41:50,165
11:41:51,165
11:41:52,165
11:41:53,163
11:41:54,164
11:41:55,164
11:41:56,165
11:41:57,163
11:41:58,163
11:41:59,165
11:42:00,162
11:42:01,162
11:42:02,163
11:42:03,163
11:42:04,163
11:42:05,162
11:42:06,163
11:42:07,163
11:42:08,161
11:42:09,162
11:42:10,162
11:42:11,162
11:42:12,164
11:42:13,164
11:42:14,163
11:42:15,163
11:42:16,163
11:42:17,163
11:42:18,164
11:42:19,164
11:42:20,162
11:42:21,164
11:42:22,164
11:42:23,166
11:42:24,164
11:42:25,164
11:42:26,162
11:42:27,163
11:42:28,162
11:42:29,162
11:42:30,165
11:42:31,164
11:42:32,164
11:42:33,163
11:42:34,163
11:42:35,163
11:42:36,164
11:42:37,165
11:42:38,165
11:42:39,164
11:42:40,163
11:42:41,163
11:42:42,161
11:42:43,162
11:42:44,162
11:42:45,164
11:42:46,163
11:42:47,163
11:42:48,161
11:42:49,164
11:42:50,164
11:42:51,163
11:42:52,163
11:42:53,163
11:42:54,164
11:42:56,161
11:42:57,161
11:42:58,164
11:42:59,163
11:43:00,163
11:43:01,163
11:43:02,162
11:43:03,162
11:43:04,164
11:43:05,164
11:43:06,164
11:43:07,164
11:43:08,163
11:43:09,163
11:43:10,166
11:43:11,164
11:43:12,164
11:43:13,163
11:43:14,164
11:43:15,162
11:43:16,162
11:43:17,162
11:43:18,161
11:43:19,161
11:43:20,162
11:43:21,163
11:43:22,163
11:43:23,162
11:43:24,164
11:43:25,164
11:43:26,163
11:43:27,165
11:43:28,165
11:43:29,163
11:43:30,163
11:43:31,163
11:43:32,164
11:43:33,164
11:43:34,164
11:43:35,164
11:43:36,161
11:43:37,161
11:43:38,165
11:43:39,164
11:43:40,164
11:43:41,163
11:43:42,163
11:43:43,163
11:43:44,164
11:43:45,163
11:43:46,163
11:43:47,164
11:43:48,163
11:43:49,163
11:43:50,165
11:43:51,165
11:43:52,165
11:43:53,165
11:43:54,164
11:43:55,164
11:43:56,163
11:43:57,163
11:43:58,163
11:43:59,163
11:44:00,163
11:44:01,164
11:44:02,164
11:44:03,163
11:44:04,165
11:44:05,165
11:44:06,164
11:44:07,163
11:44:08,163
11:44:09,161
11:44:10,163
11:44:11,163
11:44:12,163
11:44:13,164
11:44:14,164
11:44:15,164
11:44:16,163
11:44:17,163
11:44:18,164
11:44:19,164
11:44:20,164
11:44:21,162
11:44:22,161
11:44:24,161
11:44:25,166
11:44:26,166
11:44:27,166
11:44:28,162
11:44:29,162
11:44:30,162
11:44:31,162
11:44:32,161
11:44:33,161
11:44:34,162
11:44:35,161
11:44:36,161
11:44:37,161
11:44:38,163
11:44:39,163
11:44:40,162
11:44:41,161
11:44:42,161
11:44:43,160
11:44:44,161
11:44:45,161
11:44:46,162
11:44:47,162
11:44:48,162
11:44:49,162
11:44:50,165
11:44:51,163
11:44:52,163
11:44:53,158
11:44:54,164
11:44:55,164
11:44:56,163
11:44:57,164
11:44:58,164
11:44:59,165
11:45:00,165
11:45:01,165
11:45:02,165
11:45:03,165
11:45:04,165
11:45:05,165
11:45:06,164
11:45:07,164
11:45:08,164
11:45:09,163
11:45:10,163
11:45:11,163
11:45:12,164
11:45:13,164
11:45:14,165
11:45:15,164
11:45:16,164
11:45:17,163
11:45:18,164
11:45:19,164
11:45:20,162
11:45:21,164
11:45:22,164
11:45:23,164
11:45:24,167
11:45:25,167
11:45:26,164
11:45:27,163
11:45:28,163
11:45:29,163
11:45:30,165
11:45:31,163
11:45:32,163
11:45:33,165
11:45:34,161
11:45:35,161
11:45:36,163
11:45:37,164
11:45:38,164
11:45:39,163
11:45:40,161
11:45:41,161
11:45:42,163
11:45:43,163
11:45:44,163
11:45:45,164
11:45:46,163
11:45:47,163
11:45:48,162
11:45:50,161
11:45:51,161
11:45:52,164
11:45:53,162
11:45:54,162
11:45:55,164
11:45:56,163
11:45:57,163
11:45:58,163
11:45:59,162
11:46:00,162
11:46:01,165
11:46:02,164
11:46:03,164
11:46:04,164
11:46:05,163
11:46:06,163
11:46:07,163
11:46:08,162
11:46:09,162
11:46:10,162
11:46:11,165
11:46:12,165
11:46:13,165
11:46:14,165
11:46:15,165
11:46:16,161
11:46:17,163
11:46:18,162
11:46:19,162
11:46:20,163
11:46:21,163
11:46:22,163
11:46:23,163
11:46:24,164
11:46:25,164
11:46:26,164
11:46:27,163
11:46:28,163
11:46:29,162
11:46:30,160
11:46:31,160
11:46:32,166
11:46:33,165
11:46:34,165
11:46:35,163
11:46:36,164
11:46:37,164
11:46:38,166
11:46:39,165
11:46:40,165
11:46:41,164
11:46:42,162
11:46:43,162
11:46:44,165
11:46:45,162
11:46:46,162
11:46:47,162
11:46:48,164
11:46:49,164
11:46:50,164
11:46:51,164
11:46:52,164
11:46:53,164
11:46:54,160
11:46:55,160
11:46:56,164
11:46:57,162
11:46:58,162
11:46:59,161
11:47:00,164
11:47:01,161
11:47:02,161
11:47:03,163
11:47:04,162
11:47:05,162
11:47:06,162
11:47:07,163
11:47:08,163
11:47:09,164
11:47:10,164
11:47:11,164
11:47:12,163
11:47:13,163
11:47:14,163
11:47:15,161
11:47:16,162
11:47:18,162
11:47:19,164
11:47:20,158
11:47:21,158
11:47:22,164
11:47:23,163
11:47:24,163
11:47:25,165
11:47:26,164
11:47:27,164
11:47:28,159
11:47:29,161
11:47:30,161
11:47:31,164
11:47:32,163
11:47:33,163
11:47:34,164
11:47:35,163
11:47:36,163
11:47:37,162
11:47:38,162
11:47:39,162
11:47:40,162
11:47:41,163
11:47:42,163
11:47:43,161
11:47:44,165
11:47:45,165
11:47:46,164
11:47:47,163
11:47:48,163
11:47:49,163
11:47:50,165
11:47:51,164
11:47:52,164
11:47:53,162
11:47:54,164
11:47:55,164
11:47:56,162
11:47:57,161
11:47:58,161
11:47:59,164
11:48:00,163
11:48:01,163
11:48:02,163
11:48:03,164
11:48:04,164
11:48:05,163
11:48:06,165
11:48:07,165
11:48:08,164
11:48:09,162
11:48:10,162
11:48:11,163
11:48:12,162
11:48:13,162
11:48:14,163
11:48:15,161
11:48:16,161
11:48:17,164
11:48:18,163
11:48:19,163
11:48:20,160
11:48:21,162
11:48:22,162
11:48:23,161
11:48:24,163
11:48:25,163
11:48:26,161
11:48:27,161
11:48:28,161
11:48:29,161
11:48:30,164
11:48:31,162
11:48:32,162
11:48:33,159
11:48:34,164
11:48:35,164
11:48:36,163
11:48:37,162
11:48:38,162
11:48:40,163
11:48:41,165
11:48:42,165
11:48:43,163
11:48:44,163
11:48:45,163
11:48:46,163
11:48:47,164
11:48:48,164
11:48:49,163
11:48:50,163
11:48:51,163
11:48:52,162
11:48:53,163
11:48:54,163
11:48:55,163
11:48:56,164
11:48:57,164
11:48:58,163
11:48:59,163
11:49:00,159
11:49:01,159
11:49:02,163
11:49:03,163
11:49:04,163
11:49:05,163
11:49:06,164
11:49:07,164
11:49:08,165
11:49:09,162
11:49:10,162
11:49:11,165
11:49:12,164
11:49:13,164
11:49:14,165
11:49:15,162
11:49:16,162
11:49:17,163
11:49:18,161
11:49:19,161
11:49:20,161
11:49:21,163
11:49:22,163
11:49:23,164
11:49:24,161
11:49:25,161
11:49:26,164
11:49:27,163
11:49:28,163
11:49:29,163
11:49:30,162
11:49:31,162
11:49:32,161
11:49:33,162
11:49:34,162
11:49:35,163
11:49:36,162
11:49:37,162
11:49:38,161
11:49:39,163
11:49:40,163
11:49:41,162
11:49:42,165
11:49:43,165
11:49:44,164
11:49:45,161
11:49:46,162
11:49:47,162
11:49:48,164
11:49:49,163
11:49:50,163
11:49:51,164
11:49:53,164
11:49:54,164
11:49:55,164
11:49:56,166
11:49:57,166
11:49:58,165
11:49:59,164
11:50:00,164
11:50:01,164
11:50:02,163
11:50:03,163
11:50:04,165
11:50:05,164
11:50:06,164
11:50:07,163
11:50:08,165
11:50:09,165
11:50:10,165
11:50:11,162
11:50:12,162
11:50:13,166
11:50:14,163
11:50:15,163
11:50:16,163
11:50:17,163
11:50:18,163
11:50:19,164
11:50:20,161
11:50:21,161
11:50:22,162
11:50:23,164
11:50:24,164
11:50:25,165
11:50:26,164
11:50:27,163
11:50:28,163
11:50:29,163
11:50:30,164
11:50:31,164
11:50:32,164
11:50:33,162
11:50:34,162
11:50:35,162
11:50:36,161
11:50:37,161
11:50:38,165
11:50:39,162
11:50:40,162
11:50:41,164
11:50:42,164
11:50:43,164
11:50:44,163
11:50:45,163
11:50:46,163
11:50:47,161
11:50:48,163
11:50:49,163
11:50:50,163
11:50:51,163
11:50:52,163
11:50:53,163
11:50:54,164
11:50:55,164
11:50:56,164
11:50:57,160
11:50:58,160
11:50:59,164
11:51:00,162
11:51:01,162
11:51:02,162
11:51:03,164
11:51:04,164
11:51:05,163
11:51:06,162
11:51:07,162
11:51:08,157
11:51:09,165
11:51:10,165
11:51:11,166
11:51:12,164
11:51:13,164
11:51:14,164
11:51:15,162
11:51:16,165
11:51:18,165
11:51:19,164
11:51:20,161
11:51:21,161
11:51:22,162
11:51:23,164
11:51:24,164
11:51:25,163
11:51:26,164
11:51:27,164
11:51:28,163
11:51:29,162
11:51:30,162
11:51:31,164
11:51:32,163
11:51:33,163
11:51:34,162
11:51:35,162
11:51:36,162
11:51:37,166
11:51:38,164
11:51:39,164
11:51:40,161
11:51:41,163
11:51:42,163
11:51:43,165
11:51:44,163
11:51:45,163
11:51:46,164
11:51:47,165
11:51:48,165
11:51:49,163
11:51:50,165
11:51:51,165
11:51:52,162
11:51:53,162
11:51:54,162
11:51:55,162
11:51:56,162
11:51:57,162
11:51:58,162
11:51:59,161
11:52:00,163
11:52:01,163
11:52:02,163
11:52:03,163
11:52:04,163
11:52:05,164
11:52:06,164
11:52:07,164
11:52:08,161
11:52:09,160
11:52:10,160
11:52:11,163
11:52:12,164
11:52:13,164
11:52:14,161
11:52:15,162
11:52:16,162
11:52:17,163
11:52:18,161
11:52:19,161
11:52:20,163
11:52:21,163
11:52:22,163
11:52:23,161
11:52:24,163
11:52:25,163
11:52:26,164
11:52:27,164
11:52:28,164
11:52:29,164
11:52:30,162
11:52:31,162
11:52:32,164
11:52:33,165
11:52:34,165
11:52:35,164
11:52:36,165
11:52:37,165
11:52:38,163
11:52:39,163
11:52:40,163
11:52:41,162
11:52:42,165
11:52:43,165
11:52:44,164
11:52:46,164
11:52:47,165
11:52:48,165
11:52:49,163
11:52:50,163
11:52:51,163
11:52:52,163
11:52:53,162
11:52:54,162
11:52:55,162
11:52:56,163
11:52:57,163
11:52:58,164
11:52:59,162
11:53:00,162
11:53:01,162
11:53:02,163
11:53:03,163
11:53:04,164
11:53:05,162
11:53:06,162
11:53:07,164
11:53:08,161
11:53:09,161
11:53:10,164
11:53:11,164
11:53:12,164
11:53:13,164
11:53:14,163
11:53:15,163
11:53:16,165
11:53:17,163
11:53:18,163
11:53:19,163
11:53:20,163
11:53:21,163
11:53:22,163
11:53:23,161
11:53:24,161
11:53:25,163
11:53:26,161
11:53:27,161
11:53:28,160
11:53:29,163
11:53:30,163
11:53:31,156
11:53:32,166
11:53:33,164
11:53:34,164
11:53:35,165
11:53:36,163
11:53:37,163
11:53:38,163
11:53:39,161
11:53:40,161
11:53:41,162
11:53:42,163
11:53:43,163
11:53:44,164
11:53:45,164
11:53:46,164
11:53:47,161
11:53:48,162
11:53:49,162
11:53:50,161
11:53:51,163
11:53:52,163
11:53:53,163
11:53:54,163
11:53:55,163
11:53:56,164
11:53:57,166
11:53:58,166
11:53:59,162
11:54:00,164
11:54:01,164
11:54:02,166
11:54:03,164
11:54:04,164
11:54:05,164
11:54:06,164
11:54:07,164
11:54:08,163
11:54:09,162
11:54:10,162
11:54:11,164
11:54:13,164
11:54:14,164
11:54:15,164
11:54:16,160
11:54:17,160
11:54:18,162
11:54:19,160
11:54:20,165
11:54:21,165
11:54:22,163
11:54:23,163
11:54:24,163
11:54:25,163
11:54:26,163
11:54:27,163
11:54:28,164
11:54:29,163
11:54:30,163
11:54:31,161
11:54:32,163
11:54:33,163
11:54:34,162
11:54:35,162
11:54:36,162
11:54:37,162
11:54:38,160
11:54:39,160
11:54:40,161
11:54:41,162
11:54:42,162
11:54:43,163
11:54:44,163
11:54:45,163
11:54:46,163
11:54:47,163
11:54:48,163
11:54:49,163
11:54:50,163
11:54:51,163
11:54:52,163
11:54:53,162
11:54:54,162
11:54:55,162
11:54:56,164
11:54:57,164
11:54:58,164
11:54:59,163
11:55:00,163
11:55:01,163
11:55:02,163
11:55:03,163
11:55:04,165
11:55:05,164
11:55:06,163
11:55:07,163
11:55:08,164
11:55:09,166
11:55:10,166
11:55:11,162
11:55:12,163
11:55:13,163
11:55:14,162
11:55:15,162
11:55:16,162
11:55:17,162
11:55:18,164
11:55:19,164
11:55:20,164
11:55:21,164
11:55:22,164
11:55:23,162
11:55:24,161
11:55:25,161
11:55:26,161
11:55:27,162
11:55:28,162
11:55:29,162
11:55:30,164
11:55:31,164
11:55:32,162
11:55:33,162
11:55:34,162
11:55:35,162
11:55:36,162
11:55:37,162
11:55:38,161
11:55:39,163
11:55:40,163
11:55:42,164
11:55:43,163
11:55:44,163
11:55:45,163
11:55:46,164
11:55:47,164
11:55:48,161
11:55:49,162
11:55:50,162
11:55:51,166
11:55:52,164
11:55:53,164
11:55:54,164
11:55:55,164
11:55:56,164
11:55:57,164
11:55:58,164
11:55:59,163
11:56:00,163
11:56:01,159
11:56:02,165
11:56:03,165
11:56:04,163
11:56:05,164
11:56:06,164
11:56:07,162
11:56:08,165
11:56:09,165
11:56:10,163
11:56:11,165
11:56:12,165
11:56:13,163
11:56:14,162
11:56:15,162
11:56:16,164
11:56:17,163
11:56:18,163
11:56:19,163
11:56:20,164
11:56:21,164
11:56:22,163
11:56:23,163
11:56:24,163
11:56:25,164
11:56:26,166
11:56:27,166
11:56:28,162
11:56:29,164
11:56:30,164
11:56:31,164
11:56:32,162
11:56:33,162
11:56:34,163
11:56:35,165
11:56:36,165
11:56:37,164
11:56:38,163
11:56:39,165
11:56:40,165
11:56:41,162
11:56:42,164
11:56:43,164
11:56:44,164
11:56:45,163
11:56:46,163
11:56:47,162
11:56:48,164
11:56:49,164
11:56:50,164
11:56:51,163
11:56:52,163
11:56:53,164
11:56:54,164
11:56:55,164
11:56:56,164
11:56:57,162
11:56:58,162
11:56:59,162
11:57:00,164
11:57:01,164
11:57:02,163
11:57:03,163
11:57:04,163
11:57:05,163
11:57:06,163
11:57:07,163
11:57:08,161
11:57:09,162
11:57:11,162
11:57:12,163
11:57:13,165
11:57:14,165
11:57:15,165
11:57:16,161
11:57:17,161
11:57:18,165
11:57:19,161
11:57:20,161
11:57:21,164
11:57:22,165
11:57:23,164
11:57:24,164
11:57:25,162
11:57:26,163
11:57:27,163
11:57:28,164
11:57:29,164
11:57:30,164
11:57:31,165
11:57:32,161
11:57:33,161
11:57:34,161
11:57:35,161
11:57:36,161
11:57:37,165
11:57:38,164
11:57:39,164
11:57:40,162
11:57:41,164
11:57:42,164
11:57:43,163
11:57:44,165
11:57:45,165
11:57:46,163
11:57:47,164
11:57:48,164
11:57:49,162
11:57:50,163
11:57:51,163
11:57:52,161
11:57:53,163
11:57:54,163
11:57:55,162
11:57:56,164
11:57:57,164
11:57:58,165
11:57:59,164
11:58:00,164
11:58:01,162
11:58:02,161
11:58:03,161
11:58:04,162
11:58:05,161
11:58:06,161
11:58:07,162
11:58:08,162
11:58:09,162
11:58:10,162
11:58:11,163
11:58:12,164
11:58:13,164
11:58:14,163
11:58:15,163
11:58:16,163
11:58:17,157
11:58:18,162
11:58:19,162
11:58:20,165
11:58:21,165
11:58:22,165
11:58:23,163
11:58:24,161
11:58:25,161
11:58:26,162
11:58:27,161
11:58:28,161
11:58:29,162
11:58:30,162
11:58:31,162
11:58:32,159
11:58:33,161
11:58:34,161
11:58:35,163
11:58:37,163
11:58:38,163
11:58:39,163
11:58:40,161
11:58:41,161
11:58:42,163
11:58:43,163
11:58:44,163
11:58:45,163
11:58:46,163
11:58:47,163
11:58:48,163
11:58:49,164
11:58:50,164
11:58:51,163
11:58:52,162
11:58:53,162
11:58:54,164
11:58:55,163
11:58:56,163
11:58:57,163
11:58:58,164
11:58:59,162
11:59:00,162
11:59:01,162
11:59:02,162
11:59:03,162
11:59:04,165
11:59:05,164
11:59:06,164
11:59:07,163
11:59:08,162
11:59:09,162
11:59:10,164
11:59:11,163
11:59:12,163
11:59:13,162
11:59:14,163
11:59:15,163
11:59:16,161
11:59:17,163
11:59:18,163
11:59:19,162
11:59:20,161
11:59:21,161
11:59:22,162
11:59:23,161
11:59:24,161
11:59:25,162
11:59:26,162
11:59:27,162
11:59:28,161
11:59:29,161
11:59:30,161
11:59:31,161
11:59:32,159
11:59:33,159
11:59:34,161
11:59:35,157
11:59:36,157
11:59:37,164
11:59:38,165
11:59:39,165
11:59:40,162
11:59:41,163
11:59:42,165
11:59:43,165
11:59:44,165
11:59:45,162
11:59:46,162
11:59:47,166
11:59:48,163
11:59:49,163
11:59:50,164
11:59:51,164
11:59:52,164
11:59:53,164
11:59:54,164
11:59:55,164
11:59:56,164
11:59:57,162
11:59:58,162
11:59:59,162
12:00:00,162
12:00:01,162
12:00:02,162
12:00:03,162
12:00:04,162
12:00:06,162
12:00:07,164
12:00:08,164
12:00:09,166
12:00:10,164
12:00:11,164
12:00:12,162
12:00:13,164
12:00:14,164
12:00:15,165
12:00:16,163
12:00:17,163
12:00:18,165
12:00:19,160
12:00:20,160
12:00:21,167
12:00:22,165
12:00:23,165
12:00:24,163
12:00:25,162
12:00:26,162
12:00:27,162
12:00:28,165
12:00:29,164
12:00:30,164
12:00:31,163
12:00:32,162
12:00:33,162
12:00:34,162
12:00:35,162
12:00:36,162
12:00:37,163
12:00:38,162
12:00:39,162
12:00:40,163
12:00:41,163
12:00:42,163
12:00:43,162
12:00:44,157
12:00:45,157
12:00:46,164
12:00:47,165
12:00:48,165
12:00:49,162
12:00:50,165
12:00:51,165
12:00:52,163
12:00:53,163
12:00:54,163
12:00:55,164
12:00:56,163
12:00:57,163
12:00:58,166
12:00:59,164
12:01:00,164
12:01:01,164
12:01:02,165
12:01:03,165
12:01:04,165
12:01:05,163
12:01:06,163
12:01:07,165
12:01:08,163
12:01:09,163
12:01:10,164
12:01:11,165
12:01:12,164
12:01:13,164
12:01:14,164
12:01:15,163
12:01:16,163
12:01:17,164
12:01:18,164
12:01:19,164
12:01:20,162
12:01:21,164
12:01:22,164
12:01:23,162
12:01:24,162
12:01:25,162
12:01:26,163
12:01:27,162
12:01:28,162
12:01:29,165
12:01:30,165
12:01:32,165
12:01:33,162
12:01:34,163
12:01:35,163
12:01:36,164
12:01:37,161
12:01:38,161
12:01:39,161
12:01:40,162
12:01:41,162
12:01:42,163
12:01:43,163
12:01:44,163
12:01:45,161
12:01:46,161
12:01:47,161
12:01:48,162
12:01:49,162
12:01:50,162
12:01:51,165
12:01:52,159
12:01:53,159
12:01:54,163
12:01:55,166
12:01:56,166
12:01:57,164
12:01:58,157
12:01:59,162
12:02:00,162
12:02:01,162
12:02:02,163
12:02:03,163
12:02:04,162
12:02:05,162
12:02:06,162
12:02:07,162
12:02:08,164
12:02:09,164
12:02:10,164
12:02:11,162
12:02:12,162
12:02:13,161
12:02:14,163
12:02:15,163
12:02:16,163
12:02:17,162
12:02:18,162
12:02:19,165
12:02:20,167
12:02:21,167
12:02:22,165
12:02:23,164
12:02:24,164
12:02:25,163
12:02:26,164
12:02:27,164
12:02:28,164
12:02:29,165
12:02:30,165
12:02:31,164
12:02:32,163
12:02:33,163
12:02:34,165
12:02:35,163
12:02:36,163
12:02:37,162
12:02:38,161
12:02:39,161
12:02:40,163
12:02:41,161
12:02:42,163
12:02:43,163
12:02:44,160
12:02:45,163
12:02:46,163
12:02:47,164
12:02:48,164
12:02:49,164
12:02:50,160
12:02:51,161
12:02:52,161
12:02:53,163
12:02:54,164
12:02:55,164
12:02:56,163
12:02:57,162
12:02:58,162
12:03:00,162
12:03:01,163
12:03:02,163
12:03:03,163
12:03:04,161
12:03:05,161
12:03:06,163
12:03:07,163
12:03:08,163
12:03:09,163
12:03:10,158
12:03:11,158
12:03:12,161
12:03:13,164
12:03:14,164
12:03:15,163
12:03:16,163
12:03:17,163
12:03:18,161
12:03:19,163
12:03:20,163
12:03:21,165
12:03:22,163
12:03:23,163
12:03:24,163
12:03:25,162
12:03:26,162
12:03:27,162
12:03:28,162
12:03:29,163
12:03:30,163
12:03:31,163
12:03:32,164
12:03:33,164
12:03:34,163
12:03:35,162
12:03:36,162
12:03:37,162
12:03:38,159
12:03:39,159
12:03:40,165
12:03:41,164
12:03:42,164
12:03:43,163
12:03:44,163
12:03:45,163
12:03:46,165
12:03:47,164
12:03:48,164
12:03:49,161
12:03:50,164
12:03:51,164
12:03:52,161
12:03:53,162
12:03:54,162
12:03:55,162
12:03:56,163
12:03:57,163
12:03:58,164
12:03:59,160
12:04:00,160
12:04:01,164
12:04:02,162
12:04:03,162
12:04:04,161
12:04:05,162
12:04:06,162
12:04:07,161
12:04:08,161
12:04:09,161
12:04:10,162
12:04:11,162
12:04:12,162
12:04:13,162
12:04:14,164
12:04:15,163
12:04:16,163
12:04:17,161
12:04:18,165
12:04:19,165
12:04:20,162
12:04:21,165
12:04:22,165
12:04:23,165
12:04:24,166
12:04:25,166
12:04:26,164
12:04:28,164
12:04:29,164
12:04:30,165
12:04:31,164
12:04:32,164
12:04:33,166
12:04:34,163
12:04:35,163
12:04:36,163
12:04:37,164
12:04:38,164
12:04:39,160
12:04:40,163
12:04:41,163
12:04:42,163
12:04:43,166
12:04:44,166
12:04:45,163
12:04:46,163
12:04:47,163
12:04:48,164
12:04:49,165
12:04:50,165
12:04:51,163
12:04:52,165
12:04:53,165
12:04:54,167
12:04:55,164
12:04:56,164
12:04:57,164
12:04:58,163
12:04:59,163
12:05:00,164
12:05:01,162
12:05:02,162
12:05:03,163
12:05:04,164
12:05:05,162
12:05:06,162
12:05:07,163
12:05:08,164
12:05:09,164
12:05:10,164
12:05:11,162
12:05:12,162
12:05:13,162
12:05:14,163
12:05:15,163
12:05:16,161
12:05:17,162
12:05:18,162
12:05:19,162
12:05:20,163
12:05:21,163
12:05:22,160
12:05:23,161
12:05:24,161
12:05:25,163
12:05:26,162
12:05:27,162
12:05:28,163
12:05:29,163
12:05:30,163
12:05:31,161
12:05:32,163
12:05:33,163
12:05:34,163
12:05:35,162
12:05:36,162
12:05:37,163
12:05:38,156
12:05:39,156
12:05:40,164
12:05:41,163
12:05:42,163
12:05:43,162
12:05:44,163
12:05:45,163
12:05:46,163
12:05:47,164
12:05:48,162
12:05:49,162
12:05:50,160
12:05:51,162
12:05:52,162
12:05:53,163
12:05:54,162
12:05:55,162
12:05:57,162
12:05:58,163
12:05:59,163
12:06:00,167
12:06:01,164
12:06:02,164
12:06:03,162
12:06:04,163
12:06:05,163
12:06:06,163
12:06:07,161
12:06:08,161
12:06:09,163
12:06:10,165
12:06:11,165
12:06:12,164
12:06:13,163
12:06:14,163
12:06:15,164
12:06:16,162
12:06:17,162
12:06:18,163
12:06:19,163
12:06:20,163
12:06:21,165
12:06:22,160
12:06:23,160
12:06:24,162
12:06:25,159
12:06:26,159
12:06:27,162
12:06:28,164
12:06:29,164
12:06:30,163
12:06:31,164
12:06:32,164
12:06:33,163
12:06:34,161
12:06:35,160
12:06:36,160
12:06:37,163
12:06:38,164
12:06:39,164
12:06:40,163
12:06:41,164
12:06:42,164
12:06:43,160
12:06:44,162
12:06:45,162
12:06:46,162
12:06:47,162
12:06:48,162
12:06:49,161
12:06:50,152
12:06:51,152
12:06:52,163
12:06:53,164
12:06:54,164
12:06:55,165
12:06:56,163
12:06:57,163
12:06:58,163
12:06:59,164
12:07:00,164
12:07:01,164
12:07:02,163
12:07:03,163
12:07:04,163
12:07:05,163
12:07:07,165
12:07:08,165
12:07:09,165
12:07:10,162
12:07:11,162
12:07:12,163
12:07:13,164
12:07:14,164
12:07:15,164
12:07:16,164
12:07:17,164
12:07:18,163
12:07:19,162
12:07:20,162
12:07:21,161
12:07:22,162
12:07:23,162
12:07:24,162
12:07:25,163
12:07:26,163
12:07:27,165
12:07:28,162
12:07:29,162
12:07:30,162
12:07:31,163
12:07:32,163
12:07:33,162
12:07:34,163
12:07:35,163
12:07:36,161
12:07:37,160
12:07:38,160
12:07:39,163
12:07:40,162
12:07:41,162
12:07:42,162
12:07:43,159
12:07:44,159
12:07:45,162
12:07:46,163
12:07:47,162
12:07:48,162
12:07:49,165
12:07:50,160
12:07:51,160
12:07:52,162
12:07:53,163
12:07:54,163
12:07:55,162
12:07:56,163
12:07:57,163
12:07:58,164
12:07:59,160
12:08:00,160
12:08:01,162
12:08:02,164
12:08:03,164
12:08:04,164
12:08:05,163
12:08:06,163
12:08:07,162
12:08:08,163
12:08:09,163
12:08:10,163
12:08:11,162
12:08:12,162
12:08:13,165
12:08:14,164
12:08:15,164
12:08:16,164
12:08:17,164
12:08:18,164
12:08:19,166
12:08:20,165
12:08:21,165
12:08:22,162
12:08:23,163
12:08:24,163
12:08:25,165
12:08:26,162
12:08:27,162
12:08:28,164
12:08:29,162
12:08:30,162
12:08:31,162
12:08:32,163
12:08:34,163
12:08:35,163
12:08:36,165
12:08:37,165
12:08:38,165
12:08:39,162
12:08:40,164
12:08:41,164
12:08:42,162
12:08:43,163
12:08:44,163
12:08:45,162
12:08:46,161
12:08:47,161
12:08:48,162
12:08:49,163
12:08:50,163
12:08:51,160
12:08:52,164
12:08:53,164
12:08:54,162
12:08:55,164
12:08:56,164
12:08:57,162
12:08:58,164
12:08:59,164
12:09:00,161
12:09:01,162
12:09:02,162
12:09:03,161
12:09:04,160
12:09:05,160
12:09:06,160
12:09:07,161
12:09:08,161
12:09:09,164
12:09:10,162
12:09:11,162
12:09:12,162
12:09:13,163
12:09:14,163
12:09:15,163
12:09:16,155
12:09:17,161
12:09:18,161
12:09:19,164
12:09:20,166
12:09:21,166
12:09:22,165
12:09:23,162
12:09:24,162
12:09:25,161
12:09:26,161
12:09:27,161
12:09:28,163
12:09:29,162
12:09:30,162
12:09:31,165
12:09:32,165
12:09:33,165
12:09:34,163
12:09:35,165
12:09:36,165
12:09:37,161
12:09:38,163
12:09:39,163
12:09:40,164
12:09:41,163
12:09:42,163
12:09:43,162
12:09:44,160
12:09:45,160
12:09:46,164
12:09:47,164
12:09:48,164
12:09:49,163
12:09:50,162
12:09:51,162
12:09:52,164
12:09:53,165
12:09:54,165
12:09:55,164
12:09:56,162
12:09:57,162
12:09:59,162
12:10:00,162
12:10:01,162
12:10:02,162
12:10:03,161
12:10:04,163
12:10:05,163
12:10:06,161
12:10:07,163
12:10:08,163
12:10:09,162
12:10:10,162
12:10:11,162
12:10:12,160
12:10:13,164
12:10:14,164
12:10:15,164
12:10:16,158
12:10:17,158
12:10:18,161
12:10:19,163
12:10:20,163
12:10:21,162
12:10:22,160
12:10:23,160
12:10:24,161
12:10:25,161
12:10:26,161
12:10:27,163
12:10:28,157
12:10:29,157
12:10:30,161
12:10:31,163
12:10:32,163
12:10:33,164
12:10:34,163
12:10:35,163
12:10:36,162
12:10:37,162
12:10:38,162
12:10:39,163
12:10:40,163
12:10:41,163
12:10:42,163
12:10:43,163
12:10:44,163
12:10:45,162
12:10:46,165
12:10:47,165
12:10:48,166
12:10:49,164
12:10:50,163
12:10:51,163
12:10:52,163
12:10:53,163
12:10:54,163
12:10:55,163
12:10:56,163
12:10:57,163
12:10:58,163
12:10:59,162
12:11:00,162
12:11:01,163
12:11:02,160
12:11:03,160
12:11:04,165
12:11:05,162
12:11:06,162
12:11:07,164
12:11:08,163
12:11:09,163
12:11:10,161
12:11:11,162
12:11:12,162
12:11:13,164
12:11:14,164
12:11:15,164
12:11:16,165
12:11:17,161
12:11:18,161
12:11:19,162
12:11:20,163
12:11:21,163
12:11:22,164
12:11:23,164
12:11:24,164
12:11:25,162
12:11:26,164
12:11:28,164
12:11:29,163
12:11:30,160
12:11:31,160
12:11:32,162
12:11:33,164
12:11:34,164
12:11:35,164
12:11:36,162
12:11:37,163
12:11:38,163
12:11:39,162
12:11:40,159
12:11:41,159
12:11:42,161
12:11:43,165
12:11:44,165
12:11:45,165
12:11:46,163
12:11:47,163
12:11:48,163
12:11:49,163
12:11:50,163
12:11:51,165
12:11:52,163
12:11:53,163
12:11:54,164
12:11:55,162
12:11:56,162
12:11:57,159
12:11:58,163
12:11:59,163
12:12:00,163
12:12:01,164
12:12:02,164
12:12:03,165
12:12:04,165
12:12:05,165
12:12:06,164
12:12:07,162
12:12:08,162
12:12:09,163
12:12:10,164
12:12:11,164
12:12:12,164
12:12:13,162
12:12:14,162
12:12:15,164
12:12:16,163
12:12:17,163
12:12:18,162
12:12:19,163
12:12:20,165
12:12:21,165
12:12:22,163
12:12:23,164
12:12:24,164
12:12:25,162
12:12:26,161
12:12:27,161
12:12:28,161
12:12:29,163
12:12:30,163
12:12:31,162
12:12:32,162
12:12:33,162
12:12:34,164
12:12:35,164
12:12:36,164
12:12:37,162
12:12:38,163
12:12:39,163
12:12:40,161
12:12:41,162
12:12:42,162
12:12:43,163
12:12:44,156
12:12:45,156
12:12:46,163
12:12:47,165
12:12:48,165
12:12:49,163
12:12:50,165
12:12:51,165
12:12:52,166
12:12:53,165
12:12:54,165
12:12:56,166
12:12:57,162
12:12:58,162
12:12:59,163
12:13:00,161
12:13:01,161
12:13:02,163
12:13:03,160
12:13:04,160
12:13:05,165
12:13:06,162
12:13:07,162
12:13:08,162
12:13:09,165
12:13:10,164
12:13:11,164
12:13:12,164
12:13:13,164
12:13:14,164
12:13:15,163
12:13:16,164
12:13:17,164
12:13:18,164
12:13:19,162
12:13:20,162
12:13:21,162
12:13:22,161
12:13:23,161
12:13:24,160
12:13:25,163
12:13:26,163
12:13:27,164
12:13:28,165
12:13:29,165
12:13:30,162
12:13:31,163
12:13:32,163
12:13:33,162
12:13:34,164
12:13:35,164
12:13:36,164
12:13:37,163
12:13:38,163
12:13:39,161
12:13:40,164
12:13:41,164
12:13:42,162
12:13:43,162
12:13:44,162
12:13:45,162
12:13:46,164
12:13:47,164
12:13:48,164
12:13:49,162
12:13:50,162
12:13:51,164
12:13:52,163
12:13:53,164
12:13:54,164
12:13:55,163
12:13:56,160
12:13:57,160
12:13:58,164
12:13:59,161
12:14:00,161
12:14:01,163
12:14:02,163
12:14:03,163
12:14:04,166
12:14:05,163
12:14:06,163
12:14:07,165
12:14:08,164
12:14:09,164
12:14:10,161
12:14:11,164
12:14:12,164
12:14:13,163
12:14:14,163
12:14:15,163
12:14:16,161
12:14:17,163
12:14:18,163
12:14:19,162
12:14:20,163
12:14:22,163
12:14:23,163
12:14:24,162
12:14:25,162
12:14:26,162
12:14:27,164
12:14:28,164
12:14:29,161
12:14:30,163
12:14:31,163
12:14:32,162
12:14:33,164
12:14:34,164
12:14:35,165
12:14:36,162
12:14:37,163
12:14:38,163
12:14:39,163
12:14:40,165
12:14:41,165
12:14:42,164
12:14:43,165
12:14:44,165
12:14:45,165
12:14:46,165
12:14:47,165
12:14:48,163
12:14:49,162
12:14:50,162
12:14:51,164
12:14:52,163
12:14:53,163
12:14:54,164
12:14:55,163
12:14:56,163
12:14:57,162
12:14:58,163
12:14:59,163
12:15:00,162
12:15:01,163
12:15:02,163
12:15:03,162
12:15:04,162
12:15:05,162
12:15:06,161
12:15:07,162
12:15:08,162
12:15:09,162
12:15:10,156
12:15:11,156
12:15:12,162
12:15:13,165
12:15:14,165
12:15:15,165
12:15:16,165
12:15:17,165
12:15:18,163
12:15:19,164
12:15:20,164
12:15:21,163
12:15:22,162
12:15:23,162
12:15:24,162
12:15:25,162
12:15:26,162
12:15:27,162
12:15:28,161
12:15:29,164
12:15:30,164
12:15:31,162
12:15:32,162
12:15:33,162
12:15:34,163
12:15:35,163
12:15:36,163
12:15:37,162
12:15:38,163
12:15:39,163
12:15:40,163
12:15:41,163
12:15:42,163
12:15:43,161
12:15:44,164
12:15:45,164
12:15:46,165
12:15:47,161
12:15:48,161
12:15:49,161
12:15:51,163
12:15:52,163
12:15:53,164
12:15:54,163
12:15:55,163
12:15:56,163
12:15:57,164
12:15:58,164
12:15:59,165
12:16:00,164
12:16:01,164
12:16:02,162
12:16:03,164
12:16:04,164
12:16:05,161
12:16:06,162
12:16:07,162
12:16:08,163
12:16:09,159
12:16:10,164
12:16:11,164
12:16:12,163
12:16:13,163
12:16:14,163
12:16:15,160
12:16:16,163
12:16:17,163
12:16:18,158
12:16:19,162
12:16:20,162
12:16:21,164
12:16:22,161
12:16:23,161
12:16:24,164
12:16:25,164
12:16:26,164
12:16:27,161
12:16:28,164
12:16:29,164
12:16:30,161
12:16:31,163
12:16:32,163
12:16:33,163
12:16:34,163
12:16:35,163
12:16:36,163
12:16:37,163
12:16:38,163
12:16:39,163
12:16:40,161
12:16:41,161
12:16:42,163
12:16:43,165
12:16:44,165
12:16:45,163
12:16:46,163
12:16:47,163
12:16:48,162
12:16:49,161
12:16:50,161
12:16:51,162
12:16:52,163
12:16:53,163
12:16:54,163
12:16:55,163
12:16:56,163
12:16:57,163
12:16:58,164
12:16:59,162
12:17:00,162
12:17:01,163
12:17:02,163
12:17:03,163
12:17:04,165
12:17:05,164
12:17:06,164
12:17:07,164
12:17:08,162
12:17:09,162
12:17:10,162
12:17:11,163
12:17:12,163
12:17:13,163
12:17:14,161
12:17:15,161
12:17:16,161
12:17:17,162
12:17:19,162
12:17:20,163
12:17:21,161
12:17:22,161
12:17:23,162
12:17:24,162
12:17:25,162
12:17:26,164
12:17:27,156
12:17:28,156
12:17:29,164
12:17:30,163
12:17:31,163
12:17:32,164
12:17:33,165
12:17:34,165
12:17:35,161
12:17:36,163
12:17:37,163
12:17:38,164
12:17:39,164
12:17:40,166
12:17:41,166
12:17:42,164
12:17:43,164
12:17:44,164
12:17:45,164
12:17:46,163
12:17:47,163
12:17:48,164
12:17:49,162
12:17:50,162
12:17:51,164
12:17:52,165
12:17:53,165
12:17:54,163
12:17:55,163
12:17:56,163
12:17:57,162
12:17:58,164
12:17:59,164
12:18:00,165
12:18:01,163
12:18:02,163
12:18:03,162
12:18:04,165
12:18:05,165
12:18:06,164
12:18:07,165
12:18:08,165
12:18:09,162
12:18:10,164
12:18:11,164
12:18:12,161
12:18:13,165
12:18:14,165
12:18:15,165
12:18:16,163
12:18:17,163
12:18:18,164
12:18:19,164
12:18:20,164
12:18:21,165
12:18:22,164
12:18:23,164
12:18:24,164
12:18:25,164
12:18:26,163
12:18:27,163
12:18:28,163
12:18:29,164
12:18:30,164
12:18:31,162
12:18:32,160
12:18:33,160
12:18:34,163
12:18:35,163
12:18:36,163
12:18:37,165
12:18:38,163
12:18:39,163
12:18:40,159
12:18:41,165
12:18:42,165
12:18:43,165
12:18:44,164
12:18:45,164
12:18:47,166
12:18:48,165
12:18:49,165
12:18:50,164
12:18:51,164
12:18:52,164
12:18:53,165
12:18:54,163
12:18:55,163
12:18:56,163
12:18:57,165
12:18:58,165
12:18:59,163
12:19:00,165
12:19:01,165
12:19:02,164
12:19:03,162
12:19:04,162
12:19:05,163
12:19:06,163
12:19:07,163
12:19:08,162
12:19:09,163
12:19:10,165
12:19:11,165
12:19:12,161
12:19:13,162
12:19:14,162
12:19:15,163
12:19:16,162
12:19:17,162
12:19:18,165
12:19:19,164
12:19:20,164
12:19:21,163
12:19:22,164
12:19:23,164
12:19:24,164
12:19:25,162
12:19:26,162
12:19:27,161
12:19:28,163
12:19:29,163
12:19:30,162
12:19:31,165
12:19:32,165
12:19:33,163
12:19:34,163
12:19:35,163
12:19:36,164
12:19:37,163
12:19:38,163
12:19:39,163
12:19:40,163
12:19:41,163
12:19:42,163
12:19:43,163
12:19:44,163
12:19:45,165
12:19:46,164
12:19:47,164
12:19:48,163
12:19:49,166
12:19:50,166
12:19:51,163
12:19:52,162
12:19:53,162
12:19:54,163
12:19:55,161
12:19:56,163
12:19:57,163
12:19:58,159
12:19:59,164
12:20:00,164
12:20:01,163
12:20:02,163
12:20:03,163
12:20:04,165
12:20:05,163
12:20:06,163
12:20:07,165
12:20:08,163
12:20:09,163
12:20:10,164
12:20:11,165
12:20:12,165
12:20:13,163
12:20:15,164
12:20:16,164
12:20:17,163
12:20:18,163
12:20:19,163
12:20:20,163
12:20:21,163
12:20:22,163
12:20:23,163
12:20:24,164
12:20:25,164
12:20:26,165
12:20:27,163
12:20:28,163
12:20:29,161
12:20:30,163
12:20:31,163
12:20:32,164
12:20:33,164
12:20:34,164
12:20:35,163
12:20:36,165
12:20:37,165
12:20:38,165
12:20:39,164
12:20:40,164
12:20:41,163
12:20:42,164
12:20:43,163
12:20:44,163
12:20:45,162
12:20:46,165
12:20:47,165
12:20:48,162
12:20:49,162
12:20:50,162
12:20:51,161
12:20:52,163
12:20:53,163
12:20:54,162
12:20:55,162
12:20:56,162
12:20:57,164
12:20:58,165
12:20:59,165
12:21:00,164
12:21:01,161
12:21:02,161
12:21:03,163
12:21:04,166
12:21:05,166
12:21:06,166
12:21:07,163
12:21:08,163
12:21:09,164
12:21:10,165
12:21:11,165
12:21:12,161
12:21:13,160
12:21:14,160
12:21:15,165
12:21:16,164
12:21:17,164
12:21:18,163
12:21:19,164
12:21:20,164
12:21:21,162
12:21:22,162
12:21:23,162
12:21:24,164
12:21:25,163
12:21:26,163
12:21:27,163
12:21:28,161
12:21:29,164
12:21:30,164
12:21:31,163
12:21:32,164
12:21:33,164
12:21:34,164
12:21:35,164
12:21:36,164
12:21:37,162
12:21:38,165
12:21:39,165
12:21:40,162
12:21:41,163
12:21:42,163
12:21:44,165
12:21:45,164
12:21:46,164
12:21:47,165
12:21:48,161
12:21:49,161
12:21:50,165
12:21:51,165
12:21:52,165
12:21:53,165
12:21:54,160
12:21:55,160
12:21:56,163
12:21:57,165
12:21:58,165
12:21:59,164
12:22:00,161
12:22:01,161
12:22:02,164
12:22:03,163
12:22:04,163
12:22:05,164
12:22:06,162
12:22:07,162
12:22:08,163
12:22:09,163
12:22:10,163
12:22:11,164
12:22:12,164
12:22:13,164
12:22:14,161
12:22:15,164
12:22:16,164
12:22:17,164
12:22:18,164
12:22:19,165
12:22:20,165
12:22:21,163
12:22:22,159
12:22:23,159
12:22:24,164
12:22:25,166
12:22:26,166
12:22:27,165
12:22:28,164
12:22:29,164
12:22:30,165
12:22:31,164
12:22:32,164
12:22:33,163
12:22:34,162
12:22:35,162
12:22:36,164
12:22:37,162
12:22:38,162
12:22:39,164
12:22:40,164
12:22:41,164
12:22:42,163
12:22:43,163
12:22:44,163
12:22:45,164
12:22:46,162
12:22:47,162
12:22:48,163
12:22:49,165
12:22:50,165
12:22:51,164
12:22:52,163
12:22:53,163
12:22:54,164
12:22:55,164
12:22:56,164
12:22:57,163
12:22:58,163
12:22:59,163
12:23:00,160
12:23:01,163
12:23:02,163
12:23:03,163
12:23:04,163
12:23:05,163
12:23:06,163
12:23:07,164
12:23:08,162
12:23:09,162
12:23:10,164
12:23:12,164
12:23:13,164
12:23:14,164
12:23:15,163
12:23:16,163
12:23:17,164
12:23:18,162
12:23:19,162
12:23:20,161
12:23:21,160
12:23:22,160
12:23:23,162
12:23:24,162
12:23:25,162
12:23:26,165
12:23:27,164
12:23:28,164
12:23:29,163
12:23:30,162
12:23:31,162
12:23:32,160
12:23:33,158
12:23:34,158
12:23:35,162
12:23:36,164
12:23:37,164
12:23:38,164
12:23:39,164
12:23:40,164
12:23:41,163
12:23:42,163
12:23:43,163
12:23:44,164
12:23:45,165
12:23:46,163
12:23:47,163
12:23:48,166
12:23:49,163
12:23:50,163
12:23:51,163
12:23:52,163
12:23:53,163
12:23:54,163
12:23:55,161
12:23:56,161
12:23:57,163
12:23:58,162
12:23:59,162
12:24:00,160
12:24:01,162
12:24:02,162
12:24:03,165
12:24:04,163
12:24:05,163
12:24:06,162
12:24:07,161
12:24:08,161
12:24:09,163
12:24:10,164
12:24:11,164
12:24:12,161
12:24:13,162
12:24:14,162
12:24:15,163
12:24:16,162
12:24:17,162
12:24:18,160
12:24:19,161
12:24:20,161
12:24:21,161
12:24:22,163
12:24:23,163
12:24:24,163
12:24:25,162
12:24:26,162
12:24:27,161
12:24:28,162
12:24:29,161
12:24:30,161
12:24:31,162
12:24:32,163
12:24:33,163
12:24:34,163
12:24:36,164
12:24:37,164
12:24:38,163
12:24:39,162
12:24:40,162
12:24:41,162
12:24:42,162
12:24:43,162
12:24:44,156
12:24:45,164
12:24:46,164
12:24:47,162
12:24:48,163
12:24:49,163
12:24:50,163
12:24:51,162
12:24:52,162
12:24:53,161
12:24:54,163
12:24:55,163
12:24:56,163
12:24:57,164
12:24:58,164
12:24:59,163
12:25:00,165
12:25:01,165
12:25:02,164
12:25:03,163
12:25:04,163
12:25:05,165
12:25:06,163
12:25:07,163
12:25:08,162
12:25:09,161
12:25:10,161
12:25:11,163
12:25:12,162
12:25:13,162
12:25:14,161
12:25:15,163
12:25:16,163
12:25:17,163
12:25:18,163
12:25:19,160
12:25:20,160
12:25:21,162
12:25:22,163
12:25:23,163
12:25:24,163
12:25:25,164
12:25:26,164
12:25:27,164
12:25:28,163
12:25:29,163
12:25:30,163
12:25:31,164
12:25:32,164
12:25:33,161
12:25:34,164
12:25:35,164
12:25:36,163
12:25:37,159
12:25:38,159
12:25:39,163
12:25:40,162
12:25:41,162
12:25:42,162
12:25:43,163
12:25:44,163
12:25:45,164
12:25:46,163
12:25:47,163
12:25:48,164
12:25:49,163
12:25:50,163
12:25:51,162
12:25:52,164
12:25:53,164
12:25:54,163
12:25:55,164
12:25:56,164
12:25:57,164
12:25:58,164
12:25:59,164
12:26:00,161
12:26:01,164
12:26:02,161
12:26:04,161
12:26:05,164
12:26:06,160
12:26:07,160
12:26:08,161
12:26:09,160
12:26:10,160
12:26:11,162
12:26:12,162
12:26:13,162
12:26:14,161
12:26:15,163
12:26:16,163
12:26:17,163
12:26:18,162
12:26:19,162
12:26:20,163
12:26:21,163
12:26:22,163
12:26:23,163
12:26:24,164
12:26:25,164
12:26:26,164
12:26:27,163
12:26:28,163
12:26:29,163
12:26:30,162
12:26:31,162
12:26:32,164
12:26:33,162
12:26:34,162
12:26:35,164
12:26:36,164
12:26:37,164
12:26:38,164
12:26:39,164
12:26:40,164
12:26:41,163
12:26:42,163
12:26:43,163
12:26:44,163
12:26:45,163
12:26:46,163
12:26:47,162
12:26:48,161
12:26:49,164
12:26:50,164
12:26:51,163
12:26:52,163
12:26:53,163
12:26:54,161
12:26:55,163
12:26:56,163
12:26:57,164
12:26:58,161
12:26:59,161
12:27:00,161
12:27:01,164
12:27:02,164
12:27:03,163
12:27:04,161
12:27:05,161
12:27:06,165
12:27:07,163
12:27:08,163
12:27:09,158
12:27:10,163
12:27:11,163
12:27:12,163
12:27:13,164
12:27:14,164
12:27:15,164
12:27:16,163
12:27:17,163
12:27:18,163
12:27:19,162
12:27:20,162
12:27:21,161
12:27:22,165
12:27:23,165
12:27:24,163
12:27:25,162
12:27:26,162
12:27:27,162
12:27:28,163
12:27:29,163
12:27:30,164
12:27:31,164
12:27:33,164
12:27:34,162
12:27:35,164
12:27:36,164
12:27:37,164
12:27:38,162
12:27:39,160
12:27:40,160
12:27:41,162
12:27:42,163
12:27:43,163
12:27:44,161
12:27:45,164
12:27:46,164
12:27:47,163
12:27:48,163
12:27:49,163
12:27:50,162
12:27:51,163
12:27:52,163
12:27:53,162
12:27:54,161
12:27:55,161
12:27:56,162
12:27:57,160
12:27:58,160
12:27:59,164
12:28:00,164
12:28:01,164
12:28:02,164
12:28:03,164
12:28:04,164
12:28:05,164
12:28:06,163
12:28:07,163
12:28:08,163
12:28:09,165
12:28:10,165
12:28:11,163
12:28:12,162
12:28:13,162
12:28:14,161
12:28:15,163
12:28:16,163
12:28:17,162
12:28:18,164
12:28:19,164
12:28:20,162
12:28:21,164
12:28:22,163
12:28:23,163
12:28:24,155
12:28:25,165
12:28:26,165
12:28:27,163
12:28:28,162
12:28:29,162
12:28:30,164
12:28:31,165
12:28:32,165
12:28:33,163
12:28:34,163
12:28:35,163
12:28:36,165
12:28:37,161
12:28:38,161
12:28:39,160
12:28:40,164
12:28:41,164
12:28:42,163
12:28:43,163
12:28:44,163
12:28:45,164
12:28:46,164
12:28:47,164
12:28:48,164
12:28:49,164
12:28:50,164
12:28:51,165
12:28:52,161
12:28:53,161
12:28:54,164
12:28:55,162
12:28:56,162
12:28:58,165
12:28:59,163
12:29:00,163
12:29:01,162
12:29:02,165
12:29:03,162
12:29:04,162
12:29:05,163
12:29:06,162
12:29:07,162
12:29:08,161
12:29:09,162
12:29:10,162
12:29:11,164
12:29:12,162
12:29:13,162
12:29:14,162
12:29:15,162
12:29:16,162
12:29:17,163
12:29:18,163
12:29:19,163
12:29:20,159
12:29:21,163
12:29:22,163
12:29:23,162
12:29:24,162
12:29:25,162
12:29:26,162
12:29:27,160
12:29:28,160
12:29:29,164
12:29:30,162
12:29:31,162
12:29:32,162
12:29:33,163
12:29:34,163
12:29:35,161
12:29:36,164
12:29:37,164
12:29:38,163
12:29:39,161
12:29:40,161
12:29:41,161
12:29:42,162
12:29:43,162
12:29:44,164
12:29:45,162
12:29:46,162
12:29:47,164
12:29:48,165
12:29:49,165
12:29:50,164
12:29:51,163
12:29:52,162
12:29:53,162
12:29:54,165
12:29:55,162
12:29:56,162
12:29:57,163
12:29:58,161
12:29:59,161
12:30:00,163
12:30:01,161
12:30:02,161
12:30:03,164
12:30:04,162
12:30:05,162
12:30:06,164
12:30:07,161
12:30:08,161
12:30:09,164
12:30:10,164
12:30:11,164
12:30:12,163
12:30:13,164
12:30:14,164
12:30:15,165
12:30:16,163
12:30:17,163
12:30:18,164
12:30:19,163
12:30:20,163
12:30:21,164
12:30:22,164
12:30:23,164
12:30:24,166
12:30:25,163
12:30:26,163
12:30:28,163
12:30:29,163
12:30:30,163
12:30:31,163
12:30:32,161
12:30:33,161
12:30:34,161
12:30:35,163
12:30:36,163
12:30:37,162
12:30:38,161
12:30:39,162
12:30:40,162
12:30:41,163
12:30:42,164
12:30:43,164
12:30:44,164
12:30:45,163
12:30:46,163
12:30:47,162
12:30:48,163
12:30:49,163
12:30:50,163
12:30:51,162
12:30:52,162
12:30:53,156
12:30:54,163
12:30:55,163
12:30:56,163
12:30:57,164
12:30:58,164
12:30:59,164
12:31:00,165
12:31:01,165
12:31:02,162
12:31:03,165
12:31:04,165
12:31:05,162
12:31:06,162
12:31:07,162
12:31:08,165
12:31:09,164
12:31:10,164
12:31:11,163
12:31:12,162
12:31:13,162
12:31:14,163
12:31:15,163
12:31:16,163
12:31:17,163
12:31:18,163
12:31:19,163
12:31:20,163
12:31:21,162
12:31:22,164
12:31:23,164
12:31:24,164
12:31:25,163
12:31:26,163
12:31:27,163
12:31:28,164
12:31:29,164
12:31:30,164
12:31:31,163
12:31:32,163
12:31:33,165
12:31:34,164
12:31:35,164
12:31:36,162
12:31:37,164
12:31:38,164
12:31:39,164
12:31:40,161
12:31:41,161
12:31:42,164
12:31:43,161
12:31:44,161
12:31:45,164
12:31:46,164
12:31:47,164
12:31:48,164
12:31:49,164
12:31:50,164
12:31:51,163
12:31:52,161
12:31:53,161
12:31:54,161
12:31:56,162
12:31:57,162
12:31:58,161
12:31:59,161
12:32:00,161
12:32:01,164
12:32:02,165
12:32:03,165
12:32:04,165
12:32:05,160
12:32:06,160
12:32:07,156
12:32:08,161
12:32:09,165
12:32:10,165
12:32:11,163
12:32:12,163
12:32:13,163
12:32:14,166
12:32:15,167
12:32:16,167
12:32:17,164
12:32:18,163
12:32:19,163
12:32:20,164
12:32:21,164
12:32:22,164
12:32:23,164
12:32:24,160
12:32:25,160
12:32:26,162
12:32:27,161
12:32:28,161
12:32:29,165
12:32:30,163
12:32:31,163
12:32:32,163
12:32:33,164
12:32:34,164
12:32:35,163
12:32:36,166
12:32:37,166
12:32:38,164
12:32:39,163
12:32:40,163
12:32:41,163
12:32:42,163
12:32:43,163
12:32:44,161
12:32:45,162
12:32:46,162
12:32:47,164
12:32:48,162
12:32:49,162
12:32:50,165
12:32:51,162
12:32:52,162
12:32:53,163
12:32:54,162
12:32:55,162
12:32:56,163
12:32:57,161
12:32:58,162
12:32:59,162
12:33:00,161
12:33:01,163
12:33:02,163
12:33:03,164
12:33:04,164
12:33:05,164
12:33:06,164
12:33:07,164
12:33:08,164
12:33:09,162
12:33:10,162
12:33:11,162
12:33:12,161
12:33:13,163
12:33:14,163
12:33:15,159
12:33:16,162
12:33:17,162
12:33:18,165
12:33:19,164
12:33:20,164
12:33:21,165
12:33:22,164
12:33:23,164
12:33:24,165
12:33:26,164
12:33:27,164
12:33:28,165
12:33:29,164
12:33:30,164
12:33:31,162
12:33:32,163
12:33:33,163
12:33:34,164
12:33:35,163
12:33:36,163
12:33:37,164
12:33:38,162
12:33:39,162
12:33:40,163
12:33:41,164
12:33:42,164
12:33:43,162
12:33:44,161
12:33:45,162
12:33:46,162
12:33:47,164
12:33:48,164
12:33:49,164
12:33:50,163
12:33:51,161
12:33:52,161
12:33:53,164
12:33:54,164
12:33:55,164
12:33:56,163
12:33:57,164
12:33:58,164
12:33:59,163
12:34:00,164
12:34:01,164
12:34:02,165
12:34:03,165
12:34:04,165
12:34:05,163
12:34:06,163
12:34:07,163
12:34:08,164
12:34:09,165
12:34:10,165
12:34:11,162
12:34:12,162
12:34:13,162
12:34:14,162
12:34:15,163
12:34:16,163
12:34:17,162
12:34:18,163
12:34:19,163
12:34:20,165
12:34:21,162
12:34:22,165
12:34:23,165
12:34:24,163
12:34:25,164
12:34:26,164
12:34:27,161
12:34:28,166
12:34:29,166
12:34:30,164
12:34:31,163
12:34:32,163
12:34:33,164
12:34:34,164
12:34:35,164
12:34:36,162
12:34:37,163
12:34:38,163
12:34:39,163
12:34:40,164
12:34:41,164
12:34:42,161
12:34:43,163
12:34:44,163
12:34:46,162
12:34:47,160
12:34:48,160
12:34:49,163
12:34:50,163
12:34:51,163
12:34:52,162
12:34:53,164
12:34:54,164
12:34:55,163
12:34:56,163
12:34:57,163
12:34:58,163
12:34:59,162
12:35:00,162
12:35:01,163
12:35:02,163
12:35:03,163
12:35:04,163
12:35:05,162
12:35:06,162
12:35:07,163
12:35:08,164
12:35:09,165
12:35:10,165
12:35:11,163
12:35:12,161
12:35:13,161
12:35:14,164
12:35:15,164
12:35:16,164
12:35:17,162
12:35:18,162
12:35:19,162
12:35:20,163
12:35:21,162
12:35:22,162
12:35:23,163
12:35:24,164
12:35:25,164
12:35:26,161
12:35:27,161
12:35:28,161
12:35:29,163
12:35:30,162
12:35:31,162
12:35:32,162
12:35:33,162
12:35:34,162
12:35:35,163
12:35:36,163
12:35:37,163
12:35:38,164
12:35:39,162
12:35:40,162
12:35:41,165
12:35:42,165
12:35:43,165
12:35:44,163
12:35:45,163
12:35:46,163
12:35:47,162
12:35:48,162
12:35:49,162
12:35:50,162
12:35:51,162
12:35:52,162
12:35:53,163
12:35:54,162
12:35:55,162
12:35:56,162
12:35:57,158
12:35:58,164
12:35:59,164
12:36:00,165
12:36:01,160
12:36:02,160
12:36:03,162
12:36:04,164
12:36:05,164
12:36:06,162
12:36:07,162
12:36:08,162
12:36:09,162
12:36:10,162
12:36:11,162
12:36:12,164
12:36:13,165
12:36:15,165
12:36:16,163
12:36:17,163
12:36:18,163
12:36:19,162
12:36:20,163
12:36:21,163
12:36:22,164
12:36:23,163
12:36:24,163
12:36:25,164
12:36:26,163
12:36:27,163
12:36:28,164
12:36:29,163
12:36:30,163
12:36:31,161
12:36:32,161
12:36:33,161
12:36:34,163
12:36:35,163
12:36:36,163
12:36:37,162
12:36:38,164
12:36:39,164
12:36:40,164
12:36:41,163
12:36:42,166
12:36:43,166
12:36:44,163
12:36:45,161
12:36:46,161
12:36:47,163
12:36:48,165
12:36:49,165
12:36:50,162
12:36:51,164
12:36:52,164
12:36:53,162
12:36:54,164
12:36:55,164
12:36:56,161
12:36:57,165
12:36:58,165
12:36:59,162
12:37:00,163
12:37:01,163
12:37:02,160
12:37:03,163
12:37:04,163
12:37:05,163
12:37:06,163
12:37:07,163
12:37:08,165
12:37:09,163
12:37:10,163
12:37:11,163
12:37:12,163
12:37:13,163
12:37:14,162
12:37:15,160
12:37:16,160
12:37:17,161
12:37:18,163
12:37:19,163
12:37:20,163
12:37:21,164
12:37:22,164
12:37:23,163
12:37:24,164
12:37:25,164
12:37:26,166
12:37:27,163
12:37:28,161
12:37:29,161
12:37:30,163
12:37:31,163
12:37:32,163
12:37:33,161
12:37:34,162
12:37:35,162
12:37:36,162
12:37:37,160
12:37:38,160
12:37:39,162
12:37:40,163
12:37:41,163
12:37:42,162
12:37:44,162
12:37:45,162
12:37:46,161
12:37:47,163
12:37:48,163
12:37:49,163
12:37:50,163
12:37:51,163
12:37:52,161
12:37:53,162
12:37:54,162
12:37:55,161
12:37:56,161
12:37:57,161
12:37:58,162
12:37:59,162
12:38:00,162
12:38:01,155
12:38:02,164
12:38:03,164
12:38:04,162
12:38:05,162
12:38:06,162
12:38:07,163
12:38:08,166
12:38:09,166
12:38:10,164
12:38:11,162
12:38:12,162
12:38:13,163
12:38:14,163
12:38:15,163
12:38:16,163
12:38:17,162
12:38:18,163
12:38:19,163
12:38:20,164
12:38:21,163
12:38:22,163
12:38:23,163
12:38:24,163
12:38:25,163
12:38:26,163
12:38:27,161
12:38:28,161
12:38:29,165
12:38:30,165
12:38:31,165
12:38:32,162
12:38:33,163
12:38:34,163
12:38:35,165
12:38:36,163
12:38:37,163
12:38:38,163
12:38:39,163
12:38:40,163
12:38:41,164
12:38:42,161
12:38:43,161
12:38:44,164
12:38:45,162
12:38:46,162
12:38:47,162
12:38:48,162
12:38:49,162
12:38:50,163
12:38:51,162
12:38:52,162
12:38:53,158
12:38:54,160
12:38:55,160
12:38:56,160
12:38:57,160
12:38:58,161
12:38:59,161
12:39:00,164
12:39:01,163
12:39:02,163
12:39:03,161
12:39:04,157
12:39:05,157
12:39:06,164
12:39:07,162
12:39:08,162
12:39:10,163
12:39:11,164
12:39:12,164
12:39:13,163
12:39:14,163
12:39:15,163
12:39:16,164
12:39:17,163
12:39:18,163
12:39:19,164
12:39:20,163
12:39:21,163
12:39:22,161
12:39:23,162
12:39:24,162
12:39:25,162
12:39:26,163
12:39:27,163
12:39:28,161
12:39:29,162
12:39:30,162
12:39:31,162
12:39:32,164
12:39:33,164
12:39:34,162
12:39:35,164
12:39:36,164
12:39:37,163
12:39:38,164
12:39:39,164
12:39:40,162
12:39:41,163
12:39:42,163
12:39:43,162
12:39:44,163
12:39:45,164
12:39:46,164
12:39:47,162
12:39:48,162
12:39:49,162
12:39:50,161
12:39:51,162
12:39:52,162
12:39:53,164
12:39:54,163
12:39:55,163
12:39:56,160
12:39:57,162
12:39:58,162
12:39:59,163
12:40:00,163
12:40:01,163
12:40:02,161
12:40:03,163
12:40:04,163
12:40:05,161
12:40:06,163
12:40:07,163
12:40:08,161
12:40:09,159
12:40:10,159
12:40:11,161
12:40:12,163
12:40:13,163
12:40:14,161
12:40:15,161
12:40:16,161
12:40:17,155
12:40:18,166
12:40:19,166
12:40:20,163
12:40:21,165
12:40:22,165
12:40:23,163
12:40:24,160
12:40:25,160
12:40:26,163
12:40:27,163
12:40:28,163
12:40:29,163
12:40:30,163
12:40:31,163
12:40:32,163
12:40:33,162
12:40:34,163
12:40:35,163
12:40:36,164
12:40:37,163
12:40:38,163
12:40:39,162
12:40:41,164
12:40:42,164
12:40:43,164
12:40:44,161
12:40:45,161
12:40:46,165
12:40:47,161
12:40:48,161
12:40:49,165
12:40:50,163
12:40:51,163
12:40:52,164
12:40:53,163
12:40:54,163
12:40:55,165
12:40:56,164
12:40:57,164
12:40:58,161
12:40:59,164
12:41:00,164
12:41:01,162
12:41:02,161
12:41:03,161
12:41:04,162
12:41:05,162
12:41:06,162
12:41:07,162
12:41:08,162
12:41:09,162
12:41:10,161
12:41:11,159
12:41:12,159
12:41:13,163
12:41:14,163
12:41:15,163
12:41:16,162
12:41:17,161
12:41:18,163
12:41:19,163
12:41:20,164
12:41:21,163
12:41:22,163
12:41:23,161
12:41:24,162
12:41:25,162
12:41:26,163
12:41:27,157
12:41:28,157
12:41:29,161
12:41:30,163
12:41:31,163
12:41:32,161
12:41:33,164
12:41:34,164
12:41:35,162
12:41:36,161
12:41:37,161
12:41:38,164
12:41:39,164
12:41:40,164
12:41:41,163
12:41:42,161
12:41:43,161
12:41:44,163
12:41:45,163
12:41:46,163
12:41:47,163
12:41:48,161
12:41:49,161
12:41:50,163
12:41:51,161
12:41:52,161
12:41:53,162
12:41:54,165
12:41:55,165
12:41:56,163
12:41:57,163
12:41:58,163
12:41:59,166
12:42:00,165
12:42:01,165
12:42:02,164
12:42:03,164
12:42:04,166
12:42:05,166
12:42:06,164
12:42:07,165
12:42:08,165
12:42:10,164
12:42:11,163
12:42:12,163
12:42:13,164
12:42:14,161
12:42:15,161
12:42:16,164
12:42:17,163
12:42:18,163
12:42:19,164
12:42:20,161
12:42:21,161
12:42:22,164
12:42:23,162
12:42:24,162
12:42:25,164
12:42:26,164
12:42:27,164
12:42:28,163
12:42:29,162
12:42:30,162
12:42:31,164
12:42:32,163
12:42:33,163
12:42:34,165
12:42:35,163
12:42:36,163
12:42:37,161
12:42:38,156
12:42:39,156
12:42:40,161
12:42:41,162
12:42:42,162
12:42:43,163
12:42:44,165
12:42:45,165
12:42:46,162
12:42:47,164
12:42:48,164
12:42:49,162
12:42:50,162
12:42:51,162
12:42:52,162
12:42:53,162
12:42:54,163
12:42:55,163
12:42:56,162
12:42:57,162
12:42:58,162
12:42:59,163
12:43:00,163
12:43:01,163
12:43:02,163
12:43:03,164
12:43:04,164
12:43:05,164
12:43:06,165
12:43:07,165
12:43:08,163
12:43:09,163
12:43:10,163
12:43:11,163
12:43:12,161
12:43:13,161
12:43:14,163
12:43:15,165
12:43:16,165
12:43:17,162
12:43:18,165
12:43:19,165
12:43:20,163
12:43:21,163
12:43:22,163
12:43:23,164
12:43:24,162
12:43:25,162
12:43:26,163
12:43:27,163
12:43:28,163
12:43:29,162
12:43:30,163
12:43:31,163
12:43:32,163
12:43:33,162
12:43:34,162
12:43:35,163
12:43:36,159
12:43:38,163
12:43:39,163
12:43:40,161
12:43:41,162
12:43:42,162
12:43:43,161
12:43:44,161
12:43:45,161
12:43:46,161
12:43:47,162
12:43:48,162
12:43:49,162
12:43:50,163
12:43:51,163
12:43:52,162
12:43:53,163
12:43:54,163
12:43:55,164
12:43:56,163
12:43:57,163
12:43:58,164
12:43:59,165
12:44:00,165
12:44:01,162
12:44:02,163
12:44:03,163
12:44:04,162
12:44:05,163
12:44:06,163
12:44:07,165
12:44:08,162
12:44:09,162
12:44:10,163
12:44:11,162
12:44:12,162
12:44:13,162
12:44:14,163
12:44:15,161
12:44:16,161
12:44:17,163
12:44:18,164
12:44:19,164
12:44:20,162
12:44:21,159
12:44:22,159
12:44:23,163
12:44:24,163
12:44:25,163
12:44:26,164
12:44:27,163
12:44:28,163
12:44:29,160
12:44:30,163
12:44:31,163
12:44:32,162
12:44:33,163
12:44:34,163
12:44:35,162
12:44:36,164
12:44:37,164
12:44:38,164
12:44:39,160
12:44:40,160
12:44:41,164
12:44:42,162
12:44:43,162
12:44:44,162
12:44:45,162
12:44:46,162
12:44:47,163
12:44:48,165
12:44:49,165
12:44:50,162
12:44:51,162
12:44:52,162
12:44:53,164
12:44:54,161
12:44:55,161
12:44:56,160
12:44:57,164
12:44:59,164
12:45:00,163
12:45:01,160
12:45:02,160
12:45:03,157
12:45:04,163
12:45:05,165
12:45:06,165
12:45:07,164
12:45:08,165
12:45:09,165
12:45:10,163
12:45:11,163
12:45:12,163
12:45:13,164
12:45:14,164
12:45:15,164
12:45:16,164
12:45:17,162
12:45:18,162
12:45:19,163
12:45:20,163
12:45:21,163
12:45:22,163
12:45:23,163
12:45:24,163
12:45:25,163
12:45:26,162
12:45:27,162
12:45:28,165
12:45:29,165
12:45:30,165
12:45:31,162
12:45:32,163
12:45:33,163
12:45:34,164
12:45:35,163
12:45:36,163
12:45:37,164
12:45:38,163
12:45:39,163
12:45:40,163
12:45:41,165
12:45:42,165
12:45:43,163
12:45:44,164
12:45:45,164
12:45:46,165
12:45:47,165
12:45:48,165
12:45:49,161
12:45:50,164
12:45:51,163
12:45:52,163
12:45:53,165
12:45:54,164
12:45:55,164
12:45:56,162
12:45:57,162
12:45:58,162
12:45:59,165
12:46:00,162
12:46:01,162
12:46:02,161
12:46:03,162
12:46:04,162
12:46:05,161
12:46:06,163
12:46:07,163
12:46:08,159
12:46:09,161
12:46:10,161
12:46:11,162
12:46:12,163
12:46:13,163
12:46:14,162
12:46:15,164
12:46:16,164
12:46:17,163
12:46:18,163
12:46:19,163
12:46:20,163
12:46:21,161
12:46:22,161
12:46:23,163
12:46:24,164
12:46:25,164
12:46:26,165
12:46:27,163
12:46:29,163
12:46:30,160
12:46:31,165
12:46:32,165
12:46:33,164
12:46:34,163
12:46:35,163
12:46:36,163
12:46:37,162
12:46:38,163
12:46:39,163
12:46:40,165
12:46:41,162
12:46:42,162
12:46:43,164
12:46:44,165
12:46:45,165
12:46:46,163
12:46:47,164
12:46:48,164
12:46:49,164
12:46:50,164
12:46:51,164
12:46:52,163
12:46:53,163
12:46:54,163
12:46:55,162
12:46:56,163
12:46:57,163
12:46:58,163
12:46:59,163
12:47:00,163
12:47:01,164
12:47:02,161
12:47:03,161
12:47:04,163
12:47:05,162
12:47:06,162
12:47:07,162
12:47:08,163
12:47:09,163
12:47:10,162
12:47:11,163
12:47:12,163
12:47:13,164
12:47:14,162
12:47:15,162
12:47:16,162
12:47:17,164
12:47:18,164
12:47:19,163
12:47:20,162
12:47:21,162
12:47:22,157
12:47:23,163
12:47:24,162
12:47:25,162
12:47:26,162
12:47:27,163
12:47:28,163
12:47:29,162
12:47:30,164
12:47:31,164
12:47:32,164
12:47:33,163
12:47:34,163
12:47:35,162
12:47:36,162
12:47:37,162
12:47:38,162
12:47:39,163
12:47:40,163
12:47:41,164
12:47:42,162
12:47:43,162
12:47:44,163
12:47:45,164
12:47:46,164
12:47:47,162
12:47:48,161
12:47:49,161
12:47:50,164
12:47:51,161
12:47:52,161
12:47:53,164
12:47:54,163
12:47:55,163
12:47:57,162
12:47:58,162
12:47:59,162
12:48:00,164
12:48:01,162
12:48:02,162
12:48:03,162
12:48:04,161
12:48:05,161
12:48:06,163
12:48:07,166
12:48:08,166
12:48:09,163
12:48:10,163
12:48:11,164
12:48:12,164
12:48:13,161
12:48:14,161
12:48:15,161
12:48:16,160
12:48:17,162
12:48:18,162
12:48:19,161
12:48:20,163
12:48:21,163
12:48:22,163
12:48:23,165
12:48:24,165
12:48:25,162
12:48:26,161
12:48:27,161
12:48:28,162
12:48:29,163
12:48:30,163
12:48:31,163
12:48:32,163
12:48:33,163
12:48:34,162
12:48:35,158
12:48:36,158
12:48:37,162
12:48:38,158
12:48:39,158
12:48:40,165
12:48:41,165
12:48:42,165
12:48:43,162
12:48:44,161
12:48:45,161
12:48:46,163
12:48:47,163
12:48:48,163
12:48:49,164
12:48:50,165
12:48:51,163
12:48:52,163
12:48:53,164
12:48:54,162
12:48:55,162
12:48:56,162
12:48:57,163
12:48:58,163
12:48:59,163
12:49:00,161
12:49:01,161
12:49:02,163
12:49:03,163
12:49:04,163
12:49:05,163
12:49:06,164
12:49:07,164
12:49:08,162
12:49:09,162
12:49:10,162
12:49:11,161
12:49:12,165
12:49:13,165
12:49:14,162
12:49:15,162
12:49:16,162
12:49:17,162
12:49:18,164
12:49:20,164
12:49:21,163
12:49:22,162
12:49:23,162
12:49:24,164
12:49:25,162
12:49:26,162
12:49:27,162
12:49:28,164
12:49:29,164
12:49:30,165
12:49:31,160
12:49:32,160
12:49:33,165
12:49:34,161
12:49:35,161
12:49:36,162
12:49:37,162
12:49:38,165
12:49:39,165
12:49:40,163
12:49:41,161
12:49:42,161
12:49:43,164
12:49:44,164
12:49:45,164
12:49:46,163
12:49:47,159
12:49:48,159
12:49:49,165
12:49:50,164
12:49:51,164
12:49:52,164
12:49:53,164
12:49:54,164
12:49:55,164
12:49:56,164
12:49:57,164
12:49:58,164
12:49:59,164
12:50:00,164
12:50:01,165
12:50:02,163
12:50:03,163
12:50:04,164
12:50:05,161
12:50:06,161
12:50:07,165
12:50:08,164
12:50:09,164
12:50:10,165
12:50:11,163
12:50:12,163
12:50:13,163
12:50:14,163
12:50:15,163
12:50:16,161
12:50:17,162
12:50:18,162
12:50:19,165
12:50:20,164
12:50:21,163
12:50:22,163
12:50:23,162
12:50:24,164
12:50:25,164
12:50:26,165
12:50:27,163
12:50:28,163
12:50:29,163
12:50:30,164
12:50:31,164
12:50:32,163
12:50:33,163
12:50:34,163
12:50:35,164
12:50:36,162
12:50:37,162
12:50:38,162
12:50:39,163
12:50:40,163
12:50:41,164
12:50:42,160
12:50:43,160
12:50:44,162
12:50:46,164
12:50:47,164
12:50:48,163
12:50:49,164
12:50:50,164
12:50:51,163
12:50:52,164
12:50:53,164
12:50:54,163
12:50:55,161
12:50:56,161
12:50:57,163
12:50:58,162
12:50:59,162
12:51:00,162
12:51:01,160
12:51:02,160
12:51:03,158
12:51:04,164
12:51:05,164
12:51:06,162
12:51:07,165
12:51:08,163
12:51:09,163
12:51:10,164
12:51:11,163
12:51:12,163
12:51:13,163
12:51:14,163
12:51:15,163
12:51:16,163
12:51:17,165
12:51:18,165
12:51:19,163
12:51:20,162
12:51:21,162
12:51:22,161
12:51:23,163
12:51:24,163
12:51:25,164
12:51:26,164
12:51:27,164
12:51:28,164
12:51:29,163
12:51:30,163
12:51:31,161
12:51:32,162
12:51:33,162
12:51:34,164
12:51:35,164
12:51:36,164
12:51:37,165
12:51:38,162
12:51:39,162
12:51:40,162
12:51:41,162
12:51:42,162
12:51:43,163
12:51:44,163
12:51:45,163
12:51:46,162
12:51:47,162
12:51:48,162
12:51:49,163
12:51:50,162
12:51:51,162
12:51:52,163
12:51:53,160
12:51:54,162
12:51:55,162
12:51:56,163
12:51:57,163
12:51:58,163
12:51:59,162
12:52:00,161
12:52:01,161
12:52:02,161
12:52:03,162
12:52:04,162
12:52:05,163
12:52:06,163
12:52:07,163
12:52:08,163
12:52:09,162
12:52:10,162
12:52:11,165
12:52:12,166
12:52:13,166
12:52:14,164
12:52:16,162
12:52:17,162
12:52:18,164
12:52:19,164
12:52:20,164
12:52:21,163
12:52:22,163
12:52:23,163
12:52:24,164
12:52:25,165
12:52:26,165
12:52:27,162
12:52:28,163
12:52:29,163
12:52:30,163
12:52:31,164
12:52:32,164
12:52:33,163
12:52:34,163
12:52:35,163
12:52:36,163
12:52:37,162
12:52:38,162
12:52:39,166
12:52:40,162
12:52:41,162
12:52:42,162
12:52:43,164
12:52:44,165
12:52:45,165
12:52:46,164
12:52:47,163
12:52:48,163
12:52:49,163
12:52:50,163
12:52:51,163
12:52:52,162
12:52:53,163
12:52:54,163
12:52:55,162
12:52:56,162
12:52:57,162
12:52:58,162
12:52:59,163
12:53:00,163
12:53:01,162
12:53:02,163
12:53:03,163
12:53:04,160
12:53:05,161
12:53:06,161
12:53:07,163
12:53:08,162
12:53:09,162
12:53:10,160
12:53:11,160
12:53:12,160
12:53:13,162
12:53:14,163
12:53:15,163
12:53:16,164
12:53:17,162
12:53:18,162
12:53:19,163
12:53:20,154
12:53:21,154
12:53:22,161
12:53:23,164
12:53:24,164
12:53:25,162
12:53:26,164
12:53:27,162
12:53:28,162
12:53:29,166
12:53:30,165
12:53:31,165
12:53:32,165
12:53:33,163
12:53:34,163
12:53:35,163
12:53:36,163
12:53:37,163
12:53:38,161
12:53:39,161
12:53:40,161
12:53:41,163
12:53:42,165
12:53:43,165
12:53:44,164
12:53:46,162
12:53:47,162
12:53:48,161
12:53:49,164
12:53:50,164
12:53:51,164
12:53:52,163
12:53:53,163
12:53:54,162
12:53:55,163
12:53:56,163
12:53:57,163
12:53:58,166
12:53:59,166
12:54:00,164
12:54:01,162
12:54:02,162
12:54:03,164
12:54:04,163
12:54:05,163
12:54:06,163
12:54:07,160
12:54:08,160
12:54:09,160
12:54:10,161
12:54:11,161
12:54:12,163
12:54:13,162
12:54:14,163
12:54:15,163
12:54:16,161
12:54:17,162
12:54:18,162
12:54:19,159
12:54:20,163
12:54:21,163
12:54:22,162
12:54:23,163
12:54:24,163
12:54:25,160
12:54:26,160
12:54:27,160
12:54:28,163
12:54:29,164
12:54:30,164
12:54:31,162
12:54:32,159
12:54:33,159
12:54:34,165
12:54:35,164
12:54:36,164
12:54:37,164
12:54:38,164
12:54:39,164
12:54:40,163
12:54:41,162
12:54:42,162
12:54:43,162
12:54:44,164
12:54:45,164
12:54:46,164
12:54:47,163
12:54:48,163
12:54:49,162
12:54:50,164
12:54:51,164
12:54:52,165
12:54:53,161
12:54:54,160
12:54:55,160
12:54:56,163
12:54:57,161
12:54:58,161
12:54:59,161
12:55:00,162
12:55:01,162
12:55:02,163
12:55:03,164
12:55:04,164
12:55:05,163
12:55:07,162
12:55:08,162
12:55:09,164
12:55:10,163
12:55:11,163
12:55:12,164
12:55:13,165
12:55:14,165
12:55:15,162
12:55:16,161
12:55:17,161
12:55:18,164
12:55:19,162
12:55:20,162
12:55:21,162
12:55:22,163
12:55:23,163
12:55:24,164
12:55:25,163
12:55:26,163
12:55:27,164
12:55:28,163
12:55:29,163
12:55:30,161
12:55:31,162
12:55:32,162
12:55:33,162
12:55:34,163
12:55:35,163
12:55:36,161
12:55:37,164
12:55:38,164
12:55:39,165
12:55:40,163
12:55:41,165
12:55:42,165
12:55:43,165
12:55:44,163
12:55:45,163
12:55:46,163
12:55:47,164
12:55:48,164
12:55:49,164
12:55:50,163
12:55:51,163
12:55:52,164
12:55:53,163
12:55:54,163
12:55:55,163
12:55:56,163
12:55:57,163
12:55:58,164
12:55:59,163
12:56:00,163
12:56:01,164
12:56:02,165
12:56:03,165
12:56:04,161
12:56:05,162
12:56:06,162
12:56:07,162
12:56:08,162
12:56:09,162
12:56:10,163
12:56:11,162
12:56:12,162
12:56:13,163
12:56:14,162
12:56:15,162
12:56:16,164
12:56:17,165
12:56:18,165
12:56:19,163
12:56:20,164
12:56:21,164
12:56:22,163
12:56:23,164
12:56:24,165
12:56:25,165
12:56:26,161
12:56:27,164
12:56:28,164
12:56:29,165
12:56:30,164
12:56:31,164
12:56:33,163
12:56:34,162
12:56:35,162
12:56:36,161
12:56:37,160
12:56:38,160
12:56:39,162
12:56:40,162
12:56:41,162
12:56:42,161
12:56:43,161
12:56:44,161
12:56:45,163
12:56:46,163
12:56:47,163
12:56:48,161
12:56:49,163
12:56:50,163
12:56:51,163
12:56:52,165
12:56:53,165
12:56:54,166
12:56:55,164
12:56:56,164
12:56:57,161
12:56:58,163
12:56:59,163
12:57:00,163
12:57:01,163
12:57:02,163
12:57:03,163
12:57:04,163
12:57:05,163
12:57:06,162
12:57:07,163
12:57:08,163
12:57:09,162
12:57:10,163
12:57:11,163
12:57:12,163
12:57:13,160
12:57:14,163
12:57:15,163
12:57:16,162
12:57:17,163
12:57:18,163
12:57:19,161
12:57:20,162
12:57:21,162
12:57:22,164
12:57:23,162
12:57:24,162
12:57:25,161
12:57:26,163
12:57:27,163
12:57:28,165
12:57:29,166
12:57:30,166
12:57:31,164
12:57:32,161
12:57:33,161
12:57:34,165
12:57:35,164
12:57:36,164
12:57:37,162
12:57:38,163
12:57:39,163
12:57:40,163
12:57:41,163
12:57:42,163
12:57:43,162
12:57:44,162
12:57:45,162
12:57:46,161
12:57:47,164
12:57:48,164
12:57:49,163
12:57:50,164
12:57:51,164
12:57:52,159
12:57:53,163
12:57:54,164
12:57:55,164
12:57:56,163
12:57:57,163
12:57:58,163
12:57:59,162
12:58:00,163
12:58:02,163
12:58:03,162
12:58:04,163
12:58:05,163
12:58:06,163
12:58:07,157
12:58:08,157
12:58:09,166
12:58:10,166
12:58:11,166
12:58:12,163
12:58:13,163
12:58:14,163
12:58:15,165
12:58:16,162
12:58:17,162
12:58:18,162
12:58:19,161
12:58:20,161
12:58:21,163
12:58:22,162
12:58:23,162
12:58:24,166
12:58:25,162
12:58:26,162
12:58:27,163
12:58:28,164
12:58:29,164
12:58:30,163
12:58:31,160
12:58:32,160
12:58:33,164
12:58:34,164
12:58:35,164
12:58:36,162
12:58:37,164
12:58:38,164
12:58:39,164
12:58:40,164
12:58:41,165
12:58:42,165
12:58:43,165
12:58:44,163
12:58:45,163
12:58:46,161
12:58:47,164
12:58:48,164
12:58:49,161
12:58:50,164
12:58:51,164
12:58:52,164
12:58:53,162
12:58:54,162
12:58:55,163
12:58:56,163
12:58:57,163
12:58:58,162
12:58:59,161
12:59:00,161
12:59:01,163
12:59:02,164
12:59:03,164
12:59:04,163
12:59:05,160
12:59:06,160
12:59:07,161
12:59:08,161
12:59:09,161
12:59:10,162
12:59:11,164
12:59:12,162
12:59:14,162
12:59:15,163
12:59:16,161
12:59:17,161
12:59:18,161
12:59:19,163
12:59:20,163
12:59:21,163
12:59:22,165
12:59:23,165
12:59:24,162
12:59:25,161
12:59:26,161
12:59:27,162
12:59:28,156
12:59:29,156
12:59:30,164
12:59:31,162
12:59:32,162
12:59:33,164
12:59:34,162
12:59:35,162
12:59:36,163
12:59:37,160
12:59:38,160
12:59:39,163
12:59:40,165
12:59:41,165
12:59:42,163
12:59:43,164
12:59:44,164
12:59:45,164
12:59:46,162
12:59:47,162
12:59:48,162
12:59:49,165
12:59:50,165
12:59:51,165
12:59:52,163
12:59:53,163
12:59:54,164
12:59:55,163
12:59:56,163
12:59:57,161
12:59:58,162
12:59:59,160
13:00:00,160
13:00:01,164
13:00:02,164
13:00:03,164
13:00:04,164
13:00:05,164
13:00:06,164
13:00:07,163
13:00:08,164
13:00:09,164
13:00:10,162
13:00:11,162
13:00:12,162
13:00:13,165
13:00:14,161
13:00:15,161
13:00:16,164
13:00:17,163
13:00:18,163
13:00:19,163
13:00:20,164
13:00:21,164
13:00:22,162
13:00:23,163
13:00:24,163
13:00:25,160
13:00:26,162
13:00:27,162
13:00:28,163
13:00:29,164
13:00:30,164
13:00:31,162
13:00:32,160
13:00:33,160
13:00:34,161
13:00:35,161
13:00:36,161
13:00:37,163
13:00:38,160
13:00:40,160
13:00:41,157
13:00:42,160
13:00:43,163
13:00:44,163
13:00:45,162
13:00:46,163
13:00:47,163
13:00:48,164
13:00:49,164
13:00:50,164
13:00:51,162
13:00:52,162
13:00:53,162
13:00:54,162
13:00:55,164
13:00:56,164
13:00:57,162
13:00:58,164
13:00:59,164
13:01:00,164
13:01:01,163
13:01:02,163
13:01:03,162
13:01:04,164
13:01:05,164
13:01:06,162
13:01:07,164
13:01:08,164
13:01:09,163
13:01:10,162
13:01:11,162
13:01:12,163
13:01:13,161
13:01:14,161
13:01:15,162
13:01:16,165
13:01:17,165
13:01:18,162
13:01:19,161
13:01:20,161
13:01:21,162
13:01:22,163
13:01:23,163
13:01:24,162
13:01:25,163
13:01:26,164
13:01:27,164
13:01:28,164
13:01:29,164
13:01:30,164
13:01:31,161
13:01:32,160
13:01:33,160
13:01:34,162
13:01:35,162
13:01:36,162
13:01:37,164
13:01:38,160
13:01:39,160
13:01:40,162
13:01:41,159
13:01:42,159
13:01:43,164
13:01:44,164
13:01:45,164
13:01:46,163
13:01:47,162
13:01:48,162
13:01:49,164
13:01:50,163
13:01:51,163
13:01:52,162
13:01:53,161
13:01:54,161
13:01:55,160
13:01:56,163
13:01:57,163
13:01:58,156
13:01:59,163
13:02:00,163
13:02:01,163
13:02:02,160
13:02:04,160
13:02:05,163
13:02:06,160
13:02:07,160
13:02:08,163
13:02:09,165
13:02:10,161
13:02:11,161
13:02:12,164
13:02:13,164
13:02:14,164
13:02:15,163
13:02:16,164
13:02:17,164
13:02:18,164
13:02:19,162
13:02:20,162
13:02:21,165
13:02:22,162
13:02:23,162
13:02:24,162
13:02:25,161
13:02:26,161
13:02:27,163
13:02:28,161
13:02:29,161
13:02:30,162
13:02:31,160
13:02:32,160
13:02:33,162
13:02:34,163
13:02:35,163
13:02:36,163
13:02:37,163
13:02:38,163
13:02:39,163
13:02:40,164
13:02:41,164
13:02:42,162
13:02:43,164
13:02:44,164
13:02:45,163
13:02:46,163
13:02:47,163
13:02:48,165
13:02:49,162
13:02:50,162
13:02:51,162
13:02:52,162
13:02:53,162
13:02:54,164
13:02:55,163
13:02:56,162
13:02:57,162
13:02:58,163
13:02:59,161
13:03:00,161
13:03:01,160
13:03:02,161
13:03:03,161
13:03:04,160
13:03:05,158
13:03:06,158
13:03:07,163
13:03:08,165
13:03:09,165
13:03:10,163
13:03:11,164
13:03:12,164
13:03:13,163
13:03:14,164
13:03:15,164
13:03:16,163
13:03:17,163
13:03:18,163
13:03:19,162
13:03:20,162
13:03:21,162
13:03:22,162
13:03:23,164
13:03:24,164
13:03:25,161
13:03:26,163
13:03:27,163
13:03:28,162
13:03:29,163
13:03:30,163
13:03:31,163
13:03:32,162
13:03:34,162
13:03:35,163
13:03:36,161
13:03:37,161
13:03:38,162
13:03:39,164
13:03:40,164
13:03:41,163
13:03:42,163
13:03:43,163
13:03:44,162
13:03:45,162
13:03:46,161
13:03:47,161
13:03:48,163
13:03:49,164
13:03:50,164
13:03:51,162
13:03:52,161
13:03:53,161
13:03:54,163
13:03:55,163
13:03:56,163
13:03:57,161
13:03:58,161
13:03:59,161
13:04:00,162
13:04:01,162
13:04:02,162
13:04:03,163
13:04:04,163
13:04:05,163
13:04:06,164
13:04:07,163
13:04:08,163
13:04:09,164
13:04:10,163
13:04:11,163
13:04:12,163
13:04:13,163
13:04:14,163
13:04:15,164
13:04:16,163
13:04:17,163
13:04:18,163
13:04:19,164
13:04:20,164
13:04:21,157
13:04:22,163
13:04:23,163
13:04:24,163
13:04:25,163
13:04:26,163
13:04:27,163
13:04:28,162
13:04:29,162
13:04:30,164
13:04:31,164
13:04:32,164
13:04:33,164
13:04:34,165
13:04:35,165
13:04:36,165
13:04:37,163
13:04:38,163
13:04:39,163
13:04:40,163
13:04:41,164
13:04:42,164
13:04:43,164
13:04:44,162
13:04:45,162
13:04:46,163
13:04:47,162
13:04:48,162
13:04:49,163
13:04:50,162
13:04:51,162
13:04:52,163
13:04:53,160
13:04:54,160
13:04:55,162
13:04:56,163
13:04:57,163
13:04:58,163
13:04:59,166
13:05:00,166
13:05:02,161
13:05:03,163
13:05:04,163
13:05:05,163
13:05:06,164
13:05:07,164
13:05:08,163
13:05:09,162
13:05:10,162
13:05:11,161
13:05:12,161
13:05:13,161
13:05:14,162
13:05:15,162
13:05:16,162
13:05:17,163
13:05:18,164
13:05:19,163
13:05:20,163
13:05:21,162
13:05:22,163
13:05:23,163
13:05:24,161
13:05:25,163
13:05:26,163
13:05:27,163
13:05:28,161
13:05:29,161
13:05:30,163
13:05:31,161
13:05:32,161
13:05:33,164
13:05:34,163
13:05:35,163
13:05:36,161
13:05:37,164
13:05:38,164
13:05:39,163
13:05:40,162
13:05:41,162
13:05:42,163
13:05:43,163
13:05:44,163
13:05:45,163
13:05:46,163
13:05:47,163
13:05:48,163
13:05:49,164
13:05:50,164
13:05:51,163
13:05:52,163
13:05:53,163
13:05:54,164
13:05:55,164
13:05:56,164
13:05:57,161
13:05:58,165
13:05:59,165
13:06:00,162
13:06:01,163
13:06:02,163
13:06:03,162
13:06:04,162
13:06:05,162
13:06:06,162
13:06:07,166
13:06:08,165
13:06:09,165
13:06:10,165
13:06:11,163
13:06:12,163
13:06:13,164
13:06:14,166
13:06:15,166
13:06:16,164
13:06:17,163
13:06:18,163
13:06:19,162
13:06:20,163
13:06:21,163
13:06:22,164
13:06:23,162
13:06:24,162
13:06:25,162
13:06:26,160
13:06:27,160
13:06:28,164
13:06:29,163
13:06:31,163
13:06:32,161
13:06:33,163
13:06:34,163
13:06:35,164
13:06:36,161
13:06:37,161
13:06:38,159
13:06:39,159
13:06:40,159
13:06:41,161
13:06:42,162
13:06:43,162
13:06:44,161
13:06:45,163
13:06:46,163
13:06:47,164
13:06:48,162
13:06:49,165
13:06:50,165
13:06:51,162
13:06:52,161
13:06:53,161
13:06:54,162
13:06:55,165
13:06:56,165
13:06:57,162
13:06:58,164
13:06:59,164
13:07:00,165
13:07:01,165
13:07:02,165
13:07:03,161
13:07:04,163
13:07:05,163
13:07:06,164
13:07:07,162
13:07:08,162
13:07:09,164
13:07:10,163
13:07:11,163
13:07:12,161
13:07:13,162
13:07:14,162
13:07:15,163
13:07:16,163
13:07:17,163
13:07:18,162
13:07:19,165
13:07:20,165
13:07:21,162
13:07:22,164
13:07:23,164
13:07:24,163
13:07:25,162
13:07:26,162
13:07:27,162
13:07:28,164
13:07:29,164
13:07:30,162
13:07:31,161
13:07:32,161
13:07:33,163
13:07:34,162
13:07:35,162
13:07:36,162
13:07:37,161
13:07:38,164
13:07:39,164
13:07:40,163
13:07:41,164
13:07:42,164
13:07:43,163
13:07:44,163
13:07:45,163
13:07:46,162
13:07:47,163
13:07:48,163
13:07:49,163
13:07:50,162
13:07:51,162
13:07:52,164
13:07:53,163
13:07:54,163
13:07:55,164
13:07:56,165
13:07:57,165
13:07:58,163
13:08:00,164
13:08:01,164
13:08:02,162
13:08:03,161
13:08:04,161
13:08:05,158
13:08:06,163
13:08:07,163
13:08:08,161
13:08:09,163
13:08:10,163
13:08:11,163
13:08:12,163
13:08:13,163
13:08:14,164
13:08:15,164
13:08:16,164
13:08:17,162
13:08:18,162
13:08:19,162
13:08:20,161
13:08:21,162
13:08:22,162
13:08:23,162
13:08:24,162
13:08:25,162
13:08:26,162
13:08:27,161
13:08:28,160
13:08:29,160
13:08:30,163
13:08:31,162
13:08:32,162
13:08:33,164
13:08:34,162
13:08:35,162
13:08:36,166
13:08:37,164
13:08:38,164
13:08:39,165
13:08:40,163
13:08:41,163
13:08:42,164
13:08:43,162
13:08:44,162
13:08:45,161
13:08:46,163
13:08:47,163
13:08:48,165
13:08:49,163
13:08:50,163
13:08:51,161
13:08:52,162
13:08:53,162
13:08:54,162
13:08:55,163
13:08:56,163
13:08:57,162
13:08:58,161
13:08:59,161
13:09:00,162
13:09:01,162
13:09:02,162
13:09:03,161
13:09:04,160
13:09:05,160
13:09:06,162
13:09:07,163
13:09:08,163
13:09:09,163
13:09:10,164
13:09:11,163
13:09:12,163
13:09:13,164
13:09:14,163
13:09:15,163
13:09:16,163
13:09:17,162
13:09:18,162
13:09:19,164
13:09:20,165
13:09:21,165
13:09:22,165
13:09:23,165
13:09:24,165
13:09:26,161
13:09:27,162
13:09:28,162
13:09:29,163
13:09:30,160
13:09:31,160
13:09:32,162
13:09:33,162
13:09:34,162
13:09:35,159
13:09:36,160
13:09:37,160
13:09:38,162
13:09:39,162
13:09:40,162
13:09:41,164
13:09:42,164
13:09:43,164
13:09:44,164
13:09:45,165
13:09:46,165
13:09:47,164
13:09:48,164
13:09:49,164
13:09:50,162
13:09:51,163
13:09:52,165
13:09:53,165
13:09:54,162
13:09:55,163
13:09:56,163
13:09:57,163
13:09:58,161
13:09:59,161
13:10:00,163
13:10:01,161
13:10:02,161
13:10:03,158
13:10:04,165
13:10:05,165
13:10:06,163
13:10:07,164
13:10:08,164
13:10:09,164
13:10:11,164
13:10:12,164
13:10:13,163
13:10:14,162
13:10:15,162
13:10:16,163
13:10:17,164
13:10:18,164
13:10:19,166
13:10:20,164
13:10:21,164
13:10:22,163
13:10:23,165
13:10:24,165
13:10:25,164
13:10:26,163
13:10:27,163
13:10:28,164
13:10:29,162
13:10:30,162
13:10:31,162
13:10:32,164
13:10:33,164
13:10:34,162
13:10:35,163
13:10:36,163
13:10:37,162
13:10:38,164
13:10:39,164
13:10:40,165
13:10:41,164
13:10:42,163
13:10:43,163
13:10:44,163
13:10:45,164
13:10:46,164
13:10:47,161
13:10:48,163
13:10:49,163
13:10:50,164
13:10:51,164
13:10:52,164
13:10:53,164
13:10:54,162
13:10:55,162
13:10:56,165
13:10:57,165
13:10:58,165
13:10:59,164
13:11:00,164
13:11:01,164
13:11:02,161
13:11:03,163
13:11:04,163
13:11:05,162
13:11:06,161
13:11:07,161
13:11:08,161
13:11:09,160
13:11:10,160
13:11:11,161
13:11:12,161
13:11:13,161
13:11:14,161
13:11:15,164
13:11:16,164
13:11:17,161
13:11:18,163
13:11:19,163
13:11:20,159
13:11:21,162
13:11:22,162
13:11:23,162
13:11:24,163
13:11:25,164
13:11:26,164
13:11:27,156
13:11:28,160
13:11:29,160
13:11:30,165
13:11:31,167
13:11:32,167
13:11:33,161
13:11:34,164
13:11:35,164
13:11:36,163
13:11:38,164
13:11:39,164
13:11:40,164
13:11:41,163
13:11:42,163
13:11:43,163
13:11:44,163
13:11:45,163
13:11:46,163
13:11:47,164
13:11:48,164
13:11:49,162
13:11:50,163
13:11:51,163
13:11:52,164
13:11:53,163
13:11:54,163
13:11:55,162
13:11:56,162
13:11:57,162
13:11:58,162
13:11:59,162
13:12:00,162
13:12:01,163
13:12:02,165
13:12:03,165
13:12:04,164
13:12:05,163
13:12:06,163
13:12:07,162
13:12:08,160
13:12:09,163
13:12:10,163
13:12:11,163
13:12:12,161
13:12:13,161
13:12:14,161
13:12:15,164
13:12:16,164
13:12:17,163
13:12:18,161
13:12:19,161
13:12:20,160
13:12:21,162
13:12:22,162
13:12:23,161
13:12:24,164
13:12:25,164
13:12:26,161
13:12:27,162
13:12:28,162
13:12:29,160
13:12:30,163
13:12:31,163
13:12:32,165
13:12:33,163
13:12:34,163
13:12:35,157
13:12:36,162
13:12:37,162
13:12:38,163
13:12:39,163
13:12:40,163
13:12:41,164
13:12:42,165
13:12:43,165
13:12:44,164
13:12:45,165
13:12:46,165
13:12:47,165
13:12:48,162
13:12:49,161
13:12:50,161
13:12:51,164
13:12:52,163
13:12:53,163
13:12:54,161
13:12:56,163
13:12:57,163
13:12:58,162
13:12:59,162
13:13:00,162
13:13:01,163
13:13:02,164
13:13:03,164
13:13:04,164
13:13:05,164
13:13:06,164
13:13:07,163
13:13:08,162
13:13:09,162
13:13:10,164
13:13:11,166
13:13:12,166
13:13:13,162
13:13:14,162
13:13:15,162
13:13:16,164
13:13:17,165
13:13:18,165
13:13:19,164
13:13:20,161
13:13:21,161
13:13:22,162
13:13:23,164
13:13:24,164
13:13:25,161
13:13:26,161
13:13:27,161
13:13:28,163
13:13:29,162
13:13:30,162
13:13:31,163
13:13:32,163
13:13:33,164
13:13:34,164
13:13:35,163
13:13:36,162
13:13:37,162
13:13:38,162
13:13:39,162
13:13:40,162
13:13:41,163
13:13:42,163
13:13:43,163
13:13:44,164
13:13:45,164
13:13:46,164
13:13:47,164
13:13:48,160
13:13:49,160
13:13:50,163
13:13:51,161
13:13:52,161
13:13:53,157
13:13:54,162
13:13:55,162
13:13:56,163
13:13:57,160
13:13:58,160
13:13:59,158
13:14:00,162
13:14:01,162
13:14:02,163
13:14:03,164
13:14:04,164
13:14:05,162
13:14:06,164
13:14:07,164
13:14:08,165
13:14:09,164
13:14:10,164
13:14:11,162
13:14:12,164
13:14:13,164
13:14:14,165
13:14:15,163
13:14:16,162
13:14:17,162
13:14:18,160
13:14:19,162
13:14:20,162
13:14:22,163
13:14:23,163
13:14:24,163
13:14:25,163
13:14:26,162
13:14:27,162
13:14:28,161
13:14:29,163
13:14:30,163
13:14:31,163
13:14:32,162
13:14:33,162
13:14:34,161
13:14:35,164
13:14:36,164
13:14:37,165
13:14:38,165
13:14:39,165
13:14:40,164
13:14:41,163
13:14:42,163
13:14:43,163
13:14:44,161
13:14:45,161
13:14:46,163
13:14:47,163
13:14:48,163
13:14:49,164
13:14:50,162
13:14:51,162
13:14:52,159
13:14:53,160
13:14:54,160
13:14:55,161
13:14:56,163
13:14:57,163
13:14:58,165
13:14:59,160
13:15:00,162
13:15:01,162
13:15:02,164
13:15:03,162
13:15:04,162
13:15:05,159
13:15:06,161
13:15:07,161
13:15:08,161
13:15:09,161
13:15:10,161
13:15:11,162
13:15:12,158
13:15:13,158
13:15:14,162
13:15:15,165
13:15:16,165
13:15:17,164
13:15:18,162
13:15:19,162
13:15:20,159
13:15:21,161
13:15:22,161
13:15:23,162
13:15:24,163
13:15:25,163
13:15:26,163
13:15:27,163
13:15:28,163
13:15:29,166
13:15:30,163
13:15:31,163
13:15:32,164
13:15:33,161
13:15:34,161
13:15:35,164
13:15:36,165
13:15:37,161
13:15:38,161
13:15:40,163
13:15:41,165
13:15:42,165
13:15:43,165
13:15:44,164
13:15:45,164
13:15:46,163
13:15:47,163
13:15:48,163
13:15:49,161
13:15:50,163
13:15:51,163
13:15:52,165
13:15:53,162
13:15:54,162
13:15:55,162
13:15:56,164
13:15:57,164
13:15:58,165
13:15:59,160
13:16:00,160
13:16:01,163
13:16:02,163
13:16:03,163
13:16:04,163
13:16:05,161
13:16:06,161
13:16:07,161
13:16:08,163
13:16:09,163
13:16:10,163
13:16:11,163
13:16:12,163
13:16:13,163
13:16:14,161
13:16:15,161
13:16:16,162
13:16:17,162
13:16:18,162
13:16:19,164
13:16:20,163
13:16:21,161
13:16:22,161
13:16:23,163
13:16:24,162
13:16:25,162
13:16:26,163
13:16:27,163
13:16:28,163
13:16:29,154
13:16:30,163
13:16:31,163
13:16:32,163
13:16:33,164
13:16:34,164
13:16:35,164
13:16:36,162
13:16:37,162
13:16:38,162
13:16:39,163
13:16:40,163
13:16:41,164
13:16:42,162
13:16:43,162
13:16:44,163
13:16:45,163
13:16:46,163
13:16:47,163
13:16:48,165
13:16:49,165
13:16:50,163
13:16:51,163
13:16:52,163
13:16:53,163
13:16:54,163
13:16:55,163
13:16:56,162
13:16:57,161
13:16:58,161
13:16:59,162
13:17:00,161
13:17:01,161
13:17:02,164
13:17:04,163
13:17:05,164
13:17:06,164
13:17:07,164
13:17:08,164
13:17:09,164
13:17:10,165
13:17:11,163
13:17:12,163
13:17:13,163
13:17:14,163
13:17:15,163
13:17:16,162
13:17:17,159
13:17:18,159
13:17:19,162
13:17:20,162
13:17:21,162
13:17:22,163
13:17:23,164
13:17:24,164
13:17:25,163
13:17:26,161
13:17:27,161
13:17:28,161
13:17:29,162
13:17:30,162
13:17:31,162
13:17:32,163
13:17:33,163
13:17:34,164
13:17:35,163
13:17:36,163
13:17:37,161
13:17:38,163
13:17:39,163
13:17:40,161
13:17:41,162
13:17:42,162
13:17:43,164
13:17:44,163
13:17:45,163
13:17:46,162
13:17:47,163
13:17:48,163
13:17:49,162
13:17:50,159
13:17:51,162
13:17:52,162
13:17:53,163
13:17:54,165
13:17:55,165
13:17:56,165
13:17:57,163
13:17:58,163
13:17:59,163
13:18:00,163
13:18:01,163
13:18:02,164
13:18:03,163
13:18:04,163
13:18:05,162
13:18:06,162
13:18:07,162
13:18:08,163
13:18:09,163
13:18:10,163
13:18:11,163
13:18:12,160
13:18:13,160
13:18:14,164
13:18:15,162
13:18:16,162
13:18:17,161
13:18:18,163
13:18:19,163
13:18:20,162
13:18:21,162
13:18:22,162
13:18:23,164
13:18:24,163
13:18:25,163
13:18:26,163
13:18:27,165
13:18:28,165
13:18:29,165
13:18:30,165
13:18:31,165
13:18:33,163
13:18:34,163
13:18:35,163
13:18:36,162
13:18:37,163
13:18:38,159
13:18:39,159
13:18:40,162
13:18:41,161
13:18:42,161
13:18:43,162
13:18:44,162
13:18:45,162
13:18:46,162
13:18:47,162
13:18:48,162
13:18:49,164
13:18:50,161
13:18:51,161
13:18:52,163
13:18:53,162
13:18:54,162
13:18:55,164
13:18:56,163
13:18:57,163
13:18:58,162
13:18:59,159
13:19:00,159
13:19:01,163
13:19:02,163
13:19:03,163
13:19:04,157
13:19:05,164
13:19:06,164
13:19:07,164
13:19:08,164
13:19:09,164
13:19:10,164
13:19:11,166
13:19:12,163
13:19:13,163
13:19:14,165
13:19:15,160
13:19:16,160
13:19:17,164
13:19:18,161
13:19:19,161
13:19:20,161
13:19:21,164
13:19:22,164
13:19:23,163
13:19:24,163
13:19:25,163
13:19:26,163
13:19:27,163
13:19:28,163
13:19:29,163
13:19:30,160
13:19:31,160
13:19:32,162
13:19:33,160
13:19:34,160
13:19:35,163
13:19:36,162
13:19:37,162
13:19:38,164
13:19:39,162
13:19:40,162
13:19:41,164
13:19:42,166
13:19:43,166
13:19:44,163
13:19:45,161
13:19:46,161
13:19:47,161
13:19:48,163
13:19:49,163
13:19:50,163
13:19:51,162
13:19:52,162
13:19:54,162
13:19:55,163
13:19:56,163
13:19:57,162
13:19:58,160
13:19:59,160
13:20:00,163
13:20:01,161
13:20:02,160
13:20:03,160
13:20:04,159
13:20:05,161
13:20:06,161
13:20:07,161
13:20:08,162
13:20:09,162
13:20:10,161
13:20:11,163
13:20:12,163
13:20:13,162
13:20:14,163
13:20:15,163
13:20:16,162
13:20:17,163
13:20:18,163
13:20:19,164
13:20:20,162
13:20:21,162
13:20:22,164
13:20:23,165
13:20:24,165
13:20:25,165
13:20:26,165
13:20:27,165
13:20:28,164
13:20:29,165
13:20:30,165
13:20:31,164
13:20:32,162
13:20:33,162
13:20:34,164
13:20:35,163
13:20:36,163
13:20:37,162
13:20:38,163
13:20:39,163
13:20:40,162
13:20:41,163
13:20:42,163
13:20:43,160
13:20:44,163
13:20:45,163
13:20:46,164
13:20:47,163
13:20:48,160
13:20:49,160
13:20:50,161
13:20:51,163
13:20:52,163
13:20:53,164
13:20:54,162
13:20:55,162
13:20:56,162
13:20:57,161
13:20:58,161
13:20:59,161
13:21:00,162
13:21:01,162
13:21:02,163
13:21:03,162
13:21:04,162
13:21:05,160
13:21:06,163
13:21:07,163
13:21:08,163
13:21:09,159
13:21:10,159
13:21:11,161
13:21:12,163
13:21:13,163
13:21:14,163
13:21:15,162
13:21:16,162
13:21:17,160
13:21:18,162
13:21:19,162
13:21:20,159
13:21:21,165
13:21:23,165
13:21:24,162
13:21:25,160
13:21:26,160
13:21:27,160
13:21:28,162
13:21:29,162
13:21:30,164
13:21:31,163
13:21:32,163
13:21:33,160
13:21:34,163
13:21:35,156
13:21:36,156
13:21:37,164
13:21:38,161
13:21:39,161
13:21:40,162
13:21:41,163
13:21:42,163
13:21:43,164
13:21:44,165
13:21:45,165
13:21:46,163
13:21:47,164
13:21:48,164
13:21:49,162
13:21:50,163
13:21:51,163
13:21:52,161
13:21:53,164
13:21:54,164
13:21:55,164
13:21:56,164
13:21:57,164
13:21:58,162
13:21:59,163
13:22:00,163
13:22:01,160
13:22:02,162
13:22:03,162
13:22:04,162
13:22:05,161
13:22:06,161
13:22:07,162
13:22:08,163
13:22:09,163
13:22:10,163
13:22:11,161
13:22:12,161
13:22:13,164
13:22:14,163
13:22:15,163
13:22:16,163
13:22:17,162
13:22:18,162
13:22:19,162
13:22:20,163
13:22:21,163
13:22:22,163
13:22:23,163
13:22:24,163
13:22:25,163
13:22:26,162
13:22:27,162
13:22:28,162
13:22:29,164
13:22:30,160
13:22:31,160
13:22:32,163
13:22:33,165
13:22:34,165
13:22:35,162
13:22:36,162
13:22:37,162
13:22:38,160
13:22:39,162
13:22:40,162
13:22:41,162
13:22:42,162
13:22:43,162
13:22:44,162
13:22:45,157
13:22:46,157
13:22:47,163
13:22:48,166
13:22:49,166
13:22:51,166
13:22:52,165
13:22:53,165
13:22:54,164
13:22:55,164
13:22:56,164
13:22:57,164
13:22:58,162
13:22:59,162
13:23:00,162
13:23:01,162
13:23:02,163
13:23:03,163
13:23:04,164
13:23:05,164
13:23:06,164
13:23:07,164
13:23:08,164
13:23:09,164
13:23:10,163
13:23:11,162
13:23:12,162
13:23:13,162
13:23:14,161
13:23:15,161
13:23:16,163
13:23:17,163
13:23:18,163
13:23:19,163
13:23:20,162
13:23:21,162
13:23:22,163
13:23:23,164
13:23:24,164
13:23:25,165
13:23:26,162
13:23:27,162
13:23:28,161
13:23:29,163
13:23:30,163
13:23:31,161
13:23:32,159
13:23:33,159
13:23:34,163
13:23:35,164
13:23:36,164
13:23:37,169
13:23:38,160
13:23:39,160
13:23:40,164
13:23:41,162
13:23:42,161
13:23:43,161
13:23:44,162
13:23:45,161
13:23:46,161
13:23:47,163
13:23:48,161
13:23:49,161
13:23:50,161
13:23:51,163
13:23:52,163
13:23:53,167
13:23:54,164
13:23:55,164
13:23:56,163
13:23:57,162
13:23:58,162
13:24:00,163
13:24:01,164
13:24:02,164
13:24:03,163
13:24:04,165
13:24:05,165
13:24:06,163
13:24:07,164
13:24:08,164
13:24:09,165
13:24:10,164
13:24:11,164
13:24:12,164
13:24:13,163
13:24:14,163
13:24:15,165
13:24:16,165
13:24:17,164
13:24:18,164
13:24:19,162
13:24:20,163
13:24:21,163
13:24:22,164
13:24:23,162
13:24:24,162
13:24:25,160
13:24:26,164
13:24:27,164
13:24:28,163
13:24:29,163
13:24:30,163
13:24:31,163
13:24:32,164
13:24:33,164
13:24:34,162
13:24:35,163
13:24:36,163
13:24:37,164
13:24:38,163
13:24:39,163
13:24:40,164
13:24:41,163
13:24:42,163
13:24:43,162
13:24:44,162
13:24:45,162
13:24:46,161
13:24:47,164
13:24:48,164
13:24:49,164
13:24:50,163
13:24:51,163
13:24:52,160
13:24:53,163
13:24:54,163
13:24:55,162
13:24:56,164
13:24:57,160
13:24:58,160
13:24:59,159
13:25:00,162
13:25:01,162
13:25:02,156
13:25:03,162
13:25:04,162
13:25:05,162
13:25:06,164
13:25:07,164
13:25:08,163
13:25:09,162
13:25:10,162
13:25:11,163
13:25:12,162
13:25:13,162
13:25:14,164
13:25:15,166
13:25:16,166
13:25:17,163
13:25:18,161
13:25:19,161
13:25:20,163
13:25:21,162
13:25:22,162
13:25:24,162
13:25:25,163
13:25:26,163
13:25:27,164
13:25:28,164
13:25:29,164
13:25:30,164
13:25:31,165
13:25:32,165
13:25:33,163
13:25:34,163
13:25:35,163
13:25:36,163
13:25:37,165
13:25:38,165
13:25:39,163
13:25:40,165
13:25:41,165
13:25:42,164
13:25:43,162
13:25:44,161
13:25:45,161
13:25:46,163
13:25:47,164
13:25:48,164
13:25:49,162
13:25:50,163
13:25:51,163
13:25:52,163
13:25:53,164
13:25:54,164
13:25:55,163
13:25:56,165
13:25:57,165
13:25:58,163
13:25:59,163
13:26:00,163
13:26:01,162
13:26:02,162
13:26:03,162
13:26:04,163
13:26:05,163
13:26:06,163
13:26:07,157
13:26:08,163
13:26:09,163
13:26:10,164
13:26:11,164
13:26:12,164
13:26:13,164
13:26:14,164
13:26:15,164
13:26:16,163
13:26:17,163
13:26:18,163
13:26:19,163
13:26:20,161
13:26:21,161
13:26:22,164
13:26:23,163
13:26:24,163
13:26:25,162
13:26:26,162
13:26:27,162
13:26:28,164
13:26:29,164
13:26:30,163
13:26:31,163
13:26:32,164
13:26:33,165
13:26:34,165
13:26:35,165
13:26:36,163
13:26:37,163
13:26:38,162
13:26:39,164
13:26:40,164
13:26:41,165
13:26:42,163
13:26:43,163
13:26:44,158
13:26:45,161
13:26:46,161
13:26:47,164
13:26:48,163
13:26:49,163
13:26:50,164
13:26:52,163
13:26:53,163
13:26:54,162
13:26:55,163
13:26:56,163
13:26:57,163
13:26:58,160
13:26:59,160
13:27:00,162
13:27:01,163
13:27:02,163
13:27:03,164
13:27:04,162
13:27:05,162
13:27:06,163
13:27:07,164
13:27:08,164
13:27:09,166
13:27:10,161
13:27:11,161
13:27:12,162
13:27:13,161
13:27:14,161
13:27:15,163
13:27:16,158
13:27:17,164
13:27:18,164
13:27:19,164
13:27:20,164
13:27:21,164
13:27:22,163
13:27:23,163
13:27:24,163
13:27:25,161
13:27:26,164
13:27:27,164
13:27:28,163
13:27:29,164
13:27:30,164
13:27:31,163
13:27:32,165
13:27:33,165
13:27:34,164
13:27:35,163
13:27:36,163
13:27:37,163
13:27:38,163
13:27:39,163
13:27:40,162
13:27:41,163
13:27:42,163
13:27:43,164
13:27:44,161
13:27:45,161
13:27:46,163
13:27:47,165
13:27:48,165
13:27:49,164
13:27:50,163
13:27:51,163
13:27:52,163
13:27:53,164
13:27:54,164
13:27:55,162
13:27:56,164
13:27:57,164
13:27:58,162
13:27:59,163
13:28:00,163
13:28:01,164
13:28:02,163
13:28:03,162
13:28:04,162
13:28:05,160
13:28:06,163
13:28:07,163
13:28:08,161
13:28:09,159
13:28:10,159
13:28:11,162
13:28:12,164
13:28:13,164
13:28:14,162
13:28:15,163
13:28:16,163
13:28:17,162
13:28:18,164
13:28:20,164
13:28:21,160
13:28:22,162
13:28:23,162
13:28:24,160
13:28:25,162
13:28:26,162
13:28:27,163
13:28:28,163
13:28:29,163
13:28:30,162
13:28:31,155
13:28:32,155
13:28:33,166
13:28:34,165
13:28:35,165
13:28:36,163
13:28:37,164
13:28:38,164
13:28:39,162
13:28:40,164
13:28:41,164
13:28:42,162
13:28:43,163
13:28:44,163
13:28:45,165
13:28:46,164
13:28:47,164
13:28:48,162
13:28:49,164
13:28:50,161
13:28:51,161
13:28:52,163
13:28:53,163
13:28:54,163
13:28:55,162
13:28:56,163
13:28:57,163
13:28:58,163
13:28:59,161
13:29:00,161
13:29:01,164
13:29:02,162
13:29:03,162
13:29:04,162
13:29:05,164
13:29:06,164
13:29:07,162
13:29:08,163
13:29:09,163
13:29:10,161
13:29:11,160
13:29:12,160
13:29:13,164
13:29:14,163
13:29:15,163
13:29:16,162
13:29:17,163
13:29:18,163
13:29:19,163
13:29:20,161
13:29:21,161
13:29:22,163
13:29:23,161
13:29:24,161
13:29:25,163
13:29:26,164
13:29:27,164
13:29:28,164
13:29:29,161
13:29:30,161
13:29:31,164
13:29:32,163
13:29:33,163
13:29:34,161
13:29:35,165
13:29:36,163
13:29:37,163
13:29:38,163
13:29:39,160
13:29:40,160
13:29:41,161
13:29:42,163
13:29:43,163
13:29:44,159
13:29:45,161
13:29:46,161
13:29:47,159
13:29:48,160
13:29:50,160
13:29:51,161
13:29:52,160
13:29:53,160
13:29:54,161
13:29:55,163
13:29:56,163
13:29:57,161
13:29:58,162
13:29:59,162
13:30:00,162
13:30:01,161
13:30:02,161
13:30:03,163
13:30:04,164
13:30:05,164
13:30:06,163
13:30:07,165
13:30:08,165
13:30:09,164
13:30:10,164
13:30:11,164
13:30:12,163
13:30:13,163
13:30:14,163
13:30:15,163
13:30:16,163
13:30:17,163
13:30:18,164
13:30:19,164
13:30:20,164
13:30:21,163
13:30:22,163
13:30:23,163
13:30:24,163
13:30:25,162
13:30:26,162
13:30:27,162
13:30:28,162
13:30:29,161
13:30:30,161
13:30:31,162
13:30:32,163
13:30:33,163
13:30:34,162
13:30:35,164
13:30:36,164
13:30:37,160
13:30:38,164
13:30:39,164
13:30:40,163
13:30:41,165
13:30:42,165
13:30:43,162
13:30:44,161
13:30:45,161
13:30:46,163
13:30:47,163
13:30:48,163
13:30:49,163
13:30:50,162
13:30:51,162
13:30:52,163
13:30:53,163
13:30:54,163
13:30:55,158
13:30:56,166
13:30:57,166
13:30:58,163
13:30:59,163
13:31:00,163
13:31:01,165
13:31:02,163
13:31:03,163
13:31:04,161
13:31:05,162
13:31:06,162
13:31:07,162
13:31:08,163
13:31:09,161
13:31:10,161
13:31:11,163
13:31:12,162
13:31:13,162
13:31:14,165
13:31:15,163
13:31:16,163
13:31:17,164
13:31:18,162
13:31:20,162
13:31:21,163
13:31:22,164
13:31:23,164
13:31:24,162
13:31:25,164
13:31:26,164
13:31:27,164
13:31:28,166
13:31:29,166
13:31:30,163
13:31:31,162
13:31:32,162
13:31:33,163
13:31:34,164
13:31:35,164
13:31:36,164
13:31:37,162
13:31:38,162
13:31:39,162
13:31:40,164
13:31:41,164
13:31:42,162
13:31:43,162
13:31:44,162
13:31:45,162
13:31:46,165
13:31:47,165
13:31:48,163
13:31:49,163
13:31:50,163
13:31:51,162
13:31:52,161
13:31:53,161
13:31:54,165
13:31:55,163
13:31:56,162
13:31:57,162
13:31:58,163
13:31:59,163
13:32:00,163
13:32:01,162
13:32:02,156
13:32:03,156
13:32:04,162
13:32:05,164
13:32:06,164
13:32:07,164
13:32:08,162
13:32:09,162
13:32:10,163
13:32:11,163
13:32:12,163
13:32:13,165
13:32:14,164
13:32:15,164
13:32:16,164
13:32:17,163
13:32:18,163
13:32:19,164
13:32:20,164
13:32:21,164
13:32:22,166
13:32:23,162
13:32:24,162
13:32:25,165
13:32:26,164
13:32:27,164
13:32:28,164
13:32:29,164
13:32:30,164
13:32:31,162
13:32:32,163
13:32:33,163
13:32:34,164
13:32:35,163
13:32:36,163
13:32:37,163
13:32:38,161
13:32:39,161
13:32:40,164
13:32:41,164
13:32:42,163
13:32:43,163
13:32:44,164
13:32:45,163
13:32:46,163
13:32:47,163
13:32:49,163
13:32:50,163
13:32:51,165
13:32:52,160
13:32:53,160
13:32:54,162
13:32:55,163
13:32:56,163
13:32:57,163
13:32:58,163
13:32:59,163
13:33:00,163
13:33:01,164
13:33:02,164
13:33:03,162
13:33:04,163
13:33:05,163
13:33:06,161
13:33:07,162
13:33:08,162
13:33:09,162
13:33:10,160
13:33:11,160
13:33:12,164
13:33:13,162
13:33:14,162
13:33:15,156
13:33:16,163
13:33:17,163
13:33:18,163
13:33:19,162
13:33:20,162
13:33:21,163
13:33:22,161
13:33:23,161
13:33:24,162
13:33:25,162
13:33:26,162
13:33:27,162
13:33:28,165
13:33:29,164
13:33:30,164
13:33:31,164
13:33:32,163
13:33:33,163
13:33:34,163
13:33:35,164
13:33:36,164
13:33:37,163
13:33:38,162
13:33:39,162
13:33:40,165
13:33:41,165
13:33:42,165
13:33:43,162
13:33:44,163
13:33:45,163
13:33:46,164
13:33:47,163
13:33:48,163
13:33:49,162
13:33:50,162
13:33:51,162
13:33:52,163
13:33:53,160
13:33:54,160
13:33:55,162
13:33:56,163
13:33:57,163
13:33:58,162
13:33:59,162
13:34:00,162
13:34:01,163
13:34:02,162
13:34:03,162
13:34:04,160
13:34:05,163
13:34:06,161
13:34:07,161
13:34:08,163
13:34:09,163
13:34:11,163
13:34:12,164
13:34:13,161
13:34:14,161
13:34:15,162
13:34:16,164
13:34:17,164
13:34:18,164
13:34:19,163
13:34:20,163
13:34:21,161
13:34:22,162
13:34:23,162
13:34:24,163
13:34:25,164
13:34:26,164
13:34:27,156
13:34:28,164
13:34:29,164
13:34:30,162
13:34:31,163
13:34:32,163
13:34:33,164
13:34:34,163
13:34:35,163
13:34:36,164
13:34:37,162
13:34:38,162
13:34:39,162
13:34:40,163
13:34:41,163
13:34:42,162
13:34:43,162
13:34:44,162
13:34:45,164
13:34:46,163
13:34:47,163
13:34:48,165
13:34:49,161
13:34:50,161
13:34:51,159
13:34:52,163
13:34:53,163
13:34:54,163
13:34:55,163
13:34:56,162
13:34:57,162
13:34:58,162
13:34:59,165
13:35:00,165
13:35:01,162
13:35:02,163
13:35:03,163
13:35:04,163
13:35:05,166
13:35:06,166
13:35:07,164
13:35:08,162
13:35:09,162
13:35:10,163
13:35:11,163
13:35:12,163
13:35:13,163
13:35:14,162
13:35:15,162
13:35:16,161
13:35:17,165
13:35:18,165
13:35:19,163
13:35:20,163
13:35:21,163
13:35:22,162
13:35:23,164
13:35:24,164
13:35:25,162
13:35:26,162
13:35:27,162
13:35:28,161
13:35:29,162
13:35:30,162
13:35:31,163
13:35:32,161
13:35:33,161
13:35:34,161
13:35:35,161
13:35:37,163
13:35:38,163
13:35:39,164
13:35:40,163
13:35:41,163
13:35:42,160
13:35:43,164
13:35:44,164
13:35:45,163
13:35:46,165
13:35:47,165
13:35:48,165
13:35:49,165
13:35:50,165
13:35:51,166
13:35:52,165
13:35:53,165
13:35:54,163
13:35:55,162
13:35:56,162
13:35:57,163
13:35:58,163
13:35:59,163
13:36:00,165
13:36:01,165
13:36:02,165
13:36:03,164
13:36:04,165
13:36:05,165
13:36:06,164
13:36:07,163
13:36:08,163
13:36:09,164
13:36:10,164
13:36:11,164
13:36:12,164
13:36:13,165
13:36:14,165
13:36:15,161
13:36:16,161
13:36:17,161
13:36:18,165
13:36:19,164
13:36:20,164
13:36:21,166
13:36:22,163
13:36:23,163
13:36:24,162
13:36:25,164
13:36:26,162
13:36:27,162
13:36:28,163
13:36:29,161
13:36:30,161
13:36:31,162
13:36:32,164
13:36:33,164
13:36:34,163
13:36:35,161
13:36:36,161
13:36:37,162
13:36:38,160
13:36:39,160
13:36:40,161
13:36:41,160
13:36:42,160
13:36:43,161
13:36:44,163
13:36:45,163
13:36:46,162
13:36:47,162
13:36:48,162
13:36:49,162
13:36:50,163
13:36:51,163
13:36:52,162
13:36:53,157
13:36:54,157
13:36:55,164
13:36:56,163
13:36:57,163
13:36:58,165
13:36:59,163
13:37:00,163
13:37:01,164
13:37:02,162
13:37:03,162
13:37:04,162
13:37:06,163
13:37:07,163
13:37:08,166
13:37:09,164
13:37:10,164
13:37:11,164
13:37:12,163
13:37:13,163
13:37:14,163
13:37:15,164
13:37:16,164
13:37:17,164
13:37:18,163
13:37:19,164
13:37:20,164
13:37:21,163
13:37:22,164
13:37:23,164
13:37:24,163
13:37:25,164
13:37:26,164
13:37:27,164
13:37:28,164
13:37:29,164
13:37:30,165
13:37:31,162
13:37:32,162
13:37:33,163
13:37:34,163
13:37:35,163
13:37:36,162
13:37:37,163
13:37:38,163
13:37:39,165
13:37:40,163
13:37:41,163
13:37:42,163
13:37:43,162
13:37:44,162
13:37:45,163
13:37:46,163
13:37:47,163
13:37:48,163
13:37:49,163
13:37:50,163
13:37:51,162
13:37:52,163
13:37:53,163
13:37:54,165
13:37:55,163
13:37:56,162
13:37:57,162
13:37:58,164
13:37:59,164
13:38:00,164
13:38:01,163
13:38:02,165
13:38:03,165
13:38:04,165
13:38:05,165
13:38:06,165
13:38:07,163
13:38:08,161
13:38:09,161
13:38:10,163
13:38:11,163
13:38:12,163
13:38:13,164
13:38:14,162
13:38:15,162
13:38:16,163
13:38:17,164
13:38:18,164
13:38:19,165
13:38:20,162
13:38:21,162
13:38:22,161
13:38:23,162
13:38:24,162
13:38:25,163
13:38:26,163
13:38:27,163
13:38:28,164
13:38:29,162
13:38:30,162
13:38:31,163
13:38:33,165
13:38:34,165
13:38:35,164
13:38:36,162
13:38:37,162
13:38:38,165
13:38:39,163
13:38:40,163
13:38:41,164
13:38:42,162
13:38:43,163
13:38:44,163
13:38:45,164
13:38:46,162
13:38:47,162
13:38:48,163
13:38:49,162
13:38:50,162
13:38:51,163
13:38:52,160
13:38:53,160
13:38:54,161
13:38:55,161
13:38:56,161
13:38:57,163
13:38:58,164
13:38:59,164
13:39:00,164
13:39:01,162
13:39:02,162
13:39:03,164
13:39:04,164
13:39:05,164
13:39:06,163
13:39:07,160
13:39:08,160
13:39:09,160
13:39:10,163
13:39:11,163
13:39:12,161
13:39:13,165
13:39:14,165
13:39:15,163
13:39:16,165
13:39:17,165
13:39:18,164
13:39:19,164
13:39:20,164
13:39:21,163
13:39:22,161
13:39:23,161
13:39:24,162
13:39:25,165
13:39:26,165
13:39:27,164
13:39:28,163
13:39:29,162
13:39:30,162
13:39:31,164
13:39:32,163
13:39:33,163
13:39:34,163
13:39:35,163
13:39:36,163
13:39:37,163
13:39:38,164
13:39:39,164
13:39:40,163
13:39:41,164
13:39:42,164
13:39:43,164
13:39:44,163
13:39:45,163
13:39:46,162
13:39:47,162
13:39:48,162
13:39:49,164
13:39:50,166
13:39:51,166
13:39:52,166
13:39:53,163
13:39:54,163
13:39:55,164
13:39:56,164
13:39:57,164
13:39:58,163
13:40:00,162
13:40:01,162
13:40:02,161
13:40:03,163
13:40:04,163
13:40:05,165
13:40:06,163
13:40:07,163
13:40:08,164
13:40:09,162
13:40:10,162
13:40:11,162
13:40:12,165
13:40:13,162
13:40:14,162
13:40:15,160
13:40:16,163
13:40:17,163
13:40:18,163
13:40:19,161
13:40:20,161
13:40:21,161
13:40:22,163
13:40:23,163
13:40:24,160
13:40:25,165
13:40:26,165
13:40:27,164
13:40:28,161
13:40:29,161
13:40:30,162
13:40:31,166
13:40:32,166
13:40:33,161
13:40:34,163
13:40:35,163
13:40:36,163
13:40:37,162
13:40:38,162
13:40:39,164
13:40:40,165
13:40:41,165
13:40:42,164
13:40:43,162
13:40:44,162
13:40:45,164
13:40:46,163
13:40:47,163
13:40:48,162
13:40:49,159
13:40:50,159
13:40:51,164
13:40:52,163
13:40:53,163
13:40:54,163
13:40:55,164
13:40:56,164
13:40:57,163
13:40:58,164
13:40:59,162
13:41:00,162
13:41:01,165
13:41:02,166
13:41:03,166
13:41:04,166
13:41:05,164
13:41:06,164
13:41:07,161
13:41:08,163
13:41:09,163
13:41:10,165
13:41:11,163
13:41:12,163
13:41:13,164
13:41:14,161
13:41:15,161
13:41:16,162
13:41:17,162
13:41:18,162
13:41:19,163
13:41:20,160
13:41:21,160
13:41:22,162
13:41:23,163
13:41:24,163
13:41:25,163
13:41:26,164
13:41:27,164
13:41:29,163
13:41:30,163
13:41:31,163
13:41:32,161
13:41:33,163
13:41:34,163
13:41:35,162
13:41:36,156
13:41:37,156
13:41:38,164
13:41:39,165
13:41:40,165
13:41:41,165
13:41:42,164
13:41:43,164
13:41:44,164
13:41:45,162
13:41:46,163
13:41:47,163
13:41:48,165
13:41:49,164
13:41:50,164
13:41:51,163
13:41:52,165
13:41:53,165
13:41:54,162
13:41:55,160
13:41:56,160
13:41:57,165
13:41:58,162
13:41:59,162
13:42:00,160
13:42:01,162
13:42:02,162
13:42:03,162
13:42:04,164
13:42:05,164
13:42:06,163
13:42:07,162
13:42:08,162
13:42:09,161
13:42:10,164
13:42:11,164
13:42:12,163
13:42:13,163
13:42:14,163
13:42:15,163
13:42:16,163
13:42:17,163
13:42:18,161
13:42:19,161
13:42:20,161
13:42:21,162
13:42:22,163
13:42:23,163
13:42:24,163
13:42:25,162
13:42:26,162
13:42:27,165
13:42:28,162
13:42:29,162
13:42:30,163
13:42:31,162
13:42:32,160
13:42:33,160
13:42:34,163
13:42:35,162
13:42:36,162
13:42:37,162
13:42:38,160
13:42:39,160
13:42:40,160
13:42:41,160
13:42:42,160
13:42:43,163
13:42:44,164
13:42:45,164
13:42:46,160
13:42:47,161
13:42:48,161
13:42:49,163
13:42:50,163
13:42:51,163
13:42:52,160
13:42:53,154
13:42:54,154
13:42:56,161
13:42:57,162
13:42:58,162
13:42:59,164
13:43:00,164
13:43:01,164
13:43:02,163
13:43:03,163
13:43:04,163
13:43:05,165
13:43:06,161
13:43:07,161
13:43:08,162
13:43:09,164
13:43:10,164
13:43:11,163
13:43:12,163
13:43:13,163
13:43:14,162
13:43:15,162
13:43:16,163
13:43:17,163
13:43:18,161
13:43:19,163
13:43:20,163
13:43:21,162
13:43:22,163
13:43:23,163
13:43:24,163
13:43:25,162
13:43:26,162
13:43:27,162
13:43:28,164
13:43:29,164
13:43:30,165
13:43:31,164
13:43:32,164
13:43:33,165
13:43:34,163
13:43:35,163
13:43:36,164
13:43:37,159
13:43:38,159
13:43:39,162
13:43:40,163
13:43:41,163
13:43:42,163
13:43:43,164
13:43:44,164
13:43:45,162
13:43:46,163
13:43:47,163
13:43:48,164
13:43:49,164
13:43:50,164
13:43:51,163
13:43:52,163
13:43:53,163
13:43:54,162
13:43:55,161
13:43:56,161
13:43:57,159
13:43:58,163
13:43:59,164
13:44:00,164
13:44:01,161
13:44:02,164
13:44:03,164
13:44:04,164
13:44:05,164
13:44:06,164
13:44:07,163
13:44:08,161
13:44:09,161
13:44:10,165
13:44:11,163
13:44:12,163
13:44:13,161
13:44:14,164
13:44:15,164
13:44:16,162
13:44:18,164
13:44:19,164
13:44:20,164
13:44:21,159
13:44:22,159
13:44:23,162
13:44:24,160
13:44:25,160
13:44:26,162
13:44:27,160
13:44:28,160
13:44:29,159
13:44:30,162
13:44:31,162
13:44:32,159
13:44:33,157
13:44:34,157
13:44:35,161
13:44:36,160
13:44:37,160
13:44:38,162
13:44:39,163
13:44:40,157
13:44:41,157
13:44:42,164
13:44:43,165
13:44:44,165
13:44:45,162
13:44:46,163
13:44:47,163
13:44:48,160
13:44:49,160
13:44:50,160
13:44:51,158
13:44:52,160
13:44:53,160
13:44:54,158
13:44:55,161
13:44:56,161
13:44:57,159
13:44:58,162
13:44:59,162
13:45:00,159
13:45:01,159
13:45:02,159
13:45:03,158
13:45:04,158
13:45:05,158
13:45:06,161
13:45:07,159
13:45:08,159
13:45:09,158
13:45:10,159
13:45:11,159
