timestamp,model,cpu_temp,ram_used_mb,scaling_cur_freq,prefill_tps,decode_tps,prefill_dur_s,decode_dur_s,watts_mean,freq_khz_max_mean,freq_khz_mean_mean,inference_duration_s,tokens_per_joule,eco_efficiency_ce,response_time_s
1788352048,llama3.1:8b,34.0,1105,800000,26.35,11.84,56.577638125163666,25.422361874836348,84.55,2652368.4375,1898208.1625,82.0,0.14003548196333532,1260.3193376700178,82.00000000000001
1788352130,llama3.1:8b,39.0,6516,800000,289.51,11.87,59.5580994093835,2.441900590616497,109.50819672131148,3506682.9516129033,2489198.5322580645,62.0,0.1083937125748503,975.5434131736527,62.0
1788352192,llama3.1:8b,44.0,6517,1600000,277.29,12.11,42.158811333794056,1.8411886662059431,109.44186046511628,3505991.976744186,2469913.7906976743,44.0,0.11065235869103272,995.8712282192946,44.0
1788352236,llama3.1:8b,43.0,6522,1396480,281.03,11.95,56.59352174209844,2.4064782579015636,109.59322033898304,3505157.440677966,2462730.186440678,59.0,0.10903959171048562,981.3563253943706,59.0
1788352295,llama3.1:8b,44.0,6524,799695,274.52,11.9,51.7564415892745,2.2435584107255084,110.16981132075472,3505121.2641509436,2439841.6415094337,54.0,0.10801507107381401,972.1356396643262,54.00000000000001
1788352349,llama3.1:8b,44.0,6528,2101463,276.7,11.97,46.00963037378321,1.9903696262167874,109.35416666666667,3505483.9583333335,2509290.5,48.0,0.10946084968565441,985.1476471708897,48.0
1788352397,llama3.1:8b,47.0,6529,3500000,283.44,11.95,49.89634043129423,2.103659568705779,109.3921568627451,3505521.9215686275,2498601.4901960786,52.0,0.10924000716974368,983.1600645276931,52.00000000000001
1788352449,llama3.1:8b,46.0,6537,1268329,272.2,11.84,54.62399662019434,2.3760033798056615,109.16071428571429,3505050.736842105,2433614.98245614,57.0,0.10846392933093407,976.1753639784067,57.0
1788352506,llama3.1:8b,44.0,6543,1289290,274.54,12.04,42.1514411333659,1.8485588666340984,109.06818181818181,3446017.2325581396,2413217.488372093,44.0,0.1103896645134403,993.5069806209627,44.0
1788352550,llama3.1:8b,46.0,6539,1103298,289.04,11.9,48.98331893400678,2.0166810659932213,109.34,3505846.156862745,2493758.725490196,51.0,0.1088348271446863,979.5134443021766,51.0
1788352601,llama3.1:8b,44.0,6542,1001700,290.41,11.83,50.925522763366864,2.074477236633139,109.88679245283019,3505037.096153846,2442887.5384615385,53.0,0.10765625,968.90625,53.0
1788352654,llama3.1:8b,46.0,6537,1470524,276.06,11.81,55.620523152812034,2.3794768471879673,109.66666666666667,3505248.4827586208,2524038.120689655,58.0,0.10768996960486323,969.209726443769,58.0
1788352712,llama3.1:8b,44.0,6544,2007490,284.78,11.88,52.79747859502461,2.202521404975393,109.74074074074075,3504871.8703703703,2399165.3518518517,55.0,0.10825514681066487,974.2963212959838,55.0
1788352767,llama3.1:8b,46.0,6542,2900943,283.17,11.99,47.00952026019786,1.990479739802141,109.3061224489796,3505276.0408163266,2465925.4285714286,49.0,0.10969193427931292,987.2274085138164,49.0
1788352816,llama3.1:8b,46.0,6537,800000,283.4,11.96,44.137323943661976,1.8626760563380285,109.77777777777777,3507918.4,2485460.888888889,46.0,0.10894736842105264,980.5263157894738,46.00000000000001
1788352862,llama3.1:8b,46.0,6541,3479041,285.65,11.92,42.237456732869575,1.762543267130423,110.20454545454545,3504313.272727273,2452636.4318181816,44.0,0.1081625077335533,973.4625696019798,44.0
1788352906,llama3.1:8b,46.0,6557,871026,285.62,11.88,50.88356302521009,2.116436974789916,109.46153846153847,3506496.596153846,2492293.8076923075,53.0,0.10853127196064652,976.7814476458187,53.0
1788352959,llama3.1:8b,46.0,6551,800000,286.67,11.77,56.67313362819998,2.3268663718000266,109.16949152542372,3506739.881355932,2510987.305084746,59.0,0.10781400403664028,970.3260363297626,59.00000000000001
1788353018,llama3.1:8b,41.0,6546,800000,269.96,11.86,51.72748562912497,2.2725143708750264,109.41509433962264,3505724.6981132077,2531706.0,54.0,0.10839455078461803,975.5509570615623,54.0
1788353072,llama3.1:8b,44.0,6555,2200000,285.14,11.79,56.65732664264304,2.3426733573569525,109.94827586206897,3507191.103448276,2481994.1379310344,59.0,0.10723224086561078,965.090167790497,58.99999999999999
1788353131,llama3.1:8b,44.0,6558,924507,274.59,11.79,58.488686360779376,2.511313639220616,109.73333333333333,3505533.1475409837,2509980.8360655736,61.0,0.1074422843256379,966.9805589307412,60.99999999999999
1788353192,llama3.1:8b,46.0,6557,880895,284.79,11.88,51.837597330367075,2.1624026696329257,109.24074074074075,3505390.2075471696,2544410.3773584906,54.0,0.10875063570096627,978.7557213086964,54.0
1788353246,llama3.1:8b,46.0,6554,1100000,282.5,11.9,48.93851902173913,2.06148097826087,109.22,3506526.4509803923,2513694.725490196,51.0,0.10895440395531954,980.5896355978759,51.0
1788353297,llama3.1:8b,42.0,6554,1426530,279.05,11.92,46.99264528989242,2.0073547101075713,109.24489795918367,3506135.0416666665,2526440.8333333335,49.0,0.10911264711376797,982.0138240239118,48.99999999999999
1788353346,llama3.1:8b,46.0,6553,1196891,272.65,11.94,55.566604589057945,2.433395410942057,108.85964912280701,3505084.603448276,2526320.5517241377,58.0,0.10968251410153103,987.1426269137793,58.0
1788353404,llama3.1:8b,46.0,6551,1143928,276.91,11.94,39.30521031677341,1.694789683226588,109.95121951219512,3506015.65,2388990.675,41.0,0.10859361135758651,977.3425022182786,41.0
1788353445,llama3.1:8b,44.0,6550,1900000,268.26,11.75,60.356344416270844,2.643655583729153,109.24193548387096,3505741.126984127,2517925.603174603,63.0,0.10755942713716227,968.0348442344605,63.0
1788353508,llama3.1:8b,44.0,6551,1306772,266.25,11.9,46.90364911019235,2.096350889807658,109.16666666666667,3505979.3125,2526192.9375,49.0,0.10900763358778626,981.0687022900763,49.00000000000001
1788353557,llama3.1:8b,46.0,6550,1397027,275.49,11.86,49.85376718287802,2.146232817121976,109.59615384615384,3505457.903846154,2551932.4615384615,52.0,0.10821547639936831,973.9392875943148,52.0
1788353609,llama3.1:8b,44.0,6547,1437845,286.15,11.82,53.7785683122462,2.221431687753801,109.14545454545454,3506180.654545455,2639919.672727273,56.0,0.10829585207396303,974.6626686656673,56.0
1788353665,llama3.1:8b,44.0,6547,1798676,286.88,11.87,48.97365690376569,2.0263430962343096,110.06,3504160.705882353,2456139.9607843137,51.0,0.10785026349264037,970.6523714337633,51.0
1788353716,llama3.1:8b,46.0,6553,1897100,276.89,11.94,41.22241456912371,1.777585430876294,109.25581395348837,3503792.738095238,2438547.3571428573,43.0,0.10928480204342272,983.5632183908045,43.0
1788353759,llama3.1:8b,46.0,6547,1474338,285.8,11.82,53.775955916941065,2.224044083058934,109.14545454545454,3505682.6428571427,2527957.089285714,56.0,0.10829585207396303,974.6626686656673,56.0
1788353815,llama3.1:8b,44.0,6559,1795522,290.59,11.77,57.664373594390796,2.335626405609208,109.43333333333334,3505535.8474576273,2524123.8474576273,60.0,0.10755406640268046,967.9865976241241,60.0
1788353875,llama3.1:8b,44.0,6554,1594822,280.58,11.88,49.88771113998496,2.112288860015045,109.6470588235294,3505195.096153846,2520350.5576923075,52.0,0.10834763948497855,975.128755364807,52.0
1788353927,llama3.1:8b,44.0,6549,1452857,271.55,11.88,45.98807465688177,2.0119253431182305,109.25,3506999.936170213,2462320.0212765955,48.0,0.10874141876430207,978.6727688787187,48.0
1788353975,llama3.1:8b,46.0,6544,2249180,284.06,11.81,53.76469395342549,2.235306046574509,110.03636363636363,3505917.6964285714,2460056.5535714286,56.0,0.10732815598149373,965.9534038334436,56.0
1788354031,llama3.1:8b,44.0,6587,817847,285.58,11.93,42.23562233202245,1.764377667977547,109.5813953488372,3507259.604651163,2541278.581395349,44.0,0.1088688455008489,979.8196095076402,44.0
1788354075,llama3.1:8b,44.0,6581,1500000,273.32,11.83,56.55227073470104,2.4477292652989657,109.44067796610169,3504527.813559322,2410055.13559322,59.0,0.10809509059934955,972.8558153941459,59.00000000000001
1788354134,llama3.1:8b,44.0,6577,1373554,275.02,11.81,55.61189554788551,2.388104452114493,109.33333333333333,3504979.403508772,2485535.8421052634,58.0,0.10801829268292684,972.1646341463415,58.0
1788354192,llama3.1:8b,46.0,6569,1796706,276.05,11.83,52.73985688481312,2.2601431151868834,109.98148148148148,3506637.9454545453,2512557.4363636365,55.0,0.10756356288937531,968.0720660043778,55.00000000000001
1788354247,llama3.1:8b,46.0,6565,1224424,283.09,11.81,52.797388945405224,2.202611054594778,109.50909090909092,3506345.2592592593,2429637.4814814813,55.0,0.10784492777685539,970.6043499916985,55.0
1788354302,llama3.1:8b,44.0,6553,2000000,273.98,11.81,53.68585324888904,2.3141467511109557,109.54545454545455,3505412.272727273,2541851.4363636365,56.0,0.1078091286307054,970.2821576763486,55.99999999999999
1788354358,llama3.1:8b,46.0,6561,1200000,274.22,11.79,54.65032691164644,2.3496730883535535,109.10526315789474,3505839.736842105,2540378.0,57.0,0.10806078147612155,972.5470332850939,56.99999999999999
1788354415,llama3.1:8b,44.0,6546,1662631,277.78,11.97,46.97573770491803,2.0242622950819675,109.70833333333333,3504436.3958333335,2537223.7291666665,49.0,0.10910748195974175,981.9673376376758,49.0
1788354464,llama3.1:8b,40.0,6560,1898587,279.79,11.93,45.07791718085836,1.9220828191416426,109.3913043478261,3506786.8723404254,2442465.936170213,47.0,0.10905802861685214,981.5222575516693,47.0
1788354511,llama3.1:8b,46.0,6559,1991300,285.88,11.94,55.674702840642,2.3252971593580014,109.6896551724138,3505490.49122807,2471328.50877193,58.0,0.1088525620873939,979.673058786545,58.0
1788354569,llama3.1:8b,46.0,6559,1041137,290.34,11.98,45.13753638528711,1.862463614712887,109.8913043478261,3506373.276595745,2451129.638297872,47.0,0.10901681503461919,981.1513353115727,47.0
1788354616,llama3.1:8b,46.0,6556,3395014,281.14,11.88,49.891748003549246,2.1082519964507545,109.46153846153847,3504101.8235294116,2490531.098039216,52.0,0.10853127196064652,976.7814476458187,52.0
1788354668,llama3.1:8b,46.0,6568,2176202,286.95,11.87,47.053577404457535,1.9464225955424668,109.79166666666667,3465706.1224489794,2491551.6326530613,49.0,0.10811385199240986,973.0246679316888,49.0
1788354717,llama3.1:8b,44.0,6556,1088103,295.34,11.9,50.94720739487046,2.052792605129541,109.65384615384616,3505795.653846154,2492163.7115384615,53.0,0.1085233251490705,976.7099263416344,53.0
1788354770,llama3.1:8b,44.0,6556,1893506,289.73,11.98,45.13377083954791,1.8662291604520895,109.29787234042553,3506266.5531914895,2543085.6808510637,47.0,0.10960872104341056,986.478489390695,47.0
1788354817,llama3.1:8b,46.0,6543,1219455,276.97,11.69,66.20567449594678,2.794325504053211,109.26470588235294,3505355.6029411764,2504683.4264705884,69.0,0.1069878869448183,962.8909825033646,68.99999999999999
1788354886,llama3.1:8b,44.0,6552,1202242,276.31,11.9,52.72908643003366,2.270913569966344,109.87037037037037,3504416.6,2431693.1454545455,55.0,0.10830945558739255,974.785100286533,55.00000000000001
1788354941,llama3.1:8b,42.0,6559,2547232,272.07,11.81,60.37906862054389,2.6209313794561084,109.88888888888889,3505132.0967741935,2471806.564516129,63.0,0.1074721941354904,967.2497472194137,63.0
1788355004,llama3.1:8b,44.0,6560,1384963,282.75,11.82,53.752927996741015,2.247072003258988,112.87272727272727,3504433.5272727273,2487990.4909090907,56.0,0.10471971649484536,942.4774484536082,56.0
1788355060,llama3.1:8b,47.0,6816,3500000,281.64,11.8,60.46660305343511,2.533396946564886,110.91935483870968,3506560.634920635,2462438.4444444445,63.0,0.10638359749890941,957.4523774901847,62.99999999999999
1788355123,llama3.1:8b,46.0,6590,1133745,279.85,11.86,49.88584553152103,2.1141544684789686,109.48076923076923,3505783.4901960786,2495580.0,52.0,0.10832952748989988,974.965747409099,52.0
1788355175,llama3.1:8b,41.0,6575,1100000,291.63,12.02,35.53535320270048,1.4646467972995225,109.97222222222223,3506284.243243243,2480965.189189189,37.0,0.10930032836574892,983.7029552917402,37.0
1788355212,llama3.1:8b,44.0,6576,2344015,268.06,11.94,56.48407142857143,2.5159285714285713,109.71186440677967,3505992.8620689656,2426085.1551724137,59.0,0.1088305268036459,979.4747412328131,59.00000000000001
1788355271,llama3.1:8b,46.0,6565,999239,278.22,11.95,47.94086225316194,2.05913774683806,109.87755102040816,3505729.74,2435453.34,50.0,0.10875742942050519,978.8168647845466,50.0
1788355321,llama3.1:8b,46.0,6576,1306470,275.03,11.97,49.83121951219511,2.168780487804878,109.63461538461539,3504530.7843137253,2509323.470588235,52.0,0.10918084546570778,982.62760919137,51.99999999999999
1788355373,llama3.1:8b,44.0,6571,1600000,274.77,11.86,49.848375955064014,2.1516240449359803,109.47058823529412,3506409.230769231,2507780.1923076925,52.0,0.10833960236432025,975.0564212788822,51.99999999999999
1788355425,llama3.1:8b,44.0,6568,1554016,282.12,11.78,56.635182034705686,2.364817965294318,108.6896551724138,3505891.2413793104,2430955.6379310344,59.0,0.10838197969543147,975.4378172588831,59.00000000000001
1788355484,llama3.1:8b,44.0,6570,1109101,289.47,11.76,64.38432427049099,2.615675729509013,109.66666666666667,3504832.029850746,2455465.776119403,67.0,0.10723404255319148,965.1063829787232,67.0
1788355551,llama3.1:8b,46.0,6566,1591201,275.95,11.93,48.88651521467278,2.1134847853272194,109.45098039215686,3506900.88,2462517.62,51.0,0.10899856682192761,980.9871013973486,50.99999999999999
1788355602,llama3.1:8b,44.0,6559,1260989,272.86,11.91,44.07613161498753,1.923868385012466,109.8,3506897.6739130435,2478173.065217391,46.0,0.10846994535519126,976.2295081967214,46.0
1788355648,llama3.1:8b,41.0,6569,1102743,286.1,11.83,51.855805054878665,2.1441949451213373,109.18518518518519,3505682.132075472,2503346.5283018867,54.0,0.10834803256445047,975.1322930800542,54.0
1788355702,llama3.1:8b,46.0,6568,1327099,275.62,11.89,47.932245834927485,2.0677541650725195,109.6938775510204,3504249.76,2473630.36,50.0,0.10839255813953488,975.5330232558139,50.00000000000001
1788355752,llama3.1:8b,42.0,6573,1205621,286.97,11.87,49.934546914736984,2.0654530852630164,109.42307692307692,3505791.31372549,2443130.156862745,52.0,0.10847803163444639,976.3022847100174,52.0
1788355804,llama3.1:8b,44.0,6571,1100000,282.56,11.95,54.68717530813895,2.3128246918610573,109.75,3507077.052631579,2466227.5263157897,57.0,0.10888382687927106,979.9544419134395,57.00000000000001
1788355861,llama3.1:8b,44.0,6569,1078757,282.44,12.06,46.03436332767402,1.9656366723259762,110.02127659574468,3505500.1063829786,2474121.425531915,48.0,0.10961516147747051,986.5364532972345,48.0
1788355909,llama3.1:8b,46.0,6563,1485993,279.69,11.95,50.82831573172405,2.1716842682759565,109.75471698113208,3506976.6226415094,2493247.6415094337,53.0,0.10887914732680075,979.9123259412067,53.0
1788355962,llama3.1:8b,46.0,6561,1978396,287.19,11.92,51.84801578014777,2.151984219852228,108.73584905660377,3505450.4716981133,2446574.9245283017,54.0,0.10962346000347042,986.6111400312338,54.0
1788356016,llama3.1:8b,46.0,6570,1995614,289.22,11.89,47.06512570157086,1.9348742984291454,109.36734693877551,3505294.3469387754,2515691.1224489794,49.0,0.10871617839149095,978.4456055234185,49.0
1788356065,llama3.1:8b,46.0,6578,1691709,284.58,11.93,44.14920238777781,1.850797612222185,109.88888888888889,3506335.488888889,2539396.0,46.0,0.10856420626895855,977.077856420627,46.0
1788356111,llama3.1:8b,44.0,6573,1558501,282.75,11.88,54.7016597087873,2.2983402912127073,109.17857142857143,3503822.2280701753,2471389.5789473685,57.0,0.10881256133464182,979.3130520117763,57.00000000000001
1788356168,llama3.1:8b,46.0,6576,3515486,285.42,11.95,43.19164677001715,1.8083532299828493,109.37777777777778,3505142.1363636362,2480716.7045454546,45.0,0.10925436814303129,983.2893132872815,45.0
1788356213,llama3.1:8b,46.0,6573,898919,290.01,11.81,55.730501623484194,2.2694983765158043,109.71929824561404,3507121.9482758623,2456851.8620689656,58.0,0.10763831148065238,968.7448033258714,58.0
1788356271,llama3.1:8b,46.0,6562,1088421,268.21,11.79,56.515678571428566,2.4843214285714286,109.55932203389831,3506279.2413793104,2512187.0517241377,59.0,0.10761293316831681,968.5163985148513,58.99999999999999
1788356330,llama3.1:8b,42.0,6567,3463580,286.03,11.92,50.87964423561,2.1203557643899984,109.40384615384616,3505623.846153846,2515443.3846153845,53.0,0.10895412198980488,980.5870979082439,53.0
1788356383,llama3.1:8b,44.0,6563,1068757,284.85,11.86,51.84152876546123,2.1584712345387747,109.60377358490567,3504247.962962963,2481912.407407407,54.0,0.10820795317610603,973.8715785849542,54.0
1788356437,llama3.1:8b,46.0,6568,2700000,278.09,11.85,56.58863902876457,2.4113609712354283,109.08474576271186,3505628.724137931,2468271.396551724,59.0,0.10863113735239278,977.6802361715351,59.0
1788356496,llama3.1:8b,46.0,6573,1466795,287.5,11.91,49.93153201295881,2.068467987041181,109.29411764705883,3505801.8653846155,2421840.346153846,52.0,0.10897201291711518,980.7481162540366,51.99999999999999
1788356548,llama3.1:8b,41.0,6558,1534827,294.09,11.94,52.854131947848245,2.1458680521517497,109.29629629629629,3504355.092592593,2441242.5555555555,55.0,0.10924432395798035,983.1989156218231,54.99999999999999
1788356603,llama3.1:8b,46.0,6567,2275355,286.49,11.96,45.11653543307087,1.883464566929134,109.48936170212765,3505967.0425531915,2425149.8085106383,47.0,0.1092343567819666,983.1092110376993,47.00000000000001
1788356650,llama3.1:8b,44.0,6566,890992,274.79,11.79,55.61386000418731,2.386139995812687,109.64912280701755,3505995.192982456,2552257.0701754387,58.0,0.10752479999999999,967.7231999999999,57.99999999999999
1788356708,llama3.1:8b,46.0,6565,1884605,278.1,11.84,54.67234600262123,2.3276539973787678,109.24561403508773,3506745.964912281,2478477.8421052634,57.0,0.10837963706439697,975.4167335795728,57.0
1788356765,llama3.1:8b,44.0,6548,2001517,277.88,11.88,48.90902816123689,2.0909718387631147,109.34,3505607.5,2478685.46,51.0,0.10865191146881288,977.867203219316,51.00000000000001
1788356816,llama3.1:8b,44.0,6555,986713,289.01,11.91,48.98149009703575,2.018509902964243,109.5,3504566.1960784313,2495834.901960784,51.0,0.10876712328767123,978.904109589041,50.99999999999999
1788356867,llama3.1:8b,44.0,6571,1400000,284.89,11.98,46.06299053457742,1.9370094654225756,109.4375,3505846.8723404254,2439350.14893617,48.0,0.10946887492861222,985.21987435751,48.0
1788356915,llama3.1:8b,47.0,6568,3523648,282.32,11.84,51.82648898558608,2.1735110144139247,109.50943396226415,3506402.4444444445,2459424.8333333335,54.0,0.10811853893866298,973.0668504479669,54.00000000000001
1788356969,llama3.1:8b,46.0,6573,1385676,287.91,11.74,63.41418321374937,2.5858167862506254,109.55384615384615,3504361.3846153845,2489580.0153846154,66.0,0.10716191546131162,964.4572391518046,66.0
1788357035,llama3.1:8b,41.0,6563,799341,280.21,11.84,53.729703817839415,2.270296182160589,109.82142857142857,3505946.7321428573,2440924.2678571427,56.0,0.10781138211382114,970.3024390243903,56.0
1788357091,llama3.1:8b,42.0,6569,1172598,270.11,11.91,45.01514077015814,1.9848592298418548,109.54347826086956,3507031.434782609,2459366.434782609,47.0,0.10872395316531058,978.5155784877953,46.99999999999999
1788357138,llama3.1:8b,46.0,6572,3511254,281.77,11.92,48.93006231059961,2.0699376894003882,109.0,3505283.588235294,2506558.5098039214,51.0,0.10935779816513762,984.2201834862385,51.0
1788357189,llama3.1:8b,46.0,6565,1863571,279.57,11.91,50.83439687114038,2.1656031288596127,109.40384615384616,3506362.480769231,2483947.6923076925,53.0,0.10886271752504834,979.764457725435,52.99999999999999
1788357242,llama3.1:8b,44.0,6573,800000,282.48,11.86,53.74356186722837,2.256438132771624,109.35714285714286,3505968.589285714,2542006.3035714286,56.0,0.10845199216198562,976.0679294578705,56.0
1788357298,llama3.1:8b,42.0,6568,1687234,274.75,11.92,55.58830711270799,2.411692887292008,109.50877192982456,3505180.9298245613,2421835.192982456,58.0,0.10884972765139378,979.6475488625441,57.99999999999999
1788357356,llama3.1:8b,46.0,6579,2315131,282.7,11.97,41.25326636576509,1.7467336342349067,110.26190476190476,3506034.88372093,2453902.465116279,43.0,0.10855970632692724,977.0373569423452,43.0
1788357399,llama3.1:8b,46.0,6566,3047826,273.27,11.93,45.03397615708275,1.9660238429172512,110.04255319148936,3504108.8695652173,2401016.717391304,47.0,0.10841260634184068,975.7134570765661,47.0
1788357446,llama3.1:8b,46.0,6568,1531757,286.03,11.88,48.96623141217146,2.0337685878285394,109.56,3505138.1960784313,2500945.882352941,51.0,0.10843373493975904,975.9036144578313,51.0
1788357497,llama3.1:8b,46.0,6567,1186909,271.36,11.83,53.66065185917582,2.3393481408241814,109.19642857142857,3504083.6363636362,2453493.6,56.0,0.10833687653311529,975.0318887980376,56.0
1788357553,llama3.1:8b,47.0,6575,1200000,270.85,11.9,45.02192749778957,1.978072502210433,109.76086956521739,3502640.510638298,2473551.212765957,47.0,0.10841750841750843,975.7575757575759,47.0
1788357600,llama3.1:8b,46.0,6569,1598743,271.81,11.83,51.747778874629816,2.2522211253701876,109.52830188679245,3505397.867924528,2500849.603773585,54.0,0.10800861326442722,972.0775193798451,54.0
1788357654,llama3.1:8b,46.0,6574,1830123,287.35,11.85,54.742479946524064,2.257520053475935,109.24561403508773,3504859.3928571427,2448430.125,57.0,0.10847117392002568,976.2405652802311,57.0
1788357711,llama3.1:8b,46.0,6575,1189466,278.86,11.99,42.18614406051229,1.8138559394877083,109.48837209302326,3506650.522727273,2471355.159090909,44.0,0.10950934579439252,985.5841121495326,44.0
1788357755,llama3.1:8b,46.0,6558,1199709,273.52,12.1,31.60198865625656,1.3980113437434354,109.51515151515152,3504472.3333333335,2488609.5757575757,33.0,0.11048699501936912,994.3829551743221,32.99999999999999
1788357788,llama3.1:8b,44.0,6554,956321,294.95,11.92,47.096653305960174,1.9033466940398214,109.77083333333333,3504832.7916666665,2481201.4583333335,49.0,0.10858986524957298,977.3087872461568,48.99999999999999
1788357837,llama3.1:8b,48.0,6560,2000000,285.57,12.04,42.21995228654951,1.7800477134504888,109.04545454545455,3506503.772727273,2425417.5681818184,44.0,0.11041267194664442,993.7140475197998,43.99999999999999
1788357881,llama3.1:8b,44.0,6563,1359143,286.65,11.91,45.12510048231511,1.8748995176848873,109.15217391304348,3505406.065217391,2438900.282608696,47.0,0.10911372236606254,982.0235012945628,47.0
1788357928,llama3.1:8b,42.0,6565,1386064,290.0,11.84,50.92101775775246,2.0789822422475486,109.37735849056604,3505789.5283018867,2449756.396226415,53.0,0.10824909435915128,974.2418492323616,53.00000000000001
1788357981,llama3.1:8b,46.0,6564,1322828,291.93,12.12,40.3258016773557,1.6741983226443018,109.4390243902439,3504171.7804878047,2444818.3902439023,42.0,0.11074660129262313,996.7194116336083,42.0
1788358023,llama3.1:8b,41.0,6569,1400000,288.81,11.93,52.818215069495245,2.181784930504755,109.41818181818182,3506004.690909091,2414592.0545454547,55.0,0.10903123961448986,981.2811565304088,55.0
1788358078,llama3.1:8b,46.0,6574,1400000,283.79,11.9,50.86702289560012,2.1329771043998784,108.96153846153847,3505419.0,2416901.2884615385,53.0,0.10921284857042005,982.9156371337804,53.0
1788358131,llama3.1:8b,44.0,6570,1363224,284.01,11.9,51.82839376837552,2.1716062316244806,109.73584905660377,3504587.222222222,2466629.296296296,54.0,0.10844222833562586,975.9800550206327,54.0
1788358185,llama3.1:8b,43.0,6576,1389108,277.22,11.83,61.38066078533126,2.6193392146687424,109.66666666666667,3505662.4285714286,2522436.619047619,64.0,0.10787234042553191,970.8510638297871,64.0
1788358249,llama3.1:8b,44.0,6574,1262474,280.7,11.89,55.64305000170888,2.3569499982911246,109.70689655172414,3504628.0862068967,2433218.275862069,58.0,0.10837969511236838,975.4172560113153,58.0
1788358307,llama3.1:8b,42.0,6572,1892116,274.97,11.88,47.9292313055604,2.0707686944396024,109.22448979591837,3503894.551020408,2465837.7346938774,50.0,0.10876681614349776,978.9013452914799,50.0
1788358357,llama3.1:8b,42.0,6570,1316847,289.19,11.91,45.14091663899036,1.8590833610096311,109.1063829787234,3506457.5319148935,2548642.1914893617,47.0,0.10915951638065523,982.4356474258971,46.99999999999999
1788358404,llama3.1:8b,46.0,6574,1372695,284.69,11.94,50.86663520210363,2.1333647978963692,109.26923076923077,3504060.019230769,2444565.653846154,53.0,0.10927138331573388,983.442449841605,53.0
1788358457,llama3.1:8b,46.0,6571,898423,278.86,11.8,52.767150622720706,2.2328493772792952,109.68518518518519,3506119.0545454547,2473301.0,55.0,0.10758061793010298,968.2255613709269,55.0
1788358512,llama3.1:8b,42.0,6577,1221702,270.47,11.77,60.37276785714286,2.627232142857143,109.34920634920636,3504840.0,2426088.290322581,63.0,0.10763681230947887,968.7313107853099,63.00000000000001
1788358575,llama3.1:8b,44.0,6580,2300000,280.33,11.88,46.048526744464596,1.951473255535403,109.91489361702128,3504188.0625,2475469.5,48.0,0.1080836236933798,972.7526132404183,48.0
1788358623,llama3.1:8b,42.0,6577,800000,286.63,11.92,52.804052922458546,2.19594707754145,109.27272727272727,3507773.5185185187,2541937.8518518517,55.0,0.10908485856905159,981.7637271214643,54.99999999999999
1788358678,llama3.1:8b,48.0,6577,2471676,277.95,11.97,52.72920115894039,2.2707988410596025,109.18518518518519,3505905.1666666665,2514088.796296296,55.0,0.1096302578018996,986.6723202170964,54.99999999999999
1788358733,llama3.1:8b,46.0,6568,1402892,287.47,11.89,53.77578834847675,2.2242116515232495,109.45454545454545,3506040.9285714286,2465484.6964285714,56.0,0.1086295681063123,977.6661129568107,56.0
1788358789,llama3.1:8b,46.0,6572,3091875,284.01,11.83,52.80066928069227,2.199330719307734,109.58181818181818,3506406.537037037,2499457.796296296,55.0,0.10795586527293845,971.6027874564461,55.0
1788358844,llama3.1:8b,44.0,6561,1139106,285.8,11.9,48.96137050722204,2.0386294927779645,109.22,3505175.137254902,2420787.588235294,51.0,0.10895440395531954,980.5896355978759,51.00000000000001
1788358895,llama3.1:8b,44.0,6567,800000,288.02,11.84,54.74934969652505,2.250650303474955,109.48214285714286,3506521.8214285714,2542024.3571428573,57.0,0.10814549013211547,973.3094111890392,57.00000000000001
1788358952,llama3.1:8b,46.0,6571,3505564,288.69,11.82,50.91534391534392,2.0846560846560847,109.47169811320755,3505414.3584905663,2559523.566037736,53.0,0.10797311271975181,971.7580144777662,53.0
1788359005,llama3.1:8b,44.0,6574,864381,275.47,11.86,47.936170953259314,2.0638290467406812,109.38775510204081,3507351.775510204,2463585.387755102,50.0,0.10842164179104477,975.794776119403,49.99999999999999
1788359055,llama3.1:8b,46.0,6583,1623952,283.07,11.79,55.68086549548938,2.3191345045106146,109.75862068965517,3506600.603448276,2460932.4827586208,58.0,0.10741753063147973,966.7577756833176,57.99999999999999
1788359113,llama3.1:8b,42.0,6584,1582424,273.72,11.79,54.64621204160974,2.3537879583902486,109.85714285714286,3505717.3035714286,2547350.910714286,57.0,0.10732119635890766,965.890767230169,56.99999999999999
1788359170,llama3.1:8b,44.0,6577,1900000,285.96,11.8,56.66187533584094,2.3381246641590545,109.43103448275862,3506249.338983051,2510844.406779661,59.0,0.10783047108870333,970.4742397983299,58.99999999999999
1788359229,llama3.1:8b,46.0,6577,2166818,280.16,11.82,54.69251318583465,2.3074868141653537,109.6842105263158,3506663.214285714,2462717.714285714,57.0,0.10776391554702495,969.8752399232246,57.0
1788359286,llama3.1:8b,44.0,6566,3119834,274.66,11.78,57.53246753246754,2.4675324675324672,109.16949152542372,3504811.305084746,2504111.7118644067,60.0,0.10790560471976401,971.150442477876,60.00000000000001
1788359346,llama3.1:8b,46.0,6575,800000,288.24,11.82,53.79404119176165,2.2059588082383526,109.58181818181818,3505494.214285714,2508352.8571428573,56.0,0.10786460925833749,970.7814833250374,56.0
1788359402,llama3.1:8b,46.0,6572,1480060,284.64,11.96,50.86284558327715,2.137154416722859,110.05660377358491,3504613.480769231,2513046.480769231,53.0,0.10867135264872278,978.0421738385052,53.00000000000001
1788359455,llama3.1:8b,47.0,6576,3500000,282.8,12.02,47.00223865409403,1.9977613459059764,110.29166666666667,3506756.9795918367,2455245.5714285714,49.0,0.10898375519455987,980.8537967510389,49.00000000000001
1788359504,llama3.1:8b,46.0,6576,3477707,280.37,11.81,54.69604353480731,2.3039564651926896,109.26785714285714,3506984.8035714286,2489067.910714286,57.0,0.10808302010132376,972.7471809119138,57.0
1788359561,llama3.1:8b,46.0,6579,1773362,268.08,11.9,59.36481177226945,2.6351882277305525,109.66129032258064,3505058.0483870967,2489164.1129032257,62.0,0.10851595822915136,976.6436240623622,62.0
1788359623,llama3.1:8b,41.0,6565,1100000,280.82,11.96,47.957510758931626,2.0424892410683793,109.79591836734694,3504336.6326530613,2488230.1836734693,50.0,0.10892936802973978,980.364312267658,50.00000000000001
1788359673,llama3.1:8b,46.0,6572,866164,282.1,11.94,47.96966399129371,2.030336008706298,109.42857142857143,3505444.84,2424634.36,50.0,0.10911227154046997,982.0104438642297,50.00000000000001
1788359723,llama3.1:8b,44.0,6574,808155,280.75,11.86,51.81128464509074,2.188715354909265,109.62962962962963,3504917.0188679243,2488130.6226415094,54.0,0.10818243243243242,973.6418918918918,54.0
1788359777,llama3.1:8b,46.0,6574,1800000,294.52,12.04,44.19337160751565,1.8066283924843423,108.93333333333334,3507017.413043478,2407799.086956522,46.0,0.11052631578947367,994.736842105263,45.99999999999999
1788359823,llama3.1:8b,41.0,6573,1887989,288.41,11.93,48.01391756009855,1.986082439901445,108.84,3486143.2653061226,2504383.9183673467,50.0,0.10961043733921352,986.4939360529218,49.99999999999999
1788359873,llama3.1:8b,46.0,6575,3000000,285.12,11.83,53.76905202896111,2.2309479710388955,109.2,3505273.6428571427,2447662.6785714286,56.0,0.10833333333333334,975.0,56.00000000000001
1788359929,llama3.1:8b,44.0,6577,1202816,271.61,11.82,51.74801538298698,2.251984617013019,108.94339622641509,3506470.320754717,2579846.886792453,54.0,0.10849670938690684,976.4703844821614,54.0
1788359983,llama3.1:8b,46.0,6580,1900000,287.91,11.84,47.064520433694746,1.9354795663052544,109.3265306122449,3504962.3061224488,2471705.551020408,49.0,0.10829942131790181,974.6947918611163,49.0
1788360032,llama3.1:8b,46.0,6575,1983457,281.71,11.91,46.052993665281655,1.9470063347183433,109.74468085106383,3507328.8723404254,2551728.234042553,48.0,0.10852462194649089,976.721597518418,48.0
1788360080,llama3.1:8b,46.0,6561,1200000,288.23,11.9,48.01752573884651,1.9824742611535002,109.36,3505251.42,2437907.4,50.0,0.10881492318946599,979.334308705194,50.00000000000001
1788360130,llama3.1:8b,46.0,6562,1564427,289.24,11.83,50.917461055568474,2.0825389444315276,109.38461538461539,3506288.9423076925,2509833.423076923,53.0,0.10815049226441631,973.3544303797468,53.0
1788360183,llama3.1:8b,44.0,6575,1403456,274.16,11.98,40.24156007548752,1.758439924512476,108.9047619047619,3504647.9523809524,2470703.0476190476,42.0,0.11000437254044601,990.0393528640141,41.99999999999999
1788360225,llama3.1:8b,46.0,6576,1080471,287.88,11.8,58.59810464495462,2.401895355045382,109.91666666666667,3504625.6666666665,2493334.35,61.0,0.10735405610310841,966.1865049279758,61.0
1788360286,llama3.1:8b,46.0,6579,1658394,284.91,11.92,55.67085537176161,2.329144628238385,108.96491228070175,3507561.5517241377,2428299.7586206896,58.0,0.10939301239735952,984.5371115762356,58.0
1788360344,llama3.1:8b,46.0,6578,1526800,283.2,11.93,49.898011045979736,2.1019889540202623,109.32692307692308,3506364.8235294116,2527728.9215686275,52.0,0.10912225153913807,982.1002638522426,52.0
1788360396,llama3.1:8b,46.0,6560,1800000,277.31,12.05,43.12603677080453,1.8739632291954658,109.5909090909091,3504783.577777778,2452051.822222222,45.0,0.10995437577768562,989.5893819991705,45.0
1788360441,llama3.1:8b,42.0,6572,800000,283.99,11.98,49.895192080278406,2.104807919721593,109.76923076923077,3506383.705882353,2467225.431372549,52.0,0.10913805185704274,982.2424667133846,52.0
1788360493,llama3.1:8b,46.0,6568,1370549,283.63,11.97,46.056292286874154,1.9437077131258458,109.55319148936171,3506501.5833333335,2503621.7916666665,48.0,0.1092619926199262,983.3579335793358,48.0
1788360541,llama3.1:8b,46.0,6571,1269728,286.64,11.86,55.69554438860971,2.3044556113902845,109.0,3505944.807017544,2496546.596491228,58.0,0.10880733944954128,979.2660550458714,57.99999999999999
1788360599,llama3.1:8b,46.0,6578,1794682,278.73,11.79,61.402726146220566,2.5972738537794293,108.875,3505605.5,2493451.90625,64.0,0.10828932261768082,974.6039035591274,63.99999999999999
1788360663,llama3.1:8b,44.0,6579,1845029,284.29,11.91,53.74827819041188,2.251721809588116,108.74545454545455,3504661.5272727273,2554058.8727272726,56.0,0.10952181909379702,985.6963718441731,56.0
1788360719,llama3.1:8b,46.0,6584,1030666,285.04,12.0,41.262860220845674,1.7371397791543224,109.33333333333333,3505830.7441860465,2510293.906976744,43.0,0.10975609756097561,987.8048780487806,43.0
1788360762,llama3.1:8b,46.0,6567,1287637,280.95,11.91,55.64126203646793,2.3587379635320627,109.10344827586206,3506115.8421052634,2454467.3157894737,58.0,0.10916245259165613,982.4620733249052,57.99999999999999
1788360820,llama3.1:8b,46.0,6573,1321603,276.5,11.98,49.84054353854686,2.1594564614531335,109.33333333333333,3506044.431372549,2440455.137254902,52.0,0.10957317073170733,986.1585365853659,51.99999999999999
1788360872,llama3.1:8b,44.0,6573,1200000,285.76,11.93,46.07638818905573,1.923611810944271,109.20833333333333,3504987.6458333335,2478528.4791666665,48.0,0.10924074780618084,983.1667302556276,48.0
1788360920,llama3.1:8b,46.0,6572,1772889,282.48,12.01,40.287140480152125,1.7128595198478724,109.2439024390244,3504973.404761905,2457575.738095238,42.0,0.1099374860459924,989.4373744139317,42.0
1788360962,llama3.1:8b,44.0,6571,900407,280.53,11.85,48.93299815308844,2.067001846911553,109.62745098039215,3507064.02,2546199.36,51.0,0.10809336433553926,972.8402790198534,50.99999999999999
1788361013,llama3.1:8b,46.0,6568,1600000,279.34,11.87,46.043473781806945,1.9565262181930567,109.74468085106383,3505108.9583333335,2410592.6041666665,48.0,0.10816013958898797,973.4412563008917,48.0
1788361061,llama3.1:8b,46.0,6568,1233799,286.74,11.9,48.007634610233055,1.9923653897669436,109.86,3505318.163265306,2455276.7551020407,50.0,0.10831967959220827,974.8771163298744,50.0
1788361111,llama3.1:8b,42.0,6566,1585688,277.21,11.87,49.86481250864813,2.135187491351875,109.74509803921569,3504828.3076923075,2528410.326923077,52.0,0.10815972842594246,973.4375558334822,52.0
1788361163,llama3.1:8b,46.0,6572,1586377,283.25,11.84,55.6728455725372,2.3271544274628084,109.56140350877193,3508297.9122807016,2471669.456140351,58.0,0.10806725380304243,972.6052842273817,58.00000000000001
1788361221,llama3.1:8b,44.0,6604,1100000,280.58,11.85,50.85230653489723,2.1476934651027593,109.9245283018868,3505183.9245283017,2465030.0943396227,53.0,0.10780123583934088,970.211122554068,52.99999999999999
1788361274,llama3.1:8b,44.0,6594,799676,282.47,11.84,49.908056131290145,2.0919438687098637,109.58823529411765,3506158.725490196,2535706.3333333335,52.0,0.108040794417606,972.367149758454,52.00000000000001
1788361326,llama3.1:8b,44.0,6597,1361943,285.88,11.78,53.78378015185111,2.216219848148895,109.6,3504729.5636363635,2498124.5272727273,56.0,0.10748175182481752,967.3357664233577,56.00000000000001
1788361382,llama3.1:8b,41.0,6579,1060401,283.73,11.88,48.95040763167687,2.0495923683231285,109.33333333333333,3505420.2156862747,2501220.1764705884,51.0,0.10865853658536587,977.9268292682927,50.99999999999999
1788361433,llama3.1:8b,44.0,6578,1509613,286.78,11.83,52.82107096212451,2.17892903787549,109.0,3504669.6481481483,2513967.7592592593,55.0,0.10853211009174311,976.7889908256881,55.0
1788361488,llama3.1:8b,46.0,6572,2900000,288.93,11.9,41.29903932453546,1.7009606754645483,109.3953488372093,3504566.3255813955,2544271.6279069767,43.0,0.1087797619047619,979.0178571428571,43.00000000000001
1788361531,llama3.1:8b,46.0,6571,800000,281.4,11.75,61.43476036158963,2.5652396384103704,110.04761904761905,3506905.126984127,2515755.1428571427,64.0,0.10677196019039377,960.9476417135438,64.0
1788361595,llama3.1:8b,46.0,6581,2816129,286.32,11.89,46.08618087924617,1.9138191207538313,109.7872340425532,3506022.0208333335,2472747.7916666665,48.0,0.10830038759689922,974.703488372093,48.0
1788361643,llama3.1:8b,44.0,6567,901751,274.36,11.94,48.87307020607754,2.126929793922459,109.62745098039215,3505272.44,2494850.2,51.0,0.1089143265963155,980.2289393668394,51.0
1788361694,llama3.1:8b,46.0,6585,1158715,273.16,11.97,40.23680426472135,1.7631957352786445,109.29268292682927,3503566.761904762,2515686.904761905,42.0,0.10952242802945772,985.7018522651196,41.99999999999999
1788361736,llama3.1:8b,46.0,6580,1398572,290.57,11.87,55.72364766565269,2.2763523343473087,109.10344827586206,3504863.1228070175,2454775.807017544,58.0,0.10879582806573956,979.162452591656,58.0
1788361794,llama3.1:8b,42.0,6564,1740401,288.02,11.95,48.96829682968297,2.031703170317032,109.88,3505893.0392156863,2470044.3921568627,51.0,0.10875500546050236,978.7950491445212,51.0
1788361845,llama3.1:8b,46.0,6569,1190826,272.61,11.83,59.42138939670932,2.5786106032906764,109.62295081967213,3506199.393442623,2423630.8852459015,62.0,0.10791535815761927,971.2382234185735,62.0
1788361907,llama3.1:8b,44.0,6564,2978473,272.76,11.78,56.55739087650243,2.442609123497575,109.57627118644068,3505290.5762711866,2567696.881355932,59.0,0.10750502706883217,967.5452436194895,59.00000000000001
1788361966,llama3.1:8b,44.0,6567,1070894,275.29,11.91,46.96800139275766,2.0319986072423393,109.91666666666667,3505418.8333333335,2506782.5208333335,49.0,0.10835481425322213,975.1933282789993,48.99999999999999
1788362015,llama3.1:8b,47.0,6576,3521604,276.4,11.93,48.88981375507231,2.110186244927687,109.4,3506442.9607843137,2556842.431372549,51.0,0.10904936014625227,981.4442413162704,51.0
1788362066,llama3.1:8b,44.0,6583,1200000,288.44,12.02,39.3597816681089,1.6402183318911003,109.5609756097561,3505286.975,2507132.725,41.0,0.10971059661620658,987.3953695458592,41.0
1788362107,llama3.1:8b,44.0,6584,1591338,291.56,11.85,56.69569229755116,2.304307702448831,109.22413793103448,3505426.4915254237,2435106.6440677964,59.0,0.10849250197316496,976.4325177584847,58.99999999999999
1788362166,llama3.1:8b,41.0,6581,1381859,281.99,11.83,54.70502348376557,2.294976516234429,109.89473684210526,3503983.8214285714,2477202.8928571427,57.0,0.1076484674329502,968.8362068965517,57.0
1788362223,llama3.1:8b,41.0,6574,1111618,274.4,11.94,47.91506600544807,2.0849339945519314,109.0,3505160.58,2521864.04,50.0,0.10954128440366973,985.8715596330275,50.0
1788362273,llama3.1:8b,48.0,6570,3226315,274.5,11.89,57.50899123572751,2.491008764272496,109.40677966101696,3504695.3898305083,2458124.474576271,60.0,0.10867699457784663,978.0929512006197,60.0
1788362333,llama3.1:8b,46.0,6570,799600,285.24,11.95,53.74824186547327,2.2517581345267335,109.01785714285714,3505555.785714286,2464848.3571428573,56.0,0.10961506961506962,986.5356265356265,56.0
1788362389,llama3.1:8b,46.0,6562,1100516,290.61,11.84,57.65118201355597,2.34881798644404,109.69491525423729,3505616.525423729,2478942.084745763,60.0,0.10793572311495674,971.4215080346106,60.00000000000001
1788362449,llama3.1:8b,44.0,6573,1533783,287.35,11.92,44.16780833361179,1.8321916663882112,109.66666666666667,3504284.413043478,2484152.717391304,46.0,0.10869300911854103,978.2370820668693,46.0
1788362495,llama3.1:8b,44.0,6576,1100000,284.12,11.83,52.8014867376246,2.1985132623754016,109.67272727272727,3504795.685185185,2449581.796296296,55.0,0.10786637931034483,970.7974137931035,55.0
1788362550,llama3.1:8b,46.0,6580,3269758,276.61,11.89,44.104194107452344,1.8958058925476604,109.66666666666667,3505635.717391304,2477985.065217391,46.0,0.108419452887538,975.775075987842,46.00000000000001
1788362596,llama3.1:8b,47.0,6578,1767904,293.09,11.78,58.6429953750779,2.3570046249220984,109.14754098360656,3507280.066666667,2466902.1166666667,61.0,0.10792730549714628,971.3457494743166,61.0
1788362657,llama3.1:8b,46.0,6573,2212927,273.12,11.86,51.75268439890519,2.2473156010948134,109.32075471698113,3503362.388888889,2466568.092592593,54.0,0.10848809112875388,976.3928201587848,54.0
1788362711,llama3.1:8b,46.0,6573,1685859,282.19,11.96,45.08900220975693,1.9109977902430735,109.54347826086956,3506194.9565217393,2498753.5217391304,47.0,0.10918039293510619,982.6235364159558,47.0
1788362758,llama3.1:8b,44.0,6575,1092448,289.59,11.86,54.75743904461768,2.2425609553823187,109.43859649122807,3506063.214285714,2513389.9464285714,57.0,0.10837127284386021,975.3414555947419,57.0
1788362815,llama3.1:8b,46.0,6569,2600000,286.37,11.97,44.15438761145002,1.8456123885499764,109.64444444444445,3504834.413043478,2475062.282608696,46.0,0.10917105796513984,982.5395216862587,45.99999999999999
1788362861,llama3.1:8b,45.0,6568,1961648,281.09,11.83,51.81913150348218,2.180868496517821,109.0925925925926,3504676.8333333335,2466958.8333333335,54.0,0.10843999320998132,975.959938889832,54.0
1788362915,llama3.1:8b,46.0,6574,900000,275.63,11.87,50.81179130434782,2.188208695652174,109.51923076923077,3506020.403846154,2484097.8076923075,53.0,0.10838279192273924,975.4451273046532,52.99999999999999
1788362968,llama3.1:8b,46.0,6580,1564583,285.9,12.0,44.147029204431014,1.852970795568983,109.97826086956522,3507566.2391304346,2522222.1739130435,46.0,0.10911247282071555,982.01225538644,46.0
1788363014,llama3.1:8b,46.0,6582,1228048,274.97,11.78,62.329729729729735,2.67027027027027,109.609375,3505435.796875,2463854.265625,65.0,0.10747255880256593,967.2530292230933,65.0
1788363079,llama3.1:8b,44.0,6579,1895081,271.79,11.87,52.69847704998943,2.301522950010576,109.51851851851852,3504997.7407407407,2449197.1666666665,55.0,0.1083834967872844,975.4514710855597,55.00000000000001
1788363134,llama3.1:8b,46.0,6570,1200000,285.21,11.9,55.67695466325604,2.3230453367439674,109.63793103448276,3506638.5517241377,2497111.0517241377,58.0,0.10853907847145777,976.85170624312,58.00000000000001
1788363192,llama3.1:8b,46.0,6571,3006963,280.27,11.95,44.11888303333106,1.8811169666689482,109.82222222222222,3506512.066666667,2500220.6666666665,46.0,0.10881222177256171,979.3099959530554,46.00000000000001
1788363238,llama3.1:8b,46.0,6577,998148,280.38,12.07,39.30784749529835,1.6921525047016583,109.46341463414635,3505575.43902439,2495110.1219512196,41.0,0.11026515151515151,992.3863636363635,41.00000000000001
1788363279,llama3.1:8b,46.0,6567,1400000,279.41,11.96,39.31705391769915,1.6829460823008546,109.825,3505120.6585365855,2439184.6341463416,41.0,0.10890052356020943,980.1047120418849,41.0
1788363320,llama3.1:8b,46.0,6569,1100438,277.97,11.96,44.102438519642675,1.8975614803573277,109.19565217391305,3486609.6,2523977.0444444446,46.0,0.10952817041608601,985.753533744774,46.0
1788363366,llama3.1:8b,41.0,6572,1345099,278.05,11.85,55.62918247671611,2.3708175232838906,109.56140350877193,3504545.793103448,2498432.9310344825,58.0,0.10815852682145716,973.4267413931143,58.0
1788363424,llama3.1:8b,46.0,6571,879108,286.31,11.95,47.03677999061222,1.9632200093877823,109.04166666666667,3505722.3958333335,2436458.9166666665,49.0,0.1095911348872755,986.3202139854795,49.0
1788363473,llama3.1:8b,44.0,6574,1707894,284.29,11.76,59.53717277486911,2.46282722513089,109.30645161290323,3504733.0,2500764.8360655736,62.0,0.1075874280655157,968.2868525896414,62.0
1788363535,llama3.1:8b,46.0,6568,1595510,283.81,11.8,52.80453976523121,2.1954602347687833,109.62962962962963,3506339.1636363636,2422117.381818182,55.0,0.10763513513513513,968.7162162162161,54.99999999999999
1788363590,llama3.1:8b,46.0,6569,800000,275.46,11.8,58.49425607463621,2.505743925363782,109.35,3504497.283333333,2545227.066666667,61.0,0.1079103795153178,971.1934156378602,60.99999999999999
1788363651,llama3.1:8b,46.0,6576,1400000,271.76,11.78,56.54877618678141,2.4512238132185935,109.57627118644068,3487119.5762711866,2495339.5762711866,59.0,0.10750502706883217,967.5452436194895,59.0
1788363710,llama3.1:8b,46.0,6582,3491421,281.57,11.8,56.626887548147394,2.3731124518526094,109.55172413793103,3505550.706896552,2489172.4655172415,59.0,0.10771167768334908,969.4050991501417,59.0
1788363769,llama3.1:8b,46.0,6575,2182006,284.07,11.85,55.67741281427412,2.3225871857258715,109.35087719298245,3505098.327586207,2405465.620689655,58.0,0.10836675758061928,975.3008182255736,57.99999999999999
1788363827,llama3.1:8b,46.0,6581,1443457,273.9,11.81,54.64386965804486,2.3561303419551294,109.57894736842105,3507012.839285714,2470172.8214285714,57.0,0.107776176753122,969.985590778098,56.99999999999999
1788363884,llama3.1:8b,44.0,6577,1400454,277.99,11.92,43.1497706184678,1.8502293815321995,109.70454545454545,3504585.1333333333,2587444.2,45.0,0.1086554795939507,977.8993163455563,45.0
1788363929,llama3.1:8b,46.0,6582,1495548,278.02,11.93,50.81931367477151,2.180686325228488,109.13461538461539,3505644.673076923,2484369.2884615385,53.0,0.10931453744493391,983.8308370044052,52.99999999999999
1788363982,llama3.1:8b,42.0,6576,1200000,289.12,11.81,55.72378958561792,2.2762104143820823,109.37931034482759,3504421.8421052634,2445222.01754386,58.0,0.10797288776796973,971.7559899117276,58.00000000000001
1788364040,llama3.1:8b,42.0,6574,1824295,288.44,11.96,51.85006657789614,2.149933422103862,110.0754716981132,3506062.8703703703,2494307.314814815,54.0,0.10865272540281112,977.8745286253002,54.00000000000001
1788364094,llama3.1:8b,46.0,6573,1582985,273.84,11.8,58.48004481165103,2.519955188348971,109.36065573770492,3503690.6166666667,2481693.0166666666,61.0,0.107899865087693,971.098785789237,61.0
1788364155,llama3.1:8b,46.0,6572,2559124,289.95,11.88,54.75648543882318,2.2435145611768217,109.125,3504737.789473684,2438528.50877193,57.0,0.10886597938144331,979.7938144329897,57.0
1788364212,llama3.1:8b,46.0,6574,1019622,269.05,11.85,52.67977928088287,2.320220719117123,109.24074074074075,3505365.685185185,2506715.814814815,55.0,0.10847601288353957,976.284115951856,54.99999999999999
1788364267,llama3.1:8b,44.0,6571,1400000,288.2,12.05,43.194004995836806,1.8059950041631974,110.42222222222222,3505241.933333333,2422209.355555556,45.0,0.10912658482592072,982.1392634332865,45.00000000000001
1788364312,llama3.1:8b,44.0,6563,1300000,288.31,11.88,54.744228655185054,2.2557713448149506,109.03571428571429,3506277.8035714286,2462742.9285714286,57.0,0.10895512610547003,980.5961349492303,57.00000000000001
1788364369,llama3.1:8b,44.0,6567,1190556,272.07,11.84,53.66461202493748,2.33538797506252,109.32727272727273,3507433.839285714,2499074.8035714286,56.0,0.10829868617994345,974.6881756194911,56.0
1788364425,llama3.1:8b,46.0,6575,1496875,277.14,11.86,52.74290657439446,2.257093425605536,109.43636363636364,3505513.6481481483,2461714.0185185187,55.0,0.10837348396743644,975.361355706928,55.0
1788364480,llama3.1:8b,46.0,6569,981456,283.46,11.8,50.88186682923524,2.11813317076475,109.9423076923077,3506975.4905660376,2504134.886792453,53.0,0.10732901871610985,965.9611684449886,52.99999999999999
1788364533,llama3.1:8b,41.0,6580,1200000,284.1,11.99,36.461211118241074,1.5387888817589246,110.0,3505511.891891892,2608625.945945946,38.0,0.109,981.0,38.0
1788364571,llama3.1:8b,46.0,6577,1687901,289.72,11.93,44.18073926736284,1.8192607326371621,109.68888888888888,3505393.0217391304,2537113.4565217393,46.0,0.10876215559157212,978.8594003241492,46.0
1788364617,llama3.1:8b,41.0,6575,2984913,279.45,11.89,51.79618315370358,2.203816846296424,109.94444444444444,3506319.603773585,2518342.3018867923,54.0,0.10814552804446691,973.3097524002021,54.00000000000001
1788364671,llama3.1:8b,41.0,6576,1197278,273.68,11.86,51.75709182601387,2.242908173986131,109.24528301886792,3505327.907407407,2496638.9444444445,54.0,0.10856303972366148,977.0673575129533,54.0
1788364725,llama3.1:8b,44.0,6573,2912195,273.92,11.84,52.72116461366182,2.278835386338186,109.83333333333333,3504983.092592593,2486912.574074074,55.0,0.10779969650986343,970.1972685887708,55.00000000000001
1788364780,llama3.1:8b,43.0,6574,1997289,291.36,11.86,52.84875667831937,2.151243321680628,109.8,3505609.581818182,2512543.0545454547,55.0,0.10801457194899818,972.1311475409835,55.0
1788364835,llama3.1:8b,46.0,6576,3324516,275.12,11.81,52.736207437354054,2.2637925626459414,109.57407407407408,3505896.6296296297,2531586.2592592593,55.0,0.10778097008619233,970.028730775731,54.99999999999999
1788364890,llama3.1:8b,44.0,6575,1009193,267.33,11.83,57.45737211634905,2.5426278836509533,109.59322033898304,3464673.8,2427264.283333333,60.0,0.10794463346736778,971.5017012063101,60.0
1788364950,llama3.1:8b,41.0,6572,898654,280.42,11.94,55.63127650841428,2.3687234915857163,109.6896551724138,3505650.8421052634,2435822.6666666665,58.0,0.1088525620873939,979.673058786545,58.0
1788365008,llama3.1:8b,44.0,6581,1600462,271.51,11.79,63.25330038828097,2.7466996117190257,109.35384615384615,3505777.6461538463,2479414.969230769,66.0,0.10781513787281935,970.3362408553742,66.0
1788365074,llama3.1:8b,41.0,6579,1598922,279.66,11.88,53.71804898127186,2.281951018728133,109.78181818181818,3505254.2321428573,2440245.589285714,56.0,0.10821464060947335,973.9317654852601,56.0
1788365130,llama3.1:8b,46.0,6573,1200000,292.69,11.91,49.00587655942219,1.9941234405778068,109.72549019607843,3504649.64,2438359.74,51.0,0.10854360257326663,976.8924231593996,51.0
1788365181,llama3.1:8b,46.0,6568,3500000,278.66,11.89,45.07664773705042,1.9233522629495785,109.76086956521739,3506640.638297872,2465710.595744681,47.0,0.10832640126757774,974.9376114081997,47.0
1788365228,llama3.1:8b,44.0,6576,1596868,282.91,12.01,44.126746236267465,1.8732537637325377,109.65217391304348,3505335.111111111,2434405.3777777776,46.0,0.10952815226011102,985.7533703409993,46.0
1788365274,llama3.1:8b,46.0,6570,1572383,276.12,12.03,42.16304008328996,1.8369599167100468,108.79069767441861,3505578.75,2489901.772727273,44.0,0.1105793073963232,995.2137665669087,44.0
1788365318,llama3.1:8b,44.0,6578,1600000,285.64,11.87,46.08490470908541,1.915095290914591,109.375,3505259.765957447,2537114.404255319,48.0,0.10852571428571428,976.7314285714285,48.0
1788365366,llama3.1:8b,41.0,6575,970726,269.38,11.76,56.53204808991961,2.4679519100803873,110.13793103448276,3505531.3898305083,2499071.7966101696,59.0,0.10677520350657482,960.9768315591734,59.0
1788365425,llama3.1:8b,45.0,6569,1631692,286.53,11.87,59.533713136729226,2.4662868632707777,109.8360655737705,3507049.3114754097,2581162.2786885244,62.0,0.10807014925373133,972.6313432835819,62.0
1788365487,llama3.1:8b,46.0,6583,3505573,285.55,11.77,56.66436835732544,2.3356316426745596,109.7457627118644,3506515.779661017,2415109.084745763,59.0,0.10724787644787645,965.230888030888,59.0
1788365546,llama3.1:8b,46.0,6581,972565,262.61,11.95,52.606169871794876,2.3938301282051277,109.12962962962963,3503955.296296296,2484049.796296296,55.0,0.10950279993212285,985.5251993891056,55.0
1788365601,llama3.1:8b,46.0,6572,1921832,278.24,11.86,67.13822819717339,2.861771802826611,109.10144927536231,3504084.202898551,2430517.8260869565,70.0,0.10870616365568544,978.3554729011689,70.0
1788365671,llama3.1:8b,41.0,6578,652549,281.32,12.01,43.15753588108956,1.8424641189104423,109.88888888888889,3506107.0444444446,2419287.111111111,45.0,0.10929221435793732,983.6299292214359,45.0
1788365716,llama3.1:8b,46.0,6583,1800000,270.15,11.8,51.740024827097,2.2599751729029975,109.54716981132076,3504942.777777778,2489245.9814814813,54.0,0.10771615570099898,969.4454013089909,54.0
1788365770,llama3.1:8b,44.0,6570,1520852,281.89,11.9,50.85322849654516,2.1467715034548487,109.76923076923077,3506650.75,2468905.403846154,53.0,0.1084092501751927,975.6832515767343,53.00000000000001
1788365823,llama3.1:8b,46.0,6568,1601412,283.94,11.87,46.07389878638315,1.9261012136168483,109.33333333333333,3507703.6666666665,2542496.1666666665,48.0,0.1085670731707317,977.1036585365854,47.99999999999999
1788365871,llama3.1:8b,46.0,6580,1176553,283.96,11.77,57.612010955939546,2.3879890440604608,109.37288135593221,3503873.0169491526,2400581.3898305083,60.0,0.10761351309468463,968.5216178521617,60.00000000000001
1788365931,llama3.1:8b,44.0,6587,797855,281.92,11.92,48.93111897631364,2.0688810236863597,109.6078431372549,3505882.62,2492317.2,51.0,0.10875134168157424,978.7620751341681,51.0
1788365982,llama3.1:8b,46.0,6588,1388431,277.88,11.88,53.704030922142465,2.2959690778575377,109.98181818181818,3505239.5,2474813.3035714286,56.0,0.10801785419077534,972.160687716978,56.0
1788366038,llama3.1:8b,46.0,6588,2284929,275.68,11.99,45.999374283032644,2.0006257169673587,109.34042553191489,3507510.85106383,2600361.510638298,48.0,0.10965752091846663,986.9176882661997,48.0
1788366086,llama3.1:8b,47.0,6589,1665740,288.02,12.02,50.87674976669778,2.1232502333022265,109.0,3504979.2641509436,2414030.245283019,53.0,0.11027522935779815,992.4770642201834,53.00000000000001
1788366139,llama3.1:8b,42.0,6577,1079958,282.98,11.97,52.76792676724868,2.2320732327513135,109.9074074074074,3505423.3703703703,2459086.814814815,55.0,0.10890985678180287,980.1887110362259,54.99999999999999
1788366194,llama3.1:8b,44.0,6582,1001811,279.17,12.07,39.30081719544019,1.6991828045598132,109.60975609756098,3503260.3414634145,2376150.6829268294,41.0,0.11011793502447709,991.0614152202938,41.0
1788366235,llama3.1:8b,46.0,6584,1263260,279.84,11.94,52.74933168825828,2.2506683117417237,109.18518518518519,3504536.8703703703,2469085.388888889,55.0,0.10935549525101763,984.1994572591586,55.00000000000001
1788366290,llama3.1:8b,46.0,6583,3285907,278.6,11.79,63.320362271428074,2.6796377285719197,108.92307692307692,3504476.878787879,2478421.090909091,66.0,0.10824152542372881,974.1737288135593,66.0
1788366356,llama3.1:8b,41.0,6583,1587581,287.08,11.93,49.92528677970636,2.0747132202936354,109.25,3505748.568627451,2469434.4509803923,52.0,0.10919908466819221,982.7917620137299,52.0
1788366408,llama3.1:8b,46.0,6566,1373427,287.51,11.94,47.04621806645517,1.9537819335448323,109.75,3505248.9591836734,2446715.6530612246,49.0,0.10879271070615033,979.1343963553529,49.0
1788366457,llama3.1:8b,46.0,6577,1078555,285.45,11.84,50.889199098523335,2.1108009014766727,109.41509433962264,3505844.230769231,2505071.019230769,53.0,0.10821176064838765,973.9058458354889,53.00000000000001
1788366510,llama3.1:8b,46.0,6565,1800000,287.11,11.92,48.00688894090894,1.993111059091061,109.28571428571429,3505846.26,2419504.8,50.0,0.1090718954248366,981.6470588235294,50.0
1788366560,llama3.1:8b,46.0,6574,1153333,283.3,11.95,50.854868755292124,2.1451312447078745,109.76923076923077,3505457.9423076925,2478851.269230769,53.0,0.10886475122634898,979.7827610371407,53.0
1788366613,llama3.1:8b,46.0,6585,800000,285.4,11.86,49.9253179035188,2.0746820964811947,109.36538461538461,3506340.173076923,2499938.826923077,52.0,0.10844381923685599,975.9943731317039,52.0
1788366665,llama3.1:8b,48.0,6575,1953924,286.59,11.99,49.9118494205908,2.088150579409204,109.3921568627451,3508084.274509804,2573015.705882353,52.0,0.10960566409750852,986.4509768775766,52.0
1788366717,llama3.1:8b,46.0,6577,1599329,287.99,11.82,60.516226943731034,2.4837730562689706,109.58064516129032,3505502.206349206,2470978.873015873,63.0,0.10786576390933177,970.7918751839858,63.00000000000001
1788366780,llama3.1:8b,46.0,6565,1719375,287.41,11.84,51.86345864661654,2.1365413533834587,109.44444444444444,3506169.566037736,2541779.6603773586,54.0,0.10818274111675127,973.6446700507615,54.0
1788366834,llama3.1:8b,46.0,6574,1100000,290.15,11.93,50.906878972457626,2.093121027542373,110.15384615384616,3505769.1886792453,2449889.5283018867,53.0,0.10830307262569831,974.7276536312847,53.0
1788366887,llama3.1:8b,46.0,6573,3295119,285.7,11.89,43.202056520716425,1.7979434792835782,110.2,3504656.75,2410060.8636363638,45.0,0.10789473684210527,971.0526315789473,45.0
1788366932,llama3.1:8b,46.0,6575,1371568,276.83,11.92,50.81208658008658,2.18791341991342,109.57692307692308,3505864.9056603773,2480728.452830189,53.0,0.10878202878202878,979.038259038259,53.0
1788366985,llama3.1:8b,44.0,6570,1776498,278.83,11.92,53.70414445399828,2.29585554600172,109.49090909090908,3506693.709090909,2401848.327272727,56.0,0.10886748588508802,979.8073729657922,56.0
1788367041,llama3.1:8b,46.0,6576,1002114,284.77,11.93,42.230805527468824,1.7691944725311763,109.6590909090909,3450246.9318181816,2418169.659090909,44.0,0.10879170984455959,979.1253886010362,44.0
1788367085,llama3.1:8b,46.0,6585,2203724,280.62,11.78,55.663337893296855,2.3366621067031463,109.45614035087719,3505459.8245614036,2504592.052631579,58.0,0.10762301650905594,968.6071485815035,58.0
1788367143,llama3.1:8b,44.0,6577,1743324,277.77,11.88,46.99026411185914,2.00973588814086,109.26530612244898,3505347.4897959186,2427756.93877551,49.0,0.1087261860291371,978.5356742622339,49.0
1788367192,llama3.1:8b,46.0,6585,1197773,288.45,11.91,59.5415501398322,2.4584498601677987,109.65573770491804,3505629.6885245903,2383610.524590164,62.0,0.10861264763043803,977.5138286739422,61.99999999999999
1788367254,llama3.1:8b,46.0,6581,1152989,279.49,11.87,48.92226112026359,2.0777388797364083,109.82,3505069.94,2465571.66,51.0,0.10808595884174103,972.7736295756694,51.0
1788367305,llama3.1:8b,46.0,6565,800000,286.94,11.74,64.36647917503683,2.6335208249631714,109.56716417910448,3505886.850746269,2565493.119402985,67.0,0.10714888979703038,964.3400081732734,67.0
1788367372,llama3.1:8b,46.0,6570,1877896,286.85,11.77,52.83219476257451,2.1678052374254904,109.70370370370371,3505547.296296296,2529142.277777778,55.0,0.10728899392302498,965.6009453072247,55.0
1788367427,llama3.1:8b,46.0,6574,2900000,286.57,11.88,48.96991120790752,2.0300887920924784,109.7,3503713.3529411764,2434628.862745098,51.0,0.10829535095715588,974.658158614403,51.0
1788367478,llama3.1:8b,47.0,6577,3203921,293.78,11.89,50.938397618346585,2.0616023816534175,109.81132075471699,3505388.153846154,2504970.25,53.0,0.1082766323024055,974.4896907216495,53.0
1788367531,llama3.1:8b,44.0,6576,800000,290.67,11.97,41.299266455194285,1.7007335448057097,109.16666666666667,3505248.395348837,2425531.534883721,43.0,0.10964885496183206,986.8396946564885,42.99999999999999
1788367574,llama3.1:8b,44.0,6572,1312765,274.65,11.9,57.508288256848715,2.491711743151283,110.26666666666667,3504518.3559322036,2412031.0,60.0,0.10792019347037485,971.2817412333736,60.0
1788367634,llama3.1:8b,46.0,6578,961467,276.27,11.87,50.81665162768099,2.1833483723190112,109.96153846153847,3504599.5094339624,2470311.603773585,53.0,0.10794683455753759,971.5215110178383,53.0
1788367687,llama3.1:8b,42.0,6572,800000,282.01,12.09,40.2734444066644,1.7265555933356005,110.02380952380952,3507954.1463414636,2471953.8048780486,42.0,0.1098853062107769,988.967755896992,42.0
1788367729,llama3.1:8b,44.0,6576,718696,272.38,11.89,49.82502550392233,2.174974496077673,110.0,3505321.1923076925,2429381.019230769,52.0,0.1080909090909091,972.8181818181819,52.00000000000001
1788367781,llama3.1:8b,46.0,6586,1421414,290.22,11.9,53.794253938832256,2.2057460611677477,109.47272727272727,3506010.4,2522441.272727273,56.0,0.10870287327686431,978.3258594917788,56.0
1788367837,llama3.1:8b,47.0,6567,2182030,287.87,12.04,43.19345803741122,1.8065419625887764,108.97777777777777,3504285.1555555556,2506241.3777777776,45.0,0.11048123980424143,994.331158238173,44.99999999999999
1788367882,llama3.1:8b,44.0,6569,801223,285.38,11.91,50.87671970130176,2.1232802986982406,109.63461538461539,3505897.230769231,2523116.423076923,53.0,0.10863357305735835,977.7021575162252,53.0
1788367935,llama3.1:8b,44.0,6578,1200000,275.41,11.95,44.08706848552339,1.9129315144766146,108.91304347826087,3506019.934782609,2577537.4782608696,46.0,0.10972055888223552,987.4850299401197,46.0
1788367981,llama3.1:8b,45.0,6574,1176499,284.06,11.83,50.88100307546724,2.1189969245327656,109.75,3505224.019230769,2481766.7884615385,53.0,0.10779043280182232,970.1138952164008,53.00000000000001
1788368034,llama3.1:8b,46.0,6587,1100000,281.97,11.85,55.6608127424954,2.3391872575045944,108.67241379310344,3504996.8448275863,2498329.172413793,58.0,0.10904331270823417,981.3898143741076,58.0
1788368092,llama3.1:8b,44.0,6579,1100000,285.42,11.89,50.88042783626518,2.1195721637348224,109.09615384615384,3505751.903846154,2517789.230769231,53.0,0.10898642693460252,980.8778424114226,53.0
1788368145,llama3.1:8b,47.0,6577,1752608,272.69,11.88,50.78739853111712,2.2126014688828763,109.15384615384616,3505022.9245283017,2464692.0943396227,53.0,0.10883720930232559,979.5348837209302,52.99999999999999
1788368198,llama3.1:8b,41.0,6580,1600000,280.67,11.85,53.73143716668945,2.2685628333105425,109.78571428571429,3504951.5454545454,2436374.8727272726,56.0,0.10793754066363044,971.4378659726739,55.99999999999999
1788368254,llama3.1:8b,46.0,6583,999621,291.54,11.81,52.85874402505357,2.1412559749464313,109.70370370370371,3506242.4545454546,2490146.963636364,55.0,0.10765361242403781,968.8825118163403,55.0
1788368309,llama3.1:8b,42.0,6579,1105990,280.13,12.0,37.39797350494643,1.602026495053572,109.82051282051282,3480665.5789473685,2441507.5,39.0,0.10926920382909176,983.4228344618258,39.0
1788368348,llama3.1:8b,42.0,6582,1510148,284.15,11.91,52.787441734783485,2.21255826521651,109.35185185185185,3507319.290909091,2421899.4363636365,55.0,0.10891447925486876,980.2303132938189,54.99999999999999
1788368403,llama3.1:8b,46.0,6568,2300152,280.24,12.04,48.899137813055965,2.1008621869440263,110.24,3508421.38,2508388.12,51.0,0.10921625544267054,982.9462989840348,50.99999999999999
1788368454,llama3.1:8b,46.0,6615,1093465,276.99,11.97,47.92877906976744,2.071220930232558,109.8,3506728.3,2432251.86,50.0,0.10901639344262296,981.1475409836066,49.99999999999999
1788368504,llama3.1:8b,46.0,6607,3493358,287.46,11.97,39.360985873159,1.6390141268409981,109.9,3504694.05,2560896.725,41.0,0.1089171974522293,980.2547770700637,41.0
1788368545,llama3.1:8b,46.0,6609,1687650,292.37,11.72,62.49482061231872,2.5051793876812782,109.64615384615385,3505589.1384615386,2543548.107692308,65.0,0.10688929423319771,962.0036480987794,65.0
1788368610,llama3.1:8b,46.0,6600,3500000,285.56,11.83,54.73257338847978,2.267426611520226,109.75,3506077.5535714286,2489376.714285714,57.0,0.10779043280182232,970.1138952164008,57.00000000000001
1788368667,llama3.1:8b,46.0,6603,802127,285.45,11.9,48.95897090970237,2.0410290902976294,109.84,3470541.7843137253,2458571.3529411764,51.0,0.10833940276766206,975.0546249089585,51.0
1788368718,llama3.1:8b,44.0,6585,1500000,291.24,11.89,46.11724342691255,1.8827565730874545,108.875,3506729.574468085,2494202.723404255,48.0,0.10920780711825488,982.8702640642939,48.00000000000001
1788368766,llama3.1:8b,42.0,6576,800000,291.08,11.73,61.520821637330336,2.479178362669661,109.92063492063492,3505954.206349206,2517625.3174603176,64.0,0.10671335740072202,960.4202166064981,64.0
1788368830,llama3.1:8b,46.0,6583,1463175,288.93,11.78,59.57121479165974,2.4287852083402615,109.50819672131148,3505867.8387096776,2495266.8225806453,62.0,0.10757185628742515,968.1467065868263,62.0
1788368892,llama3.1:8b,44.0,6581,1297130,286.6,11.87,44.17060341072804,1.8293965892719533,109.26086956521739,3506092.6666666665,2412636.577777778,46.0,0.10863907680063668,977.7516912057301,45.99999999999999
1788368938,llama3.1:8b,44.0,6578,3383245,282.92,11.89,45.104440147891864,1.8955598521081376,109.67391304347827,3503962.723404255,2462488.212765957,47.0,0.10841228939544104,975.7106045589694,47.0
1788368985,llama3.1:8b,44.0,6581,1900000,283.06,12.07,39.323213499135974,1.6767865008640261,109.34146341463415,3506011.2195121953,2534461.1463414636,41.0,0.11038813294668749,993.4931965201874,41.0
1788369026,llama3.1:8b,46.0,6587,1791714,287.7,12.08,52.78370805257189,2.216291947428114,108.38888888888889,3504814.425925926,2450520.425925926,55.0,0.11145053818554587,1003.0548436699128,55.0
1788369081,llama3.1:8b,46.0,6592,990299,279.91,11.99,37.39804727646454,1.6019527235354574,109.33333333333333,3505740.3846153845,2357023.282051282,39.0,0.10966463414634146,986.9817073170732,38.99999999999999
1788369120,llama3.1:8b,45.0,6587,3202083,286.28,11.89,48.96629439581447,2.033705604185532,109.8,3506182.44,2511096.64,51.0,0.10828779599271403,974.5901639344262,51.00000000000001
1788369171,llama3.1:8b,44.0,6587,1150874,268.11,11.68,67.0778083562672,2.9221916437327993,109.66666666666667,3505676.5507246377,2603385.507246377,70.0,0.1065045592705167,958.5410334346503,70.0
1788369241,llama3.1:8b,44.0,6584,1503906,279.91,11.88,50.84214674937455,2.15785325062545,109.45283018867924,3504261.962264151,2447280.132075472,53.0,0.10853990691260128,976.8591622134114,53.0
1788369294,llama3.1:8b,44.0,6584,999347,276.2,11.94,46.010966891094604,1.9890331089053932,109.57446808510639,3473088.0425531915,2445779.489361702,48.0,0.10896699029126213,980.7029126213591,48.0
1788369342,llama3.1:8b,46.0,6587,972453,289.63,11.93,50.903269664411724,2.0967303355882745,109.43396226415095,3506366.5094339624,2495487.867924528,53.0,0.1090155172413793,981.1396551724137,53.0
1788369395,llama3.1:8b,46.0,6581,1001028,284.86,12.0,44.14053762716432,1.8594623728356798,109.53333333333333,3506392.888888889,2434019.1333333333,46.0,0.10955569080949483,986.0012172854534,46.0
1788369441,llama3.1:8b,46.0,6580,1804651,280.1,11.98,44.113256642015884,1.8867433579841137,110.02173913043478,3506105.5,2442317.8913043477,46.0,0.10888757162616085,979.9881446354477,46.0
1788369487,llama3.1:8b,44.0,6585,1172883,286.16,11.94,41.27769204964777,1.7223079503522307,109.52380952380952,3504809.604651163,2469509.069767442,43.0,0.10901739130434783,981.1565217391304,43.0
1788369530,llama3.1:8b,46.0,6585,1509891,275.63,11.87,50.81179130434782,2.188208695652174,109.9423076923077,3505378.8076923075,2492081.423076923,53.0,0.10796571628476473,971.6914465628827,52.99999999999999
1788369583,llama3.1:8b,46.0,6579,2300000,284.49,11.91,51.83016194331984,2.169838056680162,109.48148148148148,3506281.074074074,2456982.925925926,54.0,0.10878552097428958,979.0696887686062,54.0
1788369637,llama3.1:8b,46.0,6572,1114258,273.98,11.81,51.768501347143,2.231498652856993,109.28301886792453,3507167.3018867923,2470052.113207547,54.0,0.10806802486187846,972.6122237569061,53.99999999999999
1788369691,llama3.1:8b,44.0,6573,1273852,277.82,12.12,38.32792991653446,1.6720700834655444,109.3,3504916.6,2466701.3,40.0,0.11088746569075937,997.9871912168343,40.0
1788369731,llama3.1:8b,46.0,6583,2307718,280.61,11.82,50.857743733543074,2.14225626645693,109.46153846153847,3507267.0384615385,2500098.576923077,53.0,0.10798313422347154,971.8482080112439,53.00000000000001
1788369784,llama3.1:8b,44.0,6584,1488145,284.85,11.82,52.80867630700779,2.1913236929922135,109.4,3504643.4,2514632.272727273,55.0,0.10804387568555758,972.3948811700182,55.0
1788369839,llama3.1:8b,46.0,6584,1766946,282.88,11.85,58.54741627930648,2.4525837206935157,109.73333333333333,3506186.3333333335,2489190.9,61.0,0.10798906439854192,971.9015795868772,61.0
1788369900,llama3.1:8b,44.0,6581,1504249,275.38,11.86,53.687787216265136,2.312212783734856,109.8,3506550.7636363637,2490075.1272727274,56.0,0.10801457194899818,972.1311475409835,55.99999999999999
1788369956,llama3.1:8b,44.0,6578,800000,287.45,11.84,60.50770156035952,2.492298439640483,109.12903225806451,3505471.0317460317,2412914.3333333335,63.0,0.10849541826780963,976.4587644102867,63.00000000000001
1788370019,llama3.1:8b,46.0,6577,1262526,288.49,11.93,47.05415751281539,1.945842487184608,109.44897959183673,3506735.2083333335,2509097.1875,49.0,0.10900055938840202,981.0050344956181,48.99999999999999
1788370068,llama3.1:8b,42.0,6581,2662640,274.57,11.93,50.793054101221635,2.2069458987783594,109.21153846153847,3504945.5094339624,2444079.433962264,53.0,0.10923754182074308,983.1378763866877,52.99999999999999
1788370121,llama3.1:8b,42.0,6583,1336776,277.95,11.85,52.75103519668737,2.2489648033126293,109.76363636363637,3507003.722222222,2497067.722222222,55.0,0.1079592512837502,971.6332615537518,55.0
1788370176,llama3.1:8b,44.0,6585,1293591,280.31,11.84,58.52784528495636,2.4721547150436423,109.91666666666667,3505470.081967213,2483215.901639344,61.0,0.10771796815769522,969.461713419257,61.00000000000001
1788370237,llama3.1:8b,41.0,6580,1100000,285.98,11.79,53.782718205326255,2.217281794673741,109.85454545454546,3505460.727272727,2483161.2181818183,56.0,0.10732373386295928,965.9136047666335,55.99999999999999
1788370293,llama3.1:8b,46.0,6586,2291891,287.13,11.99,39.356545867879106,1.643454132120888,109.8780487804878,3507847.975609756,2498383.1463414636,41.0,0.10912097669256382,982.0887902330744,40.99999999999999
1788370334,llama3.1:8b,46.0,6586,3500000,285.94,12.05,41.26118326118326,1.738816738816739,109.95238095238095,3505310.6904761903,2434884.619047619,43.0,0.10959289735816372,986.3360762234735,43.0
1788370377,llama3.1:8b,44.0,6581,1410240,268.77,11.84,53.63714764263569,2.362852357364314,109.64285714285714,3504848.1428571427,2549367.3571428573,56.0,0.10798697068403909,971.8827361563517,56.0
1788370433,llama3.1:8b,44.0,6579,1901421,273.62,11.88,53.66977232924694,2.330227670753065,109.94545454545455,3505257.672727273,2488046.345454545,56.0,0.10805358028774599,972.482222589714,56.00000000000001
1788370489,llama3.1:8b,42.0,6580,2272976,277.95,11.82,54.67491458743141,2.3250854125685887,110.0,3484091.298245614,2411967.8947368423,57.0,0.10745454545454546,967.0909090909091,57.0
1788370546,llama3.1:8b,44.0,6581,1600000,273.16,11.85,53.67166064348619,2.328339356513806,109.39285714285714,3505334.7818181817,2478322.4909090907,56.0,0.10832517140058766,974.9265426052889,56.0
1788370602,llama3.1:8b,46.0,6578,800000,280.28,11.93,42.203620683754835,1.7963793162451662,109.37209302325581,3505007.6136363638,2460889.3181818184,44.0,0.1090771847756751,981.6946629810759,44.0
1788370646,llama3.1:8b,46.0,6578,1924611,282.26,11.95,45.090989429319194,1.909010570680806,109.46808510638297,3505426.6304347827,2469518.0217391304,47.0,0.1091642371234208,982.4781341107872,47.0
1788370693,llama3.1:8b,46.0,6573,1904611,266.92,11.94,41.15886107724306,1.8411389227569388,109.85714285714286,3505483.7209302327,2413061.3720930233,43.0,0.10868660598179453,978.1794538361507,43.0
1788370736,llama3.1:8b,41.0,6575,1623880,277.9,11.88,59.45820967630616,2.5417903236938373,109.55737704918033,3506667.9672131147,2421304.426229508,62.0,0.10843633098907676,975.9269789016909,62.0
1788370798,llama3.1:8b,42.0,6587,3500000,282.35,11.83,51.828472363858864,2.1715276361411378,109.51851851851852,3505510.777777778,2491942.7407407407,54.0,0.10801826175177545,972.1643557659792,54.0
1788370852,llama3.1:8b,46.0,6591,1000000,264.0,11.76,60.313315926892955,2.68668407310705,109.29032258064517,3506018.0161290322,2515443.080645161,63.0,0.10760330578512396,968.4297520661156,63.00000000000001
1788370915,llama3.1:8b,44.0,6591,1200000,281.47,11.85,58.535626619391785,2.464373380608209,110.3,3506219.95,2434700.95,61.0,0.10743427017225748,966.9084315503173,60.99999999999999
1788370976,llama3.1:8b,46.0,6587,851291,284.0,11.8,55.686274509803916,2.313725490196078,109.72413793103448,3505500.5172413792,2542458.0,58.0,0.10754242614707732,967.8818353236959,57.99999999999999
1788371034,llama3.1:8b,45.0,6584,2872485,284.07,11.79,56.64885418779152,2.3511458122084767,109.39655172413794,3505316.724137931,2537733.879310345,59.0,0.10777304964539006,969.9574468085106,59.0
1788371093,llama3.1:8b,44.0,6590,1900000,272.45,11.94,41.19466225957312,1.8053377404268787,109.48837209302326,3504714.418604651,2569665.3720930233,43.0,0.10905267629566694,981.4740866610024,43.0
1788371136,llama3.1:8b,46.0,6577,2427692,291.19,11.88,47.07925561751411,1.9207443824858943,109.3125,3505914.9166666665,2571116.4583333335,49.0,0.10867924528301888,978.1132075471698,49.0
1788371185,llama3.1:8b,44.0,6580,3437435,284.54,11.94,47.02664597949271,1.9733540205072853,109.06122448979592,3504776.5102040814,2454695.1428571427,49.0,0.10947979041916167,985.3181137724551,49.0
1788371234,llama3.1:8b,44.0,6578,1100000,286.24,12.02,37.42828404747536,1.5717159525246431,109.39473684210526,3506081.358974359,2453843.769230769,39.0,0.10987731537166226,988.8958383449603,39.0
1788371273,llama3.1:8b,44.0,6573,2087158,282.12,11.9,51.814434392218224,2.1855656077817835,109.67924528301887,3506668.867924528,2460369.2075471696,54.0,0.10849819370376741,976.4837433339068,54.00000000000001
1788371327,llama3.1:8b,44.0,6580,2900000,280.36,12.0,44.11191681488576,1.8880831851142426,108.93478260869566,3505531.8913043477,2451407.217391304,46.0,0.11015765316304131,991.4188784673719,46.0
1788371373,llama3.1:8b,46.0,6573,1800000,281.45,11.97,49.878672210483266,2.1213277895167337,108.90196078431373,3504508.5098039214,2519640.529411765,52.0,0.1099153763053655,989.2383867482895,52.0
1788371425,llama3.1:8b,44.0,6566,1770391,283.63,11.78,59.52763955180935,2.4723604481906505,109.61290322580645,3504635.3278688523,2458464.4918032787,62.0,0.10746909947027664,967.2218952324897,62.0
1788371487,llama3.1:8b,46.0,6569,1000721,285.71,11.95,44.15326211113351,1.8467378888664923,109.17777777777778,3506271.1739130435,2511708.586956522,46.0,0.1094545084469774,985.0905760227965,46.0
1788371533,llama3.1:8b,44.0,6585,2582672,280.77,11.88,45.092055356227576,1.9079446437724246,109.36170212765957,3506046.8723404254,2540059.595744681,47.0,0.10863035019455254,977.6731517509729,47.0
1788371580,llama3.1:8b,46.0,6576,3164457,271.3,11.83,53.66015611203334,2.3398438879666585,109.45454545454545,3507855.8,2561843.727272727,56.0,0.1080813953488372,972.7325581395348,56.0
1788371636,llama3.1:8b,44.0,6576,2211355,288.97,11.93,42.25550016616816,1.7444998338318376,109.37209302325581,3503928.977272727,2440566.5454545454,44.0,0.1090771847756751,981.6946629810759,44.0
1788371680,llama3.1:8b,41.0,6572,2187179,288.77,11.87,50.9074308142629,2.092569185737094,109.66037735849056,3505867.5,2458342.230769231,53.0,0.10824328974535444,974.1896077081899,52.99999999999999
1788371733,llama3.1:8b,42.0,6578,1169964,284.6,11.9,50.87284991568297,2.127150084317032,109.96153846153847,3504470.0,2482964.3584905663,53.0,0.10821965722280517,973.9769150052466,53.0
1788371786,llama3.1:8b,46.0,6576,800000,278.96,11.85,49.881090746535534,2.1189092534644614,109.96153846153847,3506923.31372549,2541200.843137255,52.0,0.10776495278069254,969.8845750262328,51.99999999999999
1788371838,llama3.1:8b,46.0,6576,3500000,258.08,11.91,51.61791177451016,2.382088225489833,109.58490566037736,3505565.679245283,2462672.547169811,54.0,0.10868285123966942,978.1456611570247,53.99999999999999
1788371892,llama3.1:8b,44.0,6579,873882,277.18,11.89,50.82000899436123,2.179991005638773,109.3076923076923,3505934.3018867923,2460099.7735849055,53.0,0.10877551020408163,978.9795918367348,53.00000000000001
1788371945,llama3.1:8b,46.0,6582,2569504,280.5,11.89,47.00742159444578,1.9925784055542255,110.16326530612245,3505561.9166666665,2503930.5833333335,49.0,0.10793071507965914,971.3764357169322,49.00000000000001
1788371994,llama3.1:8b,45.0,6592,1500000,278.55,11.99,39.30801266607008,1.6919873339299236,109.7,3505777.487804878,2465806.8048780486,41.0,0.10929808568824066,983.682771194166,41.0
1788372035,llama3.1:8b,46.0,6585,1489277,279.68,11.93,51.79081650149172,2.209183498508281,109.53703703703704,3506144.4814814813,2509666.1481481483,54.0,0.10891293322062552,980.2163989856297,54.0
1788372089,llama3.1:8b,41.0,6583,915412,275.42,11.89,51.76527096167902,2.2347290383209772,109.0377358490566,3505389.4905660376,2437082.5094339624,54.0,0.1090448174424641,981.4033569821769,54.0
1788372143,llama3.1:8b,46.0,6592,1508703,291.92,11.91,51.88322417141164,2.1167758285883553,109.62962962962963,3505970.9245283017,2479260.2075471696,54.0,0.10863851351351352,977.7466216216216,53.99999999999999
1788372197,llama3.1:8b,44.0,6592,800000,286.12,11.86,55.69152292100141,2.3084770789985902,109.40350877192982,3506092.6896551726,2603387.879310345,58.0,0.10840602950609365,975.6542655548428,58.0
1788372255,llama3.1:8b,44.0,6590,1892145,283.74,12.06,40.28762677484787,1.7123732251521298,109.48780487804878,3505423.6428571427,2448224.523809524,42.0,0.1101492537313433,991.3432835820896,42.0
1788372297,llama3.1:8b,44.0,6587,1744225,267.99,11.81,60.34085060757684,2.6591493924231595,109.53968253968254,3507222.1129032257,2478217.8870967743,63.0,0.1078148094479061,970.3332850311549,63.0
1788372360,llama3.1:8b,44.0,6579,798664,288.38,11.9,50.8996270147862,2.100372985213801,109.61538461538461,3504595.519230769,2481486.4615384615,53.0,0.10856140350877194,977.0526315789475,53.0
1788372413,llama3.1:8b,44.0,6580,1381049,269.93,11.98,45.960200063850166,2.039799936149835,109.02083333333333,3504707.0208333335,2450014.7083333335,48.0,0.10988725396522073,988.9852856869866,48.0
1788372461,llama3.1:8b,44.0,6585,1066037,283.52,11.97,46.055568716369415,1.9444312836305797,109.04255319148936,3505840.425531915,2520074.574468085,48.0,0.10977365853658537,987.9629268292682,47.99999999999999
1788372509,llama3.1:8b,44.0,6587,800000,273.95,11.8,55.604899387576545,2.3951006124234473,109.08771929824562,3505270.793103448,2452057.0344827585,58.0,0.10816982952717916,973.5284657446125,57.99999999999999
1788372567,llama3.1:8b,41.0,6584,1199012,278.68,11.92,45.07212663454921,1.9278733654507914,110.12765957446808,3508019.9565217393,2516121.5,47.0,0.10823802163833075,974.1421947449767,47.0
1788372614,llama3.1:8b,44.0,6587,800000,287.66,11.92,46.0901261766473,1.9098738233526933,109.44680851063829,3505951.1041666665,2441728.4375,48.0,0.10891135303265942,980.2021772939348,47.99999999999999
1788372662,llama3.1:8b,44.0,6589,3500000,286.48,11.94,44.15950673547349,1.8404932645265062,108.8695652173913,3506108.222222222,2481942.777777778,46.0,0.10967252396166134,987.0527156549521,46.0
1788372708,llama3.1:8b,41.0,6588,1298973,272.28,11.75,64.22828574446362,2.7717142555363874,109.3030303030303,3506345.4925373136,2419319.2985074627,67.0,0.1074993069032437,967.4937621291933,67.0
1788372775,llama3.1:8b,46.0,6581,1542086,286.52,11.97,44.15531508593252,1.8446849140674733,108.93333333333334,3505718.0444444446,2512218.511111111,46.0,0.10988372093023256,988.9534883720931,45.99999999999999
1788372821,llama3.1:8b,44.0,6592,1363481,277.27,11.94,49.85318626603506,2.146813733964939,109.25,3505117.9423076925,2531187.3653846155,52.0,0.10929061784897025,983.6155606407323,52.0
1788372873,llama3.1:8b,46.0,6580,1672277,288.72,11.83,51.87449675594743,2.1255032440525703,109.66037735849056,3504625.433962264,2480422.9245283017,54.0,0.1078785271851342,970.9067446662078,54.0
1788372927,llama3.1:8b,43.0,6580,1080884,283.5,11.88,55.6672760511883,2.3327239488117004,109.19298245614036,3504697.793103448,2463131.1551724137,58.0,0.10879820051413881,979.1838046272493,58.0
1788372985,llama3.1:8b,44.0,6582,1785432,284.12,11.9,46.07040064860483,1.9295993513951761,110.20833333333333,3504438.361702128,2485038.8936170214,48.0,0.1079773156899811,971.79584120983,48.00000000000001
1788373033,llama3.1:8b,46.0,6585,989782,279.36,11.9,45.07972258463229,1.9202774153677127,109.65217391304348,3506782.2978723403,2499802.14893617,47.0,0.10852498017446471,976.7248215701824,47.00000000000001
1788373080,llama3.1:8b,42.0,6587,1537920,291.74,11.93,49.957124510159055,2.0428754898409456,109.88461538461539,3504386.6274509802,2416430.705882353,52.0,0.10856842842142107,977.1158557927897,52.0
1788373132,llama3.1:8b,44.0,6586,1398959,287.89,11.87,50.90128769682413,2.0987123031758737,109.09615384615384,3504934.3773584906,2490080.716981132,53.0,0.108803102414948,979.227921734532,53.0
1788373185,llama3.1:8b,46.0,6593,1787289,284.88,11.96,59.501953914566776,2.4980460854332307,108.68852459016394,3504884.7868852457,2430255.7213114756,62.0,0.11003921568627452,990.3529411764706,62.00000000000001
1788373247,llama3.1:8b,46.0,6592,1833798,277.71,11.92,60.40717467113213,2.5928253288678658,108.96825396825396,3505939.222222222,2459223.4603174604,63.0,0.10938965768390387,984.5069191551348,63.0
1788373310,llama3.1:8b,41.0,6586,1199235,280.11,11.86,54.68462513271911,2.3153748672808847,109.32142857142857,3506012.3214285714,2461041.125,57.0,0.10848742241097681,976.3868016987913,57.0
1788373367,llama3.1:8b,44.0,6581,1164826,269.93,11.9,45.01547031898662,1.984529681013377,109.38297872340425,3507213.3191489363,2551704.914893617,47.0,0.10879206380081698,979.1285742073528,47.0
1788373414,llama3.1:8b,41.0,6583,3505343,285.87,11.9,52.80199482822313,2.198005171776875,109.42592592592592,3506346.1481481483,2606478.537037037,55.0,0.10874936537485193,978.7442883736674,55.00000000000001
1788373469,llama3.1:8b,46.0,6589,1379083,286.59,11.85,52.816143948532364,2.1838560514676315,109.5,3504604.6296296297,2483774.1481481483,55.0,0.10821917808219178,973.972602739726,54.99999999999999
1788373524,llama3.1:8b,46.0,6592,950720,275.57,11.87,46.017812413025325,1.982187586974673,109.72916666666667,3505313.2291666665,2419379.6458333335,48.0,0.10817543193468766,973.5788874121889,48.0
1788373572,llama3.1:8b,46.0,6588,1000000,289.75,11.83,52.84252934544731,2.157470654552689,109.5,3505041.2407407407,2532122.314814815,55.0,0.1080365296803653,972.3287671232877,55.0
1788373627,llama3.1:8b,44.0,6583,1396577,279.65,11.8,57.57076685537828,2.429233144621719,109.58333333333333,3505763.4,2478075.8,60.0,0.10768060836501903,969.1254752851713,60.0
1788373687,llama3.1:8b,46.0,6589,968244,271.94,12.01,51.716006339144215,2.2839936608557845,108.73584905660377,3506249.4716981133,2452568.4716981133,54.0,0.11045115391289259,994.0603852160333,54.0
1788373741,llama3.1:8b,46.0,6590,1161613,284.97,11.98,52.781107930628046,2.2188920693719476,108.85185185185185,3506777.327272727,2414637.909090909,55.0,0.11005784280367473,990.5205852330724,54.99999999999999
1788373796,llama3.1:8b,44.0,6586,1868794,277.37,11.93,45.061838921534736,1.9381610784652608,110.08510638297872,3507493.434782609,2513205.9565217393,47.0,0.10837069965210669,975.3362968689602,47.0
1788373843,llama3.1:8b,42.0,6583,1500000,292.03,11.87,53.81270154656137,2.187298453438631,109.54545454545455,3504525.7321428573,2493806.339285714,56.0,0.10835684647302904,975.2116182572613,56.0
1788373899,llama3.1:8b,44.0,6592,1492484,273.27,11.92,55.57579157754479,2.424208422455205,109.64912280701755,3505805.1754385964,2492188.8245614036,58.0,0.1087104,978.3936,58.0
1788373957,llama3.1:8b,46.0,6596,2564566,273.73,11.91,53.66503290855621,2.334967091443775,109.28571428571429,3506249.839285714,2520297.160714286,56.0,0.10898039215686274,980.8235294117646,55.999999999999986
1788374013,llama3.1:8b,46.0,6593,2377397,287.98,11.91,53.77598452766014,2.2240154723398575,108.87272727272727,3505695.0545454547,2441252.4727272727,56.0,0.1093937875751503,984.5440881763527,56.0
1788374069,llama3.1:8b,44.0,6586,1000000,283.74,11.98,48.93392398214527,2.0660760178547273,109.3,3506653.3725490198,2514431.9411764704,51.0,0.10960658737419945,986.4592863677951,50.99999999999999
1788374120,llama3.1:8b,44.0,6590,1513663,289.93,11.96,40.33608267912154,1.6639173208784657,109.30952380952381,3504576.9024390243,2491892.5853658537,42.0,0.10941407100849489,984.726639076454,42.00000000000001
1788374162,llama3.1:8b,44.0,6587,1900000,283.03,11.89,51.822935033229356,2.1770649667706503,109.32075471698113,3506370.203703704,2434544.0,54.0,0.10876251294442528,978.8626164998276,54.00000000000001
1788374216,llama3.1:8b,46.0,6587,1498094,288.45,11.79,58.60461630695443,2.3953836930455634,109.32786885245902,3505544.1,2451063.0833333335,61.0,0.10784075573549257,970.5668016194331,61.0
1788374277,llama3.1:8b,41.0,6582,1683561,282.6,11.89,51.81975618866515,2.18024381133485,109.71698113207547,3504387.037037037,2418979.888888889,54.0,0.10836973344797937,975.3276010318144,54.0
1788374331,llama3.1:8b,43.0,6578,1188418,277.93,11.82,67.1444348576359,2.855565142364107,109.10144927536231,3504446.855072464,2430783.275362319,70.0,0.10833953241232731,975.0557917109458,70.00000000000001
1788374401,llama3.1:8b,46.0,6583,898317,289.36,11.88,54.752091355729654,2.2479086442703493,109.25454545454545,3505788.25,2510539.875,57.0,0.10873689465801299,978.632051922117,57.0
1788374458,llama3.1:8b,46.0,6586,1464225,278.73,11.92,51.78537760192671,2.2146223980732835,108.9074074074074,3504751.6666666665,2439327.3333333335,54.0,0.10945077367794592,985.0569631015132,53.99999999999999
1788374512,llama3.1:8b,41.0,6588,1597044,287.88,11.94,48.9689813888333,2.0310186111667,109.8,3508329.06,2424930.02,51.0,0.1087431693989071,978.6885245901639,51.0
1788374563,llama3.1:8b,44.0,6581,1155773,283.41,11.79,54.72347560975609,2.2765243902439023,109.48214285714286,3505459.350877193,2449238.3333333335,57.0,0.10768879465013863,969.1991518512476,56.99999999999999
1788374620,llama3.1:8b,43.0,6579,1132758,276.35,11.91,54.64493859709984,2.3550614029001595,109.49122807017544,3504876.1785714286,2459842.535714286,57.0,0.10877583720557603,978.9825348501843,57.0
1788374677,llama3.1:8b,46.0,6582,3078886,287.15,11.9,54.731817421835814,2.268182578164187,109.48214285714286,3505962.8245614036,2437934.350877193,57.0,0.10869352471048768,978.2417223943891,57.0
1788374734,llama3.1:8b,44.0,6592,800000,285.04,11.92,51.83243534482759,2.1675646551724137,109.88679245283019,3506252.547169811,2442542.7924528304,54.0,0.10847527472527473,976.2774725274726,54.0
1788374788,llama3.1:8b,44.0,6590,1612961,282.11,11.9,51.81436005578042,2.1856399442195844,109.55555555555556,3505075.8518518517,2389305.2592592593,54.0,0.10862068965517241,977.5862068965517,54.0
1788374842,llama3.1:8b,46.0,6594,989133,287.87,11.82,53.79131769495145,2.2086823050485505,109.23636363636363,3506633.7454545456,2402010.963636364,56.0,0.10820572569906792,973.8515312916113,56.0
1788374898,llama3.1:8b,46.0,6586,801008,266.8,11.79,58.41846441006496,2.5815355899350294,109.32786885245902,3505824.9166666665,2515881.2333333334,61.0,0.10784075573549257,970.5668016194331,60.99999999999999
1788374959,llama3.1:8b,44.0,6582,1364367,286.39,11.95,46.07736139974526,1.9226386002547429,109.72340425531915,3506606.4166666665,2456137.6458333335,48.0,0.10891021911964319,980.1919720767887,48.0
1788375007,llama3.1:8b,47.0,6585,2076109,282.87,12.04,42.20365535248042,1.796344647519582,108.88372093023256,3504847.6511627906,2551154.88372093,44.0,0.11057667663391713,995.1900897052541,44.0
1788375051,llama3.1:8b,46.0,6590,801598,270.92,11.95,47.88772227525012,2.112277724749885,108.94,3505578.28,2427492.14,50.0,0.10969340921608224,987.2406829447401,50.00000000000001
1788375101,llama3.1:8b,44.0,6590,2424074,274.56,11.97,44.078316406658985,1.9216835933410112,109.33333333333333,3504583.804347826,2445203.8260869565,46.0,0.10948170731707318,985.3353658536587,45.99999999999999
1788375147,llama3.1:8b,46.0,6580,1501315,284.96,11.92,47.03260576663972,1.96739423336028,109.24489795918367,3504321.2916666665,2410519.3958333335,49.0,0.10911264711376797,982.0138240239118,49.0
1788375196,llama3.1:8b,41.0,6587,1485211,285.73,11.85,51.84965387458834,2.1503461254116534,109.54716981132076,3507090.574074074,2504082.462962963,54.0,0.10817258008956251,973.5532208060627,53.99999999999999
1788375250,llama3.1:8b,42.0,6582,1981929,287.36,11.91,56.651986500484504,2.348013499515487,109.24137931034483,3503885.0862068967,2461033.896551724,59.0,0.10902462121212121,981.2215909090909,58.99999999999999
1788375309,llama3.1:8b,44.0,6580,1268711,274.38,11.9,47.921615201900245,2.078384798099763,108.74,3504754.4693877553,2443794.5918367347,50.0,0.10943535037704617,984.9181533934155,50.00000000000001
1788375359,llama3.1:8b,44.0,6584,1454487,284.66,12.1,39.328278743766,1.6717212562339934,109.325,3504639.8536585364,2459066.6097560977,41.0,0.11067916761948318,996.1125085753487,40.99999999999999
1788375400,llama3.1:8b,44.0,6577,1001331,266.99,11.83,54.581557994404996,2.4184420055950073,109.6140350877193,3505597.875,2472427.4285714286,57.0,0.1079241357234315,971.3172215108835,57.0
1788375457,llama3.1:8b,44.0,6589,3191275,272.08,12.07,46.91859933133909,2.0814006686609186,109.10416666666667,3506436.0,2484674.163265306,49.0,0.11062822226465534,995.6540003818981,49.00000000000001
1788375506,llama3.1:8b,46.0,6584,1300000,283.58,11.96,45.09799011978074,1.9020098802192602,108.80851063829788,3506169.170212766,2476967.0,47.0,0.10991787250684397,989.2608525615957,47.0
1788375553,llama3.1:8b,42.0,6579,1854434,278.17,11.89,47.95042405019651,2.049575949803489,109.40816326530613,3503992.5714285714,2434813.1428571427,50.0,0.10867562022010818,978.0805819809736,50.0
1788375603,llama3.1:8b,44.0,6585,802492,286.2,11.76,60.51349174385824,2.486508256141764,109.20967741935483,3505342.7419354836,2580292.9032258065,63.0,0.10768276473194506,969.1448825875055,63.0
1788375666,llama3.1:8b,46.0,6611,954929,279.04,11.85,50.84093643645364,2.1590635635463573,108.77358490566037,3504918.754716981,2493347.2075471696,53.0,0.10894189071986124,980.4770164787511,52.99999999999999
1788375719,llama3.1:8b,41.0,6613,1090371,286.55,11.89,47.04781530625922,1.9521846937407854,109.3125,3505103.4375,2463987.1041666665,49.0,0.1087707261292167,978.9365351629503,49.0
1788375768,llama3.1:8b,44.0,6582,1200000,272.43,11.84,50.7925211946389,2.2074788053611005,109.32075471698113,3506647.132075472,2508639.5849056602,53.0,0.10830514325163963,974.7462892647567,53.0
1788375821,llama3.1:8b,44.0,6584,1001652,275.48,11.9,42.178022130976416,1.8219778690235926,109.86046511627907,3504835.977272727,2453056.0454545454,44.0,0.10831922099915325,974.8729889923793,44.00000000000001
1788375865,llama3.1:8b,44.0,6587,1516253,287.24,11.89,48.012569785711904,1.9874302142881022,109.56,3502749.714285714,2522416.9183673467,50.0,0.10852500912741878,976.725082146769,50.00000000000001
1788375915,llama3.1:8b,41.0,6593,1300000,287.08,11.82,54.745935095349616,2.254064904650385,109.03571428571429,3505906.1428571427,2486817.2678571427,57.0,0.10840484769079593,975.6436292171634,57.0
1788375972,llama3.1:8b,46.0,6594,959994,282.91,11.97,39.33569587628865,1.66430412371134,110.0,3505496.2439024393,2435888.487804878,41.0,0.10881818181818183,979.3636363636365,40.99999999999999
1788376013,llama3.1:8b,44.0,6590,1288573,287.65,11.99,50.87922173274596,2.1207782672540385,109.41509433962264,3506578.962264151,2485563.2264150945,53.0,0.10958268667011554,986.2441800310398,53.0
1788376066,llama3.1:8b,51.0,6580,3500000,286.94,11.88,54.73388662070812,2.2661133792918817,108.85714285714286,3506526.3214285714,2486919.5714285714,57.0,0.10913385826771654,982.2047244094488,57.0
1788376123,llama3.1:8b,44.0,6579,1385125,286.51,11.84,51.85701357466064,2.142986425339367,109.88888888888889,3505630.0566037735,2523840.7358490564,54.0,0.10774519716885743,969.7067745197169,54.00000000000001
1788376177,llama3.1:8b,46.0,6572,1500000,280.48,11.83,51.81458041120728,2.1854195887927204,109.81132075471699,3504419.3333333335,2506568.7592592593,54.0,0.10773024054982817,969.5721649484535,54.0
1788376231,llama3.1:8b,44.0,6584,1503666,278.98,11.79,60.44550675791862,2.5544932420813695,109.2741935483871,3504583.4677419355,2492831.806451613,63.0,0.10789372693726935,971.0435424354241,62.99999999999999
1788376294,llama3.1:8b,46.0,6580,1582229,286.28,11.9,40.32383124287343,1.676168757126568,109.28571428571429,3504222.9285714286,2505337.261904762,42.0,0.10888888888888888,980.0,42.0
1788376336,llama3.1:8b,44.0,6585,2498587,286.61,11.81,53.78379465183299,2.216205348167013,109.50909090909092,3505593.4909090907,2532472.4363636365,56.0,0.10784492777685539,970.6043499916985,56.00000000000001
1788376392,llama3.1:8b,41.0,6585,1596595,271.63,11.88,56.52770625374767,2.472293746252337,109.62068965517241,3506927.9830508474,2451893.186440678,59.0,0.10837370242214533,975.363321799308,59.0
1788376451,llama3.1:8b,44.0,6579,1511914,280.56,11.95,47.957334791972926,2.042665208027076,108.8,3507304.714285714,2474162.4693877553,50.0,0.10983455882352941,988.5110294117648,50.0
1788376501,llama3.1:8b,44.0,6577,901178,293.94,12.07,42.264501160092806,1.735498839907193,109.0,3505931.6818181816,2391222.090909091,44.0,0.11073394495412844,996.605504587156,44.0
1788376545,llama3.1:8b,44.0,6578,1500382,284.06,11.9,55.66792809839168,2.332071901608326,109.5,3504461.0701754387,2487821.5614035088,58.0,0.108675799086758,978.0821917808219,58.0
1788376603,llama3.1:8b,44.0,6569,999302,282.34,12.06,45.074660326086956,1.9253396739130437,110.23913043478261,3506288.0,2470739.5531914895,47.0,0.10939854072175113,984.5868664957602,47.0
1788376650,llama3.1:8b,45.0,6578,1311246,282.69,11.95,51.80986967146348,2.1901303285365192,109.22222222222223,3505130.886792453,2493523.0754716983,54.0,0.10940996948118005,984.6897253306204,54.0
1788376704,llama3.1:8b,44.0,6578,800000,282.46,11.88,49.90120269076578,2.0987973092342194,109.41176470588235,3505007.846153846,2478960.6346153845,52.0,0.10858064516129033,977.225806451613,52.0
1788376756,llama3.1:8b,42.0,6573,1200000,267.55,11.9,52.65789944533906,2.3421005546609415,109.16666666666667,3504242.2592592593,2473343.925925926,55.0,0.10900763358778626,981.0687022900763,55.0
1788376811,llama3.1:8b,46.0,6571,1486659,280.23,11.99,50.825371295599204,2.174628704400794,109.35849056603773,3505903.4905660376,2500847.037735849,53.0,0.10963940648723258,986.7546583850932,53.0
1788376864,llama3.1:8b,44.0,6581,1474110,287.74,11.99,44.159877222833885,1.8401227771661162,109.26666666666667,3505084.777777778,2494284.0222222223,46.0,0.10973154362416107,987.5838926174496,46.0
1788376910,llama3.1:8b,41.0,6576,1561756,290.18,11.95,48.98282196405521,2.017178035944792,109.56862745098039,3505049.0196078434,2427131.0588235296,51.0,0.10906406585540444,981.5765926986401,51.00000000000001
1788376961,llama3.1:8b,46.0,6574,2000000,274.8,11.97,46.954702374725386,2.04529762527461,110.0,3504746.6041666665,2469975.0208333335,49.0,0.10881818181818183,979.3636363636365,48.99999999999999
1788377010,llama3.1:8b,46.0,6578,2900000,278.44,12.01,47.932518505766915,2.0674814942330864,109.36734693877551,3505014.82,2443696.14,50.0,0.10981339802201903,988.3205821981713,50.0
1788377060,llama3.1:8b,44.0,6580,1773655,273.16,11.72,62.325891603482155,2.674108396517832,109.2,3505729.921875,2455078.140625,65.0,0.10732600732600733,965.934065934066,64.99999999999999
1788377125,llama3.1:8b,41.0,6580,1100000,281.41,11.97,41.24558592951121,1.7544140704887856,109.42857142857143,3505799.9534883723,2567013.1860465114,43.0,0.10938642297650131,984.4778067885118,42.99999999999999
1788377168,llama3.1:8b,46.0,6582,2471917,281.49,12.03,49.86876533115291,2.1312346688470973,108.90384615384616,3505159.470588235,2477516.0,52.0,0.11046441815292246,994.1797633763022,52.00000000000001
1788377220,llama3.1:8b,44.0,6589,1400000,278.94,11.78,56.609314804623004,2.390685195376995,109.77586206896552,3506925.033898305,2476768.525423729,59.0,0.10730956494424375,965.7860844981936,59.0
1788377279,llama3.1:8b,41.0,6584,1794781,288.18,11.87,55.705515747375436,2.2944842526245623,109.17543859649123,3505359.192982456,2471470.6666666665,58.0,0.10872408806042101,978.516792543789,58.0
1788377337,llama3.1:8b,41.0,6583,1748228,281.98,11.84,59.50159961881425,2.49840038118576,109.48387096774194,3505168.4590163934,2470228.819672131,62.0,0.10814378314672952,973.2940483205658,62.00000000000001
1788377399,llama3.1:8b,41.0,6591,1408136,287.52,11.83,56.668381493235344,2.331618506764657,109.51724137931035,3507029.6440677964,2481219.7118644067,59.0,0.10801952141057934,972.1756926952141,59.0
1788377458,llama3.1:8b,48.0,6578,3000000,286.18,11.99,49.90897809974176,2.0910219002582418,108.80392156862744,3505421.7647058824,2498277.1960784313,52.0,0.11019823391602092,991.7841052441883,52.0
1788377510,llama3.1:8b,44.0,6589,868705,277.64,11.77,57.55986316989738,2.440136830102623,109.26666666666667,3504781.466666667,2547570.8333333335,60.0,0.10771812080536912,969.4630872483222,60.00000000000001
1788377570,llama3.1:8b,44.0,6586,823057,282.98,11.86,52.78761362094695,2.2123863790530454,109.42592592592592,3504614.7407407407,2429398.296296296,55.0,0.1083838212895583,975.4543916060247,54.99999999999999
1788377625,llama3.1:8b,44.0,6592,1271725,285.84,11.96,43.19274680993956,1.8072531900604436,109.11111111111111,3505357.3333333335,2403983.2444444443,45.0,0.10961303462321793,986.5173116089614,45.0
1788377670,llama3.1:8b,44.0,6585,1388812,276.02,11.91,46.97315319695759,2.026846803042406,109.5625,3506366.5833333335,2472566.6041666665,49.0,0.10870507701083856,978.345693097547,48.99999999999999
1788377719,llama3.1:8b,44.0,6588,1562235,285.85,11.95,47.033747481531236,1.9662525184687707,109.29166666666667,3505117.224489796,2477175.0408163266,49.0,0.10934044986656499,984.064048799085,49.00000000000001
1788377768,llama3.1:8b,44.0,6583,2302702,277.19,11.79,57.552079728700946,2.4479202712990515,109.08333333333333,3506159.7118644067,2497369.033898305,60.0,0.10808250572956454,972.7425515660809,60.0
1788377828,llama3.1:8b,44.0,6595,1798103,274.56,11.82,52.72993924156715,2.2700607584328516,109.38888888888889,3489816.4545454546,2426624.981818182,55.0,0.10805485017775521,972.4936515997969,55.0
1788377883,llama3.1:8b,44.0,6585,1493052,272.83,11.88,49.83021319939588,2.1697868006041237,109.15384615384616,3505533.1764705884,2456176.411764706,52.0,0.10883720930232559,979.5348837209302,52.0
1788377935,llama3.1:8b,43.0,6589,1554487,276.06,11.78,53.708171206225686,2.291828793774319,109.14545454545454,3503833.6964285714,2484135.0535714286,56.0,0.10792936864900883,971.3643178410795,56.00000000000001
1788377991,llama3.1:8b,44.0,6595,2460646,279.64,11.82,56.607287449392715,2.3927125506072873,109.15517241379311,3506403.5344827585,2514715.8448275863,59.0,0.10828621070920866,974.575896382878,59.0
1788378050,llama3.1:8b,46.0,6587,1834768,270.18,11.8,58.44733669054543,2.552663309454571,109.51666666666667,3505748.5,2495282.3,61.0,0.10774615735808858,969.7154162227972,61.0
1788378111,llama3.1:8b,44.0,6585,1083603,290.2,11.92,49.94836488812392,2.0516351118760756,109.15384615384616,3505303.076923077,2564708.173076923,52.0,0.10920366455250176,982.8329809725158,51.99999999999999
1788378163,llama3.1:8b,44.0,6576,1335237,274.8,11.97,42.16340621403912,1.8365937859608743,109.23255813953489,3505866.465116279,2504204.7906976743,44.0,0.10958271236959762,986.2444113263784,43.99999999999999
1788378207,llama3.1:8b,44.0,6581,800000,276.5,11.96,47.926922276918816,2.07307772308119,109.36,3505945.8,2427219.16,50.0,0.10936356986100952,984.2721287490857,50.00000000000001
1788378257,llama3.1:8b,44.0,6587,1606906,280.22,11.91,53.71690685653647,2.2830931434635264,109.72727272727273,3504313.8,2485637.290909091,56.0,0.10854183927091964,976.8765534382768,55.99999999999999
1788378313,llama3.1:8b,43.0,6587,1440809,279.6,11.81,56.60890154764765,2.3910984523523555,109.55172413793103,3505396.372881356,2466971.5423728814,59.0,0.10780295876613158,970.2266288951843,59.0
1788378372,llama3.1:8b,44.0,6581,1500000,279.46,11.94,56.58249828414551,2.4175017158544954,108.67796610169492,3505762.8620689656,2433227.396551724,59.0,0.109865876481597,988.792888334373,59.0
1788378431,llama3.1:8b,44.0,6585,2978070,283.24,11.93,52.7770437375072,2.2229562624928003,109.12962962962963,3504106.1636363636,2438061.5636363635,55.0,0.10931953164771763,983.8757848294587,55.0
1788378486,llama3.1:8b,44.0,6585,1169586,277.15,11.96,47.931583134447095,2.0684168655529045,109.18,3508026.2040816327,2477814.93877551,50.0,0.10954387250412163,985.8948525370947,50.0
1788378536,llama3.1:8b,46.0,6582,1681189,276.0,12.06,42.15788377421371,1.8421162257862946,109.44186046511628,3505006.0454545454,2431065.159090909,44.0,0.1101954951126222,991.7594560135997,44.0
1788378580,llama3.1:8b,42.0,6585,823736,287.13,11.98,54.71702718063588,2.282972819364114,109.83928571428571,3505201.589285714,2448336.214285714,57.0,0.1090684441554219,981.615997398797,56.99999999999999
1788378637,llama3.1:8b,42.0,6584,1117672,274.99,11.96,51.749294302143234,2.2507056978567697,109.48148148148148,3507014.8703703703,2463862.0,54.0,0.10924221921515563,983.1799729364008,54.0
1788378691,llama3.1:8b,44.0,6587,1448714,285.39,11.95,51.82975718033228,2.170242819667721,108.77358490566037,3504777.886792453,2467473.3773584906,54.0,0.10986123156981786,988.7510841283608,54.0
1788378745,llama3.1:8b,46.0,6585,1653558,287.55,11.9,51.85406578727668,2.1459342127233265,108.9074074074074,3505944.277777778,2452328.703703704,54.0,0.10926713144023126,983.4041829620812,54.00000000000001
1788378799,llama3.1:8b,41.0,6573,798051,278.64,11.9,45.07496386039788,1.9250361396021205,109.78260869565217,3505440.913043478,2556117.413043478,47.0,0.1083960396039604,975.5643564356436,47.0
1788378846,llama3.1:8b,44.0,6580,1400000,276.28,12.0,46.00194255584848,1.9980574441515198,109.51063829787235,3505606.9375,2388731.3958333335,48.0,0.10957839518165921,986.2055566349329,48.0
1788378894,llama3.1:8b,44.0,6591,1298150,275.97,11.77,67.13665114339335,2.8633488566066583,109.32857142857142,3504756.0,2459824.7536231885,70.0,0.10765712792369006,968.9141513132106,70.00000000000001
1788378964,llama3.1:8b,46.0,6583,3500000,285.53,11.92,53.75585812741637,2.2441418725836275,109.07272727272728,3505902.4363636365,2438688.4,56.0,0.1092848808134689,983.5639273212201,55.99999999999999
1788379020,llama3.1:8b,44.0,6589,1538867,271.0,11.93,43.10253419573746,1.8974658042625383,109.13333333333334,3504730.7333333334,2464621.8444444444,45.0,0.10931582162492363,983.8423946243128,45.0
1788379065,llama3.1:8b,46.0,6593,3381300,274.33,11.85,50.80540219442309,2.1945978055769095,109.61538461538461,3506461.346153846,2476551.3076923075,53.0,0.10810526315789473,972.9473684210525,53.0
1788379118,llama3.1:8b,44.0,6583,1905941,282.13,11.75,60.481114740710495,2.518885259289506,109.16129032258064,3505352.9206349207,2477137.619047619,63.0,0.1076388888888889,968.75,63.0
1788379181,llama3.1:8b,46.0,6575,911860,282.5,11.89,47.98056999218724,2.0194300078127654,109.84,3506229.5918367347,2526934.897959184,50.0,0.10824836125273125,974.2352512745813,50.00000000000001
1788379231,llama3.1:8b,42.0,6579,3005615,287.71,11.82,53.79013788268287,2.2098621173171304,109.81818181818181,3503880.535714286,2467538.964285714,56.0,0.10763245033112584,968.6920529801325,56.0
1788379287,llama3.1:8b,44.0,6589,1508715,289.07,11.76,58.61539740052521,2.384602599474787,109.18333333333334,3505021.9,2467801.45,61.0,0.10770874675622041,969.3787208059838,61.0
1788379348,llama3.1:8b,46.0,6588,1086031,281.2,11.86,50.855114993516686,2.144885006483314,109.16981132075472,3472726.320754717,2503776.5849056602,53.0,0.10863809194607674,977.7428275146906,53.0
1788379401,llama3.1:8b,41.0,6594,1588367,275.57,11.75,59.464499512738406,2.53550048726159,109.54098360655738,3507279.9344262294,2550283.098360656,62.0,0.10726578868602216,965.3920981741993,62.0
1788379463,llama3.1:8b,44.0,6586,1130386,285.87,11.96,50.87167175905718,2.12832824094282,109.3076923076923,3464648.1886792453,2399572.849056604,53.0,0.1094159042927516,984.7431386347644,53.0
1788379516,llama3.1:8b,44.0,6591,1495096,277.73,12.03,42.173246824958596,1.8267531750414137,109.8409090909091,3506057.2325581396,2519596.3255813955,44.0,0.10952203600248292,985.6983240223464,44.00000000000001
1788379560,llama3.1:8b,44.0,6582,1463259,288.14,11.94,47.05031991468942,1.9496800853105838,109.22916666666667,3503617.4285714286,2413669.102040816,49.0,0.10931146290291817,983.8031661262635,49.0
1788379609,llama3.1:8b,44.0,6577,1375739,273.72,12.04,46.93547032474804,2.064529675251959,108.38775510204081,3507960.3958333335,2455861.0625,49.0,0.11108265863302579,999.7439276972322,49.0
1788379658,llama3.1:8b,44.0,6585,1926098,281.06,11.84,63.33205872311369,2.6679412768863098,109.33846153846154,3506088.4,2448497.8615384614,66.0,0.10828760377093007,974.5884339383706,66.0
1788379724,llama3.1:8b,41.0,6588,1907563,284.96,11.85,55.68437721101041,2.315622788989589,109.3157894736842,3506632.603448276,2489086.1896551726,58.0,0.10840154068367838,975.6138661531055,57.99999999999999
1788379782,llama3.1:8b,44.0,6592,961206,275.55,12.02,49.82647703167925,2.1735229683207566,109.86538461538461,3507989.1764705884,2483245.156862745,52.0,0.10940661648870996,984.6595483983896,52.0
1788379834,llama3.1:8b,44.0,6582,1280409,282.57,11.78,67.1985731272295,2.8014268727705116,109.66666666666667,3505585.7,2494552.242857143,70.0,0.10741641337386017,966.7477203647416,70.0
1788379904,llama3.1:8b,44.0,6583,1281870,283.73,11.96,49.89671615543306,2.1032838445669455,109.56862745098039,3504673.705882353,2487956.098039216,52.0,0.10915533285612027,982.3979957050824,52.00000000000001
1788379956,llama3.1:8b,44.0,6586,1664000,294.48,11.98,49.96723879135939,2.0327612086406055,109.21153846153847,3504838.673076923,2432628.5,52.0,0.10969536890297588,987.2583201267829,52.0
1788380008,llama3.1:8b,42.0,6586,1782871,277.08,12.03,47.91947701566878,2.080522984331224,109.44897959183673,3503950.5306122447,2360713.5306122447,50.0,0.10991422711169122,989.2280440052209,50.00000000000001
1788380058,llama3.1:8b,46.0,6591,1577338,272.47,11.98,48.852065389347864,2.1479346106521353,109.52941176470588,3505420.705882353,2519895.5490196077,51.0,0.10937701396348014,984.3931256713212,51.0
1788380109,llama3.1:8b,44.0,6596,1412348,278.68,12.04,44.09493670886076,1.9050632911392402,109.2,3504234.3777777776,2437506.9777777777,46.0,0.11025641025641024,992.3076923076922,46.0
1788380155,llama3.1:8b,42.0,6591,2668101,289.93,12.04,42.245653541742556,1.7543464582574426,109.1590909090909,3505089.409090909,2480858.772727273,44.0,0.110297730585051,992.679575265459,44.0
1788380199,llama3.1:8b,44.0,6590,1800000,274.75,11.85,53.68457780879274,2.315422191207257,109.49090909090908,3505161.327272727,2433773.0727272728,56.0,0.1082281634008635,974.0534706077715,55.99999999999999
1788380255,llama3.1:8b,44.0,6585,1378170,266.97,11.89,46.910743742379694,2.0892562576203115,109.3125,3508855.4081632653,2447355.3673469387,49.0,0.1087707261292167,978.9365351629503,49.00000000000001
1788380304,llama3.1:8b,44.0,6586,1154347,292.51,11.93,43.23659834450138,1.7634016554986205,109.55555555555556,3505172.840909091,2486987.477272727,45.0,0.108894523326572,980.050709939148,45.0
1788380349,llama3.1:8b,44.0,6591,968847,288.16,11.96,49.927762228441956,2.0722377715580436,108.84313725490196,3503815.596153846,2368485.3076923075,52.0,0.10988290398126464,988.9461358313819,52.0
1788380401,llama3.1:8b,44.0,6585,1591371,281.59,11.97,47.96123450061316,2.0387654993868374,109.26,3504621.387755102,2440823.6938775512,50.0,0.10955518945634267,985.9967051070839,50.0
1788380451,llama3.1:8b,46.0,6583,994539,282.96,11.73,59.53211849740405,2.4678815025959486,110.0,3504298.2741935486,2466630.709677419,62.0,0.10663636363636364,959.7272727272727,62.0
1788380513,llama3.1:8b,46.0,6578,2682901,277.26,11.88,46.98671923635609,2.01328076364391,109.625,3506549.8958333335,2585438.3333333335,49.0,0.10836944127708097,975.3249714937286,49.0
1788380562,llama3.1:8b,44.0,6582,1776915,278.53,11.9,45.07423475536274,1.9257652446372624,109.08510638297872,3507839.787234043,2532027.6170212766,47.0,0.10908913594694754,981.8022235225278,47.0
1788380609,llama3.1:8b,44.0,6577,1601015,284.31,11.88,50.87420237010028,2.1257976298997265,109.28846153846153,3506770.7884615385,2481769.5576923075,53.0,0.10870314974485308,978.3283477036778,53.00000000000001
1788380662,llama3.1:8b,46.0,6587,1713091,292.18,11.88,55.73386831546405,2.266131684535947,109.5,3506157.293103448,2503609.6896551726,58.0,0.10849315068493151,976.4383561643835,58.0
1788380720,llama3.1:8b,42.0,6575,3235785,273.32,12.07,43.09681488489436,1.903185115105645,110.02272727272727,3504668.3863636362,2476262.5681818184,45.0,0.10970460648626318,987.3414583763686,45.0
1788380765,llama3.1:8b,44.0,6582,3500000,279.71,12.05,45.05884973951193,1.9411502604880726,109.38297872340425,3505590.8936170214,2459699.0425531915,47.0,0.1101633923361214,991.4705310250924,47.0
1788380812,llama3.1:8b,47.0,6583,2400000,286.09,11.9,56.64388066713648,2.356119332863519,108.93103448275862,3505223.8448275863,2472700.1896551726,59.0,0.1092434314656537,983.1908831908834,59.0
1788380871,llama3.1:8b,44.0,6579,1736430,279.6,11.81,51.81153700971141,2.188462990288597,108.79245283018868,3506268.407407407,2461039.2592592593,54.0,0.10855532431494971,976.9979188345475,54.00000000000001
1788380925,llama3.1:8b,44.0,6586,1000000,275.93,11.86,42.18673338197991,1.813266618020084,109.13636363636364,3505404.418604651,2425415.6511627906,44.0,0.10867138692211578,978.042482299042,44.0
1788380969,llama3.1:8b,46.0,6584,1263014,281.03,11.82,60.45719651698822,2.5428034830117814,109.0,3505468.26984127,2500223.0317460317,63.0,0.10844036697247707,975.9633027522937,63.0
1788381032,llama3.1:8b,44.0,6584,796703,280.72,12.08,48.89590163934427,2.1040983606557373,109.28,3507764.78,2464286.66,51.0,0.11054172767203514,994.8755490483163,51.00000000000001
1788381083,llama3.1:8b,47.0,6588,2530158,287.28,11.95,53.76359322260468,2.236406777395315,109.33928571428571,3504383.8571428573,2407813.035714286,56.0,0.1092928303119386,983.6354728074474,56.0
1788381139,llama3.1:8b,42.0,6576,1587619,286.51,12.08,37.42218426605044,1.5778157339495633,109.23684210526316,3505223.710526316,2351764.1842105263,39.0,0.1105854011081667,995.2686099735002,39.0
1788381178,llama3.1:8b,41.0,6579,998333,288.46,11.78,55.72435385025313,2.2756461497468696,109.37931034482759,3504165.672413793,2493752.827586207,58.0,0.10769861286254728,969.2875157629256,58.0
1788381236,llama3.1:8b,46.0,6575,2892261,283.75,11.86,49.9137376949359,2.0862623050641047,109.58823529411765,3504804.6078431373,2506365.8235294116,52.0,0.10822329575952763,974.0096618357487,52.0
1788381288,llama3.1:8b,44.0,6571,800000,286.57,11.82,48.97975803478669,2.020241965213312,109.29411764705883,3505072.431372549,2507028.470588235,51.0,0.10814854682454252,973.3369214208826,51.0
1788381339,llama3.1:8b,44.0,6582,1368034,289.82,11.9,53.791329709664595,2.2086702903354105,109.45454545454545,3506814.981818182,2424087.7818181817,56.0,0.10872093023255815,978.4883720930234,56.00000000000001
1788381395,llama3.1:8b,44.0,6579,1481510,276.05,11.9,57.520402847716625,2.479597152283383,109.52542372881356,3505976.627118644,2467577.7288135593,60.0,0.10865057257814918,977.8551532033426,60.00000000000001
1788381455,llama3.1:8b,44.0,6589,1351046,272.76,11.94,52.69336143308746,2.3066385669125395,109.89090909090909,3504512.727272727,2396688.381818182,55.0,0.10865320979483785,977.8788881535406,55.0
1788381510,llama3.1:8b,46.0,6589,3500000,286.14,11.8,57.62368262066188,2.376317379338122,109.45762711864407,3505788.86440678,2496555.440677966,60.0,0.10780427376896873,970.2384639207185,60.0
1788381570,llama3.1:8b,44.0,6584,2177358,279.22,11.85,57.55728862472944,2.442711375270553,109.1864406779661,3504908.45,2403503.8666666667,60.0,0.1085299596398634,976.7696367587705,59.99999999999999
1788381630,llama3.1:8b,44.0,6583,1800000,281.87,11.97,43.16685951538252,1.8331404846174788,108.8,3506920.0454545454,2484022.8181818184,45.0,0.11001838235294119,990.1654411764706,45.0
1788381675,llama3.1:8b,44.0,6577,1489347,286.85,11.86,54.736868534699205,2.263131465300793,108.83928571428571,3505653.736842105,2424014.543859649,57.0,0.10896800656275636,980.7120590648072,57.0
1788381732,llama3.1:8b,46.0,6580,1462907,279.79,11.92,54.670837475575055,2.3291625244249423,109.23214285714286,3504740.7678571427,2505831.214285714,57.0,0.10912538826222004,982.1284943599804,57.0
1788381789,llama3.1:8b,44.0,6581,800000,286.9,11.95,51.840722770620715,2.159277229379287,109.27777777777777,3504749.3703703703,2474107.7592592593,54.0,0.10935434672089477,984.1891204880528,54.0
1788381843,llama3.1:8b,42.0,6575,1000518,287.75,12.07,42.22867053565473,1.771329464345274,109.55813953488372,3504817.8139534886,2422177.581395349,44.0,0.11016981532583316,991.5283379324984,44.0
1788381887,llama3.1:8b,46.0,6561,1485776,287.05,11.75,61.48326639892905,2.5167336010709502,108.984375,3505997.53125,2472681.5,64.0,0.10781362007168459,970.3225806451613,64.0
1788381951,llama3.1:8b,44.0,6573,1401061,289.6,11.86,48.993564652026805,2.006435347973197,108.84,3504562.26,2540560.5,51.0,0.10896729143697169,980.7056229327452,51.0
1788382002,llama3.1:8b,46.0,6578,1592260,288.51,11.89,48.981391478029295,2.0186085219707057,109.24,3504304.843137255,2496249.470588235,51.0,0.1088429146832662,979.5862321493958,51.0
1788382053,llama3.1:8b,42.0,6569,1600000,282.41,11.82,52.79050402746151,2.20949597253849,109.54545454545455,3506073.111111111,2489148.277777778,55.0,0.10790041493775934,971.103734439834,55.0
1788382108,llama3.1:8b,41.0,6567,1915447,281.73,11.98,46.042150420482784,1.9578495795172106,109.72340425531915,3505590.8541666665,2467342.25,48.0,0.10918363389567579,982.6527050610821,47.99999999999999
1788382156,llama3.1:8b,41.0,6579,1549890,269.84,11.79,60.36260341582928,2.6373965841707205,109.69354838709677,3504206.1774193547,2434694.5483870967,63.0,0.1074812527569475,967.3312748125276,63.0
1788382219,llama3.1:8b,46.0,6586,1638312,283.25,12.02,47.005283300030484,1.9947166999695194,108.77551020408163,3506616.163265306,2493911.326530612,49.0,0.11050281425891183,994.5253283302064,49.00000000000001
1788382268,llama3.1:8b,44.0,6586,1476112,276.94,11.85,52.74316977734686,2.256830222653139,109.0,3505479.777777778,2496150.925925926,55.0,0.10871559633027522,978.440366972477,54.99999999999999
1788382323,llama3.1:8b,44.0,6575,3500000,275.82,11.96,40.254499965251235,1.7455000347487668,109.42857142857143,3505897.880952381,2480280.1666666665,42.0,0.10929503916449086,983.6553524804178,42.0
1788382365,llama3.1:8b,46.0,6581,1600000,285.49,11.98,48.94607859616096,2.0539214038390425,109.6,3504897.7,2446298.86,51.0,0.10930656934306571,983.7591240875913,51.0
1788382416,llama3.1:8b,44.0,6582,1600000,286.69,11.9,47.047154961653106,1.9528450383468972,109.59183673469387,3506435.2448979593,2504963.4693877553,49.0,0.10858472998137804,977.2625698324024,49.0
1788382465,llama3.1:8b,41.0,6571,1483714,275.81,11.92,42.177179995134324,1.8228200048656726,109.53488372093024,3505740.6279069767,2525973.534883721,44.0,0.10882377919320593,979.4140127388533,44.0
1788382509,llama3.1:8b,44.0,6576,1192518,276.49,11.92,51.76817724766825,2.2318227523317495,109.24074074074075,3504495.0,2501728.9814814813,54.0,0.10911679945753516,982.0511951178165,54.0
1788382563,llama3.1:8b,44.0,6580,1238218,280.65,11.92,54.677683973066266,2.3223160269337253,109.16071428571429,3505811.625,2460472.9821428573,57.0,0.10919679371830525,982.7711434647473,56.99999999999999
1788382620,llama3.1:8b,44.0,6577,1488055,281.28,11.9,44.13288764581486,1.8671123541851427,109.11111111111111,3503435.586956522,2413703.6304347827,46.0,0.10906313645621181,981.5682281059063,46.00000000000001
1788382666,llama3.1:8b,44.0,6585,1900000,275.5,11.77,60.41876979844746,2.5812302015525463,109.33333333333333,3505254.6129032257,2460433.7419354836,63.0,0.10765243902439024,968.8719512195121,63.0
1788382729,llama3.1:8b,46.0,6573,1502066,278.3,11.88,54.66641394996209,2.3335860500379075,110.08928571428571,3504685.5535714286,2431020.035714286,57.0,0.1079124087591241,971.2116788321168,57.0
1788382786,llama3.1:8b,44.0,6585,800000,271.19,11.87,50.77746767469794,2.222532325302056,109.73076923076923,3505076.3584905663,2462806.0754716983,53.0,0.108173852085524,973.564668769716,52.99999999999999
1788382839,llama3.1:8b,44.0,6602,1764948,272.47,11.85,48.87440208216094,2.125597917839054,109.50980392156863,3503853.78,2457332.12,51.0,0.10820948970456579,973.8854073410921,50.99999999999999
1788382890,llama3.1:8b,44.0,6594,1087149,278.44,11.86,51.793868411987596,2.2061315880124006,109.05660377358491,3504467.4814814813,2449486.2592592593,54.0,0.10875086505190311,978.757785467128,54.0
1788382944,llama3.1:8b,42.0,6596,3073242,285.68,11.89,47.042107739355444,1.9578922606445543,109.75510204081633,3504801.5208333335,2458882.7708333335,49.0,0.10833209371513575,974.9888434362216,49.0
1788382993,llama3.1:8b,40.0,6603,1400000,269.87,11.87,49.80918577411798,2.190814225882019,109.3921568627451,3503361.9423076925,2444791.5,52.0,0.108508693314214,976.578239827926,52.0
1788383045,llama3.1:8b,44.0,6603,2000000,283.15,11.75,58.56951508986097,2.4304849101390307,109.61666666666666,3504938.7666666666,2480315.7333333334,61.0,0.10719172875171051,964.7255587653947,61.0
1788383106,llama3.1:8b,44.0,6594,1000000,286.5,11.91,42.243892630944,1.7561073690559965,109.1590909090909,3506467.8863636362,2498733.840909091,44.0,0.10910680824484698,981.9612742036228,44.0
1788383150,llama3.1:8b,44.0,6586,1500000,288.74,11.96,49.931759228466916,2.0682407715330897,109.7843137254902,3506934.0588235296,2527810.0,52.0,0.1089408823004108,980.4679407036971,52.00000000000001
1788383202,llama3.1:8b,44.0,6597,740559,288.41,12.06,45.113555429826604,1.886444570173395,108.7872340425532,3506088.4680851065,2439865.085106383,47.0,0.1108585957363583,997.7273616272247,47.0
1788383249,llama3.1:8b,46.0,6593,1000000,288.02,12.0,48.00013332444504,1.9998666755549632,109.24489795918367,3504292.612244898,2490637.612244898,50.0,0.10984494675882682,988.6045208294413,50.0
1788383299,llama3.1:8b,46.0,6597,1170892,274.99,11.92,44.088878045380085,1.9111219546199156,109.52173913043478,3506217.695652174,2451682.586956522,46.0,0.10883684001587932,979.5315601429138,46.0
1788383345,llama3.1:8b,41.0,6594,1503213,270.08,11.93,42.138647565689155,1.86135243431084,109.5813953488372,3506222.409090909,2455698.727272727,44.0,0.1088688455008489,979.8196095076402,43.99999999999999
1788383389,llama3.1:8b,44.0,6599,3100000,277.48,11.95,43.1420377984314,1.8579622015686001,109.22222222222223,3507206.3636363638,2521059.2045454546,45.0,0.10940996948118005,984.6897253306204,45.0
1788383434,llama3.1:8b,44.0,6588,1600000,290.11,11.82,51.88600006624052,2.1139999337594806,109.37735849056604,3505615.925925926,2514046.8333333335,54.0,0.10806624115922028,972.5961704329826,54.0
1788383488,llama3.1:8b,42.0,6593,2466834,280.18,11.91,46.04279502892943,1.9572049710705601,109.06382978723404,3505656.1276595746,2505532.510638298,48.0,0.10920210690596957,982.8189621537261,47.99999999999999
1788383536,llama3.1:8b,44.0,6591,2958139,275.03,11.82,50.816071117308695,2.1839288826913026,109.28301886792453,3506264.7735849055,2482938.754716981,53.0,0.10815953038674034,973.4357734806631,53.0
1788383589,llama3.1:8b,46.0,6582,1536187,279.64,11.78,60.45336627547869,2.54663372452131,109.09677419354838,3505611.4677419355,2510179.419354839,63.0,0.10797752808988764,971.7977528089888,63.0
1788383652,llama3.1:8b,44.0,6584,987803,281.38,11.89,53.729600709244046,2.2703992907559587,109.4,3503420.5090909093,2478331.6363636362,56.0,0.1086837294332724,978.1535648994516,56.00000000000001
1788383708,llama3.1:8b,44.0,6584,900259,277.22,11.95,48.892416225749564,2.1075837742504406,109.68627450980392,3506386.882352941,2434648.4509803923,51.0,0.10894708616374686,980.5237754737218,51.00000000000001
1788383759,llama3.1:8b,44.0,6585,988926,280.6,11.88,52.766001094091905,2.2339989059080962,109.20370370370371,3505673.425925926,2456653.2592592593,55.0,0.10878751907749704,979.0876716974733,55.0
1788383814,llama3.1:8b,44.0,6593,1554891,274.8,11.96,38.33170595620031,1.6682940437996931,109.05,3505874.8,2466557.925,40.0,0.10967446125630446,987.0701513067402,40.0
1788383854,llama3.1:8b,46.0,6594,3126696,275.86,11.87,60.40100093837973,2.5989990616202685,108.96774193548387,3503911.193548387,2453798.0,63.0,0.10893132030787447,980.3818827708703,63.0
1788383917,llama3.1:8b,44.0,6578,1590033,284.96,11.96,52.784588441331,2.215411558669002,109.22222222222223,3505037.3636363638,2394160.727272727,55.0,0.10950152594099695,985.5137334689725,55.00000000000001
1788383972,llama3.1:8b,44.0,6583,800000,281.97,11.94,50.84689190568541,2.153108094314586,109.71698113207547,3505829.25,2495045.980769231,53.0,0.10882545141874461,979.4290627687016,53.0
1788384025,llama3.1:8b,47.0,6591,1600000,285.04,11.83,56.648903560481024,2.3510964395189817,108.91379310344827,3507529.6440677964,2497275.694915254,59.0,0.10861801488048124,977.5621339243312,59.00000000000001
1788384084,llama3.1:8b,43.0,6588,2182306,279.69,11.82,51.81043531954307,2.1895646804569315,109.25925925925925,3504488.0943396227,2509777.2075471696,54.0,0.10818305084745763,973.6474576271187,54.0
1788384138,llama3.1:8b,44.0,6590,2500000,274.84,11.85,51.76797237434162,2.2320276256583766,109.11320754716981,3504646.9814814813,2430186.703703704,54.0,0.10860280131419678,977.425211827771,53.99999999999999
1788384192,llama3.1:8b,44.0,6591,1490065,285.83,11.94,47.99509688685898,2.004903113141015,108.59183673469387,3505061.5102040814,2518448.3061224488,50.0,0.1099530163503101,989.5771471527909,49.99999999999999
1788384242,llama3.1:8b,46.0,6585,3500000,277.24,11.91,48.899325609545215,2.100674390454781,108.86274509803921,3505173.705882353,2490764.0392156863,51.0,0.10940381844380404,984.6343659942363,51.0
1788384293,llama3.1:8b,46.0,6583,900000,289.42,11.79,57.65147239467481,2.348527605325188,108.83050847457628,3505272.2711864407,2530673.2033898304,60.0,0.10833359289830242,975.0023360847217,60.0
1788384353,llama3.1:8b,44.0,6590,1168384,273.8,11.91,50.790661859927894,2.209338140072101,108.57692307692308,3507232.423076923,2484319.5,53.0,0.10969181721572795,987.2263549415516,52.99999999999999
1788384406,llama3.1:8b,43.0,6594,925986,285.41,11.88,52.80214605267584,2.1978539473241616,109.63636363636364,3504552.0,2551674.4727272727,55.0,0.10835820895522388,975.223880597015,55.0
1788384461,llama3.1:8b,44.0,6593,969020,269.3,11.81,53.64732666927537,2.3526733307246275,109.21818181818182,3505555.7818181817,2465871.290909091,56.0,0.10813217912435492,973.1896121191944,56.0
1788384517,llama3.1:8b,43.0,6594,1806122,285.36,11.86,51.84523248771953,2.1547675122804657,109.24528301886792,3506646.888888889,2462186.7592592593,54.0,0.10856303972366148,977.0673575129533,53.99999999999999
1788384571,llama3.1:8b,46.0,6590,2198047,272.86,11.9,44.07767944936087,1.9223205506391348,109.30434782608695,3506514.466666667,2521636.3333333335,46.0,0.1088703261734288,979.8329355608591,46.00000000000001
1788384617,llama3.1:8b,44.0,6587,1100000,274.68,11.88,48.8856783919598,2.1143216080402008,109.22,3504301.0784313725,2493539.274509804,51.0,0.10877128731001649,978.9415857901483,51.0
1788384668,llama3.1:8b,44.0,6597,1900000,284.22,11.87,47.03563105812422,1.9643689418757808,109.40816326530613,3505043.5625,2461593.9791666665,49.0,0.10849281850401044,976.435366536094,49.0
1788384717,llama3.1:8b,46.0,6596,2690356,289.74,11.8,59.573787888837295,2.426212111162698,109.14754098360656,3504951.0,2458624.7741935486,62.0,0.10811054370681887,972.9948933613699,61.99999999999999
1788384779,llama3.1:8b,41.0,6602,1000000,282.14,11.83,53.74643671122904,2.2535632887709633,109.14285714285714,3506260.272727273,2504922.036363636,56.0,0.10839005235602095,975.5104712041885,56.0
1788384835,llama3.1:8b,44.0,6601,3113025,284.61,11.92,52.789093852224056,2.2109061477759413,109.11111111111111,3505938.2363636363,2492696.2181818183,55.0,0.10924643584521385,983.2179226069245,55.0
1788384890,llama3.1:8b,44.0,6593,800000,275.15,11.8,52.73828193064994,2.2617180693500614,109.37037037037037,3506103.796296296,2539217.907407407,55.0,0.10789028107009821,971.0125296308839,55.0
1788384945,llama3.1:8b,44.0,6588,1200000,269.55,12.01,36.37910214519108,1.6208978548089217,109.44736842105263,3504906.9736842103,2483337.447368421,38.0,0.10973310892041356,987.597980283722,38.0
1788384983,llama3.1:8b,44.0,6586,1509297,290.95,11.95,53.79068999669858,2.20931000330142,109.81818181818181,3505666.2545454544,2488186.2181818183,56.0,0.10881622516556291,979.3460264900663,56.0
1788385039,llama3.1:8b,46.0,6589,1100000,286.26,11.91,47.0427608411309,1.9572391588691014,109.34693877551021,3507627.775510204,2534752.0408163266,49.0,0.10891937290033595,980.2743561030235,49.0
1788385088,llama3.1:8b,46.0,6576,3500000,288.02,11.9,43.21452387303282,1.7854761269671915,109.20454545454545,3505472.1136363638,2477931.909090909,45.0,0.10896982310093653,980.7284079084288,45.00000000000001
1788385133,llama3.1:8b,42.0,6585,999240,285.56,11.69,65.32575273338941,2.674247266610597,109.35820895522389,3505668.911764706,2502695.6029411764,68.0,0.1068964105363723,962.0676948273508,68.0
1788385201,llama3.1:8b,44.0,6584,798823,272.47,12.04,43.095673262802705,1.904326737197286,109.68888888888888,3504227.659090909,2453099.522727273,45.0,0.10976499189627228,987.8849270664506,44.99999999999999
1788385246,llama3.1:8b,44.0,6595,1498825,284.97,11.92,43.193270234767084,1.8067297652329142,109.31818181818181,3504328.6,2451201.488888889,45.0,0.10903950103950104,981.3555093555093,45.0
1788385291,llama3.1:8b,44.0,6575,710064,287.29,11.86,54.74019722547217,2.2598027745278286,109.10526315789474,3505120.535714286,2443540.035714286,57.0,0.10870236372407138,978.3212735166423,57.0
1788385348,llama3.1:8b,44.0,6582,1313043,285.68,11.92,48.957258064516125,2.0427419354838707,109.36,3505219.6470588236,2443112.117647059,51.0,0.10899780541331383,980.9802487198244,50.99999999999999
1788385399,llama3.1:8b,44.0,6574,1566666,278.01,12.02,48.88635658380168,2.1136434161983244,109.01960784313725,3504546.76,2489173.5,51.0,0.11025539568345323,992.2985611510791,51.0
1788385450,llama3.1:8b,44.0,6578,1497064,274.25,11.9,48.87908439629565,2.120915603704351,108.92,3506413.9607843137,2509353.3725490198,51.0,0.10925449871465295,983.2904884318766,51.00000000000001
1788385501,llama3.1:8b,44.0,6594,1227243,288.93,11.81,51.87943073751413,2.1205692624858683,108.98113207547169,3506018.3584905663,2457459.132075472,54.0,0.10836738227146815,975.3064404432133,53.99999999999999
1788385555,llama3.1:8b,40.0,6598,1200000,278.64,11.88,52.75092936802974,2.2490706319702607,109.41818181818182,3504756.4909090907,2433907.327272727,55.0,0.10857427716849452,977.1684945164508,55.0
1788385610,llama3.1:8b,44.0,6586,1205017,284.51,11.85,52.800816574436496,2.1991834255635037,109.0925925925926,3506100.8333333335,2519326.796296296,55.0,0.10862332371414021,977.609913427262,55.0
1788385665,llama3.1:8b,44.0,6580,1099420,287.82,11.9,49.935406379287336,2.064593620712665,109.34615384615384,3505815.346153846,2489343.019230769,52.0,0.10882870207527261,979.4583186774535,52.0
1788385717,llama3.1:8b,43.0,6582,1487002,271.43,11.84,55.57574045963216,2.424259540367847,109.33333333333333,3505293.3157894737,2488003.456140351,58.0,0.10829268292682927,974.6341463414633,58.00000000000001
1788385775,llama3.1:8b,43.0,6593,1501152,272.12,11.94,49.81426459198761,2.1857354080123916,109.23529411764706,3504089.8235294116,2461938.0392156863,52.0,0.10930533117932148,983.7479806138933,52.0
1788385827,llama3.1:8b,44.0,6582,1135505,274.19,11.94,52.70488938594345,2.2951106140565476,109.27272727272727,3503778.345454545,2392338.8727272726,55.0,0.10926788685524126,983.4109816971713,55.0
1788385882,llama3.1:8b,44.0,6587,3484304,285.33,11.96,53.747115611019545,2.252884388980457,108.67272727272727,3504400.272727273,2465698.5090909093,56.0,0.11005521164463779,990.49690480174,56.0
1788385938,llama3.1:8b,44.0,6588,1473752,280.49,11.9,52.76155135264544,2.238448647354561,109.8,3503882.7636363637,2492983.090909091,55.0,0.10837887067395265,975.4098360655738,55.0
1788385993,llama3.1:8b,41.0,6590,1315889,262.35,11.86,54.53466321432479,2.465336785675212,109.17857142857143,3504219.0178571427,2447656.910714286,57.0,0.1086293752044488,977.6643768400392,57.0
1788386050,llama3.1:8b,45.0,6587,1511717,294.42,11.96,53.81395652457732,2.186043475422678,108.21818181818182,3505376.8928571427,2436241.75,56.0,0.11051747311827957,994.6572580645162,56.0
1788386106,llama3.1:8b,44.0,6592,798738,286.81,11.83,55.70245111170641,2.2975488882935977,108.43103448275862,3506662.543859649,2459896.1403508773,58.0,0.10910160597869296,981.9144538082368,58.00000000000001
1788386164,llama3.1:8b,44.0,6589,2991048,282.31,11.96,45.089781493186535,1.9102185068134707,109.45652173913044,3505994.510638298,2468086.638297872,47.0,0.10926713008937439,983.4041708043695,47.00000000000001
1788386211,llama3.1:8b,46.0,6583,1500000,287.74,11.77,57.64214884311042,2.3578511568895864,109.05084745762711,3505525.8305084747,2487864.966101695,60.0,0.10793130245570408,971.3817221013367,60.00000000000001
1788386271,llama3.1:8b,44.0,6596,797647,281.8,11.87,47.01944359314877,1.9805564068512274,108.89795918367346,3505565.06122449,2442735.163265306,49.0,0.10900112443778111,981.01011994003,49.0
1788386320,llama3.1:8b,41.0,6589,2032067,291.89,12.0,48.98611339629471,2.013886603705288,109.28,3506696.36,2459617.28,51.0,0.10980966325036604,988.2869692532944,51.0
1788386371,llama3.1:8b,46.0,6587,1766172,272.65,11.87,51.74715309995782,2.2528469000421762,109.57407407407408,3489010.722222222,2391139.703703704,54.0,0.1083285448707115,974.9569038364035,54.0
1788386425,llama3.1:8b,46.0,6589,1487424,277.5,11.68,70.05152500172903,2.948474998270973,109.27777777777777,3505716.111111111,2484889.6805555555,73.0,0.10688357905439756,961.9522114895781,73.0
1788386498,llama3.1:8b,44.0,6595,1166084,279.99,11.83,55.64875608251663,2.35124391748338,109.17543859649123,3505544.8771929825,2575455.701754386,58.0,0.10835770528683913,975.2193475815521,58.00000000000001
1788386556,llama3.1:8b,44.0,6589,1336027,288.3,11.81,56.6782179867382,2.321782013261804,109.44827586206897,3503624.7118644067,2428507.6779661016,59.0,0.10790485192186515,971.1436672967862,59.0
1788386615,llama3.1:8b,43.0,6595,1781654,284.79,11.84,53.764757441931025,2.2352425580689745,109.26785714285714,3505018.381818182,2467102.036363636,56.0,0.10835757476711881,975.2181729040693,56.0
1788386671,llama3.1:8b,43.0,6591,1300637,280.17,11.71,65.27189255858572,2.7281074414142803,109.29850746268657,3504417.1470588236,2526003.411764706,68.0,0.10713778506076745,964.240065546907,68.0
1788386739,llama3.1:8b,44.0,6596,1318238,273.41,11.82,58.472145286260215,2.5278547137397887,108.93333333333334,3504837.2333333334,2461976.25,61.0,0.10850673194614444,976.5605875153,61.0
1788386800,llama3.1:8b,44.0,6583,2184804,284.17,11.93,43.18693009118541,1.8130699088145894,109.82222222222222,3505523.7954545454,2456193.4545454546,45.0,0.10863010926750304,977.6709834075274,45.0
1788386845,llama3.1:8b,44.0,6587,1205515,279.48,11.9,42.20303383897317,1.796966161026838,109.02325581395348,3505323.3636363638,2431714.659090909,44.0,0.10915102389078499,982.3592150170648,44.00000000000001
1788386889,llama3.1:8b,44.0,6582,2204081,279.68,11.97,48.90684039087947,2.093159609120521,109.23529411764706,3506182.156862745,2445824.745098039,51.0,0.1095799676898223,986.2197092084006,50.99999999999999
1788386940,llama3.1:8b,44.0,6585,1033890,279.55,11.84,51.80582724184084,2.1941727581591683,109.0754716981132,3504874.0188679243,2472948.830188679,54.0,0.10854869399757827,976.9382459782045,54.00000000000001
1788386994,llama3.1:8b,46.0,6586,2165674,275.02,12.11,40.22860725107094,1.7713927489290564,108.9047619047619,3506056.3333333335,2438767.476190476,42.0,0.11119807608220376,1000.7826847398339,42.0
1788387036,llama3.1:8b,44.0,6595,1467749,276.06,11.95,53.676469567028924,2.3235304329710775,109.27272727272727,3504513.8363636364,2413758.4909090907,56.0,0.1093594009983361,984.2346089850249,56.0
1788387092,llama3.1:8b,41.0,6582,2300000,287.99,11.88,50.90029012572115,2.0997098742788545,109.75,3506987.3018867923,2470801.7924528304,53.0,0.10824601366742598,974.2141230068338,53.0
1788387145,llama3.1:8b,41.0,6588,1254545,279.66,11.94,51.78888888888889,2.211111111111111,109.0,3503590.9433962265,2462905.3018867923,54.0,0.10954128440366973,985.8715596330275,54.0
1788387199,llama3.1:8b,43.0,6585,1396690,279.91,11.8,53.734736553426345,2.2652634465736514,109.27272727272727,3505905.327272727,2542166.4,56.0,0.1079866888519135,971.8801996672214,55.99999999999999
1788387255,llama3.1:8b,44.0,6585,1582103,277.77,11.93,50.81743182602692,2.182568173973076,109.40384615384616,3506165.0188679243,2503467.830188679,53.0,0.10904552645456142,981.4097380910528,52.99999999999999
1788387308,llama3.1:8b,44.0,6577,2432407,286.32,11.92,45.12151287553648,1.878487124463519,109.38297872340425,3506475.8695652173,2513603.434782609,47.0,0.10897490760552422,980.774168449718,47.0
1788387355,llama3.1:8b,43.0,6586,988800,280.04,12.0,42.192028489248045,1.8079715107519518,109.27906976744185,3505360.2954545454,2440807.4318181816,44.0,0.10981059799957438,988.2953819961695,44.0
1788387399,llama3.1:8b,43.0,6583,960305,279.86,11.81,55.65152398258306,2.3484760174169437,109.25862068965517,3504682.192982456,2525536.8771929825,58.0,0.10809215717216349,972.8294145494714,58.0
1788387457,llama3.1:8b,44.0,6590,3506238,280.45,11.79,53.74076101834109,2.2592389816589105,109.2909090909091,3506747.839285714,2530116.875,56.0,0.10787722508733986,970.8950257860588,56.0
1788387513,llama3.1:8b,46.0,6590,1049671,276.59,11.82,56.58198398113797,2.418016018862037,109.3103448275862,3505936.9827586208,2433470.706896552,59.0,0.10813249211356467,973.192429022082,59.0
1788387572,llama3.1:8b,46.0,6580,1800000,284.3,12.0,44.13702328720891,1.8629767127910901,109.3913043478261,3506221.5217391304,2451652.717391304,46.0,0.10969793322734499,987.281399046105,46.0
1788387618,llama3.1:8b,44.0,6584,1492393,279.91,11.87,60.43707587908698,2.5629241209130162,109.12903225806451,3506336.419354839,2501876.6129032257,63.0,0.10877032219923145,978.932899793083,63.0
1788387681,llama3.1:8b,43.0,6587,900000,278.73,11.88,49.874264478166616,2.125735521833385,108.98076923076923,3505512.826923077,2471269.9615384615,52.0,0.10901005823186873,981.0905240868185,52.0
1788387733,llama3.1:8b,43.0,6579,3360601,290.05,11.83,51.88386113687558,2.1161388631244202,109.18867924528301,3505471.113207547,2523790.132075472,54.0,0.1083445654052186,975.1010886469674,54.0
1788387787,llama3.1:8b,44.0,6585,1062712,292.97,11.83,53.826509186351714,2.1734908136482938,109.2,3504553.8928571427,2430106.964285714,56.0,0.10833333333333334,975.0,56.00000000000001
1788387843,llama3.1:8b,40.0,6592,1800000,284.08,11.87,51.8341611758743,2.165838824125697,109.05555555555556,3504337.6603773586,2480349.3396226414,54.0,0.10884360672440142,979.5924605196128,54.0
1788387897,llama3.1:8b,41.0,6594,800000,273.41,11.8,53.6831106903685,2.3168893096314993,109.0909090909091,3504663.625,2460306.4285714286,56.0,0.10816666666666667,973.5000000000001,56.0
1788387953,llama3.1:8b,43.0,6588,3500000,274.38,11.84,48.890294179302636,2.1097058206973656,109.48,3505135.12,2516019.76,51.0,0.10814760686883448,973.3284618195104,51.0
1788388004,llama3.1:8b,43.0,6586,2596750,289.21,11.88,54.75097147032449,2.2490285296755124,108.6842105263158,3505089.7719298247,2512015.0,57.0,0.10930750605326876,983.7675544794189,57.0
1788388061,llama3.1:8b,44.0,6586,1400000,289.76,11.95,47.05922906101886,1.9407709389811407,108.375,3504509.1458333335,2542873.9583333335,49.0,0.11026528258362167,992.387543252595,49.0
1788388110,llama3.1:8b,46.0,6590,1331955,281.49,11.92,48.9280869772673,2.0719130227326947,108.6470588235294,3506468.1764705884,2459147.862745098,51.0,0.10971304818624797,987.4174336762318,50.99999999999999
1788388161,llama3.1:8b,44.0,6580,2000000,291.35,11.96,42.265009396327194,1.7349906036728102,109.11627906976744,3506727.581395349,2532249.511627907,44.0,0.10960784313725491,986.4705882352943,44.00000000000001
1788388205,llama3.1:8b,43.0,6592,1766400,289.86,12.16,38.3895106284352,1.610489371564797,109.25,3505060.95,2473284.8,40.0,0.11130434782608696,1001.7391304347827,39.99999999999999
1788388245,llama3.1:8b,44.0,6596,1060125,284.62,12.06,47.00815693676689,1.9918430632331132,109.5625,3505891.5416666665,2539947.9583333335,49.0,0.11007415858528238,990.6674272675415,49.0
1788388294,llama3.1:8b,43.0,6583,1868789,282.74,11.95,54.688588007736946,2.311411992263056,109.44642857142857,3504380.701754386,2413851.263157895,57.0,0.10918583782019906,982.6725403817915,57.0
1788388351,llama3.1:8b,43.0,6581,1870133,288.74,12.12,40.30805025593299,1.6919497440670077,110.0,3504866.1707317075,2425792.7804878047,42.0,0.11018181818181817,991.6363636363635,42.0
1788388393,llama3.1:8b,44.0,6581,1834276,279.97,11.98,53.702072272649424,2.297927727350573,108.7090909090909,3505872.035714286,2448220.839285714,56.0,0.1102023749790935,991.8213748118416,56.0
1788388449,llama3.1:8b,43.0,6588,801250,285.8,11.83,53.7741491113127,2.2258508886872965,109.375,3504938.1272727274,2492544.654545455,56.0,0.10816,973.44,56.0
1788388505,llama3.1:8b,44.0,6578,1500000,288.3,11.91,43.21474967522734,1.785250324772659,109.04545454545455,3506273.066666667,2458119.2,45.0,0.10922050854522718,982.9845769070446,45.0
1788388550,llama3.1:8b,44.0,6576,953471,287.7,11.9,45.13317757009346,1.8668224299065423,109.2127659574468,3506063.9565217393,2445406.717391304,47.0,0.10896162088447302,980.6545879602572,47.0
1788388597,llama3.1:8b,43.0,6582,811764,277.03,11.85,60.41570894489061,2.584291055109388,109.41935483870968,3504946.603174603,2462031.6507936507,63.0,0.10829893867924528,974.6904481132075,63.0
1788388660,llama3.1:8b,44.0,6587,1468014,292.57,11.96,51.879223721800805,2.1207762781991923,109.32075471698113,3506614.9433962265,2442180.2075471696,54.0,0.10940283051432517,984.6254746289266,54.0
1788388714,llama3.1:8b,43.0,6590,797636,287.37,11.9,55.69372138871254,2.3062786112874667,109.5,3505562.8947368423,2426604.596491228,58.0,0.108675799086758,978.0821917808219,58.00000000000001
1788388772,llama3.1:8b,46.0,6588,1168954,285.94,12.0,47.026448278176815,1.973551721823186,108.625,3504930.3061224488,2477130.6326530613,49.0,0.11047180667433831,994.2462600690448,49.0
1788388821,llama3.1:8b,44.0,6582,999454,289.58,11.81,56.6880785692956,2.311921430704403,109.01724137931035,3505147.2586206896,2491462.0344827585,59.0,0.10833148821761822,974.983393958564,59.0
1788388880,llama3.1:8b,43.0,6588,1499319,287.4,11.88,52.816760224538896,2.183239775461107,108.9090909090909,3505235.7636363637,2455692.381818182,55.0,0.10908180300500836,981.7362270450752,55.0
1788388935,llama3.1:8b,44.0,6593,3280851,277.62,11.93,58.48668623726472,2.513313762735279,109.33333333333333,3506146.566666667,2493642.5833333335,61.0,0.10911585365853659,982.0426829268293,61.0
1788388996,llama3.1:8b,44.0,6584,1155212,265.37,11.97,42.10095911155982,1.8990408884401815,108.95348837209302,3504394.8863636362,2456100.727272727,44.0,0.10986339381003203,988.7705442902883,44.0
1788389040,llama3.1:8b,43.0,6584,1000000,279.62,12.05,46.01693694929201,1.983063050707992,109.16666666666667,3483705.425531915,2429802.2978723403,48.0,0.11038167938931298,993.4351145038169,48.0
1788389088,llama3.1:8b,44.0,6591,1102433,269.57,12.02,39.249866827657236,1.750133172342768,108.95,3507801.3170731706,2465507.3170731706,41.0,0.11032583754015603,992.9325378614043,41.00000000000001
1788389129,llama3.1:8b,44.0,6585,1066615,277.75,11.9,46.98688071810807,2.013119281891939,108.73469387755102,3503799.9791666665,2449938.0416666665,49.0,0.10944069069069069,984.9662162162163,49.00000000000001
1788389178,llama3.1:8b,41.0,6579,3501440,280.53,11.84,53.732188665047715,2.267811334952287,109.61818181818182,3506010.1964285714,2446018.25,56.0,0.1080112788190413,972.1015093713717,56.0
1788389234,llama3.1:8b,44.0,6585,951107,290.11,11.77,55.73863786935206,2.2613621306479397,108.72413793103448,3505272.192982456,2544910.543859649,58.0,0.10825562955915002,974.3006660323503,58.0
1788389292,llama3.1:8b,44.0,6592,3500000,280.13,11.93,47.957611449702114,2.042388550297884,109.0,3505497.14,2481350.56,50.0,0.10944954128440366,985.0458715596329,50.0
1788389342,llama3.1:8b,44.0,6593,1501219,280.02,12.01,48.90257850220868,2.097421497791323,109.9,3506275.64,2467790.56,51.0,0.10928116469517743,983.5304822565969,51.0
1788389393,llama3.1:8b,43.0,6593,800000,276.63,12.06,43.12012885794451,1.879871142055492,109.82222222222222,3506598.711111111,2455611.1333333333,45.0,0.10981384055038447,988.3245649534603,45.0
1788389438,llama3.1:8b,43.0,6589,1490719,282.02,11.93,52.767817656063954,2.2321823439360435,109.64814814814815,3505547.4814814813,2458626.203703704,55.0,0.10880256713393008,979.2231042053708,55.0
1788389493,llama3.1:8b,44.0,6587,1178219,278.28,11.96,48.898428886438815,2.101571113561191,109.15686274509804,3505641.3333333335,2411552.274509804,51.0,0.10956709179091073,986.1038261181966,51.00000000000001
1788389544,llama3.1:8b,43.0,6595,1875077,279.27,12.03,50.811225540679715,2.1887744593202885,109.11538461538461,3505203.403846154,2411529.25,53.0,0.11025026436376453,992.2523792738808,53.0
1788389597,llama3.1:8b,44.0,6585,1198130,287.74,12.11,38.3845255961314,1.6154744038686009,108.825,3506772.275,2510422.225,40.0,0.11127957730300941,1001.5161957270847,40.0
1788389637,llama3.1:8b,44.0,6596,1100000,274.82,11.94,56.543381224717535,2.4566187752824664,109.3103448275862,3504548.9827586208,2390792.1379310344,59.0,0.10923028391167192,983.0725552050473,59.0
1788389696,llama3.1:8b,43.0,6597,1436648,288.39,11.96,38.40719160978858,1.5928083902114203,109.33333333333333,3505431.65,2446319.825,40.0,0.10939024390243904,984.5121951219513,40.0
1788389736,llama3.1:8b,43.0,6587,1163515,286.98,11.96,47.999598581655185,2.0004014183448184,108.8,3507213.6,2519749.16,50.0,0.1099264705882353,989.3382352941178,50.0
1788389786,llama3.1:8b,44.0,6586,1509868,279.34,11.93,48.9111133999382,2.0888866000617985,108.74,3505127.42,2445044.68,51.0,0.1097112378149715,987.4011403347434,51.0
1788389837,llama3.1:8b,41.0,6588,1469537,288.04,11.96,52.80733333333334,2.1926666666666668,109.69090909090909,3506245.8518518517,2516799.6666666665,55.0,0.10903364826786012,981.3028344107411,55.00000000000001
1788389892,llama3.1:8b,44.0,6577,3500000,289.7,11.88,53.79401817096625,2.205981829033756,109.05454545454545,3505675.3928571427,2465248.0,56.0,0.10893631210403469,980.4268089363121,56.0
1788389948,llama3.1:8b,43.0,6584,1075882,287.03,12.01,35.514011503477796,1.4859884965222045,108.62162162162163,3505349.081081081,2481272.7297297297,37.0,0.11056730529982582,995.1057476984324,37.0
1788389985,llama3.1:8b,41.0,6585,1207095,279.49,11.87,47.003741076331686,1.9962589236683137,109.54166666666667,3504802.4791666665,2571212.125,49.0,0.10836059338151387,975.2453404336248,49.0
1788390034,llama3.1:8b,46.0,6609,2657964,270.16,11.91,53.63548055447229,2.3645194455277054,109.69090909090909,3504579.3571428573,2440893.6428571427,56.0,0.10857782197911488,977.2003978120339,55.99999999999999
1788390090,llama3.1:8b,44.0,6587,3520231,287.12,11.77,61.47974171099736,2.5202582890026433,109.15625,3505050.761904762,2496753.380952381,64.0,0.10782708273690238,970.4437446321214,64.0
1788390154,llama3.1:8b,43.0,6583,1388333,288.36,11.95,44.16955812327262,1.8304418767273816,109.22222222222223,3473502.511111111,2389849.822222222,46.0,0.10940996948118005,984.6897253306204,46.00000000000001
1788390200,llama3.1:8b,43.0,6593,800000,279.95,11.93,51.79286007948472,2.20713992051528,109.4074074074074,3505420.388888889,2434271.1481481483,54.0,0.1090419769803656,981.3777928232905,54.0
1788390254,llama3.1:8b,44.0,6588,1300000,280.95,11.9,50.84633771555404,2.1536622844459625,109.5,3504614.0384615385,2452375.1923076925,53.0,0.108675799086758,978.0821917808219,53.00000000000001
1788390307,llama3.1:8b,41.0,6580,937866,274.23,11.9,48.8789361479048,2.1210638520952014,109.12,3506568.901960784,2522887.745098039,51.0,0.10905425219941349,981.4882697947214,51.00000000000001
1788390358,llama3.1:8b,44.0,6577,1687784,287.18,11.87,57.61845845176392,2.381541548236081,108.81666666666666,3506504.6779661016,2515633.2372881356,60.0,0.10908255475570532,981.7429928013479,60.0
1788390418,llama3.1:8b,44.0,6576,1261297,272.05,11.91,45.02870122552472,1.9712987744752781,109.02173913043478,3506010.14893617,2459780.404255319,47.0,0.10924426719840478,983.1984047856431,47.0
1788390465,llama3.1:8b,44.0,6589,1420189,273.12,11.86,48.87753526563267,2.1224647343673237,109.3921568627451,3505973.58,2492233.46,51.0,0.1084172790822728,975.7555117404553,51.0
1788390516,llama3.1:8b,43.0,6588,1400000,291.19,11.92,48.99439147504206,2.005608524957936,109.3,3506206.8039215687,2469523.2156862747,51.0,0.1090576395242452,981.5187557182068,50.99999999999999
1788390567,llama3.1:8b,44.0,6577,2470294,294.24,11.96,55.734552580013066,2.2654474199869368,109.3157894736842,3506132.98245614,2551360.7192982454,58.0,0.10940779971112183,984.6701974000965,58.0
1788390625,llama3.1:8b,46.0,6570,3502933,282.38,12.11,41.23175659614927,1.768243403850725,109.23255813953489,3505698.930232558,2397183.4418604653,43.0,0.11086438152011921,997.7794336810729,42.99999999999999
1788390668,llama3.1:8b,41.0,6570,1373863,291.31,11.97,49.947639145344226,2.0523608546557637,108.92156862745098,3505489.1764705884,2456014.6078431373,52.0,0.1098955895589559,989.0603060306031,51.99999999999999
1788390720,llama3.1:8b,44.0,6578,1100000,283.26,11.87,56.62704570867075,2.3729542913292447,108.67796610169492,3505863.0,2391557.186440678,59.0,0.10922177167810354,982.9959451029318,58.99999999999999
1788390779,llama3.1:8b,44.0,6575,1268376,284.48,11.93,42.22907459262508,1.7709254073749197,109.04651162790698,3505362.0,2501304.093023256,44.0,0.10940285775218596,984.6257197696737,44.0
1788390823,llama3.1:8b,44.0,6556,799853,291.67,11.92,46.11535294311407,1.8846470568859315,108.83333333333333,3503794.7916666665,2422361.8125,48.0,0.10952526799387444,985.7274119448699,48.0
1788390871,llama3.1:8b,44.0,6574,1200556,281.68,11.85,48.94109631042823,2.058903689571764,109.52,3504935.58,2448968.32,51.0,0.10819941563184807,973.7947406866326,50.99999999999999
1788390922,llama3.1:8b,43.0,6577,1737053,288.13,11.95,38.40709144228206,1.592908557717942,109.05128205128206,3504963.275,2500622.15,40.0,0.10958147190218667,986.2332471196801,40.0
1788390962,llama3.1:8b,44.0,6581,1111273,281.32,11.98,40.28448687350835,1.7155131264916468,109.26190476190476,3504675.095238095,2428643.0476190476,42.0,0.10964480278927871,986.8032251035085,41.99999999999999
1788391004,llama3.1:8b,41.0,6579,799669,287.2,11.85,54.74134760073566,2.258652399264337,109.07142857142857,3505175.0178571427,2436244.4285714286,57.0,0.10864440078585462,977.7996070726916,56.99999999999999
1788391061,llama3.1:8b,43.0,6581,2500000,290.34,11.91,50.91156327543424,2.088436724565757,109.20754716981132,3506006.0754716983,2477861.2075471696,53.0,0.10905839668279199,981.5255701451279,53.0
1788391114,llama3.1:8b,40.0,6578,1277979,281.03,12.03,46.9885688937419,2.0114311062581045,108.375,3506056.25,2517779.1666666665,49.0,0.11100346020761245,999.031141868512,49.0
1788391163,llama3.1:8b,44.0,6584,1461205,285.78,11.94,49.914550584441756,2.0854494155582426,108.92307692307692,3459513.25,2383683.346153846,52.0,0.1096186440677966,986.5677966101695,52.0
1788391215,llama3.1:8b,46.0,6582,3500000,277.07,11.91,46.980517682884624,2.0194823171153713,109.70833333333333,3504752.9791666665,2539935.125,49.0,0.10856057728826435,977.0451955943792,48.99999999999999
1788391264,llama3.1:8b,44.0,6596,1275770,285.43,11.77,57.62382234185734,2.376177658142665,109.30508474576271,3507157.254237288,2497409.0508474577,60.0,0.10768026050550472,969.1223445495425,60.00000000000001
1788391324,llama3.1:8b,44.0,6578,800000,289.75,11.83,56.68562238875257,2.3143776112474304,109.01694915254237,3504405.525423729,2442133.9322033897,59.0,0.10851523631840797,976.6371268656717,59.0
1788391383,llama3.1:8b,41.0,6580,3236601,282.42,11.84,54.706518045266094,2.293481954733909,108.78571428571429,3505994.875,2554593.5714285714,57.0,0.10883782009192383,979.5403808273145,57.0
1788391440,llama3.1:8b,43.0,6574,1285137,283.69,11.82,51.84007309397313,2.159926906026869,109.56603773584905,3505716.8333333335,2466865.6481481483,54.0,0.10788014465300501,970.921301877045,54.0
1788391494,llama3.1:8b,46.0,6573,1415369,280.24,11.79,56.618018696709235,2.3819813032907575,109.47457627118644,3505180.8448275863,2468296.8103448274,59.0,0.10769623780771016,969.2661402693915,58.99999999999999
1788391553,llama3.1:8b,44.0,6573,1400000,276.13,11.94,45.05193182212656,1.9480681778734334,109.0,3504950.510638298,2445279.0212765955,47.0,0.10954128440366973,985.8715596330275,46.99999999999999
1788391600,llama3.1:8b,44.0,6573,3517073,275.33,11.83,52.73418999860705,2.2658100013929516,109.45454545454545,3505313.203703704,2496279.9814814813,55.0,0.1080813953488372,972.7325581395348,55.0
1788391655,llama3.1:8b,44.0,6568,1400000,281.78,12.03,49.87086892889963,2.129131071100371,108.43137254901961,3505401.1923076925,2473662.9615384615,52.0,0.11094575045207955,998.511754068716,52.0
1788391707,llama3.1:8b,44.0,6572,1057517,287.13,11.92,61.44898846346764,2.5510115365323522,109.01587301587301,3508595.793650794,2470892.73015873,64.0,0.109341875364007,984.0768782760629,63.99999999999999
1788391771,llama3.1:8b,41.0,6575,1774797,294.06,11.83,59.60220994475139,2.397790055248619,108.90163934426229,3507464.6885245903,2521631.4098360655,62.0,0.10863013698630138,977.6712328767125,62.00000000000001
1788391833,llama3.1:8b,44.0,6584,800000,284.43,11.85,49.920210611583634,2.0797893884163625,109.40384615384616,3505582.0,2562288.7884615385,52.0,0.10831429073650904,974.8286166285814,52.0
1788391885,llama3.1:8b,44.0,6585,1501010,276.65,11.92,48.893336105624286,2.1066638943757146,108.9,3505803.88,2540225.82,51.0,0.10945821854912763,985.1239669421487,51.0
1788391936,llama3.1:8b,44.0,6578,1250848,285.49,11.85,61.44938454294746,2.550615457052532,109.3125,3504713.640625,2431909.765625,64.0,0.10840480274442538,975.6432246998285,63.99999999999999
1788392000,llama3.1:8b,44.0,6580,1461300,281.96,11.91,51.811481267227,2.188518732772995,108.54716981132076,3505404.6226415094,2523473.867924528,54.0,0.10972188423431253,987.4969581088128,54.0
1788392054,llama3.1:8b,44.0,6591,1345824,279.4,11.85,58.51811158798282,2.481888412017167,108.88333333333334,3504629.8852459015,2454740.3606557376,61.0,0.10883208326955456,979.4887494259909,60.99999999999999
1788392115,llama3.1:8b,40.0,6592,1200000,281.39,11.98,45.080717183079386,1.9192828169206124,108.68085106382979,3504909.5434782607,2427617.2608695654,47.0,0.11023101018010963,992.0790916209866,47.0
1788392162,llama3.1:8b,43.0,6576,1462108,276.35,11.88,53.69184331957118,2.3081566804288243,109.10909090909091,3507783.9821428573,2460828.5535714286,56.0,0.10888185302449592,979.9366772204634,56.0
1788392218,llama3.1:8b,43.0,6583,799769,278.46,11.86,58.50806007164508,2.4919399283549186,109.35,3504466.933333333,2423542.4833333334,61.0,0.10845907636031094,976.1316872427983,61.0
1788392279,llama3.1:8b,43.0,6591,800000,286.29,11.91,48.00301810865191,1.9969818913480881,109.1,3505921.14,2467541.5,50.0,0.1091659028414299,982.4931255728691,49.99999999999999
1788392329,llama3.1:8b,44.0,6593,1401985,291.45,11.98,38.42072306627558,1.5792769337244175,108.6923076923077,3503744.5897435895,2491835.3333333335,40.0,0.11021939136588818,991.9745222929937,39.99999999999999
1788392369,llama3.1:8b,43.0,6591,800000,284.13,11.8,55.68729091339168,2.3127090866083195,109.29310344827586,3505313.5517241377,2468319.5689655175,58.0,0.10796655623915445,971.6990061523901,58.0
1788392427,llama3.1:8b,41.0,6588,3503521,270.45,11.78,63.24522552528081,2.7547744747192007,108.95384615384616,3504537.476923077,2597639.0615384616,66.0,0.10811917537418807,973.0725783676926,66.00000000000001
1788392493,llama3.1:8b,44.0,6573,1462442,278.55,11.92,44.11230075395049,1.887699246049506,108.55555555555556,3504995.0434782607,2530175.8913043477,46.0,0.10980552712384851,988.2497441146367,46.0
1788392539,llama3.1:8b,44.0,6579,1598264,279.8,11.94,47.95365736614794,2.04634263385206,108.82,3504421.775510204,2445476.8775510206,50.0,0.1097224774857563,987.5022973718067,50.0
1788392589,llama3.1:8b,44.0,6568,1455151,283.7,11.86,51.833130328867234,2.1668696711327646,109.15094339622641,3505650.425925926,2491712.722222222,54.0,0.10865687121866897,977.9118409680207,54.0
1788392643,llama3.1:8b,43.0,6575,1004048,294.63,11.68,65.40707126767,2.5929287323299923,109.1470588235294,3504519.567164179,2501935.4925373136,68.0,0.10701158717326867,963.104284559418,68.0
1788392711,llama3.1:8b,41.0,6572,1503938,287.94,11.89,44.17583297201748,1.8241670279825235,109.31111111111112,3504649.0444444446,2524466.2444444443,46.0,0.10877210815206342,978.9489733685709,46.00000000000001
1788392757,llama3.1:8b,44.0,6580,1182827,281.68,12.01,47.95532704552419,2.044672954475808,109.71428571428571,3505612.54,2419200.0,50.0,0.10946614583333333,985.1953125,50.0
1788392807,llama3.1:8b,44.0,6585,900000,286.87,11.92,52.80581679440409,2.194183205595903,109.69090909090909,3505266.5185185187,2511815.2407407407,55.0,0.10866898723686391,978.0208851317751,54.99999999999999
1788392862,llama3.1:8b,43.0,6593,1100000,279.22,11.87,50.83877838469202,2.16122161530798,108.92307692307692,3506576.0188679243,2462747.4905660376,53.0,0.10897598870056496,980.7838983050847,53.0
1788392915,llama3.1:8b,44.0,6594,1784922,286.83,11.77,64.35904219691895,2.640957803081045,109.34328358208955,3506378.727272727,2479973.621212121,67.0,0.10764264264264263,968.7837837837837,67.0
1788392982,llama3.1:8b,41.0,6586,2200000,280.24,11.86,53.726258130777126,2.2737418692228686,109.0909090909091,3487252.214285714,2452397.785714286,56.0,0.10871666666666666,978.4499999999998,55.99999999999999
1788393038,llama3.1:8b,41.0,6593,1004140,288.07,11.84,61.47337534593712,2.5266246540628856,108.57142857142857,3507360.619047619,2494568.587301587,64.0,0.10905263157894737,981.4736842105264,64.0
1788393102,llama3.1:8b,44.0,6586,1978666,294.64,11.99,51.88846492515409,2.1115350748459054,109.12962962962963,3505390.0754716983,2472775.113207547,54.0,0.1098693365009333,988.8240285083998,53.99999999999999
1788393156,llama3.1:8b,43.0,6587,1467466,295.2,11.82,54.80555012702756,2.194449872972445,109.26785714285714,3507514.789473684,2616373.8596491227,57.0,0.10817453832325544,973.5708449092989,57.0
1788393213,llama3.1:8b,43.0,6592,888089,277.05,11.94,37.388663967611336,1.6113360323886639,109.07894736842105,3505226.6923076925,2536809.230769231,39.0,0.10946200241254522,985.158021712907,39.0
1788393252,llama3.1:8b,44.0,6587,3500000,276.18,11.94,47.927946688879636,2.0720533111203663,109.22,3506282.2653061226,2493847.0816326533,50.0,0.10932063724592565,983.8857352133309,50.0
1788393302,llama3.1:8b,40.0,6586,1439083,278.68,11.93,47.94742094215616,2.0525790578438454,109.3265306122449,3506290.6,2467312.02,50.0,0.10912264327048721,982.1037894343848,50.0
1788393352,llama3.1:8b,43.0,6585,1388115,284.23,11.94,51.82300705675794,2.1769929432420567,108.92592592592592,3505483.3396226414,2470322.547169811,54.0,0.1096157769466168,986.5419925195512,53.99999999999999
1788393406,llama3.1:8b,44.0,6581,1201951,285.51,11.97,44.14905203711174,1.8509479628882612,109.11111111111111,3505021.8695652173,2456303.152173913,46.0,0.10970468431771895,987.3421588594705,46.0
1788393452,llama3.1:8b,44.0,6583,1165067,290.88,11.88,53.8026159334126,2.197384066587396,109.5,3505049.090909091,2460890.3636363638,56.0,0.10849315068493151,976.4383561643835,56.0
1788393508,llama3.1:8b,44.0,6579,3076095,265.77,11.93,47.85199855959669,2.1480014404033128,109.22448979591837,3504995.66,2451819.44,50.0,0.10922458893871449,983.0213004484305,50.0
1788393558,llama3.1:8b,44.0,6588,1375094,275.05,11.82,53.69261337888242,2.3073866211175793,109.4,3506252.981818182,2431584.0727272728,56.0,0.10804387568555758,972.3948811700182,56.0
1788393614,llama3.1:8b,43.0,6586,1371482,276.25,11.87,56.569311398028596,2.4306886019714007,109.69491525423729,3506363.5344827585,2490883.9827586208,59.0,0.10820920889987638,973.8828800988874,59.0
1788393673,llama3.1:8b,43.0,6582,1190211,272.78,11.96,52.689822294022626,2.310177705977383,109.18518518518519,3505714.8363636364,2438911.4909090907,55.0,0.10953867028493894,985.8480325644504,55.00000000000001
1788393728,llama3.1:8b,44.0,6567,1302104,280.92,11.91,58.5190042003893,2.480995799610695,108.98333333333333,3504899.183333333,2462090.5833333335,61.0,0.10928276494876893,983.5448845389203,60.99999999999999
1788393789,llama3.1:8b,43.0,6567,1900000,284.89,11.9,51.83483270999697,2.165167290003033,108.37037037037037,3504830.592592593,2494011.722222222,54.0,0.1098086124401914,988.2775119617227,54.0
1788393843,llama3.1:8b,44.0,6576,802318,271.94,11.89,44.07300144452666,1.9269985554733469,108.95555555555555,3507308.2,2509694.311111111,46.0,0.10912706506220682,982.1435855598614,46.00000000000001
1788393889,llama3.1:8b,43.0,6577,1145795,284.91,11.84,53.765661331086775,2.2343386689132267,108.91071428571429,3506132.714285714,2508468.464285714,56.0,0.10871290375471387,978.4161337924248,56.0
1788393945,llama3.1:8b,43.0,6584,1000328,286.29,11.82,52.81926134648284,2.180738653517158,109.03703703703704,3504430.8333333335,2519357.314814815,55.0,0.10840353260869566,975.631793478261,55.0
1788394000,llama3.1:8b,44.0,6589,2970982,276.49,11.83,52.74330604883463,2.256693951165372,109.70370370370371,3505710.7818181817,2554277.272727273,55.0,0.10783592167454423,970.523295070898,55.00000000000001
1788394055,llama3.1:8b,41.0,6577,1483155,286.99,11.9,47.04911505905183,1.9508849409481752,109.18367346938776,3507763.0416666665,2464579.1875,49.0,0.10899065420560748,980.9158878504674,49.00000000000001
1788394104,llama3.1:8b,41.0,6573,1514240,286.22,11.79,64.34931713700882,2.6506828629911743,109.1969696969697,3505423.5970149254,2459681.7462686566,67.0,0.10797002913833771,971.7302622450393,67.0
1788394171,llama3.1:8b,44.0,6583,1123003,274.46,11.98,37.36887306242144,1.6311269375785504,109.36842105263158,3506768.4736842103,2522597.447368421,39.0,0.10953801732435034,985.842155919153,38.99999999999999
1788394210,llama3.1:8b,43.0,6570,1158629,280.09,11.83,52.771135927651414,2.228864072348589,109.34545454545454,3505525.4,2499666.327272727,55.0,0.10818922514133689,973.703026272032,55.0
1788394265,llama3.1:8b,44.0,6570,3139380,285.56,11.81,52.81568416450886,2.184315835491139,108.61111111111111,3505817.722222222,2536436.3518518517,55.0,0.10873657289002557,978.6291560102301,55.0
1788394320,llama3.1:8b,44.0,6572,1564105,284.53,12.03,45.093438090099816,1.9065619099001891,109.65957446808511,3504904.9787234045,2433772.765957447,47.0,0.10970314318975552,987.3282887077996,47.00000000000001
1788394367,llama3.1:8b,44.0,6567,1282262,281.72,11.75,60.47759566565578,2.5224043343442255,109.0,3504696.4838709678,2512127.4677419355,63.0,0.10779816513761468,970.1834862385322,63.0
1788394430,llama3.1:8b,44.0,6580,1983049,287.34,11.81,57.63128865117834,2.368711348821662,109.45762711864407,3505070.1694915253,2522264.8305084747,60.0,0.10789563332301022,971.0606999070919,60.0
1788394490,llama3.1:8b,43.0,6584,1110257,282.04,11.89,49.89650597080938,2.1034940291906237,109.46153846153847,3505151.230769231,2492192.0,52.0,0.10862262825017568,977.6036542515811,52.0
1788394542,llama3.1:8b,44.0,6586,2690056,291.45,11.89,52.844168260038245,2.1558317399617595,109.51851851851852,3505897.6481481483,2454247.037037037,55.0,0.1085661143050389,977.0950287453502,55.00000000000001
1788394597,llama3.1:8b,44.0,6586,3500000,277.67,11.91,45.06695904413288,1.9330409558671175,109.25531914893617,3504489.3191489363,2471165.0212765955,47.0,0.10901071080817917,981.0963972736125,47.0
1788394644,llama3.1:8b,44.0,6579,1488494,280.81,11.89,57.56269217628972,2.4373078237102836,108.89830508474576,3506290.0169491526,2451307.4237288134,60.0,0.10918443579766537,982.6599221789884,60.00000000000001
1788394704,llama3.1:8b,40.0,6579,1016285,283.83,11.94,54.69895526929709,2.301044730702911,109.69642857142857,3505692.192982456,2466732.1052631577,57.0,0.10884584079440013,979.6125671496011,57.0
1788394761,llama3.1:8b,44.0,6575,1586748,285.42,11.82,58.5742834073476,2.4257165926524022,108.91666666666667,3504879.0833333335,2466085.7,61.0,0.10852333588370314,976.7100229533283,61.0
1788394822,llama3.1:8b,43.0,6584,1407045,270.82,11.84,50.779947640274536,2.2200523597254653,108.88679245283019,3505500.6603773586,2429735.452830189,53.0,0.10873678738520187,978.6310864668168,53.0
1788394875,llama3.1:8b,44.0,6590,2487406,283.07,11.92,46.060408827417874,1.939591172582121,109.17021276595744,3506211.85106383,2457086.829787234,48.0,0.10918729292535569,982.6856363282012,47.99999999999999
1788394923,llama3.1:8b,40.0,6580,1900000,280.6,11.84,49.89467925044454,2.105320749555464,109.1923076923077,3506692.8076923075,2442918.75,52.0,0.10843254667136315,975.8929200422684,52.00000000000001
1788394975,llama3.1:8b,44.0,6577,1655066,282.21,11.86,47.98347332267827,2.016526677321726,109.08163265306122,3505577.163265306,2528768.3061224488,50.0,0.10872591206735266,978.5332086061738,50.0
1788395025,llama3.1:8b,43.0,6579,3500000,281.63,11.96,47.96314588371539,2.036854116284615,109.1,3505941.34,2597136.4,50.0,0.10962419798350138,986.6177818515124,50.00000000000001
1788395075,llama3.1:8b,46.0,6588,1900000,279.85,11.89,49.88071570576541,2.1192842942345926,108.58823529411765,3483377.901960784,2532960.588235294,52.0,0.10949620801733478,985.4658721560131,52.0
1788395127,llama3.1:8b,41.0,6583,1175857,265.28,12.02,38.266137756941944,1.73386224305806,109.325,3502811.35,2436349.825,40.0,0.10994740452778412,989.5266407500571,40.00000000000001
1788395167,llama3.1:8b,44.0,6579,3500000,290.89,12.1,40.32271692135053,1.6772830786494604,109.36585365853658,3505256.4146341463,2418709.2439024393,42.0,0.1106378233719893,995.7404103479037,41.99999999999999
1788395209,llama3.1:8b,43.0,6574,1001096,283.94,11.9,52.78765548945376,2.2123445105462416,108.85185185185185,3505596.0,2520135.5636363635,55.0,0.10932289894521947,983.9060905069753,55.0
1788395264,llama3.1:8b,44.0,6573,894328,289.87,12.03,33.60533289168599,1.3946671083140114,109.0,3506914.2352941176,2490841.6764705884,35.0,0.11036697247706422,993.3027522935779,35.0
1788395299,llama3.1:8b,43.0,6577,993808,284.83,11.82,52.80852856902073,2.1914714309792687,108.96296296296296,3505434.290909091,2487699.327272727,55.0,0.10847722637661456,976.2950373895311,55.0
1788395354,llama3.1:8b,44.0,6575,3504867,279.06,11.9,43.15954083035469,1.8404591696453123,108.97777777777777,3504532.7555555557,2559799.3777777776,45.0,0.10919657422512236,982.7691680261013,45.00000000000001
1788395399,llama3.1:8b,44.0,6580,3492324,267.63,11.83,54.58709654333357,2.4129034566664282,109.41071428571429,3504599.5178571427,2460366.410714286,57.0,0.10812469397747673,973.1222457972905,57.0
1788395456,llama3.1:8b,43.0,6576,1894460,279.63,11.9,54.67330977943951,2.326690220560492,108.7719298245614,3505551.339285714,2443566.9464285714,57.0,0.10940322580645162,984.6290322580645,57.00000000000001
1788395513,llama3.1:8b,44.0,6575,1579448,287.36,11.92,51.849238171611866,2.150761828388131,108.58490566037736,3504676.3518518517,2441554.592592593,54.0,0.1097758470894874,987.9826238053865,54.0
1788395567,llama3.1:8b,44.0,6584,3492473,279.48,11.79,59.49036976001648,2.5096302399835198,108.8360655737705,3505185.6721311477,2499313.9344262294,62.0,0.1083280614550384,974.9525530953456,62.0
1788395629,llama3.1:8b,43.0,6580,938438,274.81,11.86,48.89004779014197,2.109952209858025,109.2156862745098,3506183.0588235296,2591855.7843137253,51.0,0.10859245960502692,977.3321364452422,50.99999999999999
1788395680,llama3.1:8b,43.0,6570,1083481,287.35,11.84,51.863030181490025,2.136969818509977,109.05660377358491,3505165.4150943398,2493143.396226415,54.0,0.1085674740484429,977.107266435986,54.0
1788395734,llama3.1:8b,40.0,6582,801326,285.7,11.9,48.96068548387097,2.0393145161290325,109.14,3473243.8039215687,2388769.862745098,51.0,0.10903426791277258,981.3084112149533,51.0
1788395785,llama3.1:8b,44.0,6580,1800000,275.13,11.93,46.00515571657493,1.994844283425068,109.14583333333333,3503953.510638298,2450437.85106383,48.0,0.10930330215690018,983.7297194121015,48.0
1788395833,llama3.1:8b,41.0,6577,1886539,279.7,11.88,47.00356677412717,1.9964332258728312,108.95833333333333,3507939.775510204,2480311.714285714,49.0,0.10903250478011474,981.2925430210327,49.0
1788395882,llama3.1:8b,44.0,6574,1882407,279.96,11.92,54.67219405235028,2.3278059476497193,109.03508771929825,3500280.1428571427,2447977.6428571427,57.0,0.10932260659694287,983.9034593724858,57.0
1788395939,llama3.1:8b,44.0,6579,1071910,275.07,11.89,50.803979648731534,2.1960203512684697,109.17307692307692,3506056.9433962265,2442655.452830189,53.0,0.10890963537079444,980.18671833715,53.00000000000001
1788395992,llama3.1:8b,40.0,6581,778136,282.88,11.79,53.75939186208301,2.2406081379169915,109.03636363636363,3504321.272727273,2495751.8545454545,56.0,0.10812906453226613,973.1615807903952,56.0
1788396048,llama3.1:8b,40.0,6586,1162305,275.24,11.9,51.762067284251586,2.2379327157484155,108.70370370370371,3505163.7592592593,2461811.9814814813,54.0,0.10947189097103918,985.2470187393526,54.0
1788396102,llama3.1:8b,43.0,6587,1421052,288.21,11.96,52.808575140753575,2.1914248592464274,108.62962962962963,3506348.7592592593,2506831.574074074,55.0,0.11009887487214456,990.8898738493011,55.0
1788396157,llama3.1:8b,43.0,6591,1377240,289.81,11.98,43.21365850425793,1.7863414957420725,108.53333333333333,3507371.177777778,2500435.888888889,45.0,0.11038083538083539,993.4275184275185,45.0
1788396202,llama3.1:8b,44.0,6573,1400000,284.79,11.9,50.874212140618155,2.1257878593818464,109.0,3505223.653846154,2489422.6923076925,53.0,0.10917431192660551,982.5688073394496,53.0
1788396255,llama3.1:8b,43.0,6578,1204081,288.9,11.92,55.70174855395253,2.2982514460474706,108.84210526315789,3505489.5172413792,2570714.1379310344,58.0,0.10951644100580271,985.6479690522243,58.0
1788396313,llama3.1:8b,43.0,6582,856736,272.33,11.92,46.9451890941073,2.0548109058926998,109.14285714285714,3504633.0416666665,2432844.75,49.0,0.10921465968586387,982.9319371727747,49.0
1788396362,llama3.1:8b,43.0,6576,1000000,278.63,12.05,46.96872849869272,2.0312715013072795,109.08333333333333,3506081.5714285714,2474222.1836734693,49.0,0.11046600458365165,994.1940412528648,49.0
1788396411,llama3.1:8b,47.0,6578,2428880,290.21,11.92,48.02733922483699,1.9726607751630092,108.94,3504178.5306122447,2457543.9795918367,50.0,0.10941802827244355,984.762254451992,50.0
1788396461,llama3.1:8b,44.0,6577,1060787,287.03,11.97,48.95829431438126,2.0417056856187292,109.2,3506327.4509803923,2429763.0,51.0,0.10961538461538461,986.5384615384615,50.99999999999999
1788396512,llama3.1:8b,43.0,6586,1000000,281.28,11.85,47.97871251663084,2.0212874833691536,108.76,3505347.9795918367,2482609.448979592,50.0,0.10895549834497976,980.5994851048179,50.0
1788396562,llama3.1:8b,43.0,6576,1100000,287.64,11.87,49.93916730660078,2.0608326933992185,109.09803921568627,3505372.7884615385,2544174.3846153845,52.0,0.10880122214234364,979.2109992810928,52.0
1788396614,llama3.1:8b,44.0,6580,1700000,282.14,11.99,48.92102131710468,2.0789786828953187,108.82,3505273.42,2526382.74,51.0,0.11018195184708694,991.6375666237825,51.0
1788396665,llama3.1:8b,41.0,6587,802305,293.17,11.94,48.043328635574056,1.9566713644259448,109.36,3504670.78,2465258.48,50.0,0.10918068763716167,982.626188734455,50.0
1788396715,llama3.1:8b,44.0,6584,1789379,275.95,11.9,52.72624630884142,2.27375369115859,108.87037037037037,3505293.537037037,2396842.2592592593,55.0,0.1093043034529682,983.7387310767137,55.00000000000001
1788396770,llama3.1:8b,44.0,6586,1098448,284.28,11.92,48.94760297096556,2.052397029034436,109.13725490196079,3503915.137254902,2472266.7843137253,51.0,0.10922026590010779,982.9823931009701,51.0
1788396821,llama3.1:8b,43.0,6574,1997842,281.15,11.8,55.66376514763611,2.3362348523638845,108.73684210526316,3505951.3684210526,2601507.947368421,58.0,0.1085188770571152,976.6698935140369,58.0
1788396879,llama3.1:8b,43.0,6579,1290460,286.78,11.92,38.40374958151992,1.5962504184800805,109.07692307692308,3506551.325,2547744.0,40.0,0.10928067700987305,983.5260930888575,40.0
1788396919,llama3.1:8b,44.0,6578,1201775,279.37,11.91,51.79202142268607,2.2079785773139244,109.57407407407408,3506224.4905660376,2513016.9811320757,54.0,0.10869359472705763,978.2423525435187,53.99999999999999
1788396973,llama3.1:8b,44.0,6581,3095178,275.43,11.95,39.29511448256664,1.7048855174333635,109.175,3506077.3170731706,2439100.7804878047,41.0,0.10945729333638653,985.1156400274788,41.0
1788397014,llama3.1:8b,44.0,6571,2791866,285.48,11.96,48.94930069930071,2.050699300699301,109.2156862745098,3505843.7,2508361.84,51.0,0.10950807899461401,985.5727109515261,51.00000000000001
1788397065,llama3.1:8b,44.0,6572,1839510,279.27,11.76,59.494691268941345,2.505308731058654,109.09836065573771,3504221.629032258,2408507.193548387,62.0,0.10779263711495116,970.1337340345605,62.0
1788397127,llama3.1:8b,44.0,6577,1259405,283.74,12.01,51.807134404057486,2.1928655959425187,109.66666666666667,3505857.4150943398,2444362.867924528,54.0,0.10951367781155015,985.6231003039513,54.00000000000001
1788397181,llama3.1:8b,44.0,6574,1389527,294.45,11.92,50.93791820347945,2.062081796520547,110.09615384615384,3505973.037735849,2518734.3773584906,53.0,0.10826899563318777,974.4209606986899,52.99999999999999
1788397234,llama3.1:8b,41.0,6613,2036718,273.57,11.86,54.631573415548466,2.3684265844515293,109.48214285714286,3505627.8035714286,2503439.0178571427,57.0,0.1083281683249062,974.9535149241558,56.99999999999999
1788397291,llama3.1:8b,40.0,6588,1488793,276.06,11.91,47.93207625794353,2.0679237420564642,109.28,3505000.4,2486764.9,50.0,0.10898609077598828,980.8748169838946,49.99999999999999
1788397341,llama3.1:8b,48.0,6583,2664782,275.75,11.97,48.87824968719588,2.121750312804115,108.58,3506093.74,2493511.24,51.0,0.11024129673973108,992.1716706575799,51.0
1788397392,llama3.1:8b,44.0,6580,1361152,283.01,11.87,44.14833152468801,1.8516684753119912,109.1304347826087,3503417.804347826,2494933.065217391,46.0,0.10876892430278882,978.9203187250994,46.0
1788397438,llama3.1:8b,44.0,6574,800309,274.87,11.96,47.91514137293868,2.0848586270613256,109.81632653061224,3505447.0204081633,2554207.8571428573,50.0,0.10890912469801153,980.1821222821038,50.0
1788397488,llama3.1:8b,43.0,6574,1900000,289.4,11.82,57.64557466303698,2.3544253369630175,108.91525423728814,3505668.966101695,2552291.2372881356,60.0,0.10852474323062558,976.7226890756302,60.0
1788397548,llama3.1:8b,44.0,6582,800000,288.27,11.84,53.79067675185766,2.209323248142348,108.83928571428571,3506128.0178571427,2374805.7678571427,56.0,0.1087842493847416,979.0582444626743,56.00000000000001
1788397604,llama3.1:8b,44.0,6584,1702622,284.49,11.77,59.53682576115575,2.463174238844258,108.93442622950819,3504525.524590164,2445120.9672131147,62.0,0.10804665161775771,972.4198645598194,62.00000000000001
1788397666,llama3.1:8b,44.0,6574,1438424,284.71,11.82,57.60833642464506,2.391663575354939,109.38983050847457,3505026.0,2414960.75,60.0,0.10805392004958166,972.4852804462349,60.0
1788397726,llama3.1:8b,44.0,6576,800000,285.04,11.92,47.992995689655174,2.0070043103448274,108.62,3505462.4285714286,2620334.102040816,50.0,0.10974037930399558,987.6634137359601,50.0
1788397776,llama3.1:8b,43.0,6582,1059048,284.06,11.86,55.67545282508786,2.324547174912138,109.14035087719299,3507145.327586207,2484449.706896552,58.0,0.10866741681401702,978.0067513261532,58.0
1788397834,llama3.1:8b,43.0,6576,1598237,282.02,11.94,41.2534358416111,1.7465641583888964,109.13953488372093,3504308.1666666665,2467638.714285714,43.0,0.10940123588323034,984.611122949073,43.0
1788397877,llama3.1:8b,44.0,6573,800339,271.56,11.91,46.9412636257805,2.058736374219494,109.125,3505465.0,2460798.93877551,49.0,0.10914089347079038,982.2680412371135,48.99999999999999
1788397926,llama3.1:8b,41.0,6576,1495840,276.18,11.94,51.762182423990005,2.237817576009996,108.9245283018868,3506482.2641509436,2495713.320754717,54.0,0.10961718344015242,986.5546509613719,54.0
1788397980,llama3.1:8b,43.0,6572,800000,281.43,11.97,43.164110429447845,1.8358895705521472,109.15555555555555,3505673.888888889,2494117.7333333334,45.0,0.10966001628664496,986.9401465798046,44.99999999999999
1788398025,llama3.1:8b,40.0,6574,2476949,278.89,11.88,48.91629122674279,2.083708773257214,109.18,3504457.58,2453811.52,51.0,0.1088111375709837,979.3002381388533,51.00000000000001
1788398076,llama3.1:8b,44.0,6581,1508450,285.11,12.0,47.020935007236375,1.979064992763623,108.3061224489796,3504967.102040816,2410766.3469387754,49.0,0.11079706048615037,997.1735443753533,49.0
1788398125,llama3.1:8b,43.0,6587,1130834,286.19,11.85,54.73369346396456,2.2663065360354313,108.80357142857143,3506241.6071428573,2530193.9285714286,57.0,0.10891186607582472,980.2067946824225,56.99999999999999
1788398182,llama3.1:8b,40.0,6576,1594442,273.88,11.82,57.51767588379419,2.4823241162058105,109.03389830508475,3505395.6,2441663.05,60.0,0.10840665319446603,975.6598787501944,60.0
1788398242,llama3.1:8b,40.0,6577,3500000,279.1,11.86,52.7581110805609,2.2418889194390976,109.43636363636364,3506279.796296296,2466869.1481481483,55.0,0.10837348396743644,975.361355706928,55.0
1788398297,llama3.1:8b,44.0,6580,2388709,293.57,11.86,49.01964443571358,1.980355564286416,109.38,3506135.5490196077,2501540.705882353,51.0,0.10842932894496252,975.8639605046627,50.99999999999999
1788398348,llama3.1:8b,43.0,6577,998487,279.09,11.88,44.12186823383854,1.8781317661614603,109.1304347826087,3505810.422222222,2503642.9777777777,46.0,0.10886055776892431,979.7450199203188,46.0
1788398394,llama3.1:8b,44.0,6578,1702784,280.8,11.96,46.03907637655418,1.960923623445826,109.93617021276596,3508456.0416666665,2446710.5833333335,48.0,0.10879040061931489,979.1136055738339,48.00000000000001
1788398442,llama3.1:8b,44.0,6572,1965000,283.97,11.89,56.6289123233962,2.371087676603799,108.55172413793103,3504604.293103448,2446128.879310345,59.0,0.1095330368487929,985.7973316391361,59.0
1788398501,llama3.1:8b,44.0,6577,804789,286.91,11.87,50.894403909230874,2.1055960907691276,109.39622641509433,3504179.6415094337,2482929.2641509436,53.0,0.10850465677819938,976.5419110037946,53.0
1788398554,llama3.1:8b,44.0,6580,1909809,276.74,11.87,47.94359169813936,2.056408301860642,109.12244897959184,3504495.163265306,2560121.8775510206,50.0,0.10877688423414998,978.9919581073498,50.0
1788398604,llama3.1:8b,43.0,6588,1623768,274.92,11.8,55.613002232142854,2.386997767857143,109.3103448275862,3506062.8448275863,2500746.6551724137,58.0,0.10794952681388013,971.5457413249212,58.0
1788398662,llama3.1:8b,41.0,6575,2884264,284.92,11.91,47.03392514233736,1.966074857662635,108.72916666666667,3504768.3125,2495351.625,49.0,0.10953822571373827,985.8440314236443,48.99999999999999
1788398711,llama3.1:8b,44.0,6579,3500000,284.35,11.84,55.68148823390392,2.318511766096087,109.19298245614036,3505850.603448276,2449138.0862068967,58.0,0.1084318766066838,975.8868894601542,58.00000000000001
1788398769,llama3.1:8b,43.0,6585,1492665,273.79,11.92,50.78880683210248,2.2111931678975183,109.33962264150944,3506175.4615384615,2403553.1153846155,53.0,0.10901811906816221,981.1630716134599,53.0
1788398822,llama3.1:8b,43.0,6576,1490630,283.77,11.74,66.25877296876585,2.741227031234138,109.0,3506580.955882353,2476997.455882353,69.0,0.10770642201834862,969.3577981651376,68.99999999999999
1788398891,llama3.1:8b,44.0,6582,800000,285.2,11.84,50.88742256935093,2.112577430649071,108.9423076923077,3455275.0188679243,2447349.6415094337,53.0,0.10868137687555163,978.1323918799648,53.0
1788398944,llama3.1:8b,44.0,6589,2918604,276.93,11.79,54.67238154613466,2.3276184538653366,108.9298245614035,3506357.875,2482210.9464285714,57.0,0.10823482042196811,974.113383797713,56.99999999999999
1788399001,llama3.1:8b,44.0,6588,2981644,285.31,11.82,55.692727089152896,2.307272910847104,109.12280701754386,3505039.706896552,2455806.8620689656,58.0,0.10831832797427653,974.8649517684887,58.0
1788399059,llama3.1:8b,43.0,6585,1133680,283.14,11.97,41.255870692284226,1.7441293077157671,108.95348837209302,3505536.6904761903,2496524.785714286,43.0,0.10986339381003203,988.7705442902883,42.99999999999999
1788399102,llama3.1:8b,44.0,6579,3278571,288.53,12.01,43.20173687362747,1.7982631263725297,109.0,3506366.0444444446,2419472.533333333,45.0,0.11018348623853211,991.651376146789,45.0
1788399147,llama3.1:8b,44.0,6586,1560367,269.13,11.91,48.83870623398804,2.1612937660119553,108.96,3503812.8,2524607.58,51.0,0.10930616740088106,983.7555066079295,51.0
1788399198,llama3.1:8b,43.0,6571,1800000,275.41,11.95,43.1286539532294,1.8713460467706011,109.33333333333333,3504824.177777778,2520833.688888889,45.0,0.10929878048780488,983.6890243902438,45.00000000000001
1788399243,llama3.1:8b,44.0,6568,1148674,276.64,11.92,42.18242306626005,1.81757693373995,108.67441860465117,3504345.604651163,2494779.7674418604,44.0,0.10968542692060775,987.1688422854697,44.0
1788399287,llama3.1:8b,41.0,6570,1761623,286.66,11.92,45.12365195257552,1.8763480474244754,108.76595744680851,3506382.425531915,2551764.510638298,47.0,0.10959311424100156,986.338028169014,47.0
1788399334,llama3.1:8b,44.0,6569,1823085,286.05,11.88,51.84674252341154,2.1532574765884602,108.9245283018868,3504097.396226415,2493030.452830189,54.0,0.10906634332236273,981.5970899012646,54.0
1788399388,llama3.1:8b,41.0,6582,1900000,275.01,11.87,48.88981455660903,2.110185443390965,108.98039215686275,3504694.0784313725,2501428.882352941,51.0,0.10891867578265563,980.2680820439007,51.0
1788399439,llama3.1:8b,43.0,6570,1801769,291.38,11.85,49.006958414404906,1.9930415855950927,109.18,3504777.98,2451446.36,51.0,0.10853636197105695,976.8272577395126,51.0
1788399490,llama3.1:8b,43.0,6581,800000,278.89,11.9,41.24031087726539,1.7596891227346199,108.74418604651163,3505050.1860465114,2463638.930232558,43.0,0.1094311377245509,984.8802395209582,43.00000000000001
1788399533,llama3.1:8b,44.0,6582,984174,295.47,11.87,50.95304874080823,2.0469512591917742,109.21153846153847,3505997.679245283,2505672.9811320757,53.0,0.10868814932206373,978.1933438985736,53.0
1788399586,llama3.1:8b,43.0,6571,1278556,286.77,11.96,45.11830080674857,1.8816991932514315,109.28260869565217,3506736.652173913,2427568.6086956523,47.0,0.10944101850009948,984.9691665008952,47.0
1788399633,llama3.1:8b,44.0,6570,2000000,287.53,11.9,48.97314898306783,2.026851016932172,109.3921568627451,3505575.254901961,2442881.568627451,51.0,0.10878293601003765,979.0464240903389,51.0
1788399684,llama3.1:8b,43.0,6566,1391717,281.28,11.85,54.69573226895916,2.304267731040835,108.98214285714286,3505717.339285714,2448300.1964285714,57.0,0.10873340979845976,978.6006881861379,57.0
1788399741,llama3.1:8b,43.0,6572,799723,286.08,11.9,47.043157258876434,1.9568427411235656,109.42857142857143,3506085.375,2478582.3958333335,49.0,0.1087467362924282,978.7206266318539,49.0
1788399790,llama3.1:8b,43.0,6578,1602170,282.32,11.82,51.83001291901815,2.1699870809818456,109.30188679245283,3505211.6666666665,2476960.2407407407,54.0,0.10814085965820819,973.2677369238737,54.0
1788399844,llama3.1:8b,43.0,6587,1108661,286.57,11.92,50.883480183590734,2.11651981640926,109.18867924528301,3505169.076923077,2458210.5576923075,53.0,0.10916882668049076,982.5194401244169,52.99999999999999
1788399897,llama3.1:8b,43.0,6582,1031953,274.35,11.89,48.88153297931806,2.1184670206819454,108.74,3504411.9411764704,2414152.529411765,51.0,0.10934338789773773,984.0904910796396,51.00000000000001
1788399948,llama3.1:8b,44.0,6581,1066784,288.71,11.99,50.88669770535417,2.1133022946458264,108.73076923076923,3505541.846153846,2453230.25,53.0,0.11027237354085603,992.4513618677042,53.0
1788400001,llama3.1:8b,44.0,6590,2004640,279.39,11.8,53.73069130121227,2.2693086987877336,108.875,3504631.910714286,2489350.714285714,56.0,0.10838117106773824,975.4305396096441,56.0
1788400057,llama3.1:8b,43.0,6583,1600926,291.22,11.84,54.773114234805,2.226885765195011,109.125,3504372.4464285714,2443580.3928571427,57.0,0.10849942726231386,976.4948453608247,57.000000000000014
1788400114,llama3.1:8b,43.0,6582,1400000,281.76,12.02,46.03608142147185,1.9639185785281503,109.80851063829788,3506165.375,2376925.6041666665,48.0,0.10946328230962991,985.1695407866692,48.0
1788400162,llama3.1:8b,44.0,6575,1810902,287.57,11.91,55.693401896620806,2.3065981033791907,109.20689655172414,3506216.9298245613,2462117.3684210526,58.0,0.10905904641616672,981.5314177455006,58.0
1788400220,llama3.1:8b,44.0,6582,2895741,284.46,11.86,52.79866360691144,2.201336393088553,108.87037037037037,3505961.8181818184,2490770.981818182,55.0,0.10893689402959687,980.4320462663719,54.99999999999999
1788400275,llama3.1:8b,44.0,6570,1189941,292.02,11.86,49.97051467684612,2.0294853231538763,109.13461538461539,3505220.0392156863,2514633.6274509802,52.0,0.10867312775330396,978.0581497797356,52.0
1788400327,llama3.1:8b,43.0,6576,1600000,270.01,11.89,46.93327421071302,2.0667257892869815,108.35416666666667,3504381.612244898,2479721.06122449,49.0,0.10973274370313402,987.5946933282062,49.00000000000001
1788400376,llama3.1:8b,46.0,6576,3411758,276.31,11.86,51.77756185584897,2.2224381441510217,109.28301886792453,3504821.6226415094,2467324.9245283017,54.0,0.10852555248618784,976.7299723756905,53.99999999999999
1788400430,llama3.1:8b,43.0,6581,1597622,286.92,11.83,58.58450209205021,2.415497907949791,109.59016393442623,3506394.3114754097,2474553.049180328,61.0,0.1079476439790576,971.5287958115183,61.0
1788400491,llama3.1:8b,44.0,6583,1630449,283.09,11.91,47.981355932203385,2.01864406779661,109.18367346938776,3505688.897959184,2443394.0204081633,50.0,0.10908224299065421,981.7401869158879,49.99999999999999
1788400541,llama3.1:8b,43.0,6581,3095393,283.37,12.01,46.0483445053829,1.9516554946171034,108.77083333333333,3508553.25,2506893.7708333335,48.0,0.11041562918981039,993.7406627082935,48.0
1788400589,llama3.1:8b,43.0,6577,958969,278.57,12.0,45.05898750731321,1.9410124926867882,108.52173913043478,3504952.3695652173,2461028.413043478,47.0,0.11057692307692307,995.1923076923076,47.0
1788400636,llama3.1:8b,43.0,6575,963013,284.57,11.88,52.79591836734694,2.2040816326530615,109.25925925925925,3504810.4727272727,2452957.4727272727,55.0,0.10873220338983053,978.5898305084747,55.00000000000001
1788400691,llama3.1:8b,44.0,6586,1026618,282.71,11.81,57.594051337769926,2.4059486622300694,109.3,3505133.2372881356,2474321.559322034,60.0,0.1080512351326624,972.4611161939616,59.99999999999999
1788400751,llama3.1:8b,43.0,6574,1002127,263.78,11.93,44.0095752783722,1.9904247216277975,108.91111111111111,3504301.1304347827,2436476.0217391304,46.0,0.10953886961844521,985.8498265660069,46.0
1788400797,llama3.1:8b,44.0,6580,1400445,292.59,11.88,56.69790127106119,2.3020987289388124,109.25862068965517,3506101.724137931,2514868.4310344825,59.0,0.10873283888275209,978.5955499447689,59.0
1788400856,llama3.1:8b,46.0,6582,1471459,279.07,11.89,53.711575474292,2.2884245257080016,108.80357142857143,3504774.0,2522035.7321428573,56.0,0.10927950106679797,983.5155096011817,56.0
1788400912,llama3.1:8b,44.0,6585,1990153,278.01,11.98,46.97572330080347,2.0242766991965238,108.77083333333333,3504879.3958333335,2487039.1875,49.0,0.11013981995786248,991.2583796207624,49.0
1788400961,llama3.1:8b,44.0,6582,1100000,277.12,11.94,41.22382896284508,1.776171037154916,108.97674418604652,3504982.8604651163,2466516.581395349,43.0,0.10956466069142125,986.0819462227913,43.0
1788401004,llama3.1:8b,44.0,6580,1728638,287.47,11.95,49.92465433170797,2.075345668292031,108.7843137254902,3505301.137254902,2514824.31372549,52.0,0.10985039653929343,988.6535688536409,52.0
1788401056,llama3.1:8b,40.0,6580,1800000,287.47,11.95,42.24393828067598,1.7560617193240262,109.1590909090909,3505522.2045454546,2480319.6818181816,44.0,0.10947324588798667,985.2592129918801,44.0
1788401100,llama3.1:8b,43.0,6593,1693173,279.97,11.85,51.807209923925704,2.1927900760742918,109.11320754716981,3504339.283018868,2420729.679245283,54.0,0.10860280131419678,977.425211827771,53.99999999999999
1788401154,llama3.1:8b,44.0,6587,899075,276.91,11.99,35.4644167532018,1.5355832467982,109.43243243243244,3505140.891891892,2525069.027027027,37.0,0.10956532477154853,986.0879229439367,37.0
1788401191,llama3.1:8b,43.0,6583,973457,276.84,11.82,51.78881729370193,2.211182706298067,109.26415094339623,3505147.113207547,2488186.9056603773,54.0,0.10817820756346054,973.6038680711448,54.0
1788401245,llama3.1:8b,42.0,6586,1031091,271.4,11.82,49.829814278652634,2.1701857213473628,108.56862745098039,3506191.653846154,2444822.423076923,52.0,0.10887122990789237,979.8410691710314,52.0
1788401297,llama3.1:8b,40.0,6577,1604693,283.03,11.76,57.60643169714034,2.3935683028596633,109.48333333333333,3504908.627118644,2536160.2372881356,60.0,0.1074136093773786,966.7224843964074,60.0
1788401357,llama3.1:8b,44.0,6586,800469,286.43,11.81,52.82205606223176,2.1779439377682404,109.0925925925926,3463353.4545454546,2427183.4909090907,55.0,0.10825666270582245,974.3099643524021,55.0
1788401412,llama3.1:8b,43.0,6585,1632193,282.38,12.04,39.32334759866857,1.6766524013314312,108.92682926829268,3504465.725,2402189.075,41.0,0.11053291536050157,994.7962382445141,41.0
1788401453,llama3.1:8b,41.0,6580,1402443,288.74,11.8,50.91907899114926,2.0809210088507353,109.59615384615384,3492380.169811321,2436603.547169811,53.0,0.1076680119319179,969.012107387261,53.0
1788401506,llama3.1:8b,44.0,6572,1598692,283.4,11.81,53.759696487246366,2.2403035127536333,109.30909090909091,3506434.709090909,2545771.109090909,56.0,0.108042248835662,972.380239520958,56.0
1788401562,llama3.1:8b,46.0,6575,1708330,272.09,11.83,56.54166666666667,2.4583333333333335,109.54237288135593,3505539.5762711866,2501718.13559322,59.0,0.10799473928516169,971.9526535664553,59.00000000000001
1788401621,llama3.1:8b,44.0,6585,1601328,283.08,11.86,54.707940598087745,2.2920594019122533,108.67857142857143,3505451.6785714286,2532529.964285714,57.0,0.1091291488662504,982.1623397962536,57.0
1788401678,llama3.1:8b,47.0,6571,2899336,288.4,11.82,58.59836120178536,2.401638798214643,108.73333333333333,3505067.7333333334,2572172.2333333334,61.0,0.10870631514408338,978.3568362967504,61.0
1788401739,llama3.1:8b,43.0,6583,799373,274.42,11.85,56.557725224438464,2.4422747755615326,109.08474576271186,3504198.254237288,2499346.13559322,59.0,0.10863113735239278,977.6802361715351,59.0
1788401798,llama3.1:8b,41.0,6572,1488358,278.17,11.91,44.11134859349145,1.8886514065085491,109.06666666666666,3503413.066666667,2541868.7555555557,46.0,0.10919926650366749,982.7933985330075,46.0
1788401844,llama3.1:8b,41.0,6572,1783517,287.57,11.89,50.895645495224734,2.1043545047752623,108.9622641509434,3503685.8113207547,2531464.6981132077,53.0,0.10912034632034633,982.0831168831169,53.0
1788401897,llama3.1:8b,44.0,6580,759065,291.52,11.99,47.06428124279266,1.9357187572073409,108.5625,3503980.0208333335,2486714.1458333335,49.0,0.1104432930339666,993.9896373056995,49.0
1788401946,llama3.1:8b,44.0,6580,1091115,285.99,11.83,58.5769592371231,2.4230407628769055,108.58333333333333,3504631.229508197,2501209.049180328,61.0,0.10894858019953953,980.5372217958558,61.00000000000001
1788402007,llama3.1:8b,43.0,6586,961001,274.62,11.97,46.95341777452109,2.046582225478907,108.87755102040816,3504084.6875,2475487.8541666665,49.0,0.10994001874414246,989.460168697282,49.0
1788402056,llama3.1:8b,44.0,6582,1504901,271.08,11.92,48.85187279151943,2.1481272084805654,108.98,3505818.6470588236,2466520.470588235,51.0,0.10937786749862359,984.4008074876124,51.0
1788402107,llama3.1:8b,44.0,6579,2550819,288.7,11.89,49.9431118799694,2.0568881200306066,109.01923076923077,3506094.117647059,2523041.1960784313,52.0,0.10906332686540836,981.5699417886752,52.00000000000001
1788402159,llama3.1:8b,44.0,6586,3479587,282.78,11.83,56.63086792709006,2.369132072909949,109.1896551724138,3507568.7288135593,2453744.8305084747,59.0,0.10834359703142271,975.0923732828045,59.00000000000001
1788402218,llama3.1:8b,44.0,6586,1991313,285.62,11.93,47.03538901025038,1.9646109897496218,109.47916666666667,3504971.375,2447636.9375,49.0,0.10897050428163653,980.7345385347288,49.0
1788402267,llama3.1:8b,44.0,6580,800000,286.91,11.97,43.19777168094218,1.8022283190578157,109.37777777777778,3505096.8444444444,2476395.0222222223,45.0,0.10943722064201544,984.934985778139,45.0
1788402312,llama3.1:8b,40.0,6571,1500000,278.13,11.89,52.745155506516795,2.2548444934832084,108.79629629629629,3507210.314814815,2544726.3518518517,55.0,0.10928680851063831,983.5812765957447,55.0
1788402367,llama3.1:8b,43.0,6580,804614,290.8,11.78,59.586225130543994,2.4137748694560117,108.88709677419355,3505724.3387096776,2490808.919354839,62.0,0.1081854540068138,973.6690860613242,62.00000000000001
1788402429,llama3.1:8b,43.0,6582,1185033,278.4,11.87,45.07803079891136,1.9219692010886418,109.54347826086956,3505509.1739130435,2463328.6739130435,47.0,0.1083588013494741,975.2292121452668,47.0
1788402476,llama3.1:8b,44.0,6588,1200000,268.67,12.11,44.01602678253437,1.983973217465631,108.53333333333333,3505910.8260869565,2451757.6086956523,46.0,0.11157862407862408,1004.2076167076167,46.0
1788402522,llama3.1:8b,44.0,6585,1500000,283.04,11.99,44.13056299359387,1.869437006406128,108.58695652173913,3505380.9555555554,2416334.466666667,46.0,0.11041841841841843,993.7657657657659,46.0
1788402568,llama3.1:8b,43.0,6581,1991839,280.9,11.83,53.73689065008711,2.2631093499128894,109.16363636363636,3504987.785714286,2443214.5535714286,56.0,0.10836942038640907,975.3247834776816,56.0
1788402624,llama3.1:8b,43.0,6589,1193137,270.82,11.96,39.26593111252564,1.7340688874743622,108.95121951219512,3507267.75,2429870.225,41.0,0.10977389747033804,987.9650772330424,41.00000000000001
1788402665,llama3.1:8b,40.0,6592,3494400,279.36,11.75,60.45714678300299,2.5428532169970115,109.1774193548387,3504190.396825397,2440139.888888889,63.0,0.10762298714728911,968.606884325602,63.0
1788402728,llama3.1:8b,44.0,6578,2041726,284.36,11.84,48.96137744767049,2.038622552329507,109.17647058823529,3504781.0,2451583.64,51.0,0.10844827586206897,976.0344827586207,51.0
1788402779,llama3.1:8b,44.0,6568,1592032,285.1,11.81,54.732747297160756,2.267252702839244,109.07142857142857,3504865.649122807,2471419.4385964912,57.0,0.10827766863130321,974.4990176817289,57.0
1788402836,llama3.1:8b,43.0,6572,1403689,273.85,11.89,46.00265976062155,1.9973402393784558,108.80851063829788,3508062.3829787234,2556921.3829787234,48.0,0.10927454047712162,983.4708642940947,48.0
1788402884,llama3.1:8b,44.0,6582,1192411,286.79,11.89,54.73091603053435,2.2690839694656493,108.64912280701755,3506007.6842105263,2526131.701754386,57.0,0.10943484579363798,984.9136121427417,57.0
1788402941,llama3.1:8b,44.0,6579,1400000,282.88,11.91,51.818311340276125,2.1816886597238714,108.88679245283019,3506946.0943396227,2475483.679245283,54.0,0.10937965690521573,984.4169121469416,54.0
1788402995,llama3.1:8b,40.0,6580,1400000,283.42,11.79,55.683615053690595,2.316384946309406,109.91228070175438,3504245.0517241377,2440170.9655172415,58.0,0.10726735833998403,965.4062250598564,58.0
1788403053,llama3.1:8b,44.0,6575,1900000,284.49,11.83,55.684462742980564,2.3155372570194386,109.3103448275862,3506733.3684210526,2473587.596491228,58.0,0.10822397476340694,974.0157728706624,58.0
1788403111,llama3.1:8b,44.0,6586,876962,284.13,11.95,56.61871791407728,2.3812820859227237,109.13793103448276,3505693.4655172415,2435833.1379310344,59.0,0.10949447077409162,985.4502369668246,59.0
1788403170,llama3.1:8b,40.0,6585,1099382,270.08,11.88,49.80905092920982,2.1909490707901833,109.6078431372549,3505805.076923077,2419583.230769231,52.0,0.10838640429338105,975.4776386404294,52.0
1788403222,llama3.1:8b,43.0,6576,976057,270.82,11.91,55.55675025642839,2.4432497435716054,109.20689655172414,3505826.5614035088,2435739.01754386,58.0,0.10905904641616672,981.5314177455006,57.99999999999999
1788403280,llama3.1:8b,44.0,6579,1499471,285.44,11.86,54.72613521695257,2.2738647830474266,108.89285714285714,3506361.245614035,2437936.1228070175,57.0,0.10891439816333223,980.2295834699901,57.0
1788403337,llama3.1:8b,43.0,6575,1967219,281.99,11.94,47.96890416085463,2.0310958391453746,108.48,3505048.3061224488,2435565.8775510206,50.0,0.11006637168141592,990.5973451327432,50.0
1788403387,llama3.1:8b,44.0,6581,1014589,279.56,11.87,50.84129979755001,2.1587002024499875,109.0576923076923,3504324.4150943398,2434383.320754717,53.0,0.10884147416681361,979.5732675013226,52.99999999999999
1788403440,llama3.1:8b,43.0,6578,1294022,277.53,11.87,47.949205252246024,2.050794747753974,109.3265306122449,3506630.93877551,2444410.551020408,50.0,0.10857382863543028,977.1644577188724,50.0
1788403490,llama3.1:8b,44.0,6588,1245823,285.83,11.96,48.95171093723766,2.0482890627623496,109.2156862745098,3505288.411764706,2477274.0588235296,51.0,0.10950807899461401,985.5727109515261,51.00000000000001
1788403541,llama3.1:8b,44.0,6590,1800000,279.55,12.05,38.34705075445816,1.6529492455418382,108.87179487179488,3503696.282051282,2533410.6153846155,40.0,0.1106806406029204,996.1257654262836,40.0
1788403581,llama3.1:8b,41.0,6598,1574346,291.99,11.89,53.808871923127555,2.1911280768724497,108.625,3504585.2321428573,2467668.75,56.0,0.10945914844649023,985.132336018412,56.00000000000001
1788403637,llama3.1:8b,44.0,6583,3464824,291.61,11.93,55.720432232984116,2.279567767015879,108.6842105263158,3504341.1578947366,2435949.8947368423,58.0,0.10976755447941888,987.90799031477,57.99999999999999
1788403695,llama3.1:8b,43.0,6575,882534,289.93,11.96,48.97952896750472,2.02047103249528,108.98,3505068.0,2491032.2352941176,51.0,0.10974490732244449,987.7041659020003,51.0
1788403746,llama3.1:8b,43.0,6579,1012871,283.1,11.86,54.70809601301871,2.291903986981285,109.45614035087719,3503496.8035714286,2458774.6964285714,57.0,0.10835390286904953,975.1851258214457,56.99999999999999
1788403803,llama3.1:8b,43.0,6580,1686574,276.61,11.85,54.65842751161339,2.3415724883866043,109.25,3482126.2807017546,2484366.947368421,57.0,0.10846681922196796,976.2013729977117,56.99999999999999
1788403860,llama3.1:8b,44.0,6587,1077173,278.44,11.8,56.60129547960308,2.398704520396913,109.27586206896552,3505419.293103448,2484415.206896552,59.0,0.10798359103818239,971.8523193436416,58.99999999999999
1788403919,llama3.1:8b,46.0,6579,3500000,277.67,11.91,46.02583051315698,1.9741694868430137,109.47916666666667,3505390.0833333335,2515050.9166666665,48.0,0.10878782112274024,979.0903901046622,48.0
1788403967,llama3.1:8b,44.0,6576,1498736,276.84,11.86,48.90488396259092,2.095116037409075,109.54,3509018.68,2500446.1,51.0,0.10827095125068467,974.4385612561621,51.0
1788404018,llama3.1:8b,43.0,6573,1157907,281.57,11.81,51.82623219033336,2.1737678096666437,109.31481481481481,3505982.320754717,2459984.452830189,54.0,0.10803659156361173,972.3293240725055,54.0
1788404072,llama3.1:8b,43.0,6568,2981151,283.71,11.85,54.7146772228989,2.2853227771010958,109.0,3505780.754385965,2468983.2280701753,57.0,0.10871559633027522,978.440366972477,56.99999999999999
1788404129,llama3.1:8b,43.0,6567,1166561,287.69,11.84,55.70734150168598,2.2926584983140255,108.85964912280701,3505885.649122807,2580380.403508772,58.0,0.10876390008058018,978.8751007252216,58.00000000000001
1788404187,llama3.1:8b,44.0,6571,1216738,278.74,11.85,47.96104477098317,2.038955229016828,109.06,3504742.38,2451651.18,50.0,0.10865578580597836,977.9020722538053,50.0
1788404237,llama3.1:8b,44.0,6574,1589534,286.64,11.92,44.163451232583064,1.8365487674169345,109.42222222222222,3505034.6222222224,2590414.6222222224,46.0,0.10893582453290009,980.4224207961008,46.0
1788404283,llama3.1:8b,43.0,6584,2873835,288.54,11.89,50.902439836234734,2.09756016376527,109.56603773584905,3505872.716981132,2452708.5849056602,53.0,0.10851902875839504,976.6712588255555,53.00000000000001
1788404336,llama3.1:8b,43.0,6583,1569121,273.14,11.89,48.872539732659725,2.1274602673402803,109.14,3505065.0,2457374.78,51.0,0.10894264247755177,980.483782297966,51.00000000000001
1788404387,llama3.1:8b,44.0,6589,996499,269.54,11.86,63.2183368869936,2.7816631130063962,108.66153846153846,3505139.378787879,2417390.015151515,66.0,0.10914625513238001,982.3162961914201,66.0
1788404453,llama3.1:8b,42.0,6619,798804,283.92,11.82,54.72185027388923,2.2781497261107733,109.40350877192982,3504143.1964285714,2460304.0,57.0,0.10804041051956383,972.3636946760744,57.00000000000001
1788404510,llama3.1:8b,43.0,6594,800000,266.86,11.91,53.60749004555726,2.39250995444273,108.94545454545455,3504936.6964285714,2440918.8035714286,56.0,0.10932076101468624,983.8868491321762,55.99999999999999
1788404566,llama3.1:8b,43.0,6583,2700000,278.95,11.96,56.5743700800935,2.4256299199065006,108.53448275862068,3506416.7586206896,2468159.4137931033,59.0,0.11019539316918191,991.7585385226371,59.0
1788404625,llama3.1:8b,42.0,6576,1200000,278.08,11.95,41.22828672895908,1.771713271040927,108.32558139534883,3505414.906976744,2413196.0,43.0,0.11031558608844998,992.8402747960498,43.00000000000001
1788404668,llama3.1:8b,44.0,6580,1900000,285.92,11.94,44.156046464782115,1.8439535352178875,109.02222222222223,3504955.577777778,2539351.7555555557,46.0,0.10951895637994292,985.6706074194864,46.0
1788404714,llama3.1:8b,41.0,6584,1377171,290.36,11.78,56.69967564705104,2.300324352948964,109.40677966101696,3505612.254237288,2485789.1694915253,59.0,0.10767157242447714,969.0441518202942,59.0
1788404773,llama3.1:8b,44.0,6566,1488415,274.51,11.83,52.727701334078375,2.2722986659216318,108.88888888888889,3505083.9444444445,2579010.5185185187,55.0,0.10864285714285715,977.7857142857143,55.00000000000001
1788404828,llama3.1:8b,41.0,6578,1782368,296.09,11.93,46.14089994156223,1.8591000584377637,108.79166666666667,3504554.2708333335,2439048.1875,48.0,0.10965913443125239,986.9322098812714,47.99999999999999
1788404876,llama3.1:8b,44.0,6577,1204116,289.33,11.81,59.568506342564916,2.4314936574350803,108.95081967213115,3506272.9344262294,2471960.180327869,62.0,0.10839753235028589,975.577791152573,62.0
1788404938,llama3.1:8b,44.0,6576,1089806,277.08,11.91,49.85695006747638,2.143049932523617,108.27450980392157,3504182.0,2432741.5384615385,52.0,0.10999818906193408,989.9837015574068,52.0
1788404990,llama3.1:8b,43.0,6563,1100000,286.3,11.94,44.15839592274678,1.841604077253219,108.45652173913044,3505802.711111111,2468440.7333333334,46.0,0.11009019843656043,990.8117859290438,45.99999999999999
1788405036,llama3.1:8b,44.0,6560,1653439,285.28,11.89,46.0794831241377,1.9205168758623012,109.25531914893617,3505373.6458333335,2542963.6458333335,48.0,0.10882765335929893,979.4488802336905,48.00000000000001
1788405084,llama3.1:8b,43.0,6578,1266974,273.99,11.9,46.96040435132394,2.0395956486760647,108.63265306122449,3503271.6458333335,2469384.4583333335,49.0,0.10954349051286869,985.8914146158182,49.0
1788405133,llama3.1:8b,44.0,6579,1405035,280.95,11.82,52.7794856030331,2.2205143969669026,108.9074074074074,3505078.290909091,2460929.727272727,55.0,0.10853256248937256,976.793062404353,55.00000000000001
1788405188,llama3.1:8b,43.0,6582,2269728,274.12,11.94,42.16346221072502,1.8365377892749772,109.0,3505877.302325581,2482259.8372093025,44.0,0.10954128440366973,985.8715596330275,44.0
1788405232,llama3.1:8b,41.0,6580,800000,278.94,11.98,43.14691324075347,1.8530867592465283,109.24444444444444,3505640.9555555554,2461363.177777778,45.0,0.10966232709519935,986.9609438567942,45.0
1788405277,llama3.1:8b,44.0,6569,900000,290.22,11.94,50.90567911040508,2.0943208895949166,109.38461538461539,3506480.5384615385,2507541.5,53.0,0.10915611814345991,982.4050632911392,53.0
1788405330,llama3.1:8b,43.0,6582,3489520,278.61,11.87,51.79337648030845,2.2066235196915445,109.14814814814815,3505830.8703703703,2557057.388888889,54.0,0.10875127248048862,978.7614523243975,54.0
1788405384,llama3.1:8b,44.0,6576,1200000,274.69,11.96,43.122448979591844,1.8775510204081636,108.9090909090909,3505786.522727273,2652663.5681818184,45.0,0.10981636060100168,988.3472454090152,45.00000000000001
1788405429,llama3.1:8b,44.0,6574,3492374,281.55,11.9,43.17515760776964,1.8248423922303632,109.5111111111111,3505138.066666667,2400715.7555555557,45.0,0.10866477272727273,977.9829545454545,45.00000000000001
1788405474,llama3.1:8b,44.0,6581,1114633,282.0,11.83,52.78562434060511,2.2143756593948885,108.77777777777777,3506208.3518518517,2521831.703703704,55.0,0.10875383043922371,978.7844739530134,55.0
1788405529,llama3.1:8b,43.0,6585,950185,280.68,11.91,49.88331795345022,2.116682046549779,108.98039215686275,3502405.9423076925,2519652.980769231,52.0,0.10928571428571428,983.5714285714286,51.99999999999999
1788405581,llama3.1:8b,44.0,6583,1161342,277.59,12.01,44.092334254143644,1.907665745856354,108.65217391304348,3506808.7555555557,2554617.1333333333,46.0,0.11053621448579432,994.8259303721488,46.0
1788405627,llama3.1:8b,44.0,6572,1801105,283.31,11.87,49.908936919845516,2.091063080154482,108.92156862745098,3504623.096153846,2434465.480769231,52.0,0.10897749774977497,980.7974797479748,52.0
1788405679,llama3.1:8b,43.0,6580,1272556,282.51,11.88,52.780495261387955,2.2195047386120454,109.38181818181818,3504268.3333333335,2489260.037037037,55.0,0.10861037234042555,977.4933510638299,55.0
1788405734,llama3.1:8b,43.0,6583,1897976,284.49,11.85,56.64071674428021,2.359283255719781,109.22413793103448,3505395.6440677964,2423982.881355932,59.0,0.10849250197316496,976.4325177584847,58.99999999999999
1788405793,llama3.1:8b,43.0,6582,1254500,286.43,11.88,52.809661090811574,2.190338909188428,109.33333333333333,3504237.425925926,2457047.0555555555,55.0,0.10865853658536587,977.9268292682927,55.0
1788405848,llama3.1:8b,43.0,6578,1200000,286.7,11.77,59.555064160552156,2.444935839447851,109.09677419354838,3505037.1612903224,2519528.0967741935,62.0,0.10788586635127144,970.972797161443,62.00000000000001
1788405910,llama3.1:8b,40.0,6578,800322,270.41,11.83,47.90426587301588,2.095734126984127,109.63265306122449,3505370.5306122447,2521415.387755102,50.0,0.10790580789277737,971.1522710349964,50.00000000000001
1788405960,llama3.1:8b,41.0,6588,800000,277.17,11.87,55.61811513977304,2.3818848602269576,109.01754385964912,3505160.9122807016,2587004.6666666665,58.0,0.10888155777277116,979.9340199549405,58.0
1788406018,llama3.1:8b,43.0,6576,1619473,291.56,11.98,49.94768399551953,2.052316004480464,109.82692307692308,3505143.673076923,2424464.653846154,52.0,0.10908072141481352,981.7264927333216,52.0
1788406070,llama3.1:8b,44.0,6582,1358350,276.11,12.01,45.04085103429127,1.9591489657087324,108.95652173913044,3504597.6739130435,2459762.2391304346,47.0,0.11022745411013567,992.047086991221,47.00000000000001
1788406117,llama3.1:8b,43.0,6582,1352432,276.17,11.86,57.52942401833142,2.470575981668576,109.26666666666667,3505456.85,2443790.316666667,60.0,0.1085417937766931,976.8761439902379,59.99999999999999
1788406177,llama3.1:8b,43.0,6584,3280911,277.71,11.93,44.10530313492611,1.8946968650738847,109.2,3506098.0,2542774.577777778,46.0,0.10924908424908425,983.2417582417582,45.99999999999999
1788406223,llama3.1:8b,43.0,6582,1908105,279.66,11.81,51.81198751157924,2.188012488420764,108.9245283018868,3506428.074074074,2556660.3518518517,54.0,0.10842369651827473,975.8132686644726,54.0
1788406277,llama3.1:8b,44.0,6576,800000,285.22,11.84,53.76799299804754,2.232007001952468,109.0,3507348.2,2546938.345454545,56.0,0.10862385321100917,977.6146788990825,56.00000000000001
1788406333,llama3.1:8b,43.0,6580,1602702,283.56,11.87,47.99106387299868,2.00893612700132,109.6938775510204,3506051.46,2529650.86,50.0,0.10821023255813952,973.8920930232557,50.0
1788406383,llama3.1:8b,44.0,6587,2868684,276.45,11.77,55.63146207757963,2.3685379224203738,109.20689655172414,3505067.245614035,2542634.0701754387,58.0,0.10777707609725291,969.9936848752762,58.0
1788406441,llama3.1:8b,44.0,6579,1098068,276.55,11.95,47.92894280762565,2.07105719237435,109.28571428571429,3505882.42,2481665.26,50.0,0.10934640522875816,984.1176470588235,50.0
1788406491,llama3.1:8b,41.0,6584,1254783,276.88,12.01,44.08764581674686,1.9123541832531412,109.8,3507853.8666666667,2494692.0222222223,46.0,0.10938069216757741,984.4262295081967,46.0
1788406537,llama3.1:8b,43.0,6581,2257000,265.06,11.88,45.94092583231025,2.0590741676897526,108.9375,3506714.75,2413866.5625,48.0,0.10905335628227195,981.4802065404475,48.0
1788406585,llama3.1:8b,43.0,6585,1479012,289.93,11.68,69.21176353569179,2.7882364643082127,109.09859154929578,3506199.7746478873,2561996.4507042253,72.0,0.1070591272915053,963.5321456235476,72.0
1788406657,llama3.1:8b,43.0,6590,1100000,286.15,11.81,58.582192240569206,2.4178077594307963,109.21666666666667,3506973.573770492,2461449.7868852457,61.0,0.10813367923088663,973.2031130779797,61.0
1788406718,llama3.1:8b,43.0,6590,802527,274.94,11.75,60.4179427255921,2.582057274407897,109.23809523809524,3505104.709677419,2456304.935483871,63.0,0.10756320836965998,968.0688753269397,62.99999999999999
1788406781,llama3.1:8b,43.0,6585,1223703,282.59,11.91,42.22057724957555,1.7794227504244482,108.65116279069767,3502951.0454545454,2492878.340909091,44.0,0.10961686643835618,986.5517979452056,44.0
1788406825,llama3.1:8b,46.0,6580,1253023,280.25,11.9,45.085572479890466,1.9144275201095329,109.26086956521739,3505412.6086956523,2498289.217391304,47.0,0.10891364902506964,980.2228412256268,47.0
1788406872,llama3.1:8b,43.0,6586,1000000,288.59,11.94,43.21215851994809,1.7878414800519082,108.73333333333333,3505492.511111111,2512418.888888889,45.0,0.10980993255671366,988.2893930104229,45.0
1788406917,llama3.1:8b,43.0,6577,999499,284.31,11.81,52.806463595839524,2.1935364041604757,108.87037037037037,3505399.4814814813,2507018.0555555555,55.0,0.10847763225038273,976.2986902534446,55.0
1788406972,llama3.1:8b,43.0,6583,1600000,287.41,11.81,60.51343493082013,2.4865650691798677,108.61904761904762,3505139.9032258065,2434544.5967741935,63.0,0.10872862779482684,978.5576501534415,63.0
1788407035,llama3.1:8b,47.0,6580,1762204,283.21,11.8,56.640079997288225,2.3599200027117724,109.56896551724138,3505105.0,2446709.745762712,59.0,0.10769472856018883,969.2525570416994,59.0
1788407094,llama3.1:8b,43.0,6583,1441232,283.24,11.89,60.46189814657947,2.5381018534205264,109.45161290322581,3508736.64516129,2450130.370967742,63.0,0.10863247863247863,977.6923076923076,63.0
1788407157,llama3.1:8b,44.0,6580,798406,278.85,11.76,64.28873748322495,2.7112625167750593,109.53030303030303,3505530.5074626864,2499858.23880597,67.0,0.10736754737861391,966.3079264075252,67.00000000000001
1788407224,llama3.1:8b,40.0,6579,1151231,280.62,11.94,44.12264150943396,1.8773584905660374,109.6304347826087,3505055.2666666666,2509671.3777777776,46.0,0.10891136228435454,980.2022605591909,46.0
1788407270,llama3.1:8b,43.0,6597,1567032,281.25,11.98,38.36578794802715,1.634212051972854,109.51282051282051,3507063.45,2426043.45,40.0,0.1093935846405994,984.5422617653945,40.0
1788407310,llama3.1:8b,44.0,6575,1479159,294.62,11.96,53.81538260812839,2.184617391871616,108.96428571428571,3504524.1636363636,2463215.036363636,56.0,0.10976073418551296,987.8466076696167,56.00000000000001
1788407366,llama3.1:8b,44.0,6586,1573945,272.39,11.97,50.768990012660005,2.2310099873399913,109.09615384615384,3506557.433962264,2411217.0,53.0,0.10971972501322053,987.4775251189848,53.0
1788407419,llama3.1:8b,44.0,6582,1746002,295.03,11.81,58.65216399426411,2.3478360057358887,109.54098360655738,3506382.4166666665,2497641.2333333334,61.0,0.1078135288835678,970.3217599521101,60.99999999999999
1788407480,llama3.1:8b,40.0,6585,3305188,281.76,11.82,54.7050889025138,2.294911097486205,109.69642857142857,3504828.1403508773,2478312.4385964912,57.0,0.1077519127462152,969.7672147159369,57.00000000000001
1788407537,llama3.1:8b,43.0,6582,1414179,290.47,11.87,48.997717801151026,2.0022821988489774,109.5,3505442.78,2599879.64,51.0,0.10840182648401826,975.6164383561644,51.0
1788407588,llama3.1:8b,47.0,6589,2110810,286.83,11.91,47.046495280176735,1.9535047198232578,108.22448979591837,3506515.7551020407,2570018.673469388,49.0,0.11004902885159343,990.4412596643409,48.99999999999999
1788407637,llama3.1:8b,43.0,6576,1109643,291.08,11.96,54.75039598732841,2.249604012671595,108.76785714285714,3504116.25,2433455.410714286,57.0,0.10995895583648006,989.6306025283207,57.00000000000001
1788407694,llama3.1:8b,43.0,6582,1370745,287.19,12.02,42.232412018314896,1.7675879816851041,109.04651162790698,3505634.659090909,2490055.909090909,44.0,0.11022819364470035,992.0537428023032,44.0
1788407738,llama3.1:8b,43.0,6587,1800000,274.66,11.88,55.595309555384944,2.4046904446150625,108.79310344827586,3506342.543859649,2466926.543859649,58.0,0.10919809825673535,982.7828843106181,58.00000000000001
1788407796,llama3.1:8b,40.0,6589,1196830,288.94,11.89,45.14237276867334,1.857627231326663,109.47826086956522,3504432.1063829786,2493489.234042553,47.0,0.10860603653693408,977.4543288324068,47.0
1788407843,llama3.1:8b,43.0,6590,999541,278.14,11.9,49.86650117225211,2.1334988277478972,108.67307692307692,3506308.745098039,2527580.68627451,52.0,0.10950274287736685,985.5246858963017,52.00000000000001
1788407895,llama3.1:8b,41.0,6584,800137,274.78,11.81,56.56868697442339,2.4313130255766082,109.6896551724138,3506340.172413793,2475149.724137931,59.0,0.10766740018861994,969.0066016975794,59.0
1788407954,llama3.1:8b,43.0,6585,1773379,287.68,11.93,53.77016788491706,2.229832115082941,108.69090909090909,3505371.8214285714,2424305.1071428573,56.0,0.10976078956172633,987.847106055537,56.0
1788408010,llama3.1:8b,43.0,6584,1437401,291.47,11.84,54.77494972140715,2.2250502785928585,108.84210526315789,3505255.714285714,2501058.035714286,57.0,0.10878143133462283,979.0328820116054,57.00000000000001
1788408067,llama3.1:8b,43.0,6580,1000000,278.84,11.89,49.873353283114916,2.126646716885083,108.23529411764706,3503868.596153846,2471391.480769231,52.0,0.10985326086956522,988.679347826087,52.0
1788408119,llama3.1:8b,43.0,6595,1507038,286.04,11.98,40.31165693577612,1.6883430642238775,109.33333333333333,3505148.0,2484324.0,42.0,0.10957317073170733,986.1585365853659,42.0
1788408161,llama3.1:8b,44.0,6589,1866159,282.52,12.0,43.166508216759475,1.833491783240527,109.56818181818181,3505637.9111111113,2464333.5555555555,45.0,0.10952084629744867,985.687616677038,45.0
1788408206,llama3.1:8b,44.0,6578,1499202,286.38,11.86,48.97190182403433,2.028098175965665,108.6,3506434.7843137253,2580745.2352941176,51.0,0.10920810313075506,982.8729281767955,51.0
1788408257,llama3.1:8b,43.0,6585,1122268,278.07,11.88,48.910398344542166,2.089601655457838,109.11764705882354,3506899.34,2510645.96,51.0,0.1088733153638814,979.8598382749326,51.00000000000001
1788408308,llama3.1:8b,44.0,6590,1700000,274.07,11.89,49.837879423695625,2.1621205763043787,108.76470588235294,3505575.9423076925,2450503.7115384615,52.0,0.10931855056787453,983.8669551108708,52.00000000000001
1788408360,llama3.1:8b,43.0,6584,1800000,286.68,11.84,52.818571619991964,2.1814283800080396,108.98181818181818,3506405.0555555555,2504637.9444444445,55.0,0.10864197530864197,977.7777777777778,55.0
1788408415,llama3.1:8b,43.0,6587,1558939,274.23,11.75,62.329358696412335,2.6706413035876633,108.796875,3507759.5625,2448703.890625,65.0,0.10799942553497056,971.9948298147351,65.0
1788408480,llama3.1:8b,46.0,6588,3500000,285.45,11.83,52.81132265877288,2.1886773412271263,108.83333333333333,3505214.8545454545,2492986.272727273,55.0,0.10869831546707505,978.2848392036755,55.00000000000001
1788408535,llama3.1:8b,43.0,6590,2187955,281.4,11.88,45.09615384615385,1.903846153846154,108.57446808510639,3504100.195652174,2486687.804347826,47.0,0.10941798941798941,984.7619047619047,47.0
1788408582,llama3.1:8b,46.0,6586,3430046,278.42,11.87,53.71015191704847,2.289848082951531,108.76363636363637,3506370.8214285714,2501343.0,56.0,0.10913574055499832,982.2216649949848,56.0
1788408638,llama3.1:8b,40.0,6583,800000,271.55,11.95,46.93456790123457,2.065432098765432,109.0625,3506892.0625,2475121.6041666665,49.0,0.10957020057306589,986.131805157593,49.00000000000001
1788408687,llama3.1:8b,44.0,6585,1711358,285.02,11.78,57.61859838274933,2.381401617250674,108.91666666666667,3502044.566666667,2429834.0833333335,60.0,0.10815608263198162,973.4047436878345,60.00000000000001
1788408747,llama3.1:8b,43.0,6578,988680,287.3,11.84,50.9022531256268,2.0977468743732035,108.8076923076923,3506292.923076923,2658253.269230769,53.0,0.1088158359844468,979.3425238600212,53.0
1788408800,llama3.1:8b,41.0,6580,1258924,281.75,11.86,54.69755798508225,2.302442014917748,108.96491228070175,3505405.8245614036,2511291.4210526315,57.0,0.10884237642891643,979.5813878602479,57.0
1788408857,llama3.1:8b,44.0,6584,1058022,290.64,11.94,45.145349990085265,1.8546500099147334,108.58695652173913,3506277.8913043477,2501645.086956522,47.0,0.10995795795795796,989.6216216216216,47.0
1788408904,llama3.1:8b,43.0,6583,1335546,286.07,11.78,54.74564378042639,2.2543562195736113,109.0,3506434.6666666665,2530042.49122807,57.0,0.10807339449541284,972.6605504587155,57.0
1788408961,llama3.1:8b,43.0,6582,1443076,269.5,11.9,51.71641791044776,2.283582089552239,109.11111111111111,3505130.0,2494343.679245283,54.0,0.10906313645621181,981.5682281059063,54.0
1788409015,llama3.1:8b,44.0,6572,1741548,278.59,11.68,69.10283529128053,2.8971647087194685,109.15492957746478,3505017.0704225353,2460964.9859154928,72.0,0.10700387096774194,963.0348387096774,72.0
1788409087,llama3.1:8b,41.0,6570,1509261,288.16,12.08,39.350386357580604,1.6496136424193977,109.46341463414635,3504941.1219512196,2488479.6585365855,41.0,0.11035650623885918,993.2085561497327,41.0
1788409128,llama3.1:8b,41.0,6575,3501761,270.26,11.93,45.01300542187887,1.986994578121124,108.91304347826087,3506230.5319148935,2522455.6170212766,47.0,0.10953692614770458,985.8323353293412,47.0
1788409175,llama3.1:8b,44.0,6565,1590580,280.91,11.92,53.72045213946658,2.279547860533415,108.98181818181818,3506351.0545454547,2445945.7454545456,56.0,0.10937604270937604,984.3843843843844,55.99999999999999
1788409231,llama3.1:8b,43.0,6586,1200651,274.16,11.85,50.80409775881962,2.1959022411803777,108.64150943396227,3505443.980769231,2562284.1153846155,53.0,0.1090743313650573,981.6689822855157,53.0
1788409284,llama3.1:8b,44.0,6580,1360505,289.85,11.95,44.17859509609013,1.821404903909874,109.06666666666666,3506426.1304347827,2495851.3260869565,46.0,0.10956601466992665,986.0941320293398,46.0
1788409330,llama3.1:8b,42.0,6583,1292527,279.07,11.92,47.9518196501598,2.0481803498402007,108.84,3506753.78,2454518.28,50.0,0.10951855935317897,985.6670341786107,50.0
1788409380,llama3.1:8b,43.0,6576,991482,282.77,11.81,54.71481431190169,2.2851856880983097,109.46428571428571,3506395.8035714286,2506176.5178571427,57.0,0.10788907014681894,971.0016313213704,57.0
1788409437,llama3.1:8b,43.0,6579,758424,283.54,11.85,53.75347845221572,2.246521547784285,109.10909090909091,3505799.018181818,2598350.1636363636,56.0,0.10860689885019163,977.4620896517247,56.0
1788409493,llama3.1:8b,44.0,6583,3500000,294.29,11.9,45.17335641268494,1.8266435873150657,109.06382978723404,3505695.1063829786,2413589.914893617,47.0,0.10911041747951619,981.9937573156458,47.00000000000001
1788409540,llama3.1:8b,39.0,6570,2302108,286.8,11.96,47.038425492033745,1.9615745079662605,108.95833333333333,3484682.875,2440680.0625,49.0,0.10976673040152965,987.9005736137669,49.00000000000001
1788409589,llama3.1:8b,42.0,6575,1376094,279.24,11.93,50.828450733248616,2.171549266751382,109.33962264150944,3505056.886792453,2442019.245283019,53.0,0.10910957722174287,981.9861949956858,53.0
1788409642,llama3.1:8b,44.0,6583,1000000,271.74,11.83,56.53863243643545,2.4613675635645524,109.15517241379311,3506180.8103448274,2509927.1896551726,59.0,0.10837782340862423,975.4004106776181,59.0
1788409701,llama3.1:8b,43.0,6579,1787052,280.83,11.8,59.49991456788436,2.500085432115641,109.01639344262296,3505843.435483871,2441329.935483871,62.0,0.1082406015037594,974.1654135338347,62.0
1788409763,llama3.1:8b,43.0,6582,2164642,272.37,11.84,56.54209915203547,2.4579008479645337,109.29310344827586,3505911.724137931,2502656.396551724,59.0,0.10833254456538886,974.9929010884998,59.0
1788409822,llama3.1:8b,44.0,6585,800000,287.07,11.91,42.24724061810154,1.7527593818984546,109.3409090909091,3505555.4545454546,2480453.9318181816,44.0,0.10892537933901476,980.3284140511329,44.0
1788409866,llama3.1:8b,44.0,6579,1163465,280.96,11.78,56.62581130012981,2.374188699870192,108.79310344827586,3506573.6551724137,2453992.8103448274,59.0,0.10827892234548336,974.5103011093503,59.0
1788409925,llama3.1:8b,43.0,6577,1200550,287.74,11.81,55.713303288265735,2.2866967117342685,109.08620689655173,3504996.9137931033,2475023.5862068967,58.0,0.1082629998419472,974.3669985775248,58.0
1788409983,llama3.1:8b,40.0,6565,1362493,282.83,11.86,50.86697885914011,2.1330211408598867,109.01923076923077,3504365.096153846,2452531.153846154,53.0,0.10878814605750572,979.0933145175514,53.0
1788410036,llama3.1:8b,43.0,6568,1494751,280.65,11.86,52.76999076954634,2.2300092304536596,109.07272727272728,3506752.9454545453,2593820.709090909,55.0,0.10873478913152192,978.6131021836972,55.0
1788410091,llama3.1:8b,44.0,6568,1588766,290.04,11.89,49.952240585566194,2.047759414433809,109.68627450980392,3503729.3921568627,2382214.0392156863,52.0,0.10840007150518413,975.6006435466572,52.0
1788410143,llama3.1:8b,41.0,6575,1978780,292.75,11.92,53.80903928841041,2.1909607115895886,108.67272727272727,3506148.290909091,2456174.8,56.0,0.10968713401371925,987.1842061234732,56.0
1788410199,llama3.1:8b,46.0,6577,3480337,281.7,11.87,55.654869366760906,2.345130633239091,108.77586206896552,3504909.7586206896,2388991.275862069,58.0,0.10912347440164842,982.1112696148358,58.0
1788410257,llama3.1:8b,44.0,6574,800000,276.61,11.93,45.05673390171207,1.9432660982879322,108.8913043478261,3504601.7391304346,2539822.9782608696,47.0,0.1095587941704931,986.0291475344379,47.00000000000001
1788410304,llama3.1:8b,43.0,6578,1900000,286.19,11.91,47.04230124119423,1.9576987588057697,109.08163265306122,3505162.0816326533,2523764.4693877553,49.0,0.1091842843779233,982.6585594013096,49.0
1788410353,llama3.1:8b,44.0,6582,1058259,278.18,11.87,50.83102913290812,2.1689708670918804,109.23076923076923,3505851.25,2551818.3846153845,53.0,0.10866901408450703,978.0211267605633,53.0
1788410406,llama3.1:8b,43.0,6578,986636,279.58,12.01,48.89941356013581,2.1005864398641934,109.36,3505403.7647058824,2459321.568627451,51.0,0.10982077542062911,988.3869787856619,51.00000000000001
1788410457,llama3.1:8b,44.0,6580,1099666,288.79,11.94,47.054533967346124,1.9454660326538753,109.14285714285714,3503654.625,2519852.3333333335,49.0,0.1093979057591623,984.5811518324607,49.0
1788410506,llama3.1:8b,43.0,6587,2503306,280.2,11.88,52.76294165981923,2.2370583401807727,109.38888888888889,3504017.036363636,2443443.5454545454,55.0,0.10860335195530728,977.4301675977655,55.0
1788410561,llama3.1:8b,43.0,6578,1059312,274.46,11.78,61.3661263275573,2.633873672442706,109.36507936507937,3504571.888888889,2481398.126984127,64.0,0.10771262699564585,969.4136429608126,64.00000000000001
1788410625,llama3.1:8b,44.0,6581,1402491,290.52,11.96,49.94393017720181,2.056069822798202,108.88461538461539,3504419.153846154,2411221.346153846,52.0,0.10984104556693748,988.5694101024374,52.00000000000001
1788410677,llama3.1:8b,43.0,6581,1400000,290.3,11.94,53.78771836950768,2.212281630492324,108.67272727272727,3505143.0727272728,2517710.9272727272,56.0,0.10987117282917852,988.8405554626067,56.0
1788410733,llama3.1:8b,43.0,6580,808944,275.79,11.95,42.17265586988253,1.8273441301174669,109.37209302325581,3505063.659090909,2443680.727272727,44.0,0.10926004677865192,983.3404210078672,44.0
1788410777,llama3.1:8b,43.0,6570,2169280,285.15,11.88,58.56024643975356,2.43975356024644,108.91803278688525,3504719.816666667,2475650.85,61.0,0.10907284768211921,981.6556291390729,61.0
1788410838,llama3.1:8b,43.0,6581,1198807,285.43,11.92,57.5947536573062,2.405246342693795,109.27118644067797,3475641.783333333,2400788.316666667,60.0,0.1090863967736932,981.7775709632386,59.99999999999999
1788410898,llama3.1:8b,43.0,6578,1400000,261.9,11.9,47.82688093498905,2.1731190650109573,108.73469387755102,3505695.285714286,2427518.5918367347,50.0,0.10944069069069069,984.9662162162163,50.00000000000001
1788410948,llama3.1:8b,43.0,6561,1419793,278.07,11.85,54.67021937086093,2.329780629139073,109.26315789473684,3505584.98245614,2511525.192982456,57.0,0.10845375722543353,976.0838150289018,57.0
1788411005,llama3.1:8b,42.0,6575,2603466,287.83,11.9,50.89577286224269,2.104227137757315,109.03846153846153,3506688.769230769,2528890.153846154,53.0,0.10913580246913582,982.2222222222223,53.0
1788411058,llama3.1:8b,44.0,6580,1675930,282.81,11.84,53.749736976073315,2.250263023926693,108.625,3504719.618181818,2429921.2181818183,56.0,0.10899884925201381,980.9896432681242,56.00000000000001
1788411114,llama3.1:8b,44.0,6581,3279251,280.46,11.85,51.81088570353391,2.1891142964660806,109.13207547169812,3505756.537037037,2599154.777777778,54.0,0.10858402489626555,977.25622406639,53.99999999999999
1788411168,llama3.1:8b,43.0,6575,1400000,281.99,11.83,48.94659995915867,2.0534000408413315,108.24,3504188.86,2476091.8,51.0,0.10929416112342942,983.6474501108647,51.0
1788411219,llama3.1:8b,43.0,6572,2177016,288.04,11.87,51.86275882764829,2.1372411723517053,108.64814814814815,3506478.796296296,2531997.574074074,54.0,0.10925174705982614,983.2657235384353,54.0
1788411273,llama3.1:8b,43.0,6578,1492946,279.47,11.91,45.07890040496945,1.9210995950305438,108.3695652173913,3506778.9782608696,2504530.8913043477,47.0,0.10990170511534604,989.1153460381144,47.0
1788411320,llama3.1:8b,43.0,6580,1799834,287.09,11.97,49.91867852604828,2.0813214739517156,109.67307692307692,3503818.25,2411331.346153846,52.0,0.10914255654918464,982.2830089426618,52.0
1788411372,llama3.1:8b,44.0,6575,3490740,274.71,11.95,45.99902323309845,2.000976766901556,109.42553191489361,3506887.638297872,2447702.7021276597,48.0,0.10920668870309158,982.8601983278242,48.00000000000001
1788411420,llama3.1:8b,43.0,6580,3491916,284.01,11.92,48.94573040921839,2.0542695907816038,109.48,3505712.1960784313,2471788.4509803923,51.0,0.10887833394227256,979.9050054804529,50.99999999999999
1788411471,llama3.1:8b,44.0,6575,2229343,280.96,12.01,41.23725978769157,1.7627402123084277,108.74418604651163,3505115.302325581,2381724.7674418604,43.0,0.1104426860564585,993.9841745081264,43.0
1788411514,llama3.1:8b,43.0,6584,1001876,286.97,11.89,47.05055879006893,1.9494412099310714,109.29166666666667,3506585.0625,2481168.3958333335,49.0,0.10879146016012199,979.123141441098,49.00000000000001
1788411563,llama3.1:8b,43.0,6577,1425877,287.82,11.76,62.44842779891849,2.5515722010815143,109.03076923076924,3504592.015625,2482526.84375,65.0,0.10785946098490193,970.7351488641174,65.0
1788411628,llama3.1:8b,43.0,6579,1629934,291.86,11.89,53.8079341563786,2.1920658436213993,109.23636363636363,3475818.125,2504000.7321428573,56.0,0.1088465379494008,979.6188415446072,56.0
1788411684,llama3.1:8b,43.0,6614,2900000,280.72,11.92,47.00410060142154,1.9958993985784577,108.5,3504673.0833333335,2469339.3958333335,49.0,0.10986175115207374,988.7557603686636,49.0
1788411733,llama3.1:8b,43.0,6618,1091087,280.12,11.96,51.78882497945769,2.211175020542317,109.5925925925926,3504804.296296296,2517102.592592593,54.0,0.10913146333220683,982.1831699898615,54.0
1788411787,llama3.1:8b,43.0,6593,1589733,278.38,11.84,50.837778237199366,2.1622217628006344,109.3076923076923,3504708.8846153845,2473802.0576923075,53.0,0.10831808585503166,974.862772695285,53.0
1788411840,llama3.1:8b,40.0,6591,3000000,292.64,11.76,61.527463863337715,2.4725361366622867,108.57142857142857,3505692.390625,2497102.5,64.0,0.10831578947368421,974.8421052631579,64.0
1788411904,llama3.1:8b,39.0,6589,1382603,282.18,11.93,43.17466254122607,1.825337458773928,108.68888888888888,3505906.5,2499089.1363636362,45.0,0.10976282968718054,987.8654671846249,45.0
1788411949,llama3.1:8b,44.0,6583,1101421,288.04,11.81,60.51865932966483,2.4813406703351677,108.2741935483871,3504605.523809524,2440606.1904761903,63.0,0.1090749292417697,981.6743631759273,62.99999999999999
1788412012,llama3.1:8b,43.0,6588,1379355,278.31,11.89,44.11529979324604,1.884700206753963,108.91304347826087,3505310.8,2524322.9777777777,46.0,0.10916966067864271,982.5269461077845,46.0
1788412058,llama3.1:8b,40.0,6586,1883013,276.66,11.87,53.69618410563893,2.3038158943610716,109.2,3506059.535714286,2539978.339285714,56.0,0.10869963369963369,978.2967032967032,56.0
1788412114,llama3.1:8b,43.0,6578,3063968,287.01,11.78,57.63445898457111,2.3655410154288967,109.08474576271186,3505006.7118644067,2513143.4237288134,60.0,0.1079894344313238,971.9049098819143,60.00000000000001
1788412174,llama3.1:8b,43.0,6590,1467773,284.79,11.86,52.80111242204618,2.1988875779538173,108.94545454545455,3505535.6363636362,2478294.2,55.0,0.1088618157543391,979.7563417890519,55.0
1788412229,llama3.1:8b,43.0,6584,2000000,289.99,11.68,69.21231809593264,2.787681904067358,108.78873239436619,3505379.2816901407,2501035.915492958,72.0,0.1073640600725013,966.2765406525116,72.0
1788412301,llama3.1:8b,40.0,6579,1627503,279.15,11.94,49.86705142739359,2.1329485726064106,109.29411764705883,3505218.470588235,2428646.117647059,52.0,0.10924650161463939,983.2185145317545,52.0
1788412353,llama3.1:8b,44.0,6587,1901063,280.06,11.86,55.643600986571656,2.3563990134283364,109.12068965517241,3506067.9827586208,2405634.6379310344,58.0,0.10868699636593458,978.1829672934113,57.99999999999999
1788412411,llama3.1:8b,43.0,6587,1400000,284.24,11.89,44.15304089420187,1.8469591057981294,108.8,3505727.7333333334,2548643.1333333333,46.0,0.10928308823529413,983.5477941176472,46.0
1788412457,llama3.1:8b,43.0,6587,1515018,278.78,11.85,47.96132539655231,2.0386746034476824,108.94,3506821.32,2686650.84,50.0,0.10877547273728658,978.9792546355791,49.99999999999999
1788412507,llama3.1:8b,43.0,6582,1767376,276.2,11.9,54.645609163484906,2.3543908365150994,109.17857142857143,3506781.3571428573,2477300.875,57.0,0.10899574746483481,980.9617271835133,57.00000000000001
1788412564,llama3.1:8b,44.0,6590,1068151,276.91,11.98,46.96801550763266,2.0319844923673367,109.5,3504890.3061224488,2430608.0408163266,49.0,0.10940639269406394,984.6575342465753,48.99999999999999
1788412613,llama3.1:8b,43.0,6586,1200000,281.36,11.72,61.44069878531458,2.55930121468541,109.1875,3505112.9365079366,2464235.8253968256,64.0,0.10733829421866056,966.044647967945,63.99999999999999
1788412677,llama3.1:8b,43.0,6582,3134672,291.7,11.81,55.74313861157787,2.256861388422128,109.08771929824562,3506729.8596491227,2471293.754385965,58.0,0.10826149887423608,974.3534898681247,58.0
1788412735,llama3.1:8b,43.0,6594,1609510,285.98,11.95,47.03460544423187,1.9653945557681334,109.29166666666667,3503382.102040816,2399871.551020408,49.0,0.10934044986656499,984.064048799085,49.00000000000001
1788412784,llama3.1:8b,43.0,6587,769365,281.69,11.95,50.843107206102715,2.1568927938972893,108.62264150943396,3505265.096153846,2484098.4423076925,53.0,0.11001389612645475,990.1250651380927,53.00000000000001
1788412837,llama3.1:8b,43.0,6592,773507,271.09,11.81,59.411735595616825,2.5882644043831746,109.09836065573771,3504960.2258064514,2473929.419354839,62.0,0.10825093914350113,974.2584522915101,62.0
1788412899,llama3.1:8b,40.0,6589,800000,280.11,11.91,51.79761660160262,2.20238339839737,109.31481481481481,3505261.962264151,2467543.0566037735,54.0,0.1089513806539048,980.5624258851433,53.99999999999999
1788412953,llama3.1:8b,44.0,6589,2194874,290.55,11.91,53.79488196786351,2.2051180321364807,108.78181818181818,3504189.0714285714,2512993.1964285714,56.0,0.10948520808958717,985.3668728062845,55.99999999999999
1788413009,llama3.1:8b,43.0,6593,3500000,281.75,11.76,62.39565943238731,2.6043405676126876,108.890625,3505400.0625,2486256.125,65.0,0.10799827808867843,971.9845027981058,65.0
1788413074,llama3.1:8b,43.0,6581,1454651,280.14,11.86,53.72547945205479,2.2745205479452055,108.6,3505091.7678571427,2484664.910714286,56.0,0.10920810313075506,982.8729281767955,56.0
1788413130,llama3.1:8b,44.0,6582,1199289,286.02,11.79,58.58507101843457,2.4149289815654273,109.22950819672131,3507184.7,2497691.95,61.0,0.1079378658262044,971.4407924358397,60.99999999999999
1788413191,llama3.1:8b,44.0,6588,2892773,287.71,11.96,48.96456101711884,2.03543898288117,108.52,3504775.6078431373,2548749.5098039214,51.0,0.11021009952082567,991.890895687431,51.00000000000001
1788413242,llama3.1:8b,43.0,6585,1125558,289.56,11.83,57.64491190815887,2.3550880918411363,108.9,3505226.0169491526,2497696.694915254,60.0,0.1086317722681359,977.6859504132232,60.00000000000001
1788413302,llama3.1:8b,44.0,6584,998435,274.97,11.74,62.33842558682989,2.6615744131701016,108.703125,3506291.203125,2490849.171875,65.0,0.10800057496047147,972.0051746442432,65.0
1788413367,llama3.1:8b,44.0,6586,869050,271.71,11.8,56.54435469648337,2.455645303516631,108.79310344827586,3506123.4915254237,2497261.2033898304,59.0,0.10846275752773377,976.1648177496038,59.0
1788413426,llama3.1:8b,44.0,6592,1500000,284.43,11.97,42.22307692307692,1.7769230769230768,109.20454545454545,3503842.581395349,2463358.9534883723,44.0,0.1096108220603538,986.4973985431842,43.99999999999999
1788413470,llama3.1:8b,43.0,6585,1090087,266.38,11.94,45.94078758263869,2.0592124173613104,109.04255319148936,3449409.6666666665,2422040.2083333335,48.0,0.10949853658536585,985.4868292682927,48.0
1788413518,llama3.1:8b,43.0,6595,1099362,286.81,11.93,48.96334605342438,2.0366539465756173,109.1,3506404.28,2459622.86,51.0,0.10934922089825848,984.1429880843264,51.0
1788413569,llama3.1:8b,43.0,6592,1000000,264.69,12.0,46.874878022335466,2.1251219776645343,109.04081632653062,3506484.285714286,2394600.7551020407,49.0,0.11005053340819763,990.4548006737787,49.0
1788413618,llama3.1:8b,44.0,6571,1253731,290.08,11.82,54.768333885392515,2.2316661146074863,109.07142857142857,3504420.5535714286,2479381.6428571427,57.0,0.10836935166994106,975.3241650294696,57.0
1788413675,llama3.1:8b,41.0,6577,1500000,268.21,11.81,53.638168702235554,2.3618312977644456,109.69642857142857,3481463.375,2513027.714285714,56.0,0.10766075207553313,968.9467686797983,56.0
1788413731,llama3.1:8b,43.0,6586,1904859,277.47,11.79,55.635967641568136,2.36403235843186,108.52631578947368,3505267.98245614,2488423.210526316,58.0,0.10863724539282249,977.7352085354023,58.0
1788413789,llama3.1:8b,43.0,6583,1047559,279.28,11.77,60.45229342037451,2.5477065796254945,108.61290322580645,3507436.634920635,2492414.4603174604,63.0,0.10836649836649836,975.2984852984853,63.00000000000001
1788413852,llama3.1:8b,46.0,6588,2300000,294.62,11.78,55.770104438642306,2.2298955613577025,108.79310344827586,3504791.5263157897,2499815.6140350876,58.0,0.10827892234548336,974.5103011093503,58.00000000000001
1788413910,llama3.1:8b,43.0,6588,1473345,286.8,11.78,60.51443499229688,2.485565007703128,109.01612903225806,3488285.2419354836,2424959.4516129033,63.0,0.1080574049415594,972.5166444740346,63.00000000000001
1788413973,llama3.1:8b,43.0,6592,1093297,288.04,11.97,42.2444585180494,1.7555414819506017,108.97674418604652,3505555.8636363638,2419544.522727273,44.0,0.10983994878361075,988.5595390524968,44.0
1788414017,llama3.1:8b,43.0,6586,2039473,294.76,12.15,40.33729757909485,1.6627024209051515,108.66666666666667,3504755.463414634,2429017.2439024393,42.0,0.11180981595092024,1006.2883435582822,42.0
1788414059,llama3.1:8b,44.0,6594,1575696,288.76,11.93,47.05590475240281,1.944095247597193,109.20833333333333,3505574.2448979593,2460740.387755102,49.0,0.10924074780618084,983.1667302556276,49.0
1788414108,llama3.1:8b,43.0,6596,3492957,292.69,11.9,46.12469220919925,1.8753077908007487,109.0,3508126.0208333335,2478809.9166666665,48.0,0.10917431192660551,982.5688073394496,48.0
1788414156,llama3.1:8b,43.0,6589,1403773,275.18,11.98,41.2060871987742,1.7939128012257972,108.5,3503923.3571428573,2509335.785714286,43.0,0.11041474654377881,993.7327188940093,42.99999999999999
1788414199,llama3.1:8b,43.0,6592,1076945,279.58,11.91,51.79361213077635,2.206387869223644,109.05555555555556,3504182.537037037,2544102.6666666665,54.0,0.10921039225674987,982.8935303107489,54.0
1788414253,llama3.1:8b,40.0,6588,3394264,286.84,12.01,49.91025598126151,2.089744018738498,109.6078431372549,3506299.9803921566,2485448.705882353,52.0,0.10957245080500894,986.1520572450804,52.00000000000001
1788414305,llama3.1:8b,44.0,6590,1489054,279.51,12.0,50.81825666357929,2.181743336420706,109.26923076923077,3504798.8846153845,2468556.769230769,53.0,0.10982048574445617,988.3843717001056,53.0
1788414358,llama3.1:8b,44.0,6582,3491822,284.79,11.88,55.67741935483871,2.3225806451612905,109.15517241379311,3504825.5862068967,2498425.224137931,58.0,0.1088358869057021,979.5229821513188,58.0
1788414416,llama3.1:8b,44.0,6583,1100000,282.3,11.9,60.45173351461592,2.5482664853840924,108.03225806451613,3505324.5967741935,2441281.4032258065,63.0,0.1101522842639594,991.3705583756346,63.00000000000001
1788414479,llama3.1:8b,40.0,6588,1201485,281.54,11.97,49.879322680658234,2.12067731934176,108.98039215686275,3503800.6923076925,2395896.3076923075,52.0,0.10983627204030227,988.5264483627204,51.99999999999999
1788414531,llama3.1:8b,43.0,6584,3499951,274.64,12.0,47.906782026235,2.0932179737650016,109.28,3505072.5102040814,2449695.285714286,50.0,0.10980966325036604,988.2869692532944,50.0
1788414581,llama3.1:8b,43.0,6591,2171981,286.29,11.97,44.153892576946284,1.8461074230537113,109.13333333333334,3461116.413043478,2416435.217391304,46.0,0.10968234575442883,987.1411117898595,45.99999999999999
1788414627,llama3.1:8b,44.0,6587,1568483,286.04,12.1,40.29543167639364,1.7045683236063591,109.35714285714286,3504513.5853658537,2481863.8292682925,42.0,0.11064663618549966,995.819725669497,42.0
1788414669,llama3.1:8b,44.0,6592,1569217,294.01,11.89,50.93994769532527,2.0600523046747306,108.36538461538461,3504043.0754716983,2426962.4150943398,53.0,0.10972138420585627,987.4924578527065,53.0
1788414722,llama3.1:8b,43.0,6592,800000,282.04,11.78,53.75481587366416,2.245184126335852,109.01785714285714,3504652.036363636,2517691.9272727272,56.0,0.10805569205569206,972.5012285012285,56.00000000000001
1788414778,llama3.1:8b,44.0,6598,2898360,284.05,11.8,54.72655061686665,2.2734493831333444,108.80357142857143,3505136.2807017546,2488376.1228070175,57.0,0.10845232233710816,976.0709010339735,57.0
1788414835,llama3.1:8b,43.0,6594,1384074,273.45,11.9,44.081654108988964,1.9183458910110394,109.35555555555555,3503993.6666666665,2424734.688888889,46.0,0.10881934566145093,979.3741109530584,46.0
1788414881,llama3.1:8b,43.0,6596,1508718,288.62,11.73,60.53957050108207,2.460429498917929,109.26984126984127,3506921.1428571427,2559085.3174603176,63.0,0.10734892504357932,966.1403253922139,63.0
1788414944,llama3.1:8b,43.0,6596,1080985,288.69,11.85,50.91026152924735,2.0897384707526454,108.71153846153847,3507847.096153846,2531157.769230769,53.0,0.1090040686361224,981.0366177251016,52.99999999999999
1788414997,llama3.1:8b,40.0,6575,1494117,278.49,12.02,48.88984888644109,2.1101511135589135,109.38,3504946.431372549,2461741.274509804,51.0,0.1098921192174072,989.0290729566648,51.0
1788415048,llama3.1:8b,43.0,6589,1400000,282.59,11.83,60.46861626248217,2.5313837375178316,109.15873015873017,3504359.0322580645,2451733.580645161,63.0,0.1083742911153119,975.3686200378071,63.0
1788415111,llama3.1:8b,40.0,6587,1792372,270.21,11.97,49.79417393153306,2.205826068466936,109.45098039215686,3505021.653846154,2437266.980769231,52.0,0.10936402723038338,984.2762450734504,51.99999999999999
1788415163,llama3.1:8b,44.0,6581,1503307,268.48,12.05,43.06705165222971,1.9329483477702918,109.4888888888889,3504537.7045454546,2447970.227272727,45.0,0.1100568297138218,990.5114674243963,45.0
1788415208,llama3.1:8b,43.0,6587,1400000,286.31,12.0,42.23002916429218,1.7699708357078208,109.13953488372093,3505950.75,2523969.340909091,44.0,0.10995099083741744,989.5589175367569,44.00000000000001
1788415252,llama3.1:8b,43.0,6585,800000,285.86,11.84,54.73301981860934,2.266980181390662,109.05263157894737,3505194.839285714,2604880.660714286,57.0,0.10857142857142857,977.1428571428571,57.00000000000001
1788415309,llama3.1:8b,41.0,6590,3500000,273.21,11.86,53.67018627003893,2.3298137299610624,108.18181818181819,3506116.5178571427,2506272.6428571427,56.0,0.10963025210084032,986.6722689075629,55.99999999999999
1788415365,llama3.1:8b,41.0,6590,1098634,286.66,11.97,45.11609684224626,1.8839031577537417,108.73913043478261,3472851.782608696,2424618.804347826,47.0,0.11007996801279489,990.7197121151539,47.0
1788415412,llama3.1:8b,43.0,6598,1798000,276.65,11.84,59.455440396547544,2.54455960345246,109.16129032258064,3505525.0483870967,2506017.580645161,62.0,0.10846335697399527,976.1702127659574,62.00000000000001
1788415474,llama3.1:8b,44.0,6595,1557426,272.09,12.06,39.2598627485483,1.7401372514516982,109.5,3504790.75,2391966.475,41.0,0.11013698630136987,991.2328767123287,41.0
1788415515,llama3.1:8b,43.0,6595,1100000,287.68,11.91,58.57498581394572,2.425014186054274,108.71666666666667,3506845.770491803,2603002.131147541,61.0,0.10955082017476621,985.9573815728959,61.0
1788415576,llama3.1:8b,43.0,6586,1578453,276.64,11.86,56.574558058925476,2.4254419410745234,108.59322033898304,3504923.6896551726,2445269.0689655175,59.0,0.10921492117995941,982.9342906196347,59.0
1788415635,llama3.1:8b,44.0,6582,1400000,270.4,11.95,46.92615548078626,2.073844519213742,109.22916666666667,3503704.25,2491913.1458333335,49.0,0.10940301354186534,984.627121876788,49.0
1788415684,llama3.1:8b,43.0,6580,1647609,290.02,11.88,55.7176548526002,2.2823451473998015,109.17241379310344,3505986.8103448274,2449423.724137931,58.0,0.10881869867340493,979.3682880606444,58.0
1788415742,llama3.1:8b,43.0,6590,1216417,278.37,11.81,52.761561789234264,2.238438210765732,108.70370370370371,3505415.462962963,2503079.685185185,55.0,0.10864395229982964,977.7955706984668,54.99999999999999
1788415797,llama3.1:8b,43.0,6586,1596319,290.67,11.93,54.75277594183741,2.2472240581625904,109.08928571428571,3505368.754385965,2395469.3157894737,57.0,0.1093599607137011,984.2396464233099,57.0
1788415854,llama3.1:8b,43.0,6587,800000,275.38,11.85,53.68965637294154,2.3103436270584545,109.14285714285714,3490956.618181818,2442565.727272727,56.0,0.10857329842931937,977.1596858638743,56.0
1788415910,llama3.1:8b,43.0,6592,1068368,283.29,11.91,47.98272357723577,2.017276422764227,108.77551020408163,3504882.96,2418709.8,50.0,0.10949155722326455,985.4240150093809,49.99999999999999
1788415960,llama3.1:8b,44.0,6600,1382890,285.54,11.85,49.927973368304244,2.0720266316957527,109.48076923076923,3505095.9215686275,2546245.470588235,52.0,0.10823818724749693,974.1436852274724,52.0
1788416012,llama3.1:8b,41.0,6593,1561162,273.17,11.9,42.163258147121766,1.8367418528782407,109.09302325581395,3505020.0681818184,2474928.7045454546,44.0,0.10908121935621404,981.7309742059264,44.00000000000001
1788416056,llama3.1:8b,43.0,6597,1212668,278.22,11.92,46.98690287447439,2.013097125525608,108.85416666666667,3506736.2291666665,2450475.2708333335,49.0,0.10950430622009569,985.5387559808612,49.0
1788416105,llama3.1:8b,42.0,6583,1191544,285.15,11.97,47.025949111470105,1.974050888529887,109.26530612244898,3507186.06122449,2615010.1428571427,49.0,0.10954986925663057,985.9488233096752,48.99999999999999
1788416154,llama3.1:8b,43.0,6589,3500000,273.57,11.9,51.748975373944724,2.2510246260552775,109.71698113207547,3506744.962264151,2540716.547169811,54.0,0.10846087704213242,976.1478933791918,54.0
1788416208,llama3.1:8b,43.0,6575,1495384,283.34,11.73,61.455790151489474,2.544209848510523,109.28125,3505588.296875,2451176.890625,64.0,0.10733771804403774,966.0394623963397,64.0
1788416272,llama3.1:8b,40.0,6578,1000000,279.19,11.91,44.11796633459292,1.8820336654070766,109.46666666666667,3506382.0444444446,2479852.0444444446,46.0,0.10880024360535932,979.2021924482339,46.0
1788416318,llama3.1:8b,44.0,6592,1385897,287.61,11.77,55.719754158594434,2.2802458414055713,109.01754385964912,3506436.103448276,2442612.293103448,58.0,0.10796427421950434,971.6784679755391,58.00000000000001
1788416376,llama3.1:8b,43.0,6590,3500000,285.92,11.78,56.665367819952976,2.334632180047027,109.35593220338983,3505451.4655172415,2456506.8448275863,59.0,0.1077216367017979,969.4947303161811,59.0
1788416435,llama3.1:8b,43.0,6585,1349746,273.7,11.9,49.833333333333336,2.166666666666667,108.90196078431373,3503751.673076923,2388256.480769231,52.0,0.10927259632697155,983.4533669427439,52.0
1788416487,llama3.1:8b,44.0,6584,3519230,268.83,11.75,48.86424549148193,2.13575450851807,116.9090909090909,3504396.4,2586699.74,51.0,0.1005054432348367,904.5489891135304,51.0
1788416538,llama3.1:8b,43.0,6602,1453145,293.14,12.02,49.95176300956876,2.0482369904312496,110.17647058823529,3505721.096153846,2370185.75,52.0,0.10909770421783235,981.8793379604913,52.00000000000001
1788416590,llama3.1:8b,43.0,6609,1186122,285.07,11.87,49.921330908601064,2.0786690913989356,109.88461538461539,3506221.3921568627,2445689.31372549,52.0,0.108022401120056,972.201610080504,52.0
1788416642,llama3.1:8b,44.0,6607,819775,275.03,11.98,51.74600188146754,2.2539981185324556,109.28301886792453,3503994.1296296297,2411306.9814814813,54.0,0.10962361878453039,986.6125690607736,54.0
1788416696,llama3.1:8b,44.0,6593,3446125,287.94,12.03,47.994799479948,2.0052005200520053,108.86,3505384.5918367347,2397225.5714285714,50.0,0.11050891052728275,994.5801947455448,50.00000000000001
1788416746,llama3.1:8b,43.0,6597,1100000,273.86,11.9,46.00111982082867,1.9988801791713326,108.87234042553192,3504562.9375,2486645.8333333335,48.0,0.10930232558139535,983.7209302325582,48.0
1788416794,llama3.1:8b,41.0,6611,2652386,282.13,11.98,42.207745401380436,1.792254598619564,109.27272727272727,3505413.930232558,2495003.2093023257,44.0,0.10963394342762064,986.7054908485858,44.0
1788416838,llama3.1:8b,43.0,6602,1344499,290.47,11.59,77.89204131629478,3.107958683705224,109.2,3506442.1875,2483505.5375,81.0,0.10613553113553113,955.2197802197802,81.0
1788416919,llama3.1:8b,43.0,6605,1056937,274.98,11.8,53.69579468582188,2.3042053141781156,109.34545454545454,3504550.625,2476622.625,56.0,0.10791486531426672,971.2337878284005,55.99999999999999
1788416975,llama3.1:8b,43.0,6603,1169175,289.84,11.85,54.76111240014584,2.238887599854155,109.26785714285714,3505209.339285714,2450639.4821428573,57.0,0.1084490929890505,976.0418369014545,56.99999999999999
1788417032,llama3.1:8b,43.0,6604,1320207,280.58,11.97,53.70869936762946,2.291300632370535,109.73214285714286,3504338.785714286,2433544.5714285714,56.0,0.10908380797396257,981.7542717656631,55.99999999999999
1788417088,llama3.1:8b,44.0,6600,2172490,286.54,11.9,54.72718134298351,2.272818657016486,109.32142857142857,3505083.3035714286,2556149.339285714,57.0,0.1088533159098334,979.6798431885005,57.0
1788417145,llama3.1:8b,43.0,6604,1405523,287.12,11.91,51.84924589506069,2.1507541049393035,109.37735849056604,3498244.7407407407,2407285.314814815,54.0,0.10888908055890978,980.0017250301879,53.99999999999999
1788417199,llama3.1:8b,42.0,6601,1193590,287.91,12.1,41.2657244758508,1.7342755241491947,108.46511627906976,3504633.3571428573,2438539.261904762,43.0,0.11155660377358491,1004.0094339622642,43.0
1788417242,llama3.1:8b,43.0,6603,1300000,285.7,11.88,61.44498958263324,2.5550104173667587,108.88888888888889,3504840.484375,2427627.625,64.0,0.10910204081632655,981.9183673469389,64.0
1788417306,llama3.1:8b,43.0,6598,3500000,286.39,11.82,56.66144663156835,2.3385533684316426,108.70689655172414,3504854.5862068967,2451592.603448276,59.0,0.10873275178429817,978.5947660586836,58.99999999999999
1788417365,llama3.1:8b,43.0,6595,2700000,288.92,11.86,61.4764279539863,2.5235720460136974,108.734375,3506256.238095238,2468754.888888889,64.0,0.10907314269291564,981.6582842362408,64.0
1788417429,llama3.1:8b,43.0,6605,1453164,286.47,11.78,53.7881642917016,2.2118357082984073,109.01818181818182,3505786.4285714286,2457678.2678571427,56.0,0.10805537024683122,972.498332221481,56.00000000000001
1788417485,llama3.1:8b,46.0,6608,1600000,279.46,11.9,46.99869577155409,2.001304228445909,109.0,3505224.875,2568601.6041666665,49.0,0.10917431192660551,982.5688073394496,49.0
1788417534,llama3.1:8b,43.0,6612,1100000,291.61,12.03,45.13789355816098,1.8621064418390199,108.68085106382979,3504865.1063829786,2542652.787234043,47.0,0.11069107282693813,996.2196554424431,47.0
1788417581,llama3.1:8b,43.0,6604,800000,278.7,12.01,47.93436758281449,2.0656324171855114,109.26530612244898,3464096.1224489794,2507872.714285714,50.0,0.1099159506910721,989.2435562196489,50.0
1788417631,llama3.1:8b,43.0,6611,1600000,288.91,11.99,43.20687936191426,1.7931206380857427,108.75555555555556,3504533.8444444444,2410195.222222222,45.0,0.11024724152022886,992.2251736820597,45.00000000000001
1788417676,llama3.1:8b,43.0,6602,863936,282.18,11.9,60.45069368879217,2.5493063112078347,109.3225806451613,3507761.0322580645,2439255.3387096776,63.0,0.10885216878135143,979.6695190321628,63.00000000000001
1788417739,llama3.1:8b,43.0,6593,1222559,282.87,12.0,47.965205005595685,2.0347949944043138,108.87755102040816,3505536.66,2443568.46,50.0,0.11021555763823805,991.9400187441424,50.0
1788417789,llama3.1:8b,43.0,6604,1131907,287.88,11.88,52.820256204963975,2.1797437950360288,108.14545454545454,3506138.111111111,2423967.5555555555,55.0,0.10985205110961668,988.6684599865501,55.00000000000001
1788417844,llama3.1:8b,43.0,6599,1499003,279.12,11.9,53.71012301560031,2.289876984399698,109.58181818181818,3506674.6785714286,2431240.7678571427,56.0,0.10859465737514519,977.3519163763068,56.00000000000001
1788417900,llama3.1:8b,44.0,6601,1597058,277.81,11.86,53.70718403700763,2.2928159629923703,108.85714285714286,3466664.0,2494083.0,56.0,0.10895013123359579,980.5511811023621,56.0
1788417956,llama3.1:8b,43.0,6596,946459,280.15,11.96,40.280373831775705,1.7196261682242995,109.36585365853658,3505649.214285714,2561375.6904761903,42.0,0.1093577163247101,984.219446922391,42.00000000000001
1788417998,llama3.1:8b,44.0,6597,1992653,289.13,11.85,62.440859857797854,2.5591401422021396,109.109375,3504964.359375,2440583.8125,65.0,0.10860661606759273,977.4595446083346,65.0
1788418063,llama3.1:8b,43.0,6605,799539,287.54,12.07,45.10657187677314,1.8934281232268615,109.14893617021276,3485508.085106383,2379820.914893617,47.0,0.11058284600389864,995.2456140350878,47.0
1788418110,llama3.1:8b,43.0,6603,798776,283.87,11.92,51.82386152337807,2.1761384766219276,109.18867924528301,3506987.4905660376,2388598.716981132,54.0,0.10916882668049076,982.5194401244169,54.0
1788418164,llama3.1:8b,44.0,6611,1000000,283.56,11.84,52.79553148273528,2.204468517264726,109.38181818181818,3505358.111111111,2436971.314814815,55.0,0.10824468085106384,974.2021276595747,55.00000000000001
1788418219,llama3.1:8b,44.0,6599,1098359,281.74,11.95,46.0469202220028,1.9530797779972078,109.08510638297872,3504641.1875,2436328.2916666665,48.0,0.10954749366101033,985.9274429490929,48.00000000000001
1788418267,llama3.1:8b,44.0,6610,2678651,285.25,11.86,52.80451684561273,2.1954831543872637,108.98148148148148,3504659.925925926,2561503.314814815,55.0,0.10882582837723025,979.4324553950722,54.99999999999999
1788418322,llama3.1:8b,43.0,6610,800000,282.61,11.98,52.7633320886656,2.2366679113343966,109.2909090909091,3507823.4727272727,2518056.381818182,55.0,0.1096157045416736,986.5413408750625,54.99999999999999
1788418377,llama3.1:8b,43.0,6611,1767176,275.82,11.95,50.7991104006672,2.200889599332801,109.07692307692308,3505214.9423076925,2515385.7115384615,53.0,0.10955571227080393,986.0014104372354,53.00000000000001
1788418430,llama3.1:8b,41.0,6617,799783,278.42,11.83,57.55452196382429,2.445478036175711,109.0677966101695,3505224.1666666665,2498095.966666667,60.0,0.10846464646464646,976.1818181818181,60.0
1788418490,llama3.1:8b,44.0,6604,1795833,286.51,11.91,41.28386167146974,1.7161383285302594,109.11627906976744,3504865.738095238,2480636.0,43.0,0.10914961636828645,982.3465473145781,42.99999999999999
1788418533,llama3.1:8b,43.0,6608,2895629,284.41,11.93,56.62478909360869,2.375210906391307,109.39655172413794,3505673.7966101696,2449066.559322034,59.0,0.10905279747832938,981.4751773049644,59.0
1788418592,llama3.1:8b,43.0,6609,1377176,279.05,11.9,47.95497508162915,2.045024918370854,108.72,3504807.326530612,2466264.5102040814,50.0,0.10945548197203826,985.0993377483444,50.00000000000001
1788418642,llama3.1:8b,46.0,6604,1800000,285.85,11.86,56.649591884720024,2.35040811527997,108.94827586206897,3504972.8474576273,2453671.2711864407,59.0,0.10885899667668934,979.7309700902041,58.99999999999999
1788418701,llama3.1:8b,43.0,6612,1832658,285.58,11.86,50.88669983862291,2.1133001613770843,109.07692307692308,3503864.8846153845,2463649.519230769,53.0,0.10873060648801128,978.5754583921014,52.99999999999999
1788418754,llama3.1:8b,41.0,6596,1187434,284.68,11.89,49.91523080554338,2.0847691944566207,108.65384615384616,3505226.8653846155,2475621.6923076925,52.0,0.10943008849557521,984.870796460177,52.0
1788418806,llama3.1:8b,43.0,6604,1507465,280.21,11.78,57.579369156477966,2.4206308435220385,109.28813559322033,3505335.593220339,2463001.372881356,60.0,0.10778846153846154,970.0961538461539,60.00000000000001
1788418866,llama3.1:8b,43.0,6630,1851219,273.93,11.92,41.206891726429944,1.793108273570054,109.02325581395348,3504722.069767442,2478736.581395349,43.0,0.1093344709897611,984.0102389078498,43.0
1788418909,llama3.1:8b,43.0,6638,1366318,283.52,11.88,52.78808395396073,2.211916046039269,109.01851851851852,3506451.185185185,2466834.3518518517,55.0,0.10897231187361985,980.7508068625787,55.0
1788418964,llama3.1:8b,43.0,6619,1402147,282.13,11.85,51.82332131437512,2.1766786856248723,109.77358490566037,3504737.0185185187,2446413.0555555555,54.0,0.10794946717084909,971.5452045376419,53.99999999999999
1788419018,llama3.1:8b,43.0,6610,1600000,280.19,11.88,53.72218988598624,2.2778101140137643,109.05357142857143,3505626.5454545454,2436942.7454545456,56.0,0.108937285082692,980.435565744228,56.0
1788419074,llama3.1:8b,43.0,6597,1801565,288.13,11.83,57.633684491265505,2.3663155087344983,109.49152542372882,3505023.5084745763,2465061.305084746,60.0,0.10804489164086688,972.4040247678018,60.0
1788419134,llama3.1:8b,43.0,6597,2590760,280.34,11.87,48.9283049861401,2.0716950138598955,108.88235294117646,3505153.4901960786,2406449.156862745,51.0,0.10901674770394382,981.1507293354944,50.99999999999999
1788419185,llama3.1:8b,40.0,6601,1108172,288.3,11.82,48.03078768492603,1.9692123150739704,109.75510204081633,3506220.1428571427,2521664.9183673467,50.0,0.10769431015247304,969.2487913722573,50.0
1788419235,llama3.1:8b,44.0,6598,1586149,290.85,11.96,47.06466100855322,1.9353389914467818,108.8125,3507584.1836734693,2460854.1224489794,49.0,0.10991384261918438,989.2245835726594,49.00000000000001
1788419284,llama3.1:8b,44.0,6587,1385926,286.03,12.0,46.067308660201995,1.9326913397980072,109.45833333333333,3507891.7708333335,2515047.7083333335,48.0,0.10963075751808146,986.6768176627332,48.0
1788419332,llama3.1:8b,44.0,6601,3488729,277.71,11.92,51.77757828954183,2.2224217104581707,109.01886792452831,3505739.1886792453,2485637.754716981,54.0,0.10933887158186223,984.0498442367601,54.0
1788419386,llama3.1:8b,43.0,6592,1306201,285.94,11.83,51.85465292003896,2.145347079961044,109.53703703703704,3503604.245283019,2475284.4905660376,54.0,0.108,972.0,54.0
1788419440,llama3.1:8b,40.0,6598,1366967,276.97,11.91,45.062274993076706,1.9377250069232896,109.45652173913044,3506102.255319149,2481654.4468085105,47.0,0.1088103277060576,979.2929493545183,46.99999999999999
1788419487,llama3.1:8b,43.0,6594,799648,279.62,11.83,52.76754160233317,2.2324583976668384,109.16666666666667,3503613.185185185,2546632.8703703703,55.0,0.10836641221374045,975.2977099236641,55.00000000000001
1788419542,llama3.1:8b,44.0,6602,1701763,282.61,11.83,52.79021192772721,2.209788072272789,108.94545454545455,3507544.8181818184,2541934.8363636364,55.0,0.10858644859813084,977.2780373831775,55.0
1788419597,llama3.1:8b,43.0,6602,735972,280.58,11.82,53.73625170998632,2.2637482900136803,109.0,3476932.1636363636,2491575.618181818,56.0,0.10844036697247707,975.9633027522937,56.0
1788419653,llama3.1:8b,41.0,6599,800362,285.89,11.99,47.98744460856721,2.012555391432792,109.02,3506660.36,2499716.16,50.0,0.10997982021647405,989.8183819482665,50.0
1788419703,llama3.1:8b,43.0,6600,1384687,277.3,11.98,55.598036504424776,2.401963495575221,109.40350877192982,3505209.8771929825,2504749.6666666665,58.0,0.10950288646568314,985.5259781911483,58.0
1788419761,llama3.1:8b,43.0,6605,1550556,283.92,11.85,53.756364742874524,2.2436352571254687,109.14545454545454,3506795.285714286,2498811.7678571427,56.0,0.10857071464267866,977.136431784108,55.99999999999999
1788419817,llama3.1:8b,40.0,6606,1258695,290.92,12.04,48.973197781885396,2.026802218114602,108.72549019607843,3505152.22,2400387.84,51.0,0.11073760144274121,996.6384129846708,51.0
1788419868,llama3.1:8b,44.0,6608,796841,285.66,11.97,54.70758996068944,2.292410039310553,109.26785714285714,3505494.245614035,2468848.9298245613,57.0,0.10954731165223076,985.9258048700768,56.99999999999999
1788419925,llama3.1:8b,40.0,6601,1203813,294.64,11.84,51.91386061080658,2.0861393891934226,108.56603773584905,3505767.830188679,2472797.6981132077,54.0,0.10905804657629475,981.5224191866529,54.0
1788419979,llama3.1:8b,46.0,6606,1800000,282.79,11.83,56.63094834023488,2.3690516597651214,108.71186440677967,3505804.4915254237,2462862.372881356,59.0,0.10881976925475521,979.3779232927969,59.0
1788420038,llama3.1:8b,44.0,6607,1068560,286.07,11.86,46.08921558755412,1.9107844124458762,108.93617021276596,3505654.2978723403,2470201.404255319,48.0,0.10887109375,979.83984375,48.0
1788420086,llama3.1:8b,43.0,6597,1688500,277.67,11.91,44.108087575108776,1.8919124248912214,108.69565217391305,3503106.434782609,2481008.304347826,46.0,0.109572,986.148,46.0
1788420132,llama3.1:8b,44.0,6598,1149414,285.9,11.93,54.716784742974184,2.28321525702582,109.25,3507448.3571428573,2404954.125,57.0,0.10919908466819221,982.7917620137299,57.00000000000001
1788420189,llama3.1:8b,43.0,6609,795716,292.44,11.89,50.929320145894266,2.0706798541057405,108.98076923076923,3506738.7924528304,2554579.679245283,53.0,0.10910181754014471,981.9163578613023,53.00000000000001
1788420242,llama3.1:8b,43.0,6610,1200000,277.63,11.86,49.869632802514765,2.1303671974852327,108.90384615384616,3505263.725490196,2522364.9411764704,52.0,0.10890340808758607,980.1306727882746,52.0
1788420294,llama3.1:8b,44.0,6606,2632034,287.95,11.94,41.287972256494044,1.712027743505952,109.26190476190476,3505168.2790697673,2441251.2325581396,43.0,0.10927870995859665,983.5083896273698,42.99999999999999
1788420337,llama3.1:8b,41.0,6609,1900000,276.87,11.83,51.787253204018015,2.2127467959819884,108.72222222222223,3505044.9245283017,2504259.9245283017,54.0,0.10880940214614204,979.2846193152784,54.0
1788420391,llama3.1:8b,43.0,6606,800000,276.89,11.78,56.59233727093221,2.407662729067794,108.79310344827586,3505228.0508474577,2480891.372881356,59.0,0.10827892234548336,974.5103011093503,59.00000000000001
1788420450,llama3.1:8b,43.0,6604,2600000,286.0,11.82,48.975891478074004,2.0241085219259958,109.08,3506608.54,2470088.74,51.0,0.10836083608360836,975.2475247524753,51.0
1788420501,llama3.1:8b,43.0,6602,1390697,286.53,11.82,53.78139768728004,2.21860231271996,108.85714285714286,3505332.6964285714,2540150.3571428573,56.0,0.10858267716535433,977.244094488189,56.0
1788420557,llama3.1:8b,40.0,6601,801008,268.69,11.84,50.76309129148398,2.2369087085160237,109.11538461538461,3504728.326923077,2507647.846153846,53.0,0.10850898836799436,976.5808953119492,53.00000000000001
1788420610,llama3.1:8b,44.0,6601,1441176,293.4,11.8,63.448230668414155,2.5517693315858456,108.54545454545455,3505797.4923076923,2459032.7384615387,66.0,0.10871021775544389,978.3919597989949,66.0
1788420676,llama3.1:8b,44.0,6597,1000000,290.92,11.98,48.98289864641796,2.01710135358204,108.94,3505698.0588235296,2421729.6470588236,51.0,0.10996879015972096,989.7191114374887,51.0
1788420727,llama3.1:8b,43.0,6606,1523175,280.81,11.87,53.72885062183955,2.271149378160448,108.76363636363637,3505959.654545455,2517737.909090909,56.0,0.10913574055499832,982.2216649949848,56.0
1788420783,llama3.1:8b,43.0,6607,1800000,290.19,12.05,46.08628904182107,1.9137109581789307,108.89583333333333,3507037.6666666665,2512181.5416666665,48.0,0.11065620814999044,995.905873349914,48.0
1788420831,llama3.1:8b,44.0,6608,1453947,280.2,12.08,47.93348843574655,2.0665115642534557,108.61224489795919,3505556.285714286,2436896.2040816327,50.0,0.11122134535888763,1000.9921082299886,50.0
1788420881,llama3.1:8b,44.0,6607,1472607,283.63,12.01,48.92818969016372,2.0718103098362874,108.82352941176471,3504844.8039215687,2429855.3725490198,51.0,0.11036216216216216,993.2594594594594,51.00000000000001
1788420932,llama3.1:8b,44.0,6609,876040,278.15,11.75,58.52759572266299,2.472404277337013,109.05,3472353.8,2474674.9166666665,61.0,0.10774873911049977,969.7386519944979,61.0
1788420993,llama3.1:8b,44.0,6602,941202,284.42,11.95,48.94361777507845,2.0563822249215504,108.74,3505171.529411765,2501219.2352941176,51.0,0.10989516277358838,989.0564649622954,51.0
1788421044,llama3.1:8b,41.0,6608,3389576,283.04,11.81,55.67685263693403,2.323147363065966,109.34482758620689,3507638.5789473685,2467029.350877193,58.0,0.10800693787448755,972.062440870388,57.99999999999999
1788421102,llama3.1:8b,44.0,6605,1800000,275.23,11.9,44.09354647720545,1.9064535227945532,109.31111111111112,3505811.195652174,2444313.6739130435,46.0,0.10886359016060175,979.7723114454157,46.0
1788421148,llama3.1:8b,44.0,6606,1386068,287.57,11.85,50.902444726471174,2.0975552735288225,108.88461538461539,3504469.2884615385,2481249.4423076925,53.0,0.10883080183680678,979.4772165312611,53.0
1788421201,llama3.1:8b,43.0,6611,1171813,276.52,11.83,51.78456736604821,2.2154326339517953,108.70370370370371,3506944.7407407407,2501968.5,54.0,0.10882793867120953,979.4514480408857,54.0
1788421255,llama3.1:8b,44.0,6608,1200039,284.07,11.85,54.71745742092457,2.2825425790754257,108.92857142857143,3506236.714285714,2495832.25,57.0,0.10878688524590163,979.0819672131147,56.99999999999999
1788421312,llama3.1:8b,40.0,6603,1191194,280.29,11.84,50.85191524321364,2.1480847567863623,108.62264150943396,3505643.547169811,2572532.754716981,53.0,0.10900121591106479,981.0109431995832,53.0
1788421365,llama3.1:8b,44.0,6600,853995,288.8,11.8,58.60545575515635,2.394544244843646,108.96666666666667,3507409.7666666666,2459506.8666666667,61.0,0.10828999694096055,974.6099724686449,60.99999999999999
1788421426,llama3.1:8b,43.0,6589,800000,287.05,11.83,56.66471493576017,2.335285064239829,108.74137931034483,3506164.9137931033,2472737.7413793104,59.0,0.10879023307436182,979.1120976692565,59.0
1788421485,llama3.1:8b,44.0,6590,800000,263.52,11.9,53.58042262726019,2.419577372739816,108.26785714285714,3506277.9464285714,2431678.9821428573,56.0,0.10991258452911101,989.2132607619991,56.00000000000001
1788421541,llama3.1:8b,44.0,6601,1192006,290.98,11.94,50.91093357982306,2.089066420176944,108.51923076923077,3505752.980769231,2494623.8653846155,53.0,0.11002658160552896,990.2392344497607,53.0
1788421594,llama3.1:8b,44.0,6604,2202332,284.45,11.93,51.82637155003711,2.1736284499628855,109.39622641509433,3505792.3333333335,2464377.7592592593,54.0,0.10905312176612625,981.4780958951362,53.99999999999999
1788421648,llama3.1:8b,43.0,6604,1368842,284.51,11.85,48.00074234039681,1.999257659603185,109.24,3504488.8571428573,2501980.897959184,50.0,0.10847674844379349,976.2907359941414,50.0
1788421698,llama3.1:8b,41.0,6601,1116589,286.95,11.89,46.09021549993308,1.9097845000669258,109.19148936170212,3504810.1041666665,2371632.9791666665,48.0,0.10889127045985972,980.0214341387375,48.00000000000001
1788421746,llama3.1:8b,40.0,6603,1535034,288.57,11.95,46.09130839877545,1.908691601224544,109.1875,3506374.9787234045,2450872.5531914895,48.0,0.10944476244991413,985.0028620492272,48.0
1788421794,llama3.1:8b,42.0,6597,1601101,283.79,11.97,44.138287800919656,1.8617121990803354,109.33333333333333,3503288.3695652173,2440003.152173913,46.0,0.10948170731707318,985.3353658536587,45.99999999999999
1788421840,llama3.1:8b,43.0,6608,800000,285.41,11.89,48.000336360578544,1.9996636394214597,109.26,3505367.2448979593,2424912.3469387754,50.0,0.10882299103056929,979.4069192751236,50.0
1788421890,llama3.1:8b,44.0,6595,988667,278.49,11.88,55.62702758549437,2.3729724145056306,109.52631578947368,3505003.2413793104,2402267.0517241377,58.0,0.10846708313310909,976.2037481979818,58.0
1788421948,llama3.1:8b,43.0,6598,1960769,279.39,11.94,51.78683966635774,2.2131603336422616,109.37735849056604,3505645.679245283,2511003.7358490564,54.0,0.10916336035880628,982.4702432292564,54.00000000000001
1788422002,llama3.1:8b,41.0,6596,1393154,282.09,12.09,38.35610850499694,1.6438914950030594,109.25,3505480.6,2416509.5,40.0,0.11066361556064074,995.9725400457667,40.0
1788422042,llama3.1:8b,40.0,6604,1117960,285.99,11.9,50.882775521165534,2.117224478834469,109.46153846153847,3507268.8076923075,2453340.326923077,53.0,0.10871398453970485,978.4258608573437,53.0
1788422095,llama3.1:8b,43.0,6598,1100000,275.22,11.84,52.73148470702989,2.2685152929701107,109.54545454545455,3506689.5454545454,2588755.890909091,55.0,0.10808298755186722,972.746887966805,55.0
1788422150,llama3.1:8b,39.0,6602,1500000,293.13,11.95,50.92398715091124,2.0760128490887637,109.28846153846153,3504084.326923077,2439816.576923077,53.0,0.10934365651944396,984.0929086749956,53.0
1788422203,llama3.1:8b,43.0,6608,1008134,283.5,11.87,51.82990825066865,2.170091749331347,108.87037037037037,3504887.592592593,2457151.277777778,54.0,0.1090287463854397,981.2587174689573,54.0
1788422257,llama3.1:8b,44.0,6600,3500000,279.89,11.91,43.16329677861549,1.8367032213845098,109.3409090909091,3506850.227272727,2483874.9545454546,45.0,0.10892537933901476,980.3284140511329,45.0
1788422302,llama3.1:8b,44.0,6600,1600000,291.32,11.84,49.00818049874654,1.9918195012534636,109.66,3505784.4509803923,2530103.098039216,51.0,0.10797008936713479,971.730804304213,51.00000000000001
1788422353,llama3.1:8b,44.0,6599,1595438,272.42,11.81,51.7562537381698,2.243746261830208,108.92592592592592,3505782.7735849055,2490328.452830189,54.0,0.10842230533832031,975.8007480448828,54.00000000000001
1788422407,llama3.1:8b,44.0,6599,1400000,287.66,11.8,54.75395712282108,2.2460428771789216,108.92857142857143,3504650.4210526315,2535625.50877193,57.0,0.10832786885245903,974.9508196721312,57.0
1788422464,llama3.1:8b,43.0,6611,862647,280.8,11.79,54.70316825592125,2.296831744078745,108.96491228070175,3505798.4285714286,2503406.2678571427,57.0,0.10819996779906617,973.7997101915955,56.99999999999999
1788422521,llama3.1:8b,43.0,6611,1500728,272.81,11.91,49.82481033998314,2.1751896600168585,109.11764705882354,3505967.019230769,2455561.6153846155,52.0,0.10914824797843665,982.3342318059299,52.0
1788422573,llama3.1:8b,43.0,6611,801349,268.08,11.96,52.65104985002143,2.3489501499785748,109.07407407407408,3505365.8333333335,2486784.037037037,55.0,0.1096502546689304,986.8522920203736,55.00000000000001
1788422628,llama3.1:8b,43.0,6606,1512681,285.6,11.96,44.151095577362554,1.8489044226374516,109.73913043478261,3507088.0434782607,2507492.3913043477,46.0,0.10898573692551507,980.8716323296356,46.00000000000001
1788422674,llama3.1:8b,43.0,6613,1489508,289.8,11.95,43.217895608947806,1.7821043910521954,109.31818181818181,3506378.9545454546,2584511.272727273,45.0,0.10931392931392932,983.8253638253639,45.0
1788422719,llama3.1:8b,43.0,6589,1010132,288.54,11.88,48.98322348711804,2.0167765128819655,108.98039215686275,3506494.725490196,2525432.411764706,51.0,0.1090104354084203,981.0939186757828,51.00000000000001
1788422770,llama3.1:8b,43.0,6598,1699207,286.58,11.93,48.96177682489699,2.0382231751030115,108.54,3504665.84,2440261.96,51.0,0.10991339598304771,989.2205638474294,51.0
1788422821,llama3.1:8b,43.0,6608,999364,279.83,11.82,57.568318189610835,2.4316818103891653,109.32203389830508,3505229.433333333,2421267.2,60.0,0.10812093023255814,973.0883720930234,60.0
1788422881,llama3.1:8b,43.0,6608,1066455,276.67,11.87,53.69626394953906,2.303736050460941,108.5,3505134.4545454546,2435685.4545454546,56.0,0.10940092165898617,984.6082949308756,56.0
1788422937,llama3.1:8b,44.0,6599,971379,282.38,11.74,62.40548075615395,2.594519243846049,108.921875,3506391.4,2454730.2615384613,65.0,0.10778367522593603,970.0530770334242,65.0
1788423002,llama3.1:8b,43.0,6600,1579746,285.68,11.85,48.00860417436897,1.9913958256310285,109.2,3506193.7346938774,2480387.7959183673,50.0,0.1085164835164835,976.6483516483515,50.0
1788423052,llama3.1:8b,44.0,6604,1801429,276.03,11.74,62.348229488827876,2.651770511172117,108.765625,3505403.953125,2497650.453125,65.0,0.10793851458123833,971.446631231145,65.0
1788423117,llama3.1:8b,44.0,6611,2127444,270.29,11.88,49.81068150405784,2.1893184959421625,109.52941176470588,3505141.7115384615,2499645.423076923,52.0,0.1084640171858217,976.1761546723953,52.0
1788423169,llama3.1:8b,44.0,6606,1600000,281.38,11.84,49.900279653502494,2.0997203464975103,109.25,3504850.137254902,2467099.4509803923,52.0,0.10837528604118993,975.3775743707093,52.00000000000001
1788423221,llama3.1:8b,44.0,6606,1191166,278.81,11.88,53.711376380336446,2.2886236196635594,109.41818181818182,3505176.5,2453037.75,56.0,0.10857427716849452,977.1684945164508,56.00000000000001
1788423277,llama3.1:8b,41.0,6601,1809404,273.74,11.85,49.84236142722084,2.1576385727791587,109.2156862745098,3506534.4901960786,2479251.0196078434,52.0,0.10850089766606821,976.5080789946139,51.99999999999999
1788423329,llama3.1:8b,44.0,6591,799298,288.07,11.93,44.17073333333333,1.8292666666666666,109.26086956521739,3505201.3260869565,2516298.9565217393,46.0,0.10918822124950259,982.6939912455233,46.0
1788423375,llama3.1:8b,46.0,6594,1099088,285.71,11.89,58.562869623655914,2.4371303763440864,109.53333333333333,3506701.75,2408090.65,61.0,0.1085514303104078,976.9628727936703,61.0
1788423436,llama3.1:8b,43.0,6604,3409032,282.53,11.8,61.43417252743519,2.5658274725648087,109.33333333333333,3505116.1587301586,2457543.285714286,64.0,0.1079268292682927,971.3414634146342,63.99999999999999
1788423500,llama3.1:8b,44.0,6591,2255855,285.18,11.9,52.79688972667295,2.2031102733270505,108.92727272727272,3505319.381818182,2407233.8,55.0,0.10924720413954266,983.2248372558839,55.0
1788423555,llama3.1:8b,44.0,6594,1019153,279.45,11.97,44.110562075355155,1.8894379246448425,108.57777777777778,3507415.288888889,2450847.422222222,46.0,0.11024355300859599,992.191977077364,46.0
1788423601,llama3.1:8b,43.0,6587,1622413,291.68,11.89,54.76746714102184,2.23253285897816,108.87719298245614,3505648.7719298247,2447821.7719298247,57.0,0.10920560747663552,982.8504672897196,57.0
1788423658,llama3.1:8b,40.0,6587,1379813,273.19,11.93,53.65684624017957,2.3431537598204266,109.21818181818182,3504408.9454545453,2419607.418181818,56.0,0.10923089728649908,983.0780755784917,55.99999999999999
1788423714,llama3.1:8b,44.0,6594,3477391,282.54,11.76,66.2428134556575,2.7571865443425074,108.73529411764706,3504442.5507246377,2464016.5217391304,69.0,0.10815255612658912,973.3730051393021,69.0
1788423783,llama3.1:8b,40.0,6607,900000,281.49,11.93,50.84510258332765,2.1548974166723465,108.45283018867924,3506394.0576923075,2484136.576923077,53.0,0.1100017397355602,990.0156576200418,53.0
1788423836,llama3.1:8b,44.0,6601,1388952,274.66,11.84,50.80970331588133,2.1902966841186737,108.90384615384616,3505163.3584905663,2507906.0566037735,53.0,0.10871975984460533,978.4778386014481,53.0
1788423889,llama3.1:8b,44.0,6601,1499470,280.28,11.96,44.11743772241993,1.8825622775800714,109.24444444444444,3504280.0888888887,2506109.511111111,46.0,0.1094792514239219,985.3132628152971,46.0
1788423935,llama3.1:8b,44.0,6607,3425081,280.37,11.95,45.07864668856048,1.9213533114395185,108.76595744680851,3506473.8936170214,2508855.1914893617,47.0,0.10986893583724569,988.8204225352113,47.0
1788423982,llama3.1:8b,44.0,6607,1326811,285.44,11.7,68.20434811873191,2.795651881268089,109.05714285714286,3503892.9,2540288.1285714284,71.0,0.10728320670683782,965.5488603615403,71.0
1788424053,llama3.1:8b,41.0,6603,1378158,280.73,11.84,54.69326998666986,2.306730013330143,109.41071428571429,3504133.910714286,2467512.910714286,57.0,0.10821609270442303,973.9448343398072,57.00000000000001
1788424110,llama3.1:8b,44.0,6601,1392106,291.2,11.88,51.88333113369408,2.116668866305926,108.83333333333333,3506363.7592592593,2521991.537037037,54.0,0.10915773353751916,982.4196018376724,54.00000000000001
1788424164,llama3.1:8b,44.0,6602,1094537,277.42,11.88,52.741444866920155,2.258555133079848,109.31481481481481,3505074.9444444445,2516893.2592592593,55.0,0.10867694392681689,978.0924953413519,55.0
1788424219,llama3.1:8b,44.0,6601,3521604,273.53,12.02,45.02157240413238,1.9784275958676243,109.08510638297872,3506094.361702128,2505609.85106383,47.0,0.11018919446069826,991.7027501462844,47.0
1788424266,llama3.1:8b,46.0,6600,1400000,282.56,11.88,47.98261105828013,2.0173889417198754,108.61224489795919,3506343.93877551,2551994.836734694,50.0,0.10937993235625705,984.4193912063134,50.0
1788424316,llama3.1:8b,43.0,6605,2500000,273.26,11.85,55.58935147837676,2.4106485216232327,109.0,3505966.8103448274,2496283.9655172415,58.0,0.10871559633027522,978.440366972477,57.99999999999999
1788424374,llama3.1:8b,44.0,6608,1373805,280.81,11.99,44.11632513661202,1.883674863387978,109.52173913043478,3507714.8,2503564.4,46.0,0.10947598253275109,985.2838427947598,46.0
1788424420,llama3.1:8b,43.0,6597,1400000,282.05,11.93,42.21443635621471,1.7855636437852913,109.34883720930233,3487687.772727273,2465724.727272727,44.0,0.10910038281582304,981.9034453424074,44.0
1788424464,llama3.1:8b,44.0,6610,1186852,288.64,11.76,60.53368841544607,2.466311584553928,108.84126984126983,3503860.306451613,2482054.7258064514,63.0,0.10804725098439551,972.4252588595596,63.0
1788424527,llama3.1:8b,44.0,6618,1722448,282.08,11.83,54.70572624272737,2.294273757272635,108.76785714285714,3506759.8596491227,2471233.4385964912,57.0,0.1087637497947792,978.8737481530127,57.00000000000001
1788424584,llama3.1:8b,46.0,6616,3500000,284.97,11.93,47.03108790838666,1.9689120916133374,109.25,3506029.5208333335,2557062.0416666665,49.0,0.10919908466819221,982.7917620137299,49.0
1788424633,llama3.1:8b,43.0,6611,1087921,283.93,11.91,45.10786235803136,1.8921376419686315,108.91489361702128,3495344.510638298,2513583.212765957,47.0,0.10935143582731002,984.1629224457902,46.99999999999999
1788424680,llama3.1:8b,44.0,6609,1527622,282.32,11.83,54.70759816420195,2.2924018357980627,108.85714285714286,3504540.8928571427,2434451.160714286,57.0,0.1086745406824147,978.0708661417323,57.00000000000001
1788424737,llama3.1:8b,43.0,6608,3279118,276.85,11.85,51.783512296501556,2.2164877034984407,108.92592592592592,3505999.8518518517,2417551.296296296,54.0,0.1087895273716423,979.1057463447806,54.0
1788424791,llama3.1:8b,44.0,6602,1690128,272.44,11.77,59.43239154146582,2.5676084585341825,109.47540983606558,3505199.180327869,2522941.37704918,62.0,0.10751272836178495,967.6145552560646,62.0
1788424853,llama3.1:8b,46.0,6602,3308715,280.02,11.87,49.885367775531876,2.1146322244681213,109.31372549019608,3504023.2884615385,2455813.1153846155,52.0,0.10858654708520178,977.278923766816,52.0
1788424905,llama3.1:8b,44.0,6601,3114092,279.16,11.91,52.74951042704504,2.250489572954959,108.9090909090909,3505940.9814814813,2509398.074074074,55.0,0.10935726210350585,984.2153589315526,55.0
1788424960,llama3.1:8b,46.0,6607,1526979,285.64,12.06,38.379576755122606,1.6204232448773934,109.56410256410257,3505390.6,2449544.7,40.0,0.11007254856073016,990.6529370465714,40.0
1788425000,llama3.1:8b,41.0,6605,1537730,274.68,12.0,48.86521557136877,2.1347844286312263,109.6078431372549,3505499.66,2519232.7,51.0,0.10948121645796065,985.3309481216457,51.0
1788425051,llama3.1:8b,43.0,6612,800000,287.52,11.82,54.749248346361995,2.250751653638004,109.03571428571429,3505152.4210526315,2497908.052631579,57.0,0.10840484769079593,975.6436292171634,57.0
1788425108,llama3.1:8b,41.0,6600,2965178,279.79,11.82,52.77065258393059,2.2293474160694076,109.83333333333333,3505774.111111111,2529371.7407407407,55.0,0.1076176024279211,968.55842185129,55.0
1788425163,llama3.1:8b,43.0,6596,1558255,275.41,11.88,49.84969891050854,2.150301089491455,109.59615384615384,3506367.480769231,2509885.230769231,52.0,0.10839796455518513,975.5816809966663,52.0
1788425215,llama3.1:8b,44.0,6593,1608474,276.06,11.88,46.019587414044594,1.9804125859554076,108.95744680851064,3505952.8723404254,2573885.0,48.0,0.10903339191564149,981.3005272407734,48.0
1788425263,llama3.1:8b,43.0,6595,1000000,288.8,11.86,56.67265349564291,2.3273465043570805,109.0,3505256.1525423727,2514944.7288135593,59.0,0.10880733944954128,979.2660550458714,58.99999999999999
1788425322,llama3.1:8b,41.0,6594,2000000,282.09,11.89,47.977753588679505,2.022246411320498,109.22,3504877.163265306,2444531.448979592,50.0,0.10886284563266801,979.7656106940121,50.0
1788425372,llama3.1:8b,40.0,6589,800000,285.82,11.84,53.77249210508634,2.2275078949136597,109.34545454545454,3505839.660714286,2481799.589285714,56.0,0.10828067841702693,974.5261057532424,56.0
1788425428,llama3.1:8b,46.0,6593,1200000,281.72,11.92,46.051491622394764,1.9485083776052305,109.0,3505491.0212765955,2459446.8085106383,48.0,0.10935779816513762,984.2201834862385,47.99999999999999
1788425476,llama3.1:8b,43.0,6594,2477452,284.09,11.91,50.86746621621621,2.1325337837837837,108.84615384615384,3506926.2075471696,2470381.2641509436,53.0,0.10942049469964665,984.78445229682,52.99999999999999
1788425529,llama3.1:8b,44.0,6597,1686221,284.1,11.87,54.713991282900295,2.2860087170997057,109.17857142857143,3505964.5535714286,2467492.1964285714,57.0,0.10872096826954529,978.4887144259077,57.0
1788425586,llama3.1:8b,44.0,6597,1497444,278.73,11.96,46.02511266297431,1.9748873370256974,108.41666666666667,3506427.3541666665,2540197.7708333335,48.0,0.110315142198309,992.8362797847809,48.00000000000001
1788425634,llama3.1:8b,44.0,6610,3446590,287.52,11.86,53.781548533636176,2.218451466363818,108.74545454545455,3504135.6363636362,2527243.5636363635,56.0,0.10906202976090953,981.5582678481858,55.99999999999999
1788425690,llama3.1:8b,41.0,6587,1225487,277.53,11.91,55.61339137645107,2.386608623548922,108.6896551724138,3470747.6842105263,2461228.98245614,58.0,0.1095780456852792,986.2024111675128,57.99999999999999
1788425748,llama3.1:8b,43.0,6593,1219293,291.28,11.75,65.36329736329736,2.636702636702637,109.4776119402985,3505743.382352941,2459254.9411764704,68.0,0.10732788002726654,965.9509202453988,68.0
1788425816,llama3.1:8b,44.0,6591,3501445,282.34,11.85,48.9457153540229,2.0542846459770896,109.14,3506223.54,2440617.24,51.0,0.10857614073666849,977.1852666300164,50.99999999999999
1788425867,llama3.1:8b,43.0,6603,1595169,288.82,11.85,57.63528120530814,2.364718794691855,109.48333333333333,3504962.7333333334,2615170.183333333,60.0,0.10823565230628711,974.120870756584,59.99999999999999
1788425927,llama3.1:8b,43.0,6604,1602035,272.41,11.99,46.93421237693389,2.065787623066104,108.5625,3505913.8958333335,2459942.0208333335,49.0,0.1104432930339666,993.9896373056995,49.0
1788425976,llama3.1:8b,48.0,6608,3500000,292.28,11.91,49.96403563562247,2.035964364377527,108.80392156862744,3505466.980769231,2481319.6923076925,52.0,0.10946296630023429,985.1666967021087,52.0
1788426028,llama3.1:8b,43.0,6604,2126035,279.46,11.88,45.08347635065559,1.9165236493444089,108.87234042553192,3479727.5217391304,2466861.2391304346,47.0,0.1091186241938636,982.0676177447724,46.99999999999999
1788426075,llama3.1:8b,44.0,6637,1037580,279.56,11.88,48.92108152621466,2.078918473785342,109.44,3506323.862745098,2501611.0,51.0,0.10855263157894737,976.9736842105264,51.0
1788426126,llama3.1:8b,44.0,6622,2969902,290.65,11.83,49.966278762232214,2.0337212377677867,109.53846153846153,3504950.9803921566,2493923.1764705884,52.0,0.10799859550561798,971.9873595505618,52.0
1788426178,llama3.1:8b,46.0,6612,800000,279.48,12.01,40.26951181858726,1.7304881814127413,109.8048780487805,3505435.8333333335,2406022.1428571427,42.0,0.10937583296312749,984.3824966681474,42.0
1788426220,llama3.1:8b,41.0,6605,3508235,288.3,11.89,44.178020586961594,1.821979413038409,109.56521739130434,3506006.9111111113,2521512.9111111113,46.0,0.10851984126984128,976.6785714285714,46.0
1788426266,llama3.1:8b,43.0,6608,1300167,277.65,11.83,51.79321542075446,2.2067845792455443,109.43396226415095,3505761.037037037,2494298.722222222,54.0,0.10810172413793102,972.9155172413792,54.0
1788426320,llama3.1:8b,46.0,6590,864734,286.58,11.97,44.15568581477139,1.8443141852286051,109.06666666666666,3506031.3333333335,2524413.2,46.0,0.10974938875305625,987.7444987775062,45.99999999999999
1788426366,llama3.1:8b,42.0,6608,3495518,286.91,11.94,44.16215492722102,1.837845072778986,108.95652173913044,3504311.934782609,2498547.565217391,46.0,0.10958499600957701,986.2649640861931,46.0
1788426412,llama3.1:8b,44.0,6604,1401022,284.42,11.9,44.15267278617711,1.8473272138228944,109.77777777777777,3504032.466666667,2505914.3777777776,46.0,0.1084008097165992,975.6072874493927,46.00000000000001
1788426458,llama3.1:8b,44.0,6605,1100519,289.88,11.69,63.441589017475216,2.5584109825247867,109.48484848484848,3505310.8333333335,2433338.0303030303,66.0,0.1067727650152228,960.9548851370051,66.0
1788426524,llama3.1:8b,46.0,6602,1549547,285.36,11.83,49.93007840102292,2.0699215989770856,109.33333333333333,3506596.470588235,2527776.470588235,52.0,0.10820121951219512,973.8109756097562,52.0
1788426576,llama3.1:8b,44.0,6609,1200000,287.87,11.91,50.89435586096471,2.1056441390352925,109.3076923076923,3504633.150943396,2442365.132075472,53.0,0.10895847994370163,980.6263194933147,53.0
1788426629,llama3.1:8b,41.0,6607,1800000,284.54,11.97,42.223736130316006,1.7762638696839903,109.04545454545455,3505666.3255813955,2488751.0,44.0,0.10977073780741976,987.9366402667779,43.99999999999999
1788426673,llama3.1:8b,45.0,6606,1987905,277.8,11.98,46.97425633239009,2.0257436676099108,109.45833333333333,3505996.4285714286,2499297.7346938774,49.0,0.10944803958888467,985.0323562999621,49.0
1788426722,llama3.1:8b,44.0,6603,1554491,282.52,11.98,50.84400679117147,2.155993208828523,109.22641509433963,3504684.076923077,2494634.25,53.0,0.10968042839868716,987.1238555881845,53.0
1788426775,llama3.1:8b,42.0,6601,768044,285.74,11.9,49.92097836312324,2.0790216368767642,109.03921568627452,3472237.480769231,2426371.596153846,52.0,0.10913504765329976,982.2154288796978,52.00000000000001
1788426827,llama3.1:8b,46.0,6604,1500000,287.59,11.98,39.360383215942846,1.6396167840571487,109.1951219512195,3504650.7,2524119.275,41.0,0.10971186062095153,987.4067455885638,40.99999999999999
1788426868,llama3.1:8b,46.0,6598,1868563,278.8,11.97,52.735839323176386,2.2641606768236064,109.77777777777777,3505303.9272727272,2467964.5636363635,55.0,0.10903846153846156,981.346153846154,54.99999999999999
1788426923,llama3.1:8b,44.0,6609,1612508,274.02,11.94,47.9122954259337,2.087704574066303,109.57142857142857,3507556.6326530613,2474602.4897959186,50.0,0.10897001303780965,980.7301173402868,50.0
1788426973,llama3.1:8b,46.0,6601,1801332,276.8,11.76,60.43249237593568,2.5675076240643193,108.61904761904762,3505547.0317460317,2477436.285714286,63.0,0.1082683033757124,974.4147303814117,63.0
1788427036,llama3.1:8b,44.0,6595,1326595,283.48,11.81,56.64031968573267,2.3596803142673304,109.05172413793103,3505948.9655172415,2551658.3103448274,59.0,0.10829723320158104,974.6750988142293,59.0
1788427095,llama3.1:8b,44.0,6606,1687471,277.52,11.89,49.86365364016448,2.1363463598355277,109.31372549019608,3505584.019230769,2444597.8076923075,52.0,0.10876950672645741,978.9255605381167,52.00000000000001
1788427147,llama3.1:8b,44.0,6601,1390132,284.2,11.94,49.90342405618964,2.09657594381036,108.8076923076923,3504806.3725490198,2448491.705882353,52.0,0.10973488865323436,987.6139978791092,52.0
1788427199,llama3.1:8b,46.0,6603,3500000,274.5,11.97,44.07791391768771,1.9220860823122838,109.33333333333333,3504973.586956522,2487085.652173913,46.0,0.10948170731707318,985.3353658536587,45.99999999999999
1788427245,llama3.1:8b,47.0,6603,1263126,270.48,11.82,54.61339001062699,2.3866099893730075,109.0,3504037.9821428573,2496364.6785714286,57.0,0.10844036697247707,975.9633027522937,57.0
1788427302,llama3.1:8b,44.0,6601,3500000,280.84,11.91,57.55900939368061,2.440990606319385,109.23728813559322,3506319.4,2439386.85,60.0,0.1090287044220326,981.2583397982933,60.0
1788427362,llama3.1:8b,48.0,6601,2739534,273.81,11.94,50.78540682414698,2.214593175853018,108.5576923076923,3505305.903846154,2431888.6153846155,53.0,0.10998759964570416,989.8883968113374,53.0
1788427415,llama3.1:8b,46.0,6596,875484,269.95,11.96,47.87875563122983,2.121244368770175,108.86,3504728.285714286,2496336.8775510206,50.0,0.10986588278522874,988.7929450670586,50.00000000000001
1788427465,llama3.1:8b,46.0,6608,2300000,286.67,11.9,48.00716749840909,1.9928325015909167,109.0204081632653,3504866.64,2413400.48,50.0,0.10915387495320106,982.3848745788096,50.00000000000001
1788427515,llama3.1:8b,46.0,6612,1502636,282.82,11.97,52.76671528884968,2.2332847111503105,109.0909090909091,3505437.685185185,2481655.1666666665,55.0,0.109725,987.525,54.99999999999999
1788427570,llama3.1:8b,44.0,6605,1198969,281.56,11.94,46.04729131175469,1.9527086882453148,109.51063829787235,3506324.8333333335,2498463.9375,48.0,0.10903050320575092,981.2745288517582,48.00000000000001
1788427618,llama3.1:8b,46.0,6608,996422,268.67,12.01,40.202864471996584,1.79713552800342,108.71428571428571,3505259.714285714,2611977.5714285714,42.0,0.110473061760841,994.257555847569,42.00000000000001
1788427660,llama3.1:8b,44.0,6613,1448679,289.23,12.05,45.12018720127456,1.879812798725438,109.1086956521739,3506342.1304347827,2466572.3695652173,47.0,0.1104403267583184,993.9629408248657,47.0
1788427707,llama3.1:8b,46.0,6598,1124883,284.16,11.84,58.56,2.44,109.31666666666666,3506047.770491803,2528297.9836065574,61.0,0.10830919347461504,974.7827412715353,61.0
1788427768,llama3.1:8b,44.0,6605,800000,276.41,11.92,45.05694863524434,1.9430513647556615,109.85106382978724,3506047.195652174,2427890.6739130435,47.0,0.10851055587836529,976.5950029052877,47.0
1788427815,llama3.1:8b,44.0,6604,1491607,282.04,11.86,50.861245321537936,2.1387546784620617,109.46153846153847,3505535.3396226414,2559337.0943396227,53.0,0.10834855938158819,975.1370344342937,53.0
1788427868,llama3.1:8b,44.0,6608,1628510,287.57,11.81,53.790901195804665,2.209098804195337,108.92857142857143,3504934.381818182,2440670.9272727272,56.0,0.10841967213114755,975.7770491803279,56.0
1788427924,llama3.1:8b,44.0,6608,1900000,280.57,11.88,52.765771926825096,2.234228073174902,109.37037037037037,3505791.425925926,2469497.4444444445,55.0,0.10862174060277685,977.5956654249916,55.0
1788427979,llama3.1:8b,46.0,6594,1480245,283.62,11.91,48.944675667444926,2.0553243325550703,109.4,3504530.470588235,2466757.098039216,51.0,0.10886654478976233,979.798903107861,51.0
1788428030,llama3.1:8b,42.0,6604,1569945,287.53,11.89,49.93507447732283,2.0649255226771763,109.1923076923077,3505548.411764706,2498687.901960784,52.0,0.10889045438534696,980.0140894681227,52.00000000000001
1788428082,llama3.1:8b,44.0,6604,800000,268.93,11.87,53.63276353276353,2.367236467236467,109.2909090909091,3506041.785714286,2419681.5535714286,56.0,0.10860921643653301,977.4829479287971,56.0
1788428138,llama3.1:8b,46.0,6600,2406481,277.48,11.95,49.85302145596518,2.146978544034827,109.1923076923077,3505645.0392156863,2504001.411764706,52.0,0.1094399436421275,984.9594927791476,52.0
1788428190,llama3.1:8b,46.0,6595,1562307,278.72,11.95,43.14996387656105,1.850036123438951,108.97727272727273,3507502.488888889,2500838.8666666667,45.0,0.10965589155370176,986.9030239833158,45.00000000000001
1788428235,llama3.1:8b,42.0,6599,650836,288.07,11.83,54.75155051683895,2.2484494831610538,108.60714285714286,3505608.1071428573,2588254.589285714,57.0,0.10892469582374219,980.3222624136797,57.0
1788428292,llama3.1:8b,41.0,6605,1578644,274.94,11.74,58.501953397516395,2.4980466024836057,109.41666666666667,3506707.3278688523,2474892.131147541,61.0,0.10729626808834729,965.6664127951257,61.0
1788428353,llama3.1:8b,46.0,6604,1268671,276.93,11.78,50.83748398046483,2.162516019535174,109.22641509433963,3507273.846153846,2570107.0384615385,53.0,0.10784936949386767,970.644325444809,53.00000000000001
1788428406,llama3.1:8b,44.0,6599,1856941,284.21,11.86,47.03715337589083,1.9628466241091633,109.70833333333333,3504356.8775510206,2515251.1836734693,49.0,0.1081048233953665,972.9434105582985,48.99999999999999
1788428455,llama3.1:8b,44.0,6600,1228471,286.95,11.83,53.782716379945114,2.21728362005489,109.23214285714286,3505289.036363636,2470730.8727272726,56.0,0.10830145496158247,974.7130946542424,56.00000000000001
1788428511,llama3.1:8b,44.0,6600,3500000,284.57,12.02,42.21679759937962,1.783202400620385,109.30232558139535,3505045.1136363638,2462125.977272727,44.0,0.10997021276595743,989.7319148936169,44.0
1788428555,llama3.1:8b,43.0,6608,1800000,286.59,11.91,44.16462311557789,1.8353768844221106,108.84782608695652,3505137.777777778,2530337.8,46.0,0.10941881366087479,984.7693229478732,46.0
1788428601,llama3.1:8b,44.0,6612,1613166,277.09,11.86,48.90669666032185,2.0933033396781453,109.28,3504899.705882353,2554432.4901960786,51.0,0.10852855051244509,976.7569546120058,50.99999999999999
1788428652,llama3.1:8b,46.0,6603,1865527,286.82,11.78,58.59350301406565,2.40649698593436,109.68333333333334,3505358.033333333,2545317.933333333,61.0,0.10740009117155447,966.6008205439903,61.00000000000001
1788428713,llama3.1:8b,46.0,6602,800000,286.87,11.89,48.01010844825278,1.9898915517472222,109.44,3504503.34,2557443.48,50.0,0.10864400584795322,977.7960526315791,50.0
1788428763,llama3.1:8b,44.0,6590,1076571,281.26,11.87,51.81332514583973,2.18667485416027,109.73584905660377,3507251.0,2549689.5283018867,54.0,0.10816884456671251,973.5196011004125,54.0
1788428817,llama3.1:8b,44.0,6605,2237847,277.05,11.86,47.9474576857845,2.0525423142154993,109.36,3506024.26,2508632.72,50.0,0.1084491587417703,976.0424286759328,50.0
1788428867,llama3.1:8b,41.0,6608,1057718,273.71,11.94,51.74283213723088,2.257167862769123,109.66037735849056,3505219.679245283,2523752.3584905663,54.0,0.10888162422573984,979.9346180316586,54.0
1788428921,llama3.1:8b,44.0,6612,1000000,280.43,11.92,45.083666837694544,1.9163331623054558,109.65217391304348,3488027.85106383,2464204.744680851,47.0,0.10870737509912767,978.3663758921491,47.0
1788428968,llama3.1:8b,44.0,6611,1000343,283.86,11.87,52.79241199743009,2.2075880025699113,109.92727272727272,3507686.4444444445,2551924.425925926,55.0,0.1079804829639431,971.824346675488,55.0
1788429023,llama3.1:8b,46.0,6608,1500000,272.53,12.1,38.29954678003021,1.7004532199697853,110.3076923076923,3480282.875,2386965.95,40.0,0.1096931659693166,987.2384937238494,40.0
1788429063,llama3.1:8b,44.0,6611,1104977,281.89,11.76,59.51704410011919,2.482955899880811,109.62903225806451,3505814.3278688523,2485879.901639344,62.0,0.10727085478887745,965.437693099897,62.00000000000001
1788429125,llama3.1:8b,46.0,6608,1798644,281.17,11.99,45.077739118570065,1.9222608814299358,109.67391304347827,3504545.5531914895,2445081.8085106383,47.0,0.1093240832507433,983.9167492566899,47.0
1788429172,llama3.1:8b,46.0,6608,1495786,287.51,12.01,48.955028044871796,2.0449719551282053,109.62,3505998.34,2432924.1,51.0,0.10956029921547163,986.0426929392446,51.0
1788429223,llama3.1:8b,44.0,6605,1391039,285.02,11.88,47.039339845065676,1.9606601549343217,109.04081632653062,3506568.2040816327,2472175.06122449,49.0,0.10895002807411566,980.5502526670409,49.0
1788429272,llama3.1:8b,46.0,6601,3095370,281.94,11.95,47.00758787301372,1.9924121269862876,109.66666666666667,3503556.5208333335,2488858.5208333335,49.0,0.10896656534954406,980.6990881458966,49.00000000000001
1788429321,llama3.1:8b,46.0,6598,1073503,286.79,11.85,54.738246718457,2.2617532815429944,109.50877192982456,3504739.298245614,2445461.736842105,57.0,0.10821050945209869,973.8945850688883,56.99999999999999
1788429378,llama3.1:8b,44.0,6597,1468201,281.5,11.82,57.582162825582984,2.417837174417019,109.66101694915254,3473274.627118644,2491474.1694915253,60.0,0.10778670788253478,970.080370942813,60.0
1788429438,llama3.1:8b,41.0,6616,998230,285.53,11.98,41.26849517663272,1.731504823367282,109.11627906976744,3505715.3488372094,2500575.5581395347,43.0,0.10979113384484229,988.1202046035806,43.0
1788429481,llama3.1:8b,47.0,6602,1588461,276.04,11.92,51.764689540213915,2.2353104597860813,109.32075471698113,3506101.2264150945,2495727.3018867923,54.0,0.10903693476009665,981.3324128408699,54.0
1788429535,llama3.1:8b,46.0,6606,3505982,287.23,11.93,48.00608370102955,1.9939162989704502,109.10204081632654,3507037.9,2489163.4,50.0,0.10934717545828657,984.124579124579,50.0
1788429585,llama3.1:8b,44.0,6604,699611,291.15,11.82,58.62016041192197,2.3798395880780276,109.44262295081967,3506567.5833333335,2529813.7,61.0,0.10800179748352308,972.0161773517077,61.0
1788429646,llama3.1:8b,42.0,6607,2991451,288.07,11.91,48.01486765784385,1.9851323421561435,108.95918367346938,3505710.62,2464870.28,50.0,0.10930698632702754,983.7628769432479,49.99999999999999
1788429696,llama3.1:8b,44.0,6613,998966,280.22,11.93,47.95824062981345,2.0417593701865475,109.10204081632654,3506358.163265306,2490896.448979592,50.0,0.10934717545828657,984.124579124579,50.0
1788429746,llama3.1:8b,46.0,6603,1473349,283.03,11.82,54.71497371544854,2.2850262845514675,109.19298245614036,3506262.6964285714,2525210.0,57.0,0.1082487146529563,974.2384318766067,57.00000000000001
1788429803,llama3.1:8b,42.0,6607,1500000,280.68,11.86,46.054009708074105,1.9459902919258902,109.25531914893617,3504401.4166666665,2497808.1875,48.0,0.10855306718597858,976.9776046738073,47.99999999999999
1788429851,llama3.1:8b,47.0,6614,1165217,276.93,11.86,48.90553689532186,2.0944631046781392,109.23529411764706,3504654.843137255,2501507.8039215687,51.0,0.10857296715131932,977.1567043618738,51.0
1788429902,llama3.1:8b,47.0,6609,2013837,281.03,11.85,53.73422562141491,2.265774378585086,108.92727272727272,3505798.7818181817,2590676.5454545454,56.0,0.10878818227341011,979.093640460691,55.99999999999999
1788429958,llama3.1:8b,46.0,6607,1594461,275.68,11.85,54.6508538239488,2.3491461760511947,109.82142857142857,3506286.6428571427,2495715.0178571427,57.0,0.10790243902439024,971.1219512195121,56.99999999999999
1788430015,llama3.1:8b,46.0,6602,2177272,275.93,11.9,48.891463711218435,2.1085362887815724,109.7843137254902,3505556.1960784313,2445331.8039215687,51.0,0.10839435613502411,975.5492052152171,51.00000000000001
1788430066,llama3.1:8b,46.0,6606,2999527,276.81,11.84,57.53888792655465,2.4611120734453493,109.91525423728814,3504596.881355932,2434922.966101695,60.0,0.10771935235158056,969.4741711642251,60.0
1788430126,llama3.1:8b,42.0,6600,800000,289.2,11.95,49.93657645691516,2.0634235430848413,109.88461538461539,3468958.5,2416716.9423076925,52.0,0.10875043752187609,978.7539376968848,52.0
1788430178,llama3.1:8b,46.0,6602,1299315,285.37,11.91,52.796521797631854,2.2034782023681374,109.92592592592592,3505852.925925926,2449540.296296296,55.0,0.10834568733153639,975.1111859838275,54.99999999999999
1788430233,llama3.1:8b,44.0,6607,1251716,285.04,11.78,58.579071491139416,2.4209285088605887,109.83333333333333,3505031.2622950817,2472631.0327868853,61.0,0.10725341426403642,965.2807283763277,61.00000000000001
1788430294,llama3.1:8b,47.0,6601,1403835,285.19,11.83,53.76957780620834,2.230422193791664,109.76785714285714,3504483.5454545454,2473357.9454545453,56.0,0.10777289734829999,969.9560761347,56.0
1788430350,llama3.1:8b,46.0,6594,1500713,287.81,11.88,56.661183222663425,2.3388167773365813,109.93103448275862,3507211.813559322,2501653.0169491526,59.0,0.10806775407779173,972.6097867001256,59.00000000000001
1788430409,llama3.1:8b,46.0,6608,3500000,277.49,11.85,49.870325568535286,2.1296744314647125,109.47058823529412,3506411.5490196077,2520128.0588235296,52.0,0.10824825362708221,974.2342826437399,52.0
1788430461,llama3.1:8b,46.0,6605,1400000,284.55,11.95,53.74300168634065,2.256998313659359,109.58928571428571,3505837.290909091,2443559.0727272728,56.0,0.10904350659931562,981.3915593938406,56.00000000000001
1788430517,llama3.1:8b,46.0,6607,3169655,283.54,11.91,55.66193941445252,2.3380605855474696,109.33333333333333,3506031.6551724137,2458785.2586206896,58.0,0.10893292682926829,980.3963414634146,57.999999999999986
1788430575,llama3.1:8b,47.0,6609,2328514,284.91,11.84,53.765661331086775,2.2343386689132267,109.01818181818182,3504353.6363636362,2525030.272727273,56.0,0.10860573715810541,977.4516344229487,56.0
1788430631,llama3.1:8b,44.0,6605,3505094,282.78,11.74,62.409004481868806,2.590995518131197,109.33846153846154,3504537.815384615,2562324.123076923,65.0,0.10737301252286478,966.357112705783,65.0
1788430696,llama3.1:8b,44.0,6613,1477673,267.5,11.74,59.393353387766794,2.606646612233204,109.39344262295081,3505789.3606557376,2498994.655737705,62.0,0.10731904690543984,965.8714221489586,62.0
1788430758,llama3.1:8b,46.0,6603,800000,279.33,11.89,45.08107272852139,1.9189272714786074,109.71739130434783,3506264.489361702,2531348.4468085105,47.0,0.10836932831384982,975.3239548246484,47.0
1788430805,llama3.1:8b,41.0,6615,1200974,287.57,11.79,55.71572688401924,2.2842731159807586,109.62068965517241,3506044.947368421,2475711.5263157897,58.0,0.10755268952500786,967.9742057250708,58.0
1788430863,llama3.1:8b,46.0,6614,3385483,273.46,11.93,41.202494831633906,1.7975051683660954,109.45238095238095,3505085.465116279,2516456.6511627906,43.0,0.10899717206874049,980.9745486186644,43.0
1788430906,llama3.1:8b,46.0,6597,1095555,286.74,12.01,39.35176569037657,1.6482343096234309,109.34146341463415,3504998.9,2499915.7,41.0,0.10983939326343965,988.554539370957,41.0
1788430947,llama3.1:8b,44.0,6603,1165913,286.57,11.95,52.798304971191214,2.20169502880879,109.33333333333333,3504684.8545454545,2412055.5636363635,55.0,0.10929878048780488,983.6890243902438,55.00000000000001
1788431002,llama3.1:8b,46.0,6598,3495436,285.86,11.82,55.69699005643644,2.3030099435635583,109.75862068965517,3506069.5789473685,2487926.947368421,58.0,0.1076908576814326,969.2177191328934,58.0
1788431060,llama3.1:8b,44.0,6608,1395679,290.1,11.95,41.29879159079623,1.701208409203774,109.33333333333333,3506880.2093023257,2545046.302325581,43.0,0.10929878048780488,983.6890243902438,43.0
1788431103,llama3.1:8b,44.0,6605,798882,286.22,11.87,49.92935019624946,2.0706498037505447,109.17647058823529,3506647.862745098,2451307.3725490198,52.0,0.10872306034482758,978.5075431034483,52.0
1788431155,llama3.1:8b,46.0,6610,1575769,283.25,12.0,45.08975444538527,1.9102455546147332,109.36170212765957,3505341.1276595746,2445540.744680851,47.0,0.10972762645914397,987.5486381322958,47.0
1788431202,llama3.1:8b,46.0,6605,1481339,281.41,12.0,43.159571930063734,1.8404280699362665,109.6590909090909,3505623.9545454546,2523489.772727273,45.0,0.1094300518134715,984.8704663212434,45.0
1788431247,llama3.1:8b,42.0,6605,2300000,280.73,11.98,49.87175019644016,2.128249803559837,109.42307692307692,3505596.5576923075,2419391.153846154,52.0,0.10948330404217926,985.3497363796133,52.0
1788431299,llama3.1:8b,46.0,6609,1197744,279.54,11.9,48.91758166346418,2.0824183365358224,109.16,3505418.96,2483919.64,51.0,0.1090142909490656,981.1286185415904,51.00000000000001
1788431350,llama3.1:8b,46.0,6601,1382276,277.07,11.8,53.71246581507252,2.2875341849274764,109.46428571428571,3505532.660714286,2501526.3928571427,56.0,0.10779771615008157,970.1794453507341,55.99999999999999
1788431406,llama3.1:8b,46.0,6598,1408130,278.17,11.96,43.14496949643264,1.8550305035673664,109.81818181818181,3506726.9318181816,2547961.7954545454,45.0,0.10890728476821193,980.1655629139074,45.0
1788431451,llama3.1:8b,44.0,6597,3000000,288.9,11.76,59.57493514268609,2.4250648573139095,109.36065573770492,3504129.790322581,2441198.3225806453,62.0,0.10753410283315845,967.8069254984262,62.0
1788431513,llama3.1:8b,42.0,6597,1434447,270.8,11.81,64.20013446091788,2.7998655390821274,109.34328358208955,3507212.090909091,2491215.893939394,67.0,0.10800846300846301,972.076167076167,67.00000000000001
1788431580,llama3.1:8b,46.0,6603,1800000,276.81,11.88,52.73667255533618,2.2633274446638265,109.64814814814815,3505697.9454545453,2534367.2,55.0,0.10834656308056072,975.1190677250465,55.00000000000001
1788431635,llama3.1:8b,46.0,6603,2262857,276.81,11.95,47.9308075910791,2.069192408920903,109.51020408163265,3506667.2653061226,2463657.0816326533,50.0,0.1091222512113306,982.1002609019754,50.00000000000001
1788431685,llama3.1:8b,46.0,6602,1371036,285.35,11.94,53.750882976218506,2.249117023781493,109.71428571428571,3504014.8545454545,2491529.8545454545,56.0,0.108828125,979.453125,56.0
1788431741,llama3.1:8b,46.0,6604,2300000,279.7,11.83,55.64641717833499,2.353582821665009,109.70175438596492,3507686.3620689656,2461410.8620689656,58.0,0.10783783783783783,970.5405405405405,58.0
1788431799,llama3.1:8b,42.0,6597,1431150,284.37,11.95,53.74163066954644,2.2583693304535637,109.0,3506158.581818182,2453385.7636363637,56.0,0.10963302752293577,986.6972477064219,56.0
1788431855,llama3.1:8b,47.0,6603,1688344,283.96,11.87,51.83328262853666,2.1667173714633403,109.61111111111111,3505204.8518518517,2529198.537037037,54.0,0.10829194120628484,974.6274708565636,54.0
1788431909,llama3.1:8b,46.0,6607,1600000,266.36,11.86,45.95384947164114,2.0461505283588526,109.93617021276596,3504436.510638298,2465183.787234043,48.0,0.10788078188503968,970.9270369653572,47.99999999999999
1788431957,llama3.1:8b,46.0,6608,1166085,273.45,11.79,55.60265039966344,2.3973496003365584,109.55172413793103,3504873.3103448274,2514038.5689655175,58.0,0.10762039660056656,968.5835694050991,58.0
1788432015,llama3.1:8b,46.0,6603,1100611,286.12,11.95,40.316167343241524,1.6838326567584794,109.70731707317073,3504417.7804878047,2527590.3902439023,42.0,0.1089261894175189,980.3357047576702,42.0
1788432057,llama3.1:8b,41.0,6599,1884534,281.01,11.83,50.8589332058462,2.1410667941538044,109.56603773584905,3506536.4716981133,2441711.5849056602,53.0,0.10797141381091786,971.7427242982608,53.0
1788432110,llama3.1:8b,46.0,6612,1503579,290.36,11.84,52.84513567174058,2.154864328259431,109.53703703703704,3504530.1666666665,2517540.722222222,55.0,0.10809129332206255,972.8216398985628,55.00000000000001
1788432165,llama3.1:8b,47.0,6611,1389455,286.9,11.89,53.771545232437504,2.2284547675625026,109.27272727272727,3504792.3035714286,2440824.035714286,56.0,0.10881031613976706,979.2928452579035,56.00000000000001
1788432221,llama3.1:8b,42.0,6598,1021861,279.58,11.8,56.61068021140778,2.3893197885922164,109.35593220338983,3507007.103448276,2528566.9137931033,59.0,0.1079045257284563,971.1407315561066,59.0
1788432280,llama3.1:8b,44.0,6608,1074316,269.29,11.85,47.892509070214125,2.1074909297858713,109.38775510204081,3504023.4,2562204.9,50.0,0.10833022388059702,974.9720149253731,49.99999999999999
1788432330,llama3.1:8b,46.0,6599,3500000,284.4,11.87,45.11695412967901,1.883045870320991,109.52173913043478,3505416.152173913,2545373.782608696,47.0,0.10838030964668519,975.4227868201666,47.0
1788432377,llama3.1:8b,47.0,6599,1500000,285.96,11.93,42.23787304038403,1.7621269596159657,109.9090909090909,3504526.022727273,2465658.227272727,44.0,0.10854425144747726,976.8982630272953,44.0
1788432421,llama3.1:8b,46.0,6604,3492307,278.63,11.88,46.03710715638016,1.9628928436198412,109.68085106382979,3506118.9574468085,2504546.595744681,48.0,0.10831425800193986,974.8283220174587,48.0
1788432469,llama3.1:8b,47.0,6601,1200000,285.53,11.79,55.700053814072376,2.29994618592762,109.3103448275862,3504902.724137931,2535145.327586207,58.0,0.10785804416403785,970.7223974763407,57.99999999999999
1788432527,llama3.1:8b,46.0,6613,800000,281.29,11.9,44.13295132849006,1.8670486715099424,110.08888888888889,3506340.644444444,2467878.0444444446,46.0,0.10809446911586597,972.8502220427938,46.0
1788432573,llama3.1:8b,47.0,6606,1249256,283.67,11.89,50.86787792664772,2.1321220733522805,109.9245283018868,3504923.5094339624,2452012.3773584906,53.0,0.10816512186749057,973.4860968074152,53.0
1788432626,llama3.1:8b,46.0,6596,1599535,271.14,11.73,66.13872096722876,2.861279032771238,109.72058823529412,3505349.5735294116,2431142.25,69.0,0.10690792119018899,962.171290711701,69.0
1788432695,llama3.1:8b,46.0,6606,1191824,277.82,11.84,53.710971483808606,2.2890285161913972,109.72727272727273,3505253.3928571427,2450926.1428571427,56.0,0.10790389395194697,971.1350455675228,56.0
1788432751,llama3.1:8b,48.0,6596,3282429,277.05,11.92,49.85500224936845,2.1449977506315534,110.17307692307692,3505599.705882353,2506535.0392156863,52.0,0.10819340198987608,973.7406179088847,52.0
1788432803,llama3.1:8b,46.0,6594,1376330,280.06,11.96,52.74741456064653,2.2525854393534694,109.98148148148148,3480450.327272727,2495414.4,55.0,0.10874558006398384,978.7102205758546,55.0
1788432858,llama3.1:8b,46.0,6603,1496173,282.45,12.02,47.95904506401332,2.0409549359866883,109.44897959183673,3507815.387755102,2482725.9795918367,50.0,0.1098228603393623,988.4057430542607,50.00000000000001
1788432908,llama3.1:8b,47.0,6603,1618787,283.58,11.91,55.66225591390571,2.337744086094284,109.5,3505575.5614035088,2471881.3684210526,58.0,0.10876712328767123,978.904109589041,57.99999999999999
1788432966,llama3.1:8b,42.0,6605,1100000,291.84,11.83,52.85737807488392,2.1426219251160803,109.07407407407408,3503749.7818181817,2468544.727272727,55.0,0.10845840407470289,976.1256366723261,55.0
1788433021,llama3.1:8b,47.0,6600,800000,284.9,11.8,55.6932928884395,2.306707111560499,109.54385964912281,3506563.5614035088,2495268.5789473685,58.0,0.10771941063420884,969.4746957078796,58.0
1788433079,llama3.1:8b,44.0,6598,1195127,286.9,11.84,54.74091182968468,2.2590881703153247,109.80701754385964,3505511.789473684,2575620.543859649,57.0,0.10782553123502157,970.4297811151941,57.0
1788433136,llama3.1:8b,47.0,6602,2181176,284.87,11.91,46.073724644517824,1.9262753554821752,110.25531914893617,3505427.425531915,2485534.361702128,48.0,0.10802199922809727,972.1979930528754,48.0
1788433184,llama3.1:8b,47.0,6605,1473180,285.31,11.83,55.69085279666151,2.309147203338494,110.1896551724138,3507144.172413793,2486744.3103448274,58.0,0.10736035049288062,966.2431544359256,58.0
1788433242,llama3.1:8b,47.0,6626,1571900,271.8,12.02,43.094214643083646,1.9057853569163552,109.75,3507217.522727273,2483861.090909091,45.0,0.10952164009111617,985.6947608200456,45.0
1788433287,llama3.1:8b,42.0,6634,749735,282.29,11.81,55.67092825569534,2.3290717443046582,109.57894736842105,3506482.1379310344,2382356.327586207,58.0,0.107776176753122,969.985590778098,57.99999999999999
1788433345,llama3.1:8b,47.0,6626,2593995,274.77,11.9,50.7999093033802,2.200090696619807,109.67924528301887,3504513.4423076925,2479592.1346153845,53.0,0.10849819370376741,976.4837433339068,53.00000000000001
1788433398,llama3.1:8b,42.0,6602,1989042,286.4,11.91,50.88397975260635,2.116020247393651,109.09615384615384,3505309.962264151,2462700.150943396,53.0,0.10916975145425702,982.5277630883131,53.0
1788433451,llama3.1:8b,46.0,6609,1942317,288.02,12.01,36.47888544478885,1.5211145552111456,109.52631578947368,3505305.5405405406,2463243.4594594594,38.0,0.10965401249399327,986.8861124459395,38.0
1788433489,llama3.1:8b,47.0,6615,2687540,287.83,11.82,54.751576839646255,2.2484231603537466,109.94642857142857,3505402.0877192984,2424054.245614035,57.0,0.10750690271235992,967.5621244112393,57.0
1788433546,llama3.1:8b,47.0,6601,1484758,283.4,11.95,46.05789740985272,1.9421025901472828,109.14583333333333,3504254.0212765955,2465317.425531915,48.0,0.1094865432334415,985.3788891009734,48.00000000000001
1788433594,llama3.1:8b,46.0,6599,1470182,286.81,11.92,44.16449636795768,1.8355036320423124,110.0,3506632.565217391,2495609.086956522,46.0,0.10836363636363636,975.2727272727273,45.99999999999999
1788433640,llama3.1:8b,47.0,6608,2883606,285.89,11.84,46.09115641688779,1.9088435831122161,110.42553191489361,3507189.0425531915,2571718.914893617,48.0,0.10722157996146436,964.9942196531794,48.00000000000001
1788433688,llama3.1:8b,47.0,6605,1591666,278.85,11.86,56.59299645695022,2.407003543049774,109.8135593220339,3505671.5762711866,2501190.406779661,59.0,0.10800123475845037,972.0111128260535,58.99999999999999
1788433747,llama3.1:8b,46.0,6604,1151524,280.54,11.88,56.60303672799398,2.3969632720060186,109.25862068965517,3503754.1551724137,2426432.206896552,59.0,0.10873283888275209,978.5955499447689,59.0
1788433806,llama3.1:8b,47.0,6596,1099361,290.06,11.98,42.254800688650505,1.7451993113494901,109.68181818181819,3505690.477272727,2483602.8863636362,44.0,0.10922503108164111,983.02527973477,43.99999999999999
1788433850,llama3.1:8b,46.0,6604,1501336,284.61,11.93,39.35054292844136,1.6494570715586427,109.625,3505290.8,2462234.8,41.0,0.10882554161915621,979.4298745724059,41.0
1788433891,llama3.1:8b,47.0,6607,1869253,287.9,11.75,58.60804271650259,2.3919572834974137,110.13333333333334,3505065.3114754097,2465946.2786885244,61.0,0.10668886198547214,960.1997578692493,61.0
1788433952,llama3.1:8b,46.0,6605,1330390,280.87,11.96,46.9987023187515,2.001297681248506,109.48979591836735,3506786.6875,2483820.5833333335,49.0,0.10923392357875117,983.1053122087606,49.00000000000001
1788434001,llama3.1:8b,46.0,6604,1268852,283.09,12.06,41.24299508724378,1.757004912756226,108.64285714285714,3505913.488372093,2469747.1627906975,43.0,0.11100591715976332,999.0532544378699,43.0
1788434044,llama3.1:8b,47.0,6600,1365656,281.76,11.97,41.247676437544676,1.7523235624553162,109.79069767441861,3507165.1904761903,2515991.238095238,43.0,0.10902563016310104,981.2306714679094,42.99999999999999
1788434087,llama3.1:8b,46.0,6585,1281031,279.89,11.79,54.69600246845858,2.303997531541415,110.07142857142857,3504787.2280701753,2473646.3684210526,57.0,0.10711226476314081,964.0103828682674,56.99999999999999
1788434144,llama3.1:8b,46.0,6594,1400000,288.15,11.87,52.8239784014399,2.176021598560096,109.89090909090909,3491776.314814815,2503348.3703703703,55.0,0.10801621442753143,972.1459298477828,55.0
1788434199,llama3.1:8b,46.0,6603,1601470,288.94,11.98,45.128871460853375,1.871128539146617,109.84782608695652,3505499.212765957,2439833.1063829786,47.0,0.10905996437759748,981.5396793983773,46.99999999999999
1788434246,llama3.1:8b,46.0,6603,1362645,285.64,11.88,53.76391503092229,2.236084969077709,109.56363636363636,3505131.418181818,2424325.090909091,56.0,0.10843013607699968,975.8712246929971,56.0
1788434302,llama3.1:8b,46.0,6599,3485477,295.17,11.9,44.217344579411865,1.7826554205881397,110.19565217391305,3506588.586956522,2525197.6086956523,46.0,0.1079897415663839,971.907674097455,46.00000000000001
1788434348,llama3.1:8b,46.0,6606,1100000,272.12,11.89,45.9904932924897,2.0095067075102993,109.91489361702128,3505248.6170212766,2462369.4468085105,48.0,0.10817460317460317,973.5714285714286,48.0
1788434396,llama3.1:8b,48.0,6597,1400000,274.34,11.86,55.596505939902165,2.4034940600978336,109.39655172413794,3507453.827586207,2519291.293103448,58.0,0.10841292356185972,975.7163120567375,58.0
1788434454,llama3.1:8b,46.0,6589,1000000,279.02,11.72,60.46041136410538,2.5395886358946136,111.48387096774194,3505616.4516129033,2521660.419354839,63.0,0.10512731481481483,946.1458333333335,63.0
1788434517,llama3.1:8b,47.0,6630,1062695,286.27,11.9,48.964583962169236,2.035416037830768,110.22,3505099.1764705884,2445395.1960784313,51.0,0.10796588640900019,971.6929776810018,51.00000000000001
1788434568,llama3.1:8b,46.0,6609,1212921,282.61,11.89,50.86020373514431,2.1397962648556876,110.15094339622641,3504962.519230769,2442507.0576923075,53.0,0.10794278862624188,971.485097636177,53.0
1788434621,llama3.1:8b,47.0,6605,1110332,283.66,11.88,49.90972457196995,2.090275428030047,109.62745098039215,3491165.2884615385,2467192.980769231,52.0,0.10836701842246468,975.3031658021822,52.0
1788434673,llama3.1:8b,46.0,6601,1000613,287.49,11.97,48.96143057503506,2.038569424964937,110.25490196078431,3506383.3,2411213.88,51.0,0.10856660145829629,977.0994131246666,51.0
1788434724,llama3.1:8b,47.0,6599,1900000,286.02,11.83,48.97438307873091,2.0256169212690955,110.32,3506297.117647059,2466829.8039215687,51.0,0.10723350253807107,965.1015228426397,51.00000000000001
1788434775,llama3.1:8b,44.0,6599,801553,283.33,11.94,50.85680902225082,2.1431909777491787,110.13461538461539,3504801.403846154,2436706.5,53.0,0.10841278156102671,975.7150340492403,53.0
1788434828,llama3.1:8b,44.0,6606,1472841,289.58,11.85,50.91643167567926,2.083568324320738,110.20754716981132,3506880.2264150945,2457701.2264150945,53.0,0.10752439650744736,967.7195685670262,53.0
1788434881,llama3.1:8b,47.0,6608,2292489,280.77,11.89,46.04988724116723,1.9501127588327756,109.46808510638297,3506529.2978723403,2528426.765957447,48.0,0.10861613216715259,977.5451895043733,48.0
1788434929,llama3.1:8b,42.0,6592,1093328,280.38,11.91,47.96263984399055,2.0373601560094428,109.5,3505320.14,2578276.9,50.0,0.10876712328767123,978.904109589041,49.99999999999999
1788434979,llama3.1:8b,46.0,6607,1580518,290.89,11.98,39.378248093241325,1.6217519067586754,109.675,3505080.65,2496781.35,41.0,0.10923182129017553,983.0863916115798,41.0
1788435020,llama3.1:8b,49.0,6584,2300000,284.68,11.98,45.10200229218634,1.8979977078136585,109.68085106382979,3504954.829787234,2451986.234042553,47.0,0.10922599418040738,983.0339476236663,47.0
1788435067,llama3.1:8b,47.0,6592,903813,270.88,11.85,53.652884377321115,2.3471156226788805,109.61818181818182,3506312.8363636364,2512361.018181818,56.0,0.1081025045612871,972.922541051584,55.99999999999999
1788435123,llama3.1:8b,47.0,6598,1199320,275.93,11.93,50.80348085875078,2.1965191412492184,109.75,3504337.0754716983,2449028.283018868,53.0,0.1087015945330296,978.3143507972663,53.0
1788435176,llama3.1:8b,47.0,6589,1500000,287.12,12.13,42.21647451963241,1.7835254803675857,109.5909090909091,3505428.5581395347,2469460.418604651,44.0,0.11068436333471589,996.159270012443,44.0
1788435220,llama3.1:8b,47.0,6589,1509030,287.02,11.91,53.76884220386043,2.2311577961395646,109.50909090909092,3504857.0714285714,2455409.3214285714,56.0,0.1087580939731031,978.8228457579279,55.99999999999999
1788435276,llama3.1:8b,47.0,6606,1400000,288.81,11.95,44.1722968479851,1.8277031520148954,110.3695652173913,3458515.4444444445,2420921.777777778,46.0,0.10827260193027378,974.4534173724641,46.0
1788435322,llama3.1:8b,46.0,6610,1570541,273.39,11.91,45.996214511041,2.0037854889589903,109.48936170212765,3504669.5416666665,2498027.9166666665,48.0,0.10877769141080451,978.9992226972406,47.99999999999999
1788435370,llama3.1:8b,47.0,6608,800000,268.61,11.99,44.99169636493229,2.008303635067712,109.95652173913044,3506972.1739130435,2551393.934782609,47.0,0.10904310003954132,981.3879003558718,47.0
1788435417,llama3.1:8b,46.0,6607,986069,286.41,11.82,55.70123730007042,2.2987626999295845,109.44827586206897,3505324.4137931033,2473126.396551724,58.0,0.10799621928166352,971.9659735349717,58.0
1788435475,llama3.1:8b,47.0,6604,3003048,286.42,11.85,55.69571193884735,2.3042880611526466,109.70175438596492,3507669.8596491227,2594537.49122807,58.0,0.10802015032784262,972.1813529505837,58.0
1788435533,llama3.1:8b,47.0,6600,800000,281.37,11.88,47.97442455242967,2.0255754475703327,110.14,3505558.76,2484223.04,50.0,0.10786272017432359,970.7644815689123,50.0
1788435583,llama3.1:8b,44.0,6606,1285840,277.0,11.91,45.06247620366204,1.93752379633796,109.56521739130434,3503872.8695652173,2427929.413043478,47.0,0.10870238095238095,978.3214285714286,47.0
1788435630,llama3.1:8b,46.0,6605,2685768,281.58,11.88,48.93539153547332,2.064608464526682,109.9,3505919.2156862747,2434923.901960784,51.0,0.108098271155596,972.8844404003639,51.0
1788435681,llama3.1:8b,47.0,6604,1499375,285.99,11.82,52.81706457137101,2.182935428628992,109.78181818181818,3506822.4814814813,2541818.777777778,55.0,0.1076681020205366,969.0129181848295,55.00000000000001
1788435736,llama3.1:8b,46.0,6601,800000,273.65,11.98,51.735111857998106,2.2648881420018907,109.84905660377359,3508371.6296296297,2417088.592592593,54.0,0.10905874270010306,981.5286843009276,54.0
1788435790,llama3.1:8b,47.0,6596,1855319,288.17,11.95,45.1285819005731,1.8714180994268956,109.7872340425532,3504524.5,2448791.2608695654,47.0,0.1088468992248062,979.6220930232557,47.0
1788435837,llama3.1:8b,47.0,6599,1471805,278.89,11.89,51.79193892289704,2.2080610771029647,109.71698113207547,3503499.611111111,2401850.6481481483,54.0,0.10836973344797937,975.3276010318144,54.0
1788435891,llama3.1:8b,46.0,6597,1560797,289.39,11.85,48.99379232505643,2.0062076749435667,110.38,3506548.52,2432999.54,51.0,0.10735640514585976,966.2076463127378,51.0
1788435942,llama3.1:8b,47.0,6597,899154,279.69,11.88,49.88126350447577,2.118736495524231,109.59615384615384,3505868.1923076925,2481517.326923077,52.0,0.10839796455518513,975.5816809966663,52.0
1788435994,llama3.1:8b,47.0,6604,1040739,293.76,11.96,43.23956561559597,1.76043438440403,109.4090909090909,3504981.1363636362,2511530.477272727,45.0,0.10931449937681763,983.8304943913587,45.0
1788436039,llama3.1:8b,47.0,6610,2174842,294.9,12.12,43.223568497166305,1.7764315028336917,109.26666666666667,3504992.0,2416019.8444444444,45.0,0.11092129347162903,998.2916412446613,45.0
1788436084,llama3.1:8b,48.0,6602,1474653,281.57,12.04,41.236708558972786,1.7632914410272127,110.14285714285714,3507311.9523809524,2525511.714285714,43.0,0.10931258106355382,983.8132295719844,43.0
1788436127,llama3.1:8b,46.0,6611,1374273,287.25,11.98,45.1183036460248,1.881696353975203,110.25531914893617,3506026.9574468085,2465481.255319149,47.0,0.10865688923195678,977.9120030876111,47.0
1788436174,llama3.1:8b,42.0,6600,1219560,286.78,11.83,53.78145407052678,2.218545929473226,110.0,3504312.036363636,2436604.6363636362,56.0,0.10754545454545454,967.9090909090909,56.0
1788436230,llama3.1:8b,46.0,6590,1153430,288.55,11.79,60.52690284344409,2.473097156555903,109.46774193548387,3506567.888888889,2470928.3333333335,63.0,0.10770296154412848,969.3266538971563,62.99999999999999
1788436293,llama3.1:8b,46.0,6599,2461256,279.28,11.83,51.80557177699152,2.194428223008485,109.5,3506893.396226415,2496012.754716981,54.0,0.1080365296803653,972.3287671232877,54.00000000000001
1788436347,llama3.1:8b,47.0,6597,1494164,287.99,12.05,40.313224903346224,1.6867750966537796,109.95121951219512,3508293.476190476,2436604.3571428573,42.0,0.10959405501330968,986.3464951197872,42.00000000000001
1788436389,llama3.1:8b,42.0,6602,1486049,277.05,11.95,41.221972318339105,1.7780276816608995,109.46511627906976,3505260.738095238,2457746.785714286,43.0,0.10916719779052475,982.5047801147228,43.00000000000001
1788436432,llama3.1:8b,47.0,6602,1382816,287.83,11.87,48.01968635301969,1.9803136469803135,109.61224489795919,3506386.2,2442436.76,50.0,0.10829082107614968,974.6173896853471,50.0
1788436482,llama3.1:8b,44.0,6596,1500000,269.56,11.83,52.68772877500978,2.3122712249902273,110.23636363636363,3505413.1296296297,2464405.888888889,55.0,0.10731486063005113,965.8337456704602,55.00000000000001
1788436537,llama3.1:8b,44.0,6605,879516,286.77,11.95,42.23982324584896,1.7601767541510447,110.09302325581395,3504071.5,2428365.159090909,44.0,0.10854457118715674,976.9011406844106,44.00000000000001
1788436581,llama3.1:8b,46.0,6609,1424542,269.44,11.94,45.96318146279053,2.0368185372094674,110.0,3505062.4680851065,2545488.659574468,48.0,0.10854545454545454,976.9090909090909,48.0
1788436629,llama3.1:8b,46.0,6596,1303098,290.47,11.94,48.025858933236336,1.9741410667636647,109.81632653061224,3504686.06,2454889.22,50.0,0.10872700241590783,978.5430217431704,50.0
1788436679,llama3.1:8b,46.0,6598,1407752,265.95,11.84,65.10169552539689,2.898304474603118,109.88059701492537,3505898.343283582,2564000.194029851,68.0,0.10775332790002717,969.7799511002445,68.00000000000001
1788436747,llama3.1:8b,46.0,6608,799564,286.02,11.8,55.70196763145524,2.298032368544759,109.74137931034483,3504682.4137931033,2477339.1379310344,58.0,0.10752553024351925,967.7297721916733,58.0
1788436805,llama3.1:8b,48.0,6594,1961611,286.93,11.85,54.73930651315349,2.2606934868465087,109.51785714285714,3503885.9285714286,2440984.4285714286,57.0,0.10820153269199413,973.8137942279473,56.99999999999999
1788436862,llama3.1:8b,46.0,6592,1594290,268.42,12.05,46.89478375583841,2.105216244161586,109.83333333333333,3503792.0408163266,2373322.4081632653,49.0,0.10971168437025798,987.4051593323218,49.0
1788436911,llama3.1:8b,44.0,6597,1200000,278.29,11.81,56.59810410203378,2.4018958979662184,109.7457627118644,3504208.4827586208,2493070.1379310344,59.0,0.10761235521235522,968.5111969111971,59.0
1788436970,llama3.1:8b,47.0,6598,885781,285.93,11.88,59.52674524025385,2.4732547597461467,109.44262295081967,3506717.295081967,2446061.475409836,62.0,0.10855002995805872,976.9502696225285,62.0
1788437032,llama3.1:8b,47.0,6601,2205978,283.8,11.94,52.77946845201867,2.220531547981335,109.29629629629629,3505240.709090909,2436812.7818181817,55.0,0.10924432395798035,983.1989156218231,55.00000000000001
1788437087,llama3.1:8b,46.0,6600,1292735,286.4,11.85,58.576362112321874,2.4236378876781224,109.63934426229508,3505852.25,2522774.7333333334,61.0,0.10808163875598086,972.7347488038276,61.0
1788437148,llama3.1:8b,44.0,6598,1001838,287.24,11.87,49.93641135368259,2.0635886463174082,109.7843137254902,3506644.6923076925,2484107.0384615385,52.0,0.10812109305233077,973.0898374709769,51.99999999999999
1788437200,llama3.1:8b,44.0,6587,1800000,270.99,11.77,54.62735181779601,2.372648182203989,109.44642857142857,3505861.25,2525372.5,57.0,0.10754119758525045,967.8707782672541,57.0
1788437257,llama3.1:8b,46.0,6597,890272,280.57,11.89,49.88593311905902,2.114066880940984,109.63461538461539,3505180.6153846155,2434706.8653846155,52.0,0.10845114892124189,976.060340291177,52.0
1788437309,llama3.1:8b,47.0,6600,1597096,278.4,11.94,49.861541640834886,2.138458359165117,110.13725490196079,3504384.68627451,2525413.745098039,52.0,0.10841018337190671,975.6916503471604,52.0
1788437361,llama3.1:8b,44.0,6596,799562,288.67,11.81,56.681076943556974,2.3189230564430243,109.9322033898305,3505844.1694915253,2517947.745762712,59.0,0.10742984890533458,966.8686401480112,59.0
1788437420,llama3.1:8b,44.0,6590,800000,286.61,11.9,47.046631603631376,1.953368396368631,110.27083333333333,3506270.2291666665,2453272.4791666665,49.0,0.1079161156244096,971.2450406196863,49.00000000000001
1788437469,llama3.1:8b,47.0,6604,802591,277.96,12.1,41.206233193132455,1.7937668068675447,109.92857142857143,3503498.3488372094,2434010.093023256,43.0,0.11007147498375568,990.6432748538011,43.0
1788437512,llama3.1:8b,47.0,6606,983333,284.27,12.12,45.078072809474,1.9219271905259963,109.65957446808511,3505322.717391304,2448771.5,47.0,0.11052386495925494,994.7147846332945,47.0
1788437559,llama3.1:8b,47.0,6605,1400000,285.4,11.9,49.91860073999328,2.0813992600067275,109.3921568627451,3505461.7884615385,2559636.5384615385,52.0,0.10878293601003765,979.0464240903389,52.00000000000001
1788437611,llama3.1:8b,47.0,6607,3182424,286.35,11.87,54.73123868285159,2.2687613171484133,109.75438596491227,3506323.625,2479350.8928571427,57.0,0.10815057544757033,973.355179028133,57.0
1788437668,llama3.1:8b,47.0,6597,1100000,279.6,12.05,44.0994342533859,1.900565746614092,109.46666666666667,3506324.2608695654,2404940.9782608696,46.0,0.11007917174177832,990.712545676005,45.99999999999999
1788437714,llama3.1:8b,44.0,6601,1124684,280.36,11.82,58.532274625231025,2.467725374768978,109.96666666666667,3506116.0833333335,2459798.566666667,61.0,0.10748711730827523,967.384055774477,61.0
1788437775,llama3.1:8b,47.0,6599,1401068,279.36,11.9,54.67115292178809,2.328847078211907,110.45614035087719,3504430.8421052634,2407056.0701754387,57.0,0.10773506988564169,969.6156289707751,57.0
1788437832,llama3.1:8b,46.0,6606,1596878,272.16,11.85,56.538290905249816,2.4617090947501845,110.10344827586206,3503971.3620689656,2464897.724137931,59.0,0.10762605699968682,968.6345129971813,59.0
1788437891,llama3.1:8b,47.0,6596,2300000,289.59,11.9,48.98699791037846,2.013002089621547,110.17647058823529,3504369.7,2464696.48,51.0,0.10800854244527497,972.0768820074748,51.00000000000001
1788437942,llama3.1:8b,46.0,6598,802395,282.3,11.81,55.671007446193606,2.328992553806399,109.70175438596492,3504613.5689655175,2589343.620689655,58.0,0.10765552534783304,968.8997281304974,58.00000000000001
1788438000,llama3.1:8b,44.0,6607,1071470,272.63,11.84,51.75245192814708,2.2475480718529197,110.01886792452831,3504672.452830189,2455269.4905660376,54.0,0.10761790430457897,968.5611387412107,54.0
1788438054,llama3.1:8b,46.0,6599,1362214,283.02,11.93,46.05851839294796,1.9414816070520426,110.02083333333333,3505257.5416666665,2487020.2291666665,48.0,0.1084340087104715,975.9060783942435,48.0
1788438102,llama3.1:8b,46.0,6605,1602523,278.13,11.85,56.58897165321746,2.4110283467825364,109.75862068965517,3505580.7413793104,2433016.7413793104,59.0,0.10796418473138548,971.6776625824693,59.0
1788438161,llama3.1:8b,47.0,6608,1461827,281.37,11.95,40.288899495431615,1.7111005045683894,110.5,3504512.1428571427,2489706.1904761903,42.0,0.10814479638009049,973.3031674208145,42.00000000000001
1788438203,llama3.1:8b,49.0,6613,2136666,288.48,11.98,46.086134593623115,1.9138654063768885,109.55319148936171,3482709.14893617,2430941.6808510637,48.0,0.10935327248009322,984.1794523208389,48.0
1788438251,llama3.1:8b,46.0,6605,1800000,278.75,12.0,47.936371453138435,2.063628546861565,109.6938775510204,3505431.28,2443709.14,50.0,0.1093953488372093,984.5581395348838,50.0
1788438301,llama3.1:8b,47.0,6594,1501453,284.68,11.96,55.661542610571736,2.3384573894282634,110.05172413793103,3505116.1052631577,2417016.49122807,58.0,0.10867617107942974,978.0855397148677,58.0
1788438359,llama3.1:8b,44.0,6606,799535,289.3,11.83,56.68216384950022,2.3178361504997844,110.10344827586206,3507499.8305084747,2414996.2711864407,59.0,0.10744440964610084,966.9996868149076,59.00000000000001
1788438418,llama3.1:8b,46.0,6601,1082448,268.61,11.9,51.70917257851771,2.2908274214823003,109.81132075471699,3504383.716981132,2421866.867924528,54.0,0.10836769759450171,975.3092783505153,54.00000000000001
1788438472,llama3.1:8b,47.0,6604,1809524,287.56,11.81,57.63302936165948,2.366970638340515,109.76666666666667,3505701.95,2461894.966666667,60.0,0.1075918615244458,968.3267537200122,60.0
1788438532,llama3.1:8b,46.0,6602,802380,287.69,11.8,52.83298273732011,2.167017262679889,110.22222222222223,3505132.0185185187,2524573.703703704,55.0,0.10705645161290323,963.5080645161291,55.0
1788438587,llama3.1:8b,46.0,6601,2863414,257.33,11.89,51.61511031869847,2.384889681301538,110.01851851851852,3505351.1296296297,2551122.685185185,54.0,0.10807271503113955,972.654435280256,54.00000000000001
1788438641,llama3.1:8b,46.0,6609,1400000,291.92,11.9,50.92409979593181,2.075900204068198,110.13461538461539,3504873.9423076925,2533508.403846154,53.0,0.10804958966299982,972.4463069669983,53.00000000000001
1788438694,llama3.1:8b,51.0,6603,2059432,294.08,11.9,44.210994182626315,1.7890058173736847,109.97777777777777,3507019.652173913,2551148.5434782607,46.0,0.1082036775106082,973.8330975954738,46.0
1788438740,llama3.1:8b,46.0,6609,1168384,290.92,11.82,52.85261280306534,2.1473871969346634,109.74545454545455,3504155.462962963,2516456.296296296,55.0,0.10770377733598409,969.3339960238568,55.00000000000001
1788438795,llama3.1:8b,47.0,6596,800177,267.95,11.86,52.66877524034166,2.3312247596583395,109.24074074074075,3504202.290909091,2454593.7454545456,55.0,0.1085675538226818,977.1079844041362,55.0
1788438850,llama3.1:8b,47.0,6596,2951829,285.81,11.85,50.89004233017536,2.109957669824632,109.9622641509434,3505754.6346153845,2406578.8076923075,53.0,0.10776424159231297,969.8781743308167,52.99999999999999
1788438903,llama3.1:8b,47.0,6598,2972727,280.39,11.79,58.538537887603525,2.4614621123964677,109.76666666666667,3504874.9833333334,2486208.4166666665,61.0,0.1074096568478591,966.686911630732,60.99999999999999
1788438964,llama3.1:8b,47.0,6606,1800000,287.38,11.95,46.08372030868941,1.9162796913105935,109.72340425531915,3506759.0625,2415518.4791666665,48.0,0.10891021911964319,980.1919720767887,48.0
1788439012,llama3.1:8b,42.0,6606,1264242,282.75,12.0,41.24936386768448,1.7506361323155217,109.81395348837209,3504846.0465116277,2485096.418604651,43.0,0.10927573062261753,983.4815756035578,43.0
1788439055,llama3.1:8b,47.0,6608,1856640,275.5,11.98,44.08306664811465,1.9169333518853486,109.75555555555556,3505822.0444444446,2485111.533333333,46.0,0.10915165013160559,982.3648511844503,46.0
1788439101,llama3.1:8b,44.0,6607,2696777,286.6,11.91,49.9252956349871,2.074704365012897,109.63461538461539,3506212.5576923075,2480941.230769231,52.0,0.10863357305735835,977.7021575162252,52.0
1788439153,llama3.1:8b,47.0,6613,1271879,280.25,11.93,49.87678828119652,2.123211718803477,109.31372549019608,3504598.568627451,2447878.0196078434,52.0,0.10913542600896861,982.2188340807174,51.99999999999999
1788439205,llama3.1:8b,47.0,6619,900000,285.31,11.91,41.27693291164793,1.7230670883520622,110.02325581395348,3505315.8604651163,2503691.395348837,43.0,0.10824984147114776,974.2485732403298,42.99999999999999
1788439248,llama3.1:8b,47.0,6613,1000000,275.16,11.8,56.573877892389184,2.4261221076108166,109.6896551724138,3504865.1551724137,2419743.7413793104,59.0,0.10757623388871425,968.1861049984282,59.0
1788439307,llama3.1:8b,46.0,6603,981397,283.65,11.78,64.32843651626443,2.6715634837355724,109.62121212121212,3503750.909090909,2429277.621212121,67.0,0.10746095369730475,967.1485832757427,67.0
1788439374,llama3.1:8b,46.0,6612,1499409,284.63,11.87,51.83817875210792,2.161821247892074,109.44444444444444,3506055.814814815,2455542.0,54.0,0.10845685279187817,976.1116751269034,53.99999999999999
1788439428,llama3.1:8b,47.0,6600,1100000,286.6,11.96,44.15728831725616,1.842711682743837,109.53333333333333,3504161.2666666666,2425146.933333333,46.0,0.10919050517346318,982.7145465611687,46.0
1788439474,llama3.1:8b,46.0,6594,1001485,289.7,11.9,58.59316976127321,2.406830238726791,109.76666666666667,3505750.3114754097,2414742.3278688523,61.0,0.10841178256908594,975.7060431217735,61.0
1788439535,llama3.1:8b,46.0,6603,1608328,284.5,11.92,50.868699817826055,2.1313001821739426,109.32075471698113,3506253.653846154,2484608.25,53.0,0.10903693476009665,981.3324128408699,53.0
1788439588,llama3.1:8b,46.0,6602,1309454,282.65,11.9,51.818367000509255,2.181632999490749,109.41509433962264,3500222.685185185,2462219.888888889,54.0,0.10876013105707881,978.8411795137093,54.00000000000001
1788439642,llama3.1:8b,47.0,6610,2263888,292.78,11.88,46.12827414166612,1.871725858333881,110.16666666666667,3504913.8085106383,2533831.234042553,48.0,0.10783661119515885,970.5295007564296,48.0
1788439690,llama3.1:8b,46.0,6614,1187139,281.09,11.87,47.97412616056799,2.025873839432004,109.77551020408163,3504615.48,2475963.34,50.0,0.10812976389663506,973.1678750697155,49.99999999999999
1788439740,llama3.1:8b,47.0,6600,2729740,280.4,11.77,59.50234452544752,2.4976554745524866,109.98360655737704,3505782.5081967213,2484722.131147541,62.0,0.10701594872559249,963.1435385303324,62.00000000000001
1788439802,llama3.1:8b,46.0,6608,1570391,286.86,11.85,61.461082655418295,2.538917344581701,109.34375,3505551.78125,2499366.734375,64.0,0.1083738210917405,975.3643898256646,63.99999999999999
1788439866,llama3.1:8b,46.0,6610,3515625,275.32,11.89,52.72309459977021,2.2769054002297975,109.74074074074075,3505469.092592593,2426834.537037037,55.0,0.1083462706716166,975.1164360445495,55.00000000000001
1788439921,llama3.1:8b,47.0,6606,2589592,288.03,11.76,60.52867006904834,2.4713299309516663,109.24193548387096,3505990.790322581,2511012.7258064514,63.0,0.10765096707515134,968.8587036763621,63.00000000000001
1788439984,llama3.1:8b,46.0,6601,1769127,276.34,11.88,47.93907431822913,2.06092568177087,110.28,3505532.12,2459799.28,50.0,0.10772578890097934,969.532100108814,50.0
1788440034,llama3.1:8b,47.0,6604,1900000,276.77,11.83,55.62252252252253,2.377477477477478,109.82456140350877,3505529.50877193,2457040.2280701753,58.0,0.10771725239616614,969.4552715654952,58.00000000000001
1788440092,llama3.1:8b,46.0,6606,1500361,270.05,11.9,47.88969675474375,2.1103032452562513,110.0,3506559.5,2500160.24,50.0,0.10818181818181818,973.6363636363636,50.00000000000001
1788440142,llama3.1:8b,46.0,6608,1587713,280.89,11.96,43.1621990780263,1.837800921973707,109.66666666666667,3507153.772727273,2456507.0454545454,45.0,0.10905775075987842,981.5197568389058,45.00000000000001
1788440187,llama3.1:8b,44.0,6609,996728,281.57,11.91,43.17381082186179,1.8261891781382036,110.04545454545455,3506201.777777778,2493461.9111111113,45.0,0.10822800495662949,974.0520446096654,44.99999999999999
1788440232,llama3.1:8b,47.0,6606,2277023,280.58,11.82,52.77667578659371,2.223324213406293,109.83636363636364,3505911.0185185187,2481725.777777778,55.0,0.10761463333885118,968.5317000496607,55.0
1788440287,llama3.1:8b,42.0,6614,1598542,290.76,11.84,49.96536682088566,2.0346331791143424,109.29411764705883,3505962.480769231,2510318.903846154,52.0,0.10833153928955866,974.983853606028,52.00000000000001
1788440339,llama3.1:8b,47.0,6604,1764358,278.29,11.86,52.75185249009133,2.2481475099086676,109.30909090909091,3504682.1296296297,2441943.074074074,55.0,0.10849966733200266,976.4970059880238,55.0
1788440394,llama3.1:8b,46.0,6606,1604289,286.42,11.99,39.352635635535,1.6473643644649976,110.325,3506735.3170731706,2442638.3902439023,41.0,0.10867890324042602,978.1101291638342,41.0
1788440435,llama3.1:8b,46.0,6634,1391585,278.45,11.74,60.45125607360695,2.548743926393053,109.70967741935483,3505020.419354839,2567414.6129032257,63.0,0.10700970302852103,963.0873272566893,63.0
1788440498,llama3.1:8b,47.0,6601,866748,280.46,11.97,49.871490613138185,2.128509386861813,109.59615384615384,3506149.5384615385,2421638.6346153845,52.0,0.10921916125636077,982.972451307247,52.0
1788440550,llama3.1:8b,49.0,6597,3081231,283.85,11.86,52.79412262013459,2.205877379865408,109.87037037037037,3505242.6666666665,2580564.185185185,55.0,0.10794539019046014,971.5085117141412,54.99999999999999
1788440605,llama3.1:8b,46.0,6609,1006470,288.0,11.91,48.01440432129638,1.985595678703611,109.18,3507293.24,2479000.42,50.0,0.10908591317091042,981.7732185381938,49.99999999999999
1788440655,llama3.1:8b,46.0,6607,1591117,276.87,11.96,45.053803275283045,1.9461967247169618,110.5,3505437.5434782607,2489547.5434782607,47.0,0.10823529411764707,974.1176470588236,47.00000000000001
1788440702,llama3.1:8b,46.0,6610,1600000,288.17,11.86,48.98400159984001,2.015998400159984,109.66,3504789.68627451,2533210.9215686275,51.0,0.10815247127484953,973.3722414736459,51.0
1788440753,llama3.1:8b,46.0,6603,1540038,270.79,11.8,54.6198733146962,2.380126685303797,110.2280701754386,3506057.8035714286,2494002.160714286,57.0,0.10705077192424,963.4569473181601,57.0
1788440810,llama3.1:8b,47.0,6603,2385726,282.28,11.89,48.9386409219159,2.061359078084102,110.14,3504934.9411764704,2498560.4901960786,51.0,0.10795351370982387,971.5816233884148,51.0
1788440861,llama3.1:8b,47.0,6604,1495412,291.85,11.94,46.11343362190988,1.8865663780901278,109.14583333333333,3505556.744680851,2448097.8085106383,48.0,0.10939492269517083,984.5543042565374,48.00000000000001
1788440909,llama3.1:8b,46.0,6607,1469947,261.49,11.93,43.99290468875722,2.0070953112427765,110.2,3506608.6086956523,2548621.434782609,46.0,0.10825771324863884,974.3194192377496,46.0
1788440955,llama3.1:8b,46.0,6609,1237208,273.34,11.99,42.15105316650895,1.8489468334910455,109.88636363636364,3505901.8139534886,2447770.11627907,44.0,0.10911271975180972,982.0144777662874,44.0
1788440999,llama3.1:8b,46.0,6606,798879,292.33,11.74,61.52899003518927,2.4710099648107344,109.47619047619048,3499005.734375,2550916.578125,64.0,0.10723792953458025,965.1413658112222,64.0
1788441063,llama3.1:8b,45.0,6602,938600,282.3,11.91,47.01641684511063,1.9835831548893645,109.375,3505658.5416666665,2503848.1666666665,49.0,0.10889142857142857,980.0228571428571,49.0
1788441112,llama3.1:8b,46.0,6606,1495370,280.97,12.0,43.15680786428645,1.8431921357135541,109.55555555555556,3504296.6,2470594.533333333,45.0,0.10953346855983773,985.8012170385394,45.0
1788441157,llama3.1:8b,46.0,6605,1587184,271.73,11.87,56.530571227080394,2.4694287729196045,109.79310344827586,3506990.5172413792,2454417.172413793,59.0,0.10811243718592965,973.0119346733669,59.0
1788441216,llama3.1:8b,47.0,6608,1405555,282.71,11.9,58.53606462781305,2.4639353721869597,109.91666666666667,3506391.475409836,2456764.573770492,61.0,0.10826383623957543,974.374526156179,61.00000000000001
1788441277,llama3.1:8b,47.0,6602,3094482,277.71,11.98,46.014981531982464,1.985018468017536,109.97916666666667,3506340.595744681,2482783.361702128,48.0,0.10892972153817011,980.367493843531,48.0
1788441325,llama3.1:8b,47.0,6610,3494807,280.58,11.93,47.00153840894328,1.9984615910567158,109.60416666666667,3504819.836734694,2471320.836734694,49.0,0.10884622695305074,979.6160425774567,49.0
1788441374,llama3.1:8b,46.0,6607,800000,284.18,11.86,49.916768004323735,2.0832319956762597,109.57692307692308,3504454.862745098,2476764.901960784,52.0,0.10823446823446822,974.110214110214,51.99999999999999
1788441426,llama3.1:8b,47.0,6604,1315913,286.31,11.87,50.8901670132135,2.1098329867865044,109.63461538461539,3504505.132075472,2421719.6603773586,53.0,0.1082687247851254,974.4185230661287,53.00000000000001
1788441479,llama3.1:8b,47.0,6608,3254450,285.8,11.91,47.99973128212018,2.0002687178798157,109.88,3504795.93877551,2482287.5102040814,50.0,0.1083909719694212,975.5187477247907,49.99999999999999
1788441529,llama3.1:8b,46.0,6602,1485064,292.15,11.82,54.78353126953318,2.2164687304668225,109.85714285714286,3506509.0,2474008.0877192984,57.0,0.10759427828348504,968.3485045513653,57.0
1788441586,llama3.1:8b,46.0,6605,1200000,278.95,11.85,52.7587689133425,2.2412310866574967,110.05555555555556,3507106.277777778,2494422.0555555555,55.0,0.10767289247854618,969.0560323069155,55.0
1788441641,llama3.1:8b,46.0,6610,859324,283.97,11.86,46.075651556637254,1.9243484433627418,110.0,3504601.6458333335,2525886.0416666665,48.0,0.10781818181818181,970.3636363636364,47.99999999999999
1788441689,llama3.1:8b,46.0,6606,1593785,285.17,11.92,57.59264869231546,2.40735130768454,110.0,3494944.3559322036,2496600.1694915253,60.0,0.10836363636363636,975.2727272727273,60.0
1788441749,llama3.1:8b,47.0,6612,1000679,279.39,11.84,57.560690862891875,2.4393091371081277,110.13559322033899,3505143.4,2527115.9166666665,60.0,0.10750384733764234,967.5346260387811,60.0
1788441809,llama3.1:8b,42.0,6612,1593854,280.38,11.81,52.776960197132006,2.223039802867997,109.8,3504686.1296296297,2463342.203703704,55.0,0.1075591985428051,968.0327868852459,55.0
1788441864,llama3.1:8b,46.0,6597,1400000,268.72,11.98,44.994086213038834,2.0059137869611683,109.93478260869566,3504769.936170213,2478888.4468085105,47.0,0.10897369982202887,980.7632983982598,47.0
1788441911,llama3.1:8b,47.0,6601,988350,271.43,11.95,48.84935422401016,2.1506457759898367,110.23529411764706,3505178.74,2433703.5,51.0,0.10840448239060832,975.6403415154749,51.0
1788441962,llama3.1:8b,46.0,6607,1161647,288.46,12.01,42.24128864778514,1.7587113522148636,109.72093023255815,3469624.590909091,2487893.6136363638,44.0,0.1094595167443832,985.1356506994488,44.00000000000001
1788442006,llama3.1:8b,46.0,6603,1078102,274.05,11.91,46.000839278220724,1.9991607217792697,109.64583333333333,3504445.14893617,2480867.212765957,48.0,0.10862245867376022,977.602128063842,47.99999999999999
1788442054,llama3.1:8b,47.0,6598,1285308,282.64,11.85,49.90756901762368,2.092430982376311,109.76470588235294,3505379.596153846,2533428.826923077,52.0,0.10795819935691318,971.6237942122186,51.99999999999999
1788442106,llama3.1:8b,44.0,6601,1400000,286.8,11.82,54.74382157926462,2.2561784207353828,109.85714285714286,3506880.1964285714,2484590.9285714286,57.0,0.10759427828348504,968.3485045513653,57.0
1788442163,llama3.1:8b,46.0,6597,799337,283.35,11.95,47.017101252963094,1.9828987470369113,109.28571428571429,3507086.6530612246,2499183.9183673467,49.0,0.10934640522875816,984.1176470588235,49.00000000000001
1788442212,llama3.1:8b,47.0,6597,2589413,276.72,11.77,63.3072896807515,2.6927103192485005,109.67692307692307,3492549.476923077,2411044.0923076924,66.0,0.10731519147145462,965.8367232430916,66.0
1788442278,llama3.1:8b,46.0,6598,2442736,285.61,11.98,40.30921737961625,1.6907826203837495,109.54761904761905,3504290.6904761903,2445317.6428571427,42.0,0.10935883503586177,984.2295153227559,42.0
1788442320,llama3.1:8b,46.0,6617,1000000,287.9,11.89,42.25491177157343,1.7450882284265654,109.62790697674419,3506070.2790697673,2532423.1860465114,44.0,0.10845778532032245,976.120067882902,44.0
1788442364,llama3.1:8b,47.0,6612,1312365,270.29,11.98,39.25989301023842,1.7401069897615755,110.275,3506677.43902439,2442278.7317073173,41.0,0.10863749716617546,977.7374744955792,41.0
1788442405,llama3.1:8b,46.0,6605,2984587,286.71,11.99,48.95282892534315,2.0471710746568466,109.96078431372548,3504777.36,2427148.36,51.0,0.10903887303851642,981.3498573466478,50.99999999999999
1788442456,llama3.1:8b,46.0,6608,1142815,285.12,11.91,52.79466720533279,2.205332794667205,109.96296296296296,3505278.290909091,2370227.890909091,55.0,0.10830919501515662,974.7827551364095,55.0
1788442511,llama3.1:8b,47.0,6603,1588836,288.5,11.91,52.81948004393995,2.1805199560600514,109.56363636363636,3507431.3518518517,2467149.5555555555,55.0,0.10870394955194158,978.3355459674743,55.0
1788442566,llama3.1:8b,46.0,6610,1595822,284.25,11.85,56.63880445795339,2.3611955420466058,109.5,3505185.593220339,2524287.338983051,59.0,0.10821917808219178,973.972602739726,59.0
1788442625,llama3.1:8b,46.0,6612,1644290,279.96,11.88,47.00534539473684,1.9946546052631582,109.83333333333333,3506498.2916666665,2438600.1875,49.0,0.10816388467374811,973.474962063733,49.0
1788442674,llama3.1:8b,46.0,6602,2990140,288.27,11.87,49.94349303658292,2.056506963417072,109.67307692307692,3506346.730769231,2435068.3653846155,52.0,0.10823075574259161,974.0768016833244,51.99999999999999
1788442726,llama3.1:8b,46.0,6598,3428342,276.04,11.9,47.93359727721053,2.06640272278947,110.18367346938776,3506360.1428571427,2413615.9795918367,50.0,0.10800148175588072,972.0133358029265,50.0
1788442776,llama3.1:8b,47.0,6598,2979848,277.35,11.78,58.514681976965385,2.4853180230346212,109.88524590163935,3505994.1333333333,2468761.466666667,61.0,0.10720274503953453,964.8247053558107,61.00000000000001
1788442837,llama3.1:8b,46.0,6608,1452058,286.16,11.94,48.95726266353573,2.0427373364642736,109.0,3505174.137254902,2406341.470588235,51.0,0.10954128440366973,985.8715596330275,51.0
1788442888,llama3.1:8b,46.0,6611,1101782,280.26,12.01,51.781024395250974,2.2189756047490334,109.49056603773585,3505273.830188679,2534102.0754716983,54.0,0.10968981561261416,987.2083405135276,54.00000000000001
1788442942,llama3.1:8b,46.0,6610,1800000,278.24,11.96,50.815713301171606,2.1842866988283944,109.52830188679245,3506596.962264151,2418236.962264151,53.0,0.10919552110249786,982.7596899224808,53.0
1788442995,llama3.1:8b,46.0,6618,1428409,271.03,11.85,49.82169117647058,2.1783088235294117,110.09803921568627,3505740.5490196077,2419348.137254902,52.0,0.1076313446126447,968.6821015138023,51.99999999999999
1788443047,llama3.1:8b,46.0,6610,799825,276.87,11.89,51.77649258900125,2.2235074109987534,109.81481481481481,3505788.222222222,2421726.296296296,54.0,0.10827318718381114,974.4586846543003,54.00000000000001
1788443101,llama3.1:8b,46.0,6617,1100000,280.36,11.87,50.84720938986415,2.1527906101358516,109.01923076923077,3506245.6346153845,2481518.480769231,53.0,0.10887987299347326,979.9188569412595,53.0
1788443154,llama3.1:8b,46.0,6616,1062298,283.13,11.93,46.05924218802955,1.9407578119704465,109.29787234042553,3505366.8333333335,2489966.9583333335,48.0,0.10915125559665174,982.3613003698656,48.0
1788443202,llama3.1:8b,47.0,6601,1400000,280.73,11.9,41.251375457061826,1.7486245429381813,110.0,3504107.380952381,2457261.3095238097,43.0,0.10818181818181818,973.6363636363636,43.00000000000001
1788443245,llama3.1:8b,44.0,6589,1008834,288.67,11.87,46.104212417648235,1.8957875823517667,109.61702127659575,3504928.9375,2450163.3958333335,48.0,0.10828610248447204,974.5749223602484,48.0
1788443293,llama3.1:8b,46.0,6598,1786580,285.17,11.91,48.95539921906557,2.044600780934428,110.03921568627452,3507557.22,2444167.58,51.0,0.10823414112615823,974.1072701354241,51.0
1788443344,llama3.1:8b,42.0,6597,1790269,274.06,11.95,56.534876402922976,2.4651235970770253,108.98275862068965,3506244.779661017,2419591.0,59.0,0.10965037177661763,986.8533459895585,59.0
1788443403,llama3.1:8b,46.0,6610,1076519,281.13,11.89,55.646508770732375,2.353491229267627,109.80701754385964,3507262.4736842103,2520234.754385965,58.0,0.10828087553922353,974.5278798530117,58.0
1788443461,llama3.1:8b,46.0,6612,1200357,274.68,11.92,55.58771807397069,2.412281926029309,109.72413793103448,3505151.775862069,2463718.327586207,58.0,0.10863607793840352,977.7247014456317,58.0
1788443519,llama3.1:8b,44.0,6611,1330055,287.99,11.96,43.20570095015836,1.7942990498416405,109.61363636363636,3505387.0681818184,2419069.6818181816,45.0,0.10911051212938007,981.9946091644207,45.0
1788443564,llama3.1:8b,42.0,6610,877230,279.14,11.8,64.28260122361999,2.71739877638001,109.1969696969697,3506520.104477612,2420127.850746269,67.0,0.10806160677119467,972.554460940752,67.0
1788443631,llama3.1:8b,46.0,6604,1461458,271.45,11.86,53.65571282340898,2.3442871765910134,109.0,3507036.381818182,2439247.290909091,56.0,0.10880733944954128,979.2660550458714,56.0
1788443687,llama3.1:8b,42.0,6608,2500000,285.4,11.91,49.91692173152602,2.0830782684739835,109.68627450980392,3506539.346153846,2450924.9423076925,52.0,0.10858240972470504,977.2416875223453,52.0
1788443739,llama3.1:8b,44.0,6607,1542608,278.87,11.98,50.81695031803334,2.1830496819666494,109.96153846153847,3504002.076923077,2481066.7115384615,53.0,0.10894718433018538,980.5246589716684,52.99999999999999
1788443792,llama3.1:8b,46.0,6601,2682187,282.95,11.8,57.597964376590326,2.4020356234096694,109.66666666666667,3506001.881355932,2472145.5423728814,60.0,0.10759878419452888,968.38905775076,59.99999999999999
1788443852,llama3.1:8b,47.0,6602,2473877,274.45,11.85,54.640761439049946,2.359238560950052,109.625,3506162.964912281,2438501.1403508773,57.0,0.1080957810718358,972.8620296465223,57.0
1788443909,llama3.1:8b,47.0,6609,1597653,291.35,11.94,52.83474562300109,2.1652543769989117,109.83333333333333,3506326.277777778,2418956.0185185187,55.0,0.10871016691957511,978.3915022761761,55.0
1788443964,llama3.1:8b,46.0,6605,1100000,274.94,11.84,53.6879838203501,2.312016179649906,109.33928571428571,3506750.714285714,2556997.160714286,56.0,0.10828678752245632,974.5810877021069,56.00000000000001
1788444020,llama3.1:8b,45.0,6613,1607045,287.18,11.82,60.5094983277592,2.490501672240803,109.87096774193549,3505311.14516129,2489081.6774193547,63.0,0.1075807398708162,968.2266588373459,63.0
1788444083,llama3.1:8b,41.0,6614,1365454,276.11,11.7,68.11372085751017,2.886279142489837,109.52857142857142,3506180.2816901407,2499097.38028169,71.0,0.10682144254597625,961.3929829137862,71.00000000000001
1788444154,llama3.1:8b,42.0,6609,1468651,288.36,11.76,65.33546581367453,2.66453418632547,109.11940298507463,3506530.119402985,2453447.432835821,68.0,0.1077718506360279,969.9466557242511,68.0
1788444222,llama3.1:8b,46.0,6601,1800000,278.52,11.89,54.66629936985641,2.3337006301435905,109.49122807017544,3506220.2321428573,2573838.5714285714,57.0,0.10859317417080597,977.3385675372537,57.0
1788444279,llama3.1:8b,42.0,6613,1395918,291.29,11.98,47.06436508721601,1.9356349127839878,109.77083333333333,3505061.3673469387,2408265.4285714286,49.0,0.10913645853103056,982.228126779275,49.0
1788444328,llama3.1:8b,44.0,6603,1203149,278.43,11.89,47.952259575640674,2.047740424359328,109.4,3504841.9591836734,2502002.4897959186,50.0,0.1086837294332724,978.1535648994516,50.0
1788444378,llama3.1:8b,44.0,6601,1263548,275.15,11.73,66.17871583937534,2.8212841606246513,109.04411764705883,3506027.652173913,2526742.4492753623,69.0,0.10757113958192853,968.1402562373568,69.0
1788444447,llama3.1:8b,44.0,6607,1471457,286.46,11.86,50.892933762402784,2.1070662375972113,109.15384615384616,3504733.4423076925,2486629.096153846,53.0,0.10865398167723749,977.8858350951373,52.99999999999999
1788444500,llama3.1:8b,46.0,6604,1202429,285.01,11.93,46.07152960193979,1.928470398060214,110.1875,3505108.9583333335,2503720.1041666665,48.0,0.10826999432785026,974.4299489506524,48.0
1788444548,llama3.1:8b,47.0,6602,1600000,279.32,12.06,41.22026220056284,1.779737799437161,110.14285714285714,3505617.476190476,2438320.4285714286,43.0,0.10949416342412452,985.4474708171206,43.00000000000001
1788444591,llama3.1:8b,42.0,6608,978222,280.97,12.08,39.3099129841324,1.6900870158675994,109.85365853658537,3507370.926829268,2590174.926829268,41.0,0.10996447602131439,989.6802841918294,41.0
1788444632,llama3.1:8b,47.0,6609,1486902,284.51,11.96,44.144297905352985,1.8557020946470135,110.08888888888889,3506008.4,2482580.177777778,46.0,0.10863948324586194,977.7553492127574,46.0
1788444678,llama3.1:8b,46.0,6620,1829227,279.5,11.78,57.573468827245264,2.426531172754738,109.58333333333333,3472011.0166666666,2449752.316666667,60.0,0.10749809885931559,967.4828897338402,60.0
1788444738,llama3.1:8b,42.0,6614,953469,287.7,11.87,57.622592382414794,2.3774076175852055,109.77966101694915,3506627.1016949154,2449001.813559322,60.0,0.1081256754670372,973.1310792033348,60.0
1788444798,llama3.1:8b,46.0,6605,1985737,278.36,12.11,41.20728474541261,1.7927152545873926,109.66666666666667,3506663.395348837,2419209.1860465114,43.0,0.11042553191489361,993.8297872340424,43.0
1788444841,llama3.1:8b,46.0,6608,1047331,287.56,11.89,48.974987477041246,2.025012522958758,109.90196078431373,3505714.02,2500072.48,51.0,0.10818733273862623,973.6859946476361,51.00000000000001
1788444892,llama3.1:8b,42.0,6608,3492374,283.29,11.93,45.1007045593117,1.8992954406883003,109.95652173913044,3505255.574468085,2488412.170212766,47.0,0.10849742981415579,976.4768683274021,47.0
1788444939,llama3.1:8b,46.0,6603,1500000,279.59,11.93,40.281215697036224,1.718784302963776,109.26190476190476,3506221.975609756,2475289.43902439,42.0,0.10918718675092613,982.6846807583352,42.0
1788444981,llama3.1:8b,46.0,6611,799651,280.27,11.87,48.92780858492504,2.072191415074964,109.64,3505038.411764706,2416615.862745098,51.0,0.10826340751550528,974.3706676395476,51.0
1788445032,llama3.1:8b,46.0,6607,1008431,277.72,11.91,51.7794427372855,2.220557262714497,109.55555555555556,3504736.566037736,2564675.849056604,54.0,0.10871196754563894,978.4077079107504,54.0
1788445086,llama3.1:8b,46.0,6596,1593398,286.02,11.95,55.67392690539316,2.3260730946068398,109.59649122807018,3507352.0172413792,2482292.327586207,58.0,0.10903633744197214,981.3270369777492,58.0
1788445144,llama3.1:8b,44.0,6617,1158333,288.78,11.83,57.63880110442101,2.3611988955789895,109.71186440677967,3505942.186440678,2483527.305084746,60.0,0.10782790050980998,970.4511045882897,60.0
1788445204,llama3.1:8b,44.0,6609,1603411,288.14,12.05,38.39435024484493,1.6056497551550686,110.075,3504585.525,2459857.9,40.0,0.1094708153531683,985.2373381785147,40.0
1788445244,llama3.1:8b,46.0,6608,1400000,283.96,11.84,49.9185936443543,2.081406355645707,110.11764705882354,3504926.0392156863,2464045.725490196,52.0,0.10752136752136751,967.6923076923076,52.00000000000001
1788445296,llama3.1:8b,44.0,6608,1607610,271.43,11.9,54.60597183496277,2.394028165037236,109.49122807017544,3505361.964912281,2440794.5789473685,57.0,0.108684505688191,978.160551193719,57.00000000000001
1788445353,llama3.1:8b,46.0,6609,1696457,274.35,11.91,59.42045692726891,2.579543072731083,109.45901639344262,3505254.1475409837,2461118.704918033,62.0,0.10880784783585443,979.2706305226899,61.99999999999999
1788445415,llama3.1:8b,46.0,6611,1500000,292.07,11.85,59.58258752303237,2.417412476967623,109.09836065573771,3505584.790322581,2447594.0967741935,62.0,0.10861758076634109,977.5582268970699,61.99999999999999
1788445477,llama3.1:8b,46.0,6601,982131,288.36,11.88,50.90287769784173,2.0971223021582737,108.88679245283019,3506729.980769231,2528540.326923077,53.0,0.10910414139663836,981.9372725697452,53.00000000000001
1788445530,llama3.1:8b,41.0,6611,1778128,287.57,11.85,56.66498563890187,2.335014361098123,109.51724137931035,3504415.8103448274,2521471.9655172415,59.0,0.1082021410579345,973.8192695214107,58.99999999999999
1788445589,llama3.1:8b,47.0,6609,1292422,287.46,12.08,42.22554583694999,1.7744541630500101,108.88372093023256,3505099.1818181816,2407213.272727273,44.0,0.1109440410081162,998.4963690730458,44.0
1788445633,llama3.1:8b,46.0,6613,3500000,274.37,11.87,46.009502515371715,1.9904974846282837,108.97916666666667,3504944.212765957,2471334.574468085,48.0,0.1089199005926209,980.2791053335881,48.0
1788445681,llama3.1:8b,47.0,6608,2917449,276.79,11.79,57.548686672673085,2.4513133273269103,109.69491525423729,3504716.3833333333,2439599.2333333334,60.0,0.10747991347342398,967.3192212608159,59.99999999999999
1788445741,llama3.1:8b,44.0,6616,1591277,288.59,11.83,59.558551361427334,2.4414486385726653,109.68852459016394,3505807.131147541,2563268.229508197,62.0,0.10785084441787475,970.6575997608727,62.0
1788445803,llama3.1:8b,42.0,6616,1546153,279.93,12.01,46.02534767417963,1.974652325820374,109.85416666666667,3506115.0416666665,2503739.6875,48.0,0.1093267589607434,983.9408306466906,48.0
1788445851,llama3.1:8b,42.0,6622,1104135,277.4,11.8,57.55186721991701,2.4481327800829877,109.13559322033899,3507846.440677966,2533961.254237288,60.0,0.10812237925143656,973.101413262929,59.99999999999999
1788445911,llama3.1:8b,42.0,6612,1617214,278.6,11.82,54.680118449142626,2.319881550857379,109.73684210526316,3506551.964912281,2483430.596491228,57.0,0.10771223021582733,969.4100719424459,57.00000000000001
1788445968,llama3.1:8b,42.0,6609,1800000,286.78,11.93,48.96314150848649,2.036858491513508,109.84,3507203.24,2462970.36,51.0,0.10861252731245448,977.5127458120903,50.99999999999999
1788446019,llama3.1:8b,46.0,6604,1781220,291.96,11.9,50.92437306654381,2.075626933456197,109.61538461538461,3504720.037735849,2448038.7358490564,53.0,0.10856140350877194,977.0526315789475,53.00000000000001
1788446072,llama3.1:8b,46.0,6603,1854981,281.45,11.79,60.467023598417676,2.5329764015823213,109.01587301587301,3506184.693548387,2447921.0967741935,63.0,0.10814938846825858,973.3444962143273,63.0
1788446135,llama3.1:8b,46.0,6612,800000,274.36,11.76,59.45169858800504,2.548301411994967,109.36065573770492,3504105.2459016396,2487942.0655737706,62.0,0.10753410283315845,967.8069254984262,62.00000000000001
1788446197,llama3.1:8b,46.0,6602,2544696,282.29,11.77,58.5584234509964,2.4415765490036048,109.36666666666666,3505387.475409836,2534077.8360655736,61.0,0.1076196281621457,968.5766534593112,61.00000000000001
1788446258,llama3.1:8b,42.0,6610,1107527,281.58,11.76,63.354060134996935,2.645939865003068,109.41538461538461,3505625.876923077,2464898.7230769233,66.0,0.10748031496062993,967.3228346456693,66.0
1788446324,llama3.1:8b,46.0,6610,801735,282.08,11.85,55.66168815704419,2.3383118429558056,109.44827586206897,3504515.706896552,2496411.0344827585,58.0,0.1082703213610586,974.4328922495274,57.99999999999999
1788446382,llama3.1:8b,46.0,6601,1391184,274.54,11.98,47.90939550467681,2.0906044953231886,109.75510204081633,3504679.8163265307,2430235.4897959186,50.0,0.10915210115284493,982.3689103756045,50.0
1788446432,llama3.1:8b,41.0,6603,2200000,279.24,11.88,49.87798845836768,2.1220115416323164,109.38461538461539,3505545.096153846,2455289.596153846,52.0,0.10860759493670886,977.4683544303798,52.0
1788446484,llama3.1:8b,46.0,6606,1380371,279.96,11.81,55.65232888919354,2.3476711108064574,109.3859649122807,3506871.543859649,2547399.1052631577,58.0,0.1079663191659984,971.6968724939856,58.0
1788446542,llama3.1:8b,46.0,6601,998003,289.05,11.8,58.6074455708825,2.3925544291175003,109.06666666666666,3504216.1333333333,2545009.0,61.0,0.10819070904645478,973.7163814180931,61.0
1788446603,llama3.1:8b,46.0,6608,1173273,288.9,11.79,57.647410954803945,2.352589045196049,108.93333333333334,3505184.216666667,2466637.4833333334,60.0,0.1082313341493268,974.0820073439412,59.99999999999999
1788446663,llama3.1:8b,44.0,6607,800000,282.95,11.8,53.75810008481764,2.241899915182358,110.01818181818182,3505240.1818181816,2476175.2181818183,56.0,0.1072549991736903,965.2949925632128,56.0
1788446719,llama3.1:8b,42.0,6595,1144379,286.97,11.86,56.65840109761403,2.3415989023859716,109.62068965517241,3506374.4915254237,2442282.0169491526,59.0,0.10819125511167033,973.721296005033,59.0
1788446778,llama3.1:8b,46.0,6610,1400000,280.15,11.81,53.734758186052886,2.2652418139471164,109.58928571428571,3505542.9272727272,2470714.6363636362,56.0,0.10776600945087177,969.8940850578459,56.0
1788446834,llama3.1:8b,46.0,6611,1383832,278.13,11.98,42.183034021578024,1.8169659784219778,110.04651162790698,3507525.75,2491950.409090909,44.0,0.10886306001690617,979.7675401521556,44.0
1788446878,llama3.1:8b,46.0,6609,3500000,284.7,11.95,50.86499241530423,2.1350075846957695,109.58490566037736,3504890.0576923075,2458479.5,53.0,0.1090478650137741,981.4307851239669,53.0
1788446931,llama3.1:8b,47.0,6608,3453530,276.81,11.78,60.428393222218375,2.571606777781628,109.66129032258064,3504273.285714286,2378215.9206349207,63.0,0.10742167965877335,966.7951169289602,63.0
1788446994,llama3.1:8b,42.0,6609,1487816,276.52,11.84,48.90595089471495,2.0940491052850607,109.26,3505306.02,2467885.36,51.0,0.10836536701446091,975.2883031301482,51.00000000000001
1788447045,llama3.1:8b,41.0,6605,2286233,281.37,11.82,49.903611992223475,2.096388007776527,109.26923076923077,3506010.8846153845,2461089.4423076925,52.0,0.10817317845828933,973.558606124604,52.0
1788447097,llama3.1:8b,41.0,6612,1210507,286.99,11.85,49.9380270378798,2.061972962120198,109.66666666666667,3505638.0392156863,2522339.5490196077,52.0,0.1080547112462006,972.4924012158054,52.0
1788447149,llama3.1:8b,44.0,6600,1337750,268.62,11.89,54.58393640155431,2.4160635984456884,109.23214285714286,3505348.1578947366,2494814.035087719,57.0,0.10885074382867418,979.6566944580677,57.0
1788447206,llama3.1:8b,44.0,6606,800000,276.86,11.96,44.095145765528706,1.9048542344712973,109.26086956521739,3504617.111111111,2413081.1555555556,46.0,0.10946279347393555,985.16514126542,46.0
1788447252,llama3.1:8b,46.0,6612,1402702,276.34,12.02,44.08253571923984,1.917464280760161,109.62222222222222,3505712.695652174,2466102.152173913,46.0,0.10964930062842083,986.8437056557875,46.00000000000001
1788447298,llama3.1:8b,46.0,6615,1189395,279.14,11.9,52.75116822429907,2.2488317757009346,108.45454545454545,3462088.814814815,2438127.1666666665,55.0,0.10972338642078794,987.5104777870915,55.00000000000001
1788447353,llama3.1:8b,46.0,6612,1574796,272.86,11.92,51.739728913547296,2.2602710864527,109.83018867924528,3506346.8518518517,2481865.4814814813,54.0,0.10853118020958598,976.7806218862738,53.99999999999999
1788447407,llama3.1:8b,42.0,6608,1400651,288.69,11.9,60.505905053395,2.4940949466050104,109.64516129032258,3506336.0161290322,2471089.580645161,63.0,0.10853192115328038,976.7872903795234,63.00000000000001
1788447470,llama3.1:8b,46.0,6604,1190219,284.47,11.82,55.686185831448924,2.313814168551082,109.48275862068965,3505285.1754385964,2443110.736842105,58.0,0.10796220472440946,971.6598425196851,58.00000000000001
1788447528,llama3.1:8b,46.0,6611,3466260,282.78,11.76,62.40476675493991,2.5952332450600943,108.84375,3504893.4923076923,2529760.523076923,65.0,0.10804478897502152,972.4031007751937,65.0
1788447593,llama3.1:8b,46.0,6601,807643,283.19,11.99,43.17213225828308,1.8278677417169185,109.43181818181819,3503902.6363636362,2483984.6136363638,45.0,0.10956593977154724,986.0934579439252,45.0
1788447638,llama3.1:8b,46.0,6632,3276923,288.04,11.91,48.974962493748954,2.0250375062510413,109.74509803921569,3507315.2156862747,2596879.431372549,51.0,0.10852420939789173,976.7178845810256,50.99999999999999
1788447689,llama3.1:8b,42.0,6619,1388281,280.08,11.87,49.88580236341839,2.1141976365816064,109.09803921568627,3504485.5490196077,2530150.0,52.0,0.10880122214234364,979.2109992810928,52.0
1788447741,llama3.1:8b,46.0,6629,2900000,280.0,11.91,47.95998766743173,2.040012332568257,109.18,3505843.18,2484476.74,50.0,0.10908591317091042,981.7732185381938,49.99999999999999
1788447791,llama3.1:8b,46.0,6620,1197883,288.04,11.92,49.93359114548606,2.0664088545139347,109.03921568627452,3504564.3921568627,2530666.9215686275,52.0,0.10931846790145656,983.866211113109,52.0
1788447843,llama3.1:8b,44.0,6622,1195497,270.96,11.74,63.25914396887159,2.7408560311284047,109.8,3504927.5454545454,2435529.378787879,66.0,0.10692167577413479,962.2950819672132,66.0
1788447909,llama3.1:8b,47.0,6604,998454,283.85,11.93,52.78162823720333,2.2183717627966733,109.25454545454545,3504567.814814815,2423408.8703703703,55.0,0.10919454152105176,982.7508736894658,55.0
1788447964,llama3.1:8b,46.0,6603,1894794,288.13,12.06,44.1519704187348,1.8480295812651988,109.33333333333333,3505680.586956522,2492754.586956522,46.0,0.1103048780487805,992.7439024390245,46.0
1788448010,llama3.1:8b,47.0,6604,1260658,270.43,11.95,43.09565125008854,1.9043487499114669,109.62222222222222,3505536.9545454546,2437725.6818181816,45.0,0.1090107439691871,981.096695722684,45.0
1788448055,llama3.1:8b,44.0,6604,1780294,268.36,11.97,42.12121428316627,1.8787857168337314,109.88372093023256,3506544.772727273,2447060.6818181816,44.0,0.10893333333333334,980.4,44.0
1788448099,llama3.1:8b,46.0,6610,2200000,282.3,11.95,48.92880203908241,2.071197960917587,110.2156862745098,3506191.58,2477855.06,51.0,0.1084237680128091,975.813912115282,51.0
1788448150,llama3.1:8b,46.0,6607,1400000,279.42,11.84,49.88614983176544,2.113850168234567,109.68627450980392,3504637.9615384615,2465165.3846153845,52.0,0.10794422595638184,971.4980336074365,52.0
1788448202,llama3.1:8b,46.0,6620,1200000,284.14,11.93,48.9449792278853,2.0550207721147027,109.48,3505066.64,2513887.8,51.0,0.10896967482645231,980.7270734380708,51.0
1788448253,llama3.1:8b,46.0,6614,3188333,273.85,11.86,55.59238388575829,2.4076161142417134,109.46551724137932,3504119.206896552,2467792.3103448274,58.0,0.10834462120018899,975.1015908017009,58.0
1788448311,llama3.1:8b,49.0,6607,2977637,284.54,11.85,53.76105806538682,2.2389419346131785,109.47272727272727,3505321.890909091,2625120.8181818184,56.0,0.10824613851519681,974.2152466367713,56.0
1788448367,llama3.1:8b,46.0,6612,1000000,290.03,11.94,56.66711925025665,2.332880749743352,108.96551724137932,3505565.254237288,2419551.7627118644,59.0,0.1095759493670886,986.1835443037974,59.0
1788448426,llama3.1:8b,46.0,6610,2423750,291.81,12.02,48.98235855577133,2.0176414442286803,109.3921568627451,3505550.06,2469948.18,51.0,0.10987990679333214,988.9191611399891,51.00000000000001
1788448477,llama3.1:8b,41.0,6609,1267968,276.54,11.83,57.53857890904047,2.461421090959531,109.16949152542372,3505568.915254237,2485839.0508474577,60.0,0.1083636081353827,975.2724732184444,60.0
1788448537,llama3.1:8b,42.0,6609,838933,272.59,11.91,49.823128295254826,2.1768717047451673,109.58823529411765,3505310.423076923,2500022.8846153845,52.0,0.10867954911433172,978.1159420289856,51.99999999999999
1788448589,llama3.1:8b,42.0,6610,1692834,288.41,11.87,51.86539230051952,2.1346076994804846,109.57407407407408,3504618.283018868,2429578.169811321,54.0,0.1083285448707115,974.9569038364035,54.0
1788448643,llama3.1:8b,46.0,6612,1554340,277.67,11.77,58.51945135433942,2.480548645660586,108.98333333333333,3505831.9672131147,2482734.37704918,61.0,0.10799816485701177,971.983483713106,61.0
1788448704,llama3.1:8b,46.0,6614,1399603,265.77,12.03,37.31112311015119,1.6888768898488122,109.28205128205128,3504601.5263157897,2500917.6052631577,39.0,0.11008212106992021,990.7390896292819,39.00000000000001
1788448743,llama3.1:8b,46.0,6614,1602090,276.44,11.88,52.73376803551609,2.266231964483907,109.46296296296296,3505956.8727272726,2473190.8181818184,55.0,0.10852985958382677,976.7687362544409,55.0
1788448798,llama3.1:8b,46.0,6606,774404,286.59,11.78,56.67061031605054,2.3293896839494592,109.48275862068965,3506495.9482758623,2442313.224137931,59.0,0.10759685039370079,968.371653543307,59.0
1788448857,llama3.1:8b,44.0,6604,1492875,291.94,11.82,59.58743745061891,2.4125625493810903,109.5,3505659.6774193547,2410712.7419354836,62.0,0.10794520547945206,971.5068493150685,62.0
1788448919,llama3.1:8b,47.0,6604,1500000,285.64,12.0,47.0244590780809,1.975540921919097,109.47916666666667,3498295.8333333335,2465030.9166666665,49.0,0.10960989533777354,986.489058039962,49.0
1788448968,llama3.1:8b,46.0,6615,1571904,284.84,11.96,42.226954177897575,1.7730458221024263,109.13636363636364,3504738.9318181816,2603081.590909091,44.0,0.10958767180341525,986.2890462307373,44.0
1788449012,llama3.1:8b,46.0,6613,3500241,275.32,11.99,43.12206327660019,1.877936723399812,109.5909090909091,3505535.909090909,2479879.727272727,45.0,0.1094068851099129,984.6619659892161,45.0
1788449057,llama3.1:8b,44.0,6603,1403941,277.04,11.98,44.093280741817175,1.9067192581828245,109.34782608695652,3503685.152173913,2428059.695652174,46.0,0.10955864811133202,986.0278330019881,46.0
1788449103,llama3.1:8b,44.0,6607,1500000,275.06,11.85,62.3153602174898,2.684639782510194,109.359375,3504867.890625,2436252.3125,65.0,0.10835833690527218,975.2250321474495,64.99999999999999
1788449168,llama3.1:8b,46.0,6605,1414487,274.87,11.95,52.70849313158078,2.291506868419218,109.24074074074075,3506182.3636363638,2441140.8363636364,55.0,0.10939142227496185,984.5228004746567,55.0
1788449223,llama3.1:8b,42.0,6599,834861,277.54,11.9,43.14987562189055,1.8501243781094527,109.77777777777777,3505478.909090909,2551426.2954545454,45.0,0.1084008097165992,975.6072874493927,45.00000000000001
1788449268,llama3.1:8b,46.0,6595,977168,292.59,11.92,50.925322649502476,2.0746773504975207,109.42307692307692,3505040.7924528304,2521192.452830189,53.0,0.10893497363796134,980.4147627416521,53.0
1788449321,llama3.1:8b,47.0,6603,1506641,280.3,11.92,51.79727602491273,2.2027239750872627,108.81481481481481,3505827.3773584906,2478289.9245283017,54.0,0.10954390742001362,985.8951667801225,53.99999999999999
1788449375,llama3.1:8b,47.0,6602,1800000,278.36,11.99,46.976545548475976,2.0234544515240227,109.97916666666667,3506936.5714285714,2438539.8571428573,49.0,0.10902064784997158,981.1858306497442,49.0
1788449424,llama3.1:8b,46.0,6602,1176614,286.19,11.89,47.04545759527644,1.9545424047235642,109.10204081632654,3505472.1875,2481157.6875,49.0,0.10898054620276842,980.8249158249158,49.0
1788449473,llama3.1:8b,44.0,6614,1024204,286.22,11.83,54.73759436336186,2.2624056366381478,109.44642857142857,3505597.4736842103,2544957.456140351,57.0,0.10808941099689999,972.8046989720999,57.00000000000001
1788449530,llama3.1:8b,47.0,6614,1488078,287.74,11.77,58.60285132382892,2.397148676171079,109.38333333333334,3506099.15,2489052.65,61.0,0.1076032302300777,968.4290720706994,61.0
1788449591,llama3.1:8b,42.0,6611,799742,291.98,11.79,54.787701221318756,2.2122987786812387,109.58928571428571,3503842.964285714,2525275.589285714,57.0,0.10758350985823692,968.2515887241323,56.99999999999999
1788449648,llama3.1:8b,49.0,6612,2669432,278.48,11.88,53.708775313404054,2.29122468659595,109.625,3505911.1071428573,2433690.4464285714,56.0,0.10836944127708097,975.3249714937286,56.00000000000001
1788449704,llama3.1:8b,46.0,6612,1150473,288.52,11.87,55.708112786710615,2.29188721328939,108.7719298245614,3505474.2280701753,2468988.4736842103,58.0,0.1091274193548387,982.1467741935484,58.00000000000001
1788449762,llama3.1:8b,46.0,6613,900000,283.28,11.75,63.37145375046605,2.628546249533946,108.83076923076923,3504739.787878788,2457793.5454545454,66.0,0.10796579021769862,971.6921119592876,66.0
1788449828,llama3.1:8b,41.0,6615,1338067,286.85,11.9,45.12786610878662,1.8721338912133891,109.36170212765957,3504356.717391304,2442855.9565217393,47.0,0.10881322957198444,979.31906614786,47.00000000000001
1788449875,llama3.1:8b,44.0,6614,2000000,288.87,11.87,45.14494247522777,1.8550575247722283,109.58695652173913,3504683.489361702,2460531.1914893617,47.0,0.10831581035508828,974.8422931957945,47.0
1788449922,llama3.1:8b,46.0,6618,1501275,282.01,11.87,46.06124948958759,1.938750510412413,109.5,3504333.829787234,2464164.4680851065,48.0,0.10840182648401826,975.6164383561644,48.0
1788449970,llama3.1:8b,46.0,6605,2118260,286.68,11.91,46.08540138651662,1.914598613483372,109.34042553191489,3505567.4583333335,2475749.8541666665,48.0,0.10892586106246352,980.3327495621717,47.99999999999999
1788450018,llama3.1:8b,42.0,6615,798744,282.15,11.88,49.898989898989896,2.101010101010101,109.38461538461539,3505171.2352941176,2517178.31372549,52.0,0.10860759493670886,977.4683544303798,52.0
1788450070,llama3.1:8b,46.0,6608,1219959,288.04,11.81,51.87313656828414,2.126863431715858,109.15094339622641,3504520.203703704,2522008.592592593,54.0,0.10819878997407088,973.789109766638,54.0
1788450124,llama3.1:8b,44.0,6618,1201158,280.09,11.93,49.87562495719471,2.1243750428052874,109.56862745098039,3505894.705882353,2440394.901960784,52.0,0.1088815318539728,979.9337866857552,52.0
1788450176,llama3.1:8b,47.0,6616,1484463,279.63,11.95,56.58196721311476,2.4180327868852456,109.55932203389831,3504040.813559322,2448931.254237288,59.0,0.10907332920792077,981.659962871287,59.00000000000001
1788450235,llama3.1:8b,44.0,6606,1342313,281.96,11.92,50.85027902545256,2.1497209745474346,109.21153846153847,3505213.403846154,2408902.5576923075,53.0,0.10914597640429652,982.3137876386687,52.99999999999999
1788450288,llama3.1:8b,46.0,6616,915026,268.61,11.91,52.66487237986596,2.3351276201340365,109.25454545454545,3505468.6363636362,2492505.7818181817,55.0,0.10901148277583625,981.1033449825262,55.0
1788450343,llama3.1:8b,46.0,6610,1389101,285.4,11.88,55.68218514531755,2.317814854682455,109.19298245614036,3505496.701754386,2393595.192982456,58.0,0.10879820051413881,979.1838046272493,58.0
1788450401,llama3.1:8b,46.0,6608,1556274,287.19,11.95,54.72297252122752,2.277027478772481,109.69642857142857,3506344.3859649124,2502250.2807017546,57.0,0.1089370014650822,980.4330131857398,57.0
1788450458,llama3.1:8b,42.0,6602,1508604,278.5,11.93,47.94614881382777,2.0538511861722273,109.72,3504092.897959184,2474312.551020408,50.0,0.10873131607728764,978.5818446955888,49.99999999999999
1788450508,llama3.1:8b,46.0,6604,844093,285.85,11.8,56.661011254829496,2.3389887451705023,109.34482758620689,3505117.4827586208,2466125.5689655175,59.0,0.10791548407442449,971.2393566698204,59.0
1788450567,llama3.1:8b,47.0,6619,3500000,291.69,12.03,42.257210588700126,1.7427894112998814,109.44186046511628,3504730.6818181816,2462173.409090909,44.0,0.10992137696557586,989.2923926901827,44.00000000000001
1788450611,llama3.1:8b,44.0,6614,1461961,280.97,11.89,54.68582257734071,2.314177422659291,109.91228070175438,3469151.1428571427,2390894.4464285714,57.0,0.10817717478052674,973.5945730247407,57.0
1788450668,llama3.1:8b,44.0,6612,2432459,289.75,11.98,47.05448579856162,1.945514201438372,109.95833333333333,3505039.0816326533,2394353.93877551,49.0,0.10895035998484275,980.5532398635847,48.99999999999999
1788450717,llama3.1:8b,44.0,6612,3490219,276.05,11.84,57.53239084372504,2.4676091562749662,109.44067796610169,3505854.559322034,2455756.86440678,60.0,0.10818646430230758,973.6781787207682,60.00000000000001
1788450777,llama3.1:8b,44.0,6606,798795,287.05,11.86,54.7383827908066,2.2616172091934024,109.63157894736842,3506163.789473684,2499002.4385964912,57.0,0.10818050888142101,973.6245799327891,57.0
1788450834,llama3.1:8b,42.0,6597,1369884,286.75,11.85,54.73794373744139,2.2620562625586067,109.32142857142857,3508325.5714285714,2602782.5714285714,57.0,0.10839594903626266,975.563541326364,57.0
1788450891,llama3.1:8b,46.0,6604,1400975,281.3,11.8,50.8662572500853,2.133742749914705,109.30188679245283,3508338.150943396,2528875.0566037735,53.0,0.10795788020024168,971.6209218021752,53.0
1788450944,llama3.1:8b,44.0,6596,799604,277.78,11.93,42.18811915363639,1.8118808463636051,109.51162790697674,3507537.581395349,2485438.604651163,44.0,0.10893820344022086,980.4438309619877,44.0
1788450988,llama3.1:8b,46.0,6605,954324,287.4,11.91,52.81146637265711,2.1885336273428884,109.81481481481481,3507139.9272727272,2478499.090909091,55.0,0.10845531197301855,976.0978077571671,55.0
1788451043,llama3.1:8b,44.0,6601,1000000,270.63,11.98,50.753299600155685,2.2467003998443085,110.0,3503354.3076923075,2426803.153846154,53.0,0.10890909090909091,980.1818181818182,52.99999999999999
1788451096,llama3.1:8b,46.0,6607,1501114,290.43,11.94,44.18354995535272,1.8164500446472864,110.08888888888889,3507422.6304347827,2451843.1304347827,46.0,0.1084578118691966,976.1203068227695,46.0
1788451142,llama3.1:8b,42.0,6606,2983551,287.73,11.8,52.83327212633125,2.1667278736687474,109.89090909090909,3506838.9444444445,2424382.3518518517,55.0,0.10737921906022502,966.4129715420252,55.0
1788451197,llama3.1:8b,44.0,6608,2900000,286.41,11.9,53.76608226341725,2.23391773658275,109.03703703703704,3505478.9464285714,2470122.214285714,56.0,0.10913722826086956,982.2350543478261,56.0
1788451253,llama3.1:8b,44.0,6599,1240272,293.92,11.81,59.60501095738069,2.3949890426193043,109.80645161290323,3506312.3114754097,2427861.819672131,62.0,0.10755287896592244,967.975910693302,62.0
1788451315,llama3.1:8b,46.0,6597,1194270,292.58,11.93,51.88440445305573,2.115595546944271,109.37735849056604,3506164.296296296,2491774.092592593,54.0,0.10907193375884078,981.647403829567,54.0
1788451369,llama3.1:8b,42.0,6607,1093187,279.88,11.9,48.920008225375284,2.0799917746247174,109.19607843137256,3504466.9,2462641.5,51.0,0.10897827258035554,980.8044532231999,51.0
1788451420,llama3.1:8b,42.0,6607,1156758,281.83,11.96,56.59814833724769,2.4018516627523065,109.37931034482759,3505292.0508474577,2396648.3898305083,59.0,0.10934426229508197,984.0983606557378,59.0
1788451479,llama3.1:8b,42.0,6605,1157108,277.8,11.94,52.733485193621874,2.266514806378132,108.9074074074074,3504153.685185185,2553518.277777778,55.0,0.1096344159156606,986.7097432409454,55.00000000000001
1788451534,llama3.1:8b,46.0,6604,1400000,257.7,12.0,45.86429365962181,2.135706340378198,108.4375,3504221.9791666665,2506621.4375,48.0,0.1106628242074928,995.9654178674351,48.00000000000001
1788451582,llama3.1:8b,46.0,6605,1798119,278.18,11.95,51.77582463033813,2.2241753696618756,109.35849056603773,3505416.679245283,2470432.2641509436,54.0,0.1092736369910283,983.4627329192547,54.00000000000001
1788451636,llama3.1:8b,47.0,6600,1403814,286.22,12.07,46.05772905561702,1.9422709443829829,109.8125,3505993.6875,2500761.4375,48.0,0.10991462720546386,989.2316448491746,48.0
1788451684,llama3.1:8b,46.0,6601,1120209,282.5,11.96,44.13163078177002,1.8683692182299805,109.68888888888888,3490195.7333333334,2447711.177777778,46.0,0.1090356564019449,981.3209076175041,46.0
1788451730,llama3.1:8b,46.0,6607,1288879,271.64,11.93,49.81232147265226,2.1876785273477446,109.27450980392157,3505143.173076923,2458536.6923076925,52.0,0.10917459178180512,982.571326036246,52.0
1788451782,llama3.1:8b,41.0,6606,902760,280.2,11.97,42.19735085737755,1.8026491426224458,108.70454545454545,3504795.581395349,2425886.976744186,44.0,0.11011499059167887,991.0349153251098,43.99999999999999
1788451826,llama3.1:8b,46.0,6603,1760652,286.11,11.9,49.923559612093555,2.076440387906446,109.2156862745098,3504738.7884615385,2424296.846153846,52.0,0.10895870736086176,980.6283662477558,52.0
1788451878,llama3.1:8b,46.0,6607,3500000,290.26,11.78,60.542908224076285,2.4570917759237187,109.58730158730158,3505775.709677419,2444849.2741935486,63.0,0.10749420625724218,967.4478563151797,63.00000000000001
1788451941,llama3.1:8b,44.0,6611,802474,271.92,11.9,47.90360087379325,2.0963991262067507,109.22448979591837,3506291.7346938774,2499391.6938775512,50.0,0.10894992526158445,980.5493273542601,50.0
1788451991,llama3.1:8b,46.0,6603,800000,282.71,11.88,47.98363827692725,2.0163617230727455,108.79591836734694,3505066.42,2473637.98,50.0,0.10919527293190771,982.7574563871693,50.0
1788452041,llama3.1:8b,46.0,6601,3124540,273.76,11.82,50.8063589887247,2.1936410112752993,109.39622641509433,3504256.3846153845,2530938.6923076925,53.0,0.10804760262159366,972.4284235943429,53.0
1788452094,llama3.1:8b,46.0,6607,1600000,287.73,11.82,52.82974461692539,2.1702553830746116,109.5,3504820.290909091,2510314.290909091,55.0,0.10794520547945206,971.5068493150685,55.0
1788452149,llama3.1:8b,46.0,6597,1798747,274.33,11.93,46.95790540068469,2.042094599315308,109.40816326530613,3506634.1666666665,2494970.0208333335,49.0,0.10904122365230366,981.371012870733,48.99999999999999
1788452198,llama3.1:8b,46.0,6606,3334375,289.38,11.83,48.99697885196375,2.003021148036254,109.86,3505361.3725490198,2424703.6470588236,51.0,0.10768250500637175,969.1425450573457,51.00000000000001
1788452249,llama3.1:8b,46.0,6609,1500000,286.93,11.92,45.12534716412916,1.8746528358708383,109.40425531914893,3506691.5,2436493.8913043477,47.0,0.10895371450797356,980.583430571762,47.0
1788452296,llama3.1:8b,46.0,6612,1782109,276.68,11.86,46.98592916060165,2.01407083939835,109.75,3505248.4285714286,2419475.224489796,49.0,0.10806378132118451,972.5740318906605,49.0
1788452345,llama3.1:8b,46.0,6621,1056795,289.68,11.85,56.68132524126952,2.318674758730474,109.48275862068965,3504526.206896552,2521808.0172413792,59.0,0.10823622047244094,974.1259842519685,58.99999999999999
1788452404,llama3.1:8b,44.0,6611,2252556,271.32,11.82,54.62047043865226,2.379529561347743,109.52631578947368,3505249.543859649,2443024.2280701753,57.0,0.10791926958193176,971.2734262373858,57.00000000000001
1788452461,llama3.1:8b,46.0,6614,2147027,290.11,11.87,53.79879462216041,2.201205377839592,109.67272727272727,3504499.8363636364,2439240.4,56.0,0.10823110079575596,974.0799071618036,56.0
1788452517,llama3.1:8b,47.0,6605,1273160,285.42,11.81,54.7351882380648,2.2648117619352015,109.75,3504613.7719298247,2483179.3859649124,57.0,0.10760820045558087,968.4738041002279,57.0
1788452574,llama3.1:8b,46.0,6599,1189428,290.62,11.8,55.73692216123272,2.2630778387672774,109.41379310344827,3494496.1578947366,2462582.8771929825,58.0,0.10784746296879925,970.6271667191934,58.0
1788452632,llama3.1:8b,46.0,6610,3101563,281.06,11.87,56.609224046700575,2.3907759532994226,109.55172413793103,3505200.305084746,2437668.4915254237,59.0,0.10835064526282656,975.1558073654392,59.0
1788452691,llama3.1:8b,46.0,6618,2182341,284.14,11.81,54.725392802838314,2.274607197161683,109.32142857142857,3505205.7678571427,2464351.4821428573,57.0,0.10803005553740608,972.2704998366546,57.0
1788452748,llama3.1:8b,44.0,6618,1211139,286.8,11.86,51.855621777271814,2.1443782227281853,109.11111111111111,3505802.754716981,2462760.113207547,54.0,0.10869653767820774,978.2688391038697,54.0
1788452802,llama3.1:8b,44.0,6612,1363060,277.41,11.78,58.51519762094126,2.48480237905875,109.4,3505010.7377049183,2472420.1147540985,61.0,0.10767824497257769,969.1042047531992,61.00000000000001
1788452863,llama3.1:8b,46.0,6602,968443,284.59,11.85,48.00128187828903,1.9987181217109702,109.34693877551021,3504091.2448979593,2468867.3061224488,50.0,0.1083706606942889,975.3359462486001,50.0
1788452913,llama3.1:8b,46.0,6619,1563963,279.28,11.9,50.83398585067656,2.1660141493234426,109.11320754716981,3505959.9056603773,2451484.6603773586,53.0,0.10906104098218919,981.5493688397027,53.00000000000001
1788452966,llama3.1:8b,46.0,6609,800000,278.03,11.78,56.601808081156626,2.3981919188433802,109.8103448275862,3504978.5344827585,2616743.275862069,59.0,0.10727586748312136,965.4828073480921,59.00000000000001
1788453025,llama3.1:8b,46.0,6605,3494640,272.39,11.88,51.74327224117916,2.2567277588208396,109.51851851851852,3504111.5555555555,2451895.0555555555,54.0,0.10847480554616165,976.2732499154548,54.0
1788453079,llama3.1:8b,44.0,6610,1600000,289.38,11.83,55.72205438066466,2.277945619335348,109.94736842105263,3504881.736842105,2459520.0877192984,58.0,0.10759693633317377,968.3724269985639,58.00000000000001
1788453137,llama3.1:8b,47.0,6613,2299235,288.6,12.02,48.000798350076515,1.9992016499234915,109.3061224489796,3506268.8,2476477.22,50.0,0.1099663928304705,989.6975354742344,50.00000000000001
1788453187,llama3.1:8b,44.0,6608,966367,271.54,11.85,53.65835068280462,2.341649317195384,108.66071428571429,3506237.1636363636,2453958.7636363637,56.0,0.10905505341002464,981.4954806902217,56.0
1788453243,llama3.1:8b,46.0,6611,1500000,291.52,11.75,63.442872687704025,2.557127312295974,109.0,3505881.7384615387,2492145.7846153844,66.0,0.10779816513761468,970.1834862385322,66.0
1788453309,llama3.1:8b,44.0,6603,1200000,289.35,11.9,41.301410788381745,1.6985892116182575,110.5,3504807.6279069767,2466420.8372093025,43.0,0.1076923076923077,969.2307692307692,43.0
1788453352,llama3.1:8b,46.0,6617,1297888,290.36,11.84,54.766776968894774,2.2332230311052284,109.50877192982456,3504623.1052631577,2466646.1578947366,57.0,0.1081191925664851,973.0727330983659,57.0
1788453409,llama3.1:8b,46.0,6610,1401711,285.4,11.94,44.15282168561243,1.8471783143875697,110.22222222222223,3506667.3333333335,2476444.511111111,46.0,0.1083266129032258,974.9395161290323,46.0
1788453455,llama3.1:8b,42.0,6616,2676838,288.72,11.91,44.17762698333499,1.822373016665003,109.91304347826087,3505297.913043478,2510409.0,46.0,0.10835838607594936,975.2254746835441,45.99999999999999
1788453501,llama3.1:8b,46.0,6613,2181933,289.66,11.88,54.75432778404192,2.2456722159580815,109.41071428571429,3496076.8571428573,2389888.1428571427,57.0,0.10858168761220827,977.2351885098744,57.0
1788453558,llama3.1:8b,46.0,6610,3000000,275.55,11.82,52.73775968263911,2.262240317360894,109.87272727272727,3506355.185185185,2517254.222222222,55.0,0.10757901704451431,968.2111534006289,55.0
1788453613,llama3.1:8b,42.0,6613,800000,287.08,11.79,56.67253320841837,2.327466791581624,109.56896551724138,3506739.3559322036,2474368.305084746,59.0,0.10760346184107002,968.4311565696302,58.99999999999999
1788453672,llama3.1:8b,46.0,6618,1188102,285.05,11.92,44.153618210593656,1.8463817894063372,109.28888888888889,3506106.8666666667,2485818.066666667,46.0,0.1090687271248475,981.6185441236275,45.99999999999999
1788453718,llama3.1:8b,46.0,6615,1536944,273.06,11.86,49.83546258598905,2.16453741401095,109.34615384615384,3505543.980769231,2486733.7115384615,52.0,0.10846289131199437,976.1660218079493,52.0
1788453770,llama3.1:8b,42.0,6620,1120708,277.87,11.84,60.425287356321846,2.574712643678161,109.91935483870968,3505577.7741935486,2495247.0,63.0,0.10771533382245048,969.4380044020544,63.00000000000001
1788453833,llama3.1:8b,46.0,6619,1306552,278.86,11.97,40.271361276347,1.728638723652993,110.36585365853658,3503047.119047619,2373863.0476190476,42.0,0.10845745856353592,976.1171270718233,41.99999999999999
1788453875,llama3.1:8b,46.0,6612,1800000,292.98,12.0,48.032657879205196,1.967342120794806,109.56,3505526.448979592,2463384.5306122447,50.0,0.10952902519167579,985.7612267250821,50.0
1788453925,llama3.1:8b,44.0,6619,2202631,271.96,11.9,51.73620798985416,2.263792010145847,109.58490566037736,3505184.6296296297,2439614.925925926,54.0,0.10859159779614325,977.3243801652892,54.00000000000001
1788453979,llama3.1:8b,46.0,6618,1000000,282.27,11.97,47.00662724306688,1.9933727569331157,109.51020408163265,3505601.875,2520601.3125,49.0,0.10930488259411107,983.7439433469996,48.99999999999999
1788454028,llama3.1:8b,46.0,6615,1556948,286.31,11.91,52.80346723895111,2.1965327610488896,109.33333333333333,3504724.2,2465606.890909091,55.0,0.10893292682926829,980.3963414634146,55.0
1788454083,llama3.1:8b,46.0,6616,1062878,286.93,11.85,48.97727424861101,2.0227257513889816,109.37254901960785,3506842.22,2446774.0,51.0,0.10834528504840445,975.10756543564,50.99999999999999
1788454134,llama3.1:8b,46.0,6601,1100000,284.96,11.83,54.72798948751643,2.2720105124835746,109.64285714285714,3506311.4210526315,2502358.1228070175,57.0,0.10789576547231271,971.0618892508144,57.00000000000001
1788454191,llama3.1:8b,42.0,6616,1424590,271.42,11.88,47.90328273914578,2.096717260854218,109.79591836734694,3508197.6530612246,2674723.7346938774,50.0,0.1082007434944238,973.8066914498141,50.0
1788454241,llama3.1:8b,42.0,6610,3255902,279.3,11.87,49.88013875055809,2.1198612494419065,109.67307692307692,3506426.4423076925,2504688.5384615385,52.0,0.10823075574259161,974.0768016833244,51.99999999999999
1788454293,llama3.1:8b,42.0,6614,1454901,279.2,12.01,43.14412279798084,1.8558772020191616,109.0909090909091,3504221.840909091,2449830.0454545454,45.0,0.11009166666666666,990.8249999999998,45.0
1788454338,llama3.1:8b,47.0,6613,1619414,274.84,11.92,57.50592830241317,2.4940716975868322,109.35593220338983,3504748.3333333335,2436977.533333333,60.0,0.1090018598884067,981.0167389956603,60.0
1788454398,llama3.1:8b,47.0,6610,1552867,287.9,11.93,48.01053930560651,1.9894606943934898,109.38,3505698.3061224488,2499125.2448979593,50.0,0.10906929968915707,981.6236972024136,50.0
1788454448,llama3.1:8b,46.0,6622,1431707,282.7,11.84,55.66850003395125,2.3314999660487543,109.40350877192982,3505400.4310344825,2472770.1896551726,58.0,0.10822322001282873,974.0089801154586,58.0
1788454506,llama3.1:8b,41.0,6607,1405382,286.83,12.04,49.90517616354936,2.0948238364506304,108.59615384615384,3507491.882352941,2562561.6666666665,52.0,0.11086948822383566,997.825394014521,51.99999999999999
1788454558,llama3.1:8b,46.0,6597,2071924,279.41,11.93,49.87066657513558,2.129333424864419,108.92156862745098,3505617.8076923075,2455817.346153846,52.0,0.10952835283528353,985.7551755175518,52.0
1788454610,llama3.1:8b,46.0,6603,1294342,284.31,12.04,49.88736291547157,2.112637084528429,109.92156862745098,3500933.3333333335,2380241.882352941,52.0,0.10953264359614698,985.7937923653227,52.0
1788454662,llama3.1:8b,46.0,6604,1374712,281.45,11.86,52.7760730967236,2.223926903276397,109.2909090909091,3505905.8363636364,2446334.5454545454,55.0,0.10851771751788387,976.6594576609549,55.0
1788454717,llama3.1:8b,46.0,6607,3275000,287.77,11.94,48.008074471989595,1.99192552801041,109.79591836734694,3505953.387755102,2493875.8571428573,50.0,0.10874721189591077,978.7249070631971,50.00000000000001
1788454767,llama3.1:8b,46.0,6604,1501245,283.22,11.79,56.64207992949391,2.357920070506084,109.54237288135593,3507505.525423729,2431068.8983050846,59.0,0.10762958378462013,968.6662540615812,58.99999999999999
1788454826,llama3.1:8b,46.0,6599,1372236,275.97,11.9,43.139785319762396,1.8602146802376072,110.31818181818181,3506032.022727273,2478103.9318181816,45.0,0.10786979810465597,970.8281829419036,45.0
1788454871,llama3.1:8b,44.0,6637,971899,285.52,11.76,60.50780409041981,2.492195909580194,109.1774193548387,3506041.7741935486,2558415.8870967743,63.0,0.10771458117890383,969.4312306101343,63.00000000000001
1788454934,llama3.1:8b,46.0,6646,888782,277.54,11.89,47.9459627543793,2.054037245620703,109.48,3504824.74,2497656.04,50.0,0.10860431128973329,977.4388016075995,50.00000000000001
1788454984,llama3.1:8b,46.0,6600,1161075,268.1,11.87,52.66814301532307,2.3318569846769295,109.81481481481481,3505701.222222222,2483996.6666666665,55.0,0.10809106239460371,972.8195615514335,55.0
1788455039,llama3.1:8b,44.0,6604,1000000,288.06,11.85,55.70831249374812,2.2916875062518756,109.39655172413794,3504789.9137931033,2423694.0,58.0,0.10832151300236406,974.8936170212766,57.99999999999999
1788455097,llama3.1:8b,46.0,6614,1500000,290.4,11.88,50.91703056768559,2.082969432314411,109.38461538461539,3505902.923076923,2430037.826923077,53.0,0.10860759493670886,977.4683544303798,53.00000000000001
1788455150,llama3.1:8b,46.0,6609,1400000,277.66,11.89,45.07000518045243,1.929994819547574,109.43478260869566,3504802.936170213,2528681.3829787234,47.0,0.1086491855383393,977.8426698450537,47.00000000000001
1788455197,llama3.1:8b,44.0,6612,1399171,272.58,11.98,49.810795614281695,2.189204385718302,109.4423076923077,3504393.1960784313,2442914.5490196077,52.0,0.10946406606923212,985.176594623089,52.0
1788455249,llama3.1:8b,46.0,6610,1525181,281.89,12.04,46.992855441771844,2.0071445582281493,109.9375,3503741.163265306,2449358.0408163266,49.0,0.10951677089255257,985.6509380329732,48.99999999999999
1788455298,llama3.1:8b,42.0,6611,1447019,285.29,11.75,66.27056962025317,2.729430379746835,109.11764705882354,3504945.588235294,2543043.6029411764,69.0,0.10768194070080862,969.1374663072777,69.0
1788455367,llama3.1:8b,46.0,6599,3492537,280.49,11.93,39.32730319403598,1.6726968059640241,108.95121951219512,3506703.6585365855,2511517.0,41.0,0.10949854488471009,985.4869039623908,41.0
1788455408,llama3.1:8b,44.0,6606,2500000,276.64,11.83,54.662460567823345,2.3375394321766563,109.48214285714286,3504546.3571428573,2491431.660714286,57.0,0.10805415103572011,972.4873593214809,57.0
1788455465,llama3.1:8b,46.0,6611,1500000,282.31,11.88,46.06166083143547,1.938339168564533,109.72916666666667,3507804.4583333335,2619180.375,48.0,0.10826656540725271,974.3990886652745,48.0
1788455513,llama3.1:8b,46.0,6606,800000,287.21,11.93,46.08571237547636,1.9142876245236344,109.08510638297872,3505067.1276595746,2499854.255319149,48.0,0.10936415057538522,984.277355178467,48.0
1788455561,llama3.1:8b,45.0,6613,1148505,268.22,11.95,46.910018917086056,2.089981082913945,109.36734693877551,3506061.0204081633,2483041.0204081633,49.0,0.10926478820675499,983.3830938607949,49.0
1788455610,llama3.1:8b,46.0,6615,1465186,283.59,11.83,56.63736375330039,2.3626362466996143,109.41379310344827,3505171.896551724,2470924.103448276,59.0,0.10812165143397416,973.0948629057675,59.00000000000001
1788455669,llama3.1:8b,46.0,6609,1493569,277.66,11.97,46.974899009080545,2.025100990919449,109.54166666666667,3503719.775510204,2460577.2653061226,49.0,0.1092734880182579,983.461392164321,48.99999999999999
1788455718,llama3.1:8b,47.0,6604,1167876,275.77,11.84,50.818156531414076,2.1818434685859325,109.24528301886792,3506904.576923077,2479326.346153846,53.0,0.10837996545768566,975.4196891191709,53.00000000000001
1788455771,llama3.1:8b,45.0,6610,1359231,275.81,11.93,39.30009731007159,1.6999026899284075,109.325,3504734.8048780486,2452361.1219512196,41.0,0.10912417104962267,982.117539446604,41.0
1788455812,llama3.1:8b,44.0,6604,1154203,281.26,11.85,48.938146088499195,2.0618539115008017,109.6470588235294,3506943.56,2486880.94,51.0,0.10807403433476395,972.6663090128756,51.0
1788455863,llama3.1:8b,44.0,6607,1285987,276.99,11.82,52.74903916069388,2.2509608393061185,109.22222222222223,3466223.345454545,2409882.890909091,55.0,0.10821973550356052,973.9776195320447,55.0
1788455918,llama3.1:8b,44.0,6602,1308618,280.23,11.86,51.807388133794376,2.1926118662056213,109.13207547169812,3505512.6226415094,2467809.830188679,54.0,0.10867565698478561,978.0809128630706,54.0
1788455972,llama3.1:8b,46.0,6601,1223161,287.05,11.92,42.24571027193364,1.754289728066361,109.29545454545455,3504925.9318181816,2488239.1818181816,44.0,0.10906217508837596,981.5595757953836,44.0
1788456016,llama3.1:8b,44.0,6602,1186692,287.35,11.81,57.63136782992379,2.3686321700762134,109.44067796610169,3505148.474576271,2511034.305084746,60.0,0.1079123431934335,971.2110887409015,60.0
1788456076,llama3.1:8b,46.0,6600,1118345,274.22,11.81,57.522637485578436,2.4773625144215643,109.51666666666667,3506307.966666667,2499071.95,60.0,0.10783746766093441,970.5372089484097,60.0
1788456136,llama3.1:8b,46.0,6604,1099073,274.45,11.87,50.80277312098351,2.1972268790164846,109.0576923076923,3507603.9423076925,2451072.980769231,53.0,0.10884147416681361,979.5732675013226,52.99999999999999
1788456189,llama3.1:8b,44.0,6607,997979,280.79,11.99,45.07524421067012,1.924755789329872,108.91489361702128,3505362.574468085,2430896.340425532,47.0,0.11008595428794686,990.7735885915217,46.99999999999999
1788456236,llama3.1:8b,44.0,6588,1374382,285.71,12.05,45.097964803868884,1.9020351961311124,109.1304347826087,3505827.6304347827,2422498.7391304346,47.0,0.1104183266932271,993.7649402390439,46.99999999999999
1788456283,llama3.1:8b,44.0,6605,800000,277.12,11.89,46.0252586415695,1.9747413584305042,110.06382978723404,3505503.3958333335,2503508.875,48.0,0.10802822346800696,972.2540112120627,48.00000000000001
1788456331,llama3.1:8b,42.0,6602,1031597,279.79,11.81,50.853463648834015,2.146536351165981,109.56603773584905,3506551.423076923,2499504.173076923,53.0,0.10778887549509214,970.0998794558292,53.0
1788456384,llama3.1:8b,44.0,6605,2046103,280.59,11.88,56.60344650733409,2.3965534926659147,109.89655172413794,3507223.7627118644,2446828.1525423727,59.0,0.10810166300596172,972.9149670536555,59.00000000000001
1788456443,llama3.1:8b,46.0,6607,800000,288.32,11.91,49.93718149418778,2.0628185058122104,109.48076923076923,3506185.843137255,2580739.117647059,52.0,0.10878622870191464,979.0760583172316,51.99999999999999
1788456495,llama3.1:8b,44.0,6609,800499,281.58,11.95,58.516608183149934,2.4833918168500664,109.18333333333334,3505052.1147540985,2439509.4590163934,61.0,0.1094489390932682,985.0404518394138,61.0
1788456556,llama3.1:8b,44.0,6621,900000,292.21,11.99,40.34457593688363,1.655424063116371,108.8780487804878,3505594.6341463416,2524903.6341463416,42.0,0.11012320788530466,991.108870967742,42.0
1788456598,llama3.1:8b,46.0,6596,1890704,283.98,11.97,40.30126710593005,1.698732894069944,109.33333333333333,3505881.8571428573,2499826.0476190476,42.0,0.10948170731707318,985.3353658536587,41.99999999999999
1788456640,llama3.1:8b,44.0,6596,1504077,284.2,11.87,48.9553146215422,2.044685378457797,108.98,3506921.32,2632772.42,51.0,0.10891906771884749,980.2716094696275,51.0
1788456691,llama3.1:8b,46.0,6593,1995037,277.53,11.99,43.13639817629179,1.8636018237082068,109.77777777777777,3506556.0222222223,2548220.7555555557,45.0,0.10922064777327936,982.9858299595143,45.0
1788456736,llama3.1:8b,42.0,6594,1485328,276.22,11.93,40.261114003123375,1.7388859968766264,109.2439024390244,3505205.951219512,2478912.3658536584,42.0,0.10920517972761776,982.8466175485598,42.0
1788456778,llama3.1:8b,46.0,6598,997263,284.81,11.84,59.525434013146814,2.474565986853194,109.42622950819673,3504840.435483871,2476024.4516129033,62.0,0.1082007490636704,973.8067415730336,62.00000000000001
1788456840,llama3.1:8b,46.0,6598,1270031,287.17,11.92,52.80801765354909,2.1919823464509007,109.54545454545455,3504168.037037037,2471622.185185185,55.0,0.10881327800829875,979.3195020746888,54.99999999999999
1788456895,llama3.1:8b,46.0,6600,897468,277.72,11.78,58.51785837651123,2.4821416234887734,109.31666666666666,3505491.7868852457,2427998.606557377,61.0,0.10776032931849366,969.842963866443,61.0
1788456956,llama3.1:8b,46.0,6589,1500798,269.74,11.95,46.921296460648236,2.0787035393517694,109.72916666666667,3504928.8958333335,2441926.2291666665,49.0,0.10890449971520788,980.140497436871,49.00000000000001
1788457005,llama3.1:8b,46.0,6605,1354892,278.2,11.89,53.70471233065601,2.295287669343997,109.08928571428571,3506675.464285714,2436103.0714285714,56.0,0.10899328859060403,980.9395973154362,56.00000000000001
1788457061,llama3.1:8b,41.0,6611,877802,287.94,11.84,56.6697578224031,2.3302421775969044,109.56896551724138,3504120.5689655175,2432283.672413793,59.0,0.10805979543666404,972.5381589299764,59.0
1788457120,llama3.1:8b,44.0,6614,1300000,288.76,11.91,50.90058868526956,2.0994113147304354,109.54716981132076,3506184.0188679243,2546403.8113207547,53.0,0.10872028935583879,978.4826042025492,53.0
1788457173,llama3.1:8b,46.0,6606,1574193,282.53,12.04,45.0789625555895,1.9210374444104965,109.0,3507282.3695652173,2442101.565217391,47.0,0.11045871559633026,994.1284403669723,46.99999999999999
1788457220,llama3.1:8b,49.0,6605,3500000,282.1,11.87,56.61768207640235,2.3823179235976455,109.58620689655173,3507027.372881356,2444510.220338983,59.0,0.10831655129011956,974.8489616110761,59.0
1788457279,llama3.1:8b,47.0,6599,966577,275.88,11.97,45.04554455445545,1.9544554455445546,109.53191489361703,3504981.3913043477,2472105.717391304,47.0,0.10928321678321679,983.5489510489512,47.0
1788457326,llama3.1:8b,47.0,6603,1572127,270.25,11.93,50.75926713445318,2.240732865546814,109.0,3505024.7358490564,2501147.6981132077,53.0,0.10944954128440366,985.0458715596329,53.0
1788457379,llama3.1:8b,44.0,6607,2377511,291.92,11.99,44.185186403869565,1.8148135961304332,109.6086956521739,3506624.6,2410578.822222222,46.0,0.10938913129710433,984.5021816739389,46.0
1788457425,llama3.1:8b,46.0,6606,2560869,276.96,12.01,40.254420874139186,1.745579125860816,109.14634146341463,3505282.6904761903,2445933.6666666665,42.0,0.11003575418994414,990.3217877094972,42.0
1788457467,llama3.1:8b,46.0,6606,997093,277.7,11.77,58.519708432652784,2.480291567347221,109.41666666666667,3504374.3833333333,2464178.066666667,61.0,0.10757044935262756,968.1340441736481,61.00000000000001
1788457528,llama3.1:8b,46.0,6605,2280503,277.69,11.88,46.98970887868218,2.0102911213178163,109.08163265306122,3505979.9183673467,2449430.3061224488,49.0,0.10890926099158092,980.1833489242283,48.99999999999999
1788457577,llama3.1:8b,46.0,6601,2664637,271.36,11.82,55.57906631824281,2.420933681757186,109.82456140350877,3505872.6140350876,2469296.4736842103,58.0,0.1076261980830671,968.6357827476039,57.99999999999999
1788457635,llama3.1:8b,46.0,6597,2369097,282.22,11.97,49.884224480777725,2.115775519222271,109.15384615384616,3482156.230769231,2490624.326923077,52.0,0.10966173361522198,986.955602536998,51.99999999999999
1788457687,llama3.1:8b,46.0,6608,832874,271.18,11.84,45.03377853155255,1.9662214684474595,109.43478260869566,3505356.717391304,2581060.413043478,47.0,0.10819229241160111,973.73063170441,47.00000000000001
1788457734,llama3.1:8b,47.0,6607,2478571,273.99,11.89,52.712501748985595,2.2874982510144117,109.16363636363636,3505050.092592593,2587028.2592592593,55.0,0.108919053964024,980.271485676216,55.00000000000001
1788457789,llama3.1:8b,44.0,6604,3500000,287.28,11.85,51.86079630929696,2.1392036907030385,109.83018867924528,3489035.037037037,2478297.7407407407,54.0,0.10789383267479814,971.0444940731833,54.0
1788457843,llama3.1:8b,46.0,6603,3500000,274.0,11.87,45.048448595515445,1.9515514044845559,109.6304347826087,3505938.8695652173,2503724.5434782607,47.0,0.1082728534602419,974.455681142177,47.0
1788457890,llama3.1:8b,44.0,6606,1000000,278.48,11.95,51.778122094824916,2.2218779051750848,109.87037037037037,3506054.277777778,2525358.222222222,54.0,0.10876453733355806,978.8808360020225,54.0
1788457944,llama3.1:8b,44.0,6605,1500000,281.2,11.8,55.664163822525595,2.335836177474403,109.45614035087719,3505380.2807017546,2476221.0701754387,58.0,0.10780573809905435,970.2516428914892,58.0
1788458002,llama3.1:8b,44.0,6595,1188882,277.84,11.77,60.43962570353234,2.5603742964676637,109.3225806451613,3498648.015873016,2467886.619047619,63.0,0.10766302744172321,968.9672469755089,63.00000000000001
1788458065,llama3.1:8b,41.0,6592,1386234,286.49,11.86,56.6546338193397,2.345366180660298,109.30508474576271,3509188.0517241377,2482352.379310345,59.0,0.1085036439758102,976.5327957822918,59.0
1788458124,llama3.1:8b,44.0,6594,1177741,283.18,11.84,50.872957765575215,2.1270422344247852,109.78846153846153,3505786.169811321,2478186.0566037735,53.0,0.10784375547381328,970.5937992643195,53.0
1788458177,llama3.1:8b,44.0,6601,1260807,285.35,11.86,55.68554220921234,2.314457790787658,109.54385964912281,3475806.7192982454,2396014.035087719,58.0,0.10826713645099295,974.4042280589366,58.0
1788458235,llama3.1:8b,44.0,6608,1970205,279.04,11.99,42.187265917603,1.8127340823970035,109.47727272727273,3505166.2045454546,2443715.590909091,44.0,0.10952044841187461,985.6840357068716,44.0
1788458279,llama3.1:8b,46.0,6601,1498674,283.59,11.89,56.62586300257209,2.374136997427914,109.3103448275862,3504763.7586206896,2409983.7586206896,59.0,0.10877287066246058,978.9558359621452,59.0
1788458338,llama3.1:8b,46.0,6612,1310474,284.11,11.93,45.10596541007972,1.8940345899202808,109.19148936170212,3505133.4468085105,2499928.3191489363,47.0,0.10925759937646141,983.3183943881527,47.0
1788458385,llama3.1:8b,44.0,6611,1139943,270.65,11.79,55.578884010763346,2.4211159892366516,109.26315789473684,3505562.9122807016,2483301.350877193,58.0,0.10790462427745665,971.1416184971098,58.0
1788458443,llama3.1:8b,46.0,6610,1207062,275.59,11.89,49.84931125643523,2.15068874356477,109.3921568627451,3501480.843137255,2487957.6078431373,52.0,0.10869152177809643,978.223696002868,52.0
1788458495,llama3.1:8b,44.0,6608,1000000,288.33,11.79,56.68222710915634,2.3177728908436626,109.55932203389831,3505884.372881356,2472078.3559322036,59.0,0.10761293316831681,968.5163985148513,59.0
1788458554,llama3.1:8b,46.0,6610,1400000,281.78,11.85,52.78036985321663,2.219630146783367,109.94444444444444,3505192.425925926,2484554.611111111,55.0,0.10778170793329965,970.0353713996969,54.99999999999999
1788458609,llama3.1:8b,44.0,6602,1147936,266.9,11.88,52.656216371332235,2.343783628667767,109.76363636363637,3506421.2363636363,2488409.0727272728,55.0,0.10823256584396224,974.0930925956601,55.0
1788458664,llama3.1:8b,46.0,6616,3500000,268.94,11.97,37.33815100922003,1.661848990779965,109.42105263157895,3505153.1052631577,2476108.8684210526,39.0,0.1093939393939394,984.5454545454547,38.99999999999999
1788458703,llama3.1:8b,46.0,6605,3500000,281.36,11.78,55.669236542266496,2.3307634577335063,109.3859649122807,3505466.827586207,2398378.224137931,58.0,0.10769206094627105,969.2285485164394,58.0
1788458761,llama3.1:8b,46.0,6608,1536269,277.18,11.88,47.94506330865565,2.054936691344358,109.46,3506119.06122449,2463635.9795918367,50.0,0.1085327973689019,976.795176320117,50.00000000000001
1788458811,llama3.1:8b,46.0,6601,2000000,286.78,11.97,47.03671966527196,1.9632803347280336,109.6875,3505732.4285714286,2488238.612244898,49.0,0.10912820512820513,982.1538461538462,48.99999999999999
1788458860,llama3.1:8b,46.0,6598,1300000,279.67,11.88,42.20709998285028,1.7929000171497171,109.29545454545455,3505378.1395348837,2547787.9534883723,44.0,0.10869619463505927,978.2657517155334,44.0
1788458904,llama3.1:8b,46.0,6606,1360896,275.5,11.94,44.08920122460339,1.9107987753966045,109.15555555555555,3505465.195652174,2416080.4782608696,46.0,0.10938517915309447,984.4666123778502,46.0
1788458950,llama3.1:8b,44.0,6598,998109,290.29,11.87,50.91795737357691,2.0820426264230867,109.50943396226415,3504924.0,2515044.75,53.0,0.10839248793935216,975.5323914541694,53.0
1788459003,llama3.1:8b,46.0,6603,1969675,289.29,12.09,43.19480390205057,1.8051960979494328,109.0909090909091,3504278.777777778,2482130.9555555554,45.0,0.11082499999999999,997.425,45.00000000000001
1788459048,llama3.1:8b,46.0,6602,1462276,288.02,11.91,56.65715333577835,2.3428466642216517,109.86440677966101,3505730.379310345,2452500.5689655175,59.0,0.10840635606294355,975.657204566492,59.0
1788459107,llama3.1:8b,46.0,6588,1504024,280.94,11.96,52.7541823147832,2.2458176852167977,109.44444444444444,3505573.1636363636,2462876.1818181816,55.0,0.1092791878172589,983.5126903553302,55.0
1788459162,llama3.1:8b,46.0,6603,800000,282.67,11.94,57.568310647975295,2.4316893520247107,109.47457627118644,3506051.6101694917,2456062.406779661,60.0,0.1090664189503019,981.5977705527171,60.00000000000001
1788459222,llama3.1:8b,46.0,6607,3500000,289.25,11.88,55.71181881579385,2.2881811842061572,110.0,3507087.1551724137,2444767.0689655175,58.0,0.10800000000000001,972.0000000000001,58.00000000000001
1788459280,llama3.1:8b,41.0,6595,1099055,268.54,11.96,53.61226381461676,2.387736185383244,109.78571428571429,3505652.8363636364,2436350.2363636363,56.0,0.108939492517892,980.455432661028,56.00000000000001
1788459336,llama3.1:8b,46.0,6596,1795324,276.02,11.8,61.37613786394274,2.6238621360572583,109.53968253968254,3506208.125,2469972.171875,64.0,0.10772351833067671,969.5116649760904,63.99999999999999
1788459400,llama3.1:8b,44.0,6596,1400808,281.93,11.9,43.17751761222476,1.8224823877752443,109.73333333333333,3507669.6818181816,2502314.409090909,45.0,0.10844471445929527,976.0024301336573,45.00000000000001
1788459445,llama3.1:8b,44.0,6607,800000,281.15,11.89,47.01184138684139,1.9881586131586135,109.54166666666667,3505921.102040816,2433483.9591836734,49.0,0.10854317230886269,976.8885507797642,49.0
1788459494,llama3.1:8b,46.0,6607,1335860,273.3,11.89,48.87373330060662,2.126266699393387,109.42,3505771.78,2489986.3,51.0,0.1086638640102358,977.9747760921222,51.0
1788459545,llama3.1:8b,44.0,6609,801766,291.08,11.98,52.825843067379395,2.174156932620603,109.12727272727273,3504848.4909090907,2443347.290909091,55.0,0.10978007330889704,988.0206597800733,55.0
1788459600,llama3.1:8b,44.0,6604,1998280,286.37,12.06,43.18148309486312,1.818516905136883,110.0,3506852.659090909,2468384.9318181816,45.0,0.10963636363636364,986.7272727272727,45.0
1788459645,llama3.1:8b,42.0,6607,1800000,284.46,11.86,45.118857991360684,1.8811420086393087,109.91489361702128,3507501.6808510637,2470883.425531915,47.0,0.10790166473093302,971.1149825783972,46.99999999999999
1788459692,llama3.1:8b,46.0,6610,1344626,281.08,11.92,50.84382252559727,2.1561774744027304,109.75,3505185.480769231,2471548.7884615385,53.0,0.10861047835990888,977.49430523918,53.0
1788459745,llama3.1:8b,46.0,6609,1400000,278.01,11.92,44.108784879108754,1.8912151208912495,109.69565217391305,3506942.347826087,2545318.3260869565,46.0,0.10866428854538247,977.9785969084422,46.0
1788459791,llama3.1:8b,46.0,6614,1348235,288.47,11.95,53.772451900672394,2.2275480993276076,109.16363636363636,3504788.672727273,2405314.309090909,56.0,0.10946868754163891,985.2181878747501,56.0
1788459847,llama3.1:8b,46.0,6603,800000,284.03,11.92,52.78476093934786,2.2152390606521375,109.51851851851852,3506443.272727273,2470890.963636364,55.0,0.10884004058167061,979.5603652350355,55.0
1788459902,llama3.1:8b,46.0,6605,1472093,287.56,11.78,57.638805371818,2.361194628182001,109.7,3505826.186440678,2464758.7118644067,60.0,0.10738377392889699,966.4539653600729,60.0
1788459962,llama3.1:8b,41.0,6608,1485283,276.82,11.8,63.30164229783106,2.698357702168942,109.63076923076923,3505135.846153846,2486142.2461538464,66.0,0.10763401627841707,968.7061465057536,66.0
1788460028,llama3.1:8b,44.0,6607,1800000,287.07,11.97,49.918539325842694,2.081460674157303,109.92156862745098,3505922.8076923075,2424109.173076923,52.0,0.10889582590082056,980.062433107385,52.0
1788460080,llama3.1:8b,42.0,6607,1404964,276.39,11.88,42.18669996877927,1.8133000312207308,109.95454545454545,3462623.7441860465,2475553.8604651163,44.0,0.1080446465481604,972.4018189334436,44.0
1788460124,llama3.1:8b,46.0,6608,1111318,285.28,12.01,48.9396885196273,2.0603114803727003,109.26,3507831.6470588236,2510647.3529411764,51.0,0.10992128866922936,989.2915980230642,51.0
1788460175,llama3.1:8b,44.0,6597,1087933,269.38,11.92,45.00838961962318,1.991610380376822,109.44680851063829,3504811.934782609,2457760.7608695654,47.0,0.10891135303265942,980.2021772939348,47.0
1788460222,llama3.1:8b,44.0,6604,1291852,284.15,11.96,43.18243220424843,1.8175677957515792,109.47727272727273,3504817.9777777777,2447337.5555555555,45.0,0.10924641893294582,983.2177703965124,45.00000000000001
1788460267,llama3.1:8b,44.0,6590,1800000,277.03,11.96,47.93072424651372,2.0692757534862802,108.82,3506002.93877551,2498517.102040816,50.0,0.10990626723028857,989.1564050725971,50.0
1788460317,llama3.1:8b,46.0,6601,800000,275.5,11.83,54.65318623185884,2.346813768141162,109.5,3504654.754385965,2421761.8947368423,57.0,0.1080365296803653,972.3287671232877,57.0
1788460374,llama3.1:8b,42.0,6606,2913181,274.49,11.79,56.57017605141819,2.4298239485818076,109.46551724137932,3507145.4827586208,2607935.8448275863,59.0,0.10770515041738855,969.346353756497,58.99999999999999
1788460433,llama3.1:8b,44.0,6602,1140420,265.35,11.95,49.7591056617382,2.24089433826181,109.96153846153847,3508696.519230769,2474286.769230769,52.0,0.1086743616649178,978.0692549842602,52.00000000000001
1788460485,llama3.1:8b,46.0,6605,1300000,275.88,11.86,49.85667616598318,2.1433238340168206,109.58823529411765,3504595.137254902,2454243.901960784,52.0,0.10822329575952763,974.0096618357487,52.0
1788460537,llama3.1:8b,44.0,6601,1257238,273.89,11.94,52.702480495399364,2.2975195046006367,109.16666666666667,3505851.381818182,2420611.036363636,55.0,0.10937404580152671,984.3664122137404,55.0
1788460592,llama3.1:8b,46.0,6602,3500000,287.33,11.97,52.800367524223184,2.1996324757768124,109.54545454545455,3505566.6481481483,2449229.574074074,55.0,0.10926970954356847,983.4273858921163,54.99999999999999
1788460647,llama3.1:8b,44.0,6604,998810,285.49,11.8,57.61848699922634,2.381513000773655,109.1864406779661,3507411.5,2416867.7333333334,60.0,0.10807202732070786,972.6482458863707,60.0
1788460707,llama3.1:8b,41.0,6605,1583129,280.47,11.93,46.04158686730506,1.9584131326949383,109.70833333333333,3507017.5319148935,2491456.787234043,48.0,0.10874287884542347,978.6859096088112,47.99999999999999
1788460755,llama3.1:8b,44.0,6605,1471673,284.96,11.9,47.03577443912956,1.9642255608704444,109.20833333333333,3505258.7959183673,2530029.2448979593,49.0,0.1089660434948493,980.6943914536437,49.00000000000001
1788460804,llama3.1:8b,44.0,6609,1451782,280.25,11.84,51.81108562429389,2.1889143757061182,110.0,3505724.2075471696,2462656.754716981,54.0,0.10763636363636364,968.7272727272727,54.00000000000001
1788460858,llama3.1:8b,40.0,6606,2500000,279.03,11.83,49.88503059891357,2.1149694010864337,109.59615384615384,3504245.5,2476644.9423076925,52.0,0.1079417441656431,971.4756974907879,52.00000000000001
1788460910,llama3.1:8b,46.0,6606,3500000,286.95,11.78,58.59455026277911,2.405449737220902,109.36666666666666,3504029.35,2513990.6,61.0,0.10771106370009144,969.3995733008229,61.000000000000014
1788460971,llama3.1:8b,46.0,6600,2663486,277.34,11.87,48.906815117042974,2.093184882957021,109.6078431372549,3506591.2156862747,2557065.8235294116,51.0,0.10829516994633273,974.6565295169946,50.99999999999999
1788461022,llama3.1:8b,46.0,6600,2030741,274.07,11.86,51.760151085930126,2.2398489140698774,109.43396226415095,3488875.0,2586560.3584905663,54.0,0.1083758620689655,975.3827586206895,54.0
1788461076,llama3.1:8b,47.0,6605,1692580,277.22,11.97,44.095992254227326,1.9040077457726752,109.0,3497124.2608695654,2446300.934782609,46.0,0.1098165137614679,988.348623853211,46.0
1788461122,llama3.1:8b,44.0,6606,899424,289.18,11.79,55.727946306940886,2.272053693059109,109.17241379310344,3506410.263157895,2473844.3333333335,58.0,0.1079943145925458,971.9488313329123,57.99999999999999
1788461180,llama3.1:8b,44.0,6609,1394696,271.39,11.95,45.01775252347004,1.982247476529964,109.69565217391305,3505317.5217391304,2481045.2391304346,47.0,0.1089377724930638,980.4399524375742,47.0
1788461227,llama3.1:8b,46.0,6614,1300000,286.4,11.82,55.70116021728926,2.298839782710751,109.51724137931035,3506875.9137931033,2463732.8448275863,58.0,0.10792821158690176,971.3539042821159,58.00000000000001
1788461285,llama3.1:8b,46.0,6601,880165,277.36,11.9,51.778469197261984,2.2215308027380214,109.47169811320755,3504916.320754717,2439005.7358490564,54.0,0.10870389520854877,978.3350568769389,54.00000000000001
1788461339,llama3.1:8b,42.0,6598,1177060,284.69,11.88,48.95704218228411,2.042957817715885,109.24,3505479.68627451,2432347.745098039,51.0,0.10875137312339804,978.7623581105825,51.0
1788461390,llama3.1:8b,46.0,6601,3501398,287.42,11.77,57.63962699288078,2.3603730071192217,109.33333333333333,3505827.0677966103,2478609.1016949154,60.0,0.10765243902439024,968.8719512195121,60.0
1788461450,llama3.1:8b,44.0,6606,1900000,284.85,11.81,54.73083664801456,2.2691633519854375,109.21428571428571,3504489.8245614036,2411826.6140350876,57.0,0.10813603662524526,973.2243296272073,57.0
1788461507,llama3.1:8b,46.0,6601,1588888,274.2,11.86,46.96846815353422,2.0315318464657763,109.39583333333333,3504251.2708333335,2565101.6458333335,49.0,0.10841363549800039,975.7227194820034,48.99999999999999
1788461556,llama3.1:8b,46.0,6607,1971509,284.78,11.9,47.99447215855467,2.005527841445329,109.42,3504513.8,2465220.38,50.0,0.1087552549808079,978.7972948272711,50.0
1788461606,llama3.1:8b,46.0,6606,1190377,274.85,11.86,50.80761047748596,2.192389522514038,109.1923076923077,3506054.153846154,2489552.653846154,53.0,0.10861570975695667,977.5413878126101,53.0
1788461659,llama3.1:8b,44.0,6609,999372,280.45,11.9,47.005472892081414,1.994527107918591,109.73469387755102,3504347.8163265307,2457544.224489796,49.0,0.10844336990887112,975.99032917984,49.00000000000001
1788461708,llama3.1:8b,46.0,6610,800454,285.18,11.84,50.887280317823716,2.1127196821762846,109.3076923076923,3505525.75,2593124.0576923075,53.0,0.10831808585503166,974.862772695285,53.0
1788461761,llama3.1:8b,44.0,6610,1486118,290.19,11.87,44.192345891544726,1.8076541084552735,110.06521739130434,3505237.8913043477,2443326.8260869565,46.0,0.10784515109618803,970.6063598656922,46.0
1788461807,llama3.1:8b,44.0,6596,1200000,286.56,11.82,51.860848582344666,2.139151417655339,109.41509433962264,3505707.3396226414,2501047.4150943398,54.0,0.10802897051215728,972.2607346094155,54.00000000000001
1788461861,llama3.1:8b,42.0,6587,1574272,277.14,11.88,47.944778908034046,2.055221091965954,109.51020408163265,3505589.94,2468055.66,50.0,0.10848304137159896,976.3473723443906,50.0
1788461911,llama3.1:8b,45.0,6599,1084400,274.68,11.82,51.77214659685864,2.2278534031413613,109.64814814814815,3505141.9245283017,2528667.2075471696,54.0,0.10779935821651748,970.1942239486573,54.0
1788461965,llama3.1:8b,44.0,6598,1489016,279.28,11.92,51.78956043956043,2.2104395604395606,110.0754716981132,3504897.5185185187,2462065.203703704,54.0,0.10828933836133013,974.6040452519711,53.99999999999999
1788462019,llama3.1:8b,46.0,6599,1175721,276.95,11.99,42.17415380355783,1.825846196442168,110.0,3504017.9534883723,2466084.9534883723,44.0,0.109,981.0,44.0
1788462063,llama3.1:8b,41.0,6636,1100000,285.01,11.86,50.882642233974465,2.117357766025533,109.88461538461539,3505200.0,2498213.6981132077,53.0,0.10793139656982849,971.3825691284563,53.0
1788462116,llama3.1:8b,46.0,6616,1485941,289.37,11.88,46.107087136929465,1.8929128630705394,109.93617021276596,3503828.4468085105,2448177.4680851065,48.0,0.10806270563189473,972.5643506870525,48.00000000000001
1788462164,llama3.1:8b,46.0,6615,2245021,284.71,11.92,50.87020867747699,2.1297913225230087,110.0754716981132,3505412.886792453,2464662.2641509436,53.0,0.10828933836133013,974.6040452519711,53.0
1788462217,llama3.1:8b,47.0,6615,3494243,292.45,11.94,52.842570386674986,2.1574296133250104,109.64814814814815,3505416.7407407407,2476705.888888889,55.0,0.10889376794460394,980.0439115014356,54.99999999999999
1788462272,llama3.1:8b,46.0,6617,851901,292.89,11.87,54.77992518703242,2.2200748129675807,109.17543859649123,3504908.7719298247,2470691.4210526315,57.0,0.10872408806042101,978.516792543789,57.0
1788462329,llama3.1:8b,46.0,6607,1227557,286.48,11.92,44.16246648793565,1.837533512064343,109.64444444444445,3506382.822222222,2506483.9555555554,46.0,0.10871503850830969,978.4353465747871,45.99999999999999
1788462375,llama3.1:8b,46.0,6607,3506065,286.16,11.78,52.825401087467284,2.1745989125327245,110.03636363636363,3505063.9272727272,2534825.981818182,55.0,0.10705551883674819,963.4996695307336,55.00000000000001
1788462430,llama3.1:8b,46.0,6608,1900000,279.8,11.88,53.71914426769062,2.28085573230938,109.81818181818181,3505768.1272727274,2417050.090909091,56.0,0.10817880794701988,973.6092715231789,56.0
1788462486,llama3.1:8b,44.0,6608,900000,280.17,12.06,48.89528795811518,2.1047120418848166,109.28,3505299.6666666665,2400943.1764705884,51.0,0.11035871156661786,993.2284040995607,51.0
1788462537,llama3.1:8b,46.0,6603,1619780,289.78,11.92,46.10354656943984,1.8964534305601592,109.79166666666667,3505914.8936170214,2439766.5531914895,48.0,0.10856925996204933,977.123339658444,48.0
1788462585,llama3.1:8b,46.0,6609,1598938,271.94,11.87,54.61604594623163,2.3839540537683663,109.73214285714286,3506138.214285714,2458048.339285714,57.0,0.10817249796582587,973.5524816924328,56.99999999999999
1788462642,llama3.1:8b,46.0,6615,1598780,280.76,11.92,58.51564848981823,2.484351510181768,109.3,3505465.950819672,2426006.2459016396,61.0,0.1090576395242452,981.5187557182068,61.0
1788462703,llama3.1:8b,44.0,6607,801215,266.75,12.09,42.09223927700474,1.9077607229952662,110.04545454545455,3509492.8604651163,2491982.8604651163,44.0,0.10986369268897149,988.7732342007434,44.0
1788462747,llama3.1:8b,44.0,6608,1309609,280.9,12.06,41.229860731840525,1.7701392681594759,109.80952380952381,3504821.3488372094,2412415.7209302327,43.0,0.10982653946227233,988.4388551604511,43.0
1788462790,llama3.1:8b,46.0,6614,1864220,280.31,11.81,60.452998767629744,2.547001232370259,109.19047619047619,3504942.0,2481995.2741935486,63.0,0.10815961622328828,973.4365460095945,63.0
1788462853,llama3.1:8b,42.0,6606,800000,287.57,11.85,49.94202124106606,2.057978758933939,109.3529411764706,3505308.9423076925,2406384.230769231,52.0,0.10836471221086605,975.2824098977944,52.0
1788462905,llama3.1:8b,46.0,6605,1189749,288.31,11.96,50.88896659672962,2.11103340327039,108.86538461538461,3503934.5,2475984.7884615385,53.0,0.10986044868397811,988.744038155803,53.00000000000001
1788462958,llama3.1:8b,44.0,6612,1400000,287.78,12.02,44.15570380253502,1.8442961974649767,108.91304347826087,3506526.1739130435,2557468.434782609,46.0,0.11036327345309381,993.2694610778443,46.0
1788463004,llama3.1:8b,46.0,6612,1989962,275.6,11.84,57.52852769273588,2.4714723072641247,110.13559322033899,3506100.86440678,2482479.7118644067,60.0,0.10750384733764234,967.5346260387811,60.0
1788463064,llama3.1:8b,46.0,6602,799502,286.3,11.83,53.77788213195586,2.222117868044142,109.44642857142857,3505012.9464285714,2498710.75,56.0,0.10808941099689999,972.8046989720999,56.00000000000001
1788463120,llama3.1:8b,46.0,6589,900000,282.95,11.86,51.82761778772768,2.1723822122723107,109.15094339622641,3504524.566037736,2419616.132075472,54.0,0.10865687121866897,977.9118409680207,53.99999999999999
1788463174,llama3.1:8b,42.0,6599,1126036,281.24,11.79,53.74685185817151,2.2531481418284813,109.63636363636364,3506572.1428571427,2472325.6964285714,56.0,0.1075373134328358,967.8358208955221,55.99999999999999
1788463230,llama3.1:8b,46.0,6605,1769101,276.97,11.93,52.7287988923503,2.2712011076497056,109.6,3504703.907407407,2463768.574074074,55.0,0.10885036496350366,979.6532846715329,55.0
1788463285,llama3.1:8b,46.0,6609,1200000,268.42,12.02,44.028383968050214,1.971616031949793,109.37777777777778,3505503.086956522,2416527.3913043477,46.0,0.10989435188947581,989.0491670052824,46.00000000000001
1788463331,llama3.1:8b,46.0,6609,1686153,284.09,11.9,50.86918476975574,2.1308152302442656,109.75471698113208,3505676.346153846,2510510.769230769,53.0,0.10842358604091457,975.8122743682311,53.00000000000001
1788463384,llama3.1:8b,46.0,6597,800000,281.46,12.02,52.747376311844086,2.2526236881559223,109.25925925925925,3505766.345454545,2414383.8181818184,55.0,0.1100135593220339,990.1220338983051,55.00000000000001
1788463439,llama3.1:8b,46.0,6604,1169522,288.35,11.83,55.7142381237924,2.285761876207609,109.26315789473684,3505379.9122807016,2500175.5614035088,58.0,0.10827071290944124,974.4364161849712,58.00000000000001
1788463497,llama3.1:8b,47.0,6599,1741018,277.83,11.86,48.91204390900618,2.0879560909938206,109.72549019607843,3504377.7843137253,2413993.7843137253,51.0,0.1080879199428163,972.7912794853468,51.0
1788463548,llama3.1:8b,47.0,6601,1461305,286.94,11.74,61.48439801794562,2.5156019820543727,109.73015873015873,3506052.6825396824,2530774.5555555555,64.0,0.10698972949515405,962.9075654563864,63.99999999999999
1788463612,llama3.1:8b,46.0,6614,1501253,272.93,11.92,42.15875021941372,1.8412497805862733,109.18604651162791,3506209.727272727,2520668.9318181816,44.0,0.10917145899893503,982.5431309904152,43.99999999999999
1788463656,llama3.1:8b,47.0,6610,1161853,287.37,11.83,52.825367647058826,2.1746323529411766,109.7090909090909,3505969.796296296,2498723.8703703703,55.0,0.10783062645011601,970.475638051044,55.0
1788463711,llama3.1:8b,46.0,6598,1098658,288.31,12.03,44.1574881800626,1.8425118199374044,109.97777777777777,3505864.1739130435,2428398.086956522,46.0,0.10938573449181653,984.4716104263488,46.00000000000001
1788463757,llama3.1:8b,47.0,6593,1162909,283.9,12.07,42.205628948879955,1.7943710511200461,110.04545454545455,3507807.2325581396,2475711.4418604653,44.0,0.10968194960760017,987.1375464684015,44.0
1788463801,llama3.1:8b,46.0,6601,1338507,279.45,11.98,39.31458669320248,1.6854133067975157,109.85,3506597.2439024393,2478693.024390244,41.0,0.10905780609922623,981.520254893036,40.99999999999999
1788463842,llama3.1:8b,46.0,6593,962805,273.05,11.94,45.9889820695463,2.0110179304537,109.125,3505052.595744681,2514232.1063829786,48.0,0.10941580756013745,984.7422680412371,48.0
1788463890,llama3.1:8b,42.0,6598,1857142,288.38,11.94,39.36993873201918,1.6300612679808204,109.4,3504983.2926829266,2478771.536585366,41.0,0.10914076782449725,982.2669104204751,41.0
1788463931,llama3.1:8b,44.0,6595,1495454,284.2,11.85,47.03867589934132,1.9613241006586726,109.59183673469387,3506579.0625,2520154.5208333335,49.0,0.10812849162011173,973.1564245810056,48.99999999999999
1788463980,llama3.1:8b,46.0,6601,798742,281.23,12.05,39.315432351336604,1.6845676486633931,109.45,3504711.43902439,2445752.7073170734,41.0,0.11009593421653724,990.8634079488351,41.0
1788464021,llama3.1:8b,46.0,6597,3061290,266.85,11.88,54.57055214723926,2.4294478527607364,109.64912280701755,3505463.9821428573,2479212.089285714,57.0,0.1083456,975.1103999999999,57.0
1788464078,llama3.1:8b,46.0,6608,3268855,290.28,11.97,53.782233250620344,2.2177667493796527,110.05454545454545,3505932.0535714286,2426026.660714286,56.0,0.1087642491326615,978.8782421939535,56.0
1788464134,llama3.1:8b,46.0,6604,1606359,287.52,11.99,54.71817301592601,2.2818269840739873,109.07142857142857,3505800.25,2484372.3035714286,57.0,0.10992796332678455,989.351669941061,57.0
1788464191,llama3.1:8b,46.0,6603,1600000,278.69,11.97,45.06443955136585,1.935560448634143,109.17021276595744,3505665.4680851065,2568688.8723404254,47.0,0.10964529331514325,986.8076398362894,46.99999999999999
1788464238,llama3.1:8b,44.0,6604,1286594,262.0,11.82,47.84164779782339,2.1583522021766126,109.38775510204081,3507311.3469387754,2527002.9591836734,50.0,0.10805597014925374,972.5037313432836,50.00000000000001
1788464288,llama3.1:8b,46.0,6608,1375813,285.55,11.92,47.03650788314788,1.9634921168521193,109.46938775510205,3506124.9591836734,2474324.0,49.0,0.10888888888888888,980.0,48.99999999999999
1788464337,llama3.1:8b,44.0,6604,1470575,292.53,11.82,56.70862493839329,2.2913750616067032,109.13793103448276,3504889.7586206896,2492583.120689655,59.0,0.10830331753554502,974.7298578199052,58.99999999999999
1788464396,llama3.1:8b,46.0,6611,1000000,281.52,11.89,50.85225452438567,2.1477454756143284,109.3076923076923,3505256.0754716983,2436325.7735849055,53.0,0.10877551020408163,978.9795918367348,53.0
1788464449,llama3.1:8b,44.0,6617,1639500,270.3,11.97,40.21893931342331,1.7810606865766818,110.02380952380952,3461021.7560975607,2447519.8536585364,42.0,0.10879463319627787,979.1516987665008,41.99999999999999
1788464491,llama3.1:8b,46.0,6605,1045126,284.25,11.96,34.54643664967422,1.4535633503257825,109.75,3506647.277777778,2411914.527777778,36.0,0.1089749430523918,980.7744874715262,36.0
1788464527,llama3.1:8b,41.0,6616,1200000,281.55,11.92,42.21283265751184,1.7871673424881587,109.88372093023256,3504716.272727273,2496016.090909091,44.0,0.10847830687830688,976.304761904762,44.0
1788464571,llama3.1:8b,46.0,6607,799379,277.5,11.92,40.270195563540874,1.729804436459125,110.29268292682927,3505904.6097560977,2379916.3170731706,42.0,0.10807607253427687,972.6846528084918,42.0
1788464613,llama3.1:8b,46.0,6609,1424382,285.4,11.89,49.920279861414784,2.07972013858522,109.36538461538461,3506797.326923077,2443147.769230769,52.0,0.10871812906629155,978.463161596624,52.00000000000001
1788464665,llama3.1:8b,44.0,6612,2159038,286.38,11.96,45.11584098679359,1.884159013206409,109.8913043478261,3505917.7391304346,2548071.0217391304,47.0,0.10883481701285856,979.5133531157271,47.0
1788464712,llama3.1:8b,46.0,6602,1020338,285.79,12.0,43.18664159306894,1.8133584069310587,109.97777777777777,3505296.9111111113,2413618.288888889,45.0,0.10911295211153768,982.0165690038391,45.0
1788464757,llama3.1:8b,45.0,6605,1380000,269.6,11.96,56.49382014490695,2.506179855093053,109.51724137931035,3505639.896551724,2437808.672413793,59.0,0.10920654911838791,982.8589420654912,59.0
1788464816,llama3.1:8b,46.0,6602,1475965,280.54,11.95,47.95719511778181,2.0428048822181952,109.2,3506484.58,2476577.44,50.0,0.10943223443223442,984.8901098901098,50.0
1788464866,llama3.1:8b,46.0,6605,1398763,285.42,11.96,47.02932275203443,1.970677247965566,108.91666666666667,3506690.3333333335,2498583.1041666665,49.0,0.10980872226472839,988.2785003825555,49.0
1788464915,llama3.1:8b,46.0,6607,1123436,287.85,11.92,42.25039196717483,1.7496080328251657,109.20454545454545,3506920.6136363638,2492679.159090909,44.0,0.10915296566077003,982.3766909469301,43.99999999999999
1788464959,llama3.1:8b,46.0,6600,1369594,275.02,11.98,45.996376306620206,2.003623693379791,109.36170212765957,3504871.765957447,2499322.489361702,48.0,0.10954474708171207,985.9027237354087,48.0
1788465007,llama3.1:8b,46.0,6606,1267096,275.52,11.8,57.535848531254345,2.4641514687456496,109.05084745762711,3506851.9166666665,2487300.9833333334,60.0,0.10820640348150452,973.8576313335408,59.99999999999999
1788465067,llama3.1:8b,46.0,6610,998420,285.38,11.78,58.58184143222507,2.418158567774936,109.1639344262295,3506356.15,2516139.4166666665,61.0,0.10791109776242679,971.199879861841,61.00000000000001
1788465128,llama3.1:8b,46.0,6603,3508454,285.16,11.83,49.92868446749049,2.071315532509512,109.31372549019608,3503841.403846154,2486848.173076923,52.0,0.10822062780269058,973.9856502242152,52.0
1788465180,llama3.1:8b,46.0,6613,800000,267.61,11.92,44.995778628411976,2.004221371588023,109.23913043478261,3504971.934782609,2480337.1739130435,47.0,0.109118407960199,982.065671641791,47.0
1788465227,llama3.1:8b,46.0,6612,1100000,288.03,11.9,50.89717600773514,2.102823992264862,109.26415094339623,3504769.4905660376,2487810.150943396,53.0,0.10891037817302711,980.193403557244,53.0
1788465280,llama3.1:8b,46.0,6594,1732359,281.46,11.81,56.624066559825415,2.3759334401745837,109.25862068965517,3497164.206896552,2420649.603448276,59.0,0.10809215717216349,972.8294145494714,59.0
1788465339,llama3.1:8b,47.0,6611,3300000,275.8,11.9,46.97323600973236,2.02676399026764,109.10204081632654,3503717.448979592,2493647.0816326533,49.0,0.10907220351664795,981.6498316498316,49.0
1788465388,llama3.1:8b,42.0,6609,1373695,269.91,11.8,60.361116041319086,2.638883958680913,109.45161290322581,3507311.1612903224,2473407.193548387,63.0,0.10781019746536988,970.2917771883289,63.0
1788465451,llama3.1:8b,46.0,6601,2590482,288.02,11.73,59.573778148457045,2.4262218515429526,109.21311475409836,3504602.950819672,2583224.606557377,62.0,0.10740468327829482,966.6421495046534,62.0
1788465513,llama3.1:8b,46.0,6617,1807830,285.69,12.01,45.103896540141086,1.8961034598589184,109.2127659574468,3504959.8936170214,2465125.638297872,47.0,0.10996882914474966,989.7194623027469,47.00000000000001
1788465560,llama3.1:8b,46.0,6611,1420295,274.99,11.86,55.601952239846604,2.39804776015339,109.26315789473684,3504222.9298245613,2426559.6315789474,58.0,0.10854527938342967,976.907514450867,57.99999999999999
1788465618,llama3.1:8b,46.0,6607,1500000,287.89,11.92,44.17110836863347,1.828891631366532,109.44444444444444,3507494.217391304,2469899.8260869565,46.0,0.10891370558375635,980.2233502538071,46.0
1788465664,llama3.1:8b,46.0,6610,2481293,277.35,11.82,57.547463429816375,2.452536570183629,109.03333333333333,3504826.4237288134,2497185.2711864407,60.0,0.10840721491898503,975.6649342708652,60.00000000000001
1788465724,llama3.1:8b,46.0,6607,2252324,275.56,11.84,51.775365344467644,2.224634655532359,109.73584905660377,3504620.592592593,2511450.6666666665,54.0,0.10789546079779917,971.0591471801926,54.0
1788465778,llama3.1:8b,42.0,6609,1800970,274.25,11.84,54.641022055996366,2.358977944003635,109.60714285714286,3504289.8214285714,2440677.8035714286,57.0,0.10802215705441512,972.199413489736,57.0
1788465835,llama3.1:8b,46.0,6616,2911498,278.87,11.86,49.878719086437584,2.1212809135624116,109.38461538461539,3505322.423076923,2512868.846153846,52.0,0.10842475386779184,975.8227848101264,51.99999999999999
1788465887,llama3.1:8b,47.0,6607,3500000,287.63,11.9,48.013554568824496,1.9864454311755084,110.0,3506544.06122449,2541042.3061224488,50.0,0.10818181818181818,973.6363636363636,50.00000000000001
1788465937,llama3.1:8b,46.0,6607,1007733,291.77,11.85,57.658257031816085,2.3417429681839144,109.66666666666667,3463216.5,2464361.35,60.0,0.1080547112462006,972.4924012158054,60.0
1788465997,llama3.1:8b,46.0,6597,1482296,288.35,11.96,44.168026372748166,1.8319736272518399,109.91111111111111,3505176.3777777776,2455791.0,46.0,0.10881520420541853,979.3368378487668,46.00000000000001
1788466043,llama3.1:8b,41.0,6611,2002239,285.81,11.93,59.515751998387856,2.484248001612145,109.81967213114754,3504425.5322580645,2430155.209677419,62.0,0.10863263173608001,977.69368562472,62.0
1788466105,llama3.1:8b,46.0,6611,2865432,280.93,11.95,54.67430346899754,2.325696531002458,109.85964912280701,3507767.0535714286,2412273.25,57.0,0.10877515170871925,978.9763653784732,57.0
1788466162,llama3.1:8b,42.0,6606,1589694,290.29,11.9,56.67662728746815,2.323372712531851,110.12068965517241,3506732.224137931,2445013.8620689656,59.0,0.10806325348363864,972.5692813527478,59.0
1788466221,llama3.1:8b,46.0,6604,1176295,272.02,11.99,45.973592479138055,2.0264075208619414,110.0625,3506149.25,2416190.7083333335,48.0,0.10893810335036912,980.4429301533221,48.0
1788466269,llama3.1:8b,44.0,6609,1201796,275.54,11.92,52.719334863981075,2.280665136018924,109.62962962962963,3505109.222222222,2466842.7592592593,55.0,0.10872972972972973,978.5675675675676,55.0
1788466324,llama3.1:8b,44.0,6598,1147521,284.48,11.83,54.72430900070872,2.2756909992912826,109.55357142857143,3505898.947368421,2419085.8596491227,57.0,0.10798370008149959,971.8533007334963,57.00000000000001
1788466381,llama3.1:8b,44.0,6602,1401838,287.23,11.83,48.98257874673979,2.017421253260215,109.2156862745098,3504753.18,2482574.14,51.0,0.1083177737881508,974.8599640933572,51.00000000000001
1788466432,llama3.1:8b,46.0,6600,1477211,271.65,11.91,44.067922132881925,1.93207786711807,109.68888888888888,3507344.9782608696,2399090.0217391304,46.0,0.10857982171799029,977.2183954619126,45.99999999999999
1788466478,llama3.1:8b,42.0,6614,1647598,286.11,12.03,45.10354196015295,1.8964580398470519,109.87234042553192,3506428.8913043477,2469547.195652174,47.0,0.10949070487993802,985.4163439194422,47.00000000000001
1788466525,llama3.1:8b,46.0,6607,2002014,275.0,11.84,53.68846743829313,2.311532561706875,109.78181818181818,3505442.285714286,2468426.285714286,56.0,0.10785028155018218,970.6525339516396,56.00000000000001
1788466581,llama3.1:8b,46.0,6604,1493128,275.73,11.91,57.515644555694614,2.4843554443053812,109.62711864406779,3505677.0508474577,2421609.372881356,60.0,0.10864100185528758,977.7690166975882,59.99999999999999
1788466641,llama3.1:8b,46.0,6608,1402631,270.53,11.84,56.52608279916422,2.4739172008357833,109.50847457627118,3506784.779661017,2506518.745762712,59.0,0.10811948614765517,973.0753753288965,59.00000000000001
1788466700,llama3.1:8b,46.0,6613,1001117,271.51,11.92,53.64485058039021,2.35514941960978,109.12727272727273,3505617.4363636365,2424147.1272727274,56.0,0.10923025658113962,983.0723092302567,55.99999999999999
1788466756,llama3.1:8b,46.0,6608,1346153,290.45,11.78,62.46649902392218,2.5335009760778218,109.328125,3503605.96875,2473859.3125,65.0,0.10774903530084322,969.7413177075889,65.0
1788466821,llama3.1:8b,46.0,6612,932266,272.27,11.86,49.829444268468656,2.1705557315313415,109.38461538461539,3506382.9423076925,2489776.923076923,52.0,0.10842475386779184,975.8227848101264,52.0
1788466873,llama3.1:8b,46.0,6602,798753,282.97,11.86,58.5461791540888,2.4538208459112028,109.51666666666667,3506512.2,2442329.4833333334,61.0,0.1082940191751636,974.6461725764723,61.0
1788466934,llama3.1:8b,46.0,6612,1376811,285.77,11.86,55.68880825185633,2.3111917481436683,109.26315789473684,3507545.396551724,2431148.706896552,58.0,0.10854527938342967,976.907514450867,58.0
1788466992,llama3.1:8b,44.0,6611,916906,281.97,12.06,45.072237526782985,1.9277624732170184,109.97872340425532,3505575.565217391,2469324.565217391,47.0,0.10965757399883924,986.9181659895532,47.0
1788467039,llama3.1:8b,47.0,6606,1693702,287.37,11.9,50.89253851037525,2.107461489624754,109.48076923076923,3506356.830188679,2477789.452830189,53.0,0.10869488845951168,978.2539961356051,53.00000000000001
1788467092,llama3.1:8b,46.0,6604,1493423,281.01,11.86,52.77273192884215,2.227268071157851,109.68518518518519,3506057.7407407407,2514266.3703703703,55.0,0.108127638021273,973.148742191457,55.0
1788467147,llama3.1:8b,44.0,6601,1804591,280.39,11.98,38.36098094879775,1.6390190512022438,109.025,3505501.325,2534252.575,40.0,0.10988305434533363,988.9474891080026,40.0
1788467187,llama3.1:8b,46.0,6606,2000000,284.72,11.93,47.989212877127926,2.0107871228720713,109.61224489795919,3504661.4285714286,2526688.6326530613,50.0,0.10883820517594488,979.5438465835039,50.0
1788467237,llama3.1:8b,46.0,6612,1236430,280.62,11.84,53.73288654858785,2.2671134514121594,109.51785714285714,3507046.6071428573,2595775.3928571427,56.0,0.10811022338170553,972.9920104353498,56.00000000000001
1788467293,llama3.1:8b,44.0,6610,2000000,276.75,11.86,50.82204358823326,2.177956411766744,109.6923076923077,3506476.9423076925,2426734.7884615385,53.0,0.10812061711079943,973.0855539971948,53.0
1788467346,llama3.1:8b,44.0,6609,1309474,267.24,11.99,42.1106614618773,1.8893385381226946,109.20454545454545,3504950.6136363638,2494364.340909091,44.0,0.10979396462018731,988.1456815816858,43.99999999999999
1788467390,llama3.1:8b,44.0,6605,1800000,288.61,11.82,51.87544519522019,2.124554804779816,109.47169811320755,3505174.849056604,2473841.6981132077,54.0,0.10797311271975181,971.7580144777662,54.0
1788467444,llama3.1:8b,44.0,6613,1663897,285.8,11.85,50.88997144296993,2.1100285570300685,109.49056603773585,3504669.5283018867,2398511.3773584906,53.0,0.10822850249870757,974.056522488368,53.0
1788467497,llama3.1:8b,44.0,6615,1889101,283.55,11.99,51.80923056100697,2.1907694389930294,109.83018867924528,3505192.754716981,2485750.4905660376,54.0,0.10916852774437383,982.5167496993645,54.0
1788467551,llama3.1:8b,46.0,6608,1487909,278.72,11.92,47.949353151665285,2.050646848334709,109.36734693877551,3505596.08,2473431.32,50.0,0.10899048329912296,980.9143496921066,49.99999999999999
1788467601,llama3.1:8b,46.0,6614,1582056,282.15,11.99,36.45100972326103,1.5489902767389678,109.3157894736842,3505581.5675675673,2470607.756756757,38.0,0.10968223399133366,987.1401059220029,38.0
1788467639,llama3.1:8b,46.0,6608,1485926,285.86,11.84,60.494390325831375,2.505609674168626,109.66129032258064,3505474.3333333335,2462022.984126984,63.0,0.10796881894396235,971.7193704956611,63.0
1788467702,llama3.1:8b,44.0,6610,1500000,286.55,11.97,41.275793916655495,1.7242060833444994,109.62790697674419,3504301.5714285714,2522143.476190476,43.0,0.1091875265167586,982.6877386508273,42.99999999999999
1788467745,llama3.1:8b,44.0,6611,1600000,274.82,11.86,47.93149155853216,2.0685084414678383,109.53061224489795,3504731.56,2433499.16,50.0,0.10828023104155021,974.5220793739519,50.0
1788467795,llama3.1:8b,46.0,6598,1991902,286.89,11.85,50.89767021490258,2.102329785097409,109.13461538461539,3504922.923076923,2483700.903846154,53.0,0.10858149779735682,977.2334801762113,52.99999999999999
1788467848,llama3.1:8b,46.0,6604,1400862,287.1,11.83,57.625531060783466,2.374468939216539,109.46666666666667,3504862.5166666666,2536427.933333333,60.0,0.1080694275274056,972.6248477466503,60.00000000000001
1788467908,llama3.1:8b,41.0,6602,1927138,270.77,12.02,37.34230347607766,1.6576965239223453,109.65789473684211,3506391.0263157897,2436924.3157894737,39.0,0.10961363090952723,986.5226781857451,39.00000000000001
1788467947,llama3.1:8b,44.0,6616,799771,290.58,11.94,41.302856009520035,1.6971439904799683,109.46511627906976,3506269.0465116277,2466424.6279069767,43.0,0.10907584448693436,981.6826003824093,43.0
1788467990,llama3.1:8b,42.0,6609,1900000,283.65,11.87,54.71051028695181,2.2894897130481864,109.55357142857143,3506133.75,2496501.964285714,57.0,0.10834881825590871,975.1393643031785,56.99999999999999
1788468047,llama3.1:8b,42.0,6597,2458478,280.78,12.1,41.223504506965305,1.77649549303469,109.67441860465117,3504077.4418604653,2450708.88372093,43.0,0.11032654792196776,992.9389312977099,42.99999999999999
1788468090,llama3.1:8b,47.0,6606,1977512,290.11,11.94,50.90491640456878,2.09508359543122,109.9423076923077,3504512.769230769,2474024.8653846155,53.0,0.10860241385341962,977.4217246807765,53.0
1788468143,llama3.1:8b,44.0,6598,800701,285.48,11.95,49.910768920418256,2.0892310795817504,109.68627450980392,3505796.3653846155,2491689.4423076925,52.0,0.10894708616374686,980.5237754737218,52.00000000000001
1788468195,llama3.1:8b,46.0,6602,1198998,279.04,11.84,53.72057205720573,2.279427942794279,109.53571428571429,3505943.5454545454,2483187.7454545456,56.0,0.10809259863058363,972.8333876752527,56.00000000000001
1788468251,llama3.1:8b,46.0,6605,2883957,283.06,11.91,60.45624978811404,2.5437502118859543,109.2741935483871,3505042.492063492,2461608.1746031744,63.0,0.10899188191881919,980.9269372693727,63.0
1788468314,llama3.1:8b,46.0,6617,1099768,281.38,12.02,41.238377641445126,1.7616223585548738,108.81395348837209,3505401.785714286,2454869.4285714286,43.0,0.11046377431075016,994.1739687967514,43.0
1788468357,llama3.1:8b,47.0,6612,1479267,291.38,11.88,47.08045901206885,1.9195409879311482,109.45833333333333,3505247.7551020407,2468551.3469387754,49.0,0.10853444994290067,976.810049486106,49.0
1788468406,llama3.1:8b,46.0,6606,1389594,279.09,11.77,59.491095372344084,2.5089046276559173,109.14754098360656,3506917.1967213117,2503325.344262295,62.0,0.10783568639230999,970.5211775307898,62.0
1788468468,llama3.1:8b,46.0,6603,2551409,284.1,11.98,41.26013239664955,1.7398676033504457,109.6046511627907,3505146.069767442,2572844.2558139535,43.0,0.1093019308296202,983.7173774665819,43.0
1788468511,llama3.1:8b,46.0,6605,3276142,281.65,11.94,49.88521407404885,2.1147859259511566,109.27450980392157,3505772.274509804,2530627.254901961,52.0,0.10926610443208325,983.3949398887493,52.0
1788468563,llama3.1:8b,46.0,6600,1153095,276.78,11.85,55.618750649620615,2.3812493503793783,109.34482758620689,3505344.4655172415,2566143.0862068967,58.0,0.10837275307473983,975.3547776726584,57.99999999999999
1788468621,llama3.1:8b,46.0,6606,1268483,280.24,11.94,46.03846943664864,1.9615305633513587,109.25531914893617,3505512.6170212766,2499949.765957447,48.0,0.10928529698149951,983.5676728334956,48.0
1788468669,llama3.1:8b,44.0,6613,1512912,273.77,11.84,61.34687160813697,2.65312839186303,109.6984126984127,3504840.640625,2459128.96875,64.0,0.10793228186948343,971.3905368253509,64.0
1788468733,llama3.1:8b,47.0,6617,2025956,287.86,11.9,51.85628502802242,2.143714971977582,109.5,3505564.0566037735,2488343.5094339624,54.0,0.108675799086758,978.0821917808219,54.0
1788468787,llama3.1:8b,42.0,6612,1387510,284.15,11.95,53.73995271867613,2.260047281323877,108.98181818181818,3505242.9272727272,2490106.581818182,56.0,0.1096513179846513,986.8618618618617,56.00000000000001
1788468843,llama3.1:8b,46.0,6608,799614,288.19,11.84,59.55331133553312,2.446688664466887,109.47540983606558,3505901.8387096776,2491210.080645161,62.0,0.10815214135968852,973.3692722371967,62.0
1788468905,llama3.1:8b,48.0,6616,1595886,293.09,11.9,51.89304567362864,2.1069543263713566,109.83333333333333,3505987.5849056602,2459916.9056603773,54.0,0.10834597875569045,975.1138088012141,54.0
1788468959,llama3.1:8b,46.0,6602,1469959,278.79,11.88,48.91557436267933,2.084425637320673,109.96,3505371.5098039214,2450899.8235294116,51.0,0.10803928701345945,972.353583121135,51.0
1788469010,llama3.1:8b,47.0,6611,1612365,270.66,11.89,51.72762342948151,2.2723765705184924,109.66666666666667,3505505.452830189,2470188.886792453,54.0,0.108419452887538,975.775075987842,54.0
1788469064,llama3.1:8b,46.0,6606,1554621,275.29,11.89,44.095480186642526,1.904519813357476,109.42222222222222,3505588.782608696,2449016.2391304346,46.0,0.10866165718927702,977.9549147034932,46.0
1788469110,llama3.1:8b,41.0,6616,1378526,292.0,11.91,57.64864598071797,2.351354019282024,108.89830508474576,3505444.254237288,2492729.7627118644,60.0,0.10936809338521401,984.3128404669261,60.0
1788469170,llama3.1:8b,44.0,6607,1476257,273.45,11.83,51.760726303982054,2.2392736960179476,109.94444444444444,3504779.611111111,2556873.3333333335,54.0,0.10759979787771602,968.3981808994442,54.0
1788469224,llama3.1:8b,46.0,6611,1102365,284.15,11.94,51.82241885913067,2.1775811408693304,109.64150943396227,3505757.2264150945,2467769.679245283,54.0,0.10890036138358285,980.1032524522457,54.0
1788469278,llama3.1:8b,46.0,6616,1800000,276.91,12.04,47.916594566534,2.0834054334659973,109.56,3506335.92,2467884.58,50.0,0.10989412194231471,989.0470974808325,50.0
1788469328,llama3.1:8b,47.0,6607,1673903,283.95,12.05,46.045945945945945,1.954054054054054,109.36170212765957,3504657.3829787234,2379087.765957447,48.0,0.11018482490272374,991.6634241245137,48.0
1788469376,llama3.1:8b,46.0,6613,1370270,291.29,11.96,43.22522671063479,1.7747732893652102,109.93181818181819,3505764.2444444443,2494695.9555555554,45.0,0.1087947074633037,979.1523671697333,45.0
1788469421,llama3.1:8b,46.0,6618,1489644,279.19,11.93,48.91003709810388,2.089962901896125,109.52941176470588,3506223.72,2481217.64,51.0,0.1089205155746509,980.2846401718582,51.0
1788469472,llama3.1:8b,46.0,6606,2200000,280.56,11.88,51.80631924497333,2.1936807550266724,109.26415094339623,3506750.796296296,2484541.4814814813,54.0,0.10872733552063547,978.5460196857192,54.0
1788469526,llama3.1:8b,47.0,6601,1401136,273.25,11.91,49.82816664328797,2.171833356712021,108.78846153846153,3505078.9803921566,2522536.8235294116,52.0,0.10947852218490367,985.306699664133,51.99999999999999
1788469578,llama3.1:8b,46.0,6610,799792,281.49,11.89,47.01414547685596,1.9858545231440454,109.02083333333333,3504442.1836734693,2444043.5918367347,49.0,0.10906172367666732,981.5555130900059,49.00000000000001
1788469627,llama3.1:8b,46.0,6602,1500000,286.56,11.88,47.049457177322076,1.9505428226779256,109.79591836734694,3506443.4375,2517483.5,49.0,0.1082007434944238,973.8066914498141,49.0
1788469676,llama3.1:8b,42.0,6608,2197342,289.04,11.81,51.8802060827655,2.119793917234502,109.90566037735849,3504463.185185185,2461793.7592592593,54.0,0.10745579399141632,967.1021459227469,54.0
1788469730,llama3.1:8b,46.0,6614,1385532,287.93,11.85,49.94449262792715,2.0555073720728534,109.84313725490196,3492754.8235294116,2477509.117647059,52.0,0.10788111388789717,970.9300249910746,52.0
1788469782,llama3.1:8b,46.0,6602,1386944,276.12,11.96,53.675090252707584,2.324909747292419,109.42857142857143,3505726.410714286,2546767.625,56.0,0.10929503916449086,983.6553524804178,56.0
1788469838,llama3.1:8b,46.0,6610,1805161,281.84,11.96,49.88318584070797,2.1168141592920358,109.41176470588235,3503926.7647058824,2509350.2352941176,52.0,0.10931182795698927,983.8064516129033,52.0
1788469890,llama3.1:8b,44.0,6606,1900000,273.45,11.82,51.7625407508676,2.237459249132401,109.81132075471699,3505769.611111111,2489354.703703704,54.0,0.10763917525773195,968.7525773195875,54.0
1788469944,llama3.1:8b,46.0,6615,800000,295.38,11.84,52.880346331619045,2.1196536683809653,109.25454545454545,3506891.3518518517,2486848.314814815,55.0,0.10837077716758196,975.3369945082377,55.00000000000001
1788469999,llama3.1:8b,42.0,6604,967399,269.82,11.88,54.5961661341853,2.4038338658146965,109.64285714285714,3505852.3684210526,2468789.403508772,57.0,0.10835179153094464,975.1661237785017,57.0
1788470056,llama3.1:8b,48.0,6603,1838586,274.61,11.9,57.50794038602493,2.4920596139750795,108.51666666666667,3505527.0677966103,2469708.6779661016,60.0,0.10966057441253264,986.9451697127937,60.00000000000001
1788470116,llama3.1:8b,46.0,6608,2379338,295.32,11.84,52.87993228284933,2.120067717150671,109.07407407407408,3505621.425925926,2486837.7592592593,55.0,0.10855008488964346,976.9507640067911,55.0
1788470171,llama3.1:8b,46.0,6603,3500000,289.27,11.84,58.60140812327721,2.3985918767227927,109.23333333333333,3506291.770491803,2423519.344262295,61.0,0.10839182178822093,975.5263960939884,61.0
1788470232,llama3.1:8b,41.0,6600,1285754,271.28,11.83,51.743562572851545,2.2564374271484584,109.22222222222223,3505512.1886792453,2482494.2264150945,54.0,0.10831129196337741,974.8016276703967,54.0
1788470286,llama3.1:8b,44.0,6605,1535016,281.56,11.84,54.6997955010225,2.3002044989775055,109.19642857142857,3505934.98245614,2526275.3859649124,57.0,0.10842845461978741,975.8560915780866,57.00000000000001
1788470343,llama3.1:8b,46.0,6606,3500000,274.77,11.82,55.60787187271015,2.392128127289857,109.56140350877193,3505870.5263157897,2563729.8771929825,58.0,0.10788470776621296,970.9623698959166,58.00000000000001
1788470401,llama3.1:8b,46.0,6610,1113147,284.95,11.93,41.27206278631097,1.7279372136890327,109.16279069767442,3505178.88372093,2546164.465116279,43.0,0.10928632296548785,983.5769066893906,43.0
1788470444,llama3.1:8b,41.0,6616,3495289,272.31,11.78,54.63645323665037,2.363546763349643,109.10714285714286,3505279.625,2527480.75,57.0,0.1079672667757774,971.7054009819966,57.000000000000014
1788470501,llama3.1:8b,42.0,6609,2172482,286.99,11.89,44.17003479657388,1.8299652034261242,109.43478260869566,3505987.2391304346,2542778.9782608696,46.0,0.1086491855383393,977.8426698450537,46.00000000000001
1788470547,llama3.1:8b,41.0,6597,1192142,293.22,11.81,53.83181982100122,2.168180178998787,109.76363636363637,3504864.2,2484028.6,56.0,0.10759483187013417,968.3534868312075,56.00000000000001
1788470603,llama3.1:8b,46.0,6603,1795221,283.21,11.95,49.89470117902155,2.1052988209784527,109.19607843137256,3505639.903846154,2403851.9615384615,52.0,0.10943616448195366,984.9254803375829,52.00000000000001
1788470655,llama3.1:8b,47.0,6585,2000000,282.0,12.03,46.03611876339149,1.9638812366085094,109.60416666666667,3505475.14893617,2430878.638297872,48.0,0.10975860102642082,987.8274092377874,48.0
1788470703,llama3.1:8b,46.0,6603,1574221,288.06,12.09,42.22768615692154,1.7723138430784608,109.37209302325581,3503606.522727273,2382082.977272727,44.0,0.11054008079948968,994.8607271954071,44.0
1788470747,llama3.1:8b,47.0,6599,1568764,289.29,12.03,45.123556352050976,1.876443647949024,109.55319148936171,3504690.652173913,2466146.804347826,47.0,0.10980967178092832,988.2870460283548,47.0
1788470794,llama3.1:8b,42.0,6611,1264000,281.1,11.76,60.47019053472649,2.5298094652735097,109.24193548387096,3505395.3174603176,2500781.6507936507,63.0,0.10765096707515134,968.8587036763621,63.0
1788470857,llama3.1:8b,46.0,6611,800000,274.58,11.69,69.05983861389598,2.9401613861040277,109.15492957746478,3505527.6619718308,2467163.3098591547,72.0,0.10709548387096775,963.8593548387097,72.0
1788470929,llama3.1:8b,42.0,6613,799215,271.31,11.95,50.764068347101606,2.235931652898397,109.22641509433963,3504214.4150943398,2404023.547169811,53.0,0.10940576956296423,984.6519260666781,53.0
1788470982,llama3.1:8b,46.0,6608,3100000,284.31,11.84,49.92105352017559,2.0789464798244133,109.6078431372549,3504936.901960784,2432593.254901961,52.0,0.10802146690518784,972.1932021466906,52.0
1788471034,llama3.1:8b,44.0,6610,1601493,290.9,11.9,49.956406869220615,2.0435931307793926,109.86274509803921,3505094.153846154,2531770.7115384615,52.0,0.10831697305015171,974.8527574513655,52.00000000000001
1788471086,llama3.1:8b,46.0,6602,3421910,271.65,12.0,44.05393971443681,1.946060285563194,109.56521739130434,3505835.2444444443,2413298.3333333335,46.0,0.10952380952380952,985.7142857142857,46.0
1788471132,llama3.1:8b,46.0,6600,1453578,276.19,12.0,49.83476178909747,2.1652382109025297,110.0,3504564.0,2393515.6923076925,52.0,0.10909090909090909,981.8181818181818,52.0
1788471184,llama3.1:8b,46.0,6597,3511784,284.69,11.96,47.024473285016015,1.9755267149839881,109.0,3505734.5416666665,2523341.75,49.0,0.10972477064220185,987.5229357798166,49.0
1788471233,llama3.1:8b,46.0,6598,1286063,278.25,11.84,53.71436450756662,2.285635492433383,109.38181818181818,3506025.7321428573,2503584.5178571427,56.0,0.10824468085106384,974.2021276595747,56.00000000000001
1788471289,llama3.1:8b,46.0,6599,1111346,283.45,11.87,48.95012190166599,2.0498780983340104,109.6078431372549,3506020.86,2516629.24,51.0,0.10829516994633273,974.6565295169946,51.0
1788471340,llama3.1:8b,46.0,6585,1067158,279.02,11.76,58.532980259990374,2.467019740009629,109.51666666666667,3504944.466666667,2448788.816666667,61.0,0.10738091614670522,966.4282453203471,61.0
1788471401,llama3.1:8b,46.0,6606,2513808,281.2,11.88,56.60843455711751,2.3915654428824897,108.84482758620689,3507357.3898305083,2539946.525423729,59.0,0.10914620624108982,982.3158561698084,59.0
1788471460,llama3.1:8b,48.0,6603,1966666,285.26,11.92,46.07470220068645,1.9252977993135474,109.45833333333333,3505490.0212765955,2476793.0425531915,48.0,0.10889988580129425,980.0989722116484,48.0
1788471508,llama3.1:8b,46.0,6598,1200000,279.29,11.84,56.60052210352764,2.399477896472366,108.89655172413794,3504358.593220339,2451433.779661017,59.0,0.10872704243191893,978.5433818872704,59.00000000000001
1788471567,llama3.1:8b,41.0,6595,800929,292.86,11.95,41.3141957284866,1.6858042715134016,109.5952380952381,3507914.880952381,2492810.1666666665,43.0,0.10903758418422767,981.338257658049,43.00000000000001
1788471610,llama3.1:8b,42.0,6609,1088621,289.43,11.95,39.37431150043135,1.625688499568651,109.8048780487805,3506966.43902439,2498635.1951219514,41.0,0.10882940915148821,979.464682363394,41.0
1788471651,llama3.1:8b,46.0,6601,3475352,288.53,11.97,51.848985024958395,2.1510149750415977,110.0754716981132,3508338.5849056602,2587551.245283019,54.0,0.10874357216318135,978.6921494686321,53.99999999999999
1788471705,llama3.1:8b,47.0,6600,1464285,270.12,11.82,56.526494998935945,2.4735050010640562,108.89830508474576,3505410.2033898304,2442046.9322033897,59.0,0.10854163424124515,976.8747081712063,59.0
1788471764,llama3.1:8b,42.0,6601,1901962,280.57,11.96,46.03753461183469,1.9624653881653167,109.61702127659575,3503604.1063829786,2502712.170212766,48.0,0.10910714285714286,981.9642857142858,48.0
1788471812,llama3.1:8b,46.0,6598,1062839,278.96,11.91,48.91174751607247,2.0882524839275276,109.07843137254902,3506069.5098039214,2459293.274509804,51.0,0.10918748876505482,982.6873988854935,50.99999999999999
1788471863,llama3.1:8b,46.0,6592,800000,277.13,12.01,42.17237324479491,1.827626755205091,109.16279069767442,3504337.0465116277,2431615.0465116277,44.0,0.11001917341286749,990.1725607158073,44.0
1788471907,llama3.1:8b,46.0,6609,3037089,292.21,11.87,49.009175217048146,1.9908247829518548,109.42,3506225.31372549,2477881.745098039,51.0,0.10848108206909156,976.329738621824,51.0
1788471958,llama3.1:8b,46.0,6613,860828,289.37,11.88,54.752165975103736,2.2478340248962656,109.21052631578948,3506318.0714285714,2498810.75,57.0,0.10878072289156626,979.0265060240963,57.0
1788472015,llama3.1:8b,44.0,6611,1577642,279.06,11.77,58.531306949076786,2.46869305092322,109.45,3506139.5573770492,2434498.426229508,61.0,0.10753768844221105,967.8391959798995,61.00000000000001
1788472076,llama3.1:8b,44.0,6608,1396410,277.79,11.85,53.70887998895179,2.2911200110481973,109.41818181818182,3505712.7818181817,2463619.5454545454,56.0,0.1083000997008973,974.7008973080757,55.99999999999999
1788472132,llama3.1:8b,46.0,6605,1600000,282.08,11.87,54.698282020751826,2.3017179792481715,109.9298245614035,3506306.964912281,2488080.1403508773,57.0,0.107977976380466,971.8017874241939,57.0
1788472189,llama3.1:8b,44.0,6601,1124413,273.12,11.98,36.40322693791652,1.5967730620834792,109.67567567567568,3504824.918918919,2505717.756756757,38.0,0.10923114834894036,983.0803351404633,38.0
1788472227,llama3.1:8b,46.0,6603,800000,277.9,12.02,41.21723233995585,1.7827676600441502,109.46511627906976,3505453.7209302327,2544995.8139534886,43.0,0.10980667091565753,988.2600382409178,43.0
1788472270,llama3.1:8b,46.0,6594,766520,275.97,12.06,41.19956254556817,1.80043745443183,109.57142857142857,3506881.476190476,2515699.0476190476,43.0,0.1100651890482399,990.5867014341592,43.0
1788472313,llama3.1:8b,46.0,6605,1400000,292.02,11.83,57.66397893697549,2.336021063024519,109.36666666666666,3504569.6,2441785.05,60.0,0.10816824138982019,973.5141725083818,60.00000000000001
1788472373,llama3.1:8b,46.0,6608,800600,284.73,12.07,33.57665094339623,1.4233490566037734,110.5,3505755.1428571427,2450077.4,35.0,0.10923076923076923,983.0769230769231,35.00000000000001
1788472408,llama3.1:8b,46.0,6604,2912040,279.06,11.95,47.94680595168551,2.0531940483144906,110.1,3505017.224489796,2425199.9795918367,50.0,0.10853769300635785,976.8392370572205,50.0
1788472458,llama3.1:8b,44.0,6608,1598826,264.13,11.85,48.81016740343503,2.189832596564968,109.24,3504154.411764706,2435438.8039215687,51.0,0.10847674844379349,976.2907359941414,51.0
1788472509,llama3.1:8b,46.0,6608,1600000,284.61,11.95,52.78375370919881,2.2162462908011866,109.52727272727273,3505188.8703703703,2421772.3518518517,55.0,0.10910524568393093,981.9472111553783,55.0
1788472564,llama3.1:8b,46.0,6602,1059250,286.77,11.81,57.62676669569295,2.3732333043070537,109.28813559322033,3504822.033898305,2527093.033898305,60.0,0.10806296526054592,972.5666873449132,60.00000000000001
1788472624,llama3.1:8b,46.0,6603,998439,287.73,11.91,55.69463356027232,2.305366439727673,108.85964912280701,3505611.6379310344,2479740.0344827585,58.0,0.10940692989524578,984.662369057212,57.99999999999999
1788472682,llama3.1:8b,46.0,6593,1505949,286.89,11.8,57.62964946934949,2.3703505306505077,109.1864406779661,3504878.2711864407,2451075.6101694917,60.0,0.10807202732070786,972.6482458863707,59.99999999999999
1788472742,llama3.1:8b,44.0,6598,1205095,287.63,11.84,55.706882158479985,2.293117841520019,109.32758620689656,3505065.6379310344,2477726.0344827585,58.0,0.1082983756505283,974.6853808547547,58.00000000000001
1788472800,llama3.1:8b,44.0,6602,1403286,283.34,11.9,51.82346565506029,2.1765343449397108,108.66037735849056,3506407.867924528,2485828.8113207547,54.0,0.10951554089251607,985.6398680326446,54.0
1788472854,llama3.1:8b,46.0,6599,978975,286.88,11.83,52.82180040842289,2.178199591577115,109.4,3505359.4,2544610.036363636,55.0,0.10813528336380256,973.2175502742231,55.0
1788472909,llama3.1:8b,42.0,6602,1100000,275.4,11.91,42.17604677874073,1.8239532212592668,109.62790697674419,3507084.7906976743,2617693.2558139535,44.0,0.10864022061943149,977.7619855748834,43.99999999999999
1788472953,llama3.1:8b,46.0,6602,1483402,290.68,11.82,52.85090909090909,2.1490909090909094,109.38888888888889,3507349.109090909,2426906.036363636,55.0,0.10805485017775521,972.4936515997969,55.0
1788473008,llama3.1:8b,46.0,6608,3020000,276.73,11.86,48.904085380643814,2.0959146193561797,109.82352941176471,3506955.6,2502923.12,51.0,0.10799143010176754,971.9228709159079,50.99999999999999
1788473059,llama3.1:8b,46.0,6605,1604953,280.74,11.91,46.04654023577652,1.9534597642234748,109.2127659574468,3504186.4791666665,2444506.7083333335,48.0,0.1090531852717709,981.4786674459381,47.99999999999999
1788473107,llama3.1:8b,45.0,6610,1400000,280.18,11.96,44.116793318272066,1.8832066817279387,109.45652173913044,3508860.3777777776,2518777.933333333,46.0,0.10926713008937439,983.4041708043695,46.00000000000001
1788473153,llama3.1:8b,46.0,6604,1223157,285.08,11.95,40.31027168972831,1.6897283102716898,108.8780487804878,3505108.5476190476,2525862.595238095,42.0,0.10975582437275985,987.8024193548387,42.0
1788473195,llama3.1:8b,46.0,6612,1513262,271.92,11.84,53.66337750211447,2.336622497885537,108.92857142857143,3506496.618181818,2478357.290909091,56.0,0.10869508196721311,978.255737704918,56.00000000000001
1788473251,llama3.1:8b,47.0,6607,1154028,287.59,11.97,44.16190412605154,1.8380958739484579,109.37777777777778,3505886.347826087,2442750.717391304,46.0,0.10943722064201544,984.934985778139,46.0
1788473297,llama3.1:8b,46.0,6609,1781004,289.06,11.96,46.092884193741284,1.9071158062587208,109.6875,3506006.744680851,2457182.425531915,48.0,0.10903703703703704,981.3333333333335,48.00000000000001
1788473345,llama3.1:8b,42.0,6600,1620583,288.53,11.8,55.721173375953114,2.2788266240468817,109.24561403508773,3506474.0,2507364.5517241377,58.0,0.10801348964188212,972.1214067769391,57.99999999999999
1788473403,llama3.1:8b,46.0,6603,968428,293.21,11.89,51.89557522123894,2.104424778761062,109.24528301886792,3505190.547169811,2508508.7358490564,54.0,0.10883765112262522,979.5388601036269,54.00000000000001
1788473457,llama3.1:8b,44.0,6606,1388254,271.51,11.86,48.86547623248756,2.1345237675124396,109.25490196078431,3506065.7647058824,2514570.529411765,51.0,0.10855348169418522,976.9813352476671,51.0
1788473508,llama3.1:8b,46.0,6589,3470555,281.8,11.86,55.65756316828986,2.3424368317101405,109.3859649122807,3505493.3859649124,2478407.649122807,58.0,0.1084234161988773,975.8107457898957,58.0
1788473566,llama3.1:8b,46.0,6600,1769062,287.37,11.82,56.66910658778703,2.330893412212975,109.79310344827586,3487879.896551724,2574609.603448276,59.0,0.1076570351758794,968.9133165829147,59.0
1788473625,llama3.1:8b,46.0,6613,917217,285.36,11.92,42.23573735199139,1.7642626480086112,109.11363636363636,3496985.227272727,2411729.3863636362,44.0,0.10924390751926683,983.1951676734014,44.0
1788473669,llama3.1:8b,46.0,6609,1798174,280.34,11.88,59.479433303675314,2.5205666963246873,109.42622950819673,3505604.573770492,2428182.8852459015,62.0,0.10856629213483146,977.0966292134831,62.0
1788473731,llama3.1:8b,42.0,6610,1500000,276.75,11.74,60.436236957953476,2.563763042046518,109.38095238095238,3479779.396825397,2437242.5555555555,63.0,0.10733130169786678,965.981715280801,62.99999999999999
1788473794,llama3.1:8b,46.0,6604,2300000,284.53,11.8,52.80987412681807,2.190125873181926,109.75925925925925,3504910.3703703703,2459371.185185185,55.0,0.10750801417243126,967.5721275518814,55.0
1788473849,llama3.1:8b,42.0,6614,801089,269.97,11.92,50.75884210152896,2.2411578984710347,108.88461538461539,3506622.0943396227,2500678.150943396,53.0,0.1094736842105263,985.2631578947368,53.0
1788473902,llama3.1:8b,47.0,6605,2000000,290.06,11.94,53.785960264900666,2.2140397350993375,109.05357142857143,3507998.345454545,2443229.5454545454,56.0,0.10948747339119043,985.3872605207139,56.0
1788473958,llama3.1:8b,42.0,6605,2503748,279.55,11.95,45.073241852487136,1.9267581475128643,108.8913043478261,3505237.723404255,2519645.765957447,47.0,0.10974246356558194,987.6821720902375,47.0
1788474005,llama3.1:8b,44.0,6604,800000,271.71,11.86,51.74151003279613,2.258489967203865,109.85185185185185,3504255.0754716983,2475285.6415094337,54.0,0.10796358732299394,971.6722859069455,53.99999999999999
1788474059,llama3.1:8b,44.0,6613,3338235,289.0,11.97,52.81257268166262,2.187427318337376,109.33333333333333,3506372.036363636,2409737.9454545453,55.0,0.10948170731707318,985.3353658536587,55.0
1788474114,llama3.1:8b,44.0,6611,1400000,286.53,12.1,41.25771020995881,1.7422897900411882,109.5,3505168.619047619,2486574.261904762,43.0,0.11050228310502283,994.5205479452055,43.0
1788474157,llama3.1:8b,44.0,6614,1400000,277.94,11.9,53.700800441622974,2.299199558377036,109.58928571428571,3478672.4285714286,2417743.8928571427,56.0,0.10858725761772854,977.2853185595569,56.00000000000001
1788474213,llama3.1:8b,44.0,6614,1770308,288.86,12.04,45.1193752077102,1.8806247922897967,109.84782608695652,3503770.1086956523,2417503.1086956523,47.0,0.10960617454977241,986.4555709479516,46.99999999999999
1788474260,llama3.1:8b,46.0,6600,1200000,291.32,11.87,49.964180876677986,2.035819123322009,109.0576923076923,3505620.596153846,2543730.923076923,52.0,0.10884147416681361,979.5732675013226,51.99999999999999
1788474312,llama3.1:8b,46.0,6587,1600000,290.64,11.94,47.06642871306762,1.9335712869323816,109.41666666666667,3505042.5,2458017.5625,49.0,0.10912414318354911,982.1172886519421,49.00000000000001
1788474361,llama3.1:8b,46.0,6588,1511431,277.71,11.83,54.671098984596256,2.328901015403744,109.40350877192982,3505116.403508772,2566355.456140351,57.0,0.10813181526619628,973.1863373957665,57.0
1788474418,llama3.1:8b,46.0,6602,3188023,277.84,11.95,50.81445184443908,2.1855481555609235,108.9423076923077,3505472.8653846155,2506545.596153846,53.0,0.1096910856134157,987.2197705207413,53.0
1788474471,llama3.1:8b,46.0,6603,1871978,282.8,11.83,59.51057258256118,2.489427417438822,108.98360655737704,3505194.475409836,2472369.180327869,62.0,0.10854843561973526,976.9359205776174,62.0
1788474533,llama3.1:8b,44.0,6599,1402098,293.14,11.81,58.637612723397275,2.362387276602722,108.85245901639344,3506277.295081967,2431230.6885245903,61.0,0.10849548192771086,976.4593373493976,61.0
1788474594,llama3.1:8b,46.0,6594,2252444,276.48,11.91,50.811193175907626,2.188806824092375,110.0,3504983.326923077,2489639.6153846155,53.0,0.10827272727272727,974.4545454545455,53.0
1788474647,llama3.1:8b,46.0,6600,1370036,269.5,11.89,52.67600127936316,2.323998720636839,109.57407407407408,3504909.036363636,2532112.5636363635,55.0,0.10851106979888457,976.5996281899611,55.0
1788474702,llama3.1:8b,44.0,6596,1200000,289.85,11.84,52.84149292319931,2.1585070768006895,108.96363636363637,3504717.814814815,2456544.407407407,55.0,0.1086601034540297,977.9409310862673,55.0
1788474757,llama3.1:8b,42.0,6608,1101523,281.73,11.92,42.213928145751744,1.7860718542482545,109.74418604651163,3505775.75,2455314.7954545454,44.0,0.10861623225259588,977.5460902733629,44.0
1788474801,llama3.1:8b,46.0,6602,2673770,283.76,11.94,49.90030436252959,2.0996956374704094,110.3076923076923,3505239.862745098,2469844.3529411764,52.0,0.10824267782426777,974.1841004184099,52.0
1788474853,llama3.1:8b,44.0,6602,801703,280.51,11.84,58.52953651445186,2.470463485548145,109.33333333333333,3506146.3278688523,2446151.8032786883,61.0,0.10829268292682927,974.6341463414633,61.00000000000001
1788474914,llama3.1:8b,46.0,6616,1106250,280.5,11.84,50.853458301977156,2.14654169802285,109.17307692307692,3505629.9423076925,2533595.1153846155,53.0,0.10845164699665316,976.0648229698785,53.00000000000001
1788474967,llama3.1:8b,46.0,6609,3005172,293.89,11.79,56.72438497775451,2.275615022245485,109.61016949152543,3505664.593220339,2531090.813559322,59.0,0.10756301221586516,968.0671099427865,58.99999999999999
1788475026,llama3.1:8b,44.0,6613,900000,283.82,11.96,47.01866251944013,1.981337480559876,108.83333333333333,3506018.3125,2471373.6458333335,49.0,0.10989280245022973,989.0352220520675,49.0
1788475075,llama3.1:8b,46.0,6609,1098719,264.01,11.93,50.70859607160977,2.2914039283902294,109.1923076923077,3482250.245283019,2369256.566037736,53.0,0.10925678055653398,983.3110250088059,53.0
1788475128,llama3.1:8b,46.0,6614,1075190,287.38,11.91,49.930702662969026,2.069297337030973,109.09615384615384,3503764.2352941176,2514615.2156862747,52.0,0.10916975145425702,982.5277630883131,52.0
1788475180,llama3.1:8b,46.0,6600,1529852,285.35,11.89,52.799925985735435,2.200074014264567,109.25925925925925,3504901.5272727273,2424037.672727273,55.0,0.10882372881355934,979.4135593220341,55.0
1788475235,llama3.1:8b,46.0,6612,1865352,280.49,11.79,54.70073217462706,2.2992678253729295,109.57894736842105,3505278.535714286,2467335.3035714286,57.0,0.1075936599423631,968.3429394812679,56.99999999999999
1788475292,llama3.1:8b,46.0,6604,1800000,272.69,11.86,48.874327886136,2.1256721138639953,109.54,3506475.1764705884,2480432.705882353,51.0,0.10827095125068467,974.4385612561621,51.0
1788475343,llama3.1:8b,44.0,6603,983905,284.84,11.77,55.69845925626243,2.301540743737568,109.47368421052632,3506813.8245614036,2484457.8421052634,58.0,0.10751442307692308,967.6298076923076,58.0
1788475401,llama3.1:8b,41.0,6604,1256944,281.71,11.83,49.90434012400355,2.0956598759964575,109.65384615384616,3505519.901960784,2485572.6274509802,52.0,0.10788495264819362,970.9645738337426,52.00000000000001
1788475453,llama3.1:8b,42.0,6612,799639,278.78,11.88,49.87463015206771,2.1253698479322924,109.3529411764706,3504688.326923077,2445494.173076923,52.0,0.10863905325443787,977.7514792899409,52.0
1788475505,llama3.1:8b,45.0,6618,1674825,280.49,11.92,44.12482473239629,1.875175267603707,109.5,3507216.434782609,2504164.847826087,46.0,0.10885844748858448,979.7260273972603,46.0
1788475551,llama3.1:8b,46.0,6606,1500000,283.61,11.97,53.7321875634346,2.267812436565397,109.14545454545454,3506715.4909090907,2507877.0545454547,56.0,0.10967016491754124,987.0314842578712,56.0
1788475607,llama3.1:8b,46.0,6609,1565171,292.03,11.95,49.95578656490559,2.0442134350944143,109.41176470588235,3505235.7843137253,2469822.294117647,52.0,0.10922043010752688,982.983870967742,52.0
1788475659,llama3.1:8b,46.0,6607,2500000,270.06,11.93,39.26543494450158,1.7345650554984218,109.34146341463415,3504863.2195121953,2484354.6341463416,41.0,0.10910774035244256,981.969663171983,41.0
1788475700,llama3.1:8b,41.0,6607,1391388,288.8,11.88,54.74790474923507,2.2520952507649326,109.51785714285714,3469587.339285714,2461215.3928571427,57.0,0.10847546062285995,976.2791456057396,57.0
1788475757,llama3.1:8b,47.0,6600,1374938,288.6,11.93,51.8563870495458,2.143612950454197,109.98148148148148,3506180.0,2474441.3518518517,54.0,0.10847280686984341,976.2552618285907,54.0
1788475811,llama3.1:8b,46.0,6605,1400000,277.27,11.86,61.374744924428455,2.625255075571542,109.65079365079364,3505499.1587301586,2449024.285714286,64.0,0.1081615518239722,973.4539664157498,64.0
1788475875,llama3.1:8b,46.0,6596,2700000,283.1,11.86,47.02976674803363,1.970233251966368,109.72916666666667,3504526.8775510206,2460461.5102040814,49.0,0.10808429846212264,972.7586861591038,49.0
1788475924,llama3.1:8b,44.0,6592,1098698,270.42,11.97,40.21969616487836,1.78030383512164,110.07142857142857,3505165.073170732,2517519.8292682925,42.0,0.10874756651524985,978.7280986372486,42.0
1788475966,llama3.1:8b,46.0,6616,1785521,279.32,11.97,47.94534656184558,2.054653438154417,109.53061224489795,3485375.04,2403235.36,50.0,0.10928451648965903,983.5606484069313,50.0
1788476016,llama3.1:8b,46.0,6608,1429206,275.3,11.9,48.886838440111426,2.11316155988858,109.23529411764706,3504628.52,2508194.14,51.0,0.10893914916532041,980.4523424878837,51.00000000000001
1788476067,llama3.1:8b,47.0,6600,1088756,290.39,11.91,51.87251075090968,2.1274892490903077,109.24528301886792,3506264.314814815,2476576.703703704,54.0,0.10902072538860104,981.1865284974093,53.99999999999999
1788476121,llama3.1:8b,46.0,6603,1050433,279.42,11.74,59.500068690754226,2.4999313092457753,109.63934426229508,3506606.4098360655,2487066.819672131,62.0,0.10707834928229665,963.7051435406698,62.0
1788476183,llama3.1:8b,42.0,6598,1490418,287.67,11.72,61.494639099502315,2.5053609004976782,109.296875,3505847.40625,2482342.390625,64.0,0.10723087919942817,965.0779127948534,63.99999999999999
1788476247,llama3.1:8b,44.0,6610,800000,278.22,11.96,35.475015507615964,1.5249844923840377,109.80555555555556,3505185.0555555555,2501894.3333333335,37.0,0.10891980774095625,980.2782696686062,37.0
1788476284,llama3.1:8b,44.0,6607,1904166,278.59,11.73,65.25254891154587,2.74745108845412,110.0,3506361.161764706,2456691.529411765,68.0,0.10663636363636364,959.7272727272727,67.99999999999999
1788476352,llama3.1:8b,44.0,6610,1000000,274.56,11.92,46.961184026808155,2.038815973191846,109.55102040816327,3508961.5208333335,2473048.1875,49.0,0.10880774962742175,979.2697466467957,49.0
1788476401,llama3.1:8b,45.0,6596,2164041,281.8,11.84,55.661354038959274,2.33864596104073,109.66666666666667,3504479.379310345,2521715.379310345,58.0,0.10796352583586626,971.6717325227963,58.00000000000001
1788476459,llama3.1:8b,42.0,6637,800000,276.43,12.0,40.25260895191207,1.7473910480879242,109.64285714285714,3505041.1219512196,2501786.7317073173,42.0,0.10944625407166124,985.0162866449512,42.0
1788476501,llama3.1:8b,42.0,6642,1262068,281.1,11.87,51.81213093490801,2.1878690650919883,109.43396226415095,3505339.0185185187,2449227.9444444445,54.0,0.10846724137931033,976.2051724137929,54.0
1788476555,llama3.1:8b,44.0,6609,1490463,281.47,12.11,36.43252265140677,1.567477348593228,110.0,3506592.135135135,2437689.945945946,38.0,0.11009090909090909,990.8181818181818,38.0
1788476593,llama3.1:8b,46.0,6613,1401662,283.33,12.03,50.84131229685808,2.1586877031419287,109.03846153846153,3505024.6981132077,2429546.6981132077,53.0,0.11032804232804233,992.952380952381,53.00000000000001
1788476646,llama3.1:8b,46.0,6612,1900000,286.42,11.96,48.95576110999397,2.044238890006033,109.98,3506104.82,2430168.9,51.0,0.10874704491725769,978.7234042553192,51.00000000000001
1788476697,llama3.1:8b,47.0,6612,1568907,272.88,11.95,42.15398658849138,1.846013411508619,109.75,3507735.2045454546,2425676.977272727,44.0,0.10888382687927106,979.9544419134395,44.0
1788476741,llama3.1:8b,48.0,6606,2199396,284.3,12.06,42.20947496288298,1.7905250371170198,109.3953488372093,3506070.1395348837,2438011.604651163,44.0,0.11024234693877552,992.1811224489797,44.0
1788476785,llama3.1:8b,46.0,6597,1755470,287.01,11.93,53.76517026828126,2.2348297317187398,109.35714285714286,3503804.3928571427,2411872.910714286,56.0,0.10909209666884388,981.8288700195949,56.0
1788476841,llama3.1:8b,46.0,6605,1161045,276.29,11.96,36.4233130962706,1.5766869037294018,109.35135135135135,3505695.891891892,2458324.945945946,38.0,0.10937221947602571,984.3499752842313,38.0
1788476879,llama3.1:8b,46.0,6601,3086626,271.65,11.79,61.33784928027095,2.662150719729043,109.4375,3506636.8125,2453156.984375,64.0,0.10773272415762421,969.5945174186179,63.99999999999999
1788476943,llama3.1:8b,46.0,6602,1266129,281.45,11.94,45.087255871024915,1.9127441289750844,109.41304347826087,3504689.217391304,2488906.9782608696,47.0,0.10912775680508642,982.1498112457779,47.0
1788476990,llama3.1:8b,46.0,6600,1621433,281.08,11.83,50.85944488068008,2.140555119319928,109.17307692307692,3504759.5094339624,2442431.4150943398,53.0,0.10836004932182491,975.2404438964243,53.00000000000001
1788477043,llama3.1:8b,44.0,6609,3396821,280.56,11.91,43.16750435942147,1.8324956405785209,109.64444444444445,3504332.840909091,2437736.6136363638,45.0,0.10862383461694365,977.6145115524929,44.99999999999999
1788477088,llama3.1:8b,47.0,6603,1582232,284.03,11.95,42.22352861679843,1.776471383201568,109.46511627906976,3506764.6818181816,2468516.590909091,44.0,0.10916719779052475,982.5047801147228,44.0
1788477132,llama3.1:8b,46.0,6612,1200000,282.05,11.9,51.813913930940636,2.186086069059364,109.33333333333333,3505710.0943396227,2460288.5849056602,54.0,0.10884146341463416,979.5731707317075,54.0
1788477186,llama3.1:8b,46.0,6609,802064,287.68,11.84,48.02350427350427,1.9764957264957268,109.51020408163265,3505555.06,2405407.58,50.0,0.10811777860603802,973.0600074543422,50.0
1788477236,llama3.1:8b,42.0,6612,925111,288.04,11.95,41.28710957031901,1.7128904296809893,109.83720930232558,3505863.930232558,2432012.395348837,43.0,0.1087973745500741,979.1763709506669,43.0
1788477279,llama3.1:8b,46.0,6613,800000,283.49,11.98,52.76999356956713,2.2300064304328697,109.77777777777777,3505823.722222222,2449754.0185185187,55.0,0.10912955465587046,982.1659919028341,55.0
1788477334,llama3.1:8b,46.0,6613,2566484,291.95,11.83,57.663440647837255,2.3365593521627495,109.63333333333334,3505157.915254237,2464858.2033898304,60.0,0.10790513833992094,971.1462450592885,60.00000000000001
1788477394,llama3.1:8b,41.0,6615,1781913,273.25,11.91,52.702868565016125,2.2971314349838683,109.85185185185185,3505238.581818182,2459991.345454545,55.0,0.1084187457855698,975.7687120701282,54.99999999999999
1788477449,llama3.1:8b,46.0,6619,800000,293.58,11.86,58.63141697223677,2.368583027763227,109.65,3504835.3666666667,2479866.3,61.0,0.10816233470132237,973.4610123119014,61.0
1788477510,llama3.1:8b,41.0,6615,1618175,282.06,12.01,46.039650423368585,1.9603495766314145,109.42553191489361,3476096.3541666665,2394143.6875,48.0,0.10975500680536653,987.7950612482987,48.0
1788477558,llama3.1:8b,46.0,6611,1496929,276.02,11.99,54.627061560362485,2.3729384396375126,109.10526315789474,3506129.1785714286,2460251.0,57.0,0.10989387361312108,989.0448625180898,57.0
1788477615,llama3.1:8b,46.0,6620,1566448,277.77,11.81,62.34909178810692,2.650908211893087,109.59375,3505864.1384615386,2447971.969230769,65.0,0.10776161961790705,969.8545765611634,65.0
1788477680,llama3.1:8b,44.0,6621,1200000,287.08,11.92,46.08642140468227,1.9135785953177258,108.95833333333333,3506661.4468085105,2497179.0425531915,48.0,0.10939961759082219,984.5965583173997,47.99999999999999
1788477728,llama3.1:8b,46.0,6608,1447789,286.89,11.78,57.633508554592034,2.3664914454079757,109.33898305084746,3505176.5762711866,2542960.084745763,60.0,0.10773833514183846,969.6450162765462,60.00000000000001
1788477788,llama3.1:8b,44.0,6613,1400000,286.92,11.76,56.67697870630775,2.323021293692246,109.60344827586206,3505534.305084746,2494719.8474576273,59.0,0.10729589428975932,965.663048607834,58.99999999999999
1788477847,llama3.1:8b,46.0,6606,1569256,287.18,11.7,65.33806209850107,2.6619379014989293,109.50746268656717,3505231.0149253733,2485831.8208955224,68.0,0.10684203352869019,961.5783017582118,68.0
1788477915,llama3.1:8b,46.0,6597,1196657,286.18,11.87,55.6901191075323,2.3098808924677066,109.12068965517241,3505408.396551724,2503309.603448276,58.0,0.10877863801548428,979.0077421393585,58.0
1788477973,llama3.1:8b,47.0,6613,1640709,277.15,11.93,45.060363913103636,1.939636086896361,109.0,3506147.695652174,2521797.652173913,47.0,0.10944954128440366,985.0458715596329,47.0
1788478020,llama3.1:8b,47.0,6606,2951239,283.19,11.86,54.708795119471276,2.2912048805287237,109.21052631578948,3507349.4385964912,2535167.3157894737,57.0,0.10859759036144577,977.3783132530119,57.0
1788478077,llama3.1:8b,46.0,6613,3500000,292.55,11.89,55.73479174878465,2.2652082512153466,109.10526315789474,3506181.263157895,2461822.736842105,58.0,0.10897732754462132,980.7959479015918,58.0
1788478135,llama3.1:8b,46.0,6607,798804,269.57,11.78,57.48782655055981,2.512173449440199,109.22033898305085,3506795.6333333333,2422129.466666667,60.0,0.10785536933581626,970.6983240223464,60.00000000000001
1788478195,llama3.1:8b,46.0,6608,1200000,281.28,11.88,47.9738027015964,2.0261972984036025,108.98,3504437.551020408,2519635.2653061226,50.0,0.10901082767480272,981.0974490732244,50.0
1788478245,llama3.1:8b,46.0,6614,2472145,280.87,11.97,45.07884851796202,1.9211514820379727,109.45652173913044,3506058.595744681,2428128.1276595746,47.0,0.10935849056603773,984.2264150943396,46.99999999999999
1788478292,llama3.1:8b,46.0,6607,1557446,275.42,11.77,57.541000731223235,2.458999268776768,109.42372881355932,3506290.9491525423,2485945.474576271,60.0,0.10756350681536554,968.0715613382899,60.0
1788478352,llama3.1:8b,44.0,6615,938615,287.97,11.74,61.493043275165995,2.506956724834006,109.828125,3505168.0317460317,2461713.3174603176,64.0,0.10689429506330915,962.0486555697822,64.0
1788478416,llama3.1:8b,42.0,6608,1032347,279.21,11.87,48.920262470798406,2.079737529201594,109.72,3507786.5098039214,2488143.843137255,51.0,0.10818446955887713,973.6602260298941,51.0
1788478467,llama3.1:8b,46.0,6618,1400000,288.36,12.1,43.187778739266456,1.8122212607335415,109.02222222222223,3507624.3636363638,2484188.6363636362,45.0,0.11098654708520178,998.878923766816,45.0
1788478512,llama3.1:8b,44.0,6615,1464200,286.11,11.97,46.07246376811594,1.9275362318840579,109.29787234042553,3506469.6875,2416610.3958333335,48.0,0.1095172279540588,985.6550515865291,47.99999999999999
1788478560,llama3.1:8b,46.0,6609,998704,277.28,11.95,46.97548663693255,2.024513363067455,109.04081632653062,3503986.0208333335,2444830.2083333335,49.0,0.1095919895189968,986.3279056709712,49.00000000000001
1788478609,llama3.1:8b,47.0,6596,1134607,291.83,11.86,49.008297935394644,1.991702064605354,109.28,3504097.9215686275,2435148.6470588236,51.0,0.10852855051244509,976.7569546120058,51.0
1788478660,llama3.1:8b,41.0,6604,1200000,289.25,11.71,62.47092636895269,2.5290736310473156,109.3125,3484501.40625,2489106.0,65.0,0.10712407089765581,964.1166380789023,65.0
1788478725,llama3.1:8b,44.0,6604,2701588,287.14,11.89,46.0914289536167,1.9085710463833063,109.83333333333333,3507047.1041666665,2633048.9791666665,48.0,0.10825493171471928,974.2943854324735,48.00000000000001
1788478773,llama3.1:8b,46.0,6614,3506554,286.78,11.87,47.05246944583961,1.9475305541603884,109.0625,3505029.75,2475796.8125,49.0,0.10883667621776504,979.5300859598854,49.0
1788478822,llama3.1:8b,42.0,6620,1035567,282.97,11.84,51.83128116413962,2.1687188358603846,109.5925925925926,3506510.407407407,2459317.388888889,54.0,0.10803649881716795,972.3284893545116,54.0
1788478876,llama3.1:8b,46.0,6610,1008070,287.7,11.81,53.79186003806217,2.208139961937832,109.69090909090909,3505410.0545454547,2554403.4363636365,56.0,0.1076661694016244,968.9955246146196,56.0
1788478932,llama3.1:8b,42.0,6615,1542249,287.69,11.91,53.77383177570093,2.2261682242990655,109.32727272727273,3504798.6785714286,2494100.410714286,56.0,0.10893896557458839,980.4506901712956,55.99999999999999
1788478988,llama3.1:8b,46.0,6610,1327688,282.17,11.9,56.612473220661755,2.387526779338253,108.94915254237289,3505138.4310344825,2407783.1896551726,59.0,0.1092252644679527,983.0273802115744,59.00000000000001
1788479047,llama3.1:8b,46.0,6613,1100000,280.62,11.95,48.91690877396863,2.0830912260313768,109.74,3506899.2156862747,2456499.68627451,51.0,0.10889374886094405,980.0437397484965,51.00000000000001
1788479098,llama3.1:8b,44.0,6616,3278341,281.53,11.87,56.61305385139741,2.3869461486025907,109.46551724137932,3505245.5172413792,2449394.5344827585,59.0,0.10843597416916048,975.9237675224445,59.0
1788479157,llama3.1:8b,46.0,6609,1279336,283.66,12.01,46.05025873439984,1.9497412656001623,109.375,3504862.340425532,2511369.340425532,48.0,0.10980571428571428,988.2514285714285,48.0
1788479205,llama3.1:8b,44.0,6603,1272091,288.33,11.81,52.835843273139204,2.164156726860799,109.75925925925925,3505555.581818182,2500664.8363636364,55.0,0.10759912265901807,968.3921039311625,55.0
1788479260,llama3.1:8b,46.0,6613,3500000,271.97,11.85,49.82890564442252,2.171094355577478,109.42307692307692,3505118.411764706,2533208.31372549,52.0,0.10829525483304042,974.6572934973639,52.0
1788479312,llama3.1:8b,46.0,6616,3411475,279.64,12.08,43.13656931303991,1.863430686960099,109.9090909090909,3507003.6222222224,2548290.222222222,45.0,0.10990901571546734,989.1811414392059,45.00000000000001
1788479357,llama3.1:8b,46.0,6609,1100000,288.94,12.06,47.03674418604651,1.9632558139534884,109.75,3504365.6938775512,2515786.448979592,49.0,0.10988610478359909,988.9749430523917,49.0
1788479406,llama3.1:8b,46.0,6605,1186586,287.16,12.05,46.06690952842485,1.9330904715751478,109.3125,3504000.340425532,2379180.234042553,48.0,0.11023441966838193,992.1097770154374,48.0
1788479454,llama3.1:8b,44.0,6611,1585997,290.81,11.86,49.96240129513992,2.0375987048600783,109.47058823529412,3504369.230769231,2489030.769230769,52.0,0.10833960236432025,975.0564212788822,52.0
1788479506,llama3.1:8b,46.0,6618,1600000,267.25,11.93,45.948850204169354,2.051149795830647,109.47916666666667,3506157.638297872,2505264.936170213,48.0,0.10897050428163653,980.7345385347288,48.0
1788479554,llama3.1:8b,47.0,6608,3364848,291.94,11.77,68.24846070264397,2.7515392973560306,109.28571428571429,3504503.342857143,2498235.5714285714,71.0,0.10769934640522875,969.2941176470588,71.0
1788479625,llama3.1:8b,46.0,6617,867787,285.72,11.85,52.809759048291156,2.1902409517088413,109.68518518518519,3504385.018181818,2509214.4363636365,55.0,0.108036468006078,972.328212054702,55.0
1788479680,llama3.1:8b,45.0,6612,1896408,285.61,11.88,56.64388718948536,2.356112810514639,109.11864406779661,3506595.1379310344,2442740.9310344825,59.0,0.10887232059645853,979.8508853681268,59.0
1788479739,llama3.1:8b,46.0,6602,1683072,288.13,11.9,48.97720227977203,2.0227977202279774,109.28,3505840.0392156863,2512196.4509803923,51.0,0.10889458272327965,980.0512445095169,51.00000000000001
1788479790,llama3.1:8b,44.0,6611,1276988,282.93,11.92,52.77649652365609,2.2235034763439034,109.61111111111111,3506080.962962963,2469031.0185185187,55.0,0.10874809934110491,978.7328940699441,54.99999999999999
1788479845,llama3.1:8b,44.0,6609,800000,288.85,11.76,58.61365224044443,2.38634775955557,109.36065573770492,3505484.131147541,2498895.6721311477,61.0,0.10753410283315845,967.8069254984262,61.0
1788479906,llama3.1:8b,47.0,6603,1400000,288.47,11.76,59.57146187922593,2.428538120774073,109.31147540983606,3506428.344262295,2531872.2622950817,62.0,0.10758248350329934,968.242351529694,62.0
1788479968,llama3.1:8b,46.0,6604,873902,280.48,12.13,41.217456682956836,1.7825433170431633,109.72093023255815,3506235.9534883723,2463459.8372093025,43.0,0.11055320050869012,994.9788045782111,43.0
1788480011,llama3.1:8b,45.0,6608,1823024,288.03,11.97,45.1247,1.8753000000000002,109.76086956521739,3505334.3260869565,2480942.1304347827,47.0,0.10905525846702319,981.4973262032087,47.0
1788480058,llama3.1:8b,44.0,6609,800000,281.36,11.82,53.74227437069378,2.257725629306228,109.49090909090908,3503951.4464285714,2426465.9821428573,56.0,0.10795416805048158,971.5875124543342,56.00000000000001
1788480114,llama3.1:8b,46.0,6606,1725052,286.77,11.94,59.521743497037264,2.4782565029627395,108.7741935483871,3505168.5409836066,2368771.4590163934,62.0,0.10976868327402134,987.9181494661921,62.0
1788480176,llama3.1:8b,46.0,6588,1091129,283.78,11.99,44.13524022044156,1.8647597795584407,109.04444444444445,3503947.804347826,2431178.6086956523,46.0,0.10995516608926023,989.596494803342,46.0
1788480222,llama3.1:8b,46.0,6585,1362227,294.9,11.99,52.85118446348854,2.1488155365114534,109.70370370370371,3504958.8333333335,2421944.796296296,55.0,0.10929439567859554,983.6495611073599,55.0
1788480277,llama3.1:8b,46.0,6602,2190951,284.06,11.94,48.94277027027027,2.0572297297297295,109.49019607843137,3503997.7,2440927.32,51.0,0.10905085959885387,981.4577363896849,51.0
1788480328,llama3.1:8b,44.0,6605,1586127,279.06,11.87,52.75598941326092,2.244010586739078,109.27777777777777,3506796.981818182,2476080.581818182,55.0,0.10862226741230299,977.6004067107269,55.0
1788480383,llama3.1:8b,47.0,6611,1021063,277.2,11.89,46.98467605244042,2.0153239475595837,109.38775510204081,3504951.6041666665,2486875.875,49.0,0.10869589552238806,978.2630597014926,49.00000000000001
1788480432,llama3.1:8b,46.0,6600,2780937,289.05,11.91,50.90261164274322,2.097388357256778,109.63461538461539,3505440.679245283,2526055.132075472,53.0,0.10863357305735835,977.7021575162252,52.99999999999999
1788480485,llama3.1:8b,44.0,6608,1101886,280.68,11.91,54.679790833589664,2.320209166410335,108.69642857142857,3505584.2678571427,2484394.2321428573,57.0,0.10957121734844752,986.1409561360276,57.0
1788480542,llama3.1:8b,46.0,6603,1592272,278.69,12.03,43.13789900935608,1.8621009906439188,109.86666666666666,3506591.2666666666,2503494.066666667,45.0,0.10949635922330098,985.4672330097087,45.0
1788480587,llama3.1:8b,44.0,6608,800000,287.4,12.0,48.95591182364729,2.0440881763527057,109.96,3505908.28,2533048.4,51.0,0.10913059294288834,982.1753364859951,51.0
1788480638,llama3.1:8b,44.0,6604,1586192,276.07,11.94,47.92715530710739,2.072844692892608,110.18,3505680.32,2437898.58,50.0,0.10836812488654927,975.3131239789435,50.0
1788480688,llama3.1:8b,46.0,6610,3479890,275.34,11.89,56.55767155241444,2.442328447585559,108.93103448275862,3505429.4655172415,2465967.8448275863,59.0,0.10915163026274138,982.3646723646724,59.0
1788480747,llama3.1:8b,44.0,6612,898589,285.37,12.04,42.21875525369019,1.7812447463098078,108.5909090909091,3505807.1136363638,2446917.8863636362,44.0,0.11087484303055671,997.8735872750103,44.0
1788480791,llama3.1:8b,46.0,6613,898613,289.31,11.81,57.64678533475026,2.3532146652497343,109.30508474576271,3504875.5423728814,2486018.084745763,60.0,0.10804620871452938,972.4158784307645,60.0
1788480851,llama3.1:8b,46.0,6601,897464,286.75,11.99,44.153779205998525,1.846220794001473,109.88888888888889,3504377.217391304,2460452.065217391,46.0,0.10911021233569262,981.9919110212337,46.0
1788480897,llama3.1:8b,46.0,6611,1370913,275.99,11.9,48.89190315745598,2.108096842544027,109.3529411764706,3504309.7,2516411.94,51.0,0.10882194728348574,979.3975255513717,51.00000000000001
1788480948,llama3.1:8b,46.0,6602,973721,286.47,12.0,38.39179817067042,1.6082018293295808,109.38461538461539,3506129.425,2490417.275,40.0,0.10970464135021096,987.3417721518986,40.0
1788480988,llama3.1:8b,44.0,6608,1003640,279.73,11.88,49.88155413051678,2.118445869483214,109.07692307692308,3506113.3921568627,2435426.156862745,52.0,0.10891396332863187,980.2256699576869,52.0
1788481040,llama3.1:8b,46.0,6609,2593978,281.1,11.85,51.815668202764975,2.1843317972350227,109.41509433962264,3504513.185185185,2509267.1481481483,54.0,0.10830315571650284,974.7284014485256,54.0
1788481094,llama3.1:8b,44.0,6603,1100000,274.66,11.74,58.49951117318436,2.500488826815642,109.75,3506233.1,2479863.6666666665,61.0,0.10697038724373577,962.7334851936218,61.0
1788481155,llama3.1:8b,44.0,6608,1157906,270.2,11.9,52.67990074441688,2.320099255583127,109.05454545454545,3504627.7454545456,2586242.272727273,55.0,0.10911970656885629,982.0773591197067,55.0
1788481210,llama3.1:8b,44.0,6610,3500000,284.24,11.81,58.56659348083094,2.433406519169059,109.23333333333333,3506389.75,2499400.4166666665,61.0,0.10811718034787916,973.0546231309125,61.0
1788481271,llama3.1:8b,46.0,6606,1381768,288.89,11.94,45.134561047767846,1.8654389522321577,109.08510638297872,3506166.638297872,2487720.638297872,47.0,0.10945582211819778,985.10239906378,47.00000000000001
1788481318,llama3.1:8b,46.0,6610,1045213,293.75,11.89,51.899293286219084,2.100706713780919,109.33962264150944,3479712.169811321,2436766.962264151,54.0,0.10874374460742019,978.6937014667816,54.0
1788481372,llama3.1:8b,44.0,6616,1666862,277.99,11.95,53.691936262675036,2.308063737324964,109.87272727272727,3506374.3571428573,2436313.1964285714,56.0,0.10876220420321031,978.8598378288928,56.0
1788481428,llama3.1:8b,44.0,6613,799064,285.59,11.93,58.554013175584835,2.4459868244151655,109.50819672131148,3506454.9166666665,2457452.783333333,61.0,0.10894161676646706,980.4745508982036,61.0
1788481489,llama3.1:8b,46.0,6609,1592331,267.8,12.0,47.855611150822014,2.144388849177984,109.81632653061224,3504649.16,2465520.5,50.0,0.10927336926221892,983.4603233599704,50.0
1788481539,llama3.1:8b,44.0,6609,1500000,279.87,11.92,49.87573254737996,2.124267452620035,109.32692307692308,3506719.0588235296,2493636.725490196,52.0,0.10903078276165347,981.2770448548813,51.99999999999999
1788481591,llama3.1:8b,41.0,6611,1797833,285.21,11.98,55.66196709175947,2.33803290824052,109.56140350877193,3506713.2280701753,2464502.4210526315,58.0,0.10934507606084869,984.1056845476382,57.99999999999999
1788481649,llama3.1:8b,42.0,6604,1987231,289.24,11.98,52.812562246862754,2.1874377531372415,109.5,3508314.963636364,2463856.381818182,55.0,0.10940639269406394,984.6575342465753,54.99999999999999
1788481704,llama3.1:8b,46.0,6611,1001121,280.07,11.95,45.07667283062804,1.923327169371961,109.04255319148936,3505999.9565217393,2466135.2608695654,47.0,0.10959024390243902,986.312195121951,47.0
1788481751,llama3.1:8b,46.0,6609,2200000,279.49,11.82,52.76835673337682,2.231643266623185,109.16666666666667,3505399.6,2495272.0,55.0,0.10827480916030534,974.473282442748,55.00000000000001
1788481806,llama3.1:8b,46.0,6603,1491050,275.41,11.84,52.732985204525676,2.2670147954743256,109.31481481481481,3504871.092592593,2516977.888888889,55.0,0.10831102829069965,974.7992546162968,55.0
1788481861,llama3.1:8b,47.0,6604,3148387,286.66,11.79,56.669257832132686,2.3307421678673137,109.35593220338983,3504730.474576271,2499175.86440678,59.0,0.10781308121512709,970.3177309361438,59.0
1788481920,llama3.1:8b,44.0,6613,1380608,277.81,11.94,41.228058671268336,1.7719413287316652,109.45238095238095,3504416.523809524,2434954.6666666665,43.0,0.10908853600174026,981.7968240156623,43.0
1788481963,llama3.1:8b,46.0,6602,1600000,280.36,11.83,54.692220815222974,2.3077791847770284,109.15789473684211,3505237.1403508773,2452358.3859649124,57.0,0.10837512054001928,975.3760848601736,57.0
1788482020,llama3.1:8b,44.0,6611,2690181,290.28,11.96,48.021439915299105,1.9785600847009004,109.53061224489795,3505947.2448979593,2460358.0408163266,50.0,0.10919321781255824,982.7389603130241,50.00000000000001
1788482070,llama3.1:8b,46.0,6606,1397517,284.59,11.95,53.743306130707495,2.256693869292507,109.14545454545454,3505037.589285714,2465200.8571428573,56.0,0.10948692320506413,985.3823088455772,56.0
1788482126,llama3.1:8b,47.0,6610,1131010,279.61,12.04,40.266140922338415,1.7338590776615803,109.5,3504890.536585366,2478398.0975609757,42.0,0.10995433789954337,989.5890410958903,41.99999999999999
1788482168,llama3.1:8b,46.0,6611,1388392,284.41,11.86,60.47804367637628,2.5219563236237215,109.2258064516129,3505416.476190476,2481836.714285714,63.0,0.10858239810986414,977.2415829887773,63.0
1788482231,llama3.1:8b,42.0,6612,1779742,281.14,11.85,51.81596641523601,2.1840335847639847,109.05555555555556,3504680.547169811,2452479.867924528,54.0,0.1086602139582272,977.9419256240449,54.0
1788482285,llama3.1:8b,44.0,6612,1179746,288.39,12.04,41.276736677429014,1.7232633225709815,109.71428571428571,3504415.6511627906,2403275.88372093,43.0,0.10973958333333333,987.65625,42.99999999999999
1788482328,llama3.1:8b,44.0,6618,1385613,279.74,11.9,57.551776162391995,2.44822383760801,110.05084745762711,3505064.0,2468966.7118644067,60.0,0.10813183428307409,973.1865085476668,60.00000000000001
1788482388,llama3.1:8b,44.0,6609,1062878,291.24,11.99,45.14157570161264,1.858424298387363,109.02127659574468,3506295.829787234,2419994.659574468,47.0,0.10997853239656519,989.8067915690866,47.0
1788482435,llama3.1:8b,47.0,6605,1487475,285.71,11.94,47.99428859398623,2.005711406013775,109.12244897959184,3504832.0204081633,2567946.285714286,50.0,0.10941836543856368,984.7652889470731,50.0
1788482485,llama3.1:8b,46.0,6610,1655183,280.86,12.01,39.31867381432035,1.6813261856796529,110.0,3504446.8292682925,2422612.6341463416,41.0,0.10918181818181819,982.6363636363636,41.0
1788482526,llama3.1:8b,42.0,6616,2181644,286.64,11.99,36.47429930013729,1.5257006998627063,109.37837837837837,3505519.891891892,2415315.810810811,38.0,0.10961947121324439,986.5752409191996,37.99999999999999
1788482564,llama3.1:8b,46.0,6611,1049929,284.43,11.93,53.74571467134566,2.254285328654339,110.14285714285714,3494417.0,2468616.035714286,56.0,0.10831387808041505,974.8249027237355,56.0
1788482620,llama3.1:8b,42.0,6607,1388863,269.26,11.82,60.35071865661022,2.6492813433897826,110.04838709677419,3506450.6774193547,2451731.2741935486,63.0,0.10740729884215156,966.665689579364,63.0
1788482683,llama3.1:8b,46.0,6605,3489616,274.97,11.85,54.6450387002301,2.35496129976989,110.08928571428571,3504874.0877192984,2407746.0877192984,57.0,0.10763990267639903,968.7591240875913,56.99999999999999
1788482740,llama3.1:8b,44.0,6599,1400000,272.69,11.91,51.74019676739283,2.259803232607168,109.33333333333333,3505432.4905660376,2439821.2264150945,54.0,0.10893292682926829,980.3963414634146,54.0
1788482794,llama3.1:8b,44.0,6608,1178775,280.97,11.96,51.79524118390059,2.2047588160994094,109.88679245283019,3507830.925925926,2459278.3333333335,54.0,0.10883928571428572,979.5535714285714,54.0
1788482848,llama3.1:8b,44.0,6610,1500000,287.63,11.93,54.72997062358125,2.2700293764187474,109.83928571428571,3506906.0535714286,2487030.125,57.0,0.1086132336205495,977.5191025849455,57.0
1788482905,llama3.1:8b,41.0,6602,1400000,281.53,11.99,48.91670073589534,2.0832992641046606,109.98039215686275,3505073.6274509802,2440427.4509803923,51.0,0.10901943305402033,981.1748974861829,51.0
1788482956,llama3.1:8b,44.0,6604,905747,287.85,11.86,49.94227753495045,2.0577224650495474,109.76470588235294,3505358.5098039214,2474729.68627451,52.0,0.10804930332261521,972.4437299035369,52.0
1788483008,llama3.1:8b,46.0,6609,3307990,285.93,11.8,54.7409061901723,2.259093809827696,109.43859649122807,3506865.6842105263,2540398.298245614,57.0,0.10782302019878166,970.4071817890349,57.0
1788483065,llama3.1:8b,42.0,6604,800000,282.53,11.9,45.100397377984585,1.8996026220154199,109.19565217391305,3506900.8913043477,2601353.5434782607,47.0,0.10897869798924946,980.8082819032451,47.00000000000001
1788483112,llama3.1:8b,46.0,6610,1137388,281.87,11.88,47.977872340425535,2.022127659574468,109.22448979591837,3505604.06,2494708.16,50.0,0.10876681614349776,978.9013452914799,50.0
1788483162,llama3.1:8b,45.0,6616,769827,273.78,12.09,42.139154160982265,1.8608458390177356,109.0909090909091,3504936.023255814,2350369.581395349,44.0,0.11082499999999999,997.425,44.0
1788483206,llama3.1:8b,47.0,6619,1905491,290.17,11.83,55.72801324503312,2.2719867549668877,109.08771929824562,3504922.775862069,2403100.172413793,58.0,0.10844483756834995,976.0035381151496,58.00000000000001
1788483264,llama3.1:8b,46.0,6607,1600000,285.77,11.96,46.07181002922111,1.9281899707788939,108.95833333333333,3504824.8723404254,2453726.404255319,48.0,0.10976673040152965,987.9005736137669,48.00000000000001
1788483312,llama3.1:8b,42.0,6604,1596774,288.41,11.92,48.975826590750174,2.024173409249825,109.84,3506452.588235294,2414200.411764706,51.0,0.10852148579752367,976.6933721777131,51.0
1788483363,llama3.1:8b,46.0,6609,2583027,273.71,11.91,48.87336320985925,2.126636790140746,109.66666666666667,3504186.22,2457011.8,51.0,0.10860182370820669,977.4164133738601,50.99999999999999
1788483414,llama3.1:8b,47.0,6606,1220050,280.33,11.92,39.32773310521814,1.6722668947818649,109.35,3506646.512195122,2541241.048780488,41.0,0.10900777320530407,981.0699588477365,41.0
1788483455,llama3.1:8b,46.0,6607,1200444,267.26,11.87,46.91627557052269,2.083724429477304,109.81632653061224,3505339.7916666665,2515029.6458333335,49.0,0.10808957442854487,972.8061698569039,49.0
1788483504,llama3.1:8b,46.0,6614,1031891,279.7,11.95,46.992285273444196,2.007714726555803,109.52083333333333,3504940.2653061226,2383306.4693877553,49.0,0.10911166064295225,982.0049457865701,49.0
1788483553,llama3.1:8b,47.0,6611,1571165,283.6,11.93,45.10269684972761,1.8973031502723916,108.8695652173913,3506040.3913043477,2575280.217391304,47.0,0.10958067092651758,986.2260383386582,47.0
1788483600,llama3.1:8b,46.0,6609,1738461,292.22,11.89,51.88872447469666,2.1112755253033444,109.5925925925926,3505046.7407407407,2539415.611111111,54.0,0.10849273403176748,976.4346062859073,54.0
1788483654,llama3.1:8b,46.0,6634,1377684,279.93,11.95,46.034808825544744,1.9651911744552555,109.74468085106383,3503868.3829787234,2439322.85106383,48.0,0.10888910430399379,980.0019387359441,48.0
1788483702,llama3.1:8b,44.0,6610,1593580,284.45,11.8,55.68978902953586,2.3102109704641354,108.98275862068965,3505893.5172413792,2579686.120689655,58.0,0.10827400727732955,974.4660654959661,57.99999999999999
1788483760,llama3.1:8b,46.0,6613,1190410,273.87,11.93,45.038103568929316,1.9618964310706788,109.23913043478261,3463328.5217391304,2446295.586956522,47.0,0.10920995024875621,982.8895522388059,46.99999999999999
1788483807,llama3.1:8b,44.0,6616,3501799,285.24,11.86,49.92420060585661,2.075799394143386,109.75,3504975.7115384615,2470075.6153846155,52.0,0.10806378132118451,972.5740318906605,52.0
1788483859,llama3.1:8b,46.0,6603,1087885,285.02,11.84,49.92602573603719,2.0739742639628114,109.27450980392157,3504838.7647058824,2430241.3333333335,52.0,0.10835097792930198,975.1588013637178,52.0
1788483911,llama3.1:8b,44.0,6610,798950,275.12,11.81,50.818527166904815,2.1814728330951803,109.36538461538461,3504487.5283018867,2434434.4716981133,53.0,0.10798663618779673,971.8797256901706,52.99999999999999
1788483964,llama3.1:8b,46.0,6605,1560128,281.9,11.92,44.13382342931046,1.866176570689538,109.3695652173913,3505835.177777778,2476580.8,46.0,0.10898827270920294,980.8944543828266,46.0
1788484010,llama3.1:8b,46.0,6618,1598541,278.82,11.93,53.702218400687876,2.297781599312124,109.16363636363636,3505256.410714286,2414770.7678571427,56.0,0.1092854763491006,983.5692871419054,56.0
1788484066,llama3.1:8b,44.0,6602,800000,286.47,11.88,50.889592760180996,2.1104072398190046,109.18867924528301,3505333.269230769,2522721.1346153845,53.0,0.10880248833592536,979.2223950233283,53.0
1788484119,llama3.1:8b,46.0,6593,1201671,291.28,11.83,53.8143908152156,2.185609184784402,109.61818181818182,3504770.625,2445777.660714286,56.0,0.10792005307679549,971.2804776911595,56.00000000000001
1788484175,llama3.1:8b,46.0,6599,1162112,288.88,11.91,47.0598091691878,1.9401908308121945,109.29166666666667,3504489.1875,2455575.2291666665,49.0,0.10897445672893633,980.7701105604269,48.99999999999999
1788484224,llama3.1:8b,46.0,6601,1430437,280.45,12.01,49.86459686794775,2.1354031320522466,110.0576923076923,3504357.1923076925,2463212.019230769,52.0,0.10912458500786301,982.1212650707671,52.0
1788484276,llama3.1:8b,46.0,6604,1601173,271.88,11.86,49.82646084443504,2.1735391555649537,109.33333333333333,3490221.5490196077,2516332.4509803923,52.0,0.10847560975609756,976.280487804878,51.99999999999999
1788484328,llama3.1:8b,44.0,6607,1486951,288.77,11.93,40.33368806119056,1.6663119388094447,109.80952380952381,3504607.714285714,2476425.8095238097,42.0,0.108642671292281,977.7840416305289,42.0
1788484370,llama3.1:8b,41.0,6610,1170577,285.75,11.88,53.76474145751436,2.235258542485637,109.18181818181819,3506578.4363636365,2460832.0545454547,56.0,0.10880932556203164,979.2839300582848,56.0
1788484426,llama3.1:8b,46.0,6617,1790273,287.12,11.89,50.89247851242433,2.1075214875756667,109.5576923076923,3506446.830188679,2453424.3396226414,53.0,0.10852729506757944,976.7456556082149,53.0
1788484479,llama3.1:8b,45.0,6619,3522727,272.53,12.05,40.22158971115328,1.7784102888467217,109.9047619047619,3505969.6829268294,2428572.2926829266,42.0,0.10964038128249567,986.763431542461,42.0
1788484521,llama3.1:8b,44.0,6617,800000,280.38,11.85,53.72918591520377,2.2708140847962217,109.9090909090909,3504936.5535714286,2433557.6428571427,56.0,0.10781637717121588,970.3473945409429,55.99999999999999
1788484577,llama3.1:8b,44.0,6618,1200597,287.01,11.89,52.81214452994313,2.1878554700568755,109.38181818181818,3506020.814814815,2424661.0555555555,55.0,0.10870179521276598,978.3161569148938,55.00000000000001
1788484632,llama3.1:8b,41.0,6608,3508254,279.59,11.85,54.68237029920395,2.317629700796047,109.01785714285714,3505135.4385964912,2466877.1228070175,57.0,0.1086977886977887,978.2800982800983,57.0
1788484689,llama3.1:8b,46.0,6604,1200000,280.68,11.91,47.00543422536655,1.9945657746334458,109.22916666666667,3505257.2708333335,2478447.8958333335,49.0,0.10903681098607668,981.3312988746901,48.99999999999999
1788484738,llama3.1:8b,46.0,6611,1972857,272.59,11.95,47.900119491108455,2.099880508891544,109.2,3505781.74,2480986.58,50.0,0.10943223443223442,984.8901098901098,50.0
1788484788,llama3.1:8b,44.0,6613,999989,284.08,11.94,44.14458482534964,1.8554151746503615,109.35555555555555,3505360.9111111113,2503278.577777778,46.0,0.10918512497459866,982.666124771388,46.0
1788484834,llama3.1:8b,44.0,6608,1200000,286.72,11.85,49.93616237398265,2.063837626017349,109.5,3507733.730769231,2507536.769230769,52.0,0.10821917808219178,973.972602739726,51.99999999999999
1788484886,llama3.1:8b,46.0,6603,1182426,278.92,11.82,54.68267180298549,2.3173281970145148,109.82142857142857,3504511.535714286,2505747.9464285714,57.0,0.10762926829268293,968.6634146341464,57.0
1788484943,llama3.1:8b,42.0,6620,1157716,289.91,12.03,40.3266211830165,1.6733788169835064,109.19047619047619,3505494.523809524,2541729.4523809524,42.0,0.11017444395987788,991.5699956389009,42.00000000000001
1788484985,llama3.1:8b,46.0,6617,1612800,282.81,11.92,49.89692260713195,2.1030773928680486,108.86274509803921,3504442.4509803923,2490596.7647058824,52.0,0.1094956772334294,985.4610951008647,52.0
1788485037,llama3.1:8b,46.0,6608,1500000,273.39,11.87,50.79460842739957,2.2053915726004347,109.03846153846153,3505587.2075471696,2495700.150943396,53.0,0.10886067019400353,979.7460317460318,53.0
1788485090,llama3.1:8b,41.0,6607,1103068,280.83,11.82,52.7785750896976,2.2214249103024093,109.12727272727273,3507154.6296296297,2486848.5,55.0,0.1083138953682106,974.8250583138953,55.00000000000001
1788485145,llama3.1:8b,44.0,6618,1100000,282.04,12.0,51.79621820160522,2.2037817983947763,109.79245283018868,3506564.111111111,2474120.203703704,54.0,0.10929713009108094,983.6741708197285,54.0
1788485199,llama3.1:8b,46.0,6614,1621345,287.31,11.96,42.24158786380192,1.7584121361980825,109.18181818181819,3505878.2558139535,2456939.6511627906,44.0,0.1095420482930891,985.8784346378019,44.0
1788485243,llama3.1:8b,46.0,6610,1000000,278.1,11.8,61.394963780614006,2.605036219385995,109.25396825396825,3505516.84375,2432044.265625,64.0,0.10800523027749528,972.0470724974575,64.0
1788485307,llama3.1:8b,44.0,6623,1063188,275.16,11.92,45.04848822627839,1.9515117737216103,109.91304347826087,3505410.565217391,2469555.304347826,47.0,0.10844936708860758,976.0443037974683,47.0
1788485354,llama3.1:8b,44.0,6607,839238,282.09,11.86,54.70022112604184,2.2997788739581564,109.47368421052632,3505380.1754385964,2442999.052631579,57.0,0.10833653846153846,975.0288461538461,56.99999999999999
1788485411,llama3.1:8b,41.0,6610,799659,271.97,11.86,58.45107987175422,2.5489201282457805,109.15,3505636.683333333,2543060.933333333,61.0,0.10865781035272559,977.9202931745303,61.0
1788485472,llama3.1:8b,44.0,6605,967131,283.4,11.98,39.337125059245714,1.6628749407542829,109.7560975609756,3504402.024390244,2481405.512195122,41.0,0.10915111111111112,982.36,41.0
1788485513,llama3.1:8b,44.0,6618,1162169,278.07,11.85,54.67021937086093,2.329780629139073,109.41071428571429,3506511.1428571427,2419554.6428571427,57.0,0.10830749143136933,974.767422882324,57.0
1788485570,llama3.1:8b,46.0,6612,2000000,293.78,11.91,53.81818181818181,2.1818181818181817,108.83636363636364,3506217.690909091,2511511.7636363637,56.0,0.10943033745405947,984.8730370865352,55.99999999999999
1788485626,llama3.1:8b,44.0,6609,1500000,285.99,11.85,48.01067687348912,1.989323126510878,109.86,3504852.92,2549067.34,50.0,0.10786455488803932,970.780993992354,49.99999999999999
1788485676,llama3.1:8b,46.0,6614,2969257,286.72,11.83,53.7810082063306,2.218991793669402,109.81818181818181,3503061.090909091,2380379.981818182,56.0,0.10772350993377484,969.5115894039736,56.0
1788485732,llama3.1:8b,46.0,6606,721442,286.11,11.79,62.42749244712991,2.5725075528700905,109.046875,3474593.8307692306,2436613.769230769,65.0,0.10811864163920332,973.0677747528299,65.0
1788485797,llama3.1:8b,46.0,6602,1756567,290.79,11.82,58.61732923564985,2.3826707643501535,109.49180327868852,3506582.8666666667,2500369.0166666666,61.0,0.10795328642012278,971.5795777811051,61.0
1788485858,llama3.1:8b,41.0,6606,2197914,278.73,11.82,50.84388229220444,2.15611770779556,109.4423076923077,3502158.3584905663,2473206.6981132077,53.0,0.1080021085925145,972.0189773326305,53.0
1788485911,llama3.1:8b,46.0,6606,800000,284.78,11.89,48.95601173020528,2.043988269794722,109.72,3467090.42,2476694.3,51.0,0.10836675173168064,975.3007655851258,51.00000000000001
1788485962,llama3.1:8b,44.0,6617,1399226,284.5,11.82,59.52686285097192,2.473137149028078,109.19354838709677,3505150.0161290322,2429853.5,62.0,0.10824815361890695,974.2333825701627,62.0
1788486024,llama3.1:8b,46.0,6611,2195164,288.48,11.89,50.90202084096281,2.0979791590371875,109.09615384615384,3506644.75,2468627.923076923,53.0,0.10898642693460252,980.8778424114226,53.0
1788486077,llama3.1:8b,46.0,6605,3173333,283.4,11.92,43.183665176757415,1.8163348232425842,109.5111111111111,3506598.3333333335,2491290.644444444,45.0,0.1088474025974026,979.6266233766233,45.0
1788486122,llama3.1:8b,46.0,6607,1201854,279.74,11.93,46.0366852950252,1.9633147049748,108.59574468085107,3484872.340425532,2555849.3829787234,48.0,0.10985697492163009,988.7127742946708,48.0
1788486170,llama3.1:8b,44.0,6607,1400000,279.4,11.91,45.07843877656104,1.9215612234389483,109.42553191489361,3504426.3829787234,2488416.744680851,47.0,0.10884114330157496,979.5702897141746,46.99999999999999
1788486217,llama3.1:8b,46.0,6607,1479629,287.75,11.86,50.90200594105671,2.097994058943293,109.34615384615384,3505646.4423076925,2442104.826923077,53.0,0.10846289131199437,976.1660218079493,53.0
1788486270,llama3.1:8b,43.0,6608,1490738,288.22,11.92,47.053974811754514,1.946025188245485,109.0,3504694.2040816327,2419689.6530612246,49.0,0.10935779816513762,984.2201834862385,49.0
1788486319,llama3.1:8b,41.0,6604,799716,273.84,11.97,49.82218956649522,2.1778104335047757,109.46153846153847,3506697.31372549,2403342.411764706,52.0,0.109353478566409,984.1813070976809,51.99999999999999
1788486371,llama3.1:8b,42.0,6608,1500000,283.6,11.95,48.937912366773816,2.062087633226188,109.22,3504276.3921568627,2474726.901960784,51.0,0.10941219556857718,984.7097601171945,51.0
1788486422,llama3.1:8b,42.0,6610,1781229,280.25,11.89,51.802218114602596,2.1977818853974123,109.22222222222223,3507039.603773585,2518795.5283018867,54.0,0.10886063072227874,979.7456765005086,54.00000000000001
1788486476,llama3.1:8b,44.0,6613,2985176,282.54,11.83,54.709311410809526,2.2906885891904745,109.67857142857143,3504796.7719298247,2509603.701754386,57.0,0.1078606317160534,970.7456854444806,57.0
1788486533,llama3.1:8b,42.0,6609,1565789,288.91,11.85,52.8329897592765,2.1670102407235,109.14814814814815,3504251.3518518517,2456560.814814815,55.0,0.10856803529012554,977.1123176111298,55.0
1788486588,llama3.1:8b,44.0,6602,1500000,292.27,11.93,54.76459566074951,2.235404339250493,109.54385964912281,3505153.7321428573,2405762.9285714286,57.0,0.10890614990390775,980.1553491351697,57.0
1788486645,llama3.1:8b,46.0,6599,800000,286.93,11.77,55.71456310679612,2.2854368932038835,109.59649122807018,3505022.3448275863,2459078.775862069,58.0,0.10739394909556586,966.5455418600927,58.00000000000001
1788486703,llama3.1:8b,42.0,6602,1390454,274.19,11.83,54.642437591776805,2.357562408223201,109.83928571428571,3505447.9285714286,2588269.7678571427,57.0,0.10770281255080476,969.3253129572429,57.00000000000001
1788486760,llama3.1:8b,46.0,6601,1990124,287.36,11.96,42.24188159828946,1.758118401710544,109.72727272727273,3504666.8636363638,2437488.7954545454,44.0,0.10899751449875725,980.9776304888152,44.00000000000001
1788486804,llama3.1:8b,46.0,6592,1990363,286.32,11.97,40.31459318113245,1.6854068188675448,109.3170731707317,3504413.0975609757,2524238.8048780486,42.0,0.1094979919678715,985.4819277108435,42.0
1788486846,llama3.1:8b,44.0,6595,1500000,278.43,12.02,40.26186951282493,1.7381304871750731,109.28571428571429,3507138.0476190476,2454663.5,42.0,0.10998692810457515,989.8823529411764,42.0
1788486888,llama3.1:8b,42.0,6598,1800000,290.21,11.98,49.93851550349118,2.061484496508819,109.82352941176471,3505747.173076923,2398619.6346153845,52.0,0.109084092126406,981.756829137654,52.0
1788486940,llama3.1:8b,46.0,6605,800000,291.4,11.88,53.80638353996307,2.19361646003693,109.125,3505161.109090909,2524979.2545454544,56.0,0.10886597938144331,979.7938144329897,56.0
1788486996,llama3.1:8b,44.0,6601,1500000,286.46,11.93,49.92097590401823,2.0790240959817687,109.86274509803921,3504865.0784313725,2443394.0784313725,52.0,0.1085900410494378,977.3103694449402,52.0
1788487048,llama3.1:8b,41.0,6596,1512401,276.91,11.8,57.547712237193025,2.452287762806969,109.49152542372882,3478269.6166666667,2434666.8666666667,60.0,0.10777089783281735,969.9380804953561,59.99999999999999
1788487108,llama3.1:8b,44.0,6613,1791218,288.25,11.92,43.2130126261785,1.7869873738215012,109.73333333333333,3505561.522727273,2459262.409090909,45.0,0.1086269744835966,977.6427703523694,45.0
1788487153,llama3.1:8b,41.0,6609,2173163,277.75,11.94,41.227691670406294,1.7723083295937034,109.33333333333333,3505417.302325581,2447367.6511627906,43.0,0.10920731707317073,982.8658536585367,43.0
1788487196,llama3.1:8b,44.0,6617,1100000,286.82,11.92,48.96505322353886,2.0349467764611364,109.6078431372549,3506038.3921568627,2511991.431372549,51.0,0.10875134168157424,978.7620751341681,50.99999999999999
1788487247,llama3.1:8b,44.0,6613,2593115,280.28,11.91,50.83965912591122,2.160340874088778,109.26923076923077,3504057.1153846155,2463003.0,53.0,0.10899683210137276,980.9714889123549,53.0
1788487300,llama3.1:8b,46.0,6604,3125925,279.47,11.92,48.91372387521878,2.0862761247812207,109.7843137254902,3505689.34,2500274.94,51.0,0.10857653152348634,977.188783711377,51.0
1788487351,llama3.1:8b,44.0,6607,1202154,289.14,11.86,49.95109634551495,2.0489036544850494,108.90196078431373,3504554.9615384615,2558920.076923077,52.0,0.108905293482175,980.1476413395749,52.0
1788487403,llama3.1:8b,46.0,6601,1200000,282.41,11.82,65.2682595248615,2.731740475138497,109.3731343283582,3507177.149253731,2481594.7910447763,68.0,0.10807041484716158,972.6337336244542,68.0
1788487471,llama3.1:8b,42.0,6602,1138568,272.11,11.9,50.7793035456498,2.220696454350199,109.50943396226415,3503873.2075471696,2442017.433962264,53.0,0.10866643694004136,977.9979324603722,53.0
1788487524,llama3.1:8b,44.0,6607,1190331,288.65,11.89,48.98233180275504,2.0176681972449595,109.76,3504585.04,2446416.12,51.0,0.10832725947521867,974.945335276968,51.0
1788487575,llama3.1:8b,42.0,6602,799661,289.12,11.71,66.31413090449756,2.6858690955024436,109.94117647058823,3504629.231884058,2442484.797101449,69.0,0.10651150347779563,958.6035313001607,69.0
1788487644,llama3.1:8b,42.0,6603,1190374,292.79,11.9,47.08625159998687,1.913748400013128,109.59183673469387,3507385.5208333335,2501107.9166666665,49.0,0.10858472998137804,977.2625698324024,49.0
1788487693,llama3.1:8b,44.0,6609,3500000,282.3,11.7,64.33367346938776,2.666326530612245,109.07575757575758,3506386.090909091,2446021.272727273,67.0,0.10726489790248644,965.384081122378,67.0
1788487760,llama3.1:8b,46.0,6605,800000,283.64,11.88,53.748781808337846,2.251218191662155,109.9090909090909,3506490.0,2434000.0178571427,56.0,0.10808933002481391,972.8039702233251,56.0
1788487816,llama3.1:8b,44.0,6605,1429930,287.24,11.96,53.76149732620321,2.2385026737967917,109.39285714285714,3505311.2,2488781.654545455,56.0,0.10933072151485473,983.9764936336926,56.00000000000001
1788487872,llama3.1:8b,47.0,6612,1400000,285.72,11.88,48.00403225806452,1.9959677419354838,108.9795918367347,3504743.7,2517463.68,50.0,0.10901123595505618,981.1011235955057,50.0
1788487922,llama3.1:8b,47.0,6615,3500000,287.92,11.94,51.84979657173348,2.1502034282665243,109.62264150943396,3505229.0943396227,2493393.396226415,54.0,0.10891910499139415,980.2719449225474,54.0
1788487976,llama3.1:8b,46.0,6603,3499165,283.96,11.8,51.84555044630782,2.1544495536921833,109.61111111111111,3505739.314814815,2539772.8518518517,54.0,0.10765331981753674,968.8798783578308,54.0
1788488030,llama3.1:8b,44.0,6613,1790925,281.56,11.82,54.70352443929375,2.2964755607062517,109.125,3504938.339285714,2486479.9285714286,57.0,0.10831615120274915,974.8453608247423,57.0
1788488087,llama3.1:8b,44.0,6618,1959259,279.83,11.9,46.04202516025092,1.9579748397490835,109.27083333333333,3505371.6875,2523444.5,48.0,0.10890371782650143,980.1334604385129,48.00000000000001
1788488135,llama3.1:8b,48.0,6611,2394495,274.01,11.87,51.757870435147616,2.242129564852385,109.0,3504665.0566037735,2459745.679245283,54.0,0.10889908256880733,980.0917431192661,54.0
1788488189,llama3.1:8b,42.0,6611,1200000,275.67,11.75,59.46538167142162,2.5346183285783868,109.73770491803279,3505206.7741935486,2434682.0,62.0,0.1070734986555124,963.6614878996115,62.00000000000001
1788488251,llama3.1:8b,46.0,6601,1400000,289.52,11.81,53.80519696014336,2.194803039856636,109.19642857142857,3505178.2545454544,2512859.581818182,56.0,0.10815372035977106,973.3834832379395,56.0
1788488307,llama3.1:8b,44.0,6605,1177473,274.95,11.82,54.65059106601109,2.349408933988911,109.17857142857143,3495597.50877193,2487070.5263157897,57.0,0.10826300294406281,974.3670264965652,57.0
1788488364,llama3.1:8b,46.0,6605,1500552,291.02,11.84,58.615267780492644,2.3847322195073635,109.38333333333334,3506298.75,2497977.2,61.0,0.10824318147188784,974.1886332469907,61.00000000000001
1788488425,llama3.1:8b,42.0,6610,972917,283.35,11.88,48.947769535616295,2.0522304643837006,110.23529411764706,3508091.24,2465319.32,51.0,0.10776947705442903,969.9252934898614,50.99999999999999
1788488476,llama3.1:8b,46.0,6605,1071772,277.34,11.76,57.559322033898304,2.440677966101695,109.49152542372882,3505718.9166666665,2444203.5833333335,60.0,0.10740557275541796,966.6501547987616,60.0
1788488536,llama3.1:8b,46.0,6603,1200000,289.11,11.82,56.682583989632136,2.3174160103678596,109.29310344827586,3505567.0517241377,2632852.9655172415,59.0,0.10814955040227166,973.3459536204449,58.99999999999999
1788488595,llama3.1:8b,46.0,6605,1552713,277.32,11.76,59.47779161477792,2.5222083852220836,109.33870967741936,3504917.1129032257,2556595.0161290322,62.0,0.10755568667945124,968.0011801150612,62.00000000000001
1788488657,llama3.1:8b,44.0,6620,800374,281.92,11.79,55.671785094140475,2.3282149058595207,109.47368421052632,3505239.1228070175,2428791.8947368423,58.0,0.10769711538461538,969.2740384615385,57.99999999999999
1788488715,llama3.1:8b,46.0,6618,3025465,281.49,11.77,61.43135783945987,2.568642160540135,109.25396825396825,3505633.421875,2486808.890625,64.0,0.10773064070899317,969.5757663809386,64.0
1788488779,llama3.1:8b,46.0,6617,1338929,291.57,11.92,47.07545553395499,1.9245444660450095,109.16326530612245,3503543.25,2497889.2708333335,49.0,0.10919424191437652,982.7481772293887,48.99999999999999
1788488828,llama3.1:8b,44.0,6606,1256594,276.16,11.89,52.729734421107445,2.270265578892553,108.83333333333333,3504742.8333333335,2419451.537037037,55.0,0.10924961715160797,983.2465543644716,55.0
1788488883,llama3.1:8b,44.0,6599,1400000,271.6,11.83,52.70437144974068,2.295628550259323,108.74074074074075,3504736.4545454546,2525678.672727273,55.0,0.1087908719346049,979.1178474114441,55.0
1788488938,llama3.1:8b,42.0,6607,1200000,285.85,11.86,53.76910416176816,2.230895838231836,109.66071428571429,3505054.6,2493329.654545455,56.0,0.1081517668132226,973.3659013190033,56.0
1788488994,llama3.1:8b,44.0,6596,1005567,289.59,11.87,50.91312280236183,2.086877197638161,109.84615384615384,3505949.396226415,2452374.283018868,53.0,0.10806022408963585,972.5420168067227,52.99999999999999
1788489047,llama3.1:8b,44.0,6607,1500000,280.86,12.01,46.03161812408236,1.9683818759176424,109.14583333333333,3504157.0425531915,2439251.744680851,48.0,0.11003626646306547,990.3263981675892,48.0
1788489095,llama3.1:8b,48.0,6616,3089931,287.73,11.98,45.12131727336425,1.8786827266357478,108.52173913043478,3506852.5531914895,2376307.936170213,47.0,0.11039262820512821,993.5336538461539,46.99999999999999
1788489142,llama3.1:8b,44.0,6613,1785510,288.13,11.87,51.8634,2.1366,109.45283018867924,3505249.7924528304,2470421.830188679,54.0,0.10844854335459403,976.0368901913463,54.0
1788489196,llama3.1:8b,46.0,6603,1198660,287.64,11.88,45.13581730769231,1.8641826923076925,109.55319148936171,3501818.340425532,2518713.1276595746,47.0,0.108440473878423,975.9642649058069,47.0
1788489243,llama3.1:8b,41.0,6612,1691329,276.26,11.95,39.300024287845666,1.699975712154332,109.48780487804878,3505421.6829268294,2439076.4146341463,41.0,0.1091445756293161,982.301180663845,41.0
1788489284,llama3.1:8b,47.0,6612,1083870,272.07,11.83,55.583163085593526,2.416836914406481,109.70175438596492,3506093.1754385964,2497666.4385964912,58.0,0.10783783783783783,970.5405405405405,58.00000000000001
1788489342,llama3.1:8b,46.0,6612,2227380,284.52,11.98,46.06057335581787,1.9394266441821248,108.87234042553192,3505956.7916666665,2492608.125,48.0,0.11003713113152237,990.3341801837014,48.0
1788489390,llama3.1:8b,46.0,6611,989955,278.33,11.92,60.41271317829457,2.5872868217054266,109.54838709677419,3475283.935483871,2417586.5967741935,63.0,0.10881036513545347,979.2932862190812,62.99999999999999
1788489453,llama3.1:8b,46.0,6614,1423269,293.23,12.01,47.07204167212685,1.9279583278731487,110.10204081632654,3504880.2708333335,2475540.3958333335,49.0,0.10908063021316032,981.7256719184428,49.0
1788489502,llama3.1:8b,45.0,6603,2700000,275.82,11.88,47.935349322210634,2.064650677789364,109.28571428571429,3504562.2,2410995.9,50.0,0.10870588235294118,978.3529411764706,50.0
1788489552,llama3.1:8b,46.0,6618,977810,289.15,12.02,33.60311452003852,1.3968854799614838,109.25714285714285,3505688.4,2442513.8571428573,35.0,0.11001569037656904,990.1412133891214,35.0
1788489587,llama3.1:8b,44.0,6605,1137096,272.67,11.85,48.875896246309566,2.124103753690426,109.92,3505991.52,2408704.68,51.0,0.10780567685589519,970.2510917030568,50.99999999999999
1788489638,llama3.1:8b,46.0,6612,1492031,283.02,11.84,57.59072102014516,2.4092789798548466,109.46666666666667,3506383.13559322,2494048.3559322036,60.0,0.10816077953714981,973.4470158343482,60.00000000000001
1788489698,llama3.1:8b,44.0,6615,801342,284.43,11.78,64.33547145606158,2.664528543938422,108.96969696969697,3505636.5074626864,2429320.1791044776,67.0,0.10810344827586206,972.9310344827586,67.0
1788489765,llama3.1:8b,46.0,6611,1461147,289.19,12.07,41.2772024165173,1.722797583482706,109.71428571428571,3506674.9285714286,2486398.3095238097,43.0,0.11001302083333334,990.1171875,43.00000000000001
1788489808,llama3.1:8b,44.0,6611,1509826,280.47,11.85,53.72988505747126,2.270114942528735,108.5,3505993.625,2547221.910714286,56.0,0.10921658986175115,982.9493087557603,55.99999999999999
1788489864,llama3.1:8b,42.0,6611,1100414,285.06,11.91,54.71401151631478,2.2859884836852205,109.80357142857143,3507697.0535714286,2549852.964285714,57.0,0.1084664173036266,976.1977557326395,57.0
1788489921,llama3.1:8b,47.0,6609,2653723,285.23,11.95,53.74816609462279,2.2518339053772123,108.67857142857143,3504275.0,2438587.464285714,56.0,0.10995727900098586,989.6155110088727,56.0
1788489977,llama3.1:8b,46.0,6617,2681413,283.4,11.93,49.89943453086378,2.1005654691362206,108.86274509803921,3493401.411764706,2485922.9607843137,52.0,0.10958753602305475,986.2878242074928,52.0
1788490029,llama3.1:8b,46.0,6613,1318358,279.0,11.91,46.034856141074556,1.9651438589254409,110.06382978723404,3504746.4166666665,2520553.1458333335,48.0,0.10820993620722985,973.8894258650686,48.0
1788490077,llama3.1:8b,48.0,6608,3489855,284.03,11.9,47.98938938262427,2.010610617375731,109.28,3506357.7346938774,2512920.8163265307,50.0,0.10889458272327965,980.0512445095169,50.0
1788490127,llama3.1:8b,44.0,6611,1400000,284.36,11.91,48.94980929557498,2.0501907044250176,109.16,3505860.5098039214,2578289.9215686275,51.0,0.10910589959692195,981.9530963722976,51.0
1788490178,llama3.1:8b,44.0,6611,910611,281.51,12.01,46.03597710547833,1.964022894521668,109.4375,3505928.510638298,2384709.4468085105,48.0,0.10974300399771558,987.6870359794402,48.0
1788490226,llama3.1:8b,46.0,6617,998195,289.01,11.89,48.98474576271187,2.015254237288136,109.84,3505157.3921568627,2501415.529411765,51.0,0.10824836125273125,974.2352512745813,51.0
1788490277,llama3.1:8b,41.0,6611,1505529,268.81,11.92,45.004345812702596,1.995654187297403,109.57446808510639,3506281.1304347827,2492741.3695652173,47.0,0.10878446601941746,979.0601941747572,47.0
1788490324,llama3.1:8b,46.0,6615,1297619,285.74,11.83,59.53516819571866,2.4648318042813457,109.49180327868852,3465847.3870967743,2395956.290322581,62.0,0.10804461745770325,972.4015571193293,62.00000000000001
1788490386,llama3.1:8b,46.0,6608,3500000,268.94,11.81,52.68637577916296,2.3136242208370437,108.92592592592592,3505994.537037037,2488975.796296296,55.0,0.10842230533832031,975.8007480448828,55.0
1788490441,llama3.1:8b,46.0,6603,1389179,280.71,11.88,52.766840972008616,2.2331590279913875,108.9090909090909,3505984.8363636364,2532157.272727273,55.0,0.10908180300500836,981.7362270450752,55.0
1788490496,llama3.1:8b,46.0,6607,3100000,282.4,11.94,56.60664537609568,2.393354623904328,109.86206896551724,3506623.4482758623,2461250.293103448,59.0,0.10868173258003766,978.1355932203389,59.00000000000001
1788490555,llama3.1:8b,46.0,6605,1056962,277.87,11.88,53.7039516824849,2.2960483175150994,109.27272727272727,3506466.9285714286,2476905.875,56.0,0.10871880199667222,978.46921797005,56.0
1788490611,llama3.1:8b,41.0,6605,1078125,280.53,11.91,45.08586376692654,1.914136233073451,109.42553191489361,3505036.282608696,2433888.3695652173,47.0,0.10884114330157496,979.5702897141746,46.99999999999999
1788490658,llama3.1:8b,44.0,6604,716795,279.18,11.78,55.65177343964807,2.3482265603519386,109.54385964912281,3502613.035087719,2458766.1578947366,58.0,0.10753683536194747,967.8315182575273,58.00000000000001
1788490716,llama3.1:8b,41.0,6600,800000,290.17,11.86,48.03661887891931,1.9633811210806869,109.54,3505238.52,2462729.68,50.0,0.10827095125068467,974.4385612561621,50.0
1788490766,llama3.1:8b,44.0,6613,3094475,275.08,11.85,47.93503642003276,2.0649635799672392,109.53061224489795,3505195.16,2549279.52,50.0,0.10818893236444942,973.7003912800448,50.0
1788490816,llama3.1:8b,46.0,6612,1070302,274.47,11.97,41.20307917888563,1.7969208211143695,109.95238095238095,3506345.1904761903,2503254.6428571427,43.0,0.10886530965786055,979.787786920745,43.0
1788490859,llama3.1:8b,42.0,6645,799077,269.64,11.84,53.64445076026716,2.3555492397328406,109.58928571428571,3504761.75,2434015.410714286,56.0,0.10803975883982403,972.3578295584163,56.0
1788490915,llama3.1:8b,46.0,6638,1159482,285.17,11.98,43.185764765270065,1.8142352347299344,109.56818181818181,3507355.6818181816,2536566.977272727,45.0,0.10933831155361959,984.0448039825762,45.0
1788490960,llama3.1:8b,46.0,6607,1369409,281.88,11.97,44.126186830015314,1.873813169984686,108.95652173913044,3504130.5434782607,2478641.717391304,46.0,0.10986033519553073,988.7430167597767,46.0
1788491006,llama3.1:8b,44.0,6606,1800000,269.67,11.89,45.01523653928115,1.9847634607188522,109.6304347826087,3505618.8695652173,2474660.5217391304,47.0,0.10845528455284553,976.0975609756098,47.0
1788491053,llama3.1:8b,46.0,6612,1584970,286.73,11.79,56.669804368216525,2.330195631783465,109.8135593220339,3504748.7627118644,2565841.5423728814,59.0,0.10736379070844265,966.2741163759839,58.99999999999999
1788491112,llama3.1:8b,44.0,6611,976790,278.98,11.85,53.7182546504831,2.2817453495169,109.63636363636364,3504784.4,2561646.5636363635,56.0,0.10808457711442786,972.7611940298507,56.0
1788491168,llama3.1:8b,46.0,6613,1014105,293.99,11.91,46.131153971886235,1.8688460281137624,109.40425531914893,3505833.0208333335,2582733.5833333335,48.0,0.10886231038506418,979.7607934655775,48.0
1788491216,llama3.1:8b,44.0,6610,798967,285.85,11.91,52.800073885008054,2.1999261149919396,109.89090909090909,3503639.6296296297,2454544.111111111,55.0,0.10838021178027796,975.4219060225016,54.99999999999999
1788491271,llama3.1:8b,44.0,6613,1600000,272.22,11.82,57.50316856780736,2.496831432192649,109.35593220338983,3505553.2711864407,2478613.474576271,60.0,0.1080874147551147,972.7867327960323,60.00000000000001
1788491331,llama3.1:8b,46.0,6613,1151010,280.37,11.79,62.37695098576122,2.6230490142387732,109.71875,3505761.3846153845,2487409.1692307694,65.0,0.10745656508117345,967.1090857305611,64.99999999999999
1788491396,llama3.1:8b,47.0,6614,1896041,278.97,12.01,46.01883290947832,1.9811670905216852,109.39583333333333,3504929.4468085105,2404595.765957447,48.0,0.10978480289468673,988.0632260521805,48.00000000000001
1788491444,llama3.1:8b,44.0,6614,1268045,281.36,11.84,53.73860845839018,2.261391541609823,109.10909090909091,3504590.2678571427,2404281.714285714,56.0,0.10851524745875687,976.6372271288119,56.00000000000001
1788491500,llama3.1:8b,46.0,6611,1200000,284.99,11.81,55.69211590296496,2.3078840970350405,109.6842105263158,3505720.8421052634,2502392.456140351,58.0,0.10767274472168906,969.0547024952015,58.0
1788491558,llama3.1:8b,47.0,6613,2094736,279.42,11.9,46.03926953178636,1.9607304682136482,109.47916666666667,3506588.3541666665,2523344.6458333335,48.0,0.1086964795432921,978.268315889629,48.00000000000001
1788491606,llama3.1:8b,44.0,6612,800000,289.38,11.81,59.56890999037153,2.4310900096284738,108.62295081967213,3505498.081967213,2513490.4426229508,62.0,0.10872472079686087,978.5224871717478,62.00000000000001
1788491668,llama3.1:8b,46.0,6614,998599,283.0,11.86,55.66709624906735,2.332903750932646,108.65517241379311,3506412.2413793104,2516675.4310344825,58.0,0.10915264995239606,982.3738495715645,57.99999999999999
1788491726,llama3.1:8b,46.0,6620,1620394,285.22,11.89,50.879001043384605,2.120998956615395,108.90384615384616,3473459.8076923075,2486398.1346153845,53.0,0.10917888045205722,982.6099240685149,53.0
1788491779,llama3.1:8b,44.0,6612,800000,281.47,11.83,51.8219570405728,2.178042959427208,109.67924528301887,3505674.796296296,2491469.222222222,54.0,0.10785996903492172,970.7397213142955,54.00000000000001
1788491833,llama3.1:8b,44.0,6614,1499463,281.58,11.92,45.09117546848381,1.9088245315161838,109.25531914893617,3505483.6304347827,2503742.934782609,47.0,0.10910223953261929,981.9201557935735,46.99999999999999
1788491880,llama3.1:8b,46.0,6611,1400000,275.48,11.93,52.7170244598309,2.282975540169096,108.98148148148148,3504815.672727273,2500274.5454545454,55.0,0.10946813933729821,985.2132540356839,55.0
1788491935,llama3.1:8b,46.0,6603,1379395,273.42,11.89,49.832953629385585,2.1670463706144196,108.8076923076923,3505566.6470588236,2499118.0,52.0,0.10927536231884058,983.4782608695652,52.00000000000001
1788491987,llama3.1:8b,46.0,6607,2891787,288.04,11.86,48.02267422474158,1.9773257752584192,109.57142857142857,3505179.1,2486980.8,50.0,0.10823989569752282,974.1590612777053,50.0
1788492037,llama3.1:8b,46.0,6608,2848482,276.46,11.86,51.778718091009985,2.221281908990011,109.33962264150944,3505942.283018868,2506054.245283019,54.0,0.10846937014667817,976.2243313201035,53.99999999999999
1788492091,llama3.1:8b,42.0,6608,1900000,284.07,11.87,47.99452591741569,2.005474082584308,109.28,3505681.0,2438461.06,50.0,0.10862005856515372,977.5805270863835,50.0
1788492141,llama3.1:8b,46.0,6611,1708728,273.54,11.81,57.516733835640444,2.4832661643595584,109.23728813559322,3504673.084745763,2462983.4915254237,60.0,0.1081132660977502,973.0193948797518,60.0
1788492201,llama3.1:8b,46.0,6622,1385337,282.26,11.94,54.68667573079538,2.3133242692046228,109.67857142857143,3484268.589285714,2445729.875,57.0,0.10886356235753826,979.7720612178443,57.0
1788492258,llama3.1:8b,44.0,6618,1600000,282.63,12.02,44.12346852197523,1.8765314780247753,109.47826086956522,3505398.8913043477,2413805.347826087,46.0,0.1097934868943606,988.1413820492453,46.0
1788492304,llama3.1:8b,42.0,6609,2822330,279.05,12.0,46.02095859817901,1.9790414018209928,108.87234042553192,3507338.744680851,2594936.6170212766,48.0,0.11022083251905414,991.9874926714873,48.0
1788492352,llama3.1:8b,41.0,6609,1067466,281.72,11.94,49.885718177484165,2.114281822515834,108.98076923076923,3504182.6346153845,2455890.269230769,52.0,0.10956061408152462,986.0455267337217,52.0
1788492404,llama3.1:8b,46.0,6599,2570355,290.97,11.85,51.88686348325738,2.113136516742619,109.39622641509433,3504694.2075471696,2510742.2641509436,54.0,0.1083218351155571,974.8965160400138,54.0
1788492458,llama3.1:8b,46.0,6612,3482323,274.94,11.83,61.35983540816683,2.6401645918331766,108.98412698412699,3506670.6875,2520412.9375,64.0,0.1085479172735217,976.9312554616953,64.0
1788492522,llama3.1:8b,46.0,6609,1482171,279.54,12.01,42.187480706568344,1.8125192934316583,109.13636363636364,3506181.4418604653,2482331.930232558,44.0,0.11004581424406497,990.4123281965847,44.0
1788492566,llama3.1:8b,46.0,6608,1800000,285.02,11.84,53.7664892541939,2.2335107458061043,109.74545454545455,3504777.035714286,2462623.660714286,56.0,0.10788601722995361,970.9741550695825,56.00000000000001
1788492622,llama3.1:8b,46.0,6602,1374367,273.88,12.0,46.94319294809011,2.056807051909892,109.10204081632654,3505180.0208333335,2442083.875,49.0,0.10998877665544332,989.8989898989898,49.0
1788492671,llama3.1:8b,46.0,6599,1380683,283.74,11.92,47.02448758709328,1.975512412906717,109.375,3506358.1224489794,2474149.8571428573,49.0,0.10898285714285715,980.8457142857144,49.0
1788492720,llama3.1:8b,46.0,6603,3521739,285.21,11.87,53.76248821866164,2.23751178133836,108.81818181818181,3507482.581818182,2507931.5454545454,56.0,0.10908103592314118,981.7293233082706,56.0
1788492776,llama3.1:8b,46.0,6603,1487962,274.99,12.04,45.028498763195486,1.971501236804515,109.68085106382979,3504189.8936170214,2422644.361702128,47.0,0.10977303588748787,987.9573229873909,47.0
1788492823,llama3.1:8b,41.0,6608,1908507,277.18,11.83,51.78962665651708,2.2103733434829245,109.41509433962264,3506414.0566037735,2485676.566037736,54.0,0.10812036558027247,973.0832902224522,54.0
1788492877,llama3.1:8b,41.0,6618,1600000,283.85,11.9,56.62603550295859,2.37396449704142,110.1864406779661,3503854.4576271186,2437714.118644068,59.0,0.10799876942008922,971.988924780803,59.00000000000001
1788492936,llama3.1:8b,46.0,6623,961360,288.79,12.01,48.00365691489362,1.9963430851063828,110.28571428571429,3505476.8163265307,2571185.7551020407,50.0,0.10889896373056994,980.0906735751295,50.0
1788492986,llama3.1:8b,46.0,6607,798947,270.44,11.85,53.64922597328987,2.3507740267101207,109.41818181818182,3505280.1964285714,2440967.125,56.0,0.1083000997008973,974.7008973080757,55.99999999999999
1788493042,llama3.1:8b,41.0,6612,1050092,284.35,11.64,73.97192472718673,3.028075272813271,108.92207792207792,3506554.513157895,2453096.3421052634,77.0,0.10686538690831049,961.7884821747944,77.0
1788493119,llama3.1:8b,46.0,6618,1291216,272.43,11.86,56.5386401210032,2.4613598789967988,109.37931034482759,3504728.9137931033,2509533.224137931,59.0,0.10843001261034048,975.8701134930643,59.0
1788493178,llama3.1:8b,44.0,6607,963458,271.45,11.91,48.85640175042349,2.1435982495765105,108.82,3505736.862745098,2464346.137254902,51.0,0.10944679286895792,985.0211358206212,51.0
1788493229,llama3.1:8b,46.0,6601,2296718,294.52,11.95,58.621463764805696,2.3785362351943093,109.40983606557377,3504731.5,2417697.15,61.0,0.10922235540905004,983.0011986814503,61.00000000000001
1788493290,llama3.1:8b,44.0,6600,1797604,286.94,11.86,51.85662650602409,2.1433734939759033,109.33962264150944,3506179.8703703703,2441593.425925926,54.0,0.10846937014667817,976.2243313201035,53.99999999999999
1788493344,llama3.1:8b,44.0,6601,3517241,268.05,11.98,43.07484912330821,1.9251508766917829,109.52272727272727,3506127.909090909,2444277.272727273,45.0,0.10938368956214983,984.4532060593484,44.99999999999999
1788493389,llama3.1:8b,44.0,6607,2008464,287.79,12.04,41.273288196644764,1.7267118033552342,108.74418604651163,3504043.8139534886,2406186.8372093025,43.0,0.11071856287425148,996.4670658682633,43.0
1788493432,llama3.1:8b,44.0,6606,864041,286.56,11.98,39.3547263348295,1.6452736651704964,109.51219512195122,3504454.725,2452848.875,41.0,0.10939420935412027,984.5478841870823,41.0
1788493473,llama3.1:8b,41.0,6603,1485131,273.88,11.9,46.95961928756387,2.04038071243614,109.29166666666667,3504572.673469388,2526792.612244898,49.0,0.10888295844452917,979.9466260007625,49.00000000000001
1788493522,llama3.1:8b,44.0,6606,1302147,277.54,11.92,46.98217370275686,2.017826297243142,109.54166666666667,3506355.4375,2498035.9791666665,49.0,0.10881704069988589,979.353366298973,49.0
1788493571,llama3.1:8b,46.0,6601,1200000,281.8,11.91,47.97248987096115,2.0275101290388475,108.58,3505896.48,2626841.86,50.0,0.10968870878614846,987.1983790753361,49.99999999999999
1788493621,llama3.1:8b,44.0,6600,2200000,285.35,11.83,55.69116360454944,2.3088363954505686,109.42105263157895,3506883.1754385964,2462421.754385965,58.0,0.10811447811447812,973.030303030303,58.00000000000001
1788493679,llama3.1:8b,46.0,6611,1855355,281.69,11.86,52.777891330267416,2.2221086697325836,109.01818181818182,3506166.581818182,2456352.309090909,55.0,0.10878919279519679,979.1027351567711,55.0
1788493734,llama3.1:8b,46.0,6608,1766666,280.66,11.85,53.7313596116372,2.268640388362791,108.63636363636364,3505666.7454545456,2451439.1454545455,56.0,0.10907949790794978,981.715481171548,55.99999999999999
1788493790,llama3.1:8b,42.0,6612,1503537,271.95,11.81,59.41957992669862,2.5804200733013816,109.08196721311475,3506017.435483871,2484719.870967742,62.0,0.10826720769461978,974.404869251578,62.0
1788493852,llama3.1:8b,54.0,6616,3499964,284.86,11.93,47.99016139357795,2.009838606422049,109.88,3504793.06122449,2473989.3469387754,50.0,0.10857298871496178,977.156898434656,50.0
1788493902,llama3.1:8b,46.0,6626,3307236,279.6,12.05,41.22338419338248,1.7766158066175208,109.30952380952381,3505763.418604651,2450975.0,43.0,0.1102374210411675,992.1367893705075,43.0
1788493945,llama3.1:8b,46.0,6617,833928,274.96,11.95,48.875814715415984,2.124185284584016,109.70588235294117,3506005.52,2457176.5,51.0,0.10892761394101877,980.348525469169,51.0
1788493996,llama3.1:8b,46.0,6617,1575288,280.7,11.9,50.844497607655505,2.155502392344498,109.78846153846153,3507019.3018867923,2488100.320754717,53.0,0.10839026099141708,975.5123489227537,53.0
1788494049,llama3.1:8b,41.0,6612,899789,287.93,11.87,48.02034689793195,1.9796531020680452,109.4,3504933.0,2483505.0408163266,50.0,0.10850091407678243,976.508226691042,49.99999999999999
1788494099,llama3.1:8b,44.0,6613,1489456,282.3,11.76,60.48051418077944,2.519485819220567,109.62903225806451,3505619.8253968256,2479183.095238095,63.0,0.10727085478887745,965.437693099897,63.00000000000001
1788494162,llama3.1:8b,46.0,6617,1498269,283.72,11.86,53.75302794505718,2.246972054942824,110.01818181818182,3506188.6,2513960.1454545455,56.0,0.10780036357626838,970.2032721864155,56.0
1788494218,llama3.1:8b,42.0,6610,1075354,285.57,11.8,54.7381713017453,2.2618286982547,109.98245614035088,3504657.50877193,2530469.3157894737,57.0,0.10728983888977509,965.6085500079757,57.0
1788494275,llama3.1:8b,44.0,6608,1900000,276.17,11.82,57.537414493558806,2.462585506441196,109.55932203389831,3505111.440677966,2563493.5762711866,60.0,0.10788675742574257,970.980816831683,60.0
1788494335,llama3.1:8b,46.0,6613,2662962,276.78,11.89,50.816988256486646,2.183011743513355,109.48076923076923,3503061.1153846155,2460718.2115384615,53.0,0.10860354821710874,977.4319339539787,53.0
1788494388,llama3.1:8b,46.0,6599,1596163,279.91,11.81,54.69241053064582,2.307589469354175,109.7719298245614,3504809.1754385964,2443129.7719298247,57.0,0.10758670289276012,968.2803260348411,57.0
1788494445,llama3.1:8b,43.0,6615,1000560,272.34,11.82,58.46262668918919,2.5373733108108114,108.86666666666666,3506128.4833333334,2518666.6166666667,61.0,0.10857317819963258,977.1586037966932,61.00000000000001
1788494506,llama3.1:8b,46.0,6613,1100000,293.2,11.79,57.68057969113741,2.3194203088625853,109.67796610169492,3504326.35,2479716.2,60.0,0.10749652294853962,967.4687065368566,59.99999999999999
1788494566,llama3.1:8b,44.0,6612,1396936,281.07,11.78,59.50602697626772,2.4939730237322864,109.5,3506289.6885245903,2547677.7540983604,62.0,0.10757990867579909,968.2191780821918,62.00000000000001
1788494628,llama3.1:8b,46.0,6621,1596774,281.99,11.91,44.13589656345695,1.8641034365430416,109.77777777777777,3506571.652173913,2463175.3913043477,46.0,0.1084919028340081,976.4271255060729,45.99999999999999
1788494674,llama3.1:8b,46.0,6613,2634634,271.36,11.87,45.03025809412845,1.969741905871553,109.1304347826087,3506180.8260869565,2504611.217391304,47.0,0.10876892430278882,978.9203187250994,47.0
1788494721,llama3.1:8b,44.0,6607,1905165,277.4,11.92,42.18719756670814,1.8128024332918566,109.5909090909091,3505758.1136363638,2534191.022727273,44.0,0.1087681459975114,978.9133139776027,44.0
1788494765,llama3.1:8b,44.0,6607,1084973,286.11,11.87,51.84891603463319,2.151083965366803,109.39622641509433,3505617.2264150945,2525399.962264151,54.0,0.10850465677819938,976.5419110037946,53.99999999999999
1788494819,llama3.1:8b,46.0,6611,1108552,287.7,11.92,46.09038114945598,1.9096188505440224,109.58333333333333,3505472.3333333335,2463808.875,48.0,0.10877566539923955,978.9809885931559,48.0
1788494867,llama3.1:8b,42.0,6611,2600000,286.24,11.94,51.83768193708498,2.1623180629150176,109.24528301886792,3504266.132075472,2609705.132075472,54.0,0.10929533678756477,983.6580310880829,54.0
1788494921,llama3.1:8b,46.0,6612,3486567,279.39,11.92,51.790395111736636,2.209604888263362,109.20370370370371,3505213.574074074,2436331.425925926,54.0,0.1091538070205189,982.3842631846701,54.0
1788494975,llama3.1:8b,42.0,6608,1261970,271.95,11.92,51.73248317891992,2.267516821080072,108.30188679245283,3506185.396226415,2490222.5094339624,54.0,0.11006271777003485,990.5644599303137,53.99999999999999
1788495029,llama3.1:8b,42.0,6610,1200000,281.31,11.96,43.16483104306612,1.8351689569338838,109.66666666666667,3504066.511111111,2463544.111111111,45.0,0.10905775075987842,981.5197568389058,45.00000000000001
1788495074,llama3.1:8b,46.0,6601,3409640,288.36,12.06,41.273816656680644,1.7261833433193527,109.45238095238095,3506286.714285714,2422418.785714286,43.0,0.11018490319773766,991.664128779639,43.0
1788495117,llama3.1:8b,46.0,6605,3495231,288.35,11.86,53.78768195596415,2.2123180440358414,109.34545454545454,3505889.285714286,2424321.25,56.0,0.10846358496840705,976.1722647156635,55.99999999999999
1788495173,llama3.1:8b,46.0,6605,1198604,287.55,11.87,53.779974617594014,2.2200253824059843,109.58928571428571,3506160.7636363637,2413964.8,56.0,0.10831350822877628,974.8215740589865,56.0
1788495229,llama3.1:8b,43.0,6612,1098598,287.97,11.94,48.96959087726318,2.030409122736821,109.8,3503703.431372549,2435243.529411765,51.0,0.1087431693989071,978.6885245901639,51.0
1788495280,llama3.1:8b,46.0,6611,1228226,281.54,12.03,43.15597642810915,1.8440235718908609,109.8,3506419.6818181816,2467125.022727273,45.0,0.10956284153005465,986.0655737704917,45.00000000000001
1788495325,llama3.1:8b,46.0,6622,800000,291.43,11.89,51.883225636291705,2.116774363708295,109.90566037735849,3504658.296296296,2423276.462962963,54.0,0.10818369098712448,973.6532188841203,54.0
1788495379,llama3.1:8b,46.0,6616,3176354,281.7,11.88,50.85530349478848,2.144696505211527,109.65384615384616,3503881.1346153845,2419250.326923077,53.0,0.10834093300596281,975.0683970536654,53.00000000000001
1788495432,llama3.1:8b,45.0,6608,1700000,284.17,12.01,50.85086771557837,2.1491322844216354,109.15094339622641,3505897.849056604,2426912.5283018867,53.0,0.11003111495246327,990.2800345721695,53.0
1788495485,llama3.1:8b,45.0,6606,1165265,288.83,11.91,57.623861142515125,2.3761388574848707,109.23728813559322,3505154.8983050846,2489859.3898305083,60.0,0.1090287044220326,981.2583397982933,59.99999999999999
1788495545,llama3.1:8b,46.0,6610,800000,291.07,11.83,51.89098712446352,2.109012875536481,108.88679245283019,3504904.1666666665,2499357.0555555555,54.0,0.10864494888234275,977.8045399410846,54.0
1788495599,llama3.1:8b,46.0,6609,2179066,280.94,11.8,58.54116280658605,2.458837193413951,109.77049180327869,3504785.2666666666,2424093.7,61.0,0.10749701314217444,967.4731182795699,61.0
1788495660,llama3.1:8b,42.0,6611,1041928,284.9,11.91,53.752905899396914,2.2470941006030793,109.54545454545455,3506672.381818182,2451250.2,56.0,0.10872199170124482,978.4979253112033,55.99999999999999
1788495716,llama3.1:8b,44.0,6617,801075,278.17,11.76,56.60687062394371,2.3931293760562893,113.5,3505728.7118644067,2519818.305084746,59.0,0.10361233480176212,932.511013215859,59.0
1788495775,llama3.1:8b,44.0,6633,1562839,270.83,11.98,52.67016725009723,2.329832749902762,109.92727272727272,3506452.3518518517,2389623.296296296,55.0,0.10898114455838571,980.8303010254714,54.99999999999999
1788495830,llama3.1:8b,45.0,6618,1400000,281.83,11.82,53.74588796185935,2.254112038140644,109.83636363636364,3506459.714285714,2448257.964285714,56.0,0.10761463333885118,968.5317000496607,56.0
1788495886,llama3.1:8b,46.0,6613,1288917,266.19,11.88,45.94929334340274,2.0507066565972596,109.375,3505148.234042553,2559846.8936170214,48.0,0.10861714285714287,977.5542857142858,48.0
1788495934,llama3.1:8b,44.0,6604,974921,285.04,11.81,55.69250463196901,2.3074953680309918,109.12280701754386,3506990.620689655,2465523.9655172415,58.0,0.10822668810289389,974.0401929260449,58.0
1788495992,llama3.1:8b,46.0,6617,1460730,280.32,11.8,59.495549774065445,2.504450225934548,109.52459016393442,3506405.5409836066,2501309.901639344,62.0,0.10773836252058076,969.645262685227,61.99999999999999
1788496054,llama3.1:8b,46.0,6608,1595979,279.11,11.83,50.844950848972296,2.1550491510277037,109.50943396226415,3505719.4716981133,2473096.830188679,53.0,0.10802722260509993,972.2450034458993,53.0
1788496107,llama3.1:8b,46.0,6626,1858754,278.2,11.88,56.583701047986764,2.416298952013238,109.3103448275862,3504896.7413793104,2530772.793103448,59.0,0.1086813880126183,978.1324921135647,59.0
1788496166,llama3.1:8b,46.0,6612,800913,289.86,11.9,48.98879904559915,2.0112009544008487,109.7,3505277.78,2400429.8,51.0,0.10847766636280766,976.298997265269,51.0
1788496217,llama3.1:8b,46.0,6614,2000000,290.35,11.97,45.13909102937285,1.86090897062715,109.19148936170212,3505148.063829787,2468005.489361702,47.0,0.10962392829306314,986.6153546375682,47.0
1788496264,llama3.1:8b,44.0,6607,798445,286.19,12.09,36.459769344240314,1.540230655759689,109.27027027027027,3504536.8157894737,2455149.5,38.0,0.11064308681672025,995.7877813504823,38.0
1788496302,llama3.1:8b,46.0,6609,887577,279.99,11.87,55.6411293085726,2.3588706914273962,109.12068965517241,3505363.807017544,2452453.789473684,58.0,0.10877863801548428,979.0077421393585,58.0
1788496360,llama3.1:8b,46.0,6608,1200000,274.64,11.88,51.76099399692866,2.239006003071339,109.77358490566037,3504930.592592593,2457016.092592593,54.0,0.10822275696115505,974.0048126503955,54.0
1788496414,llama3.1:8b,45.0,6609,1958101,282.64,11.91,47.01870650144287,1.9812934985571211,109.9795918367347,3506171.6875,2469749.1875,49.0,0.10829281870476896,974.6353683429207,48.99999999999999
1788496463,llama3.1:8b,46.0,6609,1574127,278.41,11.89,46.9930761281433,2.0069238718567,109.66666666666667,3504932.897959184,2438717.5102040814,49.0,0.108419452887538,975.775075987842,49.0
1788496512,llama3.1:8b,42.0,6606,3500000,270.38,11.96,45.00906708224127,1.990932917758731,109.1086956521739,3503956.6304347827,2469009.8913043477,47.0,0.10961546124726042,986.5391512253439,47.00000000000001
1788496559,llama3.1:8b,46.0,6614,1370841,291.09,12.02,41.29481046484775,1.705189535152255,109.27906976744185,3505066.6744186045,2422343.8604651163,43.0,0.10999361566290701,989.942540966163,43.00000000000001
1788496602,llama3.1:8b,47.0,6602,3241099,279.7,11.81,55.65023498336249,2.3497650166375084,109.01754385964912,3505983.807017544,2523769.8771929825,58.0,0.10833118764081108,974.9806887672997,57.99999999999999
1788496660,llama3.1:8b,46.0,6601,2880979,280.46,11.86,51.80911330049261,2.1908866995073892,109.24074074074075,3503325.592592593,2411590.3333333335,54.0,0.1085675538226818,977.1079844041362,54.0
1788496714,llama3.1:8b,45.0,6613,3500000,283.23,11.84,51.83319212390281,2.1668078760971974,109.77358490566037,3505764.433962264,2615498.9245283017,54.0,0.10785837057408044,970.725335166724,54.00000000000001
1788496768,llama3.1:8b,44.0,6608,1500523,274.9,11.8,54.65399372166027,2.346006278339728,109.19642857142857,3506196.1785714286,2573570.285714286,57.0,0.10806214227309895,972.5592804578905,57.0
1788496825,llama3.1:8b,44.0,6612,1308115,277.41,11.86,47.950012099422686,2.0499879005773147,109.74,3506791.02,2481602.1,50.0,0.10807362857663569,972.6626571897212,50.0
1788496875,llama3.1:8b,46.0,6617,999533,270.82,11.87,46.94251653754996,2.0574834624500333,109.08333333333333,3506105.5306122447,2532375.5714285714,49.0,0.10881588999236058,979.3430099312452,49.0
1788496924,llama3.1:8b,44.0,6624,2187473,286.34,11.76,55.71190875545119,2.2880912445488093,109.75862068965517,3504661.210526316,2464812.701754386,58.0,0.10714420358152686,964.2978322337418,58.0
1788496982,llama3.1:8b,46.0,6612,798769,284.13,11.97,40.30212765957447,1.6978723404255318,109.48780487804878,3504238.1666666665,2393328.0476190476,42.0,0.10932724437513924,983.9451993762532,42.0
1788497024,llama3.1:8b,46.0,6620,2142405,291.64,11.89,49.963034955358616,2.036965044641387,109.0576923076923,3504845.098039216,2517453.8039215687,52.0,0.10902486333979898,981.2237700581909,52.0
1788497076,llama3.1:8b,46.0,6619,1488851,290.86,12.08,33.604344094540174,1.395655905459827,108.70588235294117,3504702.6,2457847.2285714285,35.0,0.11112554112554113,1000.1298701298701,35.0
1788497111,llama3.1:8b,46.0,6610,1200961,268.52,11.9,52.666000998502255,2.333999001497754,109.61818181818182,3507204.6481481483,2506936.1666666665,55.0,0.10855863327251616,977.0276994526455,55.00000000000001
1788497166,llama3.1:8b,42.0,6615,1040792,280.28,11.82,54.693461143444026,2.3065388565559743,108.96428571428571,3506422.2807017546,2504767.8771929825,57.0,0.10847590953785645,976.283185840708,57.0
1788497223,llama3.1:8b,46.0,6606,1747073,282.15,11.86,49.902384272643786,2.0976157273562124,109.47058823529412,3504674.901960784,2606783.3529411764,52.0,0.10833960236432025,975.0564212788822,52.0
1788497275,llama3.1:8b,46.0,6611,1200000,278.66,11.84,53.71759036144579,2.282409638554217,109.08928571428571,3506399.5714285714,2520327.0535714286,56.0,0.1085349484367327,976.8145359305943,56.0
1788497331,llama3.1:8b,41.0,6612,1509036,283.76,12.09,41.2427919553828,1.7572080446172047,109.38095238095238,3504034.3333333335,2499709.3333333335,43.0,0.11053112755768393,994.7801480191555,43.00000000000001
1788497374,llama3.1:8b,46.0,6610,1492925,290.71,11.9,52.837150127226465,2.1628498727735375,109.7090909090909,3503421.5636363635,2428773.909090909,55.0,0.10846867749419954,976.2180974477959,55.0
1788497429,llama3.1:8b,44.0,6612,1033465,279.39,12.05,38.34614328849849,1.65385671150151,109.82051282051282,3504578.0256410255,2394778.8974358975,40.0,0.10972449217837965,987.5204296054169,40.0
1788497469,llama3.1:8b,46.0,6615,1509030,280.11,12.09,44.096714579055444,1.9032854209445584,110.1086956521739,3506337.413043478,2433991.5,46.0,0.10980059230009873,988.2053307008886,46.0
1788497515,llama3.1:8b,46.0,6613,873027,286.53,12.17,37.41101439571476,1.5889856042852362,109.55263157894737,3504273.789473684,2412213.6315789474,39.0,0.11108815757866923,999.793418208023,38.99999999999999
1788497554,llama3.1:8b,44.0,6611,799690,275.67,11.86,47.937606510624974,2.062393489375021,109.77551020408163,3505484.14,2416590.46,50.0,0.10803866889756461,972.3480200780815,49.99999999999999
1788497604,llama3.1:8b,46.0,6606,1393222,283.43,11.79,57.60382087934422,2.3961791206557814,109.13333333333334,3505435.966101695,2465056.881355932,60.0,0.10803298717165545,972.2968845448991,60.0
1788497664,llama3.1:8b,44.0,6616,2302400,281.36,11.89,50.85108269394715,2.148917306052856,110.11538461538461,3504194.849056604,2429418.169811321,53.0,0.1079776458260566,971.7988124345093,53.00000000000001
1788497717,llama3.1:8b,42.0,6614,1593039,272.21,11.97,39.27303117742276,1.7269688225772397,109.2439024390244,3505561.425,2558280.775,41.0,0.1095713328868051,986.1419959812458,41.0
1788497758,llama3.1:8b,41.0,6611,1100000,286.29,11.8,59.54570767217954,2.4542923278204567,109.11475409836065,3505409.9032258065,2453687.9516129033,62.0,0.10814302884615386,973.2872596153846,61.99999999999999
1788497820,llama3.1:8b,44.0,6620,1567886,289.21,11.99,48.969820717131476,2.030179282868526,109.4,3506448.5,2424539.26,51.0,0.10959780621572211,986.3802559414991,51.0
1788497871,llama3.1:8b,42.0,6613,1600000,289.73,11.98,44.17347784296178,1.8265221570382153,109.56521739130434,3506499.695652174,2430920.413043478,46.0,0.10934126984126985,984.0714285714287,45.99999999999999
1788497917,llama3.1:8b,43.0,6619,800000,285.25,11.97,48.94606688648139,2.0539331135186054,109.62,3505168.18,2502007.72,51.0,0.10919540229885058,982.7586206896552,50.99999999999999
1788497968,llama3.1:8b,46.0,6623,1500000,282.21,11.96,42.21110242376857,1.7888975762314312,109.18181818181819,3505907.5681818184,2569726.2954545454,44.0,0.1095420482930891,985.8784346378019,44.00000000000001
1788498012,llama3.1:8b,46.0,6619,1600000,280.62,11.9,47.00663202516068,1.9933679748393274,109.1875,3504859.0,2489262.1041666665,49.0,0.10898683457355467,980.881511161992,49.00000000000001
1788498061,llama3.1:8b,44.0,6672,980780,285.6,11.9,43.2,1.8,109.66666666666667,3506139.1555555556,2488271.8444444444,45.0,0.10851063829787234,976.5957446808511,45.0
1788498106,llama3.1:8b,44.0,6623,863678,283.84,12.0,35.49918875067604,1.5008112493239592,109.80555555555556,3505788.6756756757,2444962.3243243243,37.0,0.10928408803440424,983.5567923096382,37.0
1788498143,llama3.1:8b,47.0,6618,1558688,287.62,11.93,46.08833249874812,1.9116675012518778,109.72916666666667,3507065.14893617,2453717.4680851065,48.0,0.10872223277007784,978.5000949307006,48.0
1788498191,llama3.1:8b,46.0,6620,861961,278.88,12.02,40.26455826744586,1.7354417325541422,109.04878048780488,3506764.523809524,2519228.261904762,42.0,0.11022590024602996,992.0331022142695,42.0
1788498233,llama3.1:8b,44.0,6619,1800000,280.37,11.78,56.6210166010611,2.3789833989389013,109.40677966101696,3505218.9310344825,2445199.9827586208,59.0,0.10767157242447714,969.0441518202942,59.0
1788498292,llama3.1:8b,46.0,6623,2477372,285.81,11.88,51.84500655043838,2.154993449561625,109.81132075471699,3506028.222222222,2426957.777777778,54.0,0.10818556701030928,973.6701030927835,54.0
1788498346,llama3.1:8b,46.0,6617,981818,278.56,11.96,42.18862728899904,1.811372711000964,108.95454545454545,3506501.069767442,2476204.976744186,44.0,0.10977054651647894,987.9349186483104,44.0
1788498390,llama3.1:8b,46.0,6611,3037804,276.2,11.93,46.97115885190712,2.0288411480928747,109.72916666666667,3505469.9591836734,2510240.0816326533,49.0,0.10872223277007784,978.5000949307006,48.99999999999999
1788498439,llama3.1:8b,46.0,6621,1282784,270.11,11.84,52.69037063309098,2.3096293669090264,109.5,3505611.611111111,2454503.111111111,55.0,0.10812785388127853,973.1506849315068,55.00000000000001
1788498494,llama3.1:8b,46.0,6613,1306860,276.92,11.98,39.29982692973347,1.700173070266528,109.36585365853658,3454093.951219512,2502931.975609756,41.0,0.1095405887600357,985.8652988403212,41.0
1788498535,llama3.1:8b,44.0,6615,1633500,283.01,11.97,40.29568106312292,1.7043189368770766,109.21951219512195,3505424.0,2584207.3902439023,42.0,0.10959580169718625,986.3622152746763,42.0
1788498577,llama3.1:8b,44.0,6615,1087000,279.03,12.0,42.18575404597464,1.8142459540253584,109.61363636363636,3506227.8636363638,2584361.3636363638,44.0,0.10947543023014722,985.278872071325,44.0
1788498621,llama3.1:8b,47.0,6609,3500000,287.34,11.97,47.04039290367845,1.9596070963215397,109.6875,3505464.6458333335,2529286.6875,49.0,0.10912820512820513,982.1538461538462,48.99999999999999
1788498670,llama3.1:8b,44.0,6609,1200280,274.6,11.77,56.57506023675664,2.4249397632433562,109.42372881355932,3505185.915254237,2501779.0677966103,59.0,0.10756350681536554,968.0715613382899,59.0
1788498729,llama3.1:8b,46.0,6607,3019078,280.95,11.89,50.84807403360197,2.151925966398033,110.0,3506278.846153846,2448037.9615384615,53.0,0.1080909090909091,972.8181818181819,53.0
1788498782,llama3.1:8b,44.0,6605,1305603,283.67,11.85,57.59407146724418,2.4059285327558197,108.96610169491525,3505755.8,2484372.1666666665,60.0,0.10874941670555296,978.7447503499767,60.0
1788498842,llama3.1:8b,44.0,6619,950589,283.35,11.92,52.77965929488265,2.22034070511735,109.43636363636364,3505068.9444444445,2406481.703703704,55.0,0.10892174779863764,980.2957301877389,55.0
1788498897,llama3.1:8b,44.0,6615,1407980,278.7,12.07,37.3810915844138,1.6189084155862021,109.10526315789474,3507358.769230769,2464809.487179487,39.0,0.11062711046792088,995.6439942112879,39.00000000000001
1788498936,llama3.1:8b,44.0,6622,1596107,266.68,11.9,50.73601837892168,2.263981621078326,109.01886792452831,3506758.1346153845,2551556.846153846,53.0,0.10915541709934233,982.398753894081,53.0
1788498989,llama3.1:8b,46.0,6622,798671,284.58,11.96,43.18506778174951,1.8149322182504892,109.61363636363636,3505752.488888889,2473333.3777777776,45.0,0.10911051212938007,981.9946091644207,45.0
1788499034,llama3.1:8b,41.0,6616,1504335,282.6,11.92,54.693059894064916,2.3069401059350803,109.41071428571429,3505682.839285714,2492020.285714286,57.0,0.10894728251999347,980.5255426799413,57.0
1788499091,llama3.1:8b,44.0,6609,1582154,277.62,11.96,54.645831894467854,2.35416810553215,109.64912280701755,3505738.2280701753,2433594.98245614,57.0,0.1090752,981.6768,57.00000000000001
1788499148,llama3.1:8b,44.0,6607,1911211,283.35,11.85,55.671747967479675,2.3282520325203246,109.47368421052632,3505735.8771929825,2516528.0,58.0,0.1082451923076923,974.2067307692308,58.0
1788499206,llama3.1:8b,44.0,6608,1400000,288.34,11.86,57.62958027981345,2.370419720186542,109.43333333333334,3506015.033333333,2524768.966666667,60.0,0.10837648492232713,975.3883643009441,59.99999999999999
1788499266,llama3.1:8b,44.0,6605,1300000,287.02,11.79,50.90880492620728,2.091195073792711,109.57692307692308,3504854.326923077,2497044.269230769,53.0,0.10759564759564759,968.3608283608284,52.99999999999999
1788499319,llama3.1:8b,46.0,6615,859224,287.09,12.02,44.15144929958878,1.84855070041122,109.24444444444444,3504439.152173913,2498399.0434782607,46.0,0.11002847843775428,990.2563059397885,46.0
1788499365,llama3.1:8b,46.0,6612,1200000,285.77,11.92,55.677584063959145,2.322415936040848,109.24137931034483,3505620.210526316,2452670.0,58.0,0.10911616161616161,982.0454545454545,57.99999999999999
1788499423,llama3.1:8b,43.0,6608,817590,287.09,11.97,50.87865311308767,2.1213468869123253,109.67307692307692,3468686.5,2435152.3076923075,53.0,0.10914255654918464,982.2830089426618,53.0
1788499476,llama3.1:8b,46.0,6618,1479639,278.63,12.05,45.05163753956241,1.9483624604375946,109.70212765957447,3505359.8085106383,2413082.787234043,47.0,0.10984290147401087,988.5861132660979,47.0
1788499523,llama3.1:8b,44.0,6609,1787670,288.32,12.07,38.39275608375778,1.6072439162422185,110.35897435897436,3507262.875,2460351.8,40.0,0.1093703531598513,984.3331784386617,40.0
1788499563,llama3.1:8b,46.0,6614,1800000,287.0,11.94,50.88312035860039,2.1168796413996116,109.75471698113208,3504729.2884615385,2481703.826923077,53.0,0.1087880350696235,979.0923156266115,53.0
1788499616,llama3.1:8b,41.0,6626,1883955,288.36,12.0,54.72273272073512,2.277267279264882,109.21428571428571,3505721.2807017546,2400385.9122807016,57.0,0.10987573577501636,988.8816219751473,57.0
1788499673,llama3.1:8b,46.0,6623,974676,279.02,11.96,45.06818338030105,1.9318166196989488,109.6086956521739,3506912.217391304,2510333.5434782607,47.0,0.10911543038476797,982.0388734629117,47.0
1788499720,llama3.1:8b,44.0,6617,1467500,279.98,11.9,52.75764012607921,2.2423598739207895,109.56363636363636,3503281.8727272726,2407100.272727273,55.0,0.10861267839362762,977.5141055426486,55.0
1788499775,llama3.1:8b,46.0,6608,1448580,281.99,11.84,48.944934145594395,2.055065854405609,109.52,3506511.8,2498000.18,51.0,0.10810810810810811,972.972972972973,51.00000000000001
1788499826,llama3.1:8b,46.0,6612,1400000,288.24,12.04,47.99520447582256,2.004795524177434,109.42,3505731.1,2589477.36,50.0,0.1100347285688174,990.3125571193565,49.99999999999999
1788499876,llama3.1:8b,47.0,6610,1455457,278.88,12.0,52.73102310231023,2.268976897689769,109.55555555555556,3506863.6666666665,2401696.907407407,55.0,0.10953346855983773,985.8012170385394,55.0
1788499931,llama3.1:8b,46.0,6614,1952258,280.8,11.83,56.61483784984452,2.3851621501554865,108.91379310344827,3505143.293103448,2433331.3620689656,59.0,0.10861801488048124,977.5621339243312,59.00000000000001
1788499990,llama3.1:8b,46.0,6613,1766574,283.37,12.0,35.49680062294749,1.5031993770525103,109.32432432432432,3505324.135135135,2419528.4864864866,37.0,0.10976514215080346,987.8862793572312,37.0
1788500027,llama3.1:8b,42.0,6620,1594088,281.47,11.75,60.47544505831799,2.5245549416820134,109.85483870967742,3506850.435483871,2491326.935483871,63.0,0.10695933049478784,962.6339744530907,63.0
1788500090,llama3.1:8b,44.0,6611,1009515,282.94,11.83,54.712419852766565,2.2875801472334367,109.41071428571429,3504886.49122807,2452297.456140351,57.0,0.10812469397747673,973.1222457972905,57.0
1788500147,llama3.1:8b,46.0,6616,800224,278.96,11.91,39.321208787430805,1.678791212569189,110.21951219512195,3505680.475,2571328.725,41.0,0.10805709227705244,972.513830493472,40.99999999999999
1788500188,llama3.1:8b,44.0,6614,3500000,277.83,11.93,55.61202374378796,2.3879762562120375,108.94736842105263,3506341.9310344825,2440119.275862069,58.0,0.1095024154589372,985.5217391304348,57.99999999999999
1788500246,llama3.1:8b,46.0,6614,1000000,268.79,11.96,45.95519145146928,2.0448085485307215,109.5625,3505637.659574468,2431152.340425532,48.0,0.10916143753565317,982.4529378208786,48.00000000000001
1788500294,llama3.1:8b,46.0,6608,800232,282.45,11.86,55.66273657028303,2.337263429716965,109.2280701754386,3506368.8448275863,2451880.724137931,58.0,0.1085801477674269,977.2213299068421,57.99999999999999
1788500352,llama3.1:8b,46.0,6616,799578,285.28,11.99,52.78164631479799,2.218353685202005,109.53703703703704,3504933.3333333335,2491873.3703703703,55.0,0.10946069315300085,985.1462383770076,54.99999999999999
1788500407,llama3.1:8b,46.0,6610,1490725,270.98,12.07,44.03843843843844,1.9615615615615616,109.15217391304348,3506110.304347826,2439689.804347826,46.0,0.11057956582354113,995.2160924118702,46.0
1788500453,llama3.1:8b,46.0,6610,1574220,279.5,12.06,36.428179448484016,1.5718205515159829,110.05405405405405,3505590.054054054,2649242.918918919,38.0,0.10958251473477408,986.2426326129666,38.0
1788500491,llama3.1:8b,46.0,6609,1788019,271.99,11.93,48.85703719357566,2.142962806424345,108.90196078431373,3504359.6274509802,2477342.0784313725,51.0,0.10954807346056895,985.9326611451206,51.0
1788500542,llama3.1:8b,46.0,6606,1800000,282.28,11.98,43.16794671379052,1.8320532862094747,109.20454545454545,3504179.5555555555,2476157.3333333335,45.0,0.10970239334027056,987.3215400624349,44.99999999999999
1788500587,llama3.1:8b,42.0,6606,1590792,288.77,11.94,44.17352266303083,1.826477336969173,109.47826086956522,3506414.2444444443,2473118.288888889,46.0,0.10906274821286735,981.5647339158062,46.0
1788500633,llama3.1:8b,46.0,6613,1500000,279.87,11.92,46.99828643887727,2.0017135611227252,109.33333333333333,3504355.93877551,2498991.6530612246,49.0,0.10902439024390244,981.219512195122,49.0
1788500682,llama3.1:8b,47.0,6617,1496323,288.36,12.02,44.15926493108729,1.8407350689127107,110.32608695652173,3505239.111111111,2434236.8,46.0,0.10894975369458128,980.5477832512314,46.0
1788500728,llama3.1:8b,47.0,6616,2935494,278.84,11.89,48.91425033536271,2.0857496646372926,109.52,3505244.843137255,2530252.2352941176,51.0,0.10856464572680789,977.081811541271,51.0
1788500779,llama3.1:8b,46.0,6617,802398,278.79,11.75,60.452158050526606,2.547841949473394,109.53225806451613,3504256.8225806453,2530260.3225806453,63.0,0.10727433367692535,965.4690030923282,63.0
1788500842,llama3.1:8b,44.0,6616,1095254,277.08,11.85,52.7442633163742,2.2557366836257913,109.34545454545454,3506633.727272727,2530165.2363636363,55.0,0.10837213169271699,975.3491852344529,54.99999999999999
1788500897,llama3.1:8b,44.0,6614,1089223,284.71,11.99,35.50478597910347,1.4952140208965288,109.11111111111111,3505551.3055555555,2479075.0,37.0,0.10988798370672098,988.9918533604889,36.99999999999999
1788500934,llama3.1:8b,45.0,6616,1067321,282.31,11.8,50.87358471320254,2.1264152867974566,109.81132075471699,3504572.2264150945,2531537.4716981133,53.0,0.10745704467353952,967.1134020618556,53.0
1788500987,llama3.1:8b,46.0,6605,1100000,275.63,11.78,58.499808635746845,2.5001913642531575,109.48333333333333,3506961.0833333335,2431933.15,61.0,0.1075962855838027,968.3665702542244,61.0
1788501048,llama3.1:8b,44.0,6610,2021589,284.92,11.8,56.653680237260716,2.3463197627392827,109.36206896551724,3506409.4137931033,2556592.603448276,59.0,0.10789847075516318,971.0862367964686,59.0
1788501107,llama3.1:8b,46.0,6615,1500000,279.22,11.88,51.79622122981793,2.203778770182068,109.22222222222223,3506213.925925926,2446854.203703704,54.0,0.10876907426246185,978.9216683621567,54.0
1788501161,llama3.1:8b,42.0,6613,1357951,280.36,12.0,45.07087152825284,1.9291284717471608,109.6086956521739,3505259.1086956523,2468838.7391304346,47.0,0.10948036493454978,985.323284410948,47.0
1788501208,llama3.1:8b,46.0,6611,1001438,272.49,11.89,51.74224629017512,2.2577537098248825,109.33333333333333,3503739.777777778,2409357.296296296,54.0,0.10875000000000001,978.7500000000001,54.0
1788501262,llama3.1:8b,44.0,6620,1578039,289.5,11.84,60.524656534147475,2.4753434658525255,109.41935483870968,3504319.64516129,2436932.193548387,63.0,0.10820754716981132,973.8679245283018,63.0
1788501325,llama3.1:8b,44.0,6612,798798,288.73,11.93,49.93667265349564,2.063327346504357,109.11764705882354,3504034.923076923,2421861.653846154,52.0,0.10933153638814015,983.9838274932613,52.0
1788501377,llama3.1:8b,46.0,6614,1586906,281.94,11.85,53.741243745532515,2.258756254467477,108.78571428571429,3505472.8181818184,2448520.1454545455,56.0,0.10892974392646092,980.3676953381482,55.99999999999999
1788501433,llama3.1:8b,46.0,6616,1109004,285.29,11.91,45.11652086137281,1.883479138627187,108.58695652173913,3505661.1914893617,2548684.425531915,47.0,0.10968168168168169,987.1351351351352,47.0
1788501480,llama3.1:8b,46.0,6614,1400000,290.45,11.79,55.73749338274219,2.262506617257808,109.3157894736842,3506669.543859649,2478752.807017544,58.0,0.1078526721232547,970.6740491092922,57.99999999999999
1788501538,llama3.1:8b,42.0,6618,1150653,279.54,11.81,53.730015445340655,2.2699845546593442,109.51785714285714,3504581.785714286,2527698.3928571427,56.0,0.10783629545083973,970.5266590575576,56.0
1788501594,llama3.1:8b,44.0,6611,2600000,283.77,11.92,50.86343806013054,2.1365619398694577,109.51923076923077,3505032.076923077,2445248.846153846,53.0,0.10883933274802458,979.5539947322212,53.0
1788501647,llama3.1:8b,44.0,6616,3490053,280.27,11.88,53.7228136231388,2.2771863768612017,109.83928571428571,3505759.6071428573,2481663.25,56.0,0.10815802308567714,973.4222077710942,56.0
1788501703,llama3.1:8b,46.0,6622,1628737,275.53,11.9,46.0127335351216,1.9872664648784055,109.08510638297872,3507550.404255319,2569158.744680851,48.0,0.10908913594694754,981.8022235225278,48.0
1788501751,llama3.1:8b,46.0,6614,1500000,278.21,11.9,54.66192134018131,2.33807865981869,109.5,3504968.50877193,2471237.6140350876,57.0,0.108675799086758,978.0821917808219,57.0
1788501808,llama3.1:8b,46.0,6623,752172,267.13,11.75,59.38776534710269,2.6122346528973033,112.70967741935483,3504345.5081967213,2507727.2459016396,62.0,0.10425014310246136,938.2512879221523,62.0
1788501870,llama3.1:8b,47.0,6791,3500000,265.59,11.91,43.06864864864865,1.9313513513513514,114.72727272727273,3505307.577777778,2578302.933333333,45.0,0.10381141045958796,934.3026941362917,45.0
1788501915,llama3.1:8b,45.0,6597,1591474,279.19,11.85,55.638468938977454,2.3615310610225397,109.93103448275862,3505291.245614035,2506780.8596491227,58.0,0.1077948557089084,970.1537013801757,57.99999999999999
1788501973,llama3.1:8b,46.0,6616,1259482,294.95,11.95,48.053111762789186,1.9468882372108178,109.10204081632654,3507151.66,2510975.4,50.0,0.10953049008604562,985.7744107744106,50.00000000000001
1788502023,llama3.1:8b,41.0,6604,1577736,282.21,11.88,50.85902274813833,2.1409772518616754,109.07692307692308,3505743.269230769,2458877.596153846,53.0,0.10891396332863187,980.2256699576869,53.00000000000001
1788502076,llama3.1:8b,44.0,6599,801183,283.54,11.84,54.715214300223444,2.284785699776559,109.80701754385964,3506091.6071428573,2523156.0535714286,57.0,0.10782553123502157,970.4297811151941,57.0
1788502133,llama3.1:8b,41.0,6604,800000,274.0,11.9,55.585869185029736,2.4141308149702696,108.59649122807018,3505823.172413793,2444410.4310344825,58.0,0.1095799676898223,986.2197092084006,58.00000000000001
1788502191,llama3.1:8b,48.0,6610,2505070,290.42,11.94,51.86757507606826,2.1324249239317368,109.0754716981132,3506338.867924528,2478020.9811320757,54.0,0.10946549039958485,985.1894135962636,54.0
1788502245,llama3.1:8b,44.0,6600,990351,288.22,11.9,51.85885645741703,2.1411435425829666,109.57407407407408,3505925.074074074,2421827.703703704,54.0,0.1086023322629711,977.4209903667398,54.0
1788502299,llama3.1:8b,44.0,6605,1329182,285.12,11.86,49.92336184254832,2.07663815745168,109.37254901960785,3505553.588235294,2567723.431372549,52.0,0.10843671566869845,975.930441018286,52.0
1788502351,llama3.1:8b,44.0,6601,799168,270.48,12.01,39.25689404934688,1.7431059506531204,109.26829268292683,3505215.43902439,2455549.0,41.0,0.10991294642857143,989.2165178571429,41.0
1788502392,llama3.1:8b,42.0,6596,1308510,282.56,11.9,47.97935203423216,2.0206479657678464,109.26530612244898,3505304.285714286,2496321.0816326533,50.0,0.10890922674635788,980.1830407172208,50.0
1788502442,llama3.1:8b,41.0,6605,889137,279.99,11.81,59.490678546949965,2.5093214530500343,109.47540983606558,3506425.1129032257,2469626.419354839,62.0,0.10787810721772986,970.9029649595687,62.0
1788502504,llama3.1:8b,44.0,6614,1334518,277.58,11.82,59.467726330338635,2.5322736696613686,109.45161290322581,3506916.2622950817,2489801.4098360655,62.0,0.10799292661361627,971.9363395225465,62.00000000000001
1788502566,llama3.1:8b,46.0,6621,967812,279.04,11.75,62.37353416554902,2.626465834450978,109.546875,3505631.4,2517212.107692308,65.0,0.10726001996862074,965.3401797175866,65.0
1788502631,llama3.1:8b,44.0,6610,3094298,274.85,11.93,49.83680870353581,2.163191296464188,109.98039215686275,3506510.3921568627,2451428.0196078434,52.0,0.10847388126225709,976.2649313603138,52.0
1788502683,llama3.1:8b,44.0,6607,2700000,283.73,11.92,44.14537459834263,1.854625401657365,109.32608695652173,3504720.695652174,2463605.5434782607,46.0,0.10903161662358322,981.284549612249,45.99999999999999
1788502729,llama3.1:8b,46.0,6612,1200000,291.66,11.89,50.923999341129964,2.076000658870038,109.5,3507815.346153846,2458495.923076923,53.0,0.10858447488584476,977.2602739726029,53.0
1788502782,llama3.1:8b,46.0,6606,2577762,272.36,11.96,49.812605514912775,2.187394485087226,109.96153846153847,3506033.6923076925,2507545.5,52.0,0.10876530255334033,978.887722980063,52.0
1788502834,llama3.1:8b,44.0,6608,1307514,287.42,11.84,59.547015972732744,2.4529840272672594,109.40983606557377,3504159.606557377,2410650.4590163934,62.0,0.10821696134252322,973.9526520827089,62.0
1788502896,llama3.1:8b,44.0,6610,1172824,276.13,12.0,49.83431090132926,2.165689098670739,109.90196078431373,3505937.3921568627,2495702.0392156863,52.0,0.10918822479928635,982.6940231935772,52.0
1788502948,llama3.1:8b,46.0,6611,1462358,276.54,12.04,40.24769561300159,1.7523043869984054,110.02380952380952,3504530.261904762,2422754.523809524,42.0,0.1094308591214023,984.8777320926207,41.99999999999999
1788502990,llama3.1:8b,44.0,6613,800000,294.0,11.97,44.20041180507893,1.7995881949210706,109.17777777777778,3504503.8260869565,2478858.1086956523,46.0,0.10963769590881337,986.7392631793202,46.0
1788503036,llama3.1:8b,46.0,6613,1904041,285.61,11.94,51.83310368005377,2.1668963199462272,109.16666666666667,3505687.150943396,2437312.6981132077,54.0,0.10937404580152671,984.3664122137404,53.99999999999999
1788503090,llama3.1:8b,41.0,6609,935944,286.77,12.01,48.94996318361336,2.050036816386639,109.82,3504732.4,2419455.32,51.0,0.10936077217264616,984.2469495538154,51.0
1788503141,llama3.1:8b,44.0,6615,1156970,289.05,11.98,46.08975849583098,1.9102415041690197,109.875,3504815.4791666665,2430144.8541666665,48.0,0.10903299203640501,981.2969283276451,48.0
1788503189,llama3.1:8b,46.0,6616,1741578,287.18,12.03,39.351559105644874,1.6484408943551352,109.625,3504400.048780488,2432027.8048780486,41.0,0.10973774230330673,987.6396807297606,41.00000000000001
1788503230,llama3.1:8b,46.0,6617,2610939,275.3,11.84,52.73211673747998,2.267883262520025,109.33333333333333,3482843.796296296,2467832.2592592593,55.0,0.10829268292682927,974.6341463414633,55.0
1788503285,llama3.1:8b,46.0,6620,798796,278.87,11.8,54.68603571059965,2.313964289400351,109.08771929824562,3505208.0,2509445.052631579,57.0,0.10816982952717916,973.5284657446125,57.0
1788503342,llama3.1:8b,46.0,6617,1422448,275.12,11.88,53.6819512195122,2.318048780487805,109.01818181818182,3505066.709090909,2483337.7454545456,56.0,0.1089726484322882,980.7538358905938,56.00000000000001
1788503398,llama3.1:8b,41.0,6618,1200000,269.54,11.87,49.80661668028855,2.1933833197114527,109.82692307692308,3506194.156862745,2487654.7843137253,52.0,0.10807914550866747,972.7123095780073,52.0
1788503450,llama3.1:8b,42.0,6622,1376985,279.23,11.92,48.91200412158681,2.087995878413189,109.48,3504881.8235294116,2381983.7647058824,51.0,0.10887833394227256,979.9050054804529,51.0
1788503501,llama3.1:8b,44.0,6627,1374595,273.13,11.85,51.754579268720605,2.245420731279388,109.52830188679245,3501867.9056603773,2445015.1886792453,54.0,0.10819121447028424,973.7209302325582,53.99999999999999
1788503555,llama3.1:8b,46.0,6623,991162,286.6,11.74,62.44218006301535,2.5578199369846484,109.50769230769231,3504388.4307692307,2435076.2461538464,65.0,0.10720708064062939,964.8637257656645,65.0
1788503620,llama3.1:8b,44.0,6613,758045,272.2,11.84,45.99915504858471,2.000844951415294,109.12765957446808,3505190.1276595746,2444954.0212765955,48.0,0.10849678299863522,976.4710469877169,48.00000000000001
1788503668,llama3.1:8b,46.0,6623,1396143,278.83,11.89,46.036873968079256,1.9631260319207486,109.72916666666667,3505333.3958333335,2518091.5833333335,48.0,0.10835769887981773,975.2192899183596,48.00000000000001
1788503716,llama3.1:8b,47.0,6620,1670000,268.79,11.79,52.688894432960296,2.311105567039703,109.22222222222223,3505412.2407407407,2413684.537037037,55.0,0.10794506612410985,971.5055951169887,55.0
1788503771,llama3.1:8b,47.0,6618,887710,278.61,11.96,51.777334205182925,2.222665794817084,109.39622641509433,3506270.8518518517,2449583.6296296297,54.0,0.1093273542600897,983.9461883408072,54.00000000000001
1788503825,llama3.1:8b,46.0,6616,1469199,286.16,11.83,56.65774019262392,2.3422598073760863,109.2542372881356,3505913.9310344825,2487000.3620689656,59.0,0.10827955321129382,974.5159789016444,59.00000000000001
1788503884,llama3.1:8b,46.0,6621,1496277,285.09,11.81,57.613337824183226,2.3866621758167734,109.94915254237289,3506137.1,2434435.1666666665,60.0,0.10741328811469092,966.7195930322182,60.0
1788503944,llama3.1:8b,46.0,6624,1443688,285.5,11.89,48.960960355089284,2.0390396449107233,109.06,3504309.84,2478988.82,51.0,0.10902255639097745,981.2030075187971,51.00000000000001
1788503995,llama3.1:8b,42.0,6613,986204,283.13,11.81,52.79768766528785,2.202312334712145,109.25454545454545,3505315.672727273,2515215.8363636364,55.0,0.1080961890497587,972.8657014478283,55.0
1788504050,llama3.1:8b,44.0,6625,1079873,280.84,12.0,44.11501161043574,1.8849883895642674,109.93333333333334,3504867.644444444,2437609.488888889,46.0,0.1091570648878108,982.4135839902972,46.00000000000001
1788504096,llama3.1:8b,46.0,6616,1400000,285.93,11.9,50.88234899103516,2.1176510089648457,109.98113207547169,3505156.2075471696,2442601.2641509436,53.0,0.10820037742322869,973.8033968090582,53.00000000000001
1788504149,llama3.1:8b,46.0,6617,1290486,283.86,11.96,53.7359204921912,2.2640795078088027,108.92727272727272,3506543.309090909,2441519.654545455,56.0,0.10979803037890169,988.1822734101153,56.0
1788504205,llama3.1:8b,44.0,6615,1603940,285.82,11.87,59.52783096509792,2.4721690349020795,109.40983606557377,3504992.770491803,2403577.819672131,62.0,0.10849115972430326,976.4204375187293,62.0
1788504267,llama3.1:8b,46.0,6620,1100000,285.89,11.85,53.77120978034526,2.2287902196547322,109.10714285714286,3505771.3928571427,2501049.25,56.0,0.10860883797054009,977.4795417348608,55.99999999999999
1788504323,llama3.1:8b,46.0,6612,3500000,282.49,11.77,59.52008427920887,2.479915720791137,109.34426229508196,3504479.950819672,2492040.9836065574,62.0,0.10764167916041979,968.7751124437782,62.0
1788504385,llama3.1:8b,46.0,6615,800000,288.26,11.85,49.94675285728566,2.053247142714338,108.90196078431373,3505540.8076923075,2478305.4423076925,52.0,0.10881346777097586,979.3212099387827,52.0
1788504437,llama3.1:8b,44.0,6620,3502706,268.68,11.8,52.686109526525954,2.3138904734740446,109.03636363636363,3505032.5185185187,2521482.9444444445,55.0,0.10822077705519427,973.9869934967485,55.0
1788504492,llama3.1:8b,44.0,6625,1896361,274.47,11.94,45.04064103906987,1.9593589609301347,109.6086956521739,3504437.829787234,2439476.4680851065,47.0,0.10893296310987703,980.3966679888933,47.0
1788504539,llama3.1:8b,47.0,6611,1866804,278.53,11.97,47.93975903614457,2.060240963855422,109.28,3504586.612244898,2542549.1224489794,50.0,0.10953513909224012,985.816251830161,49.99999999999999
1788504589,llama3.1:8b,46.0,6613,1505257,279.63,11.83,50.84879571810884,2.151204281891169,108.88461538461539,3504461.6415094337,2508597.169811321,53.0,0.1086471211586012,977.8240904274109,53.00000000000001
1788504642,llama3.1:8b,44.0,6613,1760156,284.08,11.84,55.679372803460396,2.3206271965396055,109.85964912280701,3506266.456140351,2466598.4210526315,58.0,0.10777387416160972,969.9648674544874,58.0
1788504700,llama3.1:8b,47.0,6617,1185899,283.01,11.78,58.562400352793524,2.437599647206486,109.34426229508196,3505062.6393442624,2499160.901639344,61.0,0.10773313343328336,969.5982008995503,61.00000000000001
1788504761,llama3.1:8b,44.0,6622,800000,286.15,11.81,52.82000939723453,2.179990602765472,109.48148148148148,3505483.703703704,2571756.611111111,55.0,0.10787212449255751,970.8491204330176,55.0
1788504816,llama3.1:8b,44.0,6616,3000000,276.99,11.85,51.78458662235147,2.2154133776485248,109.58490566037736,3505727.462962963,2526917.8518518517,54.0,0.10813533057851239,973.2179752066116,53.99999999999999
1788504870,llama3.1:8b,44.0,6612,2200000,276.21,11.94,45.05247267048412,1.947527329515877,109.8936170212766,3504215.6304347827,2471566.4565217393,47.0,0.10865053242981607,977.8547918683446,47.0
1788504917,llama3.1:8b,45.0,6614,3495270,276.67,11.82,52.746542341155674,2.2534576588443276,109.35185185185185,3505457.1454545455,2502962.018181818,55.0,0.10809144792548689,972.823031329382,55.0
1788504972,llama3.1:8b,47.0,6616,799860,295.59,11.83,51.921995966430295,2.0780040335697096,109.79629629629629,3504884.9245283017,2498173.396226415,54.0,0.10774498229043684,969.7048406139315,54.00000000000001
1788505026,llama3.1:8b,44.0,6615,1264891,288.17,11.94,48.01072939922029,1.989270600779714,109.28571428571429,3503976.74,2435569.24,50.0,0.1092549019607843,983.2941176470588,50.0
1788505076,llama3.1:8b,44.0,6608,1398060,288.07,11.86,53.78561664388357,2.2143833561164272,109.18181818181819,3505342.1272727274,2452710.581818182,56.0,0.10862614487926726,977.6353039134053,56.0
1788505132,llama3.1:8b,44.0,6612,1400000,288.68,12.1,36.47130793270829,1.5286920672917081,108.92105263157895,3505804.6315789474,2465636.3421052634,38.0,0.11108963517757912,999.8067165982121,38.0
1788505170,llama3.1:8b,46.0,6614,3000000,287.97,11.94,48.96959087726318,2.030409122736821,109.24,3505487.94,2470536.56,51.0,0.10930062248260711,983.705602343464,51.0
1788505221,llama3.1:8b,46.0,6639,1200000,288.45,11.96,43.20844845377984,1.7915515462201663,109.24444444444444,3506122.9555555554,2452472.422222222,45.0,0.1094792514239219,985.3132628152971,45.00000000000001
1788505266,llama3.1:8b,44.0,6639,3496865,281.11,11.82,54.699996586215136,2.3000034137848635,109.71428571428571,3504936.7678571427,2477299.464285714,57.0,0.10773437500000001,969.609375,57.0
1788505323,llama3.1:8b,44.0,6639,1300000,283.12,11.88,48.946169491525424,2.0538305084745763,109.80392156862744,3506175.843137255,2535998.117647059,51.0,0.10819285714285716,973.7357142857145,51.0
1788505374,llama3.1:8b,44.0,6619,1499474,276.73,11.88,52.73604518207962,2.2639548179203772,109.0,3504568.222222222,2501789.796296296,55.0,0.1089908256880734,980.9174311926606,55.0
1788505429,llama3.1:8b,44.0,6615,800360,284.91,11.76,56.661239761351,2.338760238649004,109.1896551724138,3504137.3448275863,2466145.120689655,59.0,0.10770251065845571,969.3225959261014,59.0
1788505488,llama3.1:8b,44.0,6618,1900000,284.2,11.96,51.81928687196111,2.1807131280388985,109.98148148148148,3506169.2407407407,2401993.888888889,54.0,0.10874558006398384,978.7102205758546,54.00000000000001
1788505542,llama3.1:8b,44.0,6609,1000000,287.53,11.82,56.67035243026558,2.329647569734425,108.93103448275862,3505315.1896551726,2482266.206896552,59.0,0.10850902184235518,976.5811965811968,59.00000000000001
1788505601,llama3.1:8b,44.0,6617,1271989,277.99,11.9,49.86539721963504,2.134602780364966,109.49019607843137,3505507.653846154,2450483.673076923,52.0,0.1086855300859599,978.169770773639,52.00000000000001
1788505653,llama3.1:8b,46.0,6616,1456474,276.46,11.83,55.61996600645184,2.380033993548164,109.74137931034483,3507292.1578947366,2485554.4736842103,58.0,0.10779890023566378,970.1901021209741,58.0
1788505711,llama3.1:8b,44.0,6616,3504888,283.3,11.8,55.680786174178245,2.3192138258217554,109.40350877192982,3504860.7413793104,2486872.8103448274,58.0,0.10785760102629892,970.7184092366901,58.0
1788505769,llama3.1:8b,44.0,6619,1370300,283.6,11.89,48.94784933500288,2.0521506649971233,109.15686274509804,3504140.46,2451534.72,51.0,0.10892581282557931,980.3323154302138,51.0
1788505820,llama3.1:8b,42.0,6620,2869160,275.65,11.94,48.88261066101047,2.1173893389895335,109.98,3505145.098039216,2511976.0392156863,51.0,0.10856519367157665,977.0867430441898,51.0
1788505871,llama3.1:8b,46.0,6620,3490514,288.05,12.01,48.95870825834833,2.0412917416516696,109.54,3506550.62,2475840.98,51.0,0.10964031404053314,986.7628263647982,51.0
1788505922,llama3.1:8b,44.0,6615,1253412,279.44,11.85,57.559133509560915,2.440866490439081,109.28333333333333,3506014.1,2509169.1166666667,60.0,0.10843373493975904,975.9036144578313,60.0
1788505982,llama3.1:8b,46.0,6609,1800000,271.55,11.84,56.53498712022302,2.465012879776986,109.72413793103448,3505385.327586207,2456797.603448276,59.0,0.10790697674418605,971.1627906976745,59.00000000000001
1788506041,llama3.1:8b,44.0,6613,1056673,275.88,11.92,45.053370396108406,1.9466296038915913,109.1304347826087,3505240.3191489363,2485163.212765957,47.0,0.10922709163346613,983.0438247011951,47.0
1788506088,llama3.1:8b,48.0,6617,3100000,286.17,11.97,46.07285168041859,1.9271483195814048,109.22916666666667,3505930.276595745,2508220.4680851065,48.0,0.10958611481975968,986.2750333778371,47.99999999999999
1788506136,llama3.1:8b,44.0,6606,1800000,287.73,11.94,47.04765241765942,1.9523475823405745,109.58333333333333,3505731.673469388,2455311.8775510206,49.0,0.10895817490494297,980.6235741444867,48.99999999999999
1788506185,llama3.1:8b,44.0,6606,1507438,277.91,11.86,46.99447837940435,2.0055216205956445,109.04081632653062,3506126.6666666665,2487248.4583333335,49.0,0.10876661051843532,978.8994946659179,48.99999999999999
1788506234,llama3.1:8b,46.0,6611,3491161,281.72,11.79,53.75053660863343,2.2494633913665627,109.0909090909091,3506165.160714286,2506003.0714285714,56.0,0.10807499999999999,972.6749999999998,55.99999999999999
1788506290,llama3.1:8b,44.0,6619,1202783,281.4,11.85,50.85831202046035,2.141687979539642,108.86792452830188,3504987.0576923075,2528228.3076923075,53.0,0.1088474870017331,979.6273830155981,52.99999999999999
1788506343,llama3.1:8b,46.0,6618,800401,288.4,11.94,48.972497835786115,2.027502164213891,109.22,3505651.862745098,2450985.6470588236,51.0,0.10932063724592565,983.8857352133309,51.00000000000001
1788506394,llama3.1:8b,46.0,6613,1500000,284.3,11.88,54.71368762239179,2.2863123776082115,109.66071428571429,3506097.6964285714,2445626.089285714,57.0,0.10833414753297509,975.0073277967758,57.0
1788506451,llama3.1:8b,46.0,6616,1786436,285.59,11.96,47.03044866409007,1.9695513359099317,109.46938775510205,3505501.775510204,2429290.0816326533,49.0,0.10925428784489187,983.2885906040268,49.00000000000001
1788506500,llama3.1:8b,46.0,6619,1589725,286.33,11.92,47.04164291701592,1.958357082984074,109.58333333333333,3505868.0625,2466265.1458333335,49.0,0.10877566539923955,978.9809885931559,48.99999999999999
1788506549,llama3.1:8b,42.0,6616,2000000,278.44,12.04,46.969016799779666,2.0309832002203247,109.83673469387755,3507901.0816326533,2540592.9183673467,49.0,0.10961724266072093,986.5551839464883,48.99999999999999
1788506598,llama3.1:8b,42.0,6613,3500000,287.87,11.87,51.86154667378395,2.1384533262160534,109.43396226415095,3504678.9433962265,2442323.6603773586,54.0,0.10846724137931033,976.2051724137929,54.0
1788506652,llama3.1:8b,46.0,6612,1583659,275.5,11.85,52.73186010092222,2.2681398990777795,109.77777777777777,3504565.1454545455,2446521.5090909093,55.0,0.10794534412955466,971.5080971659919,55.0
1788506707,llama3.1:8b,41.0,6617,3478395,279.63,11.82,64.28275862068966,2.717241379310345,109.28358208955224,3504687.893939394,2423136.393939394,67.0,0.10815897295820814,973.4307566238733,67.00000000000001
1788506774,llama3.1:8b,46.0,6610,863449,286.87,11.92,48.96539375481107,2.0346062451889284,108.66,3507151.44,2438317.88,51.0,0.10969998159396283,987.2998343456654,50.99999999999999
1788506825,llama3.1:8b,44.0,6614,1172554,277.11,11.82,51.79088360502544,2.2091163949745614,108.90566037735849,3505242.796296296,2491489.0,54.0,0.10853430353430354,976.808731808732,54.0
1788506879,llama3.1:8b,46.0,6610,1480174,286.67,11.9,54.72817094818636,2.271829051813645,109.15789473684211,3505058.6071428573,2416614.6428571427,57.0,0.10901639344262296,981.1475409836066,57.00000000000001
1788506936,llama3.1:8b,46.0,6616,822988,277.19,11.84,55.624052866484455,2.375947133515552,109.12280701754386,3505024.0344827585,2479846.4482758623,58.0,0.1085016077170418,976.5144694533763,58.00000000000001
1788506994,llama3.1:8b,46.0,6625,1287279,270.3,11.92,49.803699241726314,2.196300758273687,109.0576923076923,3505216.1764705884,2508709.588235294,52.0,0.10929994709927703,983.6995238934932,52.0
1788507046,llama3.1:8b,44.0,6614,1629206,280.13,11.94,45.07861129181361,1.9213887081863936,109.08695652173913,3505291.8085106383,2468331.574468085,47.0,0.10945396572339577,985.085691510562,47.0
1788507093,llama3.1:8b,44.0,6614,1490251,290.61,11.82,53.81132824124591,2.188671758754092,109.27272727272727,3506193.4363636365,2506456.7818181817,56.0,0.10816971713810317,973.5274542429285,56.0
1788507149,llama3.1:8b,44.0,6607,1596624,276.31,12.02,49.832206152672285,2.1677938473277147,108.86538461538461,3506889.403846154,2502218.673076923,52.0,0.11041158805864688,993.704292527822,52.0
1788507201,llama3.1:8b,46.0,6616,998542,280.0,11.84,54.68750000000001,2.3125,109.39285714285714,3504762.089285714,2506486.2678571427,57.0,0.1082337577538361,974.103819784525,57.00000000000001
1788507258,llama3.1:8b,44.0,6618,3089358,288.57,11.83,51.87343541944075,2.126564580559254,109.30188679245283,3505160.8703703703,2427048.462962963,54.0,0.10823234938719144,974.0911444847229,54.00000000000001
1788507312,llama3.1:8b,46.0,6610,1600000,289.63,11.92,53.78637041949925,2.213629580500746,109.73214285714286,3507614.6,2468191.109090909,56.0,0.10862815296989421,977.6533767290479,55.99999999999999
1788507368,llama3.1:8b,41.0,6621,1689191,283.38,11.98,52.7691630552546,2.2308369447453957,109.66666666666667,3505927.2545454544,2468508.2545454544,55.0,0.1092401215805471,983.161094224924,55.0
1788507423,llama3.1:8b,46.0,6618,1790661,288.17,11.96,46.08722886749076,1.912771132509246,108.79166666666667,3505678.6170212766,2416411.404255319,48.0,0.109934890846419,989.414017617771,48.00000000000001
1788507471,llama3.1:8b,46.0,6608,1589299,288.13,11.98,43.20365865849189,1.7963413415081135,109.68181818181819,3504893.6,2440258.1555555556,45.0,0.10922503108164111,983.02527973477,45.0
1788507516,llama3.1:8b,44.0,6614,1140870,274.77,11.89,46.00906997837159,1.9909300216284103,109.70833333333333,3505628.6170212766,2445060.829787234,48.0,0.10837827573110521,975.4044815799468,48.0
1788507564,llama3.1:8b,46.0,6612,798821,283.07,11.89,47.98447247084351,2.015527529156496,109.20408163265306,3504931.28,2456008.3,50.0,0.10887871425901702,979.9084283311531,50.0
1788507614,llama3.1:8b,46.0,6605,1000000,279.21,11.93,44.11506491722196,1.884935082778045,109.28888888888889,3506027.177777778,2425542.888888889,46.0,0.10916022773485157,982.4420496136642,46.0
1788507660,llama3.1:8b,42.0,6614,1299895,279.86,11.96,40.27866493043658,1.7213350695634297,109.0952380952381,3506312.5714285714,2464491.1428571427,42.0,0.109628982976866,986.660846791794,42.00000000000001
1788507702,llama3.1:8b,46.0,6609,1513119,285.96,12.07,46.05603462738651,1.9439653726134956,109.72340425531915,3506389.1276595746,2453755.234042553,48.0,0.11000387822377351,990.0349040139616,48.00000000000001
1788507750,llama3.1:8b,46.0,6618,891847,273.92,11.83,55.59881014873141,2.4011898512685916,109.27586206896552,3507447.2413793104,2492978.603448276,58.0,0.1082581255916693,974.3231303250236,58.0
1788507808,llama3.1:8b,42.0,6618,800000,290.83,11.8,53.81647556422033,2.183524435779665,108.94545454545455,3506526.8363636364,2564520.6363636362,56.0,0.10831108144192256,974.799732977303,56.0
1788507864,llama3.1:8b,46.0,6616,3500000,284.28,11.91,47.98946622100678,2.0105337789932136,109.7,3505253.62,2438083.76,50.0,0.10856882406563355,977.1194165907019,49.99999999999999
1788507914,llama3.1:8b,44.0,6619,800404,272.07,11.85,48.871407438715124,2.128592561284869,109.52,3505210.82,2521856.0,51.0,0.10819941563184807,973.7947406866326,50.99999999999999
1788507965,llama3.1:8b,44.0,6619,1151351,282.43,11.82,54.71031435853866,2.2896856414613427,109.19642857142857,3506440.49122807,2485650.035087719,57.0,0.10824529844644318,974.2076860179886,57.0
1788508022,llama3.1:8b,44.0,6621,999551,285.47,11.81,51.85474973089344,2.1452502691065662,109.25925925925925,3506672.132075472,2498457.9433962265,54.0,0.10809152542372882,972.8237288135595,54.00000000000001
1788508076,llama3.1:8b,46.0,6622,1195408,291.26,11.92,50.916221386634994,2.0837786133649976,109.32692307692308,3504288.886792453,2477802.3773584906,53.0,0.10903078276165347,981.2770448548813,52.99999999999999
1788508129,llama3.1:8b,45.0,6617,1600000,294.48,12.07,43.228184635459144,1.7718153645408579,109.57777777777778,3505860.7045454546,2428701.977272727,45.0,0.11015007097951733,991.350638815656,45.0
1788508174,llama3.1:8b,46.0,6611,3038125,288.93,12.08,51.83289591707917,2.1671040829208335,108.66037735849056,3504938.907407407,2436896.6296296297,54.0,0.11117207848584824,1000.5487063726342,54.00000000000001
1788508228,llama3.1:8b,44.0,6620,800548,287.35,11.95,46.0835282325426,1.9164717674574003,109.87234042553192,3507393.914893617,2453953.1914893617,48.0,0.10876258714175058,978.8632842757552,48.0
1788508276,llama3.1:8b,44.0,6620,800000,286.84,12.06,42.224690531950486,1.7753094680495152,109.4090909090909,3507091.727272727,2459179.2045454546,44.0,0.11022850020772747,992.0565018695472,44.0
1788508320,llama3.1:8b,44.0,6616,3100000,294.2,11.93,50.93457028059974,2.065429719400255,109.42307692307692,3505847.480769231,2489380.923076923,53.0,0.10902636203866432,981.2372583479789,53.0
1788508373,llama3.1:8b,44.0,6609,1788115,288.31,11.87,43.22056765940436,1.7794323405956425,110.04444444444445,3505485.644444444,2436669.0444444446,45.0,0.10786550888529886,970.7895799676897,45.0
1788508418,llama3.1:8b,46.0,6613,1125357,279.25,11.94,48.908788076513616,2.0912119234863833,109.68,3506224.28,2568084.46,51.0,0.10886214442013128,979.7592997811817,51.0
1788508469,llama3.1:8b,42.0,6617,800000,283.38,11.89,47.986588546076476,2.013411453923528,109.98,3505224.26,2481484.04,50.0,0.10811056555737407,972.9950900163666,50.00000000000001
1788508519,llama3.1:8b,46.0,6621,1768505,276.9,11.79,55.63130001039177,2.3686999896082304,109.64912280701755,3506964.0877192984,2476318.6315789474,58.0,0.10752479999999999,967.7231999999999,58.0
1788508577,llama3.1:8b,44.0,6618,1589392,283.43,11.81,52.79992548435172,2.200074515648286,109.5,3506215.090909091,2532574.709090909,55.0,0.10785388127853882,970.6849315068494,55.00000000000001
1788508632,llama3.1:8b,46.0,6609,2954446,281.88,11.88,48.9375,2.0625,109.52941176470588,3505058.4,2435686.64,51.0,0.1084640171858217,976.1761546723953,51.0
1788508683,llama3.1:8b,44.0,6613,3006083,284.15,11.87,49.91487061685021,2.0851293831497872,109.2156862745098,3496464.173076923,2451933.4423076925,52.0,0.10868402154398563,978.1561938958707,51.99999999999999
1788508735,llama3.1:8b,44.0,6606,1591900,280.29,12.08,38.34729965454733,1.6527003454526799,109.3,3503868.435897436,2447140.230769231,40.0,0.11052150045745654,994.6935041171088,40.00000000000001
1788508775,llama3.1:8b,46.0,6621,932785,288.18,11.99,38.402238731385545,1.5977612686144518,109.58974358974359,3504085.4,2482992.075,40.0,0.1094080486663547,984.6724379971923,40.0
1788508815,llama3.1:8b,46.0,6615,3500000,274.14,11.88,46.00629326620516,1.9937067337948395,109.79166666666667,3504713.4680851065,2476831.0,48.0,0.10820493358633776,973.8444022770398,48.0
1788508863,llama3.1:8b,46.0,6618,1200882,282.67,12.02,40.28687773592589,1.7131222640741117,109.51219512195122,3506656.1904761903,2438641.4523809524,42.0,0.10975946547884187,987.8351893095768,42.0
1788508905,llama3.1:8b,44.0,6610,1598750,280.81,11.85,50.8539943962277,2.1460056037722954,109.69811320754717,3506892.2115384615,2408083.230769231,53.0,0.10802373581011351,972.2136222910216,52.99999999999999
1788508958,llama3.1:8b,44.0,6606,2595625,283.98,11.83,50.88043000574694,2.119569994253068,109.4423076923077,3505677.3396226414,2523460.0943396227,53.0,0.10809348093480935,972.841328413284,53.00000000000001
1788509011,llama3.1:8b,46.0,6609,1632182,277.13,11.83,53.707364341085274,2.2926356589147288,109.76363636363637,3506939.4909090907,2558406.9272727272,56.0,0.10777704157694219,969.9933741924797,56.0
1788509067,llama3.1:8b,44.0,6605,2700000,279.24,12.0,48.89864029666255,2.1013597033374536,109.50980392156863,3507379.5098039214,2480448.5098039214,51.0,0.10957923008057296,986.2130707251567,51.0
1788509118,llama3.1:8b,42.0,6612,1798818,287.03,12.07,44.143697759946505,1.8563022400534939,109.73333333333333,3505198.2,2470371.4,46.0,0.10999392466585663,989.9453219927096,46.0
1788509164,llama3.1:8b,44.0,6612,997938,280.06,11.88,52.76186887716654,2.238131122833459,109.78181818181818,3504748.8545454545,2429319.6,55.0,0.10821464060947335,973.9317654852601,55.0
1788509219,llama3.1:8b,44.0,6607,1321458,280.74,11.75,61.4289719306643,2.5710280693357035,109.74603174603175,3506358.793650794,2505249.5555555555,64.0,0.10706537460225629,963.5883714203067,64.0
1788509283,llama3.1:8b,44.0,6609,1995735,275.14,11.87,58.47719591651859,2.5228040834814114,109.3,3505376.7868852457,2432715.62295082,61.0,0.10860018298261664,977.4016468435498,61.0
1788509344,llama3.1:8b,41.0,6618,1417742,273.57,11.88,43.127167630057805,1.872832369942197,109.62222222222222,3506565.090909091,2485150.272727273,45.0,0.10837218730995339,975.3496857895806,45.0
1788509389,llama3.1:8b,44.0,6610,1191199,270.88,11.81,54.618698928154515,2.3813010718454843,109.35714285714286,3505751.1052631577,2487717.807017544,57.0,0.10799477465708687,971.9529719137818,57.0
1788509446,llama3.1:8b,42.0,6618,1400000,278.45,11.78,59.483513075836406,2.5164869241635945,109.54098360655738,3507148.098360656,2475075.3114754097,62.0,0.10753965878479496,967.8569290631547,62.0
1788509508,llama3.1:8b,46.0,6624,1464576,293.66,11.84,49.023436988543374,1.9765630114566286,110.0,3506510.8039215687,2440254.882352941,51.0,0.10763636363636364,968.7272727272727,51.0
1788509559,llama3.1:8b,42.0,6630,1243010,279.79,11.8,57.5719331938681,2.4280668061318975,109.44067796610169,3504856.5084745763,2480910.694915254,60.0,0.10782096949047547,970.3887254142792,59.99999999999999
1788509619,llama3.1:8b,46.0,6620,1410899,291.68,11.83,54.77829396066028,2.221706039339725,109.85714285714286,3505029.0178571427,2563890.1964285714,57.0,0.1076853055916775,969.1677503250975,57.0
1788509676,llama3.1:8b,46.0,6614,799377,285.99,11.96,42.233797617049845,1.7662023829501594,109.81818181818181,3501819.477272727,2479378.727272727,44.0,0.10890728476821193,980.1655629139074,44.00000000000001
1788509720,llama3.1:8b,42.0,6612,1059793,278.99,11.97,47.94301622216112,2.056983777838878,109.53061224489795,3506040.285714286,2454967.7551020407,50.0,0.10928451648965903,983.5606484069313,50.0
1788509770,llama3.1:8b,44.0,6617,1400000,288.45,11.92,52.81735859107101,2.182641408928988,110.07272727272728,3506114.272727273,2455686.036363636,55.0,0.10829203832177073,974.6283448959366,55.0
1788509825,llama3.1:8b,46.0,6609,3490028,289.98,11.82,53.806759443339956,2.1932405566600397,109.41818181818182,3504927.7818181817,2394755.7818181817,56.0,0.1080259222333001,972.2333000997008,55.99999999999999
1788509881,llama3.1:8b,44.0,6613,800000,275.29,11.86,46.97617969702246,2.0238203029775375,109.9375,3506221.714285714,2444485.3673469387,49.0,0.10787947697555429,970.9152927799887,49.0
1788509930,llama3.1:8b,44.0,6609,800000,279.19,12.01,47.93784340659341,2.0621565934065935,109.2,3505591.0408163266,2410997.1836734693,50.0,0.10998168498168498,989.8351648351647,50.0
1788509980,llama3.1:8b,47.0,6613,1560344,283.61,11.91,65.25947482403897,2.7405251759610176,108.80597014925372,3506042.617647059,2446808.8529411764,68.0,0.10946090534979425,985.1481481481482,67.99999999999999
1788510048,llama3.1:8b,46.0,6615,1489027,281.36,11.94,56.5981588816911,2.4018411183088983,109.40677966101696,3506135.1379310344,2477195.4482758623,59.0,0.10913400464756003,982.2060418280402,59.0
1788510107,llama3.1:8b,46.0,6613,3253892,272.32,11.8,56.54962691820357,2.450373081796424,109.37931034482759,3505415.224137931,2458428.4827586208,59.0,0.10788146279949559,970.9331651954603,58.99999999999999
1788510166,llama3.1:8b,44.0,6619,3493805,275.6,11.8,57.53653444676409,2.463465553235908,109.55932203389831,3505983.466666667,2491636.966666667,60.0,0.10770420792079208,969.3378712871287,59.99999999999999
1788510226,llama3.1:8b,44.0,6607,2286389,288.99,11.83,55.71910112359551,2.2808988764044944,109.12280701754386,3505374.052631579,2525585.263157895,58.0,0.10840996784565916,975.6897106109325,58.0
1788510284,llama3.1:8b,45.0,6607,1188766,288.71,11.81,56.68138559829629,2.3186144017037136,109.0,3478597.661016949,2465068.338983051,59.0,0.108348623853211,975.1376146788991,59.0
1788510343,llama3.1:8b,42.0,6611,1464959,279.35,11.82,51.80787855891747,2.1921214410825294,109.26415094339623,3504626.6226415094,2505877.037735849,54.0,0.10817820756346054,973.6038680711448,54.0
1788510397,llama3.1:8b,46.0,6612,1800000,280.28,11.79,55.6587119526141,2.3412880473859,109.42105263157895,3506405.793103448,2560980.4655172415,58.0,0.10774891774891775,969.7402597402598,58.0
1788510455,llama3.1:8b,42.0,6608,1088569,279.38,11.81,53.72876815824719,2.2712318417528072,109.64285714285714,3506197.4,2463771.981818182,56.0,0.10771335504885994,969.4201954397395,56.0
1788510511,llama3.1:8b,46.0,6612,3305643,283.32,11.87,47.98943053626478,2.010569463735221,109.34693877551021,3504312.48,2503129.0,50.0,0.10855356476297125,976.9820828667413,50.0
1788510561,llama3.1:8b,46.0,6615,1762095,290.5,11.96,41.299675990213586,1.7003240097864183,109.46511627906976,3508050.619047619,2522107.119047619,43.0,0.10925855109411516,983.3269598470364,43.00000000000001
1788510604,llama3.1:8b,45.0,6616,2474744,283.87,11.86,52.79427180198154,2.2057281980184626,109.66666666666667,3504267.654545455,2505081.690909091,55.0,0.10814589665653494,973.3130699088146,55.0
1788510659,llama3.1:8b,46.0,6618,1175693,276.83,11.96,51.763634474877946,2.236365525122061,108.75925925925925,3505348.4150943398,2465368.2641509436,54.0,0.10996764856121234,989.7088370509111,54.00000000000001
1788510713,llama3.1:8b,46.0,6610,1460975,290.67,11.99,44.17769113857133,1.8223088614286658,109.0,3506258.1304347827,2448679.565217391,46.0,0.11,990.0,46.0
1788510759,llama3.1:8b,46.0,6605,1809976,277.23,11.92,52.73266470689953,2.2673352931004667,108.96296296296296,3504933.722222222,2449600.388888889,55.0,0.1093949694085656,984.5547246770905,54.99999999999999
1788510814,llama3.1:8b,46.0,6607,1365917,287.52,11.87,47.05728314238952,1.9427168576104745,109.51020408163265,3506629.448979592,2447257.4081632653,49.0,0.10839172568020872,975.5255311218784,49.0
1788510863,llama3.1:8b,46.0,6614,1798488,287.69,11.92,47.050532358733015,1.9494676412669802,109.41666666666667,3506822.8125,2492481.1041666665,49.0,0.10894135567402893,980.4722010662605,48.99999999999999
1788510912,llama3.1:8b,42.0,6608,1093102,283.43,11.81,60.479914645711965,2.520085354288037,109.26984126984127,3504099.080645161,2449678.8870967743,63.0,0.10808105752469495,972.7295177222545,63.0
1788510975,llama3.1:8b,46.0,6613,1290333,274.97,11.84,58.48181723091943,2.5181827690805756,109.13333333333334,3505395.2459016396,2527935.5573770492,61.0,0.10849114233353695,976.4202810018324,61.00000000000001
1788511036,llama3.1:8b,46.0,6620,1437752,279.2,11.92,45.075570211596585,1.9244297884034074,109.1086956521739,3505230.6739130435,2507069.434782609,47.0,0.10924885435345687,983.2396891811118,46.99999999999999
1788511083,llama3.1:8b,42.0,6606,1202777,275.82,11.88,51.770177267987485,2.2298227320125132,108.81481481481481,3504094.296296296,2409346.037037037,54.0,0.10917631041524849,982.5867937372365,54.0
1788511137,llama3.1:8b,48.0,6609,2300000,274.91,11.94,44.08527104758584,1.9147289524141535,109.46666666666667,3505544.7333333334,2455302.9777777777,46.0,0.10907429963459195,981.6686967113275,45.99999999999999
1788511183,llama3.1:8b,46.0,6615,745508,277.37,11.91,45.06495436946903,1.9350456305309731,109.44680851063829,3505087.0,2526943.787234043,47.0,0.10881998444790048,979.3798600311043,47.0
1788511230,llama3.1:8b,46.0,6607,1462772,288.55,11.89,48.981660231660236,2.0183397683397684,109.34,3505153.54,2427448.94,51.0,0.10874336930674959,978.6903237607462,51.00000000000001
1788511281,llama3.1:8b,44.0,6616,2192198,276.33,11.92,53.68423243712055,2.315767562879445,109.21818181818182,3505363.1071428573,2419141.5,56.0,0.10913933743965373,982.2540369568836,55.99999999999999
1788511337,llama3.1:8b,46.0,6611,800000,279.61,11.8,65.2464911979685,2.7535088020315017,109.69117647058823,3504188.6716417912,2418987.9402985075,68.0,0.10757474192250972,968.1726773025875,68.0
1788511405,llama3.1:8b,42.0,6612,2992269,284.16,11.85,51.83824870781392,2.161751292186074,109.86792452830188,3505190.814814815,2439122.5,54.0,0.10785677485832046,970.7109737248841,53.99999999999999
1788511459,llama3.1:8b,44.0,6603,1456770,288.47,12.05,43.1956275788633,1.804372421136696,109.25,3462262.1363636362,2505056.5,45.0,0.1102974828375286,992.6773455377574,45.0
1788511504,llama3.1:8b,46.0,6611,1357882,283.11,11.99,48.92785496441884,2.072145035581159,108.86274509803921,3506224.3725490198,2453586.9215686275,51.0,0.11013868876080692,991.2481988472623,51.0
1788511555,llama3.1:8b,44.0,6616,1051240,290.79,11.79,58.62314098750743,2.3768590124925635,109.73333333333333,3504637.3833333333,2405396.966666667,61.0,0.1074422843256379,966.9805589307412,61.0
1788511616,llama3.1:8b,44.0,6621,799043,281.15,11.91,54.68351190882412,2.3164880911758683,109.66666666666667,3505529.6140350876,2402517.01754386,57.0,0.10860182370820669,977.4164133738601,56.99999999999999
1788511673,llama3.1:8b,44.0,6615,1099393,286.25,11.92,46.081094677532946,1.918905322467049,109.87234042553192,3505861.6808510637,2468072.8936170214,48.0,0.10848954298993028,976.4058869093725,47.99999999999999
1788511721,llama3.1:8b,46.0,6620,2480129,283.29,12.0,46.04937519049071,1.950624809509296,110.08510638297872,3505161.3333333335,2444567.6041666665,48.0,0.1090065713181291,981.0591418631619,48.0
1788511769,llama3.1:8b,44.0,6610,1486137,274.52,11.95,44.08112542325549,1.9188745767445108,109.41304347826087,3505266.066666667,2386311.933333333,46.0,0.1092191535863302,982.9723822769719,46.00000000000001
1788511815,llama3.1:8b,44.0,6617,800000,287.99,11.84,54.74912450388554,2.250875496114465,109.32142857142857,3506038.01754386,2514159.4385964912,57.0,0.10830447566154851,974.7402809539366,57.00000000000001
1788511872,llama3.1:8b,46.0,6605,3490384,270.31,11.79,57.49237858915278,2.507621410847217,109.5,3506438.779661017,2556736.5423728814,60.0,0.10767123287671232,969.0410958904109,59.99999999999999
1788511932,llama3.1:8b,46.0,6607,1086749,276.15,11.9,50.81044957472661,2.1895504252733904,109.28846153846153,3504289.6603773586,2444903.4716981133,53.0,0.10888615168045047,979.9753651240542,53.0
1788511985,llama3.1:8b,47.0,6614,1862586,285.52,11.82,59.53534674110446,2.4646532588955408,109.26229508196721,3504654.475409836,2481101.0655737706,62.0,0.10818004501125282,973.6204051012754,62.0
1788512047,llama3.1:8b,44.0,6615,3493670,272.56,11.94,45.02748681898067,1.9725131810193322,108.87234042553192,3504944.782608696,2495205.1739130435,47.0,0.10966972835645886,987.0275552081298,47.0
1788512094,llama3.1:8b,44.0,6607,1900000,283.22,11.9,46.064516129032256,1.935483870967742,108.91489361702128,3505914.2916666665,2501277.1458333335,48.0,0.10925962101973041,983.3365891775737,48.0
1788512142,llama3.1:8b,46.0,6612,1645014,282.13,11.86,50.861900064628045,2.1380999353719514,109.11320754716981,3505942.7884615385,2494767.9423076925,53.0,0.10869444924779526,978.2500432301573,53.0
1788512195,llama3.1:8b,43.0,6610,1411422,275.4,11.83,49.858301709431466,2.1416982905685344,109.17647058823529,3504800.8076923075,2455572.8653846155,52.0,0.10835668103448276,975.2101293103448,52.0
1788512247,llama3.1:8b,42.0,6611,1100000,275.69,11.81,52.74069565217391,2.259304347826087,109.18518518518519,3505290.8333333335,2507025.8518518517,55.0,0.10816485753052917,973.4837177747625,55.0
1788512302,llama3.1:8b,46.0,6609,3220673,276.31,11.85,53.69711271515824,2.3028872848417543,109.44642857142857,3505159.9821428573,2499813.875,56.0,0.10827214880078316,974.4493392070485,55.99999999999999
1788512358,llama3.1:8b,42.0,6614,1100537,277.01,11.91,52.732763394711334,2.267236605288661,109.74074074074075,3507141.5,2454619.092592593,55.0,0.10852851839352008,976.7566655416807,54.99999999999999
1788512413,llama3.1:8b,46.0,6616,1600000,277.29,11.95,46.01687180196377,1.9831281980362327,110.0,3504732.1041666665,2427136.125,48.0,0.10863636363636363,977.7272727272726,48.0
1788512461,llama3.1:8b,42.0,6647,989309,280.03,11.95,46.994554421535724,2.0054455784642786,109.54166666666667,3505824.5416666665,2484046.5833333335,49.0,0.10909090909090909,981.8181818181818,49.0
1788512510,llama3.1:8b,46.0,6644,1593012,273.44,11.9,50.789654447326,2.2103455526740032,109.67307692307692,3504444.547169811,2497785.3018867923,53.0,0.10850429598456954,976.5386638611258,53.00000000000001
1788512563,llama3.1:8b,47.0,6619,1466269,274.75,11.91,40.25500593037047,1.744994069629526,109.88095238095238,3506478.0975609757,2538047.3902439023,42.0,0.10839003250270857,975.5102925243772,42.0
1788512605,llama3.1:8b,47.0,6621,3500000,284.56,11.84,50.88286099865048,2.117139001349528,109.59615384615384,3504995.6603773586,2450205.4905660376,53.0,0.10803298824355151,972.2968941919635,53.00000000000001
1788512658,llama3.1:8b,41.0,6614,1400000,290.64,11.81,58.61808563398909,2.381914366010911,109.04918032786885,3503317.9166666665,2500269.1,61.0,0.10829975947083584,974.6978352375226,61.0
1788512719,llama3.1:8b,46.0,6612,1162655,283.88,11.89,49.90959191263482,2.0904080873651827,109.62745098039215,3506656.6923076925,2507782.403846154,52.0,0.10845823645143982,976.1241280629583,52.00000000000001
1788512771,llama3.1:8b,46.0,6608,1562101,284.64,11.92,52.789317507418396,2.2106824925816024,110.0,3505909.6666666665,2439648.462962963,55.0,0.10836363636363636,975.2727272727273,55.0
1788512826,llama3.1:8b,46.0,6617,1382712,280.14,11.77,54.70172313384263,2.2982768661573774,109.3859649122807,3506914.1228070175,2474109.0877192984,57.0,0.10760064153969527,968.4057738572575,57.00000000000001
1788512883,llama3.1:8b,46.0,6613,801441,285.95,11.97,45.11160714285714,1.8883928571428572,109.73913043478261,3505712.8695652173,2443163.347826087,47.0,0.10907686212361331,981.6917591125198,46.99999999999999
1788512930,llama3.1:8b,42.0,6611,1343449,290.4,11.8,57.65718067504963,2.342819324950364,109.33898305084746,3506071.9833333334,2477557.283333333,60.0,0.1079212525189893,971.2912726709037,59.99999999999999
1788512990,llama3.1:8b,44.0,6617,1198925,280.74,11.86,52.77067669172932,2.2293233082706765,109.18181818181819,3487225.5185185187,2480303.185185185,55.0,0.10862614487926726,977.6353039134053,55.0
1788513045,llama3.1:8b,46.0,6621,1352277,278.72,11.94,46.028211656230646,1.9717883437693522,109.68085106382979,3508758.0833333335,2557190.2083333335,48.0,0.10886129970902036,979.7516973811834,48.0
1788513093,llama3.1:8b,46.0,6615,1396067,277.69,11.9,53.698815566835876,2.3011844331641287,109.875,3504901.8363636364,2505329.9272727272,56.0,0.10830489192263937,974.7440273037543,56.00000000000001
1788513149,llama3.1:8b,46.0,6619,1491903,282.9,11.81,54.71582233381969,2.2841776661803133,109.78571428571429,3504420.947368421,2443324.8771929825,57.0,0.10757319453480807,968.1587508132726,57.0
1788513206,llama3.1:8b,42.0,6621,3000210,293.5,11.84,53.828519027968824,2.1714809720311785,109.58181818181818,3504598.8,2475582.8363636364,56.0,0.1080471212875394,972.4240915878546,56.0
1788513262,llama3.1:8b,46.0,6622,3460989,278.66,11.95,50.8206186985995,2.179381301400502,109.20754716981132,3505370.4905660376,2483407.566037736,53.0,0.10942467173462335,984.8220456116101,53.00000000000001
1788513315,llama3.1:8b,46.0,6608,1070093,276.77,11.97,45.051568885502526,1.9484311144974718,109.02173913043478,3506057.3260869565,2460254.195652174,47.0,0.10979461615154537,988.1515453639083,47.0
1788513362,llama3.1:8b,46.0,6624,800000,287.57,11.8,60.516785249022945,2.483214750977052,109.0952380952381,3504421.129032258,2471493.0322580645,63.0,0.10816237450894806,973.4613705805325,63.0
1788513425,llama3.1:8b,44.0,6621,2474721,279.19,11.87,50.83855562426991,2.16144437573009,109.17307692307692,3505514.8113207547,2487755.2075471696,53.0,0.10872644002113792,978.5379601902413,53.0
1788513478,llama3.1:8b,46.0,6623,1108325,280.71,11.91,51.80213245847857,2.197867541521427,109.45283018867924,3504846.2641509436,2419224.7358490564,54.0,0.108813997586623,979.3259782796069,53.99999999999999
1788513532,llama3.1:8b,42.0,6620,1000000,280.73,11.83,56.614267158873396,2.3857328411266066,108.96610169491525,3505273.1016949154,2469399.8474576273,59.0,0.1085658733862187,977.0928604759683,59.0
1788513591,llama3.1:8b,46.0,6622,1198309,279.66,11.87,56.5977429424073,2.4022570575927,109.43103448275862,3504657.4482758623,2472785.396551724,59.0,0.10847014337482275,976.2312903734048,59.0
1788513650,llama3.1:8b,46.0,6628,1200559,273.07,11.93,60.362842105263155,2.6371578947368417,109.29032258064517,3504969.095238095,2421418.6666666665,63.0,0.10915879574970483,982.4291617473434,63.0
1788513713,llama3.1:8b,44.0,6621,1400000,281.88,11.81,53.74810173992986,2.251898260070142,109.375,3505081.8181818184,2483330.5454545454,56.0,0.10797714285714285,971.7942857142857,56.0
1788513769,llama3.1:8b,44.0,6625,3072489,279.22,11.85,62.35372934345689,2.646270656543099,109.75,3504425.0625,2417107.40625,65.0,0.10797266514806378,971.753986332574,64.99999999999999
1788513834,llama3.1:8b,46.0,6626,1482915,286.89,11.78,58.5940670305019,2.4059329694981084,109.38333333333334,3504901.3114754097,2497043.3278688523,61.0,0.10769465183605058,969.2518665244553,61.00000000000001
1788513895,llama3.1:8b,42.0,6620,1202830,280.9,11.77,61.426179656268154,2.5738203437318483,110.01587301587301,3504961.095238095,2434435.8095238097,64.0,0.10698456211224931,962.8610590102438,64.0
1788513959,llama3.1:8b,47.0,6614,1600000,279.51,11.91,47.95655754581017,2.043442454189829,109.68,3505021.08,2443544.86,50.0,0.10858862144420131,977.2975929978118,50.0
1788514009,llama3.1:8b,46.0,6610,1164238,281.2,11.96,56.59298676490654,2.4070132350934648,109.56896551724138,3491753.0689655175,2476638.7586206896,59.0,0.1091549960660897,982.3949645948072,59.00000000000001
1788514068,llama3.1:8b,44.0,6615,1700000,283.03,12.01,48.92397640997831,2.076023590021692,108.96078431372548,3506962.8235294116,2478330.725490196,51.0,0.1102231419830844,992.0082778477596,51.0
1788514119,llama3.1:8b,46.0,6617,1866885,279.33,11.98,46.98489581545432,2.015104184545673,109.58333333333333,3506102.0833333335,2489079.8333333335,49.0,0.10932319391634981,983.9087452471483,48.99999999999999
1788514168,llama3.1:8b,44.0,6627,1782131,287.04,11.86,52.81766477082636,2.1823352291736366,109.62962962962963,3504955.2,2436654.8181818184,55.0,0.10818243243243242,973.6418918918918,55.0
1788514223,llama3.1:8b,44.0,6622,1901853,266.72,11.99,46.89203831940009,2.1079616805999066,109.85714285714286,3504469.4166666665,2416443.5,49.0,0.10914174252275682,982.2756827048115,49.0
1788514272,llama3.1:8b,44.0,6621,800000,286.47,11.88,49.92941176470588,2.0705882352941174,109.25490196078431,3506206.7115384615,2481896.153846154,52.0,0.10873653984206749,978.6288585786075,52.0
1788514324,llama3.1:8b,46.0,6623,1262068,283.24,11.92,49.89998644802819,2.100013551971812,108.48076923076923,3503876.68627451,2535746.705882353,52.0,0.1098812267328488,988.9310405956392,52.0
1788514376,llama3.1:8b,47.0,6627,1587697,275.74,11.91,50.80556231531375,2.1944376846862506,108.96153846153847,3505550.245283019,2437050.2641509436,53.0,0.1093046240734204,983.7416166607836,53.0
1788514429,llama3.1:8b,44.0,6616,1707286,287.21,11.81,52.827737275098656,2.1722627249013446,109.22222222222223,3505173.777777778,2471754.6666666665,55.0,0.10812817904374364,973.1536113936927,55.0
1788514484,llama3.1:8b,46.0,6617,3500000,286.37,11.88,45.127879295892704,1.8721207041072927,109.06382978723404,3506002.3191489363,2502821.574468085,47.0,0.10892703862660945,980.343347639485,47.0
1788514531,llama3.1:8b,46.0,6621,1597862,276.05,11.88,46.97825860452193,2.0217413954780676,109.5,3505360.5625,2424858.0625,49.0,0.10849315068493151,976.4383561643835,49.0
1788514580,llama3.1:8b,41.0,6624,1109799,283.58,11.9,46.06687423852715,1.933125761472858,109.54166666666667,3505723.0625,2463812.1666666665,48.0,0.10863446177253709,977.7101559528339,48.00000000000001
1788514628,llama3.1:8b,47.0,6620,2432669,272.56,11.86,53.664861824063,2.3351381759369945,109.2,3505462.4,2515186.036363636,56.0,0.1086080586080586,977.4725274725274,56.0
1788514684,llama3.1:8b,46.0,6623,1667870,287.52,11.86,49.940009352662166,2.0599906473378313,109.63461538461539,3505263.826923077,2491552.3846153845,52.0,0.10817751271706717,973.5976144536046,52.0
1788514736,llama3.1:8b,44.0,6615,1509912,286.79,11.9,46.08764940239044,1.9123505976095618,109.36170212765957,3505840.489361702,2476938.659574468,48.0,0.10881322957198444,979.31906614786,48.0
1788514784,llama3.1:8b,46.0,6624,856252,279.05,11.9,53.70957209142465,2.2904279085753565,109.85454545454546,3505718.0,2464952.2321428573,56.0,0.10832505792783846,974.9255213505462,56.0
1788514840,llama3.1:8b,46.0,6618,2700000,287.05,11.83,55.7042960385439,2.295703961456103,109.34482758620689,3504657.3859649124,2404863.8771929825,58.0,0.10818984547461369,973.7086092715232,58.00000000000001
1788514898,llama3.1:8b,44.0,6624,798507,284.06,11.89,52.79033620544011,2.209663794559892,109.55555555555556,3505995.7407407407,2469719.722222222,55.0,0.10852941176470589,976.764705882353,55.00000000000001
1788514953,llama3.1:8b,46.0,6621,2000000,283.21,11.81,54.71822249339028,2.2817775066097217,109.30357142857143,3505982.263157895,2483222.8947368423,57.0,0.10804770462342755,972.4293416108479,57.0
1788515010,llama3.1:8b,44.0,6619,907299,282.26,11.89,48.938500764915865,2.061499235084141,108.90196078431373,3505309.96,2519494.16,51.0,0.10918077061577242,982.6269355419516,51.00000000000001
1788515061,llama3.1:8b,41.0,6616,1481400,286.7,11.8,53.78626465661641,2.213735343383585,109.43636363636364,3504910.714285714,2399237.464285714,56.0,0.10782522013623526,970.4269812261174,55.99999999999999
1788515117,llama3.1:8b,46.0,6621,1178732,279.12,11.87,48.919619230901404,2.080380769098594,109.19607843137256,3507076.86,2446436.82,51.0,0.10870353743939665,978.3318369545699,51.0
1788515168,llama3.1:8b,46.0,6622,1884954,282.8,11.8,55.67684996605566,2.3231500339443314,109.40350877192982,3505035.3103448274,2475353.172413793,58.0,0.10785760102629892,970.7184092366901,57.99999999999999
1788515226,llama3.1:8b,46.0,6613,999335,288.65,11.97,43.20820304703612,1.7917969529638746,109.4090909090909,3504478.340909091,2474747.25,45.0,0.10940589945990861,984.6530951391775,45.0
1788515271,llama3.1:8b,46.0,6602,3307284,283.26,11.92,53.73860017616369,2.261399823836303,109.48214285714286,3506978.75,2532849.5535714286,56.0,0.10887620290327842,979.8858261295057,56.0
1788515327,llama3.1:8b,44.0,6609,1000000,273.89,11.98,45.0303634519187,1.9696365480812956,109.76086956521739,3503399.6086956523,2345846.086956522,47.0,0.10914636561695386,982.3172905525847,47.0
1788515374,llama3.1:8b,42.0,6619,1600000,270.15,11.89,48.849985817614524,2.150014182385478,109.6470588235294,3506346.0,2443190.3725490198,51.0,0.10843884120171675,975.9495708154507,51.0
1788515425,llama3.1:8b,46.0,6608,3500000,266.67,11.83,52.66373429084381,2.336265709156194,109.66666666666667,3506385.574074074,2451332.925925926,55.0,0.10787234042553191,970.8510638297871,55.00000000000001
1788515480,llama3.1:8b,46.0,6621,2154257,278.53,11.99,50.812646289412086,2.1873537105879115,110.07692307692308,3506456.6226415094,2429606.9245283017,53.0,0.10892382948986723,980.3144654088051,53.0
1788515533,llama3.1:8b,46.0,6628,1205328,284.22,12.0,42.21754101681183,1.7824589831881708,109.61363636363636,3504170.302325581,2438065.7209302327,44.0,0.10947543023014722,985.278872071325,44.0
1788515577,llama3.1:8b,44.0,6623,1189356,276.93,11.83,52.7467447014822,2.2532552985178,109.55555555555556,3505131.3636363638,2475861.618181818,55.0,0.1079817444219067,971.8356997971601,55.0
1788515632,llama3.1:8b,44.0,6622,2033791,285.79,11.88,48.00450162932106,1.9954983706789398,109.58,3503962.551020408,2394398.6530612246,50.0,0.10841394415039242,975.7254973535319,50.0
1788515682,llama3.1:8b,42.0,6620,998461,277.22,11.75,57.560300377201784,2.4396996227982144,109.57627118644068,3505328.3833333333,2443943.3333333335,60.0,0.10723124516627996,965.0812064965197,60.0
1788515742,llama3.1:8b,42.0,6615,1615255,287.1,11.88,46.09271523178808,1.9072847682119205,110.0,3507341.723404255,2508402.659574468,48.0,0.10800000000000001,972.0000000000001,48.0
1788515790,llama3.1:8b,44.0,6623,1400000,283.69,12.04,37.412200317857504,1.5877996821424947,109.17948717948718,3504844.0,2377491.076923077,39.0,0.11027712541099106,992.4941286989196,39.0
1788515829,llama3.1:8b,46.0,6619,2181933,283.73,12.0,50.84938964596084,2.150610354039157,109.09615384615384,3504559.8076923075,2463266.576923077,53.0,0.10999471179270227,989.9524061343204,53.0
1788515882,llama3.1:8b,46.0,6615,1111419,271.76,12.13,40.205431681285006,1.7945683187149954,109.71428571428571,3504774.523809524,2480386.714285714,42.0,0.11055989583333335,995.0390625000001,42.0
1788515924,llama3.1:8b,44.0,6609,1075755,275.79,11.89,49.850806451612904,2.1491935483870965,109.27450980392157,3500951.588235294,2569247.3529411764,52.0,0.10880854118069262,979.2768706262336,52.0
1788515976,llama3.1:8b,41.0,6611,1485540,272.06,11.85,47.913071043640585,2.0869289563594093,110.0,3505547.58,2429996.22,50.0,0.10772727272727273,969.5454545454545,49.99999999999999
1788516026,llama3.1:8b,41.0,6620,1145969,292.72,11.93,45.15949450188741,1.840505498112588,109.21739130434783,3506123.3913043477,2454530.6304347827,47.0,0.10923168789808917,983.0851910828025,47.0
1788516073,llama3.1:8b,46.0,6617,1992742,286.76,11.83,62.424729562276035,2.5752704377239697,109.78125,3506004.123076923,2512654.892307692,65.0,0.10775974950185027,969.8377455166525,65.0
1788516138,llama3.1:8b,46.0,6616,1199724,280.43,12.03,41.231245298502365,1.7687547014976406,109.02325581395348,3505580.904761905,2428471.738095238,43.0,0.11034343003412969,993.0908703071672,43.00000000000001
1788516181,llama3.1:8b,44.0,6616,800000,292.53,11.92,50.92491377894564,2.0750862210543604,108.78846153846153,3504879.849056604,2457705.6603773586,53.0,0.10957044369807319,986.1339932826586,53.0
1788516234,llama3.1:8b,44.0,6614,1520819,276.22,12.02,38.33194560088815,1.668054399111851,109.175,3504465.4615384615,2481861.794871795,40.0,0.11009846576597206,990.8861918937484,40.0
1788516274,llama3.1:8b,46.0,6605,1172227,270.85,11.96,49.8009264170291,2.1990735829708994,109.58823529411765,3505894.1923076925,2450269.846153846,52.0,0.1091358024691358,982.2222222222222,52.0
1788516326,llama3.1:8b,46.0,6606,1675272,276.07,12.06,53.656058029361745,2.343941970638254,108.83928571428571,3505270.018181818,2416871.9272727272,56.0,0.11080557834290403,997.2502050861362,56.0
1788516382,llama3.1:8b,44.0,6612,1034224,278.16,11.92,56.575565361279644,2.4244346387203524,109.27586206896552,3505847.86440678,2460527.406779661,59.0,0.10908172925213,981.7355632691699,58.99999999999999
1788516441,llama3.1:8b,42.0,6613,1500000,286.64,11.83,54.74077796763494,2.259222032365062,109.14285714285714,3504165.375,2448022.464285714,57.0,0.10839005235602095,975.5104712041885,57.0
1788516498,llama3.1:8b,44.0,6624,1196129,285.87,11.8,54.740450834817075,2.2595491651829205,109.75,3506241.8421052634,2466808.0701754387,57.0,0.10751708428246014,967.6537585421413,56.99999999999999
1788516555,llama3.1:8b,41.0,6611,800000,294.46,11.85,52.87225359929482,2.127746400705168,109.52727272727273,3504818.3518518517,2446832.185185185,55.0,0.1081922310756972,973.7300796812748,54.99999999999999
1788516610,llama3.1:8b,44.0,6612,1987649,274.4,12.02,49.81775015711194,2.1822498428880666,109.2156862745098,3503879.6153846155,2416543.423076923,52.0,0.11005745062836624,990.5170556552962,52.00000000000001
1788516662,llama3.1:8b,46.0,6616,985967,286.37,11.97,50.87353355232285,2.1264664476771467,109.84905660377359,3505266.3076923075,2444708.7884615385,53.0,0.10896770869117142,980.7093782205428,52.99999999999999
1788516715,llama3.1:8b,44.0,6614,1370433,278.24,11.94,40.271831277138325,1.728168722861672,109.29268292682927,3505086.0,2454603.595238095,42.0,0.10924793572863199,983.2314215576879,42.0
1788516757,llama3.1:8b,46.0,6609,1711095,287.09,11.84,50.900779446693214,2.0992205533067945,109.45283018867924,3506415.1153846155,2523137.923076923,53.0,0.10817445268057231,973.5700741251509,53.00000000000001
1788516810,llama3.1:8b,44.0,6608,1501316,289.43,11.75,60.54216747459991,2.457832525400093,109.16129032258064,3504689.873015873,2472769.793650794,63.0,0.1076388888888889,968.75,63.0
1788516873,llama3.1:8b,44.0,6613,1400000,285.27,11.83,52.80999663412993,2.1900033658700777,109.29629629629629,3480678.222222222,2403195.425925926,55.0,0.10823788546255507,974.1409691629956,55.00000000000001
1788516928,llama3.1:8b,46.0,6613,1906436,276.13,11.94,41.217724858541324,1.782275141458673,109.04651162790698,3508617.2093023257,2495140.0465116277,43.0,0.10949456174024311,985.451055662188,43.0
1788516971,llama3.1:8b,44.0,6619,1759793,278.4,11.88,49.87184787102108,2.1281521289789174,109.47058823529412,3504502.4509803923,2467104.411764706,52.0,0.10852229983879635,976.7006985491671,52.0
1788517023,llama3.1:8b,46.0,6604,1807784,284.95,11.77,56.65964545699649,2.340354543003505,109.51724137931035,3505926.5762711866,2554217.4915254237,59.0,0.10747166246851385,967.2449622166247,59.0
1788517082,llama3.1:8b,47.0,6611,2610833,274.09,11.9,43.127556907584186,1.872443092415819,109.24444444444444,3505035.6363636362,2410213.1363636362,45.0,0.10893002441008952,980.3702196908057,45.00000000000001
1788517127,llama3.1:8b,46.0,6609,1100000,285.16,11.83,58.57018754840231,2.4298124515976967,109.15,3506595.05,2487152.3833333333,61.0,0.10838295923041685,975.4466330737517,61.00000000000001
1788517188,llama3.1:8b,46.0,6618,1201913,288.61,12.04,38.398137369033755,1.6018626309662396,109.125,3506560.975,2537798.075,40.0,0.11033218785796105,992.9896907216494,39.99999999999999
1788517228,llama3.1:8b,46.0,6618,1375551,292.04,11.77,58.63677956617623,2.3632204338237712,109.51666666666667,3503937.3833333333,2534098.0,61.0,0.10747222644955105,967.2500380459595,61.0
1788517289,llama3.1:8b,44.0,6607,1214138,275.75,11.93,49.84357619577308,2.1564238042269186,109.3529411764706,3504949.653846154,2448139.980769231,52.0,0.10909628832705755,981.866594943518,52.0
1788517341,llama3.1:8b,47.0,6615,1470384,286.62,11.82,53.78206674708485,2.217933252915159,109.46428571428571,3478697.9454545453,2441457.4909090907,56.0,0.10798042414355628,971.8238172920065,56.00000000000001
1788517397,llama3.1:8b,46.0,6606,1778295,283.07,11.8,55.67897717638281,2.3210228236171875,109.50877192982456,3505787.327586207,2428179.6896551726,58.0,0.10775392502403076,969.7853252162769,57.99999999999999
1788517455,llama3.1:8b,46.0,6615,1403278,278.9,11.8,53.72686618507052,2.273133814929481,109.64285714285714,3504507.2181818183,2497531.4727272727,56.0,0.10762214983713356,968.599348534202,56.0
1788517511,llama3.1:8b,46.0,6607,1302563,274.41,11.93,46.000139694069986,1.9998603059300128,109.68085106382979,3505429.3125,2390531.3125,48.0,0.1087701260911736,978.9311348205624,48.0
1788517559,llama3.1:8b,46.0,6605,800000,274.92,12.05,45.984458305746244,2.0155416942537547,109.75,3462139.595744681,2413392.4468085105,48.0,0.10979498861047837,988.1548974943054,48.0
1788517607,llama3.1:8b,46.0,6612,2294381,286.28,11.97,48.95316010058675,2.0468398994132437,109.52,3506713.6470588236,2439820.4901960786,51.0,0.10929510591672754,983.6559532505479,50.99999999999999
1788517658,llama3.1:8b,44.0,6616,3081904,277.34,11.82,52.75176372942315,2.2482362705768435,109.05555555555556,3505141.8703703703,2596733.2592592593,55.0,0.10838512480896587,975.4661232806928,55.0
1788517713,llama3.1:8b,45.0,6617,1765991,276.11,12.06,35.45153902210501,1.5484609778949925,110.10810810810811,3505145.0,2452486.4324324327,37.0,0.10952871870397643,985.7584683357879,37.0
1788517750,llama3.1:8b,46.0,6609,1600000,282.6,11.97,54.683776351970664,2.3162236480293306,109.80357142857143,3504709.9285714286,2416886.589285714,57.0,0.10901284761749878,981.1156285574891,56.99999999999999
1788517807,llama3.1:8b,46.0,6616,1137141,277.82,11.86,48.91197183098591,2.0880281690140845,109.13725490196079,3506083.745098039,2493522.8039215687,51.0,0.10867049946101329,978.0344951491196,51.0
1788517858,llama3.1:8b,44.0,6612,1504657,284.48,11.91,45.11137352812173,1.8886264718782684,110.08695652173913,3505342.565217391,2456246.3260869565,47.0,0.1081872037914692,973.6848341232228,47.0
1788517905,llama3.1:8b,44.0,6617,3276626,282.88,12.05,51.79371376258773,2.2062862374122676,109.0,3505414.7407407407,2410830.1481481483,54.0,0.11055045871559634,994.9541284403671,53.99999999999999
1788517959,llama3.1:8b,46.0,6618,2300000,288.18,11.99,50.88296631908585,2.117033680914149,108.75471698113208,3505307.846153846,2458306.903846154,53.0,0.11024809160305343,992.232824427481,53.0
1788518012,llama3.1:8b,46.0,6618,1917492,277.05,11.96,38.34469395522647,1.6553060447735373,109.38461538461539,3505480.275,2422808.45,40.0,0.10933895921237693,984.0506329113924,40.00000000000001
1788518052,llama3.1:8b,44.0,6618,971005,277.29,11.84,60.42012243627435,2.5798775637256597,109.26984126984127,3505079.4838709678,2436460.3387096776,63.0,0.10835560720511331,975.2004648460197,63.00000000000001
1788518115,llama3.1:8b,46.0,6617,999749,283.28,11.9,52.78270885561353,2.2172911443864765,108.83333333333333,3505966.690909091,2495489.8181818184,55.0,0.10934150076569679,984.0735068912711,55.00000000000001
1788518170,llama3.1:8b,42.0,6611,3374819,284.58,11.89,53.754106654973526,2.2458933450264786,109.7090909090909,3503910.8181818184,2490224.0545454547,56.0,0.10837752734504476,975.3977461054028,56.00000000000001
1788518226,llama3.1:8b,46.0,6600,3500000,291.82,11.91,46.11780199519309,1.882198004806901,109.9375,3506670.6875,2520698.9583333335,48.0,0.10833428084138716,975.0085275724845,47.99999999999999
1788518274,llama3.1:8b,42.0,6613,1599557,276.81,11.83,52.74580792682927,2.254192073170732,109.38888888888889,3505358.8333333335,2539093.7592592593,55.0,0.10814626714068055,973.316404266125,55.00000000000001
1788518329,llama3.1:8b,44.0,6609,1189118,278.39,11.98,52.730826187278296,2.2691738127217,109.52727272727273,3505799.1454545455,2470323.345454545,55.0,0.10937915006640106,984.4123505976095,55.0
1788518384,llama3.1:8b,47.0,6615,1197894,276.63,11.98,55.59246041370707,2.407539586292921,109.10526315789474,3505027.49122807,2412006.49122807,58.0,0.1098022190062711,988.2199710564399,57.99999999999999
1788518442,llama3.1:8b,46.0,6616,1400000,273.38,11.8,61.351847955677115,2.648152044322884,109.06349206349206,3506168.9375,2495176.46875,64.0,0.10819385824479698,973.7447242031728,64.0
1788518506,llama3.1:8b,56.0,6614,3499964,271.91,11.93,45.024556087936865,1.9754439120631337,110.59574468085107,3505901.434782609,2483703.9782608696,47.0,0.10787033474413235,970.8330126971912,47.0
1788518553,llama3.1:8b,46.0,6617,1677955,272.89,11.98,47.89728648155299,2.1027135184470107,109.3061224489796,3505814.98,2454670.76,50.0,0.10960044809559373,986.4040328603436,50.0
1788518603,llama3.1:8b,46.0,6618,3500000,274.39,11.94,42.1651940069151,1.8348059930849019,109.56818181818181,3504369.6744186045,2419399.7674418604,44.0,0.10897324206596141,980.7591785936528,44.0
1788518647,llama3.1:8b,46.0,6615,1100000,265.4,11.93,43.064219521869255,1.9357804781307468,109.29545454545455,3506366.2666666666,2548134.533333333,45.0,0.10915367020170513,982.3830318153462,45.0
1788518692,llama3.1:8b,46.0,6609,1970805,283.88,11.84,53.75787907480049,2.2421209251995133,109.27272727272727,3505977.4909090907,2510033.5454545454,56.0,0.10835274542429285,975.1747088186357,56.00000000000001
1788518748,llama3.1:8b,41.0,6611,1468065,282.95,11.9,51.820586739019845,2.17941326098016,108.72222222222223,3505053.314814815,2471456.5185185187,54.0,0.10945324476239142,985.0792028615228,54.00000000000001
1788518802,llama3.1:8b,44.0,6612,1509444,287.03,11.8,53.78870929960178,2.21129070039822,109.30909090909091,3506211.8727272726,2503904.618181818,56.0,0.10795076513639389,971.5568862275451,56.0
1788518858,llama3.1:8b,44.0,6611,1369777,282.08,11.84,53.744148067501364,2.2558519324986395,109.2909090909091,3484455.785714286,2508773.1428571427,56.0,0.10833471968058558,975.0124771252703,56.0
1788518914,llama3.1:8b,46.0,6621,999312,273.64,11.85,54.63406774317839,2.365932256821605,109.6842105263158,3489328.6428571427,2428472.2678571427,57.0,0.10803742802303262,972.3368522072935,57.0
1788518971,llama3.1:8b,44.0,6625,1104545,286.53,11.93,45.12132279032366,1.8786772096763384,109.93478260869566,3506304.7391304346,2466494.347826087,47.0,0.10851888471425745,976.669962428317,47.0
1788519018,llama3.1:8b,46.0,6624,1400000,279.62,11.84,52.76573114664105,2.2342688533589516,110.14545454545454,3504492.909090909,2483447.672727273,55.0,0.10749422251568175,967.4480026411356,55.0
1788519073,llama3.1:8b,46.0,6617,1381534,278.29,11.86,44.11973117353093,1.8802688264690675,109.37777777777778,3505758.222222222,2440451.533333333,46.0,0.10843153189760259,975.8837870784233,46.0
1788519119,llama3.1:8b,46.0,6622,1288253,275.49,11.83,52.73545176110261,2.2645482388973965,109.05555555555556,3505862.0,2446442.9272727272,55.0,0.10847682119205299,976.2913907284768,55.00000000000001
1788519174,llama3.1:8b,46.0,6615,1066954,283.84,11.83,51.839415564649784,2.1605844353502217,109.70370370370371,3495931.2264150945,2494420.169811321,54.0,0.10783592167454423,970.523295070898,54.00000000000001
1788519228,llama3.1:8b,46.0,6619,3500000,268.96,11.72,65.1606099472709,2.8393900527290867,109.41791044776119,3506871.705882353,2465113.955882353,68.0,0.10711226299277044,964.0103669349338,67.99999999999999
1788519296,llama3.1:8b,47.0,6606,866396,289.53,11.86,51.87504562195162,2.1249543780483755,109.30188679245283,3504527.9811320757,2454815.9056603773,54.0,0.1085068185741412,976.5613671672708,54.0
1788519350,llama3.1:8b,46.0,6625,1317746,278.78,11.93,44.112276839462005,1.8877231605379932,109.17391304347827,3505716.1086956523,2554215.086956522,46.0,0.10927518916766228,983.4767025089606,46.0
1788519396,llama3.1:8b,44.0,6628,884348,291.18,11.8,58.62426562809426,2.3757343719057364,109.13333333333334,3505073.3,2585586.816666667,61.0,0.10812461820403177,973.121563836286,60.99999999999999
1788519457,llama3.1:8b,46.0,6621,1200831,288.72,11.95,47.05251604749393,1.9474839525060696,109.53061224489795,3470335.2448979593,2421673.0204081633,49.0,0.10910191913545743,981.9172722191169,49.0
1788519506,llama3.1:8b,42.0,6624,1030899,286.79,11.91,48.00636089722129,1.9936391027787077,109.46938775510205,3506243.2040816327,2510512.5918367347,50.0,0.10879753914988814,979.1778523489934,50.0
1788519556,llama3.1:8b,46.0,6627,1418386,277.6,11.87,49.86768922513559,2.1323107748644072,109.19607843137256,3504352.019230769,2478958.230769231,52.0,0.10870353743939665,978.3318369545699,52.0
1788519608,llama3.1:8b,46.0,6622,2855066,284.58,11.69,68.1985351199919,2.801464880008101,109.56338028169014,3505384.785714286,2492656.4285714286,71.0,0.10669623344902943,960.2661010412647,71.0
1788519679,llama3.1:8b,46.0,6644,3104084,282.2,12.09,39.315641034353874,1.6843589656461315,109.475,3506967.512195122,2504759.512195122,41.0,0.11043617264215574,993.9255537794016,41.00000000000001
1788519720,llama3.1:8b,44.0,6644,1613803,292.11,11.98,41.30596205070867,1.694037949291328,109.97674418604652,3507204.4523809524,2463908.3333333335,43.0,0.10893212095580461,980.3890886022415,43.0
1788519763,llama3.1:8b,46.0,6613,1564386,282.61,11.98,47.96666553515054,2.0333344648494514,109.6734693877551,3505300.2,2413827.44,50.0,0.10923334573874209,983.1001116486789,49.99999999999999
1788519813,llama3.1:8b,44.0,6619,990933,280.74,11.78,67.18104744974703,2.818952550252974,109.1159420289855,3505252.1014492754,2499481.3188405796,70.0,0.10795856023376278,971.627042103865,70.0
1788519883,llama3.1:8b,46.0,6614,1100000,278.48,11.98,47.937753907594846,2.06224609240515,109.74,3505995.7346938774,2460245.5306122447,50.0,0.10916712228904685,982.5041006014217,50.0
1788519933,llama3.1:8b,45.0,6611,1777577,282.62,11.98,40.29205702647658,1.7079429735234215,109.63414634146342,3508338.261904762,2474171.3333333335,42.0,0.10927252502780867,983.452725250278,42.0
1788519975,llama3.1:8b,46.0,6612,2497796,283.75,11.84,57.596671064650366,2.4033289353496397,109.79661016949153,3505556.4915254237,2485923.9322033897,60.0,0.10783575177523927,970.5217659771534,60.00000000000001
1788520035,llama3.1:8b,42.0,6612,3344212,277.76,12.01,43.13490009317735,1.8650999068226526,109.53333333333333,3506102.6222222224,2425338.066666667,45.0,0.10964698721850274,986.8228849665247,45.0
1788520080,llama3.1:8b,46.0,6611,2300000,286.71,11.9,47.04728575734236,1.9527142426576474,109.04166666666667,3505939.3673469387,2428486.0,49.0,0.10913259457393962,982.1933511654565,49.00000000000001
1788520129,llama3.1:8b,41.0,6610,1171830,287.32,11.83,55.7063680427879,2.293631957212101,109.39655172413794,3490997.2807017546,2427703.403508772,58.0,0.10813869188337273,973.2482269503546,58.0
1788520187,llama3.1:8b,44.0,6615,1196495,287.98,11.87,46.09984992496248,1.9001500750375184,109.65957446808511,3505733.829787234,2537015.0,48.0,0.108244082266201,974.196740395809,47.99999999999999
1788520235,llama3.1:8b,44.0,6610,1215374,286.54,11.93,47.04144470131001,1.9585552986899852,109.20408163265306,3505613.3673469387,2460871.6326530613,49.0,0.10924500093440478,983.205008409643,49.0
1788520284,llama3.1:8b,47.0,6618,3281564,275.18,11.91,56.55237033682817,2.4476296631718273,108.77586206896552,3505574.3103448274,2484183.603448276,59.0,0.1094912030432715,985.4208273894436,58.99999999999999
1788520343,llama3.1:8b,46.0,6615,921641,287.03,11.9,50.890141504700104,2.1098584952999033,109.61538461538461,3505069.4716981133,2421535.9433962265,53.0,0.10856140350877194,977.0526315789475,53.00000000000001
1788520396,llama3.1:8b,44.0,6616,1312769,280.69,11.66,72.00872242175474,2.9912775782452536,109.53333333333333,3505545.689189189,2430078.4864864866,75.0,0.10645161290322581,958.0645161290323,75.0
1788520471,llama3.1:8b,46.0,6624,999733,279.73,11.89,45.08370482134284,1.9162951786571567,109.80434782608695,3506066.744680851,2489513.8936170214,47.0,0.10828350821619483,974.5515739457535,47.0
1788520518,llama3.1:8b,44.0,6617,1249475,278.26,11.91,41.235069097425644,1.764930902574353,109.42857142857143,3505913.6904761903,2464515.1428571427,43.0,0.10883812010443863,979.5430809399477,43.0
1788520561,llama3.1:8b,42.0,6616,1969668,279.46,11.84,54.68321318228631,2.3167868177136977,109.03508771929825,3506364.0877192984,2471792.4736842103,57.0,0.10858889782783587,977.3000804505228,57.00000000000001
1788520618,llama3.1:8b,46.0,6609,1192729,275.06,11.96,38.33321719740785,1.666782802592154,109.2051282051282,3506453.5384615385,2665308.9743589745,40.0,0.10951866635360415,985.6679971824373,40.0
1788520658,llama3.1:8b,42.0,6620,858201,280.65,11.91,45.08664889253486,1.9133511074651353,109.76595744680851,3506224.1063829786,2450991.212765957,47.0,0.10850358596627253,976.5322736964528,46.99999999999999
1788520705,llama3.1:8b,46.0,6623,2623398,282.62,11.79,53.757413131347434,2.242586868652559,109.43636363636364,3505475.2,2468207.8545454545,56.0,0.10773384283103504,969.6045854793155,55.99999999999999
1788520761,llama3.1:8b,42.0,6615,1800000,285.06,11.92,46.07340561653983,1.9265943834601655,109.5,3503940.1875,2453110.8541666665,48.0,0.10885844748858448,979.7260273972603,47.99999999999999
1788520809,llama3.1:8b,46.0,6623,1160000,278.84,11.98,43.1462760470394,1.8537239529605942,109.29545454545455,3504780.4318181816,2493112.659090909,45.0,0.10961114576835101,986.5003119151592,44.99999999999999
1788520854,llama3.1:8b,46.0,6611,2381242,287.39,12.0,48.95584354854872,2.0441564514512844,109.43137254901961,3508830.4509803923,2469902.68627451,51.0,0.1096577674251926,986.9199068267335,51.00000000000001
1788520905,llama3.1:8b,44.0,6614,1800000,279.71,11.95,43.15624357128163,1.8437564287183708,108.81818181818181,3506491.772727273,2465431.3863636362,45.0,0.10981620718462824,988.3458646616542,45.0
1788520950,llama3.1:8b,46.0,6621,879257,282.64,11.78,58.5593370015624,2.4406629984376065,109.5,3505032.6721311477,2439032.4098360655,61.0,0.10757990867579909,968.2191780821918,61.00000000000001
1788521011,llama3.1:8b,46.0,6612,2583032,276.65,11.92,46.0172575111758,1.982742488824202,109.6875,3506157.595744681,2468434.1276595746,48.0,0.10867236467236467,978.051282051282,48.0
1788521059,llama3.1:8b,46.0,6609,1520106,279.02,11.93,48.90881594775735,2.0911840522426535,109.9,3505676.4901960786,2477450.862745098,51.0,0.10855323020928116,976.9790718835304,51.0
1788521110,llama3.1:8b,45.0,6613,892440,280.21,11.94,40.28348451138114,1.7165154886188603,109.85714285714286,3506235.880952381,2493537.6428571427,42.0,0.10868660598179453,978.1794538361507,42.0
1788521152,llama3.1:8b,46.0,6618,1499317,286.77,11.9,40.326581176549375,1.6734188234506315,109.48780487804878,3506446.073170732,2478002.56097561,42.0,0.1086879037647583,978.1911338828246,42.00000000000001
1788521194,llama3.1:8b,46.0,6617,2444737,275.12,11.87,51.76654238823652,2.233457611763476,109.88888888888889,3506949.611111111,2534228.0185185187,54.0,0.10801820020222447,972.1638018200201,54.0
1788521248,llama3.1:8b,44.0,6617,1199584,293.9,11.86,47.09935897435897,1.9006410256410258,109.125,3507908.4375,2492700.7708333335,49.0,0.10868270332187857,978.1443298969072,49.0
1788521297,llama3.1:8b,46.0,6613,1551488,284.02,11.97,41.2610561167607,1.7389438832392987,109.3953488372093,3504379.8139534886,2450285.604651163,43.0,0.10941964285714287,984.7767857142858,43.0
1788521340,llama3.1:8b,44.0,6616,1792307,277.98,11.82,56.5935817805383,2.4064182194616976,109.10344827586206,3506312.206896552,2528924.206896552,59.0,0.10833754740834388,975.0379266750949,59.0
1788521399,llama3.1:8b,44.0,6616,1484369,289.11,11.86,48.02970395720504,1.9702960427949625,109.73469387755102,3504820.06,2475301.6,50.0,0.10807885437976567,972.709689417891,50.0
1788521449,llama3.1:8b,44.0,6611,963802,273.41,11.82,56.555025768677915,2.4449742313220906,108.91525423728814,3504864.5517241377,2459066.5172413792,59.0,0.10852474323062558,976.7226890756302,59.00000000000001
1788521508,llama3.1:8b,46.0,6614,3506294,278.48,11.99,52.729713911935825,2.2702860880641715,109.75925925925925,3506003.222222222,2434691.425925926,55.0,0.10923907541758057,983.1516787582252,55.0
1788521563,llama3.1:8b,49.0,6621,1740000,286.54,11.93,57.60176902201226,2.398230977987737,109.7457627118644,3505805.783333333,2443772.033333333,60.0,0.1087057915057915,978.3521235521235,60.0
1788521623,llama3.1:8b,44.0,6619,800000,277.11,11.88,54.65680473372782,2.3431952662721898,109.47368421052632,3481448.1964285714,2424090.3214285714,57.0,0.10851923076923077,976.6730769230769,57.00000000000001
1788521680,llama3.1:8b,44.0,6613,1159472,283.62,11.97,53.73226428498934,2.2677357150106565,109.36363636363636,3505200.410714286,2383313.1964285714,56.0,0.10945137157107233,985.0623441396509,56.0
1788521736,llama3.1:8b,46.0,6611,2197676,286.04,12.04,51.81884057971014,2.1811594202898545,109.37735849056604,3505642.7924528304,2495328.3018867923,54.0,0.11007762635846126,990.6986372261513,53.99999999999999
1788521790,llama3.1:8b,46.0,6616,1477172,279.61,11.88,57.55463309204433,2.4453669079556763,109.5,3507762.3,2466623.1166666667,60.0,0.10849315068493151,976.4383561643835,60.0
1788521850,llama3.1:8b,44.0,6613,1054119,276.19,12.02,45.99812636619132,2.001873633808681,109.70212765957447,3506528.574468085,2542901.4468085105,48.0,0.10956943366951125,986.1249030256013,48.0
1788521898,llama3.1:8b,44.0,6617,1800000,280.0,11.87,55.64121012779662,2.3587898722033778,109.77586206896552,3505080.0344827585,2421735.8448275863,58.0,0.10812941730799433,973.164755771949,58.0
1788521956,llama3.1:8b,44.0,6617,1400000,275.65,11.9,49.84802643018605,2.1519735698139457,109.33333333333333,3505654.901960784,2491126.9215686275,52.0,0.10884146341463416,979.5731707317075,52.0
1788522008,llama3.1:8b,46.0,6615,1102263,277.27,11.89,46.98516392308757,2.0148360769124363,109.72916666666667,3505012.224489796,2466367.102040816,49.0,0.10835769887981773,975.2192899183596,49.00000000000001
1788522057,llama3.1:8b,46.0,6605,2017942,284.13,11.95,50.860882194001626,2.139117805998379,109.73584905660377,3505928.6153846155,2456203.7884615385,53.0,0.10889786795048143,980.0808115543327,53.00000000000001
1788522110,llama3.1:8b,44.0,6613,1534054,283.56,12.14,33.563070679742985,1.4369293202570175,109.73529411764706,3506189.5142857144,2477595.685714286,35.0,0.11062985794693113,995.6687215223802,35.0
1788522145,llama3.1:8b,46.0,6611,800000,285.94,11.91,48.96068490851099,2.0393150914890046,110.11764705882354,3505470.24,2481173.1,51.0,0.10815705128205128,973.4134615384614,50.99999999999999
1788522196,llama3.1:8b,46.0,6619,1498767,287.72,11.84,48.02376819335025,1.976231806649753,109.26530612244898,3506309.2,2578828.78,50.0,0.10836010459469556,975.2409413522599,50.0
1788522246,llama3.1:8b,44.0,6622,2243789,279.16,11.88,46.999862561847166,2.000137438152831,109.38775510204081,3506703.6041666665,2467288.8125,49.0,0.10860447761194031,977.4402985074627,49.0
1788522295,llama3.1:8b,46.0,6614,1000567,288.02,11.87,48.98135983193838,2.0186401680616224,109.56,3504968.7843137253,2533252.117647059,51.0,0.1083424607520993,975.0821467688937,51.0
1788522346,llama3.1:8b,46.0,6611,1553146,288.93,11.79,57.647645650438946,2.352354349561053,108.9322033898305,3506128.86440678,2462763.525423729,60.0,0.10823245682277889,974.0921114050101,60.0
1788522406,llama3.1:8b,41.0,6616,799609,273.87,11.97,46.94804785894206,2.0519521410579347,110.06122448979592,3505614.6938775512,2420854.612244898,49.0,0.1087576488040052,978.8188392360468,48.99999999999999
1788522455,llama3.1:8b,46.0,6612,1725239,282.87,11.85,50.86899429967426,2.1310057003257326,109.34615384615384,3506568.153846154,2565008.8846153845,53.0,0.10837143862117482,975.3429475905733,52.99999999999999
1788522508,llama3.1:8b,46.0,6619,871123,274.06,11.77,57.52930063324354,2.4706993667564636,109.43333333333334,3506793.4166666665,2484140.5,60.0,0.10755406640268046,967.9865976241241,60.0
1788522568,llama3.1:8b,42.0,6618,1801935,269.55,11.8,53.65132397369824,2.348676026301759,110.03636363636363,3504804.1636363636,2499804.109090909,56.0,0.10723727693324522,965.135492399207,56.0
1788522624,llama3.1:8b,44.0,6611,800302,282.86,11.93,46.057464635842464,1.9425353641575356,109.36170212765957,3505181.8333333335,2520775.0833333335,48.0,0.1090875486381323,981.7879377431907,48.0
1788522672,llama3.1:8b,44.0,6609,957164,280.38,11.83,50.85431710071524,2.145682899284761,109.47169811320755,3505206.230769231,2458323.596153846,53.0,0.10806446053085143,972.5801447776629,53.0
1788522725,llama3.1:8b,41.0,6618,1340958,284.45,11.89,51.83336707835594,2.166632921644058,109.39622641509433,3507354.092592593,2532136.611111111,54.0,0.10868747844084169,978.1873059675752,54.0
1788522779,llama3.1:8b,45.0,6632,1263955,291.19,11.96,44.185188850404096,1.8148111495959098,109.06521739130434,3507288.577777778,2509142.533333333,46.0,0.10965915885987643,986.9324297388879,46.00000000000001
1788522825,llama3.1:8b,46.0,6619,1375209,276.45,11.78,58.50692155570205,2.4930784442979568,109.85,3505266.65,2513927.6166666667,61.0,0.10723714155666818,965.1342740100137,61.00000000000001
1788522886,llama3.1:8b,44.0,6613,1282661,291.84,11.99,45.14524569660666,1.8547543033933451,109.80434782608695,3506727.404255319,2402118.510638298,47.0,0.10919421896654129,982.7479706988717,47.0
1788522933,llama3.1:8b,42.0,6612,1774872,279.64,11.82,50.85061414945447,2.1493858505455297,109.62264150943396,3505922.9433962265,2526827.396226415,53.0,0.10782444061962135,970.4199655765921,53.0
1788522986,llama3.1:8b,46.0,6614,1401532,283.33,11.93,51.81812639707377,2.1818736029262347,109.90566037735849,3504411.3584905663,2452290.396226415,54.0,0.10854763948497854,976.9287553648069,54.0
1788523040,llama3.1:8b,46.0,6609,1102474,283.33,11.85,60.470865234772,2.529134765227996,109.95161290322581,3504385.629032258,2453829.2580645164,63.0,0.10777468094469708,969.9721285022737,62.99999999999999
1788523103,llama3.1:8b,46.0,6613,1101377,275.93,11.84,52.737081697188735,2.262918302811273,110.2,3504678.7818181817,2586136.4545454546,55.0,0.1074410163339383,966.9691470054447,55.00000000000001
1788523158,llama3.1:8b,44.0,6618,1800000,264.27,11.96,43.05162364696087,1.9483763530391345,109.56818181818181,3506620.659090909,2465486.272727273,45.0,0.10915577680979051,982.4019912881145,45.00000000000001
1788523203,llama3.1:8b,46.0,6617,1900836,278.16,11.87,52.74902596283143,2.2509740371685685,109.8,3505165.2181818183,2434152.963636364,55.0,0.10810564663023679,972.9508196721312,55.0
1788523258,llama3.1:8b,44.0,6607,1211139,283.85,11.83,51.83948863636364,2.1605113636363638,108.84905660377359,3506338.3018867923,2479774.4150943398,54.0,0.10868261397122551,978.1435257410296,54.00000000000001
1788523312,llama3.1:8b,46.0,6611,2853058,281.83,11.85,55.659697630073545,2.3403023699264507,109.89473684210526,3505455.706896552,2450697.672413793,58.0,0.10783045977011495,970.4741379310345,57.99999999999999
1788523370,llama3.1:8b,46.0,6618,893460,278.53,11.84,48.92044632709991,2.0795536729000936,109.25490196078431,3506306.24,2513736.06,51.0,0.10837042354630294,975.3338119167264,51.0
1788523421,llama3.1:8b,45.0,6605,2290487,270.14,11.82,51.73627464888637,2.2637253511136337,109.30188679245283,3504707.9814814813,2467148.3333333335,54.0,0.10814085965820819,973.2677369238737,54.00000000000001
1788523475,llama3.1:8b,46.0,6607,947569,288.14,12.01,45.11937364651008,1.880626353489922,109.57446808510639,3505073.8913043477,2533986.2608695654,47.0,0.10960582524271843,986.4524271844659,47.0
1788523522,llama3.1:8b,44.0,6619,1628520,271.91,12.0,49.80212039026452,2.1978796097354794,110.15686274509804,3504743.269230769,2458213.25,52.0,0.10893556425774296,980.4200783196867,52.0
1788523574,llama3.1:8b,46.0,6620,1281989,275.9,11.95,46.96578078860518,2.034219211394824,109.875,3506685.3125,2431223.5833333335,49.0,0.10875995449374289,978.839590443686,49.00000000000001
1788523623,llama3.1:8b,46.0,6621,1200000,280.99,12.07,45.06425305398212,1.9357469460178804,110.04255319148936,3507125.914893617,2485216.595744681,47.0,0.109684841453983,987.163573085847,47.0
1788523670,llama3.1:8b,44.0,6608,1241095,268.46,12.03,47.85553852187244,2.144461478127563,109.6734693877551,3505389.7346938774,2534870.8571428573,50.0,0.10968924451060662,987.2032005954595,50.0
1788523720,llama3.1:8b,46.0,6618,2700000,270.62,11.89,51.72730168843581,2.2726983115641923,109.35185185185185,3506339.796296296,2594740.4444444445,54.0,0.10873158340389501,978.584250635055,54.0
1788523774,llama3.1:8b,47.0,6620,1408641,285.34,11.95,49.90978505836053,2.090214941639477,109.58823529411765,3505440.725490196,2445774.5098039214,52.0,0.10904455179817497,981.4009661835748,52.0
1788523826,llama3.1:8b,42.0,6622,1492646,292.67,11.87,58.62241413279044,2.3775858672095618,109.61666666666666,3504742.901639344,2507917.2459016396,61.0,0.10828645279002584,974.5780751102326,61.0
1788523887,llama3.1:8b,46.0,6617,2120987,278.41,11.8,52.76368836359877,2.2363116364012265,109.14545454545454,3505533.185185185,2521999.222222222,55.0,0.10811261036148594,973.0134932533734,54.99999999999999
1788523942,llama3.1:8b,46.0,6611,2193567,289.19,11.84,59.56143905922998,2.438560940770023,109.59016393442623,3504763.7868852457,2478699.9672131147,62.0,0.10803889304412864,972.3500373971577,62.00000000000001
1788524004,llama3.1:8b,44.0,6619,2012466,280.39,11.89,47.00667168468592,1.9933283153140826,109.40816326530613,3505103.224489796,2565233.836734694,49.0,0.10867562022010818,978.0805819809736,49.0
1788524053,llama3.1:8b,44.0,6615,1063963,277.24,11.93,53.68966351972888,2.3103364802711206,109.50909090909092,3504898.418181818,2411736.4363636365,56.0,0.10894072721235264,980.4665449111737,56.0
1788524109,llama3.1:8b,46.0,6611,1488567,280.76,12.1,37.38864986683056,1.6113501331694324,109.26315789473684,3504859.0256410255,2488551.5384615385,39.0,0.11074181117533718,996.6763005780347,38.99999999999999
1788524148,llama3.1:8b,44.0,6618,1500000,283.26,11.89,46.066339149584955,1.9336608504150434,109.14583333333333,3506600.625,2460838.3958333335,48.0,0.10893682000381753,980.4313800343579,48.0
1788524196,llama3.1:8b,46.0,6612,1190969,293.32,11.97,45.15719479838841,1.8428052016115826,109.1304347826087,3505952.1739130435,2431054.652173913,47.0,0.10968525896414343,987.1673306772909,46.99999999999999
1788524243,llama3.1:8b,47.0,6617,1371957,274.98,11.92,52.714883234576504,2.2851167654234925,109.07272727272728,3505761.727272727,2473715.709090909,55.0,0.1092848808134689,983.5639273212201,55.0
1788524298,llama3.1:8b,44.0,6620,1700000,288.73,11.89,50.903765551194205,2.0962344488058013,109.78846153846153,3505588.673076923,2497037.403846154,53.0,0.1082991767384831,974.692590646348,53.00000000000001
1788524351,llama3.1:8b,47.0,6618,1466384,277.25,11.99,46.01023371594523,1.9897662840547643,108.97916666666667,3507083.5416666665,2602545.6458333335,48.0,0.11002102848403747,990.1892563563373,48.0
1788524399,llama3.1:8b,47.0,6617,3275296,282.15,11.99,49.88032909498878,2.1196709050112195,109.41176470588235,3505563.9607843137,2406424.2156862747,52.0,0.10958602150537636,986.2741935483873,52.0
1788524451,llama3.1:8b,46.0,6610,1069620,290.84,11.91,46.111709331131294,1.8882906688687036,110.04255319148936,3505368.1041666665,2447380.4375,48.0,0.1082308584686775,974.0777262180975,48.0
1788524499,llama3.1:8b,46.0,6602,888469,271.42,11.89,49.81765557163531,2.182344428364689,109.11538461538461,3504710.470588235,2397904.529411765,52.0,0.10896721889319705,980.7049700387735,52.0
1788524551,llama3.1:8b,46.0,6609,1400000,272.7,11.87,51.747548933478576,2.2524510665214184,109.35849056603773,3482068.111111111,2359060.1666666665,54.0,0.10854209799861973,976.8788819875776,53.99999999999999
1788524605,llama3.1:8b,47.0,6607,1328064,288.0,11.91,51.855556667000094,2.1444433329999,109.07407407407408,3505465.245283019,2424649.245283019,54.0,0.10919185059422751,982.7266553480475,53.99999999999999
1788524659,llama3.1:8b,44.0,6608,1396721,287.09,11.88,55.695287152557114,2.3047128474428873,109.35087719298245,3506101.1052631577,2497427.350877193,58.0,0.10864110380234238,977.7699342210814,58.0
1788524717,llama3.1:8b,41.0,6615,800000,287.78,11.92,50.892025358692024,2.1079746413079747,109.3076923076923,3506964.886792453,2495842.3018867923,53.0,0.10904996481351162,981.4496833216045,53.0
1788524770,llama3.1:8b,45.0,6620,3500000,275.56,11.88,49.850821040912884,2.1491789590871138,109.28846153846153,3505834.2156862747,2490772.7647058824,52.0,0.10870314974485308,978.3283477036778,52.0
1788524822,llama3.1:8b,46.0,6613,1382821,280.71,11.85,,,109.17857142857143,3504377.5789473685,2471474.3333333335,,0.1085377821393523,976.8400392541707,
