timestamp,model,cpu_temp,ram_used_mb,prefill_tps,decode_tps,prefill_dur_s,decode_dur_s
1780255332,phi3:mini,29.0,1081,36.85,18.55,.705422,28.233905
1780255375,phi3:mini,32.0,4771,461.37,18.93,.056353,21.702430
1780255397,phi3:mini,36.0,4780,574.07,19.04,.045290,21.632411
1780255418,phi3:mini,31.0,4788,500.68,18.89,.051928,23.920024
1780255442,phi3:mini,36.0,4785,524.28,18.72,.049591,22.584512
1780255465,phi3:mini,33.0,4788,473.57,17.56,.054901,44.240253
1780255510,phi3:mini,36.0,4785,448.43,18.28,.057979,33.090613
1780255543,phi3:mini,33.0,4790,512.92,18.77,.050689,25.193318
1780255568,phi3:mini,36.0,4788,516.99,18.19,.050290,30.662713
1780255599,phi3:mini,37.0,4792,518.79,19.10,.050116,17.797114
1780255617,phi3:mini,37.0,4784,468.15,18.82,.055537,21.723288
1780255639,phi3:mini,36.0,4795,528.84,18.78,.049163,23.688109
1780255663,phi3:mini,36.0,4790,541.76,18.64,.047991,24.031212
1780255687,phi3:mini,37.0,4791,464.73,19.55,.055945,13.141627
1780255701,phi3:mini,36.0,4791,530.98,18.94,.048965,20.375959
1780255721,phi3:mini,33.0,4792,489.89,18.12,.053072,32.104487
1780255754,phi3:mini,37.0,4796,467.13,18.82,.055657,21.890037
1780255776,phi3:mini,31.0,4792,556.33,18.56,.046734,26.819795
1780255803,phi3:mini,36.0,4784,515.10,18.93,.050475,24.561399
1780255828,phi3:mini,34.0,4794,494.18,17.88,.052611,39.143079
1780255867,phi3:mini,34.0,4796,515.83,18.43,.050403,30.054672
1780255897,phi3:mini,36.0,4792,537.26,18.88,.048392,23.675319
1780255921,phi3:mini,36.0,4791,462.46,18.36,.056220,30.497716
1780255952,phi3:mini,34.0,4801,495.47,18.50,.052474,25.833659
1780255978,phi3:mini,34.0,4805,457.74,18.42,.056800,27.188269
1780256005,phi3:mini,36.0,4810,517.83,18.36,.050209,30.172971
1780256036,phi3:mini,34.0,4804,556.49,18.76,.046721,21.737435
1780256058,phi3:mini,34.0,4812,466.79,19.01,.055698,22.241344
1780256080,phi3:mini,37.0,4809,473.79,18.28,.054875,33.844993
1780256114,phi3:mini,37.0,4805,493.88,18.61,.052644,25.084787
1780256139,phi3:mini,34.0,4810,514.26,18.54,.050557,26.640347
1780256166,phi3:mini,31.0,4808,484.64,18.34,.053647,31.945889
1780256198,phi3:mini,36.0,4807,524.94,18.12,.049528,34.038141
1780256233,phi3:mini,34.0,4804,485.68,18.62,.053533,25.769391
1780256259,phi3:mini,36.0,4803,488.90,18.04,.053180,36.463969
1780256295,phi3:mini,34.0,4806,466.78,18.83,.055700,23.466664
1780256319,phi3:mini,34.0,4811,505.97,18.53,.051386,26.331052
1780256345,phi3:mini,36.0,4803,519.62,18.92,.050035,22.088187
1780256368,phi3:mini,36.0,4811,487.61,18.17,.053320,31.090570
1780256399,phi3:mini,34.0,4811,475.43,17.70,.054686,40.951436
1780256440,phi3:mini,34.0,4815,481.04,18.95,.054048,20.946695
1780256461,phi3:mini,34.0,4811,472.16,18.49,.055065,29.460068
1780256491,phi3:mini,34.0,4807,522.77,18.23,.049734,32.304018
1780256524,phi3:mini,34.0,4818,483.80,18.60,.053740,22.785480
1780256547,phi3:mini,36.0,4811,474.74,19.14,.054766,18.332930
1780256565,phi3:mini,34.0,4810,487.91,18.82,.053287,21.616087
1780256587,phi3:mini,34.0,4802,474.18,18.38,.054830,28.286213
1780256615,phi3:mini,33.0,4806,461.99,19.03,.056277,21.218685
1780256637,phi3:mini,36.0,4811,487.34,18.71,.053350,24.418260
1780256661,phi3:mini,34.0,4806,519.71,18.85,.050027,21.428948
1780256683,phi3:mini,34.0,4806,448.72,18.68,.057942,24.458586
1780256708,phi3:mini,36.0,4815,486.38,17.96,.053455,37.859662
1780256746,phi3:mini,34.0,4805,518.58,18.80,.050136,24.402764
1780256770,phi3:mini,34.0,4804,500.80,18.64,.051916,23.389859
1780256794,phi3:mini,34.0,4802,554.23,18.56,.046911,27.146437
1780256821,phi3:mini,37.0,4798,474.51,18.73,.054792,25.193348
1780256847,phi3:mini,34.0,4804,533.37,18.52,.048746,30.231826
1780256877,phi3:mini,34.0,4811,523.66,18.81,.049649,25.348212
1780256903,phi3:mini,36.0,4808,494.29,14.68,.052600,119.477943
1780257023,phi3:mini,33.0,4808,532.44,18.55,.048831,26.897311
1780257050,phi3:mini,34.0,4812,446.24,18.98,.058263,22.486597
1780257072,phi3:mini,31.0,4812,458.30,18.96,.056731,21.088693
1780257094,phi3:mini,37.0,4806,546.09,18.92,.047610,22.352481
1780257116,phi3:mini,36.0,4815,516.00,18.65,.050387,24.822385
1780257141,phi3:mini,37.0,4809,455.96,19.11,.057021,19.879291
1780257161,phi3:mini,34.0,4810,494.32,18.22,.052597,32.654520
1780257194,phi3:mini,34.0,4803,538.77,18.41,.048257,26.927972
1780257221,phi3:mini,34.0,4802,551.99,17.87,.047102,38.490396
1780257260,phi3:mini,34.0,4812,546.27,18.87,.047594,24.158126
1780257284,phi3:mini,36.0,4813,496.28,18.90,.052389,24.594167
1780257309,phi3:mini,36.0,4807,535.57,18.90,.048546,22.271613
1780257332,phi3:mini,36.0,4808,456.28,18.71,.056981,24.897538
1780257357,phi3:mini,34.0,4808,511.92,18.40,.050788,32.060111
1780257389,phi3:mini,36.0,4804,513.47,19.17,.050635,20.340612
1780257409,phi3:mini,36.0,4809,509.46,18.31,.051033,30.798642
1780257440,phi3:mini,36.0,4815,531.65,18.15,.048903,33.814607
1780257475,phi3:mini,34.0,4809,493.97,18.24,.052634,30.584830
1780257505,phi3:mini,34.0,4805,534.09,18.60,.048680,27.513210
1780257533,phi3:mini,36.0,4804,511.54,18.87,.050826,23.417464
1780257557,phi3:mini,36.0,4800,454.63,18.85,.057188,24.720170
1780257582,phi3:mini,36.0,4801,501.79,19.33,.051814,21.097957
1780257603,phi3:mini,34.0,4807,498.84,18.69,.052120,32.147888
1780257635,phi3:mini,34.0,4809,494.63,18.74,.052564,28.173998
1780257664,phi3:mini,34.0,4807,508.33,17.03,.051147,57.777958
1780257722,phi3:mini,36.0,4811,492.77,18.24,.052762,32.233970
1780257754,phi3:mini,34.0,4812,485.47,18.84,.053555,26.266228
1780257781,phi3:mini,36.0,4814,464.54,18.96,.055969,25.103282
1780257806,phi3:mini,36.0,4813,493.12,19.21,.052724,23.467131
1780257830,phi3:mini,36.0,4813,487.85,19.21,.053294,21.493992
1780257851,phi3:mini,37.0,4809,582.19,18.40,.044658,30.864745
1780257882,phi3:mini,37.0,4812,502.41,18.90,.051749,24.599379
1780257907,phi3:mini,36.0,4819,476.94,18.44,.054513,27.871802
1780257935,phi3:mini,36.0,4815,509.40,18.69,.051040,26.369682
1780257962,phi3:mini,34.0,4808,523.01,18.82,.049711,26.457871
1780257988,phi3:mini,33.0,4816,526.18,18.98,.049412,19.964420
1780258009,phi3:mini,34.0,4815,463.03,18.91,.056150,23.838631
1780258033,phi3:mini,34.0,4811,479.88,19.41,.054180,21.326191
1780258054,phi3:mini,34.0,4811,488.41,18.31,.053233,33.742243
1780258088,phi3:mini,36.0,4815,478.44,18.36,.054343,32.175093
1780258120,phi3:mini,37.0,4812,522.28,19.20,.049781,16.867214
1780258137,phi3:mini,34.0,4802,497.70,18.58,.052239,28.309716
1780258166,phi3:mini,34.0,4810,456.93,18.16,.056900,29.337730
1780258196,phi3:mini,33.0,4806,509.76,18.39,.051004,28.970631
1780258225,phi3:mini,36.0,4809,491.74,18.87,.052873,21.932213
1780258247,phi3:mini,34.0,4808,505.95,18.84,.051388,23.608448
1780258271,phi3:mini,34.0,4806,490.13,18.83,.053046,23.625414
1780258294,phi3:mini,34.0,4799,432.04,18.68,.060178,25.960443
1780258321,phi3:mini,34.0,4804,508.10,18.64,.051171,24.719643
1780258346,phi3:mini,34.0,4807,507.54,18.75,.051226,25.219383
1780258371,phi3:mini,36.0,4805,440.53,18.15,.059018,35.302386
1780258406,phi3:mini,36.0,4803,488.94,19.04,.053176,24.832098
1780258432,phi3:mini,36.0,4807,560.24,18.70,.046408,29.077606
1780258461,phi3:mini,34.0,4810,530.04,18.54,.049052,27.820460
1780258489,phi3:mini,34.0,4809,511.42,18.31,.050838,30.191238
1780258519,phi3:mini,34.0,4813,534.49,17.94,.048644,35.660115
1780258555,phi3:mini,34.0,4820,469.18,18.09,.055415,32.933760
1780258588,phi3:mini,34.0,4813,526.72,18.66,.049361,25.771429
1780258614,phi3:mini,34.0,4814,491.40,18.44,.052909,29.002998
1780258643,phi3:mini,34.0,4809,497.69,18.61,.052240,29.278952
1780258673,phi3:mini,36.0,4814,487.55,18.28,.053326,30.415416
1780258704,phi3:mini,34.0,4819,514.84,19.14,.050500,21.048560
1780258725,phi3:mini,37.0,4816,493.61,18.62,.052672,28.234716
1780258753,phi3:mini,36.0,4811,482.45,18.68,.053890,24.996078
1780258778,phi3:mini,34.0,4810,521.53,18.64,.049852,24.397244
1780258803,phi3:mini,34.0,4807,493.95,18.79,.052636,22.451785
1780258826,phi3:mini,37.0,4803,507.01,18.89,.051280,22.705826
1780258849,phi3:mini,36.0,4809,473.36,18.79,.054926,26.064136
1780258875,phi3:mini,36.0,4813,485.39,18.37,.053564,31.897193
1780258907,phi3:mini,36.0,4806,544.79,19.20,.047724,19.214227
1780258926,phi3:mini,36.0,4807,529.57,18.83,.049096,21.826408
1780258948,phi3:mini,33.0,4809,488.18,18.65,.053258,25.942330
1780258974,phi3:mini,36.0,4807,466.40,18.76,.055745,24.940695
1780259000,phi3:mini,36.0,4812,527.18,18.23,.049318,33.064786
1780259033,phi3:mini,34.0,4815,500.33,13.25,.051964,179.362820
1780259213,phi3:mini,33.0,4806,534.13,18.57,.048676,31.931697
1780259245,phi3:mini,36.0,4813,528.47,18.39,.049198,31.254525
1780259276,phi3:mini,34.0,4820,526.91,17.48,.049343,48.379468
1780259325,phi3:mini,34.0,4816,536.42,17.85,.048468,40.502992
1780259366,phi3:mini,36.0,4812,442.46,18.75,.058761,25.864587
1780259392,phi3:mini,34.0,4808,509.15,18.43,.051065,30.058785
1780259422,phi3:mini,34.0,4808,490.62,18.65,.052993,28.738991
1780259451,phi3:mini,34.0,4811,493.71,18.73,.052661,27.601556
1780259479,phi3:mini,34.0,4811,501.64,19.13,.051829,20.642925
1780259499,phi3:mini,34.0,4805,505.43,18.59,.051441,26.453399
1780259526,phi3:mini,34.0,4807,496.76,18.07,.052338,33.534299
1780259560,phi3:mini,34.0,4807,448.06,18.24,.058027,30.200595
1780259590,phi3:mini,36.0,4809,531.18,18.16,.048947,36.110418
1780259627,phi3:mini,37.0,4804,551.57,19.43,.047137,16.769610
1780259644,phi3:mini,37.0,4810,535.32,19.23,.048568,18.455838
1780259662,phi3:mini,34.0,4813,481.02,18.58,.054051,28.955218
1780259691,phi3:mini,36.0,4806,539.47,8.67,.048194,1901.033865
1780261594,phi3:mini,33.0,4820,46.61,17.10,.557773,53.203768
1780261648,phi3:mini,34.0,4816,522.26,21.23,.049783,2.024536
1780261650,phi3:mini,36.0,4812,535.09,18.71,.048589,32.748105
1780261683,phi3:mini,34.0,4817,504.58,14.17,.051527,142.816700
1780261826,phi3:mini,33.0,4820,507.23,10.25,.051258,464.138652
1780262291,phi3:mini,32.0,4816,48.19,20.31,.539433,1.771721
1780262294,phi3:mini,33.0,4816,478.42,18.55,.054345,28.137289
1780262322,phi3:mini,33.0,4819,489.36,9.19,.053130,960.900587
1780263284,phi3:mini,32.0,4809,48.91,18.86,.531519,23.319427
1780263308,phi3:mini,34.0,4802,457.98,20.40,.056770,2.205431
1780263310,phi3:mini,34.0,4806,518.77,16.02,.050117,76.874227
1780263387,phi3:mini,34.0,4813,495.24,13.97,.052499,144.013419
1780263532,phi3:mini,33.0,4819,499.81,18.82,.052019,21.834747
1780263554,phi3:mini,34.0,4813,565.62,18.82,.045967,23.367191
1780263577,phi3:mini,36.0,4813,498.08,19.67,.052200,11.487675
1780263589,phi3:mini,34.0,4813,518.20,18.47,.050172,30.635150
1780263620,phi3:mini,34.0,4819,519.08,19.24,.050088,21.358483
1780263641,phi3:mini,34.0,4816,543.10,18.75,.047873,24.260981
1780263666,phi3:mini,34.0,4812,528.97,9.50,.049151,649.374419
1780264316,phi3:mini,33.0,4820,46.89,19.88,.554385,9.958371
1780264327,phi3:mini,34.0,4822,494.40,19.68,.052588,9.651349
1780264337,phi3:mini,34.0,4823,498.08,18.85,.052199,22.696944
1780264359,phi3:mini,33.0,4821,488.52,19.03,.053221,20.440119
1780264380,phi3:mini,31.0,4819,438.31,19.63,.059317,11.357512
1780264392,phi3:mini,34.0,4814,485.20,19.46,.053586,12.276362
1780264404,phi3:mini,34.0,4808,508.48,19.27,.051132,18.627316
1780264423,phi3:mini,34.0,4806,522.72,17.78,.049739,39.865711
1780264463,phi3:mini,34.0,4818,534.96,19.54,.048601,11.713588
1780264475,phi3:mini,31.0,4821,473.33,19.57,.054929,13.077621
1780264488,phi3:mini,36.0,4817,436.78,17.66,.059526,41.383935
1780264530,phi3:mini,33.0,4822,465.31,18.61,.055875,23.694276
1780264554,phi3:mini,34.0,4819,498.15,19.24,.052192,16.837830
1780264571,phi3:mini,34.0,4822,538.30,17.88,.048299,37.521240
1780264608,phi3:mini,34.0,4808,482.91,20.11,.053839,2.933565
1780264611,phi3:mini,36.0,4804,505.32,19.32,.051451,12.523771
1780264624,phi3:mini,34.0,4809,494.24,18.23,.052605,29.673694
1780264654,phi3:mini,34.0,4805,505.46,19.22,.051437,14.511077
1780264669,phi3:mini,34.0,4807,480.58,18.96,.054100,20.463312
1780264689,phi3:mini,34.0,4811,546.43,19.39,.047580,14.594945
1780264704,phi3:mini,37.0,4810,498.94,21.60,.052110,.833308
1780264705,phi3:mini,37.0,4809,486.54,18.87,.053438,19.391607
1780264725,phi3:mini,34.0,4822,516.09,19.46,.050378,10.069524
1780264735,phi3:mini,34.0,4821,508.31,18.82,.051149,23.055546
1780264758,phi3:mini,34.0,4822,503.25,18.88,.051664,18.959278
1780264777,phi3:mini,34.0,4821,511.66,18.91,.050814,19.191260
1780264797,phi3:mini,34.0,4821,499.91,20.02,.052008,5.343679
1780264802,phi3:mini,36.0,4822,529.74,18.11,.049080,36.604458
1780264839,phi3:mini,36.0,4818,517.15,18.81,.050274,23.816379
1780264863,phi3:mini,34.0,4817,512.75,19.31,.050706,14.908818
1780264878,phi3:mini,36.0,4818,505.71,21.02,.051411,1.664804
1780264880,phi3:mini,34.0,4814,548.85,15.89,.047371,80.340796
1780264961,phi3:mini,34.0,4805,500.99,18.80,.051896,23.180767
1780264984,phi3:mini,34.0,4804,548.62,18.46,.047390,27.624676
1780265012,phi3:mini,34.0,4813,533.18,18.31,.048763,31.011966
1780265043,phi3:mini,34.0,4815,449.29,20.12,.057868,3.876481
1780265047,phi3:mini,34.0,4807,489.21,19.24,.053145,15.072042
1780265062,phi3:mini,36.0,4809,504.67,18.80,.051518,22.709929
1780265085,phi3:mini,36.0,4817,556.96,19.60,.046681,10.760438
1780265096,phi3:mini,36.0,4807,468.49,20.33,.055496,3.885860
1780265100,phi3:mini,36.0,4806,476.33,17.34,.054583,44.915191
1780265145,phi3:mini,34.0,4815,470.35,19.71,.055277,11.819753
1780265157,phi3:mini,36.0,4811,556.24,18.33,.046742,28.200744
1780265186,phi3:mini,34.0,4811,465.26,18.72,.055882,22.692081
1780265209,phi3:mini,34.0,4820,475.54,19.45,.054673,11.203343
1780265220,phi3:mini,34.0,4822,521.94,19.41,.049813,12.620524
1780265233,phi3:mini,34.0,4811,498.93,19.54,.052110,12.229453
1780265245,phi3:mini,34.0,4813,481.61,18.90,.053985,18.674694
1780265264,phi3:mini,34.0,4814,458.40,19.17,.056718,15.381484
1780265280,phi3:mini,34.0,4822,505.78,19.09,.051405,19.536480
1780265299,phi3:mini,36.0,4821,503.92,19.26,.051594,18.319410
1780265318,phi3:mini,34.0,4818,499.74,18.86,.052026,23.010310
1780265341,phi3:mini,34.0,4815,501.36,16.33,.051858,70.769527
1780265412,phi3:mini,33.0,4809,438.15,19.50,.059339,11.998812
1780265424,phi3:mini,31.0,4809,537.89,19.35,.048336,14.362388
1780265439,phi3:mini,34.0,4807,478.33,19.87,.054355,9.608909
1780265449,phi3:mini,36.0,4807,486.44,19.52,.053449,10.549211
1780265459,phi3:mini,34.0,4808,506.98,19.68,.051283,8.228336
1780265468,phi3:mini,34.0,4803,505.04,17.93,.051480,34.511294
1780265502,phi3:mini,34.0,4811,474.66,20.00,.054775,6.047579
1780265509,phi3:mini,33.0,4812,466.56,19.92,.055726,9.538110
1780265518,phi3:mini,36.0,4813,484.65,17.25,.053645,48.855267
1780265567,phi3:mini,34.0,4812,469.96,19.03,.055323,21.855424
1780265589,phi3:mini,34.0,4811,499.37,19.93,.052064,12.088661
1780265602,phi3:mini,33.0,4805,468.24,19.47,.055526,12.890936
1780265615,phi3:mini,34.0,4811,534.42,19.14,.048650,19.383301
1780265634,phi3:mini,36.0,4827,514.50,18.13,.050534,36.221060
1780265671,phi3:mini,34.0,4815,517.82,19.51,.050210,12.606213
1780265684,phi3:mini,34.0,4821,566.69,19.05,.045880,18.577955
1780265702,phi3:mini,34.0,4823,521.79,18.46,.049828,26.107238
1780265729,phi3:mini,34.0,4822,505.32,19.00,.051451,18.892166
1780265748,phi3:mini,36.0,4820,0,0,0,0
1780265872,phi3:mini,37.0,4811,468.21,19.38,.055529,11.554235
1780265884,phi3:mini,34.0,4811,515.26,18.93,.050459,18.962257
1780265903,phi3:mini,34.0,4814,532.80,20.24,.048798,5.927813
1780265909,phi3:mini,33.0,4807,514.15,18.84,.050568,23.298002
1780265932,phi3:mini,36.0,4816,480.89,19.10,.054065,14.291539
1780265947,phi3:mini,34.0,4810,512.86,13.06,.050695,181.971037
1780266129,phi3:mini,33.0,4818,529.43,14.03,.049108,140.263845
1780266270,phi3:mini,33.0,4820,533.13,19.26,.048768,16.768424
1780266287,phi3:mini,33.0,4824,489.32,19.22,.053134,19.143130
1780266306,phi3:mini,36.0,4820,525.71,19.36,.049456,14.823132
1780266321,phi3:mini,36.0,4816,536.07,18.58,.048500,27.715086
1780266349,phi3:mini,36.0,4823,503.55,19.13,.051632,18.705676
1780266368,phi3:mini,34.0,4817,547.56,19.26,.047482,17.851866
1780266386,phi3:mini,34.0,4815,515.99,19.19,.050388,16.828357
1780266403,phi3:mini,36.0,4815,511.94,19.74,.050786,9.673646
1780266413,phi3:mini,36.0,4817,457.72,18.50,.056802,28.311536
1780266441,phi3:mini,34.0,4824,494.83,19.18,.052543,16.990466
1780266459,phi3:mini,34.0,4820,473.25,18.87,.054938,18.649399
1780266477,phi3:mini,36.0,4822,502.88,15.67,.051701,87.184659
1780266565,phi3:mini,34.0,4818,468.88,19.40,.055450,16.693625
1780266582,phi3:mini,36.0,4821,522.60,19.94,.049750,7.520734
1780266589,phi3:mini,34.0,4822,495.30,19.62,.052492,11.923700
1780266602,phi3:mini,34.0,4824,498.46,18.54,.052160,24.646088
1780266626,phi3:mini,31.0,4824,502.14,18.42,.051777,27.784748
1780266654,phi3:mini,34.0,4827,519.61,18.50,.050037,28.040212
1780266683,phi3:mini,34.0,4819,516.56,18.38,.050332,28.493994
1780266711,phi3:mini,37.0,4815,575.96,19.38,.045141,18.466852
1780266730,phi3:mini,36.0,4810,561.33,18.51,.046318,26.846541
1780266757,phi3:mini,36.0,4801,477.86,18.55,.054408,27.697759
1780266785,phi3:mini,34.0,4804,485.67,19.05,.053533,19.315665
1780266804,phi3:mini,34.0,4800,476.91,19.02,.054517,19.497441
1780266824,phi3:mini,33.0,4813,494.40,19.12,.052588,19.028469
1780266843,phi3:mini,34.0,4809,540.69,18.68,.048086,23.278400
1780266867,phi3:mini,34.0,4815,467.37,19.57,.055629,9.553452
1780266877,phi3:mini,33.0,4813,491.14,20.26,.052937,3.306242
1780266880,phi3:mini,34.0,4808,495.42,18.91,.052479,20.359557
1780266901,phi3:mini,34.0,4802,510.36,18.61,.050943,26.857662
1780266928,phi3:mini,34.0,4803,515.70,19.51,.050415,13.633763
1780266941,phi3:mini,36.0,4798,500.70,17.22,.051926,51.438800
1780266993,phi3:mini,34.0,4806,513.87,19.21,.050596,16.812791
1780267010,phi3:mini,34.0,4807,478.22,19.17,.054368,17.310219
1780267028,phi3:mini,34.0,4802,482.06,19.16,.053934,16.380867
1780267044,phi3:mini,34.0,4805,503.98,19.39,.051588,12.841283
1780267057,phi3:mini,34.0,4809,495.62,19.69,.052458,8.378479
1780267066,phi3:mini,34.0,4815,479.24,21.42,.054252,.980200
1780267067,phi3:mini,36.0,4811,497.24,18.61,.052288,24.392215
1780267091,phi3:mini,34.0,4804,536.27,18.83,.048482,22.834942
1780267115,phi3:mini,34.0,4807,505.46,19.34,.051437,12.716836
1780267127,phi3:mini,34.0,4811,479.21,19.10,.054255,18.735455
1780267146,phi3:mini,31.0,4813,504.45,24.66,.051540,.243288
1780267147,phi3:mini,31.0,4808,474.74,19.77,.054766,8.038638
1780267155,phi3:mini,34.0,4807,539.34,19.60,.048206,10.454883
1780267166,phi3:mini,34.0,4814,445.17,22.39,.058403,.803873
1780267167,phi3:mini,34.0,4812,521.61,19.47,.049845,17.817763
1780267185,phi3:mini,36.0,4817,471.65,18.62,.055125,29.523392
1780267214,phi3:mini,31.0,4815,450.59,19.63,.057701,11.356166
1780267226,phi3:mini,34.0,4817,545.78,19.06,.047638,18.623393
1780267245,phi3:mini,36.0,4817,521.32,19.51,.049872,13.837998
1780267259,phi3:mini,36.0,4811,519.78,19.35,.050020,14.673431
1780267273,phi3:mini,34.0,4806,512.71,18.51,.050710,23.546970
1780267297,phi3:mini,34.0,4802,496.52,19.31,.052364,14.654449
1780267312,phi3:mini,34.0,4812,519.14,19.20,.050082,16.972476
1780267329,phi3:mini,34.0,4811,523.00,19.11,.049713,19.358920
1780267349,phi3:mini,33.0,4810,542.26,19.56,.047947,12.318152
1780267361,phi3:mini,36.0,4812,464.73,18.83,.055945,20.754517
1780267382,phi3:mini,34.0,4810,503.09,20.52,.051679,2.144070
1780267384,phi3:mini,34.0,4814,505.51,19.45,.051432,12.385804
1780267397,phi3:mini,34.0,4818,477.05,18.53,.054500,23.418754
1780267421,phi3:mini,34.0,4816,509.11,19.22,.051069,15.653379
1780267436,phi3:mini,34.0,4820,533.88,19.07,.048699,20.449777
1780267457,phi3:mini,34.0,4813,478.82,18.86,.054299,19.085709
1780267476,phi3:mini,34.0,4820,492.36,19.62,.052806,12.280256
1780267489,phi3:mini,31.0,4816,529.35,19.19,.049116,15.679714
1780267505,phi3:mini,34.0,4809,518.13,18.23,.050180,29.006736
1780267534,phi3:mini,34.0,4812,471.89,19.18,.055096,17.199259
1780267551,phi3:mini,34.0,4816,491.66,19.21,.052881,18.583853
1780267570,phi3:mini,34.0,4810,506.56,20.93,.051326,.955387
1780267571,phi3:mini,33.0,4810,432.60,19.25,.060101,15.733651
1780267587,phi3:mini,32.0,4812,481.95,16.12,.053946,77.700765
1780267665,phi3:mini,33.0,4818,460.60,19.26,.056446,19.256474
1780267684,phi3:mini,34.0,4810,558.55,19.66,.046548,11.087516
1780267696,phi3:mini,34.0,4805,474.60,19.73,.054782,12.416044
1780267708,phi3:mini,31.0,4812,521.21,19.20,.049883,18.281105
1780267727,phi3:mini,34.0,4817,516.16,20.51,.050371,4.775984
1780267732,phi3:mini,36.0,4819,455.35,19.32,.057097,18.625768
1780267750,phi3:mini,34.0,4811,446.89,18.81,.058179,23.753549
1780267774,phi3:mini,34.0,4814,485.65,18.11,.053535,38.024594
1780267813,phi3:mini,34.0,4811,490.50,18.91,.053006,25.581398
1780267838,phi3:mini,34.0,4809,496.96,21.17,.052317,1.653266
1780267840,phi3:mini,34.0,4813,526.17,18.72,.049412,23.706921
1780267864,phi3:mini,34.0,4809,532.30,19.44,.048844,14.499739
1780267879,phi3:mini,34.0,4812,491.80,18.36,.052866,27.985612
1780267907,phi3:mini,36.0,4815,520.49,19.05,.049952,20.514483
1780267928,phi3:mini,34.0,4815,459.42,19.25,.056592,15.992114
1780267944,phi3:mini,36.0,4818,515.52,18.38,.050434,27.364389
1780267971,phi3:mini,33.0,4821,540.06,19.60,.048142,8.312542
1780267980,phi3:mini,34.0,4818,486.97,19.26,.053390,16.765809
1780267997,phi3:mini,34.0,4810,493.12,18.65,.052725,24.125629
1780268021,phi3:mini,33.0,4808,427.66,18.33,.060795,27.328295
1780268049,phi3:mini,33.0,4811,515.59,17.81,.050427,38.220575
1780268087,phi3:mini,34.0,4808,521.83,19.63,.049823,12.172244
1780268100,phi3:mini,34.0,4803,474.73,19.44,.054767,13.628576
1780268113,phi3:mini,34.0,4806,448.35,18.97,.057989,19.344188
1780268133,phi3:mini,34.0,4803,473.74,20.62,.054881,2.520657
1780268136,phi3:mini,36.0,4796,520.96,18.63,.049907,22.758412
1780268159,phi3:mini,34.0,4798,467.70,19.37,.055591,14.093693
1780268173,phi3:mini,34.0,4806,483.47,19.67,.053777,10.470859
1780268183,phi3:mini,36.0,4803,537.30,19.45,.048389,16.606058
1780268200,phi3:mini,36.0,4801,532.22,18.90,.048851,25.924852
1780268226,phi3:mini,34.0,4797,554.29,18.52,.046906,27.637645
1780268254,phi3:mini,34.0,4804,581.17,19.14,.044737,18.596629
1780268273,phi3:mini,37.0,4808,455.69,20.38,.057055,2.942720
1780268276,phi3:mini,36.0,4808,527.40,19.27,.049297,13.850580
1780268290,phi3:mini,34.0,4799,504.31,18.94,.051554,19.737704
1780268310,phi3:mini,36.0,4803,475.88,18.86,.054634,23.381466
1780268334,phi3:mini,34.0,4803,482.30,21.33,.053908,1.265760
1780268335,phi3:mini,34.0,4799,486.53,18.73,.053438,23.594084
1780268359,phi3:mini,34.0,4798,508.47,19.48,.051132,10.775379
1780268370,phi3:mini,34.0,4803,496.54,19.19,.052361,14.433750
1780268384,phi3:mini,36.0,4814,449.23,18.05,.057876,35.113281
1780268420,phi3:mini,34.0,4814,478.61,20.55,.054323,1.216043
1780268421,phi3:mini,34.0,4815,512.22,18.07,.050759,32.198655
1780268454,phi3:mini,34.0,4851,493.55,19.13,.052678,15.625533
1780268469,phi3:mini,30.0,4855,471.62,19.28,.055128,19.189799
1780268489,phi3:mini,34.0,4843,494.19,19.13,.052610,16.933251
1780268506,phi3:mini,34.0,4847,541.72,19.04,.047995,18.954445
1780268525,phi3:mini,34.0,4846,474.34,19.54,.054812,12.228373
1780268537,phi3:mini,37.0,4854,548.12,18.35,.047434,31.489604
1780268569,phi3:mini,36.0,4823,515.60,19.67,.050426,9.961610
1780268579,phi3:mini,34.0,4823,508.01,19.17,.051180,12.725079
1780268592,phi3:mini,34.0,4820,487.36,19.35,.053347,12.810435
1780268605,phi3:mini,34.0,4820,467.18,17.73,.055651,43.412421
1780268649,phi3:mini,34.0,4813,494.19,19.03,.052610,19.492613
1780268668,phi3:mini,34.0,4816,500.94,21.45,.051901,1.071848
1780268670,phi3:mini,36.0,4817,513.03,17.94,.050678,38.450115
1780268708,phi3:mini,34.0,4821,473.06,19.41,.054960,12.873566
1780268721,phi3:mini,34.0,4819,461.67,18.41,.056316,29.818183
1780268751,phi3:mini,33.0,4816,474.26,18.37,.054821,30.589300
1780268782,phi3:mini,34.0,4819,511.56,19.69,.050824,13.909454
1780268796,phi3:mini,37.0,4813,545.47,18.73,.047664,25.464455
1780268822,phi3:mini,34.0,4816,477.33,18.68,.054468,23.602143
1780268846,phi3:mini,36.0,4811,499.85,15.48,.052015,91.868869
1780268938,phi3:mini,33.0,4809,498.92,19.05,.052112,18.370254
1780268956,phi3:mini,30.0,4814,536.08,17.92,.048500,35.026982
1780268992,phi3:mini,33.0,4819,474.68,19.17,.054773,16.893075
1780269009,phi3:mini,34.0,4815,531.60,18.79,.048908,20.430010
1780269029,phi3:mini,34.0,4813,513.05,19.08,.050677,19.861214
1780269050,phi3:mini,34.0,4817,493.64,19.41,.052669,12.570362
1780269062,phi3:mini,34.0,4814,461.41,19.55,.056348,12.375904
1780269075,phi3:mini,34.0,4816,444.43,18.32,.058501,29.026321
1780269104,phi3:mini,34.0,4822,478.97,18.63,.054282,23.401688
1780269128,phi3:mini,36.0,4819,511.59,18.78,.050821,23.264543
1780269151,phi3:mini,34.0,4812,492.01,19.42,.052843,14.671624
1780269166,phi3:mini,34.0,4816,489.41,18.41,.053124,28.122245
1780269194,phi3:mini,31.0,4825,500.99,19.26,.051896,17.594145
1780269212,phi3:mini,36.0,4829,517.25,17.27,.050265,49.484369
1780269262,phi3:mini,34.0,4817,462.51,19.69,.056214,10.661474
1780269273,phi3:mini,34.0,4821,488.40,18.72,.053234,22.755903
1780269296,phi3:mini,34.0,4819,522.66,18.81,.049745,23.116413
1780269319,phi3:mini,34.0,4823,549.90,18.72,.047280,23.552184
1780269343,phi3:mini,34.0,4820,471.56,20.31,.055135,4.676373
1780269347,phi3:mini,36.0,4818,539.72,18.96,.048172,19.509875
1780269367,phi3:mini,34.0,4814,487.47,18.18,.053335,33.756004
1780269401,phi3:mini,34.0,4824,496.29,19.60,.052387,12.851701
1780269414,phi3:mini,34.0,4821,545.39,15.66,.047672,86.940090
1780269501,phi3:mini,34.0,4831,535.30,13.95,.048570,142.047592
1780269644,phi3:mini,33.0,4817,509.63,18.72,.051017,24.304557
1780269668,phi3:mini,34.0,4817,532.87,19.29,.048791,15.549430
1780269684,phi3:mini,34.0,4821,461.25,18.60,.056368,23.485483
1780269708,phi3:mini,34.0,4825,559.23,18.82,.046491,19.706078
1780269728,phi3:mini,34.0,4829,506.91,19.30,.051290,13.105575
1780269741,phi3:mini,34.0,4823,525.96,20.94,.049433,1.289028
1780269742,phi3:mini,34.0,4825,450.36,18.86,.057730,20.671121
1780269763,phi3:mini,34.0,4829,507.60,17.75,.051220,37.175332
1780269800,phi3:mini,34.0,4825,537.38,19.20,.048382,16.294645
1780269817,phi3:mini,34.0,4827,466.66,18.57,.055714,26.274541
1780269843,phi3:mini,34.0,4831,473.09,19.18,.054956,13.033919
1780269857,phi3:mini,34.0,4829,489.43,18.51,.053122,23.385177
1780269880,phi3:mini,34.0,4829,494.10,19.10,.052620,16.070835
1780269896,phi3:mini,34.0,4828,486.26,18.06,.053468,34.381692
1780269931,phi3:mini,36.0,4829,522.28,19.59,.049780,11.377776
1780269943,phi3:mini,34.0,4828,520.63,19.75,.049939,9.212687
1780269952,phi3:mini,34.0,4826,505.50,19.29,.051433,16.796086
1780269969,phi3:mini,34.0,4819,508.94,20.39,.051086,4.266395
1780269973,phi3:mini,34.0,4822,469.14,18.51,.055420,24.299922
1780269998,phi3:mini,34.0,4818,497.83,19.89,.052226,7.088330
1780270005,phi3:mini,34.0,4823,475.41,19.08,.054689,17.083606
1780270022,phi3:mini,36.0,4820,504.88,19.15,.051497,18.320619
1780270041,phi3:mini,34.0,4826,509.68,19.51,.051012,11.632439
1780270053,phi3:mini,36.0,4821,512.44,18.98,.050737,23.443475
1780270076,phi3:mini,34.0,4826,493.85,19.60,.052647,11.168362
1780270088,phi3:mini,36.0,4824,514.60,18.72,.050523,22.745857
1780270111,phi3:mini,34.0,4829,470.69,21.04,.055236,1.092730
1780270112,phi3:mini,34.0,4822,552.52,19.33,.047056,14.479441
1780270126,phi3:mini,33.0,4819,442.88,19.64,.058706,7.583546
1780270134,phi3:mini,34.0,4825,497.92,16.08,.052217,74.871973
1780270209,phi3:mini,34.0,4819,518.82,19.29,.050113,15.547648
1780270225,phi3:mini,34.0,4824,471.18,19.54,.055180,10.435185
1780270236,phi3:mini,36.0,4824,523.81,19.20,.049636,17.751234
1780270254,phi3:mini,31.0,4820,501.73,17.58,.051820,44.180082
1780270298,phi3:mini,34.0,4824,511.90,18.80,.050790,24.145388
1780270322,phi3:mini,34.0,4823,498.34,19.17,.052173,16.111162
1780270339,phi3:mini,31.0,4829,481.94,19.23,.053948,16.064140
1780270355,phi3:mini,34.0,4831,513.57,18.66,.050625,24.427745
1780270379,phi3:mini,34.0,4828,491.66,19.21,.052882,17.489650
1780270397,phi3:mini,31.0,4821,489.97,19.17,.053064,15.748940
1780270413,phi3:mini,31.0,4824,508.36,20.29,.051144,5.715957
1780270419,phi3:mini,34.0,4822,474.45,19.82,.054799,11.248630
1780270430,phi3:mini,34.0,4825,556.06,19.37,.046756,12.694518
1780270443,phi3:mini,36.0,4825,518.71,19.77,.050123,10.722977
1780270454,phi3:mini,36.0,4825,525.93,18.70,.049435,23.955639
1780270478,phi3:mini,34.0,4824,441.52,18.41,.058886,27.916629
1780270506,phi3:mini,36.0,4822,471.45,19.58,.055148,11.843655
1780270518,phi3:mini,34.0,4822,474.46,19.13,.054798,19.022081
1780270538,phi3:mini,36.0,4828,487.75,18.77,.053305,21.250031
1780270559,phi3:mini,34.0,4830,542.48,19.93,.047927,6.422128
1780270566,phi3:mini,33.0,4831,486.88,18.27,.053400,31.514481
1780270597,phi3:mini,34.0,4828,507.43,19.39,.051238,15.000897
1780270613,phi3:mini,34.0,4828,523.75,19.90,.049641,8.693371
1780270621,phi3:mini,34.0,4827,483.36,18.08,.053790,33.512564
1780270655,phi3:mini,34.0,4822,533.91,19.43,.048696,16.619576
1780270672,phi3:mini,33.0,4825,543.48,20.17,.047839,11.152307
1780270683,phi3:mini,36.0,4828,528.30,18.62,.049213,28.030640
1780270712,phi3:mini,34.0,4826,497.40,19.11,.052271,16.896087
1780270729,phi3:mini,34.0,4828,482.44,18.99,.053892,18.640937
1780270747,phi3:mini,34.0,4824,498.49,19.06,.052157,18.827749
1780270766,phi3:mini,37.0,4811,489.81,18.44,.053081,27.650079
1780270794,phi3:mini,34.0,4823,498.27,18.31,.052180,29.047964
1780270824,phi3:mini,34.0,4824,468.03,18.83,.055551,25.478575
1780270849,phi3:mini,36.0,4826,565.00,19.43,.046017,17.750797
1780270867,phi3:mini,36.0,4820,517.83,20.95,.050209,1.766017
1780270869,phi3:mini,36.0,4824,538.93,17.88,.048243,38.534186
1780270908,phi3:mini,34.0,4819,483.10,18.68,.053818,26.923659
1780270935,phi3:mini,36.0,4824,483.68,19.47,.053754,14.427224
1780270950,phi3:mini,33.0,4823,486.87,17.53,.053401,43.565673
1780270993,phi3:mini,34.0,4829,496.32,18.88,.052384,19.753442
1780271013,phi3:mini,34.0,4824,467.93,19.01,.055563,16.142798
1780271030,phi3:mini,34.0,4828,428.33,19.92,.060699,9.937470
1780271040,phi3:mini,36.0,4824,493.81,19.53,.052651,14.386054
1780271054,phi3:mini,36.0,4820,545.60,19.63,.047653,11.253706
1780271066,phi3:mini,36.0,4824,524.63,19.31,.049558,15.948592
1780271082,phi3:mini,36.0,4826,501.79,19.21,.051813,18.626597
1780271101,phi3:mini,34.0,4821,554.59,18.45,.046881,27.693749
1780271129,phi3:mini,36.0,4824,493.06,18.95,.052731,18.989309
1780271148,phi3:mini,34.0,4819,453.82,19.35,.057290,11.316063
1780271159,phi3:mini,34.0,4822,473.15,19.60,.054950,11.425819
1780271171,phi3:mini,36.0,4827,483.44,19.56,.053780,12.367800
1780271183,phi3:mini,34.0,4822,437.08,19.60,.059485,11.476585
1780271195,phi3:mini,34.0,4823,506.46,16.86,.051335,57.758340
1780271253,phi3:mini,34.0,4826,482.87,19.68,.053843,8.890537
1780271262,phi3:mini,36.0,4827,490.70,19.49,.052985,12.825824
1780271275,phi3:mini,36.0,4825,470.57,19.06,.055251,18.515970
1780271294,phi3:mini,33.0,4827,530.45,18.99,.049014,20.319652
1780271314,phi3:mini,31.0,4823,450.43,19.76,.057721,11.840097
1780271326,phi3:mini,37.0,4826,508.13,18.61,.051167,27.176310
1780271354,phi3:mini,34.0,4823,530.15,18.63,.049042,26.939715
1780271381,phi3:mini,34.0,4818,513.49,20.18,.050633,8.074957
1780271389,phi3:mini,36.0,4818,532.77,18.30,.048800,33.931919
1780271423,phi3:mini,34.0,4828,511.20,16.60,.050860,65.871733
1780271489,phi3:mini,34.0,4829,503.16,16.64,.051672,61.824152
1780271551,phi3:mini,34.0,4830,505.57,19.04,.051426,18.430034
1780271570,phi3:mini,34.0,4826,443.65,17.94,.058604,37.941058
1780271608,phi3:mini,34.0,4825,515.76,9.36,.050410,680.057911
1780272289,phi3:mini,32.0,4828,46.51,18.51,.558909,7.832783
1780272298,phi3:mini,30.0,4830,428.72,17.30,.060645,21.152045
1780272319,phi3:mini,32.0,4828,465.14,17.04,.055896,23.932445
1780272343,phi3:mini,31.0,4826,476.32,16.07,.054585,35.385935
1780272379,phi3:mini,34.0,4823,487.35,16.67,.053349,28.359311
1780272407,phi3:mini,30.0,4828,467.86,17.64,.055571,17.799063
1780272425,phi3:mini,34.0,4827,471.33,17.31,.055162,23.041409
1780272449,phi3:mini,34.0,4829,504.82,18.75,.051502,10.186595
1780272459,phi3:mini,34.0,4826,507.47,19.43,.051233,5.197758
1780272464,phi3:mini,31.0,4825,505.80,18.28,.051403,18.051510
1780272482,phi3:mini,34.0,4828,485.55,16.30,.053547,37.665278
1780272520,phi3:mini,34.0,4832,542.77,16.10,.047902,35.029723
1780272556,phi3:mini,34.0,4825,509.27,18.01,.051053,14.933958
1780272571,phi3:mini,34.0,4829,467.41,19.44,.055624,4.834904
1780272576,phi3:mini,34.0,4830,551.52,13.24,.047142,103.605165
1780272680,phi3:mini,33.0,4838,489.98,16.87,.053062,25.366212
1780272705,phi3:mini,33.0,4830,473.88,16.52,.054865,30.976041
1780272736,phi3:mini,33.0,4836,528.55,17.68,.049190,16.627165
1780272753,phi3:mini,34.0,4839,472.33,17.77,.055045,18.288405
1780272772,phi3:mini,30.0,4834,478.40,19.31,.054347,5.903380
1780272778,phi3:mini,33.0,4831,470.02,18.73,.055316,8.433213
1780272786,phi3:mini,33.0,4829,484.28,18.21,.053687,11.692313
1780272798,phi3:mini,33.0,4823,485.12,17.91,.053594,15.683956
1780272814,phi3:mini,34.0,4819,498.59,17.48,.052146,18.589367
1780272833,phi3:mini,33.0,4818,481.94,17.20,.053948,21.794897
1780272855,phi3:mini,33.0,4822,442.37,15.93,.058773,41.971597
1780272897,phi3:mini,34.0,4824,504.76,16.66,.051509,28.504657
1780272926,phi3:mini,34.0,4834,475.23,17.66,.054710,19.698639
1780272946,phi3:mini,33.0,4829,478.12,20.81,.054378,1.008677
1780272947,phi3:mini,33.0,4829,488.27,17.09,.053248,25.561200
1780272973,phi3:mini,34.0,4833,467.44,17.48,.055621,18.069887
1780272991,phi3:mini,34.0,4830,456.96,17.33,.056896,22.437073
1780273013,phi3:mini,33.0,4832,536.52,16.88,.048460,29.073925
1780273043,phi3:mini,33.0,4825,472.25,18.31,.055055,13.919406
1780273057,phi3:mini,34.0,4821,447.15,18.49,.058145,12.811775
1780273070,phi3:mini,36.0,4821,490.53,17.14,.053003,22.335243
1780273092,phi3:mini,34.0,4826,502.32,17.33,.051759,19.838810
1780273112,phi3:mini,34.0,4829,437.07,16.73,.059485,26.773025
1780273139,phi3:mini,34.0,4830,468.16,18.57,.055536,14.531930
1780273154,phi3:mini,34.0,4829,436.03,16.67,.059628,32.269980
1780273187,phi3:mini,34.0,4827,494.96,17.35,.052529,21.027478
1780273208,phi3:mini,33.0,4826,508.02,18.12,.051178,12.799577
1780273221,phi3:mini,34.0,4829,473.22,18.10,.054942,13.865015
1780273235,phi3:mini,34.0,4823,484.60,19.81,.053651,1.665600
1780273237,phi3:mini,34.0,4823,503.76,17.90,.051611,14.022174
1780273251,phi3:mini,34.0,4817,514.18,18.57,.050565,10.014264
1780273261,phi3:mini,34.0,4823,494.85,17.51,.052540,18.379293
1780273280,phi3:mini,30.0,4815,493.53,17.32,.052680,20.373856
1780273300,phi3:mini,34.0,4820,519.27,17.46,.050069,19.006255
1780273319,phi3:mini,34.0,4820,449.25,18.48,.057874,9.522468
1780273329,phi3:mini,34.0,4823,539.70,17.88,.048174,15.933560
1780273345,phi3:mini,34.0,4820,482.26,16.45,.053912,33.065200
1780273378,phi3:mini,33.0,4820,495.16,17.27,.052507,19.793979
1780273398,phi3:mini,36.0,4818,469.77,18.67,.055346,9.424953
1780273408,phi3:mini,34.0,4818,453.90,18.33,.057280,13.580119
1780273422,phi3:mini,36.0,4829,483.48,17.99,.053776,13.282051
1780273435,phi3:mini,34.0,4823,450.36,18.46,.057731,10.614850
1780273446,phi3:mini,36.0,4823,523.54,18.88,.049661,4.977672
1780273451,phi3:mini,34.0,4821,484.77,20.02,.053633,2.646608
1780273454,phi3:mini,36.0,4820,552.58,17.73,.047051,16.348456
1780273470,phi3:mini,34.0,4821,479.88,17.64,.054180,17.509324
1780273488,phi3:mini,34.0,4824,451.34,18.07,.057605,14.605619
1780273503,phi3:mini,34.0,4821,475.41,17.13,.054689,26.558487
1780273530,phi3:mini,34.0,4808,484.40,18.61,.053674,7.411443
1780273537,phi3:mini,33.0,4817,475.27,18.20,.054705,12.852692
1780273550,phi3:mini,33.0,4825,476.51,16.82,.054562,26.567410
1780273577,phi3:mini,33.0,4826,447.88,20.53,.058050,1.022430
1780273578,phi3:mini,36.0,4827,535.84,17.91,.048521,14.958332
1780273593,phi3:mini,34.0,4826,480.44,17.17,.054116,23.930943
1780273618,phi3:mini,34.0,4830,508.98,18.32,.051081,12.771911
1780273630,phi3:mini,34.0,4829,486.58,18.47,.053433,10.338372
1780273641,phi3:mini,33.0,4833,446.74,17.99,.058198,13.225552
1780273654,phi3:mini,33.0,4832,546.82,17.16,.047546,22.722308
1780273677,phi3:mini,34.0,4830,534.26,17.40,.048664,18.735368
1780273696,phi3:mini,34.0,4827,465.54,15.81,.055847,40.587740
1780273737,phi3:mini,32.0,4831,521.21,18.37,.049883,11.863684
1780273749,phi3:mini,33.0,4834,557.53,18.93,.046633,5.333727
1780273755,phi3:mini,33.0,4830,482.64,17.86,.053870,16.004671
1780273771,phi3:mini,34.0,4822,495.87,19.56,.052433,2.708282
1780273774,phi3:mini,34.0,4824,537.47,17.49,.048374,24.298960
1780273798,phi3:mini,34.0,4830,540.44,18.78,.048108,10.169130
1780273808,phi3:mini,36.0,4830,498.07,18.08,.052200,13.048609
1780273822,phi3:mini,34.0,4822,477.45,17.41,.054455,21.297813
1780273843,phi3:mini,34.0,4822,532.05,17.61,.048867,18.283230
1780273862,phi3:mini,34.0,4826,477.71,17.70,.054426,18.297655
1780273880,phi3:mini,33.0,4830,480.82,16.06,.054073,40.014826
1780273920,phi3:mini,33.0,4829,453.96,19.52,.057273,3.072432
1780273924,phi3:mini,33.0,4825,524.40,17.84,.049580,15.578523
1780273939,phi3:mini,33.0,4829,516.42,17.21,.050345,21.321312
1780273961,phi3:mini,34.0,4825,464.57,16.99,.055964,22.719140
1780273984,phi3:mini,30.0,4823,473.65,18.46,.054892,7.583483
1780273991,phi3:mini,33.0,4818,544.41,19.98,.047757,3.001974
1780273995,phi3:mini,33.0,4820,508.55,17.46,.051125,19.355327
1780274014,phi3:mini,34.0,4818,506.06,17.72,.051376,17.376139
1780274032,phi3:mini,34.0,4814,469.76,17.00,.055346,24.222123
1780274056,phi3:mini,36.0,4820,474.42,17.23,.054803,26.290548
1780274083,phi3:mini,34.0,4822,566.53,16.91,.045892,26.547666
1780274109,phi3:mini,33.0,4818,492.37,16.89,.052805,25.863430
1780274135,phi3:mini,32.0,4826,525.31,17.64,.049494,17.057501
1780274153,phi3:mini,34.0,4828,492.43,17.65,.052798,18.412887
1780274171,phi3:mini,31.0,4823,470.29,16.40,.055284,31.947410
1780274203,phi3:mini,34.0,4828,461.51,20.80,.056336,1.009244
1780274205,phi3:mini,34.0,4830,517.78,15.99,.050214,39.877533
1780274245,phi3:mini,33.0,4829,460.10,16.89,.056509,26.107591
1780274271,phi3:mini,33.0,4824,467.24,17.86,.055644,15.223846
1780274286,phi3:mini,34.0,4822,464.13,17.99,.056018,12.673074
1780274299,phi3:mini,34.0,4824,505.86,17.39,.051397,18.794234
1780274318,phi3:mini,33.0,4824,561.14,18.49,.046334,12.811148
1780274331,phi3:mini,33.0,4822,533.41,18.90,.048742,7.300438
1780274339,phi3:mini,34.0,4827,494.04,19.63,.052626,7.129792
1780274346,phi3:mini,34.0,4828,547.97,18.84,.047447,10.134472
1780274356,phi3:mini,33.0,4819,536.52,16.43,.048459,35.098364
1780274392,phi3:mini,34.0,4823,465.25,17.53,.055883,20.932408
1780274413,phi3:mini,30.0,4822,557.99,17.20,.046595,25.105528
1780274438,phi3:mini,33.0,4824,489.44,19.46,.053121,5.187945
1780274443,phi3:mini,34.0,4826,506.49,17.42,.051333,18.704102
1780274462,phi3:mini,34.0,4825,489.27,18.79,.053140,11.650653
1780274474,phi3:mini,34.0,4827,541.90,16.96,.047978,29.881425
1780274504,phi3:mini,34.0,4814,474.04,17.82,.054847,18.568567
1780274523,phi3:mini,34.0,4826,443.75,17.26,.058591,21.610570
1780274545,phi3:mini,34.0,4827,464.84,17.95,.055932,16.155278
1780274561,phi3:mini,34.0,4831,480.29,17.72,.054132,18.167707
1780274579,phi3:mini,34.0,4832,509.24,18.23,.051055,11.952257
1780274591,phi3:mini,34.0,4833,489.45,17.80,.053119,16.119531
1780274608,phi3:mini,33.0,4833,478.04,17.47,.054387,18.427819
1780274626,phi3:mini,34.0,4826,486.05,16.66,.053492,29.470827
1780274656,phi3:mini,34.0,4828,481.79,20.32,.053964,1.869463
1780274658,phi3:mini,34.0,4828,481.95,16.88,.053946,28.188741
1780274686,phi3:mini,34.0,4823,460.98,19.09,.056400,5.498112
1780274692,phi3:mini,34.0,4820,516.43,17.52,.050345,18.542001
1780274711,phi3:mini,31.0,4819,496.87,19.11,.052327,5.912467
1780274717,phi3:mini,34.0,4821,463.28,16.38,.056121,37.832569
1780274755,phi3:mini,33.0,4829,501.01,17.97,.051894,16.741503
1780274772,phi3:mini,33.0,4825,468.05,18.33,.055549,14.073912
1780274786,phi3:mini,36.0,4826,456.67,20.11,.056933,2.386812
1780274789,phi3:mini,34.0,4826,431.86,19.67,.060204,4.168179
1780274793,phi3:mini,34.0,4829,445.72,16.68,.058331,29.845593
1780274823,phi3:mini,33.0,4832,448.00,18.29,.058034,11.530265
1780274835,phi3:mini,33.0,4828,515.02,17.31,.050483,20.613193
1780274856,phi3:mini,34.0,4831,455.17,19.54,.057121,2.968150
1780274859,phi3:mini,34.0,4825,514.94,20.81,.050491,1.008671
1780274860,phi3:mini,33.0,4824,516.11,17.73,.050375,16.066790
1780274876,phi3:mini,33.0,4831,458.39,16.86,.056719,26.200647
1780274903,phi3:mini,34.0,4827,490.25,17.79,.053033,15.906681
1780274919,phi3:mini,33.0,4821,504.60,18.58,.051525,13.611414
1780274932,phi3:mini,33.0,4819,463.82,16.71,.056055,31.408116
1780274964,phi3:mini,33.0,4825,491.52,17.14,.052896,22.627536
1780274987,phi3:mini,32.0,4824,497.70,18.09,.052239,14.365610
1780275001,phi3:mini,34.0,4826,502.39,17.01,.051752,27.741180
1780275029,phi3:mini,33.0,4828,512.87,16.69,.050694,31.446762
1780275061,phi3:mini,34.0,4828,521.76,17.94,.049831,17.828241
1780275079,phi3:mini,33.0,4828,465.98,16.05,.055795,38.055267
1780275117,phi3:mini,34.0,4825,467.84,16.67,.055574,29.326276
1780275147,phi3:mini,33.0,4831,461.12,19.27,.056383,5.552101
1780275153,phi3:mini,34.0,4822,474.46,16.95,.054798,25.540356
1780275178,phi3:mini,34.0,4822,475.16,16.57,.054718,33.294889
1780275212,phi3:mini,34.0,4828,490.29,18.05,.053029,14.675615
1780275227,phi3:mini,36.0,4832,493.35,18.60,.052700,9.511062
1780275236,phi3:mini,34.0,4831,565.09,16.64,.046010,30.098524
1780275267,phi3:mini,34.0,4828,480.16,17.07,.054148,22.905425
1780275290,phi3:mini,30.0,4826,489.19,18.71,.053148,7.535830
1780275298,phi3:mini,31.0,4828,491.72,18.53,.052875,10.305047
1780275308,phi3:mini,34.0,4832,467.12,17.59,.055659,17.165592
1780275325,phi3:mini,34.0,4828,511.88,17.18,.050793,22.979870
1780275349,phi3:mini,32.0,4827,480.44,18.43,.054116,10.254532
1780275359,phi3:mini,34.0,4825,433.31,18.63,.060001,10.518912
1780275370,phi3:mini,33.0,4824,525.53,18.19,.049473,12.913593
1780275383,phi3:mini,33.0,4826,487.08,18.26,.053378,15.551623
1780275399,phi3:mini,34.0,4831,483.05,16.25,.053823,36.654987
1780275435,phi3:mini,33.0,4828,474.21,17.94,.054827,13.263849
1780275449,phi3:mini,32.0,4830,486.68,18.25,.053422,12.602270
1780275462,phi3:mini,34.0,4821,495.08,17.38,.052515,21.223417
1780275483,phi3:mini,33.0,4816,523.79,18.80,.049637,7.283720
1780275490,phi3:mini,33.0,4818,477.37,17.41,.054464,19.061406
1780275510,phi3:mini,33.0,4824,434.26,18.68,.059870,8.026282
1780275518,phi3:mini,33.0,4827,506.38,18.65,.051344,10.240412
1780275528,phi3:mini,34.0,4827,481.32,18.74,.054017,11.575176
1780275540,phi3:mini,36.0,4824,473.50,18.01,.054909,16.093716
1780275556,phi3:mini,34.0,4818,515.43,21.24,.050442,.941334
1780275557,phi3:mini,34.0,4813,492.76,17.15,.052763,25.061293
1780275583,phi3:mini,33.0,4818,510.15,18.12,.050964,13.133082
1780275596,phi3:mini,34.0,4817,525.62,17.40,.049464,20.110356
1780275616,phi3:mini,33.0,4868,474.28,17.12,.054819,22.713409
1780275639,phi3:mini,34.0,4852,484.59,17.09,.053653,25.209852
1780275665,phi3:mini,34.0,4848,561.78,19.74,.046281,5.115719
1780275670,phi3:mini,34.0,4850,523.50,18.07,.049665,17.321107
1780275687,phi3:mini,34.0,4826,526.77,17.29,.049357,24.691768
1780275712,phi3:mini,34.0,4827,502.89,16.83,.051700,26.791382
1780275739,phi3:mini,33.0,4825,484.88,18.82,.053620,7.276943
1780275747,phi3:mini,36.0,4822,517.25,17.67,.050265,17.481502
1780275764,phi3:mini,33.0,4822,541.58,17.27,.048006,21.126072
1780275786,phi3:mini,33.0,4820,488.76,19.49,.053195,4.410365
1780275790,phi3:mini,36.0,4821,510.69,21.28,.050911,.845663
1780275791,phi3:mini,34.0,4822,533.23,16.84,.048758,27.253922
1780275819,phi3:mini,34.0,4819,441.01,18.79,.058954,7.501555
1780275826,phi3:mini,33.0,4820,566.87,16.20,.045865,38.377762
1780275865,phi3:mini,34.0,4828,428.72,16.90,.060644,26.198257
1780275891,phi3:mini,33.0,4818,456.70,17.80,.056929,14.100334
1780275906,phi3:mini,33.0,4819,494.25,18.36,.052604,12.417484
1780275918,phi3:mini,33.0,4827,450.56,16.85,.057705,25.154571
1780275944,phi3:mini,34.0,4829,481.39,15.41,.054009,49.881388
1780275994,phi3:mini,33.0,4818,510.30,17.99,.050949,13.949189
1780276008,phi3:mini,34.0,4818,464.78,19.42,.055939,3.500237
1780276012,phi3:mini,30.0,4815,458.25,18.19,.056737,11.706745
1780276023,phi3:mini,34.0,4822,525.19,17.14,.049504,23.739011
1780276047,phi3:mini,34.0,4825,491.63,16.74,.052885,26.219753
1780276074,phi3:mini,33.0,4819,517.30,17.62,.050260,19.800871
1780276094,phi3:mini,34.0,4823,456.43,17.84,.056962,16.927537
1780276111,phi3:mini,34.0,4825,458.03,16.52,.056764,30.252492
1780276141,phi3:mini,33.0,4831,514.34,16.36,.050549,34.517193
1780276176,phi3:mini,34.0,4830,533.88,17.62,.048699,18.661903
1780276195,phi3:mini,34.0,4824,478.03,19.53,.054389,4.401610
1780276200,phi3:mini,36.0,4826,478.46,15.23,.054340,51.384504
1780276251,phi3:mini,33.0,4834,526.20,16.14,.049410,39.776044
1780276291,phi3:mini,33.0,4830,535.31,16.92,.048569,23.223530
1780276315,phi3:mini,34.0,4827,490.12,17.34,.053047,21.160162
1780276336,phi3:mini,33.0,4831,509.11,18.15,.051068,15.973202
1780276352,phi3:mini,34.0,4829,496.12,18.04,.052406,16.625348
1780276369,phi3:mini,33.0,4829,544.78,15.15,.047724,56.091513
1780276425,phi3:mini,32.0,4829,465.54,19.98,.055848,3.002468
1780276428,phi3:mini,33.0,4833,521.12,17.70,.049892,16.998930
1780276446,phi3:mini,34.0,4826,464.86,17.85,.055930,16.019176
1780276462,phi3:mini,33.0,4834,534.07,16.43,.048682,31.343290
1780276493,phi3:mini,32.0,4829,528.14,17.80,.049228,14.156833
1780276508,phi3:mini,33.0,4833,480.63,17.29,.054095,21.222879
1780276529,phi3:mini,33.0,4830,466.04,16.94,.055788,25.084523
1780276554,phi3:mini,34.0,4831,503.50,19.66,.051637,1.983593
1780276557,phi3:mini,34.0,4827,535.27,18.22,.048572,14.324430
1780276571,phi3:mini,33.0,4832,476.02,16.98,.054619,25.198690
1780276596,phi3:mini,33.0,4824,490.48,16.23,.053008,37.626726
1780276634,phi3:mini,33.0,4827,482.60,18.07,.053874,17.098661
1780276652,phi3:mini,33.0,4829,485.33,17.33,.053571,25.097190
1780276677,phi3:mini,34.0,4833,538.33,17.74,.048297,18.368025
1780276695,phi3:mini,33.0,4833,528.28,18.05,.049216,14.180078
1780276710,phi3:mini,33.0,4824,487.95,17.89,.053283,17.603930
1780276728,phi3:mini,33.0,4823,470.14,18.88,.055301,7.837330
1780276736,phi3:mini,33.0,4825,491.38,18.69,.052911,10.215643
1780276746,phi3:mini,33.0,4828,555.55,13.33,.046799,101.739676
1780276848,phi3:mini,32.0,4834,488.34,19.74,.053241,4.962436
1780276853,phi3:mini,32.0,4832,468.91,18.88,.055447,7.306463
1780276861,phi3:mini,33.0,4827,514.27,17.95,.050556,15.761682
1780276876,phi3:mini,32.0,4820,499.09,18.22,.052093,11.960809
1780276889,phi3:mini,33.0,4824,501.49,20.14,.051844,1.638255
1780276890,phi3:mini,34.0,4826,507.65,17.44,.051215,20.407245
1780276911,phi3:mini,30.0,4826,516.68,17.98,.050320,14.015070
1780276925,phi3:mini,33.0,4830,488.57,19.11,.053216,5.965403
1780276931,phi3:mini,33.0,4831,437.54,18.97,.059422,4.320844
1780276936,phi3:mini,34.0,4831,448.22,18.77,.058006,5.380265
1780276941,phi3:mini,33.0,4829,470.19,18.15,.055296,13.106930
1780276955,phi3:mini,33.0,4833,523.17,18.47,.049696,10.394772
1780276965,phi3:mini,34.0,4825,516.92,17.61,.050297,17.540703
1780276983,phi3:mini,33.0,4825,508.36,16.77,.051144,25.626031
1780277009,phi3:mini,33.0,4830,486.49,17.86,.053443,15.952329
1780277025,phi3:mini,32.0,4832,496.79,17.26,.052334,22.246321
1780277047,phi3:mini,33.0,4834,535.44,17.08,.048557,25.814059
1780277073,phi3:mini,33.0,4831,494.47,19.59,.052581,3.469450
1780277077,phi3:mini,33.0,4833,511.82,16.06,.050798,39.708533
1780277117,phi3:mini,33.0,4831,498.33,20.87,.052173,1.197343
1780277118,phi3:mini,33.0,4833,455.40,18.13,.057092,11.025501
1780277130,phi3:mini,34.0,4831,468.12,17.88,.055541,14.814888
1780277145,phi3:mini,33.0,4832,499.08,16.09,.052095,37.392855
1780277182,phi3:mini,31.0,4831,516.18,17.10,.050369,25.369346
1780277208,phi3:mini,33.0,4832,496.50,16.95,.052366,29.839465
1780277238,phi3:mini,34.0,4827,551.09,17.27,.047178,21.016602
1780277259,phi3:mini,34.0,4830,489.38,17.69,.053128,15.884109
1780277275,phi3:mini,30.0,4829,419.80,17.29,.061934,23.017885
1780277298,phi3:mini,34.0,4829,480.81,17.75,.054074,23.321708
1780277322,phi3:mini,34.0,4834,482.42,12.01,.053894,166.517806
1780277489,phi3:mini,31.0,4824,463.35,17.96,.056112,14.974746
1780277504,phi3:mini,32.0,4822,527.71,17.62,.049269,18.438379
1780277522,phi3:mini,33.0,4830,448.51,16.33,.057969,31.099118
1780277554,phi3:mini,33.0,4832,476.05,16.84,.054615,25.233463
1780277579,phi3:mini,34.0,4837,525.66,17.10,.049461,21.918646
1780277601,phi3:mini,31.0,4836,538.99,18.92,.048237,7.397778
1780277609,phi3:mini,34.0,4829,502.77,17.33,.051712,20.013547
1780277629,phi3:mini,34.0,4823,444.20,19.02,.058532,4.939591
1780277634,phi3:mini,34.0,4825,440.50,16.53,.059022,27.696620
1780277662,phi3:mini,33.0,4826,542.06,16.16,.047964,35.261191
1780277698,phi3:mini,34.0,4823,522.64,15.84,.049747,41.580483
1780277739,phi3:mini,33.0,4831,525.11,18.67,.049512,10.174894
1780277750,phi3:mini,34.0,4826,487.11,17.08,.053375,24.527521
1780277774,phi3:mini,34.0,4830,481.25,17.73,.054024,19.899402
1780277795,phi3:mini,34.0,4832,460.42,18.29,.056469,11.913311
1780277807,phi3:mini,33.0,4836,450.40,16.26,.057726,37.744050
1780277845,phi3:mini,33.0,4831,456.29,17.91,.056980,13.846823
1780277859,phi3:mini,34.0,4825,471.78,17.60,.055109,18.461781
1780277877,phi3:mini,32.0,4827,479.24,18.39,.054252,13.643103
1780277891,phi3:mini,33.0,4829,475.95,18.26,.054626,13.137172
1780277904,phi3:mini,33.0,4833,496.61,17.09,.052354,21.881028
1780277927,phi3:mini,34.0,4824,488.79,17.01,.053192,22.280545
1780277949,phi3:mini,34.0,4825,537.23,17.92,.048396,13.721402
1780277963,phi3:mini,33.0,4818,468.45,15.49,.055502,44.912192
1780278008,phi3:mini,33.0,4827,489.09,16.76,.053159,25.463778
1780278034,phi3:mini,33.0,4826,478.04,19.00,.054387,6.261055
1780278040,phi3:mini,36.0,4828,485.67,17.35,.053533,21.609381
1780278062,phi3:mini,34.0,4826,494.37,17.34,.052591,20.581992
1780278083,phi3:mini,30.0,4826,468.83,18.23,.055456,12.500423
1780278095,phi3:mini,34.0,4833,453.74,17.33,.057301,18.743858
1780278114,phi3:mini,33.0,4825,457.69,19.51,.056805,3.126268
1780278118,phi3:mini,33.0,4827,499.16,20.45,.052086,1.368676
1780278119,phi3:mini,34.0,4826,501.92,20.54,.051800,1.752008
1780278121,phi3:mini,34.0,4826,531.34,18.03,.048932,13.137915
1780278134,phi3:mini,34.0,4823,472.25,18.28,.055054,11.920150
1780278147,phi3:mini,34.0,4825,471.58,15.45,.055132,49.253256
1780278196,phi3:mini,33.0,4829,485.02,17.71,.053605,18.456397
1780278215,phi3:mini,33.0,4825,509.92,16.41,.050987,30.635620
1780278246,phi3:mini,33.0,4829,455.22,18.47,.057115,12.775116
1780278258,phi3:mini,34.0,4824,451.37,19.41,.057601,5.202425
1780278264,phi3:mini,34.0,4827,460.22,17.63,.056494,19.390135
1780278283,phi3:mini,33.0,4826,479.61,19.13,.054209,5.643477
1780278289,phi3:mini,33.0,4825,492.90,17.85,.052748,13.775342
1780278303,phi3:mini,34.0,4828,464.87,18.28,.055928,13.237436
1780278317,phi3:mini,34.0,4829,536.07,17.93,.048500,13.102744
1780278330,phi3:mini,34.0,4819,492.47,18.51,.052794,11.396586
1780278341,phi3:mini,36.0,4815,511.75,18.33,.050805,15.543673
1780278357,phi3:mini,34.0,4828,452.00,19.20,.057521,7.291129
1780278365,phi3:mini,34.0,4818,486.89,17.62,.053399,18.436731
1780278383,phi3:mini,34.0,4823,476.59,17.69,.054553,19.442960
1780278403,phi3:mini,34.0,4824,512.16,18.92,.050764,9.193585
1780278412,phi3:mini,34.0,4815,464.06,17.54,.056026,20.117971
1780278433,phi3:mini,34.0,4816,490.70,17.96,.052984,13.140057
1780278446,phi3:mini,34.0,4819,488.12,20.09,.053264,.895856
1780278447,phi3:mini,33.0,4820,508.82,16.12,.051098,40.615475
1780278488,phi3:mini,33.0,4821,458.79,17.65,.056670,18.521001
1780278507,phi3:mini,34.0,4819,490.62,19.15,.052993,4.280066
1780278511,phi3:mini,34.0,4821,580.70,16.56,.044772,30.302670
1780278541,phi3:mini,33.0,4823,483.31,17.31,.053795,21.306541
1780278563,phi3:mini,34.0,4825,470.72,19.48,.055234,5.184215
1780278568,phi3:mini,33.0,4825,486.13,17.89,.053482,15.251722
1780278584,phi3:mini,34.0,4827,491.18,18.87,.052933,5.296715
1780278589,phi3:mini,36.0,4826,536.24,17.30,.048485,20.687324
1780278610,phi3:mini,33.0,4830,466.61,16.02,.055720,38.507556
1780278649,phi3:mini,33.0,4826,514.78,16.30,.050506,35.879200
1780278685,phi3:mini,33.0,4821,490.76,18.57,.052978,9.906067
1780278695,phi3:mini,31.0,4824,516.81,17.09,.050307,21.882232
1780278717,phi3:mini,34.0,4832,539.27,16.47,.048213,30.589559
1780278748,phi3:mini,31.0,4828,491.27,18.16,.052923,11.668512
1780278760,phi3:mini,33.0,4822,495.25,20.17,.052498,2.329089
1780278762,phi3:mini,34.0,4821,532.70,18.17,.048807,14.246834
1780278777,phi3:mini,34.0,4824,485.96,18.46,.053502,11.099216
1780278788,phi3:mini,31.0,4827,457.85,18.06,.056786,13.005911
1780278801,phi3:mini,33.0,4824,489.56,17.55,.053107,19.711845
1780278821,phi3:mini,34.0,4824,485.24,16.18,.053581,33.982492
1780278855,phi3:mini,33.0,4825,533.98,19.00,.048690,5.787517
1780278861,phi3:mini,33.0,4823,510.90,17.24,.050890,20.870283
1780278882,phi3:mini,33.0,4828,468.31,17.59,.055518,18.697390
1780278901,phi3:mini,33.0,4823,528.64,17.82,.049182,16.153290
1780278917,phi3:mini,34.0,4827,480.62,19.37,.054096,3.457556
1780278921,phi3:mini,34.0,4826,467.27,18.55,.055641,13.258268
1780278934,phi3:mini,33.0,4823,469.92,17.98,.055328,16.125615
1780278951,phi3:mini,33.0,4826,528.44,18.27,.049200,13.022169
1780278964,phi3:mini,33.0,4822,487.88,18.79,.053291,9.258184
1780278973,phi3:mini,34.0,4826,513.80,16.86,.050603,29.170046
1780279003,phi3:mini,34.0,4823,476.02,17.97,.054619,16.129141
1780279019,phi3:mini,33.0,4824,496.02,17.76,.052416,18.013397
1780279037,phi3:mini,34.0,4823,443.83,16.44,.058580,34.300191
1780279072,phi3:mini,33.0,4821,524.50,17.90,.049570,16.194434
1780279088,phi3:mini,31.0,4824,494.73,18.15,.052552,13.880054
1780279102,phi3:mini,34.0,4823,504.04,17.57,.051582,18.601655
1780279121,phi3:mini,33.0,4828,482.23,17.25,.053915,21.382157
1780279143,phi3:mini,34.0,4830,494.70,17.79,.052556,15.960637
1780279159,phi3:mini,34.0,4830,467.12,18.11,.055659,17.992494
1780279177,phi3:mini,33.0,4822,472.76,19.07,.054995,7.758111
1780279185,phi3:mini,34.0,4827,460.49,16.43,.056460,37.532106
1780279222,phi3:mini,33.0,4825,568.00,18.14,.045774,15.483319
1780279238,phi3:mini,34.0,4825,437.46,16.89,.059433,25.631082
1780279264,phi3:mini,33.0,4825,507.17,19.21,.051264,4.215643
1780279268,phi3:mini,34.0,4821,489.35,18.11,.053131,14.791424
1780279283,phi3:mini,34.0,4823,466.75,18.51,.055704,11.775220
1780279295,phi3:mini,34.0,4826,496.74,17.82,.052340,16.266866
1780279312,phi3:mini,30.0,4826,459.43,16.85,.056590,25.693472
1780279338,phi3:mini,30.0,4825,563.17,20.99,.046166,.857222
1780279339,phi3:mini,34.0,4826,446.81,17.62,.058189,18.665919
1780279358,phi3:mini,34.0,4828,468.80,18.46,.055460,11.803606
1780279370,phi3:mini,34.0,4828,465.50,17.00,.055853,24.402995
1780279394,phi3:mini,34.0,4829,437.68,16.86,.059403,24.904981
1780279419,phi3:mini,33.0,4828,419.10,19.45,.062036,4.419840
1780279424,phi3:mini,33.0,4829,528.82,17.68,.049165,15.998312
1780279440,phi3:mini,30.0,4828,443.35,19.90,.058644,2.210438
1780279442,phi3:mini,34.0,4829,467.54,19.10,.055609,3.088540
1780279446,phi3:mini,34.0,4824,501.59,17.76,.051834,18.007991
1780279464,phi3:mini,34.0,4830,482.87,15.53,.053843,46.206482
1780279510,phi3:mini,32.0,4824,549.71,17.24,.047297,20.754258
1780279531,phi3:mini,34.0,4831,457.81,17.03,.056791,25.003832
1780279556,phi3:mini,33.0,4826,525.48,17.00,.049478,24.288665
1780279581,phi3:mini,33.0,4831,448.47,17.47,.057973,16.191956
1780279597,phi3:mini,33.0,4828,509.26,16.23,.051053,37.393968
1780279635,phi3:mini,33.0,4828,484.02,15.86,.053716,41.154177
1780279676,phi3:mini,32.0,4832,469.63,16.43,.055362,30.544080
1780279707,phi3:mini,33.0,4834,466.63,19.36,.055718,3.408350
1780279711,phi3:mini,33.0,4835,474.90,17.12,.054747,23.185908
1780279734,phi3:mini,30.0,4828,483.95,20.65,.053723,1.500955
1780279736,phi3:mini,34.0,4825,501.26,16.85,.051869,23.613533
1780279759,phi3:mini,30.0,4826,525.54,17.44,.049472,17.885162
1780279777,phi3:mini,32.0,4828,473.44,16.34,.054916,34.750808
1780279812,phi3:mini,34.0,4825,514.03,18.02,.050580,15.923829
1780279829,phi3:mini,34.0,4831,496.84,17.02,.052330,24.966562
1780279854,phi3:mini,33.0,4826,490.86,17.48,.052968,17.958645
1780279872,phi3:mini,33.0,4826,517.11,16.31,.050279,33.046618
1780279905,phi3:mini,32.0,4822,507.08,20.13,.051273,1.092736
1780279906,phi3:mini,34.0,4816,545.32,17.74,.047678,16.681130
1780279923,phi3:mini,30.0,4817,545.73,16.23,.047642,37.197979
1780279961,phi3:mini,30.0,4822,464.57,18.35,.055965,12.914752
1780279974,phi3:mini,33.0,4828,458.51,17.26,.056705,18.826867
1780279993,phi3:mini,32.0,4827,515.42,17.27,.050444,21.416962
1780280014,phi3:mini,33.0,4824,523.25,18.71,.049688,9.669870
1780280024,phi3:mini,33.0,4813,478.77,18.75,.054305,9.011853
1780280033,phi3:mini,32.0,4816,481.32,17.07,.054017,25.951030
1780280060,phi3:mini,33.0,4817,491.30,15.94,.052919,38.886866
1780280099,phi3:mini,32.0,4830,539.50,16.30,.048192,35.807724
1780280135,phi3:mini,33.0,4822,441.32,17.97,.058913,13.293116
1780280148,phi3:mini,33.0,4827,427.32,19.49,.060844,4.461961
1780280153,phi3:mini,34.0,4824,525.52,18.60,.049474,12.574815
1780280166,phi3:mini,33.0,4824,506.14,19.87,.051369,5.081827
1780280171,phi3:mini,33.0,4823,473.41,17.65,.054920,18.011596
1780280189,phi3:mini,30.0,4828,496.71,18.22,.052343,13.664215
1780280203,phi3:mini,33.0,4828,496.03,17.66,.052415,18.114858
1780280221,phi3:mini,33.0,4823,551.40,19.79,.047152,3.435065
1780280225,phi3:mini,34.0,4823,517.62,18.02,.050229,15.812325
1780280241,phi3:mini,34.0,4822,424.52,18.01,.061244,16.268626
1780280257,phi3:mini,30.0,4822,500.43,17.61,.051954,17.374621
1780280275,phi3:mini,32.0,4827,539.15,17.37,.048224,21.069750
1780280296,phi3:mini,33.0,4827,483.22,18.09,.053805,14.039470
1780280310,phi3:mini,34.0,4826,465.65,17.39,.055835,19.719292
1780280330,phi3:mini,33.0,4834,520.26,18.34,.049974,11.881589
1780280342,phi3:mini,33.0,4832,499.66,19.28,.052034,3.525414
1780280346,phi3:mini,33.0,4828,488.42,18.03,.053232,13.254904
1780280359,phi3:mini,34.0,4828,419.08,16.45,.062039,31.956266
1780280391,phi3:mini,33.0,4829,461.88,17.58,.056291,15.523517
1780280407,phi3:mini,33.0,4833,492.08,16.25,.052836,37.284850
1780280445,phi3:mini,30.0,4828,499.69,17.47,.052031,20.710422
1780280466,phi3:mini,32.0,4832,478.54,18.23,.054331,13.601690
1780280479,phi3:mini,34.0,4824,486.18,16.06,.053477,37.342964
1780280517,phi3:mini,32.0,4824,489.02,18.18,.053167,13.197012
1780280530,phi3:mini,33.0,4830,510.78,16.76,.050902,25.889188
1780280556,phi3:mini,33.0,4826,522.15,18.09,.049793,13.867737
1780280570,phi3:mini,36.0,4830,428.88,16.07,.060623,38.256600
1780280609,phi3:mini,32.0,4828,498.32,19.06,.052174,6.451176
1780280616,phi3:mini,33.0,4830,442.90,18.73,.058703,7.524563
1780280623,phi3:mini,33.0,4830,473.99,18.35,.054852,11.768487
1780280635,phi3:mini,33.0,4827,486.44,17.40,.053448,20.055281
1780280655,phi3:mini,34.0,4822,519.90,16.99,.050008,25.598172
1780280681,phi3:mini,33.0,4831,454.48,17.37,.057207,20.081717
1780280702,phi3:mini,33.0,4827,434.54,20.06,.059832,2.890404
1780280705,phi3:mini,33.0,4824,530.26,17.94,.049032,14.712558
1780280719,phi3:mini,32.0,4825,499.48,18.20,.052053,12.909442
1780280733,phi3:mini,33.0,4824,503.36,18.13,.051652,11.636753
1780280744,phi3:mini,33.0,4822,480.23,18.69,.054140,12.519106
1780280757,phi3:mini,33.0,4826,479.75,19.36,.054194,6.145169
1780280763,phi3:mini,33.0,4820,535.64,19.76,.048539,5.108777
1780280769,phi3:mini,34.0,4823,561.76,17.78,.046282,19.168721
1780280788,phi3:mini,32.0,4818,496.76,17.71,.052338,18.848964
1780280807,phi3:mini,30.0,4825,492.61,19.86,.052779,2.667426
1780280810,phi3:mini,34.0,4821,558.03,21.39,.046591,.981734
1780280811,phi3:mini,33.0,4820,552.78,16.60,.047034,29.922291
1780280841,phi3:mini,34.0,4819,515.46,17.31,.050439,21.016995
1780280862,phi3:mini,34.0,4827,511.18,17.14,.050861,21.174344
1780280884,phi3:mini,36.0,4822,530.27,19.02,.049031,8.515074
1780280892,phi3:mini,33.0,4822,0,0,0,0
1780280898,phi3:mini,39.0,4822,546.83,17.91,.047546,16.852942
1780280915,phi3:mini,34.0,4823,490.69,17.41,.052986,22.221788
1780280938,phi3:mini,34.0,4825,498.77,17.05,.052127,25.509554
1780280964,phi3:mini,33.0,4815,492.22,18.33,.052821,11.889568
1780280976,phi3:mini,34.0,4826,535.02,17.55,.048596,19.087949
1780280995,phi3:mini,33.0,4826,504.20,17.80,.051566,14.153184
1780281009,phi3:mini,34.0,4830,466.89,16.65,.055687,29.485177
1780281039,phi3:mini,32.0,4833,482.46,16.58,.053889,30.023826
1780281069,phi3:mini,33.0,4830,495.86,17.81,.052433,13.974471
1780281083,phi3:mini,34.0,4829,479.62,16.62,.054209,25.686217
1780281109,phi3:mini,33.0,4823,496.44,17.37,.052372,19.104283
1780281129,phi3:mini,34.0,4828,476.52,20.56,.054561,1.021326
1780281130,phi3:mini,34.0,4827,492.58,16.88,.052783,24.700968
1780281155,phi3:mini,33.0,4835,506.22,16.41,.051360,30.945921
1780281186,phi3:mini,36.0,4825,541.83,18.45,.047984,11.868798
1780281198,phi3:mini,34.0,4821,493.51,19.44,.052683,5.090780
1780281203,phi3:mini,36.0,4816,520.29,17.58,.049972,20.532819
1780281224,phi3:mini,34.0,4817,529.85,17.40,.049070,20.225213
1780281244,phi3:mini,33.0,4820,467.83,17.47,.055575,20.429847
1780281265,phi3:mini,34.0,4821,463.24,17.41,.056125,21.711640
1780281287,phi3:mini,30.0,4819,499.97,17.16,.052002,24.005368
1780281311,phi3:mini,34.0,4808,530.28,17.65,.049029,20.051566
1780281331,phi3:mini,34.0,4813,482.51,18.45,.053884,11.863834
1780281343,phi3:mini,32.0,4817,487.62,16.96,.053319,25.111897
1780281368,phi3:mini,33.0,4816,488.91,17.86,.053179,16.348841
1780281385,phi3:mini,34.0,4817,454.37,17.25,.057220,21.096774
1780281406,phi3:mini,34.0,4821,519.47,17.17,.050050,24.747594
1780281431,phi3:mini,34.0,4811,491.34,17.88,.052916,16.886807
1780281448,phi3:mini,33.0,4814,474.48,16.14,.054795,35.795082
1780281484,phi3:mini,30.0,4815,470.05,16.99,.055313,23.470827
1780281508,phi3:mini,33.0,4815,523.49,18.94,.049666,7.283805
1780281515,phi3:mini,34.0,4808,532.75,16.62,.048802,28.810398
1780281544,phi3:mini,33.0,4818,513.52,17.92,.050630,12.832405
1780281557,phi3:mini,34.0,4812,486.69,17.78,.053421,15.070551
1780281573,phi3:mini,33.0,4819,512.38,16.64,.050743,29.253252
1780281602,phi3:mini,33.0,4813,500.95,16.31,.051900,34.567533
1780281637,phi3:mini,34.0,4821,444.33,18.99,.058514,6.317988
1780281643,phi3:mini,34.0,4816,483.60,17.38,.053763,18.694127
1780281662,phi3:mini,34.0,4814,498.03,17.59,.052205,18.585658
1780281681,phi3:mini,34.0,4805,469.09,17.79,.055425,15.455676
1780281697,phi3:mini,31.0,4810,487.03,18.24,.053383,14.032206
1780281711,phi3:mini,34.0,4812,464.46,17.40,.055978,19.243492
1780281730,phi3:mini,33.0,4815,472.21,17.80,.055059,16.846985
1780281747,phi3:mini,33.0,4816,477.75,15.45,.054421,49.248308
1780281797,phi3:mini,34.0,4819,511.38,18.28,.050842,14.166938
1780281811,phi3:mini,36.0,4812,526.13,17.57,.049417,20.825545
1780281832,phi3:mini,34.0,4813,517.48,18.45,.050243,10.350108
1780281843,phi3:mini,34.0,4808,517.06,19.20,.050283,5.570701
1780281849,phi3:mini,34.0,4805,491.54,17.97,.052894,16.020058
1780281865,phi3:mini,33.0,4813,531.55,18.55,.048913,10.237229
1780281875,phi3:mini,30.0,4818,483.27,18.22,.053799,12.019178
1780281887,phi3:mini,36.0,4820,468.17,17.54,.055534,18.464028
1780281906,phi3:mini,33.0,4818,480.88,17.91,.054066,15.796524
1780281922,phi3:mini,34.0,4818,497.68,17.07,.052241,22.425780
1780281945,phi3:mini,34.0,4820,491.77,17.50,.052870,18.221374
1780281963,phi3:mini,33.0,4816,444.69,16.71,.058467,30.095397
1780281993,phi3:mini,32.0,4813,467.60,19.03,.055602,4.518462
1780281998,phi3:mini,34.0,4808,550.63,16.84,.047218,28.902922
1780282027,phi3:mini,33.0,4822,428.07,20.45,.060737,1.955151
1780282029,phi3:mini,34.0,4823,498.10,17.32,.052197,25.394442
1780282055,phi3:mini,33.0,4821,493.30,18.54,.052705,11.051965
1780282066,phi3:mini,34.0,4814,473.12,17.33,.054953,20.016457
1780282086,phi3:mini,33.0,4817,518.57,17.94,.050136,15.661061
1780282102,phi3:mini,34.0,4823,472.24,18.28,.055055,10.443433
1780282113,phi3:mini,34.0,4817,510.12,16.08,.050967,39.551458
1780282153,phi3:mini,34.0,4811,508.85,17.54,.051095,18.635616
1780282171,phi3:mini,33.0,4815,474.03,17.43,.054848,19.497145
1780282191,phi3:mini,33.0,4814,459.38,19.33,.056597,3.464922
1780282195,phi3:mini,34.0,4818,467.96,17.33,.055560,19.723883
1780282215,phi3:mini,34.0,4817,479.91,17.99,.054175,11.502775
1780282226,phi3:mini,34.0,4819,439.28,18.77,.059186,8.044617
1780282235,phi3:mini,34.0,4817,466.99,16.94,.055675,26.326313
1780282261,phi3:mini,34.0,4822,481.24,19.50,.054026,3.024489
1780282264,phi3:mini,34.0,4818,474.91,21.30,.054747,.844920
1780282265,phi3:mini,34.0,4814,551.47,17.77,.047145,17.721855
1780282283,phi3:mini,34.0,4819,488.06,17.30,.053271,22.011315
1780282305,phi3:mini,33.0,4819,504.55,16.57,.051530,32.166055
1780282338,phi3:mini,33.0,4821,472.32,16.80,.055046,25.703750
1780282364,phi3:mini,31.0,4825,523.51,18.96,.049664,5.642384
1780282369,phi3:mini,33.0,4826,468.98,18.80,.055439,7.446618
1780282377,phi3:mini,30.0,4829,480.74,17.92,.054083,13.833891
1780282391,phi3:mini,34.0,4822,537.84,17.90,.048340,13.293665
1780282405,phi3:mini,33.0,4828,499.00,15.38,.052103,49.723704
1780282455,phi3:mini,32.0,4824,512.04,17.04,.050776,24.999343
1780282480,phi3:mini,34.0,4824,481.86,17.23,.053957,24.833019
1780282505,phi3:mini,33.0,4820,492.96,17.10,.052741,24.256015
1780282529,phi3:mini,33.0,4823,471.63,17.58,.055127,18.200220
1780282548,phi3:mini,33.0,4826,464.42,17.70,.055983,16.549563
1780282564,phi3:mini,30.0,4827,443.68,18.11,.058600,12.918233
1780282577,phi3:mini,33.0,4832,511.13,18.15,.050867,11.514519
1780282589,phi3:mini,34.0,4835,503.84,17.67,.051602,18.279194
1780282608,phi3:mini,33.0,4832,468.81,17.85,.055458,16.133057
1780282624,phi3:mini,34.0,4829,492.17,19.09,.052826,4.818477
1780282629,phi3:mini,34.0,4828,504.72,16.52,.051513,29.471251
1780282659,phi3:mini,33.0,4829,487.91,20.69,.053288,.966328
1780282660,phi3:mini,34.0,4830,481.96,18.14,.053945,12.565180
1780282672,phi3:mini,34.0,4833,447.35,18.13,.058119,13.618668
1780282686,phi3:mini,33.0,4829,474.35,15.48,.054811,49.142930
1780282736,phi3:mini,34.0,4833,521.10,17.86,.049893,16.461169
1780282752,phi3:mini,34.0,4840,442.86,16.77,.058708,26.527393
1780282779,phi3:mini,34.0,4832,459.38,17.69,.056597,16.558121
1780282796,phi3:mini,33.0,4825,473.68,18.09,.054889,10.832225
1780282807,phi3:mini,34.0,4828,541.89,17.34,.047979,18.736699
1780282826,phi3:mini,33.0,4855,561.61,19.75,.046294,3.594725
1780282829,phi3:mini,33.0,4848,557.45,17.56,.046640,16.968539
1780282846,phi3:mini,31.0,4848,531.73,18.46,.048896,10.346676
1780282857,phi3:mini,34.0,4853,480.79,14.96,.054076,57.993192
1780282915,phi3:mini,32.0,4830,528.22,19.77,.049221,3.033551
1780282918,phi3:mini,33.0,4831,484.82,18.05,.053627,10.465892
1780282929,phi3:mini,36.0,4945,457.28,17.34,.056857,20.466136
1780282950,phi3:mini,34.0,4844,493.01,17.63,.052736,17.185331
1780282967,phi3:mini,33.0,4838,494.08,17.20,.052622,23.766489
1780282991,phi3:mini,30.0,4831,477.02,16.40,.054504,30.839218
1780283022,phi3:mini,30.0,4827,526.42,17.60,.049389,17.839905
1780283040,phi3:mini,33.0,4824,472.86,17.03,.054983,23.717219
1780283064,phi3:mini,32.0,4819,491.68,17.31,.052878,24.257759
1780283088,phi3:mini,34.0,4828,525.16,19.66,.049508,4.830261
1780283093,phi3:mini,34.0,4827,537.02,18.78,.048414,7.933023
1780283102,phi3:mini,33.0,4828,554.01,16.98,.046929,24.554088
1780283126,phi3:mini,33.0,4821,525.21,17.41,.049503,19.979259
1780283146,phi3:mini,33.0,4827,438.89,17.93,.059239,14.496866
1780283161,phi3:mini,34.0,4825,493.06,16.95,.052731,26.072882
1780283187,phi3:mini,33.0,4827,494.40,16.93,.052588,25.160075
1780283213,phi3:mini,32.0,4828,461.59,16.83,.056327,25.658482
1780283239,phi3:mini,32.0,4823,523.61,17.43,.049654,18.639314
1780283257,phi3:mini,34.0,4827,497.12,18.26,.052300,10.455428
1780283268,phi3:mini,34.0,4826,499.57,18.76,.052043,7.619268
1780283276,phi3:mini,34.0,4822,483.38,17.49,.053787,17.372826
1780283293,phi3:mini,34.0,4827,512.35,16.71,.050746,25.187289
1780283319,phi3:mini,34.0,4833,549.24,17.21,.047338,18.877076
1780283338,phi3:mini,33.0,4824,448.90,17.19,.057919,19.014711
1780283357,phi3:mini,33.0,4820,503.44,17.29,.051643,20.755842
1780283378,phi3:mini,34.0,4824,468.91,18.17,.055447,12.820236
1780283391,phi3:mini,34.0,4816,488.66,17.19,.053206,21.634575
1780283413,phi3:mini,34.0,4819,497.68,20.02,.052241,2.446380
1780283415,phi3:mini,34.0,4821,466.78,17.40,.055699,21.485481
1780283437,phi3:mini,33.0,4822,495.90,16.69,.052429,27.676673
1780283465,phi3:mini,33.0,4818,464.19,16.06,.056010,41.517372
1780283507,phi3:mini,32.0,4820,478.57,15.66,.054328,48.267101
1780283555,phi3:mini,32.0,4811,489.69,18.26,.053094,11.880067
1780283567,phi3:mini,32.0,4818,460.77,16.93,.056426,25.980677
1780283593,phi3:mini,33.0,4818,507.05,16.91,.051276,25.245057
1780283619,phi3:mini,33.0,4822,502.63,18.95,.051726,8.966679
1780283628,phi3:mini,32.0,4815,490.26,17.47,.053032,18.599886
1780283647,phi3:mini,33.0,4819,487.48,16.88,.053334,25.874333
1780283673,phi3:mini,33.0,4814,503.16,16.16,.051673,37.794221
1780283711,phi3:mini,33.0,4803,461.95,16.72,.056282,29.779045
1780283741,phi3:mini,33.0,4813,429.15,18.62,.060583,11.704907
1780283753,phi3:mini,34.0,4815,461.01,17.01,.056397,24.984225
1780283778,phi3:mini,32.0,4822,471.64,17.70,.055126,14.008031
1780283792,phi3:mini,34.0,4821,491.25,17.42,.052925,24.908246
1780283817,phi3:mini,33.0,4819,516.57,20.28,.050331,1.774430
1780283819,phi3:mini,33.0,4819,480.93,17.46,.054061,23.528017
1780283843,phi3:mini,33.0,4820,495.72,18.05,.052448,17.333623
1780283860,phi3:mini,33.0,4822,508.74,16.61,.051106,30.877835
1780283892,phi3:mini,34.0,4826,515.72,18.05,.050414,13.905610
1780283906,phi3:mini,34.0,4815,498.31,18.02,.052175,16.592413
1780283922,phi3:mini,34.0,4820,463.96,17.02,.056038,25.841319
1780283948,phi3:mini,34.0,4825,514.64,18.39,.050520,8.863217
1780283957,phi3:mini,34.0,4826,431.68,18.26,.060229,15.001797
1780283973,phi3:mini,30.0,4822,464.63,16.80,.055958,25.825608
1780283999,phi3:mini,33.0,4823,485.84,16.48,.053515,29.792440
1780284029,phi3:mini,33.0,4827,453.95,17.71,.057274,19.418770
1780284048,phi3:mini,34.0,4830,446.33,17.80,.058252,18.366080
1780284067,phi3:mini,34.0,4831,491.98,18.24,.052846,13.814802
1780284081,phi3:mini,34.0,4826,535.42,16.37,.048559,36.767330
1780284118,phi3:mini,32.0,4825,495.64,18.24,.052457,12.716296
1780284131,phi3:mini,33.0,4828,499.79,18.34,.052020,13.026057
1780284144,phi3:mini,34.0,4827,512.61,16.81,.050719,25.687586
1780284170,phi3:mini,33.0,4826,495.56,19.65,.052464,3.052155
1780284173,phi3:mini,34.0,4829,479.45,16.49,.054228,30.363815
1780284204,phi3:mini,33.0,4826,474.15,19.53,.054833,3.429445
1780284207,phi3:mini,34.0,4827,470.39,19.55,.055272,4.090095
1780284211,phi3:mini,34.0,4829,518.03,17.48,.050189,18.357117
1780284230,phi3:mini,33.0,4830,521.05,17.32,.049899,20.490845
1780284251,phi3:mini,33.0,4827,506.83,18.11,.051298,15.290484
1780284266,phi3:mini,34.0,4828,486.21,17.87,.053474,18.184840
1780284285,phi3:mini,34.0,4828,457.15,18.24,.056872,14.417712
1780284299,phi3:mini,34.0,4833,472.53,18.87,.055022,10.118173
1780284309,phi3:mini,34.0,4833,480.20,19.32,.054143,5.227025
1780284315,phi3:mini,34.0,4833,534.14,18.00,.048676,13.937633
1780284329,phi3:mini,34.0,4828,515.87,16.76,.050399,29.759960
1780284359,phi3:mini,33.0,4827,475.72,18.09,.054653,13.930048
1780284373,phi3:mini,34.0,4826,503.40,16.33,.051647,35.868629
1780284409,phi3:mini,30.0,4823,476.07,17.80,.054613,18.249827
1780284428,phi3:mini,34.0,4818,466.89,18.40,.055686,10.433365
1780284438,phi3:mini,31.0,4821,489.56,20.02,.053108,2.946089
1780284441,phi3:mini,34.0,4826,477.45,17.99,.054455,16.113129
1780284458,phi3:mini,33.0,4826,465.11,18.29,.055900,10.660823
1780284468,phi3:mini,34.0,4824,479.30,17.17,.054244,21.949832
1780284491,phi3:mini,34.0,4829,457.67,16.55,.056808,30.683261
1780284521,phi3:mini,34.0,4828,471.90,17.64,.055095,15.418955
1780284537,phi3:mini,33.0,4830,400.20,16.83,.064966,29.112284
1780284566,phi3:mini,33.0,4829,471.07,17.31,.055192,21.191376
1780284588,phi3:mini,33.0,4824,439.79,18.08,.059118,14.152583
1780284602,phi3:mini,31.0,4817,435.87,17.06,.059649,25.483635
1780284628,phi3:mini,34.0,4819,514.72,18.41,.050512,9.718706
1780284638,phi3:mini,34.0,4820,484.35,18.17,.053679,13.809912
1780284652,phi3:mini,34.0,4823,463.40,18.28,.056106,10.831186
1780284663,phi3:mini,34.0,4817,510.49,19.88,.050931,2.262632
1780284665,phi3:mini,34.0,4816,527.83,15.88,.049258,42.872431
1780284708,phi3:mini,33.0,4824,489.52,17.75,.053112,13.743327
1780284722,phi3:mini,33.0,4829,489.02,17.95,.053167,15.317485
1780284738,phi3:mini,34.0,4824,512.99,16.94,.050682,25.665478
1780284764,phi3:mini,33.0,4831,465.28,17.29,.055879,24.693238
1780284788,phi3:mini,34.0,4820,485.67,18.24,.053534,13.757082
1780284802,phi3:mini,34.0,4828,498.61,19.86,.052144,2.366294
1780284805,phi3:mini,31.0,4827,499.85,15.95,.052014,39.172860
1780284844,phi3:mini,32.0,4828,465.02,17.38,.055910,20.243436
1780284865,phi3:mini,34.0,4827,487.42,16.52,.053341,30.445875
1780284895,phi3:mini,30.0,4835,477.37,17.55,.054464,17.602131
1780284913,phi3:mini,33.0,4830,494.06,17.07,.052624,21.963225
1780284935,phi3:mini,33.0,4834,467.81,17.50,.055577,22.618299
1780284958,phi3:mini,33.0,4826,522.82,14.86,.049729,65.602409
1780285024,phi3:mini,32.0,4831,501.92,17.51,.051800,20.327540
1780285044,phi3:mini,33.0,4832,494.93,16.94,.052531,22.779675
1780285067,phi3:mini,33.0,4830,523.32,18.04,.049682,13.132021
1780285081,phi3:mini,34.0,4828,486.24,17.25,.053471,19.524994
1780285100,phi3:mini,30.0,4832,487.77,18.12,.053302,12.135421
1780285113,phi3:mini,33.0,4828,475.79,20.04,.054645,1.845539
1780285115,phi3:mini,34.0,4823,484.70,16.97,.053641,24.507622
1780285140,phi3:mini,33.0,4828,469.60,15.72,.055365,41.792014
1780285182,phi3:mini,33.0,4825,476.45,18.06,.054570,12.900154
1780285195,phi3:mini,30.0,4828,578.91,18.35,.044911,11.656082
1780285206,phi3:mini,34.0,4827,533.28,18.60,.048754,7.363285
1780285214,phi3:mini,34.0,4825,443.89,17.88,.058572,13.364199
1780285227,phi3:mini,34.0,4821,495.97,17.33,.052421,20.309982
1780285248,phi3:mini,33.0,4822,511.87,17.54,.050793,18.405387
1780285267,phi3:mini,34.0,4824,506.48,17.03,.051334,22.125446
1780285289,phi3:mini,30.0,4829,439.91,15.83,.059101,41.486641
1780285331,phi3:mini,32.0,4827,546.69,16.40,.047558,32.978922
1780285364,phi3:mini,34.0,4831,501.65,16.89,.051828,28.589909
1780285393,phi3:mini,33.0,4828,458.81,18.00,.056668,16.105049
1780285409,phi3:mini,33.0,4832,530.36,18.22,.049023,12.841049
1780285422,phi3:mini,33.0,4831,514.66,16.82,.050517,25.434555
1780285448,phi3:mini,34.0,4837,465.37,15.99,.055868,38.821080
1780285487,phi3:mini,33.0,4831,468.73,13.32,.055468,103.716512
1780285591,phi3:mini,32.0,4830,504.27,16.93,.051559,25.509016
1780285616,phi3:mini,32.0,4840,438.68,18.13,.059268,12.018158
1780285629,phi3:mini,34.0,4835,472.31,17.80,.055047,15.217337
1780285644,phi3:mini,32.0,4836,554.37,17.83,.046899,14.183236
1780285658,phi3:mini,34.0,4823,505.59,18.00,.051424,14.439722
1780285673,phi3:mini,32.0,4826,517.99,16.81,.050193,26.284419
1780285699,phi3:mini,32.0,4830,460.39,19.06,.056472,6.085554
1780285706,phi3:mini,33.0,4827,489.38,17.78,.053128,16.702647
1780285723,phi3:mini,32.0,4823,442.63,17.94,.058739,13.874836
1780285737,phi3:mini,33.0,4813,483.50,16.78,.053773,25.740266
1780285763,phi3:mini,32.0,4823,483.36,18.18,.053790,11.986051
1780285775,phi3:mini,34.0,4830,562.43,18.70,.046227,7.484440
1780285782,phi3:mini,30.0,4826,493.30,16.87,.052706,26.008871
1780285809,phi3:mini,34.0,4826,504.44,18.76,.051542,11.566328
1780285820,phi3:mini,34.0,4817,491.02,18.56,.052950,10.559456
1780285831,phi3:mini,33.0,4824,540.54,16.51,.048099,30.508931
1780285862,phi3:mini,33.0,4823,488.53,15.65,.053220,42.675875
1780285905,phi3:mini,32.0,4828,444.00,17.51,.058558,17.641628
1780285922,phi3:mini,33.0,4825,529.64,19.66,.049089,1.627274
1780285924,phi3:mini,33.0,4825,486.59,17.99,.053432,16.394913
1780285941,phi3:mini,33.0,4830,412.95,17.90,.062961,14.018257
1780285955,phi3:mini,32.0,4826,481.54,17.84,.053992,15.017899
1780285970,phi3:mini,33.0,4826,462.71,17.61,.056190,17.090708
1780285987,phi3:mini,33.0,4819,509.44,19.53,.051035,2.661434
1780285990,phi3:mini,34.0,4817,504.28,17.01,.051558,28.155180
1780286019,phi3:mini,32.0,4819,509.54,17.57,.051026,16.671362
1780286036,phi3:mini,33.0,4822,468.29,18.68,.055520,10.488497
1780286046,phi3:mini,33.0,4819,501.93,17.24,.051799,20.350640
1780286067,phi3:mini,30.0,4815,483.99,19.29,.053719,4.146827
1780286071,phi3:mini,34.0,4816,490.69,20.18,.052986,2.377775
1780286074,phi3:mini,33.0,4818,516.75,16.06,.050314,35.169569
1780286109,phi3:mini,33.0,4824,503.57,16.37,.051630,34.505779
1780286144,phi3:mini,34.0,4827,477.46,18.89,.054453,6.243895
1780286150,phi3:mini,30.0,4822,471.61,18.20,.055129,10.491896
1780286161,phi3:mini,33.0,4827,443.97,18.74,.058561,8.746701
1780286170,phi3:mini,34.0,4817,486.33,17.45,.053461,19.307543
1780286189,phi3:mini,34.0,4819,496.79,16.99,.052335,27.486279
1780286217,phi3:mini,33.0,4818,488.61,15.52,.053211,49.519167
1780286267,phi3:mini,33.0,4818,520.65,17.89,.049936,14.307454
1780286281,phi3:mini,33.0,4824,489.35,18.74,.053131,7.895448
1780286289,phi3:mini,34.0,4823,466.10,17.89,.055781,13.917969
1780286303,phi3:mini,33.0,4829,530.64,16.79,.048997,28.750440
1780286332,phi3:mini,33.0,4828,451.38,18.02,.057600,13.755097
1780286346,phi3:mini,34.0,4830,505.56,16.81,.051427,30.739711
1780286377,phi3:mini,34.0,4825,453.09,17.86,.057383,14.104140
1780286391,phi3:mini,34.0,4833,513.50,17.90,.050632,13.347221
1780286405,phi3:mini,31.0,4829,519.28,17.90,.050068,15.080342
1780286420,phi3:mini,34.0,4831,444.57,17.78,.058483,18.382351
1780286439,phi3:mini,34.0,4827,482.11,18.04,.053928,15.410108
1780286454,phi3:mini,34.0,4822,501.26,19.89,.051868,2.412130
1780286457,phi3:mini,34.0,4822,474.53,17.68,.054790,15.497663
1780286472,phi3:mini,34.0,4823,489.91,17.40,.053070,20.624294
1780286493,phi3:mini,34.0,4827,464.66,17.88,.055953,13.920861
1780286507,phi3:mini,34.0,4826,482.70,16.89,.053863,26.808373
1780286534,phi3:mini,33.0,4827,521.64,19.49,.049842,3.437085
1780286538,phi3:mini,34.0,4826,484.23,18.63,.053693,9.925788
1780286548,phi3:mini,34.0,4832,521.31,18.71,.049873,9.566655
1780286558,phi3:mini,33.0,4833,480.22,17.92,.054140,13.391317
1780286571,phi3:mini,30.0,4829,457.56,17.40,.056822,20.338965
1780286592,phi3:mini,33.0,4828,489.83,17.77,.053078,18.449462
1780286611,phi3:mini,34.0,4834,548.05,18.36,.047440,11.542023
1780286622,phi3:mini,33.0,4827,484.80,16.21,.053629,34.594101
1780286657,phi3:mini,33.0,4826,471.08,16.62,.055191,35.371354
1780286693,phi3:mini,34.0,4830,470.32,17.14,.055280,23.509902
1780286716,phi3:mini,34.0,4832,485.47,16.49,.053556,31.340243
1780286748,phi3:mini,31.0,4832,485.95,15.79,.053502,39.374454
1780286787,phi3:mini,32.0,4831,446.76,16.85,.058195,25.574308
1780286813,phi3:mini,32.0,4832,504.15,18.21,.051571,10.761143
1780286824,phi3:mini,34.0,4832,572.83,19.67,.045388,2.337794
1780286827,phi3:mini,33.0,4834,534.72,16.84,.048623,24.277167
1780286851,phi3:mini,34.0,4839,466.95,16.94,.055679,25.260708
1780286877,phi3:mini,33.0,4839,448.37,17.69,.057987,18.194756
1780286895,phi3:mini,34.0,4832,539.80,16.96,.048165,25.106005
1780286920,phi3:mini,33.0,4834,462.84,18.11,.056173,13.140865
1780286934,phi3:mini,33.0,4836,470.26,17.83,.055288,18.332041
1780286952,phi3:mini,34.0,4837,523.53,17.89,.049662,18.044904
1780286970,phi3:mini,34.0,4831,473.38,16.75,.054923,29.967272
1780287001,phi3:mini,33.0,4825,457.53,17.56,.056826,20.492537
1780287021,phi3:mini,30.0,4827,554.52,17.24,.046886,23.198867
1780287045,phi3:mini,34.0,4828,465.30,17.90,.055876,18.816608
1780287064,phi3:mini,34.0,4826,484.93,16.88,.053615,29.615282
1780287094,phi3:mini,33.0,4825,548.25,17.41,.047422,18.601951
1780287112,phi3:mini,34.0,4824,513.62,19.35,.050620,4.288697
1780287117,phi3:mini,34.0,4820,544.31,18.45,.047766,11.489945
1780287128,phi3:mini,34.0,4824,475.57,16.83,.054670,25.896399
1780287155,phi3:mini,33.0,4830,428.21,17.48,.060717,22.355859
1780287177,phi3:mini,33.0,4833,456.50,18.81,.056954,7.974337
1780287185,phi3:mini,36.0,4832,512.66,18.26,.050715,13.579972
1780287199,phi3:mini,34.0,4826,496.58,17.50,.052357,23.370503
1780287223,phi3:mini,34.0,4823,497.67,19.22,.052243,3.484203
1780287226,phi3:mini,34.0,4820,451.23,17.38,.057619,21.221222
1780287248,phi3:mini,33.0,4827,506.86,18.11,.051295,13.361673
1780287261,phi3:mini,33.0,4826,457.15,18.07,.056873,13.889913
1780287275,phi3:mini,34.0,4821,464.96,16.88,.055918,24.749126
1780287300,phi3:mini,34.0,4816,519.69,18.38,.050029,14.193843
1780287315,phi3:mini,34.0,4820,515.17,19.10,.050468,9.003116
1780287324,phi3:mini,34.0,4826,539.69,18.14,.048175,17.307799
1780287341,phi3:mini,34.0,4823,514.64,18.18,.050520,14.075975
1780287355,phi3:mini,34.0,4825,518.50,18.33,.050144,10.418812
1780287366,phi3:mini,34.0,4828,477.08,18.44,.054497,10.623659
1780287377,phi3:mini,34.0,4829,484.55,18.92,.053657,4.966089
1780287382,phi3:mini,33.0,4828,523.31,17.54,.049683,20.173339
1780287402,phi3:mini,33.0,4823,459.33,17.06,.056604,26.081227
1780287429,phi3:mini,34.0,4825,452.68,18.20,.057435,12.031702
1780287441,phi3:mini,33.0,4823,530.37,18.61,.049022,6.338183
1780287447,phi3:mini,34.0,4817,525.69,17.12,.049458,21.541246
1780287469,phi3:mini,34.0,4823,465.59,19.34,.055842,3.102299
1780287472,phi3:mini,30.0,4826,489.00,16.72,.053169,28.519717
1780287501,phi3:mini,34.0,4832,544.03,18.68,.047791,11.450000
1780287513,phi3:mini,34.0,4825,529.24,18.71,.049126,11.647936
1780287525,phi3:mini,34.0,4827,535.59,17.34,.048544,21.215244
1780287546,phi3:mini,34.0,4832,493.42,16.27,.052692,32.248916
1780287578,phi3:mini,33.0,4825,497.75,16.84,.052234,25.704000
1780287604,phi3:mini,33.0,4828,531.32,17.53,.048934,17.452514
1780287622,phi3:mini,34.0,4829,485.85,17.67,.053513,20.372025
1780287642,phi3:mini,33.0,4833,495.16,18.00,.052508,13.325939
1780287656,phi3:mini,33.0,4830,485.41,17.68,.053561,18.492266
1780287675,phi3:mini,33.0,4831,417.82,17.58,.062226,18.485607
1780287693,phi3:mini,33.0,4829,495.68,18.36,.052453,10.670855
1780287704,phi3:mini,34.0,4828,490.31,18.34,.053026,10.631282
1780287715,phi3:mini,33.0,4824,497.18,17.05,.052294,24.971452
1780287740,phi3:mini,34.0,4830,455.38,19.19,.057094,6.145922
1780287746,phi3:mini,33.0,4825,505.25,18.22,.051459,11.905641
1780287759,phi3:mini,33.0,4828,502.34,17.90,.051756,15.634181
1780287774,phi3:mini,32.0,4822,439.44,19.30,.059165,4.402301
1780287779,phi3:mini,34.0,4825,493.65,20.12,.052667,1.291740
1780287780,phi3:mini,33.0,4818,521.21,17.06,.049883,24.908822
1780287805,phi3:mini,33.0,4819,486.16,18.05,.053480,12.516496
1780287818,phi3:mini,34.0,4823,506.91,18.13,.051290,16.265404
1780287835,phi3:mini,34.0,4825,515.25,16.18,.050460,38.237923
1780287873,phi3:mini,33.0,4827,549.24,18.10,.047337,13.700469
1780287887,phi3:mini,33.0,4831,481.91,15.94,.053950,36.113602
1780287923,phi3:mini,31.0,4834,502.91,18.44,.051698,10.574277
1780287934,phi3:mini,34.0,4832,548.04,18.46,.047441,11.425879
1780287946,phi3:mini,34.0,4828,482.74,16.32,.053858,33.315619
1780287979,phi3:mini,34.0,4832,483.92,17.83,.053727,14.917149
1780287994,phi3:mini,34.0,4831,486.42,17.16,.053450,24.815229
1780288019,phi3:mini,34.0,4829,457.08,19.89,.056881,3.015834
1780288022,phi3:mini,33.0,4825,516.27,18.35,.050360,12.909267
1780288035,phi3:mini,34.0,4818,492.69,18.80,.052771,7.603740
1780288043,phi3:mini,34.0,4818,474.30,17.14,.054816,20.937596
1780288064,phi3:mini,33.0,4821,539.15,17.61,.048223,18.445659
1780288083,phi3:mini,33.0,4820,485.45,17.55,.053557,19.134884
1780288102,phi3:mini,34.0,4820,482.65,17.03,.053868,25.412982
1780288128,phi3:mini,34.0,4825,453.99,17.40,.057269,20.914226
1780288149,phi3:mini,34.0,4823,486.18,18.22,.053477,10.975279
1780288160,phi3:mini,34.0,4818,496.77,17.64,.052337,17.459228
1780288178,phi3:mini,33.0,4819,539.28,18.17,.048211,11.721626
1780288190,phi3:mini,34.0,4817,489.06,17.55,.053163,18.452121
1780288208,phi3:mini,30.0,4818,493.45,18.26,.052689,11.992134
1780288220,phi3:mini,34.0,4824,518.32,17.36,.050161,18.832584
1780288240,phi3:mini,33.0,4824,490.85,16.29,.052969,35.955273
1780288276,phi3:mini,32.0,4824,536.00,17.85,.048506,12.151652
1780288288,phi3:mini,32.0,4825,455.40,15.28,.057092,51.158098
1780288339,phi3:mini,32.0,4831,514.24,17.17,.050559,25.042999
1780288365,phi3:mini,32.0,4823,476.87,18.69,.054521,9.465605
1780288374,phi3:mini,33.0,4823,544.14,17.32,.047781,24.991838
1780288399,phi3:mini,33.0,4818,461.31,17.86,.056360,13.600209
1780288413,phi3:mini,33.0,4822,483.47,15.41,.053777,49.677040
1780288463,phi3:mini,30.0,4823,462.43,18.29,.056224,10.547754
1780288474,phi3:mini,34.0,4824,509.47,18.11,.051033,13.083222
1780288487,phi3:mini,31.0,4824,454.09,18.30,.057256,12.837233
1780288500,phi3:mini,33.0,4826,442.36,16.91,.058775,24.294796
1780288525,phi3:mini,33.0,4817,446.38,18.13,.058245,14.723112
1780288540,phi3:mini,33.0,4813,470.16,18.62,.055299,11.005789
1780288551,phi3:mini,34.0,4812,546.18,17.94,.047603,15.661057
1780288567,phi3:mini,34.0,4816,478.01,17.43,.054391,24.888940
1780288592,phi3:mini,33.0,4821,478.82,16.21,.054299,37.066064
1780288629,phi3:mini,33.0,4820,532.90,18.65,.048789,11.688382
1780288641,phi3:mini,33.0,4824,460.44,17.54,.056467,20.116672
1780288661,phi3:mini,33.0,4820,506.80,17.23,.051301,25.883661
1780288687,phi3:mini,33.0,4818,442.94,17.47,.058697,20.255389
1780288708,phi3:mini,34.0,4826,498.40,16.61,.052166,30.093549
1780288738,phi3:mini,33.0,4820,527.04,16.87,.049331,25.657417
1780288764,phi3:mini,30.0,4823,554.30,16.87,.046905,29.210558
1780288793,phi3:mini,34.0,4823,511.39,18.10,.050840,13.807339
1780288807,phi3:mini,33.0,4827,516.95,18.46,.050294,12.566131
1780288820,phi3:mini,34.0,4820,498.45,19.77,.052161,4.348277
1780288824,phi3:mini,34.0,4817,493.30,17.95,.052706,15.872260
1780288840,phi3:mini,34.0,4822,540.54,17.19,.048099,23.256676
1780288864,phi3:mini,34.0,4819,508.07,17.96,.051173,13.974762
1780288878,phi3:mini,33.0,4822,483.96,18.24,.053723,12.719197
1780288891,phi3:mini,32.0,4822,484.38,19.54,.053676,3.939320
1780288895,phi3:mini,34.0,4822,537.58,18.24,.048364,13.044616
1780288908,phi3:mini,34.0,4824,488.11,19.07,.053265,6.184532
1780288915,phi3:mini,34.0,4826,495.11,16.24,.052513,33.866140
1780288949,phi3:mini,33.0,4828,471.97,17.47,.055087,20.202005
1780288969,phi3:mini,32.0,4826,539.59,16.63,.048184,36.492732
1780289006,phi3:mini,33.0,4824,464.04,17.74,.056028,16.794612
1780289023,phi3:mini,34.0,4829,501.92,19.51,.051800,3.587601
1780289027,phi3:mini,34.0,4833,472.45,18.43,.055031,11.881210
1780289039,phi3:mini,33.0,4833,512.39,17.02,.050742,25.557317
1780289064,phi3:mini,33.0,4828,531.75,17.19,.048894,25.124276
1780289090,phi3:mini,34.0,4824,490.81,17.01,.052973,25.560417
1780289115,phi3:mini,33.0,4829,488.72,18.95,.053199,5.328620
1780289121,phi3:mini,33.0,4827,476.67,17.02,.054544,24.911349
1780289146,phi3:mini,34.0,4828,461.09,18.04,.056386,13.740085
1780289160,phi3:mini,33.0,4826,495.45,19.57,.052477,6.693009
1780289167,phi3:mini,34.0,4828,555.51,18.60,.046803,10.374212
1780289177,phi3:mini,34.0,4829,500.31,19.03,.051967,10.981397
1780289189,phi3:mini,34.0,4829,462.02,16.95,.056274,29.725893
1780289218,phi3:mini,32.0,4829,478.66,18.98,.054317,7.057826
1780289226,phi3:mini,33.0,4829,501.87,19.37,.051805,4.644954
1780289231,phi3:mini,34.0,4825,535.45,18.11,.048557,15.454499
1780289246,phi3:mini,34.0,4832,529.25,18.21,.049125,13.010714
1780289259,phi3:mini,33.0,4828,491.22,17.05,.052928,25.615744
1780289285,phi3:mini,32.0,4827,502.67,17.93,.051723,14.272524
1780289300,phi3:mini,34.0,4821,489.56,16.66,.053108,30.124486
1780289330,phi3:mini,33.0,4825,492.89,19.29,.052749,4.923427
1780289335,phi3:mini,32.0,4821,475.02,16.88,.054734,26.055876
1780289361,phi3:mini,32.0,4830,461.56,17.47,.056330,17.857186
1780289379,phi3:mini,33.0,4826,483.58,17.73,.053764,19.336225
1780289399,phi3:mini,33.0,4826,532.51,16.68,.048824,29.898144
1780289429,phi3:mini,33.0,4832,545.17,17.68,.047691,16.737389
1780289446,phi3:mini,33.0,4829,475.53,17.70,.054674,16.379858
1780289462,phi3:mini,34.0,4828,460.07,17.74,.056512,15.386829
1780289478,phi3:mini,32.0,4829,476.81,18.35,.054529,12.366569
1780289491,phi3:mini,32.0,4832,486.18,13.33,.053477,105.877805
1780289597,phi3:mini,32.0,4826,476.69,18.90,.054542,8.569754
1780289605,phi3:mini,30.0,4827,463.26,18.22,.056123,11.579433
1780289617,phi3:mini,30.0,4834,472.30,19.04,.055048,5.984629
1780289623,phi3:mini,33.0,4832,472.05,20.70,.055078,1.159397
1780289625,phi3:mini,32.0,4825,438.47,17.68,.059296,16.285554
1780289641,phi3:mini,33.0,4830,510.99,15.58,.050881,47.349088
1780289689,phi3:mini,32.0,4822,490.97,18.01,.052955,16.374708
1780289705,phi3:mini,33.0,4829,495.47,20.32,.052474,1.229941
1780289707,phi3:mini,34.0,4828,547.07,17.88,.047525,14.033869
1780289721,phi3:mini,34.0,4830,465.88,18.38,.055807,11.804470
1780289733,phi3:mini,33.0,4824,507.98,17.91,.051182,16.911565
1780289750,phi3:mini,33.0,4826,460.36,17.76,.056477,15.933777
1780289766,phi3:mini,33.0,4822,510.43,18.78,.050937,7.294258
1780289773,phi3:mini,34.0,4822,476.42,17.72,.054572,14.158604
1780289788,phi3:mini,33.0,4822,484.76,17.34,.053634,23.977494
1780289812,phi3:mini,32.0,4821,467.50,18.03,.055614,17.131042
1780289829,phi3:mini,33.0,4828,536.65,16.92,.048447,28.539055
1780289858,phi3:mini,33.0,4825,496.55,18.72,.052360,8.011549
1780289866,phi3:mini,33.0,4820,486.92,16.27,.053396,37.416595
1780289904,phi3:mini,33.0,4829,480.60,17.86,.054098,15.563096
1780289920,phi3:mini,33.0,4831,468.95,16.16,.055441,35.822404
1780289956,phi3:mini,33.0,4821,533.82,16.97,.048704,26.148489
1780289982,phi3:mini,34.0,4820,519.33,17.36,.050064,17.854235
1780290000,phi3:mini,32.0,4821,464.18,18.42,.056012,8.793020
1780290009,phi3:mini,33.0,4823,497.35,17.39,.052276,19.655696
1780290029,phi3:mini,34.0,4823,489.19,18.83,.053148,7.859543
1780290037,phi3:mini,34.0,4856,487.55,17.39,.053327,18.104443
1780290055,phi3:mini,32.0,4855,452.38,18.10,.057472,12.095604
1780290067,phi3:mini,31.0,4850,477.58,16.83,.054440,25.243798
1780290093,phi3:mini,33.0,4851,495.36,19.80,.052486,1.060210
1780290094,phi3:mini,34.0,4849,463.37,18.49,.056110,8.056887
1780290102,phi3:mini,33.0,4850,440.40,16.75,.059036,27.268663
1780290130,phi3:mini,33.0,4847,472.81,16.36,.054990,38.009980
1780290168,phi3:mini,32.0,4813,476.53,17.10,.054560,22.625177
1780290191,phi3:mini,33.0,4818,472.32,18.65,.055047,7.985262
1780290199,phi3:mini,34.0,4821,460.94,16.74,.056405,27.475720
1780290227,phi3:mini,33.0,4831,526.93,17.89,.049341,13.353414
1780290240,phi3:mini,34.0,4830,529.65,16.79,.049088,23.159367
1780290263,phi3:mini,33.0,4830,478.50,15.67,.054335,45.224199
1780290309,phi3:mini,33.0,4826,488.79,17.14,.053192,21.935054
1780290331,phi3:mini,32.0,4827,513.57,17.26,.050625,20.729965
1780290352,phi3:mini,33.0,4827,476.29,18.46,.054588,11.371746
1780290364,phi3:mini,33.0,4818,440.88,17.70,.058971,14.121871
1780290378,phi3:mini,33.0,4824,445.52,17.67,.058357,20.194852
1780290398,phi3:mini,33.0,4823,424.94,18.18,.061185,15.338405
1780290414,phi3:mini,32.0,4825,506.27,18.05,.051355,15.068781
1780290429,phi3:mini,36.0,4823,500.47,20.55,.051950,1.702508
1780290431,phi3:mini,34.0,4824,454.85,17.27,.057160,24.085502
1780290455,phi3:mini,33.0,4827,508.32,17.90,.051148,13.966389
1780290469,phi3:mini,32.0,4825,509.03,16.18,.051077,32.802238
1780290502,phi3:mini,32.0,4817,462.45,18.30,.056222,13.818149
1780290516,phi3:mini,32.0,4820,485.29,17.13,.053575,22.356670
1780290539,phi3:mini,33.0,4828,515.36,15.84,.050449,41.074201
1780290580,phi3:mini,32.0,4831,474.02,18.02,.054848,13.258747
1780290594,phi3:mini,33.0,4828,533.13,18.12,.048767,11.972533
1780290606,phi3:mini,32.0,4823,535.87,18.20,.048518,14.552489
1780290620,phi3:mini,34.0,4828,502.08,18.22,.051783,11.961833
1780290633,phi3:mini,30.0,4832,516.85,18.65,.050304,8.739159
1780290641,phi3:mini,33.0,4830,486.87,19.11,.053402,6.015180
1780290648,phi3:mini,34.0,4826,479.58,17.72,.054213,15.857449
1780290664,phi3:mini,33.0,4824,488.45,16.15,.053228,36.638695
1780290701,phi3:mini,33.0,4830,481.53,17.46,.053994,21.131421
1780290722,phi3:mini,30.0,4830,511.57,17.15,.050822,21.446663
1780290744,phi3:mini,33.0,4832,469.60,16.81,.055365,25.162114
1780290769,phi3:mini,33.0,4829,534.38,17.29,.048653,19.364406
1780290788,phi3:mini,33.0,4825,471.87,20.38,.055099,1.226429
1780290790,phi3:mini,30.0,4824,483.45,17.37,.053779,19.340758
1780290809,phi3:mini,34.0,4817,510.99,16.66,.050880,28.499019
1780290838,phi3:mini,34.0,4824,482.60,17.18,.053874,21.235021
1780290860,phi3:mini,33.0,4824,524.36,19.48,.049583,4.362427
1780290864,phi3:mini,32.0,4828,514.50,17.41,.050534,18.778328
1780290883,phi3:mini,33.0,4830,421.41,17.65,.061697,18.129920
1780290901,phi3:mini,33.0,4832,492.06,18.49,.052838,12.600317
1780290914,phi3:mini,33.0,4833,485.33,18.13,.053570,13.839246
1780290928,phi3:mini,30.0,4832,499.12,17.29,.052090,20.006594
1780290948,phi3:mini,33.0,4825,483.82,18.02,.053738,14.480217
1780290963,phi3:mini,33.0,4827,462.96,17.05,.056159,26.146797
1780290989,phi3:mini,33.0,4825,503.77,12.93,.051610,113.098075
1780291103,phi3:mini,32.0,4819,509.36,16.91,.051043,24.480210
1780291127,phi3:mini,33.0,4826,537.60,17.04,.048362,22.119878
1780291150,phi3:mini,29.0,4825,516.26,17.79,.050361,17.985468
1780291168,phi3:mini,34.0,4817,514.71,21.09,.050513,.853328
1780291169,phi3:mini,34.0,4817,478.77,19.70,.054305,4.059038
1780291173,phi3:mini,32.0,4820,546.96,17.95,.047535,12.144430
1780291185,phi3:mini,32.0,4817,526.28,16.94,.049402,26.734296
1780291212,phi3:mini,32.0,4825,490.48,18.75,.053009,7.996204
1780291221,phi3:mini,33.0,4820,512.38,17.76,.050742,14.807852
1780291236,phi3:mini,34.0,4822,501.78,18.92,.051814,8.561196
1780291244,phi3:mini,33.0,4822,522.70,18.03,.049741,12.140858
1780291257,phi3:mini,33.0,4826,477.83,18.14,.054411,13.833339
1780291271,phi3:mini,32.0,4827,558.96,17.80,.046514,13.481575
1780291284,phi3:mini,34.0,4832,537.15,18.32,.048403,13.258900
1780291298,phi3:mini,33.0,4833,558.76,16.95,.046531,26.003685
1780291324,phi3:mini,34.0,4828,475.83,17.27,.054640,21.885540
1780291346,phi3:mini,33.0,4819,473.88,15.70,.054866,46.223161
1780291392,phi3:mini,32.0,4832,429.87,15.43,.060483,47.807840
1780291440,phi3:mini,33.0,4824,508.35,16.94,.051145,24.849344
1780291466,phi3:mini,32.0,4827,512.89,17.18,.050692,23.917674
1780291490,phi3:mini,34.0,4823,471.87,16.84,.055099,33.655488
1780291524,phi3:mini,32.0,4820,497.70,17.57,.052239,20.707949
1780291544,phi3:mini,33.0,4824,504.93,19.43,.051491,7.099512
1780291552,phi3:mini,33.0,4824,452.93,18.30,.057403,11.692881
1780291564,phi3:mini,33.0,4829,457.00,18.66,.056892,8.893912
1780291573,phi3:mini,33.0,4822,494.53,17.95,.052574,15.431316
1780291588,phi3:mini,33.0,4826,516.69,17.82,.050320,18.179165
1780291607,phi3:mini,33.0,4825,499.87,17.34,.052013,19.721577
1780291626,phi3:mini,34.0,4828,456.90,17.73,.056904,18.039715
1780291645,phi3:mini,30.0,4827,553.70,17.97,.046956,15.242505
1780291660,phi3:mini,31.0,4826,526.35,17.18,.049396,20.832735
1780291681,phi3:mini,33.0,4826,454.42,20.38,.057214,.883156
1780291682,phi3:mini,34.0,4816,504.19,16.07,.051567,38.138776
1780291721,phi3:mini,33.0,4831,479.72,17.53,.054198,16.827155
1780291738,phi3:mini,33.0,4820,479.55,17.59,.054216,18.185910
1780291756,phi3:mini,34.0,4825,523.37,17.37,.049677,19.677909
1780291776,phi3:mini,33.0,4828,503.47,18.35,.051640,10.680202
1780291787,phi3:mini,33.0,4831,456.85,19.25,.056911,5.244790
1780291792,phi3:mini,30.0,4833,516.86,16.77,.050303,25.159240
1780291817,phi3:mini,32.0,4829,479.63,17.11,.054207,23.428668
1780291841,phi3:mini,33.0,4829,533.74,16.82,.048712,25.266325
1780291867,phi3:mini,33.0,4825,518.84,16.88,.050111,28.367430
1780291895,phi3:mini,32.0,4830,480.82,20.63,.054074,1.017455
1780291896,phi3:mini,33.0,4830,493.59,16.97,.052674,25.036686
1780291921,phi3:mini,34.0,4820,480.32,17.29,.054129,21.334836
1780291943,phi3:mini,33.0,4828,549.21,17.29,.047340,18.960277
1780291962,phi3:mini,34.0,4826,526.91,18.44,.049343,10.625116
1780291973,phi3:mini,33.0,4823,498.46,16.16,.052160,35.142232
1780292008,phi3:mini,32.0,4820,492.02,19.62,.052842,3.057796
1780292012,phi3:mini,32.0,4823,444.20,17.14,.058531,21.811142
1780292034,phi3:mini,34.0,4816,460.62,20.60,.056444,.873641
1780292035,phi3:mini,34.0,4815,496.65,17.98,.052350,16.345047
1780292051,phi3:mini,32.0,4816,488.84,18.36,.053186,10.617816
1780292062,phi3:mini,34.0,4808,495.59,19.22,.052462,5.358553
1780292067,phi3:mini,33.0,4803,503.32,16.74,.051656,29.748864
1780292097,phi3:mini,34.0,4808,433.00,17.48,.060046,21.216540
1780292119,phi3:mini,34.0,4817,531.45,18.21,.048922,12.513774
1780292131,phi3:mini,33.0,4822,478.97,17.91,.054282,14.903430
1780292146,phi3:mini,33.0,4828,464.96,18.15,.055918,11.237897
1780292158,phi3:mini,33.0,4825,461.04,20.27,.056393,2.317790
1780292160,phi3:mini,33.0,4824,565.25,18.90,.045996,6.401198
1780292167,phi3:mini,33.0,4823,450.87,16.75,.057665,30.027830
1780292197,phi3:mini,32.0,4821,478.54,18.19,.054331,13.026361
1780292210,phi3:mini,30.0,4823,492.21,17.55,.052822,18.518033
1780292229,phi3:mini,33.0,4818,486.27,18.09,.053467,12.766968
1780292242,phi3:mini,30.0,4819,455.66,17.93,.057059,15.950060
1780292258,phi3:mini,34.0,4822,512.96,19.23,.050686,7.747004
1780292266,phi3:mini,34.0,4823,477.21,18.07,.054482,17.699167
1780292284,phi3:mini,34.0,4826,475.63,17.34,.054663,21.557976
1780292306,phi3:mini,32.0,4822,524.25,16.46,.049594,30.237246
1780292336,phi3:mini,34.0,4826,503.47,17.15,.051641,19.999731
1780292356,phi3:mini,32.0,4825,480.94,13.02,.054060,120.102404
1780292477,phi3:mini,32.0,4831,522.09,17.97,.049799,13.295802
1780292490,phi3:mini,32.0,4828,491.99,17.74,.052846,15.726332
1780292506,phi3:mini,34.0,4831,475.77,18.11,.054648,13.856980
1780292520,phi3:mini,33.0,4831,514.58,17.04,.050525,24.471620
1780292545,phi3:mini,33.0,4835,468.64,17.46,.055478,21.076231
1780292566,phi3:mini,32.0,4834,492.16,16.37,.052828,35.064058
1780292601,phi3:mini,32.0,4831,475.92,16.99,.054630,25.066984
1780292627,phi3:mini,32.0,4828,509.66,17.82,.051013,17.952637
1780292645,phi3:mini,33.0,4829,460.40,16.80,.056472,26.307491
1780292671,phi3:mini,32.0,4833,480.53,16.19,.054106,35.006153
1780292706,phi3:mini,33.0,4824,480.20,17.34,.054143,20.703241
1780292727,phi3:mini,33.0,4823,488.27,17.58,.053248,18.257728
1780292746,phi3:mini,34.0,4822,458.45,19.94,.056712,3.609324
1780292750,phi3:mini,30.0,4824,505.07,18.08,.051477,13.218698
1780292763,phi3:mini,34.0,4814,465.81,17.76,.055816,15.817207
1780292779,phi3:mini,33.0,4824,462.93,18.89,.056163,8.944567
1780292788,phi3:mini,30.0,4826,460.57,18.39,.056450,10.330539
1780292799,phi3:mini,33.0,4819,461.39,16.98,.056350,25.549730
1780292824,phi3:mini,32.0,4821,494.92,17.92,.052533,13.778768
1780292838,phi3:mini,33.0,4823,477.33,16.22,.054469,33.900817
1780292872,phi3:mini,32.0,4820,493.98,18.51,.052633,12.964106
1780292886,phi3:mini,32.0,4815,564.62,18.51,.046048,12.960486
1780292899,phi3:mini,33.0,4825,558.18,17.29,.046579,23.076470
1780292922,phi3:mini,34.0,4831,480.20,17.29,.054143,20.120397
1780292942,phi3:mini,34.0,4826,512.56,15.92,.050725,36.223571
1780292979,phi3:mini,33.0,4820,455.82,18.42,.057039,11.775710
1780292991,phi3:mini,34.0,4824,477.35,16.06,.054466,38.838320
1780293030,phi3:mini,33.0,4826,481.31,18.38,.054018,10.660392
1780293041,phi3:mini,32.0,4830,550.79,18.43,.047204,13.883441
1780293055,phi3:mini,33.0,4827,505.33,19.26,.051450,7.734735
1780293063,phi3:mini,33.0,4826,472.68,18.53,.055005,10.032846
1780293073,phi3:mini,34.0,4820,551.78,18.11,.047119,15.509266
1780293088,phi3:mini,34.0,4814,498.68,17.57,.052137,20.080007
1780293109,phi3:mini,34.0,4823,522.44,17.04,.049765,25.757028
1780293135,phi3:mini,34.0,4816,493.02,17.25,.052735,21.271543
1780293156,phi3:mini,33.0,4822,456.66,18.09,.056934,12.101777
1780293168,phi3:mini,34.0,4821,499.26,17.43,.052076,18.070408
1780293187,phi3:mini,33.0,4815,510.00,18.06,.050979,13.839719
1780293201,phi3:mini,33.0,4819,485.02,17.56,.053605,18.507585
1780293219,phi3:mini,33.0,4816,502.90,20.04,.051699,3.342545
1780293223,phi3:mini,34.0,4812,484.17,18.17,.053699,13.153252
1780293236,phi3:mini,33.0,4819,465.91,16.21,.055804,39.769275
1780293276,phi3:mini,34.0,4823,555.91,18.01,.046769,15.650101
1780293292,phi3:mini,34.0,4822,487.26,17.73,.053359,17.143834
1780293309,phi3:mini,33.0,4826,543.67,17.09,.047822,21.116369
1780293331,phi3:mini,34.0,4826,477.98,17.68,.054395,18.549534
1780293349,phi3:mini,34.0,4828,533.69,19.24,.048716,5.246840
1780293355,phi3:mini,34.0,4833,466.82,20.19,.055695,4.457643
1780293359,phi3:mini,34.0,4832,466.12,17.98,.055778,16.234740
1780293376,phi3:mini,34.0,4823,520.00,20.52,.049999,1.608171
1780293378,phi3:mini,33.0,4823,532.90,17.15,.048789,25.469657
1780293403,phi3:mini,34.0,4823,461.75,18.25,.056306,11.670622
1780293415,phi3:mini,33.0,4816,518.57,18.03,.050137,13.421614
1780293429,phi3:mini,30.0,4818,438.45,17.69,.059299,18.370963
1780293447,phi3:mini,33.0,4813,454.10,17.92,.057255,14.341510
1780293462,phi3:mini,34.0,4815,509.75,18.11,.051004,11.814683
1780293474,phi3:mini,33.0,4820,436.99,19.05,.059496,5.773421
1780293480,phi3:mini,33.0,4818,481.34,16.41,.054014,33.449472
1780293513,phi3:mini,30.0,4816,510.74,18.18,.050905,13.198573
1780293527,phi3:mini,32.0,4812,488.15,16.34,.053262,31.254916
1780293558,phi3:mini,33.0,4817,501.56,17.29,.051837,18.845239
1780293577,phi3:mini,33.0,4820,437.00,18.16,.059495,12.552401
1780293590,phi3:mini,33.0,4815,493.61,17.18,.052672,21.643204
1780293612,phi3:mini,33.0,4812,554.50,18.13,.046888,12.017940
1780293624,phi3:mini,34.0,4818,470.40,19.01,.055271,6.522024
1780293631,phi3:mini,34.0,4821,538.57,18.01,.048275,14.983922
1780293646,phi3:mini,34.0,4824,512.47,18.57,.050733,13.024792
1780293659,phi3:mini,33.0,4820,497.42,16.85,.052268,25.625510
1780293685,phi3:mini,33.0,4821,500.87,16.77,.051909,29.326255
1780293714,phi3:mini,33.0,4824,489.75,18.13,.053087,13.729058
1780293728,phi3:mini,33.0,4817,506.21,17.87,.051361,15.830118
1780293744,phi3:mini,33.0,4816,507.16,19.84,.051265,1.662805
1780293746,phi3:mini,34.0,4815,512.70,18.49,.050711,7.892980
1780293754,phi3:mini,34.0,4821,479.54,17.55,.054217,17.657576
1780293772,phi3:mini,33.0,4821,462.96,18.04,.056159,13.911867
1780293786,phi3:mini,32.0,4823,518.71,17.90,.050123,14.071647
1780293800,phi3:mini,32.0,4816,453.57,18.17,.057322,16.563458
1780293817,phi3:mini,33.0,4818,497.83,15.59,.052225,49.133237
1780293867,phi3:mini,32.0,4822,485.36,18.30,.053567,11.036560
1780293878,phi3:mini,33.0,4824,516.01,19.68,.050385,3.301926
1780293881,phi3:mini,34.0,4827,482.33,17.77,.053904,16.316930
1780293898,phi3:mini,32.0,4827,490.90,17.32,.052963,18.933301
1780293917,phi3:mini,33.0,4829,527.24,17.23,.049312,20.369504
1780293937,phi3:mini,33.0,4833,549.25,18.20,.047336,13.955924
1780293952,phi3:mini,33.0,4832,466.86,18.79,.055690,11.544422
1780293963,phi3:mini,34.0,4825,529.32,18.93,.049119,10.824718
1780293974,phi3:mini,34.0,4826,511.02,17.62,.050878,20.822776
1780293995,phi3:mini,34.0,4819,518.38,18.26,.050155,12.867483
1780294008,phi3:mini,32.0,4824,495.97,17.71,.052421,19.079049
1780294028,phi3:mini,34.0,4822,447.51,18.19,.058099,11.320850
1780294039,phi3:mini,34.0,4818,540.86,17.01,.048071,26.334499
1780294066,phi3:mini,34.0,4812,489.02,18.23,.053167,11.571597
1780294077,phi3:mini,33.0,4821,480.67,17.70,.054090,14.741553
1780294092,phi3:mini,34.0,4817,499.82,17.63,.052017,16.051616
1780294109,phi3:mini,33.0,4815,503.21,18.41,.051667,10.914409
1780294120,phi3:mini,34.0,4818,488.34,16.85,.053241,25.506845
1780294145,phi3:mini,34.0,4812,498.34,17.96,.052172,13.748783
1780294159,phi3:mini,33.0,4813,447.13,16.21,.058147,35.901596
1780294195,phi3:mini,33.0,4821,500.46,17.66,.051951,17.658138
1780294213,phi3:mini,33.0,4816,490.79,17.73,.052975,13.984120
1780294227,phi3:mini,33.0,4821,500.04,16.45,.051995,31.183433
1780294259,phi3:mini,30.0,4824,543.16,17.12,.047867,23.410228
1780294282,phi3:mini,33.0,4822,484.63,18.20,.053648,13.679859
1780294296,phi3:mini,33.0,4820,462.67,18.09,.056194,14.426624
1780294311,phi3:mini,32.0,4817,446.35,21.26,.058249,.846518
1780294312,phi3:mini,34.0,4817,516.09,16.97,.050378,25.503071
1780294338,phi3:mini,33.0,4823,455.85,16.99,.057036,25.062955
1780294363,phi3:mini,32.0,4819,478.32,17.55,.054355,16.805565
1780294380,phi3:mini,34.0,4823,447.81,18.23,.058060,13.601666
1780294394,phi3:mini,34.0,4820,508.17,18.39,.051163,11.522189
1780294405,phi3:mini,34.0,4817,461.56,18.57,.056330,10.333717
1780294416,phi3:mini,34.0,4821,478.51,17.55,.054335,21.355542
1780294437,phi3:mini,34.0,4822,538.46,16.34,.048285,34.810321
1780294472,phi3:mini,34.0,4816,494.23,17.63,.052606,16.335529
1780294489,phi3:mini,34.0,4818,435.83,17.46,.059655,19.235253
1780294508,phi3:mini,33.0,4819,528.76,18.12,.049170,12.803107
1780294521,phi3:mini,34.0,4819,502.44,17.94,.051746,19.499050
1780294541,phi3:mini,33.0,4808,534.88,15.75,.048609,45.522990
1780294587,phi3:mini,33.0,4819,464.94,16.07,.055921,36.393697
1780294623,phi3:mini,33.0,4816,502.83,17.80,.051707,15.332502
1780294639,phi3:mini,32.0,4823,499.98,18.23,.052001,11.843577
1780294651,phi3:mini,34.0,4827,510.40,18.45,.050940,11.052443
1780294662,phi3:mini,33.0,4829,486.00,17.19,.053497,22.452715
1780294685,phi3:mini,32.0,4826,449.65,16.91,.057822,24.837112
1780294710,phi3:mini,33.0,4828,478.98,18.38,.054281,10.441789
1780294721,phi3:mini,33.0,4825,565.59,16.03,.045969,40.089156
1780294761,phi3:mini,32.0,4831,445.72,17.86,.058332,15.453202
1780294776,phi3:mini,34.0,4829,519.49,19.96,.050048,3.004540
1780294780,phi3:mini,30.0,4830,554.63,19.43,.046878,4.886948
1780294785,phi3:mini,33.0,4830,490.85,17.13,.052968,25.270037
1780294810,phi3:mini,30.0,4822,481.21,17.52,.054030,16.144007
1780294827,phi3:mini,30.0,4817,484.54,19.01,.053658,6.309245
1780294833,phi3:mini,32.0,4821,485.72,17.14,.053527,25.426906
1780294859,phi3:mini,33.0,4822,469.71,17.62,.055352,19.852988
1780294879,phi3:mini,33.0,4823,458.98,17.84,.056646,14.902955
1780294894,phi3:mini,33.0,4823,467.10,15.43,.055661,50.150545
1780294944,phi3:mini,33.0,4831,508.53,18.06,.051126,13.892602
1780294958,phi3:mini,34.0,4833,525.81,18.78,.049447,12.879953
1780294971,phi3:mini,34.0,4833,483.84,18.77,.053735,10.863091
1780294982,phi3:mini,32.0,4830,528.13,17.74,.049229,18.030931
1780295001,phi3:mini,33.0,4827,486.27,18.07,.053467,12.058512
1780295013,phi3:mini,34.0,4825,481.17,17.96,.054033,13.695935
1780295027,phi3:mini,33.0,4825,452.70,16.53,.057432,30.899985
1780295058,phi3:mini,32.0,4824,461.94,19.77,.056283,4.651320
1780295063,phi3:mini,32.0,4818,444.18,18.45,.058534,8.777011
1780295072,phi3:mini,30.0,4823,474.04,17.50,.054847,19.535652
1780295091,phi3:mini,33.0,4816,492.01,18.61,.052843,8.756832
1780295100,phi3:mini,33.0,4822,507.37,20.54,.051244,1.071068
1780295101,phi3:mini,34.0,4822,458.82,17.05,.056665,23.162050
1780295125,phi3:mini,33.0,4824,481.27,16.10,.054023,33.711228
1780295159,phi3:mini,30.0,4820,479.09,18.01,.054269,12.043788
1780295171,phi3:mini,34.0,4819,493.07,18.41,.052730,10.483283
1780295182,phi3:mini,34.0,4825,482.21,16.86,.053917,26.447313
1780295208,phi3:mini,33.0,4832,493.38,16.99,.052697,25.357683
1780295234,phi3:mini,33.0,4832,484.61,18.07,.053651,15.487727
1780295249,phi3:mini,32.0,4829,514.78,17.53,.050506,18.362335
1780295268,phi3:mini,31.0,4828,479.08,16.90,.054269,25.729926
1780295294,phi3:mini,32.0,4832,483.78,17.43,.053743,18.468640
1780295313,phi3:mini,33.0,4825,453.54,16.94,.057326,24.841016
1780295338,phi3:mini,32.0,4823,486.46,20.92,.053446,1.003563
1780295339,phi3:mini,32.0,4824,478.69,16.46,.054314,35.295259
1780295374,phi3:mini,34.0,4821,507.87,17.71,.051194,18.066445
1780295393,phi3:mini,34.0,4820,476.07,17.65,.054613,17.449282
1780295410,phi3:mini,34.0,4826,481.40,17.07,.054008,23.126735
1780295434,phi3:mini,33.0,4824,456.08,18.20,.057007,13.620770
1780295447,phi3:mini,33.0,4829,494.06,17.67,.052624,17.310294
1780295465,phi3:mini,32.0,4830,469.04,16.83,.055432,25.247018
1780295490,phi3:mini,33.0,4832,487.12,17.89,.053374,14.025516
1780295504,phi3:mini,34.0,4832,481.17,20.27,.054034,.986508
1780295506,phi3:mini,33.0,4833,503.57,17.78,.051631,15.908431
1780295522,phi3:mini,34.0,4830,467.95,16.81,.055560,25.803923
1780295548,phi3:mini,33.0,4832,470.97,17.55,.055204,21.529349
1780295569,phi3:mini,34.0,4827,483.00,18.55,.053829,10.455152
1780295580,phi3:mini,34.0,4829,552.48,19.08,.047059,11.786599
1780295592,phi3:mini,34.0,4827,542.29,18.90,.047944,7.247778
1780295599,phi3:mini,33.0,4829,462.75,15.46,.056185,46.171038
1780295646,phi3:mini,33.0,4828,506.13,17.35,.051370,23.048558
1780295669,phi3:mini,33.0,4834,552.67,17.61,.047043,20.999740
1780295690,phi3:mini,32.0,4828,503.22,18.72,.051666,11.643884
1780295702,phi3:mini,33.0,4827,483.48,17.85,.053776,15.961479
1780295718,phi3:mini,33.0,4832,514.49,15.91,.050535,37.892095
1780295756,phi3:mini,32.0,4829,540.03,19.58,.048145,2.961014
1780295759,phi3:mini,33.0,4830,453.24,17.72,.057363,18.620290
1780295778,phi3:mini,33.0,4826,480.77,19.04,.054079,8.924585
1780295787,phi3:mini,33.0,4829,470.70,18.38,.055236,10.606707
1780295798,phi3:mini,33.0,4820,492.50,18.30,.052791,14.644795
1780295813,phi3:mini,33.0,4821,432.71,17.06,.060085,24.442747
1780295838,phi3:mini,31.0,4821,472.02,16.73,.055081,28.142355
1780295866,phi3:mini,34.0,4823,476.44,20.05,.054570,2.343688
1780295868,phi3:mini,31.0,4825,503.94,16.23,.051592,35.903927
1780295904,phi3:mini,33.0,4826,501.95,18.12,.051797,17.104784
1780295922,phi3:mini,32.0,4822,555.81,15.01,.046778,54.267706
1780295976,phi3:mini,32.0,4822,552.22,17.73,.047082,13.246956
1780295990,phi3:mini,34.0,4824,495.18,18.30,.052505,9.616388
1780295999,phi3:mini,34.0,4827,549.70,18.14,.047298,12.731014
1780296012,phi3:mini,33.0,4827,521.75,18.27,.049831,11.981401
1780296024,phi3:mini,34.0,4828,438.75,16.37,.059259,35.851037
1780296061,phi3:mini,33.0,4830,483.32,18.55,.053793,10.294292
1780296071,phi3:mini,33.0,4823,515.35,17.09,.050450,23.220208
1780296094,phi3:mini,33.0,4830,484.64,17.73,.053647,16.067553
1780296111,phi3:mini,33.0,4836,531.05,16.65,.048959,27.197516
1780296138,phi3:mini,34.0,4831,462.64,16.88,.056198,24.691811
1780296163,phi3:mini,31.0,4834,466.20,16.44,.055769,31.873068
1780296195,phi3:mini,32.0,4836,514.05,16.17,.050578,39.945285
1780296235,phi3:mini,33.0,4828,503.65,17.94,.051622,16.386410
1780296252,phi3:mini,30.0,4830,443.44,18.33,.058631,12.599330
1780296265,phi3:mini,33.0,4834,502.98,16.96,.051691,24.581977
1780296289,phi3:mini,33.0,4834,527.90,18.50,.049251,11.348778
1780296301,phi3:mini,34.0,4836,549.17,18.40,.047343,8.912251
1780296310,phi3:mini,34.0,4836,481.60,17.56,.053986,19.810176
1780296330,phi3:mini,33.0,4836,478.10,18.88,.054381,7.730021
1780296338,phi3:mini,34.0,4833,470.01,17.37,.055317,20.541484
1780296359,phi3:mini,32.0,4839,481.66,17.43,.053979,19.671387
1780296378,phi3:mini,34.0,4839,496.82,15.94,.052331,40.013645
1780296419,phi3:mini,29.0,4834,461.95,16.52,.056282,28.810041
1780296448,phi3:mini,34.0,4846,521.35,17.90,.049869,14.746173
1780296463,phi3:mini,30.0,4834,510.62,18.25,.050918,11.613838
1780296474,phi3:mini,30.0,4831,549.25,18.61,.047336,11.279203
1780296486,phi3:mini,33.0,4827,460.25,18.69,.056490,10.806630
1780296497,phi3:mini,33.0,4818,445.95,17.09,.058302,25.450025
1780296522,phi3:mini,32.0,4831,490.82,17.95,.052972,13.368988
1780296536,phi3:mini,33.0,4838,510.97,17.97,.050883,12.185360
1780296548,phi3:mini,33.0,4837,496.89,18.54,.052325,8.733339
1780296557,phi3:mini,34.0,4835,494.26,18.12,.052603,12.026750
1780296569,phi3:mini,34.0,4836,475.41,17.41,.054689,17.797911
1780296587,phi3:mini,32.0,4832,509.83,18.70,.050996,10.213441
1780296598,phi3:mini,32.0,4827,468.13,18.26,.055539,11.498634
1780296609,phi3:mini,30.0,4827,472.20,17.29,.055061,19.020199
1780296629,phi3:mini,30.0,4826,495.63,19.34,.052458,4.445225
1780296633,phi3:mini,34.0,4825,540.95,17.25,.048062,21.032627
1780296654,phi3:mini,33.0,4827,527.96,18.06,.049245,12.840337
1780296667,phi3:mini,33.0,4834,444.95,17.31,.058432,22.008218
1780296690,phi3:mini,34.0,4832,482.18,15.84,.053920,43.167754
1780296733,phi3:mini,33.0,4837,509.50,19.32,.051029,3.519480
1780296737,phi3:mini,33.0,4837,495.93,18.35,.052426,10.351252
1780296747,phi3:mini,32.0,4840,492.73,20.77,.052766,1.010638
1780296748,phi3:mini,34.0,4839,461.35,18.18,.056355,12.099090
1780296761,phi3:mini,33.0,4839,516.25,18.30,.050362,10.433735
1780296771,phi3:mini,32.0,4838,496.66,17.83,.052349,17.211781
1780296789,phi3:mini,32.0,4836,462.15,18.41,.056258,12.437546
1780296801,phi3:mini,30.0,4835,449.54,19.15,.057835,5.272969
1780296807,phi3:mini,34.0,4827,493.17,18.19,.052720,13.082337
1780296820,phi3:mini,30.0,4832,466.78,17.17,.055700,24.453548
1780296845,phi3:mini,33.0,4837,491.46,18.22,.052902,10.422841
1780296855,phi3:mini,34.0,4834,564.86,17.54,.046028,15.905558
1780296871,phi3:mini,34.0,4836,546.56,17.66,.047569,16.016050
1780296888,phi3:mini,33.0,4831,490.69,18.56,.052985,8.834849
1780296897,phi3:mini,34.0,4834,529.51,19.24,.049101,5.247524
1780296902,phi3:mini,34.0,4834,472.63,18.18,.055010,12.699447
1780296915,phi3:mini,34.0,4829,488.12,17.19,.053264,21.056783
1780296936,phi3:mini,33.0,4827,508.44,17.66,.051136,18.117224
1780296954,phi3:mini,33.0,4827,474.53,18.17,.054790,13.316230
1780296968,phi3:mini,29.0,4826,506.25,18.26,.051357,11.281451
1780296979,phi3:mini,30.0,4829,516.87,19.72,.050301,2.382973
1780296982,phi3:mini,34.0,4828,488.07,18.03,.053270,14.417544
1780296996,phi3:mini,33.0,4828,516.90,18.48,.050299,9.086519
1780297006,phi3:mini,32.0,4824,530.14,18.75,.049043,7.571637
1780297013,phi3:mini,34.0,4819,514.42,20.13,.050542,1.043072
1780297015,phi3:mini,31.0,4821,441.55,18.03,.058883,13.474179
1780297028,phi3:mini,34.0,4826,537.95,16.09,.048331,45.115236
1780297074,phi3:mini,33.0,4829,476.66,18.68,.054545,10.274723
1780297084,phi3:mini,33.0,4826,467.99,19.16,.055556,4.173699
1780297088,phi3:mini,33.0,4825,529.20,17.65,.049130,18.972659
1780297108,phi3:mini,33.0,4831,490.65,17.24,.052990,19.251490
1780297127,phi3:mini,32.0,4836,523.04,15.94,.049708,41.524830
1780297169,phi3:mini,33.0,4826,490.31,17.22,.053027,25.078421
1780297194,phi3:mini,33.0,4826,538.92,18.43,.048244,12.262575
1780297207,phi3:mini,33.0,4828,466.63,19.71,.055718,4.817689
1780297212,phi3:mini,33.0,4827,471.46,17.71,.055147,16.709040
1780297228,phi3:mini,33.0,4819,471.83,17.61,.055103,20.488773
1780297249,phi3:mini,34.0,4843,445.90,17.89,.058308,16.929649
1780297266,phi3:mini,33.0,4845,487.40,19.32,.053343,4.243819
1780297271,phi3:mini,34.0,4850,502.18,19.32,.051773,7.242836
1780297278,phi3:mini,33.0,4856,473.33,17.58,.054929,18.538049
1780297297,phi3:mini,33.0,4853,486.98,17.92,.053389,14.280863
1780297311,phi3:mini,32.0,4852,515.22,13.28,.050462,102.353911
1780297414,phi3:mini,32.0,4832,472.88,19.43,.054981,4.424736
1780297419,phi3:mini,34.0,4828,495.97,17.68,.052421,18.095448
1780297437,phi3:mini,33.0,4832,515.22,17.02,.050463,25.322519
1780297462,phi3:mini,33.0,4824,493.91,16.66,.052640,30.911614
1780297493,phi3:mini,33.0,4832,513.38,18.83,.050644,5.682390
1780297499,phi3:mini,32.0,4820,495.69,18.45,.052451,9.752982
1780297509,phi3:mini,33.0,4828,537.40,18.42,.048380,11.450298
1780297521,phi3:mini,34.0,4829,503.93,18.35,.051594,9.317624
1780297530,phi3:mini,33.0,4831,501.69,17.06,.051824,21.331013
1780297552,phi3:mini,33.0,4831,444.91,15.15,.058437,52.708848
1780297605,phi3:mini,33.0,4820,479.99,17.58,.054166,18.535123
1780297624,phi3:mini,33.0,4818,474.47,19.57,.054797,3.268882
1780297627,phi3:mini,33.0,4820,472.65,18.04,.055008,15.407360
1780297643,phi3:mini,34.0,4815,468.50,16.62,.055495,30.445151
1780297673,phi3:mini,33.0,4817,471.59,17.25,.055132,20.453323
1780297694,phi3:mini,33.0,4823,460.19,19.58,.056497,3.778876
1780297698,phi3:mini,33.0,4826,474.59,18.34,.054783,11.172216
1780297709,phi3:mini,30.0,4824,492.13,17.57,.052831,18.714920
1780297728,phi3:mini,30.0,4822,432.32,17.79,.060140,16.693615
1780297745,phi3:mini,33.0,4818,456.81,18.14,.056916,12.842342
1780297758,phi3:mini,34.0,4819,465.53,18.24,.055850,14.472753
1780297773,phi3:mini,34.0,4824,490.35,18.36,.053022,13.612520
1780297786,phi3:mini,30.0,4820,478.76,18.25,.054306,13.150324
1780297800,phi3:mini,34.0,4823,457.32,17.35,.056852,21.488365
1780297821,phi3:mini,34.0,4828,523.49,18.41,.049666,15.747356
1780297837,phi3:mini,30.0,4826,460.34,18.87,.056479,8.793976
1780297846,phi3:mini,34.0,4825,543.10,16.58,.047872,30.089393
1780297877,phi3:mini,34.0,4820,447.79,13.66,.058062,92.136994
1780297969,phi3:mini,33.0,4825,512.72,18.59,.050708,10.269434
1780297980,phi3:mini,32.0,4822,533.61,19.31,.048723,4.194057
1780297984,phi3:mini,33.0,4825,491.36,16.23,.052914,38.614093
1780298023,phi3:mini,33.0,4818,540.82,17.39,.048074,20.920080
1780298044,phi3:mini,33.0,4825,502.15,17.38,.051777,19.619623
1780298064,phi3:mini,34.0,4822,471.89,18.12,.055097,13.741414
1780298078,phi3:mini,32.0,4817,452.53,18.10,.057453,12.153788
1780298090,phi3:mini,34.0,4818,487.15,16.37,.053371,34.800159
1780298125,phi3:mini,32.0,4820,547.02,18.15,.047529,12.065758
1780298137,phi3:mini,33.0,4822,540.54,17.42,.048099,18.765907
1780298156,phi3:mini,33.0,4824,498.77,16.86,.052128,25.263896
1780298182,phi3:mini,34.0,4821,498.26,17.57,.052181,16.845700
1780298199,phi3:mini,33.0,4825,544.35,18.43,.047763,11.067870
1780298210,phi3:mini,33.0,4831,505.19,17.85,.051465,15.180126
1780298225,phi3:mini,34.0,4823,464.91,18.18,.055924,13.475726
1780298239,phi3:mini,33.0,4821,512.21,18.01,.050759,12.989575
1780298252,phi3:mini,33.0,4824,438.00,17.78,.059360,16.082562
1780298268,phi3:mini,34.0,4825,491.60,18.43,.052887,8.787433
1780298277,phi3:mini,34.0,4824,481.64,18.00,.053982,13.106639
1780298291,phi3:mini,34.0,4824,484.29,19.10,.053686,5.863300
1780298297,phi3:mini,36.0,4825,482.35,18.72,.053902,6.142628
1780298303,phi3:mini,34.0,4821,507.20,17.83,.051261,13.343046
1780298316,phi3:mini,33.0,4830,528.67,16.58,.049179,27.431485
1780298344,phi3:mini,34.0,4830,494.21,17.00,.052609,24.405539
1780298369,phi3:mini,33.0,4831,493.87,16.63,.052644,29.809828
1780298399,phi3:mini,33.0,4831,510.56,17.47,.050923,20.887969
1780298420,phi3:mini,34.0,4834,544.52,18.25,.047747,11.998649
1780298432,phi3:mini,33.0,4840,510.71,20.09,.050908,2.389234
1780298434,phi3:mini,33.0,4837,524.54,15.80,.049566,39.486190
1780298474,phi3:mini,33.0,4843,474.36,20.87,.054810,.622767
1780298475,phi3:mini,33.0,4843,488.56,17.97,.053216,14.185675
1780298489,phi3:mini,33.0,4844,458.27,18.83,.056734,7.433576
1780298497,phi3:mini,34.0,4842,503.74,17.17,.051613,20.962161
1780298518,phi3:mini,30.0,4844,460.67,16.12,.056439,36.828783
1780298555,phi3:mini,34.0,4834,423.11,17.74,.061449,16.233052
1780298571,phi3:mini,33.0,4834,485.56,19.22,.053545,5.515038
1780298577,phi3:mini,33.0,4833,463.68,17.45,.056072,18.565179
1780298596,phi3:mini,34.0,4830,513.78,20.59,.050604,1.116741
1780298597,phi3:mini,33.0,4833,526.45,16.39,.049387,30.921529
1780298628,phi3:mini,33.0,4836,488.69,17.22,.053202,19.154432
1780298648,phi3:mini,34.0,4837,504.03,16.79,.051584,28.631965
1780298676,phi3:mini,33.0,4833,554.73,16.71,.046869,29.851376
1780298707,phi3:mini,34.0,4837,441.67,17.92,.058867,12.216431
1780298719,phi3:mini,33.0,4843,533.22,18.47,.048759,11.851359
1780298731,phi3:mini,33.0,4845,491.27,19.89,.052923,2.563498
1780298734,phi3:mini,33.0,4842,471.59,17.30,.055132,20.624202
1780298755,phi3:mini,33.0,4833,523.06,17.39,.049707,18.687038
1780298773,phi3:mini,33.0,4838,482.97,18.40,.053833,8.963932
1780298783,phi3:mini,34.0,4838,475.97,18.05,.054624,13.515607
1780298796,phi3:mini,33.0,4833,460.66,16.08,.056440,38.787177
1780298835,phi3:mini,32.0,4836,503.27,22.07,.051661,.543617
1780298836,phi3:mini,32.0,4838,503.27,19.02,.051661,7.252023
1780298843,phi3:mini,34.0,4836,472.48,17.84,.055028,16.476443
1780298860,phi3:mini,32.0,4841,492.12,17.41,.052831,19.811011
1780298880,phi3:mini,31.0,4837,481.39,16.75,.054009,26.791260
1780298907,phi3:mini,30.0,4844,464.73,19.21,.055945,6.766230
1780298914,phi3:mini,34.0,4839,483.28,17.93,.053798,14.274412
1780298928,phi3:mini,34.0,4841,496.21,18.19,.052396,11.869674
1780298940,phi3:mini,34.0,4841,482.10,18.31,.053929,11.902681
1780298953,phi3:mini,30.0,4842,502.54,18.77,.051736,8.628676
1780298961,phi3:mini,34.0,4844,508.68,17.02,.051112,24.792493
1780298986,phi3:mini,33.0,4838,493.09,16.03,.052728,36.105859
1780299023,phi3:mini,33.0,4844,496.82,18.52,.052332,11.333105
1780299034,phi3:mini,32.0,4839,542.33,18.16,.047941,15.084707
1780299049,phi3:mini,34.0,4841,487.33,17.59,.053350,18.646509
1780299068,phi3:mini,33.0,4844,467.20,17.38,.055649,19.788350
1780299088,phi3:mini,34.0,4843,423.80,18.01,.061348,14.766992
1780299103,phi3:mini,33.0,4846,466.92,17.63,.055684,16.046263
1780299119,phi3:mini,33.0,4842,486.07,18.36,.053489,8.821861
1780299128,phi3:mini,33.0,4843,481.72,19.35,.053972,5.063905
1780299134,phi3:mini,33.0,4844,476.50,19.20,.054564,4.894886
1780299139,phi3:mini,31.0,4846,510.81,16.13,.050898,40.898705
1780299180,phi3:mini,34.0,4844,538.66,18.87,.048267,11.177302
1780299191,phi3:mini,34.0,4840,528.83,18.89,.049165,11.115607
1780299202,phi3:mini,34.0,4839,499.72,17.42,.052028,21.574019
1780299224,phi3:mini,34.0,4841,517.68,19.02,.050223,7.149297
1780299231,phi3:mini,34.0,4837,490.33,18.18,.053025,12.040799
1780299244,phi3:mini,34.0,4836,490.95,19.26,.052958,6.074439
1780299250,phi3:mini,34.0,4837,564.82,16.85,.046031,27.887087
1780299278,phi3:mini,33.0,4838,522.14,16.86,.049794,24.847420
1780299303,phi3:mini,33.0,4834,478.61,17.26,.054322,20.218232
1780299323,phi3:mini,32.0,4835,460.78,18.06,.056425,10.629423
1780299334,phi3:mini,33.0,4835,484.33,20.95,.053682,1.001909
1780299335,phi3:mini,33.0,4831,486.85,19.61,.053404,2.650870
1780299338,phi3:mini,34.0,4833,447.40,18.48,.058113,11.087591
1780299349,phi3:mini,34.0,4827,467.36,19.25,.055631,4.933366
1780299355,phi3:mini,34.0,4830,518.40,18.57,.050153,11.465862
1780299366,phi3:mini,34.0,4834,486.14,15.77,.053482,42.599102
1780299409,phi3:mini,33.0,4830,447.25,15.32,.058131,50.835618
1780299460,phi3:mini,33.0,4833,441.40,17.65,.058903,20.215496
1780299480,phi3:mini,33.0,4837,550.48,18.15,.047230,15.588180
1780299496,phi3:mini,34.0,4835,546.11,17.48,.047609,22.879616
1780299519,phi3:mini,34.0,4831,480.54,17.74,.054105,18.317423
1780299538,phi3:mini,33.0,4834,470.88,17.59,.055214,17.618663
1780299556,phi3:mini,33.0,4838,515.69,15.72,.050417,43.887672
1780299600,phi3:mini,33.0,4843,438.79,18.38,.059253,10.332007
1780299610,phi3:mini,34.0,4836,516.27,18.47,.050360,10.392401
1780299621,phi3:mini,33.0,4834,477.66,18.74,.054431,7.361768
1780299628,phi3:mini,33.0,4838,436.75,17.36,.059530,20.391387
1780299649,phi3:mini,34.0,4838,447.93,17.99,.058044,13.114476
1780299662,phi3:mini,33.0,4834,506.14,20.80,.051368,1.009396
1780299663,phi3:mini,33.0,4834,474.95,16.76,.054742,25.945173
1780299689,phi3:mini,33.0,4832,531.23,18.05,.048942,13.787517
1780299703,phi3:mini,33.0,4838,468.50,18.22,.055495,15.745023
1780299719,phi3:mini,34.0,4835,515.92,18.73,.050394,10.196128
1780299730,phi3:mini,30.0,4830,534.79,18.51,.048616,12.257099
1780299742,phi3:mini,34.0,4832,451.47,19.01,.057588,6.311631
1780299749,phi3:mini,33.0,4829,502.82,17.67,.051708,17.654550
1780299766,phi3:mini,33.0,4834,498.88,19.03,.052115,6.253064
1780299773,phi3:mini,34.0,4827,553.55,16.88,.046968,27.839613
1780299801,phi3:mini,33.0,4831,524.44,19.38,.049576,5.777024
1780299807,phi3:mini,34.0,4834,444.27,16.94,.058522,24.669238
1780299832,phi3:mini,34.0,4837,503.87,17.95,.051599,13.198899
1780299845,phi3:mini,34.0,4841,461.97,16.75,.056280,22.972270
1780299868,phi3:mini,33.0,4840,480.08,15.73,.054156,42.449340
1780299911,phi3:mini,32.0,4846,483.63,18.37,.053759,11.861291
1780299923,phi3:mini,34.0,4838,500.69,19.64,.051927,2.951887
1780299926,phi3:mini,34.0,4833,477.24,17.56,.054478,16.400587
1780299943,phi3:mini,34.0,4834,464.35,20.43,.055991,1.321213
1780299944,phi3:mini,34.0,4834,509.31,18.20,.051048,10.820591
1780299955,phi3:mini,33.0,4828,527.19,18.26,.049317,9.583058
1780299965,phi3:mini,34.0,4829,466.77,17.03,.055700,26.064612
1780299991,phi3:mini,32.0,4829,486.63,18.56,.053428,10.560133
1780300002,phi3:mini,34.0,4829,469.20,18.54,.055412,10.460070
1780300012,phi3:mini,34.0,4831,502.42,19.68,.051748,3.048149
1780300016,phi3:mini,31.0,4836,499.11,17.62,.052092,16.624751
1780300032,phi3:mini,32.0,4829,550.29,17.21,.047247,21.497047
1780300054,phi3:mini,32.0,4830,427.63,16.69,.060799,30.371209
1780300085,phi3:mini,33.0,4839,534.86,18.39,.048610,12.721161
1780300098,phi3:mini,33.0,4844,449.35,17.95,.057861,13.981773
1780300112,phi3:mini,33.0,4843,490.30,18.23,.053027,12.501046
1780300124,phi3:mini,33.0,4841,575.42,17.65,.045184,20.274851
1780300145,phi3:mini,34.0,4846,469.18,16.99,.055415,29.416525
1780300175,phi3:mini,33.0,4839,459.43,17.69,.056591,16.728523
1780300191,phi3:mini,32.0,4835,473.45,17.93,.054915,14.609733
1780300206,phi3:mini,33.0,4838,464.18,17.36,.056012,20.211780
1780300227,phi3:mini,33.0,4838,439.75,16.64,.059124,30.163334
1780300257,phi3:mini,33.0,4845,479.48,19.32,.054225,4.397552
1780300262,phi3:mini,34.0,4841,502.57,19.29,.051733,4.043466
1780300266,phi3:mini,34.0,4840,478.02,17.66,.054390,16.303285
1780300282,phi3:mini,33.0,4840,444.78,16.16,.058455,38.544484
1780300321,phi3:mini,33.0,4847,478.97,17.15,.054282,23.028526
1780300344,phi3:mini,34.0,4852,458.72,16.92,.056678,25.576976
1780300370,phi3:mini,33.0,4843,471.63,18.92,.055127,7.397614
1780300378,phi3:mini,34.0,4844,538.05,16.90,.048322,25.913291
1780300404,phi3:mini,34.0,4841,448.61,18.76,.057956,6.927711
1780300411,phi3:mini,33.0,4845,485.23,18.02,.053582,13.813548
1780300425,phi3:mini,34.0,4844,473.52,18.53,.054906,10.303972
1780300435,phi3:mini,34.0,4846,470.24,18.66,.055290,9.643065
1780300445,phi3:mini,33.0,4848,460.72,18.62,.056432,9.182245
1780300455,phi3:mini,34.0,4849,499.72,17.78,.052028,15.297104
1780300470,phi3:mini,34.0,4846,486.64,17.28,.053426,20.659452
1780300491,phi3:mini,33.0,4846,494.66,16.68,.052560,27.393434
1780300518,phi3:mini,34.0,4842,491.15,17.05,.052936,21.519087
1780300540,phi3:mini,32.0,4844,510.85,18.82,.050895,6.532607
1780300547,phi3:mini,36.0,4847,532.81,16.36,.048797,39.845515
1780300587,phi3:mini,34.0,4844,507.04,18.33,.051277,13.529410
1780300601,phi3:mini,33.0,4844,535.94,18.09,.048512,12.820921
1780300614,phi3:mini,33.0,4842,440.95,19.67,.058962,3.406054
1780300617,phi3:mini,34.0,4839,511.14,19.19,.050866,5.574685
1780300623,phi3:mini,33.0,4845,508.14,20.15,.051166,1.388914
1780300624,phi3:mini,33.0,4844,509.44,18.49,.051035,7.624048
1780300632,phi3:mini,34.0,4843,517.51,17.63,.050240,17.006979
1780300649,phi3:mini,33.0,4848,437.06,17.99,.059487,17.448105
1780300667,phi3:mini,33.0,4847,485.76,14.85,.053523,64.493621
1780300732,phi3:mini,33.0,4845,485.70,16.86,.053530,25.667169
1780300758,phi3:mini,33.0,4843,478.60,15.80,.054324,40.821829
1780300799,phi3:mini,33.0,4847,459.76,18.84,.056551,6.632421
1780300805,phi3:mini,34.0,4847,464.31,19.07,.055996,5.294758
1780300811,phi3:mini,33.0,4849,502.07,17.66,.051785,16.417304
1780300828,phi3:mini,32.0,4851,485.65,18.12,.053535,13.183049
1780300841,phi3:mini,34.0,4848,507.91,18.27,.051189,11.709931
1780300853,phi3:mini,34.0,4847,522.76,14.97,.049735,55.208964
1780300908,phi3:mini,33.0,4857,542.58,17.70,.047919,18.017831
1780300926,phi3:mini,33.0,4850,458.23,16.76,.056738,26.062216
1780300953,phi3:mini,34.0,4851,513.68,17.47,.050614,20.767187
1780300974,phi3:mini,34.0,4847,472.62,17.84,.055011,13.110698
1780300987,phi3:mini,33.0,4850,482.35,18.17,.053901,13.153021
1780301000,phi3:mini,33.0,4850,500.04,18.05,.051995,17.447126
1780301018,phi3:mini,34.0,4842,527.69,19.14,.049270,11.334461
1780301029,phi3:mini,33.0,4847,505.96,17.71,.051387,21.230464
1780301051,phi3:mini,34.0,4850,516.05,15.76,.050382,46.560346
1780301098,phi3:mini,33.0,4847,524.53,17.83,.049567,15.644695
1780301113,phi3:mini,33.0,4847,479.23,17.35,.054252,20.283632
1780301134,phi3:mini,32.0,4840,502.05,17.34,.051787,23.006650
1780301157,phi3:mini,34.0,4839,431.35,19.78,.060275,2.577851
1780301160,phi3:mini,34.0,4835,437.07,17.75,.059485,15.323018
1780301175,phi3:mini,34.0,4843,501.10,18.87,.051885,7.206902
1780301183,phi3:mini,31.0,4837,561.89,17.24,.046272,17.973044
1780301201,phi3:mini,33.0,4836,476.67,17.12,.054545,24.111089
1780301225,phi3:mini,34.0,4838,460.78,18.02,.056425,13.758514
1780301239,phi3:mini,33.0,4838,479.33,18.00,.054242,14.772410
1780301254,phi3:mini,34.0,4842,488.74,19.40,.053197,3.967198
1780301258,phi3:mini,33.0,4839,509.23,18.02,.051056,12.540781
1780301271,phi3:mini,34.0,4841,537.33,18.01,.048386,14.485665
1780301286,phi3:mini,31.0,4844,531.40,18.49,.048926,8.760743
1780301295,phi3:mini,34.0,4840,427.70,18.42,.060790,12.323518
1780301307,phi3:mini,33.0,4837,498.55,17.39,.052150,19.488626
1780301327,phi3:mini,33.0,4837,503.18,18.15,.051670,13.823168
1780301341,phi3:mini,33.0,4840,513.58,17.65,.050624,16.308508
1780301357,phi3:mini,31.0,4847,472.46,15.82,.055030,41.650166
1780301399,phi3:mini,33.0,4842,479.65,17.66,.054205,16.587818
1780301416,phi3:mini,33.0,4844,450.10,17.20,.057764,22.317831
1780301438,phi3:mini,33.0,4839,527.03,19.01,.049332,7.153768
1780301446,phi3:mini,33.0,4842,468.49,18.17,.055496,11.938857
1780301458,phi3:mini,32.0,4846,511.38,17.65,.050842,16.367741
1780301474,phi3:mini,32.0,4844,467.72,17.24,.055588,20.642733
1780301495,phi3:mini,34.0,4844,490.11,17.47,.053048,17.735668
1780301513,phi3:mini,33.0,4839,454.55,17.58,.057198,17.061412
1780301530,phi3:mini,34.0,4843,471.34,17.54,.055161,18.528441
1780301549,phi3:mini,33.0,4841,455.21,16.85,.057115,25.274951
1780301575,phi3:mini,33.0,4833,476.83,18.48,.054525,10.384859
1780301585,phi3:mini,33.0,4838,506.42,17.83,.051340,17.097618
1780301602,phi3:mini,33.0,4844,483.55,17.20,.053768,23.310766
1780301626,phi3:mini,33.0,4839,548.93,19.08,.047364,5.292673
1780301631,phi3:mini,34.0,4839,471.55,19.40,.055137,4.431845
1780301636,phi3:mini,34.0,4839,520.00,18.01,.049999,14.432245
1780301651,phi3:mini,33.0,4840,546.14,19.88,.047606,2.413684
1780301653,phi3:mini,34.0,4841,478.86,19.17,.054295,6.101392
1780301659,phi3:mini,31.0,4843,501.16,17.54,.051879,17.951456
1780301678,phi3:mini,30.0,4847,486.19,16.81,.053476,25.872838
1780301704,phi3:mini,33.0,4845,542.80,16.59,.047899,29.881886
1780301734,phi3:mini,32.0,4840,484.33,16.61,.053681,31.110525
1780301765,phi3:mini,33.0,4838,504.01,18.32,.051585,9.385110
1780301775,phi3:mini,33.0,4839,461.51,17.50,.056336,16.851554
1780301792,phi3:mini,31.0,4840,425.63,18.48,.061084,10.493445
1780301802,phi3:mini,33.0,4841,494.90,17.30,.052535,21.384734
1780301824,phi3:mini,34.0,4843,471.20,18.36,.055177,15.302339
1780301839,phi3:mini,34.0,4845,475.30,18.84,.054701,10.136216
1780301850,phi3:mini,33.0,4848,540.44,18.33,.048108,12.925441
1780301863,phi3:mini,34.0,4846,443.79,18.16,.058585,13.102282
1780301876,phi3:mini,33.0,4839,509.59,17.71,.051021,15.979181
1780301892,phi3:mini,34.0,4844,488.14,18.89,.053262,8.573986
1780301901,phi3:mini,34.0,4845,469.90,21.06,.055330,.617000
1780301902,phi3:mini,34.0,4844,447.10,16.76,.058151,26.118105
1780301928,phi3:mini,34.0,4840,512.35,17.36,.050745,20.323095
1780301948,phi3:mini,33.0,4837,500.71,16.70,.051925,34.360218
1780301983,phi3:mini,33.0,4841,534.81,17.71,.048614,21.058038
1780302004,phi3:mini,34.0,4838,506.05,18.77,.051377,10.122330
1780302015,phi3:mini,33.0,4830,508.87,17.89,.051092,15.923601
1780302031,phi3:mini,33.0,4834,505.87,18.57,.051396,11.092163
1780302042,phi3:mini,33.0,4831,493.53,16.22,.052681,34.324607
1780302076,phi3:mini,34.0,4846,477.05,15.22,.054500,51.088894
1780302128,phi3:mini,33.0,4844,485.05,19.03,.053602,4.938360
1780302133,phi3:mini,32.0,4846,543.19,19.47,.047864,3.080226
1780302136,phi3:mini,30.0,4840,493.14,19.58,.052722,2.706388
1780302139,phi3:mini,34.0,4838,482.77,16.43,.053855,32.791379
1780302172,phi3:mini,30.0,4845,491.60,19.24,.052887,5.715125
1780302178,phi3:mini,34.0,4846,477.07,17.75,.054498,16.844286
1780302195,phi3:mini,34.0,4842,519.11,18.10,.050085,11.711297
1780302207,phi3:mini,33.0,4839,506.64,17.10,.051317,23.437613
1780302230,phi3:mini,33.0,4842,511.94,19.32,.050786,4.140683
1780302235,phi3:mini,33.0,4838,473.03,18.06,.054964,13.061424
1780302248,phi3:mini,33.0,4837,464.88,17.34,.055928,19.662213
1780302268,phi3:mini,33.0,4844,486.16,17.60,.053480,19.194714
1780302287,phi3:mini,33.0,4846,511.77,16.66,.050803,26.879734
1780302314,phi3:mini,34.0,4843,465.54,16.16,.055849,38.116479
1780302353,phi3:mini,33.0,4843,543.98,17.98,.047795,15.181496
1780302368,phi3:mini,33.0,4845,556.68,19.62,.046705,3.056780
1780302371,phi3:mini,34.0,4844,520.91,20.17,.049911,1.487107
1780302373,phi3:mini,33.0,4847,497.62,17.42,.052248,20.259223
1780302393,phi3:mini,34.0,4846,515.45,17.25,.050440,21.843005
1780302415,phi3:mini,33.0,4844,485.88,17.23,.053510,19.201423
1780302435,phi3:mini,32.0,4842,476.54,17.11,.054558,23.308615
1780302458,phi3:mini,33.0,4839,449.98,18.27,.057779,10.397921
1780302469,phi3:mini,34.0,4843,492.50,18.19,.052790,10.714876
1780302480,phi3:mini,32.0,4841,489.76,17.78,.053086,15.911976
1780302496,phi3:mini,34.0,4839,497.93,18.24,.052215,12.771653
1780302509,phi3:mini,33.0,4839,493.26,16.51,.052710,30.692546
1780302540,phi3:mini,33.0,4845,552.18,18.14,.047085,12.236868
1780302552,phi3:mini,34.0,4843,475.34,16.46,.054697,29.459073
1780302582,phi3:mini,33.0,4841,470.40,16.29,.055271,32.954850
1780302615,phi3:mini,34.0,4845,478.37,18.21,.054350,12.020646
1780302627,phi3:mini,34.0,4841,485.45,17.96,.053557,15.637790
1780302643,phi3:mini,30.0,4846,485.28,18.14,.053577,12.068012
1780302655,phi3:mini,33.0,4845,518.49,16.51,.050144,30.938840
1780302686,phi3:mini,34.0,4845,419.99,18.35,.061905,12.041382
1780302698,phi3:mini,33.0,4842,531.20,20.66,.048945,.871077
1780302699,phi3:mini,33.0,4841,503.94,16.97,.051592,21.564304
1780302721,phi3:mini,33.0,4848,523.42,17.91,.049672,13.895757
1780302735,phi3:mini,33.0,4845,491.12,17.97,.052939,16.021504
1780302751,phi3:mini,33.0,4852,477.63,17.78,.054434,15.070785
1780302767,phi3:mini,34.0,4846,442.96,18.07,.058694,11.892202
1780302779,phi3:mini,33.0,4851,469.45,17.12,.055383,24.814548
1780302804,phi3:mini,34.0,4848,543.93,16.60,.047799,30.945232
1780302835,phi3:mini,33.0,4840,529.95,18.70,.049060,9.513664
1780302845,phi3:mini,34.0,4834,446.04,17.79,.058290,18.769128
1780302864,phi3:mini,34.0,4839,458.45,15.67,.056712,43.630209
1780302908,phi3:mini,32.0,4847,547.69,17.46,.047471,16.602111
1780302924,phi3:mini,33.0,4845,487.44,17.27,.053339,22.231568
1780302947,phi3:mini,33.0,4842,431.61,18.87,.060239,10.118714
1780302957,phi3:mini,34.0,4845,491.63,17.23,.052885,25.821201
1780302983,phi3:mini,33.0,4847,472.90,17.97,.054979,13.964398
1780302997,phi3:mini,33.0,4845,470.69,18.35,.055237,11.878426
1780303009,phi3:mini,34.0,4841,448.58,17.98,.057959,13.290441
1780303023,phi3:mini,33.0,4843,497.60,17.09,.052249,21.640426
1780303045,phi3:mini,33.0,4844,479.17,19.56,.054260,2.709303
1780303047,phi3:mini,33.0,4844,495.02,17.36,.052522,20.390889
1780303068,phi3:mini,33.0,4845,485.27,15.55,.053577,47.587987
1780303116,phi3:mini,32.0,4843,500.55,18.51,.051942,10.637579
1780303127,phi3:mini,33.0,4845,492.04,16.27,.052840,34.033995
1780303161,phi3:mini,32.0,4848,435.60,16.69,.059686,26.888666
1780303188,phi3:mini,32.0,4842,555.51,18.01,.046803,15.489658
1780303204,phi3:mini,34.0,4845,545.74,17.36,.047641,21.423097
1780303225,phi3:mini,33.0,4845,475.44,17.96,.054685,17.921525
1780303243,phi3:mini,34.0,4838,508.14,18.79,.051166,10.534691
1780303254,phi3:mini,33.0,4840,500.45,18.97,.051952,10.381066
1780303265,phi3:mini,34.0,4837,484.68,17.06,.053642,26.490855
1780303291,phi3:mini,33.0,4845,518.31,18.50,.050162,10.431717
1780303302,phi3:mini,34.0,4842,536.13,16.89,.048494,25.447713
1780303328,phi3:mini,32.0,4847,483.64,17.87,.053757,15.663847
1780303343,phi3:mini,34.0,4850,520.75,17.87,.049927,16.890452
1780303360,phi3:mini,34.0,4846,487.80,18.63,.053299,12.612707
1780303373,phi3:mini,32.0,4842,496.24,16.42,.052393,32.636303
1780303406,phi3:mini,34.0,4846,532.71,18.64,.048806,7.402726
1780303414,phi3:mini,33.0,4841,420.05,17.86,.061896,13.379274
1780303427,phi3:mini,30.0,4838,494.67,16.92,.052560,26.760488
1780303454,phi3:mini,34.0,4846,495.42,15.94,.052480,40.758991
1780303495,phi3:mini,29.0,4846,506.29,18.45,.051353,8.831374
1780303504,phi3:mini,33.0,4847,450.32,18.01,.057736,12.877809
1780303517,phi3:mini,33.0,4851,480.75,16.31,.054081,32.542253
1780303550,phi3:mini,32.0,4840,522.71,19.02,.049740,4.993756
1780303555,phi3:mini,34.0,4841,484.27,15.82,.053689,43.914608
1780303599,phi3:mini,33.0,4843,491.95,18.24,.052850,19.569707
1780303619,phi3:mini,34.0,4838,453.63,14.62,.057315,68.216016
1780303688,phi3:mini,33.0,4850,500.77,18.14,.051919,12.013375
1780303700,phi3:mini,34.0,4842,521.95,18.79,.049812,6.811942
1780303707,phi3:mini,33.0,4841,500.49,17.50,.051948,18.855156
1780303726,phi3:mini,33.0,4846,541.54,16.94,.048010,25.500660
1780303751,phi3:mini,34.0,4845,511.21,18.05,.050858,14.902029
1780303767,phi3:mini,34.0,4849,525.07,18.08,.049516,15.810151
1780303783,phi3:mini,34.0,4848,507.42,21.26,.051238,.846279
1780303784,phi3:mini,36.0,4842,493.85,18.48,.052646,11.794028
1780303796,phi3:mini,34.0,4846,505.20,17.52,.051463,19.235083
1780303815,phi3:mini,32.0,4847,428.02,18.17,.060743,11.996064
1780303827,phi3:mini,33.0,4837,485.47,18.55,.053556,11.802329
1780303839,phi3:mini,33.0,4842,437.34,16.83,.059449,28.639211
1780303868,phi3:mini,34.0,4845,532.78,17.33,.048800,21.060138
1780303889,phi3:mini,33.0,4832,477.36,19.14,.054465,5.222615
1780303895,phi3:mini,34.0,4836,508.27,18.71,.051153,9.191013
1780303904,phi3:mini,34.0,4832,477.93,18.03,.054400,13.476121
1780303918,phi3:mini,34.0,4839,450.94,16.22,.057657,37.297875
1780303955,phi3:mini,34.0,4848,477.40,17.63,.054461,19.503945
1780303975,phi3:mini,34.0,4835,458.34,17.38,.056725,18.924729
1780303994,phi3:mini,33.0,4841,467.57,19.68,.055606,3.251745
1780303997,phi3:mini,33.0,4842,499.93,17.82,.052006,17.222183
1780304015,phi3:mini,34.0,4838,467.49,16.91,.055614,27.675625
1780304043,phi3:mini,34.0,4848,487.20,18.09,.053365,19.566635
1780304063,phi3:mini,34.0,4844,522.80,18.56,.049732,13.035341
1780304076,phi3:mini,33.0,4847,514.91,18.38,.050493,11.694384
1780304088,phi3:mini,34.0,4844,516.50,17.36,.050338,19.808771
1780304108,phi3:mini,33.0,4850,536.32,17.98,.048478,14.682620
1780304122,phi3:mini,33.0,4844,512.55,17.92,.050726,15.674742
1780304138,phi3:mini,34.0,4838,506.82,18.02,.051299,13.870801
1780304152,phi3:mini,31.0,4839,498.84,17.28,.052120,20.655598
1780304173,phi3:mini,33.0,4840,467.88,18.20,.055569,13.130210
1780304187,phi3:mini,34.0,4836,430.20,17.27,.060436,21.073042
1780304208,phi3:mini,36.0,4840,463.08,16.53,.056145,27.696859
1780304236,phi3:mini,34.0,4839,506.27,17.19,.051355,21.454536
1780304257,phi3:mini,32.0,4839,519.66,17.17,.050032,24.168712
1780304282,phi3:mini,31.0,4842,517.34,17.06,.050256,25.436042
1780304307,phi3:mini,34.0,4844,506.96,17.38,.051285,18.694053
1780304326,phi3:mini,34.0,4840,513.16,17.29,.050665,22.485915
1780304349,phi3:mini,33.0,4843,509.83,19.40,.050996,3.967223
1780304353,phi3:mini,34.0,4842,447.56,18.80,.058092,7.336772
1780304361,phi3:mini,33.0,4846,512.71,17.76,.050710,16.546789
1780304377,phi3:mini,33.0,4843,452.27,18.42,.057486,11.834782
1780304389,phi3:mini,33.0,4838,423.10,18.49,.061451,10.598598
1780304400,phi3:mini,33.0,4835,490.89,18.03,.052964,12.143178
1780304412,phi3:mini,33.0,4830,514.64,18.04,.050520,13.741861
1780304426,phi3:mini,34.0,4831,475.24,20.52,.054708,1.608040
1780304428,phi3:mini,33.0,4832,477.78,18.05,.054417,12.020513
1780304440,phi3:mini,33.0,4866,453.23,17.97,.057364,14.300771
1780304455,phi3:mini,34.0,4871,501.67,18.94,.051826,6.017382
1780304461,phi3:mini,34.0,4873,511.42,16.98,.050838,21.728934
1780304483,phi3:mini,33.0,4880,473.87,17.04,.054866,22.355217
1780304505,phi3:mini,34.0,4877,520.15,16.75,.049984,27.330428
1780304533,phi3:mini,33.0,4865,496.50,16.60,.052365,28.848492
1780304562,phi3:mini,34.0,4853,512.35,19.58,.050745,2.604181
1780304565,phi3:mini,34.0,4856,456.35,18.20,.056972,12.521029
1780304577,phi3:mini,34.0,4848,496.59,17.57,.052356,19.348681
1780304597,phi3:mini,33.0,4848,525.37,18.69,.049488,7.326498
1780304604,phi3:mini,33.0,4848,488.83,18.84,.053188,7.958737
1780304613,phi3:mini,34.0,4849,451.63,18.29,.057568,12.735832
1780304626,phi3:mini,33.0,4847,477.97,17.35,.054396,22.353174
1780304648,phi3:mini,33.0,4858,478.54,17.75,.054330,20.158691
1780304668,phi3:mini,33.0,4861,541.07,16.32,.048052,33.080948
1780304702,phi3:mini,33.0,4843,469.38,18.40,.055391,10.592625
1780304713,phi3:mini,33.0,4839,522.45,18.94,.049765,4.803826
1780304717,phi3:mini,33.0,4837,489.26,19.26,.053141,3.997731
1780304722,phi3:mini,34.0,4838,501.84,18.11,.051808,11.262910
1780304733,phi3:mini,34.0,4841,504.55,16.83,.051530,26.313456
1780304760,phi3:mini,32.0,4840,453.21,18.74,.057367,6.561311
1780304766,phi3:mini,33.0,4844,533.32,18.82,.048750,6.481408
1780304773,phi3:mini,33.0,4838,501.17,19.19,.051877,4.948287
1780304778,phi3:mini,33.0,4839,467.42,19.73,.055624,2.837787
1780304781,phi3:mini,34.0,4840,492.86,18.83,.052752,7.275110
1780304788,phi3:mini,33.0,4840,473.08,18.80,.054958,7.283880
1780304796,phi3:mini,33.0,4840,473.27,17.28,.054936,20.535407
1780304817,phi3:mini,34.0,4841,485.14,19.42,.053592,3.191150
1780304820,phi3:mini,33.0,4842,519.05,17.27,.050090,22.288182
1780304842,phi3:mini,34.0,4840,507.82,19.45,.051199,4.317487
1780304847,phi3:mini,33.0,4829,487.66,17.56,.053315,18.506173
1780304866,phi3:mini,33.0,4835,475.23,18.31,.054709,12.884976
1780304879,phi3:mini,32.0,4839,465.63,18.59,.055838,10.166024
1780304889,phi3:mini,34.0,4842,459.47,17.28,.056585,21.118505
1780304910,phi3:mini,33.0,4845,480.76,17.41,.054080,20.382667
1780304931,phi3:mini,34.0,4848,448.85,18.74,.057925,8.643545
1780304940,phi3:mini,34.0,4845,486.05,17.89,.053492,14.532779
1780304954,phi3:mini,34.0,4836,506.48,17.08,.051333,22.535561
1780304977,phi3:mini,33.0,4845,480.52,18.97,.054107,6.536340
1780304984,phi3:mini,33.0,4845,501.10,16.69,.051885,25.755860
1780305010,phi3:mini,33.0,4847,475.40,19.24,.054690,4.936327
1780305015,phi3:mini,33.0,4851,517.12,18.50,.050277,11.782659
1780305027,phi3:mini,30.0,4850,546.78,18.54,.047550,10.246829
1780305037,phi3:mini,34.0,4848,509.47,17.43,.051032,19.677876
1780305057,phi3:mini,34.0,4835,505.72,18.23,.051411,10.856726
1780305068,phi3:mini,33.0,4840,488.10,18.15,.053266,13.828965
1780305082,phi3:mini,33.0,4839,487.21,19.26,.053364,5.709965
1780305088,phi3:mini,34.0,4838,486.12,16.96,.053484,24.987134
1780305113,phi3:mini,32.0,4841,519.35,19.59,.050062,4.643580
1780305118,phi3:mini,33.0,4837,476.11,18.10,.054609,10.492904
1780305129,phi3:mini,33.0,4836,433.56,18.00,.059967,13.554176
1780305142,phi3:mini,32.0,4837,518.40,17.63,.050154,15.873677
1780305159,phi3:mini,33.0,4840,517.90,18.60,.050201,10.427685
1780305169,phi3:mini,32.0,4836,493.61,18.31,.052672,11.904211
1780305181,phi3:mini,34.0,4835,440.77,16.94,.058987,25.784740
1780305207,phi3:mini,33.0,4836,480.36,17.98,.054125,12.286129
1780305220,phi3:mini,30.0,4841,468.91,17.56,.055447,18.388687
1780305238,phi3:mini,34.0,4843,554.36,16.12,.046900,35.651579
1780305274,phi3:mini,33.0,4844,459.53,17.52,.056578,17.745626
1780305292,phi3:mini,34.0,4848,503.32,16.18,.051656,35.103524
1780305327,phi3:mini,33.0,4845,497.67,17.81,.052242,15.769333
1780305343,phi3:mini,34.0,4848,532.10,16.25,.048862,35.919680
1780305379,phi3:mini,33.0,4841,531.94,16.81,.048877,24.329261
1780305404,phi3:mini,33.0,4842,487.70,17.38,.053311,20.131478
1780305424,phi3:mini,33.0,4847,459.20,19.54,.056619,2.865184
1780305427,phi3:mini,33.0,4847,469.93,18.44,.055326,11.386763
1780305439,phi3:mini,33.0,4842,477.85,15.97,.054409,37.990879
1780305477,phi3:mini,33.0,4844,523.04,17.78,.049708,17.488995
1780305495,phi3:mini,32.0,4841,559.58,17.60,.046462,17.610929
1780305513,phi3:mini,33.0,4839,495.85,19.06,.052434,6.084847
1780305519,phi3:mini,32.0,4844,436.73,17.81,.059533,18.076500
1780305537,phi3:mini,33.0,4839,472.61,18.75,.055013,7.410719
1780305545,phi3:mini,34.0,4831,516.61,15.68,.050327,49.784791
1780305595,phi3:mini,32.0,4837,554.62,18.63,.046878,11.752746
1780305607,phi3:mini,33.0,4834,545.94,17.62,.047624,18.210938
1780305625,phi3:mini,32.0,4837,484.72,17.88,.053638,15.708176
1780305641,phi3:mini,33.0,4835,435.45,17.76,.059707,18.412104
1780305659,phi3:mini,33.0,4838,472.40,17.26,.055037,19.171769
1780305679,phi3:mini,33.0,4840,497.86,17.54,.052222,20.801845
1780305700,phi3:mini,33.0,4838,460.57,17.49,.056451,21.548795
1780305722,phi3:mini,33.0,4839,554.27,17.20,.046908,20.749517
1780305742,phi3:mini,33.0,4838,492.43,17.97,.052798,13.071238
1780305756,phi3:mini,33.0,4839,434.89,17.46,.059784,17.631663
1780305774,phi3:mini,34.0,4842,491.97,15.12,.052848,53.271791
1780305827,phi3:mini,33.0,4841,460.90,17.67,.056410,15.841789
1780305843,phi3:mini,31.0,4844,444.01,20.39,.058556,1.666914
1780305845,phi3:mini,34.0,4846,563.23,17.79,.046162,14.108919
1780305859,phi3:mini,33.0,4843,473.34,15.84,.054928,40.010860
1780305899,phi3:mini,33.0,4843,533.46,18.18,.048737,12.868185
1780305912,phi3:mini,34.0,4842,529.01,18.57,.049147,7.966599
1780305921,phi3:mini,30.0,4844,454.98,17.87,.057144,14.045277
1780305935,phi3:mini,33.0,4838,517.53,17.35,.050237,18.724571
1780305954,phi3:mini,33.0,4828,529.93,18.26,.049062,13.739851
1780305968,phi3:mini,34.0,4827,539.68,17.26,.048176,21.317418
1780305989,phi3:mini,31.0,4835,509.50,18.64,.051029,9.387021
1780305999,phi3:mini,34.0,4829,488.22,17.10,.053253,24.205205
1780306023,phi3:mini,34.0,4837,535.70,17.71,.048534,16.989738
1780306040,phi3:mini,33.0,4837,538.27,19.24,.048302,3.481906
1780306044,phi3:mini,34.0,4834,451.38,17.76,.057600,16.150907
1780306060,phi3:mini,33.0,4834,475.17,16.68,.054716,26.077292
1780306087,phi3:mini,30.0,4842,498.14,18.81,.052193,8.929792
1780306096,phi3:mini,33.0,4842,488.48,19.58,.053226,3.268547
1780306099,phi3:mini,33.0,4838,480.04,17.71,.054162,15.187402
1780306114,phi3:mini,33.0,4832,507.58,17.64,.051222,15.810232
1780306130,phi3:mini,34.0,4841,443.84,16.69,.058579,34.981982
1780306166,phi3:mini,34.0,4846,447.26,19.58,.058131,6.125770
1780306172,phi3:mini,33.0,4846,513.07,18.31,.050675,13.482716
1780306186,phi3:mini,33.0,4839,445.90,17.66,.058308,18.795661
1780306205,phi3:mini,33.0,4844,510.92,15.93,.050887,40.216545
1780306245,phi3:mini,33.0,4842,449.61,16.99,.057827,24.532779
1780306270,phi3:mini,33.0,4843,513.71,18.09,.050612,14.148455
1780306284,phi3:mini,34.0,4846,484.75,17.74,.053634,17.578251
1780306302,phi3:mini,33.0,4844,469.19,19.21,.055414,5.255974
1780306307,phi3:mini,34.0,4846,458.18,17.24,.056745,21.280108
1780306329,phi3:mini,34.0,4846,517.43,16.70,.050247,26.992381
1780306356,phi3:mini,33.0,4844,446.42,16.54,.058240,30.588985
1780306387,phi3:mini,32.0,4848,515.59,17.69,.050426,16.671187
1780306404,phi3:mini,33.0,4843,430.89,17.53,.060340,20.650285
1780306424,phi3:mini,33.0,4840,504.40,17.57,.051546,17.126176
1780306442,phi3:mini,33.0,4840,579.32,18.10,.044879,13.865616
1780306456,phi3:mini,34.0,4846,495.59,18.43,.052462,7.757115
1780306464,phi3:mini,33.0,4838,467.62,17.47,.055599,21.293124
1780306485,phi3:mini,34.0,4841,535.54,18.84,.048548,6.259979
1780306492,phi3:mini,34.0,4846,472.93,18.13,.054975,10.695269
1780306503,phi3:mini,34.0,4845,455.49,17.76,.057080,16.550187
1780306519,phi3:mini,34.0,4848,507.91,18.09,.051189,13.208461
1780306533,phi3:mini,30.0,4850,468.07,18.65,.055546,8.738111
1780306542,phi3:mini,33.0,4851,466.10,18.84,.055780,8.649602
1780306550,phi3:mini,33.0,4848,464.82,17.76,.055934,14.411218
1780306565,phi3:mini,34.0,4849,466.23,17.55,.055766,18.745167
1780306584,phi3:mini,33.0,4835,447.16,15.98,.058144,37.847146
1780306622,phi3:mini,34.0,4845,395.48,15.62,.065741,47.224278
1780306669,phi3:mini,32.0,4840,533.17,17.80,.048764,16.117039
1780306686,phi3:mini,34.0,4844,486.55,18.18,.053436,14.075308
1780306700,phi3:mini,34.0,4835,516.78,18.19,.050311,12.860493
1780306713,phi3:mini,34.0,4839,481.95,17.96,.053947,15.867295
1780306729,phi3:mini,33.0,4843,471.23,19.51,.055173,3.074668
1780306732,phi3:mini,33.0,4839,500.48,16.64,.051949,25.894782
1780306758,phi3:mini,33.0,4839,486.13,17.52,.053483,18.773323
1780306777,phi3:mini,32.0,4833,508.29,17.85,.051151,14.336064
1780306792,phi3:mini,33.0,4838,499.47,17.82,.052054,16.385537
1780306809,phi3:mini,34.0,4836,530.92,19.85,.048971,4.331254
1780306813,phi3:mini,34.0,4838,506.28,17.22,.051354,25.549080
1780306839,phi3:mini,33.0,4842,511.19,18.84,.050861,10.824579
1780306850,phi3:mini,33.0,4840,517.77,17.15,.050215,26.286201
1780306876,phi3:mini,33.0,4839,559.54,18.97,.046466,10.173429
1780306887,phi3:mini,33.0,4841,518.90,18.24,.050105,16.110746
1780306903,phi3:mini,34.0,4842,489.07,17.74,.053161,19.104632
1780306922,phi3:mini,34.0,4844,510.30,18.44,.050949,11.820588
1780306934,phi3:mini,34.0,4850,491.64,17.76,.052884,18.347366
1780306953,phi3:mini,34.0,4845,527.59,18.93,.049280,7.867572
1780306961,phi3:mini,33.0,4846,508.54,18.50,.051125,10.539578
1780306972,phi3:mini,34.0,4839,535.22,18.09,.048577,13.211204
1780306985,phi3:mini,33.0,4848,476.50,17.31,.054563,21.659124
1780307007,phi3:mini,33.0,4845,454.28,18.65,.057232,8.470183
1780307015,phi3:mini,34.0,4851,498.62,20.88,.052143,.957564
1780307017,phi3:mini,34.0,4846,530.76,18.66,.048985,6.481980
1780307023,phi3:mini,34.0,4843,517.38,17.80,.050252,16.232442
1780307040,phi3:mini,33.0,4844,497.21,17.96,.052291,15.142062
1780307055,phi3:mini,34.0,4848,481.77,19.14,.053967,7.154924
1780307062,phi3:mini,34.0,4845,521.10,15.57,.049893,48.986047
1780307112,phi3:mini,33.0,4841,525.38,19.94,.049487,3.609976
1780307115,phi3:mini,33.0,4841,520.19,17.46,.049981,19.637544
1780307135,phi3:mini,30.0,4835,476.15,17.94,.054603,13.315450
1780307149,phi3:mini,34.0,4839,505.09,18.54,.051475,10.570695
1780307159,phi3:mini,34.0,4843,543.88,16.84,.047804,32.234422
1780307192,phi3:mini,34.0,4839,511.52,17.60,.050827,21.067776
1780307213,phi3:mini,34.0,4843,484.36,20.12,.053678,2.881313
1780307216,phi3:mini,34.0,4841,474.23,18.13,.054824,15.989139
1780307232,phi3:mini,34.0,4845,512.12,17.92,.050768,14.283264
1780307247,phi3:mini,34.0,4846,474.22,16.89,.054825,25.093606
1780307272,phi3:mini,34.0,4845,456.90,17.27,.056904,20.668482
1780307293,phi3:mini,34.0,4845,488.64,17.31,.053208,20.671711
1780307314,phi3:mini,33.0,4851,479.66,17.45,.054204,18.616425
1780307333,phi3:mini,33.0,4848,534.48,16.82,.048644,30.187493
1780307363,phi3:mini,33.0,4848,489.28,16.48,.053139,32.934579
1780307396,phi3:mini,33.0,4841,483.20,17.46,.053806,20.322801
1780307417,phi3:mini,34.0,4840,496.42,19.59,.052374,3.265445
1780307420,phi3:mini,36.0,4841,468.89,16.50,.055450,31.877634
1780307452,phi3:mini,34.0,4847,460.72,17.95,.056432,13.088460
1780307465,phi3:mini,34.0,4840,459.58,18.27,.056572,9.575417
1780307475,phi3:mini,34.0,4847,516.61,17.02,.050327,24.910525
1780307500,phi3:mini,34.0,4846,521.41,18.34,.049864,10.577844
1780307511,phi3:mini,34.0,4845,532.91,17.70,.048787,15.081385
1780307526,phi3:mini,34.0,4844,462.17,18.36,.056256,14.157027
1780307541,phi3:mini,34.0,4846,471.53,18.28,.055138,16.957765
1780307558,phi3:mini,36.0,4840,486.46,17.74,.053447,19.781784
1780307578,phi3:mini,33.0,4849,478.55,18.32,.054329,11.134892
1780307589,phi3:mini,34.0,4843,539.39,18.14,.048201,12.897381
1780307602,phi3:mini,34.0,4846,502.69,17.07,.051721,25.478479
1780307628,phi3:mini,34.0,4837,507.64,16.22,.051216,36.414251
1780307664,phi3:mini,33.0,4841,500.42,18.56,.051956,7.540898
1780307672,phi3:mini,34.0,4846,508.39,18.02,.051141,14.420486
1780307687,phi3:mini,33.0,4845,461.25,18.28,.056368,12.850713
1780307700,phi3:mini,31.0,4836,471.23,17.00,.055174,30.042904
1780307730,phi3:mini,34.0,4832,505.43,18.73,.051440,11.584161
1780307742,phi3:mini,34.0,4836,499.22,17.44,.052081,21.494089
1780307763,phi3:mini,33.0,4845,500.44,16.13,.051953,38.488829
1780307802,phi3:mini,33.0,4839,499.51,20.65,.052050,.871491
1780307803,phi3:mini,34.0,4835,518.47,17.73,.050146,18.155549
1780307821,phi3:mini,34.0,4841,494.07,18.83,.052623,10.086261
1780307832,phi3:mini,34.0,4838,534.71,19.87,.048624,2.918323
1780307835,phi3:mini,34.0,4834,500.36,16.77,.051961,25.449499
1780307860,phi3:mini,34.0,4839,484.53,18.87,.053659,8.580671
1780307869,phi3:mini,34.0,4842,501.77,16.60,.051815,33.481558
1780307903,phi3:mini,34.0,4840,509.26,19.60,.051054,5.152775
1780307908,phi3:mini,33.0,4839,450.39,17.35,.057727,24.084417
1780307932,phi3:mini,34.0,4842,461.04,16.88,.056394,29.613672
1780307962,phi3:mini,34.0,4845,528.14,15.83,.049229,40.850662
1780308003,phi3:mini,33.0,4843,532.65,17.18,.048811,21.295647
1780308025,phi3:mini,33.0,4846,465.39,15.80,.055866,39.742146
1780308065,phi3:mini,34.0,4845,503.64,18.91,.051623,5.340492
1780308070,phi3:mini,34.0,4845,429.21,15.80,.060575,43.781765
1780308114,phi3:mini,34.0,4842,479.88,18.84,.054179,7.374201
1780308122,phi3:mini,34.0,4847,506.16,20.11,.051366,2.535011
1780308125,phi3:mini,34.0,4847,522.15,18.01,.049793,13.823769
1780308139,phi3:mini,34.0,4849,472.27,17.47,.055052,18.312769
1780308157,phi3:mini,36.0,4852,522.76,18.16,.049735,12.055580
1780308169,phi3:mini,33.0,4844,497.00,16.88,.052313,25.581968
1780308195,phi3:mini,34.0,4846,471.57,18.07,.055133,12.063365
1780308207,phi3:mini,33.0,4842,503.62,17.73,.051625,15.396306
1780308223,phi3:mini,34.0,4837,472.66,18.51,.055007,11.831212
1780308235,phi3:mini,33.0,4831,525.81,17.13,.049447,22.354383
1780308257,phi3:mini,34.0,4836,460.31,17.93,.056483,17.839094
1780308275,phi3:mini,34.0,4838,539.44,17.01,.048197,29.151323
1780308305,phi3:mini,34.0,4839,513.77,18.06,.050605,13.896840
1780308319,phi3:mini,34.0,4834,515.24,17.21,.050461,21.031517
1780308340,phi3:mini,34.0,4833,502.91,19.48,.051698,5.183436
1780308345,phi3:mini,34.0,4825,478.65,19.66,.054318,2.948858
1780308349,phi3:mini,36.0,4827,476.18,17.76,.054601,18.071965
1780308367,phi3:mini,34.0,4832,422.33,18.17,.061562,13.149828
1780308380,phi3:mini,34.0,4835,478.24,17.72,.054365,16.808787
1780308397,phi3:mini,34.0,4838,437.61,18.08,.059412,14.767183
1780308412,phi3:mini,33.0,4838,500.13,17.20,.051986,18.597920
1780308431,phi3:mini,33.0,4835,474.92,13.12,.054745,111.567002
1780308543,phi3:mini,33.0,4840,460.42,17.65,.056469,21.754108
1780308565,phi3:mini,34.0,4836,529.33,17.54,.049118,20.457363
1780308585,phi3:mini,34.0,4842,531.40,16.89,.048926,29.653573
1780308615,phi3:mini,30.0,4844,508.44,17.79,.051136,15.399641
1780308631,phi3:mini,33.0,4844,515.85,15.90,.050402,42.010222
1780308673,phi3:mini,33.0,4848,490.99,19.31,.052953,5.694654
1780308679,phi3:mini,34.0,4838,482.22,19.08,.053917,6.444809
1780308685,phi3:mini,33.0,4826,457.72,18.39,.056803,10.817056
1780308696,phi3:mini,33.0,4830,544.88,19.02,.047716,5.940719
1780308703,phi3:mini,34.0,4834,459.78,20.33,.056548,1.819565
1780308705,phi3:mini,34.0,4831,469.93,17.86,.055326,16.516574
1780308721,phi3:mini,33.0,4839,518.55,17.98,.050139,17.235367
1780308739,phi3:mini,34.0,4839,512.37,17.67,.050743,19.241633
1780308758,phi3:mini,34.0,4837,494.40,16.14,.052588,38.270388
1780308797,phi3:mini,33.0,4846,530.23,16.30,.049034,34.843107
1780308832,phi3:mini,34.0,4843,495.28,17.05,.052495,24.215506
1780308856,phi3:mini,34.0,4845,491.27,16.39,.052923,35.245665
1780308891,phi3:mini,34.0,4841,518.77,19.31,.050117,5.072869
1780308897,phi3:mini,34.0,4840,486.38,16.50,.053455,31.927206
1780308929,phi3:mini,32.0,4843,468.52,19.57,.055493,4.443605
1780308934,phi3:mini,34.0,4842,475.94,16.90,.054627,26.263393
1780308960,phi3:mini,30.0,4838,466.96,17.49,.055679,18.751770
1780308979,phi3:mini,34.0,4838,480.35,18.91,.054126,5.973067
1780308985,phi3:mini,34.0,4843,513.90,17.62,.050592,18.154614
1780309003,phi3:mini,34.0,4841,436.45,17.42,.059571,19.688680
1780309023,phi3:mini,33.0,4837,502.20,16.14,.051771,38.333551
1780309062,phi3:mini,34.0,4840,558.53,16.69,.046550,31.258007
1780309093,phi3:mini,34.0,4845,452.67,18.44,.057436,13.123446
1780309107,phi3:mini,34.0,4839,499.26,18.26,.052076,11.938391
1780309119,phi3:mini,33.0,4840,521.91,19.03,.049816,7.146249
1780309126,phi3:mini,34.0,4837,489.90,17.40,.053071,19.195187
1780309145,phi3:mini,34.0,4839,527.57,18.30,.049282,10.491136
1780309156,phi3:mini,34.0,4839,489.42,17.90,.053123,13.348901
1780309170,phi3:mini,36.0,4839,472.43,17.51,.055033,17.589675
1780309187,phi3:mini,34.0,4841,471.75,17.90,.055113,15.694111
1780309203,phi3:mini,33.0,4835,515.56,17.07,.050429,21.497619
1780309225,phi3:mini,34.0,4840,493.03,17.02,.052734,25.309432
1780309250,phi3:mini,30.0,4842,526.92,17.21,.049342,19.744532
1780309270,phi3:mini,36.0,4840,504.65,17.52,.051520,16.888086
1780309287,phi3:mini,34.0,4838,491.58,17.22,.052889,22.462973
1780309310,phi3:mini,34.0,4841,485.03,17.45,.053604,20.222474
1780309331,phi3:mini,34.0,4839,510.99,16.79,.050881,26.196461
1780309357,phi3:mini,33.0,4840,496.34,16.73,.052382,26.886049
1780309384,phi3:mini,34.0,4830,519.72,17.42,.050026,19.507790
1780309404,phi3:mini,34.0,4835,492.07,17.79,.052837,18.091334
1780309422,phi3:mini,34.0,4838,477.42,17.69,.054458,18.143887
1780309440,phi3:mini,34.0,4843,505.84,19.37,.051399,4.904184
1780309445,phi3:mini,34.0,4838,504.37,16.07,.051548,35.389776
1780309481,phi3:mini,34.0,4846,476.92,16.49,.054515,27.227064
1780309508,phi3:mini,33.0,4848,493.94,17.34,.052637,21.908030
1780309530,phi3:mini,34.0,4848,479.50,17.26,.054222,26.589620
1780309557,phi3:mini,34.0,4847,491.86,17.65,.052860,17.559655
1780309575,phi3:mini,34.0,4843,480.98,18.42,.054055,11.830677
1780309587,phi3:mini,34.0,4844,480.35,17.51,.054127,18.842929
1780309606,phi3:mini,34.0,4835,484.47,18.34,.053665,12.863361
1780309619,phi3:mini,33.0,4845,488.86,17.56,.053184,20.434955
1780309640,phi3:mini,34.0,4847,462.59,17.23,.056204,20.366609
1780309660,phi3:mini,34.0,4847,476.49,18.29,.054564,10.331453
1780309671,phi3:mini,36.0,4845,470.35,19.21,.055277,5.464204
1780309676,phi3:mini,34.0,4844,457.27,16.66,.056858,27.067768
1780309704,phi3:mini,33.0,4838,516.97,19.16,.050292,4.958180
1780309709,phi3:mini,34.0,4839,516.85,20.52,.050304,.877122
1780309710,phi3:mini,36.0,4831,485.29,17.13,.053576,22.294322
1780309732,phi3:mini,34.0,4840,455.34,17.83,.057099,15.980101
1780309748,phi3:mini,37.0,4846,426.69,17.77,.060933,18.225111
1780309767,phi3:mini,34.0,4838,464.29,17.49,.055998,17.657682
1780309785,phi3:mini,34.0,4837,484.41,16.07,.053672,36.650856
1780309822,phi3:mini,34.0,4840,545.57,18.82,.047656,10.148207
1780309832,phi3:mini,34.0,4845,473.99,18.68,.054853,8.723202
1780309841,phi3:mini,34.0,4839,507.51,18.81,.051229,10.100031
1780309851,phi3:mini,33.0,4841,480.64,20.80,.054094,1.442094
1780309853,phi3:mini,36.0,4841,478.09,19.63,.054382,5.754842
1780309859,phi3:mini,34.0,4847,546.31,20.34,.047591,1.179502
1780309860,phi3:mini,36.0,4846,562.54,17.27,.046218,28.832949
1780309889,phi3:mini,34.0,4842,496.17,19.03,.052400,9.769207
1780309899,phi3:mini,34.0,4838,478.38,17.07,.054349,27.764648
1780309927,phi3:mini,34.0,4833,524.20,23.77,.049598,.294373
1780309927,phi3:mini,34.0,4836,449.00,15.72,.057905,45.603093
1780309973,phi3:mini,31.0,4846,515.27,17.50,.050458,21.079114
1780309994,phi3:mini,36.0,4844,494.55,17.78,.052572,17.989860
1780310013,phi3:mini,34.0,4839,475.33,17.39,.054697,18.858589
1780310032,phi3:mini,34.0,4836,480.99,18.30,.054054,12.783787
1780310045,phi3:mini,34.0,4836,504.63,17.01,.051522,24.981278
1780310070,phi3:mini,34.0,4843,475.62,17.45,.054665,24.236620
1780310094,phi3:mini,34.0,4837,505.96,17.95,.051386,18.492222
1780310113,phi3:mini,34.0,4843,446.67,17.18,.058208,22.990041
1780310136,phi3:mini,34.0,4846,515.24,16.94,.050461,26.612384
1780310163,phi3:mini,34.0,4848,522.90,17.23,.049722,23.151621
1780310186,phi3:mini,34.0,4848,473.34,17.37,.054927,21.462293
1780310208,phi3:mini,34.0,4846,475.56,18.22,.054671,16.848347
1780310225,phi3:mini,34.0,4848,506.39,18.06,.051343,14.170464
1780310239,phi3:mini,36.0,4842,490.14,17.62,.053045,18.102526
1780310258,phi3:mini,34.0,4836,452.74,18.56,.057427,9.536221
1780310267,phi3:mini,34.0,4844,503.25,19.18,.051663,4.482130
1780310272,phi3:mini,34.0,4835,550.66,18.10,.047215,15.797429
1780310288,phi3:mini,36.0,4841,453.90,18.02,.057281,14.092895
1780310302,phi3:mini,34.0,4842,493.93,18.07,.052638,14.437542
1780310317,phi3:mini,34.0,4842,479.69,17.42,.054201,21.746645
1780310339,phi3:mini,34.0,4838,482.54,17.51,.053880,20.151473
1780310359,phi3:mini,34.0,4841,498.99,16.31,.052104,31.075409
1780310390,phi3:mini,34.0,4845,485.92,17.37,.053506,20.601561
1780310411,phi3:mini,33.0,4838,509.30,18.67,.051049,7.872535
1780310419,phi3:mini,34.0,4842,474.64,19.10,.054777,5.286931
1780310425,phi3:mini,33.0,4845,524.88,16.35,.049534,32.465240
1780310457,phi3:mini,34.0,4845,494.24,17.88,.052605,14.702035
1780310472,phi3:mini,34.0,4849,506.45,17.15,.051336,20.815099
1780310493,phi3:mini,34.0,4840,468.79,13.57,.055461,90.533058
1780310584,phi3:mini,34.0,4836,483.18,17.36,.053809,19.287560
1780310603,phi3:mini,34.0,4839,472.80,16.37,.054991,34.387830
1780310638,phi3:mini,34.0,4846,527.20,17.66,.049317,16.412745
1780310655,phi3:mini,34.0,4842,483.13,18.07,.053815,12.115216
1780310667,phi3:mini,34.0,4841,493.53,17.86,.052680,17.185621
1780310684,phi3:mini,36.0,4847,494.48,17.29,.052579,22.266741
1780310707,phi3:mini,34.0,4844,471.19,18.35,.055179,11.601377
1780310719,phi3:mini,34.0,4845,515.20,15.39,.050465,49.093134
1780310768,phi3:mini,34.0,4834,500.54,18.07,.051943,12.887356
1780310781,phi3:mini,34.0,4840,532.61,17.78,.048815,17.997307
1780310799,phi3:mini,34.0,4836,466.01,17.82,.055791,14.977984
1780310814,phi3:mini,36.0,4834,470.00,17.19,.055319,21.696419
1780310836,phi3:mini,34.0,4836,518.70,16.30,.050124,32.557755
1780310869,phi3:mini,34.0,4843,491.48,18.05,.052900,18.001391
1780310887,phi3:mini,34.0,4839,506.99,17.64,.051282,18.586066
1780310906,phi3:mini,34.0,4843,496.72,18.23,.052342,11.953393
1780310918,phi3:mini,34.0,4838,502.74,18.83,.051715,7.591167
1780310926,phi3:mini,34.0,4837,511.21,18.84,.050858,6.367337
1780310932,phi3:mini,34.0,4835,484.49,19.58,.053664,4.237051
1780310937,phi3:mini,36.0,4832,467.37,15.48,.055629,49.417473
1780310986,phi3:mini,34.0,4841,505.54,17.52,.051429,24.649710
1780311011,phi3:mini,36.0,4843,545.67,17.45,.047647,21.656735
1780311033,phi3:mini,36.0,4845,487.15,15.34,.053371,49.540694
1780311083,phi3:mini,34.0,4844,503.91,17.13,.051595,22.411808
1780311105,phi3:mini,36.0,4843,546.44,16.86,.047580,26.676802
1780311132,phi3:mini,34.0,4850,539.13,20.80,.048225,.720988
1780311133,phi3:mini,34.0,4843,532.58,16.95,.048818,29.954793
1780311163,phi3:mini,34.0,4850,470.39,18.47,.055272,11.799244
1780311175,phi3:mini,36.0,4849,495.70,15.07,.052450,54.141854
1780311230,phi3:mini,33.0,4845,488.38,17.42,.053236,18.481982
1780311248,phi3:mini,36.0,4847,467.09,16.01,.055663,48.651986
1780311297,phi3:mini,34.0,4845,535.05,17.28,.048593,25.170003
1780311323,phi3:mini,34.0,4841,463.02,20.10,.056152,2.437331
1780311325,phi3:mini,34.0,4844,487.63,18.61,.053318,11.764363
1780311337,phi3:mini,34.0,4846,478.99,15.77,.054280,44.747283
1780311382,phi3:mini,34.0,4845,515.50,17.97,.050435,15.413614
1780311398,phi3:mini,33.0,4850,487.19,19.31,.053366,4.867891
1780311403,phi3:mini,36.0,4850,493.75,18.36,.052657,11.601216
1780311415,phi3:mini,31.0,4847,502.38,16.38,.051752,31.866875
1780311447,phi3:mini,34.0,4841,497.28,18.20,.052284,11.916812
1780311459,phi3:mini,34.0,4844,478.65,17.41,.054318,20.897271
1780311480,phi3:mini,34.0,4855,501.16,16.43,.051878,32.909206
1780311513,phi3:mini,34.0,4844,498.37,17.65,.052169,17.446434
1780311531,phi3:mini,34.0,4842,506.52,17.38,.051330,20.246886
1780311551,phi3:mini,36.0,4850,514.21,17.66,.050562,16.696526
1780311568,phi3:mini,36.0,4848,490.69,18.21,.052985,11.968901
1780311580,phi3:mini,34.0,4846,531.45,17.82,.048922,15.368711
1780311596,phi3:mini,36.0,4847,531.98,16.59,.048873,31.524327
1780311627,phi3:mini,34.0,4878,493.23,18.74,.052713,7.147660
1780311635,phi3:mini,36.0,4849,458.21,17.90,.056741,12.735892
1780311647,phi3:mini,36.0,4853,490.86,18.21,.052967,11.364188
1780311659,phi3:mini,36.0,4852,502.08,17.25,.051783,20.750414
1780311680,phi3:mini,34.0,4853,516.98,18.35,.050291,9.641133
1780311690,phi3:mini,36.0,4847,550.97,18.16,.047189,13.870863
1780311704,phi3:mini,34.0,4845,511.19,17.04,.050861,26.755361
1780311731,phi3:mini,31.0,4853,514.54,18.26,.050530,11.332530
1780311742,phi3:mini,34.0,4853,496.44,17.40,.052372,17.350490
1780311760,phi3:mini,36.0,4853,494.67,15.79,.052559,41.663247
1780311802,phi3:mini,34.0,4842,516.77,17.38,.050311,19.036671
1780311821,phi3:mini,31.0,4843,482.00,18.33,.053941,12.161646
1780311833,phi3:mini,36.0,4842,529.87,20.78,.049067,1.010283
1780311834,phi3:mini,36.0,4837,512.88,17.06,.050693,25.202765
1780311860,phi3:mini,34.0,4843,453.81,17.55,.057292,17.887795
1780311878,phi3:mini,34.0,4836,465.26,17.75,.055881,16.167756
1780311894,phi3:mini,36.0,4840,498.02,18.68,.052206,8.775781
1780311903,phi3:mini,37.0,4838,547.41,18.57,.047495,11.789643
1780311915,phi3:mini,37.0,4840,491.00,17.34,.052952,21.387962
1780311937,phi3:mini,36.0,4847,506.60,17.37,.051322,19.163100
1780311956,phi3:mini,34.0,4839,510.97,16.78,.050883,26.337628
1780311983,phi3:mini,34.0,4839,504.79,18.47,.051506,10.553531
1780311993,phi3:mini,34.0,4840,474.51,15.64,.054792,48.579219
1780312042,phi3:mini,34.0,4832,535.48,19.30,.048553,6.111065
1780312048,phi3:mini,34.0,4834,477.36,17.84,.054466,18.435432
1780312067,phi3:mini,36.0,4836,487.55,17.91,.053327,16.185052
1780312083,phi3:mini,36.0,4832,520.42,17.28,.049959,19.896961
1780312103,phi3:mini,34.0,4836,475.76,18.87,.054649,7.999742
1780312112,phi3:mini,34.0,4841,498.02,15.46,.052206,47.847808
1780312160,phi3:mini,34.0,4837,466.20,19.73,.055768,2.989147
1780312163,phi3:mini,34.0,4833,513.59,15.39,.050623,49.379506
1780312212,phi3:mini,34.0,4840,547.81,17.22,.047460,21.599862
1780312234,phi3:mini,34.0,4845,464.34,17.77,.055992,16.428789
1780312251,phi3:mini,34.0,4843,504.92,18.48,.051492,12.335475
1780312263,phi3:mini,34.0,4844,501.19,18.13,.051875,11.580832
1780312275,phi3:mini,33.0,4835,476.85,18.33,.054523,10.747387
1780312286,phi3:mini,34.0,4835,521.24,15.96,.049880,37.777627
1780312324,phi3:mini,33.0,4838,478.88,18.23,.054293,11.463450
1780312336,phi3:mini,33.0,4841,488.44,18.13,.053230,11.966533
1780312348,phi3:mini,34.0,4836,498.81,21.02,.052123,.998912
1780312349,phi3:mini,34.0,4834,475.77,18.71,.054647,7.963225
1780312357,phi3:mini,34.0,4828,526.30,16.87,.049400,25.605541
1780312383,phi3:mini,34.0,4832,460.20,17.17,.056496,21.603960
1780312405,phi3:mini,34.0,4840,502.13,18.00,.051778,13.163918
1780312418,phi3:mini,30.0,4838,514.38,17.38,.050545,18.524079
1780312437,phi3:mini,34.0,4844,435.75,18.51,.059667,12.745736
1780312450,phi3:mini,36.0,4841,507.64,19.52,.051217,5.991610
1780312456,phi3:mini,36.0,4829,516.73,19.17,.050315,7.927148
1780312464,phi3:mini,36.0,4835,524.45,20.40,.049574,1.518971
1780312466,phi3:mini,37.0,4829,515.82,18.44,.050404,15.396770
1780312481,phi3:mini,34.0,4841,500.19,18.76,.051980,8.741860
1780312490,phi3:mini,34.0,4839,451.86,13.16,.057539,108.338948
1780312599,phi3:mini,33.0,4840,441.00,17.66,.058955,17.210731
1780312616,phi3:mini,31.0,4843,480.12,17.15,.054152,25.537359
1780312642,phi3:mini,34.0,4841,531.59,18.19,.048909,13.082774
1780312655,phi3:mini,34.0,4839,496.65,13.02,.052350,109.368232
1780312765,phi3:mini,32.0,4848,463.20,13.61,.056130,99.665152
1780312865,phi3:mini,32.0,4846,522.56,17.36,.049754,22.521821
1780312887,phi3:mini,33.0,4846,451.63,16.43,.057568,32.680173
1780312920,phi3:mini,33.0,4847,469.67,16.83,.055357,25.842883
1780312946,phi3:mini,32.0,4847,481.34,18.01,.054015,15.708967
1780312962,phi3:mini,34.0,4845,505.58,19.88,.051425,3.016808
1780312965,phi3:mini,34.0,4847,480.78,19.66,.054078,3.202933
1780312969,phi3:mini,34.0,4841,499.83,17.40,.052016,19.250258
1780312988,phi3:mini,31.0,4847,473.72,17.17,.054884,25.624686
1780313014,phi3:mini,33.0,4847,473.48,16.78,.054911,25.921980
1780313040,phi3:mini,34.0,4834,508.52,19.70,.051128,3.451272
1780313044,phi3:mini,34.0,4834,521.06,17.52,.049898,16.430379
1780313060,phi3:mini,34.0,4840,524.31,15.32,.049588,49.929488
1780313111,phi3:mini,33.0,4845,472.66,18.04,.055007,12.913578
1780313124,phi3:mini,34.0,4849,500.82,17.27,.051914,22.222639
1780313146,phi3:mini,34.0,4843,487.95,17.17,.053283,23.284433
1780313170,phi3:mini,33.0,4844,517.98,16.50,.050194,34.239041
1780313204,phi3:mini,34.0,4844,506.16,19.47,.051367,4.158655
1780313208,phi3:mini,33.0,4838,536.97,17.73,.048419,18.433441
1780313227,phi3:mini,34.0,4831,501.22,16.74,.051872,26.450442
1780313254,phi3:mini,34.0,4837,492.23,18.29,.052820,13.064171
1780313267,phi3:mini,33.0,4832,478.82,18.59,.054299,9.466570
1780313277,phi3:mini,34.0,4835,521.99,18.35,.049809,11.932416
1780313289,phi3:mini,33.0,4841,530.95,19.10,.048968,6.175582
1780313295,phi3:mini,33.0,4838,481.65,18.32,.053980,12.659865
1780313308,phi3:mini,34.0,4846,448.17,17.79,.058013,16.296474
1780313324,phi3:mini,33.0,4839,453.78,15.32,.057296,50.242145
1780313375,phi3:mini,33.0,4847,467.38,16.04,.055628,38.514800
1780313414,phi3:mini,34.0,4848,477.29,17.91,.054473,15.631794
1780313429,phi3:mini,33.0,4840,537.82,16.80,.048343,25.760631
1780313455,phi3:mini,34.0,4840,452.36,18.54,.057475,8.302404
1780313464,phi3:mini,34.0,4843,469.80,17.45,.055342,21.029649
1780313485,phi3:mini,34.0,4835,522.07,18.43,.049801,12.587333
1780313498,phi3:mini,33.0,4835,567.31,19.54,.045830,3.069254
1780313501,phi3:mini,34.0,4835,457.75,17.02,.056798,25.486799
1780313527,phi3:mini,36.0,4844,505.34,17.58,.051449,16.089220
1780313543,phi3:mini,34.0,4847,471.69,18.19,.055120,10.496739
1780313554,phi3:mini,33.0,4839,491.37,17.18,.052913,23.107893
1780313577,phi3:mini,36.0,4841,552.93,17.58,.047021,17.342271
1780313594,phi3:mini,34.0,4843,480.98,17.56,.054055,19.585270
1780313614,phi3:mini,36.0,4840,505.16,19.56,.051468,2.351094
1780313617,phi3:mini,34.0,4839,437.00,16.36,.059495,33.551065
1780313651,phi3:mini,34.0,4840,490.01,16.74,.053060,26.031232
1780313677,phi3:mini,33.0,4840,504.01,17.10,.051585,26.482110
1780313703,phi3:mini,32.0,4833,487.98,17.18,.053280,19.904939
1780313724,phi3:mini,34.0,4835,443.78,17.91,.058586,14.567108
1780313738,phi3:mini,33.0,4833,474.55,17.56,.054788,16.053503
1780313754,phi3:mini,34.0,4838,545.32,17.27,.047677,21.132118
1780313776,phi3:mini,33.0,4836,500.83,19.28,.051913,3.111088
1780313779,phi3:mini,34.0,4838,486.25,14.98,.053469,59.795371
1780313839,phi3:mini,33.0,4832,456.09,17.68,.057005,18.148025
1780313857,phi3:mini,34.0,4837,484.96,20.09,.053611,2.886581
1780313860,phi3:mini,33.0,4840,481.62,16.74,.053983,29.796873
1780313890,phi3:mini,34.0,4841,464.23,17.86,.056005,20.659383
1780313911,phi3:mini,33.0,4836,477.79,19.42,.054416,5.045098
1780313917,phi3:mini,36.0,4835,495.27,17.20,.052495,20.809972
1780313938,phi3:mini,34.0,4838,458.17,17.86,.056746,15.110022
1780313953,phi3:mini,33.0,4841,444.15,16.92,.058537,25.877267
1780313979,phi3:mini,34.0,4843,499.43,17.21,.052059,25.032766
1780314004,phi3:mini,31.0,4842,481.61,16.17,.053984,36.607324
1780314041,phi3:mini,33.0,4844,531.31,18.89,.048935,8.628152
1780314050,phi3:mini,34.0,4839,486.49,17.47,.053443,19.289085
1780314069,phi3:mini,33.0,4839,486.46,19.30,.053446,8.444440
1780314078,phi3:mini,34.0,4837,512.31,17.17,.050750,24.392711
1780314102,phi3:mini,33.0,4842,454.12,18.34,.057252,11.828544
1780314114,phi3:mini,34.0,4840,495.10,16.91,.052513,25.122788
1780314140,phi3:mini,32.0,4843,457.52,18.70,.056827,5.988788
1780314146,phi3:mini,33.0,4841,479.43,19.90,.054230,1.908842
1780314148,phi3:mini,33.0,4843,511.69,17.90,.050811,16.419926
1780314165,phi3:mini,34.0,4843,502.94,17.23,.051695,22.452439
1780314187,phi3:mini,33.0,4844,494.58,18.02,.052569,12.981713
1780314200,phi3:mini,33.0,4840,481.72,17.44,.053972,20.982396
1780314222,phi3:mini,34.0,4836,456.90,18.91,.056904,7.400772
1780314229,phi3:mini,33.0,4835,512.02,18.74,.050778,8.162225
1780314237,phi3:mini,33.0,4838,557.93,17.08,.046600,22.596056
1780314260,phi3:mini,33.0,4836,523.23,18.07,.049690,13.720262
1780314274,phi3:mini,34.0,4833,431.48,18.00,.060256,14.883199
1780314289,phi3:mini,30.0,4839,452.36,17.68,.057475,16.401414
1780314306,phi3:mini,33.0,4842,480.56,19.07,.054102,4.194886
1780314310,phi3:mini,34.0,4845,501.47,19.50,.051846,2.461190
1780314313,phi3:mini,33.0,4843,526.68,17.40,.049365,21.544085
1780314334,phi3:mini,33.0,4839,503.20,15.49,.051668,49.690860
1780314384,phi3:mini,32.0,4838,510.01,18.27,.050978,13.077708
1780314398,phi3:mini,34.0,4841,504.27,18.39,.051559,12.230433
1780314410,phi3:mini,34.0,4847,534.14,20.25,.048675,1.431442
1780314412,phi3:mini,34.0,4844,548.92,15.88,.047365,40.293241
1780314452,phi3:mini,33.0,4840,442.14,18.11,.058804,11.812313
1780314464,phi3:mini,34.0,4841,471.54,17.53,.055138,18.645789
1780314483,phi3:mini,33.0,4843,475.51,16.38,.054677,34.533530
1780314518,phi3:mini,34.0,4836,477.84,18.53,.054411,8.740030
1780314527,phi3:mini,33.0,4834,486.78,16.42,.053412,34.226407
1780314561,phi3:mini,34.0,4830,554.52,18.08,.046886,11.998284
1780314573,phi3:mini,33.0,4836,542.60,17.94,.047917,15.380930
1780314589,phi3:mini,34.0,4830,480.26,17.23,.054136,21.705893
1780314611,phi3:mini,33.0,4830,418.18,19.70,.062172,4.110275
1780314615,phi3:mini,34.0,4833,474.42,17.86,.054803,14.162025
1780314629,phi3:mini,33.0,4835,489.58,19.19,.053106,6.304813
1780314636,phi3:mini,34.0,4838,479.29,20.27,.054246,1.578222
1780314638,phi3:mini,33.0,4839,463.84,17.87,.056053,18.745349
1780314657,phi3:mini,34.0,4836,450.27,17.62,.057742,20.827850
1780314678,phi3:mini,33.0,4833,576.45,18.36,.045103,11.868910
1780314690,phi3:mini,34.0,4836,514.44,18.02,.050539,13.204758
1780314703,phi3:mini,34.0,4831,532.87,17.21,.048792,19.813072
1780314723,phi3:mini,34.0,4832,482.61,17.99,.053873,14.891433
1780314738,phi3:mini,33.0,4835,505.79,19.07,.051404,4.927896
1780314743,phi3:mini,33.0,4832,500.20,17.96,.051978,13.305368
1780314757,phi3:mini,34.0,4835,545.35,18.30,.047675,10.816716
1780314768,phi3:mini,34.0,4836,518.22,17.89,.050171,12.129178
1780314780,phi3:mini,34.0,4835,472.68,16.89,.055004,25.271063
1780314805,phi3:mini,34.0,4833,506.29,16.11,.051353,37.175798
1780314843,phi3:mini,31.0,4839,454.08,18.19,.057257,11.541593
1780314854,phi3:mini,34.0,4835,505.90,20.03,.051392,2.096571
1780314857,phi3:mini,34.0,4836,511.48,17.42,.050832,21.516385
1780314878,phi3:mini,34.0,4838,403.59,17.32,.064421,21.008426
1780314900,phi3:mini,34.0,4838,473.33,18.59,.054929,11.616086
1780314911,phi3:mini,34.0,4840,477.10,18.72,.054495,11.642433
1780314923,phi3:mini,34.0,4836,503.60,16.15,.051628,37.574845
1780314961,phi3:mini,34.0,4841,497.48,18.07,.052262,15.049936
1780314976,phi3:mini,33.0,4840,502.71,11.25,.051719,215.260154
1780315192,phi3:mini,32.0,4836,505.24,17.62,.051460,18.271948
1780315210,phi3:mini,34.0,4842,493.98,19.83,.052632,3.225884
1780315214,phi3:mini,34.0,4834,487.17,18.07,.053369,13.719722
1780315228,phi3:mini,34.0,4837,502.48,16.66,.051743,30.961195
1780315259,phi3:mini,30.0,4839,506.50,19.34,.051332,4.135788
1780315263,phi3:mini,34.0,4841,459.44,17.04,.056590,21.596078
1780315285,phi3:mini,34.0,4840,480.15,18.14,.054149,13.063055
1780315298,phi3:mini,34.0,4834,472.37,16.75,.055041,27.392878
1780315326,phi3:mini,34.0,4838,479.70,17.42,.054199,21.289710
1780315347,phi3:mini,34.0,4840,485.50,19.17,.053552,6.310453
1780315354,phi3:mini,36.0,4840,510.22,16.92,.050958,29.014176
1780315383,phi3:mini,34.0,4833,496.95,17.93,.052318,18.180095
1780315401,phi3:mini,31.0,4829,475.87,18.14,.054636,16.975719
1780315418,phi3:mini,36.0,4832,490.40,18.89,.053017,10.374414
1780315429,phi3:mini,36.0,4835,519.66,20.06,.050032,3.986894
1780315433,phi3:mini,36.0,4836,487.67,17.49,.053314,24.635069
1780315458,phi3:mini,36.0,4836,519.13,17.70,.050083,19.146091
1780315477,phi3:mini,36.0,4832,524.92,17.58,.049530,21.153963
1780315499,phi3:mini,36.0,4836,502.62,17.34,.051728,19.722550
1780315519,phi3:mini,31.0,4833,505.99,19.48,.051384,5.646151
1780315524,phi3:mini,34.0,4832,484.29,19.77,.053686,2.022523
1780315527,phi3:mini,34.0,4833,493.11,17.96,.052726,16.367400
1780315543,phi3:mini,36.0,4835,505.19,18.68,.051465,11.717917
1780315555,phi3:mini,36.0,4837,513.15,16.16,.050667,44.610774
1780315600,phi3:mini,34.0,4844,466.57,18.81,.055724,11.587116
1780315612,phi3:mini,36.0,4844,501.15,18.31,.051880,12.502399
1780315624,phi3:mini,34.0,4838,408.18,17.58,.063696,19.051338
1780315644,phi3:mini,34.0,4834,503.54,20.64,.051633,.871689
1780315645,phi3:mini,36.0,4834,476.78,18.26,.054532,11.825364
1780315657,phi3:mini,34.0,4830,544.29,18.09,.047768,13.210882
1780315670,phi3:mini,34.0,4838,496.36,16.21,.052380,38.115034
1780315708,phi3:mini,34.0,4833,473.53,16.98,.054906,27.020220
1780315736,phi3:mini,30.0,4835,493.31,17.95,.052704,14.031991
1780315750,phi3:mini,31.0,4836,477.66,16.81,.054431,26.168608
1780315776,phi3:mini,34.0,4838,494.13,17.97,.052617,13.015526
1780315789,phi3:mini,34.0,4848,539.98,18.08,.048149,15.092367
1780315805,phi3:mini,34.0,4851,455.60,19.33,.057067,5.224925
1780315810,phi3:mini,34.0,4847,487.22,17.68,.053363,18.431290
1780315829,phi3:mini,33.0,4840,586.36,17.76,.044341,15.707479
1780315844,phi3:mini,36.0,4831,507.94,18.18,.051186,12.923985
1780315858,phi3:mini,34.0,4836,459.08,17.28,.056634,22.509547
1780315880,phi3:mini,34.0,4841,529.14,20.48,.049136,1.074048
1780315882,phi3:mini,34.0,4840,526.88,18.42,.049346,12.589411
1780315894,phi3:mini,37.0,4842,497.89,18.13,.052219,12.022343
1780315906,phi3:mini,34.0,4840,519.14,16.60,.050082,26.262964
1780315933,phi3:mini,34.0,4842,506.64,18.70,.051318,12.456570
1780315946,phi3:mini,34.0,4830,518.68,17.84,.050126,18.322178
1780315964,phi3:mini,34.0,4829,474.21,18.30,.054827,11.579533
1780315976,phi3:mini,34.0,4825,494.53,17.92,.052574,14.951462
1780315991,phi3:mini,36.0,4830,495.52,17.31,.052469,20.847084
1780316012,phi3:mini,34.0,4822,449.63,19.99,.057824,2.551272
1780316015,phi3:mini,33.0,4823,435.45,19.50,.059707,5.178886
1780316020,phi3:mini,34.0,4828,475.25,17.22,.054707,23.168026
1780316043,phi3:mini,34.0,4826,516.41,18.90,.050347,7.299645
1780316051,phi3:mini,34.0,4826,464.94,18.07,.055921,14.381342
1780316065,phi3:mini,34.0,4831,491.03,19.16,.052949,6.000057
1780316072,phi3:mini,34.0,4831,517.37,18.49,.050254,9.568238
1780316081,phi3:mini,36.0,4833,486.33,15.83,.053460,43.762277
1780316125,phi3:mini,34.0,4837,464.65,17.58,.055955,18.535470
1780316144,phi3:mini,34.0,4839,505.90,17.47,.051393,16.765309
1780316161,phi3:mini,34.0,4836,515.16,15.95,.050468,39.791691
1780316201,phi3:mini,34.0,4839,496.97,16.32,.052316,35.335202
1780316237,phi3:mini,34.0,4834,459.85,18.34,.056539,16.839956
1780316254,phi3:mini,34.0,4837,476.05,17.98,.054615,16.846681
1780316271,phi3:mini,36.0,4839,578.76,16.97,.044922,27.921956
1780316299,phi3:mini,33.0,4845,494.51,18.31,.052576,12.393761
1780316311,phi3:mini,33.0,4846,495.15,18.76,.052508,9.485101
1780316321,phi3:mini,34.0,4841,528.84,19.28,.049163,5.704194
1780316327,phi3:mini,33.0,4838,490.42,17.07,.053015,24.070177
1780316351,phi3:mini,33.0,4834,457.49,18.64,.056831,8.795324
1780316360,phi3:mini,34.0,4836,494.00,19.42,.052630,4.169660
1780316364,phi3:mini,34.0,4830,503.82,17.18,.051605,20.604949
1780316385,phi3:mini,34.0,4834,473.50,18.41,.054909,11.619909
1780316397,phi3:mini,34.0,4831,484.93,17.55,.053615,18.686908
1780316416,phi3:mini,34.0,4837,493.73,16.89,.052659,25.689408
1780316442,phi3:mini,34.0,4844,478.50,17.33,.054336,21.407881
1780316463,phi3:mini,31.0,4844,516.50,18.31,.050338,10.811846
1780316474,phi3:mini,34.0,4836,491.23,17.78,.052927,15.742244
1780316490,phi3:mini,34.0,4837,465.81,17.43,.055816,20.645048
1780316511,phi3:mini,36.0,4834,445.80,17.95,.058321,12.809653
1780316524,phi3:mini,34.0,4838,515.21,18.46,.050463,10.615121
1780316535,phi3:mini,34.0,4837,549.41,16.89,.047322,24.269963
1780316559,phi3:mini,34.0,4840,461.48,18.49,.056340,12.271899
1780316572,phi3:mini,36.0,4836,453.96,18.86,.057272,6.094824
1780316578,phi3:mini,36.0,4839,450.91,18.87,.057660,6.514857
1780316585,phi3:mini,33.0,4840,516.13,18.98,.050374,7.372799
1780316592,phi3:mini,34.0,4842,486.86,17.99,.053402,14.450138
1780316607,phi3:mini,33.0,4842,502.01,18.54,.051790,10.354888
1780316617,phi3:mini,34.0,4838,473.54,18.10,.054905,11.985536
1780316630,phi3:mini,37.0,4838,494.77,19.47,.052549,2.670248
1780316632,phi3:mini,34.0,4832,505.63,17.13,.051420,21.301445
1780316654,phi3:mini,34.0,4845,495.50,17.95,.052472,15.596834
1780316670,phi3:mini,36.0,4844,487.79,17.82,.053301,16.720972
1780316687,phi3:mini,33.0,4842,484.39,16.05,.053675,35.369848
1780316722,phi3:mini,34.0,4844,475.08,17.59,.054726,17.450100
1780316740,phi3:mini,36.0,4842,543.58,18.29,.047830,10.440873
1780316750,phi3:mini,36.0,4845,504.20,17.79,.051566,14.831983
1780316765,phi3:mini,34.0,4846,514.74,17.16,.050510,24.705385
1780316790,phi3:mini,34.0,4833,506.11,19.74,.051371,3.494494
1780316794,phi3:mini,34.0,4833,478.10,17.98,.054381,14.849423
1780316809,phi3:mini,34.0,4840,499.28,17.59,.052074,17.785894
1780316827,phi3:mini,34.0,4844,502.88,17.52,.051701,18.834967
1780316846,phi3:mini,31.0,4847,492.56,19.70,.052784,2.689619
1780316849,phi3:mini,36.0,4842,481.46,17.84,.054001,14.736923
1780316864,phi3:mini,34.0,4847,462.75,17.05,.056185,22.863924
1780316887,phi3:mini,33.0,4852,496.63,19.14,.052352,5.641486
1780316893,phi3:mini,34.0,4848,450.57,19.06,.057703,6.399151
1780316899,phi3:mini,34.0,4848,590.41,18.36,.044037,11.817306
1780316911,phi3:mini,34.0,4838,504.21,16.42,.051565,32.764472
1780316944,phi3:mini,34.0,4838,518.27,18.67,.050166,7.871627
1780316952,phi3:mini,36.0,4843,539.05,18.61,.048232,11.225619
1780316964,phi3:mini,34.0,4841,453.03,18.41,.057390,13.629276
1780316977,phi3:mini,36.0,4840,485.49,17.45,.053553,19.936898
1780316998,phi3:mini,34.0,4841,449.61,17.06,.057826,25.432549
1780317023,phi3:mini,34.0,4841,501.97,16.73,.051795,26.716676
1780317050,phi3:mini,34.0,4833,489.72,18.06,.053091,14.943279
1780317065,phi3:mini,34.0,4830,481.98,18.44,.053943,11.817185
1780317077,phi3:mini,36.0,4843,456.95,17.71,.056898,16.030932
1780317093,phi3:mini,34.0,4840,489.03,17.00,.053166,25.106135
1780317119,phi3:mini,34.0,4843,472.88,17.01,.054981,21.809298
1780317141,phi3:mini,34.0,4844,457.29,19.07,.056855,5.346176
1780317146,phi3:mini,34.0,4845,471.42,16.43,.055151,34.615673
1780317181,phi3:mini,34.0,4841,566.38,13.17,.045905,109.125117
1780317290,phi3:mini,33.0,4840,552.88,19.05,.047025,6.036099
1780317297,phi3:mini,34.0,4844,508.02,16.91,.051178,25.236569
1780317322,phi3:mini,34.0,4837,465.73,17.13,.055825,20.478574
1780317343,phi3:mini,34.0,4822,510.31,19.72,.050949,3.498273
1780317346,phi3:mini,34.0,4826,562.51,18.31,.046220,11.957487
1780317359,phi3:mini,36.0,4829,465.87,15.42,.055809,49.257318
1780317408,phi3:mini,31.0,4833,474.18,16.72,.054830,26.909436
1780317435,phi3:mini,36.0,4833,463.89,17.96,.056047,14.475334
1780317450,phi3:mini,34.0,4828,529.13,18.51,.049136,11.773930
1780317462,phi3:mini,34.0,4822,423.67,17.42,.061368,26.174998
1780317488,phi3:mini,36.0,4831,477.78,18.12,.054417,16.001921
1780317504,phi3:mini,34.0,4822,536.90,18.61,.048426,11.281344
1780317516,phi3:mini,34.0,4827,504.80,19.86,.051505,2.617865
1780317519,phi3:mini,36.0,4830,569.44,16.83,.045658,27.258618
1780317546,phi3:mini,36.0,4832,434.68,16.94,.059813,25.735051
1780317572,phi3:mini,34.0,4835,524.46,18.09,.049573,14.757563
1780317587,phi3:mini,36.0,4831,493.13,16.82,.052723,25.075174
1780317612,phi3:mini,34.0,4839,483.94,17.67,.053724,17.031475
1780317629,phi3:mini,37.0,4838,521.51,17.59,.049854,17.622002
1780317647,phi3:mini,36.0,4840,505.14,18.61,.051470,10.478146
1780317658,phi3:mini,33.0,4840,484.35,18.12,.053679,11.810094
1780317670,phi3:mini,34.0,4843,507.73,16.91,.051207,25.664990
1780317696,phi3:mini,34.0,4826,493.81,16.75,.052651,27.043802
1780317723,phi3:mini,34.0,4841,485.88,17.17,.053511,23.641343
1780317747,phi3:mini,34.0,4845,501.65,19.15,.051828,5.220955
1780317752,phi3:mini,34.0,4838,446.11,17.03,.058280,22.831523
1780317775,phi3:mini,34.0,4835,476.08,17.87,.054612,16.112987
1780317791,phi3:mini,36.0,4830,463.75,17.91,.056063,14.009201
1780317806,phi3:mini,34.0,4833,482.34,17.69,.053903,15.991836
1780317822,phi3:mini,34.0,4840,495.93,18.12,.052426,11.309695
1780317833,phi3:mini,33.0,4841,485.99,19.32,.053498,5.227446
1780317839,phi3:mini,34.0,4843,541.92,15.99,.047976,41.200728
1780317880,phi3:mini,31.0,4842,526.28,17.86,.049403,16.232992
1780317896,phi3:mini,37.0,4835,498.99,20.76,.052104,1.252276
1780317898,phi3:mini,34.0,4835,500.78,17.13,.051918,24.100828
1780317922,phi3:mini,36.0,4842,450.69,17.37,.057688,19.277738
1780317942,phi3:mini,34.0,4844,485.93,17.37,.053505,20.310853
1780317962,phi3:mini,36.0,4841,475.11,18.04,.054723,15.519286
1780317978,phi3:mini,34.0,4841,536.23,17.18,.048485,22.638372
1780318001,phi3:mini,36.0,4848,496.20,17.54,.052397,16.353461
1780318017,phi3:mini,31.0,4846,473.34,16.16,.054928,38.118257
1780318056,phi3:mini,36.0,4845,468.52,19.20,.055493,4.841666
1780318061,phi3:mini,34.0,4844,500.37,18.17,.051961,12.050763
1780318073,phi3:mini,36.0,4847,503.21,19.00,.051667,7.260074
1780318080,phi3:mini,34.0,4843,493.45,16.75,.052690,28.287438
1780318109,phi3:mini,34.0,4842,450.85,18.77,.057667,7.884648
1780318117,phi3:mini,33.0,4844,514.19,16.70,.050564,28.560490
1780318146,phi3:mini,36.0,4848,514.89,19.10,.050495,4.972995
1780318151,phi3:mini,34.0,4848,526.07,18.15,.049423,14.322281
1780318165,phi3:mini,36.0,4841,534.45,18.06,.048647,13.565485
1780318179,phi3:mini,37.0,4845,476.12,17.69,.054607,17.008845
1780318196,phi3:mini,33.0,4845,542.57,18.04,.047919,12.798881
1780318209,phi3:mini,34.0,4843,545.65,17.08,.047649,22.589877
1780318232,phi3:mini,34.0,4851,500.22,16.78,.051976,26.039207
1780318258,phi3:mini,34.0,4839,488.87,20.46,.053183,.928270
1780318259,phi3:mini,37.0,4839,566.09,17.17,.045928,21.139909
1780318281,phi3:mini,34.0,4846,490.89,18.45,.052964,11.975776
1780318293,phi3:mini,34.0,4839,515.95,16.02,.050391,38.947957
1780318332,phi3:mini,34.0,4842,451.71,17.83,.057558,15.647260
1780318348,phi3:mini,34.0,4836,524.77,16.98,.049544,24.426638
1780318372,phi3:mini,34.0,4837,508.44,16.68,.051135,29.778740
1780318402,phi3:mini,36.0,4842,448.50,17.70,.057970,19.994218
1780318422,phi3:mini,34.0,4842,511.79,19.79,.050801,3.031094
1780318426,phi3:mini,34.0,4843,540.73,17.09,.048083,26.554105
1780318452,phi3:mini,34.0,4835,458.23,18.04,.056739,15.680904
1780318468,phi3:mini,36.0,4829,490.23,19.18,.053035,5.940961
1780318474,phi3:mini,36.0,4830,537.19,17.95,.048399,14.368646
1780318489,phi3:mini,34.0,4832,497.42,17.99,.052268,13.281865
1780318502,phi3:mini,34.0,4841,530.78,17.14,.048984,21.234726
1780318524,phi3:mini,34.0,4836,453.51,11.98,.057330,164.850332
1780318689,phi3:mini,34.0,4835,546.61,16.72,.047565,27.382269
1780318717,phi3:mini,33.0,4845,468.51,17.61,.055494,15.438041
1780318732,phi3:mini,34.0,4845,457.30,19.34,.056854,6.150297
1780318739,phi3:mini,34.0,4842,537.76,16.12,.048348,42.530517
1780318781,phi3:mini,34.0,4841,476.13,19.65,.054606,5.952957
1780318787,phi3:mini,36.0,4835,507.76,18.05,.051204,15.786803
1780318803,phi3:mini,37.0,4841,532.43,18.51,.048832,10.642265
1780318814,phi3:mini,36.0,4847,501.65,19.16,.051827,5.844837
1780318820,phi3:mini,34.0,4847,550.21,16.99,.047254,25.956247
1780318846,phi3:mini,34.0,4882,506.15,18.34,.051367,10.683660
1780318857,phi3:mini,34.0,4885,486.24,16.92,.053470,25.049659
1780318882,phi3:mini,34.0,4880,530.46,17.29,.049013,18.851870
1780318901,phi3:mini,34.0,4863,494.98,18.48,.052526,8.761926
1780318910,phi3:mini,36.0,4858,535.78,17.73,.048526,15.615912
1780318926,phi3:mini,34.0,4861,439.16,18.11,.059203,11.976059
1780318938,phi3:mini,34.0,4862,503.05,17.95,.051683,12.698660
1780318951,phi3:mini,34.0,4863,435.37,17.78,.059718,15.291605
1780318967,phi3:mini,36.0,4861,439.94,18.93,.059098,5.916364
1780318973,phi3:mini,34.0,4864,486.78,18.84,.053411,5.359830
1780318978,phi3:mini,34.0,4862,492.55,18.44,.052785,11.060643
1780318989,phi3:mini,36.0,4859,478.46,17.74,.054340,18.256234
1780319008,phi3:mini,36.0,4859,485.92,18.17,.053505,13.751830
1780319022,phi3:mini,36.0,4850,468.35,18.38,.055513,13.921790
1780319036,phi3:mini,34.0,4852,467.95,19.01,.055560,7.361034
1780319043,phi3:mini,34.0,4851,524.82,18.25,.049540,12.597370
1780319056,phi3:mini,36.0,4853,479.58,17.63,.054213,18.991503
1780319075,phi3:mini,36.0,4853,502.27,18.62,.051764,10.256129
1780319086,phi3:mini,36.0,4850,435.10,15.40,.059755,48.873080
1780319135,phi3:mini,36.0,4850,498.06,16.26,.052201,35.540970
1780319171,phi3:mini,33.0,4851,463.72,16.97,.056067,26.502029
1780319197,phi3:mini,37.0,4850,487.42,16.21,.053341,37.127764
1780319235,phi3:mini,34.0,4857,521.55,17.99,.049850,13.947555
1780319249,phi3:mini,36.0,4851,501.10,17.72,.051885,17.494275
1780319267,phi3:mini,34.0,4848,498.30,16.94,.052176,26.376613
1780319293,phi3:mini,34.0,4843,481.95,16.31,.053947,32.614295
1780319326,phi3:mini,34.0,4854,497.89,16.23,.052219,36.210464
1780319362,phi3:mini,34.0,4845,462.91,16.91,.056166,25.305233
1780319388,phi3:mini,33.0,4845,496.57,16.99,.052358,26.653380
1780319415,phi3:mini,34.0,4850,483.21,16.77,.053806,26.708844
1780319442,phi3:mini,34.0,4842,498.38,17.98,.052168,13.785516
1780319456,phi3:mini,36.0,4848,495.97,18.30,.052421,11.583571
1780319467,phi3:mini,31.0,4839,512.77,19.13,.050704,5.279471
1780319473,phi3:mini,36.0,4840,508.20,18.99,.051160,6.211279
1780319479,phi3:mini,34.0,4840,485.22,17.35,.053582,17.862338
1780319497,phi3:mini,37.0,4848,498.82,17.03,.052122,24.063591
1780319522,phi3:mini,34.0,4839,464.92,16.21,.055922,38.120881
1780319560,phi3:mini,34.0,4847,499.32,18.22,.052070,11.465742
1780319572,phi3:mini,36.0,4846,448.76,19.01,.057936,6.415224
1780319578,phi3:mini,34.0,4843,503.94,17.67,.051593,18.505739
1780319597,phi3:mini,34.0,4846,475.21,19.88,.054712,3.017451
1780319600,phi3:mini,34.0,4844,487.31,16.83,.053353,25.298894
1780319626,phi3:mini,34.0,4840,556.05,17.91,.046758,19.651136
1780319645,phi3:mini,34.0,4839,471.25,17.20,.055171,26.275070
1780319672,phi3:mini,34.0,4836,526.28,19.11,.049403,5.598454
1780319678,phi3:mini,34.0,4839,482.10,15.55,.053930,44.298187
1780319722,phi3:mini,34.0,4836,487.44,18.25,.053339,16.982948
1780319739,phi3:mini,34.0,4837,543.77,18.04,.047814,16.352408
1780319756,phi3:mini,37.0,4837,572.59,16.66,.045407,31.441215
1780319787,phi3:mini,36.0,4838,460.78,12.07,.056425,164.124774
1780319952,phi3:mini,34.0,4842,495.10,18.41,.052513,10.372189
1780319963,phi3:mini,34.0,4840,519.82,16.76,.050017,27.729546
1780319990,phi3:mini,34.0,4849,522.02,18.25,.049805,11.944187
1780320003,phi3:mini,34.0,4850,465.53,18.33,.055850,10.689374
1780320013,phi3:mini,36.0,4850,513.99,18.91,.050584,5.975518
1780320020,phi3:mini,34.0,4848,479.38,19.20,.054235,5.258188
1780320025,phi3:mini,34.0,4846,532.37,17.24,.048837,21.045112
1780320046,phi3:mini,34.0,4850,479.40,17.01,.054233,22.391633
1780320069,phi3:mini,34.0,4836,521.85,17.21,.049822,21.490362
1780320090,phi3:mini,34.0,4845,493.71,19.08,.052662,5.867544
1780320096,phi3:mini,34.0,4840,484.15,17.48,.053701,18.587721
1780320115,phi3:mini,36.0,4841,499.16,17.48,.052087,20.018076
1780320135,phi3:mini,36.0,4837,504.63,15.21,.051522,51.923257
1780320188,phi3:mini,34.0,4852,516.00,15.64,.050387,46.210172
1780320234,phi3:mini,34.0,4843,530.12,17.79,.049044,13.709692
1780320248,phi3:mini,34.0,4843,475.71,18.38,.054654,8.865896
1780320257,phi3:mini,34.0,4845,464.45,17.83,.055980,16.371793
1780320274,phi3:mini,34.0,4847,474.79,17.78,.054760,19.738976
1780320293,phi3:mini,34.0,4840,482.38,19.36,.053899,6.352237
1780320300,phi3:mini,36.0,4840,455.17,17.45,.057121,20.458044
1780320321,phi3:mini,34.0,4846,489.07,16.37,.053161,34.330713
1780320355,phi3:mini,34.0,4846,494.53,18.02,.052575,12.760655
1780320368,phi3:mini,34.0,4847,491.26,17.08,.052924,24.871702
1780320393,phi3:mini,34.0,4842,464.17,17.07,.056012,22.017667
1780320415,phi3:mini,34.0,4847,491.33,16.29,.052917,35.845152
1780320451,phi3:mini,34.0,4843,492.96,18.76,.052741,10.927299
1780320463,phi3:mini,34.0,4847,507.53,17.50,.051227,20.395152
1780320483,phi3:mini,34.0,4842,464.14,18.65,.056017,9.005718
1780320492,phi3:mini,36.0,4843,543.77,17.37,.047813,22.617139
1780320515,phi3:mini,36.0,4846,473.74,16.34,.054881,34.620163
1780320550,phi3:mini,33.0,4845,477.10,19.96,.054495,4.757951
1780320555,phi3:mini,36.0,4844,466.88,13.61,.055688,92.330570
1780320648,phi3:mini,34.0,4852,471.05,16.99,.055195,25.652646
1780320673,phi3:mini,34.0,4845,475.11,19.34,.054724,5.220903
1780320679,phi3:mini,33.0,4846,464.21,17.29,.056008,21.162552
1780320700,phi3:mini,36.0,4845,493.30,20.10,.052705,2.586981
1780320703,phi3:mini,34.0,4842,439.92,17.53,.059100,19.955964
1780320723,phi3:mini,36.0,4836,480.48,19.55,.054111,3.016850
1780320726,phi3:mini,36.0,4837,497.90,20.79,.052218,.865600
1780320727,phi3:mini,36.0,4839,507.70,17.90,.051210,14.128140
1780320742,phi3:mini,34.0,4846,475.24,17.51,.054708,19.471229
1780320761,phi3:mini,34.0,4839,486.09,17.67,.053487,18.327019
1780320780,phi3:mini,34.0,4843,477.98,18.10,.054394,13.363801
1780320793,phi3:mini,34.0,4843,493.19,16.96,.052717,25.520696
1780320819,phi3:mini,36.0,4844,485.33,18.42,.053570,10.255871
1780320829,phi3:mini,36.0,4840,464.58,17.45,.055964,21.022707
1780320851,phi3:mini,34.0,4835,491.31,16.80,.052919,25.764667
1780320877,phi3:mini,34.0,4841,527.96,16.51,.049245,34.584712
1780320911,phi3:mini,34.0,4840,488.18,18.78,.053258,10.913461
1780320922,phi3:mini,34.0,4842,449.11,20.35,.057891,2.210374
1780320925,phi3:mini,37.0,4846,514.81,18.63,.050503,10.358646
1780320935,phi3:mini,33.0,4838,496.85,19.44,.052329,7.045442
1780320943,phi3:mini,36.0,4842,520.56,16.78,.049946,29.842294
1780320973,phi3:mini,34.0,4837,477.23,18.64,.054480,11.156794
1780320984,phi3:mini,34.0,4833,461.58,16.58,.056327,32.614840
1780321017,phi3:mini,33.0,4846,462.80,19.02,.056179,6.570638
1780321024,phi3:mini,30.0,4844,457.11,18.16,.056878,11.617369
1780321035,phi3:mini,34.0,4845,474.58,15.65,.054785,45.083398
1780321081,phi3:mini,36.0,4846,558.14,17.17,.046582,22.532662
1780321103,phi3:mini,34.0,4844,455.72,17.46,.057051,19.691786
1780321123,phi3:mini,36.0,4841,510.16,21.40,.050964,.654156
1780321124,phi3:mini,36.0,4840,540.70,16.91,.048085,31.575536
1780321156,phi3:mini,34.0,4840,532.08,18.27,.048864,13.349295
1780321169,phi3:mini,33.0,4833,482.69,16.80,.053863,26.721662
1780321196,phi3:mini,34.0,4835,470.89,18.02,.055214,12.978830
1780321209,phi3:mini,34.0,4829,503.18,17.43,.051670,18.588373
1780321228,phi3:mini,33.0,4833,513.10,18.61,.050671,11.709215
1780321240,phi3:mini,34.0,4836,509.33,16.02,.051047,38.189941
1780321278,phi3:mini,34.0,4841,528.21,19.28,.049222,4.927180
1780321284,phi3:mini,34.0,4833,442.95,18.25,.058696,13.420211
1780321297,phi3:mini,33.0,4831,523.09,16.92,.049704,25.875379
1780321323,phi3:mini,33.0,4839,549.20,19.06,.047341,4.616582
1780321328,phi3:mini,34.0,4834,498.15,17.53,.052192,18.710331
1780321347,phi3:mini,34.0,4841,489.37,17.64,.053128,18.253118
1780321365,phi3:mini,36.0,4846,456.45,17.26,.056960,19.233705
1780321385,phi3:mini,34.0,4843,474.90,19.00,.054747,7.260310
1780321392,phi3:mini,36.0,4847,488.40,17.70,.053234,18.360848
1780321411,phi3:mini,34.0,4845,522.33,16.96,.049776,25.457747
1780321436,phi3:mini,34.0,4837,513.24,17.24,.050658,19.950326
1780321457,phi3:mini,34.0,4843,515.95,15.64,.050391,47.179164
1780321504,phi3:mini,34.0,4845,497.54,17.13,.052256,25.270793
1780321529,phi3:mini,34.0,4839,493.57,17.61,.052676,20.839952
1780321550,phi3:mini,36.0,4843,523.52,17.12,.049662,25.464234
1780321576,phi3:mini,37.0,4842,479.69,19.08,.054201,7.491568
1780321584,phi3:mini,36.0,4839,466.99,17.74,.055675,16.563943
1780321601,phi3:mini,34.0,4838,486.79,17.55,.053410,17.600378
1780321618,phi3:mini,34.0,4839,489.45,18.68,.053120,7.170798
1780321626,phi3:mini,30.0,4843,462.04,16.20,.056271,37.268219
1780321663,phi3:mini,34.0,4845,549.25,16.55,.047336,31.051726
1780321694,phi3:mini,34.0,4847,506.82,17.37,.051300,21.354641
1780321716,phi3:mini,34.0,4849,496.86,18.70,.052327,6.737592
1780321723,phi3:mini,34.0,4848,508.26,18.64,.051154,8.043591
1780321731,phi3:mini,34.0,4844,501.66,18.40,.051827,13.906469
1780321745,phi3:mini,33.0,4846,503.14,17.14,.051675,24.850136
1780321770,phi3:mini,33.0,4845,528.83,17.65,.049165,20.110827
1780321790,phi3:mini,34.0,4845,492.13,18.15,.052831,11.676915
1780321802,phi3:mini,34.0,4847,516.16,18.60,.050371,8.706385
1780321811,phi3:mini,36.0,4850,433.32,19.66,.060000,2.644073
1780321814,phi3:mini,33.0,4847,490.56,18.37,.052999,10.610925
1780321825,phi3:mini,33.0,4843,467.92,18.39,.055564,11.906645
1780321837,phi3:mini,34.0,4846,523.98,17.28,.049619,25.919332
1780321863,phi3:mini,34.0,4847,472.22,16.56,.055058,31.700831
1780321895,phi3:mini,34.0,4850,493.67,19.04,.052666,4.934543
1780321900,phi3:mini,34.0,4852,537.48,15.83,.048373,41.608498
1780321942,phi3:mini,30.0,4842,503.96,18.30,.051591,10.707326
1780321953,phi3:mini,33.0,4839,458.84,17.50,.056663,17.768135
1780321971,phi3:mini,31.0,4845,514.30,16.66,.050553,26.874661
1780321998,phi3:mini,34.0,4840,443.70,19.54,.058597,3.376939
1780322001,phi3:mini,34.0,4839,544.87,17.42,.047717,18.707196
1780322020,phi3:mini,32.0,4844,450.47,18.10,.057716,12.817158
1780322033,phi3:mini,33.0,4845,507.61,17.28,.051219,18.981044
1780322052,phi3:mini,34.0,4847,498.50,16.71,.052155,29.616977
1780322082,phi3:mini,33.0,4840,481.25,18.66,.054025,11.248491
1780322094,phi3:mini,30.0,4842,473.52,18.13,.054906,15.497161
1780322109,phi3:mini,34.0,4834,503.99,16.43,.051587,31.883921
1780322141,phi3:mini,33.0,4834,457.79,18.35,.056793,10.351895
1780322152,phi3:mini,33.0,4837,525.18,19.05,.049506,4.986731
1780322157,phi3:mini,34.0,4837,471.52,17.08,.055140,24.868397
1780322182,phi3:mini,34.0,4834,475.00,18.29,.054735,10.821758
1780322193,phi3:mini,34.0,4839,498.94,18.82,.052110,7.223425
1780322201,phi3:mini,30.0,4843,506.11,19.68,.051371,2.946061
1780322204,phi3:mini,34.0,4842,481.55,18.47,.053991,11.802785
1780322216,phi3:mini,34.0,4838,561.31,16.88,.046320,25.285581
1780322241,phi3:mini,34.0,4846,464.11,18.32,.056020,11.949657
1780322253,phi3:mini,33.0,4844,492.31,16.87,.052811,25.653059
1780322279,phi3:mini,33.0,4843,481.69,18.64,.053976,7.456471
1780322287,phi3:mini,34.0,4843,547.96,19.34,.047447,2.429207
1780322289,phi3:mini,30.0,4839,530.75,17.99,.048986,14.226235
1780322304,phi3:mini,33.0,4841,498.25,17.97,.052182,14.245923
1780322318,phi3:mini,33.0,4846,442.79,19.56,.058717,2.657812
1780322321,phi3:mini,34.0,4846,513.32,19.43,.050650,5.094611
1780322326,phi3:mini,33.0,4839,467.31,18.52,.055637,8.743665
1780322335,phi3:mini,34.0,4835,497.36,17.16,.052275,21.731805
1780322357,phi3:mini,33.0,4834,480.50,18.34,.054110,11.882927
1780322369,phi3:mini,34.0,4839,512.75,18.30,.050706,10.705907
1780322380,phi3:mini,34.0,4836,514.25,17.14,.050558,21.407045
1780322402,phi3:mini,34.0,4834,463.04,19.05,.056150,4.199381
1780322406,phi3:mini,33.0,4839,496.94,15.87,.052319,40.493001
1780322447,phi3:mini,34.0,4837,500.30,19.82,.051968,2.976451
1780322450,phi3:mini,34.0,4843,508.85,16.86,.051094,25.909011
1780322476,phi3:mini,32.0,4842,502.73,18.59,.051717,9.087612
1780322485,phi3:mini,34.0,4844,504.24,17.70,.051562,19.432792
1780322505,phi3:mini,34.0,4841,468.49,17.01,.055497,26.327906
1780322531,phi3:mini,33.0,4841,466.61,14.57,.055720,67.261078
1780322599,phi3:mini,32.0,4836,432.89,18.61,.060060,7.411456
1780322606,phi3:mini,33.0,4840,468.79,17.43,.055461,19.562339
1780322626,phi3:mini,31.0,4831,453.88,20.38,.057283,1.324659
1780322628,phi3:mini,32.0,4832,495.21,17.96,.052502,15.136696
1780322643,phi3:mini,34.0,4835,491.07,17.56,.052945,18.440543
1780322662,phi3:mini,33.0,4840,496.16,16.49,.052402,32.857454
1780322695,phi3:mini,34.0,4836,488.12,19.75,.053265,4.758846
1780322700,phi3:mini,34.0,4838,463.82,18.82,.056055,10.411129
1780322710,phi3:mini,34.0,4837,524.09,19.72,.049609,4.157284
1780322715,phi3:mini,34.0,4839,554.23,20.72,.046911,.868550
1780322716,phi3:mini,34.0,4842,529.86,17.52,.049069,20.774042
1780322736,phi3:mini,36.0,4835,509.14,17.40,.051065,20.283408
1780322757,phi3:mini,34.0,4839,514.52,16.46,.050532,33.526471
1780322791,phi3:mini,34.0,4831,524.51,17.05,.049569,25.499310
1780322816,phi3:mini,34.0,4835,482.70,18.50,.053862,9.130867
1780322826,phi3:mini,34.0,4837,473.53,17.14,.054906,20.997807
1780322847,phi3:mini,34.0,4837,472.97,18.16,.054971,12.003938
1780322859,phi3:mini,34.0,4832,484.90,15.70,.053618,41.963820
1780322901,phi3:mini,34.0,4833,455.76,16.57,.057046,30.763608
1780322932,phi3:mini,34.0,4837,509.08,16.99,.051071,24.650339
1780322957,phi3:mini,34.0,4839,455.87,17.00,.057033,25.930531
1780322983,phi3:mini,34.0,4834,488.61,18.18,.053212,11.933150
1780322995,phi3:mini,34.0,4836,465.52,19.97,.055850,1.902336
1780322997,phi3:mini,34.0,4838,493.42,18.05,.052693,11.576034
1780323009,phi3:mini,34.0,4843,453.45,17.57,.057338,18.548660
1780323028,phi3:mini,34.0,4839,447.62,16.70,.058084,29.267433
1780323057,phi3:mini,33.0,4845,506.69,17.52,.051313,18.657916
1780323076,phi3:mini,34.0,4839,483.71,17.39,.053750,22.071053
1780323098,phi3:mini,34.0,4837,476.18,16.76,.054600,30.597392
1780323129,phi3:mini,34.0,4842,470.01,17.82,.055317,16.099037
1780323146,phi3:mini,33.0,4844,476.07,17.60,.054613,20.676290
1780323166,phi3:mini,36.0,4844,461.44,20.52,.056344,1.023308
1780323168,phi3:mini,34.0,4844,523.69,17.30,.049647,20.346531
1780323188,phi3:mini,34.0,4849,477.14,15.22,.054491,48.268099
1780323237,phi3:mini,33.0,4843,485.84,17.09,.053514,22.874988
1780323260,phi3:mini,33.0,4843,532.53,16.43,.048823,34.615615
1780323295,phi3:mini,34.0,4842,489.08,16.96,.053160,21.039237
1780323316,phi3:mini,33.0,4841,492.16,18.02,.052827,12.760380
1780323329,phi3:mini,34.0,4836,468.06,18.38,.055548,12.727409
1780323342,phi3:mini,34.0,4834,508.22,17.41,.051158,23.830034
1780323366,phi3:mini,34.0,4839,494.18,16.44,.052612,27.732899
1780323393,phi3:mini,34.0,4845,417.65,19.25,.062252,6.023255
1780323400,phi3:mini,34.0,4842,470.31,17.30,.055282,22.365866
1780323422,phi3:mini,33.0,4846,509.97,16.92,.050982,25.176198
1780323448,phi3:mini,34.0,4842,503.65,18.47,.051622,10.177506
1780323458,phi3:mini,34.0,4843,457.89,18.43,.056781,11.823994
1780323470,phi3:mini,34.0,4846,483.33,20.50,.053792,1.072782
1780323471,phi3:mini,34.0,4843,469.89,18.72,.055331,7.475579
1780323479,phi3:mini,34.0,4841,457.06,20.35,.056884,1.916084
1780323481,phi3:mini,36.0,4842,480.73,18.00,.054084,15.717616
1780323497,phi3:mini,33.0,4848,497.82,18.19,.052226,14.836948
1780323512,phi3:mini,33.0,4839,455.94,18.97,.057023,9.906804
1780323522,phi3:mini,33.0,4838,524.79,19.29,.049543,4.870539
1780323527,phi3:mini,34.0,4839,521.76,18.09,.049830,14.866262
1780323542,phi3:mini,34.0,4840,458.70,17.97,.056681,13.742995
1780323556,phi3:mini,33.0,4844,474.37,17.11,.054809,21.205092
1780323577,phi3:mini,34.0,4841,561.54,18.21,.046300,12.025130
1780323589,phi3:mini,34.0,4841,517.65,17.01,.050226,24.861515
1780323615,phi3:mini,34.0,4838,473.34,17.53,.054928,17.105383
1780323632,phi3:mini,34.0,4839,455.06,16.17,.057134,38.458888
1780323670,phi3:mini,33.0,4842,484.56,17.57,.053656,18.491743
1780323689,phi3:mini,34.0,4846,537.96,18.45,.048329,10.243297
1780323700,phi3:mini,34.0,4852,470.14,17.21,.055302,20.509203
1780323720,phi3:mini,34.0,4836,453.34,17.19,.057352,25.296333
1780323746,phi3:mini,30.0,4842,498.12,19.56,.052195,4.804685
1780323751,phi3:mini,36.0,4837,488.75,12.92,.053196,112.967094
1780323864,phi3:mini,33.0,4844,443.98,17.46,.058560,24.847746
1780323889,phi3:mini,33.0,4845,518.89,9.21,.050106,473.718446
1780324363,phi3:mini,33.0,4839,47.99,18.73,.541744,6.245506
1780324370,phi3:mini,32.0,4843,445.65,15.73,.058341,23.385703
1780324394,phi3:mini,32.0,4843,489.02,18.74,.053167,5.762947
1780324400,phi3:mini,34.0,4844,490.74,18.43,.052981,4.393290
1780324404,phi3:mini,33.0,4847,428.29,17.40,.060705,11.949977
1780324417,phi3:mini,29.0,4840,477.34,16.96,.054468,14.085282
1780324431,phi3:mini,33.0,4841,489.06,16.23,.053163,19.216749
1780324450,phi3:mini,33.0,4838,472.36,14.39,.055042,40.082568
1780324491,phi3:mini,32.0,4843,506.72,15.61,.051309,24.200053
1780324515,phi3:mini,30.0,4843,473.33,15.37,.054929,28.099188
1780324543,phi3:mini,30.0,4843,476.74,14.45,.054536,41.727144
1780324585,phi3:mini,33.0,4837,483.35,15.34,.053790,26.779209
1780324612,phi3:mini,33.0,4838,456.91,16.31,.056903,18.261060
1780324631,phi3:mini,34.0,4849,472.58,16.97,.055016,12.842325
1780324644,phi3:mini,33.0,4854,490.67,17.08,.052988,11.996990
1780324656,phi3:mini,34.0,4844,547.17,18.03,.047516,6.710707
1780324663,phi3:mini,34.0,4848,479.16,16.22,.054261,20.218454
1780324683,phi3:mini,33.0,4855,487.28,16.77,.053356,14.847450
1780324698,phi3:mini,32.0,4848,473.67,15.63,.054889,26.093021
1780324724,phi3:mini,33.0,4852,439.08,15.58,.059214,28.420231
1780324753,phi3:mini,34.0,4852,492.43,15.93,.052798,22.847082
1780324776,phi3:mini,30.0,4850,507.83,18.16,.051198,5.834177
1780324782,phi3:mini,33.0,4849,556.88,16.27,.046688,20.639640
1780324803,phi3:mini,33.0,4847,457.55,17.67,.056823,9.053668
1780324812,phi3:mini,33.0,4848,487.27,16.73,.053358,15.060770
1780324827,phi3:mini,30.0,4844,518.87,16.16,.050108,19.244700
1780324847,phi3:mini,33.0,4845,469.17,16.96,.055416,12.377335
1780324859,phi3:mini,34.0,4844,501.46,17.29,.051848,12.202999
1780324872,phi3:mini,34.0,4845,513.44,19.72,.050637,.912388
1780324873,phi3:mini,34.0,4846,456.22,19.20,.056989,2.602856
1780324876,phi3:mini,34.0,4845,457.51,17.45,.056828,12.546145
1780324888,phi3:mini,34.0,4841,490.79,19.86,.052975,1.056899
1780324889,phi3:mini,34.0,4841,467.84,16.34,.055573,18.664154
1780324908,phi3:mini,34.0,4844,485.33,16.31,.053570,18.934111
1780324927,phi3:mini,34.0,4840,476.02,16.73,.054618,14.760494
1780324942,phi3:mini,34.0,4843,487.59,17.56,.053322,9.277848
1780324952,phi3:mini,34.0,4841,463.20,16.21,.056130,19.054826
1780324971,phi3:mini,34.0,4839,508.16,16.46,.051164,16.578812
1780324988,phi3:mini,33.0,4846,494.31,17.20,.052597,12.727983
1780325001,phi3:mini,33.0,4844,457.13,15.72,.056876,24.167233
1780325025,phi3:mini,33.0,4841,409.96,17.49,.063420,9.372181
1780325035,phi3:mini,34.0,4844,472.70,15.73,.055003,26.188341
1780325061,phi3:mini,34.0,4838,522.67,15.03,.049743,30.988216
1780325092,phi3:mini,33.0,4840,481.95,19.11,.053947,3.401282
1780325096,phi3:mini,34.0,4841,458.17,15.88,.056746,23.664635
1780325120,phi3:mini,31.0,4837,542.04,17.25,.047966,12.694541
1780325133,phi3:mini,33.0,4839,462.63,17.30,.056199,12.542124
1780325145,phi3:mini,34.0,4835,471.50,15.91,.055142,20.924148
1780325166,phi3:mini,32.0,4831,505.01,16.07,.051483,20.839808
1780325187,phi3:mini,34.0,4825,488.91,15.98,.053178,22.015521
1780325210,phi3:mini,33.0,4829,494.36,15.22,.052592,27.984431
1780325238,phi3:mini,32.0,4829,481.90,15.01,.053952,31.045779
1780325269,phi3:mini,30.0,4837,481.40,14.15,.054008,43.813073
1780325313,phi3:mini,33.0,4831,428.66,16.98,.060652,13.834336
1780325327,phi3:mini,34.0,4836,507.46,13.88,.051234,47.035424
1780325374,phi3:mini,32.0,4834,465.57,17.51,.055845,12.449613
1780325387,phi3:mini,34.0,4826,523.87,16.44,.049630,17.029975
1780325404,phi3:mini,33.0,4834,478.71,16.94,.054312,16.347317
1780325421,phi3:mini,34.0,4828,513.35,15.06,.050647,35.244739
1780325456,phi3:mini,34.0,4818,487.56,16.74,.053325,16.784205
1780325473,phi3:mini,34.0,4824,496.54,17.24,.052361,14.380859
1780325488,phi3:mini,34.0,4834,456.37,17.35,.056970,13.773789
1780325502,phi3:mini,34.0,4838,456.82,15.14,.056914,29.309493
1780325531,phi3:mini,33.0,4843,511.88,15.38,.050792,29.059218
1780325561,phi3:mini,33.0,4837,503.25,16.55,.051663,17.277581
1780325578,phi3:mini,33.0,4839,455.15,15.38,.057123,28.140113
1780325606,phi3:mini,34.0,4842,464.96,13.60,.055918,55.651105
1780325662,phi3:mini,32.0,4839,470.79,14.98,.055225,36.424428
1780325699,phi3:mini,34.0,4847,483.23,17.35,.053803,12.560650
1780325712,phi3:mini,34.0,4845,509.78,16.81,.051001,16.237103
1780325728,phi3:mini,33.0,4847,527.36,14.49,.049301,39.329783
1780325768,phi3:mini,33.0,4840,541.60,18.03,.048005,7.819447
1780325776,phi3:mini,34.0,4837,509.37,17.15,.051043,14.514336
1780325790,phi3:mini,34.0,4833,531.51,17.35,.048917,15.039555
1780325805,phi3:mini,33.0,4842,485.26,19.82,.053578,1.715134
1780325807,phi3:mini,34.0,4838,553.02,17.70,.047013,12.879778
1780325820,phi3:mini,30.0,4839,477.00,22.06,.054506,.498511
1780325821,phi3:mini,30.0,4835,502.91,17.39,.051698,13.276979
1780325834,phi3:mini,33.0,4827,503.06,16.34,.051683,17.988854
1780325853,phi3:mini,34.0,4831,491.78,15.85,.052869,23.217017
1780325876,phi3:mini,34.0,4849,485.54,15.70,.053547,23.498322
1780325900,phi3:mini,33.0,4848,508.64,15.38,.051115,28.535856
1780325929,phi3:mini,32.0,4847,472.07,16.19,.055075,19.701339
1780325948,phi3:mini,33.0,4840,475.10,18.54,.054724,6.363568
1780325955,phi3:mini,30.0,4840,456.28,15.37,.056981,28.873412
1780325984,phi3:mini,34.0,4841,467.30,14.74,.055638,35.411391
1780326020,phi3:mini,33.0,4848,473.59,16.23,.054899,20.141989
1780326040,phi3:mini,34.0,4884,472.75,17.82,.054996,8.920347
1780326049,phi3:mini,33.0,4855,472.74,16.35,.054997,17.980625
1780326067,phi3:mini,33.0,4845,499.20,16.63,.052082,17.434419
1780326085,phi3:mini,36.0,4845,464.21,18.80,.056008,6.328804
1780326091,phi3:mini,34.0,4845,446.12,17.12,.058280,15.880139
1780326107,phi3:mini,33.0,4843,539.54,15.56,.048188,26.268488
1780326134,phi3:mini,34.0,4851,478.28,16.61,.054360,17.938254
1780326152,phi3:mini,34.0,4852,505.56,15.15,.051427,33.320663
1780326185,phi3:mini,33.0,4850,558.98,18.42,.046512,4.613776
1780326190,phi3:mini,34.0,4853,500.10,19.66,.051988,2.797552
1780326193,phi3:mini,34.0,4850,560.36,19.91,.046398,1.054718
1780326194,phi3:mini,33.0,4847,512.88,15.20,.050694,29.203318
1780326224,phi3:mini,34.0,4850,436.08,16.56,.059621,16.904218
1780326241,phi3:mini,34.0,4846,504.03,15.45,.051583,25.230691
1780326266,phi3:mini,33.0,4855,466.77,15.86,.055700,23.265711
1780326290,phi3:mini,33.0,4849,483.37,16.06,.053788,22.591048
1780326313,phi3:mini,33.0,4845,460.18,17.66,.056498,13.868247
1780326327,phi3:mini,34.0,4849,464.36,15.00,.055990,33.920203
1780326361,phi3:mini,33.0,4843,490.05,16.96,.053055,13.907606
1780326375,phi3:mini,33.0,4839,525.19,16.22,.049505,18.737884
1780326394,phi3:mini,30.0,4850,478.75,16.05,.054307,22.728881
1780326417,phi3:mini,33.0,4849,528.12,18.33,.049230,5.399870
1780326422,phi3:mini,34.0,4844,512.45,15.28,.050736,28.533142
1780326451,phi3:mini,32.0,4852,436.68,13.79,.059539,46.913788
1780326498,phi3:mini,32.0,4849,493.08,16.29,.052729,21.412817
1780326520,phi3:mini,33.0,4848,472.83,16.65,.054987,16.447957
1780326536,phi3:mini,34.0,4850,466.15,18.14,.055775,7.219578
1780326544,phi3:mini,33.0,4850,494.12,15.40,.052618,25.962984
1780326570,phi3:mini,33.0,4849,496.76,13.49,.052338,57.714455
1780326628,phi3:mini,33.0,4846,533.35,16.31,.048748,19.798839
1780326648,phi3:mini,34.0,4847,453.54,19.62,.057326,3.058060
1780326651,phi3:mini,33.0,4841,503.03,15.66,.051686,22.911378
1780326674,phi3:mini,33.0,4843,427.86,18.69,.060766,4.601004
1780326679,phi3:mini,34.0,4832,430.10,15.82,.060450,22.629285
1780326702,phi3:mini,34.0,4845,479.20,15.32,.054256,28.842676
1780326731,phi3:mini,34.0,4841,517.11,16.87,.050278,14.813769
1780326746,phi3:mini,34.0,4844,549.46,19.75,.047318,1.113584
1780326747,phi3:mini,33.0,4844,527.34,14.32,.049303,38.465823
1780326786,phi3:mini,32.0,4839,464.66,19.36,.055954,2.220123
1780326788,phi3:mini,34.0,4836,527.43,17.09,.049295,11.174902
1780326799,phi3:mini,33.0,4840,526.90,15.99,.049344,20.135142
1780326820,phi3:mini,34.0,4841,476.93,18.69,.054514,5.080636
1780326825,phi3:mini,34.0,4839,527.91,16.35,.049250,18.894897
1780326844,phi3:mini,33.0,4843,439.63,15.86,.059139,24.453337
1780326869,phi3:mini,33.0,4836,486.38,16.51,.053455,18.046213
1780326887,phi3:mini,33.0,4842,475.78,20.27,.054647,1.331691
1780326888,phi3:mini,34.0,4841,496.07,17.19,.052411,13.780376
1780326902,phi3:mini,33.0,4845,545.55,16.70,.047657,17.364929
1780326920,phi3:mini,34.0,4838,501.89,17.26,.051803,12.221442
1780326932,phi3:mini,30.0,4844,491.41,15.98,.052908,22.018447
1780326955,phi3:mini,34.0,4849,481.88,16.93,.053954,14.352655
1780326969,phi3:mini,34.0,4839,482.83,16.79,.053849,15.242491
1780326985,phi3:mini,30.0,4844,503.87,16.95,.051600,14.563972
1780326999,phi3:mini,34.0,4849,512.96,16.92,.050685,14.122952
1780327014,phi3:mini,34.0,4840,506.85,17.02,.051297,13.329993
1780327027,phi3:mini,34.0,4845,508.27,16.20,.051153,20.054076
1780327047,phi3:mini,34.0,4848,457.50,19.07,.056830,4.194141
1780327052,phi3:mini,34.0,4846,569.00,16.83,.045693,13.842842
1780327066,phi3:mini,36.0,4852,538.67,18.09,.048266,7.624860
1780327073,phi3:mini,34.0,4849,469.86,15.43,.055335,28.501862
1780327102,phi3:mini,33.0,4850,474.60,16.05,.054782,21.614163
1780327124,phi3:mini,34.0,4848,471.44,15.96,.055149,22.292154
1780327147,phi3:mini,34.0,4851,500.39,17.21,.051958,12.666172
1780327159,phi3:mini,34.0,4852,464.47,17.48,.055977,12.526809
1780327172,phi3:mini,34.0,4846,459.08,15.56,.056633,28.403204
1780327201,phi3:mini,34.0,4848,449.81,17.30,.057801,13.350797
1780327214,phi3:mini,34.0,4845,420.99,15.26,.061758,28.493525
1780327243,phi3:mini,33.0,4845,493.84,17.08,.052647,13.285041
1780327256,phi3:mini,34.0,4844,467.16,15.09,.055655,32.533357
1780327289,phi3:mini,33.0,4843,478.48,16.24,.054337,20.011418
1780327309,phi3:mini,34.0,4839,434.05,15.76,.059899,22.647313
1780327332,phi3:mini,34.0,4843,481.36,16.00,.054012,22.247555
1780327355,phi3:mini,33.0,4851,464.65,15.28,.055954,29.055719
1780327384,phi3:mini,34.0,4843,506.56,18.53,.051326,4.962898
1780327389,phi3:mini,34.0,4843,446.83,15.79,.058186,23.170895
1780327412,phi3:mini,30.0,4844,481.38,18.53,.054010,5.394327
1780327418,phi3:mini,33.0,4844,458.24,17.25,.056737,12.634663
1780327431,phi3:mini,33.0,4842,477.52,17.03,.054447,12.268067
1780327443,phi3:mini,34.0,4847,490.64,16.40,.052991,17.255705
1780327461,phi3:mini,34.0,4847,476.35,15.09,.054581,29.555276
1780327490,phi3:mini,34.0,4844,498.00,16.10,.052207,21.415867
1780327512,phi3:mini,34.0,4838,428.80,16.06,.060633,21.231388
1780327533,phi3:mini,32.0,4841,450.75,9.52,.057680,259.054943
1780327793,phi3:mini,32.0,4832,530.62,20.86,.048999,.862888
1780327794,phi3:mini,32.0,4833,482.61,16.78,.053873,19.237920
1780327813,phi3:mini,34.0,4840,479.73,16.46,.054196,18.650355
1780327832,phi3:mini,33.0,4839,478.78,18.93,.054304,3.115902
1780327835,phi3:mini,34.0,4841,518.99,14.35,.050096,42.501282
1780327878,phi3:mini,31.0,4847,483.78,15.64,.053742,24.932852
1780327903,phi3:mini,34.0,4834,471.43,15.68,.055151,23.085569
1780327927,phi3:mini,33.0,4843,491.09,16.73,.052942,13.983380
1780327941,phi3:mini,33.0,4840,447.32,18.53,.058123,5.665711
1780327947,phi3:mini,34.0,4837,501.92,16.75,.051800,15.577011
1780327962,phi3:mini,34.0,4839,414.58,15.30,.062712,28.546443
1780327991,phi3:mini,34.0,4832,474.30,16.89,.054816,14.438895
1780328006,phi3:mini,33.0,4839,486.32,13.73,.053462,47.105271
1780328053,phi3:mini,33.0,4831,454.56,16.42,.057197,17.475139
1780328071,phi3:mini,33.0,4837,472.53,16.84,.055022,14.959642
1780328086,phi3:mini,33.0,4837,438.51,15.59,.059290,30.961740
1780328117,phi3:mini,34.0,4831,487.22,16.79,.053363,17.330929
1780328135,phi3:mini,34.0,4840,525.27,17.65,.049497,10.872898
1780328146,phi3:mini,34.0,4842,508.57,16.87,.051123,16.241181
1780328162,phi3:mini,34.0,4841,491.80,16.72,.052866,15.606906
1780328178,phi3:mini,33.0,4841,475.99,14.85,.054621,34.535265
1780328213,phi3:mini,33.0,4848,506.61,16.32,.051320,18.682207
1780328231,phi3:mini,34.0,4839,454.92,16.27,.057152,18.561629
1780328250,phi3:mini,31.0,4837,480.78,17.67,.054078,10.804792
1780328261,phi3:mini,34.0,4838,450.98,18.56,.057651,7.486499
1780328269,phi3:mini,34.0,4839,472.21,18.21,.055059,6.809278
1780328276,phi3:mini,34.0,4838,516.88,15.49,.050300,28.398119
1780328304,phi3:mini,34.0,4842,471.89,16.42,.055097,18.141458
1780328323,phi3:mini,34.0,4841,512.30,15.58,.050751,24.384635
1780328347,phi3:mini,34.0,4842,524.39,15.98,.049580,22.019669
1780328370,phi3:mini,33.0,4842,504.76,16.06,.051508,20.354730
1780328390,phi3:mini,33.0,4838,455.54,19.51,.057074,2.664888
1780328393,phi3:mini,36.0,4841,471.23,17.65,.055174,10.985508
1780328404,phi3:mini,34.0,4834,450.34,16.25,.057733,20.119780
1780328424,phi3:mini,34.0,4840,507.43,15.73,.051237,23.825797
1780328448,phi3:mini,33.0,4840,472.27,16.58,.055052,16.102262
1780328465,phi3:mini,34.0,4842,475.99,15.55,.054622,25.460418
1780328490,phi3:mini,34.0,4841,471.43,16.37,.055151,17.712747
1780328508,phi3:mini,31.0,4840,482.21,21.41,.053917,.840644
1780328509,phi3:mini,31.0,4834,509.23,16.51,.051057,17.134067
1780328527,phi3:mini,34.0,4837,473.63,16.18,.054894,18.723174
1780328545,phi3:mini,33.0,4842,526.38,15.86,.049393,25.020005
1780328571,phi3:mini,34.0,4848,525.53,16.25,.049473,22.522176
1780328593,phi3:mini,34.0,4831,536.78,15.27,.048436,29.192631
1780328623,phi3:mini,34.0,4846,532.45,14.99,.048830,33.282992
1780328656,phi3:mini,33.0,4830,521.34,20.93,.049870,1.003328
1780328657,phi3:mini,34.0,4830,466.41,15.40,.055744,27.397268
1780328685,phi3:mini,33.0,4843,497.68,19.25,.052241,2.337267
1780328688,phi3:mini,31.0,4837,441.93,16.25,.058832,19.255734
1780328707,phi3:mini,33.0,4834,524.82,15.26,.049540,27.704646
1780328735,phi3:mini,34.0,4836,481.62,14.41,.053983,39.122833
1780328774,phi3:mini,30.0,4844,482.86,15.72,.053845,24.796007
1780328799,phi3:mini,33.0,4848,495.49,15.65,.052473,22.875193
1780328822,phi3:mini,30.0,4849,503.36,17.21,.051652,13.884043
1780328836,phi3:mini,34.0,4845,523.13,15.83,.049700,23.119978
1780328860,phi3:mini,34.0,4843,464.36,13.14,.055990,61.337532
1780328921,phi3:mini,33.0,4849,462.37,17.43,.056231,12.618448
1780328934,phi3:mini,33.0,4842,512.68,15.47,.050713,33.277722
1780328967,phi3:mini,33.0,4841,502.82,17.33,.051707,14.535607
1780328982,phi3:mini,34.0,4839,518.69,16.47,.050125,19.726578
1780329002,phi3:mini,34.0,4835,471.87,16.17,.055099,21.265812
1780329024,phi3:mini,34.0,4838,458.28,15.59,.056733,26.602580
1780329050,phi3:mini,31.0,4834,528.45,15.12,.049200,33.392050
1780329084,phi3:mini,33.0,4837,477.12,14.82,.054492,33.668059
1780329118,phi3:mini,33.0,4840,461.98,16.41,.056279,18.644092
1780329137,phi3:mini,34.0,4840,428.06,16.38,.060738,19.219946
1780329156,phi3:mini,34.0,4839,506.83,16.70,.051298,16.700496
1780329173,phi3:mini,36.0,4843,484.66,17.46,.053645,14.428890
1780329188,phi3:mini,36.0,4847,489.77,17.08,.053085,14.689993
1780329202,phi3:mini,37.0,4832,508.87,14.67,.051093,38.293900
1780329241,phi3:mini,34.0,4838,470.72,17.19,.055234,14.601440
1780329256,phi3:mini,34.0,4842,471.06,14.60,.055193,34.656931
1780329291,phi3:mini,34.0,4840,478.67,19.22,.054316,3.120575
1780329294,phi3:mini,36.0,4838,472.13,14.81,.055069,32.938593
1780329327,phi3:mini,34.0,4838,466.80,17.87,.055697,10.631326
1780329338,phi3:mini,34.0,4828,570.34,16.05,.045586,26.978162
1780329365,phi3:mini,34.0,4833,469.86,17.68,.055334,12.328067
1780329378,phi3:mini,36.0,4833,488.67,16.50,.053205,17.202205
1780329395,phi3:mini,34.0,4834,507.84,17.02,.051196,14.334621
1780329409,phi3:mini,34.0,4833,544.25,17.02,.047771,14.217053
1780329424,phi3:mini,34.0,4835,463.62,17.77,.056080,9.453540
1780329433,phi3:mini,34.0,4841,472.51,17.23,.055024,12.592820
1780329446,phi3:mini,34.0,4841,529.92,19.23,.049063,2.495850
1780329449,phi3:mini,36.0,4841,469.63,17.26,.055362,14.365046
1780329463,phi3:mini,34.0,4836,533.47,17.34,.048736,14.355165
1780329478,phi3:mini,34.0,4836,510.32,17.65,.050947,10.820037
1780329489,phi3:mini,34.0,4838,512.31,14.78,.050750,36.535724
1780329526,phi3:mini,34.0,4839,530.82,15.70,.048980,24.894266
1780329551,phi3:mini,33.0,4838,479.50,16.70,.054222,13.589955
1780329565,phi3:mini,33.0,4840,457.35,19.83,.056848,1.058846
1780329566,phi3:mini,33.0,4840,473.24,17.11,.054939,11.976131
1780329578,phi3:mini,36.0,4842,434.53,17.69,.059834,10.964537
1780329589,phi3:mini,37.0,4846,492.09,16.14,.052835,22.542132
1780329612,phi3:mini,36.0,4837,466.37,16.42,.055748,22.470752
1780329635,phi3:mini,36.0,4837,513.80,20.30,.050603,1.034412
1780329636,phi3:mini,34.0,4835,493.14,16.99,.052722,13.652864
1780329650,phi3:mini,30.0,4839,504.92,16.81,.051493,16.709618
1780329666,phi3:mini,36.0,4841,493.16,15.93,.052720,21.714306
1780329688,phi3:mini,36.0,4842,528.31,15.16,.049213,29.152452
1780329718,phi3:mini,36.0,4840,436.53,17.43,.059559,12.502918
1780329730,phi3:mini,34.0,4844,449.98,17.91,.057779,8.038018
1780329739,phi3:mini,36.0,4846,468.42,18.81,.055504,5.368527
1780329744,phi3:mini,34.0,4836,470.93,13.88,.055209,49.605794
1780329794,phi3:mini,33.0,4836,433.25,16.94,.060011,15.342339
1780329810,phi3:mini,33.0,4839,499.63,15.65,.052038,24.525137
1780329834,phi3:mini,34.0,4833,480.92,17.62,.054062,10.777622
1780329845,phi3:mini,37.0,4838,538.83,17.74,.048252,10.817325
1780329856,phi3:mini,34.0,4828,543.46,14.65,.047841,36.297820
1780329893,phi3:mini,36.0,4838,491.46,12.91,.052902,64.273910
1780329957,phi3:mini,34.0,4838,432.13,15.48,.060165,26.799105
1780329984,phi3:mini,33.0,4841,483.56,16.85,.053767,13.945466
1780329998,phi3:mini,31.0,4844,448.73,17.45,.057940,11.114835
1780330010,phi3:mini,34.0,4842,481.82,15.48,.053961,28.216318
1780330038,phi3:mini,33.0,4840,538.14,16.00,.048314,22.433860
1780330061,phi3:mini,34.0,4835,466.89,17.56,.055686,11.669471
1780330073,phi3:mini,33.0,4831,450.07,16.07,.057768,22.949119
1780330096,phi3:mini,34.0,4829,472.79,18.26,.054992,7.225728
1780330103,phi3:mini,34.0,4832,485.36,14.47,.053567,40.138095
1780330144,phi3:mini,34.0,4834,486.72,15.45,.053418,28.399033
1780330172,phi3:mini,34.0,4836,542.74,17.96,.047904,7.682549
1780330180,phi3:mini,34.0,4837,520.85,17.68,.049918,10.009771
1780330190,phi3:mini,34.0,4839,442.44,15.77,.058764,23.838169
1780330214,phi3:mini,34.0,4843,445.11,18.59,.058411,5.000804
1780330219,phi3:mini,34.0,4842,499.34,16.30,.052067,19.015449
1780330239,phi3:mini,34.0,4836,442.08,18.45,.058811,5.960420
1780330245,phi3:mini,34.0,4842,495.90,17.00,.052429,12.877488
1780330258,phi3:mini,33.0,4841,498.88,15.93,.052115,23.025972
1780330281,phi3:mini,34.0,4845,486.76,16.60,.053413,14.816226
1780330296,phi3:mini,34.0,4845,467.03,15.51,.055670,24.751882
1780330321,phi3:mini,34.0,4849,501.88,16.92,.051804,13.943257
1780330335,phi3:mini,34.0,4847,533.92,16.56,.048695,17.204024
1780330352,phi3:mini,36.0,4846,537.32,20.29,.048387,2.217402
1780330355,phi3:mini,36.0,4835,494.54,16.76,.052573,18.548809
1780330373,phi3:mini,34.0,4841,487.54,16.87,.053328,19.380670
1780330393,phi3:mini,33.0,4847,502.90,16.13,.051699,22.869616
1780330416,phi3:mini,34.0,4847,549.42,17.40,.047321,10.917002
1780330427,phi3:mini,31.0,4847,491.03,14.46,.052949,39.339253
1780330467,phi3:mini,33.0,4843,487.56,17.84,.053326,8.235932
1780330475,phi3:mini,34.0,4840,473.68,17.26,.054888,12.627208
1780330488,phi3:mini,34.0,4836,504.43,15.91,.051542,22.551655
1780330511,phi3:mini,33.0,4839,522.06,16.44,.049802,19.824562
1780330531,phi3:mini,34.0,4843,503.51,17.78,.051636,11.021128
1780330542,phi3:mini,34.0,4846,488.27,16.82,.053248,14.915670
1780330557,phi3:mini,33.0,4840,510.53,16.43,.050926,17.092706
1780330574,phi3:mini,34.0,4841,504.66,16.92,.051519,13.769092
1780330588,phi3:mini,34.0,4839,490.64,14.38,.052991,39.339487
1780330628,phi3:mini,33.0,4834,565.55,13.91,.045972,46.779552
1780330675,phi3:mini,34.0,4843,494.29,16.11,.052599,19.858372
1780330695,phi3:mini,34.0,4837,480.51,16.01,.054108,20.040324
1780330715,phi3:mini,32.0,4835,515.87,16.29,.050399,18.530596
1780330734,phi3:mini,34.0,4837,508.59,15.33,.051121,28.232059
1780330762,phi3:mini,33.0,4838,446.90,16.92,.058177,14.534231
1780330777,phi3:mini,34.0,4839,485.53,17.42,.053548,12.512341
1780330790,phi3:mini,32.0,4840,485.51,16.73,.053551,15.059170
1780330805,phi3:mini,34.0,4842,487.08,16.54,.053378,16.556998
1780330822,phi3:mini,34.0,4837,492.07,15.61,.052837,22.993212
1780330845,phi3:mini,33.0,4842,489.45,17.83,.053119,9.193389
1780330854,phi3:mini,31.0,4846,533.46,18.61,.048738,4.457717
1780330859,phi3:mini,34.0,4846,444.62,17.45,.058475,10.941602
1780330870,phi3:mini,34.0,4844,525.07,15.93,.049517,22.088329
1780330892,phi3:mini,34.0,4841,472.45,15.41,.055031,28.541756
1780330921,phi3:mini,34.0,4831,449.16,17.41,.057884,10.912778
1780330932,phi3:mini,34.0,4822,550.68,17.50,.047213,11.199351
1780330943,phi3:mini,34.0,4835,526.66,17.69,.049366,9.888530
1780330953,phi3:mini,34.0,4834,501.13,17.18,.051882,13.328550
1780330967,phi3:mini,33.0,4834,544.79,16.93,.047724,14.292386
1780330981,phi3:mini,34.0,4840,484.96,19.78,.053611,2.325097
1780330984,phi3:mini,33.0,4841,484.36,16.45,.053678,17.623229
1780331002,phi3:mini,34.0,4847,521.24,17.25,.049880,11.013549
1780331013,phi3:mini,37.0,4834,482.00,14.76,.053941,34.738967
1780331048,phi3:mini,34.0,4836,479.11,18.24,.054266,5.372516
1780331053,phi3:mini,33.0,4829,451.29,20.26,.057612,1.085720
1780331055,phi3:mini,34.0,4828,451.56,16.32,.057577,19.598611
1780331074,phi3:mini,34.0,4836,524.62,15.64,.049559,26.134782
1780331101,phi3:mini,33.0,4838,495.60,14.96,.052461,33.468623
1780331134,phi3:mini,33.0,4846,439.03,19.68,.059221,1.320558
1780331136,phi3:mini,34.0,4847,465.43,16.18,.055862,20.075088
1780331156,phi3:mini,34.0,4841,434.72,19.48,.059808,3.078723
1780331159,phi3:mini,36.0,4839,557.38,17.56,.046646,11.161130
1780331171,phi3:mini,33.0,4852,528.97,13.14,.049152,58.415987
1780331229,phi3:mini,33.0,4849,497.30,16.68,.052281,15.224502
1780331245,phi3:mini,33.0,4842,454.02,15.29,.057265,28.438106
1780331273,phi3:mini,33.0,4846,542.67,16.62,.047910,16.479138
1780331290,phi3:mini,34.0,4844,448.29,18.72,.057997,5.019516
1780331295,phi3:mini,36.0,4848,433.33,16.51,.060000,18.715346
1780331314,phi3:mini,34.0,4849,536.95,15.46,.048421,28.258948
1780331343,phi3:mini,34.0,4845,512.47,18.05,.050734,8.310023
1780331351,phi3:mini,34.0,4843,478.78,15.34,.054303,27.761719
1780331379,phi3:mini,33.0,4841,548.85,14.96,.047371,33.350498
1780331413,phi3:mini,33.0,4844,468.54,16.33,.055490,18.860018
1780331432,phi3:mini,34.0,4840,480.55,18.95,.054104,4.325014
1780331436,phi3:mini,36.0,4836,502.06,17.23,.051786,12.182448
1780331448,phi3:mini,34.0,4836,488.35,14.31,.053239,44.571573
1780331493,phi3:mini,34.0,4849,500.49,14.04,.051948,46.345685
1780331540,phi3:mini,34.0,4849,485.31,17.63,.053573,11.453632
1780331551,phi3:mini,34.0,4850,474.06,15.15,.054844,33.971476
1780331586,phi3:mini,34.0,4842,508.52,17.04,.051128,14.198285
1780331600,phi3:mini,37.0,4841,493.05,16.40,.052731,17.496334
1780331618,phi3:mini,36.0,4842,496.53,15.55,.052363,28.029851
1780331646,phi3:mini,31.0,4838,582.10,16.48,.044665,17.405211
1780331664,phi3:mini,36.0,4840,476.40,18.38,.054575,6.308672
1780331670,phi3:mini,34.0,4838,507.19,16.09,.051262,21.493391
1780331692,phi3:mini,30.0,4843,475.22,17.42,.054710,11.708819
1780331704,phi3:mini,34.0,4846,468.28,16.86,.055521,14.879752
1780331719,phi3:mini,34.0,4845,478.07,19.33,.054384,3.360943
1780331722,phi3:mini,34.0,4843,422.26,17.40,.061573,10.972978
1780331733,phi3:mini,33.0,4835,483.90,16.18,.053730,20.206775
1780331754,phi3:mini,34.0,4836,519.09,15.07,.050087,29.856519
1780331784,phi3:mini,33.0,4832,512.95,17.06,.050686,13.948150
1780331798,phi3:mini,36.0,4838,483.21,17.01,.053805,13.573108
1780331812,phi3:mini,34.0,4838,554.44,14.22,.046893,45.487851
1780331857,phi3:mini,33.0,4840,490.64,20.05,.052991,.997344
1780331859,phi3:mini,34.0,4841,488.49,17.69,.053224,9.212815
1780331868,phi3:mini,31.0,4845,522.21,17.76,.049787,9.740082
1780331878,phi3:mini,33.0,4849,470.47,16.00,.055263,20.933715
1780331899,phi3:mini,34.0,4848,465.91,16.40,.055803,17.130603
1780331916,phi3:mini,34.0,4840,490.13,16.05,.053046,23.735480
1780331940,phi3:mini,34.0,4844,501.46,18.01,.051847,9.048856
1780331949,phi3:mini,34.0,4846,562.98,18.09,.046182,7.682026
1780331957,phi3:mini,34.0,4849,494.79,15.24,.052546,31.673396
1780331989,phi3:mini,34.0,4843,495.05,16.30,.052519,19.013457
1780332008,phi3:mini,34.0,4842,462.00,17.00,.056275,13.878036
1780332022,phi3:mini,34.0,4842,468.34,10.15,.055514,200.071813
1780332223,phi3:mini,32.0,4841,490.26,16.99,.053032,13.767036
1780332237,phi3:mini,34.0,4846,467.86,18.54,.055571,6.094754
1780332243,phi3:mini,34.0,4850,471.52,14.72,.055140,34.901129
1780332278,phi3:mini,33.0,4848,493.93,17.40,.052638,12.065780
1780332290,phi3:mini,34.0,4847,470.26,16.79,.055288,17.150281
1780332308,phi3:mini,34.0,4842,487.27,16.18,.053358,19.890988
1780332328,phi3:mini,34.0,4840,484.01,16.74,.053717,16.367711
1780332344,phi3:mini,34.0,4836,542.24,15.62,.047948,25.351629
1780332370,phi3:mini,36.0,4837,475.61,16.85,.054666,14.002972
1780332384,phi3:mini,36.0,4837,544.97,16.36,.047708,17.175605
1780332402,phi3:mini,33.0,4832,429.66,15.94,.060511,23.396610
1780332425,phi3:mini,34.0,4834,417.53,15.94,.062270,22.893902
1780332448,phi3:mini,33.0,4839,472.72,16.07,.055000,21.839866
1780332470,phi3:mini,34.0,4834,483.33,16.27,.053793,18.676742
1780332489,phi3:mini,34.0,4842,460.07,18.00,.056512,7.666104
1780332497,phi3:mini,33.0,4841,475.83,15.44,.054640,27.378961
1780332525,phi3:mini,34.0,4838,465.66,17.13,.055834,13.251593
1780332538,phi3:mini,33.0,4837,470.97,14.75,.055205,36.181802
1780332574,phi3:mini,36.0,4839,491.42,17.59,.052907,10.399180
1780332585,phi3:mini,34.0,4837,542.32,14.94,.047941,33.245078
1780332618,phi3:mini,33.0,4832,498.35,18.57,.052171,6.245757
1780332625,phi3:mini,34.0,4837,510.92,14.20,.050887,43.634335
1780332669,phi3:mini,33.0,4842,464.56,14.70,.055966,33.863929
1780332703,phi3:mini,33.0,4836,458.26,16.19,.056736,19.267043
1780332722,phi3:mini,31.0,4838,513.60,15.22,.050622,29.959375
1780332752,phi3:mini,33.0,4844,533.77,16.80,.048709,16.664047
1780332769,phi3:mini,34.0,4846,516.26,16.13,.050361,22.876390
1780332792,phi3:mini,34.0,4843,551.29,15.91,.047162,22.867686
1780332815,phi3:mini,34.0,4845,495.99,15.27,.052420,28.144489
1780332844,phi3:mini,34.0,4848,450.82,16.59,.057672,16.449244
1780332860,phi3:mini,34.0,4853,470.11,16.59,.055305,18.373578
1780332879,phi3:mini,34.0,4849,507.88,17.39,.051192,11.097630
1780332890,phi3:mini,33.0,4847,543.95,16.73,.047797,14.816650
1780332905,phi3:mini,34.0,4848,485.38,15.64,.053566,25.505444
1780332931,phi3:mini,34.0,4847,481.52,15.17,.053995,27.948301
1780332959,phi3:mini,34.0,4840,436.72,17.98,.059533,8.453583
1780332968,phi3:mini,34.0,4840,487.22,17.20,.053363,13.658239
1780332981,phi3:mini,34.0,4843,496.05,14.71,.052413,38.058874
1780333020,phi3:mini,34.0,4850,462.70,15.81,.056190,22.883857
1780333043,phi3:mini,34.0,4847,485.34,17.29,.053569,11.853353
1780333055,phi3:mini,33.0,4842,477.45,15.27,.054455,26.256709
1780333081,phi3:mini,32.0,4839,496.91,16.49,.052322,17.582544
1780333099,phi3:mini,34.0,4843,489.17,17.39,.053150,11.035630
1780333110,phi3:mini,33.0,4843,475.16,16.55,.054717,16.614830
1780333127,phi3:mini,33.0,4841,474.18,15.64,.054830,25.444827
1780333153,phi3:mini,34.0,4839,474.98,17.49,.054738,12.348774
1780333165,phi3:mini,36.0,4843,541.15,19.23,.048045,4.159587
1780333170,phi3:mini,34.0,4836,512.52,17.53,.050728,11.976180
1780333182,phi3:mini,34.0,4835,454.19,18.29,.057244,6.286171
1780333188,phi3:mini,33.0,4839,519.98,17.62,.050001,9.077712
1780333197,phi3:mini,36.0,4839,515.16,14.67,.050469,35.984460
1780333234,phi3:mini,30.0,4895,444.85,17.20,.058446,13.657231
1780333247,phi3:mini,32.0,4900,491.87,16.67,.052859,14.636547
1780333262,phi3:mini,34.0,4898,511.02,17.17,.050877,13.919550
1780333276,phi3:mini,34.0,4900,483.10,15.54,.053818,26.177514
1780333303,phi3:mini,34.0,4853,443.00,15.78,.058689,22.933977
1780333326,phi3:mini,34.0,4854,465.92,16.78,.055803,13.819026
1780333340,phi3:mini,34.0,4861,475.97,16.30,.054624,19.314269
1780333359,phi3:mini,34.0,4856,453.10,20.84,.057381,.863516
1780333360,phi3:mini,34.0,4854,479.53,17.00,.054218,15.763376
1780333376,phi3:mini,36.0,4854,480.67,15.12,.054090,29.686426
1780333406,phi3:mini,34.0,4860,467.41,18.11,.055624,6.237232
1780333413,phi3:mini,34.0,4839,462.85,16.79,.056173,14.113940
1780333427,phi3:mini,34.0,4841,459.32,15.37,.056604,28.225002
1780333455,phi3:mini,33.0,4839,502.78,15.62,.051712,25.031034
1780333481,phi3:mini,30.0,4836,477.02,17.10,.054504,13.273601
1780333494,phi3:mini,34.0,4841,470.15,19.85,.055300,1.510762
1780333496,phi3:mini,34.0,4843,480.52,15.96,.054107,18.921818
1780333515,phi3:mini,33.0,4844,503.90,15.52,.051597,24.730621
1780333540,phi3:mini,33.0,4845,478.51,14.67,.054334,39.258328
1780333579,phi3:mini,34.0,4845,554.05,17.00,.046926,15.406096
1780333595,phi3:mini,33.0,4841,439.93,14.92,.059098,34.180287
1780333629,phi3:mini,34.0,4845,477.39,18.83,.054462,4.246526
1780333634,phi3:mini,36.0,4837,524.04,14.99,.049613,35.148786
1780333669,phi3:mini,34.0,4846,459.88,16.50,.056535,17.272400
1780333686,phi3:mini,33.0,4845,557.25,15.79,.046657,23.931879
1780333711,phi3:mini,33.0,4843,523.90,16.37,.049627,19.301802
1780333730,phi3:mini,33.0,4844,517.40,16.74,.050251,16.779561
1780333747,phi3:mini,33.0,4852,495.75,14.79,.052445,34.072155
1780333781,phi3:mini,34.0,4843,486.58,18.06,.053434,11.346737
1780333793,phi3:mini,34.0,4836,470.83,15.96,.055221,22.989565
1780333816,phi3:mini,33.0,4835,469.33,19.41,.055397,2.678702
1780333819,phi3:mini,34.0,4841,483.47,17.68,.053777,10.010033
1780333829,phi3:mini,34.0,4837,422.60,18.83,.061523,5.256472
1780333834,phi3:mini,34.0,4841,472.12,16.16,.055070,19.358047
1780333854,phi3:mini,34.0,4834,465.50,15.89,.055853,22.777647
1780333877,phi3:mini,34.0,4839,511.39,16.39,.050841,19.209559
1780333896,phi3:mini,33.0,4846,545.05,15.86,.047701,23.127642
1780333920,phi3:mini,34.0,4840,482.55,17.20,.053880,12.670451
1780333933,phi3:mini,33.0,4840,484.93,14.16,.053615,41.646521
1780333974,phi3:mini,33.0,4831,505.55,13.58,.051428,49.249190
1780334024,phi3:mini,34.0,4840,473.56,14.80,.054902,33.369966
1780334057,phi3:mini,33.0,4843,478.35,17.02,.054352,12.393388
1780334070,phi3:mini,34.0,4847,482.17,16.09,.053922,24.720549
1780334095,phi3:mini,34.0,4825,476.77,16.33,.054533,19.042345
1780334114,phi3:mini,31.0,4838,482.77,16.04,.053855,22.256385
1780334137,phi3:mini,34.0,4838,483.82,16.21,.053738,20.973488
1780334158,phi3:mini,34.0,4838,496.88,18.66,.052325,5.036603
1780334163,phi3:mini,34.0,4842,529.36,13.35,.049115,59.755081
1780334223,phi3:mini,32.0,4836,482.69,15.80,.053864,23.097182
1780334246,phi3:mini,33.0,4838,483.63,16.45,.053759,16.593722
1780334263,phi3:mini,34.0,4836,520.70,18.55,.049932,6.142502
1780334269,phi3:mini,34.0,4835,502.66,14.90,.051723,32.946889
1780334302,phi3:mini,34.0,4835,407.24,17.09,.063843,12.697464
1780334315,phi3:mini,34.0,4837,499.60,17.17,.052040,13.100504
1780334329,phi3:mini,31.0,4841,561.83,15.24,.046276,28.670272
1780334357,phi3:mini,30.0,4830,458.01,14.09,.056766,44.267505
1780334402,phi3:mini,33.0,4836,470.72,15.32,.055234,27.010947
1780334429,phi3:mini,34.0,4837,459.21,15.23,.056617,27.958122
1780334457,phi3:mini,34.0,4844,506.80,16.69,.051301,14.733212
1780334472,phi3:mini,34.0,4834,497.07,15.27,.052306,27.814291
1780334500,phi3:mini,30.0,4838,544.43,16.94,.047755,14.753874
1780334515,phi3:mini,30.0,4843,514.47,19.40,.050536,2.319540
1780334518,phi3:mini,31.0,4842,474.01,18.99,.054850,5.001516
1780334523,phi3:mini,33.0,4838,462.13,15.12,.056260,28.692988
1780334552,phi3:mini,34.0,4842,487.27,14.83,.053357,34.184031
1780334586,phi3:mini,33.0,4840,474.11,19.29,.054839,2.176370
1780334588,phi3:mini,34.0,4842,537.91,15.47,.048335,26.825333
1780334615,phi3:mini,33.0,4844,469.06,16.69,.055429,14.911900
1780334631,phi3:mini,33.0,4847,490.89,13.62,.052964,49.983563
1780334681,phi3:mini,33.0,4845,507.74,17.10,.051206,14.149696
1780334695,phi3:mini,34.0,4830,461.90,16.39,.056288,17.873570
1780334713,phi3:mini,34.0,4837,528.80,17.29,.049167,11.391616
1780334725,phi3:mini,34.0,4842,549.48,16.28,.047317,17.811430
1780334743,phi3:mini,34.0,4840,468.19,19.68,.055532,1.575017
1780334744,phi3:mini,34.0,4842,517.38,18.94,.050252,2.375679
1780334747,phi3:mini,34.0,4842,485.89,17.42,.053509,10.960997
1780334758,phi3:mini,36.0,4835,478.09,17.58,.054382,11.261922
1780334769,phi3:mini,34.0,4837,534.34,16.86,.048657,13.104378
1780334783,phi3:mini,34.0,4839,477.13,15.05,.054491,29.760469
1780334813,phi3:mini,33.0,4841,444.84,19.81,.058447,2.674786
1780334816,phi3:mini,34.0,4843,508.41,15.33,.051139,28.305045
1780334844,phi3:mini,34.0,4845,440.80,15.31,.058982,28.475875
1780334873,phi3:mini,30.0,4837,459.69,18.12,.056559,6.897749
1780334880,phi3:mini,34.0,4843,532.16,17.92,.048857,7.699668
1780334888,phi3:mini,34.0,4838,457.07,14.87,.056883,30.040780
1780334918,phi3:mini,31.0,4842,478.36,16.33,.054351,19.710521
1780334938,phi3:mini,33.0,4841,484.87,16.32,.053622,19.110616
1780334957,phi3:mini,34.0,4837,433.04,19.09,.060039,3.508432
1780334961,phi3:mini,34.0,4835,491.08,16.18,.052943,19.891763
1780334981,phi3:mini,36.0,4836,556.07,17.19,.046756,10.994541
1780334992,phi3:mini,33.0,4837,511.23,17.16,.050857,12.467589
1780335005,phi3:mini,32.0,4832,459.94,17.07,.056528,13.880558
1780335019,phi3:mini,33.0,4831,506.79,16.79,.051303,12.980025
1780335032,phi3:mini,34.0,4829,543.37,20.39,.047848,1.324026
1780335033,phi3:mini,33.0,4830,515.51,17.03,.050434,15.262547
1780335049,phi3:mini,34.0,4831,475.38,15.50,.054692,27.214149
1780335076,phi3:mini,33.0,4837,490.36,16.50,.053021,18.780977
1780335095,phi3:mini,33.0,4840,514.54,16.33,.050529,17.449616
1780335113,phi3:mini,34.0,4847,496.21,15.62,.052396,24.506893
1780335138,phi3:mini,34.0,4849,499.04,15.93,.052099,24.029387
1780335162,phi3:mini,34.0,4844,443.07,15.96,.058680,25.741846
1780335188,phi3:mini,33.0,4839,518.93,14.20,.050102,50.039377
1780335238,phi3:mini,33.0,4838,465.90,16.80,.055804,15.468070
1780335254,phi3:mini,34.0,4842,467.94,18.66,.055561,6.213832
1780335260,phi3:mini,34.0,4842,464.41,16.30,.055984,17.601114
1780335278,phi3:mini,31.0,4841,497.82,16.81,.052226,15.640584
1780335294,phi3:mini,34.0,4844,520.46,16.47,.049955,17.418314
1780335311,phi3:mini,34.0,4836,547.90,15.88,.047453,23.163335
1780335334,phi3:mini,34.0,4833,429.36,19.07,.060554,6.028069
1780335341,phi3:mini,34.0,4835,472.94,17.59,.054975,11.707403
1780335353,phi3:mini,33.0,4834,503.67,19.55,.051620,3.324381
1780335356,phi3:mini,34.0,4835,491.65,19.42,.052882,2.780463
1780335359,phi3:mini,36.0,4832,512.53,19.08,.050727,4.926168
1780335364,phi3:mini,34.0,4836,467.35,15.72,.055631,23.915229
1780335388,phi3:mini,34.0,4832,531.43,16.82,.048924,16.165289
1780335405,phi3:mini,34.0,4838,539.37,16.17,.048204,21.261560
1780335426,phi3:mini,34.0,4837,506.14,16.79,.051368,15.243959
1780335441,phi3:mini,34.0,4839,451.60,20.20,.057572,.940458
1780335443,phi3:mini,33.0,4840,526.54,15.93,.049378,21.393614
1780335464,phi3:mini,34.0,4834,556.10,19.64,.046753,1.018042
1780335465,phi3:mini,30.0,4836,496.85,18.47,.052329,7.739232
1780335473,phi3:mini,33.0,4835,471.00,18.78,.055201,5.696327
1780335479,phi3:mini,34.0,4835,474.93,18.68,.054744,5.620017
1780335485,phi3:mini,34.0,4836,545.61,17.30,.047652,11.094375
1780335496,phi3:mini,34.0,4838,515.68,14.55,.050418,36.613416
1780335533,phi3:mini,34.0,4837,491.31,13.84,.052918,46.454794
1780335580,phi3:mini,33.0,4837,457.50,16.86,.056829,15.591021
1780335595,phi3:mini,34.0,4833,456.15,15.99,.056998,22.754341
1780335618,phi3:mini,31.0,4834,447.80,16.80,.058061,14.876741
1780335633,phi3:mini,34.0,4842,480.88,15.93,.054067,22.464754
1780335656,phi3:mini,33.0,4840,486.50,17.24,.053442,12.702782
1780335669,phi3:mini,34.0,4839,471.54,17.01,.055138,13.579353
1780335683,phi3:mini,34.0,4837,482.62,16.50,.053872,19.509836
1780335702,phi3:mini,36.0,4841,505.38,17.45,.051445,13.001543
1780335715,phi3:mini,34.0,4838,524.40,16.77,.049580,14.366299
1780335730,phi3:mini,34.0,4835,473.60,20.88,.054898,.718342
1780335731,phi3:mini,34.0,4834,520.84,16.24,.049918,20.807547
1780335752,phi3:mini,34.0,4836,459.16,16.92,.056624,13.763854
1780335766,phi3:mini,34.0,4843,538.77,16.95,.048258,14.564800
1780335780,phi3:mini,34.0,4837,535.10,19.12,.048588,2.561648
1780335783,phi3:mini,34.0,4837,482.80,18.07,.053852,7.745068
1780335791,phi3:mini,33.0,4839,476.57,15.50,.054556,24.830681
1780335816,phi3:mini,33.0,4843,531.24,9.79,.048941,209.882378
1780336026,phi3:mini,32.0,4837,476.68,14.81,.054543,35.233282
1780336062,phi3:mini,34.0,4848,459.95,15.24,.056527,29.389852
1780336091,phi3:mini,32.0,4849,498.21,16.37,.052186,18.381806
1780336110,phi3:mini,33.0,4843,459.52,15.72,.056579,22.633929
1780336133,phi3:mini,33.0,4846,430.52,16.69,.060391,14.492810
1780336148,phi3:mini,33.0,4848,418.35,17.10,.062148,12.802256
1780336161,phi3:mini,34.0,4833,466.49,15.54,.055734,27.018535
1780336188,phi3:mini,34.0,4842,516.59,19.53,.050329,1.945566
1780336190,phi3:mini,33.0,4837,523.58,17.66,.049657,10.756722
1780336201,phi3:mini,33.0,4840,511.19,14.59,.050860,39.269755
1780336240,phi3:mini,33.0,4847,549.59,14.24,.047307,46.190163
1780336287,phi3:mini,33.0,4849,501.22,16.87,.051873,17.952157
1780336305,phi3:mini,33.0,4839,519.63,15.36,.050035,32.539847
1780336338,phi3:mini,33.0,4838,484.90,19.44,.053618,1.953758
1780336340,phi3:mini,33.0,4833,482.84,19.48,.053847,2.617518
1780336342,phi3:mini,34.0,4836,429.16,16.56,.060582,17.207616
1780336360,phi3:mini,34.0,4837,454.46,13.99,.057210,43.089966
1780336403,phi3:mini,33.0,4836,495.70,17.17,.052450,12.227555
1780336415,phi3:mini,33.0,4843,488.14,16.80,.053262,15.772687
1780336431,phi3:mini,33.0,4844,474.02,15.97,.054849,22.661986
1780336454,phi3:mini,33.0,4842,534.13,15.30,.048677,29.607238
1780336484,phi3:mini,33.0,4848,541.96,17.89,.047973,7.601663
1780336492,phi3:mini,33.0,4838,436.90,14.97,.059509,33.784134
1780336526,phi3:mini,34.0,4840,508.09,16.12,.051171,22.074951
1780336548,phi3:mini,34.0,4845,506.09,16.19,.051373,19.755276
1780336568,phi3:mini,33.0,4842,548.50,19.15,.047401,4.176072
1780336572,phi3:mini,34.0,4836,509.08,16.26,.051071,22.624099
1780336595,phi3:mini,33.0,4845,491.17,16.00,.052934,22.804326
1780336618,phi3:mini,33.0,4843,444.48,15.93,.058494,22.906092
1780336641,phi3:mini,33.0,4847,485.91,15.18,.053507,33.840511
1780336675,phi3:mini,34.0,4845,468.23,19.40,.055527,3.504065
1780336679,phi3:mini,34.0,4845,541.28,19.60,.048034,2.499323
1780336682,phi3:mini,36.0,4841,483.46,17.62,.053778,11.175173
1780336693,phi3:mini,34.0,4842,526.06,17.09,.049423,13.163296
1780336706,phi3:mini,33.0,4845,472.71,15.85,.055000,24.034240
1780336731,phi3:mini,33.0,4853,484.86,15.79,.053623,24.249881
1780336755,phi3:mini,33.0,4851,465.33,17.13,.055873,12.253725
1780336768,phi3:mini,33.0,4854,517.70,16.81,.050221,14.923515
1780336783,phi3:mini,33.0,4854,427.10,19.33,.060874,2.482121
1780336785,phi3:mini,34.0,4853,483.66,18.23,.053756,6.198059
1780336792,phi3:mini,33.0,4850,496.84,16.29,.052330,18.900782
1780336811,phi3:mini,33.0,4849,494.39,17.29,.052589,11.044353
1780336822,phi3:mini,33.0,4851,483.46,18.28,.053778,6.728380
1780336829,phi3:mini,36.0,4851,501.05,19.27,.051890,2.437866
1780336831,phi3:mini,31.0,4848,512.33,16.22,.050747,20.157939
1780336852,phi3:mini,30.0,4841,475.21,15.59,.054711,24.493219
1780336876,phi3:mini,33.0,4832,557.96,17.05,.046598,14.012824
1780336891,phi3:mini,34.0,4842,500.76,15.79,.051920,26.266790
1780336917,phi3:mini,34.0,4850,478.25,15.75,.054364,24.253829
1780336942,phi3:mini,33.0,4847,485.07,15.99,.053600,21.064645
1780336963,phi3:mini,33.0,4844,498.12,13.81,.052196,46.618154
1780337010,phi3:mini,33.0,4841,501.02,14.04,.051893,43.079902
1780337053,phi3:mini,33.0,4850,472.97,14.29,.054970,40.515382
1780337094,phi3:mini,33.0,4854,502.13,16.42,.051778,17.417657
1780337111,phi3:mini,33.0,4851,517.81,16.79,.050211,14.710719
1780337126,phi3:mini,34.0,4848,451.78,15.65,.057549,23.502841
1780337150,phi3:mini,34.0,4845,485.56,15.12,.053546,30.210650
1780337180,phi3:mini,33.0,4846,476.97,17.52,.054510,10.896212
1780337191,phi3:mini,33.0,4837,527.97,18.55,.049244,5.928881
1780337197,phi3:mini,33.0,4833,474.77,18.79,.054762,5.002190
1780337203,phi3:mini,34.0,4833,508.86,17.07,.051093,13.177619
1780337216,phi3:mini,34.0,4835,490.93,15.90,.052960,22.188160
1780337238,phi3:mini,33.0,4845,496.81,17.32,.052333,12.586156
1780337251,phi3:mini,34.0,4847,514.25,14.75,.050558,34.430303
1780337286,phi3:mini,33.0,4849,445.75,13.05,.058328,67.121440
1780337353,phi3:mini,32.0,4848,507.54,16.05,.051226,20.683435
1780337374,phi3:mini,33.0,4849,515.62,14.26,.050424,37.165320
1780337411,phi3:mini,33.0,4854,538.12,14.31,.048316,42.751754
1780337454,phi3:mini,33.0,4855,496.40,13.53,.052376,59.163994
1780337514,phi3:mini,33.0,4850,511.67,17.51,.050813,11.363391
1780337525,phi3:mini,33.0,4848,490.98,16.70,.052954,15.987288
1780337541,phi3:mini,33.0,4850,485.43,18.20,.053560,6.425320
1780337548,phi3:mini,33.0,4845,484.30,18.39,.053685,6.144555
1780337554,phi3:mini,34.0,4845,436.22,17.38,.059602,14.261827
1780337569,phi3:mini,33.0,4850,509.43,15.53,.051036,26.844941
1780337596,phi3:mini,33.0,4857,548.19,18.14,.047428,6.391618
1780337602,phi3:mini,34.0,4850,496.06,15.57,.052412,27.346558
1780337630,phi3:mini,33.0,4852,492.23,16.33,.052820,19.096118
1780337649,phi3:mini,33.0,4845,483.73,14.95,.053748,35.645802
1780337685,phi3:mini,32.0,4842,444.61,16.45,.058477,17.623789
1780337703,phi3:mini,33.0,4848,470.04,17.22,.055313,11.957396
1780337715,phi3:mini,34.0,4853,460.23,17.18,.056493,12.048123
1780337727,phi3:mini,33.0,4846,556.92,16.49,.046684,16.427604
1780337744,phi3:mini,30.0,4853,508.72,18.07,.051107,7.690970
1780337752,phi3:mini,34.0,4855,545.33,17.33,.047677,11.016685
1780337763,phi3:mini,34.0,4859,506.53,16.21,.051328,19.551414
1780337783,phi3:mini,34.0,4851,447.70,13.43,.058073,54.619752
1780337838,phi3:mini,33.0,4844,453.95,14.39,.057273,38.357963
1780337876,phi3:mini,33.0,4843,512.51,15.92,.050729,22.037625
1780337898,phi3:mini,32.0,4847,485.74,14.70,.053525,37.136238
1780337936,phi3:mini,32.0,4842,494.19,15.53,.052611,27.929992
1780337964,phi3:mini,32.0,4841,483.72,17.85,.053749,8.678644
1780337973,phi3:mini,33.0,4843,487.40,15.99,.053343,22.195416
1780337995,phi3:mini,33.0,4838,481.63,17.25,.053982,12.171319
1780338007,phi3:mini,33.0,4840,474.29,15.76,.054817,25.305921
1780338033,phi3:mini,33.0,4845,454.25,17.05,.057236,12.784206
1780338046,phi3:mini,33.0,4844,509.53,17.41,.051026,12.055930
1780338058,phi3:mini,33.0,4841,470.97,15.23,.055204,28.361930
1780338087,phi3:mini,33.0,4846,475.32,17.53,.054699,10.093086
1780338097,phi3:mini,32.0,4847,494.27,15.52,.052601,26.915865
1780338124,phi3:mini,32.0,4844,552.97,16.22,.047018,19.411020
1780338144,phi3:mini,33.0,4843,500.22,17.48,.051976,10.410159
1780338154,phi3:mini,33.0,4842,483.16,16.45,.053811,18.895885
1780338173,phi3:mini,33.0,4845,438.32,17.21,.059317,13.476003
1780338187,phi3:mini,32.0,4841,436.31,16.10,.059589,20.553419
1780338208,phi3:mini,33.0,4842,527.36,16.13,.049301,21.815988
1780338230,phi3:mini,32.0,4843,484.26,16.40,.053689,17.984188
1780338248,phi3:mini,34.0,4842,529.52,15.27,.049100,27.894213
1780338276,phi3:mini,32.0,4840,478.94,18.76,.054286,4.529477
1780338281,phi3:mini,33.0,4840,520.43,17.32,.049957,12.121857
1780338293,phi3:mini,32.0,4842,541.41,15.75,.048022,26.344802
1780338319,phi3:mini,32.0,4847,488.93,13.94,.053176,46.100682
1780338366,phi3:mini,32.0,4850,543.90,15.78,.047802,23.250508
1780338389,phi3:mini,30.0,4845,522.89,16.01,.049723,21.977735
1780338411,phi3:mini,29.0,4850,459.39,18.38,.056596,5.928950
1780338417,phi3:mini,34.0,4848,468.81,16.69,.055458,16.295055
1780338434,phi3:mini,33.0,4840,535.12,16.20,.048586,18.075821
1780338452,phi3:mini,33.0,4829,526.11,15.81,.049418,23.330723
1780338476,phi3:mini,30.0,4841,499.14,19.10,.052088,4.135997
1780338480,phi3:mini,33.0,4842,557.04,16.39,.046674,20.374832
1780338501,phi3:mini,33.0,4845,515.17,15.66,.050468,25.597149
1780338526,phi3:mini,32.0,4848,484.33,18.19,.053681,7.692900
1780338534,phi3:mini,33.0,4845,517.89,13.95,.050203,47.151696
1780338582,phi3:mini,32.0,4845,530.55,14.18,.049005,41.170429
1780338623,phi3:mini,29.0,4841,492.53,17.20,.052788,12.669079
1780338636,phi3:mini,34.0,4842,456.55,15.43,.056947,26.944790
1780338663,phi3:mini,33.0,4846,438.91,16.83,.059237,12.888368
1780338676,phi3:mini,34.0,4845,468.96,18.63,.055441,5.045612
1780338681,phi3:mini,34.0,4846,499.17,14.41,.052086,39.409264
1780338721,phi3:mini,33.0,4845,463.12,18.73,.056140,6.510162
1780338728,phi3:mini,33.0,4835,473.49,17.68,.054910,9.725921
1780338738,phi3:mini,34.0,4841,468.23,14.88,.055527,31.970231
1780338770,phi3:mini,33.0,4837,470.26,17.92,.055287,8.312323
1780338778,phi3:mini,30.0,4834,504.52,15.59,.051534,23.792102
1780338802,phi3:mini,33.0,4841,486.03,17.52,.053493,11.184253
1780338814,phi3:mini,33.0,4839,452.36,16.96,.057475,16.568309
1780338830,phi3:mini,34.0,4844,467.05,21.50,.055667,.604521
1780338831,phi3:mini,34.0,4841,468.48,18.21,.055497,6.478683
1780338838,phi3:mini,33.0,4839,496.65,15.34,.052350,29.904549
1780338868,phi3:mini,33.0,4833,433.92,16.32,.059918,19.107114
1780338887,phi3:mini,33.0,4837,496.68,16.22,.052347,20.954179
1780338908,phi3:mini,34.0,4836,542.67,16.45,.047911,22.308537
1780338931,phi3:mini,34.0,4835,469.24,17.52,.055407,13.810620
1780338945,phi3:mini,34.0,4833,460.17,15.56,.056500,27.296679
1780338972,phi3:mini,33.0,4843,477.45,16.23,.054455,19.708953
1780338992,phi3:mini,33.0,4844,480.12,15.51,.054152,26.748778
1780339019,phi3:mini,33.0,4842,550.45,16.14,.047233,18.144449
1780339037,phi3:mini,34.0,4842,496.53,15.22,.052362,29.033448
1780339067,phi3:mini,33.0,4839,435.66,17.97,.059678,6.841442
1780339074,phi3:mini,34.0,4840,478.72,15.09,.054310,33.728646
1780339108,phi3:mini,33.0,4847,464.83,16.33,.055933,18.241757
1780339126,phi3:mini,34.0,4840,495.93,17.80,.052426,9.883894
1780339136,phi3:mini,33.0,4838,479.78,18.99,.054190,4.632721
1780339141,phi3:mini,33.0,4838,510.39,16.22,.050940,20.585319
1780339162,phi3:mini,34.0,4836,471.06,16.40,.055194,18.779204
1780339181,phi3:mini,33.0,4838,470.17,13.22,.055297,58.764847
1780339240,phi3:mini,32.0,4848,446.86,18.97,.058182,4.058014
1780339244,phi3:mini,34.0,4844,542.09,15.90,.047962,20.247517
1780339264,phi3:mini,34.0,4845,477.71,15.19,.054425,29.481284
1780339294,phi3:mini,33.0,4848,533.09,16.77,.048771,15.262200
1780339309,phi3:mini,31.0,4848,455.23,17.28,.057112,12.147125
1780339322,phi3:mini,33.0,4840,508.98,16.03,.051081,22.572211
1780339345,phi3:mini,34.0,4845,461.62,14.85,.056322,35.263598
1780339380,phi3:mini,32.0,4851,554.04,14.95,.046927,32.505869
1780339413,phi3:mini,33.0,4854,523.89,16.80,.049628,19.039396
1780339432,phi3:mini,34.0,4850,495.91,18.38,.052428,8.102633
1780339440,phi3:mini,34.0,4849,525.99,19.83,.049430,2.772634
1780339443,phi3:mini,34.0,4847,518.44,15.88,.050149,22.977630
1780339466,phi3:mini,34.0,4846,480.67,14.95,.054090,34.570691
1780339501,phi3:mini,32.0,4844,485.56,15.44,.053545,28.618561
1780339530,phi3:mini,34.0,4851,539.65,16.06,.048179,22.153828
1780339552,phi3:mini,32.0,4846,514.68,15.14,.050515,29.506899
1780339582,phi3:mini,32.0,4850,484.44,14.98,.053670,31.974437
1780339614,phi3:mini,33.0,4841,495.72,14.20,.052448,42.877055
1780339657,phi3:mini,33.0,4842,512.96,14.14,.050685,50.066018
1780339708,phi3:mini,33.0,4839,500.78,13.38,.051918,59.390586
1780339767,phi3:mini,32.0,4840,502.32,16.71,.051759,17.165109
1780339785,phi3:mini,32.0,4840,478.98,17.18,.054280,16.581134
1780339801,phi3:mini,34.0,4840,483.42,15.41,.053782,32.631438
1780339834,phi3:mini,33.0,4842,547.91,15.55,.047452,28.343909
1780339863,phi3:mini,32.0,4844,452.64,15.70,.057439,28.210451
1780339891,phi3:mini,32.0,4836,484.37,19.48,.053677,4.825177
1780339896,phi3:mini,34.0,4830,551.83,15.90,.047115,23.011910
1780339919,phi3:mini,34.0,4836,503.14,18.41,.051675,5.159344
1780339925,phi3:mini,34.0,4835,474.96,16.14,.054740,18.085776
1780339943,phi3:mini,32.0,4841,520.03,15.55,.049996,28.087028
1780339971,phi3:mini,34.0,4846,497.82,18.74,.052226,8.003297
1780339979,phi3:mini,33.0,4844,533.31,14.21,.048751,48.611726
1780340028,phi3:mini,32.0,4839,518.09,19.66,.050183,2.288777
1780340031,phi3:mini,33.0,4840,475.09,13.89,.054726,49.815597
1780340081,phi3:mini,32.0,4841,474.06,19.06,.054844,4.984044
1780340086,phi3:mini,33.0,4840,463.87,19.31,.056049,3.416591
1780340089,phi3:mini,34.0,4838,467.74,17.55,.055586,10.823224
1780340100,phi3:mini,34.0,4839,485.31,15.87,.053573,24.436308
1780340125,phi3:mini,34.0,4849,459.56,14.85,.056575,33.523570
1780340159,phi3:mini,31.0,4843,459.16,18.30,.056625,7.702378
1780340167,phi3:mini,34.0,4838,497.79,15.38,.052230,27.822162
1780340195,phi3:mini,34.0,4834,510.53,16.37,.050926,19.059206
1780340214,phi3:mini,33.0,4841,451.96,15.95,.057526,20.489354
1780340235,phi3:mini,34.0,4839,544.84,16.13,.047720,21.200323
1780340256,phi3:mini,34.0,4833,490.88,16.77,.052965,13.892223
1780340270,phi3:mini,34.0,4840,461.27,17.11,.056365,12.733812
1780340283,phi3:mini,34.0,4844,504.57,19.14,.051528,4.127166
1780340287,phi3:mini,34.0,4845,484.65,16.67,.053646,18.169517
1780340306,phi3:mini,36.0,4836,442.65,17.39,.058736,15.004030
1780340321,phi3:mini,36.0,4831,500.38,17.66,.051959,11.208951
1780340332,phi3:mini,33.0,4834,466.15,15.65,.055775,27.219255
1780340360,phi3:mini,32.0,4837,439.32,16.99,.059182,14.356912
1780340374,phi3:mini,34.0,4836,546.77,17.04,.047551,14.139162
1780340388,phi3:mini,34.0,4834,495.35,18.77,.052487,5.593547
1780340394,phi3:mini,34.0,4836,480.14,18.74,.054150,5.066942
1780340400,phi3:mini,33.0,4836,483.81,18.04,.053739,7.756830
1780340407,phi3:mini,33.0,4839,523.55,14.94,.049660,33.247205
1780340441,phi3:mini,33.0,4871,459.99,16.65,.056522,18.727761
1780340460,phi3:mini,34.0,4869,554.06,20.18,.046925,1.040232
1780340461,phi3:mini,34.0,4861,499.51,15.38,.052050,28.073440
1780340489,phi3:mini,32.0,4861,461.55,17.56,.056331,10.816367
1780340500,phi3:mini,34.0,4864,463.87,15.85,.056049,23.710391
1780340524,phi3:mini,33.0,4872,452.05,17.25,.057515,13.448768
1780340538,phi3:mini,33.0,4876,484.42,15.26,.053671,28.636349
1780340567,phi3:mini,33.0,4864,532.73,17.49,.048804,9.887545
1780340577,phi3:mini,34.0,4860,454.51,16.62,.057204,15.999005
1780340593,phi3:mini,33.0,4861,467.32,18.61,.055635,4.404145
1780340597,phi3:mini,33.0,4864,550.88,17.70,.047196,11.241897
1780340609,phi3:mini,31.0,4866,423.83,18.70,.061344,4.276703
1780340613,phi3:mini,34.0,4866,467.34,15.56,.055632,31.928068
1780340645,phi3:mini,32.0,4856,473.50,17.36,.054909,13.937277
1780340660,phi3:mini,32.0,4858,461.86,16.20,.056293,21.724107
1780340681,phi3:mini,33.0,4844,396.37,18.04,.065593,7.038812
1780340689,phi3:mini,34.0,4844,493.30,15.72,.052705,26.259441
1780340715,phi3:mini,33.0,4846,489.82,15.68,.053079,26.331300
1780340742,phi3:mini,32.0,4852,501.29,14.20,.051865,45.547569
1780340787,phi3:mini,32.0,4851,491.75,15.24,.052872,31.219420
1780340819,phi3:mini,33.0,4850,451.87,14.95,.057538,33.965638
1780340853,phi3:mini,30.0,4850,523.11,15.29,.049701,27.400368
1780340881,phi3:mini,32.0,4850,489.56,18.01,.053108,6.882136
1780340888,phi3:mini,34.0,4849,510.07,15.84,.050973,22.662387
1780340911,phi3:mini,32.0,4848,471.07,16.88,.055192,14.389959
1780340925,phi3:mini,33.0,4843,508.50,15.87,.051130,21.418132
1780340947,phi3:mini,30.0,4847,465.59,16.46,.055842,17.612879
1780340964,phi3:mini,33.0,4852,496.46,15.53,.052370,23.750367
1780340988,phi3:mini,33.0,4849,533.17,15.36,.048764,27.726710
1780341016,phi3:mini,33.0,4851,462.23,15.71,.056248,24.621714
1780341041,phi3:mini,33.0,4843,467.04,16.63,.055669,14.909192
1780341056,phi3:mini,32.0,4841,482.79,17.45,.053853,13.349477
1780341070,phi3:mini,32.0,4839,551.71,19.15,.047125,5.378040
1780341075,phi3:mini,34.0,4837,554.45,19.43,.046892,4.116451
1780341080,phi3:mini,33.0,4840,473.50,17.63,.054910,11.056606
1780341091,phi3:mini,33.0,4839,495.72,15.99,.052448,21.941036
1780341113,phi3:mini,31.0,4848,534.62,17.51,.048632,8.623385
1780341122,phi3:mini,30.0,4851,538.71,16.50,.048263,17.931791
1780341140,phi3:mini,29.0,4844,520.21,18.06,.049978,7.640690
1780341148,phi3:mini,34.0,4840,542.80,15.96,.047899,22.113188
1780341170,phi3:mini,33.0,4846,458.28,16.64,.056733,15.799552
1780341186,phi3:mini,32.0,4845,459.06,14.89,.056637,32.895707
1780341219,phi3:mini,32.0,4846,460.00,20.40,.056521,.931148
1780341220,phi3:mini,33.0,4850,481.02,19.25,.054051,2.752158
1780341223,phi3:mini,32.0,4850,529.76,19.34,.049078,4.911634
1780341228,phi3:mini,34.0,4846,489.52,17.02,.053112,16.096548
1780341244,phi3:mini,33.0,4851,531.63,18.05,.048905,10.467647
1780341255,phi3:mini,33.0,4851,482.86,18.68,.053845,5.350552
1780341261,phi3:mini,34.0,4852,509.30,15.71,.051049,26.158722
1780341287,phi3:mini,33.0,4849,525.08,26.66,.049515,.187527
1780341287,phi3:mini,33.0,4846,471.29,15.70,.055167,25.221660
1780341313,phi3:mini,33.0,4848,462.74,14.50,.056186,40.816401
1780341354,phi3:mini,32.0,4847,460.25,19.44,.056489,3.188126
1780341357,phi3:mini,34.0,4847,474.73,13.89,.054767,46.264757
1780341404,phi3:mini,29.0,4846,492.84,16.12,.052754,20.158420
1780341424,phi3:mini,32.0,4850,503.45,18.54,.051643,7.279448
1780341431,phi3:mini,33.0,4851,452.37,16.49,.057473,16.366058
1780341448,phi3:mini,32.0,4850,467.65,16.48,.055596,17.292743
1780341465,phi3:mini,33.0,4832,490.29,14.84,.053029,32.816255
1780341498,phi3:mini,33.0,4847,496.68,17.88,.052347,7.658611
1780341506,phi3:mini,32.0,4852,498.11,18.34,.052196,5.178244
1780341512,phi3:mini,33.0,4848,474.69,17.06,.054772,12.715788
1780341525,phi3:mini,33.0,4846,483.51,14.91,.053773,33.590591
1780341558,phi3:mini,33.0,4846,517.81,16.36,.050210,19.856719
1780341578,phi3:mini,33.0,4848,431.30,15.81,.060282,21.620699
1780341600,phi3:mini,32.0,4848,492.49,20.16,.052792,1.438160
1780341602,phi3:mini,33.0,4840,498.15,17.28,.052192,12.435573
1780341614,phi3:mini,33.0,4841,488.74,16.59,.053197,17.656520
1780341632,phi3:mini,30.0,4837,515.40,16.82,.050445,13.547930
1780341646,phi3:mini,30.0,4835,475.59,16.06,.054668,20.226452
1780341666,phi3:mini,33.0,4839,515.61,15.23,.050425,31.897009
1780341698,phi3:mini,33.0,4845,553.51,15.00,.046972,29.792140
1780341728,phi3:mini,32.0,4844,475.86,15.21,.054637,28.192086
1780341757,phi3:mini,32.0,4849,445.98,19.38,.058298,2.682834
1780341760,phi3:mini,34.0,4848,455.66,15.27,.057059,28.938307
1780341789,phi3:mini,32.0,4845,507.68,17.94,.051213,9.865429
1780341799,phi3:mini,34.0,4842,487.48,14.83,.053335,33.103233
1780341832,phi3:mini,30.0,4833,513.46,15.07,.050636,31.842254
1780341864,phi3:mini,33.0,4834,499.53,15.34,.052048,27.755243
1780341892,phi3:mini,33.0,4840,494.63,16.53,.052564,16.868893
1780341909,phi3:mini,33.0,4842,457.88,17.48,.056783,13.269465
1780341923,phi3:mini,34.0,4845,488.67,15.05,.053204,32.617124
1780341955,phi3:mini,30.0,4842,480.23,16.69,.054140,14.254912
1780341970,phi3:mini,34.0,4835,491.37,10.51,.052912,155.268551
1780342125,phi3:mini,31.0,4838,505.78,14.87,.051405,33.939888
1780342160,phi3:mini,32.0,4843,492.79,15.75,.052760,21.073104
1780342181,phi3:mini,33.0,4838,475.90,15.19,.054632,28.622423
1780342210,phi3:mini,33.0,4846,442.61,16.39,.058741,16.649079
1780342227,phi3:mini,33.0,4844,536.02,15.64,.048505,23.592065
1780342250,phi3:mini,33.0,4837,501.99,17.24,.051792,10.788497
1780342261,phi3:mini,33.0,4833,486.21,13.94,.053473,43.943801
1780342305,phi3:mini,33.0,4841,517.30,15.65,.050260,22.607479
1780342328,phi3:mini,32.0,4842,492.37,14.98,.052805,31.234225
1780342360,phi3:mini,32.0,4847,517.07,15.53,.050283,26.778916
1780342387,phi3:mini,32.0,4846,511.77,18.97,.050803,4.691342
1780342391,phi3:mini,32.0,4843,497.95,14.42,.052213,39.524983
1780342431,phi3:mini,32.0,4841,457.09,14.70,.056881,35.622182
1780342467,phi3:mini,32.0,4835,446.12,17.44,.058279,10.948533
1780342478,phi3:mini,32.0,4839,487.68,15.80,.053312,23.597566
1780342502,phi3:mini,32.0,4844,509.92,14.07,.050988,44.121156
1780342546,phi3:mini,33.0,4843,461.26,19.33,.056366,3.102680
1780342550,phi3:mini,32.0,4832,521.56,15.98,.049850,20.459921
1780342570,phi3:mini,32.0,4843,511.26,16.73,.050854,17.153942
1780342588,phi3:mini,32.0,4840,472.07,16.49,.055076,15.216021
1780342603,phi3:mini,32.0,4839,476.72,16.19,.054538,19.265085
1780342622,phi3:mini,29.0,4844,512.54,16.93,.050727,14.286316
1780342637,phi3:mini,30.0,4839,464.44,17.37,.055980,11.796065
1780342649,phi3:mini,32.0,4836,499.02,15.20,.052101,29.003677
1780342678,phi3:mini,32.0,4840,425.72,16.72,.061072,15.306614
1780342694,phi3:mini,32.0,4838,445.80,16.89,.058320,14.142817
1780342708,phi3:mini,32.0,4839,508.96,18.08,.051083,7.188202
1780342715,phi3:mini,32.0,4844,463.71,17.15,.056068,12.005814
1780342727,phi3:mini,33.0,4843,449.34,13.80,.057862,46.861989
1780342774,phi3:mini,32.0,4842,487.56,16.15,.053326,19.434344
1780342794,phi3:mini,32.0,4837,492.88,18.15,.052750,6.719830
1780342801,phi3:mini,32.0,4837,516.62,16.23,.050326,17.866742
1780342819,phi3:mini,29.0,4845,467.89,15.83,.055568,22.989935
1780342842,phi3:mini,32.0,4841,495.19,14.33,.052504,43.187581
1780342886,phi3:mini,31.0,4845,488.71,18.21,.053200,6.204039
1780342892,phi3:mini,33.0,4838,518.96,17.38,.050099,12.482914
1780342905,phi3:mini,32.0,4836,504.58,16.38,.051527,16.660866
1780342922,phi3:mini,32.0,4843,467.18,18.32,.055652,7.637976
1780342929,phi3:mini,32.0,4837,541.33,19.92,.048029,1.656405
1780342931,phi3:mini,34.0,4837,530.23,17.82,.049034,11.443498
1780342943,phi3:mini,32.0,4836,443.64,17.50,.058605,12.852206
1780342956,phi3:mini,32.0,4847,510.03,15.93,.050977,23.967927
1780342980,phi3:mini,32.0,4844,513.06,16.06,.050675,22.716600
1780343003,phi3:mini,33.0,4842,510.24,12.06,.050955,91.716342
1780343095,phi3:mini,32.0,4843,492.94,16.50,.052743,17.688429
1780343113,phi3:mini,33.0,4845,495.67,17.24,.052453,12.236670
1780343125,phi3:mini,33.0,4845,553.54,15.45,.046970,25.752467
1780343151,phi3:mini,32.0,4848,515.23,15.77,.050462,22.439036
1780343174,phi3:mini,29.0,4844,486.28,16.73,.053466,14.643332
1780343189,phi3:mini,33.0,4848,485.20,17.01,.053585,12.815856
1780343201,phi3:mini,33.0,4842,483.33,15.91,.053792,20.793993
1780343222,phi3:mini,29.0,4845,471.05,18.03,.055195,6.485676
1780343229,phi3:mini,33.0,4847,443.36,17.51,.058642,10.904396
1780343240,phi3:mini,30.0,4852,516.44,16.19,.050344,20.197408
1780343261,phi3:mini,33.0,4851,447.20,17.26,.058138,12.565198
1780343273,phi3:mini,34.0,4850,443.37,15.60,.058641,23.455222
1780343297,phi3:mini,32.0,4853,513.63,13.29,.050619,58.674048
1780343356,phi3:mini,32.0,4850,492.96,17.21,.052742,11.265980
1780343367,phi3:mini,32.0,4843,515.74,14.16,.050412,45.318673
1780343413,phi3:mini,32.0,4850,513.28,17.36,.050654,13.241765
1780343426,phi3:mini,32.0,4846,521.93,15.89,.049814,26.487592
1780343453,phi3:mini,33.0,4844,470.11,15.62,.055305,28.868654
1780343482,phi3:mini,34.0,4852,511.50,20.43,.050830,1.566186
1780343484,phi3:mini,34.0,4850,499.66,17.67,.052035,10.238690
1780343494,phi3:mini,34.0,4850,464.93,14.75,.055922,33.753594
1780343528,phi3:mini,33.0,4842,475.46,23.34,.054683,.299856
1780343529,phi3:mini,33.0,4837,506.16,17.22,.051366,15.148719
1780343544,phi3:mini,34.0,4841,479.38,16.21,.054236,21.032203
1780343565,phi3:mini,33.0,4846,483.96,19.69,.053722,2.488563
1780343568,phi3:mini,34.0,4840,435.73,17.76,.059669,10.808228
1780343579,phi3:mini,33.0,4839,504.35,16.64,.051551,17.238828
1780343596,phi3:mini,31.0,4842,498.02,19.39,.052206,2.422937
1780343599,phi3:mini,30.0,4847,487.02,16.93,.053385,14.880898
1780343614,phi3:mini,32.0,4850,496.11,15.48,.052406,24.411143
1780343638,phi3:mini,33.0,4843,475.64,17.15,.054662,12.361019
1780343651,phi3:mini,33.0,4847,518.51,18.91,.050143,4.494764
1780343656,phi3:mini,33.0,4846,527.04,17.54,.049331,8.493005
1780343664,phi3:mini,33.0,4846,506.78,16.48,.051304,21.294856
1780343686,phi3:mini,33.0,4845,496.04,17.59,.052414,11.027733
1780343697,phi3:mini,34.0,4834,527.19,15.76,.049317,26.455345
1780343724,phi3:mini,33.0,4841,541.23,16.47,.048038,17.781535
1780343742,phi3:mini,33.0,4839,483.40,15.16,.053785,28.625819
1780343770,phi3:mini,32.0,4841,486.13,15.86,.053482,23.251761
1780343794,phi3:mini,32.0,4848,476.48,16.24,.054566,17.910749
1780343812,phi3:mini,34.0,4844,470.84,17.33,.055219,11.017540
1780343823,phi3:mini,33.0,4844,537.22,14.38,.048396,36.903994
1780343860,phi3:mini,34.0,4848,505.11,16.80,.051473,14.938101
1780343875,phi3:mini,33.0,4840,465.35,14.82,.055871,33.515961
1780343909,phi3:mini,33.0,4846,461.64,15.79,.056320,22.281212
1780343932,phi3:mini,33.0,4846,471.69,17.18,.055120,11.873571
1780343944,phi3:mini,33.0,4847,507.38,16.73,.051242,14.823212
1780343959,phi3:mini,33.0,4843,498.81,16.49,.052123,18.434144
1780343977,phi3:mini,33.0,4847,511.50,14.52,.050830,38.753869
1780344016,phi3:mini,33.0,4845,503.19,17.15,.051669,12.473656
1780344029,phi3:mini,33.0,4842,474.24,17.08,.054824,13.751076
1780344043,phi3:mini,34.0,4847,458.97,16.44,.056647,17.392940
1780344060,phi3:mini,32.0,4852,529.46,16.23,.049105,20.022173
1780344081,phi3:mini,34.0,4848,460.31,15.20,.056482,29.916098
1780344111,phi3:mini,30.0,4839,488.90,16.68,.053180,17.141479
1780344128,phi3:mini,33.0,4845,481.94,16.12,.053947,20.959241
1780344149,phi3:mini,32.0,4841,488.29,16.61,.053246,16.130541
1780344165,phi3:mini,33.0,4847,463.67,20.06,.056074,1.444994
1780344167,phi3:mini,34.0,4843,488.35,16.99,.053240,12.826320
1780344180,phi3:mini,34.0,4847,459.44,17.00,.056590,13.409067
1780344194,phi3:mini,33.0,4844,522.12,16.25,.049796,19.190533
1780344213,phi3:mini,33.0,4846,475.87,15.94,.054635,24.018745
1780344237,phi3:mini,34.0,4840,476.90,19.36,.054517,2.737334
1780344240,phi3:mini,34.0,4842,510.21,15.16,.050959,32.367958
1780344273,phi3:mini,33.0,4844,472.24,16.95,.055055,13.446667
1780344286,phi3:mini,33.0,4848,546.59,16.06,.047566,22.721107
1780344309,phi3:mini,33.0,4843,489.97,15.77,.053063,23.013358
1780344333,phi3:mini,30.0,4844,463.71,16.56,.056068,19.434924
1780344352,phi3:mini,34.0,4842,554.27,17.36,.046908,13.473014
1780344366,phi3:mini,34.0,4836,496.67,17.75,.052348,10.755631
1780344377,phi3:mini,32.0,4844,493.47,17.06,.052687,14.002373
1780344391,phi3:mini,33.0,4841,527.06,18.38,.049329,5.329455
1780344396,phi3:mini,33.0,4841,513.03,17.70,.050678,10.789836
1780344407,phi3:mini,33.0,4844,459.29,17.58,.056608,11.715971
1780344419,phi3:mini,33.0,4839,498.28,18.98,.052179,3.739582
1780344423,phi3:mini,34.0,4842,485.15,17.60,.053590,11.078245
1780344434,phi3:mini,34.0,4841,512.85,16.10,.050696,19.995438
1780344455,phi3:mini,30.0,4843,506.53,16.65,.051329,14.770663
1780344470,phi3:mini,33.0,4843,523.34,15.74,.049680,22.286147
1780344492,phi3:mini,33.0,4840,509.04,16.47,.051076,18.699216
1780344511,phi3:mini,32.0,4844,487.86,16.97,.053293,12.078955
1780344523,phi3:mini,34.0,4846,464.98,15.08,.055915,35.265053
1780344559,phi3:mini,34.0,4844,465.40,16.61,.055865,16.305931
1780344575,phi3:mini,32.0,4844,480.51,16.96,.054108,16.096402
1780344591,phi3:mini,32.0,4840,448.62,15.62,.057955,24.379638
1780344616,phi3:mini,33.0,4839,507.92,14.80,.051189,36.403264
1780344653,phi3:mini,33.0,4848,458.99,17.31,.056644,10.339539
1780344663,phi3:mini,34.0,4855,478.67,15.87,.054316,23.426251
1780344687,phi3:mini,30.0,4850,481.52,15.44,.053994,27.832606
1780344715,phi3:mini,33.0,4852,434.60,14.40,.059824,41.298950
1780344756,phi3:mini,33.0,4855,512.89,19.72,.050693,2.687209
1780344759,phi3:mini,33.0,4853,521.40,17.13,.049865,14.181395
1780344774,phi3:mini,34.0,4851,550.00,15.76,.047272,27.904122
1780344802,phi3:mini,33.0,4850,551.26,17.19,.047164,14.593702
1780344816,phi3:mini,33.0,4842,498.51,17.57,.052155,11.662930
1780344828,phi3:mini,34.0,4838,454.86,16.70,.057160,16.942789
1780344845,phi3:mini,34.0,4837,453.00,17.16,.057394,15.027738
1780344861,phi3:mini,34.0,4835,561.96,16.08,.046266,20.827649
1780344882,phi3:mini,33.0,4845,535.38,18.28,.048563,6.452596
1780344888,phi3:mini,34.0,4841,500.79,16.92,.051917,14.005160
1780344902,phi3:mini,34.0,4847,503.86,15.06,.051601,30.342468
1780344933,phi3:mini,33.0,4845,482.31,18.01,.053906,8.272083
1780344941,phi3:mini,33.0,4845,492.26,16.03,.052817,23.761228
1780344965,phi3:mini,34.0,4844,505.16,15.92,.051468,27.006822
1780344993,phi3:mini,33.0,4839,460.79,17.21,.056423,13.416088
1780345006,phi3:mini,33.0,4844,527.00,16.64,.049334,16.518659
1780345023,phi3:mini,33.0,4840,464.28,13.62,.056000,53.865901
1780345077,phi3:mini,29.0,4845,534.89,16.66,.048607,16.805083
1780345094,phi3:mini,34.0,4844,491.96,17.29,.052849,12.608363
1780345107,phi3:mini,32.0,4840,514.55,16.02,.050529,20.152829
1780345127,phi3:mini,32.0,4843,448.45,15.36,.057976,27.979986
1780345155,phi3:mini,33.0,4843,464.82,17.35,.055934,11.005563
1780345166,phi3:mini,34.0,4841,515.05,14.93,.050480,32.467572
1780345199,phi3:mini,33.0,4848,516.18,20.67,.050369,.870623
1780345200,phi3:mini,34.0,4846,555.30,16.82,.046821,13.131549
1780345213,phi3:mini,33.0,4844,514.22,16.88,.050561,12.790444
1780345226,phi3:mini,34.0,4847,508.82,17.62,.051097,9.531155
1780345236,phi3:mini,33.0,4844,483.15,18.59,.053812,5.539473
1780345242,phi3:mini,33.0,4847,491.56,19.43,.052892,2.674984
1780345245,phi3:mini,33.0,4844,492.90,16.29,.052748,18.039833
1780345263,phi3:mini,33.0,4842,501.94,16.83,.051798,13.957272
1780345277,phi3:mini,33.0,4848,434.06,17.22,.059899,13.584525
1780345291,phi3:mini,33.0,4841,489.78,15.19,.053084,28.229643
1780345319,phi3:mini,34.0,4840,431.19,14.17,.060297,45.642755
1780345365,phi3:mini,30.0,4847,537.90,20.56,.048336,1.507363
1780345367,phi3:mini,33.0,4844,499.26,17.74,.052076,10.763043
1780345378,phi3:mini,32.0,4842,457.68,17.38,.056807,12.079201
1780345390,phi3:mini,34.0,4845,494.33,17.01,.052596,13.751809
1780345404,phi3:mini,34.0,4841,458.44,16.95,.056713,13.266837
1780345417,phi3:mini,33.0,4845,458.28,16.84,.056732,14.185773
1780345432,phi3:mini,34.0,4844,451.12,17.47,.057633,10.583894
1780345443,phi3:mini,33.0,4847,490.87,18.67,.052966,4.390223
1780345447,phi3:mini,33.0,4845,500.04,18.00,.051995,8.275709
1780345456,phi3:mini,33.0,4848,464.95,15.76,.055919,22.321051
1780345478,phi3:mini,33.0,4853,453.45,17.04,.057337,13.784405
1780345492,phi3:mini,34.0,4855,548.17,14.39,.047429,39.387228
1780345532,phi3:mini,33.0,4848,501.84,16.22,.051808,20.034867
1780345552,phi3:mini,33.0,4841,452.91,16.99,.057405,14.241237
1780345566,phi3:mini,33.0,4842,482.95,16.11,.053835,21.787054
1780345588,phi3:mini,34.0,4849,494.14,15.96,.052616,21.040174
1780345609,phi3:mini,33.0,4852,460.74,17.03,.056430,12.800525
1780345622,phi3:mini,32.0,4846,492.48,17.95,.052793,7.966403
1780345631,phi3:mini,34.0,4848,488.88,15.33,.053182,28.228242
1780345659,phi3:mini,33.0,4842,422.71,18.79,.061507,3.138449
1780345662,phi3:mini,34.0,4843,472.07,15.82,.055076,22.181912
1780345685,phi3:mini,32.0,4847,469.92,14.23,.055327,45.169998
1780345730,phi3:mini,32.0,4840,487.75,13.67,.053305,51.400143
1780345782,phi3:mini,32.0,4850,522.79,17.57,.049733,11.951598
1780345794,phi3:mini,33.0,4844,484.75,18.03,.053635,9.813071
1780345804,phi3:mini,33.0,4843,444.92,19.29,.058436,3.421168
1780345807,phi3:mini,34.0,4841,470.41,17.42,.055270,12.969602
1780345821,phi3:mini,33.0,4840,490.21,17.31,.053038,12.535704
1780345833,phi3:mini,34.0,4840,501.19,18.02,.051876,10.208765
1780345844,phi3:mini,34.0,4841,561.80,15.69,.046279,24.905260
1780345869,phi3:mini,33.0,4842,497.42,16.31,.052269,17.041920
1780345886,phi3:mini,33.0,4848,510.20,18.36,.050959,5.989987
1780345892,phi3:mini,33.0,4847,538.80,19.32,.048254,3.569730
1780345896,phi3:mini,33.0,4844,519.22,21.92,.050074,.410423
1780345897,phi3:mini,33.0,4843,500.14,19.49,.051985,2.615646
1780345899,phi3:mini,31.0,4835,492.73,16.32,.052767,19.724341
1780345919,phi3:mini,32.0,4841,426.53,18.38,.060955,5.875299
1780345925,phi3:mini,33.0,4837,540.97,17.03,.048061,14.738106
1780345940,phi3:mini,32.0,4845,555.63,16.16,.046793,21.839324
1780345962,phi3:mini,34.0,4846,482.07,16.31,.053933,18.023303
1780345980,phi3:mini,33.0,4847,438.09,18.69,.059347,5.081967
1780345986,phi3:mini,33.0,4844,510.76,17.45,.050903,12.029159
1780345998,phi3:mini,34.0,4847,502.46,17.81,.051745,9.429202
1780346007,phi3:mini,33.0,4845,458.33,19.19,.056727,4.063080
1780346012,phi3:mini,36.0,4847,476.78,14.10,.054532,43.947206
1780346056,phi3:mini,33.0,4842,480.22,15.67,.054141,24.306331
1780346080,phi3:mini,33.0,4845,536.23,17.46,.048486,11.220864
1780346092,phi3:mini,33.0,4840,517.37,17.96,.050254,8.294333
1780346100,phi3:mini,33.0,4837,547.11,17.21,.047521,12.256489
1780346113,phi3:mini,33.0,4834,528.30,15.42,.049214,26.767388
1780346140,phi3:mini,33.0,4848,494.41,16.55,.052586,16.978348
1780346157,phi3:mini,33.0,4845,518.26,16.65,.050167,17.356677
1780346174,phi3:mini,33.0,4842,491.73,15.36,.052873,27.980724
1780346202,phi3:mini,33.0,4850,500.88,15.93,.051908,19.391918
1780346222,phi3:mini,33.0,4842,508.08,17.96,.051172,8.071449
1780346230,phi3:mini,34.0,4846,478.21,15.96,.054368,20.484080
1780346251,phi3:mini,33.0,4845,466.54,16.46,.055728,17.007315
1780346268,phi3:mini,33.0,4840,481.03,16.10,.054050,18.374240
1780346287,phi3:mini,34.0,4840,547.98,16.92,.047446,13.592073
1780346300,phi3:mini,31.0,4839,507.85,16.13,.051195,18.098891
1780346319,phi3:mini,29.0,4844,470.31,16.09,.055282,23.360516
1780346342,phi3:mini,33.0,4842,496.87,15.47,.052326,26.365531
1780346369,phi3:mini,33.0,4837,467.35,16.02,.055632,21.094519
1780346390,phi3:mini,32.0,4842,477.84,16.29,.054410,17.247536
1780346408,phi3:mini,34.0,4847,536.51,17.22,.048460,11.381118
1780346419,phi3:mini,33.0,4849,470.08,16.23,.055308,22.911383
1780346442,phi3:mini,33.0,4841,474.86,19.17,.054752,4.954159
1780346447,phi3:mini,34.0,4841,571.83,17.37,.045467,13.464330
1780346461,phi3:mini,33.0,4841,532.01,18.51,.048871,9.074840
1780346470,phi3:mini,33.0,4842,508.87,14.94,.051093,34.516476
1780346505,phi3:mini,32.0,4845,445.80,18.11,.058321,7.729987
1780346513,phi3:mini,32.0,4846,414.44,16.99,.062734,16.530249
1780346530,phi3:mini,33.0,4841,500.84,18.90,.051912,4.284806
1780346534,phi3:mini,33.0,4837,473.96,16.24,.054856,20.134580
1780346554,phi3:mini,33.0,4839,479.35,18.11,.054239,10.820584
1780346565,phi3:mini,34.0,4840,516.02,13.42,.050384,57.664390
1780346623,phi3:mini,32.0,4845,503.28,15.85,.051660,23.337707
1780346647,phi3:mini,33.0,4849,481.38,15.78,.054010,22.807237
1780346670,phi3:mini,33.0,4849,500.87,15.84,.051909,22.717438
1780346693,phi3:mini,32.0,4848,498.97,16.76,.052106,14.913005
1780346708,phi3:mini,33.0,4847,507.09,16.59,.051272,18.619206
1780346727,phi3:mini,32.0,4851,435.89,14.94,.059646,33.997621
1780346761,phi3:mini,33.0,4842,452.23,13.36,.057492,57.459093
1780346818,phi3:mini,33.0,4842,471.62,15.51,.055128,29.457506
1780346848,phi3:mini,33.0,4837,497.59,16.52,.052250,20.448377
1780346869,phi3:mini,32.0,4838,485.15,15.87,.053590,26.651525
1780346896,phi3:mini,33.0,4842,499.66,21.23,.052034,.612066
1780346896,phi3:mini,33.0,4835,455.15,17.69,.057123,10.793108
1780346907,phi3:mini,33.0,4842,499.30,14.94,.052072,33.795619
1780346941,phi3:mini,32.0,4839,478.22,15.71,.054367,26.094575
1780346968,phi3:mini,30.0,4844,492.49,17.35,.052792,10.025693
1780346978,phi3:mini,33.0,4841,457.27,16.03,.056858,25.697907
1780347004,phi3:mini,33.0,4843,508.28,17.64,.051152,11.785987
1780347016,phi3:mini,33.0,4846,505.66,18.81,.051417,5.740494
1780347022,phi3:mini,34.0,4848,490.03,17.32,.053057,13.676929
1780347035,phi3:mini,34.0,4847,471.73,18.99,.055115,4.790422
1780347040,phi3:mini,34.0,4845,476.91,15.26,.054517,32.091153
1780347073,phi3:mini,34.0,4842,528.54,16.70,.049191,16.940013
1780347090,phi3:mini,32.0,4837,524.52,17.53,.049568,11.974669
1780347102,phi3:mini,33.0,4843,498.47,15.03,.052158,34.782634
1780347137,phi3:mini,32.0,4842,492.80,16.41,.052758,18.158133
1780347155,phi3:mini,30.0,4835,488.67,15.68,.053205,23.523057
1780347179,phi3:mini,33.0,4828,542.43,15.56,.047931,27.376891
1780347207,phi3:mini,32.0,4838,480.95,14.86,.054058,34.298341
1780347241,phi3:mini,34.0,4847,466.99,17.93,.055675,9.256556
1780347250,phi3:mini,33.0,4849,496.39,19.16,.052377,2.765523
1780347253,phi3:mini,33.0,4852,554.66,15.46,.046874,30.256177
1780347284,phi3:mini,33.0,4846,488.47,17.03,.053227,16.672687
1780347301,phi3:mini,32.0,4844,477.33,18.10,.054469,8.228579
1780347309,phi3:mini,34.0,4840,499.70,16.89,.052031,17.167959
1780347326,phi3:mini,33.0,4848,473.98,14.89,.054853,34.234795
1780347361,phi3:mini,33.0,4849,486.07,15.14,.053489,29.051008
1780347390,phi3:mini,30.0,4837,508.66,18.68,.051114,5.618475
1780347396,phi3:mini,30.0,4845,481.97,16.82,.053944,14.739739
1780347411,phi3:mini,33.0,4848,453.36,18.81,.057349,4.252659
1780347415,phi3:mini,33.0,4851,485.31,18.96,.053573,4.270129
1780347420,phi3:mini,33.0,4851,461.85,15.00,.056294,30.523826
1780347450,phi3:mini,32.0,4852,477.26,16.81,.054477,12.665139
1780347463,phi3:mini,33.0,4846,512.06,16.22,.050775,21.509642
1780347485,phi3:mini,33.0,4845,486.03,16.88,.053493,16.519256
1780347502,phi3:mini,31.0,4839,481.63,18.63,.053983,4.185943
1780347506,phi3:mini,31.0,4840,446.15,17.07,.058275,13.702927
1780347520,phi3:mini,33.0,4844,482.77,16.33,.053855,18.977773
1780347539,phi3:mini,29.0,4849,531.84,16.03,.048886,22.260232
1780347561,phi3:mini,33.0,4847,450.51,12.88,.057712,64.870932
1780347627,phi3:mini,32.0,4875,449.72,16.03,.057813,21.203165
1780347648,phi3:mini,32.0,4884,488.74,16.17,.053197,21.642903
1780347670,phi3:mini,32.0,4881,491.78,16.61,.052868,16.250848
1780347686,phi3:mini,33.0,4881,461.96,16.81,.056280,15.225511
1780347702,phi3:mini,33.0,4872,540.60,17.13,.048093,12.375485
1780347714,phi3:mini,33.0,4876,481.78,15.90,.053965,22.197818
1780347737,phi3:mini,32.0,4855,565.60,17.01,.045968,13.988051
1780347751,phi3:mini,34.0,5055,471.01,16.97,.055199,14.077888
1780347765,phi3:mini,33.0,4874,526.46,17.32,.049386,11.835993
1780347777,phi3:mini,34.0,4864,500.58,16.22,.051939,20.522884
1780347798,phi3:mini,33.0,4865,527.47,15.79,.049291,24.316940
1780347822,phi3:mini,33.0,4855,505.23,17.54,.051461,10.942493
1780347833,phi3:mini,32.0,4843,489.71,16.15,.053092,19.190925
1780347853,phi3:mini,33.0,4836,491.54,13.50,.052894,56.855038
1780347910,phi3:mini,32.0,4840,508.52,17.21,.051128,12.199549
1780347922,phi3:mini,34.0,4842,452.22,16.76,.057493,16.346366
1780347939,phi3:mini,33.0,4846,512.04,16.32,.050776,18.010203
1780347957,phi3:mini,29.0,4847,527.85,17.10,.049255,13.973704
1780347971,phi3:mini,32.0,4850,449.51,17.03,.057839,12.854906
1780347984,phi3:mini,33.0,4847,498.92,15.46,.052112,27.350389
1780348012,phi3:mini,33.0,4853,460.62,13.78,.056445,51.516608
1780348063,phi3:mini,32.0,4844,461.15,15.89,.056379,23.780873
1780348087,phi3:mini,33.0,4851,460.88,16.17,.056413,20.210985
1780348108,phi3:mini,33.0,4858,483.13,18.40,.053814,6.031533
1780348114,phi3:mini,34.0,4848,489.58,15.91,.053106,21.485377
1780348136,phi3:mini,32.0,4851,503.92,17.76,.051594,8.385494
1780348144,phi3:mini,33.0,4854,523.91,16.58,.049625,16.399694
1780348161,phi3:mini,33.0,4858,453.05,15.81,.057388,22.769054
1780348184,phi3:mini,34.0,4851,524.82,16.21,.049540,22.205003
1780348206,phi3:mini,33.0,4852,464.35,16.75,.055992,19.163603
1780348226,phi3:mini,34.0,4842,505.23,19.16,.051461,4.121728
1780348230,phi3:mini,34.0,4842,503.24,17.81,.051665,10.777852
1780348241,phi3:mini,34.0,4844,484.41,17.30,.053672,13.755170
1780348255,phi3:mini,34.0,4846,466.96,18.57,.055678,7.966184
1780348263,phi3:mini,31.0,4846,509.30,15.08,.051050,30.353483
1780348293,phi3:mini,33.0,4845,483.98,14.28,.053720,42.969858
1780348337,phi3:mini,32.0,4847,517.74,18.05,.050218,7.754120
1780348345,phi3:mini,32.0,4843,525.42,15.78,.049483,20.647976
1780348365,phi3:mini,32.0,4851,491.67,15.01,.052880,33.307839
1780348399,phi3:mini,34.0,4838,468.47,17.89,.055498,7.545829
1780348407,phi3:mini,33.0,4840,477.44,16.88,.054456,13.859232
1780348421,phi3:mini,34.0,4848,517.50,16.71,.050240,16.391581
1780348437,phi3:mini,30.0,4833,511.96,18.83,.050785,4.831335
1780348442,phi3:mini,34.0,4835,472.98,15.86,.054969,27.599774
1780348470,phi3:mini,34.0,4844,500.18,16.16,.051980,21.774804
1780348492,phi3:mini,33.0,4846,492.32,14.01,.052810,47.031320
1780348539,phi3:mini,33.0,4846,470.03,16.54,.055315,14.868786
1780348554,phi3:mini,30.0,4846,468.58,12.25,.055486,89.588596
1780348644,phi3:mini,32.0,4851,510.64,16.74,.050915,17.314639
1780348662,phi3:mini,33.0,4841,468.26,14.92,.055523,34.180860
1780348696,phi3:mini,33.0,4841,480.52,17.00,.054108,14.646688
1780348711,phi3:mini,34.0,4839,502.73,20.88,.051717,1.005674
1780348712,phi3:mini,34.0,4843,477.67,15.01,.054430,31.636918
1780348744,phi3:mini,32.0,4854,469.98,15.36,.055321,28.121903
1780348772,phi3:mini,33.0,4839,469.84,18.19,.055336,6.539531
1780348779,phi3:mini,32.0,4842,496.30,20.48,.052387,1.366564
1780348780,phi3:mini,34.0,4847,511.73,17.76,.050807,8.949357
1780348790,phi3:mini,33.0,4852,466.04,16.12,.055789,20.160662
1780348810,phi3:mini,32.0,4847,478.73,17.17,.054310,11.413500
1780348822,phi3:mini,32.0,4843,489.59,17.74,.053104,7.944381
1780348830,phi3:mini,34.0,4845,479.48,16.88,.054224,13.860792
1780348844,phi3:mini,34.0,4848,514.69,15.48,.050515,30.736562
1780348875,phi3:mini,33.0,4843,530.40,19.23,.049018,4.002348
1780348879,phi3:mini,34.0,4848,559.10,16.54,.046503,16.924160
1780348896,phi3:mini,33.0,4849,473.68,17.56,.054888,13.151568
1780348909,phi3:mini,31.0,4849,488.67,17.26,.053204,12.567480
1780348922,phi3:mini,33.0,4847,465.82,16.77,.055815,16.695886
1780348939,phi3:mini,33.0,4841,480.12,17.13,.054152,14.706644
1780348954,phi3:mini,33.0,4843,506.47,16.29,.051334,18.904807
1780348973,phi3:mini,32.0,4850,516.19,17.47,.050368,11.958055
1780348985,phi3:mini,33.0,4850,498.51,13.41,.052155,57.245523
1780349042,phi3:mini,32.0,4852,542.37,16.61,.047937,17.450976
1780349060,phi3:mini,30.0,4851,496.26,15.32,.052390,29.234108
1780349089,phi3:mini,33.0,4855,466.30,16.84,.055757,14.186372
1780349104,phi3:mini,33.0,4847,499.01,16.90,.052102,13.604730
1780349118,phi3:mini,32.0,4854,511.74,16.61,.050806,17.330683
1780349135,phi3:mini,30.0,4854,529.87,15.37,.049068,26.791483
1780349162,phi3:mini,34.0,4855,470.11,16.52,.055305,15.914149
1780349178,phi3:mini,33.0,4857,479.73,15.78,.054196,24.129826
1780349203,phi3:mini,32.0,4853,471.24,18.23,.055172,7.456217
1780349210,phi3:mini,33.0,4854,470.05,16.26,.055312,19.057937
1780349229,phi3:mini,30.0,4852,482.33,17.28,.053904,11.106163
1780349241,phi3:mini,33.0,4856,481.93,15.41,.053948,28.665590
1780349270,phi3:mini,34.0,4855,508.35,14.80,.051145,42.283211
1780349312,phi3:mini,33.0,4848,522.68,15.16,.049743,33.492209
1780349346,phi3:mini,33.0,4855,450.72,17.31,.057684,13.570199
1780349360,phi3:mini,32.0,4854,458.55,13.62,.056699,56.889415
1780349417,phi3:mini,32.0,4847,508.70,14.94,.051110,30.235155
1780349447,phi3:mini,29.0,4850,510.19,19.81,.050960,2.220768
1780349449,phi3:mini,31.0,4850,511.05,16.08,.050875,22.760705
1780349472,phi3:mini,32.0,4849,554.15,14.47,.046918,39.802373
1780349512,phi3:mini,32.0,4852,473.86,14.36,.054868,44.957320
1780349558,phi3:mini,33.0,4848,489.61,16.25,.053102,22.390461
1780349580,phi3:mini,32.0,4848,438.44,16.01,.059300,24.854117
1780349605,phi3:mini,32.0,4848,499.10,15.84,.052093,22.213970
1780349628,phi3:mini,29.0,4851,563.44,17.37,.046144,10.937387
1780349639,phi3:mini,32.0,4846,514.13,15.75,.050570,23.110341
1780349662,phi3:mini,33.0,4842,447.08,17.15,.058153,12.823841
1780349675,phi3:mini,32.0,4850,519.72,16.97,.050026,11.547241
1780349687,phi3:mini,33.0,4846,486.30,16.95,.053464,13.803555
1780349701,phi3:mini,33.0,4849,458.42,15.80,.056716,22.517666
1780349724,phi3:mini,30.0,4850,501.84,14.71,.051809,35.937815
1780349760,phi3:mini,32.0,4845,551.41,16.52,.047151,16.525207
1780349776,phi3:mini,34.0,4844,456.95,16.62,.056898,16.778038
1780349793,phi3:mini,33.0,4850,542.78,16.72,.047901,16.566887
1780349810,phi3:mini,31.0,4845,505.53,18.51,.051430,5.455185
1780349816,phi3:mini,33.0,4849,474.82,15.18,.054757,29.099927
1780349845,phi3:mini,32.0,4842,478.13,16.49,.054377,19.518527
1780349865,phi3:mini,34.0,4842,514.10,16.47,.050573,16.391782
1780349881,phi3:mini,33.0,4847,496.89,15.33,.052324,27.714885
1780349909,phi3:mini,30.0,4848,473.53,15.85,.054906,21.133746
1780349931,phi3:mini,32.0,4847,513.67,17.21,.050616,12.547159
1780349943,phi3:mini,33.0,4849,433.84,15.55,.059929,26.682742
1780349970,phi3:mini,30.0,4851,504.33,16.64,.051553,15.622620
1780349986,phi3:mini,34.0,4850,521.75,18.23,.049832,5.154049
1780349991,phi3:mini,30.0,4850,491.62,17.21,.052886,11.382655
1780350003,phi3:mini,33.0,4855,495.24,16.30,.052498,18.516831
1780350022,phi3:mini,30.0,4850,422.99,15.68,.061467,23.206194
1780350045,phi3:mini,32.0,4856,504.63,16.87,.051522,14.874453
1780350060,phi3:mini,33.0,4853,477.35,15.95,.054467,22.560929
1780350083,phi3:mini,33.0,4851,509.49,20.52,.051030,.877089
1780350084,phi3:mini,33.0,4850,469.11,14.88,.055423,33.659053
1780350118,phi3:mini,33.0,4845,481.30,17.80,.054019,10.842428
1780350129,phi3:mini,34.0,4841,513.70,14.33,.050612,40.386404
1780350169,phi3:mini,33.0,4847,467.56,17.80,.055606,8.538270
1780350178,phi3:mini,34.0,4847,471.77,15.66,.055111,23.293965
1780350202,phi3:mini,32.0,4851,511.58,13.16,.050822,59.322937
1780350261,phi3:mini,30.0,4854,454.33,15.37,.057226,28.158601
1780350289,phi3:mini,32.0,4853,489.48,15.02,.053117,35.482308
1780350325,phi3:mini,33.0,4853,453.06,15.35,.057387,28.924443
1780350354,phi3:mini,33.0,4848,492.31,16.29,.052811,19.213836
1780350374,phi3:mini,33.0,4853,519.08,16.34,.050087,19.084147
1780350393,phi3:mini,34.0,4855,499.93,15.62,.052006,24.126889
1780350417,phi3:mini,33.0,4852,418.08,17.40,.062188,12.470407
1780350430,phi3:mini,33.0,4852,528.81,16.98,.049166,15.311512
1780350445,phi3:mini,31.0,4853,497.44,19.82,.052266,2.370212
1780350448,phi3:mini,34.0,4853,464.76,15.54,.055941,27.979504
1780350476,phi3:mini,33.0,4854,503.83,17.37,.051604,12.488155
1780350489,phi3:mini,34.0,4854,533.82,16.83,.048704,15.507525
1780350505,phi3:mini,34.0,4852,494.20,18.22,.052609,7.571555
1780350512,phi3:mini,34.0,4847,497.52,15.09,.052258,29.420837
1780350542,phi3:mini,33.0,4849,498.87,17.09,.052117,12.750782
1780350555,phi3:mini,33.0,4852,457.92,16.45,.056778,17.870240
1780350573,phi3:mini,30.0,4851,475.21,14.52,.054712,39.850822
1780350613,phi3:mini,33.0,4857,473.48,18.42,.054912,6.457710
1780350620,phi3:mini,33.0,4851,505.27,14.32,.051457,39.794526
1780350660,phi3:mini,32.0,4849,492.58,18.30,.052782,6.611700
1780350666,phi3:mini,34.0,4847,485.93,16.23,.053505,20.018811
1780350687,phi3:mini,33.0,4852,479.35,17.00,.054240,14.701841
1780350701,phi3:mini,34.0,4852,497.97,16.65,.052211,16.453887
1780350718,phi3:mini,34.0,4850,474.07,15.94,.054843,20.507182
1780350739,phi3:mini,32.0,4852,517.50,17.13,.050240,13.250250
1780350752,phi3:mini,33.0,4854,473.93,16.93,.054859,14.234430
1780350767,phi3:mini,33.0,4852,491.00,18.22,.052952,7.679734
1780350774,phi3:mini,34.0,4848,517.34,18.56,.050256,6.248853
1780350781,phi3:mini,34.0,4851,523.41,17.01,.049673,12.636695
1780350794,phi3:mini,33.0,4845,447.56,15.11,.058091,29.053485
1780350823,phi3:mini,33.0,4851,433.68,15.48,.059951,26.609693
1780350850,phi3:mini,33.0,4848,541.50,16.72,.048014,14.466176
1780350864,phi3:mini,33.0,4848,508.12,14.70,.051168,33.992422
1780350899,phi3:mini,32.0,4852,486.68,17.99,.053422,6.725068
1780350905,phi3:mini,30.0,4852,461.79,16.82,.056301,13.967125
1780350920,phi3:mini,33.0,4854,503.50,16.43,.051638,18.315400
1780350938,phi3:mini,33.0,4852,440.71,18.35,.058995,5.121693
1780350943,phi3:mini,33.0,4851,496.39,16.04,.052378,20.377194
1780350964,phi3:mini,33.0,4850,454.13,16.98,.057251,14.656223
1780350979,phi3:mini,33.0,4850,480.61,17.42,.054096,11.020518
1780350990,phi3:mini,36.0,4852,467.02,14.28,.055671,39.692898
1780351030,phi3:mini,32.0,4856,469.89,16.03,.055331,24.754912
1780351055,phi3:mini,34.0,4854,477.69,18.37,.054427,9.362360
1780351064,phi3:mini,34.0,4857,449.53,17.60,.057837,15.449281
1780351080,phi3:mini,34.0,4849,500.99,18.04,.051896,12.745859
1780351093,phi3:mini,34.0,4852,501.80,12.05,.051812,94.736256
1780351188,phi3:mini,32.0,4855,475.52,16.03,.054676,20.391217
1780351209,phi3:mini,32.0,4854,516.20,17.71,.050367,7.733502
1780351216,phi3:mini,33.0,4852,496.85,18.07,.052328,7.356505
1780351224,phi3:mini,32.0,4842,528.15,16.53,.049227,16.083930
1780351240,phi3:mini,34.0,4840,512.94,16.06,.050688,18.802919
1780351259,phi3:mini,33.0,4844,421.95,15.65,.061618,24.339211
1780351284,phi3:mini,33.0,4840,503.23,15.72,.051665,23.780232
1780351308,phi3:mini,31.0,4834,488.33,15.53,.053241,28.587419
1780351337,phi3:mini,30.0,4834,486.68,14.99,.053422,32.871986
1780351370,phi3:mini,32.0,4832,497.66,15.93,.052243,23.469694
1780351393,phi3:mini,33.0,4834,490.10,14.76,.053049,35.959827
1780351429,phi3:mini,34.0,4840,469.99,13.21,.055319,58.583931
1780351488,phi3:mini,33.0,4847,490.79,18.89,.052975,4.233503
1780351493,phi3:mini,32.0,4846,474.38,18.05,.054808,10.633596
1780351503,phi3:mini,34.0,4841,516.16,15.89,.050371,28.504842
1780351532,phi3:mini,33.0,4841,516.01,17.62,.050385,12.368785
1780351545,phi3:mini,32.0,4838,523.16,17.64,.049697,10.542446
1780351555,phi3:mini,33.0,4836,529.31,16.35,.049120,20.605296
1780351576,phi3:mini,30.0,4832,520.13,14.53,.049986,41.406558
1780351618,phi3:mini,33.0,4844,498.24,20.27,.052183,1.035651
1780351619,phi3:mini,34.0,4843,443.32,17.50,.058647,10.738747
1780351630,phi3:mini,33.0,4842,483.90,14.92,.053729,33.306113
1780351663,phi3:mini,33.0,4843,484.70,19.22,.053641,3.068572
1780351667,phi3:mini,30.0,4841,467.86,16.78,.055571,14.831974
1780351682,phi3:mini,33.0,4839,476.11,13.44,.054608,59.366180
1780351741,phi3:mini,33.0,4845,476.73,19.85,.054537,1.359985
1780351743,phi3:mini,33.0,4847,472.71,14.84,.055001,33.612706
1780351777,phi3:mini,33.0,4853,528.06,15.50,.049236,27.407476
1780351804,phi3:mini,33.0,4845,505.08,16.75,.051476,17.609204
1780351822,phi3:mini,32.0,4844,518.68,16.68,.050127,16.899121
1780351839,phi3:mini,34.0,4847,533.20,17.46,.048761,12.542381
1780351852,phi3:mini,33.0,4851,524.71,19.30,.049551,3.056453
1780351855,phi3:mini,34.0,4850,548.26,17.81,.047422,10.779875
1780351866,phi3:mini,33.0,4845,527.93,16.14,.049248,21.434741
1780351888,phi3:mini,30.0,4843,484.99,16.32,.053609,19.604314
1780351907,phi3:mini,33.0,4838,452.43,16.36,.057466,19.979604
1780351928,phi3:mini,34.0,4849,486.51,15.67,.053441,22.395669
1780351950,phi3:mini,33.0,4843,494.52,17.64,.052575,9.409218
1780351960,phi3:mini,33.0,4841,499.62,15.98,.052039,22.145482
1780351982,phi3:mini,32.0,4847,487.02,15.84,.053385,22.219359
1780352004,phi3:mini,34.0,4844,531.02,17.98,.048961,7.507003
1780352012,phi3:mini,34.0,4845,538.55,16.73,.048277,14.998479
1780352027,phi3:mini,33.0,4849,503.86,17.10,.051601,12.743176
1780352040,phi3:mini,33.0,4838,497.46,15.55,.052265,25.077837
1780352065,phi3:mini,33.0,4837,506.21,18.57,.051361,4.682509
1780352070,phi3:mini,32.0,4839,581.22,19.26,.044733,2.439757
1780352073,phi3:mini,34.0,4841,472.58,16.05,.055016,24.542748
1780352098,phi3:mini,29.0,4835,471.57,16.28,.055134,18.423400
1780352116,phi3:mini,32.0,4839,432.07,15.04,.060174,30.963873
1780352147,phi3:mini,33.0,4843,474.89,15.83,.054748,20.648553
1780352168,phi3:mini,33.0,4839,458.60,14.17,.056694,42.975242
1780352211,phi3:mini,32.0,4838,509.24,15.69,.051055,28.106186
1780352240,phi3:mini,30.0,4838,482.78,16.24,.053854,21.666057
1780352262,phi3:mini,33.0,4842,473.50,19.52,.054909,2.458038
1780352264,phi3:mini,33.0,4844,489.41,18.85,.053124,4.508208
1780352269,phi3:mini,32.0,4846,473.25,15.27,.054939,29.457324
1780352298,phi3:mini,32.0,4840,479.64,16.43,.054206,16.669550
1780352315,phi3:mini,32.0,4837,458.33,16.07,.056727,21.953198
1780352337,phi3:mini,33.0,4838,503.30,17.63,.051658,11.910347
1780352350,phi3:mini,34.0,4844,491.19,15.81,.052932,26.056324
1780352376,phi3:mini,33.0,4844,499.47,18.10,.052054,9.667660
1780352386,phi3:mini,34.0,4848,506.41,19.13,.051340,3.553366
1780352389,phi3:mini,33.0,4844,474.64,14.74,.054777,37.640202
1780352427,phi3:mini,30.0,4838,487.16,17.45,.053370,12.256764
1780352440,phi3:mini,33.0,4839,518.21,15.10,.050172,34.018756
1780352474,phi3:mini,32.0,4846,464.54,15.09,.055969,30.334572
1780352504,phi3:mini,33.0,4836,488.06,16.20,.053271,25.114116
1780352530,phi3:mini,33.0,4838,499.96,19.98,.052003,1.751394
1780352532,phi3:mini,33.0,4836,506.63,14.33,.051318,44.851400
1780352577,phi3:mini,32.0,4831,456.98,16.26,.056894,18.994645
1780352596,phi3:mini,33.0,4841,452.42,16.99,.057468,14.765998
1780352611,phi3:mini,33.0,4842,497.43,15.20,.052268,31.574355
1780352643,phi3:mini,32.0,4825,464.73,17.15,.055945,12.184461
1780352655,phi3:mini,32.0,4832,490.45,14.66,.053012,35.107238
1780352690,phi3:mini,32.0,4840,505.83,15.46,.051400,28.315894
1780352719,phi3:mini,33.0,4843,488.28,16.69,.053247,17.553748
1780352737,phi3:mini,33.0,4844,477.18,17.22,.054486,11.552053
1780352748,phi3:mini,32.0,4846,453.11,18.25,.057381,6.518778
1780352755,phi3:mini,33.0,4850,525.08,16.72,.049515,13.754066
1780352769,phi3:mini,33.0,4846,479.99,17.02,.054167,15.210624
1780352784,phi3:mini,33.0,4841,529.53,18.40,.049099,7.170674
1780352792,phi3:mini,32.0,4848,504.33,17.14,.051553,14.579913
1780352806,phi3:mini,33.0,4842,506.89,17.07,.051292,13.700571
1780352820,phi3:mini,33.0,4846,544.20,16.36,.047775,18.151284
1780352839,phi3:mini,32.0,4845,511.39,17.66,.050841,8.493044
1780352847,phi3:mini,33.0,4847,488.24,16.58,.053251,16.283473
1780352864,phi3:mini,34.0,4846,496.27,16.99,.052390,11.765892
1780352876,phi3:mini,33.0,4844,530.06,18.15,.049050,6.388566
1780352882,phi3:mini,34.0,4845,467.28,16.80,.055640,13.983391
1780352896,phi3:mini,34.0,4845,473.93,15.10,.054859,28.537169
1780352925,phi3:mini,33.0,4852,528.58,13.65,.049188,51.980336
1780352977,phi3:mini,29.0,4850,464.69,17.07,.055950,12.705118
1780352990,phi3:mini,33.0,4847,500.33,14.80,.051965,34.306019
1780353025,phi3:mini,32.0,4844,475.65,16.18,.054661,20.577817
1780353046,phi3:mini,33.0,4851,482.10,17.60,.053930,11.192338
1780353057,phi3:mini,32.0,4851,447.63,16.86,.058083,15.176966
1780353072,phi3:mini,32.0,4849,549.94,18.86,.047277,2.757073
1780353075,phi3:mini,34.0,4845,566.37,16.57,.045906,16.044415
1780353091,phi3:mini,33.0,4840,478.34,16.81,.054354,15.520848
1780353107,phi3:mini,29.0,4844,536.41,16.32,.048469,19.666780
1780353127,phi3:mini,33.0,4846,492.60,13.10,.052780,62.334052
1780353190,phi3:mini,32.0,4849,530.34,16.97,.049024,14.548102
1780353204,phi3:mini,33.0,4850,490.30,18.53,.053028,6.313201
1780353211,phi3:mini,33.0,4842,465.79,17.55,.055818,10.991982
1780353222,phi3:mini,34.0,4841,461.90,16.30,.056288,20.050537
1780353242,phi3:mini,32.0,4843,450.44,17.25,.057721,12.171427
1780353255,phi3:mini,33.0,4842,536.05,15.93,.048502,23.476427
1780353278,phi3:mini,33.0,4846,484.77,16.98,.053633,14.778926
1780353293,phi3:mini,33.0,4839,497.98,19.04,.052210,4.306386
1780353298,phi3:mini,33.0,4837,445.10,15.69,.058413,23.506418
1780353321,phi3:mini,33.0,4843,478.34,17.10,.054353,14.319556
1780353336,phi3:mini,33.0,4844,509.20,16.73,.051060,12.970068
1780353349,phi3:mini,32.0,4849,485.90,14.84,.053508,35.220308
1780353384,phi3:mini,32.0,4847,500.34,15.36,.051963,27.864311
1780353413,phi3:mini,32.0,4841,490.07,17.60,.053052,12.384221
1780353425,phi3:mini,33.0,4841,446.29,19.29,.058257,4.922540
1780353430,phi3:mini,34.0,4839,513.41,16.06,.050641,22.282001
1780353453,phi3:mini,33.0,4846,504.58,19.03,.051527,3.940311
1780353457,phi3:mini,33.0,4847,520.03,16.36,.049996,17.960572
1780353475,phi3:mini,32.0,4841,508.99,16.59,.051081,16.816781
1780353492,phi3:mini,32.0,4843,466.22,16.94,.055767,14.754482
1780353507,phi3:mini,33.0,4850,477.34,19.60,.054467,2.397227
1780353509,phi3:mini,34.0,4845,554.80,17.31,.046862,12.069644
1780353522,phi3:mini,31.0,4838,465.82,17.66,.055815,10.588045
1780353532,phi3:mini,33.0,4844,468.14,15.24,.055538,28.790798
1780353561,phi3:mini,33.0,4847,453.51,16.11,.057330,20.173115
1780353582,phi3:mini,34.0,4848,483.20,15.48,.053807,25.380038
1780353607,phi3:mini,33.0,4852,535.09,14.53,.048589,37.562964
1780353645,phi3:mini,34.0,4847,489.03,17.48,.053165,11.839061
1780353657,phi3:mini,33.0,4850,502.28,14.81,.051763,34.886599
1780353692,phi3:mini,33.0,4844,484.93,16.82,.053615,14.202468
1780353707,phi3:mini,34.0,4848,505.69,14.49,.051414,39.050338
1780353746,phi3:mini,33.0,4843,503.80,15.64,.051607,23.579973
1780353770,phi3:mini,32.0,4846,497.48,15.48,.052262,24.857001
1780353795,phi3:mini,32.0,4847,457.82,17.07,.056789,13.527583
1780353808,phi3:mini,33.0,4843,545.92,16.73,.047625,15.054558
1780353824,phi3:mini,32.0,4841,493.40,13.15,.052694,58.970077
1780353883,phi3:mini,32.0,4843,439.57,17.19,.059148,13.084986
1780353896,phi3:mini,32.0,4845,415.02,16.42,.062647,17.110008
1780353913,phi3:mini,32.0,4844,532.12,20.00,.048860,1.149461
1780353915,phi3:mini,34.0,4843,515.03,16.71,.050482,14.835669
1780353930,phi3:mini,33.0,4844,496.05,16.38,.052413,17.153855
1780353947,phi3:mini,33.0,4848,446.17,14.82,.058273,33.194647
1780353980,phi3:mini,33.0,4849,519.81,16.37,.050018,19.047636
1780354000,phi3:mini,32.0,4847,501.40,16.35,.051854,19.995581
1780354020,phi3:mini,32.0,4842,465.04,15.77,.055908,23.143371
1780354043,phi3:mini,33.0,4853,508.11,19.62,.051169,1.732388
1780354045,phi3:mini,34.0,4849,459.21,18.57,.056618,5.274749
1780354051,phi3:mini,34.0,4848,468.87,15.55,.055452,28.353309
1780354079,phi3:mini,32.0,4852,485.00,17.75,.053608,13.404709
1780354093,phi3:mini,33.0,4853,467.50,15.67,.055614,26.924015
1780354120,phi3:mini,34.0,4855,488.20,20.00,.053256,3.898720
1780354124,phi3:mini,34.0,4852,470.93,16.58,.055209,19.478261
1780354144,phi3:mini,32.0,4844,522.33,15.93,.049776,25.031867
1780354169,phi3:mini,33.0,4847,471.57,18.80,.055133,4.998581
1780354174,phi3:mini,34.0,4846,473.96,17.42,.054856,13.483883
1780354188,phi3:mini,33.0,4850,524.51,16.80,.049569,14.761449
1780354203,phi3:mini,32.0,4849,481.19,14.85,.054032,35.541970
1780354238,phi3:mini,33.0,4851,502.15,17.20,.051776,13.894093
1780354252,phi3:mini,33.0,4851,491.05,15.60,.052946,27.688460
1780354280,phi3:mini,33.0,4854,492.03,16.88,.052841,14.628511
1780354295,phi3:mini,34.0,4853,492.29,15.58,.052813,26.692859
1780354322,phi3:mini,33.0,4852,519.96,18.43,.050003,5.531868
1780354328,phi3:mini,34.0,4853,441.23,16.49,.058925,18.791088
1780354347,phi3:mini,33.0,4851,543.89,16.92,.047803,15.419269
1780354362,phi3:mini,34.0,4851,465.30,16.44,.055876,20.677627
1780354383,phi3:mini,34.0,4848,507.93,16.26,.051187,21.955209
1780354405,phi3:mini,33.0,4849,506.04,16.68,.051379,16.417507
1780354422,phi3:mini,33.0,4852,535.80,16.77,.048525,17.229878
1780354439,phi3:mini,34.0,4850,502.19,16.45,.051772,17.011682
1780354457,phi3:mini,32.0,4852,494.55,17.10,.052572,13.971734
1780354471,phi3:mini,34.0,4852,523.81,15.48,.049635,26.278522
1780354497,phi3:mini,32.0,4853,488.76,14.55,.053195,34.558212
1780354532,phi3:mini,33.0,4855,483.40,18.84,.053785,4.509958
1780354537,phi3:mini,31.0,4850,448.66,18.18,.057949,7.753839
1780354545,phi3:mini,34.0,4846,484.34,17.98,.053680,6.559573
1780354551,phi3:mini,33.0,4847,487.76,17.03,.053304,13.267249
1780354565,phi3:mini,34.0,4843,493.73,19.60,.052659,2.295181
1780354567,phi3:mini,33.0,4847,558.12,15.63,.046584,25.397708
1780354593,phi3:mini,32.0,4849,481.79,15.60,.053964,28.970757
1780354622,phi3:mini,33.0,4858,475.38,16.13,.054692,22.556272
1780354645,phi3:mini,33.0,4840,465.04,17.59,.055909,10.399835
1780354655,phi3:mini,32.0,4848,494.44,15.51,.052584,29.517257
1780354685,phi3:mini,33.0,4850,514.17,20.54,.050566,1.606103
1780354687,phi3:mini,34.0,4844,470.19,13.76,.055296,53.843207
1780354741,phi3:mini,32.0,4847,482.07,14.64,.053933,39.270764
1780354780,phi3:mini,33.0,4855,462.31,17.75,.056238,12.672303
1780354793,phi3:mini,34.0,4853,462.22,16.21,.056249,21.651441
1780354815,phi3:mini,32.0,4850,490.17,16.29,.053042,18.902278
1780354834,phi3:mini,33.0,4893,486.01,14.20,.053496,43.913908
1780354878,phi3:mini,32.0,4884,491.30,17.35,.052920,9.970716
1780354888,phi3:mini,34.0,4884,508.44,18.22,.051136,8.722975
1780354897,phi3:mini,34.0,4877,507.59,16.30,.051222,18.517234
1780354916,phi3:mini,32.0,4878,575.04,15.26,.045214,30.006016
1780354946,phi3:mini,32.0,4883,480.93,17.15,.054061,16.901546
1780354963,phi3:mini,32.0,4860,499.04,17.66,.052099,12.457301
1780354976,phi3:mini,33.0,4857,484.51,16.49,.053661,19.827758
1780354996,phi3:mini,30.0,4855,444.90,20.57,.058439,1.604109
1780354998,phi3:mini,33.0,4857,474.43,16.92,.054802,13.882210
1780355012,phi3:mini,33.0,4859,476.09,18.55,.054611,5.335320
1780355017,phi3:mini,33.0,4858,525.17,16.46,.049507,17.609680
1780355035,phi3:mini,33.0,4857,490.81,16.11,.052973,22.022905
1780355057,phi3:mini,33.0,4863,480.19,16.58,.054144,17.064538
1780355075,phi3:mini,33.0,4856,472.00,16.95,.055083,14.565544
1780355089,phi3:mini,34.0,4860,491.00,13.39,.052952,56.156620
1780355146,phi3:mini,32.0,4854,511.68,16.94,.050812,14.279587
1780355160,phi3:mini,34.0,4857,488.40,16.53,.053235,16.994734
1780355177,phi3:mini,33.0,4862,494.13,17.81,.052616,7.914063
1780355185,phi3:mini,33.0,4854,440.03,15.16,.059085,28.891707
1780355214,phi3:mini,33.0,4852,489.74,15.63,.053088,27.046639
1780355242,phi3:mini,34.0,4857,492.21,18.84,.052821,4.775682
1780355247,phi3:mini,33.0,4853,494.74,14.39,.052552,42.031192
1780355289,phi3:mini,33.0,4854,493.43,13.48,.052691,52.721194
1780355342,phi3:mini,32.0,4849,494.24,18.56,.052605,5.278151
1780355347,phi3:mini,34.0,4854,509.33,16.94,.051047,12.867330
1780355360,phi3:mini,32.0,4857,487.95,15.19,.053283,29.953173
1780355390,phi3:mini,32.0,4857,475.13,16.22,.054721,21.630349
1780355412,phi3:mini,33.0,4859,456.62,13.85,.056939,49.579555
1780355462,phi3:mini,32.0,4862,535.31,16.80,.048569,16.842824
1780355479,phi3:mini,33.0,4853,487.69,18.55,.053311,6.359550
1780355486,phi3:mini,33.0,4856,449.85,15.08,.057795,35.137280
1780355521,phi3:mini,34.0,4852,488.03,16.89,.053275,13.852590
1780355535,phi3:mini,30.0,4850,491.20,16.07,.052930,20.589524
1780355556,phi3:mini,33.0,4851,479.95,17.18,.054172,12.218456
1780355568,phi3:mini,32.0,4861,461.36,17.46,.056355,11.220362
1780355580,phi3:mini,33.0,4862,441.12,19.15,.058940,4.176991
1780355584,phi3:mini,32.0,4858,455.75,15.50,.057048,26.702387
1780355611,phi3:mini,33.0,4853,462.73,18.55,.056187,5.443523
1780355616,phi3:mini,33.0,4851,450.63,14.10,.057696,46.095310
1780355663,phi3:mini,32.0,4848,501.14,15.77,.051881,23.707450
1780355687,phi3:mini,33.0,4850,463.94,16.69,.056041,16.955887
1780355704,phi3:mini,33.0,4847,535.18,15.71,.048581,23.219853
1780355727,phi3:mini,33.0,4848,460.78,16.40,.056425,19.631313
1780355747,phi3:mini,30.0,4851,480.79,15.07,.054076,28.259581
1780355776,phi3:mini,32.0,4854,498.99,17.06,.052105,12.659624
1780355788,phi3:mini,33.0,4854,501.85,17.16,.051807,13.111519
1780355802,phi3:mini,33.0,4850,454.05,18.82,.057261,4.302142
1780355806,phi3:mini,34.0,4851,485.84,15.85,.053515,22.774278
1780355829,phi3:mini,33.0,4849,513.61,19.77,.050621,1.921320
1780355831,phi3:mini,34.0,4845,470.60,16.32,.055247,19.910717
1780355851,phi3:mini,33.0,4848,507.12,17.35,.051269,14.343966
1780355866,phi3:mini,34.0,4851,474.03,16.39,.054848,25.493641
1780355891,phi3:mini,34.0,4847,547.77,16.30,.047465,21.533414
1780355913,phi3:mini,34.0,4849,517.11,17.03,.050278,13.732531
1780355927,phi3:mini,34.0,4850,460.12,17.32,.056506,12.522319
1780355940,phi3:mini,36.0,4847,471.22,17.54,.055175,10.603860
1780355951,phi3:mini,33.0,4849,559.44,16.61,.046474,19.379045
1780355970,phi3:mini,34.0,4850,472.89,16.80,.054980,13.983655
1780355984,phi3:mini,34.0,4853,478.32,14.76,.054356,34.413973
1780356019,phi3:mini,32.0,4852,499.74,19.49,.052027,1.641260
1780356021,phi3:mini,32.0,4846,541.93,19.72,.047976,1.216891
1780356022,phi3:mini,34.0,4847,431.13,20.05,.060305,1.595830
1780356024,phi3:mini,33.0,4841,470.84,16.01,.055220,21.298527
1780356045,phi3:mini,32.0,4840,489.88,17.21,.053073,12.137673
1780356058,phi3:mini,34.0,4836,473.12,15.30,.054954,28.222447
1780356086,phi3:mini,32.0,4840,480.54,14.21,.054105,41.492457
1780356128,phi3:mini,32.0,4847,517.84,16.66,.050207,16.862713
1780356145,phi3:mini,33.0,4848,492.08,16.74,.052836,15.286245
1780356160,phi3:mini,34.0,4849,441.82,17.24,.058847,11.193916
1780356172,phi3:mini,33.0,4844,491.37,16.66,.052912,16.863997
1780356189,phi3:mini,33.0,4845,456.46,17.34,.056960,12.513023
1780356202,phi3:mini,34.0,4846,452.78,18.42,.057423,7.489017
1780356209,phi3:mini,33.0,4849,488.69,14.47,.053202,42.826765
1780356252,phi3:mini,33.0,4844,484.39,15.96,.053675,21.355136
1780356274,phi3:mini,33.0,4851,436.13,16.07,.059615,20.844692
1780356295,phi3:mini,33.0,4847,498.97,16.39,.052106,17.081966
1780356312,phi3:mini,30.0,4846,484.28,16.10,.053687,20.298533
1780356333,phi3:mini,33.0,4849,532.25,15.49,.048848,25.620425
1780356358,phi3:mini,33.0,4848,502.00,17.89,.051792,8.102661
1780356367,phi3:mini,34.0,4836,508.77,14.94,.051103,30.312121
1780356397,phi3:mini,34.0,4840,502.76,13.90,.051713,47.088469
1780356444,phi3:mini,33.0,4835,446.70,14.22,.058203,42.382735
1780356487,phi3:mini,33.0,4843,547.58,17.03,.047480,12.855167
1780356500,phi3:mini,30.0,4845,489.22,18.65,.053144,4.556744
1780356505,phi3:mini,30.0,4839,501.55,16.81,.051838,14.987657
1780356520,phi3:mini,33.0,4848,449.57,16.54,.057832,17.529479
1780356538,phi3:mini,34.0,4851,517.69,15.48,.050222,29.965660
1780356568,phi3:mini,34.0,4852,535.74,16.13,.048530,23.056801
1780356591,phi3:mini,33.0,4857,523.13,16.41,.049700,19.976584
1780356611,phi3:mini,33.0,4852,492.81,16.60,.052758,16.441573
1780356628,phi3:mini,33.0,4850,495.21,16.66,.052502,15.123621
1780356643,phi3:mini,33.0,4853,484.49,16.27,.053663,20.147738
1780356664,phi3:mini,33.0,4857,499.60,20.54,.052041,1.022236
1780356665,phi3:mini,33.0,4853,529.05,19.39,.049144,2.733088
1780356668,phi3:mini,34.0,4854,483.90,15.78,.053729,25.338318
1780356693,phi3:mini,30.0,4848,545.89,17.13,.047628,12.722842
1780356706,phi3:mini,33.0,4848,492.15,15.89,.052829,20.568709
1780356727,phi3:mini,33.0,4853,492.54,15.27,.052787,27.885300
1780356755,phi3:mini,33.0,4855,470.05,16.68,.055312,17.076493
1780356772,phi3:mini,33.0,4855,495.61,14.56,.052459,37.682686
1780356810,phi3:mini,29.0,4850,477.42,15.89,.054458,23.339605
1780356834,phi3:mini,32.0,4853,449.67,15.13,.057819,33.366135
1780356867,phi3:mini,32.0,4855,518.60,15.33,.050134,28.167233
1780356896,phi3:mini,32.0,4851,467.19,15.31,.055650,27.692652
1780356923,phi3:mini,33.0,4852,503.17,15.81,.051671,22.442294
1780356946,phi3:mini,33.0,4849,477.62,17.16,.054436,12.697520
1780356959,phi3:mini,33.0,4851,541.07,16.14,.048052,20.251851
1780356979,phi3:mini,33.0,4849,483.02,16.95,.053827,12.801297
1780356992,phi3:mini,34.0,4853,514.93,16.85,.050491,13.944731
1780357006,phi3:mini,32.0,4851,514.55,16.28,.050529,19.830968
1780357026,phi3:mini,33.0,4844,448.84,17.09,.057926,15.620318
1780357042,phi3:mini,33.0,4846,461.68,17.89,.056315,9.387685
1780357052,phi3:mini,33.0,4845,485.75,17.22,.053524,13.646838
1780357066,phi3:mini,33.0,4849,473.55,17.20,.054904,13.888195
1780357080,phi3:mini,33.0,4851,521.59,18.30,.049847,8.195775
1780357088,phi3:mini,33.0,4853,499.27,14.49,.052075,40.855561
1780357129,phi3:mini,32.0,4846,513.90,21.20,.050592,1.037668
1780357130,phi3:mini,33.0,4846,412.06,15.84,.063096,23.786880
1780357154,phi3:mini,33.0,4851,515.63,17.62,.050423,10.892359
1780357166,phi3:mini,33.0,4841,502.44,19.17,.051746,4.901112
1780357171,phi3:mini,34.0,4842,475.75,16.50,.054649,22.716709
1780357193,phi3:mini,34.0,4848,511.64,19.46,.050816,4.522021
1780357198,phi3:mini,33.0,4850,526.21,17.21,.049409,13.883118
1780357212,phi3:mini,34.0,4848,502.34,13.52,.051756,57.156978
1780357270,phi3:mini,32.0,4851,554.59,18.09,.046881,6.467132
1780357276,phi3:mini,34.0,4854,441.29,14.90,.058917,33.681593
1780357310,phi3:mini,32.0,4852,438.22,17.14,.059330,12.659742
1780357323,phi3:mini,32.0,4851,476.20,17.31,.054598,12.131260
1780357335,phi3:mini,32.0,4845,417.78,17.08,.062232,13.696243
1780357349,phi3:mini,33.0,4855,449.04,17.34,.057900,13.030998
1780357362,phi3:mini,33.0,4849,508.52,15.79,.051128,27.732801
1780357390,phi3:mini,33.0,4849,502.09,15.53,.051782,27.879056
1780357418,phi3:mini,33.0,4850,466.95,15.71,.055680,23.611443
1780357442,phi3:mini,33.0,4850,493.12,15.31,.052725,28.343336
1780357471,phi3:mini,33.0,4849,501.39,18.81,.051855,3.135970
1780357474,phi3:mini,33.0,4846,487.97,17.41,.053281,10.910171
1780357485,phi3:mini,33.0,4849,559.62,17.42,.046459,10.900763
1780357496,phi3:mini,33.0,4848,570.89,19.59,.045542,1.531309
1780357498,phi3:mini,33.0,4851,482.89,15.94,.053842,22.139337
1780357520,phi3:mini,29.0,4852,549.39,19.42,.047325,2.676937
1780357523,phi3:mini,32.0,4851,457.43,16.19,.056838,18.768540
1780357542,phi3:mini,32.0,4852,503.15,16.91,.051673,15.374957
1780357558,phi3:mini,32.0,4849,518.40,14.90,.050153,34.343471
1780357592,phi3:mini,32.0,4860,520.18,16.38,.049982,17.276840
1780357610,phi3:mini,30.0,4852,455.21,16.36,.057116,17.288426
1780357627,phi3:mini,32.0,4856,474.75,16.43,.054765,16.182184
1780357643,phi3:mini,32.0,4860,505.56,17.13,.051428,14.710660
1780357658,phi3:mini,32.0,4844,483.92,18.55,.053727,5.066937
1780357664,phi3:mini,32.0,4848,512.37,16.13,.050743,19.899650
1780357684,phi3:mini,32.0,4846,483.20,15.46,.053807,27.411894
1780357711,phi3:mini,32.0,4850,461.79,16.62,.056301,17.800898
1780357729,phi3:mini,34.0,4848,479.78,17.39,.054191,12.015544
1780357741,phi3:mini,33.0,4854,465.08,17.37,.055904,11.743112
1780357753,phi3:mini,33.0,4859,462.02,17.27,.056273,12.616613
1780357766,phi3:mini,34.0,4861,500.42,15.28,.051955,27.944191
1780357794,phi3:mini,33.0,4854,501.82,14.96,.051810,31.810727
1780357826,phi3:mini,32.0,4861,525.71,18.80,.049456,5.743230
1780357832,phi3:mini,31.0,4861,480.16,17.86,.054147,11.085271
1780357843,phi3:mini,33.0,4857,470.25,15.62,.055289,28.026675
1780357872,phi3:mini,33.0,4853,497.13,15.77,.052299,23.392029
1780357895,phi3:mini,33.0,4850,473.26,16.54,.054937,17.707111
1780357913,phi3:mini,34.0,4856,440.89,15.35,.058971,29.369505
1780357943,phi3:mini,32.0,4861,481.60,16.33,.053986,19.471991
1780357962,phi3:mini,34.0,4859,422.36,16.61,.061558,17.454711
1780357980,phi3:mini,33.0,4851,496.67,17.24,.052348,13.624282
1780357994,phi3:mini,34.0,4855,497.64,16.41,.052246,23.825403
1780358018,phi3:mini,34.0,4855,499.00,16.28,.052103,24.252518
1780358042,phi3:mini,34.0,4859,528.88,15.50,.049159,28.503577
1780358071,phi3:mini,30.0,4844,452.46,16.92,.057462,14.827949
1780358086,phi3:mini,30.0,4843,438.57,17.32,.059282,11.543955
1780358098,phi3:mini,33.0,4844,576.76,16.98,.045078,14.011460
1780358112,phi3:mini,33.0,4838,491.55,15.42,.052893,29.309732
1780358141,phi3:mini,34.0,4845,500.11,19.19,.051988,3.906413
1780358146,phi3:mini,34.0,4847,548.70,19.02,.047384,5.255438
1780358151,phi3:mini,33.0,4846,488.72,14.22,.053200,43.793707
1780358195,phi3:mini,33.0,4844,450.29,16.50,.057739,17.568651
1780358213,phi3:mini,33.0,4846,535.39,17.07,.048562,14.000455
1780358227,phi3:mini,32.0,4842,492.71,16.59,.052768,16.750341
1780358244,phi3:mini,33.0,4844,424.57,16.36,.061238,18.391629
1780358262,phi3:mini,33.0,4848,496.97,17.59,.052316,10.797371
1780358273,phi3:mini,33.0,4844,463.52,16.06,.056092,20.847690
1780358294,phi3:mini,32.0,4843,458.59,18.18,.056695,7.146879
1780358302,phi3:mini,33.0,4844,477.22,17.14,.054481,14.112745
1780358316,phi3:mini,33.0,4840,505.97,15.25,.051386,29.965925
1780358346,phi3:mini,33.0,4843,481.74,14.33,.053970,42.834807
1780358389,phi3:mini,33.0,4844,437.15,16.42,.059476,18.320509
1780358408,phi3:mini,30.0,4847,496.17,10.38,.052400,165.712830
1780358574,phi3:mini,32.0,4838,497.82,17.21,.052227,12.196642
1780358586,phi3:mini,33.0,4837,495.54,16.27,.052467,19.665246
1780358606,phi3:mini,32.0,4840,467.97,17.27,.055558,11.230264
1780358617,phi3:mini,33.0,4844,511.14,15.44,.050866,26.871256
1780358645,phi3:mini,30.0,4843,477.83,14.95,.054412,35.572774
1780358680,phi3:mini,34.0,4848,498.35,15.39,.052171,28.188546
1780358709,phi3:mini,32.0,4844,473.18,16.96,.054946,14.385536
1780358723,phi3:mini,32.0,4844,497.84,18.37,.052224,5.606905
1780358729,phi3:mini,33.0,4843,462.69,14.48,.056192,40.745729
1780358770,phi3:mini,30.0,4850,511.41,18.45,.050839,5.202711
1780358775,phi3:mini,33.0,4846,479.40,15.56,.054233,28.266910
1780358804,phi3:mini,34.0,4848,546.29,16.76,.047593,16.879775
1780358821,phi3:mini,33.0,4851,495.04,15.18,.052520,33.523404
1780358855,phi3:mini,33.0,4848,438.96,18.33,.059230,8.291972
1780358863,phi3:mini,33.0,4844,460.65,17.08,.056441,13.990211
1780358877,phi3:mini,32.0,4844,519.54,16.08,.050044,22.319603
1780358900,phi3:mini,33.0,4849,478.11,17.02,.054380,14.568310
1780358914,phi3:mini,34.0,4845,497.68,15.12,.052241,31.941386
1780358947,phi3:mini,33.0,4847,450.72,18.38,.057685,6.147590
1780358953,phi3:mini,33.0,4845,525.16,16.91,.049508,14.133318
1780358967,phi3:mini,34.0,4849,470.57,19.28,.055251,2.643892
1780358970,phi3:mini,33.0,4850,531.47,15.55,.048920,22.824599
1780358993,phi3:mini,32.0,4856,489.48,15.17,.053116,27.932352
1780359021,phi3:mini,33.0,4855,517.46,20.38,.050245,1.030207
1780359022,phi3:mini,34.0,4856,474.77,16.19,.054763,17.356156
1780359040,phi3:mini,30.0,4851,487.92,17.35,.053286,11.004794
1780359051,phi3:mini,34.0,4852,474.71,14.84,.054770,34.428350
1780359086,phi3:mini,33.0,4844,485.64,16.16,.053537,22.026979
1780359108,phi3:mini,33.0,4845,518.80,20.92,.050115,.860178
1780359109,phi3:mini,34.0,4844,530.86,15.99,.048976,23.631848
1780359133,phi3:mini,33.0,4850,492.26,18.14,.052816,7.991186
1780359141,phi3:mini,33.0,4839,515.75,16.33,.050411,18.118487
1780359159,phi3:mini,33.0,4848,481.79,16.21,.053964,17.885647
1780359177,phi3:mini,32.0,4847,506.90,15.05,.051291,29.831187
1780359207,phi3:mini,32.0,4849,511.15,17.06,.050864,12.659511
1780359220,phi3:mini,33.0,4848,503.17,16.57,.051672,16.891952
1780359237,phi3:mini,33.0,4851,545.33,17.98,.047677,9.008295
1780359246,phi3:mini,34.0,4851,532.13,17.45,.048859,14.321963
1780359261,phi3:mini,33.0,4853,483.30,16.43,.053796,20.742658
1780359282,phi3:mini,34.0,4855,472.78,18.73,.054993,5.657701
1780359288,phi3:mini,33.0,4852,476.49,17.27,.054565,12.621352
1780359301,phi3:mini,34.0,4856,494.78,15.18,.052547,28.654560
1780359329,phi3:mini,29.0,4861,542.03,13.94,.047967,46.339384
1780359376,phi3:mini,29.0,4855,497.49,16.44,.052262,17.820651
1780359394,phi3:mini,32.0,4855,514.90,13.28,.050495,61.721427
1780359456,phi3:mini,29.0,4852,521.99,17.36,.049808,12.554055
1780359469,phi3:mini,30.0,4845,497.52,16.04,.052259,22.746056
1780359492,phi3:mini,33.0,4850,486.56,16.46,.053436,17.313130
1780359509,phi3:mini,33.0,4857,465.23,15.94,.055885,21.578366
1780359531,phi3:mini,33.0,4848,465.30,16.64,.055876,16.278818
1780359547,phi3:mini,34.0,4843,437.15,16.61,.059475,14.140038
1780359562,phi3:mini,32.0,4842,461.29,15.66,.056362,22.533274
1780359584,phi3:mini,33.0,4844,532.92,16.91,.048786,14.598709
1780359599,phi3:mini,33.0,4846,512.64,16.91,.050717,14.778469
1780359614,phi3:mini,33.0,4851,539.23,16.94,.048216,13.516723
1780359628,phi3:mini,33.0,4851,447.38,17.21,.058116,13.533953
1780359642,phi3:mini,32.0,4839,549.41,13.59,.047323,52.143547
1780359694,phi3:mini,32.0,4846,435.33,15.17,.059724,30.915055
1780359725,phi3:mini,33.0,4848,463.01,16.68,.056153,14.987806
1780359740,phi3:mini,33.0,4848,507.81,15.38,.051199,28.794764
1780359769,phi3:mini,32.0,4845,519.21,15.57,.050075,25.488489
1780359795,phi3:mini,32.0,4845,506.07,15.56,.051376,22.743854
1780359818,phi3:mini,32.0,4853,481.71,15.58,.053973,25.021135
1780359843,phi3:mini,32.0,4848,488.08,17.37,.053269,14.275833
1780359857,phi3:mini,33.0,4852,451.74,18.69,.057554,4.385804
1780359862,phi3:mini,33.0,4848,475.01,17.29,.054734,12.604463
1780359875,phi3:mini,32.0,4847,515.72,15.86,.050414,22.382832
1780359897,phi3:mini,32.0,4849,553.22,21.00,.046997,.856849
1780359898,phi3:mini,33.0,4850,496.97,18.23,.052316,5.209337
1780359904,phi3:mini,33.0,4854,467.76,18.62,.055583,5.101374
1780359909,phi3:mini,33.0,4850,501.30,13.88,.051865,48.700997
1780359958,phi3:mini,32.0,4856,427.93,17.56,.060756,10.875408
1780359969,phi3:mini,33.0,4854,487.99,16.04,.053279,20.944338
1780359990,phi3:mini,30.0,4849,470.99,17.09,.055201,13.860862
1780360004,phi3:mini,33.0,4851,536.50,16.26,.048461,19.975594
1780360024,phi3:mini,33.0,4850,487.52,20.26,.053331,1.332111
1780360026,phi3:mini,32.0,4843,503.82,16.05,.051605,23.106613
1780360049,phi3:mini,32.0,4847,483.70,18.39,.053751,6.470513
1780360056,phi3:mini,34.0,4847,525.02,18.72,.049521,5.500656
1780360061,phi3:mini,34.0,4847,535.86,14.92,.048520,35.173793
1780360097,phi3:mini,32.0,4855,481.64,12.42,.053981,80.264739
1780360177,phi3:mini,33.0,4855,551.88,14.39,.047111,39.181504
1780360217,phi3:mini,32.0,4855,492.77,15.95,.052762,20.363896
1780360237,phi3:mini,32.0,4858,459.93,17.98,.056529,7.785810
1780360245,phi3:mini,34.0,4858,471.99,16.49,.055085,22.367449
1780360268,phi3:mini,34.0,4849,490.36,16.96,.053021,17.089261
1780360285,phi3:mini,32.0,4849,434.19,17.30,.059881,12.595594
1780360298,phi3:mini,33.0,4848,494.08,18.33,.052622,7.688677
1780360306,phi3:mini,33.0,4845,508.16,17.39,.051164,10.633494
1780360317,phi3:mini,32.0,4848,482.18,15.44,.053921,29.006346
1780360346,phi3:mini,33.0,4854,501.29,18.25,.051865,6.518146
1780360352,phi3:mini,33.0,4852,516.89,15.44,.050300,28.100024
1780360381,phi3:mini,32.0,4852,500.85,16.06,.051911,21.039824
1780360402,phi3:mini,33.0,4850,475.99,15.28,.054622,28.259160
1780360430,phi3:mini,32.0,4849,492.79,16.62,.052759,16.056664
1780360447,phi3:mini,34.0,4845,480.19,14.77,.054144,30.456551
1780360477,phi3:mini,32.0,4849,453.66,20.25,.057310,2.172690
1780360480,phi3:mini,33.0,4850,456.05,16.89,.057010,16.754890
1780360497,phi3:mini,34.0,4855,512.11,16.86,.050769,18.378923
1780360515,phi3:mini,34.0,4858,451.75,16.81,.057553,16.595188
1780360532,phi3:mini,33.0,4851,463.87,17.17,.056050,13.913574
1780360546,phi3:mini,33.0,4855,497.59,17.11,.052251,11.977887
1780360558,phi3:mini,32.0,4855,501.97,14.50,.051795,37.506013
1780360596,phi3:mini,32.0,4848,491.93,15.85,.052852,22.207285
1780360618,phi3:mini,34.0,4841,503.98,15.83,.051589,23.044492
1780360642,phi3:mini,33.0,4851,463.88,14.50,.056047,39.166932
1780360681,phi3:mini,33.0,4846,490.54,18.38,.053002,6.634823
1780360688,phi3:mini,33.0,4847,505.34,17.44,.051449,10.888310
1780360699,phi3:mini,32.0,4848,487.61,17.28,.053320,12.210215
1780360711,phi3:mini,32.0,4847,507.67,17.30,.051213,11.788015
1780360723,phi3:mini,33.0,4845,484.07,17.38,.053710,10.814105
1780360734,phi3:mini,32.0,4844,469.34,18.45,.055396,6.232662
1780360741,phi3:mini,33.0,4842,489.86,15.75,.053075,21.389831
1780360762,phi3:mini,33.0,4847,487.55,18.51,.053327,5.401521
1780360768,phi3:mini,33.0,4846,449.10,17.17,.057892,12.457639
1780360780,phi3:mini,30.0,4848,494.57,10.69,.052570,152.656002
1780360933,phi3:mini,32.0,4849,530.08,16.33,.049048,18.852786
1780360952,phi3:mini,32.0,4840,503.93,15.94,.051593,21.506858
1780360974,phi3:mini,30.0,4846,487.03,16.92,.053384,13.238213
1780360987,phi3:mini,33.0,4841,527.88,15.44,.049253,28.486027
1780361016,phi3:mini,32.0,4852,510.64,17.38,.050915,13.459475
1780361030,phi3:mini,34.0,4846,507.68,15.19,.051212,28.436993
1780361058,phi3:mini,33.0,4845,445.21,16.14,.058398,17.962353
1780361077,phi3:mini,32.0,4849,475.11,16.10,.054723,22.784941
1780361100,phi3:mini,33.0,4846,457.27,16.40,.056858,19.805939
1780361120,phi3:mini,33.0,4846,495.47,15.37,.052474,28.679636
1780361149,phi3:mini,32.0,4844,492.84,16.89,.052754,14.089275
1780361163,phi3:mini,33.0,4844,467.95,16.30,.055560,16.741220
1780361180,phi3:mini,33.0,4845,439.66,15.77,.059135,24.214507
1780361204,phi3:mini,32.0,4840,494.59,14.47,.052568,43.583771
1780361248,phi3:mini,32.0,4841,492.87,16.03,.052751,24.509819
1780361273,phi3:mini,33.0,4842,514.72,14.05,.050512,47.440113
1780361320,phi3:mini,32.0,4849,505.84,19.15,.051399,3.236397
1780361324,phi3:mini,34.0,4848,512.77,16.78,.050704,13.522167
1780361337,phi3:mini,32.0,4850,543.39,17.35,.047847,12.909454
1780361350,phi3:mini,33.0,4852,470.80,16.12,.055224,21.020193
1780361372,phi3:mini,33.0,4854,459.99,16.10,.056522,20.928284
1780361393,phi3:mini,33.0,4845,463.59,15.88,.056083,26.120663
1780361419,phi3:mini,33.0,4851,530.74,15.74,.048987,26.233634
1780361446,phi3:mini,32.0,4852,485.85,16.03,.053513,20.138729
1780361466,phi3:mini,33.0,4857,497.88,15.96,.052220,22.553195
1780361489,phi3:mini,32.0,4854,476.59,15.22,.054553,29.820515
1780361519,phi3:mini,33.0,4854,566.64,14.88,.045884,33.392215
1780361552,phi3:mini,33.0,4845,483.69,17.06,.053752,15.998715
1780361568,phi3:mini,33.0,4842,442.09,16.65,.058811,18.127417
1780361587,phi3:mini,33.0,4848,490.65,15.85,.052990,21.953396
1780361609,phi3:mini,30.0,4843,542.19,16.49,.047953,16.909467
1780361626,phi3:mini,33.0,4846,489.38,15.45,.053128,25.422689
1780361652,phi3:mini,33.0,4845,530.62,17.04,.048998,12.789047
1780361665,phi3:mini,33.0,4841,469.02,16.13,.055434,20.020796
1780361685,phi3:mini,33.0,4846,477.94,15.47,.054399,26.811210
1780361712,phi3:mini,33.0,4852,486.60,13.89,.053431,54.857077
1780361767,phi3:mini,33.0,4852,522.11,16.60,.049797,19.272790
1780361786,phi3:mini,32.0,4841,509.56,14.70,.051023,38.754548
1780361825,phi3:mini,32.0,4836,545.12,16.65,.047695,16.814822
1780361842,phi3:mini,30.0,4839,485.86,15.43,.053512,29.610905
1780361872,phi3:mini,30.0,4851,474.21,17.26,.054827,13.203819
1780361885,phi3:mini,34.0,4847,518.18,17.50,.050175,10.680142
1780361896,phi3:mini,33.0,4848,541.30,17.64,.048031,7.935357
1780361904,phi3:mini,33.0,4850,487.97,14.63,.053281,35.796408
1780361940,phi3:mini,32.0,4846,471.70,16.23,.055119,17.183939
1780361958,phi3:mini,32.0,4852,509.76,17.50,.051003,11.311121
1780361969,phi3:mini,33.0,4844,498.43,16.02,.052163,20.846805
1780361990,phi3:mini,32.0,4851,472.72,19.03,.055000,4.202975
1780361995,phi3:mini,33.0,4848,476.22,16.03,.054595,21.958546
1780362017,phi3:mini,32.0,4843,452.72,19.36,.057429,2.530618
1780362020,phi3:mini,33.0,4844,473.80,16.80,.054875,13.802238
1780362034,phi3:mini,33.0,4877,451.26,21.27,.057615,.611013
1780362034,phi3:mini,33.0,4877,486.50,16.84,.053441,14.659899
1780362049,phi3:mini,34.0,4878,489.14,16.52,.053154,17.550951
1780362067,phi3:mini,30.0,4883,508.65,16.09,.051114,20.501358
1780362088,phi3:mini,30.0,4873,496.49,15.21,.052367,28.524745
1780362116,phi3:mini,33.0,4867,516.74,17.73,.050315,9.473583
1780362126,phi3:mini,33.0,4874,476.23,16.35,.054594,19.934050
1780362146,phi3:mini,33.0,4879,536.44,15.96,.048467,22.368120
1780362169,phi3:mini,32.0,4862,512.34,16.00,.050746,22.994687
1780362192,phi3:mini,30.0,4863,533.58,15.45,.048727,24.977297
1780362217,phi3:mini,32.0,4858,471.44,15.16,.055149,31.463348
1780362249,phi3:mini,32.0,4845,549.80,16.83,.047289,15.922675
1780362265,phi3:mini,32.0,4856,473.79,17.52,.054875,12.379517
1780362277,phi3:mini,33.0,4840,551.79,16.84,.047118,14.662296
1780362292,phi3:mini,33.0,4846,448.39,19.44,.057984,2.314042
1780362295,phi3:mini,33.0,4844,504.46,16.84,.051539,16.681331
1780362311,phi3:mini,32.0,4853,509.82,17.45,.050997,10.945174
1780362323,phi3:mini,33.0,4850,489.56,15.88,.053108,21.470802
1780362344,phi3:mini,33.0,4845,527.56,18.56,.049282,8.132489
1780362353,phi3:mini,33.0,4844,513.00,18.99,.050682,5.001753
1780362358,phi3:mini,34.0,4845,531.57,16.55,.048911,19.323800
1780362377,phi3:mini,33.0,4845,508.28,18.72,.051152,6.567046
1780362384,phi3:mini,32.0,4842,468.35,19.35,.055513,3.099566
1780362387,phi3:mini,34.0,4844,458.72,18.66,.056679,6.107912
1780362393,phi3:mini,34.0,4839,502.73,19.89,.051717,2.614239
1780362396,phi3:mini,34.0,4841,476.67,16.28,.054544,19.402956
1780362416,phi3:mini,32.0,4836,549.43,17.37,.047321,12.141263
1780362428,phi3:mini,30.0,4836,506.07,17.33,.051376,12.689608
1780362441,phi3:mini,32.0,4841,515.96,16.61,.050390,14.804499
1780362456,phi3:mini,33.0,4840,467.00,17.11,.055674,13.670585
1780362470,phi3:mini,33.0,4842,536.00,17.27,.048507,13.836197
1780362484,phi3:mini,32.0,4845,540.58,17.49,.048096,12.461965
1780362496,phi3:mini,33.0,4865,447.63,16.61,.058083,13.960675
1780362511,phi3:mini,33.0,4984,453.15,14.63,.057374,36.693526
1780362547,phi3:mini,32.0,4850,493.48,18.04,.052687,7.923359
1780362556,phi3:mini,33.0,4853,569.83,17.18,.045626,13.559364
1780362569,phi3:mini,33.0,4846,513.02,15.42,.050680,27.417104
1780362597,phi3:mini,32.0,4847,513.48,15.19,.050634,33.564160
1780362631,phi3:mini,32.0,4845,527.47,15.63,.049291,24.498841
1780362655,phi3:mini,30.0,4842,446.13,17.20,.058278,12.209173
1780362668,phi3:mini,33.0,4845,458.10,17.16,.056755,12.640417
1780362681,phi3:mini,33.0,4845,530.71,17.13,.048990,12.197857
1780362693,phi3:mini,33.0,4843,465.30,17.13,.055877,13.536158
1780362707,phi3:mini,30.0,4847,465.87,17.08,.055808,13.811223
1780362721,phi3:mini,32.0,4848,408.97,16.86,.063574,17.433552
1780362738,phi3:mini,32.0,4845,488.25,9.26,.053250,288.901262
1780363028,phi3:mini,32.0,4839,524.74,15.91,.049548,23.504946
1780363051,phi3:mini,32.0,4844,510.84,16.71,.050895,17.166918
1780363069,phi3:mini,33.0,4847,541.92,16.53,.047976,15.908183
1780363085,phi3:mini,33.0,4848,498.60,17.71,.052146,9.203087
1780363094,phi3:mini,33.0,4842,493.41,20.81,.052693,.864719
1780363095,phi3:mini,34.0,4837,504.46,18.78,.051539,5.322060
1780363101,phi3:mini,32.0,4839,512.15,15.51,.050765,27.460909
1780363128,phi3:mini,32.0,4842,411.68,16.62,.063154,16.483858
1780363145,phi3:mini,33.0,4844,517.73,16.45,.050218,18.416520
1780363163,phi3:mini,34.0,4848,462.29,19.75,.056241,1.063245
1780363165,phi3:mini,33.0,4847,505.78,14.24,.051405,40.649285
1780363206,phi3:mini,32.0,4845,467.35,15.96,.055632,22.424530
1780363228,phi3:mini,32.0,4846,466.74,18.78,.055705,3.514315
1780363232,phi3:mini,34.0,4840,537.88,16.91,.048337,14.897337
1780363247,phi3:mini,33.0,4839,513.86,15.37,.050597,28.230999
1780363275,phi3:mini,32.0,4839,438.12,16.52,.059343,18.699050
1780363294,phi3:mini,33.0,4842,501.84,15.77,.051808,20.602768
1780363315,phi3:mini,32.0,4845,488.46,16.96,.053228,13.967248
1780363329,phi3:mini,34.0,4847,492.26,17.04,.052816,18.071288
1780363347,phi3:mini,33.0,4842,504.31,14.64,.051555,40.421563
1780363388,phi3:mini,33.0,4847,522.61,16.81,.049749,17.250543
1780363406,phi3:mini,32.0,4844,441.67,19.90,.058866,2.462197
1780363408,phi3:mini,33.0,4843,497.44,19.49,.052267,2.205838
1780363411,phi3:mini,32.0,4845,512.13,14.20,.050767,42.439080
1780363453,phi3:mini,32.0,4847,546.68,19.41,.047559,2.472837
1780363456,phi3:mini,33.0,4843,539.99,18.93,.048148,4.172017
1780363460,phi3:mini,33.0,4845,475.58,15.63,.054669,21.744345
1780363482,phi3:mini,33.0,4841,514.99,16.56,.050485,16.240896
1780363499,phi3:mini,34.0,4841,473.56,15.73,.054902,23.138299
1780363522,phi3:mini,32.0,4848,489.03,16.67,.053166,18.168758
1780363540,phi3:mini,33.0,4843,482.77,20.26,.053855,1.036275
1780363541,phi3:mini,32.0,4842,567.58,18.39,.045808,5.163571
1780363547,phi3:mini,34.0,4848,482.62,17.02,.053872,13.565597
1780363560,phi3:mini,33.0,4849,476.10,16.75,.054609,14.982527
1780363576,phi3:mini,32.0,4848,519.79,15.05,.050019,32.023600
1780363608,phi3:mini,32.0,4841,466.16,18.62,.055773,5.316848
1780363613,phi3:mini,33.0,4842,499.44,17.64,.052057,11.561060
1780363625,phi3:mini,33.0,4842,502.42,18.42,.051749,7.596827
1780363633,phi3:mini,33.0,4839,497.11,18.89,.052301,4.340247
1780363637,phi3:mini,34.0,4838,485.17,16.34,.053588,17.623807
1780363655,phi3:mini,30.0,4838,465.45,17.07,.055859,12.533192
1780363668,phi3:mini,33.0,4840,481.81,15.28,.053962,28.720044
1780363697,phi3:mini,32.0,4844,460.82,15.12,.056420,28.830375
1780363726,phi3:mini,32.0,4844,470.66,15.81,.055240,23.710501
1780363750,phi3:mini,32.0,4842,465.05,16.96,.055907,12.846310
1780363763,phi3:mini,32.0,4844,514.86,16.95,.050498,14.509067
1780363777,phi3:mini,33.0,4843,512.87,14.27,.050694,41.262670
1780363819,phi3:mini,32.0,4838,501.84,17.63,.051808,11.905540
1780363831,phi3:mini,34.0,4840,488.20,17.04,.053256,14.551786
1780363846,phi3:mini,33.0,4837,467.72,16.09,.055588,22.113633
1780363868,phi3:mini,34.0,4842,486.68,14.22,.053422,42.667089
1780363911,phi3:mini,33.0,4849,456.87,16.76,.056908,15.565333
1780363927,phi3:mini,33.0,4847,506.44,16.27,.051338,17.817410
1780363945,phi3:mini,32.0,4843,501.05,15.51,.051890,24.242257
1780363969,phi3:mini,32.0,4851,418.58,16.70,.062113,14.783254
1780363984,phi3:mini,33.0,4847,470.14,18.70,.055301,6.253390
1780363990,phi3:mini,33.0,4842,530.46,15.90,.049013,22.450120
1780364013,phi3:mini,34.0,4842,497.41,17.17,.052269,16.772591
1780364030,phi3:mini,34.0,4844,446.26,17.15,.058261,14.632753
1780364045,phi3:mini,34.0,4846,470.46,16.28,.055264,21.001217
1780364066,phi3:mini,33.0,4844,498.38,19.66,.052168,2.491938
1780364069,phi3:mini,34.0,4846,489.65,14.15,.053098,43.949686
1780364113,phi3:mini,33.0,4838,504.23,19.80,.051563,1.514538
1780364115,phi3:mini,34.0,4843,520.06,15.26,.049993,28.962404
1780364144,phi3:mini,34.0,4839,488.92,15.91,.053178,22.185400
1780364166,phi3:mini,33.0,4844,452.54,17.00,.057452,13.940765
1780364180,phi3:mini,34.0,4849,468.56,19.19,.055488,4.271708
1780364185,phi3:mini,30.0,4845,466.74,15.87,.055704,23.054472
1780364208,phi3:mini,32.0,4846,468.42,17.12,.055505,12.789216
1780364221,phi3:mini,32.0,4846,490.07,15.42,.053053,28.652996
1780364250,phi3:mini,33.0,4844,464.93,15.12,.055921,30.282045
1780364280,phi3:mini,29.0,4843,463.21,16.60,.056130,17.705922
1780364298,phi3:mini,33.0,4842,483.38,16.51,.053786,16.047721
1780364314,phi3:mini,33.0,4844,515.76,15.29,.050410,28.368098
1780364343,phi3:mini,32.0,4841,515.49,16.13,.050436,19.150518
1780364362,phi3:mini,32.0,4843,468.81,15.17,.055458,32.610771
1780364395,phi3:mini,32.0,4838,522.54,15.95,.049756,27.196258
1780364423,phi3:mini,32.0,4839,479.37,18.87,.054237,5.191245
1780364428,phi3:mini,33.0,4845,523.36,15.09,.049678,29.014509
1780364457,phi3:mini,32.0,4846,508.71,16.18,.051108,18.163364
1780364475,phi3:mini,32.0,4842,508.05,20.63,.051175,.629926
1780364476,phi3:mini,32.0,4844,502.19,16.63,.051772,16.468109
1780364493,phi3:mini,33.0,4845,494.74,20.67,.052551,1.015661
1780364494,phi3:mini,34.0,4844,453.07,15.42,.057385,27.609178
1780364522,phi3:mini,33.0,4847,492.80,16.21,.052759,19.794826
1780364542,phi3:mini,33.0,4850,465.82,17.81,.055815,11.061136
1780364553,phi3:mini,33.0,4848,465.14,15.14,.055896,33.810690
1780364587,phi3:mini,32.0,4844,492.23,14.87,.052820,31.790214
1780364619,phi3:mini,32.0,4847,495.56,15.27,.052465,28.419802
1780364648,phi3:mini,33.0,4851,446.36,16.08,.058248,21.946572
1780364670,phi3:mini,33.0,4851,529.35,20.13,.049116,1.092583
1780364671,phi3:mini,33.0,4851,483.47,16.19,.053777,18.404824
1780364690,phi3:mini,33.0,4848,498.62,16.75,.052142,16.653809
1780364707,phi3:mini,33.0,4848,484.94,17.13,.053614,13.484671
1780364720,phi3:mini,33.0,4849,508.28,18.99,.051152,3.580393
1780364724,phi3:mini,30.0,4848,479.08,13.74,.054269,46.344957
1780364771,phi3:mini,33.0,4844,483.08,17.16,.053820,14.274861
1780364785,phi3:mini,32.0,4852,520.91,16.27,.049912,22.673752
1780364808,phi3:mini,32.0,4846,535.44,16.65,.048557,17.587493
1780364826,phi3:mini,32.0,4846,482.10,14.33,.053929,39.545234
1780364865,phi3:mini,32.0,4848,479.30,16.56,.054245,15.760112
1780364881,phi3:mini,33.0,4850,504.65,18.61,.051520,5.104126
1780364887,phi3:mini,33.0,4853,502.28,15.49,.051763,24.911772
1780364912,phi3:mini,32.0,4847,462.37,19.01,.056231,4.260044
1780364916,phi3:mini,33.0,4847,448.21,14.05,.058008,44.127423
1780364961,phi3:mini,32.0,4848,526.99,15.93,.049336,23.532567
1780364984,phi3:mini,32.0,4849,506.44,16.54,.051337,17.229399
1780365002,phi3:mini,33.0,4848,460.53,14.83,.056456,34.638701
1780365037,phi3:mini,33.0,4848,440.64,16.24,.059003,18.592087
1780365055,phi3:mini,33.0,4846,504.78,13.63,.051507,48.926554
1780365104,phi3:mini,32.0,4847,465.55,16.82,.055846,14.859128
1780365119,phi3:mini,33.0,4841,462.08,14.85,.056266,34.264364
1780365154,phi3:mini,32.0,4840,536.02,15.60,.048504,28.253655
1780365182,phi3:mini,32.0,4843,524.89,18.90,.049533,3.385256
1780365186,phi3:mini,34.0,4837,473.33,18.28,.054929,6.561223
1780365193,phi3:mini,34.0,4840,500.03,19.55,.051996,2.710313
1780365196,phi3:mini,34.0,4845,519.26,15.19,.050070,28.167891
1780365224,phi3:mini,32.0,4847,482.24,17.30,.053913,12.137248
1780365236,phi3:mini,32.0,4850,507.31,14.48,.051249,39.274630
1780365276,phi3:mini,32.0,4850,505.26,17.42,.051458,10.961917
1780365287,phi3:mini,33.0,4850,484.86,16.77,.053622,16.209995
1780365303,phi3:mini,32.0,4854,462.92,15.74,.056164,23.181351
1780365327,phi3:mini,32.0,4848,476.94,14.51,.054513,39.192834
1780365366,phi3:mini,32.0,4850,456.40,17.07,.056967,13.003994
1780365379,phi3:mini,34.0,4845,480.69,16.52,.054087,17.005608
1780365396,phi3:mini,33.0,4850,509.33,15.32,.051047,28.445189
1780365425,phi3:mini,33.0,4851,447.07,15.73,.058156,24.272291
1780365449,phi3:mini,30.0,4848,502.37,18.91,.051754,5.023361
1780365455,phi3:mini,33.0,4844,532.72,16.58,.048806,15.673922
1780365470,phi3:mini,33.0,4845,442.10,15.52,.058809,26.021656
1780365497,phi3:mini,32.0,4848,518.06,15.60,.050186,27.752463
1780365525,phi3:mini,32.0,4844,477.14,17.62,.054490,11.346650
1780365536,phi3:mini,33.0,4847,472.24,17.56,.055056,11.157126
1780365548,phi3:mini,32.0,4847,481.19,16.46,.054031,17.365644
1780365565,phi3:mini,33.0,4844,500.39,13.71,.051958,53.519867
1780365619,phi3:mini,34.0,4849,492.30,17.34,.052812,12.167937
1780365631,phi3:mini,33.0,4846,520.29,14.80,.049971,34.715309
1780365666,phi3:mini,33.0,4843,487.29,16.48,.053355,16.982849
1780365683,phi3:mini,33.0,4842,456.39,15.21,.056968,31.290079
1780365715,phi3:mini,33.0,4841,536.73,18.34,.048440,5.179595
1780365720,phi3:mini,34.0,4842,488.15,18.51,.053262,4.753049
1780365725,phi3:mini,33.0,4844,424.53,16.31,.061242,19.004149
1780365744,phi3:mini,33.0,4845,550.46,16.14,.047233,22.298287
1780365767,phi3:mini,33.0,4837,523.74,15.25,.049642,33.494042
1780365800,phi3:mini,34.0,4843,468.30,17.42,.055519,11.994615
1780365813,phi3:mini,33.0,4845,456.83,17.99,.056913,7.835198
1780365821,phi3:mini,33.0,4844,492.07,15.14,.052837,34.142281
1780365855,phi3:mini,33.0,4847,500.89,17.25,.051906,12.114729
1780365867,phi3:mini,33.0,4847,492.43,16.30,.052798,17.974695
1780365885,phi3:mini,33.0,4844,520.06,19.53,.049993,2.456937
1780365888,phi3:mini,34.0,4844,504.43,17.25,.051542,11.993861
1780365900,phi3:mini,34.0,4847,489.17,20.18,.053150,1.386952
1780365902,phi3:mini,34.0,4849,493.94,16.71,.052637,16.630846
1780365919,phi3:mini,33.0,4840,501.20,15.65,.051875,23.827971
1780365943,phi3:mini,34.0,4844,446.27,13.79,.058259,49.589316
1780365992,phi3:mini,32.0,4845,478.27,15.73,.054361,25.295539
1780366018,phi3:mini,33.0,4844,509.22,15.50,.051057,24.249437
1780366042,phi3:mini,32.0,4840,496.31,15.36,.052385,28.515098
1780366071,phi3:mini,32.0,4843,435.21,17.28,.059740,14.003841
1780366085,phi3:mini,33.0,4842,484.02,16.92,.053716,17.433959
1780366103,phi3:mini,34.0,4846,411.41,16.46,.063195,19.862543
1780366123,phi3:mini,34.0,4844,501.29,16.64,.051865,19.771085
1780366143,phi3:mini,33.0,4839,443.86,15.98,.058576,22.268666
1780366165,phi3:mini,33.0,4845,514.25,16.46,.050558,17.612553
1780366183,phi3:mini,34.0,4847,555.23,16.11,.046826,19.170820
1780366202,phi3:mini,33.0,4844,523.88,17.06,.049629,12.126689
1780366215,phi3:mini,34.0,4848,485.91,17.38,.053507,11.043294
1780366226,phi3:mini,34.0,4850,484.65,15.75,.053645,23.428460
1780366250,phi3:mini,32.0,4848,466.63,10.29,.055718,170.693272
1780366421,phi3:mini,32.0,4855,431.08,13.08,.060312,61.354852
1780366482,phi3:mini,32.0,4854,524.34,16.71,.049586,19.438192
1780366502,phi3:mini,33.0,4854,475.96,17.76,.054626,11.542339
1780366514,phi3:mini,32.0,4850,532.85,19.12,.048793,4.131315
1780366518,phi3:mini,34.0,4852,537.04,16.45,.048413,21.998786
1780366540,phi3:mini,33.0,4851,481.13,17.68,.054038,10.798294
1780366551,phi3:mini,32.0,4853,498.46,17.73,.052160,10.205570
1780366561,phi3:mini,33.0,4853,508.68,14.17,.051112,45.361554
1780366607,phi3:mini,29.0,4856,473.78,17.42,.054877,12.049983
1780366619,phi3:mini,33.0,4849,470.71,18.95,.055235,4.642865
1780366624,phi3:mini,34.0,4854,532.82,16.49,.048796,16.493743
1780366641,phi3:mini,32.0,4853,435.70,18.38,.059673,7.615591
1780366648,phi3:mini,34.0,4852,476.34,12.54,.054582,73.167965
1780366722,phi3:mini,32.0,4853,478.39,15.62,.054348,29.501689
1780366752,phi3:mini,34.0,4850,484.91,17.06,.053617,15.529832
1780366767,phi3:mini,34.0,4848,505.99,17.50,.051383,10.742594
1780366778,phi3:mini,33.0,4844,553.86,16.01,.046943,20.295580
1780366799,phi3:mini,33.0,4844,457.62,17.38,.056815,11.275420
1780366810,phi3:mini,34.0,4848,432.73,16.53,.060083,17.357011
1780366828,phi3:mini,32.0,4852,475.53,15.44,.054675,26.350074
1780366854,phi3:mini,32.0,4853,488.79,18.93,.053192,4.488475
1780366859,phi3:mini,34.0,4848,500.97,16.86,.051899,14.230951
1780366873,phi3:mini,33.0,4846,446.98,15.84,.058167,20.513076
1780366894,phi3:mini,32.0,4849,461.94,14.42,.056283,39.645451
1780366934,phi3:mini,33.0,4854,465.69,16.18,.055830,20.079441
1780366954,phi3:mini,33.0,4848,471.72,17.08,.055116,12.757438
1780366967,phi3:mini,32.0,4850,518.03,18.43,.050189,7.540596
1780366975,phi3:mini,32.0,4847,538.88,17.75,.048247,13.182734
1780366988,phi3:mini,33.0,4850,539.75,19.61,.048169,3.415801
1780366992,phi3:mini,32.0,4850,486.60,18.02,.053431,9.042908
1780367001,phi3:mini,32.0,4850,477.45,16.25,.054455,21.898271
1780367023,phi3:mini,32.0,4853,431.41,16.41,.060266,19.186860
1780367042,phi3:mini,33.0,4851,496.24,15.56,.052393,25.499105
1780367068,phi3:mini,32.0,4851,511.52,18.75,.050828,4.798078
1780367073,phi3:mini,33.0,4852,495.81,15.41,.052438,27.705088
1780367101,phi3:mini,32.0,4850,470.69,16.29,.055237,17.975696
1780367119,phi3:mini,32.0,4852,508.95,15.60,.051085,27.369137
1780367147,phi3:mini,33.0,4851,518.87,14.86,.050108,34.180295
1780367181,phi3:mini,32.0,4852,522.20,15.81,.049788,21.557841
1780367203,phi3:mini,32.0,4855,431.77,17.84,.060217,9.416727
1780367212,phi3:mini,33.0,4854,542.35,13.86,.047939,45.566469
1780367258,phi3:mini,32.0,4855,504.91,18.25,.051493,6.189815
1780367265,phi3:mini,34.0,4854,475.39,15.41,.054691,28.087636
1780367293,phi3:mini,32.0,4859,489.87,15.81,.053074,22.827833
1780367316,phi3:mini,29.0,4853,440.11,14.80,.059075,35.471018
1780367352,phi3:mini,32.0,4853,459.91,14.93,.056532,33.802944
1780367386,phi3:mini,32.0,4853,487.75,15.16,.053304,30.265757
1780367416,phi3:mini,33.0,4859,466.58,17.43,.055724,11.760977
1780367428,phi3:mini,32.0,4850,474.26,16.67,.054821,17.150007
1780367445,phi3:mini,29.0,4841,496.16,15.34,.052401,28.279675
1780367474,phi3:mini,29.0,4841,517.16,16.83,.050274,13.365104
1780367487,phi3:mini,34.0,4842,512.53,14.67,.050728,37.412644
1780367525,phi3:mini,32.0,4845,481.11,17.66,.054040,12.338292
1780367538,phi3:mini,33.0,4847,520.02,15.95,.049997,24.571670
1780367562,phi3:mini,32.0,4844,504.70,18.22,.051515,7.626771
1780367570,phi3:mini,33.0,4850,516.65,18.97,.050323,4.216621
1780367574,phi3:mini,32.0,4849,525.98,16.49,.049430,20.556748
1780367595,phi3:mini,32.0,4848,423.67,17.05,.061368,13.782600
1780367609,phi3:mini,33.0,4849,480.92,17.34,.054062,13.373969
1780367623,phi3:mini,33.0,4845,473.76,16.39,.054879,17.806470
1780367641,phi3:mini,33.0,4846,451.04,19.44,.057643,2.520445
1780367643,phi3:mini,33.0,4849,493.82,15.26,.052650,30.914223
1780367675,phi3:mini,32.0,4857,554.58,16.52,.046881,19.667987
1780367694,phi3:mini,32.0,4856,421.79,20.77,.061641,1.059081
1780367696,phi3:mini,33.0,4855,432.33,16.05,.060138,22.171547
1780367718,phi3:mini,32.0,4842,469.35,17.36,.055395,13.647997
1780367732,phi3:mini,29.0,4841,486.31,16.64,.053463,17.245933
1780367749,phi3:mini,33.0,4841,515.69,15.35,.050417,28.842644
1780367778,phi3:mini,32.0,4853,503.56,15.83,.051631,23.053009
1780367802,phi3:mini,33.0,4850,450.62,18.71,.057697,5.022833
1780367807,phi3:mini,33.0,4851,523.28,15.63,.049686,28.658307
1780367836,phi3:mini,33.0,4850,508.22,16.90,.051158,13.902583
1780367850,phi3:mini,33.0,4846,541.47,15.57,.048017,27.667551
1780367878,phi3:mini,32.0,4853,538.93,19.22,.048243,2.289083
1780367880,phi3:mini,32.0,4850,508.46,17.22,.051133,13.878782
1780367894,phi3:mini,32.0,4847,488.45,15.08,.053228,29.964408
1780367924,phi3:mini,32.0,4853,504.85,16.10,.051499,21.917711
1780367946,phi3:mini,33.0,4852,477.54,14.77,.054444,33.982961
1780367981,phi3:mini,32.0,4843,487.61,18.52,.053320,6.153053
1780367987,phi3:mini,33.0,4846,522.60,16.14,.049750,18.143367
1780368005,phi3:mini,33.0,4846,463.77,15.37,.056061,28.097462
1780368033,phi3:mini,33.0,4847,470.77,16.23,.055228,20.135701
1780368054,phi3:mini,33.0,4847,464.12,17.36,.056019,13.130694
1780368067,phi3:mini,32.0,4847,493.28,16.89,.052708,14.556841
1780368082,phi3:mini,34.0,4855,501.39,15.01,.051855,32.823774
1780368115,phi3:mini,32.0,4844,422.10,14.75,.061596,33.809153
1780368149,phi3:mini,32.0,4849,478.37,15.58,.054350,26.888930
1780368176,phi3:mini,32.0,4852,498.72,17.48,.052132,10.865590
1780368187,phi3:mini,32.0,4850,527.63,15.88,.049276,23.101876
1780368210,phi3:mini,32.0,4848,464.18,17.39,.056012,12.011786
1780368223,phi3:mini,31.0,4845,475.22,16.79,.054710,17.271426
1780368240,phi3:mini,34.0,4844,495.00,17.41,.052525,14.352544
1780368254,phi3:mini,34.0,4835,486.21,13.34,.053473,59.588025
1780368314,phi3:mini,32.0,4840,470.57,16.06,.055251,19.423320
1780368334,phi3:mini,32.0,4845,481.03,18.93,.054050,4.435568
1780368339,phi3:mini,33.0,4843,488.91,15.60,.053179,23.769414
1780368363,phi3:mini,32.0,4840,489.85,16.50,.053077,15.932003
1780368379,phi3:mini,33.0,4844,479.56,16.84,.054215,16.382590
1780368395,phi3:mini,34.0,4848,465.44,16.56,.055860,21.244201
1780368417,phi3:mini,33.0,4843,537.50,15.68,.048371,26.462592
1780368443,phi3:mini,32.0,4846,458.23,17.00,.056739,14.580123
1780368458,phi3:mini,34.0,4842,454.28,15.49,.057233,27.495166
1780368486,phi3:mini,33.0,4844,509.31,16.69,.051048,16.293907
1780368502,phi3:mini,34.0,4837,460.79,16.09,.056423,25.346239
1780368528,phi3:mini,33.0,4835,450.87,15.57,.057665,29.091971
1780368557,phi3:mini,30.0,4834,496.44,16.55,.052372,18.237653
1780368575,phi3:mini,34.0,4836,496.93,15.79,.052321,21.594925
1780368597,phi3:mini,33.0,4848,487.33,17.27,.053351,13.659189
1780368611,phi3:mini,33.0,4837,556.07,15.79,.046756,23.744787
1780368635,phi3:mini,33.0,4840,500.13,15.74,.051985,23.687532
1780368659,phi3:mini,32.0,4847,527.42,17.43,.049296,11.643898
1780368671,phi3:mini,34.0,4835,498.16,15.99,.052191,21.818663
1780368693,phi3:mini,33.0,4844,493.57,15.71,.052676,22.398180
1780368715,phi3:mini,33.0,4844,480.17,18.50,.054146,4.540230
1780368720,phi3:mini,34.0,4848,479.75,15.13,.054193,30.270500
1780368751,phi3:mini,33.0,4851,463.59,16.84,.056083,15.022546
1780368766,phi3:mini,32.0,4848,466.67,16.80,.055713,14.519473
1780368780,phi3:mini,32.0,4855,447.79,14.44,.058062,40.358023
1780368821,phi3:mini,32.0,4852,467.03,14.59,.055670,37.624480
1780368859,phi3:mini,32.0,4849,485.61,16.46,.053539,16.337184
1780368875,phi3:mini,32.0,4855,504.01,15.09,.051586,31.796019
1780368907,phi3:mini,32.0,4852,540.27,18.99,.048123,3.526871
1780368911,phi3:mini,33.0,4852,469.74,17.05,.055348,12.902022
1780368924,phi3:mini,33.0,4841,503.93,16.41,.051594,20.955598
1780368945,phi3:mini,33.0,4846,486.97,18.06,.053390,10.184837
1780368956,phi3:mini,34.0,4850,500.92,17.91,.051904,8.317766
1780368964,phi3:mini,34.0,4846,493.11,15.28,.052725,30.038561
1780368994,phi3:mini,32.0,4847,512.91,15.42,.050690,26.455639
1780369021,phi3:mini,32.0,4845,490.92,16.85,.052961,13.938571
1780369035,phi3:mini,33.0,4852,487.28,15.27,.053356,27.952170
1780369063,phi3:mini,33.0,4846,468.30,21.63,.055519,.600978
1780369064,phi3:mini,33.0,4845,489.75,18.89,.053087,4.182067
1780369068,phi3:mini,32.0,4850,523.45,15.09,.049669,29.475007
1780369098,phi3:mini,33.0,4840,519.14,16.15,.050082,20.608771
1780369119,phi3:mini,32.0,4846,540.30,16.04,.048121,23.428214
1780369142,phi3:mini,34.0,4841,473.47,16.59,.054912,20.009078
1780369163,phi3:mini,33.0,4834,469.05,16.87,.055430,14.166613
1780369177,phi3:mini,31.0,4841,566.59,15.17,.045888,31.364402
1780369209,phi3:mini,33.0,4829,466.90,16.53,.055686,17.537000
1780369226,phi3:mini,34.0,4837,480.90,17.54,.054065,9.064873
1780369236,phi3:mini,34.0,4872,508.00,18.73,.051180,4.697528
1780369240,phi3:mini,34.0,4875,487.86,16.00,.053293,20.552443
1780369261,phi3:mini,33.0,4870,472.86,16.85,.054983,16.253547
1780369278,phi3:mini,33.0,4837,528.83,16.54,.049164,18.741304
1780369296,phi3:mini,33.0,4844,479.68,15.06,.054201,32.992939
1780369330,phi3:mini,32.0,4843,502.11,15.84,.051780,23.606424
1780369353,phi3:mini,32.0,4851,410.10,14.62,.063397,37.408751
1780369391,phi3:mini,32.0,4843,462.48,18.49,.056218,5.137334
1780369396,phi3:mini,33.0,4842,440.28,15.64,.059052,24.995776
1780369422,phi3:mini,32.0,4850,453.98,16.13,.057270,26.339552
1780369448,phi3:mini,33.0,4851,498.32,19.28,.052175,4.148193
1780369452,phi3:mini,33.0,4851,550.62,15.60,.047219,32.170799
1780369485,phi3:mini,29.0,4853,524.03,17.65,.049614,10.875476
1780369496,phi3:mini,33.0,4850,516.84,15.89,.050305,21.641292
1780369518,phi3:mini,33.0,4849,484.25,16.38,.053690,17.945376
1780369536,phi3:mini,32.0,4844,493.37,18.08,.052698,7.740406
1780369544,phi3:mini,33.0,4842,527.72,16.99,.049267,13.765060
1780369558,phi3:mini,33.0,4841,443.48,16.91,.058627,16.557268
1780369574,phi3:mini,31.0,4847,468.78,17.14,.055462,11.138427
1780369586,phi3:mini,33.0,4847,468.92,17.02,.055446,14.213878
1780369600,phi3:mini,32.0,4844,460.34,18.25,.056479,6.518771
1780369607,phi3:mini,34.0,4848,473.05,16.13,.054962,18.845203
1780369626,phi3:mini,32.0,4847,491.70,14.84,.052877,33.070433
1780369659,phi3:mini,32.0,4852,501.79,17.60,.051813,11.246697
1780369670,phi3:mini,32.0,4852,498.81,18.50,.052123,5.351313
1780369676,phi3:mini,33.0,4852,507.28,16.83,.051253,15.025837
1780369691,phi3:mini,33.0,4853,513.36,17.38,.050646,12.254780
1780369704,phi3:mini,33.0,4854,492.97,18.32,.052741,6.058834
1780369710,phi3:mini,33.0,4853,476.19,16.24,.054600,19.877086
1780369730,phi3:mini,33.0,4854,525.06,16.43,.049517,18.068851
1780369748,phi3:mini,32.0,4853,477.40,17.51,.054461,9.365942
1780369758,phi3:mini,33.0,4853,503.35,16.01,.051653,21.411882
1780369779,phi3:mini,30.0,4838,503.66,16.84,.051621,15.378626
1780369795,phi3:mini,33.0,4837,518.27,14.86,.050166,33.505238
1780369829,phi3:mini,32.0,4843,495.44,18.11,.052478,6.956668
1780369836,phi3:mini,33.0,4845,496.63,15.33,.052351,27.513917
1780369863,phi3:mini,32.0,4847,553.50,18.32,.046973,7.637976
1780369871,phi3:mini,33.0,4848,525.65,17.88,.049461,10.565731
1780369882,phi3:mini,34.0,4842,500.08,16.16,.051991,20.226046
1780369902,phi3:mini,33.0,4846,518.89,15.10,.050106,30.196205
1780369933,phi3:mini,32.0,4847,447.17,17.40,.058142,11.775348
1780369945,phi3:mini,33.0,4849,500.28,18.35,.051970,6.537327
1780369951,phi3:mini,34.0,4846,540.86,16.02,.048071,18.849028
1780369970,phi3:mini,32.0,4843,483.80,16.68,.053740,20.803246
1780369991,phi3:mini,33.0,4848,527.61,16.57,.049278,18.344605
1780370010,phi3:mini,33.0,4845,505.52,15.70,.051431,25.463460
1780370036,phi3:mini,33.0,4839,479.04,17.67,.054274,9.505797
1780370045,phi3:mini,33.0,4837,428.61,18.87,.060661,5.032596
1780370050,phi3:mini,33.0,4838,511.44,18.41,.050836,8.361105
1780370059,phi3:mini,33.0,4841,466.76,17.63,.055702,11.794543
1780370071,phi3:mini,34.0,4842,482.01,14.38,.053939,41.846683
1780370113,phi3:mini,33.0,4849,497.14,13.90,.052298,47.264962
1780370161,phi3:mini,33.0,4849,482.79,16.38,.053853,18.680978
1780370179,phi3:mini,33.0,4846,433.32,16.86,.060001,15.414725
1780370195,phi3:mini,33.0,4845,548.35,15.23,.047414,28.484032
1780370224,phi3:mini,32.0,4848,510.36,16.95,.050943,12.799579
1780370237,phi3:mini,33.0,4846,518.61,16.69,.050133,15.033997
1780370252,phi3:mini,33.0,4849,458.23,15.97,.056739,20.344471
1780370272,phi3:mini,32.0,4852,520.11,16.63,.049989,16.891064
1780370289,phi3:mini,33.0,4855,485.97,15.11,.053501,28.242711
1780370318,phi3:mini,34.0,4854,509.47,15.26,.051033,28.297461
1780370346,phi3:mini,32.0,4848,530.77,15.98,.048985,21.142737
1780370368,phi3:mini,30.0,4851,533.80,14.88,.048707,32.110961
1780370400,phi3:mini,32.0,4852,517.03,16.68,.050286,15.042940
1780370415,phi3:mini,33.0,4853,483.05,18.70,.053824,3.529189
1780370419,phi3:mini,33.0,4853,537.16,18.45,.048401,5.417443
1780370425,phi3:mini,32.0,4851,538.82,15.29,.048253,32.684602
1780370457,phi3:mini,32.0,4841,543.66,19.05,.047823,5.301599
1780370463,phi3:mini,33.0,4848,504.63,17.29,.051522,13.006038
1780370476,phi3:mini,33.0,4844,472.49,18.55,.055027,6.250234
1780370482,phi3:mini,33.0,4842,514.08,16.76,.050574,15.984018
1780370499,phi3:mini,32.0,4839,474.94,18.95,.054743,4.802017
1780370504,phi3:mini,33.0,4839,503.98,15.08,.051589,29.969202
1780370534,phi3:mini,32.0,4844,487.00,17.93,.053387,6.858832
1780370541,phi3:mini,33.0,4844,485.95,17.68,.053503,12.325384
1780370553,phi3:mini,33.0,4844,472.91,20.01,.054977,1.499055
1780370555,phi3:mini,33.0,4842,587.19,17.66,.044278,10.812354
1780370566,phi3:mini,34.0,4847,455.62,16.33,.057064,18.795188
1780370585,phi3:mini,32.0,4844,483.63,15.00,.053759,34.385067
1780370620,phi3:mini,32.0,4849,488.06,19.46,.053272,2.106539
1780370622,phi3:mini,33.0,4844,463.33,16.28,.056115,20.505444
1780370643,phi3:mini,34.0,4839,461.97,16.21,.056280,20.168689
1780370663,phi3:mini,33.0,4846,532.50,15.50,.048826,23.213259
1780370686,phi3:mini,33.0,4842,500.35,15.84,.051962,22.848084
1780370709,phi3:mini,33.0,4849,476.61,16.55,.054551,17.521577
1780370727,phi3:mini,30.0,4849,464.18,16.64,.056012,17.243791
1780370744,phi3:mini,33.0,4849,524.22,16.58,.049596,18.030629
1780370763,phi3:mini,33.0,4850,525.30,16.96,.049494,13.732510
1780370777,phi3:mini,33.0,4850,466.43,17.80,.055741,9.097302
1780370786,phi3:mini,33.0,4852,514.37,14.66,.050547,34.710540
1780370821,phi3:mini,32.0,4837,488.32,13.98,.053243,44.620886
1780370866,phi3:mini,32.0,4846,480.81,17.73,.054074,8.345985
1780370874,phi3:mini,32.0,4844,494.18,18.19,.052611,8.960134
1780370883,phi3:mini,32.0,4844,540.62,17.35,.048092,11.353237
1780370895,phi3:mini,33.0,4843,438.83,15.95,.059247,22.439885
1780370917,phi3:mini,32.0,4845,512.96,17.37,.050685,13.522279
1780370931,phi3:mini,34.0,4850,467.79,18.35,.055579,7.135488
1780370938,phi3:mini,33.0,4845,560.06,16.68,.046423,18.638872
1780370957,phi3:mini,34.0,4846,507.61,15.94,.051219,23.394198
1780370981,phi3:mini,32.0,4842,526.70,14.86,.049363,33.443722
1780371014,phi3:mini,32.0,4834,517.08,15.08,.050282,33.274701
1780371048,phi3:mini,32.0,4834,437.82,16.63,.059384,17.433122
1780371066,phi3:mini,30.0,4839,468.52,17.14,.055493,12.828766
1780371079,phi3:mini,33.0,4833,522.29,13.83,.049780,47.908855
1780371127,phi3:mini,32.0,4844,519.81,18.97,.050017,2.740994
1780371130,phi3:mini,34.0,4847,522.93,15.19,.049719,30.594249
1780371160,phi3:mini,32.0,4844,460.49,15.52,.056461,27.820703
1780371188,phi3:mini,33.0,4845,478.86,14.24,.054295,42.613633
1780371231,phi3:mini,32.0,4842,484.27,15.91,.053688,21.295237
1780371253,phi3:mini,30.0,4840,536.57,17.81,.048455,8.306036
1780371261,phi3:mini,33.0,4843,519.22,16.71,.050075,14.838361
1780371276,phi3:mini,32.0,4846,522.63,20.06,.049747,1.046809
1780371277,phi3:mini,32.0,4846,521.15,16.63,.049889,15.751011
1780371293,phi3:mini,33.0,4833,460.08,15.12,.056511,29.083347
1780371323,phi3:mini,33.0,4836,544.38,16.82,.047759,12.898141
1780371336,phi3:mini,30.0,4839,502.01,14.69,.051791,39.592465
1780371375,phi3:mini,32.0,4840,508.98,17.78,.051081,11.806991
1780371387,phi3:mini,32.0,4843,503.10,16.73,.051679,18.646212
1780371406,phi3:mini,33.0,4843,532.23,16.36,.048850,20.842185
1780371427,phi3:mini,32.0,4839,515.21,17.18,.050464,12.682371
1780371440,phi3:mini,33.0,4837,516.83,17.48,.050306,11.037491
1780371451,phi3:mini,33.0,4832,462.63,16.62,.056199,15.214885
1780371467,phi3:mini,32.0,4839,502.00,17.31,.051792,11.318543
1780371478,phi3:mini,32.0,4840,483.52,15.48,.053771,27.309941
1780371506,phi3:mini,32.0,4844,471.54,18.75,.055137,6.451203
1780371512,phi3:mini,33.0,4845,475.11,17.39,.054723,11.787992
1780371524,phi3:mini,33.0,4841,486.03,15.11,.053494,28.837590
1780371553,phi3:mini,33.0,4844,472.99,16.37,.054968,17.715304
1780371571,phi3:mini,33.0,4844,465.29,17.04,.055877,14.020671
1780371585,phi3:mini,34.0,4840,467.93,15.91,.055562,21.925143
1780371608,phi3:mini,33.0,4841,502.44,15.37,.051747,29.391914
1780371637,phi3:mini,33.0,4843,469.37,17.32,.055393,13.560898
1780371651,phi3:mini,34.0,4840,493.60,17.76,.052673,10.694823
1780371662,phi3:mini,33.0,4833,443.72,17.33,.058595,12.636346
1780371675,phi3:mini,32.0,4837,455.25,15.84,.057110,25.062975
1780371700,phi3:mini,32.0,4842,469.43,15.65,.055386,23.313838
1780371723,phi3:mini,32.0,4836,491.35,16.75,.052914,14.862015
1780371738,phi3:mini,32.0,4843,453.96,15.87,.057273,23.062013
1780371762,phi3:mini,32.0,4844,480.19,14.08,.054145,45.942094
1780371808,phi3:mini,33.0,4841,529.13,14.29,.049136,45.904429
1780371854,phi3:mini,32.0,4845,523.40,17.51,.049674,11.187241
1780371865,phi3:mini,32.0,4852,505.58,16.06,.051425,20.227269
1780371886,phi3:mini,32.0,4849,440.50,15.17,.059023,29.790134
1780371916,phi3:mini,33.0,4844,482.78,16.83,.053853,15.976837
1780371932,phi3:mini,31.0,4845,489.44,18.13,.053121,7.611686
1780371940,phi3:mini,32.0,4841,514.18,16.94,.050565,12.863848
1780371953,phi3:mini,32.0,4840,551.00,13.98,.047186,47.775442
1780372001,phi3:mini,33.0,4839,477.71,16.86,.054426,17.374741
1780372018,phi3:mini,33.0,4837,463.62,15.95,.056079,22.123519
1780372041,phi3:mini,33.0,4845,440.76,18.27,.058987,5.910350
1780372047,phi3:mini,33.0,4841,459.12,17.29,.056629,12.546474
1780372059,phi3:mini,32.0,4845,514.06,16.42,.050577,16.618148
1780372076,phi3:mini,33.0,4847,484.29,18.48,.053685,6.219728
1780372083,phi3:mini,33.0,4846,480.32,15.07,.054130,29.583342
1780372112,phi3:mini,32.0,4847,470.14,15.32,.055301,28.062015
1780372141,phi3:mini,33.0,4850,473.58,14.15,.054900,44.154977
1780372185,phi3:mini,32.0,4850,468.92,15.54,.055446,25.411107
1780372211,phi3:mini,32.0,4838,546.95,16.56,.047535,16.841550
1780372228,phi3:mini,33.0,4842,499.06,15.92,.052097,24.053217
1780372252,phi3:mini,32.0,4843,493.06,15.86,.052731,23.325693
1780372276,phi3:mini,29.0,4841,548.12,17.45,.047434,11.054946
1780372287,phi3:mini,32.0,4841,498.49,15.74,.052157,24.195417
1780372311,phi3:mini,30.0,4846,524.58,17.04,.049563,13.731519
1780372325,phi3:mini,33.0,4845,494.69,16.07,.052557,21.953101
1780372347,phi3:mini,32.0,4840,483.58,16.65,.053764,17.410117
1780372365,phi3:mini,32.0,4848,469.37,17.72,.055392,10.776618
1780372376,phi3:mini,32.0,4841,462.71,18.24,.056190,6.633676
1780372383,phi3:mini,33.0,4838,487.04,16.96,.053382,14.912770
1780372398,phi3:mini,34.0,4843,447.71,16.51,.058072,17.375630
1780372415,phi3:mini,33.0,4846,504.81,17.60,.051503,9.258280
1780372425,phi3:mini,30.0,4840,463.72,15.24,.056068,28.542673
1780372453,phi3:mini,32.0,4831,534.42,17.08,.048650,13.693911
1780372467,phi3:mini,33.0,4834,472.24,17.16,.055055,13.283294
1780372481,phi3:mini,32.0,4841,480.26,17.46,.054136,10.304888
1780372491,phi3:mini,32.0,4841,468.66,15.82,.055476,23.572848
1780372515,phi3:mini,33.0,4831,519.74,17.06,.050024,16.463861
1780372532,phi3:mini,32.0,4837,465.95,17.11,.055799,13.201060
1780372545,phi3:mini,33.0,4837,494.00,18.65,.052630,5.038534
1780372550,phi3:mini,34.0,4835,506.06,15.41,.051376,26.602976
1780372577,phi3:mini,32.0,4823,504.68,17.01,.051517,16.045264
1780372593,phi3:mini,34.0,4830,452.85,16.05,.057412,22.294236
1780372616,phi3:mini,32.0,4834,499.20,16.48,.052082,18.803640
1780372635,phi3:mini,34.0,4827,505.42,15.54,.051442,25.220213
1780372660,phi3:mini,33.0,4834,488.73,14.13,.053198,44.984838
1780372705,phi3:mini,32.0,4832,468.30,16.13,.055519,20.265401
1780372726,phi3:mini,30.0,4838,521.09,15.99,.049894,20.628565
1780372747,phi3:mini,32.0,4842,511.54,19.14,.050826,5.326635
1780372752,phi3:mini,33.0,4836,472.73,18.17,.054998,10.676534
1780372763,phi3:mini,33.0,4838,519.16,19.21,.050080,5.152224
1780372768,phi3:mini,34.0,4839,554.03,16.88,.046928,19.244925
1780372788,phi3:mini,33.0,4842,423.35,19.51,.061413,2.203702
1780372790,phi3:mini,33.0,4840,505.42,17.20,.051442,13.542193
1780372804,phi3:mini,33.0,4840,484.19,15.78,.053697,23.123895
1780372827,phi3:mini,34.0,4836,505.24,15.75,.051460,21.646341
1780372849,phi3:mini,32.0,4837,480.91,17.68,.054064,7.802380
1780372857,phi3:mini,33.0,4844,531.79,17.05,.048891,12.019401
1780372869,phi3:mini,34.0,4834,456.15,16.16,.056998,22.025991
1780372891,phi3:mini,29.0,4826,502.72,17.21,.051718,12.663499
1780372904,phi3:mini,32.0,4827,446.78,18.94,.058194,3.535760
1780372908,phi3:mini,33.0,4833,543.65,18.01,.047824,7.772863
1780372916,phi3:mini,34.0,4835,483.67,16.34,.053755,20.010575
1780372936,phi3:mini,32.0,4835,510.76,14.84,.050904,30.855342
1780372967,phi3:mini,32.0,4838,475.67,15.83,.054659,23.120623
1780372990,phi3:mini,33.0,4845,436.29,14.29,.059593,40.788426
1780373031,phi3:mini,32.0,4839,496.37,17.84,.052379,10.646385
1780373042,phi3:mini,30.0,4839,463.79,16.14,.056059,19.940489
1780373062,phi3:mini,32.0,4844,573.42,17.09,.045341,12.872201
1780373075,phi3:mini,32.0,4847,456.12,15.42,.057002,26.260118
1780373102,phi3:mini,32.0,4853,450.93,16.58,.057658,19.476699
1780373121,phi3:mini,32.0,4846,473.39,18.19,.054921,8.245381
1780373130,phi3:mini,32.0,4846,491.07,16.73,.052944,16.073771
1780373146,phi3:mini,30.0,4845,488.38,16.24,.053236,21.296869
1780373168,phi3:mini,33.0,4847,522.58,15.82,.049752,22.942791
1780373191,phi3:mini,33.0,4852,478.21,17.19,.054369,12.738899
1780373204,phi3:mini,33.0,4850,473.00,17.22,.054968,12.653587
1780373216,phi3:mini,32.0,4841,501.48,18.80,.051845,4.148104
1780373221,phi3:mini,32.0,4829,485.20,17.14,.053585,16.800610
1780373238,phi3:mini,33.0,4835,481.91,15.40,.053951,27.709711
1780373266,phi3:mini,32.0,4840,512.30,15.23,.050751,28.489685
1780373294,phi3:mini,32.0,4835,469.05,14.60,.055430,39.921259
1780373335,phi3:mini,32.0,4842,556.54,17.89,.046716,8.828869
1780373344,phi3:mini,32.0,4842,461.83,16.77,.056296,14.839858
1780373359,phi3:mini,33.0,4836,495.55,16.98,.052466,13.779186
1780373373,phi3:mini,33.0,4834,476.10,15.13,.054609,33.699700
1780373406,phi3:mini,32.0,4840,471.46,14.52,.055147,35.929640
1780373443,phi3:mini,31.0,4833,495.23,16.50,.052500,17.808188
1780373461,phi3:mini,32.0,4835,448.87,16.93,.057922,13.758887
1780373475,phi3:mini,32.0,4838,501.32,15.50,.051862,25.410533
1780373500,phi3:mini,32.0,4842,503.37,16.00,.051651,22.243119
1780373523,phi3:mini,32.0,4838,429.01,17.11,.060603,13.556856
1780373536,phi3:mini,32.0,4844,483.26,13.57,.053800,53.050085
1780373590,phi3:mini,32.0,4846,489.05,17.24,.053163,11.885746
1780373602,phi3:mini,32.0,4847,483.03,14.85,.053826,33.257954
1780373635,phi3:mini,32.0,4841,449.77,19.46,.057807,2.466359
1780373638,phi3:mini,32.0,4840,496.49,17.26,.052367,13.844397
1780373652,phi3:mini,32.0,4847,453.72,20.12,.057302,1.192294
1780373653,phi3:mini,33.0,4844,519.06,14.04,.050089,42.233638
1780373696,phi3:mini,29.0,4836,504.20,15.25,.051565,28.380035
1780373724,phi3:mini,32.0,4831,555.87,15.31,.046773,29.847805
1780373754,phi3:mini,33.0,4838,479.04,20.13,.054275,1.042989
1780373755,phi3:mini,33.0,4837,529.80,14.08,.049074,40.970359
1780373797,phi3:mini,32.0,4839,467.69,17.91,.055591,6.810158
1780373804,phi3:mini,34.0,4837,493.10,17.04,.052727,12.670092
1780373816,phi3:mini,32.0,4836,534.75,16.03,.048620,20.262320
1780373837,phi3:mini,32.0,4845,479.95,18.31,.054172,6.061250
1780373843,phi3:mini,33.0,4845,476.54,15.70,.054559,24.454195
1780373868,phi3:mini,32.0,4847,424.91,17.34,.061188,12.514228
1780373880,phi3:mini,32.0,4848,521.83,17.35,.049823,11.065545
1780373892,phi3:mini,33.0,4850,482.14,18.28,.053925,6.345377
1780373898,phi3:mini,33.0,4850,505.50,16.49,.051433,18.668343
1780373917,phi3:mini,33.0,4845,495.01,16.01,.052523,23.109548
1780373940,phi3:mini,32.0,4841,497.81,16.82,.052227,15.040856
1780373956,phi3:mini,32.0,4844,497.28,15.71,.052283,26.789052
1780373983,phi3:mini,31.0,4844,472.29,19.61,.055050,2.447512
1780373985,phi3:mini,33.0,4844,458.34,16.09,.056725,25.596941
1780374011,phi3:mini,32.0,4842,567.17,16.42,.045840,19.486707
1780374031,phi3:mini,32.0,4847,503.73,17.27,.051614,12.385605
1780374043,phi3:mini,32.0,4847,514.33,16.69,.050551,16.772427
1780374060,phi3:mini,32.0,4839,527.79,16.36,.049261,19.671532
1780374080,phi3:mini,32.0,4843,466.71,17.45,.055708,10.884595
1780374091,phi3:mini,32.0,4846,441.15,15.95,.058936,20.553019
1780374112,phi3:mini,32.0,4836,528.70,16.54,.049177,15.113612
1780374127,phi3:mini,33.0,4838,484.49,14.10,.053664,44.224572
1780374172,phi3:mini,33.0,4834,482.40,16.81,.053896,18.787313
1780374190,phi3:mini,33.0,4835,507.27,19.96,.051254,2.454767
1780374193,phi3:mini,33.0,4837,527.95,13.65,.049246,53.737791
1780374247,phi3:mini,32.0,4842,501.17,17.53,.051877,10.834504
1780374258,phi3:mini,32.0,4840,486.05,16.59,.053491,15.121470
1780374273,phi3:mini,32.0,4843,463.98,16.07,.056035,17.848860
1780374291,phi3:mini,32.0,4842,498.99,14.42,.052104,39.387949
1780374331,phi3:mini,32.0,4842,488.89,16.58,.053181,16.824607
1780374348,phi3:mini,32.0,4842,505.40,15.06,.051443,29.996184
1780374378,phi3:mini,32.0,4846,549.38,13.01,.047325,62.099782
1780374440,phi3:mini,32.0,4848,521.89,16.59,.049818,17.477876
1780374458,phi3:mini,32.0,4848,450.58,17.72,.057702,7.728482
1780374466,phi3:mini,32.0,4842,487.37,16.29,.053347,16.815511
1780374483,phi3:mini,32.0,4844,532.88,20.84,.048791,.911374
1780374484,phi3:mini,29.0,4844,484.01,17.09,.053717,14.564603
1780374499,phi3:mini,32.0,4842,446.38,16.78,.058245,14.831447
1780374514,phi3:mini,29.0,4846,451.61,17.05,.057571,13.955752
1780374528,phi3:mini,32.0,4846,414.58,17.64,.062713,10.825114
1780374539,phi3:mini,32.0,4847,481.83,16.34,.053960,18.478719
1780374558,phi3:mini,32.0,4843,524.60,15.68,.049561,24.479351
1780374582,phi3:mini,33.0,4848,525.82,17.37,.049446,11.339709
1780374594,phi3:mini,33.0,4854,458.71,19.51,.056679,2.972463
1780374597,phi3:mini,33.0,4846,518.18,18.25,.050174,8.928210
1780374606,phi3:mini,33.0,4842,435.78,17.46,.059662,9.619039
1780374616,phi3:mini,33.0,4844,492.92,19.12,.052746,4.600919
1780374621,phi3:mini,33.0,4842,478.55,17.21,.054330,12.604004
1780374633,phi3:mini,33.0,4845,511.30,15.17,.050850,29.120398
1780374663,phi3:mini,32.0,4842,472.50,19.64,.055026,2.188486
1780374665,phi3:mini,33.0,4840,476.67,17.48,.054544,9.034841
1780374674,phi3:mini,30.0,4844,513.93,18.94,.050589,3.588456
1780374678,phi3:mini,32.0,4846,451.70,15.76,.057560,27.027991
1780374705,phi3:mini,32.0,4848,484.50,17.88,.053662,11.515112
1780374717,phi3:mini,32.0,4849,483.63,17.17,.053759,11.526866
1780374729,phi3:mini,32.0,4850,516.72,17.37,.050316,11.394138
1780374740,phi3:mini,33.0,4842,550.18,16.11,.047257,20.475891
1780374761,phi3:mini,32.0,4847,500.51,15.93,.051946,23.213615
1780374784,phi3:mini,32.0,4849,482.37,18.27,.053900,5.198726
1780374790,phi3:mini,32.0,4853,460.85,15.21,.056416,27.533783
1780374817,phi3:mini,32.0,4851,487.68,16.39,.053313,19.089770
1780374837,phi3:mini,33.0,4842,496.36,15.53,.052380,28.572404
1780374865,phi3:mini,32.0,4850,528.99,15.06,.049149,32.586597
1780374898,phi3:mini,32.0,4848,497.47,18.83,.052263,3.504984
1780374902,phi3:mini,32.0,4848,488.53,17.37,.053220,13.298653
1780374915,phi3:mini,32.0,4850,494.80,15.89,.052545,21.646999
1780374937,phi3:mini,31.0,4842,512.80,15.92,.050701,23.611959
1780374961,phi3:mini,32.0,4845,470.75,14.46,.055230,39.677754
1780375001,phi3:mini,32.0,4848,451.08,16.86,.057639,17.196598
1780375018,phi3:mini,32.0,4847,470.20,14.18,.055295,45.249366
1780375064,phi3:mini,32.0,4842,464.79,18.46,.055938,3.519437
1780375067,phi3:mini,32.0,4840,477.15,13.96,.054489,46.775656
1780375114,phi3:mini,31.0,4844,507.43,15.13,.051237,31.650531
1780375146,phi3:mini,34.0,4843,508.90,15.80,.051090,24.806833
1780375171,phi3:mini,32.0,4844,513.34,17.03,.050647,12.741971
1780375184,phi3:mini,33.0,4847,488.89,19.14,.053180,3.134059
1780375188,phi3:mini,33.0,4845,458.67,18.16,.056684,6.222214
1780375194,phi3:mini,30.0,4838,473.91,15.99,.054862,20.572757
1780375215,phi3:mini,33.0,4842,437.17,17.37,.059473,10.127122
1780375225,phi3:mini,30.0,4845,503.86,16.64,.051601,18.206019
1780375243,phi3:mini,33.0,4838,502.01,15.97,.051791,23.029312
1780375267,phi3:mini,33.0,4841,481.33,19.32,.054016,4.192184
1780375271,phi3:mini,33.0,4844,471.07,16.69,.055192,16.652715
1780375288,phi3:mini,33.0,4846,512.87,15.20,.050694,28.606876
1780375317,phi3:mini,32.0,4844,466.36,15.32,.055750,26.818346
1780375344,phi3:mini,32.0,4846,495.90,15.68,.052429,23.396712
1780375367,phi3:mini,33.0,4844,509.78,13.40,.051002,62.898750
1780375430,phi3:mini,32.0,4841,554.36,15.67,.046900,27.427315
1780375458,phi3:mini,32.0,4834,488.42,17.01,.053231,13.344513
1780375472,phi3:mini,32.0,4837,485.82,15.93,.053517,21.842159
1780375494,phi3:mini,30.0,4834,440.43,15.29,.059031,29.364010
1780375523,phi3:mini,32.0,4839,465.06,16.92,.055905,13.764190
1780375537,phi3:mini,32.0,4846,463.11,16.69,.056141,16.233479
1780375554,phi3:mini,33.0,4847,484.17,20.52,.053699,1.023352
1780375555,phi3:mini,30.0,4846,508.25,14.94,.051155,33.316545
1780375588,phi3:mini,32.0,4849,484.72,16.17,.053638,23.308996
1780375612,phi3:mini,33.0,4852,449.22,15.51,.057876,32.230673
1780375644,phi3:mini,32.0,4850,524.26,19.68,.049593,2.590921
1780375647,phi3:mini,33.0,4850,541.45,17.26,.048018,13.493309
1780375661,phi3:mini,33.0,4847,523.29,15.41,.049684,28.543403
1780375689,phi3:mini,30.0,4854,479.92,18.97,.054175,4.216265
1780375694,phi3:mini,33.0,4853,465.82,19.31,.055815,2.485084
1780375696,phi3:mini,33.0,4856,482.30,16.56,.053907,17.210041
1780375714,phi3:mini,33.0,4854,451.90,17.56,.057533,11.273612
1780375725,phi3:mini,33.0,4849,512.99,19.44,.050682,2.313743
1780375728,phi3:mini,32.0,4850,502.60,16.90,.051730,16.212492
1780375744,phi3:mini,32.0,4848,534.96,14.84,.048601,35.236484
1780375780,phi3:mini,34.0,4850,442.49,17.56,.058758,10.818311
1780375791,phi3:mini,32.0,4855,459.87,17.10,.056536,13.973699
1780375805,phi3:mini,30.0,4852,500.79,17.41,.051917,12.457406
1780375817,phi3:mini,33.0,4849,451.55,16.32,.057578,21.010306
1780375838,phi3:mini,33.0,4848,450.45,19.49,.057719,3.077060
1780375842,phi3:mini,33.0,4847,494.76,17.62,.052550,10.838587
1780375853,phi3:mini,33.0,4850,507.13,16.40,.051267,16.642881
1780375870,phi3:mini,32.0,4855,550.76,16.35,.047206,17.115499
1780375887,phi3:mini,33.0,4859,460.40,16.79,.056472,15.543916
1780375903,phi3:mini,32.0,4852,432.38,15.85,.060131,21.949162
1780375925,phi3:mini,33.0,4852,465.36,15.43,.055870,28.109592
1780375953,phi3:mini,33.0,4853,498.66,17.01,.052139,12.399537
1780375966,phi3:mini,33.0,4852,461.27,17.51,.056365,11.016213
1780375977,phi3:mini,34.0,4851,502.70,15.39,.051720,28.705259
1780376006,phi3:mini,33.0,4849,508.11,18.43,.051169,6.129591
1780376012,phi3:mini,34.0,4852,524.04,17.79,.049613,10.677915
1780376023,phi3:mini,33.0,4848,471.90,19.83,.055095,3.025282
1780376026,phi3:mini,34.0,4845,500.76,18.24,.051920,8.168729
1780376034,phi3:mini,33.0,4843,489.95,16.43,.053066,18.804261
1780376053,phi3:mini,33.0,4847,488.37,19.28,.053238,2.592589
1780376056,phi3:mini,34.0,4843,468.05,14.93,.055548,35.292564
1780376092,phi3:mini,33.0,4847,477.66,16.19,.054431,19.876990
1780376112,phi3:mini,32.0,4847,492.49,18.47,.052792,5.465530
1780376117,phi3:mini,33.0,4846,528.28,17.73,.049215,10.715570
1780376128,phi3:mini,33.0,4844,542.12,15.25,.047959,28.848835
1780376157,phi3:mini,33.0,4855,475.60,15.70,.054667,21.647163
1780376179,phi3:mini,31.0,4856,478.47,15.56,.054339,24.538454
1780376204,phi3:mini,33.0,4852,523.09,17.31,.049703,11.955354
1780376216,phi3:mini,32.0,4857,551.66,17.14,.047130,14.578807
1780376231,phi3:mini,32.0,4856,544.50,15.43,.047750,28.507035
1780376259,phi3:mini,32.0,4850,477.45,15.69,.054455,23.186000
1780376283,phi3:mini,30.0,4860,514.73,16.61,.050511,15.650402
1780376299,phi3:mini,32.0,4848,491.81,14.34,.052865,39.670644
1780376338,phi3:mini,32.0,4844,494.30,15.76,.052599,24.794892
1780376363,phi3:mini,32.0,4837,481.30,17.57,.054019,11.946431
1780376376,phi3:mini,33.0,4837,475.21,17.17,.054711,13.450979
1780376389,phi3:mini,33.0,4837,536.28,16.83,.048482,14.200296
1780376404,phi3:mini,32.0,4834,459.46,17.30,.056587,10.980100
1780376415,phi3:mini,33.0,4876,489.19,18.08,.053148,6.689319
1780376422,phi3:mini,32.0,4870,456.39,15.10,.056967,28.926546
1780376451,phi3:mini,32.0,4870,491.63,15.35,.052884,28.196903
1780376479,phi3:mini,32.0,4878,452.95,20.44,.057400,1.027046
1780376480,phi3:mini,29.0,4878,532.00,18.36,.048871,5.336533
1780376486,phi3:mini,33.0,4876,471.12,19.30,.055187,2.900351
1780376489,phi3:mini,32.0,4869,545.71,16.29,.047644,20.929334
1780376510,phi3:mini,32.0,4869,468.45,15.98,.055502,24.705452
1780376535,phi3:mini,34.0,4868,504.50,15.57,.051535,28.121562
1780376563,phi3:mini,30.0,4836,521.89,13.45,.049818,55.655258
1780376619,phi3:mini,30.0,4844,494.60,15.58,.052567,27.264985
1780376647,phi3:mini,29.0,4840,553.90,17.36,.046939,11.516743
1780376658,phi3:mini,33.0,4845,497.33,17.22,.052278,11.903632
1780376670,phi3:mini,32.0,4848,503.90,16.36,.051596,19.248849
1780376690,phi3:mini,32.0,4845,454.64,16.71,.057188,17.049178
1780376707,phi3:mini,32.0,4845,460.52,14.98,.056456,34.890221
1780376742,phi3:mini,32.0,4849,481.38,18.22,.054011,6.419549
1780376749,phi3:mini,30.0,4849,496.68,15.74,.052346,22.096612
1780376771,phi3:mini,29.0,4855,471.62,20.27,.055128,.887603
1780376772,phi3:mini,33.0,4855,450.95,16.58,.057655,18.755093
1780376791,phi3:mini,32.0,4851,488.39,15.84,.053236,23.289263
1780376815,phi3:mini,33.0,4845,506.71,17.06,.051311,13.885169
1780376829,phi3:mini,32.0,4850,457.57,15.57,.056821,24.781760
1780376854,phi3:mini,30.0,4852,462.76,16.83,.056184,14.375067
1780376868,phi3:mini,32.0,4851,504.12,16.38,.051574,19.650338
1780376888,phi3:mini,32.0,4852,456.20,16.42,.056992,16.619142
1780376905,phi3:mini,32.0,4848,501.54,17.42,.051840,10.959721
1780376916,phi3:mini,33.0,4841,462.55,16.32,.056209,16.541958
1780376933,phi3:mini,32.0,4843,449.87,16.84,.057793,13.770145
1780376947,phi3:mini,33.0,4845,513.79,16.09,.050604,20.315727
1780376967,phi3:mini,32.0,4846,487.30,16.55,.053354,16.065442
1780376983,phi3:mini,31.0,4844,486.15,16.12,.053481,19.225252
1780377003,phi3:mini,33.0,4848,470.15,15.51,.055300,26.687940
1780377030,phi3:mini,33.0,4846,475.19,17.34,.054714,11.815606
1780377042,phi3:mini,32.0,4838,489.41,17.52,.053124,10.841905
1780377053,phi3:mini,33.0,4841,503.82,15.71,.051605,22.333406
1780377075,phi3:mini,32.0,4843,450.39,17.01,.057726,13.870668
1780377089,phi3:mini,32.0,4842,486.11,17.11,.053484,12.327274
1780377102,phi3:mini,32.0,4843,492.08,16.96,.052836,12.906999
1780377115,phi3:mini,33.0,4843,522.63,16.18,.049747,21.503648
1780377136,phi3:mini,32.0,4851,479.84,15.94,.054184,22.826192
1780377159,phi3:mini,33.0,4855,484.20,15.08,.053696,28.778255
1780377188,phi3:mini,33.0,4848,455.38,17.03,.057094,13.679666
1780377202,phi3:mini,30.0,4850,526.68,16.27,.049365,20.700687
1780377223,phi3:mini,32.0,4851,488.07,20.32,.053270,1.033006
1780377224,phi3:mini,33.0,4852,469.53,19.43,.055374,2.727052
1780377227,phi3:mini,34.0,4851,493.55,16.37,.052679,19.967361
1780377247,phi3:mini,34.0,4851,525.23,14.89,.049501,33.175614
1780377281,phi3:mini,33.0,4861,520.83,16.51,.049919,16.950964
1780377298,phi3:mini,32.0,4854,515.58,15.65,.050428,24.018314
1780377322,phi3:mini,32.0,4851,517.51,15.81,.050239,23.836027
1780377346,phi3:mini,29.0,4848,467.28,15.55,.055640,28.860676
1780377375,phi3:mini,30.0,4842,513.05,14.83,.050677,34.452592
1780377410,phi3:mini,32.0,4851,535.16,16.29,.048583,19.825006
1780377430,phi3:mini,33.0,4847,452.22,15.81,.057493,24.021705
1780377454,phi3:mini,32.0,4840,508.97,20.65,.051083,.871298
1780377455,phi3:mini,33.0,4835,538.29,17.61,.048300,11.241829
1780377467,phi3:mini,29.0,4840,507.61,19.62,.051219,1.783150
1780377468,phi3:mini,33.0,4839,469.66,14.96,.055358,38.094427
1780377507,phi3:mini,32.0,4844,426.29,17.30,.060990,13.811517
1780377521,phi3:mini,32.0,4850,470.97,17.07,.055204,14.994874
1780377536,phi3:mini,33.0,4848,524.97,17.60,.049526,10.733589
1780377547,phi3:mini,33.0,4851,479.67,16.02,.054203,23.398646
1780377570,phi3:mini,33.0,4852,501.66,15.79,.051827,23.229962
1780377594,phi3:mini,32.0,4846,467.13,17.40,.055658,10.688543
1780377605,phi3:mini,32.0,4852,475.72,16.79,.054653,14.703544
1780377620,phi3:mini,33.0,4851,516.97,17.28,.050292,13.191623
1780377633,phi3:mini,33.0,4856,502.21,16.39,.051770,16.708214
1780377650,phi3:mini,30.0,4850,489.88,19.76,.053073,1.365894
1780377651,phi3:mini,34.0,4850,517.77,17.98,.050215,9.562952
1780377661,phi3:mini,30.0,4855,451.89,14.68,.057534,36.306171
1780377698,phi3:mini,28.0,4849,479.81,18.31,.054187,6.498188
1780377704,phi3:mini,33.0,4851,556.95,17.78,.046682,8.375780
1780377713,phi3:mini,33.0,4852,493.52,16.92,.052682,14.653353
1780377728,phi3:mini,33.0,4858,527.76,17.59,.049264,10.913991
1780377739,phi3:mini,33.0,4851,451.47,15.09,.057588,33.445352
1780377772,phi3:mini,32.0,4845,537.06,15.39,.048411,28.199546
1780377801,phi3:mini,32.0,4851,535.89,16.22,.048517,22.862024
1780377824,phi3:mini,33.0,4850,461.18,15.97,.056376,23.469082
1780377848,phi3:mini,33.0,4851,480.24,18.68,.054138,5.246221
1780377853,phi3:mini,32.0,4851,466.38,15.45,.055747,27.441739
1780377881,phi3:mini,30.0,4852,430.32,16.97,.060419,12.902670
1780377894,phi3:mini,33.0,4853,561.49,17.61,.046304,12.375671
1780377906,phi3:mini,33.0,4850,507.79,16.06,.051202,21.162493
1780377928,phi3:mini,33.0,4852,500.26,16.23,.051972,17.613928
1780377945,phi3:mini,33.0,4849,527.51,14.78,.049287,35.109043
1780377981,phi3:mini,32.0,4854,512.71,14.67,.050710,38.359749
1780378019,phi3:mini,32.0,4852,456.62,14.78,.056940,33.488193
1780378053,phi3:mini,32.0,4848,450.16,15.53,.057756,25.680896
1780378079,phi3:mini,32.0,4856,527.27,16.16,.049310,18.617189
1780378098,phi3:mini,30.0,4849,442.27,15.53,.058787,26.909721
1780378125,phi3:mini,32.0,4855,484.20,15.47,.053696,25.136163
1780378150,phi3:mini,32.0,4856,515.71,15.85,.050415,21.321397
1780378172,phi3:mini,32.0,4849,502.85,16.76,.051704,16.522450
1780378188,phi3:mini,32.0,4849,505.88,18.24,.051394,6.520753
1780378195,phi3:mini,33.0,4850,527.81,14.28,.049259,40.596400
1780378236,phi3:mini,33.0,4843,464.74,16.23,.055944,20.143541
1780378256,phi3:mini,32.0,4841,489.04,16.18,.053165,22.736842
1780378279,phi3:mini,32.0,4848,488.66,16.19,.053206,23.524924
1780378303,phi3:mini,32.0,4852,480.66,15.80,.054092,26.193791
1780378329,phi3:mini,33.0,4852,454.50,16.51,.057205,17.131425
1780378346,phi3:mini,33.0,4853,457.98,17.51,.056770,9.647445
1780378356,phi3:mini,33.0,4843,461.17,16.45,.056377,17.863876
1780378374,phi3:mini,33.0,4852,490.25,16.91,.053033,14.010386
1780378388,phi3:mini,34.0,4852,498.90,16.73,.052114,15.599488
1780378404,phi3:mini,33.0,4849,489.43,18.19,.053122,5.221014
1780378410,phi3:mini,30.0,4844,491.47,14.69,.052901,36.535812
1780378446,phi3:mini,33.0,4845,491.34,16.41,.052915,18.337813
1780378465,phi3:mini,29.0,4840,443.42,14.93,.058635,31.727489
1780378497,phi3:mini,32.0,4835,470.13,15.86,.055302,21.991338
1780378519,phi3:mini,33.0,4847,481.23,17.29,.054027,10.234146
1780378529,phi3:mini,32.0,4841,542.26,19.61,.047946,3.058788
1780378533,phi3:mini,32.0,4836,463.15,14.39,.056136,39.529713
1780378572,phi3:mini,32.0,4842,457.21,18.20,.056866,9.010943
1780378582,phi3:mini,34.0,4844,489.71,15.90,.053092,26.779133
1780378609,phi3:mini,33.0,4844,472.57,17.20,.055017,14.469168
1780378623,phi3:mini,33.0,4844,540.87,16.11,.048070,19.301614
1780378643,phi3:mini,32.0,4845,506.73,17.62,.051308,9.362289
1780378652,phi3:mini,32.0,4847,444.42,17.06,.058502,13.886778
1780378666,phi3:mini,32.0,4845,498.08,17.25,.052200,10.953428
1780378677,phi3:mini,32.0,4848,509.59,16.84,.051020,14.602795
1780378692,phi3:mini,32.0,4845,452.43,15.35,.057466,29.762220
1780378722,phi3:mini,32.0,4836,484.12,16.12,.053704,20.595126
1780378743,phi3:mini,33.0,4835,463.61,15.01,.056080,29.564634
1780378773,phi3:mini,32.0,4839,477.65,16.54,.054433,17.890501
1780378791,phi3:mini,32.0,4840,484.47,18.05,.053666,6.701843
1780378798,phi3:mini,32.0,4835,537.88,15.81,.048337,23.013064
1780378821,phi3:mini,32.0,4846,487.49,16.55,.053333,18.238120
1780378839,phi3:mini,32.0,4844,485.48,16.17,.053555,19.779070
1780378859,phi3:mini,33.0,4844,490.20,15.06,.053039,29.540144
1780378889,phi3:mini,32.0,4848,478.31,16.83,.054357,16.278048
1780378905,phi3:mini,32.0,4849,475.96,14.20,.054626,39.554744
1780378945,phi3:mini,32.0,4850,502.04,17.25,.051787,12.636401
1780378958,phi3:mini,32.0,4853,436.51,15.57,.059562,24.521625
1780378983,phi3:mini,32.0,4852,489.15,15.20,.053153,29.275761
1780379012,phi3:mini,32.0,4855,492.22,14.54,.052821,37.059551
1780379050,phi3:mini,29.0,4849,516.26,16.25,.050361,18.944370
1780379069,phi3:mini,32.0,4857,535.22,17.08,.048578,12.763094
1780379082,phi3:mini,32.0,4853,492.57,16.01,.052783,20.416870
1780379102,phi3:mini,32.0,4850,461.32,16.12,.056359,22.575302
1780379125,phi3:mini,32.0,4849,498.43,18.26,.052162,7.389900
1780379133,phi3:mini,33.0,4842,491.90,16.62,.052855,17.258484
1780379150,phi3:mini,32.0,4851,503.76,16.54,.051611,17.343676
1780379168,phi3:mini,32.0,4846,518.22,15.96,.050171,20.227131
1780379188,phi3:mini,33.0,4838,437.70,16.04,.059400,20.376127
1780379209,phi3:mini,33.0,4845,444.97,16.70,.058430,16.821931
1780379226,phi3:mini,33.0,4837,440.84,17.63,.058978,12.305389
1780379238,phi3:mini,30.0,4836,504.24,16.00,.051561,20.119786
1780379258,phi3:mini,30.0,4842,495.05,17.47,.052518,14.422798
1780379273,phi3:mini,33.0,4842,511.62,20.67,.050818,.870522
1780379274,phi3:mini,33.0,4838,468.67,18.94,.055475,5.015803
1780379279,phi3:mini,34.0,4839,463.34,15.91,.056113,25.126208
1780379304,phi3:mini,33.0,4841,472.46,17.69,.055030,10.793325
1780379315,phi3:mini,30.0,4847,486.47,17.09,.053445,13.867308
1780379330,phi3:mini,32.0,4839,485.44,16.29,.053558,19.757041
1780379349,phi3:mini,32.0,4836,445.60,16.72,.058347,16.740527
1780379366,phi3:mini,32.0,4837,506.60,15.84,.051321,22.653875
1780379389,phi3:mini,32.0,4835,421.10,17.52,.061742,11.927930
1780379401,phi3:mini,33.0,4836,460.91,16.33,.056410,18.735864
1780379420,phi3:mini,32.0,4836,495.81,16.81,.052438,14.865449
1780379435,phi3:mini,33.0,4826,479.39,16.43,.054234,17.527334
1780379453,phi3:mini,33.0,4837,498.76,17.49,.052128,10.915368
1780379464,phi3:mini,33.0,4833,510.12,15.92,.050967,21.984560
1780379486,phi3:mini,32.0,4836,431.08,16.86,.060313,16.250208
1780379503,phi3:mini,33.0,4843,492.83,16.71,.052755,16.689335
1780379520,phi3:mini,33.0,4848,420.29,16.57,.061861,16.776638
1780379537,phi3:mini,33.0,4841,500.86,15.06,.051910,30.203602
1780379567,phi3:mini,32.0,4841,489.82,15.19,.053080,29.219848
1780379596,phi3:mini,32.0,4843,507.99,16.10,.051181,20.307976
1780379617,phi3:mini,32.0,4841,462.59,17.26,.056204,12.224518
1780379629,phi3:mini,32.0,4844,476.23,16.40,.054594,16.210848
1780379646,phi3:mini,32.0,4844,486.05,17.13,.053491,12.020923
1780379658,phi3:mini,30.0,4845,483.66,16.34,.053756,19.091813
1780379677,phi3:mini,32.0,4855,472.61,20.31,.055013,.886256
1780379678,phi3:mini,33.0,4855,473.95,17.37,.054857,10.990618
1780379689,phi3:mini,34.0,4850,498.30,15.20,.052176,29.596964
1780379719,phi3:mini,33.0,4850,461.29,15.94,.056363,23.451367
1780379743,phi3:mini,30.0,4854,453.71,16.08,.057305,20.518422
1780379764,phi3:mini,32.0,4853,495.16,15.09,.052507,29.351845
1780379793,phi3:mini,32.0,4853,502.31,16.81,.051760,14.394104
1780379808,phi3:mini,30.0,4848,467.76,16.49,.055583,16.854081
1780379825,phi3:mini,33.0,4860,545.51,16.79,.047661,15.062027
1780379840,phi3:mini,32.0,4855,463.05,17.75,.056149,10.532163
1780379851,phi3:mini,32.0,4855,481.55,15.13,.053991,32.765722
1780379884,phi3:mini,32.0,4853,518.36,18.20,.050157,9.559457
1780379893,phi3:mini,33.0,4853,517.31,16.79,.050259,18.401809
1780379912,phi3:mini,33.0,4852,542.47,17.24,.047928,12.176603
1780379924,phi3:mini,32.0,4857,487.62,15.74,.053319,23.183486
1780379948,phi3:mini,34.0,4851,536.64,17.18,.048449,14.254882
1780379962,phi3:mini,34.0,4855,474.52,17.89,.054791,7.821597
1780379970,phi3:mini,32.0,4853,524.94,15.93,.049529,23.965484
1780379994,phi3:mini,32.0,4849,498.69,15.31,.052136,28.853379
1780380023,phi3:mini,33.0,4852,452.14,15.75,.057503,23.682224
1780380047,phi3:mini,31.0,4848,463.08,19.48,.056144,3.489270
1780380051,phi3:mini,32.0,4848,469.58,16.20,.055367,22.221183
1780380073,phi3:mini,32.0,4840,469.82,17.99,.055340,9.057655
1780380083,phi3:mini,33.0,4841,503.82,17.11,.051604,13.435912
1780380096,phi3:mini,32.0,4847,499.56,15.60,.052045,26.279171
1780380123,phi3:mini,32.0,4855,445.84,15.76,.058316,23.154983
1780380146,phi3:mini,32.0,4853,545.96,18.24,.047621,6.521969
1780380153,phi3:mini,32.0,4850,513.33,14.20,.050649,43.590009
1780380197,phi3:mini,32.0,4845,516.22,17.25,.050365,11.183392
1780380208,phi3:mini,30.0,4844,521.46,17.20,.049859,12.671010
1780380221,phi3:mini,32.0,4845,543.43,17.24,.047843,12.699367
1780380234,phi3:mini,33.0,4844,477.39,17.35,.054462,12.043934
1780380246,phi3:mini,33.0,4848,471.92,16.41,.055093,18.517151
1780380265,phi3:mini,32.0,4845,469.55,16.20,.055371,20.180102
1780380285,phi3:mini,33.0,4849,466.20,16.62,.055769,17.444834
1780380303,phi3:mini,34.0,4851,533.07,15.27,.048773,33.004545
1780380336,phi3:mini,32.0,4845,479.35,18.33,.054239,7.143342
1780380343,phi3:mini,34.0,4844,519.45,19.19,.050052,2.396341
1780380346,phi3:mini,30.0,4843,554.29,14.96,.046906,32.934617
1780380379,phi3:mini,32.0,4836,432.64,14.87,.060095,33.620918
1780380413,phi3:mini,32.0,4829,544.16,16.77,.047779,15.381054
1780380428,phi3:mini,33.0,4842,486.51,14.52,.053441,39.663583
1780380468,phi3:mini,32.0,4833,469.60,17.10,.055365,13.215414
1780380481,phi3:mini,32.0,4835,499.46,16.38,.052056,17.084417
1780380499,phi3:mini,32.0,4847,515.92,15.98,.050395,21.397183
1780380520,phi3:mini,29.0,4852,555.01,19.75,.046845,2.024884
1780380522,phi3:mini,30.0,4849,472.71,17.71,.055001,10.722826
1780380533,phi3:mini,32.0,4844,469.94,17.13,.055326,14.416740
1780380548,phi3:mini,32.0,4841,461.11,15.39,.056385,27.793686
1780380576,phi3:mini,33.0,4849,504.21,14.86,.051565,32.485971
1780380609,phi3:mini,32.0,4843,513.42,16.17,.050639,20.282080
1780380629,phi3:mini,32.0,4852,462.22,16.77,.056249,16.688309
1780380646,phi3:mini,32.0,4851,510.26,17.07,.050953,11.244901
1780380657,phi3:mini,33.0,4845,524.18,16.33,.049601,16.772557
1780380674,phi3:mini,33.0,4849,490.24,14.68,.053035,38.748898
1780380713,phi3:mini,32.0,4848,442.79,13.99,.058717,45.579424
1780380759,phi3:mini,32.0,4848,527.37,13.94,.049300,47.183337
1780380806,phi3:mini,32.0,4853,468.41,17.21,.055506,13.883075
1780380820,phi3:mini,33.0,4843,489.42,17.85,.053123,9.018934
1780380830,phi3:mini,32.0,4847,521.06,20.39,.049898,1.078655
1780380831,phi3:mini,33.0,4844,441.88,16.97,.058839,14.667612
1780380846,phi3:mini,33.0,4849,436.80,17.38,.059523,11.850021
1780380858,phi3:mini,34.0,4842,511.08,16.75,.050871,14.918009
1780380873,phi3:mini,33.0,4846,450.49,16.78,.057714,15.254306
1780380888,phi3:mini,33.0,4846,529.58,16.23,.049094,20.143829
1780380909,phi3:mini,32.0,4848,500.59,18.51,.051937,5.077704
1780380914,phi3:mini,32.0,4844,491.50,16.65,.052898,16.089267
1780380930,phi3:mini,33.0,4847,486.38,16.15,.053455,20.238144
1780380950,phi3:mini,33.0,4842,488.24,16.26,.053251,17.831729
1780380968,phi3:mini,32.0,4841,530.93,15.08,.048969,30.287234
1780380999,phi3:mini,33.0,4841,478.22,16.80,.054367,14.998710
1780381014,phi3:mini,32.0,4841,498.24,15.86,.052183,22.686445
1780381037,phi3:mini,33.0,4846,513.91,15.90,.050592,22.955537
1780381060,phi3:mini,33.0,4849,444.52,15.72,.058489,24.553657
1780381085,phi3:mini,33.0,4848,503.69,18.68,.051618,7.384477
1780381092,phi3:mini,34.0,4849,494.38,17.62,.052590,11.122887
1780381104,phi3:mini,33.0,4843,482.45,15.83,.053891,23.680568
1780381128,phi3:mini,32.0,4847,525.89,15.99,.049439,22.072121
1780381150,phi3:mini,34.0,4853,454.80,17.17,.057167,12.750664
1780381163,phi3:mini,32.0,4853,455.96,15.06,.057021,33.063391
1780381196,phi3:mini,33.0,4850,503.82,17.46,.051605,12.480908
1780381209,phi3:mini,34.0,4851,470.82,17.68,.055222,10.800326
1780381220,phi3:mini,33.0,4849,527.27,18.09,.049309,9.008908
1780381229,phi3:mini,33.0,4849,482.07,19.17,.053933,4.955023
1780381234,phi3:mini,34.0,4847,466.67,16.46,.055712,19.865599
1780381254,phi3:mini,33.0,4846,482.19,15.27,.053920,28.341277
1780381283,phi3:mini,32.0,4845,516.47,13.82,.050341,46.207919
1780381329,phi3:mini,32.0,4843,520.40,16.08,.049960,23.069281
1780381352,phi3:mini,32.0,4845,518.17,17.07,.050175,15.284774
1780381368,phi3:mini,32.0,4845,477.90,15.90,.054403,22.578099
1780381391,phi3:mini,32.0,4845,467.55,16.57,.055608,18.043892
1780381409,phi3:mini,32.0,4846,435.91,15.58,.059644,25.726952
1780381435,phi3:mini,30.0,4848,441.12,15.39,.058940,26.753519
1780381462,phi3:mini,32.0,4848,518.11,20.78,.050182,1.010345
1780381463,phi3:mini,30.0,4847,495.74,17.46,.052446,10.590416
1780381474,phi3:mini,32.0,4847,486.79,15.57,.053411,26.644541
1780381500,phi3:mini,32.0,4839,492.22,16.15,.052820,18.937385
1780381520,phi3:mini,33.0,4847,519.74,15.97,.050024,23.659051
1780381543,phi3:mini,33.0,4849,441.37,16.19,.058906,18.404255
1780381562,phi3:mini,32.0,4855,508.56,16.61,.051124,16.073369
1780381578,phi3:mini,33.0,4846,497.12,15.48,.052300,28.221293
1780381607,phi3:mini,33.0,4848,503.51,14.39,.051637,38.825761
1780381646,phi3:mini,33.0,4849,504.94,16.80,.051491,16.360216
1780381662,phi3:mini,32.0,4838,508.13,17.01,.051167,14.101104
1780381677,phi3:mini,32.0,4844,440.84,19.30,.058977,2.227706
1780381679,phi3:mini,34.0,4843,460.82,17.44,.056420,11.349675
1780381690,phi3:mini,33.0,4843,521.41,18.73,.049863,4.698004
1780381695,phi3:mini,32.0,4833,541.35,16.13,.048027,20.575638
1780381716,phi3:mini,32.0,4842,454.67,18.70,.057183,4.329490
1780381721,phi3:mini,33.0,4836,516.84,16.75,.050305,14.858593
1780381736,phi3:mini,32.0,4848,480.62,14.40,.054095,38.238437
1780381774,phi3:mini,32.0,4856,484.92,17.98,.053616,7.618274
1780381782,phi3:mini,33.0,4841,501.46,13.82,.051848,49.774405
1780381832,phi3:mini,32.0,4841,483.31,18.45,.053795,4.389495
1780381836,phi3:mini,32.0,4837,461.92,16.91,.056286,15.137500
1780381852,phi3:mini,32.0,4833,544.30,17.41,.047767,12.515521
1780381864,phi3:mini,33.0,4832,490.29,15.90,.053029,27.785373
1780381892,phi3:mini,29.0,4841,501.44,17.49,.051849,12.231457
1780381905,phi3:mini,32.0,4837,482.52,16.07,.053883,21.216127
1780381926,phi3:mini,32.0,4841,553.90,16.05,.046939,20.866560
1780381947,phi3:mini,33.0,4841,572.28,15.33,.045431,27.775661
1780381975,phi3:mini,32.0,4843,475.51,17.65,.054677,10.764662
1780381986,phi3:mini,33.0,4847,467.58,11.09,.055604,129.470273
1780382116,phi3:mini,31.0,4851,477.67,15.14,.054429,30.236864
1780382146,phi3:mini,29.0,4853,530.20,13.84,.049037,47.744478
1780382194,phi3:mini,32.0,4853,497.89,17.07,.052220,12.828072
1780382207,phi3:mini,32.0,4851,508.11,16.11,.051169,21.220547
1780382229,phi3:mini,32.0,4853,509.54,16.29,.051025,17.609762
1780382247,phi3:mini,32.0,4853,496.65,19.60,.052350,1.733970
1780382249,phi3:mini,33.0,4849,490.30,19.10,.053027,2.198841
1780382251,phi3:mini,33.0,4849,543.76,17.10,.047814,12.744595
1780382264,phi3:mini,32.0,4852,469.94,13.79,.055325,50.810476
1780382315,phi3:mini,32.0,4853,503.03,16.72,.051686,14.825399
1780382330,phi3:mini,33.0,4848,506.44,16.40,.051337,18.952360
1780382349,phi3:mini,29.0,4848,542.28,19.21,.047945,3.538349
1780382353,phi3:mini,33.0,4850,477.51,15.31,.054449,28.406552
1780382381,phi3:mini,29.0,4842,476.16,17.20,.054602,14.416618
1780382396,phi3:mini,32.0,4844,453.48,19.88,.057333,2.464455
1780382398,phi3:mini,33.0,4839,491.14,16.67,.052937,16.791151
1780382415,phi3:mini,33.0,4840,488.40,13.84,.053234,48.191989
1780382464,phi3:mini,32.0,4849,453.87,13.25,.057283,57.784155
1780382522,phi3:mini,32.0,4847,456.23,17.46,.056987,9.331503
1780382531,phi3:mini,33.0,4850,522.32,17.24,.049777,11.365934
1780382543,phi3:mini,32.0,4854,520.44,15.38,.049957,28.462152
1780382572,phi3:mini,33.0,4843,556.71,14.91,.046702,31.985959
1780382604,phi3:mini,32.0,4851,448.55,16.27,.057963,20.097492
1780382624,phi3:mini,32.0,4845,471.10,18.21,.055188,5.544915
1780382630,phi3:mini,30.0,4850,450.77,15.74,.057678,28.650178
1780382659,phi3:mini,32.0,4845,523.69,16.34,.049646,18.961934
1780382678,phi3:mini,32.0,4843,518.36,16.20,.050157,19.741740
1780382698,phi3:mini,33.0,4840,508.54,16.36,.051126,20.043533
1780382718,phi3:mini,30.0,4842,531.49,13.77,.048918,55.156539
1780382773,phi3:mini,32.0,4849,455.90,14.82,.057029,35.492330
1780382809,phi3:mini,32.0,4855,476.10,18.29,.054610,5.138404
1780382814,phi3:mini,33.0,4853,499.15,15.76,.052088,23.089167
1780382838,phi3:mini,29.0,4855,509.94,16.85,.050985,15.904066
1780382854,phi3:mini,32.0,4854,541.21,16.41,.048039,17.662902
1780382872,phi3:mini,32.0,4852,500.62,15.32,.051934,28.258603
1780382900,phi3:mini,32.0,4848,550.90,16.02,.047194,21.335247
1780382922,phi3:mini,33.0,4857,527.64,18.70,.049275,6.576338
1780382928,phi3:mini,33.0,4852,455.78,16.33,.057044,18.424365
1780382947,phi3:mini,32.0,4857,469.80,16.81,.055342,15.224493
1780382962,phi3:mini,33.0,4860,488.42,16.27,.053232,19.660607
1780382982,phi3:mini,33.0,4855,479.44,15.79,.054228,23.051929
1780383005,phi3:mini,33.0,4858,511.11,16.38,.050869,17.152993
1780383023,phi3:mini,33.0,4860,487.08,16.00,.053378,20.424986
1780383043,phi3:mini,33.0,4852,546.94,16.39,.047536,18.785513
1780383062,phi3:mini,33.0,4849,548.38,15.42,.047411,28.202319
1780383091,phi3:mini,32.0,4842,487.63,15.30,.053318,28.888377
1780383120,phi3:mini,33.0,4848,513.87,17.42,.050596,14.235737
1780383134,phi3:mini,34.0,4849,534.72,16.71,.048622,21.412695
1780383156,phi3:mini,34.0,4846,484.21,20.50,.053694,1.609500
1780383158,phi3:mini,34.0,4847,523.17,15.94,.049696,23.761852
1780383181,phi3:mini,32.0,4854,495.08,16.72,.052516,16.799446
1780383198,phi3:mini,32.0,4849,469.52,16.43,.055375,19.595472
1780383218,phi3:mini,32.0,4848,532.46,15.99,.048829,21.439949
1780383240,phi3:mini,33.0,4853,505.16,18.91,.051468,3.594256
1780383244,phi3:mini,33.0,4848,456.58,14.02,.056944,42.862579
1780383287,phi3:mini,32.0,4848,491.54,18.82,.052894,5.205992
1780383292,phi3:mini,34.0,4849,480.89,20.86,.054066,.862646
1780383293,phi3:mini,33.0,4849,472.78,16.59,.054992,17.473818
1780383311,phi3:mini,33.0,4846,446.30,16.36,.058255,18.333658
1780383329,phi3:mini,39.0,4878,485.99,15.83,.053498,25.263554
1780383355,phi3:mini,32.0,4839,483.11,16.26,.053817,20.595474
1780383375,phi3:mini,30.0,4835,496.49,17.48,.052367,14.813720
1780383390,phi3:mini,33.0,4834,515.48,20.13,.050438,2.632225
1780383393,phi3:mini,33.0,4828,530.82,10.83,.048979,145.276133
1780383539,phi3:mini,31.0,4833,466.42,15.70,.055742,23.566457
1780383563,phi3:mini,32.0,4836,492.48,16.41,.052793,18.461232
1780383581,phi3:mini,32.0,4836,473.02,17.65,.054965,12.347854
1780383594,phi3:mini,32.0,4839,474.35,16.19,.054811,20.127898
1780383614,phi3:mini,33.0,4839,534.84,17.10,.048612,13.037534
1780383627,phi3:mini,31.0,4836,502.44,14.68,.051746,40.244448
1780383668,phi3:mini,32.0,4864,536.15,16.02,.048493,26.575928
1780383695,phi3:mini,32.0,4862,492.50,18.32,.052791,7.641186
1780383702,phi3:mini,32.0,4862,459.29,15.51,.056608,27.197810
1780383730,phi3:mini,32.0,4864,480.84,17.39,.054071,13.683758
1780383744,phi3:mini,32.0,4860,459.34,15.74,.056602,28.255549
1780383772,phi3:mini,33.0,4840,504.41,17.06,.051544,18.923887
1780383791,phi3:mini,33.0,4841,521.96,13.65,.049811,56.096513
1780383848,phi3:mini,32.0,4846,462.46,20.80,.056220,1.057196
1780383849,phi3:mini,33.0,4843,469.65,21.89,.055359,.502322
1780383849,phi3:mini,33.0,4844,523.67,18.22,.049648,6.583654
1780383856,phi3:mini,33.0,4843,452.14,15.01,.057503,33.761375
1780383890,phi3:mini,33.0,4841,434.50,18.40,.059837,5.434425
1780383896,phi3:mini,32.0,4842,514.45,16.78,.050538,16.083991
1780383912,phi3:mini,32.0,4831,526.30,15.76,.049401,23.019717
1780383935,phi3:mini,32.0,4835,550.68,17.29,.047213,12.606878
1780383948,phi3:mini,33.0,4839,496.14,16.23,.052403,19.962032
1780383968,phi3:mini,33.0,4834,464.33,15.92,.055994,22.357215
1780383991,phi3:mini,34.0,4834,490.51,15.22,.053005,28.181356
1780384019,phi3:mini,32.0,4839,444.60,20.05,.058479,.947625
1780384020,phi3:mini,32.0,4834,522.52,16.15,.049758,20.362874
1780384041,phi3:mini,32.0,4835,485.56,15.34,.053546,28.681939
1780384070,phi3:mini,32.0,4833,500.96,17.91,.051899,10.663161
1780384081,phi3:mini,33.0,4835,549.37,15.48,.047326,27.582065
1780384108,phi3:mini,32.0,4835,466.83,16.67,.055693,14.875754
1780384123,phi3:mini,34.0,4833,493.31,15.41,.052704,26.527013
1780384150,phi3:mini,33.0,4834,464.56,17.91,.055966,7.868900
1780384158,phi3:mini,32.0,4835,432.54,16.19,.060110,20.247136
1780384179,phi3:mini,33.0,4833,467.88,16.87,.055569,14.637535
1780384193,phi3:mini,32.0,4829,508.83,14.78,.051097,33.212045
1780384227,phi3:mini,32.0,4833,488.84,16.12,.053187,20.274304
1780384247,phi3:mini,32.0,4836,453.72,18.61,.057303,5.425832
1780384253,phi3:mini,33.0,4835,482.29,20.44,.053909,.929269
1780384254,phi3:mini,32.0,4836,477.29,15.94,.054473,22.950872
1780384277,phi3:mini,32.0,4835,485.02,14.19,.053605,43.052766
1780384320,phi3:mini,32.0,4839,488.52,10.42,.053221,164.077539
1780384485,phi3:mini,32.0,4844,544.71,15.79,.047731,22.671780
1780384508,phi3:mini,32.0,4844,469.10,16.13,.055424,19.837975
1780384528,phi3:mini,32.0,4854,481.34,15.24,.054015,27.812409
1780384556,phi3:mini,32.0,4855,483.29,16.55,.053797,19.145520
1780384575,phi3:mini,32.0,4855,470.58,15.32,.055250,28.580953
1780384604,phi3:mini,32.0,4858,488.19,16.89,.053257,16.155168
1780384620,phi3:mini,33.0,4855,510.44,15.43,.050936,28.124219
1780384649,phi3:mini,33.0,4851,449.80,13.33,.057803,56.637941
1780384705,phi3:mini,32.0,4850,492.48,16.77,.052793,16.276974
1780384722,phi3:mini,34.0,4838,534.22,18.07,.048668,6.418102
1780384728,phi3:mini,34.0,4848,490.70,16.25,.052984,18.456687
1780384747,phi3:mini,30.0,4854,492.36,15.35,.052806,26.047014
1780384773,phi3:mini,32.0,4845,513.14,14.18,.050668,41.653384
1780384815,phi3:mini,32.0,4849,496.78,17.01,.052336,13.988503
1780384829,phi3:mini,32.0,4852,490.74,15.05,.052980,29.898618
1780384859,phi3:mini,34.0,4852,490.13,17.69,.053046,10.961362
1780384871,phi3:mini,34.0,4847,513.90,16.69,.050592,17.372843
1780384888,phi3:mini,33.0,4845,528.63,17.58,.049183,11.882032
1780384900,phi3:mini,33.0,4842,464.40,16.81,.055985,16.589744
1780384917,phi3:mini,32.0,4842,527.06,16.52,.049330,18.275318
1780384935,phi3:mini,33.0,4839,564.15,15.53,.046086,24.724608
1780384960,phi3:mini,32.0,4846,524.26,15.26,.049593,28.819591
1780384989,phi3:mini,32.0,4851,507.98,16.58,.051182,16.941371
1780385006,phi3:mini,32.0,4847,503.88,15.38,.051599,27.948520
1780385035,phi3:mini,32.0,4840,510.00,15.06,.050979,33.384776
1780385068,phi3:mini,32.0,4842,519.51,15.59,.050046,28.279247
1780385097,phi3:mini,30.0,4851,471.00,16.80,.055200,17.735123
1780385115,phi3:mini,32.0,4850,453.97,17.29,.057272,12.607351
1780385127,phi3:mini,32.0,4849,465.01,18.01,.055912,9.046297
1780385137,phi3:mini,34.0,4844,485.29,15.98,.053575,23.144808
1780385160,phi3:mini,34.0,4848,466.51,17.60,.055732,10.851436
1780385171,phi3:mini,33.0,4855,469.09,16.46,.055425,22.171680
1780385193,phi3:mini,33.0,4853,483.36,15.29,.053789,34.772800
1780385228,phi3:mini,32.0,4856,520.75,14.57,.049927,38.966734
1780385268,phi3:mini,33.0,4855,461.86,14.21,.056293,45.923912
1780385314,phi3:mini,33.0,4853,546.99,16.88,.047532,17.355856
1780385331,phi3:mini,33.0,4844,469.83,17.07,.055338,16.107479
1780385348,phi3:mini,32.0,4848,486.69,16.10,.053421,22.045679
1780385370,phi3:mini,33.0,4851,514.70,16.82,.050513,14.979089
1780385385,phi3:mini,32.0,4847,492.06,17.55,.052838,12.931840
1780385398,phi3:mini,33.0,4847,459.59,15.65,.056572,28.367846
1780385427,phi3:mini,32.0,4853,455.59,15.97,.057067,23.481395
1780385450,phi3:mini,30.0,4849,457.09,15.34,.056880,29.257788
1780385480,phi3:mini,33.0,4856,486.45,17.56,.053447,10.531111
1780385490,phi3:mini,33.0,4859,527.01,18.23,.049334,7.513489
1780385498,phi3:mini,33.0,4856,475.61,15.68,.054665,22.376893
1780385521,phi3:mini,30.0,4853,516.57,16.77,.050331,15.974669
1780385537,phi3:mini,32.0,4845,573.01,15.81,.045373,24.338415
1780385561,phi3:mini,33.0,4851,474.82,15.11,.054757,33.145939
1780385595,phi3:mini,33.0,4847,487.08,18.54,.053378,5.444986
1780385600,phi3:mini,33.0,4845,497.51,15.44,.052260,27.841567
1780385628,phi3:mini,33.0,4849,521.29,16.09,.049875,21.619398
1780385650,phi3:mini,33.0,4842,475.48,18.14,.054680,8.045498
1780385658,phi3:mini,33.0,4843,476.04,16.30,.054616,17.786621
1780385676,phi3:mini,34.0,4845,496.83,16.71,.052331,15.135937
1780385692,phi3:mini,32.0,4845,503.46,14.89,.051642,34.440994
1780385726,phi3:mini,33.0,4845,475.13,17.88,.054721,11.461546
1780385738,phi3:mini,34.0,4846,555.99,16.77,.046762,16.869058
1780385755,phi3:mini,33.0,4849,544.77,16.33,.047726,21.493412
1780385777,phi3:mini,32.0,4855,513.58,17.69,.050624,12.322989
1780385789,phi3:mini,33.0,4850,449.28,20.35,.057870,1.375430
1780385791,phi3:mini,33.0,4849,520.14,15.99,.049986,24.318704
1780385815,phi3:mini,33.0,4856,441.81,16.00,.058847,21.736905
1780385837,phi3:mini,34.0,4854,399.90,16.36,.065015,17.719873
1780385855,phi3:mini,32.0,4857,470.18,18.04,.055297,7.645957
1780385863,phi3:mini,33.0,4852,529.34,16.66,.049116,15.364189
1780385879,phi3:mini,32.0,4854,502.43,16.08,.051747,20.824816
1780385900,phi3:mini,32.0,4857,502.38,16.41,.051753,19.612938
1780385919,phi3:mini,33.0,4855,493.10,15.16,.052727,29.798321
1780385949,phi3:mini,32.0,4855,517.66,19.56,.050225,2.504374
1780385952,phi3:mini,34.0,4855,490.03,16.22,.053057,21.072845
1780385973,phi3:mini,32.0,4855,468.87,17.32,.055452,12.643937
1780385986,phi3:mini,33.0,4854,519.89,16.19,.050010,18.834498
1780386005,phi3:mini,33.0,4847,494.22,13.79,.052607,47.271007
1780386053,phi3:mini,32.0,4857,449.96,16.65,.057782,17.174047
1780386070,phi3:mini,32.0,4852,472.93,16.88,.054975,14.688105
1780386085,phi3:mini,33.0,4856,499.95,20.98,.052004,.857954
1780386086,phi3:mini,33.0,4854,513.47,16.04,.050635,23.370827
1780386109,phi3:mini,32.0,4851,445.49,15.91,.058361,22.363010
1780386132,phi3:mini,33.0,4852,472.20,16.90,.055061,14.316985
1780386147,phi3:mini,33.0,4855,499.65,17.01,.052035,14.516898
1780386161,phi3:mini,33.0,4855,496.92,16.35,.052321,22.074360
1780386183,phi3:mini,33.0,4851,469.27,14.54,.055405,37.051740
1780386221,phi3:mini,33.0,4854,511.07,14.68,.050873,34.190429
1780386255,phi3:mini,32.0,4854,440.98,15.19,.058958,28.553619
1780386284,phi3:mini,32.0,4853,487.65,15.49,.053316,28.010686
1780386312,phi3:mini,32.0,4849,511.58,16.80,.050822,14.935140
1780386327,phi3:mini,34.0,4850,489.43,15.69,.053122,22.685849
1780386350,phi3:mini,33.0,4855,457.14,13.96,.056874,45.411320
1780386396,phi3:mini,32.0,4858,502.79,18.45,.051710,6.122875
1780386402,phi3:mini,32.0,4854,477.80,14.81,.054415,35.030287
1780386437,phi3:mini,33.0,4845,495.92,16.88,.052427,16.521601
1780386454,phi3:mini,32.0,4854,523.83,18.98,.049634,4.952100
1780386459,phi3:mini,32.0,4846,469.83,19.43,.055339,2.572223
1780386462,phi3:mini,34.0,4849,496.23,15.86,.052394,22.181501
1780386484,phi3:mini,32.0,4855,527.45,14.06,.049293,44.288168
1780386529,phi3:mini,29.0,4852,504.00,14.91,.051587,28.905434
1780386558,phi3:mini,32.0,4849,482.44,17.92,.053892,7.699481
1780386566,phi3:mini,34.0,4849,497.16,14.76,.052296,35.015859
1780386601,phi3:mini,32.0,4857,474.04,16.53,.054847,19.413454
1780386621,phi3:mini,34.0,4862,530.44,15.47,.049015,32.245486
1780386653,phi3:mini,34.0,4857,498.25,15.09,.052181,33.718318
1780386687,phi3:mini,33.0,4857,496.91,18.36,.052323,7.515278
1780386695,phi3:mini,33.0,4856,517.43,16.00,.050248,22.238979
1780386717,phi3:mini,33.0,4854,461.99,17.96,.056277,7.849171
1780386725,phi3:mini,34.0,4852,473.99,17.73,.054852,8.289082
1780386733,phi3:mini,34.0,4847,445.64,14.15,.058342,46.699113
1780386780,phi3:mini,32.0,4842,507.25,15.66,.051256,24.134108
1780386805,phi3:mini,30.0,4849,462.66,15.49,.056196,28.724924
1780386834,phi3:mini,33.0,4844,497.74,19.76,.052236,3.694029
1780386837,phi3:mini,33.0,4848,474.59,15.76,.054783,23.918087
1780386862,phi3:mini,33.0,4853,490.34,15.52,.053024,28.147441
1780386890,phi3:mini,33.0,4851,517.40,15.82,.050250,21.229093
1780386911,phi3:mini,33.0,4851,503.50,17.23,.051637,13.288888
1780386925,phi3:mini,32.0,4849,509.93,13.92,.050986,47.311866
1780386972,phi3:mini,32.0,4852,469.74,16.46,.055349,17.978872
1780386991,phi3:mini,33.0,4860,487.66,15.62,.053315,24.708869
1780387015,phi3:mini,34.0,4854,522.58,15.66,.049752,23.814507
1780387040,phi3:mini,32.0,4847,486.61,15.16,.053429,28.952371
1780387069,phi3:mini,29.0,4842,430.82,15.82,.060350,21.679567
1780387091,phi3:mini,33.0,4840,459.74,16.72,.056553,15.005029
1780387106,phi3:mini,33.0,4841,504.97,17.14,.051487,10.962587
1780387117,phi3:mini,33.0,4846,465.88,17.13,.055808,13.655176
1780387131,phi3:mini,32.0,4841,442.80,17.39,.058717,12.419263
1780387143,phi3:mini,33.0,4841,526.35,19.20,.049396,2.499358
1780387146,phi3:mini,33.0,4837,488.60,19.10,.053212,5.024836
1780387151,phi3:mini,34.0,4839,484.27,16.60,.053688,17.040698
1780387168,phi3:mini,32.0,4842,479.02,15.79,.054276,23.107180
1780387192,phi3:mini,33.0,4845,482.54,16.63,.053881,15.630787
1780387207,phi3:mini,33.0,4848,506.74,15.92,.051308,23.795177
1780387231,phi3:mini,30.0,4848,449.52,16.38,.057839,21.358611
1780387253,phi3:mini,34.0,4852,478.19,18.25,.054370,7.558944
1780387261,phi3:mini,34.0,4847,437.66,17.20,.059406,13.253544
1780387274,phi3:mini,34.0,4850,458.89,19.18,.056658,4.900880
1780387279,phi3:mini,34.0,4849,497.35,16.67,.052276,16.375023
1780387296,phi3:mini,34.0,4852,502.54,16.13,.051736,20.573573
1780387317,phi3:mini,33.0,4853,522.03,17.63,.049805,9.242427
1780387326,phi3:mini,34.0,4849,469.59,17.44,.055367,12.499063
1780387339,phi3:mini,33.0,4847,471.46,15.43,.055147,26.430059
1780387365,phi3:mini,32.0,4848,488.55,15.69,.053218,28.547954
1780387394,phi3:mini,33.0,4851,547.45,17.55,.047492,10.878486
1780387405,phi3:mini,30.0,4846,549.94,17.76,.047277,10.753047
1780387416,phi3:mini,33.0,4850,533.10,17.56,.048771,9.221283
1780387425,phi3:mini,34.0,4839,486.32,15.25,.053461,29.106458
1780387455,phi3:mini,33.0,4841,466.72,16.44,.055707,16.663556
1780387472,phi3:mini,34.0,4838,480.49,15.63,.054110,25.642203
1780387497,phi3:mini,34.0,4843,489.68,16.92,.053095,13.940950
1780387512,phi3:mini,33.0,4846,483.46,16.98,.053778,16.834639
1780387529,phi3:mini,33.0,4847,489.07,17.19,.053161,13.722128
1780387542,phi3:mini,30.0,4848,426.03,17.66,.061027,9.509074
1780387552,phi3:mini,34.0,4850,504.66,22.15,.051519,.496481
1780387553,phi3:mini,34.0,4846,523.20,16.51,.049693,18.773263
1780387572,phi3:mini,33.0,4842,506.25,15.81,.051357,20.868774
1780387593,phi3:mini,32.0,4846,477.84,16.83,.054410,16.695366
1780387610,phi3:mini,33.0,4846,504.64,14.47,.051521,39.918745
1780387650,phi3:mini,30.0,4849,522.03,17.22,.049804,12.595002
1780387663,phi3:mini,32.0,4840,470.42,17.07,.055269,12.828262
1780387676,phi3:mini,32.0,4843,498.53,16.20,.052152,19.006431
1780387695,phi3:mini,32.0,4852,493.47,18.17,.052687,4.456513
1780387699,phi3:mini,33.0,4846,485.28,15.82,.053576,24.324371
1780387724,phi3:mini,32.0,4845,481.10,16.23,.054041,17.859003
1780387742,phi3:mini,32.0,4842,480.77,17.34,.054079,12.107426
1780387754,phi3:mini,32.0,4842,556.56,14.03,.046715,45.947876
1780387800,phi3:mini,32.0,4837,526.26,16.55,.049405,16.852344
1780387817,phi3:mini,32.0,4846,493.78,17.52,.052654,10.900122
1780387828,phi3:mini,29.0,4851,518.98,14.39,.050097,40.304155
1780387869,phi3:mini,31.0,4848,472.63,17.13,.055010,11.616711
1780387881,phi3:mini,33.0,4849,475.22,16.35,.054710,16.198881
1780387897,phi3:mini,32.0,4847,500.45,15.94,.051953,21.828115
1780387919,phi3:mini,32.0,4843,470.47,16.83,.055263,14.968499
1780387934,phi3:mini,32.0,4841,472.73,16.00,.054999,20.302083
1780387955,phi3:mini,32.0,4842,522.12,16.44,.049796,18.122432
1780387973,phi3:mini,32.0,4851,447.73,16.03,.058069,20.388257
1780387994,phi3:mini,32.0,4849,489.91,16.06,.053070,20.918516
1780388015,phi3:mini,32.0,4851,454.01,17.19,.057267,13.140804
1780388028,phi3:mini,32.0,4850,508.29,16.10,.051151,21.859369
1780388050,phi3:mini,28.0,4847,455.31,17.93,.057102,6.803585
1780388057,phi3:mini,31.0,4847,471.07,20.48,.055192,.878589
1780388058,phi3:mini,32.0,4846,438.66,18.53,.059270,5.935970
1780388064,phi3:mini,32.0,4843,494.52,16.26,.052575,18.993022
1780388083,phi3:mini,32.0,4842,554.85,15.97,.046858,22.407022
1780388106,phi3:mini,32.0,4839,491.86,15.85,.052859,22.833951
1780388129,phi3:mini,32.0,4830,496.66,19.69,.052349,2.284856
1780388132,phi3:mini,32.0,4835,454.88,10.44,.057157,165.511419
1780388297,phi3:mini,31.0,4835,496.62,16.85,.052353,13.647526
1780388311,phi3:mini,32.0,4843,542.50,16.81,.047925,14.388313
1780388326,phi3:mini,32.0,4843,485.83,18.34,.053515,5.232666
1780388331,phi3:mini,32.0,4847,471.09,20.35,.055190,.982756
1780388332,phi3:mini,32.0,4844,496.96,14.65,.052317,34.052835
1780388367,phi3:mini,32.0,4839,484.93,13.81,.053615,51.017980
1780388418,phi3:mini,32.0,4849,518.10,16.11,.050182,18.118727
1780388436,phi3:mini,29.0,4843,470.11,19.31,.055305,3.209652
1780388439,phi3:mini,29.0,4844,498.33,15.30,.052173,32.270291
1780388472,phi3:mini,31.0,4845,486.35,18.28,.053459,9.680345
1780388482,phi3:mini,32.0,4846,501.15,16.96,.051880,15.092531
1780388497,phi3:mini,32.0,4849,503.22,15.38,.051666,27.101673
1780388524,phi3:mini,33.0,4839,531.56,19.56,.048912,3.066591
1780388528,phi3:mini,31.0,4835,490.58,18.74,.052997,4.160231
1780388532,phi3:mini,32.0,4834,474.62,16.65,.054780,14.894083
1780388547,phi3:mini,31.0,4839,475.23,20.48,.054710,1.025185
1780388548,phi3:mini,32.0,4842,477.13,17.44,.054492,10.260126
1780388559,phi3:mini,32.0,4844,544.28,17.24,.047769,12.117706
1780388571,phi3:mini,32.0,4834,545.58,17.34,.047655,14.298857
1780388585,phi3:mini,32.0,4832,523.65,16.99,.049651,18.124916
1780388604,phi3:mini,32.0,4839,454.38,15.43,.057219,28.756706
1780388633,phi3:mini,32.0,4843,487.19,14.64,.053366,39.610121
1780388672,phi3:mini,31.0,4845,508.70,16.25,.051110,18.027250
1780388691,phi3:mini,32.0,4846,490.80,17.25,.052974,12.169351
1780388703,phi3:mini,32.0,4846,485.61,16.67,.053540,17.566156
1780388721,phi3:mini,32.0,4843,481.84,16.34,.053958,17.433017
1780388738,phi3:mini,28.0,4853,429.72,15.30,.060504,33.134405
1780388772,phi3:mini,28.0,4848,471.65,17.03,.055125,14.498203
1780388786,phi3:mini,32.0,4849,541.77,14.11,.047990,47.315921
1780388834,phi3:mini,32.0,4848,553.27,14.98,.046993,33.841589
1780388868,phi3:mini,31.0,4850,472.72,20.91,.054999,.669387
1780388869,phi3:mini,31.0,4853,521.49,17.33,.049856,13.380556
1780388882,phi3:mini,32.0,4848,469.64,15.26,.055360,29.609925
1780388912,phi3:mini,32.0,4856,491.78,18.33,.052868,8.235392
1780388921,phi3:mini,32.0,4855,492.53,15.22,.052787,31.602850
1780388952,phi3:mini,32.0,4849,473.51,16.18,.054908,20.202360
1780388973,phi3:mini,32.0,4856,513.10,16.97,.050671,14.549393
1780388988,phi3:mini,32.0,4852,532.30,16.13,.048844,20.883840
1780389009,phi3:mini,32.0,4859,474.04,15.94,.054846,22.208125
1780389031,phi3:mini,32.0,4854,499.55,18.12,.052046,6.839976
1780389038,phi3:mini,32.0,4852,434.98,17.67,.059771,11.939546
1780389050,phi3:mini,32.0,4854,455.76,16.60,.057046,16.925113
1780389067,phi3:mini,32.0,4850,453.64,15.21,.057313,29.385769
1780389097,phi3:mini,32.0,4854,504.05,17.25,.051581,13.850312
1780389111,phi3:mini,29.0,4851,489.49,14.65,.053116,34.724694
1780389146,phi3:mini,31.0,4856,448.27,12.73,.058000,68.724270
1780389215,phi3:mini,32.0,4856,489.14,16.49,.053153,17.039760
1780389232,phi3:mini,32.0,4858,498.79,16.58,.052125,16.763456
1780389249,phi3:mini,32.0,4856,491.57,16.44,.052890,16.361800
1780389265,phi3:mini,32.0,4856,463.88,18.24,.056047,5.151167
1780389271,phi3:mini,33.0,4857,494.97,15.36,.052527,28.893151
1780389300,phi3:mini,32.0,4852,430.75,16.71,.060359,15.976229
1780389316,phi3:mini,32.0,4852,479.20,17.24,.054256,12.585132
1780389329,phi3:mini,32.0,4850,494.40,16.95,.052588,13.858664
1780389343,phi3:mini,32.0,4851,512.29,16.33,.050752,20.448467
1780389363,phi3:mini,32.0,4843,497.13,19.53,.052299,4.146775
1780389368,phi3:mini,33.0,4848,501.20,14.55,.051875,39.095635
1780389407,phi3:mini,32.0,4847,475.99,16.33,.054622,19.586803
1780389427,phi3:mini,32.0,4847,502.77,16.55,.051713,17.521061
1780389445,phi3:mini,32.0,4849,512.46,16.75,.050734,17.309418
1780389462,phi3:mini,32.0,4855,485.62,17.28,.053539,11.977907
1780389474,phi3:mini,32.0,4852,483.82,15.49,.053738,27.938912
1780389502,phi3:mini,32.0,4850,462.97,14.72,.056158,38.238008
1780389541,phi3:mini,32.0,4848,488.74,17.46,.053197,10.878790
1780389552,phi3:mini,32.0,4847,483.91,19.21,.053728,3.071001
1780389555,phi3:mini,33.0,4846,538.38,17.75,.048292,9.914231
1780389565,phi3:mini,33.0,4853,502.76,14.81,.051714,34.008355
1780389599,phi3:mini,32.0,4851,490.18,14.22,.053041,41.346159
1780389641,phi3:mini,32.0,4861,489.24,18.41,.053142,4.888071
1780389646,phi3:mini,33.0,4856,495.03,16.31,.052521,18.628035
1780389665,phi3:mini,32.0,4852,467.85,15.65,.055572,23.820935
1780389689,phi3:mini,33.0,4861,539.80,17.35,.048165,11.006261
1780389700,phi3:mini,33.0,4863,438.88,16.01,.059240,20.289193
1780389720,phi3:mini,32.0,4862,528.36,18.06,.049208,7.859240
1780389728,phi3:mini,32.0,4857,495.82,18.95,.052438,3.164945
1780389732,phi3:mini,33.0,4859,527.23,15.02,.049314,31.607208
1780389764,phi3:mini,32.0,4853,458.43,15.49,.056714,25.614471
1780389789,phi3:mini,32.0,4854,444.72,17.01,.058463,14.222464
1780389804,phi3:mini,32.0,4854,519.25,16.88,.050072,14.156167
1780389818,phi3:mini,33.0,4851,501.38,16.17,.051855,19.294346
1780389838,phi3:mini,33.0,4841,514.42,13.55,.050541,53.267874
1780389891,phi3:mini,32.0,4842,475.45,15.69,.054684,23.323278
1780389915,phi3:mini,32.0,4839,478.03,17.22,.054388,11.321356
1780389926,phi3:mini,30.0,4839,497.93,17.27,.052215,11.344734
1780389938,phi3:mini,32.0,4842,438.08,16.83,.059349,13.779129
1780389952,phi3:mini,32.0,4843,454.68,16.85,.057182,14.658606
1780389966,phi3:mini,32.0,4848,503.81,18.73,.051606,5.124936
1780389972,phi3:mini,32.0,4852,463.03,14.89,.056151,32.287878
1780390004,phi3:mini,32.0,4851,493.07,16.00,.052730,20.997501
1780390025,phi3:mini,33.0,4853,499.23,16.29,.052079,19.757393
1780390045,phi3:mini,32.0,4850,460.96,16.91,.056402,13.712932
1780390059,phi3:mini,32.0,4850,477.84,16.52,.054411,20.209014
1780390080,phi3:mini,32.0,4847,452.51,18.09,.057456,10.557800
1780390090,phi3:mini,33.0,4853,514.26,17.08,.050557,14.629695
1780390105,phi3:mini,32.0,4850,500.19,16.80,.051979,16.241544
1780390122,phi3:mini,33.0,4855,444.91,19.56,.058438,2.299587
1780390124,phi3:mini,33.0,4854,502.53,17.45,.051738,11.687107
1780390136,phi3:mini,32.0,4850,472.33,15.35,.055045,27.672878
1780390164,phi3:mini,32.0,4849,457.56,17.18,.056822,12.689109
1780390177,phi3:mini,34.0,4852,471.89,19.74,.055096,2.329448
1780390179,phi3:mini,34.0,4851,485.35,17.93,.053568,9.755026
1780390189,phi3:mini,32.0,4846,488.46,15.75,.053228,21.129627
1780390210,phi3:mini,32.0,4844,532.94,19.27,.048785,2.541592
1780390213,phi3:mini,32.0,4846,472.77,20.35,.054994,1.424402
1780390215,phi3:mini,32.0,4845,485.10,16.36,.053596,17.109443
1780390232,phi3:mini,32.0,4854,484.82,17.03,.053627,12.327316
1780390245,phi3:mini,32.0,4841,492.04,14.78,.052841,33.473146
1780390278,phi3:mini,32.0,4859,517.94,17.09,.050198,12.750034
1780390291,phi3:mini,32.0,4857,486.89,17.13,.053399,13.598351
1780390305,phi3:mini,32.0,4857,528.62,15.79,.049184,24.443484
1780390330,phi3:mini,29.0,4857,468.95,17.41,.055442,10.965190
1780390341,phi3:mini,33.0,4856,523.45,16.02,.049670,22.658747
1780390364,phi3:mini,32.0,4859,481.59,17.02,.053987,15.563379
1780390379,phi3:mini,32.0,4857,461.14,16.03,.056381,22.694102
1780390402,phi3:mini,29.0,4865,491.27,13.86,.052924,48.032488
1780390451,phi3:mini,32.0,4862,500.45,13.71,.051952,49.303386
1780390500,phi3:mini,30.0,4857,463.10,17.51,.056142,10.163613
1780390510,phi3:mini,32.0,4852,444.96,15.76,.058431,24.997015
1780390536,phi3:mini,32.0,4856,482.39,18.77,.053897,4.366779
1780390540,phi3:mini,33.0,4853,459.87,17.04,.056537,15.191454
1780390556,phi3:mini,32.0,4853,468.06,12.97,.055547,66.671160
1780390622,phi3:mini,32.0,4858,550.08,15.35,.047265,31.975965
1780390655,phi3:mini,32.0,4866,468.82,16.15,.055457,22.773662
1780390678,phi3:mini,33.0,4866,498.82,17.14,.052122,13.647016
1780390691,phi3:mini,33.0,4861,433.47,18.63,.059980,5.903972
1780390697,phi3:mini,33.0,4860,452.27,16.41,.057487,19.914771
1780390718,phi3:mini,33.0,4862,532.69,16.99,.048808,13.947711
1780390732,phi3:mini,32.0,4864,484.82,16.91,.053628,14.836599
1780390747,phi3:mini,32.0,4868,477.25,15.38,.054478,30.033482
1780390777,phi3:mini,33.0,4861,450.72,14.64,.057684,40.618171
1780390818,phi3:mini,30.0,4862,473.46,14.67,.054914,37.481281
1780390856,phi3:mini,32.0,4886,492.70,16.76,.052769,15.273627
1780390871,phi3:mini,32.0,4861,488.57,15.66,.053216,25.026690
1780390896,phi3:mini,32.0,4859,493.72,16.22,.052660,19.050504
1780390915,phi3:mini,32.0,4863,451.83,16.39,.057543,18.974790
1780390935,phi3:mini,32.0,4861,439.47,15.43,.059161,27.608431
1780390962,phi3:mini,32.0,4861,509.39,17.98,.051040,7.841990
1780390970,phi3:mini,32.0,4861,493.14,16.45,.052723,17.439617
1780390988,phi3:mini,32.0,4846,497.25,19.15,.052287,2.976222
1780390991,phi3:mini,32.0,4841,535.76,18.30,.048528,6.556087
1780390998,phi3:mini,32.0,4840,531.24,20.98,.048941,.953075
1780390999,phi3:mini,33.0,4835,486.85,16.83,.053403,15.210270
1780391014,phi3:mini,34.0,4841,498.56,16.59,.052149,17.231911
1780391032,phi3:mini,32.0,4850,439.68,18.30,.059132,7.811659
1780391040,phi3:mini,33.0,4850,547.47,17.03,.047491,12.853878
1780391053,phi3:mini,33.0,4850,479.86,15.77,.054181,22.630693
1780391076,phi3:mini,34.0,4852,530.70,17.32,.048991,10.965444
1780391087,phi3:mini,32.0,4854,524.08,18.61,.049610,5.263503
1780391092,phi3:mini,33.0,4856,406.24,16.50,.064001,17.446848
1780391110,phi3:mini,34.0,4838,560.86,19.75,.046357,2.631587
1780391113,phi3:mini,34.0,4841,447.99,15.82,.058035,27.676929
1780391140,phi3:mini,32.0,4844,476.43,15.38,.054572,31.208762
1780391172,phi3:mini,32.0,4847,478.53,14.15,.054332,44.874980
1780391217,phi3:mini,32.0,4854,505.55,17.65,.051428,9.347208
1780391226,phi3:mini,33.0,4854,447.81,18.01,.058060,8.049794
1780391235,phi3:mini,33.0,4842,456.56,15.88,.056947,23.223830
1780391258,phi3:mini,33.0,4847,545.96,16.65,.047622,16.866846
1780391275,phi3:mini,32.0,4848,512.82,16.68,.050699,19.357368
1780391295,phi3:mini,33.0,4844,504.39,14.29,.051546,44.481556
1780391339,phi3:mini,32.0,4847,485.44,17.55,.053558,11.276369
1780391351,phi3:mini,32.0,4853,488.51,16.34,.053222,20.003903
1780391371,phi3:mini,32.0,4849,494.00,16.19,.052631,18.642151
1780391390,phi3:mini,32.0,4851,475.08,16.15,.054726,17.949929
1780391408,phi3:mini,32.0,4853,464.03,15.34,.056030,28.876265
1780391437,phi3:mini,33.0,4854,490.82,18.86,.052971,4.929761
1780391442,phi3:mini,33.0,4854,476.92,19.30,.054516,5.593668
1780391448,phi3:mini,32.0,4846,469.54,17.64,.055372,12.354627
1780391460,phi3:mini,32.0,4849,460.52,16.65,.056457,15.072314
1780391476,phi3:mini,32.0,4846,536.65,16.20,.048448,20.054704
1780391496,phi3:mini,32.0,4848,487.44,16.98,.053339,14.599898
1780391511,phi3:mini,32.0,4847,527.80,15.13,.049260,33.951809
1780391545,phi3:mini,32.0,4852,482.11,16.71,.053929,14.892994
1780391560,phi3:mini,32.0,4848,525.25,17.92,.049499,11.714555
1780391572,phi3:mini,33.0,4844,512.26,15.91,.050755,24.252960
1780391596,phi3:mini,33.0,4843,512.01,14.71,.050779,36.836062
1780391633,phi3:mini,33.0,4850,514.35,15.79,.050548,24.684954
1780391658,phi3:mini,33.0,4845,446.61,18.64,.058215,6.059074
1780391664,phi3:mini,33.0,4847,516.25,13.99,.050363,44.658912
1780391709,phi3:mini,32.0,4838,505.58,16.87,.051425,14.219557
1780391724,phi3:mini,34.0,4838,434.38,15.62,.059855,26.887868
1780391751,phi3:mini,33.0,4835,433.38,15.38,.059993,32.753803
1780391784,phi3:mini,32.0,4842,497.77,15.55,.052232,27.903337
1780391812,phi3:mini,32.0,4843,488.04,16.60,.053274,16.863444
1780391829,phi3:mini,32.0,4845,520.28,15.91,.049973,23.748122
1780391853,phi3:mini,33.0,4843,471.53,17.37,.055139,12.549000
1780391866,phi3:mini,32.0,4844,493.40,17.65,.052695,12.177057
1780391878,phi3:mini,34.0,4851,512.15,18.86,.050765,5.458985
1780391884,phi3:mini,33.0,4843,497.81,15.33,.052228,28.307059
1780391912,phi3:mini,33.0,4846,440.33,19.22,.059046,2.808508
1780391915,phi3:mini,32.0,4850,466.87,19.62,.055689,2.293167
1780391917,phi3:mini,33.0,4851,503.53,18.20,.051634,9.555430
1780391927,phi3:mini,31.0,4847,515.80,19.67,.050406,1.474272
1780391929,phi3:mini,36.0,4843,485.00,15.47,.053608,28.050240
1780391957,phi3:mini,34.0,4853,511.84,17.06,.050796,13.534372
1780391971,phi3:mini,33.0,4846,469.25,16.52,.055406,17.549515
1780391989,phi3:mini,33.0,4846,494.84,16.66,.052541,16.865273
1780392006,phi3:mini,32.0,4841,470.90,14.23,.055212,41.646602
1780392047,phi3:mini,32.0,4848,502.08,17.17,.051783,12.404860
1780392060,phi3:mini,33.0,4850,536.12,14.30,.048495,41.450826
1780392102,phi3:mini,32.0,4852,520.50,13.32,.049951,57.193533
1780392159,phi3:mini,32.0,4851,522.70,16.83,.049741,14.076358
1780392173,phi3:mini,32.0,4857,471.05,18.00,.055195,8.719270
1780392182,phi3:mini,33.0,4848,476.87,17.33,.054521,12.515172
1780392195,phi3:mini,32.0,4840,471.25,19.18,.055172,2.502064
1780392198,phi3:mini,33.0,4842,501.52,14.32,.051842,39.166932
1780392237,phi3:mini,33.0,4846,519.58,15.14,.050039,28.322870
1780392265,phi3:mini,32.0,4849,419.93,17.32,.061914,11.887166
1780392278,phi3:mini,33.0,4844,486.17,17.27,.053479,11.113241
1780392289,phi3:mini,33.0,4841,487.53,16.98,.053329,14.013854
1780392303,phi3:mini,33.0,4840,514.67,17.80,.050517,9.940028
1780392313,phi3:mini,34.0,4841,447.36,16.34,.058118,17.925872
1780392331,phi3:mini,32.0,4846,464.06,17.48,.056026,13.327790
1780392345,phi3:mini,33.0,4848,467.83,16.62,.055575,15.097120
1780392360,phi3:mini,32.0,4851,484.89,15.76,.053619,25.686372
1780392386,phi3:mini,33.0,4851,486.49,9.97,.053443,194.723340
1780392581,phi3:mini,31.0,4847,493.93,16.27,.052638,19.166513
1780392600,phi3:mini,32.0,4849,487.66,14.80,.053315,35.452716
1780392636,phi3:mini,32.0,4845,482.13,15.86,.053926,21.303662
1780392658,phi3:mini,33.0,4851,461.46,19.42,.056342,4.839900
1780392663,phi3:mini,32.0,4845,541.06,19.79,.048053,3.283759
1780392666,phi3:mini,33.0,4841,491.43,15.65,.052906,28.039064
1780392694,phi3:mini,32.0,4851,514.55,18.79,.050528,4.895709
1780392699,phi3:mini,33.0,4852,551.81,17.35,.047116,12.559788
1780392712,phi3:mini,33.0,4850,469.54,14.18,.055372,43.139997
1780392755,phi3:mini,32.0,4848,490.63,17.27,.052992,11.058239
1780392767,phi3:mini,32.0,4850,485.99,15.98,.053498,21.326165
1780392788,phi3:mini,32.0,4848,424.61,18.26,.061231,6.625247
1780392795,phi3:mini,32.0,4838,484.13,17.26,.053704,11.873710
1780392807,phi3:mini,34.0,4845,502.34,19.64,.051757,4.327661
1780392811,phi3:mini,33.0,4848,539.81,16.32,.048164,21.622589
1780392833,phi3:mini,32.0,4853,525.93,18.92,.049436,4.490421
1780392838,phi3:mini,32.0,4845,502.72,17.26,.051718,13.782487
1780392852,phi3:mini,33.0,4851,497.95,16.37,.052213,21.440284
1780392873,phi3:mini,33.0,4857,478.09,15.59,.054382,24.497097
1780392898,phi3:mini,33.0,4847,492.89,16.54,.052749,17.229592
1780392916,phi3:mini,32.0,4851,480.98,15.88,.054055,22.156061
1780392938,phi3:mini,33.0,4852,485.00,15.38,.053607,24.896292
1780392963,phi3:mini,33.0,4846,498.05,15.64,.052202,25.111963
1780392988,phi3:mini,33.0,4848,430.76,16.53,.060357,19.289310
1780393008,phi3:mini,33.0,4853,541.87,17.47,.047981,13.388599
1780393021,phi3:mini,34.0,4856,503.77,18.33,.051610,8.017523
1780393030,phi3:mini,33.0,4856,500.73,18.74,.051924,4.961805
1780393035,phi3:mini,34.0,4852,466.47,16.64,.055737,16.826529
1780393052,phi3:mini,30.0,4854,536.24,15.89,.048485,22.653191
1780393075,phi3:mini,34.0,4857,508.45,18.67,.051135,5.835119
1780393081,phi3:mini,34.0,4853,510.81,16.56,.050899,17.682742
1780393098,phi3:mini,33.0,4855,511.11,14.61,.050869,41.526584
1780393140,phi3:mini,33.0,4850,557.15,18.18,.046665,9.458337
1780393150,phi3:mini,32.0,4856,519.94,16.63,.050004,18.755168
1780393169,phi3:mini,33.0,4854,473.89,17.61,.054864,12.374849
1780393181,phi3:mini,32.0,4858,487.47,17.02,.053336,13.332341
1780393195,phi3:mini,32.0,4860,553.72,16.95,.046955,14.631103
1780393210,phi3:mini,34.0,4856,452.27,17.04,.057487,14.490411
1780393224,phi3:mini,33.0,4851,460.61,17.43,.056446,13.188206
1780393238,phi3:mini,34.0,4849,486.33,15.49,.053461,27.809202
1780393266,phi3:mini,32.0,4846,483.60,15.01,.053763,34.228395
1780393300,phi3:mini,33.0,4851,478.17,17.31,.054373,13.804630
1780393314,phi3:mini,32.0,4852,478.86,15.86,.054295,22.436890
1780393337,phi3:mini,32.0,4854,492.76,15.66,.052763,22.594126
1780393360,phi3:mini,32.0,4851,479.11,14.39,.054266,39.322963
1780393399,phi3:mini,32.0,4853,441.93,15.98,.058832,22.903332
1780393422,phi3:mini,32.0,4852,462.15,17.20,.056258,13.778172
1780393436,phi3:mini,33.0,4854,468.42,16.23,.055504,20.321241
1780393457,phi3:mini,32.0,4855,491.25,15.09,.052925,32.137363
1780393489,phi3:mini,32.0,4856,479.81,15.61,.054188,27.864522
1780393517,phi3:mini,30.0,4859,447.52,15.99,.058097,21.948247
1780393539,phi3:mini,32.0,4851,487.64,16.50,.053316,18.115470
1780393558,phi3:mini,32.0,4852,506.80,16.73,.051302,16.311080
1780393574,phi3:mini,33.0,4857,486.50,16.46,.053442,16.881337
1780393591,phi3:mini,32.0,4857,562.57,12.92,.046216,63.820432
1780393655,phi3:mini,32.0,4856,469.87,16.02,.055334,22.277517
1780393678,phi3:mini,33.0,4862,473.16,15.54,.054948,28.877321
1780393707,phi3:mini,33.0,4850,492.10,16.41,.052834,17.053017
1780393724,phi3:mini,32.0,4851,495.63,15.78,.052458,23.055907
1780393747,phi3:mini,32.0,4853,433.23,16.84,.060013,14.778024
1780393762,phi3:mini,32.0,4854,469.73,14.15,.055349,43.157487
1780393806,phi3:mini,32.0,4849,465.62,15.00,.055838,31.653355
1780393837,phi3:mini,33.0,4853,519.37,15.15,.050060,29.761346
1780393867,phi3:mini,32.0,4855,515.33,15.46,.050452,28.706116
1780393896,phi3:mini,32.0,4854,505.46,19.63,.051437,3.565088
1780393900,phi3:mini,33.0,4856,541.80,18.57,.047987,5.436501
1780393906,phi3:mini,33.0,4855,466.08,20.58,.055783,1.214214
1780393907,phi3:mini,32.0,4853,476.01,16.09,.054620,22.492625
1780393930,phi3:mini,32.0,4856,469.66,17.40,.055358,11.545215
1780393941,phi3:mini,32.0,4856,460.29,14.96,.056485,33.619833
1780393975,phi3:mini,34.0,4853,510.76,19.21,.050904,2.914167
1780393978,phi3:mini,33.0,4854,492.16,19.17,.052827,4.224894
1780393983,phi3:mini,32.0,4849,530.29,16.01,.049029,20.666661
1780394004,phi3:mini,33.0,4853,567.77,19.33,.045792,2.637562
1780394006,phi3:mini,33.0,4854,475.28,15.28,.054703,30.418184
1780394037,phi3:mini,33.0,4852,422.27,15.78,.061571,25.156799
1780394062,phi3:mini,32.0,4851,478.17,16.97,.054373,12.368905
1780394075,phi3:mini,33.0,4852,535.49,16.51,.048553,17.139505
1780394092,phi3:mini,32.0,4853,518.64,16.19,.050130,20.741858
1780394113,phi3:mini,32.0,4848,509.36,15.55,.051043,29.631976
1780394143,phi3:mini,32.0,4849,476.93,16.78,.054514,13.046047
1780394156,phi3:mini,32.0,4852,530.15,17.76,.049041,10.415394
1780394167,phi3:mini,33.0,4849,479.93,16.13,.054173,19.828439
1780394187,phi3:mini,30.0,4842,476.33,18.01,.054583,7.547863
1780394195,phi3:mini,33.0,4833,476.44,18.21,.054571,7.685181
1780394202,phi3:mini,32.0,4836,515.30,15.47,.050455,24.679003
1780394227,phi3:mini,32.0,4842,493.26,19.18,.052709,2.970951
1780394230,phi3:mini,33.0,4841,484.32,16.40,.053683,16.639925
1780394247,phi3:mini,33.0,4838,542.28,15.53,.047945,28.380540
1780394276,phi3:mini,32.0,4843,480.60,16.51,.054098,18.281263
1780394294,phi3:mini,33.0,4839,540.31,16.39,.048120,20.193915
1780394315,phi3:mini,32.0,4841,488.99,15.49,.053170,25.039823
1780394340,phi3:mini,32.0,4836,460.96,15.74,.056402,23.372487
1780394364,phi3:mini,32.0,4838,491.79,20.35,.052867,1.080847
1780394365,phi3:mini,32.0,4840,504.28,16.12,.051557,21.642755
1780394387,phi3:mini,32.0,4828,492.63,14.59,.052777,39.863479
1780394427,phi3:mini,32.0,4828,493.25,18.69,.052710,6.096258
1780394433,phi3:mini,32.0,4836,446.69,17.01,.058205,18.338185
1780394451,phi3:mini,32.0,4846,505.86,17.02,.051397,15.446677
1780394467,phi3:mini,32.0,4845,483.09,15.02,.053819,30.490691
1780394498,phi3:mini,32.0,4844,476.85,15.93,.054523,22.025121
1780394520,phi3:mini,32.0,4839,478.00,14.84,.054392,33.811403
1780394554,phi3:mini,31.0,4846,485.52,17.03,.053550,11.387791
1780394566,phi3:mini,32.0,4848,492.67,18.19,.052773,6.321776
1780394572,phi3:mini,30.0,4853,461.35,14.14,.056355,42.143327
1780394614,phi3:mini,32.0,4845,489.12,15.59,.053155,23.983330
1780394639,phi3:mini,32.0,4849,484.65,16.36,.053646,18.519316
1780394657,phi3:mini,32.0,4841,556.22,18.02,.046743,7.769119
1780394665,phi3:mini,33.0,4840,478.94,14.19,.054286,45.642655
1780394711,phi3:mini,32.0,4843,483.73,16.52,.053748,17.122248
1780394728,phi3:mini,31.0,4845,495.00,16.32,.052524,17.766223
1780394746,phi3:mini,32.0,4846,500.49,18.83,.051949,4.193793
1780394751,phi3:mini,32.0,4848,534.33,16.05,.048658,20.871874
1780394772,phi3:mini,32.0,4837,429.62,17.19,.060517,12.678459
1780394785,phi3:mini,32.0,4838,510.14,14.69,.050965,35.860023
1780394821,phi3:mini,32.0,4842,541.99,18.00,.047970,8.332513
1780394829,phi3:mini,33.0,4847,454.42,18.04,.057214,8.366529
1780394838,phi3:mini,32.0,4845,500.17,14.29,.051981,41.124682
1780394879,phi3:mini,32.0,4847,473.01,15.97,.054966,21.154875
1780394900,phi3:mini,30.0,4845,417.05,17.00,.062341,13.879720
1780394915,phi3:mini,32.0,4844,471.85,15.54,.055101,28.375406
1780394943,phi3:mini,32.0,4847,520.88,19.84,.049915,2.620917
1780394946,phi3:mini,32.0,4844,505.76,16.70,.051407,18.082975
1780394964,phi3:mini,32.0,4842,485.35,17.04,.053569,16.489692
1780394981,phi3:mini,33.0,4840,468.92,15.48,.055446,29.644607
1780395011,phi3:mini,33.0,4838,504.89,17.08,.051495,13.698355
1780395025,phi3:mini,32.0,4828,482.62,14.92,.053871,34.306932
1780395059,phi3:mini,32.0,4835,478.19,16.79,.054371,14.410247
1780395074,phi3:mini,32.0,4840,486.56,19.47,.053435,2.413707
1780395076,phi3:mini,33.0,4833,488.81,15.13,.053189,29.593146
1780395106,phi3:mini,32.0,4847,476.61,16.66,.054550,16.986100
1780395123,phi3:mini,33.0,4848,475.31,16.76,.054700,17.297917
1780395141,phi3:mini,33.0,4851,500.40,16.60,.051957,17.228849
1780395158,phi3:mini,33.0,4848,489.58,12.13,.053106,82.645479
1780395241,phi3:mini,32.0,4852,438.24,15.44,.059328,28.432165
1780395270,phi3:mini,32.0,4849,455.17,16.51,.057120,16.958143
1780395287,phi3:mini,32.0,4848,431.47,17.03,.060258,13.791231
1780395301,phi3:mini,32.0,4839,457.61,15.36,.056816,30.710790
1780395332,phi3:mini,32.0,4841,445.49,15.57,.058362,22.852861
1780395355,phi3:mini,32.0,4854,436.01,16.17,.059630,21.945507
1780395377,phi3:mini,33.0,4854,489.85,17.42,.053077,15.039347
1780395392,phi3:mini,34.0,4852,505.93,15.88,.051389,24.176670
1780395416,phi3:mini,32.0,4860,489.66,15.49,.053097,28.456860
1780395445,phi3:mini,32.0,4846,516.17,16.82,.050370,14.203615
1780395459,phi3:mini,34.0,4853,468.35,17.54,.055512,11.169890
1780395471,phi3:mini,32.0,4847,501.13,17.18,.051881,12.625673
1780395484,phi3:mini,33.0,4846,500.10,17.55,.051988,8.430754
1780395492,phi3:mini,29.0,4846,544.49,15.07,.047750,29.909901
1780395522,phi3:mini,32.0,4845,473.27,14.79,.054936,33.939451
1780395556,phi3:mini,33.0,4846,405.63,16.91,.064096,13.659119
1780395570,phi3:mini,32.0,4847,522.37,17.07,.049772,13.466658
1780395584,phi3:mini,33.0,4846,533.14,15.76,.048767,26.258309
1780395610,phi3:mini,32.0,4847,452.47,19.19,.057461,3.125864
1780395614,phi3:mini,32.0,4852,496.66,17.52,.052348,10.671417
1780395625,phi3:mini,33.0,4849,497.38,15.22,.052273,27.785218
1780395652,phi3:mini,33.0,4852,464.87,15.31,.055928,25.981389
1780395679,phi3:mini,33.0,4853,529.79,17.50,.049075,11.025043
1780395690,phi3:mini,30.0,4852,491.89,15.34,.052856,29.595772
1780395720,phi3:mini,32.0,4854,498.09,16.17,.052199,18.547051
1780395738,phi3:mini,32.0,4854,492.25,16.98,.052818,13.836192
1780395752,phi3:mini,32.0,4851,497.88,15.84,.052220,27.962199
1780395781,phi3:mini,33.0,4855,474.70,15.78,.054770,27.937922
1780395809,phi3:mini,33.0,4850,450.79,16.58,.057675,17.122734
1780395826,phi3:mini,32.0,4845,495.62,15.52,.052458,24.155229
1780395850,phi3:mini,32.0,4842,486.96,15.73,.053391,23.327898
1780395874,phi3:mini,33.0,4840,567.95,18.69,.045778,7.383527
1780395881,phi3:mini,34.0,4833,501.39,17.30,.051855,14.563646
1780395896,phi3:mini,32.0,4838,472.90,17.63,.054979,14.741154
1780395911,phi3:mini,34.0,4841,501.64,16.18,.051829,20.878075
1780395932,phi3:mini,32.0,4835,479.12,18.26,.054265,6.351972
1780395939,phi3:mini,32.0,4832,529.73,19.76,.049081,2.276359
1780395941,phi3:mini,34.0,4834,532.87,17.42,.048792,10.958438
1780395952,phi3:mini,32.0,4840,579.51,16.16,.044865,20.223453
1780395973,phi3:mini,33.0,4839,526.51,18.72,.049381,4.752960
1780395978,phi3:mini,33.0,4839,499.76,16.13,.052024,20.262469
1780395998,phi3:mini,33.0,4844,481.27,15.70,.054022,24.965201
1780396023,phi3:mini,33.0,4846,556.77,15.25,.046697,28.447987
1780396052,phi3:mini,33.0,4854,409.11,19.27,.063552,3.475190
1780396055,phi3:mini,34.0,4850,487.90,17.26,.053289,12.163095
1780396068,phi3:mini,32.0,4844,464.27,16.57,.056001,16.832871
1780396085,phi3:mini,33.0,4843,507.05,15.31,.051276,30.098733
1780396115,phi3:mini,32.0,4847,507.81,16.19,.051199,19.641560
1780396135,phi3:mini,33.0,4850,464.35,17.15,.055992,13.288416
1780396148,phi3:mini,33.0,4853,468.36,17.28,.055512,13.595721
1780396162,phi3:mini,30.0,4850,480.74,15.56,.054082,25.436943
1780396188,phi3:mini,33.0,4847,506.35,16.07,.051346,20.339084
1780396208,phi3:mini,32.0,4843,465.08,15.64,.055903,27.604913
1780396236,phi3:mini,32.0,4846,462.10,14.19,.056264,43.249572
1780396280,phi3:mini,32.0,4852,432.66,15.74,.060092,24.262798
1780396304,phi3:mini,33.0,4849,437.17,17.07,.059472,14.580799
1780396319,phi3:mini,33.0,4842,473.29,16.41,.054933,19.189795
1780396338,phi3:mini,32.0,4843,500.22,15.21,.051976,28.662747
1780396367,phi3:mini,32.0,4843,505.30,15.68,.051453,24.797112
1780396392,phi3:mini,32.0,4850,549.58,15.63,.047308,27.182194
1780396419,phi3:mini,33.0,4846,539.61,16.73,.048182,15.775251
1780396435,phi3:mini,33.0,4852,525.39,17.06,.049486,12.835672
1780396448,phi3:mini,32.0,4852,487.24,14.98,.053360,35.025896
1780396484,phi3:mini,33.0,4850,516.68,20.60,.050320,1.067647
1780396485,phi3:mini,30.0,4852,445.83,15.83,.058317,25.517950
1780396511,phi3:mini,29.0,4846,468.45,17.00,.055501,13.233829
1780396524,phi3:mini,33.0,4847,479.99,18.33,.054167,5.345498
1780396529,phi3:mini,32.0,4846,478.53,11.96,.054332,93.555152
1780396623,phi3:mini,29.0,4845,483.77,16.64,.053743,17.002981
1780396640,phi3:mini,33.0,4847,481.29,17.13,.054020,14.124103
1780396655,phi3:mini,32.0,4853,455.01,17.75,.057141,13.183024
1780396668,phi3:mini,34.0,4846,503.06,20.17,.051683,1.982909
1780396670,phi3:mini,34.0,4848,537.53,15.77,.048368,26.304736
1780396697,phi3:mini,32.0,4853,510.75,16.76,.050904,16.884671
1780396714,phi3:mini,30.0,4852,500.43,17.03,.051954,13.792313
1780396728,phi3:mini,33.0,4857,499.43,15.66,.052058,25.531085
1780396754,phi3:mini,33.0,4856,490.87,15.76,.052966,25.619194
1780396779,phi3:mini,32.0,4854,490.16,15.22,.053042,28.564927
1780396808,phi3:mini,34.0,4854,471.12,18.31,.055186,8.079696
1780396816,phi3:mini,34.0,4847,524.30,16.12,.049589,21.637768
1780396838,phi3:mini,33.0,4848,462.36,17.03,.056232,13.732461
1780396852,phi3:mini,33.0,4849,511.82,15.87,.050798,23.122855
1780396875,phi3:mini,33.0,4845,524.97,16.97,.049525,14.077963
1780396890,phi3:mini,30.0,4849,497.36,16.29,.052275,21.106026
1780396911,phi3:mini,33.0,4844,428.90,18.56,.060620,5.117015
1780396916,phi3:mini,33.0,4845,448.82,16.10,.057928,21.977368
1780396938,phi3:mini,32.0,4844,511.41,15.23,.050839,27.829833
1780396967,phi3:mini,32.0,4846,470.46,18.09,.055264,7.738588
1780396974,phi3:mini,32.0,4839,524.67,15.92,.049554,20.527545
1780396995,phi3:mini,32.0,4837,461.15,17.18,.056380,16.873159
1780397012,phi3:mini,34.0,4836,498.69,19.69,.052135,2.691129
1780397015,phi3:mini,34.0,4839,483.12,17.51,.053816,13.645325
1780397029,phi3:mini,34.0,4835,571.15,18.18,.045522,10.450855
1780397039,phi3:mini,34.0,4838,501.12,16.52,.051882,19.786016
1780397059,phi3:mini,34.0,4844,542.32,16.42,.047941,18.817079
1780397078,phi3:mini,34.0,4849,468.00,15.37,.055554,28.741181
1780397107,phi3:mini,33.0,4841,470.32,16.05,.055281,22.543754
1780397130,phi3:mini,33.0,4841,465.40,17.04,.055865,12.788175
1780397143,phi3:mini,33.0,4847,492.59,17.07,.052781,13.995829
1780397157,phi3:mini,36.0,4850,508.63,15.72,.051117,27.097494
1780397185,phi3:mini,33.0,4847,466.14,18.00,.055776,9.829676
1780397195,phi3:mini,34.0,4848,490.05,16.55,.053055,18.057378
1780397213,phi3:mini,34.0,4843,501.26,18.56,.051868,7.540805
1780397221,phi3:mini,33.0,4841,454.38,16.13,.057220,20.023681
1780397241,phi3:mini,33.0,4846,559.28,15.55,.046487,23.983245
1780397265,phi3:mini,32.0,4847,453.37,19.35,.057347,3.307077
1780397268,phi3:mini,33.0,4843,488.97,16.19,.053172,20.193744
1780397289,phi3:mini,32.0,4845,453.76,15.49,.057298,27.303634
1780397316,phi3:mini,32.0,4846,503.63,19.76,.051624,1.719876
1780397318,phi3:mini,34.0,4843,521.86,15.61,.049821,24.456954
1780397343,phi3:mini,32.0,4845,472.30,18.31,.055048,6.878419
1780397350,phi3:mini,33.0,4847,521.47,15.01,.049858,35.424593
1780397386,phi3:mini,33.0,4845,462.66,15.02,.056195,32.867961
1780397419,phi3:mini,30.0,4848,426.43,18.37,.060970,7.891505
1780397427,phi3:mini,33.0,4847,473.71,18.33,.054885,7.635560
1780397435,phi3:mini,34.0,4848,467.27,15.50,.055642,28.695430
1780397463,phi3:mini,32.0,4849,468.74,18.90,.055467,4.602455
1780397468,phi3:mini,33.0,4852,511.39,15.75,.050840,26.348141
1780397495,phi3:mini,33.0,4845,481.21,17.43,.054029,11.758250
1780397507,phi3:mini,33.0,4845,460.26,13.97,.056489,46.439127
1780397553,phi3:mini,32.0,4845,472.58,19.55,.055016,2.301340
1780397556,phi3:mini,33.0,4845,437.64,18.71,.059408,6.039532
1780397562,phi3:mini,33.0,4844,434.09,16.52,.059894,17.790678
1780397580,phi3:mini,34.0,4845,517.88,17.66,.050204,9.565895
1780397590,phi3:mini,33.0,4843,459.83,15.39,.056542,25.076347
1780397615,phi3:mini,33.0,4841,536.15,15.24,.048493,26.178408
1780397641,phi3:mini,33.0,4848,472.46,16.31,.055030,19.547908
1780397661,phi3:mini,33.0,4845,484.08,17.10,.053709,14.382476
1780397676,phi3:mini,34.0,4847,517.34,14.94,.050256,33.853464
1780397710,phi3:mini,32.0,4848,490.25,16.60,.053033,16.323885
1780397726,phi3:mini,33.0,4855,503.91,14.79,.051595,33.989167
1780397760,phi3:mini,33.0,4850,474.59,20.96,.054783,.715529
1780397761,phi3:mini,33.0,4845,483.99,18.95,.053720,3.587891
1780397765,phi3:mini,34.0,4846,491.40,14.68,.052909,37.918233
1780397803,phi3:mini,32.0,4848,523.74,16.07,.049642,20.215141
1780397824,phi3:mini,32.0,4847,542.27,16.59,.047946,17.958027
1780397842,phi3:mini,33.0,4850,488.41,15.52,.053233,24.152116
1780397866,phi3:mini,33.0,4844,458.48,16.96,.056707,14.557195
1780397881,phi3:mini,33.0,4848,527.18,16.37,.049318,16.363890
1780397897,phi3:mini,34.0,4851,505.39,16.78,.051445,14.475426
1780397912,phi3:mini,33.0,4852,507.10,15.48,.051271,27.580688
1780397940,phi3:mini,33.0,4851,430.83,14.53,.060348,39.011454
1780397979,phi3:mini,33.0,4853,489.16,16.92,.053151,15.715532
1780397995,phi3:mini,30.0,4843,469.46,17.27,.055382,10.997952
1780398006,phi3:mini,33.0,4842,540.13,10.15,.048136,178.522047
1780398185,phi3:mini,33.0,4852,497.28,18.03,.052283,9.704495
1780398195,phi3:mini,33.0,4845,485.61,15.38,.053540,27.631074
1780398223,phi3:mini,33.0,4850,496.26,16.79,.052391,14.885975
1780398238,phi3:mini,33.0,4846,507.03,18.52,.051278,5.558889
1780398243,phi3:mini,33.0,4845,463.14,16.94,.056138,12.982566
1780398257,phi3:mini,33.0,4845,481.56,15.69,.053990,20.394386
1780398277,phi3:mini,34.0,4838,513.74,15.63,.050608,27.509604
1780398305,phi3:mini,36.0,4844,478.02,13.46,.054390,56.382480
1780398361,phi3:mini,34.0,4836,545.83,16.35,.047633,19.865782
1780398382,phi3:mini,30.0,4840,466.75,20.41,.055703,1.322524
1780398383,phi3:mini,34.0,4839,500.65,15.17,.051932,28.138911
1780398411,phi3:mini,34.0,4845,441.14,17.14,.058937,13.820656
1780398425,phi3:mini,34.0,4843,491.36,17.60,.052913,10.850040
1780398436,phi3:mini,33.0,4843,462.17,14.27,.056256,39.233949
1780398476,phi3:mini,33.0,4850,459.28,18.25,.056610,6.736045
1780398483,phi3:mini,34.0,4847,486.73,16.71,.053417,14.475228
1780398497,phi3:mini,33.0,4841,524.74,15.72,.049548,22.958877
1780398521,phi3:mini,33.0,4841,454.75,16.67,.057173,14.748978
1780398536,phi3:mini,34.0,4840,493.84,17.86,.052648,7.726758
1780398543,phi3:mini,30.0,4842,479.83,17.03,.054185,12.795226
1780398556,phi3:mini,36.0,4839,472.29,19.96,.055049,1.752781
1780398558,phi3:mini,34.0,4836,541.66,16.37,.048000,19.606806
1780398578,phi3:mini,33.0,4841,521.70,16.45,.049836,19.448084
1780398598,phi3:mini,34.0,4850,494.80,16.12,.052546,19.968264
1780398618,phi3:mini,34.0,4854,537.70,17.28,.048353,14.807354
1780398633,phi3:mini,33.0,4845,475.14,17.70,.054719,10.054938
1780398643,phi3:mini,34.0,4846,473.02,18.24,.054965,6.139391
1780398649,phi3:mini,34.0,4839,425.14,18.42,.061156,6.294335
1780398656,phi3:mini,36.0,4843,481.94,9.88,.053947,201.400492
1780398858,phi3:mini,32.0,4839,502.34,16.51,.051757,19.976343
1780398878,phi3:mini,33.0,4842,523.71,16.10,.049645,22.103537
1780398900,phi3:mini,34.0,4846,445.10,20.41,.058413,1.077462
1780398901,phi3:mini,34.0,4846,529.22,14.79,.049128,34.409794
1780398936,phi3:mini,33.0,4851,438.24,16.41,.059327,18.394893
1780398955,phi3:mini,32.0,4847,463.65,15.22,.056075,29.627473
1780398984,phi3:mini,33.0,4854,429.55,15.67,.060527,24.245032
1780399009,phi3:mini,33.0,4854,472.13,15.58,.055068,28.036651
1780399037,phi3:mini,33.0,4846,519.61,16.86,.050037,19.269838
1780399057,phi3:mini,34.0,4846,531.25,15.09,.048940,34.637515
1780399091,phi3:mini,33.0,4846,521.05,17.60,.049898,9.143790
1780399101,phi3:mini,33.0,4845,475.95,14.67,.054626,34.200761
1780399135,phi3:mini,33.0,4838,506.80,15.76,.051301,27.711664
1780399163,phi3:mini,34.0,4843,523.39,20.21,.049675,1.039065
1780399164,phi3:mini,34.0,4844,534.29,17.48,.048662,14.182247
1780399179,phi3:mini,36.0,4845,508.51,16.62,.051129,20.151862
1780399199,phi3:mini,33.0,4845,531.09,15.55,.048955,27.901686
1780399227,phi3:mini,33.0,4849,525.24,16.61,.049501,17.457035
1780399245,phi3:mini,33.0,4841,483.57,15.82,.053766,23.700082
1780399269,phi3:mini,32.0,4845,460.53,17.10,.056456,12.689380
1780399282,phi3:mini,34.0,4842,466.35,15.76,.055751,22.334882
1780399304,phi3:mini,33.0,4840,461.26,16.84,.056366,15.435046
1780399320,phi3:mini,34.0,4837,434.54,17.68,.059832,10.855254
1780399331,phi3:mini,33.0,4838,496.39,15.91,.052377,22.496318
1780399353,phi3:mini,34.0,4847,513.08,17.28,.050673,12.555972
1780399366,phi3:mini,33.0,4844,520.60,17.53,.049941,10.834928
1780399377,phi3:mini,34.0,4841,467.60,17.48,.055603,12.411546
1780399390,phi3:mini,34.0,4848,479.01,18.03,.054278,7.818873
1780399398,phi3:mini,31.0,4841,500.62,14.41,.051935,36.839579
1780399435,phi3:mini,33.0,4848,469.68,17.05,.055356,12.779396
1780399448,phi3:mini,34.0,4852,478.05,19.11,.054386,3.033711
1780399451,phi3:mini,34.0,4854,512.69,15.25,.050712,28.515975
1780399480,phi3:mini,33.0,4854,478.80,15.18,.054301,28.455211
1780399508,phi3:mini,34.0,4851,478.02,15.93,.054390,21.524517
1780399530,phi3:mini,34.0,4849,456.41,16.32,.056965,17.514182
1780399548,phi3:mini,34.0,4854,493.43,20.00,.052691,1.399388
1780399549,phi3:mini,34.0,4855,489.39,15.76,.053127,20.360805
1780399570,phi3:mini,34.0,4855,552.83,15.99,.047030,21.942245
1780399592,phi3:mini,34.0,4850,514.16,16.83,.050567,14.495857
1780399607,phi3:mini,34.0,4840,494.28,16.01,.052601,22.043133
1780399629,phi3:mini,33.0,4845,439.62,18.83,.059141,2.813529
1780399632,phi3:mini,34.0,4847,523.10,17.61,.049702,9.765191
1780399642,phi3:mini,34.0,4840,461.08,16.58,.056389,14.595163
1780399656,phi3:mini,33.0,4849,523.39,16.49,.049675,17.158483
1780399674,phi3:mini,33.0,4850,473.52,19.60,.054907,2.448659
1780399676,phi3:mini,34.0,4845,554.54,15.21,.046885,29.053133
1780399706,phi3:mini,34.0,4846,478.01,18.65,.054391,4.233761
1780399710,phi3:mini,33.0,4844,502.66,19.24,.051723,2.441560
1780399713,phi3:mini,34.0,4847,432.43,16.57,.060125,16.166850
1780399729,phi3:mini,34.0,4851,496.63,16.50,.052352,15.507032
1780399745,phi3:mini,34.0,4847,459.46,16.19,.056586,21.115650
1780399766,phi3:mini,33.0,4852,490.04,16.73,.053056,16.018167
1780399782,phi3:mini,36.0,4850,417.21,17.58,.062318,9.267367
1780399792,phi3:mini,34.0,4850,467.71,13.13,.055589,58.381272
1780399850,phi3:mini,33.0,4847,476.40,16.51,.054575,17.320673
1780399868,phi3:mini,33.0,4842,548.80,18.89,.047375,4.497914
1780399872,phi3:mini,31.0,4838,505.07,15.67,.051477,23.726843
1780399896,phi3:mini,33.0,4846,516.03,16.55,.050384,16.547538
1780399913,phi3:mini,34.0,4853,478.06,18.57,.054385,5.275679
1780399919,phi3:mini,34.0,4849,543.64,14.89,.047825,33.571648
1780399952,phi3:mini,34.0,4842,471.93,17.81,.055092,6.566510
1780399959,phi3:mini,33.0,4844,531.47,16.94,.048920,13.983579
1780399973,phi3:mini,34.0,4841,460.50,16.40,.056459,16.698695
1780399990,phi3:mini,33.0,4845,496.37,16.28,.052379,20.079451
1780400010,phi3:mini,33.0,4847,500.69,17.30,.051927,13.519025
1780400024,phi3:mini,36.0,4849,529.99,15.99,.049057,26.319693
1780400051,phi3:mini,33.0,4849,532.00,15.48,.048871,26.920996
1780400078,phi3:mini,33.0,4845,505.19,16.52,.051464,17.363432
1780400095,phi3:mini,33.0,4845,494.36,17.53,.052592,12.372658
1780400108,phi3:mini,34.0,4845,524.26,15.49,.049593,29.823882
1780400138,phi3:mini,33.0,4847,492.45,18.21,.052796,6.642711
1780400145,phi3:mini,34.0,4848,487.31,14.98,.053353,33.360297
1780400178,phi3:mini,33.0,4846,473.96,15.45,.054856,27.440987
1780400206,phi3:mini,34.0,4837,514.41,16.21,.050542,20.163195
1780400226,phi3:mini,34.0,4841,506.26,19.14,.051356,4.178018
1780400231,phi3:mini,34.0,4843,514.89,15.25,.050495,30.154516
1780400261,phi3:mini,33.0,4841,488.21,15.17,.053254,28.195828
1780400289,phi3:mini,34.0,4836,485.14,15.42,.053592,28.072175
1780400318,phi3:mini,33.0,4841,472.96,17.96,.054972,7.624091
1780400325,phi3:mini,34.0,4838,537.29,15.95,.048390,21.191087
1780400347,phi3:mini,33.0,4844,469.13,16.60,.055420,15.838500
1780400363,phi3:mini,33.0,4841,529.17,19.07,.049132,4.613039
1780400367,phi3:mini,34.0,4834,506.43,18.76,.051339,4.209189
1780400372,phi3:mini,33.0,4837,495.55,15.81,.052466,22.388131
1780400394,phi3:mini,31.0,4843,446.16,15.94,.058273,22.018248
1780400417,phi3:mini,33.0,4842,481.81,16.80,.053962,14.638000
1780400431,phi3:mini,34.0,4839,471.56,16.70,.055135,16.402973
1780400448,phi3:mini,34.0,4841,522.38,16.65,.049772,17.237169
1780400466,phi3:mini,34.0,4848,492.30,18.65,.052812,4.288050
1780400470,phi3:mini,36.0,4849,447.22,15.65,.058135,24.014389
1780400494,phi3:mini,34.0,4852,446.34,17.38,.058250,11.277142
1780400506,phi3:mini,33.0,4847,451.87,16.25,.057538,17.837495
1780400524,phi3:mini,31.0,4848,475.30,16.65,.054701,13.087863
1780400537,phi3:mini,34.0,4853,520.60,16.27,.049941,23.100483
1780400560,phi3:mini,34.0,4851,500.31,16.55,.051967,17.035403
1780400577,phi3:mini,33.0,4852,507.80,16.35,.051200,20.050719
1780400598,phi3:mini,33.0,4848,515.65,14.88,.050421,33.581410
1780400631,phi3:mini,32.0,4852,484.53,17.85,.053660,8.064042
1780400640,phi3:mini,33.0,4848,460.21,17.22,.056495,12.600496
1780400652,phi3:mini,32.0,4847,489.09,17.00,.053159,14.410165
1780400667,phi3:mini,30.0,4846,503.97,16.10,.051590,26.323698
1780400694,phi3:mini,33.0,4845,477.17,17.71,.054486,11.177677
1780400705,phi3:mini,34.0,4850,568.14,16.59,.045763,18.197114
1780400723,phi3:mini,34.0,4846,526.01,17.63,.049427,11.681106
1780400735,phi3:mini,34.0,4845,489.60,16.69,.053103,15.750182
1780400751,phi3:mini,36.0,4842,473.98,16.10,.054854,22.224720
1780400774,phi3:mini,33.0,4842,496.17,16.15,.052400,21.050731
1780400795,phi3:mini,34.0,4846,466.57,17.64,.055725,9.009262
1780400804,phi3:mini,34.0,4844,464.25,16.06,.056003,20.225304
1780400824,phi3:mini,34.0,4846,519.24,15.69,.050072,22.805543
1780400847,phi3:mini,33.0,4844,473.43,16.63,.054917,17.673045
1780400865,phi3:mini,34.0,4847,509.41,15.95,.051039,22.817989
1780400888,phi3:mini,36.0,4842,520.02,17.89,.049998,7.767704
1780400896,phi3:mini,36.0,4846,487.42,17.25,.053342,11.069587
1780400907,phi3:mini,34.0,4843,485.23,15.72,.053581,21.750932
1780400929,phi3:mini,34.0,4840,543.36,19.07,.047849,3.931892
1780400933,phi3:mini,34.0,4836,510.88,15.01,.050891,34.106639
1780400968,phi3:mini,34.0,4842,493.60,14.66,.052674,36.275834
1780401004,phi3:mini,34.0,4843,472.48,15.91,.055028,24.256893
1780401029,phi3:mini,31.0,4846,485.16,20.32,.053590,1.033341
1780401030,phi3:mini,34.0,4850,470.83,19.22,.055221,2.704135
1780401033,phi3:mini,33.0,4848,474.77,17.27,.054762,12.155830
1780401045,phi3:mini,34.0,4840,537.87,19.96,.048338,1.602831
1780401047,phi3:mini,34.0,4841,503.89,17.24,.051597,11.018448
1780401058,phi3:mini,34.0,4843,456.88,13.61,.056907,56.858050
1780401115,phi3:mini,34.0,4848,536.10,15.29,.048498,29.873403
1780401145,phi3:mini,34.0,4847,498.91,15.19,.052113,28.631512
1780401174,phi3:mini,34.0,4854,506.46,16.16,.051336,20.543173
1780401195,phi3:mini,33.0,4851,438.16,14.90,.059338,34.494198
1780401229,phi3:mini,34.0,4840,491.90,16.99,.052855,13.534459
1780401243,phi3:mini,34.0,4846,500.45,16.58,.051952,17.062080
1780401260,phi3:mini,33.0,4839,480.43,19.36,.054117,3.046667
1780401264,phi3:mini,31.0,4840,551.17,18.88,.047171,3.177616
1780401267,phi3:mini,34.0,4841,468.97,16.40,.055439,18.470208
1780401285,phi3:mini,34.0,4848,510.96,16.59,.050884,17.470628
1780401303,phi3:mini,34.0,4847,496.31,15.65,.052385,25.037954
1780401328,phi3:mini,33.0,4848,459.35,16.66,.056601,15.119411
1780401344,phi3:mini,31.0,4855,454.52,14.26,.057202,45.437747
1780401389,phi3:mini,32.0,4854,515.46,16.31,.050440,22.252404
1780401412,phi3:mini,34.0,4847,476.76,16.14,.054534,22.168988
1780401434,phi3:mini,34.0,4851,470.40,17.31,.055271,13.975382
1780401448,phi3:mini,34.0,4851,500.87,19.87,.051909,2.565730
1780401451,phi3:mini,36.0,4851,499.98,18.28,.052001,8.803103
1780401460,phi3:mini,34.0,4850,487.21,15.84,.053364,26.954760
1780401487,phi3:mini,34.0,4853,503.50,18.37,.051637,9.577233
1780401497,phi3:mini,36.0,4853,484.79,16.75,.053631,17.010203
1780401514,phi3:mini,33.0,4857,530.88,20.09,.048974,1.343466
1780401516,phi3:mini,34.0,4857,485.80,16.39,.053518,19.516454
1780401535,phi3:mini,34.0,4854,474.49,17.10,.054795,14.320600
1780401550,phi3:mini,34.0,4851,528.31,16.70,.049213,17.178679
1780401567,phi3:mini,33.0,4850,510.63,14.43,.050917,42.942014
1780401610,phi3:mini,33.0,4855,474.61,15.16,.054780,31.594628
1780401642,phi3:mini,34.0,4851,503.24,18.20,.051664,7.415961
1780401650,phi3:mini,34.0,4852,522.89,15.73,.049722,24.917916
1780401675,phi3:mini,30.0,4856,477.18,16.99,.054485,12.825589
1780401688,phi3:mini,31.0,4854,496.66,17.67,.052348,10.807631
1780401699,phi3:mini,34.0,4854,518.36,15.17,.050157,29.449753
1780401728,phi3:mini,33.0,4857,455.96,15.92,.057021,20.402444
1780401749,phi3:mini,33.0,4854,481.23,15.03,.054027,32.666638
1780401782,phi3:mini,33.0,4845,425.73,17.72,.061070,9.306491
1780401791,phi3:mini,33.0,4848,472.99,17.38,.054969,10.816932
1780401802,phi3:mini,33.0,4850,495.16,18.87,.052508,5.033277
1780401808,phi3:mini,34.0,4848,501.81,19.20,.051812,2.447040
1780401810,phi3:mini,34.0,4839,542.82,17.20,.047897,12.615526
1780401823,phi3:mini,34.0,4838,493.10,15.84,.052727,20.192908
1780401843,phi3:mini,34.0,4848,478.43,18.55,.054343,6.253186
1780401850,phi3:mini,34.0,4849,485.46,16.34,.053556,17.681420
1780401868,phi3:mini,34.0,4849,568.42,14.82,.045740,33.047171
1780401901,phi3:mini,33.0,4850,488.29,16.14,.053246,20.312146
1780401921,phi3:mini,33.0,4849,503.73,16.37,.051614,17.405087
1780401939,phi3:mini,33.0,4846,488.99,15.16,.053170,28.611539
1780401968,phi3:mini,33.0,4850,465.94,15.66,.055801,24.955732
1780401993,phi3:mini,33.0,4847,485.49,14.51,.053553,36.108194
1780402029,phi3:mini,34.0,4854,477.30,14.25,.054472,42.577794
1780402072,phi3:mini,33.0,4846,568.53,16.78,.045731,15.011838
1780402087,phi3:mini,31.0,4843,510.39,15.33,.050940,29.804457
1780402117,phi3:mini,30.0,4840,499.27,17.25,.052075,11.067026
1780402128,phi3:mini,30.0,4845,549.37,16.11,.047326,20.791574
1780402149,phi3:mini,34.0,4846,520.84,20.11,.049919,2.336510
1780402152,phi3:mini,36.0,4847,449.97,20.30,.057780,2.117818
1780402154,phi3:mini,34.0,4848,459.43,15.66,.056591,29.229292
1780402184,phi3:mini,32.0,4846,494.07,16.25,.052623,19.990236
1780402204,phi3:mini,34.0,4850,476.51,16.89,.054562,15.452136
1780402219,phi3:mini,34.0,4850,500.81,17.34,.051915,11.878726
1780402231,phi3:mini,33.0,4844,513.04,17.01,.050677,14.223139
1780402246,phi3:mini,34.0,4848,468.69,18.71,.055473,7.320801
1780402253,phi3:mini,34.0,4848,545.47,15.57,.047664,30.436380
1780402284,phi3:mini,34.0,4849,489.15,17.21,.053152,12.663113
1780402297,phi3:mini,34.0,4854,467.19,15.92,.055650,22.483532
1780402320,phi3:mini,34.0,4852,456.29,14.57,.056980,36.092829
1780402356,phi3:mini,34.0,4852,476.52,14.99,.054561,31.609704
1780402388,phi3:mini,33.0,4853,475.04,16.41,.054731,19.123521
1780402407,phi3:mini,34.0,4848,468.45,16.30,.055501,19.752670
1780402427,phi3:mini,34.0,4850,517.13,17.00,.050277,14.055193
1780402441,phi3:mini,31.0,4850,506.31,17.48,.051350,10.750803
1780402452,phi3:mini,34.0,4843,559.36,19.80,.046481,1.413773
1780402454,phi3:mini,34.0,4843,442.74,16.33,.058724,17.442758
1780402471,phi3:mini,34.0,4844,481.01,18.75,.054052,2.772171
1780402474,phi3:mini,34.0,4845,511.34,16.33,.050846,17.938046
1780402492,phi3:mini,36.0,4841,486.94,14.89,.053394,35.124228
1780402528,phi3:mini,33.0,4843,532.48,18.11,.048827,7.616799
1780402536,phi3:mini,34.0,4846,510.70,20.14,.050909,.992709
1780402537,phi3:mini,34.0,4848,483.58,19.58,.053765,1.072394
1780402538,phi3:mini,34.0,4845,516.48,18.74,.050340,5.068730
1780402543,phi3:mini,34.0,4844,517.53,15.81,.050238,24.790402
1780402568,phi3:mini,33.0,4849,553.03,15.89,.047013,22.644016
1780402591,phi3:mini,34.0,4848,486.93,17.48,.053395,11.381308
1780402602,phi3:mini,33.0,4853,467.58,17.00,.055605,14.581629
1780402617,phi3:mini,33.0,4849,548.71,15.82,.047383,22.182637
1780402640,phi3:mini,34.0,4842,486.22,16.51,.053473,15.020253
1780402655,phi3:mini,34.0,4841,464.04,16.40,.056028,19.570880
1780402675,phi3:mini,33.0,4850,436.90,17.99,.059508,8.282092
1780402683,phi3:mini,34.0,4847,504.41,16.90,.051545,12.955239
1780402696,phi3:mini,33.0,4843,517.72,16.78,.050219,13.944029
1780402710,phi3:mini,33.0,4851,506.52,17.38,.051330,10.183454
1780402721,phi3:mini,34.0,4851,494.02,14.07,.052628,43.827755
1780402765,phi3:mini,32.0,4858,447.99,15.33,.058036,28.047631
1780402793,phi3:mini,33.0,4849,468.42,16.89,.055504,14.026673
1780402807,phi3:mini,34.0,4848,523.58,17.19,.049657,12.039161
1780402819,phi3:mini,34.0,4847,464.82,16.75,.055935,15.520840
1780402835,phi3:mini,34.0,4844,537.74,15.43,.048349,28.637918
1780402864,phi3:mini,33.0,4848,500.56,14.73,.051940,42.694375
1780402907,phi3:mini,32.0,4842,473.02,16.68,.054965,15.283930
1780402922,phi3:mini,33.0,4849,528.59,15.09,.049186,32.458706
1780402955,phi3:mini,30.0,4849,494.11,15.13,.052619,30.261781
1780402985,phi3:mini,34.0,4849,529.64,16.21,.049089,20.172222
1780403006,phi3:mini,32.0,4847,468.77,18.80,.055463,5.052833
1780403011,phi3:mini,33.0,4839,489.14,16.54,.053154,17.649878
1780403029,phi3:mini,30.0,4835,484.11,18.66,.053706,6.376458
1780403035,phi3:mini,36.0,4836,525.20,15.80,.049504,24.859670
1780403060,phi3:mini,34.0,4842,489.72,14.99,.053091,29.615309
1780403090,phi3:mini,34.0,4844,450.02,16.86,.057774,16.369185
1780403107,phi3:mini,33.0,4845,451.58,15.39,.057575,28.643864
1780403136,phi3:mini,33.0,4846,483.13,16.68,.053815,17.203740
1780403153,phi3:mini,33.0,4850,431.27,19.64,.060285,1.883819
1780403155,phi3:mini,34.0,4853,498.92,19.95,.052112,1.904436
1780403157,phi3:mini,34.0,4851,484.81,14.97,.053628,29.648667
1780403187,phi3:mini,34.0,4854,564.26,15.81,.046077,22.958119
1780403210,phi3:mini,34.0,4857,493.77,19.43,.052655,3.035509
1780403213,phi3:mini,34.0,4859,480.21,20.35,.054142,1.031696
1780403214,phi3:mini,31.0,4857,524.05,16.73,.049612,15.298486
1780403230,phi3:mini,34.0,4850,479.67,20.51,.054203,.877403
1780403231,phi3:mini,34.0,4848,561.16,20.36,.046332,.982108
1780403232,phi3:mini,34.0,4844,523.85,16.88,.049632,15.339684
1780403248,phi3:mini,33.0,4848,496.32,16.52,.052385,16.879138
1780403265,phi3:mini,34.0,4852,515.82,13.67,.050404,52.059130
1780403317,phi3:mini,33.0,4849,440.74,16.08,.058991,19.210632
1780403336,phi3:mini,34.0,4846,534.52,14.79,.048641,34.549598
1780403371,phi3:mini,32.0,4848,487.43,16.58,.053340,17.066395
1780403388,phi3:mini,34.0,4846,500.90,16.43,.051906,17.644674
1780403406,phi3:mini,33.0,4847,449.67,16.57,.057819,17.253199
1780403424,phi3:mini,33.0,4845,417.86,14.72,.062220,36.338265
1780403460,phi3:mini,33.0,4855,416.52,17.40,.062421,12.238467
1780403473,phi3:mini,34.0,4849,469.10,16.33,.055425,21.614930
1780403494,phi3:mini,34.0,4849,562.66,18.70,.046208,6.520954
1780403501,phi3:mini,34.0,4850,462.46,17.01,.056220,14.751111
1780403516,phi3:mini,34.0,4849,512.59,16.53,.050722,20.923948
1780403537,phi3:mini,34.0,4856,516.11,17.75,.050376,11.943217
1780403549,phi3:mini,34.0,4852,457.03,15.53,.056888,27.871650
1780403577,phi3:mini,33.0,4850,488.34,19.17,.053241,2.190525
1780403580,phi3:mini,34.0,4849,486.18,14.21,.053477,43.741933
1780403624,phi3:mini,32.0,4853,462.26,17.34,.056244,12.513680
1780403636,phi3:mini,33.0,4849,456.32,15.31,.056976,28.399294
1780403665,phi3:mini,32.0,4849,454.37,16.95,.057221,13.387787
1780403679,phi3:mini,33.0,4851,495.91,20.39,.052428,1.029735
1780403680,phi3:mini,34.0,4843,510.03,18.70,.050977,5.078183
1780403685,phi3:mini,34.0,4842,502.52,16.86,.051738,12.866230
1780403698,phi3:mini,33.0,4844,465.33,18.20,.055874,5.437512
1780403704,phi3:mini,34.0,4838,457.19,17.06,.056868,12.889186
1780403717,phi3:mini,33.0,4843,480.71,18.56,.054086,5.279449
1780403722,phi3:mini,36.0,4840,525.24,18.31,.049500,5.513345
1780403728,phi3:mini,34.0,4835,533.96,15.54,.048691,27.992115
1780403756,phi3:mini,30.0,4842,493.96,18.23,.052635,5.593794
1780403762,phi3:mini,34.0,4847,439.30,19.30,.059183,2.279342
1780403764,phi3:mini,34.0,4846,467.12,16.50,.055659,16.476326
1780403781,phi3:mini,33.0,4844,459.63,16.88,.056566,12.911902
1780403794,phi3:mini,34.0,4846,452.25,16.07,.057489,19.907550
1780403814,phi3:mini,33.0,4847,476.36,17.06,.054579,14.535137
1780403829,phi3:mini,34.0,4853,493.51,15.38,.052683,29.382731
1780403858,phi3:mini,33.0,4841,531.38,17.71,.048928,11.518000
1780403870,phi3:mini,33.0,4844,464.22,17.22,.056007,16.541489
1780403887,phi3:mini,33.0,4847,467.96,16.82,.055560,16.523911
1780403904,phi3:mini,34.0,4848,465.57,14.35,.055844,42.551627
1780403946,phi3:mini,33.0,4845,477.30,15.56,.054472,25.255738
1780403972,phi3:mini,33.0,4848,459.09,16.66,.056633,14.881513
1780403987,phi3:mini,34.0,4856,492.71,16.09,.052768,20.000282
1780404007,phi3:mini,33.0,4848,471.48,16.76,.055145,15.390954
1780404023,phi3:mini,33.0,4853,525.74,14.88,.049453,33.717219
1780404056,phi3:mini,34.0,4856,480.56,16.22,.054102,20.034852
1780404077,phi3:mini,34.0,4850,552.15,15.00,.047088,31.521954
1780404108,phi3:mini,33.0,4853,508.83,11.63,.051097,98.284271
1780404207,phi3:mini,30.0,4845,455.14,18.97,.057125,2.529994
1780404210,phi3:mini,34.0,4847,462.89,16.41,.056168,19.919357
1780404230,phi3:mini,33.0,4848,518.19,15.00,.050174,33.119534
1780404263,phi3:mini,33.0,4839,487.02,16.30,.053385,18.706695
1780404282,phi3:mini,33.0,4843,488.44,16.48,.053230,18.441099
1780404301,phi3:mini,33.0,4842,502.93,16.73,.051696,14.158717
1780404315,phi3:mini,33.0,4843,492.50,17.46,.052791,10.765124
1780404326,phi3:mini,34.0,4848,509.23,17.94,.051056,10.757950
1780404337,phi3:mini,33.0,4845,479.04,17.15,.054274,15.967371
1780404353,phi3:mini,34.0,4847,489.04,17.27,.053164,15.106392
1780404368,phi3:mini,32.0,4846,440.60,14.58,.059009,38.881733
1780404407,phi3:mini,31.0,4847,495.73,16.65,.052447,15.972209
1780404424,phi3:mini,33.0,4850,539.34,17.51,.048206,13.188855
1780404437,phi3:mini,34.0,4853,510.01,15.78,.050979,25.409975
1780404462,phi3:mini,32.0,4851,529.69,17.34,.049085,12.796472
1780404475,phi3:mini,33.0,4850,507.30,19.57,.051251,2.962517
1780404479,phi3:mini,34.0,4850,493.35,15.00,.052700,33.198046
1780404512,phi3:mini,32.0,4849,480.29,16.88,.054133,14.509138
1780404527,phi3:mini,34.0,4850,509.04,16.98,.051076,14.479400
1780404541,phi3:mini,34.0,4852,465.83,17.29,.055813,13.700399
1780404555,phi3:mini,32.0,4844,466.45,16.32,.055739,18.312870
1780404574,phi3:mini,33.0,4851,465.54,18.79,.055848,3.884351
1780404578,phi3:mini,31.0,4852,492.97,15.34,.052741,28.212095
1780404606,phi3:mini,33.0,4850,495.03,20.12,.052521,.894201
1780404607,phi3:mini,34.0,4848,481.23,16.84,.054027,14.902503
1780404622,phi3:mini,33.0,4847,495.83,15.70,.052436,25.275919
1780404648,phi3:mini,32.0,4852,496.72,16.07,.052342,20.336830
1780404668,phi3:mini,34.0,4842,550.88,16.73,.047196,17.513379
1780404686,phi3:mini,33.0,4842,527.81,18.51,.049259,5.294178
1780404691,phi3:mini,34.0,4843,445.04,15.36,.058421,29.800833
1780404721,phi3:mini,30.0,4851,479.31,17.52,.054244,10.956091
1780404733,phi3:mini,34.0,4855,483.88,17.36,.053731,11.230571
1780404744,phi3:mini,37.0,4853,466.42,19.97,.055743,2.253093
1780404746,phi3:mini,36.0,4856,502.96,16.97,.051693,16.434016
1780404763,phi3:mini,36.0,4860,494.97,17.31,.052527,15.012720
1780404778,phi3:mini,34.0,4848,548.79,16.94,.047376,15.106524
1780404793,phi3:mini,33.0,4840,530.79,16.91,.048982,15.846890
1780404809,phi3:mini,33.0,4838,496.25,15.14,.052392,28.728701
1780404838,phi3:mini,33.0,4841,464.95,14.35,.055918,43.060126
1780404882,phi3:mini,33.0,4848,520.96,16.09,.049906,19.634952
1780404902,phi3:mini,34.0,4846,481.91,16.52,.053950,17.121023
1780404919,phi3:mini,34.0,4852,478.42,15.35,.054344,28.390852
1780404947,phi3:mini,34.0,4853,489.60,16.66,.053104,16.201611
1780404964,phi3:mini,34.0,4850,510.00,17.27,.050979,13.715630
1780404978,phi3:mini,33.0,4850,467.27,15.97,.055641,26.599493
1780405004,phi3:mini,34.0,4847,477.98,15.42,.054394,28.013506
1780405033,phi3:mini,33.0,4853,480.81,16.27,.054074,19.969891
1780405053,phi3:mini,30.0,4855,480.14,17.18,.054150,12.514039
1780405065,phi3:mini,34.0,4851,475.02,17.43,.054733,10.952470
1780405077,phi3:mini,33.0,4856,474.22,16.25,.054826,20.418278
1780405097,phi3:mini,33.0,4851,492.70,15.57,.052770,26.450396
1780405124,phi3:mini,34.0,4841,532.79,17.34,.048799,12.396567
1780405136,phi3:mini,33.0,4844,433.12,16.82,.060028,13.491857
1780405150,phi3:mini,33.0,4843,450.05,17.78,.057771,11.076882
1780405161,phi3:mini,30.0,4847,479.17,15.92,.054259,22.548222
1780405184,phi3:mini,32.0,4847,451.93,19.19,.057530,2.916759
1780405187,phi3:mini,33.0,4851,522.05,18.09,.049802,7.682712
1780405195,phi3:mini,33.0,4848,496.43,17.98,.052373,6.226221
1780405201,phi3:mini,33.0,4849,474.43,16.78,.054802,14.715727
1780405216,phi3:mini,34.0,4854,471.75,15.82,.055113,20.352833
1780405237,phi3:mini,34.0,4879,402.91,16.47,.064529,15.722727
1780405253,phi3:mini,33.0,4881,473.32,15.12,.054930,29.154793
1780405282,phi3:mini,34.0,4886,491.94,19.34,.052851,2.636673
1780405285,phi3:mini,34.0,4882,486.37,18.46,.053456,4.385981
1780405289,phi3:mini,34.0,4885,533.02,16.14,.048778,21.683201
1780405311,phi3:mini,33.0,4888,477.47,14.91,.054452,34.604259
1780405346,phi3:mini,32.0,4884,488.54,16.56,.053218,16.968477
1780405363,phi3:mini,34.0,4859,548.85,15.84,.047371,28.587097
1780405392,phi3:mini,34.0,4860,529.09,17.29,.049140,13.702651
1780405406,phi3:mini,32.0,4848,527.95,19.60,.049246,1.682926
1780405408,phi3:mini,30.0,4845,465.76,16.62,.055822,17.020262
1780405425,phi3:mini,33.0,4846,482.53,17.40,.053882,12.011361
1780405437,phi3:mini,34.0,4847,457.30,13.49,.056854,56.917717
1780405494,phi3:mini,32.0,4844,446.63,16.41,.058213,21.876258
1780405516,phi3:mini,32.0,4844,494.94,17.01,.052530,15.813786
1780405532,phi3:mini,33.0,4843,518.88,17.11,.050107,13.558756
1780405546,phi3:mini,34.0,4850,492.86,16.73,.052753,15.002201
1780405561,phi3:mini,34.0,4850,558.34,16.67,.046566,16.974519
1780405579,phi3:mini,30.0,4845,467.78,16.08,.055580,19.888693
1780405599,phi3:mini,32.0,4846,517.08,17.28,.050282,11.857040
1780405611,phi3:mini,34.0,4839,515.46,16.50,.050439,15.507997
1780405626,phi3:mini,33.0,4838,486.19,20.01,.053476,.899349
1780405627,phi3:mini,33.0,4842,493.48,17.01,.052686,14.046596
1780405642,phi3:mini,30.0,4845,467.35,15.83,.055631,25.068027
1780405667,phi3:mini,30.0,4843,429.67,19.96,.060511,1.051953
1780405668,phi3:mini,32.0,4844,444.58,15.61,.058481,28.950041
1780405697,phi3:mini,34.0,4852,535.20,14.95,.048579,38.103510
1780405736,phi3:mini,34.0,4850,459.50,17.41,.056583,14.353451
1780405750,phi3:mini,33.0,4839,483.95,17.88,.053723,8.164596
1780405758,phi3:mini,33.0,4842,547.41,16.55,.047495,19.388858
1780405778,phi3:mini,34.0,4849,494.86,17.17,.052539,12.811309
1780405791,phi3:mini,33.0,4850,491.55,19.15,.052893,2.662390
1780405794,phi3:mini,34.0,4853,520.88,15.36,.049915,28.500222
1780405822,phi3:mini,31.0,4847,530.02,15.66,.049054,23.815621
1780405846,phi3:mini,33.0,4846,465.47,14.62,.055856,41.106403
1780405888,phi3:mini,33.0,4849,534.83,15.96,.048612,26.428204
1780405914,phi3:mini,30.0,4851,499.79,15.85,.052021,28.184730
1780405943,phi3:mini,33.0,4852,504.60,17.09,.051525,13.633112
1780405957,phi3:mini,34.0,4851,450.74,17.18,.057681,11.868771
1780405969,phi3:mini,33.0,4847,478.62,16.53,.054322,16.327260
1780405985,phi3:mini,33.0,4848,468.18,15.69,.055533,24.595130
1780406010,phi3:mini,34.0,4851,467.30,14.91,.055638,30.096310
1780406040,phi3:mini,33.0,4849,515.30,15.72,.050455,25.238801
1780406066,phi3:mini,34.0,4844,535.91,16.00,.048514,21.495606
1780406087,phi3:mini,33.0,4849,456.77,15.62,.056920,28.030452
1780406116,phi3:mini,32.0,4841,453.51,15.68,.057330,23.974114
1780406140,phi3:mini,33.0,4837,508.59,15.38,.051120,28.281124
1780406168,phi3:mini,33.0,4837,546.43,19.05,.047580,2.728951
1780406171,phi3:mini,33.0,4838,491.11,16.76,.052940,14.432822
1780406186,phi3:mini,32.0,4842,456.27,15.31,.056983,27.811382
1780406214,phi3:mini,32.0,4850,542.87,17.34,.047892,12.567820
1780406227,phi3:mini,32.0,4850,459.51,16.45,.056580,17.801413
1780406245,phi3:mini,32.0,4850,530.97,16.52,.048966,17.790823
1780406263,phi3:mini,30.0,4852,511.46,18.25,.050834,7.668637
1780406270,phi3:mini,31.0,4858,519.31,16.66,.050066,16.437189
1780406287,phi3:mini,34.0,4848,511.34,16.37,.050846,17.094426
1780406304,phi3:mini,34.0,4852,471.16,16.12,.055182,18.788777
1780406323,phi3:mini,32.0,4847,504.45,15.77,.051541,22.757357
1780406346,phi3:mini,30.0,4845,493.22,15.56,.052714,24.020765
1780406370,phi3:mini,32.0,4843,435.20,17.61,.059742,9.253234
1780406380,phi3:mini,33.0,4845,467.92,15.95,.055564,22.436706
1780406402,phi3:mini,30.0,4847,541.75,17.52,.047991,10.839553
1780406413,phi3:mini,33.0,4850,481.80,15.84,.053963,19.685934
1780406433,phi3:mini,33.0,4847,458.35,18.86,.056724,2.491149
1780406436,phi3:mini,34.0,4873,468.57,15.93,.055487,24.658082
1780406461,phi3:mini,33.0,4855,467.97,19.49,.055558,4.051989
1780406465,phi3:mini,34.0,4850,507.00,16.54,.051281,19.459462
1780406485,phi3:mini,33.0,4854,438.59,15.45,.059280,29.965552
1780406515,phi3:mini,33.0,4861,493.62,15.36,.052671,29.867773
1780406545,phi3:mini,32.0,4857,483.47,16.85,.053777,15.186686
1780406560,phi3:mini,34.0,4854,480.18,16.31,.054145,20.044877
1780406580,phi3:mini,34.0,4857,490.72,17.08,.052982,14.517280
1780406595,phi3:mini,34.0,4853,504.81,15.16,.051503,32.967964
1780406628,phi3:mini,33.0,4853,476.63,15.43,.054549,29.022955
1780406658,phi3:mini,33.0,4858,510.38,17.03,.050942,16.433640
1780406674,phi3:mini,33.0,4863,469.82,16.39,.055339,22.633984
1780406697,phi3:mini,33.0,4854,540.80,16.84,.048076,17.219867
1780406714,phi3:mini,31.0,4852,458.38,14.96,.056720,33.548831
1780406748,phi3:mini,32.0,4845,515.78,19.80,.050408,1.767595
1780406750,phi3:mini,33.0,4845,497.39,20.43,.052272,1.223120
1780406752,phi3:mini,34.0,4842,550.25,16.26,.047250,19.859422
1780406772,phi3:mini,33.0,4840,473.49,16.97,.054911,14.671400
1780406786,phi3:mini,33.0,4846,452.11,18.73,.057507,5.017273
1780406792,phi3:mini,34.0,4844,470.69,16.97,.055237,13.723575
1780406806,phi3:mini,30.0,4845,487.98,17.12,.053280,12.207748
1780406818,phi3:mini,33.0,4841,472.25,19.02,.055055,4.941668
1780406823,phi3:mini,34.0,4843,456.41,17.29,.056965,12.544487
1780406836,phi3:mini,34.0,4835,516.13,15.38,.050374,28.203663
1780406864,phi3:mini,33.0,4849,426.45,17.21,.060967,12.666283
1780406877,phi3:mini,34.0,4848,483.45,15.52,.053779,27.826032
1780406905,phi3:mini,33.0,4847,470.59,16.41,.055249,18.881819
1780406924,phi3:mini,30.0,4850,495.72,15.77,.052448,29.038532
1780406953,phi3:mini,34.0,4858,486.79,16.41,.053410,19.557224
1780406973,phi3:mini,33.0,4853,543.93,15.36,.047799,31.243081
1780407005,phi3:mini,34.0,4845,469.95,18.16,.055323,7.597306
1780407012,phi3:mini,33.0,4847,465.90,16.90,.055805,14.136223
1780407027,phi3:mini,34.0,4851,499.84,18.92,.052015,4.650645
1780407031,phi3:mini,34.0,4846,527.46,19.00,.049292,4.472485
1780407036,phi3:mini,34.0,4851,487.21,17.12,.053365,13.836661
1780407050,phi3:mini,34.0,4850,508.49,17.10,.051131,13.799778
1780407064,phi3:mini,34.0,4846,473.11,17.43,.054955,12.447252
1780407077,phi3:mini,34.0,4845,509.79,17.60,.051000,11.414555
1780407088,phi3:mini,34.0,4851,493.05,18.71,.052732,4.648433
1780407093,phi3:mini,34.0,4848,521.22,16.20,.049882,17.711547
1780407111,phi3:mini,33.0,4846,472.26,16.52,.055053,18.640196
1780407130,phi3:mini,34.0,4846,501.55,18.75,.051838,6.186113
1780407136,phi3:mini,34.0,4846,514.02,14.16,.050581,44.833480
1780407181,phi3:mini,33.0,4851,541.29,14.93,.048033,33.879902
1780407215,phi3:mini,33.0,4841,445.90,17.65,.058307,12.350241
1780407228,phi3:mini,33.0,4841,493.39,14.90,.052695,35.294188
1780407263,phi3:mini,33.0,4848,480.11,17.13,.054153,14.533088
1780407278,phi3:mini,33.0,4843,475.16,15.31,.054718,28.532612
1780407307,phi3:mini,34.0,4854,466.84,15.23,.055693,28.096301
1780407335,phi3:mini,33.0,4853,494.85,16.99,.052540,14.771267
1780407350,phi3:mini,34.0,4850,479.78,17.12,.054191,14.660641
1780407365,phi3:mini,33.0,4851,495.59,17.16,.052462,14.619801
1780407380,phi3:mini,34.0,4859,484.22,13.43,.053694,59.452931
1780407439,phi3:mini,33.0,4859,493.67,15.62,.052666,25.990299
1780407466,phi3:mini,32.0,4852,468.29,15.00,.055521,33.988453
1780407500,phi3:mini,33.0,4854,471.77,15.57,.055111,25.429065
1780407525,phi3:mini,33.0,4854,532.77,17.20,.048800,12.264465
1780407538,phi3:mini,34.0,4853,544.26,16.47,.047770,18.087296
1780407556,phi3:mini,32.0,4852,467.68,18.33,.055593,6.219049
1780407562,phi3:mini,34.0,4851,507.91,16.55,.051189,14.375464
1780407577,phi3:mini,32.0,4855,487.87,14.32,.053292,44.680186
1780407622,phi3:mini,32.0,4858,441.04,17.01,.058951,12.577259
1780407635,phi3:mini,34.0,4855,457.61,15.55,.056816,25.387995
1780407660,phi3:mini,34.0,4858,456.98,17.07,.056895,14.056083
1780407674,phi3:mini,34.0,4860,505.77,16.83,.051406,17.103376
1780407692,phi3:mini,33.0,4846,473.50,15.96,.054909,23.175751
1780407715,phi3:mini,33.0,4850,493.40,15.63,.052695,25.262641
1780407741,phi3:mini,34.0,4853,466.81,16.36,.055696,17.776492
1780407759,phi3:mini,33.0,4856,513.52,17.10,.050630,12.688686
1780407771,phi3:mini,33.0,4854,469.42,18.69,.055386,4.172287
1780407776,phi3:mini,33.0,4853,423.35,15.69,.061414,23.636717
1780407800,phi3:mini,34.0,4856,466.09,15.39,.055783,26.954652
1780407827,phi3:mini,33.0,4859,489.35,17.26,.053130,12.570316
1780407839,phi3:mini,34.0,4859,463.17,17.01,.056134,14.516445
1780407854,phi3:mini,33.0,4854,467.38,15.95,.055628,20.373040
1780407875,phi3:mini,33.0,4848,492.99,19.11,.052739,4.081209
1780407879,phi3:mini,34.0,4851,490.52,16.41,.053004,17.420949
1780407897,phi3:mini,34.0,4857,471.15,18.39,.055183,5.164913
1780407902,phi3:mini,34.0,4855,488.95,16.96,.053174,14.085784
1780407916,phi3:mini,31.0,4858,484.80,17.61,.053629,10.955835
1780407927,phi3:mini,33.0,4857,448.17,15.01,.058013,32.569042
1780407960,phi3:mini,33.0,4852,484.71,15.88,.053640,24.113553
1780407984,phi3:mini,34.0,4850,509.43,18.51,.051037,5.129783
1780407990,phi3:mini,34.0,4846,461.01,14.40,.056397,41.720601
1780408032,phi3:mini,29.0,4852,495.31,20.47,.052491,.878995
1780408033,phi3:mini,34.0,4855,496.57,16.64,.052358,14.180632
1780408047,phi3:mini,32.0,4857,446.54,17.95,.058224,8.353308
1780408056,phi3:mini,34.0,4860,439.76,15.69,.059121,24.080739
1780408080,phi3:mini,32.0,4855,489.10,16.20,.053158,19.006178
1780408099,phi3:mini,33.0,4850,436.51,17.31,.059562,12.534074
1780408112,phi3:mini,33.0,4852,412.73,15.94,.062994,23.646788
1780408136,phi3:mini,33.0,4854,519.01,15.04,.050095,32.963724
1780408169,phi3:mini,30.0,4852,502.47,13.23,.051743,61.414621
1780408230,phi3:mini,33.0,4851,558.58,16.88,.046545,14.626815
1780408245,phi3:mini,32.0,4851,502.65,18.23,.051725,6.909933
1780408252,phi3:mini,34.0,4853,451.30,13.97,.057611,46.075177
1780408299,phi3:mini,33.0,4854,545.26,19.06,.047682,3.933907
1780408303,phi3:mini,33.0,4853,468.07,15.47,.055546,28.298649
1780408331,phi3:mini,30.0,4847,478.76,11.76,.054306,101.820648
1780408433,phi3:mini,32.0,4854,483.57,17.22,.053766,12.711401
1780408446,phi3:mini,32.0,4854,477.51,15.02,.054448,33.353298
1780408480,phi3:mini,32.0,4857,460.13,17.55,.056504,13.617117
1780408493,phi3:mini,33.0,4856,527.99,17.76,.049242,11.031673
1780408505,phi3:mini,34.0,4852,546.64,17.63,.047563,11.000437
1780408516,phi3:mini,33.0,4854,461.95,15.86,.056282,24.209814
1780408540,phi3:mini,32.0,4849,448.36,18.37,.057987,7.185080
1780408548,phi3:mini,34.0,4850,472.05,15.07,.055078,34.699711
1780408583,phi3:mini,32.0,4852,479.07,20.34,.054271,1.032386
1780408584,phi3:mini,32.0,4853,429.11,19.34,.060589,2.584608
1780408587,phi3:mini,34.0,4852,505.29,16.36,.051454,16.682295
1780408603,phi3:mini,30.0,4850,430.48,15.16,.060397,33.230652
1780408637,phi3:mini,32.0,4853,541.81,16.78,.047986,14.719462
1780408652,phi3:mini,33.0,4851,503.60,18.95,.051627,4.537496
1780408656,phi3:mini,33.0,4844,486.02,19.82,.053494,1.412606
1780408658,phi3:mini,34.0,4843,447.55,16.47,.058092,16.633057
1780408675,phi3:mini,32.0,4853,482.81,16.78,.053850,15.665599
1780408691,phi3:mini,33.0,4854,543.29,15.92,.047856,21.543558
1780408712,phi3:mini,32.0,4854,433.58,17.55,.059965,11.106933
1780408724,phi3:mini,33.0,4854,477.33,17.03,.054469,12.327038
1780408736,phi3:mini,32.0,4858,481.28,18.46,.054022,5.143761
1780408741,phi3:mini,33.0,4856,454.63,16.41,.057188,17.791652
1780408759,phi3:mini,32.0,4852,488.03,16.82,.053274,19.851371
1780408779,phi3:mini,30.0,4846,502.42,17.85,.051749,12.153585
1780408792,phi3:mini,33.0,4843,479.39,16.44,.054234,17.819652
1780408810,phi3:mini,33.0,4846,444.30,16.68,.058518,14.925423
1780408825,phi3:mini,32.0,4846,544.38,18.10,.047760,8.673936
1780408834,phi3:mini,33.0,4848,529.61,16.95,.049092,14.978423
1780408849,phi3:mini,33.0,4849,465.04,15.07,.055908,30.318093
1780408879,phi3:mini,32.0,4850,528.05,16.65,.049236,15.072178
1780408895,phi3:mini,33.0,4847,454.90,17.09,.057155,12.105988
1780408907,phi3:mini,33.0,4852,557.42,16.46,.046643,17.789921
1780408925,phi3:mini,34.0,4853,496.00,19.87,.052418,2.516187
1780408928,phi3:mini,34.0,4855,499.90,16.51,.052010,20.288720
1780408948,phi3:mini,33.0,4849,516.19,17.91,.050368,10.604473
1780408959,phi3:mini,33.0,4848,470.52,19.67,.055256,3.048957
1780408962,phi3:mini,33.0,4851,475.11,16.36,.054723,20.962912
1780408983,phi3:mini,32.0,4850,473.00,17.16,.054967,13.923484
1780408997,phi3:mini,33.0,4848,471.43,15.94,.055150,22.138873
1780409020,phi3:mini,33.0,4853,487.89,17.05,.053290,15.242344
1780409035,phi3:mini,32.0,4847,557.32,18.51,.046651,6.373152
1780409042,phi3:mini,33.0,4847,463.32,18.54,.056116,5.825046
1780409048,phi3:mini,34.0,4849,453.52,16.81,.057328,16.351353
1780409064,phi3:mini,34.0,4851,533.53,16.76,.048731,13.958408
1780409078,phi3:mini,34.0,4850,477.85,16.98,.054410,13.246397
1780409092,phi3:mini,33.0,4851,485.17,16.97,.053588,13.962864
1780409106,phi3:mini,33.0,4851,484.55,16.06,.053657,21.162159
1780409127,phi3:mini,33.0,4854,539.13,16.84,.048225,14.904418
1780409142,phi3:mini,33.0,4848,487.89,14.01,.053289,43.529488
1780409186,phi3:mini,33.0,4856,460.39,17.59,.056473,10.912455
1780409197,phi3:mini,34.0,4852,536.38,16.41,.048472,17.428087
1780409215,phi3:mini,34.0,4856,457.07,18.13,.056883,7.111467
1780409222,phi3:mini,33.0,4852,459.37,18.04,.056598,6.595097
1780409229,phi3:mini,33.0,4853,465.73,19.21,.055826,2.654423
1780409232,phi3:mini,32.0,4848,522.75,17.30,.049736,12.657453
1780409244,phi3:mini,33.0,4857,556.88,15.60,.046687,24.545672
1780409269,phi3:mini,33.0,4852,483.27,14.36,.053799,40.662251
1780409310,phi3:mini,33.0,4854,458.43,14.96,.056715,33.734989
1780409344,phi3:mini,33.0,4858,472.93,13.54,.054976,56.394654
1780409401,phi3:mini,33.0,4858,480.41,14.89,.054120,35.369177
1780409436,phi3:mini,32.0,4852,429.97,17.69,.060468,12.430591
1780409449,phi3:mini,36.0,4849,477.24,15.90,.054479,25.518687
1780409474,phi3:mini,33.0,4850,494.67,19.07,.052560,4.194634
1780409479,phi3:mini,33.0,4853,474.34,15.50,.054811,24.832544
1780409504,phi3:mini,32.0,4841,501.17,13.22,.051878,65.793017
1780409570,phi3:mini,32.0,4842,542.01,17.81,.047969,13.020887
1780409583,phi3:mini,34.0,4846,460.40,19.61,.056472,3.212513
1780409586,phi3:mini,33.0,4847,487.71,16.66,.053309,17.404367
1780409604,phi3:mini,34.0,4837,482.64,16.60,.053870,20.114481
1780409624,phi3:mini,34.0,4844,509.69,19.40,.051010,3.092092
1780409628,phi3:mini,33.0,4847,513.56,16.04,.050626,22.244730
1780409650,phi3:mini,33.0,4849,490.12,15.64,.053047,24.866028
1780409675,phi3:mini,33.0,4850,473.32,17.19,.054930,15.881052
1780409691,phi3:mini,33.0,4850,528.99,17.32,.049149,14.316103
1780409706,phi3:mini,33.0,4844,442.49,17.53,.058758,12.488372
1780409718,phi3:mini,33.0,4847,493.71,18.88,.052662,5.878067
1780409724,phi3:mini,34.0,4849,537.00,13.99,.048416,44.939332
1780409769,phi3:mini,32.0,4859,503.62,16.34,.051625,18.721678
1780409788,phi3:mini,33.0,4854,472.74,9.33,.054998,289.594508
1780410078,phi3:mini,32.0,4850,443.93,15.88,.058567,27.391869
1780410106,phi3:mini,33.0,4861,500.80,16.78,.051916,17.516292
1780410124,phi3:mini,33.0,4855,514.44,16.15,.050540,22.781350
1780410147,phi3:mini,32.0,4847,511.39,15.24,.050841,29.979758
1780410177,phi3:mini,33.0,4851,443.44,16.51,.058632,16.953058
1780410194,phi3:mini,33.0,4849,470.82,20.55,.055221,1.021632
1780410195,phi3:mini,32.0,4846,474.98,13.91,.054738,46.411160
1780410242,phi3:mini,32.0,4849,462.18,16.02,.056254,21.341648
1780410263,phi3:mini,32.0,4848,466.55,10.89,.055728,137.448002
1780410401,phi3:mini,32.0,4849,468.94,17.31,.055443,10.916842
1780410412,phi3:mini,33.0,4850,507.94,15.97,.051187,22.724849
1780410435,phi3:mini,30.0,4852,476.38,15.98,.054578,22.084079
1780410457,phi3:mini,32.0,4849,478.23,16.39,.054366,18.364240
1780410476,phi3:mini,33.0,4845,475.88,10.39,.054634,157.748279
1780410634,phi3:mini,32.0,4851,551.90,19.47,.047109,3.080260
1780410637,phi3:mini,29.0,4854,486.22,13.82,.053473,47.739458
1780410685,phi3:mini,32.0,4851,516.88,17.22,.050301,13.816483
1780410699,phi3:mini,33.0,4847,416.54,15.67,.062417,27.694778
1780410727,phi3:mini,33.0,4853,483.73,16.72,.053748,18.060987
1780410745,phi3:mini,34.0,4846,484.95,16.40,.053612,21.451471
1780410767,phi3:mini,32.0,4849,500.35,14.79,.051962,35.542536
1780410803,phi3:mini,33.0,4859,486.66,17.02,.053424,14.742481
1780410818,phi3:mini,34.0,4846,522.88,15.54,.049724,27.535737
1780410845,phi3:mini,33.0,4853,494.26,20.59,.052603,1.019845
1780410847,phi3:mini,33.0,4854,510.28,18.31,.050951,6.169079
1780410853,phi3:mini,32.0,4858,523.37,16.30,.049677,19.745063
1780410873,phi3:mini,34.0,4851,434.62,15.97,.059822,22.471957
1780410896,phi3:mini,32.0,4850,504.03,15.13,.051584,28.536644
1780410924,phi3:mini,32.0,4849,485.59,15.16,.053542,28.948484
1780410953,phi3:mini,33.0,4852,512.53,16.27,.050727,19.725346
1780410973,phi3:mini,33.0,4848,504.38,18.19,.051547,6.648985
1780410980,phi3:mini,34.0,4851,488.81,17.70,.053190,9.486547
1780410990,phi3:mini,34.0,4856,471.95,18.01,.055090,8.382828
1780410998,phi3:mini,30.0,4848,516.79,15.90,.050310,25.342182
1780411024,phi3:mini,34.0,4838,436.73,15.25,.059532,29.440085
1780411053,phi3:mini,32.0,4846,483.53,18.85,.053770,3.924667
1780411058,phi3:mini,33.0,4844,472.18,14.88,.055063,35.340945
1780411093,phi3:mini,33.0,4835,466.42,16.08,.055743,19.340440
1780411113,phi3:mini,33.0,4831,482.97,13.40,.053833,57.082216
1780411170,phi3:mini,32.0,4834,484.54,19.60,.053658,2.907643
1780411173,phi3:mini,33.0,4836,474.86,14.99,.054752,33.739437
1780411207,phi3:mini,33.0,4847,472.59,14.35,.055015,39.280576
1780411247,phi3:mini,32.0,4834,513.02,18.53,.050679,4.532822
1780411251,phi3:mini,32.0,4838,495.15,14.74,.052508,34.445973
1780411286,phi3:mini,32.0,4851,477.63,13.19,.054434,61.376967
1780411348,phi3:mini,32.0,4848,488.81,19.63,.053190,1.426270
1780411349,phi3:mini,33.0,4849,523.95,14.34,.049622,40.352078
1780411390,phi3:mini,30.0,4847,518.75,16.68,.050120,16.060133
1780411406,phi3:mini,33.0,4850,557.41,17.17,.046644,12.341756
1780411418,phi3:mini,33.0,4851,464.55,17.45,.055967,9.225430
1780411428,phi3:mini,33.0,4850,505.73,19.31,.051410,3.468868
1780411431,phi3:mini,33.0,4844,512.01,17.44,.050780,13.415411
1780411445,phi3:mini,32.0,4842,497.54,15.18,.052256,28.786779
1780411474,phi3:mini,30.0,4842,479.14,18.59,.054263,4.571820
1780411479,phi3:mini,33.0,4844,494.77,16.31,.052549,17.225030
1780411496,phi3:mini,32.0,4846,510.74,16.57,.050905,19.188088
1780411516,phi3:mini,34.0,4848,529.96,16.11,.049060,19.917868
1780411536,phi3:mini,33.0,4847,428.56,16.08,.060667,21.321648
1780411557,phi3:mini,34.0,4850,520.48,14.47,.049953,36.751021
1780411594,phi3:mini,33.0,4847,460.87,16.31,.056414,17.955351
1780411612,phi3:mini,33.0,4842,507.53,15.01,.051228,30.563974
1780411643,phi3:mini,32.0,4841,493.63,19.37,.052670,2.478056
1780411646,phi3:mini,33.0,4833,455.19,16.67,.057118,17.212880
1780411663,phi3:mini,34.0,4844,420.01,17.28,.061903,10.761679
1780411674,phi3:mini,33.0,4846,474.87,15.60,.054751,26.844043
1780411701,phi3:mini,32.0,4848,452.89,16.96,.057408,15.324384
1780411717,phi3:mini,30.0,4841,516.05,16.33,.050381,19.653132
1780411736,phi3:mini,33.0,4835,541.30,16.53,.048032,18.991422
1780411756,phi3:mini,34.0,4838,507.59,16.25,.051221,22.274046
1780411778,phi3:mini,33.0,4844,504.42,16.35,.051544,17.974818
1780411796,phi3:mini,30.0,4840,508.29,15.68,.051151,23.523346
1780411820,phi3:mini,33.0,4842,484.87,16.21,.053621,21.772106
1780411842,phi3:mini,34.0,4848,495.43,18.49,.052478,8.058397
1780411850,phi3:mini,34.0,4847,547.93,15.07,.047451,31.504419
1780411882,phi3:mini,33.0,4839,446.61,16.17,.058215,21.020025
1780411903,phi3:mini,33.0,4846,473.67,18.47,.054889,6.981414
1780411910,phi3:mini,33.0,4850,486.42,16.62,.053450,17.984496
1780411928,phi3:mini,33.0,4853,518.70,17.76,.050125,11.090693
1780411940,phi3:mini,34.0,4855,542.60,15.33,.047916,29.479103
1780411969,phi3:mini,34.0,4854,523.76,16.81,.049640,14.748142
1780411984,phi3:mini,33.0,4857,530.74,18.67,.048988,5.621421
1780411990,phi3:mini,34.0,4853,529.08,16.98,.049141,14.246371
1780412004,phi3:mini,34.0,4847,487.18,17.02,.053368,11.748252
1780412016,phi3:mini,33.0,4843,440.45,10.67,.059029,143.945256
1780412161,phi3:mini,32.0,4840,495.45,15.98,.052477,24.523599
1780412185,phi3:mini,32.0,4846,472.83,17.39,.054987,13.678600
1780412199,phi3:mini,34.0,4851,492.81,15.74,.052758,28.073378
1780412228,phi3:mini,32.0,4851,460.06,17.80,.056513,11.006712
1780412239,phi3:mini,34.0,4844,459.80,14.43,.056546,40.031955
1780412279,phi3:mini,32.0,4853,479.32,16.69,.054243,16.407844
1780412296,phi3:mini,32.0,4854,493.03,13.77,.052734,50.292195
1780412346,phi3:mini,33.0,4847,500.37,16.63,.051961,16.830559
1780412363,phi3:mini,33.0,4848,466.79,15.20,.055698,30.050825
1780412393,phi3:mini,33.0,4845,460.56,17.78,.056452,7.870433
1780412401,phi3:mini,30.0,4840,495.11,17.30,.052513,11.905104
1780412413,phi3:mini,33.0,4846,492.64,18.65,.052776,6.056533
1780412420,phi3:mini,33.0,4848,482.90,17.47,.053840,11.959802
1780412432,phi3:mini,33.0,4886,534.04,15.66,.048684,26.051187
1780412458,phi3:mini,33.0,4860,442.71,17.32,.058728,12.524418
1780412471,phi3:mini,33.0,4863,448.34,19.73,.057990,1.824365
1780412473,phi3:mini,36.0,4865,483.55,15.97,.053768,22.911622
1780412496,phi3:mini,34.0,4867,438.79,16.34,.059253,17.556029
1780412514,phi3:mini,34.0,4863,466.48,15.27,.055736,34.293534
1780412548,phi3:mini,33.0,4862,454.70,16.30,.057180,19.930827
1780412568,phi3:mini,33.0,4861,535.79,17.74,.048526,9.975797
1780412578,phi3:mini,34.0,4854,559.28,16.19,.046488,21.053943
1780412600,phi3:mini,33.0,4857,487.91,16.15,.053288,21.730755
1780412622,phi3:mini,33.0,4854,484.26,17.65,.053689,12.291007
1780412634,phi3:mini,33.0,4851,493.86,17.74,.052646,11.554267
1780412646,phi3:mini,34.0,4847,441.56,13.22,.058881,60.868009
1780412707,phi3:mini,32.0,4835,457.79,16.93,.056793,15.533433
1780412723,phi3:mini,34.0,4849,529.80,16.76,.049074,19.383801
1780412742,phi3:mini,33.0,4853,468.07,14.27,.055547,44.263202
1780412787,phi3:mini,32.0,4856,497.84,16.15,.052225,20.359946
1780412807,phi3:mini,33.0,4845,484.07,17.17,.053710,14.086471
1780412821,phi3:mini,33.0,4848,467.90,16.78,.055566,17.039694
1780412839,phi3:mini,33.0,4853,472.34,19.56,.055044,2.299790
1780412841,phi3:mini,34.0,4855,487.47,19.85,.053335,2.115404
1780412843,phi3:mini,34.0,4851,548.96,17.42,.047362,13.374340
1780412857,phi3:mini,34.0,4846,462.40,14.68,.056227,34.248669
1780412891,phi3:mini,33.0,4859,511.62,19.16,.050818,3.026183
1780412895,phi3:mini,33.0,4861,497.87,18.81,.052222,3.188408
1780412898,phi3:mini,33.0,4856,526.11,14.44,.049418,40.165550
1780412938,phi3:mini,33.0,4846,521.10,20.15,.049893,1.736220
1780412940,phi3:mini,32.0,4849,512.34,19.79,.050747,1.262829
1780412942,phi3:mini,32.0,4849,478.43,17.09,.054343,13.691498
1780412956,phi3:mini,33.0,4855,472.92,16.57,.054976,17.199520
1780412973,phi3:mini,33.0,4854,475.65,16.43,.054661,17.400944
1780412990,phi3:mini,34.0,4842,526.72,17.66,.049361,10.815331
1780413001,phi3:mini,34.0,4840,492.54,16.93,.052787,14.228771
1780413016,phi3:mini,33.0,4839,556.11,15.76,.046753,23.286605
1780413039,phi3:mini,33.0,4842,423.81,14.35,.061347,38.997469
1780413079,phi3:mini,33.0,4846,533.00,15.42,.048780,29.630102
1780413108,phi3:mini,33.0,4841,437.58,14.17,.059417,42.321115
1780413151,phi3:mini,33.0,4849,536.49,17.11,.048462,13.610370
1780413165,phi3:mini,33.0,4852,513.29,15.83,.050653,22.667463
1780413188,phi3:mini,34.0,4851,484.65,16.27,.053646,17.814267
1780413206,phi3:mini,33.0,4846,491.20,15.97,.052930,20.096663
1780413226,phi3:mini,34.0,4842,440.13,18.73,.059072,3.255394
1780413229,phi3:mini,32.0,4844,500.05,18.15,.051994,7.547590
1780413237,phi3:mini,33.0,4841,478.88,17.15,.054292,12.765974
1780413250,phi3:mini,34.0,4832,484.04,17.09,.053714,14.679933
1780413265,phi3:mini,34.0,4844,420.09,16.18,.061890,19.457809
1780413285,phi3:mini,34.0,4844,501.10,16.31,.051885,18.936887
1780413304,phi3:mini,33.0,4844,545.18,17.10,.047690,13.619744
1780413317,phi3:mini,33.0,4843,486.93,10.54,.053395,156.038394
1780413474,phi3:mini,33.0,4850,499.21,17.74,.052082,9.186254
1780413483,phi3:mini,33.0,4850,553.30,15.38,.046990,28.005199
1780413511,phi3:mini,32.0,4851,486.94,16.12,.053393,20.151084
1780413532,phi3:mini,32.0,4848,529.55,17.03,.049097,14.500071
1780413546,phi3:mini,33.0,4856,502.82,17.27,.051707,11.228855
1780413558,phi3:mini,34.0,4851,487.37,16.34,.053347,19.025695
1780413577,phi3:mini,34.0,4851,490.95,17.34,.052957,11.817097
1780413589,phi3:mini,33.0,4852,471.83,18.37,.055104,5.115140
1780413594,phi3:mini,33.0,4852,454.42,17.39,.057214,12.073837
1780413606,phi3:mini,33.0,4856,510.83,18.57,.050896,4.737497
1780413611,phi3:mini,33.0,4856,476.49,17.42,.054565,10.040170
1780413622,phi3:mini,34.0,4860,504.85,16.21,.051500,17.262963
1780413639,phi3:mini,32.0,4857,476.41,16.07,.054574,20.217872
1780413659,phi3:mini,33.0,4860,481.46,18.11,.054001,6.622911
1780413666,phi3:mini,34.0,4859,516.01,14.11,.050386,46.471785
1780413713,phi3:mini,32.0,4848,449.16,19.07,.057885,3.459272
1780413717,phi3:mini,33.0,4845,535.20,18.05,.048579,6.867420
1780413724,phi3:mini,32.0,4847,474.18,16.20,.054830,18.880743
1780413743,phi3:mini,32.0,4849,464.45,15.23,.055979,29.010037
1780413772,phi3:mini,33.0,4850,545.90,18.46,.047627,5.090947
1780413777,phi3:mini,33.0,4853,480.04,16.91,.054161,13.836809
1780413791,phi3:mini,34.0,4846,441.22,19.33,.058926,3.465354
1780413795,phi3:mini,34.0,4842,492.18,16.50,.052825,15.752440
1780413811,phi3:mini,34.0,4846,506.94,15.57,.051287,24.273615
1780413835,phi3:mini,30.0,4856,404.24,15.60,.064317,27.167818
1780413863,phi3:mini,34.0,4849,479.81,15.33,.054187,28.298968
1780413891,phi3:mini,30.0,4849,463.94,15.29,.056041,28.184514
1780413919,phi3:mini,32.0,4850,497.98,19.39,.052210,2.525888
1780413922,phi3:mini,34.0,4854,495.47,16.35,.052475,19.380094
1780413942,phi3:mini,33.0,4848,474.68,16.44,.054773,16.114277
1780413958,phi3:mini,33.0,4842,466.55,17.04,.055727,12.320919
1780413971,phi3:mini,31.0,4845,479.20,17.56,.054256,10.876830
1780413982,phi3:mini,33.0,4838,492.79,15.86,.052759,20.484499
1780414002,phi3:mini,32.0,4849,509.19,16.86,.051061,17.075723
1780414020,phi3:mini,34.0,4851,488.50,18.67,.053223,5.889227
1780414026,phi3:mini,34.0,4851,532.55,15.63,.048821,28.076067
1780414054,phi3:mini,34.0,4848,442.16,17.30,.058801,13.524205
1780414068,phi3:mini,34.0,4851,461.12,15.94,.056384,23.263214
1780414091,phi3:mini,32.0,4842,467.75,16.83,.055584,15.147094
1780414106,phi3:mini,34.0,4842,472.08,16.21,.055074,19.856711
1780414126,phi3:mini,30.0,4843,539.28,17.08,.048212,13.401447
1780414140,phi3:mini,32.0,4843,480.02,14.82,.054163,33.792106
1780414174,phi3:mini,32.0,4839,492.65,17.84,.052775,7.844395
1780414182,phi3:mini,33.0,4844,495.24,16.26,.052499,17.711246
1780414200,phi3:mini,34.0,4841,498.03,16.92,.052204,13.883789
1780414214,phi3:mini,33.0,4840,486.44,15.16,.053449,30.130517
1780414244,phi3:mini,34.0,4845,447.23,17.34,.058135,13.314202
1780414258,phi3:mini,33.0,4840,475.11,19.33,.054723,2.690073
1780414261,phi3:mini,34.0,4843,502.93,20.13,.051696,1.142309
1780414262,phi3:mini,32.0,4838,460.85,16.27,.056416,19.971382
1780414282,phi3:mini,33.0,4844,480.91,22.48,.054063,.311317
1780414283,phi3:mini,33.0,4837,465.52,16.87,.055850,13.807537
1780414297,phi3:mini,33.0,4845,465.06,16.85,.055905,12.872166
1780414310,phi3:mini,32.0,4853,498.45,16.16,.052161,19.295763
1780414329,phi3:mini,33.0,4856,471.93,16.61,.055092,15.166406
1780414344,phi3:mini,33.0,4853,504.38,15.63,.051547,27.570494
1780414372,phi3:mini,34.0,4854,518.76,15.61,.050118,32.021285
1780414404,phi3:mini,31.0,4851,438.90,17.26,.059237,12.568591
1780414417,phi3:mini,34.0,4847,473.32,17.02,.054931,13.744715
1780414431,phi3:mini,33.0,4853,515.77,15.30,.050409,32.742066
1780414464,phi3:mini,33.0,4852,484.18,17.50,.053698,11.424099
1780414476,phi3:mini,34.0,4846,497.90,16.34,.052218,19.021507
1780414495,phi3:mini,34.0,4836,481.75,15.38,.053969,27.881750
1780414523,phi3:mini,33.0,4840,478.06,16.08,.054385,21.939607
1780414545,phi3:mini,34.0,4836,513.87,13.27,.050595,58.083883
1780414603,phi3:mini,33.0,4842,483.07,14.77,.053821,34.850676
1780414638,phi3:mini,33.0,4839,469.00,17.53,.055436,9.811107
1780414648,phi3:mini,34.0,4844,499.26,16.03,.052076,21.951681
1780414671,phi3:mini,34.0,4845,488.44,17.38,.053230,10.814754
1780414682,phi3:mini,33.0,4846,525.26,15.70,.049499,23.495901
1780414705,phi3:mini,33.0,4848,516.17,16.68,.050370,16.958520
1780414722,phi3:mini,34.0,4849,537.44,13.11,.048377,61.819794
1780414784,phi3:mini,32.0,4852,452.94,17.60,.057402,9.597128
1780414794,phi3:mini,33.0,4850,449.29,17.13,.057868,12.720701
1780414807,phi3:mini,33.0,4856,460.56,15.98,.056451,19.769766
1780414827,phi3:mini,32.0,4844,547.21,20.30,.047512,1.330033
1780414829,phi3:mini,32.0,4846,446.22,16.69,.058267,14.317979
1780414843,phi3:mini,33.0,4842,513.23,14.96,.050659,34.402851
1780414878,phi3:mini,32.0,4858,493.06,17.06,.052731,14.648023
1780414893,phi3:mini,34.0,4857,523.06,17.34,.049706,13.086275
1780414906,phi3:mini,32.0,4850,447.22,17.92,.058136,10.321182
1780414916,phi3:mini,33.0,4854,481.65,22.02,.053980,.590111
1780414917,phi3:mini,33.0,4848,559.15,17.62,.046498,10.896607
1780414928,phi3:mini,33.0,4854,504.76,18.14,.051508,6.998439
1780414935,phi3:mini,34.0,4853,490.70,14.83,.052984,33.505139
1780414969,phi3:mini,30.0,4857,484.70,16.80,.053640,13.747831
1780414983,phi3:mini,33.0,4852,514.79,16.27,.050505,19.358118
1780415002,phi3:mini,32.0,4849,532.06,13.61,.048866,48.986942
1780415052,phi3:mini,32.0,4843,504.69,20.20,.051516,1.039446
1780415053,phi3:mini,33.0,4844,470.28,16.46,.055285,17.372731
1780415070,phi3:mini,33.0,4837,459.99,17.15,.056522,12.706445
1780415083,phi3:mini,32.0,4847,465.51,15.26,.055852,29.023130
1780415113,phi3:mini,33.0,4845,504.91,21.30,.051494,.844955
1780415114,phi3:mini,33.0,4843,505.57,14.87,.051426,33.000864
1780415147,phi3:mini,32.0,4844,486.16,19.06,.053479,3.461961
1780415150,phi3:mini,33.0,4846,488.93,16.64,.053176,13.877249
1780415164,phi3:mini,32.0,4848,472.08,17.98,.055074,7.618076
1780415172,phi3:mini,32.0,4848,517.64,17.54,.050227,12.370184
1780415185,phi3:mini,33.0,4854,481.50,19.30,.053997,4.972460
1780415190,phi3:mini,33.0,4840,479.33,17.23,.054241,13.869389
1780415204,phi3:mini,33.0,4850,535.47,15.85,.048554,24.289465
1780415228,phi3:mini,32.0,4842,557.52,16.84,.046634,14.718878
1780415243,phi3:mini,33.0,4842,427.50,16.77,.060818,15.260405
1780415259,phi3:mini,33.0,4852,523.33,14.17,.049681,41.328326
1780415300,phi3:mini,33.0,4848,489.85,16.81,.053076,14.746470
1780415315,phi3:mini,34.0,4842,480.19,16.75,.054144,15.279175
1780415331,phi3:mini,33.0,4847,481.38,19.62,.054011,2.343973
1780415333,phi3:mini,33.0,4849,557.66,17.59,.046623,12.391960
1780415346,phi3:mini,33.0,4845,480.65,16.09,.054092,21.876100
1780415368,phi3:mini,32.0,4846,559.00,18.65,.046511,6.055782
1780415374,phi3:mini,33.0,4840,554.76,16.83,.046866,17.401179
1780415392,phi3:mini,33.0,4843,499.89,21.39,.052011,.607730
1780415392,phi3:mini,33.0,4843,472.31,17.70,.055048,11.863188
1780415404,phi3:mini,33.0,4841,492.56,17.54,.052785,12.480365
1780415417,phi3:mini,33.0,4841,514.33,20.31,.050550,1.033487
1780415418,phi3:mini,34.0,4843,481.27,15.63,.054022,26.863175
1780415445,phi3:mini,33.0,4848,464.95,17.35,.055919,11.583289
1780415457,phi3:mini,33.0,4849,517.00,16.51,.050289,18.042149
1780415475,phi3:mini,34.0,4838,562.99,20.37,.046181,1.030592
1780415477,phi3:mini,34.0,4837,467.29,14.91,.055639,33.801738
1780415511,phi3:mini,33.0,4853,519.25,15.63,.050072,28.468840
1780415539,phi3:mini,33.0,4850,450.81,16.81,.057673,12.905598
1780415552,phi3:mini,34.0,4844,461.94,16.13,.056283,20.889609
1780415573,phi3:mini,33.0,4844,473.76,16.47,.054879,18.579183
1780415592,phi3:mini,33.0,4840,494.60,16.18,.052567,20.691928
1780415613,phi3:mini,34.0,4849,497.43,15.20,.052268,28.405326
1780415642,phi3:mini,33.0,4841,463.43,15.97,.056103,21.410022
1780415663,phi3:mini,34.0,4847,477.57,15.96,.054441,22.869553
1780415686,phi3:mini,33.0,4845,474.65,20.05,.054777,.897573
1780415687,phi3:mini,34.0,4844,461.87,17.58,.056292,9.610304
1780415697,phi3:mini,34.0,4835,483.71,17.00,.053750,16.876407
1780415714,phi3:mini,32.0,4837,495.00,16.02,.052524,27.014779
1780415741,phi3:mini,33.0,4844,565.13,18.31,.046006,5.897540
1780415748,phi3:mini,34.0,4840,473.11,15.72,.054955,26.267178
1780415774,phi3:mini,34.0,4842,528.19,13.80,.049224,47.501840
1780415822,phi3:mini,32.0,4847,459.90,15.61,.056532,23.894792
1780415846,phi3:mini,33.0,4851,478.32,13.14,.054356,57.949496
1780415904,phi3:mini,32.0,4844,540.39,13.44,.048113,55.114361
1780415959,phi3:mini,32.0,4836,509.48,15.03,.051032,33.057478
1780415993,phi3:mini,32.0,4835,479.43,18.62,.054230,5.638996
1780415998,phi3:mini,33.0,4837,523.55,15.97,.049660,23.969403
1780416023,phi3:mini,33.0,4835,428.63,16.67,.060658,15.054355
1780416038,phi3:mini,30.0,4828,478.33,18.25,.054355,9.311801
1780416047,phi3:mini,33.0,4837,560.42,15.59,.046393,30.457935
1780416078,phi3:mini,33.0,4848,522.96,15.53,.049716,29.424573
1780416108,phi3:mini,33.0,4846,463.21,19.45,.056129,3.083705
1780416111,phi3:mini,34.0,4844,446.57,20.19,.058221,.940687
1780416112,phi3:mini,34.0,4847,502.51,19.50,.051739,2.461357
1780416114,phi3:mini,33.0,4850,490.63,16.10,.052992,20.858446
1780416136,phi3:mini,33.0,4849,505.21,19.63,.051463,2.292219
1780416138,phi3:mini,33.0,4843,509.75,15.52,.051005,28.921300
1780416167,phi3:mini,32.0,4846,517.50,16.16,.050240,23.385422
1780416191,phi3:mini,30.0,4845,487.92,19.62,.053287,2.599369
1780416193,phi3:mini,33.0,4841,473.57,15.75,.054901,26.589170
1780416220,phi3:mini,33.0,4844,501.42,17.29,.051852,14.514229
1780416235,phi3:mini,33.0,4844,503.78,17.53,.051609,12.033624
1780416247,phi3:mini,33.0,4846,511.62,18.72,.050818,5.074716
1780416252,phi3:mini,33.0,4845,447.42,17.12,.058109,13.782111
1780416266,phi3:mini,30.0,4846,517.15,16.28,.050275,19.837234
1780416286,phi3:mini,33.0,4849,480.98,20.00,.054055,2.249672
1780416289,phi3:mini,34.0,4850,566.93,16.99,.045860,17.949812
1780416307,phi3:mini,32.0,4851,481.55,14.85,.053991,31.427892
1780416339,phi3:mini,32.0,4847,476.47,16.17,.054567,19.905016
1780416359,phi3:mini,34.0,4849,482.82,16.20,.053849,19.565986
1780416378,phi3:mini,32.0,4849,516.15,16.04,.050372,19.322275
1780416398,phi3:mini,33.0,4851,513.67,16.99,.050615,14.765853
1780416413,phi3:mini,33.0,4842,439.76,13.48,.059122,55.097416
1780416468,phi3:mini,33.0,4847,477.31,15.79,.054471,22.543856
1780416491,phi3:mini,33.0,4849,502.56,17.52,.051734,10.956605
1780416502,phi3:mini,30.0,4841,439.15,16.39,.059205,17.992163
1780416520,phi3:mini,34.0,4826,485.03,15.47,.053604,28.310805
1780416549,phi3:mini,30.0,4832,503.68,18.40,.051619,7.499408
1780416556,phi3:mini,33.0,4837,475.52,16.57,.054675,16.529289
1780416573,phi3:mini,33.0,4843,513.51,15.14,.050631,31.885741
1780416605,phi3:mini,34.0,4850,493.01,15.61,.052736,23.058932
1780416628,phi3:mini,32.0,4848,461.01,16.99,.056397,12.650189
1780416641,phi3:mini,33.0,4851,435.37,16.13,.059718,20.148750
1780416662,phi3:mini,33.0,4850,490.20,16.15,.053039,21.174165
1780416683,phi3:mini,34.0,4840,521.94,15.29,.049814,29.558707
1780416713,phi3:mini,32.0,4850,475.13,18.51,.054720,4.320926
1780416717,phi3:mini,30.0,4851,511.40,18.55,.050840,5.067078
1780416722,phi3:mini,33.0,4847,488.92,16.80,.053178,14.698373
1780416737,phi3:mini,33.0,4853,471.13,14.12,.055185,43.257660
1780416781,phi3:mini,32.0,4842,430.57,15.89,.060383,23.213700
1780416804,phi3:mini,33.0,4844,542.00,16.54,.047969,16.500463
1780416821,phi3:mini,33.0,4841,521.50,15.79,.049856,23.229793
1780416844,phi3:mini,32.0,4846,559.43,19.46,.046475,2.620000
1780416847,phi3:mini,32.0,4841,440.52,17.17,.059020,12.631664
1780416860,phi3:mini,30.0,4845,480.02,16.28,.054164,18.545567
1780416879,phi3:mini,32.0,4847,482.75,15.83,.053857,22.804720
1780416902,phi3:mini,33.0,4845,460.50,14.19,.056460,43.109659
1780416945,phi3:mini,33.0,4853,495.76,20.34,.052444,.884838
1780416946,phi3:mini,33.0,4853,477.42,15.35,.054458,27.945646
1780416974,phi3:mini,33.0,4853,443.06,15.65,.058682,27.846899
1780417002,phi3:mini,34.0,4849,477.16,19.72,.054488,2.281126
1780417005,phi3:mini,33.0,4852,447.00,15.74,.058165,25.661025
1780417031,phi3:mini,32.0,4854,469.96,16.35,.055322,16.751314
1780417048,phi3:mini,32.0,4858,535.84,16.42,.048521,17.469411
1780417065,phi3:mini,33.0,4844,505.11,16.97,.051473,13.904828
1780417079,phi3:mini,30.0,4841,476.74,15.55,.054536,23.851103
1780417103,phi3:mini,33.0,4849,545.89,16.96,.047627,15.919362
1780417119,phi3:mini,30.0,4853,535.41,16.51,.048560,16.468009
1780417136,phi3:mini,33.0,4854,420.56,18.48,.061821,6.111985
1780417142,phi3:mini,30.0,4857,491.03,17.24,.052949,12.642713
1780417155,phi3:mini,32.0,4852,499.75,19.23,.052025,2.495283
1780417158,phi3:mini,33.0,4851,485.75,16.60,.053524,14.268906
1780417172,phi3:mini,32.0,4849,460.02,16.17,.056518,17.930222
1780417190,phi3:mini,32.0,4850,520.61,17.59,.049940,11.477575
1780417202,phi3:mini,29.0,4843,551.53,17.22,.047141,14.568004
1780417217,phi3:mini,34.0,4845,486.97,16.13,.053391,22.562016
1780417240,phi3:mini,30.0,4842,506.98,14.25,.051283,42.367642
1780417282,phi3:mini,32.0,4849,434.13,15.65,.059889,26.128828
1780417308,phi3:mini,32.0,4854,542.14,18.48,.047957,6.439266
1780417315,phi3:mini,33.0,4848,483.19,19.43,.053808,2.367294
1780417318,phi3:mini,33.0,4850,496.07,16.17,.052411,18.357673
1780417336,phi3:mini,33.0,4847,452.62,16.46,.057442,17.435401
1780417354,phi3:mini,33.0,4852,496.77,15.83,.052337,21.853253
1780417376,phi3:mini,33.0,4855,443.86,14.55,.058576,39.225308
1780417415,phi3:mini,32.0,4849,462.58,16.10,.056206,20.426129
1780417436,phi3:mini,32.0,4849,542.33,17.33,.047940,10.957562
1780417447,phi3:mini,33.0,4852,549.03,19.41,.047356,2.833143
1780417450,phi3:mini,33.0,4846,436.81,15.76,.059521,24.428302
1780417475,phi3:mini,32.0,4852,463.42,17.13,.056104,13.652675
1780417488,phi3:mini,32.0,4857,520.99,15.62,.049904,23.488570
1780417512,phi3:mini,32.0,4861,505.59,16.98,.051424,11.773425
1780417524,phi3:mini,32.0,4862,502.49,16.00,.051742,19.489368
1780417544,phi3:mini,32.0,4855,469.24,17.23,.055408,12.708904
1780417557,phi3:mini,32.0,4854,425.64,18.91,.061084,5.816706
1780417563,phi3:mini,32.0,4844,484.66,16.40,.053645,21.699893
1780417584,phi3:mini,32.0,4848,469.02,16.38,.055434,19.531784
1780417604,phi3:mini,33.0,4846,544.89,14.97,.047715,32.988011
1780417637,phi3:mini,31.0,4851,492.47,19.22,.052794,2.392627
1780417640,phi3:mini,32.0,4851,508.95,16.67,.051085,17.566396
1780417658,phi3:mini,33.0,4846,511.94,17.25,.050786,13.562857
1780417671,phi3:mini,33.0,4849,491.27,18.31,.052923,6.225948
1780417678,phi3:mini,33.0,4847,535.98,17.44,.048508,10.777329
1780417689,phi3:mini,33.0,4848,519.71,16.69,.050027,15.932963
1780417705,phi3:mini,33.0,4851,449.56,15.80,.057833,23.598182
1780417729,phi3:mini,32.0,4852,411.27,18.61,.063218,4.672534
1780417734,phi3:mini,33.0,4849,449.31,16.36,.057865,18.880335
1780417753,phi3:mini,32.0,4853,502.42,17.76,.051748,8.502025
1780417761,phi3:mini,32.0,4854,533.64,15.73,.048721,22.311601
1780417784,phi3:mini,32.0,4859,468.52,20.12,.055492,1.043480
1780417785,phi3:mini,33.0,4850,490.16,14.39,.053043,39.454159
1780417825,phi3:mini,29.0,4854,503.90,20.55,.051596,.875553
1780417826,phi3:mini,33.0,4855,520.59,16.79,.049942,14.940820
1780417841,phi3:mini,32.0,4853,498.61,17.50,.052144,13.249859
1780417854,phi3:mini,34.0,4849,509.10,17.55,.051070,12.362490
1780417867,phi3:mini,33.0,4848,561.96,21.19,.046266,.849166
1780417868,phi3:mini,33.0,4847,448.71,19.05,.057943,5.982721
1780417874,phi3:mini,33.0,4847,510.76,15.41,.050903,28.153300
1780417902,phi3:mini,33.0,4857,510.35,14.91,.050945,33.453980
1780417936,phi3:mini,32.0,4853,503.70,16.66,.051617,16.197396
1780417952,phi3:mini,32.0,4851,494.15,16.96,.052615,14.732942
1780417967,phi3:mini,33.0,4847,483.12,17.24,.053816,12.580715
1780417980,phi3:mini,33.0,4847,551.15,18.41,.047173,6.461508
1780417987,phi3:mini,33.0,4845,539.76,14.97,.048169,33.453368
1780418020,phi3:mini,32.0,4843,476.42,20.49,.054572,.975818
1780418021,phi3:mini,33.0,4843,500.14,16.01,.051985,20.424148
1780418042,phi3:mini,30.0,4850,477.02,18.32,.054503,6.328702
1780418049,phi3:mini,34.0,4856,503.06,17.46,.051683,12.539279
1780418061,phi3:mini,33.0,4848,536.99,17.59,.048417,10.402934
1780418072,phi3:mini,34.0,4849,477.30,18.04,.054472,5.985100
1780418078,phi3:mini,34.0,4847,491.49,16.96,.052900,13.613370
1780418092,phi3:mini,33.0,4847,515.55,18.54,.050431,7.116817
1780418099,phi3:mini,34.0,4849,491.64,18.78,.052883,4.312354
1780418104,phi3:mini,33.0,4843,521.69,17.27,.049837,13.142703
1780418117,phi3:mini,34.0,4843,485.32,15.34,.053571,28.280961
1780418145,phi3:mini,34.0,4845,464.76,17.57,.055941,12.179535
1780418158,phi3:mini,33.0,4844,513.47,16.79,.050635,18.403637
1780418176,phi3:mini,34.0,4844,524.15,16.74,.049604,17.557907
1780418194,phi3:mini,34.0,4843,497.82,17.23,.052227,13.520582
1780418208,phi3:mini,32.0,4843,499.90,16.39,.052010,18.481708
1780418226,phi3:mini,33.0,4844,466.73,16.71,.055705,15.316133
1780418242,phi3:mini,33.0,4844,507.16,17.76,.051265,10.302740
1780418252,phi3:mini,33.0,4846,411.63,18.06,.063162,8.248064
1780418261,phi3:mini,34.0,4850,522.67,17.87,.049743,9.117421
1780418270,phi3:mini,34.0,4847,496.52,19.78,.052363,2.274857
1780418272,phi3:mini,33.0,4850,487.69,15.60,.053311,27.291547
1780418300,phi3:mini,29.0,4852,461.52,16.64,.056335,17.358645
1780418318,phi3:mini,33.0,4848,474.45,15.93,.054799,21.217365
1780418339,phi3:mini,33.0,4850,561.42,16.44,.046311,19.585548
1780418359,phi3:mini,33.0,4850,535.85,18.51,.048520,7.992039
1780418367,phi3:mini,34.0,4856,507.30,16.45,.051250,19.449891
1780418386,phi3:mini,33.0,4856,490.34,18.87,.053024,4.503402
1780418391,phi3:mini,33.0,4855,498.55,16.47,.052150,16.631018
1780418408,phi3:mini,32.0,4858,482.27,21.86,.053911,.548871
1780418409,phi3:mini,32.0,4852,467.12,17.38,.055659,10.812143
1780418420,phi3:mini,33.0,4850,480.30,15.35,.054132,27.554081
1780418447,phi3:mini,33.0,4843,479.02,17.17,.054276,14.381581
1780418462,phi3:mini,32.0,4847,492.58,16.44,.052782,17.389259
1780418480,phi3:mini,34.0,4843,487.83,16.45,.053296,19.817257
1780418500,phi3:mini,33.0,4849,534.73,15.31,.048622,32.898268
1780418533,phi3:mini,33.0,4852,437.28,16.47,.059457,18.264779
1780418551,phi3:mini,32.0,4846,441.88,17.88,.058838,9.115639
1780418560,phi3:mini,34.0,4841,527.98,17.07,.049243,13.761233
1780418574,phi3:mini,31.0,4845,543.65,18.29,.047824,6.560284
1780418581,phi3:mini,32.0,4845,493.51,15.27,.052682,27.896809
1780418609,phi3:mini,33.0,4839,510.37,16.77,.050942,14.787526
1780418624,phi3:mini,32.0,4841,501.40,14.81,.051854,33.952175
1780418658,phi3:mini,29.0,4852,440.46,16.90,.059027,14.613642
1780418673,phi3:mini,33.0,4850,484.97,18.69,.053611,5.243251
1780418679,phi3:mini,33.0,4850,480.70,15.12,.054087,33.584624
1780418712,phi3:mini,32.0,4840,540.21,17.80,.048128,9.434950
1780418722,phi3:mini,32.0,4841,505.93,17.39,.051389,13.448754
1780418736,phi3:mini,33.0,4830,484.35,16.95,.053680,16.455314
1780418752,phi3:mini,32.0,4843,503.57,10.42,.051630,159.083330
1780418912,phi3:mini,31.0,4838,510.02,16.94,.050977,16.290512
1780418928,phi3:mini,32.0,4847,542.07,11.73,.047963,101.581349
1780419030,phi3:mini,32.0,4839,485.40,11.42,.053563,113.121986
1780419143,phi3:mini,31.0,4832,485.77,16.38,.053522,19.835238
1780419163,phi3:mini,32.0,4829,465.15,16.80,.055895,14.821175
1780419178,phi3:mini,32.0,4835,453.37,15.94,.057347,23.713400
1780419202,phi3:mini,32.0,4839,473.95,13.50,.054857,55.024856
1780419258,phi3:mini,32.0,4845,443.62,16.07,.058607,21.210897
1780419279,phi3:mini,32.0,4844,440.54,21.20,.059018,.990298
1780419280,phi3:mini,32.0,4846,470.64,15.19,.055242,28.565204
1780419309,phi3:mini,32.0,4844,494.88,15.69,.052537,25.480430
1780419335,phi3:mini,32.0,4845,485.05,16.96,.053601,14.381897
1780419349,phi3:mini,32.0,4850,461.34,17.91,.056356,11.496371
1780419361,phi3:mini,33.0,4855,518.49,21.26,.050144,.705285
1780419362,phi3:mini,33.0,4854,411.26,16.85,.063220,16.430256
1780419378,phi3:mini,33.0,4856,536.52,15.89,.048460,23.278565
1780419402,phi3:mini,32.0,4856,494.42,15.23,.052586,28.939306
1780419431,phi3:mini,32.0,4855,490.37,20.39,.053020,1.029505
1780419432,phi3:mini,32.0,4853,511.72,18.71,.050808,3.846489
1780419436,phi3:mini,33.0,4844,582.14,16.22,.044662,18.177879
1780419455,phi3:mini,32.0,4853,488.84,16.36,.053187,17.725778
1780419472,phi3:mini,32.0,4853,524.77,17.40,.049544,13.445161
1780419486,phi3:mini,32.0,4853,547.04,15.20,.047527,28.404528
1780419515,phi3:mini,30.0,4842,509.70,16.09,.051010,18.265081
1780419533,phi3:mini,32.0,4846,471.72,18.83,.055117,3.663076
1780419537,phi3:mini,34.0,4848,502.61,17.51,.051728,11.018720
1780419548,phi3:mini,32.0,4844,465.56,17.41,.055846,11.827702
1780419560,phi3:mini,33.0,4843,493.68,15.81,.052665,27.061024
1780419587,phi3:mini,32.0,4842,495.88,17.54,.052431,10.887404
1780419599,phi3:mini,33.0,4840,468.45,17.09,.055501,13.454746
1780419612,phi3:mini,33.0,4842,471.36,14.82,.055159,36.017872
1780419648,phi3:mini,32.0,4882,474.04,17.96,.054846,7.182354
1780419656,phi3:mini,33.0,4887,472.72,15.77,.055000,23.131930
1780419679,phi3:mini,32.0,4888,511.71,15.35,.050809,28.130584
1780419707,phi3:mini,32.0,4889,453.72,19.60,.057303,1.581407
1780419709,phi3:mini,32.0,4890,518.71,16.08,.050124,20.271067
1780419730,phi3:mini,30.0,4891,459.24,18.34,.056614,6.488198
1780419736,phi3:mini,33.0,4892,469.03,16.55,.055432,15.888676
1780419752,phi3:mini,33.0,4863,526.91,15.02,.049343,29.552370
1780419782,phi3:mini,32.0,4865,485.24,16.16,.053581,20.104270
1780419802,phi3:mini,29.0,4860,486.22,17.52,.053472,13.524394
1780419816,phi3:mini,33.0,4866,470.88,19.49,.055215,2.462145
1780419819,phi3:mini,33.0,4867,485.32,16.21,.053572,22.515224
1780419841,phi3:mini,32.0,4865,491.58,16.53,.052890,17.720638
1780419859,phi3:mini,33.0,4862,471.62,15.68,.055128,24.863843
1780419884,phi3:mini,32.0,4849,478.63,16.02,.054321,22.584238
1780419907,phi3:mini,33.0,4849,454.58,17.56,.057195,13.606937
1780419921,phi3:mini,33.0,4858,543.46,15.16,.047841,29.930205
1780419951,phi3:mini,33.0,4854,475.70,15.55,.054655,25.198997
1780419976,phi3:mini,33.0,4856,538.90,17.32,.048246,10.734091
1780419987,phi3:mini,33.0,4851,506.54,16.81,.051328,13.560441
1780420001,phi3:mini,32.0,4843,497.71,15.88,.052239,23.098950
1780420024,phi3:mini,33.0,4846,460.76,16.53,.056428,18.441549
1780420043,phi3:mini,32.0,4844,458.32,18.13,.056728,9.041476
1780420052,phi3:mini,32.0,4846,539.88,16.53,.048158,22.255208
1780420075,phi3:mini,32.0,4845,501.65,16.68,.051828,16.662645
1780420092,phi3:mini,32.0,4842,520.84,17.82,.049918,9.424574
1780420101,phi3:mini,33.0,4840,491.95,16.95,.052850,14.450571
1780420116,phi3:mini,33.0,4845,495.59,18.54,.052461,5.444920
1780420121,phi3:mini,33.0,4844,519.23,15.14,.050073,31.419790
1780420153,phi3:mini,32.0,4847,552.55,20.89,.047054,.813492
1780420154,phi3:mini,32.0,4846,489.27,17.02,.053140,14.039829
1780420168,phi3:mini,34.0,4845,461.75,15.74,.056306,27.444157
1780420196,phi3:mini,32.0,4854,471.44,13.39,.055149,58.166089
1780420254,phi3:mini,32.0,4851,459.93,15.58,.056529,27.974427
1780420282,phi3:mini,33.0,4853,458.62,18.27,.056690,7.989329
1780420291,phi3:mini,34.0,4854,488.41,15.30,.053233,29.147885
1780420320,phi3:mini,34.0,4853,488.67,15.39,.053205,28.715920
1780420349,phi3:mini,33.0,4846,478.73,16.87,.054310,15.290898
1780420364,phi3:mini,33.0,4850,465.55,15.20,.055847,29.205617
1780420394,phi3:mini,33.0,4848,479.57,18.20,.054214,6.647168
1780420401,phi3:mini,32.0,4849,512.43,16.83,.050738,16.813642
1780420418,phi3:mini,33.0,4849,484.70,15.72,.053641,24.105976
1780420442,phi3:mini,29.0,4847,477.26,15.70,.054476,23.944252
1780420466,phi3:mini,32.0,4851,472.74,16.17,.054997,19.284397
1780420485,phi3:mini,32.0,4851,480.13,15.17,.054151,28.202716
1780420514,phi3:mini,32.0,4846,427.92,18.32,.060757,7.203819
1780420521,phi3:mini,32.0,4849,475.91,17.12,.054631,13.899364
1780420535,phi3:mini,32.0,4843,520.98,13.08,.049905,59.360795
1780420595,phi3:mini,29.0,4845,481.63,15.95,.053982,19.997280
1780420615,phi3:mini,32.0,4846,542.22,16.37,.047950,17.710054
1780420633,phi3:mini,32.0,4848,476.27,15.69,.054590,27.708847
1780420661,phi3:mini,32.0,4842,511.06,16.40,.050874,18.954637
1780420680,phi3:mini,32.0,4850,451.32,16.08,.057608,24.869870
1780420705,phi3:mini,33.0,4843,505.00,16.52,.051484,16.518405
1780420722,phi3:mini,32.0,4847,460.66,15.22,.056439,28.631636
1780420751,phi3:mini,32.0,4848,525.50,15.75,.049475,25.453263
1780420776,phi3:mini,33.0,4848,517.23,14.85,.050267,32.034873
1780420808,phi3:mini,32.0,4854,487.13,18.08,.053373,6.415533
1780420815,phi3:mini,33.0,4854,436.16,14.20,.059610,44.839072
1780420860,phi3:mini,32.0,4848,490.62,16.61,.052993,19.255626
1780420880,phi3:mini,32.0,4849,460.59,18.30,.056449,7.595548
1780420887,phi3:mini,32.0,4850,457.43,16.49,.056838,19.701828
1780420907,phi3:mini,32.0,4853,468.63,16.19,.055480,22.721259
1780420930,phi3:mini,33.0,4852,512.84,19.29,.050697,3.109633
1780420933,phi3:mini,34.0,4853,511.27,14.74,.050853,38.516161
1780420972,phi3:mini,33.0,4848,542.03,16.37,.047967,19.354842
1780420992,phi3:mini,32.0,4846,560.36,16.39,.046398,20.617175
1780421013,phi3:mini,33.0,4853,474.78,16.95,.054761,12.919847
1780421026,phi3:mini,34.0,4852,490.17,16.57,.053042,13.998529
1780421040,phi3:mini,34.0,4855,477.14,15.81,.054490,23.262604
1780421063,phi3:mini,32.0,4848,449.92,15.23,.057786,28.481494
1780421092,phi3:mini,34.0,4848,443.20,15.56,.058663,27.822293
1780421120,phi3:mini,33.0,4856,516.39,17.80,.050349,11.008708
1780421131,phi3:mini,33.0,4858,491.73,15.89,.052874,27.242575
1780421159,phi3:mini,33.0,4854,523.32,16.18,.049682,20.079854
1780421179,phi3:mini,33.0,4852,479.75,20.82,.054194,.528316
1780421180,phi3:mini,33.0,4846,467.59,17.29,.055603,12.548952
1780421192,phi3:mini,33.0,4848,486.02,17.56,.053495,10.872786
1780421203,phi3:mini,33.0,4851,484.49,16.38,.053664,17.025747
1780421221,phi3:mini,33.0,4848,473.08,15.97,.054958,21.405161
1780421242,phi3:mini,32.0,4851,484.76,17.64,.053634,11.675554
1780421254,phi3:mini,32.0,4852,504.05,17.36,.051581,12.320752
1780421266,phi3:mini,34.0,4851,511.29,17.20,.050851,11.507632
1780421278,phi3:mini,32.0,4852,552.91,19.62,.047023,2.445350
1780421281,phi3:mini,33.0,4851,485.47,16.68,.053556,14.980178
1780421296,phi3:mini,32.0,4848,488.01,16.97,.053277,12.840910
1780421309,phi3:mini,34.0,4852,550.91,18.32,.047194,7.529335
1780421317,phi3:mini,33.0,4855,550.31,15.14,.047245,28.594859
1780421345,phi3:mini,32.0,4858,491.70,16.17,.052877,21.024185
1780421367,phi3:mini,34.0,4853,463.91,17.43,.056044,11.069017
1780421378,phi3:mini,34.0,4856,507.13,16.70,.051267,15.565384
1780421394,phi3:mini,34.0,4844,465.67,16.99,.055832,12.884548
1780421407,phi3:mini,34.0,4851,510.93,16.13,.050886,22.997159
1780421430,phi3:mini,32.0,4859,456.75,14.93,.056923,33.814611
1780421464,phi3:mini,32.0,4861,477.28,17.16,.054475,14.451590
1780421478,phi3:mini,33.0,4861,519.46,16.12,.050051,21.452655
1780421500,phi3:mini,32.0,4858,504.10,17.23,.051576,11.431202
1780421512,phi3:mini,32.0,4855,544.70,17.29,.047731,15.149752
1780421527,phi3:mini,33.0,4859,506.63,16.83,.051319,19.126288
1780421546,phi3:mini,33.0,4856,506.90,16.01,.051291,22.225656
1780421569,phi3:mini,32.0,4861,518.53,17.00,.050141,13.998773
1780421583,phi3:mini,33.0,4860,455.35,16.20,.057097,20.051384
1780421603,phi3:mini,29.0,4859,475.36,19.19,.054695,3.125088
1780421607,phi3:mini,33.0,4859,503.73,14.98,.051614,33.430875
1780421640,phi3:mini,32.0,4854,485.43,16.60,.053559,14.095472
1780421654,phi3:mini,33.0,4854,519.21,18.55,.050076,5.066058
1780421660,phi3:mini,33.0,4851,500.23,14.63,.051975,35.199565
1780421695,phi3:mini,32.0,4858,457.88,16.34,.056783,16.703024
1780421712,phi3:mini,29.0,4857,506.30,20.80,.051352,.672987
1780421713,phi3:mini,29.0,4854,500.43,15.86,.051955,21.180238
1780421734,phi3:mini,32.0,4858,470.08,15.69,.055309,27.647157
1780421762,phi3:mini,33.0,4856,530.66,16.96,.048994,17.092522
1780421779,phi3:mini,34.0,4857,444.37,15.66,.058509,28.219219
1780421808,phi3:mini,33.0,4848,485.03,15.89,.053604,23.904210
1780421832,phi3:mini,33.0,4846,517.32,17.33,.050258,11.822810
1780421844,phi3:mini,33.0,4850,528.31,15.81,.049212,23.017200
1780421867,phi3:mini,33.0,4851,480.93,17.34,.054060,11.126690
1780421878,phi3:mini,34.0,4853,521.51,17.27,.049854,11.345216
1780421890,phi3:mini,34.0,4850,529.73,15.75,.049081,21.702225
1780421912,phi3:mini,33.0,4856,487.31,16.56,.053353,16.415455
1780421928,phi3:mini,32.0,4858,508.01,14.65,.051179,42.158942
1780421971,phi3:mini,33.0,4861,481.39,16.39,.054010,21.464433
1780421992,phi3:mini,33.0,4852,449.95,16.91,.057783,16.908523
1780422009,phi3:mini,33.0,4858,530.94,16.44,.048969,17.637125
1780422027,phi3:mini,32.0,4853,535.73,15.66,.048531,23.428724
1780422051,phi3:mini,33.0,4853,474.75,19.72,.054765,2.585929
1780422054,phi3:mini,33.0,4841,506.07,16.01,.051375,22.974651
1780422077,phi3:mini,33.0,4844,436.13,17.66,.059614,9.507855
1780422086,phi3:mini,33.0,4851,523.22,15.88,.049691,22.853564
1780422110,phi3:mini,33.0,4849,439.21,18.94,.059196,3.537347
1780422113,phi3:mini,33.0,4850,468.60,18.20,.055483,6.263545
1780422120,phi3:mini,33.0,4852,509.53,17.39,.051026,10.120674
1780422130,phi3:mini,32.0,4852,497.08,16.32,.052305,18.004248
1780422148,phi3:mini,33.0,4850,498.27,20.90,.052180,.669567
1780422149,phi3:mini,33.0,4851,516.37,14.54,.050350,38.290592
1780422187,phi3:mini,33.0,4851,547.34,15.30,.047501,27.706037
1780422215,phi3:mini,33.0,4852,497.63,16.35,.052246,18.526874
1780422234,phi3:mini,33.0,4846,510.02,17.13,.050978,12.662430
1780422247,phi3:mini,33.0,4840,482.13,15.69,.053927,24.401813
1780422272,phi3:mini,32.0,4846,519.32,17.22,.050064,11.086445
1780422283,phi3:mini,33.0,4844,492.69,18.02,.052770,7.268971
1780422290,phi3:mini,34.0,4842,458.53,13.93,.056702,46.299462
1780422337,phi3:mini,32.0,4841,499.57,18.26,.052044,5.421675
1780422342,phi3:mini,32.0,4841,474.80,19.39,.054759,3.145296
1780422346,phi3:mini,33.0,4843,504.09,17.64,.051578,10.826226
1780422357,phi3:mini,32.0,4840,454.72,16.00,.057177,20.928772
1780422378,phi3:mini,32.0,4842,507.05,14.76,.051276,34.869477
1780422413,phi3:mini,32.0,4854,546.83,18.94,.047546,5.015720
1780422418,phi3:mini,32.0,4853,504.49,15.43,.051537,27.530943
1780422446,phi3:mini,33.0,4850,495.78,19.43,.052442,3.139151
1780422449,phi3:mini,34.0,4852,501.32,20.80,.051862,1.345894
1780422450,phi3:mini,33.0,4852,477.39,16.14,.054461,20.871682
1780422472,phi3:mini,33.0,4851,498.53,15.23,.052152,29.923981
1780422502,phi3:mini,32.0,4846,471.50,18.50,.055143,5.133757
1780422507,phi3:mini,33.0,4848,542.26,16.22,.047946,17.686817
1780422525,phi3:mini,33.0,4846,475.08,17.64,.054727,9.633519
1780422535,phi3:mini,30.0,4843,483.65,17.17,.053757,12.229244
1780422547,phi3:mini,32.0,4848,453.90,16.90,.057280,14.491697
1780422562,phi3:mini,33.0,4848,515.47,16.79,.050439,14.226271
1780422576,phi3:mini,33.0,4848,494.06,17.12,.052624,11.559318
1780422588,phi3:mini,32.0,4854,498.70,17.07,.052135,14.286346
1780422602,phi3:mini,34.0,4847,489.87,17.15,.053074,13.700735
1780422616,phi3:mini,32.0,4850,469.74,18.38,.055348,6.690970
1780422623,phi3:mini,33.0,4852,506.29,17.83,.051353,8.520680
1780422632,phi3:mini,32.0,4849,506.57,17.10,.051324,13.972460
1780422646,phi3:mini,33.0,4855,484.28,17.27,.053687,12.563999
1780422659,phi3:mini,33.0,4853,492.32,15.88,.052810,21.466049
1780422680,phi3:mini,32.0,4852,474.38,18.53,.054808,6.095658
1780422687,phi3:mini,33.0,4850,503.89,16.38,.051597,17.701822
1780422704,phi3:mini,33.0,4854,465.92,18.07,.055802,9.571168
1780422714,phi3:mini,33.0,4849,525.48,18.48,.049477,4.436801
1780422719,phi3:mini,33.0,4851,471.44,14.82,.055150,33.871622
1780422753,phi3:mini,33.0,4843,493.81,15.65,.052650,23.504059
1780422777,phi3:mini,32.0,4847,498.42,19.19,.052164,3.074022
1780422780,phi3:mini,33.0,4847,487.86,16.92,.053293,15.424244
1780422795,phi3:mini,33.0,4845,474.68,15.80,.054773,23.346519
1780422819,phi3:mini,33.0,4852,549.93,15.91,.047278,22.371762
1780422842,phi3:mini,32.0,4850,468.38,15.88,.055510,23.735962
1780422865,phi3:mini,32.0,4855,483.14,18.90,.053814,3.226221
1780422869,phi3:mini,30.0,4855,522.16,14.11,.049792,42.784370
1780422912,phi3:mini,32.0,4851,511.23,18.04,.050857,8.366746
1780422920,phi3:mini,34.0,4852,501.52,15.15,.051841,33.257060
1780422954,phi3:mini,32.0,4851,525.80,17.47,.049447,14.133224
1780422968,phi3:mini,32.0,4852,489.57,16.19,.053107,18.894414
1780422987,phi3:mini,32.0,4845,445.66,14.64,.058339,36.676986
1780423024,phi3:mini,28.0,4846,477.30,19.70,.054472,1.268432
1780423026,phi3:mini,33.0,4847,485.49,16.62,.053553,16.780249
1780423043,phi3:mini,33.0,4849,518.83,15.70,.050112,27.892558
1780423071,phi3:mini,32.0,4849,422.41,19.51,.061550,2.254813
1780423073,phi3:mini,33.0,4847,494.64,17.56,.052562,10.871579
1780423084,phi3:mini,33.0,4840,505.62,19.74,.051422,2.026142
1780423086,phi3:mini,33.0,4843,450.38,16.41,.057727,18.395864
1780423105,phi3:mini,33.0,4848,490.21,17.03,.053037,13.499085
1780423119,phi3:mini,30.0,4852,440.34,16.41,.059044,21.201646
1780423140,phi3:mini,32.0,4854,514.89,18.35,.050495,7.626446
1780423148,phi3:mini,32.0,4854,482.04,14.17,.053936,43.468551
1780423191,phi3:mini,32.0,4853,498.23,17.72,.052183,12.186405
1780423204,phi3:mini,33.0,4856,493.30,17.33,.052705,12.922142
1780423217,phi3:mini,34.0,4858,495.96,16.13,.052422,23.123575
1780423240,phi3:mini,33.0,4858,450.95,15.25,.057655,27.539826
1780423268,phi3:mini,32.0,4854,487.90,16.57,.053289,15.445677
1780423284,phi3:mini,32.0,4856,495.00,16.72,.052524,14.770242
1780423299,phi3:mini,33.0,4852,446.78,17.09,.058193,12.696974
1780423311,phi3:mini,32.0,4858,512.71,19.83,.050710,1.109068
1780423313,phi3:mini,30.0,4858,527.36,18.97,.049301,3.689535
1780423316,phi3:mini,32.0,4858,475.13,15.29,.054721,28.379836
1780423345,phi3:mini,32.0,4859,460.78,14.65,.056425,33.984275
1780423379,phi3:mini,32.0,4857,443.88,16.99,.058573,13.651245
1780423393,phi3:mini,32.0,4857,493.47,14.31,.052687,39.605849
1780423433,phi3:mini,32.0,4863,409.82,18.19,.063442,7.530148
1780423441,phi3:mini,32.0,4857,506.21,17.09,.051361,12.809720
1780423454,phi3:mini,32.0,4856,457.02,17.45,.056889,12.492672
1780423466,phi3:mini,34.0,4856,485.96,15.73,.053501,24.344696
1780423491,phi3:mini,32.0,4846,499.38,20.26,.052064,1.233954
1780423492,phi3:mini,33.0,4849,539.20,15.54,.048219,27.923312
1780423520,phi3:mini,32.0,4864,453.96,15.59,.057273,24.108835
1780423545,phi3:mini,32.0,4865,477.18,15.63,.054486,23.596069
1780423568,phi3:mini,33.0,4866,490.22,17.19,.053036,11.105914
1780423580,phi3:mini,32.0,4853,496.26,16.47,.052391,18.275515
1780423598,phi3:mini,30.0,4859,467.74,14.44,.055585,38.223060
1780423637,phi3:mini,33.0,4862,507.29,16.91,.051252,15.608284
1780423652,phi3:mini,32.0,4864,523.96,19.42,.049621,4.891186
1780423658,phi3:mini,33.0,4864,525.02,17.25,.049521,12.231214
1780423670,phi3:mini,32.0,4852,545.28,17.36,.047681,13.533969
1780423684,phi3:mini,33.0,4854,458.72,16.03,.056678,21.641580
1780423705,phi3:mini,33.0,4861,482.00,15.71,.053941,23.861570
1780423730,phi3:mini,30.0,4851,498.94,13.68,.052109,49.342069
1780423779,phi3:mini,31.0,4858,489.11,16.13,.053157,19.836505
1780423799,phi3:mini,32.0,4850,518.36,17.05,.050157,13.663244
1780423813,phi3:mini,32.0,4851,487.41,18.06,.053342,7.913970
1780423821,phi3:mini,30.0,4844,466.50,14.14,.055733,45.306319
1780423867,phi3:mini,32.0,4853,493.60,16.82,.052673,13.850014
1780423881,phi3:mini,33.0,4854,480.54,18.38,.054104,5.819776
1780423887,phi3:mini,32.0,4857,520.52,16.89,.049949,13.494962
1780423900,phi3:mini,33.0,4840,477.83,16.58,.054412,17.058765
1780423917,phi3:mini,32.0,4846,505.02,15.15,.051483,31.678490
1780423949,phi3:mini,33.0,4847,533.75,19.56,.048711,2.606826
1780423952,phi3:mini,33.0,4846,509.37,16.88,.051042,14.157194
1780423966,phi3:mini,34.0,4846,521.24,17.81,.049880,9.151113
1780423976,phi3:mini,33.0,4844,471.64,15.53,.055125,27.805683
1780424004,phi3:mini,34.0,4850,451.55,20.60,.057578,1.601645
1780424006,phi3:mini,34.0,4849,464.56,17.01,.055966,16.633567
1780424022,phi3:mini,33.0,4852,484.01,17.28,.053717,13.592940
1780424036,phi3:mini,34.0,4849,490.31,14.81,.053027,37.330790
1780424074,phi3:mini,32.0,4855,549.48,16.02,.047316,20.284415
1780424094,phi3:mini,34.0,4852,462.20,17.38,.056252,10.929650
1780424105,phi3:mini,33.0,4850,482.52,15.60,.053883,23.649972
1780424129,phi3:mini,32.0,4843,497.27,16.92,.052285,14.476419
1780424144,phi3:mini,32.0,4842,477.00,18.43,.054506,6.292510
1780424150,phi3:mini,33.0,4839,505.06,19.93,.051478,1.404521
1780424152,phi3:mini,33.0,4843,484.06,15.13,.053712,31.724083
1780424184,phi3:mini,32.0,4838,499.70,17.16,.052030,13.925124
1780424198,phi3:mini,33.0,4843,484.10,17.76,.053707,10.866614
1780424209,phi3:mini,33.0,4851,527.48,16.57,.049290,18.043049
1780424227,phi3:mini,33.0,4853,505.83,16.09,.051400,22.367392
1780424250,phi3:mini,33.0,4853,476.49,16.64,.054564,16.997525
1780424267,phi3:mini,32.0,4851,514.98,15.47,.050486,25.591465
1780424293,phi3:mini,33.0,4843,467.48,15.58,.055616,24.700192
1780424317,phi3:mini,33.0,4847,455.32,15.94,.057101,22.070145
1780424340,phi3:mini,34.0,4844,492.61,17.71,.052779,8.916802
1780424349,phi3:mini,33.0,4844,547.86,14.92,.047457,34.108780
1780424383,phi3:mini,32.0,4844,447.88,14.34,.058050,40.504138
1780424424,phi3:mini,33.0,4849,517.32,16.49,.050258,21.888689
1780424446,phi3:mini,29.0,4838,433.44,14.18,.059984,46.446502
1780424493,phi3:mini,32.0,4850,496.56,17.37,.052359,10.991214
1780424504,phi3:mini,33.0,4850,430.66,16.56,.060372,16.905723
1780424521,phi3:mini,33.0,4853,472.82,17.14,.054988,13.591997
1780424535,phi3:mini,33.0,4852,514.14,16.74,.050569,14.453557
1780424549,phi3:mini,33.0,4843,474.13,17.22,.054836,13.175446
1780424563,phi3:mini,33.0,4838,506.07,16.21,.051375,20.104306
1780424583,phi3:mini,33.0,4837,437.97,15.67,.059364,23.282348
1780424606,phi3:mini,32.0,4836,533.47,18.73,.048737,5.498301
1780424612,phi3:mini,30.0,4840,434.29,16.94,.059867,12.866796
1780424625,phi3:mini,32.0,4844,433.35,15.82,.059997,22.943305
1780424648,phi3:mini,32.0,4842,578.10,16.09,.044974,21.000355
1780424669,phi3:mini,32.0,4845,426.66,16.69,.060937,16.827220
1780424687,phi3:mini,33.0,4849,515.96,16.78,.050391,19.360410
1780424706,phi3:mini,33.0,4845,465.56,17.62,.055845,11.855327
1780424718,phi3:mini,32.0,4849,512.03,17.79,.050777,10.620266
1780424729,phi3:mini,33.0,4845,502.47,15.77,.051744,26.562408
1780424756,phi3:mini,32.0,4838,486.49,18.77,.053443,4.687010
1780424760,phi3:mini,33.0,4833,430.64,16.09,.060374,22.683689
1780424783,phi3:mini,32.0,4839,467.63,16.15,.055599,22.156966
1780424806,phi3:mini,30.0,4838,515.51,14.99,.050435,37.284391
1780424843,phi3:mini,32.0,4840,485.59,17.00,.053542,14.763585
1780424858,phi3:mini,33.0,4840,551.37,21.96,.047154,.409698
1780424859,phi3:mini,33.0,4844,482.75,18.06,.053857,9.132613
1780424868,phi3:mini,30.0,4848,489.71,18.82,.053092,3.453322
1780424872,phi3:mini,32.0,4848,539.94,15.30,.048153,29.990907
1780424902,phi3:mini,33.0,4848,561.22,18.67,.046327,7.176205
1780424909,phi3:mini,33.0,4846,488.40,16.59,.053234,17.655656
1780424927,phi3:mini,33.0,4844,475.23,15.43,.054710,28.052884
1780424955,phi3:mini,32.0,4830,436.00,15.30,.059632,27.041160
1780424982,phi3:mini,33.0,4841,478.99,18.01,.054280,7.770631
1780424990,phi3:mini,33.0,4845,481.43,16.38,.054005,17.153268
1780425008,phi3:mini,33.0,4841,500.16,15.27,.051982,28.405962
1780425036,phi3:mini,33.0,4843,524.73,16.39,.049548,19.035979
1780425056,phi3:mini,32.0,4846,461.97,16.17,.056279,23.310958
1780425079,phi3:mini,32.0,4838,491.27,16.25,.052923,20.854171
1780425100,phi3:mini,32.0,4843,508.36,17.41,.051144,10.910639
1780425111,phi3:mini,33.0,4839,466.99,16.27,.055675,18.189227
1780425130,phi3:mini,31.0,4845,524.81,15.60,.049541,24.674331
1780425154,phi3:mini,33.0,4839,465.63,16.79,.055837,12.976444
1780425168,phi3:mini,30.0,4840,504.13,16.52,.051573,17.006103
1780425185,phi3:mini,32.0,4841,479.94,14.50,.054173,38.945598
1780425224,phi3:mini,33.0,4847,509.31,15.09,.051048,33.261565
1780425257,phi3:mini,32.0,4851,493.70,17.51,.052662,11.700959
1780425269,phi3:mini,33.0,4851,510.82,16.06,.050898,22.965761
1780425292,phi3:mini,33.0,4852,555.16,17.41,.046832,13.726247
1780425306,phi3:mini,34.0,4848,464.30,16.22,.055997,18.856626
1780425325,phi3:mini,33.0,4840,467.53,14.13,.055610,44.929226
1780425371,phi3:mini,32.0,4843,466.02,16.58,.055791,15.135034
1780425386,phi3:mini,31.0,4839,559.83,20.63,.046442,1.017714
1780425387,phi3:mini,33.0,4833,441.84,15.79,.058843,24.305866
1780425411,phi3:mini,32.0,4844,473.19,15.80,.054945,23.976567
1780425436,phi3:mini,33.0,4847,471.23,15.32,.055173,31.984276
1780425468,phi3:mini,33.0,4850,489.50,17.42,.053115,11.020445
1780425479,phi3:mini,33.0,4850,509.23,15.47,.051057,23.847588
1780425503,phi3:mini,32.0,4840,530.56,15.64,.049004,23.848823
1780425527,phi3:mini,33.0,4835,457.59,16.95,.056818,15.395312
1780425543,phi3:mini,33.0,4840,477.65,16.65,.054432,18.074185
1780425561,phi3:mini,33.0,4830,469.12,14.52,.055422,39.026216
1780425600,phi3:mini,32.0,4839,484.45,15.62,.053668,25.851855
1780425626,phi3:mini,33.0,4848,519.79,15.41,.050019,26.855947
1780425653,phi3:mini,33.0,4846,493.29,16.37,.052707,18.446632
1780425672,phi3:mini,32.0,4838,470.39,15.71,.055272,24.943415
1780425697,phi3:mini,30.0,4850,531.40,15.65,.048927,23.191628
1780425720,phi3:mini,33.0,4841,490.99,15.06,.052953,33.583544
1780425754,phi3:mini,30.0,4848,450.03,16.71,.057772,15.975453
1780425770,phi3:mini,33.0,4846,490.84,14.36,.052970,42.103057
1780425813,phi3:mini,33.0,4845,470.74,15.64,.055232,25.117946
1780425838,phi3:mini,32.0,4852,503.26,15.95,.051662,22.433553
1780425861,phi3:mini,29.0,4850,457.75,17.68,.056799,7.974149
1780425869,phi3:mini,32.0,4853,463.04,15.34,.056150,26.916237
1780425896,phi3:mini,32.0,4845,463.27,15.61,.056122,24.727582
1780425921,phi3:mini,33.0,4852,453.15,18.81,.057374,5.314696
1780425926,phi3:mini,34.0,4849,477.93,17.29,.054400,12.549706
1780425939,phi3:mini,34.0,4853,476.50,20.67,.054564,1.015771
1780425940,phi3:mini,33.0,4853,511.96,19.30,.050784,3.056704
1780425943,phi3:mini,34.0,4850,464.00,16.18,.056033,17.669057
1780425961,phi3:mini,33.0,4854,483.66,15.27,.053755,29.468790
1780425991,phi3:mini,33.0,4849,460.40,15.15,.056472,30.212811
1780426021,phi3:mini,30.0,4859,476.32,16.39,.054585,18.424530
1780426040,phi3:mini,30.0,4850,464.18,18.83,.056011,6.105272
1780426046,phi3:mini,33.0,4854,500.06,16.79,.051992,13.876398
1780426060,phi3:mini,33.0,4850,502.93,13.45,.051696,57.830912
1780426118,phi3:mini,32.0,4854,548.98,15.86,.047359,22.949177
1780426142,phi3:mini,29.0,4854,498.54,15.98,.052152,20.335440
1780426162,phi3:mini,33.0,4854,461.00,16.56,.056398,16.477966
1780426179,phi3:mini,33.0,4853,470.54,16.62,.055255,16.484175
1780426195,phi3:mini,32.0,4851,525.91,17.68,.049437,9.214754
1780426205,phi3:mini,33.0,4847,474.61,16.50,.054781,19.083896
1780426224,phi3:mini,32.0,4851,527.06,16.34,.049329,18.842418
1780426243,phi3:mini,32.0,4852,469.87,15.37,.055333,29.521213
1780426273,phi3:mini,32.0,4844,489.34,17.97,.053132,6.452242
1780426279,phi3:mini,33.0,4845,487.71,14.00,.053309,46.213956
1780426326,phi3:mini,32.0,4848,398.63,16.80,.065222,16.301966
1780426342,phi3:mini,32.0,4851,484.85,15.99,.053623,21.502490
1780426364,phi3:mini,32.0,4845,476.52,14.58,.054562,37.425544
1780426402,phi3:mini,28.0,4849,492.24,14.21,.052819,43.181285
1780426445,phi3:mini,32.0,4850,452.55,16.29,.057451,20.920778
1780426466,phi3:mini,32.0,4847,523.30,17.78,.049684,10.569765
1780426477,phi3:mini,33.0,4848,545.53,16.86,.047659,14.049187
1780426491,phi3:mini,33.0,4849,494.84,16.80,.052542,15.533769
1780426507,phi3:mini,32.0,4847,510.33,18.23,.050946,6.911166
1780426514,phi3:mini,34.0,4845,458.25,15.57,.056737,25.292564
1780426539,phi3:mini,32.0,4842,492.14,15.06,.052829,34.049130
1780426574,phi3:mini,34.0,4837,544.55,17.10,.047745,12.630094
1780426587,phi3:mini,32.0,4841,481.08,15.90,.054044,20.244385
1780426607,phi3:mini,32.0,4842,485.83,15.97,.053516,21.842520
1780426629,phi3:mini,33.0,4841,452.74,19.64,.057427,1.781914
1780426631,phi3:mini,33.0,4843,511.45,18.34,.050835,5.178938
1780426636,phi3:mini,32.0,4844,511.25,16.91,.050855,14.130968
1780426651,phi3:mini,33.0,4845,466.10,15.66,.055781,27.833706
1780426679,phi3:mini,33.0,4845,472.44,17.49,.055033,13.661161
1780426692,phi3:mini,32.0,4842,448.11,15.54,.058020,25.737378
1780426718,phi3:mini,32.0,4850,504.63,17.91,.051522,7.646598
1780426726,phi3:mini,34.0,4846,521.93,17.86,.049814,10.747574
1780426737,phi3:mini,34.0,4844,484.57,16.53,.053654,16.693811
1780426754,phi3:mini,33.0,4845,458.92,14.70,.056654,40.859236
1780426795,phi3:mini,32.0,4837,502.10,17.37,.051781,13.465164
1780426809,phi3:mini,34.0,4843,510.85,15.34,.050894,28.736528
1780426838,phi3:mini,33.0,4880,479.97,17.66,.054169,9.682150
1780426848,phi3:mini,33.0,4879,467.87,14.31,.055570,45.618739
1780426893,phi3:mini,30.0,4854,419.60,15.44,.061963,26.674124
1780426920,phi3:mini,33.0,4862,481.11,15.62,.054040,25.158977
1780426946,phi3:mini,33.0,4858,520.47,11.50,.049953,118.519343
1780427064,phi3:mini,32.0,4863,507.01,18.17,.051280,7.700790
1780427072,phi3:mini,33.0,4859,513.06,13.46,.050675,54.425935
1780427127,phi3:mini,33.0,4854,493.29,10.71,.052706,145.853849
1780427273,phi3:mini,32.0,4857,505.80,11.88,.051403,101.697192
1780427375,phi3:mini,33.0,4848,497.42,17.00,.052268,15.292254
1780427391,phi3:mini,33.0,4852,495.82,18.22,.052437,6.749259
1780427398,phi3:mini,33.0,4853,494.86,17.59,.052539,11.935689
1780427410,phi3:mini,33.0,4853,445.95,15.50,.058301,26.886216
1780427437,phi3:mini,33.0,4852,501.63,15.36,.051830,28.766037
1780427466,phi3:mini,33.0,4854,429.60,17.61,.060520,12.317034
1780427478,phi3:mini,33.0,4858,470.36,17.03,.055276,13.793622
1780427492,phi3:mini,33.0,4862,469.36,15.24,.055394,28.394391
1780427521,phi3:mini,33.0,4843,461.74,10.64,.056308,146.230877
1780427667,phi3:mini,29.0,4850,524.37,16.15,.049582,24.635310
1780427692,phi3:mini,33.0,4848,482.75,15.60,.053857,26.468749
1780427719,phi3:mini,32.0,4851,481.43,16.42,.054004,17.532856
1780427737,phi3:mini,34.0,4858,536.13,15.30,.048495,27.766119
1780427765,phi3:mini,33.0,4850,434.14,17.70,.059888,10.169158
1780427775,phi3:mini,33.0,4856,505.84,16.59,.051398,17.475908
1780427793,phi3:mini,33.0,4860,536.73,15.55,.048441,28.096029
1780427821,phi3:mini,32.0,4858,491.59,16.07,.052888,20.836050
1780427842,phi3:mini,34.0,4854,541.11,16.01,.048049,20.914426
1780427863,phi3:mini,33.0,4854,531.07,17.12,.048957,12.318939
1780427875,phi3:mini,33.0,4853,500.24,15.31,.051974,29.835266
1780427905,phi3:mini,30.0,4857,519.72,14.19,.050026,40.931736
1780427947,phi3:mini,32.0,4857,508.37,13.81,.051143,55.065562
1780428002,phi3:mini,30.0,4850,451.30,15.45,.057610,32.603142
1780428035,phi3:mini,32.0,4854,507.23,16.35,.051258,20.971144
1780428056,phi3:mini,34.0,4848,488.16,15.78,.053260,22.616580
1780428079,phi3:mini,32.0,4854,443.37,17.77,.058641,10.519189
1780428089,phi3:mini,32.0,4851,482.60,16.79,.053874,14.822172
1780428104,phi3:mini,34.0,4849,439.32,17.09,.059181,15.206767
1780428120,phi3:mini,34.0,4847,469.48,17.38,.055379,11.388404
