Time,CPU_Usage,RAM_Used_MB
23:38:29,6.4,1695
23:38:31,5.3,6005
23:38:32,30.4,6008
23:38:33,30.4,6008
23:38:34,30.4,6007
23:38:35,30,6006
23:38:37,30.3,6006
23:38:38,30.7,6004
23:38:39,30,6003
23:38:40,30,6001
23:38:42,29.9,6001
23:38:43,30.3,5999
23:38:44,30,5999
23:38:45,30.2,5999
23:38:46,30,5998
23:38:48,30,5998
23:38:49,30.4,5998
23:38:50,30,5998
23:38:51,30.7,6001
23:38:53,30,6001
23:38:54,30.2,6001
23:38:55,30.4,6001
23:38:56,30.3,6001
23:38:57,30.7,6000
23:38:59,30.4,5996
23:39:00,30.3,5996
23:39:01,30.2,5996
23:39:02,30,5993
23:39:04,30.2,5995
23:39:05,30.4,5992
23:39:06,30.2,5992
23:39:07,30.2,5992
23:39:08,30.5,5990
23:39:10,30,5990
23:39:11,30.7,5991
23:39:12,29.9,5993
23:39:13,30.3,5992
23:39:15,30.4,5991
23:39:16,30.3,5992
23:39:17,30,5991
23:39:18,30.3,5990
23:39:19,30,5990
23:39:21,30,5990
23:39:22,30.3,5989
23:39:23,30.5,5991
23:39:24,30.7,5991
23:39:26,30.4,5992
23:39:27,30,5986
23:39:28,30,5986
23:39:29,30.5,5988
23:39:30,30,5989
23:39:32,30.3,5990
23:39:33,30.3,5990
23:39:34,30,5988
23:39:35,30.2,5988
23:39:37,30,5987
23:39:38,30.3,5991
23:39:39,30.7,5990
23:39:40,30.5,5990
23:39:42,30.1,5988
23:39:43,30.4,5988
23:39:44,30.7,5991
23:39:45,30.7,5990
23:39:46,30,5988
23:39:48,29.7,5988
23:39:49,30,5988
23:39:50,30,5987
23:39:51,30.7,5987
23:39:53,30.4,5988
23:39:54,30.2,5988
23:39:55,30.2,5991
23:39:56,30.4,5992
23:39:57,30.2,5993
23:39:59,30,5994
23:40:00,30.2,5995
23:40:01,30,5995
23:40:02,30.3,5993
23:40:04,30.4,5992
23:40:05,30,5991
23:40:06,30.3,5991
23:40:07,30.7,5992
23:40:08,30.3,5990
23:40:10,30.3,5989
23:40:11,31.6,5989
23:40:12,30.2,5989
23:40:13,30,5991
23:40:15,30.3,5992
23:40:16,29.9,5996
23:40:17,30.7,5995
23:40:18,29.5,5994
23:40:19,30,5992
23:40:21,29.9,5986
23:40:22,30,5987
23:40:23,30,5987
23:40:24,30.5,5987
23:40:26,30.4,5985
23:40:27,30.4,5986
23:40:28,30.5,5987
23:40:29,30.7,5986
23:40:30,30.2,5985
23:40:32,29.9,5986
23:40:33,30,5988
23:40:34,30.4,5988
23:40:35,30.7,5984
23:40:37,30,5983
23:40:38,30.3,5978
23:40:39,29.9,5976
23:40:40,30.7,5976
23:40:41,30.3,5979
23:40:43,30.7,5979
23:40:44,30,5978
23:40:45,30.2,5977
23:40:46,30,5975
23:40:48,30.2,5977
23:40:49,30.2,5979
23:40:50,30.7,5979
23:40:51,30,5978
23:40:52,30.2,5977
23:40:54,30.4,5977
23:40:55,30.5,5980
23:40:56,30.4,5982
23:40:57,30.2,5982
23:40:59,30.2,5983
23:41:00,30.2,5981
23:41:01,30,5984
23:41:02,30.5,5984
23:41:04,30.4,5985
23:41:05,30,5983
23:41:06,29.9,5988
23:41:07,30.7,5988
23:41:08,30.4,5992
23:41:10,30.5,5984
23:41:11,30.3,5982
23:41:12,30,5983
23:41:13,30.3,5984
23:41:15,30.4,5985
23:41:16,30,5984
23:41:17,30.3,5982
23:41:18,30,5985
23:41:19,30.2,5987
23:41:21,30.2,5986
23:41:22,30,5986
23:41:23,30.2,5982
23:41:24,30,5983
23:41:26,30,5984
23:41:27,30.7,5985
23:41:28,30.2,5986
23:41:29,30,5987
23:41:30,30.3,5986
23:41:32,30.3,5987
23:41:33,29.9,5988
23:41:34,30,5983
23:41:35,30,5983
23:41:37,30.4,5982
23:41:38,30.7,5983
23:41:39,30,5983
23:41:40,30.4,5984
23:41:41,30,5984
23:41:43,30,5983
23:41:44,30.4,5982
23:41:45,30.1,5980
23:41:46,30,5982
23:41:48,30,5982
23:41:49,30.3,5985
23:41:50,30.3,5986
23:41:51,30.1,5986
23:41:52,30.3,5990
23:41:54,30,5989
23:41:55,30,5992
23:41:56,30.4,5993
23:41:57,30,5992
23:41:59,30,5993
23:42:00,30,5991
23:42:01,29.9,5993
23:42:02,30.2,5993
23:42:03,30.2,5994
23:42:05,30,5992
23:42:06,30,5989
23:42:07,30.5,5989
23:42:08,30.3,5989
23:42:10,30.2,5990
23:42:11,29.9,5991
23:42:12,30.2,5993
23:42:13,29.9,5993
23:42:14,30,5994
23:42:16,29.9,5995
23:42:17,30.4,5994
23:42:18,30,5991
23:42:19,30.5,5987
23:42:21,30.3,5989
23:42:22,30.3,5991
23:42:23,30.2,5992
23:42:24,30.7,5993
23:42:25,30,5990
23:42:27,30.4,5986
23:42:28,30.3,5986
23:42:29,30,5986
23:42:30,30.5,5990
23:42:32,30.2,5990
23:42:33,30.2,5990
23:42:34,30.4,5990
23:42:35,30.4,5989
23:42:37,29.9,5990
23:42:38,30.4,5988
23:42:39,30.2,5988
23:42:40,30,5985
23:42:41,29.9,5989
23:42:43,30.7,5991
23:42:44,30,5991
23:42:45,30.5,5996
23:42:46,30.1,5996
23:42:48,30.2,5997
23:42:49,30,5997
23:42:50,30,5994
23:42:51,30.4,5993
23:42:52,29.9,5992
23:42:54,30,5991
23:42:55,30.4,5988
23:42:56,30.3,5981
23:42:57,30.3,5977
23:42:59,30.2,5977
23:43:00,30.2,5978
23:43:01,30.5,5976
23:43:02,30.3,5978
23:43:03,30.2,5975
23:43:05,30.3,5974
23:43:06,30.7,5972
23:43:07,30,5973
23:43:08,30.2,5975
23:43:10,30.2,5976
23:43:11,25.1,5971
23:43:12,30,5972
23:43:13,30.7,5975
23:43:14,30.2,5977
23:43:16,30,5978
23:43:17,30.2,5974
23:43:18,30,5974
23:43:19,30.3,5972
23:43:21,30.2,5975
23:43:22,30,5976
23:43:23,30.5,5980
23:43:24,30,5980
23:43:25,30.7,5981
23:43:27,30.5,5982
23:43:28,30.2,5983
23:43:29,29.9,5982
23:43:30,30,5983
23:43:32,29.7,5985
23:43:33,30.2,5985
23:43:34,30,5986
23:43:35,30,5987
23:43:36,29.9,5986
23:43:38,30.1,5988
23:43:39,30.2,5987
23:43:40,30.2,5988
23:43:41,30.2,5988
23:43:43,30.7,5989
23:43:44,30.3,5985
23:43:45,30.4,5985
23:43:46,30.1,5985
23:43:47,30.3,5986
23:43:49,30.3,5983
23:43:50,30,5985
23:43:51,30,5980
23:43:52,29.9,5981
23:43:54,30.5,5981
23:43:55,30.3,5981
23:43:56,29.5,5980
23:43:57,30.2,5981
23:43:58,29.5,5986
23:44:00,29.7,5988
23:44:01,30.4,5990
23:44:02,30.5,5990
23:44:03,30,5984
23:44:05,30.5,5983
23:44:06,30.3,5985
23:44:07,30.2,5986
23:44:08,30.4,5987
23:44:10,30.3,5988
23:44:11,30.3,5988
23:44:12,30,5987
23:44:13,30.4,5986
23:44:14,30.4,5987
23:44:16,29.9,5986
23:44:17,30.4,5986
23:44:18,30.4,5985
23:44:19,30.3,5986
23:44:21,30.4,5987
23:44:22,30.4,5986
23:44:23,30.4,5984
23:44:24,30.4,5987
23:44:25,30.4,5988
23:44:27,30.2,5990
23:44:28,30.4,5990
23:44:29,30.2,5990
23:44:30,30.4,5989
23:44:32,30.4,5987
23:44:33,30,5988
23:44:34,30.2,5989
23:44:35,30.4,5985
23:44:37,30.2,5986
23:44:38,30,5985
23:44:39,30,5985
23:44:40,30.5,5985
23:44:41,29.8,5985
23:44:43,30,5986
23:44:44,30.7,5986
23:44:45,30,5986
23:44:46,30.3,5985
23:44:48,30.3,5987
23:44:49,30.4,5987
23:44:50,30.5,5989
23:44:51,30,5988
23:44:52,30,5987
23:44:54,30,5987
23:44:55,30.2,5987
23:44:56,30.4,5988
23:44:57,30,5989
23:44:59,29.8,5988
23:45:00,30,5987
23:45:01,29.7,5987
23:45:02,30.3,5987
23:45:03,30,5988
23:45:05,30.2,5987
23:45:06,30.4,5988
23:45:07,30,5987
23:45:08,30,5985
23:45:10,30,5988
23:45:11,30.4,5989
23:45:12,30.3,5991
23:45:13,30.2,5994
23:45:14,29.9,5993
23:45:16,30.7,5992
23:45:17,30.4,5991
23:45:18,30,5987
23:45:19,30.2,5988
23:45:21,30,5990
23:45:22,30.4,5991
23:45:23,30,5991
23:45:24,30.3,5983
23:45:26,30,5978
23:45:27,30,5979
23:45:28,30.4,5981
23:45:29,30.3,5983
23:45:30,30.5,5983
23:45:32,30.4,5983
23:45:33,30.4,5982
23:45:34,30,5980
23:45:35,30.4,5981
23:45:37,30,5980
23:45:38,30.4,5980
23:45:39,30.2,5981
23:45:40,30,5982
23:45:41,30.3,5984
23:45:43,30.5,5988
23:45:44,30.5,5987
23:45:45,30,5986
23:45:46,30,5987
23:45:48,30.4,5988
23:45:49,30.3,5988
23:45:50,30.3,5989
23:45:51,30.2,5985
23:45:52,30.3,5985
23:45:54,30.5,5984
23:45:55,30.4,5984
23:45:56,30,5988
23:45:57,30.5,5992
23:45:59,29.7,5992
23:46:00,30.3,5993
23:46:01,30,5993
23:46:02,30.4,5994
23:46:03,29.9,5994
23:46:05,30.3,5992
23:46:06,30.3,5991
23:46:07,30.2,5992
23:46:08,30.4,5990
23:46:10,30.6,5993
23:46:11,30.4,5998
23:46:12,30.4,5998
23:46:13,29.7,5994
23:46:14,29.9,5994
23:46:16,29.9,5995
23:46:17,30,5996
23:46:18,30,5994
23:46:19,30,5993
23:46:21,30,5992
23:46:22,30.4,5993
23:46:23,30,5994
23:46:24,30.5,5996
23:46:25,30.4,5995
23:46:27,30.8,5994
23:46:28,30.4,5994
23:46:29,30.3,5994
23:46:30,30,5992
23:46:32,29.9,5995
23:46:33,30.4,5999
23:46:34,30.5,5997
23:46:35,30,5997
23:46:36,30.4,5992
23:46:38,30.3,5993
23:46:39,29.9,5994
23:46:40,30.2,5993
23:46:41,30.2,5994
23:46:43,30.7,5993
23:46:44,29.7,5993
23:46:45,30.2,5995
23:46:46,30.5,5993
23:46:48,30.4,5986
23:46:49,30.4,5988
23:46:50,30.3,5990
23:46:51,30,5989
23:46:52,30.2,5986
23:46:54,30,5980
23:46:55,30.4,5982
23:46:56,30.7,5983
23:46:57,30.3,5983
23:46:59,30.5,5984
23:47:00,30.2,5985
23:47:01,30.7,5986
23:47:02,30,5986
23:47:03,30.1,5988
23:47:05,30.7,5993
23:47:06,30.2,5988
23:47:07,30.5,5987
23:47:08,30.5,5993
23:47:10,30,5996
23:47:11,30.5,5996
23:47:12,30,5993
23:47:13,30.4,5992
23:47:14,30,5991
23:47:16,30,5990
23:47:17,30.3,5991
23:47:18,29.9,5990
23:47:19,30.4,5989
23:47:21,30.6,5989
23:47:22,30.7,5989
23:47:23,30.4,5988
23:47:24,30.3,5989
23:47:25,30.4,5988
23:47:27,29.5,5988
23:47:28,30,5985
23:47:29,30,5988
23:47:30,30,5989
23:47:32,30.3,5987
23:47:33,30.2,5992
23:47:34,30.3,5990
23:47:35,30.7,5993
23:47:36,30.3,5990
23:47:38,29.9,5990
23:47:39,30,5991
23:47:40,30.2,5995
23:47:41,30.2,5994
23:47:43,30.4,5993
23:47:44,30.3,5994
23:47:45,30.3,5994
23:47:46,30,5993
23:47:47,29.7,5994
23:47:49,30.4,5994
23:47:50,30.4,5995
23:47:51,30,5994
23:47:52,30.7,5995
23:47:54,30.3,5995
23:47:55,30.4,5996
23:47:56,30,5997
23:47:57,30.7,5999
23:47:58,30.2,6000
23:48:00,30,6001
23:48:01,30,6001
23:48:02,30.3,5999
23:48:03,30.4,5997
23:48:05,30,5997
23:48:06,30.2,5996
23:48:07,30.4,5994
23:48:08,30.2,5999
23:48:09,30.4,6000
23:48:11,30.3,5999
23:48:12,30.5,5998
23:48:13,30.3,5998
23:48:14,30.1,5999
23:48:16,30.4,5998
23:48:17,29.9,5998
23:48:18,30.2,5996
23:48:19,30.2,5997
23:48:21,30.7,5993
23:48:22,30.4,5994
23:48:23,30.1,5994
23:48:24,30.1,5995
23:48:25,30.5,5994
23:48:27,30.8,5993
23:48:28,30.1,5999
23:48:29,30,5998
23:48:30,30.3,5993
23:48:32,30.7,5995
23:48:33,30.3,5995
23:48:34,30,5995
23:48:35,30.5,5995
23:48:36,30.2,5994
23:48:38,30,5994
23:48:39,30.2,5995
23:48:40,30.3,5999
23:48:41,30.2,6000
23:48:43,30.5,6000
23:48:44,30.4,5999
23:48:45,30.5,5999
23:48:46,30.7,5996
23:48:47,29.8,5994
23:48:49,30.5,5996
23:48:50,30.3,5993
23:48:51,30,5998
23:48:52,30.7,5998
23:48:54,30,5996
23:48:55,29.9,5995
23:48:56,30.3,5996
23:48:57,30.3,5997
23:48:58,30.7,5998
23:49:00,30.7,5998
23:49:01,29.9,5999
23:49:02,30,5995
23:49:03,30.1,5995
23:49:05,30,5995
23:49:06,30.5,5995
23:49:07,30.2,5995
23:49:08,30.8,5997
23:49:09,30,5999
23:49:11,30.1,5999
23:49:12,30.4,5999
23:49:13,30.2,5998
23:49:14,30.7,5999
23:49:16,30.7,5999
23:49:17,30.7,6000
23:49:18,30.2,5999
23:49:19,30.3,5999
23:49:20,30.3,5997
23:49:22,30,5991
23:49:23,30.2,5992
23:49:24,30.5,5992
23:49:25,30.4,5985
23:49:27,30,5985
23:49:28,30,5985
23:49:29,30,5986
23:49:30,30.2,5989
23:49:31,30,5990
23:49:33,29.9,5992
23:49:34,30.5,5993
23:49:35,30.5,5993
23:49:36,30.2,5988
23:49:38,29.8,5986
23:49:39,30.7,5984
23:49:40,30.2,5985
23:49:41,30,5986
23:49:42,29.9,5986
23:49:44,30.3,5988
23:49:45,30.4,5986
23:49:46,30,5988
23:49:47,30,5992
23:49:49,30,5993
23:49:50,30,5994
23:49:51,30.2,5982
23:49:52,30.2,5982
23:49:54,30.3,5983
23:49:55,29.9,5984
23:49:56,30.4,5985
23:49:57,30.4,5987
23:49:58,30.4,5985
23:50:00,30,5986
23:50:01,30.3,5987
23:50:02,30.2,5987
23:50:03,30.7,5987
23:50:05,30,5988
23:50:06,29.9,5988
23:50:07,30.2,5986
23:50:08,30.2,5986
23:50:09,30.5,5986
23:50:11,30.5,5985
23:50:12,30.5,5988
23:50:13,30.5,5989
23:50:14,30.5,5983
23:50:16,30.3,5982
23:50:17,30.7,5985
23:50:18,30,5982
23:50:19,30.7,5981
23:50:20,30.4,5982
23:50:22,30,5984
23:50:23,30.7,5985
23:50:24,30.7,5985
23:50:25,30.5,5986
23:50:27,30.3,5986
23:50:28,30.5,5986
23:50:29,30.7,5987
23:50:30,30.7,5987
23:50:31,30.4,5987
23:50:33,30.3,5988
23:50:34,29.9,5989
23:50:35,30.3,5994
23:50:36,30.3,5995
23:50:38,30.3,5993
23:50:39,30.4,5993
23:50:40,30,5990
23:50:41,29.8,5989
23:50:42,30.3,5987
23:50:44,30.4,5990
23:50:45,30,5991
23:50:46,30.7,5991
23:50:47,30,5992
23:50:49,30.4,5992
23:50:50,30.3,5988
23:50:51,30.5,5987
23:50:52,30.3,5987
23:50:53,30,5981
23:50:55,30.3,5979
23:50:56,30.2,5981
23:50:57,30.5,5981
23:50:58,30.7,5979
23:51:00,30.2,5980
23:51:01,30.1,5979
23:51:02,30,5978
23:51:03,30.2,5980
23:51:04,30.5,5983
23:51:06,30,5984
23:51:07,30.4,5983
23:51:08,30.3,5985
23:51:09,30,5989
23:51:11,30.2,5989
23:51:12,30.4,5991
23:51:13,30.3,5992
23:51:14,30.4,5992
23:51:15,30.4,5993
23:51:17,30.2,5994
23:51:18,30.7,5994
23:51:19,30.3,5997
23:51:20,29.9,5996
23:51:22,30.3,5996
23:51:23,30.4,5996
23:51:24,30.2,5997
23:51:25,30,5998
23:51:27,30,5996
23:51:28,30.5,5996
23:51:29,30.4,5993
23:51:30,30.7,5994
23:51:31,30.7,5999
23:51:33,30,5999
23:51:34,30.4,5999
23:51:35,30.3,5998
23:51:36,29.8,5995
23:51:38,30.6,5993
23:51:39,29.9,5992
23:51:40,30.3,5992
23:51:41,30.2,5994
23:51:42,30.8,5993
23:51:44,30.7,5993
23:51:45,30.3,5993
23:51:46,30.3,5995
23:51:47,30.7,5994
23:51:49,30.7,5992
23:51:50,30.5,5990
23:51:51,30,5990
23:51:52,30.3,5993
23:51:53,30,5993
23:51:55,30,5993
23:51:56,30.5,5992
23:51:57,30.4,5991
23:51:58,30,5992
23:52:00,30.4,5990
23:52:01,30,5990
23:52:02,29.9,5991
23:52:03,30.4,5990
23:52:04,30.2,5988
23:52:06,29.9,5987
23:52:07,30,5988
23:52:08,30.4,5988
23:52:09,30,5988
23:52:11,30,5989
23:52:12,29.9,5986
23:52:13,30.7,5986
23:52:14,30.5,5988
23:52:15,30.5,5989
23:52:17,30,5988
23:52:18,30.5,5989
23:52:19,29.9,5990
23:52:20,30.5,5988
23:52:22,30.7,5989
23:52:23,30.7,5992
23:52:24,30,5991
23:52:25,30.5,5991
23:52:26,30.2,5992
23:52:28,30.5,5992
23:52:29,30.3,5992
23:52:30,30,5991
23:52:31,30.3,5993
23:52:33,30.3,5992
23:52:34,30.4,5992
23:52:35,30.2,5991
23:52:36,30,5991
23:52:37,30.4,5991
23:52:39,30.4,5991
23:52:40,30.4,5990
23:52:41,30.5,5990
23:52:42,30.3,5991
23:52:44,29.9,5991
23:52:45,30.4,5990
23:52:46,30.5,5993
23:52:47,30.4,5995
23:52:48,30.4,5996
23:52:50,30.1,5998
23:52:51,30.5,5999
23:52:52,30.1,5997
23:52:53,30.2,5997
23:52:55,30.5,5998
23:52:56,29.9,5998
23:52:57,29.9,5999
23:52:58,30,5999
23:53:00,30.2,5999
23:53:01,30.2,6000
23:53:02,30.3,6002
23:53:03,29.7,6002
23:53:04,30.5,6001
23:53:06,30.4,6002
23:53:07,30,6000
23:53:08,30.4,6000
23:53:09,30.3,6002
23:53:11,29.9,6004
23:53:12,30,6005
23:53:13,30.2,6003
23:53:14,30.3,6003
23:53:15,30.6,6000
23:53:17,30.3,5998
23:53:18,30,5996
23:53:19,30.7,5998
23:53:20,30.3,5993
23:53:22,30.3,5995
23:53:23,30.3,5997
23:53:24,30.3,5997
23:53:25,30.4,5999
23:53:26,30,5998
23:53:28,30.3,5997
23:53:29,26.6,5993
23:53:30,30.5,5994
23:53:31,30.2,5992
23:53:33,30.4,5993
23:53:34,30.8,5992
23:53:35,30,5989
23:53:36,30,5993
23:53:37,30,5997
23:53:39,30.3,5997
23:53:40,30.8,5995
23:53:41,29.9,5996
23:53:42,30.5,5997
23:53:44,30.3,5998
23:53:45,30.2,6001
23:53:46,30.7,6001
23:53:47,30.2,6002
23:53:48,30,6004
23:53:50,30.3,6005
23:53:51,30.3,6006
23:53:52,30.3,6003
23:53:53,29.7,6001
23:53:55,30,6001
23:53:56,30.8,6000
23:53:57,30.3,5999
23:53:58,30.9,5998
23:53:59,30.8,5996
23:54:01,30.4,5997
23:54:02,29.9,5996
23:54:03,30.3,5995
23:54:04,30,5994
23:54:06,30.4,5998
23:54:07,29.9,5998
23:54:08,30.8,5998
23:54:09,30.3,5997
23:54:10,30.3,5997
23:54:12,30.7,5997
23:54:13,30.4,5995
23:54:14,29.9,5996
23:54:15,30.4,5996
23:54:17,30.5,5995
23:54:18,30.5,5996
23:54:19,30.2,5995
23:54:20,30.4,5995
23:54:22,30.7,5995
23:54:23,30.4,5995
23:54:24,30.3,5996
23:54:25,30.2,5996
23:54:26,30,5996
23:54:28,30.3,5995
23:54:29,30,5994
23:54:30,30.3,5997
23:54:31,30.7,5997
23:54:33,30.3,5996
23:54:34,30.4,5995
23:54:35,30.4,5996
23:54:36,30.2,5994
23:54:37,30.4,5994
23:54:39,30.2,5994
23:54:40,30.7,5993
23:54:41,30.3,5994
23:54:42,30.7,5994
23:54:44,30,5993
23:54:45,30.3,5988
23:54:46,30.4,5990
23:54:47,30.3,5991
23:54:48,30,5992
23:54:50,29.9,5993
23:54:51,30.2,5988
23:54:52,30.5,5983
23:54:53,30,5988
23:54:55,30.3,5988
23:54:56,30,5988
23:54:57,30.7,5988
23:54:58,30.4,5990
23:54:59,30.3,5990
23:55:01,30.4,5990
23:55:02,30.3,5994
23:55:03,30,5995
23:55:04,30.7,5996
23:55:06,30.3,5995
23:55:07,30.7,5994
23:55:08,30.1,5995
23:55:09,30.1,5993
23:55:10,29.7,5994
23:55:12,30.6,5992
23:55:13,30.2,5992
23:55:14,30.7,5995
23:55:15,30.4,5994
23:55:17,30,5997
23:55:18,30.3,5998
23:55:19,30.3,5998
23:55:20,30.4,5997
23:55:21,29.9,6000
23:55:23,30.4,6000
23:55:24,30.3,5999
23:55:25,30.4,6000
23:55:26,30,5999
23:55:28,29.9,6001
23:55:29,30.1,6003
23:55:30,30.7,6003
23:55:31,30.7,6003
23:55:32,30.7,6003
23:55:34,30,6003
23:55:35,30,5998
23:55:36,30.3,6000
23:55:37,30,6001
23:55:39,29.9,6000
23:55:40,30.2,5999
23:55:41,30,5996
23:55:42,30.4,5998
23:55:43,30.2,5999
23:55:45,30.4,5997
23:55:46,30,5997
23:55:47,30.7,5996
23:55:48,30.4,5995
23:55:50,30.2,5996
23:55:51,30,5997
23:55:52,30.3,5996
23:55:53,30,5996
23:55:55,30,5996
23:55:56,30.4,5996
23:55:57,30.5,5995
23:55:58,30.4,5995
23:55:59,30.2,5997
23:56:01,30.4,5997
23:56:02,30,6000
23:56:03,30.5,5999
23:56:04,30.3,5998
23:56:06,30.2,5996
23:56:07,30.4,5995
23:56:08,30.5,5996
23:56:09,30,5997
23:56:10,30.3,5997
23:56:12,30.4,5994
23:56:13,30.7,5995
23:56:14,30.4,5996
23:56:15,30.7,5997
23:56:17,30,5998
23:56:18,30.2,5994
23:56:19,30.7,5997
23:56:20,30,5996
23:56:21,30.3,5996
23:56:23,30.7,5995
23:56:24,30,5995
23:56:25,30,5995
23:56:26,30,5996
23:56:28,30.4,5996
23:56:29,30.4,5990
23:56:30,30.1,5991
23:56:31,30.6,5988
23:56:32,30.8,5986
23:56:34,30,5985
23:56:35,30.4,5988
23:56:36,30.2,5988
23:56:37,30.3,5988
23:56:39,30.3,5990
23:56:40,30.4,5990
23:56:41,29.9,5990
23:56:42,30.4,5992
23:56:43,30.5,5993
23:56:45,30,5992
23:56:46,30.3,5992
23:56:47,30.3,5992
23:56:48,30.4,5993
23:56:50,30.3,5993
23:56:51,30.2,5987
23:56:52,30.4,5990
23:56:53,30.2,5989
23:56:54,30,5990
23:56:56,30.2,5991
23:56:57,30.7,5990
23:56:58,30.5,5990
23:56:59,30.4,5992
23:57:01,30.4,5992
23:57:02,30,5993
23:57:03,30.4,5994
23:57:04,30.7,5995
23:57:05,29.9,5994
23:57:07,30.6,5996
23:57:08,30.2,5995
23:57:09,30.3,5997
23:57:10,30.3,5996
23:57:12,30.4,5998
23:57:13,30.7,5998
23:57:14,30.4,5998
23:57:15,30.3,5998
23:57:16,30.4,5997
23:57:18,30.2,5996
23:57:19,30.5,5997
23:57:20,30.2,5998
23:57:21,30.4,5998
23:57:23,30,5998
23:57:24,30.2,5999
23:57:25,30,5999
23:57:26,30.2,5999
23:57:27,30,5998
23:57:29,30.5,5995
23:57:30,30.1,5994
23:57:31,30.7,5993
23:57:32,30.3,5996
23:57:34,30.3,5995
23:57:35,30.7,5996
23:57:36,30.2,5993
23:57:37,30.2,5992
23:57:39,29.7,5993
23:57:40,30.2,5994
23:57:41,30.6,5994
23:57:42,30,5995
23:57:43,30.4,6000
23:57:45,30.3,6000
23:57:46,30,6000
23:57:47,30,6001
23:57:48,30.7,6002
23:57:50,30,6002
23:57:51,30,6003
23:57:52,30.2,6002
23:57:53,30.5,6002
23:57:54,30.5,5999
23:57:56,30.4,5999
23:57:57,30.3,6000
23:57:58,30.3,6000
23:57:59,30.7,6000
23:58:01,30.7,6000
23:58:02,30.3,5998
23:58:03,30.3,5998
23:58:04,30.2,5999
23:58:05,30.3,5996
23:58:07,30.7,5997
23:58:08,29.5,6000
23:58:09,30,5999
23:58:10,30.4,5998
23:58:12,30.1,5997
23:58:13,30,5995
23:58:14,30.2,5997
23:58:15,30.1,5996
23:58:16,30.4,5999
23:58:18,30.5,5997
23:58:19,30.2,5996
23:58:20,30.7,5997
23:58:21,30.3,5998
23:58:23,30.3,5995
23:58:24,30,5996
23:58:25,30.5,5996
23:58:26,30.2,5998
23:58:27,30.7,5998
23:58:29,30.4,5998
23:58:30,30.7,5997
23:58:31,30.4,5998
23:58:32,30.4,5999
23:58:34,30,5996
23:58:35,30.5,5996
23:58:36,30.4,5998
23:58:37,30.3,5997
23:58:38,30.1,5995
23:58:40,30.4,5993
23:58:41,30,5997
23:58:42,30,5998
23:58:43,30.3,5998
23:58:45,30,5998
23:58:46,30.4,5997
23:58:47,30,5997
23:58:48,30.7,5997
23:58:49,30.4,5998
23:58:51,30.3,5997
23:58:52,30.2,5997
23:58:53,30.3,5994
23:58:54,30.2,5993
23:58:56,30.3,5991
23:58:57,30.3,5991
23:58:58,30.5,5988
23:58:59,30,5992
23:59:00,30.3,5991
23:59:02,30.5,5990
23:59:03,30.4,5988
23:59:04,30.4,5990
23:59:05,30.5,5990
23:59:07,30.3,5990
23:59:08,30,5989
23:59:09,30.3,5989
23:59:10,30.4,5989
23:59:12,30.3,5990
23:59:13,30.3,5988
23:59:14,30,5992
23:59:15,30.8,5991
23:59:16,30.4,5985
23:59:18,30,5981
23:59:19,30,5982
23:59:20,30.4,5980
23:59:21,30.4,5982
23:59:23,30,5982
23:59:24,30.7,5982
23:59:25,30,5983
23:59:26,30,5983
23:59:27,30,5983
23:59:29,30.2,5986
23:59:30,30.7,5987
23:59:31,30.2,5988
23:59:32,30.4,5988
23:59:34,30.3,5986
23:59:35,30.3,5986
23:59:36,29.9,5989
23:59:37,30.4,5986
23:59:38,30.7,5986
23:59:40,30.5,5986
23:59:41,30,5983
23:59:42,30.3,5984
23:59:43,30.2,5984
23:59:45,30.4,5985
23:59:46,30.5,5985
23:59:47,30,5986
23:59:48,30,5987
23:59:49,30.2,5988
23:59:51,30.2,5989
23:59:52,30.2,5990
23:59:53,30,5990
23:59:54,30.3,5993
23:59:56,30,5994
23:59:57,30.4,5994
23:59:58,30.7,5995
23:59:59,30.3,5996
00:00:00,30.5,5996
00:00:02,30.5,5995
00:00:03,30.7,5998
00:00:04,30.7,5997
00:00:05,30.3,5999
00:00:07,30,5998
00:00:08,30.3,5997
00:00:09,30.5,5998
00:00:10,30.7,5999
00:00:11,30.3,5999
00:00:13,30.3,5997
00:00:14,30,5997
00:00:15,30,5997
00:00:16,30,5996
00:00:18,30.3,5998
00:00:19,30.4,5998
00:00:20,30.2,5999
00:00:21,30.3,6002
00:00:22,30.5,6002
00:00:24,30.3,6000
00:00:25,30.5,5997
00:00:26,30.4,5993
00:00:27,30,5993
00:00:29,30.4,5994
00:00:30,30.4,5995
00:00:31,30.2,5995
00:00:32,30.7,5995
00:00:33,30.4,5995
00:00:35,30.4,5995
00:00:36,29.9,5996
00:00:37,30.4,5995
00:00:38,30.4,5995
00:00:40,30.5,5995
00:00:41,30.4,5994
00:00:42,30.3,5994
00:00:43,29.9,5993
00:00:45,30,5992
00:00:46,30,5993
00:00:47,30,5992
00:00:48,30,5991
00:00:49,30.4,5989
00:00:51,30.4,5991
00:00:52,30,5992
00:00:53,30.3,5991
00:00:54,30.7,5993
00:00:56,30.4,5993
00:00:57,30.2,5994
00:00:58,30.4,5994
00:00:59,30.5,5991
00:01:00,30,5990
00:01:02,30.2,5992
00:01:03,30.3,5993
00:01:04,30,5993
00:01:05,30,5994
00:01:07,30.2,5991
00:01:08,30.5,5988
00:01:09,30.3,5991
00:01:10,30.5,5990
00:01:11,30.5,5991
00:01:13,30.2,5989
00:01:14,30,5990
00:01:15,30.2,5994
00:01:16,30.3,5984
00:01:18,30.3,5981
00:01:19,30.7,5982
00:01:20,30.4,5984
00:01:21,30.5,5982
00:01:22,30.1,5979
00:01:24,30.2,5982
00:01:25,30,5980
00:01:26,30.7,5983
00:01:27,30.5,5987
00:01:29,30.7,5990
00:01:30,30.3,5992
00:01:31,30.2,5992
00:01:32,30.3,5992
00:01:33,30.3,5992
00:01:35,30.5,5992
00:01:36,30,5986
00:01:37,30.5,5987
00:01:38,30.3,5986
00:01:40,30.5,5986
00:01:41,30.1,5986
00:01:42,30,5986
00:01:43,30.5,5987
00:01:44,30,5988
00:01:46,30,5986
00:01:47,30.3,5987
00:01:48,30.2,5991
00:01:49,30.5,5984
00:01:51,30.2,5985
00:01:52,30.2,5989
00:01:53,30.3,5991
00:01:54,30.3,5993
00:01:55,30.3,5993
00:01:57,29.9,5993
00:01:58,30.4,5993
00:01:59,30.5,5991
00:02:00,30,5990
00:02:02,30.4,5992
00:02:03,30.3,5993
00:02:04,30.4,5993
00:02:05,30,5994
00:02:07,30.3,5994
00:02:08,30,5994
00:02:09,30,5995
00:02:10,30,5992
00:02:11,30.3,5992
00:02:13,30,5992
00:02:14,30.7,5997
00:02:15,30.4,5998
00:02:16,30.3,5997
00:02:18,30.3,5998
00:02:19,30.4,5998
00:02:20,30,5998
00:02:21,29.9,5999
00:02:22,30.4,5996
00:02:24,30.6,5995
00:02:25,30,5997
00:02:26,30.4,6001
00:02:27,29.7,6001
00:02:29,30.4,5999
00:02:30,30.3,6001
00:02:31,30,6000
00:02:32,30.4,5997
00:02:33,29.7,5998
00:02:35,30.5,5996
00:02:36,30,5996
00:02:37,30.3,5996
00:02:38,29.7,5995
00:02:40,29.8,5994
00:02:41,30.2,5991
00:02:42,29.9,5991
00:02:43,30.5,5993
00:02:44,30.3,5994
00:02:46,30.3,5993
00:02:47,30.3,5992
00:02:48,30,5989
00:02:49,30.5,5990
00:02:51,30,5994
00:02:52,29.8,5994
00:02:53,30,5995
00:02:54,30,5996
00:02:55,30,5996
00:02:57,30.3,5997
00:02:58,30.2,5997
00:02:59,30.7,5992
00:03:00,29.6,5994
00:03:02,30,5994
00:03:03,30.4,5994
00:03:04,24.1,5994
00:03:05,30.4,5994
00:03:06,30.3,5994
00:03:08,30.4,5991
00:03:09,30.3,5994
00:03:10,30.4,5994
00:03:11,30,5995
00:03:13,30,5995
00:03:14,30.3,5995
00:03:15,30.3,5998
00:03:16,30.4,5997
00:03:17,30.2,5998
00:03:19,30.3,5999
00:03:20,30.4,5998
00:03:21,29.9,5998
00:03:22,30.5,5997
00:03:24,29.9,5998
00:03:25,30,5996
00:03:26,29.9,5996
00:03:27,30,5996
00:03:29,30.3,5996
00:03:30,29.8,5995
00:03:31,30.5,5993
00:03:32,30,5993
00:03:33,30.2,5994
00:03:35,30.2,5996
00:03:36,30.2,5996
00:03:37,30.3,5996
00:03:38,30,5997
00:03:40,30.3,5997
00:03:41,30.3,5997
00:03:42,30.5,5997
00:03:43,30.3,5997
00:03:44,30.3,5996
00:03:46,30,5994
00:03:47,30.7,5994
00:03:48,30.3,5991
00:03:49,30.7,5992
00:03:51,30.4,5992
00:03:52,30,5991
00:03:53,30.2,5992
00:03:54,30,5991
00:03:55,30.7,5990
00:03:57,30.5,5994
00:03:58,30.4,5995
00:03:59,30.3,5994
00:04:00,30.3,5993
00:04:02,30.4,5992
00:04:03,30.2,5992
00:04:04,30.4,5992
00:04:05,30.3,5990
00:04:06,30.5,5989
00:04:08,30.7,5989
00:04:09,30,5990
00:04:10,29.9,5989
00:04:11,30.9,5993
00:04:13,30.2,5993
00:04:14,30.2,5993
00:04:15,30.2,5991
00:04:16,30.7,5992
00:04:17,29.9,5992
00:04:19,30,5992
00:04:20,30,5994
00:04:21,30.3,5996
00:04:22,30,5995
00:04:24,30.3,5995
00:04:25,30.5,5994
00:04:26,30.3,5995
00:04:27,30.7,5994
00:04:28,30,5994
00:04:30,29.9,5993
00:04:31,30,5992
00:04:32,30.4,5991
00:04:33,30,5988
00:04:35,30.3,5990
00:04:36,30.5,5992
00:04:37,30,5993
00:04:38,30.5,5995
00:04:39,30.2,5995
00:04:41,30.2,5996
00:04:42,29.7,5995
00:04:43,30,5996
00:04:44,30.7,5998
00:04:46,29.7,5998
00:04:47,30.2,5999
00:04:48,30.4,5999
00:04:49,30.7,6001
00:04:50,30.1,5997
00:04:52,30.5,5998
00:04:53,30.2,5998
00:04:54,30.7,6000
00:04:55,30.4,5996
00:04:57,30.2,5993
00:04:58,30.7,5995
00:04:59,30.3,5996
00:05:00,29.9,5997
00:05:02,30.2,5999
00:05:03,30.5,5997
00:05:04,30.2,6000
00:05:05,30.7,6000
00:05:06,30,5999
00:05:08,30.3,6000
00:05:09,30.4,6002
00:05:10,30.4,6002
00:05:11,30.5,6001
00:05:13,30.3,5999
00:05:14,30.5,6000
00:05:15,30.4,5999
00:05:16,30.4,6000
00:05:17,30.3,6002
00:05:19,30.2,6001
00:05:20,30.5,6000
00:05:21,30,5995
00:05:22,29.9,5996
00:05:24,30.4,5996
00:05:25,30.3,5999
00:05:26,30.5,5999
00:05:27,30.5,6000
00:05:28,30,6000
00:05:30,30,6000
00:05:31,30,5999
00:05:32,30.5,5998
00:05:33,30.5,5996
00:05:35,30.3,5991
00:05:36,30.5,5990
00:05:37,30.4,5991
00:05:38,30,5990
00:05:39,30.3,5990
00:05:41,30.4,5991
00:05:42,30.7,5993
00:05:43,30,5994
00:05:44,30.3,5995
00:05:46,29.9,5997
00:05:47,30.7,5997
00:05:48,30.4,5997
00:05:49,29.8,5998
00:05:50,30.4,5997
00:05:52,30.4,5997
00:05:53,30,5997
00:05:54,30,5995
00:05:55,30.7,5993
00:05:57,30,5996
00:05:58,30.2,5997
00:05:59,30,5993
00:06:00,30.5,5990
00:06:01,30.2,5990
00:06:03,30.3,5991
00:06:04,30.2,5993
00:06:05,30,5993
00:06:06,30.4,5997
00:06:08,29.9,5997
00:06:09,30.1,5993
00:06:10,30,5993
00:06:11,30.3,5990
00:06:12,30.3,5990
00:06:14,30.4,5990
00:06:15,30,5988
00:06:16,30,5983
00:06:17,30,5986
00:06:19,30.3,5985
00:06:20,30,5987
00:06:21,30.2,5987
00:06:22,30.2,5983
00:06:23,29.9,5985
00:06:25,30.4,5986
00:06:26,30.3,5986
00:06:27,30.7,5987
00:06:28,30.7,5989
00:06:30,30,5989
00:06:31,29.9,5988
00:06:32,30.4,5989
00:06:33,30.3,5991
00:06:35,30,5987
00:06:36,30,5989
00:06:37,30.5,5988
00:06:38,30.7,5988
00:06:39,30,5985
00:06:41,30.4,5988
00:06:42,30,5988
00:06:43,30,5987
00:06:44,30.5,5989
00:06:46,30,5992
00:06:47,30,5992
00:06:48,30,5995
00:06:49,30,5997
00:06:50,30,5999
00:06:52,30.4,6001
00:06:53,30.2,6000
00:06:54,30.2,6002
00:06:55,30.3,6002
00:06:57,30,6001
00:06:58,30,6003
00:06:59,30.2,6001
00:07:00,30.2,6001
00:07:01,30.3,5997
00:07:03,30,5997
00:07:04,30.7,5997
00:07:05,30.7,5995
00:07:06,30.4,6000
00:07:08,30,5999
00:07:09,30.5,5998
00:07:10,30,5996
00:07:11,30.8,5996
00:07:12,30.7,5996
00:07:14,30.1,5998
00:07:15,30.3,5997
00:07:16,30.1,5994
00:07:17,30.4,5992
00:07:19,30.4,5992
00:07:20,24.4,5984
00:07:21,29.7,5986
00:07:22,30,5988
00:07:23,30.5,5991
00:07:25,30.3,5992
00:07:26,30.3,5993
00:07:27,30.3,5993
00:07:28,30.1,5994
00:07:30,30.5,5996
00:07:31,30.3,6001
00:07:32,30.4,5995
00:07:33,30.3,5997
00:07:34,30.1,5995
00:07:36,30.7,5995
00:07:37,30,5988
00:07:38,30.7,5988
00:07:39,30,5987
00:07:41,30,5987
00:07:42,30,5987
00:07:43,30.3,5989
00:07:44,30.7,5989
00:07:45,30.4,5992
00:07:47,30.4,5992
00:07:48,30.5,5991
00:07:49,30.4,5991
00:07:50,30.4,5994
00:07:52,30.2,5988
00:07:53,30.4,5988
00:07:54,30.4,5983
00:07:55,30.5,5984
00:07:56,30.2,5985
00:07:58,30.5,5986
00:07:59,30.7,5987
00:08:00,30.4,5985
00:08:01,30.3,5988
00:08:03,29.9,5991
00:08:04,30.3,5991
00:08:05,30.4,5991
00:08:06,30,5991
00:08:08,29.7,5990
00:08:09,30,5988
00:08:10,30.4,5989
00:08:11,30,5991
00:08:12,30.4,5990
00:08:14,30.7,5984
00:08:15,30.2,5986
00:08:16,30.7,5987
00:08:17,30.5,5989
00:08:19,30.7,5990
00:08:20,29.9,5989
00:08:21,30.4,5991
00:08:22,30.2,5992
00:08:23,30,5991
00:08:25,30.1,5993
00:08:26,30.5,5987
00:08:27,30.4,5990
00:08:28,30.7,5989
00:08:30,29.9,5989
00:08:31,30.3,5988
00:08:32,29.7,5988
00:08:33,30.2,5991
00:08:34,30,5993
00:08:36,29.8,5993
00:08:37,30,5993
00:08:38,30.7,5985
00:08:39,30,5986
00:08:41,30.2,5992
00:08:42,30.7,5993
00:08:43,30,5995
00:08:44,30,5995
00:08:45,30,5995
00:08:47,30.3,5990
00:08:48,30.3,5983
00:08:49,30.3,5985
00:08:50,30.5,5987
00:08:52,30.4,5989
00:08:53,30.2,5989
00:08:54,30,5990
00:08:55,30.7,5991
00:08:56,30.5,5992
00:08:58,30.1,5992
00:08:59,30.4,5995
00:09:00,30.3,5995
00:09:01,30.4,5997
00:09:03,30.4,5997
00:09:04,30.1,5995
00:09:05,30.5,5994
00:09:06,30.3,5992
00:09:07,30.4,5992
00:09:09,30,5983
00:09:10,30.2,5984
00:09:11,30,5986
00:09:12,30.7,5987
00:09:14,30,5987
00:09:15,30.4,5988
00:09:16,30.2,5989
00:09:17,30,5992
00:09:18,30.3,5992
00:09:20,30.7,5990
00:09:21,30,5988
00:09:22,30.4,5990
00:09:23,30,5988
00:09:25,30,5988
00:09:26,30.5,5990
00:09:27,30.3,5993
00:09:28,30.5,5994
00:09:29,29.7,5997
00:09:31,30.2,5998
00:09:32,30.2,5998
00:09:33,30.5,5999
00:09:34,30.2,6000
00:09:36,30.2,5999
00:09:37,30.4,5998
00:09:38,30.2,5993
00:09:39,30.4,5994
00:09:40,30.2,5996
00:09:42,30,5995
00:09:43,30.4,5995
00:09:44,30,5996
00:09:45,30.2,5998
00:09:47,30,6000
00:09:48,30.3,6001
00:09:49,29.5,6000
00:09:50,30.5,6000
00:09:52,30.4,5996
00:09:53,30,5994
00:09:54,30.5,5996
00:09:55,30.7,6001
00:09:56,30,6001
00:09:58,30,6000
00:09:59,30.2,5999
00:10:00,30.4,5996
00:10:01,30.4,5995
00:10:03,29.7,5998
00:10:04,30.3,6001
00:10:05,30,5999
00:10:06,30.2,6000
00:10:07,30.2,6000
00:10:09,30.4,5996
00:10:10,30.2,5999
00:10:11,33.7,5999
00:10:12,30,6000
00:10:14,29.8,5998
00:10:15,30.7,5997
00:10:16,30,5996
00:10:17,30.3,5998
00:10:18,30.3,5999
00:10:20,30.5,6001
00:10:21,30,6001
00:10:22,30.2,6001
00:10:23,30.1,6001
00:10:25,30.2,5993
00:10:26,30.3,5996
00:10:27,30.2,5995
00:10:28,29.9,5997
00:10:29,30,5998
00:10:31,30.2,5998
00:10:32,30.2,5999
00:10:33,30,6000
00:10:34,30.2,5999
00:10:36,30.7,5997
00:10:37,30.3,5998
00:10:38,30.5,5998
00:10:39,30.7,5997
00:10:40,30.4,5997
00:10:42,30.2,5995
00:10:43,30.3,5991
00:10:44,30,5991
00:10:45,30.3,5991
00:10:47,30.4,5994
00:10:48,30.4,5994
00:10:49,30.4,5993
00:10:50,30.2,5992
00:10:51,30.4,5991
00:10:53,30.7,5989
00:10:54,30.7,5988
00:10:55,30.5,5989
00:10:56,30.3,5993
00:10:58,30.3,5993
00:10:59,30.3,5992
00:11:00,30.5,5993
00:11:01,30.3,5994
00:11:02,30.4,5988
00:11:04,30.3,5986
00:11:05,30.7,5989
00:11:06,29.9,5990
00:11:07,30.4,5994
00:11:09,30.7,5996
00:11:10,30.3,5996
00:11:11,30,6000
00:11:12,30,5999
00:11:14,30.4,5995
00:11:15,30,5996
00:11:16,30.9,5999
00:11:17,30.1,6000
00:11:18,30.5,6000
00:11:20,30,5997
00:11:21,30.3,5998
00:11:22,30.5,5998
00:11:23,30.7,5999
00:11:25,30,5999
00:11:26,30.3,6000
00:11:27,30,6001
00:11:28,30.1,5998
00:11:29,30.3,6001
00:11:31,30.4,6003
00:11:32,29.9,5999
00:11:33,30.2,5999
00:11:34,30,5996
00:11:36,30.4,5996
00:11:37,30.2,5998
00:11:38,30,5998
00:11:39,30.2,5997
00:11:40,30.4,5997
00:11:42,30,6000
00:11:43,30.6,6002
00:11:44,30.4,6003
00:11:45,30,6003
00:11:47,30.2,6004
00:11:48,30.4,6004
00:11:49,30.7,6004
00:11:50,30.3,6004
00:11:51,30.3,6002
00:11:53,30.5,6001
00:11:54,30.7,6000
00:11:55,30,6000
00:11:56,30.7,6002
00:11:58,30.7,6004
00:11:59,30.5,6005
00:12:00,30.3,6003
00:12:01,30.3,6005
00:12:02,30,6006
00:12:04,30.4,6005
00:12:05,30.3,6003
00:12:06,30.4,6004
00:12:07,30,6000
00:12:09,30.8,6001
00:12:10,30.2,5994
00:12:11,30,5994
00:12:12,30.3,5992
00:12:13,30.2,5995
00:12:15,30,5996
00:12:16,30,6000
00:12:17,30.3,6002
00:12:18,30,6005
00:12:20,30,6007
00:12:21,30.2,6007
00:12:22,30.8,6008
00:12:23,30.3,6008
00:12:24,30,6009
00:12:26,30.5,6008
00:12:27,30.7,6008
00:12:28,30.7,6009
00:12:29,29.7,6008
00:12:31,30.2,6008
00:12:32,30,6007
00:12:33,30.4,6006
00:12:34,30,6007
00:12:36,30,6006
00:12:37,30.4,6002
00:12:38,30.1,6003
00:12:39,30.3,6004
00:12:40,30.2,6005
00:12:42,30.4,6003
00:12:43,30.4,6004
00:12:44,30.3,6004
00:12:45,30.7,6005
00:12:47,30.5,6005
00:12:48,30.1,6003
00:12:49,30.5,6003
00:12:50,30.3,5999
00:12:51,30.7,5997
00:12:53,30.3,5992
00:12:54,30,5995
00:12:55,30.3,5995
00:12:56,29.9,5996
00:12:58,30.3,5997
00:12:59,30,5996
00:13:00,30.3,5997
00:13:01,30,5999
00:13:02,30.3,5998
00:13:04,30.4,5992
00:13:05,30.4,5989
00:13:06,30.3,5990
00:13:07,30,5990
00:13:09,30.3,5990
00:13:10,30.3,5993
00:13:11,30,5993
00:13:12,30,5994
00:13:13,30.4,5996
00:13:15,30.3,5995
00:13:16,30.4,5995
00:13:17,30,5999
00:13:18,30.4,6000
00:13:20,30,6001
00:13:21,30.3,6002
00:13:22,30.3,6007
00:13:23,30.3,6003
00:13:24,30,6002
00:13:26,30.2,6004
00:13:27,30.4,6003
00:13:28,30.6,6005
00:13:29,29.8,6003
00:13:31,29.7,6002
00:13:32,30.3,5998
00:13:33,30.7,5999
00:13:34,30.6,5999
00:13:35,30.1,5990
00:13:37,30,5993
00:13:38,30.7,5995
00:13:39,30.4,5996
00:13:40,30.3,5998
00:13:42,30.2,5997
00:13:43,30.7,5999
00:13:44,30.7,5999
00:13:45,30.3,6000
00:13:46,30,6000
00:13:48,30.4,6003
00:13:49,30,5999
00:13:50,30.1,5999
00:13:51,30.3,5998
00:13:53,30.4,5998
00:13:54,30,5997
00:13:55,30.3,5995
00:13:56,30.2,5995
00:13:58,30,5995
00:13:59,30.3,5994
00:14:00,30.4,5992
00:14:01,30.3,5994
00:14:02,30.4,5994
00:14:04,30.7,5996
00:14:05,30.3,5997
00:14:06,30.3,5998
00:14:07,30.4,5999
00:14:09,30.4,6000
00:14:10,29.7,5999
00:14:11,30.4,5998
00:14:12,30.4,5997
00:14:13,30.4,5999
00:14:15,30.4,5998
00:14:16,30,5993
00:14:17,30.4,5995
00:14:18,30.3,5995
00:14:20,30.5,5992
00:14:21,30,5996
00:14:22,30,5996
00:14:23,30.4,5995
00:14:24,30.7,5996
00:14:26,30.2,5996
00:14:27,30,5997
00:14:28,30.4,5997
00:14:29,30.3,5995
00:14:31,30.7,5999
00:14:32,30.3,5999
00:14:33,30,5999
00:14:34,30,6000
00:14:35,30,6000
00:14:37,30,5994
00:14:38,30.2,5997
00:14:39,30.2,5997
00:14:40,30.7,5997
00:14:42,30.2,5997
00:14:43,30.3,5997
00:14:44,30.4,5997
00:14:45,30.4,5998
00:14:46,30,5998
00:14:48,30,5998
00:14:49,29.9,5998
00:14:50,30,5996
00:14:51,30.3,5997
00:14:53,30.3,5998
00:14:54,30,6000
00:14:55,30.2,6001
00:14:56,30,5996
00:14:57,30.7,5997
00:14:59,30.6,5998
00:15:00,30.3,5997
00:15:01,30,5997
00:15:02,30.2,6000
00:15:04,29.9,6000
00:15:05,30,5999
00:15:06,29.9,6001
00:15:07,30,6000
00:15:08,30.7,6001
00:15:10,30.7,6001
00:15:11,30.5,6002
00:15:12,30,6003
00:15:13,29.8,6002
00:15:15,30.3,6002
00:15:16,30.3,6004
00:15:17,24,6000
00:15:18,30.3,5999
00:15:20,30.3,5997
00:15:21,30,5999
00:15:22,30,6000
00:15:23,30.3,6002
00:15:24,29.9,6003
00:15:26,30,6003
00:15:27,29.9,6002
00:15:28,30.4,6002
00:15:29,30.4,6002
00:15:31,30,6002
00:15:32,30,6001
00:15:33,30.2,6001
00:15:34,30,5998
00:15:35,30,6000
00:15:37,30.3,6000
00:15:38,30.7,5998
00:15:39,30.3,5999
00:15:40,30,6000
00:15:42,29.9,6001
00:15:43,30.2,6001
00:15:44,29.8,5998
00:15:45,29.9,5998
00:15:46,30,5996
00:15:48,30,5996
00:15:49,30.2,5996
00:15:50,30.4,5996
00:15:51,30.3,5997
00:15:53,29.9,5997
00:15:54,30.7,5997
00:15:55,30,5994
00:15:56,30.5,5992
00:15:57,30.3,5991
00:15:59,30.2,5993
00:16:00,30.3,5996
00:16:01,29.9,5996
00:16:02,30.5,5997
00:16:04,30.6,5998
00:16:05,30.5,5999
00:16:06,30.3,5998
00:16:07,30.4,5997
00:16:08,30.7,5996
00:16:10,30.3,5996
00:16:11,30.5,5995
00:16:12,30.4,5997
00:16:13,30.7,5996
00:16:15,30.6,5996
00:16:16,30.2,5998
00:16:17,30.3,6000
00:16:18,30.7,6000
00:16:19,30.7,6000
00:16:21,30,6000
00:16:22,30.2,6001
00:16:23,30.5,6001
00:16:24,30,5999
00:16:26,30.3,6000
00:16:27,30.4,6001
00:16:28,30.7,6001
00:16:29,30,6003
00:16:30,29.9,6002
00:16:32,30.6,6000
00:16:33,30.1,6000
00:16:34,30.4,6000
00:16:35,30.2,6002
00:16:37,30.4,6003
00:16:38,30,6002
00:16:39,30,6001
00:16:40,30.4,6003
00:16:41,30,6002
00:16:43,30.4,6002
00:16:44,30.2,6001
00:16:45,30,6001
00:16:46,30,6000
00:16:48,30,6001
00:16:49,30,6002
00:16:50,30.5,6002
00:16:51,30.6,6001
00:16:53,29.9,6000
00:16:54,30,5998
00:16:55,30,5997
00:16:56,30.4,5998
00:16:57,30.4,5995
00:16:59,30.1,5996
00:17:00,30.5,5997
00:17:01,30.3,5996
00:17:02,30.7,5996
00:17:04,30.7,5997
00:17:05,30.3,5997
00:17:06,30,5997
00:17:07,30.5,5997
00:17:08,30,5997
00:17:10,30.3,5995
00:17:11,30.4,5995
00:17:12,30.1,5995
00:17:13,30,5992
00:17:15,30.5,5995
00:17:16,30.2,5997
00:17:17,30.3,5997
00:17:18,30.4,5997
00:17:19,30,5997
00:17:21,30.3,5997
00:17:22,30.3,5999
00:17:23,30,5998
00:17:24,30.6,5997
00:17:26,30.4,5998
00:17:27,30.4,5999
00:17:28,30.3,5996
00:17:29,30.2,5997
00:17:30,30.1,5997
00:17:32,30.4,5999
00:17:33,30.2,6000
00:17:34,30.7,5999
00:17:35,30.7,6000
00:17:37,30,6000
00:17:38,29.8,6001
00:17:39,30.2,6001
00:17:40,30.3,6001
00:17:41,30,5998
00:17:43,30,5998
00:17:44,30.4,5998
00:17:45,30.3,5998
00:17:46,30,5999
00:17:48,30.4,5999
00:17:49,30.5,6001
00:17:50,30.3,5998
00:17:51,30,5997
00:17:52,30.5,5996
00:17:54,30,5998
00:17:55,30,6001
00:17:56,30,6003
00:17:57,30.4,6001
00:17:59,30.5,6003
00:18:00,30,6003
00:18:01,30.2,6003
00:18:02,30.4,6003
00:18:03,30.2,6001
00:18:05,30,6003
00:18:06,30.3,6001
00:18:07,30.3,6002
00:18:08,30.3,6002
00:18:10,30.3,6003
00:18:11,30.3,6000
00:18:12,30.2,6002
00:18:13,30.2,6003
00:18:14,30,6004
00:18:16,30.2,6004
00:18:17,30,6006
00:18:18,30.2,6006
00:18:19,30.3,6006
00:18:21,29.8,6004
00:18:22,30.3,6004
00:18:23,30,6005
00:18:24,30.5,6006
00:18:26,30.7,6000
00:18:27,30.4,5998
00:18:28,30,5994
00:18:29,30.3,5998
00:18:30,30.3,5997
00:18:32,30,5998
00:18:33,30.5,5999
00:18:34,30.7,6000
00:18:35,30.9,6001
00:18:37,30.5,6003
00:18:38,30,6004
00:18:39,30,6005
00:18:40,30.3,6005
00:18:41,30.4,6005
00:18:43,30.5,6005
00:18:44,30,6006
00:18:45,30.7,6006
00:18:46,30.3,6006
00:18:48,30,5996
00:18:49,30.7,5994
00:18:50,29.8,5991
00:18:51,30,5991
00:18:52,29.7,5992
00:18:54,30.2,5990
00:18:55,30.2,5990
00:18:56,30.4,5991
00:18:57,30.1,5992
00:18:59,30.1,5993
00:19:00,30.2,5992
00:19:01,30.5,5992
00:19:02,30,5995
00:19:03,29.9,5998
00:19:05,30.5,5997
00:19:06,30.7,5997
00:19:07,30.5,6000
00:19:08,30,5999
00:19:10,30.7,6003
00:19:11,30.5,6001
00:19:12,30.4,6001
00:19:13,30.7,6001
00:19:14,29.7,6002
00:19:16,30.7,6002
00:19:17,30.1,5999
00:19:18,30.3,5998
00:19:19,30.2,6001
00:19:21,30.3,6000
00:19:22,30.7,5999
00:19:23,30,5999
00:19:24,30.5,6001
00:19:25,30.4,6005
00:19:27,30,6005
00:19:28,30.4,6006
00:19:29,30.3,6006
00:19:30,30.3,6006
00:19:32,30.2,6006
00:19:33,30.7,6006
00:19:34,30.2,6004
00:19:35,29.9,6005
00:19:36,30.4,6004
00:19:38,30.3,6004
00:19:39,30.3,6004
00:19:40,30,6003
00:19:41,30.1,6002
00:19:43,30,5999
00:19:44,30,6000
00:19:45,30.7,5999
00:19:46,30.3,5999
00:19:48,30,5998
00:19:49,30,5996
00:19:50,30,5998
00:19:51,30.3,5999
00:19:52,30.7,6001
00:19:54,30.4,6001
00:19:55,30,6002
00:19:56,30.4,6003
00:19:57,30.5,6002
00:19:59,30.2,6002
00:20:00,30.3,6003
00:20:01,30.2,6000
00:20:02,30.2,6001
00:20:03,30.3,6000
00:20:05,30,5999
00:20:06,29.9,5999
00:20:07,30.7,5998
00:20:08,30.7,5998
00:20:10,30,5997
00:20:11,30.2,5995
00:20:12,30.5,5994
00:20:13,30.7,5993
00:20:14,30,5993
00:20:16,30.3,5992
00:20:17,30.4,5992
00:20:18,30.7,5995
00:20:19,30.5,5997
00:20:21,30.4,5998
00:20:22,30,5998
00:20:23,30.3,5998
00:20:24,30,5997
00:20:25,30,5997
00:20:27,30,5997
00:20:28,30.5,5996
00:20:29,30.5,5997
00:20:30,30.5,5997
00:20:32,30.7,5996
00:20:33,30.7,5997
00:20:34,30,5996
00:20:35,30.2,5995
00:20:36,30,5996
00:20:38,30,5997
00:20:39,30.3,5997
00:20:40,30,5998
00:20:41,30.5,5999
00:20:43,30.4,6000
00:20:44,30,6001
00:20:45,30,6002
00:20:46,30.7,5998
00:20:47,30.7,6002
00:20:49,30.3,6003
00:20:50,30.4,6003
00:20:51,30,6000
00:20:52,30.4,6001
00:20:54,30,6000
00:20:55,30.4,6000
00:20:56,30,5999
00:20:57,30.4,5999
00:20:58,30.7,5999
00:21:00,30,5998
00:21:01,30.4,6001
00:21:02,30.7,6000
00:21:03,30.2,5999
00:21:05,30,6000
00:21:06,29.9,6004
00:21:07,30.4,6005
00:21:08,30,6005
00:21:09,30,6006
00:21:11,30.4,6007
00:21:12,30.2,6007
00:21:13,30.7,6009
00:21:14,30.1,6004
00:21:16,30.3,6005
00:21:17,30.5,6006
00:21:18,30.4,6001
00:21:19,30.4,6001
00:21:21,30.3,5997
00:21:22,30.3,5999
00:21:23,30.4,6001
00:21:24,30.4,6000
00:21:25,30,6000
00:21:27,30.3,6003
00:21:28,30.3,6003
00:21:29,30.3,6003
00:21:30,30,6003
00:21:32,30.5,6004
00:21:33,30.3,6007
00:21:34,30,6008
00:21:35,30.2,6006
00:21:36,30,6004
00:21:38,30,6000
00:21:39,30,6002
00:21:40,30.5,6001
00:21:41,30.5,6002
00:21:43,30.3,6003
00:21:44,30.2,6003
00:21:45,30.1,6004
00:21:46,30.7,6005
00:21:47,30.2,6003
00:21:49,30,6001
00:21:50,30.5,6003
00:21:51,29.8,6001
00:21:52,30,6000
00:21:54,30.2,6002
00:21:55,30.4,6003
00:21:56,30.3,6002
00:21:57,30.4,6002
00:21:58,30.5,5997
00:22:00,30.4,6001
00:22:01,30.7,6002
00:22:02,30.2,6003
00:22:03,30.5,6004
00:22:05,30.5,5997
00:22:06,30,6000
00:22:07,30.7,5987
00:22:08,30.2,5987
00:22:09,30,5988
00:22:11,30,5989
00:22:12,29.9,5988
00:22:13,30,5984
00:22:14,29.9,5986
00:22:16,30,5985
00:22:17,30,5987
00:22:18,30.7,5987
00:22:19,30.3,5988
00:22:20,30.5,5989
00:22:22,30.3,5993
00:22:23,30.3,5993
00:22:24,30.2,5994
00:22:25,30,5996
00:22:27,30.4,5994
00:22:28,30.7,5993
00:22:29,30.7,5993
00:22:30,30,5991
00:22:31,29.9,5991
00:22:33,30.3,5990
00:22:34,30.2,5991
00:22:35,29.9,5992
00:22:36,30.5,5995
00:22:38,29.9,5997
00:22:39,30,5997
00:22:40,30.3,5999
00:22:41,30.4,6000
00:22:43,30,6002
00:22:44,30.3,6002
00:22:45,30.2,6003
00:22:46,30.4,6005
00:22:47,29.9,6007
00:22:49,30.7,6002
00:22:50,30,6004
00:22:51,30.2,6007
00:22:52,30.2,6008
00:22:54,30.3,6008
00:22:55,30.7,6009
00:22:56,30.1,6007
00:22:57,30.4,6008
00:22:58,30,6008
00:23:00,30.4,6006
00:23:01,30,6003
00:23:02,30.3,6004
00:23:03,30,6003
00:23:05,30.7,6002
00:23:06,30.3,6003
00:23:07,30.5,6005
00:23:08,30.3,6002
00:23:09,30.3,6000
00:23:11,30.4,6000
00:23:12,30.5,6002
00:23:13,30,6002
00:23:14,30.3,5999
00:23:16,30.7,5999
00:23:17,30.5,5995
00:23:18,30.4,5997
00:23:19,30.4,5998
00:23:20,30.4,5994
00:23:22,30,5994
00:23:23,30.3,5996
00:23:24,29.9,5998
00:23:25,30.5,5997
00:23:27,30.3,5997
00:23:28,30.5,5997
00:23:29,30,5997
00:23:30,30.3,5999
00:23:31,30.4,6000
00:23:33,30.2,6000
00:23:34,30.4,6000
00:23:35,30,6001
00:23:36,30,6002
00:23:38,30,6001
00:23:39,30,6002
00:23:40,30.4,6006
00:23:41,30.4,6005
00:23:42,30.4,6006
00:23:44,30.7,6007
00:23:45,30,6005
00:23:46,30.5,6006
00:23:47,30,6006
00:23:49,30.2,6003
00:23:50,30,6002
00:23:51,30.3,6000
00:23:52,30,6000
00:23:54,30.3,5999
00:23:55,30.3,5999
00:23:56,30.4,5998
00:23:57,30.3,5998
00:23:58,30,5998
00:24:00,30.5,5998
00:24:01,30.2,5998
00:24:02,30.2,6001
00:24:03,29.7,5995
00:24:05,30,5997
00:24:06,29.7,5997
00:24:07,30.2,5996
00:24:08,30.7,5996
00:24:09,29.8,5995
00:24:11,30.2,5993
00:24:12,30.1,5993
00:24:13,30.3,5994
00:24:14,30.5,5994
00:24:16,30.1,5993
00:24:17,30.2,5997
00:24:18,29.8,5996
00:24:19,30.7,5996
00:24:20,30.4,5997
00:24:22,30,5999
00:24:23,30.5,6001
00:24:24,30,6002
00:24:25,30.4,6002
00:24:27,30.3,6002
00:24:28,30.5,6002
00:24:29,29.9,6002
00:24:30,30.4,6000
00:24:31,29.9,6000
00:24:33,30.5,6001
00:24:34,30,6002
00:24:35,30.7,6001
00:24:36,30.3,6000
00:24:38,30,6000
00:24:39,30.3,5998
00:24:40,30,5997
00:24:41,30.2,5995
00:24:42,30.3,5999
00:24:44,30.7,5995
00:24:45,30.5,5998
00:24:46,30.2,5997
00:24:47,30.3,5999
00:24:49,30.2,5997
00:24:50,30.3,5997
00:24:51,30,5999
00:24:52,30,5998
00:24:53,30.3,5993
00:24:55,30.3,5994
00:24:56,30.1,5992
00:24:57,30,5994
00:24:58,30.3,5995
00:25:00,30,5998
00:25:01,30,5997
00:25:02,30.2,5999
00:25:03,30.2,6000
00:25:04,30,6001
00:25:06,30.3,5999
00:25:07,30.3,5998
00:25:08,30.3,6002
00:25:09,30.4,6003
00:25:11,30.2,6001
00:25:12,30.7,5997
00:25:13,30.2,5997
00:25:14,30.7,5997
00:25:15,30.1,5994
00:25:17,30.4,5996
00:25:18,30.3,5996
00:25:19,30.3,5997
00:25:20,30.4,5997
00:25:22,30.6,5996
00:25:23,30.4,5996
00:25:24,30.3,5997
00:25:25,30.4,5996
00:25:27,30.5,5996
00:25:28,30.5,5998
00:25:29,30,6001
00:25:30,30.3,6000
00:25:31,29.9,5995
00:25:33,30.3,5995
00:25:34,30.7,5996
00:25:35,30,5996
00:25:36,30.1,5996
00:25:38,30.4,5995
00:25:39,30.7,5997
00:25:40,30,5999
00:25:41,30,5999
00:25:42,30.2,5999
00:25:44,30.7,6001
00:25:45,30,6000
00:25:46,30.7,6001
00:25:47,30.4,6003
00:25:49,30,6002
00:25:50,30,5997
00:25:51,30.2,5994
00:25:52,30,5993
00:25:53,29.9,5997
00:25:55,30,5999
00:25:56,30.7,5999
00:25:57,30.4,5996
00:25:58,30,5997
00:26:00,30.7,5998
00:26:01,30,5996
00:26:02,30.7,5996
00:26:03,30,5995
00:26:04,30.3,5995
00:26:06,30.3,5995
00:26:07,30.4,5997
00:26:08,30.2,5995
00:26:09,30.5,5995
00:26:11,30.5,5993
00:26:12,30,5994
00:26:13,30.7,5993
00:26:14,30.7,5994
00:26:15,30,5995
00:26:17,29.8,5997
00:26:18,30.3,5996
00:26:19,30.4,5990
00:26:20,30.2,5991
00:26:22,30,5994
00:26:23,30.3,5993
00:26:24,29.8,5992
00:26:25,30,5994
00:26:26,30.3,5992
00:26:28,30.3,5994
00:26:29,30.2,5995
00:26:30,30,5997
00:26:31,30.3,6000
00:26:33,30,5997
00:26:34,29.9,5997
00:26:35,30.3,5997
00:26:36,30.3,5998
00:26:37,30.3,5994
00:26:39,30.3,5995
00:26:40,29.8,5994
00:26:41,30.1,5992
00:26:42,30.3,5993
00:26:44,30.5,5997
00:26:45,30.3,5997
00:26:46,30.2,5998
00:26:47,30.6,5996
00:26:49,30.1,5996
00:26:50,30.1,5993
00:26:51,30.3,5995
00:26:52,30.3,5993
00:26:53,30.4,5993
00:26:55,30.3,5993
00:26:56,30,5994
00:26:57,29.8,5993
00:26:58,30.2,5996
00:27:00,30.4,5996
00:27:01,30.2,5998
00:27:02,30.1,5999
00:27:03,30.4,6000
00:27:04,30.3,6000
00:27:06,30.2,5997
00:27:07,30.6,5994
00:27:08,30.5,5989
00:27:09,30.5,5987
00:27:11,30,5988
00:27:12,30,5992
00:27:13,30.7,5992
00:27:14,30,5992
00:27:15,30.3,5990
00:27:17,30.4,5987
00:27:18,29.8,5984
00:27:19,22.7,5979
00:27:20,30.3,5983
00:27:22,29.9,5984
00:27:23,30.5,5987
00:27:24,30.3,5987
00:27:25,30.4,5989
00:27:26,30.3,5987
00:27:28,30,5985
00:27:29,30.2,5988
00:27:30,30.4,5989
00:27:31,30,5990
00:27:33,30.2,5991
00:27:34,30.3,5989
00:27:35,30.8,5990
00:27:36,30.7,5989
00:27:37,30.3,5989
00:27:39,30.4,5990
00:27:40,30.4,5994
00:27:41,30.7,5990
00:27:42,30.2,5988
00:27:44,30.4,5988
00:27:45,30.7,5988
00:27:46,30.4,5988
00:27:47,30,5991
00:27:48,30.3,5991
00:27:50,30.1,5991
00:27:51,29.9,5991
00:27:52,30.7,5993
00:27:53,30.3,5993
00:27:55,30.4,5994
00:27:56,30,5993
00:27:57,30.4,5996
00:27:58,30,5995
00:27:59,30,5995
00:28:01,30,5995
00:28:02,29.9,5995
00:28:03,30.5,5997
00:28:04,30.4,5997
00:28:06,30.3,5998
00:28:07,30.4,5990
00:28:08,30,5991
00:28:09,30,5989
00:28:10,30.5,5989
00:28:12,30,5989
00:28:13,29.9,5992
00:28:14,30.3,5993
00:28:15,30.5,5987
00:28:17,30.4,5987
00:28:18,30.2,5989
00:28:19,30.2,5988
00:28:20,30,5988
00:28:22,30.4,5989
00:28:23,30.4,5992
00:28:24,30.4,5991
00:28:25,30.3,5991
00:28:26,30.4,5992
00:28:28,30.4,5992
00:28:29,30.2,5989
00:28:30,30,5987
00:28:31,30.7,5988
00:28:33,30.3,5988
00:28:34,30.4,5987
00:28:35,30.4,5988
00:28:36,30.3,5988
00:28:37,30.3,5988
00:28:39,30,5989
00:28:40,30,5988
00:28:41,30.7,5989
00:28:42,30.2,5989
00:28:44,30,5987
00:28:45,30.2,5988
00:28:46,30.7,5989
00:28:47,30.4,5990
00:28:48,30.4,5990
00:28:50,30.4,5990
00:28:51,30.4,5982
00:28:52,30.4,5982
00:28:53,30,5982
00:28:55,30.3,5982
00:28:56,30.3,5983
00:28:57,30,5983
00:28:58,30.3,5985
00:28:59,30.4,5987
00:29:01,30.4,5989
00:29:02,30.7,5989
00:29:03,30.3,5988
00:29:04,30.4,5988
00:29:06,30.2,5989
00:29:07,30.7,5988
00:29:08,30.3,5988
00:29:09,30.2,5988
00:29:10,30.4,5988
00:29:12,29.7,5989
00:29:13,29.9,5990
00:29:14,30.5,5990
00:29:15,30.5,5989
00:29:17,30.3,5989
00:29:18,30.3,5989
00:29:19,30,5989
00:29:20,30.6,5989
00:29:21,30.4,5989
00:29:23,29.9,5989
00:29:24,30.3,5989
00:29:25,30.4,5988
00:29:26,30,5983
00:29:28,30.2,5983
00:29:29,30.4,5985
00:29:30,30.2,5987
00:29:31,30.4,5987
00:29:33,30.5,5985
00:29:34,30,5987
00:29:35,30.2,5981
00:29:36,30.3,5984
00:29:37,30.2,5986
00:29:39,30.3,5987
00:29:40,30.7,5988
00:29:41,30.4,5987
00:29:42,30.4,5992
00:29:44,30.4,5992
00:29:45,30.7,5994
00:29:46,30.4,5995
00:29:47,30.3,5995
00:29:48,30,5996
00:29:50,30,5995
00:29:51,30,5996
00:29:52,30.2,5996
00:29:53,30.5,5994
00:29:55,30,5996
00:29:56,30.3,5995
00:29:57,30.7,5988
00:29:58,30,5984
00:29:59,30.1,5984
00:30:01,30,5988
00:30:02,30.5,5993
00:30:03,30,5995
00:30:04,30,5996
00:30:06,30.2,5997
00:30:07,30.4,5999
00:30:08,30,5998
00:30:09,30.3,5998
00:30:10,30.2,5998
00:30:12,30,5997
00:30:13,30.4,5997
00:30:14,30.2,5996
00:30:15,30.3,5996
00:30:17,30,5996
00:30:18,30,5996
00:30:19,30.2,5997
00:30:20,30.3,5998
00:30:21,30.5,6000
00:30:23,30.7,6003
00:30:24,30.9,6004
00:30:25,30.3,6006
00:30:26,30,6005
00:30:28,30.5,6003
00:30:29,30.3,6004
00:30:30,30.5,6004
00:30:31,29.9,6003
00:30:32,30.5,6002
00:30:34,30.2,6005
00:30:35,30.2,6004
00:30:36,30,5999
00:30:37,30.7,5995
00:30:39,30.2,5994
00:30:40,30,5993
00:30:41,30.7,5990
00:30:42,30.4,5992
00:30:43,30.8,5993
00:30:45,30.2,5996
00:30:46,30.5,5996
00:30:47,30,5997
00:30:48,30.2,5997
00:30:50,30.4,5999
00:30:51,30.3,5998
00:30:52,29.8,5997
00:30:53,30.4,6002
00:30:54,30.3,6004
00:30:56,30.3,6005
00:30:57,30.3,6003
00:30:58,30.3,6001
00:30:59,30.3,6002
00:31:01,30.5,6004
00:31:02,30.7,6004
00:31:03,30.3,6005
00:31:04,30.3,6002
00:31:06,30.2,6003
00:31:07,30.7,6002
00:31:08,30.7,6001
00:31:09,30,6001
00:31:10,30.7,6002
00:31:12,30,6000
00:31:13,30.2,5999
00:31:14,30.2,5999
00:31:15,29.9,6000
00:31:17,30,6003
00:31:18,30.3,6007
00:31:19,30.1,6005
00:31:20,30.2,6005
00:31:21,30.4,6005
00:31:23,30.4,6006
00:31:24,30.3,6007
00:31:25,30,6006
00:31:26,30.5,6005
00:31:28,30.3,6004
00:31:29,29.7,6002
00:31:30,30.3,6001
00:31:31,30.1,6001
00:31:32,30.3,6002
00:31:34,30.3,6002
00:31:35,30.3,6001
00:31:36,30.2,6000
00:31:37,30.3,6000
00:31:39,30.1,5999
00:31:40,30.3,6000
00:31:41,30.2,6001
00:31:42,30.3,6001
00:31:43,30,6001
00:31:45,30,6001
00:31:46,30.1,6001
00:31:47,30,6000
00:31:48,30.1,6000
00:31:50,30.5,6000
00:31:51,30.5,5999
00:31:52,30.5,6000
00:31:53,30.7,5999
00:31:55,30.5,5999
00:31:56,30.5,6000
00:31:57,30.2,6000
00:31:58,30.7,6002
00:31:59,30.3,6000
00:32:01,30.2,6001
00:32:02,30.4,6001
00:32:03,30,6003
00:32:04,30.7,6007
00:32:06,30,6003
00:32:07,30.3,6005
00:32:08,30.7,6004
00:32:09,30.2,6004
00:32:10,30.2,6004
00:32:12,30.2,6004
00:32:13,30.5,6003
00:32:14,30.7,6003
00:32:15,30.4,6004
00:32:17,30,6004
00:32:18,30.7,6005
00:32:19,30,6003
00:32:20,30,6005
00:32:21,30.4,6003
00:32:23,30.7,6000
00:32:24,30,5999
00:32:25,30.3,5998
00:32:26,30.1,5999
00:32:28,30,5999
00:32:29,30.3,6000
00:32:30,30.1,5999
00:32:31,30,5996
00:32:32,31.1,5999
00:32:34,30.5,5999
00:32:35,29.9,5997
00:32:36,30.3,5998
00:32:37,30,6000
00:32:39,30.2,6000
00:32:40,29.9,6003
00:32:41,30,6004
00:32:42,30,6005
00:32:43,30.2,6004
00:32:45,30.2,6004
00:32:46,30.4,6005
00:32:47,30.2,6003
00:32:48,30.4,6003
00:32:50,30,6002
00:32:51,30.6,6002
00:32:52,30.4,6004
00:32:53,30,6004
00:32:54,30.3,6006
00:32:56,30.3,6006
00:32:57,30,6009
00:32:58,30.4,6008
00:32:59,30.7,6006
00:33:01,30.7,6006
00:33:02,30.3,6004
00:33:03,30.4,6004
00:33:04,30.4,6006
00:33:05,30.2,6004
00:33:07,30.3,6004
00:33:08,30.4,6004
00:33:09,30.3,6004
00:33:10,30.7,6005
00:33:12,30.4,6004
00:33:13,30.7,6005
00:33:14,30.1,6005
00:33:15,30.2,5998
00:33:17,30.3,5999
00:33:18,30.2,5999
00:33:19,30,6000
00:33:20,30.2,6001
00:33:21,30.1,5998
00:33:23,30.3,5997
00:33:24,30,5996
00:33:25,30.2,5994
00:33:26,30,5994
00:33:28,30.3,5995
00:33:29,30.4,5996
00:33:30,30.7,5998
00:33:31,30.3,5998
00:33:32,30.3,5997
00:33:34,30,5997
00:33:35,30.4,5999
00:33:36,30.3,6002
00:33:37,30.2,6000
00:33:39,30.3,6002
00:33:40,30.6,6001
00:33:41,30,6001
00:33:42,30,6000
00:33:43,30,6001
00:33:45,30.3,6003
00:33:46,29.9,5999
00:33:47,30,5998
00:33:48,30.7,5996
00:33:50,30.4,5996
00:33:51,30.3,5993
00:33:52,30,5993
00:33:53,30.7,5994
00:33:54,30.5,5994
00:33:56,30.3,5994
00:33:57,30.4,5995
00:33:58,30.5,5995
00:33:59,30.7,5996
00:34:01,30.7,5996
00:34:02,30.4,5995
00:34:03,30.3,5998
00:34:04,30.5,6001
00:34:05,30.2,6002
00:34:07,30.3,6003
00:34:08,30,5997
00:34:09,30.5,5996
00:34:10,29.6,5997
00:34:12,30.7,5998
00:34:13,30,5994
00:34:14,30.3,5993
00:34:15,30,5994
00:34:16,30.7,5998
00:34:18,30.4,5998
00:34:19,30.5,5997
00:34:20,30.5,5998
00:34:21,30.4,5998
00:34:23,30.4,5998
00:34:24,30.4,5996
00:34:25,29.9,6002
00:34:26,30.7,6004
00:34:27,30.2,6005
00:34:29,30.4,6002
00:34:30,30.4,6002
00:34:31,30.4,6002
00:34:32,29.8,5999
00:34:34,30,5999
00:34:35,30,5996
00:34:36,24.2,5996
00:34:37,30,5996
00:34:39,30.4,5996
00:34:40,30,5997
00:34:41,29.9,6001
00:34:42,30.3,6001
00:34:43,29.7,6004
00:34:45,30,6005
00:34:46,29.8,6003
00:34:47,30.2,6004
00:34:48,30,6004
00:34:50,30.3,6002
00:34:51,30.4,6002
00:34:52,30.6,6001
00:34:53,30.5,6003
00:34:54,30.4,6004
00:34:56,30.3,6004
00:34:57,30.4,6004
00:34:58,30,6001
00:34:59,30,6002
00:35:01,30,6000
00:35:02,30.7,6001
00:35:03,30.3,5997
00:35:04,30.3,5996
00:35:05,30,5996
00:35:07,30.2,5995
00:35:08,30,5995
00:35:09,30.3,5992
00:35:10,30.3,5994
00:35:12,29.9,5998
00:35:13,29.9,5998
00:35:14,30.5,5994
00:35:15,30.2,5995
00:35:16,30.4,5995
00:35:18,30.5,5995
00:35:19,30.3,5996
00:35:20,30.2,5996
00:35:21,30,5998
00:35:23,30.3,5998
00:35:24,30,5998
00:35:25,30.2,6000
00:35:26,30.7,6000
00:35:27,30,6000
00:35:29,30.2,6001
00:35:30,30,6001
00:35:31,30.4,6001
00:35:32,30.3,6002
00:35:34,30.3,6001
00:35:35,30.2,6001
00:35:36,30,6001
00:35:37,30.3,6001
00:35:38,30,6002
00:35:40,30,6001
00:35:41,30.7,6001
00:35:42,29.7,6004
00:35:43,30,6004
00:35:45,30.7,6004
00:35:46,30.3,6003
00:35:47,30,6001
00:35:48,30.4,6002
00:35:49,30.2,6002
00:35:51,30.4,5999
00:35:52,30.5,6001
00:35:53,30,6000
00:35:54,30.5,6002
00:35:56,30.3,6002
00:35:57,30.2,6006
00:35:58,30,6000
00:35:59,30.3,5998
00:36:01,30.5,5999
00:36:02,30.4,5998
00:36:03,29.7,5997
00:36:04,30.2,5997
00:36:05,30.3,5997
00:36:07,30.4,5997
00:36:08,30,5995
00:36:09,30.5,5995
00:36:10,30.4,5995
00:36:12,29.9,5995
00:36:13,30,5997
00:36:14,30.4,5998
00:36:15,30.2,6000
00:36:16,30.3,6002
00:36:18,30.2,6003
00:36:19,30.5,5998
00:36:20,30.3,5999
00:36:21,30,6000
00:36:23,29.9,5998
00:36:24,30.7,5993
00:36:25,30.7,5995
00:36:26,30.4,5995
00:36:27,30.5,5996
00:36:29,30.7,5997
00:36:30,30.7,5998
00:36:31,30.3,6002
00:36:32,30.4,6002
00:36:34,30.3,6003
00:36:35,30.4,6004
00:36:36,30.4,6004
00:36:37,30.4,6004
00:36:38,30,6005
00:36:40,30.1,6003
00:36:41,30,6003
00:36:42,30.3,6003
00:36:43,30.3,6002
00:36:45,30.6,6002
00:36:46,30.2,5999
00:36:47,30.2,5998
00:36:48,30.2,5993
00:36:49,30,5994
00:36:51,30.7,5998
00:36:52,30,5998
00:36:53,30.3,5997
00:36:54,30,5995
00:36:56,30.7,5995
00:36:57,30.2,5996
00:36:58,30.3,5997
00:36:59,30.4,5998
00:37:00,30.5,6002
00:37:02,30.4,6002
00:37:03,30.3,6004
00:37:04,30.5,6003
00:37:05,30,6002
00:37:07,30.2,6001
00:37:08,30,6001
00:37:09,30.1,5999
00:37:10,30.4,6003
00:37:11,30.4,6002
00:37:13,30.5,6002
00:37:14,30,6002
00:37:15,30.2,6001
00:37:16,30,6004
00:37:18,30,6005
00:37:19,30,6006
00:37:20,30.3,6006
00:37:21,30.7,6008
00:37:23,29.7,6008
00:37:24,30.3,6009
00:37:25,30.3,6009
00:37:26,30.2,6005
00:37:27,30.4,6008
00:37:29,30,6009
00:37:30,30.4,6010
00:37:31,30.4,6010
00:37:32,30.7,6009
00:37:34,30.7,6013
00:37:35,30,6009
00:37:36,30.7,6007
00:37:37,30.3,6006
00:37:38,30.4,6004
00:37:40,30,6003
00:37:41,30.2,6005
00:37:42,30,6007
00:37:43,30.4,6006
00:37:45,30.2,6006
00:37:46,30,6006
00:37:47,30.7,6007
00:37:48,29.7,6008
00:37:49,30.7,6008
00:37:51,30.2,6007
00:37:52,29.7,6005
00:37:53,30.3,6005
00:37:54,30.2,6004
00:37:56,30,6006
00:37:57,30,6007
00:37:58,30.3,6007
00:37:59,29.9,6008
00:38:00,30.2,6005
00:38:02,30.8,6005
00:38:03,30.4,6001
00:38:04,30,6000
00:38:05,30.2,6000
00:38:07,30.4,6001
00:38:08,30.4,5999
00:38:09,30.3,5999
00:38:10,30.3,6002
00:38:11,30.7,6003
00:38:13,30.3,6003
00:38:14,30.7,6003
00:38:15,30.3,6002
00:38:16,30,6001
00:38:18,30.7,6001
00:38:19,30.7,6002
00:38:20,30.6,6002
00:38:21,30.3,5998
00:38:22,30,5999
00:38:24,30.4,5999
00:38:25,30,6001
00:38:26,30.4,6002
00:38:27,30.3,6003
00:38:29,30.5,6004
00:38:30,30,6002
00:38:31,30.3,6003
00:38:32,30.3,6004
00:38:33,30.2,6004
00:38:35,30.4,6003
00:38:36,30,6003
00:38:37,30.5,6001
00:38:38,30.4,6002
00:38:40,30.4,6003
00:38:41,30.4,6004
00:38:42,30.2,6004
00:38:43,30.2,6002
00:38:45,30.7,6003
00:38:46,30,6000
00:38:47,30.7,6001
00:38:48,30,6002
00:38:49,30.3,5997
00:38:51,30,5998
00:38:52,30.5,6000
00:38:53,30.4,6000
00:38:54,30.5,6000
00:38:56,30.5,6000
00:38:57,30,6000
00:38:58,30.2,6005
00:38:59,30.3,6009
00:39:00,30.4,6008
00:39:02,30.4,6008
00:39:03,30.7,6009
00:39:04,30.5,6009
00:39:05,30,6008
00:39:07,31,6005
00:39:08,30.5,6003
00:39:09,30.2,6005
00:39:10,30.3,6007
00:39:11,30.2,6008
00:39:13,30.4,6007
00:39:14,30.5,6009
00:39:15,30.3,6007
00:39:16,30,6011
00:39:18,30.1,6009
00:39:19,30.4,6012
00:39:20,30,6012
00:39:21,30.4,6010
00:39:22,30.3,6008
00:39:24,30.7,6010
00:39:25,30.2,6011
00:39:26,30.2,6007
00:39:27,30,6008
00:39:29,30.7,6008
00:39:30,30,6008
00:39:31,30.4,6004
00:39:32,30.4,6002
00:39:33,29.6,6003
00:39:35,30.3,6003
00:39:36,29.7,6004
00:39:37,30.5,6004
00:39:38,30,6004
00:39:40,30,6007
00:39:41,30.4,6008
00:39:42,30.3,6009
00:39:43,30.7,6012
00:39:44,30,6010
00:39:46,30.2,6010
00:39:47,30.2,6011
00:39:48,30,6010
00:39:49,30.7,6009
00:39:51,30.2,6008
00:39:52,30,6009
00:39:53,30.5,6008
00:39:54,30.1,6006
00:39:55,30.4,6006
00:39:57,29.7,6006
00:39:58,30.4,6006
00:39:59,30,6005
00:40:00,30,6004
00:40:02,30,6008
00:40:03,30.4,6007
00:40:04,29.9,6004
00:40:05,30.7,6004
00:40:06,30.2,6005
00:40:08,30.4,6006
00:40:09,30,6005
00:40:10,30,6005
00:40:11,30.4,6003
00:40:13,30.3,6003
00:40:14,30.7,6002
00:40:15,29.9,6003
00:40:16,30.7,6003
00:40:18,30.4,6001
00:40:19,30.3,6001
00:40:20,30.3,6003
00:40:21,29.9,6002
00:40:22,30.2,6002
00:40:24,30,6001
00:40:25,29.8,6001
00:40:26,30.4,5996
00:40:27,30.3,5992
00:40:29,30.3,5992
00:40:30,30.2,5994
00:40:31,30.3,5994
00:40:32,30.4,5998
00:40:33,30,5997
00:40:35,30.2,5996
00:40:36,30.4,5996
00:40:37,30,5997
00:40:38,30.9,5995
00:40:40,30.4,5994
00:40:41,30.2,5994
00:40:42,30.7,5988
00:40:43,30,5989
00:40:44,30.5,5990
00:40:46,30.3,5991
00:40:47,30,5992
00:40:48,30,5992
00:40:49,30.4,5992
00:40:51,30.4,5993
00:40:52,30.5,5994
00:40:53,30.7,5995
00:40:54,30,5995
00:40:55,30.4,5996
00:40:57,30.5,5997
00:40:58,30.4,5998
00:40:59,30,5996
00:41:00,30.4,5999
00:41:02,30.7,6000
00:41:03,30,5999
00:41:04,29.9,5993
00:41:05,30.3,5993
00:41:06,30.4,5993
00:41:08,29.9,5994
00:41:09,30,5995
00:41:10,30.3,5996
00:41:11,30.3,5996
00:41:13,30.4,5998
00:41:14,30.3,5998
00:41:15,30.3,5997
00:41:16,30,5998
00:41:17,30.4,5999
00:41:19,30.4,5999
00:41:20,30.7,5998
00:41:21,30,5999
00:41:22,30.4,6000
00:41:24,30,6001
00:41:25,29.9,6001
00:41:26,30,6003
00:41:27,30,6004
00:41:28,30.3,6004
00:41:30,30,6003
00:41:31,30,5999
00:41:32,30.3,6000
00:41:33,30,6001
00:41:35,30.8,5999
00:41:36,30.3,6003
00:41:37,30.7,6005
00:41:38,30,6004
00:41:40,30.5,6001
00:41:41,30.3,6001
00:41:42,30,6003
00:41:43,30.3,6003
00:41:44,30.2,6004
00:41:46,30.5,6003
00:41:47,30.4,6003
00:41:48,30,5999
00:41:49,30.7,6002
00:41:51,30,5999
00:41:52,30.7,5999
00:41:53,30.4,5996
00:41:54,30.2,5996
00:41:55,30.7,5996
00:41:57,30.2,5994
00:41:58,30.4,5995
00:41:59,30.3,5993
00:42:00,30.2,5996
00:42:02,30,5996
00:42:03,30,5998
00:42:04,30.5,5998
00:42:05,30.3,6001
00:42:06,30.7,6001
00:42:08,30.3,6001
00:42:09,30,6001
00:42:10,30,6001
00:42:11,30.7,6002
00:42:13,30.2,6003
00:42:14,30,6004
00:42:15,30.3,6002
00:42:16,30.2,6002
00:42:17,30,6003
00:42:19,30,6002
00:42:20,30,6001
00:42:21,30.7,6002
00:42:22,30.1,6005
00:42:24,30.3,6004
00:42:25,30.5,6003
00:42:26,30.4,5998
00:42:27,30.4,5998
00:42:28,30.5,5997
00:42:30,30,6000
00:42:31,30,5999
00:42:32,30.3,5999
00:42:33,30.3,5996
00:42:35,30.4,5991
00:42:36,30,5992
00:42:37,30.3,5993
00:42:38,30.5,5994
00:42:39,30.2,5986
00:42:41,29.8,5985
00:42:42,30.3,5990
00:42:43,30,5993
00:42:44,30.4,5994
00:42:46,30,5994
00:42:47,30.4,5994
00:42:48,30.4,5994
00:42:49,30.4,5994
00:42:50,30.2,5992
00:42:52,30.3,5992
00:42:53,30,5995
00:42:54,30.7,5996
00:42:55,30,5996
00:42:57,30.3,5997
00:42:58,30.3,5999
00:42:59,30.4,5989
00:43:00,30,5986
00:43:02,30.7,5987
00:43:03,30.5,5989
00:43:04,30.2,5990
00:43:05,30.3,5991
00:43:06,30.3,5994
00:43:08,30.7,5994
00:43:09,30.7,5989
00:43:10,31,5990
00:43:11,30,5992
00:43:13,30,5993
00:43:14,30,5993
00:43:15,30.1,5994
00:43:16,30,5996
00:43:17,30.3,5995
00:43:19,30.3,5997
00:43:20,30.3,5996
00:43:21,30.3,5996
00:43:22,30,5997
00:43:24,30,5996
00:43:25,30.3,5995
00:43:26,30.2,5996
00:43:27,30.2,5997
00:43:28,30.5,5997
00:43:30,30,5996
00:43:31,30.3,5996
00:43:32,30,5997
00:43:33,30.2,5996
00:43:35,30.3,5996
00:43:36,29.7,5997
00:43:37,30.3,5999
00:43:38,30.4,5997
00:43:39,30.3,5997
00:43:41,30.3,5997
00:43:42,30.5,5994
00:43:43,29.9,5994
00:43:44,30.2,5997
00:43:46,30.2,5997
00:43:47,30.6,5993
00:43:48,30,5995
00:43:49,30.7,5997
00:43:50,30.3,5998
00:43:52,30.4,5999
00:43:53,30.4,5999
00:43:54,30.4,5999
00:43:55,29.9,6000
00:43:57,30.3,6000
00:43:58,30.7,6002
00:43:59,30.3,6001
00:44:00,30,5992
00:44:01,30.6,5990
00:44:03,30.4,5992
00:44:04,30.2,5991
00:44:05,30.3,5991
00:44:06,30.5,5992
00:44:08,30.4,5995
00:44:09,30.3,5993
00:44:10,30.4,5993
00:44:11,30.3,5993
00:44:12,30.4,5993
00:44:14,30.5,5994
00:44:15,30.3,5999
00:44:16,30.5,5999
00:44:17,30,6001
00:44:19,30.4,6000
00:44:20,30.5,5997
00:44:21,30.3,5998
00:44:22,30.7,5998
00:44:23,29.5,5997
00:44:25,30,5998
00:44:26,30.5,6000
00:44:27,29.9,6000
00:44:28,30,6000
00:44:30,30.4,6000
00:44:31,30.4,5999
00:44:32,30.7,5998
00:44:33,30.3,5998
00:44:35,30,5997
00:44:36,29.9,5997
00:44:37,30.4,5999
00:44:38,30,6000
00:44:39,30.5,5998
00:44:41,30.4,5999
00:44:42,30.2,5999
00:44:43,30.3,5998
00:44:44,30.5,5994
00:44:46,30.2,5996
00:44:47,30.2,5999
00:44:48,30.3,5998
00:44:49,30,5997
00:44:50,30,5998
00:44:52,30.5,5999
00:44:53,30.2,5999
00:44:54,30.2,5999
00:44:55,30,6000
00:44:57,30,6001
00:44:58,30.3,5997
00:44:59,30.4,5997
00:45:00,30.4,5997
00:45:01,30.2,5999
00:45:03,30,5998
00:45:04,30.4,6000
00:45:05,30.3,6001
00:45:06,30.4,6001
00:45:08,29.9,5995
00:45:09,30,5995
00:45:10,30,5996
00:45:11,30,5997
00:45:12,30.4,5997
00:45:14,30,5996
00:45:15,30.3,5995
00:45:16,30.7,5997
00:45:17,30.7,5999
00:45:19,30.7,6000
00:45:20,30,6002
00:45:21,29.9,6006
00:45:22,30.5,6006
00:45:23,30.4,6007
00:45:25,30.4,6007
00:45:26,30.6,6006
00:45:27,30.2,6003
00:45:28,30,6004
00:45:30,30.4,6000
00:45:31,30,5997
00:45:32,30.4,5998
00:45:33,30.5,5998
00:45:34,30.7,5999
00:45:36,30,6000
00:45:37,30.2,6002
00:45:38,30.5,6003
00:45:39,30.3,6005
00:45:41,30.2,6005
00:45:42,30.4,6006
00:45:43,30,6006
00:45:44,30.3,6004
00:45:45,30.3,6004
00:45:47,30,6002
00:45:48,30.5,6002
00:45:49,30,6002
00:45:50,30.2,6002
00:45:52,29.9,6001
00:45:53,30.1,6001
00:45:54,30,6001
00:45:55,30.3,5999
00:45:56,30.3,6001
00:45:58,30.4,6002
00:45:59,30.3,6003
00:46:00,30.3,6006
00:46:01,30,6007
00:46:03,30.7,6007
00:46:04,30.5,6006
00:46:05,30.3,6004
00:46:06,30.7,6003
00:46:08,30.7,6002
00:46:09,30.5,5999
00:46:10,30,6003
00:46:11,30,6002
00:46:12,30.3,5996
00:46:14,30,5992
00:46:15,30.1,5993
00:46:16,30.4,5994
00:46:17,30.3,5992
00:46:19,29.9,5994
00:46:20,30.4,5997
00:46:21,29.9,6000
00:46:22,30.3,5996
00:46:23,30.3,5997
00:46:25,30,5998
00:46:26,30.7,5998
00:46:27,30.3,6001
00:46:28,29.7,6001
00:46:30,30.2,6000
00:46:31,30,5999
00:46:32,30,6000
00:46:33,30,6000
00:46:34,30.4,6000
00:46:36,30.4,6000
00:46:37,29.9,6000
00:46:38,30.4,6002
00:46:39,30,6001
00:46:41,30.1,6000
00:46:42,29.7,6000
00:46:43,30.7,6002
00:46:44,30.3,6002
00:46:45,30.3,6002
00:46:47,30,6002
00:46:48,30.5,5999
00:46:49,30,6000
00:46:50,30,6000
00:46:52,30.2,5999
00:46:53,30.7,5999
00:46:54,29.9,5999
00:46:55,30.4,6000
00:46:56,30,5999
00:46:58,30.4,6000
00:46:59,30.5,5997
00:47:00,30.5,5997
00:47:01,30.3,5999
00:47:03,30.4,5994
00:47:04,30.3,5993
00:47:05,30,5995
00:47:06,30.5,5996
00:47:07,30,5998
00:47:09,30.2,5996
00:47:10,30,5996
00:47:11,30.7,5993
00:47:12,30.3,5997
00:47:14,30,5996
00:47:15,30.4,5997
00:47:16,30.4,5992
00:47:17,30.4,5992
00:47:18,30,5993
00:47:20,29.8,5991
00:47:21,30.3,5993
00:47:22,30,5992
00:47:23,30,5994
00:47:25,30.4,5994
00:47:26,30,5992
00:47:27,30.2,5993
00:47:28,30.4,5994
00:47:29,30.3,5992
00:47:31,30.4,5992
00:47:32,30.4,5993
00:47:33,30.5,5995
00:47:34,30,5995
00:47:36,30.3,5997
00:47:37,30.3,5997
00:47:38,30,5997
00:47:39,30.3,5997
00:47:41,30,5997
00:47:42,30.2,5996
00:47:43,30.5,5996
00:47:44,29.9,5999
00:47:45,30.5,5996
00:47:47,30.3,5997
00:47:48,30.3,6000
00:47:49,30.3,6001
00:47:50,30.4,5998
00:47:52,30.2,5997
00:47:53,30.4,5997
00:47:54,30.7,5992
00:47:55,29.9,5994
00:47:56,30,5995
00:47:58,30,5994
00:47:59,30.2,5992
00:48:00,29.9,5993
00:48:01,30.3,5990
00:48:03,30.2,5993
00:48:04,30.4,5993
00:48:05,30.2,5993
00:48:06,30.1,5987
00:48:07,30,5991
00:48:09,29.9,5990
00:48:10,30.4,5990
00:48:11,30.7,5990
00:48:12,30,5989
00:48:14,30,5991
00:48:15,30.7,5993
00:48:16,30,5996
00:48:17,30.3,5996
00:48:18,30.2,5991
00:48:20,30.3,5995
00:48:21,30.3,5997
00:48:22,30.5,5999
00:48:23,30.4,5999
00:48:25,30.3,5999
00:48:26,30.2,5999
00:48:27,30.3,5997
00:48:28,30.4,5997
00:48:29,30.5,5997
00:48:31,30.3,5997
00:48:32,30.4,6002
00:48:33,30.4,6001
00:48:34,30.5,6001
00:48:36,30.7,6001
00:48:37,30.4,6001
00:48:38,30.2,5998
00:48:39,30.4,6002
00:48:40,30,6002
00:48:42,30.5,6003
00:48:43,30.5,6005
00:48:44,30.5,6007
00:48:45,30.4,6007
00:48:47,30.4,6007
00:48:48,30,6007
00:48:49,30,6010
00:48:50,30.1,6008
00:48:51,30.4,6007
00:48:53,30.3,6011
00:48:54,30,6012
00:48:55,30.3,6005
00:48:56,30.4,6004
00:48:58,30.4,6004
00:48:59,30.3,6006
00:49:00,30.3,6007
00:49:01,30.3,6003
00:49:02,30,6002
00:49:04,30.3,6003
00:49:05,30.3,6005
00:49:06,30.2,6004
00:49:07,30,5999
00:49:09,30,5998
00:49:10,30,5999
00:49:11,30.3,5999
00:49:12,30,6001
00:49:14,30,5999
00:49:15,30,6001
00:49:16,30.3,6002
00:49:17,30.4,6002
00:49:18,30.2,6003
00:49:20,30.3,6005
00:49:21,30.3,6004
00:49:22,30.2,5997
00:49:23,30,5996
00:49:25,30,5996
00:49:26,30.7,5997
00:49:27,30.3,6000
00:49:28,30.2,6000
00:49:29,30,6000
00:49:31,30.4,6001
00:49:32,30.4,6003
00:49:33,30,6004
00:49:34,29.5,6005
00:49:36,30.1,6004
00:49:37,30.7,6001
00:49:38,30.3,6001
00:49:39,30.7,6002
00:49:40,30,6001
00:49:42,30.4,6001
00:49:43,30.2,6001
00:49:44,30.5,6004
00:49:45,30.7,6004
00:49:47,30.7,6006
00:49:48,30.2,6007
00:49:49,29.9,6006
00:49:50,30.2,6006
00:49:51,30,6006
00:49:53,30.5,6006
00:49:54,30.5,6006
00:49:55,30,6006
00:49:56,30,6006
00:49:58,29.9,6005
00:49:59,30,6003
00:50:00,30.6,6000
00:50:01,30.3,6002
00:50:02,30,5999
00:50:04,29.9,6000
00:50:05,30.2,6001
00:50:06,30.5,5999
00:50:07,30.3,6001
00:50:09,29.9,6002
00:50:10,30.5,6001
00:50:11,30.4,6001
00:50:12,30.2,6003
00:50:13,30.3,6004
00:50:15,30.4,6005
00:50:16,29.9,6002
00:50:17,30.3,6005
00:50:18,29.8,6004
00:50:20,30.4,6004
00:50:21,30.5,6001
00:50:22,29.9,6004
00:50:23,30.4,6005
00:50:25,30,6005
00:50:26,29.9,6005
00:50:27,30.5,5994
00:50:28,30.5,5993
00:50:29,29.9,5994
00:50:31,30,5996
00:50:32,30.2,5997
00:50:33,30.5,5999
00:50:34,30.2,6000
00:50:36,30.2,6001
00:50:37,30.5,6002
00:50:38,30,6003
00:50:39,30,6000
00:50:40,30.3,5999
00:50:42,30,5999
00:50:43,30,5996
00:50:44,30,5997
00:50:45,30,5993
00:50:47,30,5996
00:50:48,29.8,5996
00:50:49,30.7,5997
00:50:50,30,5997
00:50:51,30.4,5997
00:50:53,30.7,5997
00:50:54,30,5997
00:50:55,30.3,6000
00:50:56,30.4,5997
00:50:58,30.3,6000
00:50:59,30.4,6002
00:51:00,30.1,6002
00:51:01,30.5,6004
00:51:02,30.6,6003
00:51:04,30.1,6003
00:51:05,30.2,6003
00:51:06,30.4,6005
00:51:07,30.4,6006
00:51:09,30.1,6007
00:51:10,30.7,6006
00:51:11,30.7,6006
00:51:12,29.7,6005
00:51:13,30.3,6008
00:51:15,30.2,6009
00:51:16,30.2,6007
00:51:17,30,6006
00:51:18,30.7,6008
00:51:20,30,6004
00:51:21,30,6005
00:51:22,30,6005
00:51:23,30.3,6006
00:51:24,30.2,6008
00:51:26,30.2,6006
00:51:27,30.4,6006
00:51:28,30,6007
00:51:29,29.9,6006
00:51:31,30.3,6010
00:51:32,30.3,6008
00:51:33,30,6004
00:51:34,30.2,6002
00:51:35,30,6003
00:51:37,30.3,6004
00:51:38,29.9,6003
00:51:39,30,6000
00:51:40,29.9,6001
00:51:42,30.7,5998
00:51:43,30.4,5998
00:51:44,30,5998
00:51:45,30.3,6000
00:51:47,30.3,6000
00:51:48,30.2,5999
00:51:49,30.4,5999
00:51:50,30.2,6001
00:51:51,30.7,6002
00:51:53,29.9,6002
00:51:54,30.7,6003
00:51:55,30.3,6002
00:51:56,30.4,6003
00:51:58,30.7,6002
00:51:59,30.3,6003
00:52:00,30,6005
00:52:01,30.7,6005
00:52:02,30.5,6007
00:52:04,30.7,6006
00:52:05,30,6007
00:52:06,30.7,6007
00:52:07,30.7,6009
00:52:09,30.2,6006
00:52:10,30.2,6006
00:52:11,30.2,6007
00:52:12,30.3,6010
00:52:13,30,6009
00:52:15,30.2,6002
00:52:16,30.3,6003
00:52:17,30.3,6000
00:52:18,30.5,5999
00:52:20,30,5999
00:52:21,30.6,5991
00:52:22,30,5992
00:52:23,30.7,5992
00:52:24,30.7,5991
00:52:26,30.4,5992
00:52:27,30.7,5990
00:52:28,30,5993
00:52:29,30.3,5993
00:52:31,30,5994
00:52:32,30.1,5994
00:52:33,30,5992
00:52:34,30,5993
00:52:35,30.2,5995
00:52:37,30.3,5997
00:52:38,30.5,5997
00:52:39,30,5996
00:52:40,30,5996
00:52:42,30,5994
00:52:43,30.4,5994
00:52:44,29.9,5996
00:52:45,30,5989
00:52:46,30,5989
00:52:48,30.2,5987
00:52:49,30,5990
00:52:50,30.3,5991
00:52:51,30,5989
00:52:53,30.4,5990
00:52:54,30.7,5991
00:52:55,30.7,5991
00:52:56,30,5992
00:52:57,30.5,5990
00:52:59,27.4,5984
00:53:00,30,5987
00:53:01,29.7,5987
00:53:02,30.3,5988
00:53:04,30.4,5987
00:53:05,30.4,5989
00:53:06,30,5990
00:53:07,30,5990
00:53:09,30.7,5989
00:53:10,30.5,5990
00:53:11,30.5,5985
00:53:12,30,5986
00:53:13,30,5988
00:53:15,30.7,5988
00:53:16,30,5984
00:53:17,30.2,5984
00:53:18,30.4,5985
00:53:20,30.4,5986
00:53:21,30.4,5986
00:53:22,30.1,5991
00:53:23,30.2,5992
00:53:24,30.7,5993
00:53:26,30,5993
00:53:27,30.3,5994
00:53:28,30.7,5993
00:53:29,30,5994
00:53:31,30.5,5994
00:53:32,30.5,5994
00:53:33,30,5993
00:53:34,30.3,5994
00:53:35,29.7,5990
00:53:37,30,5990
00:53:38,30.3,5990
00:53:39,30.2,5993
00:53:40,30.6,5993
00:53:42,30.1,5992
00:53:43,30,5992
00:53:44,30,5994
00:53:45,30.3,5994
00:53:46,30.7,5995
00:53:48,29.8,5991
00:53:49,30.5,5991
00:53:50,30.4,5992
00:53:51,30,5992
00:53:53,30.1,5993
00:53:54,30.7,5996
00:53:55,30.3,5996
00:53:56,30.5,5996
00:53:57,30.4,5994
00:53:59,30.2,5994
00:54:00,30.2,5994
00:54:01,30.4,5994
00:54:02,30.3,5993
00:54:04,30.2,5994
00:54:05,30,5994
00:54:06,30.7,5995
00:54:07,30.4,5995
00:54:08,30.7,5996
00:54:10,30.7,5996
00:54:11,30.4,5996
00:54:12,30.3,5997
00:54:13,29.7,5997
00:54:15,30.2,5990
00:54:16,30.5,5993
00:54:17,30,5993
00:54:18,30.1,5995
00:54:19,30,5995
00:54:21,30,5995
00:54:22,30.2,5996
00:54:23,30.5,5996
00:54:24,30.2,5996
00:54:26,30.2,5995
00:54:27,30.4,5992
00:54:28,30.3,5992
00:54:29,30.7,5992
00:54:30,30,5994
00:54:32,30.3,5998
00:54:33,30.3,5998
00:54:34,30,5998
00:54:35,30.3,6000
00:54:37,30.3,5997
00:54:38,30.3,5995
00:54:39,30,5996
00:54:40,29.7,5995
00:54:42,29.7,5995
00:54:43,30,5995
00:54:44,30,5995
00:54:45,30.3,5996
00:54:46,30.3,5996
00:54:48,30.3,5996
00:54:49,30.2,5996
00:54:50,30.2,5993
00:54:51,30,5994
00:54:53,30.2,5993
00:54:54,30.4,5993
00:54:55,30.4,5990
00:54:56,29.9,5993
00:54:57,30.3,5995
00:54:59,30.2,5997
00:55:00,29.8,5998
00:55:01,30.7,5998
00:55:02,30,5997
00:55:04,30,5999
00:55:05,30.6,5996
00:55:06,30.7,5997
00:55:07,29.9,5996
00:55:08,30.3,5996
00:55:10,30,5997
00:55:11,30.3,5997
00:55:12,30,5996
00:55:13,30.3,5997
00:55:15,30,5995
00:55:16,30,5993
00:55:17,30.2,5996
00:55:18,30.3,5994
00:55:19,29.9,5996
00:55:21,30.3,5996
00:55:22,30.2,5994
00:55:23,30,5996
00:55:24,30,5996
00:55:26,30.3,5995
00:55:27,29.5,5995
00:55:28,30.3,5996
00:55:29,30.7,5994
00:55:30,30.3,5994
00:55:32,30,5994
00:55:33,30.3,5993
00:55:34,30,5993
00:55:35,30.7,5994
00:55:37,30,5994
00:55:38,29.7,5995
00:55:39,30,5998
00:55:40,30.4,5998
00:55:41,30,5998
00:55:43,30,5999
00:55:44,30,5999
00:55:45,30.7,6001
00:55:46,30.2,6000
00:55:48,29.8,5999
00:55:49,30,6001
00:55:50,30,6001
00:55:51,30.3,6001
00:55:52,29.8,6002
00:55:54,30.6,5999
00:55:55,30.3,5999
00:55:56,30,6002
00:55:57,30.3,6002
00:55:59,30.3,6003
00:56:00,30.7,6003
00:56:01,30.4,6003
00:56:02,30.2,6004
00:56:03,30.4,6004
00:56:05,30.5,6005
00:56:06,30.3,6008
00:56:07,30.3,6006
00:56:08,30,6008
00:56:10,30.2,6007
00:56:11,30.2,6008
00:56:12,30,6009
00:56:13,30.4,6012
00:56:15,30.5,6009
00:56:16,30,6006
00:56:17,30,5995
00:56:18,30.3,5998
00:56:19,30,5999
00:56:21,30.7,6001
00:56:22,30,6001
00:56:23,30.3,5999
00:56:24,30.3,5998
00:56:26,30,5998
00:56:27,30.1,5997
00:56:28,30.3,5996
00:56:29,30.1,5996
00:56:30,30.2,5999
00:56:32,29.9,5997
00:56:33,30,5998
00:56:34,30.4,5998
00:56:35,29.7,5998
00:56:37,29.9,5999
00:56:38,30,5999
00:56:39,29.7,6002
00:56:40,30.4,6002
00:56:41,30.4,6003
00:56:43,30.3,6005
00:56:44,30.3,6007
00:56:45,23.7,5999
00:56:46,30,5996
00:56:48,30.4,5997
00:56:49,30.4,5996
00:56:50,30.2,5997
00:56:51,30.2,5998
00:56:52,30.3,5997
00:56:54,30.2,5997
00:56:55,30.4,5996
00:56:56,30,5996
00:56:57,30,5998
00:56:59,30.3,5993
00:57:00,30.2,5995
00:57:01,30.4,5993
00:57:02,30.5,5992
00:57:03,30.4,5992
00:57:05,30,5993
00:57:06,30.3,5994
00:57:07,30.4,5999
00:57:08,30.3,5999
00:57:10,30,6000
00:57:11,30.2,6001
00:57:12,30.3,5999
00:57:13,30,6000
00:57:14,30,5999
00:57:16,30.2,5999
00:57:17,30.4,6000
00:57:18,30.3,5996
00:57:19,30.3,6001
00:57:21,30.5,6001
00:57:22,30,6002
00:57:23,30.3,6002
00:57:24,30.2,6003
00:57:25,30.7,6005
00:57:27,30.4,6005
00:57:28,30.7,6003
00:57:29,30.2,6008
00:57:30,30,6009
00:57:32,30.6,6006
00:57:33,30.1,6004
00:57:34,30.2,6002
00:57:35,30.4,6001
00:57:37,30.2,6001
00:57:38,30.4,6002
00:57:39,30.3,6001
00:57:40,30.3,6002
00:57:41,30.3,6002
00:57:43,30,6002
00:57:44,30.2,6000
00:57:45,30.7,6000
00:57:46,30.4,6000
00:57:48,30,6001
00:57:49,30.5,5999
00:57:50,30.4,6000
00:57:51,30.7,6002
00:57:52,30.7,6004
00:57:54,30,6008
00:57:55,30.4,5994
00:57:56,30,5994
00:57:57,30.5,6000
00:57:59,30.3,6002
00:58:00,30.4,6003
00:58:01,30.1,6004
00:58:02,29.9,6004
00:58:03,30.7,6004
00:58:05,30,6003
00:58:06,30,6005
00:58:07,30.4,6005
00:58:08,30.4,6005
00:58:10,30.4,6005
00:58:11,30.3,6005
00:58:12,30.3,6005
00:58:13,30.7,6005
00:58:14,30.3,6006
00:58:16,30,6007
00:58:17,30.5,6006
00:58:18,30.2,6006
00:58:19,30.2,6007
00:58:21,30.2,6007
00:58:22,30.4,6008
00:58:23,30.3,6006
00:58:24,30.3,6005
00:58:25,30,6004
00:58:27,30,6002
00:58:28,30.2,6002
00:58:29,30,6002
00:58:30,30.7,6002
00:58:32,30.3,6003
00:58:33,30,6003
00:58:34,30.3,6005
00:58:35,30.2,6005
00:58:36,29.9,6004
00:58:38,30.2,6003
00:58:39,30.3,6002
00:58:40,30.4,6003
00:58:41,30.3,6003
00:58:43,30,6005
00:58:44,30.4,6005
00:58:45,30,6005
00:58:46,30.3,6004
00:58:47,30,6005
00:58:49,30.5,6006
00:58:50,30,6005
00:58:51,30.3,6005
00:58:52,29.9,6008
00:58:54,30.4,6007
00:58:55,30.5,6008
00:58:56,30.4,6008
00:58:57,30.3,6008
00:58:59,30.3,6008
00:59:00,29.9,6010
00:59:01,30.7,6011
00:59:02,30.3,6011
00:59:03,30,6008
00:59:05,30.2,6007
00:59:06,30.2,6008
00:59:07,30.1,6009
00:59:08,30.7,6001
00:59:10,24.4,5996
00:59:11,30.7,5998
00:59:12,30.3,6000
00:59:13,30.2,6001
00:59:14,29.9,6001
00:59:16,30.7,6001
00:59:17,30.2,6003
00:59:18,30.3,6004
00:59:19,30,6004
00:59:21,30.3,6002
00:59:22,30.4,5997
00:59:23,30.5,5990
00:59:24,30,5991
00:59:25,30.7,5991
00:59:27,30.3,5994
00:59:28,30.7,5992
00:59:29,30.3,5988
00:59:30,30,5989
00:59:32,30.4,5991
00:59:33,30.1,5990
00:59:34,30.2,5990
00:59:35,30.2,5991
00:59:36,30.4,5993
00:59:38,30.1,5991
00:59:39,30,5992
00:59:40,30,5992
00:59:41,30.2,5995
00:59:43,29.9,5995
00:59:44,29.9,5997
00:59:45,30.7,5996
00:59:46,30.3,5999
00:59:47,30,5998
00:59:49,30.3,5997
00:59:50,30.4,5996
00:59:51,30.3,5988
00:59:52,30,5990
00:59:54,30,5991
00:59:55,30.7,5990
00:59:56,30.3,5990
00:59:57,30.4,5989
00:59:58,30.4,5987
01:00:00,30,5987
01:00:01,30.4,5985
01:00:02,30.3,5986
01:00:03,30.3,5991
01:00:05,30.1,5991
01:00:06,30,5993
01:00:07,30.5,5996
01:00:08,30.5,5997
01:00:09,30.3,5997
01:00:11,30,5996
01:00:12,30.3,5988
01:00:13,29.9,5988
01:00:14,30.3,5989
01:00:16,30.7,5992
01:00:17,30.4,5992
01:00:18,30.5,5991
01:00:19,30.2,5991
01:00:20,30.4,5993
01:00:22,30.4,5994
01:00:23,30,5996
01:00:24,30.4,5997
01:00:25,30.7,5997
01:00:27,30.3,5999
01:00:28,30,6000
01:00:29,30.3,5998
01:00:30,30.3,6033
01:00:31,30.7,6034
01:00:33,30.3,6032
01:00:34,30,6034
01:00:35,30.3,6038
01:00:36,29.7,6037
01:00:38,30,6038
01:00:39,30.3,6037
01:00:40,30.7,6037
01:00:41,30.3,6038
01:00:43,30.3,6037
01:00:44,30.7,6037
01:00:45,30.3,6040
01:00:46,30,6039
01:00:47,30.9,6039
01:00:49,30.4,6038
01:00:50,30,6031
01:00:51,30.2,6032
01:00:52,30.3,6031
01:00:54,30.7,6032
01:00:55,29.9,6033
01:00:56,30.4,6032
01:00:57,30,6030
01:00:58,30,6030
01:01:00,30.4,6032
01:01:01,30.2,6030
01:01:02,30.2,6031
01:01:03,30.7,6033
01:01:05,30.3,6033
01:01:06,30,6032
01:01:07,30,6029
01:01:08,30,6029
01:01:09,30,6032
01:01:11,30.3,6032
01:01:12,30.3,6030
01:01:13,30.3,6032
01:01:14,30.5,6031
01:01:16,30.3,6029
01:01:17,30.4,6029
01:01:18,30.4,6024
01:01:19,30,6024
01:01:20,30.3,6017
01:01:22,30.3,6012
01:01:23,30,6016
01:01:24,30,6017
01:01:25,30.1,6020
01:01:27,30.3,6021
01:01:28,30.3,6022
01:01:29,30,6022
01:01:30,30.2,6024
01:01:31,30,6017
01:01:33,30.1,6019
01:01:34,29.9,6021
01:01:35,30.4,6021
01:01:36,30.2,6023
01:01:38,30.2,6022
01:01:39,30.5,6024
01:01:40,30.5,6027
01:01:41,30.2,6029
01:01:42,30.7,6028
01:01:44,30.7,6026
01:01:45,30.4,6026
01:01:46,30.2,6026
01:01:47,30.4,6027
01:01:49,30,6026
01:01:50,30.5,6027
01:01:51,29.9,6028
01:01:52,30.3,6029
01:01:53,30,6028
01:01:55,30.4,6028
01:01:56,30,6029
01:01:57,30,6032
01:01:58,30.3,6035
01:02:00,30.5,6034
01:02:01,30.5,6033
01:02:02,30,6032
01:02:03,30.3,6030
01:02:05,30.5,6030
01:02:06,30.2,6030
01:02:07,30,6033
01:02:08,30.1,6036
01:02:09,30,6034
01:02:11,30.2,6035
01:02:12,30,6035
01:02:13,30,6036
01:02:14,31,6035
01:02:16,30.3,6031
01:02:17,30.4,6028
01:02:18,30.2,6010
01:02:19,30.7,6005
01:02:20,30.7,6006
01:02:22,30.2,6007
01:02:23,30,6007
01:02:24,30.5,6007
01:02:25,30.5,6009
01:02:27,30.7,6009
01:02:28,30.4,6011
01:02:29,30.3,6010
01:02:30,30.4,6005
01:02:31,30.5,6005
01:02:33,30.7,6004
01:02:34,30.4,6005
01:02:35,30.2,6007
01:02:36,30.3,6006
01:02:38,30.5,6005
01:02:39,30.4,6004
01:02:40,30.2,6005
01:02:41,30.4,6003
01:02:42,30.2,6002
01:02:44,30,6005
01:02:45,30.5,6010
01:02:46,30.7,6011
01:02:47,30,6007
01:02:49,30.5,6007
01:02:50,30,6007
01:02:51,30,6008
01:02:52,30,6005
01:02:53,30.3,6008
01:02:55,30.3,6009
01:02:56,30.5,6003
01:02:57,30.2,6004
01:02:58,30,6003
01:03:00,30,6003
01:03:01,29.9,6006
01:03:02,29.9,6006
01:03:03,30.7,6005
01:03:04,30.1,6004
01:03:06,30.7,6006
01:03:07,30.7,6007
01:03:08,30.4,6007
01:03:09,30.2,6007
01:03:11,30,6008
01:03:12,30.3,6006
01:03:13,30,6006
01:03:14,30.5,6007
01:03:15,30,6009
01:03:17,30,6009
01:03:18,29.7,6011
01:03:19,30.3,6010
01:03:20,30.4,6011
01:03:22,30,6010
01:03:23,30.4,6010
01:03:24,30,6009
01:03:25,29.7,6009
01:03:27,30.2,6011
01:03:28,30.1,6014
01:03:29,29.9,6015
01:03:30,30.1,6008
01:03:31,30.3,6008
01:03:33,30,6003
01:03:34,30.3,6001
01:03:35,30.4,6000
01:03:36,30.5,6002
01:03:38,30.2,6004
01:03:39,30.5,6005
01:03:40,30.3,6005
01:03:41,29.9,6005
01:03:42,30.3,6002
01:03:44,30.1,6000
01:03:45,29.9,6002
01:03:46,30,6004
01:03:47,30.5,6006
01:03:49,30.2,6006
01:03:50,30.3,6006
01:03:51,30,6007
01:03:52,29.9,6010
01:03:53,30.7,6009
01:03:55,30.3,6011
01:03:56,30.5,6011
01:03:57,29.6,6010
01:03:58,30,6010
01:04:00,30.7,6014
01:04:01,30,6015
01:04:02,30,6016
01:04:03,30.5,6017
01:04:04,30.7,6014
01:04:06,30.3,6012
01:04:07,30,6014
01:04:08,30.3,6012
01:04:09,30.3,6012
01:04:11,30.4,6015
01:04:12,30.1,6014
01:04:13,30.5,6006
01:04:14,30.2,6004
01:04:15,30.5,6006
01:04:17,30,6008
01:04:18,30.5,6005
01:04:19,30.4,6006
01:04:20,29.5,6004
01:04:22,30.5,6004
01:04:23,30.3,6006
01:04:24,30.2,6008
01:04:25,30.4,6009
01:04:26,30.4,6009
01:04:28,30,6008
01:04:29,30,6008
01:04:30,30.2,6009
01:04:31,30.3,6007
01:04:33,30,6006
01:04:34,30.7,6005
01:04:35,30,6008
01:04:36,30.4,6003
01:04:37,30.5,6002
01:04:39,30.5,6003
01:04:40,30.2,6003
01:04:41,30.5,6003
01:04:42,29.9,6004
01:04:44,30.2,5999
01:04:45,30.5,5998
01:04:46,29.9,6001
01:04:47,30.3,6001
01:04:48,30.2,6001
01:04:50,30.4,6003
01:04:51,30.7,6002
01:04:52,30.3,6002
01:04:53,30,6000
01:04:55,30,6000
01:04:56,30.3,6000
01:04:57,29.7,6002
01:04:58,30,6005
01:04:59,30.4,6005
01:05:01,30.3,6006
01:05:02,30.1,6007
01:05:03,30,6006
01:05:04,30.4,6007
01:05:06,29.9,6010
01:05:07,30.4,6007
01:05:08,30,6010
01:05:09,30.2,6012
01:05:11,30.4,6013
01:05:12,30,6012
01:05:13,30.5,6009
01:05:14,30.5,6010
01:05:15,30.7,6009
01:05:17,30.2,6010
01:05:18,30.8,6015
01:05:19,30.5,6011
01:05:20,30.7,6009
01:05:22,30.5,6006
01:05:23,30.7,6006
01:05:24,30.7,6006
01:05:25,30.8,6004
01:05:26,30.4,6006
01:05:28,30,6007
01:05:29,30.4,6004
01:05:30,30.2,6003
01:05:31,30.4,6003
01:05:33,30.5,6002
01:05:34,29.7,6002
01:05:35,30,6003
01:05:36,30.5,6004
01:05:37,30.7,6008
01:05:39,30.2,6008
01:05:40,29.9,6011
01:05:41,30.2,6011
01:05:42,30,6011
01:05:44,30.2,6010
01:05:45,30.3,6009
01:05:46,30.3,6010
01:05:47,29.9,6010
01:05:48,30.3,6014
01:05:50,30.4,6011
01:05:51,30.5,6010
01:05:52,30,6008
01:05:53,30.2,6002
01:05:55,30,6001
01:05:56,29.9,6002
01:05:57,30.3,6002
01:05:58,30.2,6004
01:05:59,30,6004
01:06:01,30.7,6004
01:06:02,30.7,6005
01:06:03,30.6,6003
01:06:04,30.4,6006
01:06:06,30.5,6006
01:06:07,30.2,6004
01:06:08,30.3,6005
01:06:09,30.4,6005
01:06:10,30.4,6000
01:06:12,30.3,5999
01:06:13,30.3,6000
01:06:14,30.3,6000
01:06:15,30.3,6001
01:06:17,30.4,5995
01:06:18,30.5,5996
01:06:19,30.4,5996
01:06:20,30.5,5997
01:06:21,30.2,5998
01:06:23,30.2,5998
01:06:24,30.4,5998
01:06:25,29.9,5999
01:06:26,30.2,5999
01:06:28,30.4,5991
01:06:29,30.7,5993
01:06:30,30.4,5993
01:06:31,29.9,5995
01:06:32,30.3,5994
01:06:34,30.3,5996
01:06:35,30.2,5996
01:06:36,30.3,5995
01:06:37,30.7,5996
01:06:39,30.5,5998
01:06:40,30,6000
01:06:41,30,6001
01:06:42,30.1,6003
01:06:44,30.4,6003
01:06:45,29.9,6003
01:06:46,30.4,6003
01:06:47,30.9,6003
01:06:48,30.4,6004
01:06:50,30.7,6002
01:06:51,30.5,6002
01:06:52,30.4,6004
01:06:53,29.9,6004
01:06:55,30.3,6006
01:06:56,30.7,6005
01:06:57,30,6006
01:06:58,30.3,6005
01:06:59,30.7,6004
01:07:01,30,6005
01:07:02,30.3,6006
01:07:03,30,6008
01:07:04,30.3,6009
01:07:06,30.7,6008
01:07:07,30.5,6005
01:07:08,30.4,6009
01:07:09,30.3,6008
01:07:10,30.3,6008
01:07:12,30.4,6009
01:07:13,30.2,6012
01:07:14,30.4,6014
01:07:15,30.3,6013
01:07:17,30.7,6014
01:07:18,30.4,6015
01:07:19,30.2,6015
01:07:20,30.2,6013
01:07:21,30.1,6012
01:07:23,30,6013
01:07:24,30.3,6013
01:07:25,30,6013
01:07:26,30.4,6009
01:07:28,30.4,6008
01:07:29,26.8,5996
01:07:30,30.4,5996
01:07:31,30,5997
01:07:32,30,5997
01:07:34,30.3,5996
01:07:35,30.3,5996
01:07:36,29.9,5997
01:07:37,30.2,5999
01:07:39,30.2,6000
01:07:40,30.7,6003
01:07:41,29.9,6003
01:07:42,30.3,6003
01:07:43,30.4,6003
01:07:45,30.7,6003
01:07:46,29.9,6004
01:07:47,30,6003
01:07:48,30,6003
01:07:50,30.4,6001
01:07:51,30.3,6002
01:07:52,30.4,6003
01:07:53,30.2,6007
01:07:54,30.5,6009
01:07:56,30.1,6008
01:07:57,30,6009
01:07:58,30.2,6008
01:07:59,30.7,6008
01:08:01,30.3,6008
01:08:02,30.3,6007
01:08:03,30.7,6009
01:08:04,30.3,6008
01:08:06,30,6009
01:08:07,30.8,6007
01:08:08,30,6010
01:08:09,30,6009
01:08:10,30.2,6009
01:08:12,30,6008
01:08:13,30,6008
01:08:14,30,6009
01:08:15,30,6007
01:08:17,30,6007
01:08:18,30.8,6002
01:08:19,30.3,6001
01:08:20,30,6000
01:08:21,30,5988
01:08:23,30.2,5984
01:08:24,30.2,5985
01:08:25,30.4,5986
01:08:26,30.4,5987
01:08:28,30,5987
01:08:29,30.3,5984
01:08:30,30.4,5983
01:08:31,30,5985
01:08:32,30.3,5986
01:08:34,30.5,5989
01:08:35,30.4,5990
01:08:36,30.4,5990
01:08:37,30.5,5991
01:08:39,30.3,5991
01:08:40,30.7,5991
01:08:41,30.3,5990
01:08:42,30.4,5990
01:08:43,30.2,5991
01:08:45,30.2,5991
01:08:46,30,5995
01:08:47,30.3,5997
01:08:48,30.5,5997
01:08:50,30.4,5998
01:08:51,30.2,5998
01:08:52,30,5997
01:08:53,30,5996
01:08:54,30.4,5998
01:08:56,30,6000
01:08:57,30.1,5998
01:08:58,30.1,5997
01:08:59,30.7,5999
01:09:01,30.4,5998
01:09:02,30.4,6000
01:09:03,29.9,6000
01:09:04,30.2,5999
01:09:05,30,6000
01:09:07,30.3,6001
01:09:08,30,6002
01:09:09,30,6004
01:09:10,30,6004
01:09:12,30,6002
01:09:13,30.3,6003
01:09:14,30.3,6003
01:09:15,29.7,6005
01:09:17,30.4,6005
01:09:18,30.1,6004
01:09:19,30.2,6006
01:09:20,30.7,6002
01:09:21,30.7,6003
01:09:23,30.5,6003
01:09:24,30.7,6003
01:09:25,30.4,6003
01:09:26,29.9,6002
01:09:28,30.4,6001
01:09:29,29.9,6000
01:09:30,30.3,5999
01:09:31,30.3,6001
01:09:32,30.3,6002
01:09:34,30.2,6001
01:09:35,30.2,5998
01:09:36,30.4,5999
01:09:37,30,6001
01:09:39,29.8,6000
01:09:40,30,5997
01:09:41,30.2,5998
01:09:42,29.9,6000
01:09:43,30.2,6000
01:09:45,30.1,6001
01:09:46,30.4,6000
01:09:47,29.7,6000
01:09:48,30,6001
01:09:50,30.3,5999
01:09:51,30.2,5999
01:09:52,30.2,6000
01:09:53,30,6000
01:09:54,30,6000
01:09:56,30.3,5998
01:09:57,30.3,5999
01:09:58,30.3,6000
01:09:59,30.5,6001
01:10:01,30.4,6002
01:10:02,30.3,6003
01:10:03,30.3,6007
01:10:04,30,5998
01:10:05,30,5999
01:10:07,30.6,5997
01:10:08,30,5999
01:10:09,30.7,5999
01:10:10,30.5,6000
01:10:12,30.2,6001
01:10:13,30.4,6005
01:10:14,29.7,6006
01:10:15,30.3,6005
01:10:17,30.7,6006
01:10:18,30.4,6006
01:10:19,30.3,6007
01:10:20,30.5,6006
01:10:21,30.6,6005
01:10:23,30.5,6004
01:10:24,30,6005
01:10:25,30.7,6008
01:10:26,30.4,6009
01:10:28,29.9,6007
01:10:29,29.9,6006
01:10:30,30,6006
01:10:31,30.2,6007
01:10:32,30.7,6009
01:10:34,30.3,6007
01:10:35,30.5,6007
01:10:36,30.3,6006
01:10:37,30.4,6007
01:10:39,30,6007
01:10:40,30.1,6009
01:10:41,30.7,6010
01:10:42,30,6009
01:10:43,30.4,6010
01:10:45,30.7,6009
01:10:46,30.3,6010
01:10:47,30.5,6011
01:10:48,30.2,6013
01:10:50,30.4,6013
01:10:51,30,6013
01:10:52,30.4,6012
01:10:53,30,6010
01:10:54,30.4,6006
01:10:56,30.2,6012
01:10:57,30.3,6012
01:10:58,30.3,6013
01:10:59,30,6006
01:11:01,30.4,6007
01:11:02,30,6007
01:11:03,30,6007
01:11:04,30.2,6006
01:11:05,30.7,6007
01:11:07,30.2,6009
01:11:08,30.4,6009
01:11:09,30,6010
01:11:10,29.7,6009
01:11:12,30.3,6009
01:11:13,30.4,6013
01:11:14,30.3,6010
01:11:15,30.2,6009
01:11:16,30,6009
01:11:18,30.4,6009
01:11:19,30.3,6009
01:11:20,29.8,6009
01:11:21,30.3,6011
01:11:23,30.7,6012
01:11:24,30.2,6011
01:11:25,30.2,6015
01:11:26,30,6014
01:11:27,30.4,6013
01:11:29,30,6018
01:11:30,30.7,6017
01:11:31,30,6015
01:11:32,30.3,6015
01:11:34,30.4,6008
01:11:35,30.5,6012
01:11:36,30.7,6013
01:11:37,30.4,6013
01:11:38,30.6,6011
01:11:40,30,6011
01:11:41,30.2,6012
01:11:42,30.3,6012
01:11:43,30.3,6009
01:11:45,29.8,6004
01:11:46,29.8,6002
01:11:47,30.7,6003
01:11:48,30,5999
01:11:50,30.3,6001
01:11:51,30,6004
01:11:52,30,6004
01:11:53,30,6005
01:11:54,30,6006
01:11:56,30.2,6004
01:11:57,30.2,6005
01:11:58,30.7,6006
01:11:59,30.1,6005
01:12:01,29.8,6006
01:12:02,30.4,6009
01:12:03,29.7,6009
01:12:04,30,6011
01:12:05,30.2,6012
01:12:07,30,6010
01:12:08,30.3,6014
01:12:09,30.1,6013
01:12:10,30.1,6013
01:12:12,30.5,6012
01:12:13,30.4,6012
01:12:14,29.8,6012
01:12:15,30,6008
01:12:16,30.3,6006
01:12:18,30,6006
01:12:19,29.7,6001
01:12:20,30.5,6002
01:12:21,30,5998
01:12:23,30,5998
01:12:24,30.2,5998
01:12:25,30.7,5998
01:12:26,30.3,6002
01:12:27,29.9,6002
01:12:29,30.4,5999
01:12:30,29.9,5999
01:12:31,30.3,6000
01:12:32,30,6000
01:12:34,30.2,6000
01:12:35,30,6000
01:12:36,30.5,5999
01:12:37,30.3,5998
01:12:38,29.8,5998
01:12:40,30.1,5996
01:12:41,30.5,5997
01:12:42,30.4,6000
01:12:43,30.3,5995
01:12:45,30.3,5998
01:12:46,30.5,5997
01:12:47,30.3,5998
01:12:48,29.9,5999
01:12:49,30.2,6000
01:12:51,30,6001
01:12:52,30.2,5999
01:12:53,30,6000
01:12:54,30,5999
01:12:56,29.9,5999
01:12:57,30,5994
01:12:58,30.5,5994
01:12:59,30,5996
01:13:00,30.2,5998
01:13:02,30.5,5998
01:13:03,30.3,5995
01:13:04,30.5,5997
01:13:05,30.2,5995
01:13:07,30.2,5997
01:13:08,30.5,5991
01:13:09,30.5,5991
01:13:10,30.1,5990
01:13:11,30.2,5991
01:13:13,30.2,5992
01:13:14,30.1,5992
01:13:15,30,5993
01:13:16,30.1,5993
01:13:18,30.2,5994
01:13:19,30,5997
01:13:20,30.3,5997
01:13:21,30.2,5997
01:13:23,30,5998
01:13:24,30.3,5998
01:13:25,29.8,5997
01:13:26,30.4,5999
01:13:27,30.3,6000
01:13:29,30,5999
01:13:30,29.9,5998
01:13:31,30.5,5995
01:13:32,30,5997
01:13:34,29.8,5994
01:13:35,30.4,5994
01:13:36,30.2,5996
01:13:37,30.7,5995
01:13:38,30.2,5996
01:13:40,30,5997
01:13:41,30,6000
01:13:42,30.4,5997
01:13:43,30.5,5995
01:13:45,30.5,5994
01:13:46,30,5995
01:13:47,30.1,5993
01:13:48,30.7,5992
01:13:49,30.3,5994
01:13:51,30.3,5996
01:13:52,30.7,5997
01:13:53,30.2,5998
01:13:54,30.3,5999
01:13:56,30.3,5997
01:13:57,30,5999
01:13:58,30,5998
01:13:59,30.7,5998
01:14:00,30.3,5997
01:14:02,30.7,5997
01:14:03,30.3,5991
01:14:04,30.3,5989
01:14:05,30.7,5994
01:14:07,29.8,5993
01:14:08,30.4,5995
01:14:09,30.1,5996
01:14:10,29.9,5998
01:14:11,30.2,6000
01:14:13,30.5,6000
01:14:14,30.5,6002
01:14:15,30,6000
01:14:16,30,5999
01:14:18,30.7,6000
01:14:19,30.3,5998
01:14:20,30.7,5997
01:14:21,30.5,6000
01:14:22,30.3,5998
01:14:24,30.4,5998
01:14:25,30.4,6000
01:14:26,30.4,6000
01:14:27,30,6001
01:14:29,30.7,6000
01:14:30,30.2,5999
01:14:31,30.4,6001
01:14:32,30.4,5997
01:14:33,30.3,6000
01:14:35,30.4,6000
01:14:36,30.7,6001
01:14:37,30,6002
01:14:38,30.3,6001
01:14:40,30,6000
01:14:41,30,6000
01:14:42,30,6000
01:14:43,30.3,6002
01:14:44,30.4,6003
01:14:46,30.1,6002
01:14:47,30.5,6000
01:14:48,30.3,6000
01:14:49,30.7,6001
01:14:51,30.7,6001
01:14:52,30.4,6001
01:14:53,30.4,5999
01:14:54,30,6000
01:14:56,30.5,5998
01:14:57,29.7,5995
01:14:58,30.3,5999
01:14:59,30.2,5998
01:15:00,30.3,6001
01:15:02,30.5,5999
01:15:03,30.7,6001
01:15:04,30.6,6004
01:15:05,30,6003
01:15:07,30.7,6002
01:15:08,30.5,6000
01:15:09,30.3,6000
01:15:10,30,6002
01:15:11,30,6002
01:15:13,30.7,6000
01:15:14,30.3,5999
01:15:15,30.3,6000
01:15:16,30.4,6005
01:15:18,30.5,6005
01:15:19,30,6006
01:15:20,29.9,6008
01:15:21,30.3,6008
01:15:22,30.3,6009
01:15:24,30.3,6006
01:15:25,30.3,6007
01:15:26,30.3,6007
01:15:27,30,6008
01:15:29,29.9,6006
01:15:30,30.5,6006
01:15:31,30,6006
01:15:32,30.4,6006
01:15:33,30,5998
01:15:35,30.5,5998
01:15:36,30.7,5990
01:15:37,29.9,5992
01:15:38,30.3,5994
01:15:40,30.4,5994
01:15:41,30,5995
01:15:42,30.2,5995
01:15:43,30.6,5996
01:15:44,30.1,5996
01:15:46,30,5996
01:15:47,30.2,5997
01:15:48,30.4,5998
01:15:49,30.2,5999
01:15:51,30.4,6000
01:15:52,30,5999
01:15:53,30.4,5998
01:15:54,30.7,5997
01:15:55,30,5998
01:15:57,30,5991
01:15:58,30.4,5993
01:15:59,30,5995
01:16:00,30.4,5996
01:16:02,30,5994
01:16:03,30.3,5993
01:16:04,30.3,5995
01:16:05,30.5,5995
01:16:06,30,5994
01:16:08,30.2,5997
01:16:09,30.4,5994
01:16:10,30.2,5997
01:16:11,30.3,5997
01:16:13,30.3,5998
01:16:14,30.3,5999
01:16:15,30,5999
01:16:16,30.3,5999
01:16:18,30,5999
01:16:19,30.4,5998
01:16:20,30.3,5998
01:16:21,30.7,5999
01:16:22,30.3,5993
01:16:24,30,5994
01:16:25,30.2,5994
01:16:26,30.3,5995
01:16:27,30.2,5996
01:16:29,30.3,5999
01:16:30,30.4,6000
01:16:31,30.4,6000
01:16:32,30.3,6000
01:16:33,30.3,6002
01:16:35,30,6003
01:16:36,30.7,6003
01:16:37,30.2,6003
01:16:38,30.3,6004
01:16:40,30.6,6000
01:16:41,30.7,6003
01:16:42,29.9,6004
01:16:43,30.3,6004
01:16:44,30,6005
01:16:46,29.9,6008
01:16:47,30.7,6009
01:16:48,30,6009
01:16:49,30.3,6005
01:16:51,30.2,6005
01:16:52,30,6004
01:16:53,30.3,6004
01:16:54,30.5,6006
01:16:55,30.7,6001
01:16:57,30.5,6000
01:16:58,30.2,5997
01:16:59,30.2,5995
01:17:00,30.5,5995
01:17:02,30,5996
01:17:03,30,5996
01:17:04,30,5996
01:17:05,29.9,5997
01:17:06,30.3,5997
01:17:08,30,5997
01:17:09,29.8,5997
01:17:10,30,5998
01:17:11,30.3,5998
01:17:13,29.9,6000
01:17:14,30.2,6000
01:17:15,30,6001
01:17:16,30.7,6002
01:17:17,30.3,6001
01:17:19,30,5998
01:17:20,30,5997
01:17:21,30,5993
01:17:22,30,5993
01:17:24,30.1,5991
01:17:25,30.4,5994
01:17:26,30,5996
01:17:27,30.5,5997
01:17:28,30,5997
01:17:30,30.5,5997
01:17:31,30.3,5999
01:17:32,30.2,6000
01:17:33,30.4,6000
01:17:35,30.5,5997
01:17:36,30.2,5998
01:17:37,30.4,5998
01:17:38,30.4,5997
01:17:39,30.3,5999
01:17:41,30.4,6003
01:17:42,30,5996
01:17:43,30.5,5997
01:17:44,30.2,5997
01:17:46,30.4,5996
01:17:47,30,5997
01:17:48,30.4,5998
01:17:49,30,5993
01:17:51,30.6,5995
01:17:52,30.5,5996
01:17:53,30.3,5991
01:17:54,30.2,5990
01:17:55,30.5,5990
01:17:57,30.4,5990
01:17:58,30.7,5988
01:17:59,30,5989
01:18:00,30,5992
01:18:02,30.3,5993
01:18:03,30.5,5993
01:18:04,30.7,5993
01:18:05,30.2,5995
01:18:06,30.5,5995
01:18:08,29.9,5993
01:18:09,30.2,5993
01:18:10,30.2,5993
01:18:11,30.2,5994
01:18:13,30,5995
01:18:14,30.2,5995
01:18:15,30.2,5996
01:18:16,30.1,5994
01:18:17,30.7,5995
01:18:19,30.5,5996
01:18:20,30,5995
01:18:21,30,5994
01:18:22,30.4,5994
01:18:24,30,5994
01:18:25,30.3,5998
01:18:26,30.4,5998
01:18:27,30.4,5994
01:18:28,30,5996
01:18:30,30.5,5993
01:18:31,30.7,5993
01:18:32,30.2,5996
01:18:33,30.5,5991
01:18:35,30.4,5992
01:18:36,30,5992
01:18:37,30.4,5993
01:18:38,30.3,5995
01:18:39,30.5,5996
01:18:41,29.8,5996
01:18:42,30,5994
01:18:43,30.2,5993
01:18:44,30.7,5993
01:18:46,30.4,5993
01:18:47,30.3,5994
01:18:48,30,5994
01:18:49,30,5992
01:18:50,30,5990
01:18:52,30,5995
01:18:53,30.4,5995
01:18:54,29.7,5998
01:18:55,30,5997
01:18:57,30,5997
01:18:58,30.2,5995
01:18:59,30.7,5995
01:19:00,30,5993
01:19:01,30,5995
01:19:03,30.8,5993
01:19:04,30.3,5994
01:19:05,30.2,5994
01:19:06,30.7,5995
01:19:08,30.7,5995
01:19:09,30.3,5998
01:19:10,30.2,6000
01:19:11,30,5995
01:19:13,30.2,5995
01:19:14,30.2,5996
01:19:15,30.7,5995
01:19:16,30.4,5995
01:19:17,30.5,5995
01:19:19,30.7,6000
01:19:20,30.7,6000
01:19:21,30,6000
01:19:22,30.7,6000
01:19:24,30.2,6001
01:19:25,30.7,5999
01:19:26,30.4,5997
01:19:27,30.5,5998
01:19:28,30.5,5999
01:19:30,30,5997
01:19:31,30,6000
01:19:32,30.2,6000
01:19:33,30.3,6000
01:19:35,30,5999
01:19:36,30.3,5997
01:19:37,29.7,5996
01:19:38,30,5992
01:19:39,30,5992
01:19:41,30.2,5993
01:19:42,30.3,5994
01:19:43,30.2,5998
01:19:44,29.9,5999
01:19:46,30.3,6001
01:19:47,28.7,6000
01:19:48,30.7,6001
01:19:49,30.5,5999
01:19:50,30.3,5997
01:19:52,30.4,5997
01:19:53,30.3,5999
01:19:54,30.7,5999
01:19:55,30,5996
01:19:57,30.4,5991
01:19:58,30.3,5990
01:19:59,30,5991
01:20:00,30.3,5991
01:20:01,30.7,5988
01:20:03,30.3,5990
01:20:04,30,5991
01:20:05,30.5,5990
01:20:06,30.5,5990
01:20:08,30.2,5990
01:20:09,30.7,5996
01:20:10,30,5998
01:20:11,30.3,6000
01:20:12,30,6000
01:20:14,30.2,6002
01:20:15,29.7,6002
01:20:16,30,6001
01:20:17,30,6000
01:20:19,30.4,5998
01:20:20,30,6002
01:20:21,30.5,6003
01:20:22,30.5,6004
01:20:23,30.3,6004
01:20:25,30,6007
01:20:26,30.7,6007
01:20:27,30.5,6006
01:20:28,30.4,6006
01:20:30,30,6004
01:20:31,30.7,5996
01:20:32,30.1,5997
01:20:33,30,5995
01:20:34,30.4,5997
01:20:36,30.3,5997
01:20:37,30.5,5998
01:20:38,30,5997
01:20:39,30.5,5997
01:20:41,30,5998
01:20:42,30.4,5997
01:20:43,30.2,5996
01:20:44,30.3,5994
01:20:46,30.4,5996
01:20:47,30.7,5997
01:20:48,30,5997
01:20:49,30.7,6000
01:20:50,30,6000
01:20:52,30.3,5992
01:20:53,30.7,5993
01:20:54,30,5992
01:20:55,30.4,5991
01:20:57,31,5993
01:20:58,30.5,5994
01:20:59,30.4,5995
01:21:00,30.3,5995
01:21:01,30,5990
01:21:03,30.3,5989
01:21:04,30.3,5991
01:21:05,30.5,5992
01:21:06,30.2,5992
01:21:08,30,5992
01:21:09,30.2,5993
01:21:10,30,5993
01:21:11,30.2,5994
01:21:12,30.7,5994
01:21:14,30.7,5996
01:21:15,30.3,5996
01:21:16,30.3,5994
01:21:17,30,5994
01:21:19,30,5996
01:21:20,30.2,5998
01:21:21,30.7,5998
01:21:22,30,6000
01:21:23,30.4,6004
01:21:25,29.9,6005
01:21:26,30,6005
01:21:27,30,6006
01:21:28,30.4,6007
01:21:30,30,6008
01:21:31,30.4,6009
01:21:32,30.1,6009
01:21:33,30.3,6006
01:21:34,30,6006
01:21:36,30,6009
01:21:37,30,6008
01:21:38,30.3,6008
01:21:39,30.4,6008
01:21:41,30,6009
01:21:42,30.1,6011
01:21:43,29.9,6011
01:21:44,30.3,6010
01:21:45,30.4,6010
01:21:47,30.4,6010
01:21:48,30,6009
01:21:49,29.9,6002
01:21:50,30.3,6001
01:21:52,30.3,6000
01:21:53,30,6000
01:21:54,30.3,6001
01:21:55,30.3,6002
01:21:56,30.5,6001
01:21:58,30.7,6005
01:21:59,30.6,6003
01:22:00,30.2,6002
01:22:01,30.2,6002
01:22:03,30,6001
01:22:04,30.2,5998
01:22:05,30.7,5991
01:22:06,30,5985
01:22:07,30.7,5986
01:22:09,30.3,5988
01:22:10,30.2,5991
01:22:11,30.4,5991
01:22:12,30.2,5992
01:22:14,30.5,5993
01:22:15,30,5996
01:22:16,30.4,5996
01:22:17,30.5,5991
01:22:19,24.2,5994
01:22:20,30,5997
01:22:21,30.4,5998
01:22:22,30.4,5999
01:22:23,30.2,6000
01:22:25,30.3,6000
01:22:26,30,6001
01:22:27,30.7,5999
01:22:28,30.4,5999
01:22:30,30.7,6000
01:22:31,30.3,6001
01:22:32,30,5994
01:22:33,30.4,5997
01:22:34,30.4,5999
01:22:36,30.7,5996
01:22:37,30,5997
01:22:38,30.4,6000
01:22:39,29.9,6000
01:22:41,30.3,6001
01:22:42,30,6001
01:22:43,30.3,6002
01:22:44,30.3,6003
01:22:45,30.4,6003
01:22:47,30,6002
01:22:48,30,6002
01:22:49,30.4,6001
01:22:50,30,5995
01:22:52,30.4,5997
01:22:53,30.2,6001
01:22:54,30.3,6002
01:22:55,29.9,6004
01:22:56,30,6004
01:22:58,30.3,6002
01:22:59,30,6003
01:23:00,30.7,6004
01:23:01,30,5995
01:23:03,30.3,5996
01:23:04,29.7,5999
01:23:05,30,5999
01:23:06,30.4,5999
01:23:07,30.2,6001
01:23:09,29.9,6001
01:23:10,30,6002
01:23:11,30,6002
01:23:12,30.5,6003
01:23:14,30.7,6003
01:23:15,30.7,6004
01:23:16,30,6003
01:23:17,30,6004
01:23:18,30.3,6004
01:23:20,30.5,6006
01:23:21,30.7,6003
01:23:22,30.3,5998
01:23:23,30.4,6000
01:23:25,30.2,5998
01:23:26,30.1,5997
01:23:27,30,5996
01:23:28,29.7,5996
01:23:29,29.8,5997
01:23:31,30.7,6000
01:23:32,30,6001
01:23:33,30.2,5998
01:23:34,30,5999
01:23:36,30,5998
01:23:37,30,6002
01:23:38,27.6,6001
01:23:39,30,6001
01:23:40,30.3,5999
01:23:42,30.1,5998
01:23:43,30,5999
01:23:44,30.3,5999
01:23:45,30.3,5998
01:23:47,30.8,5997
01:23:48,30,5998
01:23:49,30,5997
01:23:50,30.5,5999
01:23:52,30,5998
01:23:53,30.4,5999
01:23:54,30.4,6002
01:23:55,30.3,6002
01:23:56,30,6001
01:23:58,30,5995
01:23:59,30.3,5995
01:24:00,30.4,5991
01:24:01,30,5989
01:24:03,30,5990
01:24:04,30.4,5990
01:24:05,30.2,5991
01:24:06,30.7,5992
01:24:07,30.2,5992
01:24:09,30.4,5993
01:24:10,30.2,5987
01:24:11,30.4,5990
01:24:12,30,5990
01:24:14,30.5,5986
01:24:15,30,5990
01:24:16,30.4,5992
01:24:17,30.2,5992
01:24:18,30.2,5992
01:24:20,30.4,5990
01:24:21,29.9,5988
01:24:22,27.6,5990
01:24:23,30.5,5985
01:24:25,30,5989
01:24:26,30,5990
01:24:27,30.2,5992
01:24:28,30.7,5993
01:24:29,30.7,5991
01:24:31,30.2,5995
01:24:32,29.6,5996
01:24:33,30.7,6000
01:24:34,30.4,6000
01:24:36,30,6000
01:24:37,30.3,5999
01:24:38,30.3,6001
01:24:39,30.2,6002
01:24:40,29.9,6002
01:24:42,30.4,6003
01:24:43,30.3,6002
01:24:44,30.5,6002
01:24:45,30.5,6001
01:24:47,30.4,6001
01:24:48,30.3,6000
01:24:49,30.2,6000
01:24:50,30,6002
01:24:51,30.4,6001
01:24:53,30.5,6000
01:24:54,30,6000
01:24:55,30,5999
01:24:56,30.2,6000
01:24:58,30.3,6000
01:24:59,30.2,6000
01:25:00,30,6003
01:25:01,30.5,6002
01:25:02,30.5,6002
01:25:04,30.3,6001
01:25:05,30,5999
01:25:06,30.3,5994
01:25:07,30.7,5994
01:25:09,29.8,5992
01:25:10,30.2,5993
01:25:11,30.7,5991
01:25:12,30,5996
01:25:14,30.2,5996
01:25:15,30.3,5997
01:25:16,29.8,6000
01:25:17,30.5,6001
01:25:18,30.3,6002
01:25:20,30.5,6002
01:25:21,29.9,6002
01:25:22,30,5997
01:25:23,30.3,5995
01:25:25,30.2,5994
01:25:26,30.2,5993
01:25:27,30,5995
01:25:28,30,5995
01:25:29,29.9,5995
01:25:31,30.4,5997
01:25:32,30.2,5999
01:25:33,30.1,6003
01:25:34,30,6002
01:25:36,30.7,6002
01:25:37,30.1,6003
01:25:38,30.2,6003
01:25:39,30.5,6003
01:25:40,30.2,6001
01:25:42,30,6000
01:25:43,30,6000
01:25:44,30.1,6001
01:25:45,30.3,6001
01:25:47,30.3,5997
01:25:48,30.1,5995
01:25:49,30,5995
01:25:50,30.5,5995
01:25:51,30.3,5993
01:25:53,30.1,5991
01:25:54,30,5994
01:25:55,30.5,5994
01:25:56,30.4,5995
01:25:58,30,5996
01:25:59,30,5997
01:26:00,30.2,5997
01:26:01,30.7,5997
01:26:02,30.3,5997
01:26:04,29.9,5995
01:26:05,30,5996
01:26:06,30.7,5995
01:26:07,30.3,6000
01:26:09,30.5,6000
01:26:10,30.5,6002
01:26:11,30.2,6001
01:26:12,30.4,6001
01:26:13,30.1,6000
01:26:15,30.3,5999
01:26:16,30.7,6000
01:26:17,30.3,6000
01:26:18,30.7,6001
01:26:20,30.5,5999
01:26:21,30.4,5998
01:26:22,30,5997
01:26:23,30.3,5996
01:26:24,30.7,5998
01:26:26,30,5998
01:26:27,30.3,5994
01:26:28,30.3,5992
01:26:29,30.7,5994
01:26:31,30.3,5995
01:26:32,30.5,5992
01:26:33,30.3,5992
01:26:34,30,5995
01:26:35,30.2,5998
01:26:37,30.3,5999
01:26:38,30,5996
01:26:39,30.2,5998
01:26:40,30.4,5998
01:26:42,30,5999
01:26:43,30,6001
01:26:44,30.8,5998
01:26:45,30.2,5993
01:26:46,30.4,5993
01:26:48,30.5,5994
01:26:49,30.5,5995
01:26:50,30,5998
01:26:51,29.7,5995
01:26:53,29.9,5995
01:26:54,30.7,5994
01:26:55,30,5998
01:26:56,30.4,5999
01:26:58,30.4,6000
01:26:59,30.2,5999
01:27:00,30.7,6000
01:27:01,26.2,5994
01:27:02,30.1,5995
01:27:04,30,5996
01:27:05,30,5993
01:27:06,30.3,5996
01:27:07,29.9,5998
01:27:09,30.2,5996
01:27:10,30.3,5995
01:27:11,30.5,5989
01:27:12,30,5990
01:27:14,30.4,5984
01:27:15,30.4,5987
01:27:16,30,5989
01:27:17,30.1,5988
01:27:19,30.3,5987
01:27:20,30.7,5987
01:27:21,30.3,5986
01:27:22,30,5987
01:27:23,30,5989
01:27:25,30.3,5989
01:27:26,30.4,5989
01:27:27,29.9,5989
01:27:28,30.3,5987
01:27:30,30.7,5986
01:27:31,30.3,5981
01:27:32,30.3,5981
01:27:33,30.2,5986
01:27:34,30.2,5986
01:27:36,29.9,5985
01:27:37,30.7,5985
01:27:38,29.7,5989
01:27:39,30.1,5990
01:27:41,30.2,5986
01:27:42,30.4,5991
01:27:43,29.8,5985
01:27:44,30.2,5988
01:27:45,30.4,5989
01:27:47,30.4,5989
01:27:48,30.1,5990
01:27:49,30.7,5991
01:27:50,30.2,5992
01:27:52,30.7,5990
01:27:53,30.5,5990
01:27:54,30.3,5993
01:27:55,29.9,5995
01:27:56,30.4,5994
01:27:58,30,5993
01:27:59,30.5,5995
01:28:00,30,5997
01:28:01,30.3,5997
01:28:03,30.4,5997
01:28:04,30.4,5998
01:28:05,30,6001
01:28:06,30,6001
01:28:07,30.3,6004
01:28:09,30.3,6005
01:28:10,30.4,6003
01:28:11,30.3,6003
01:28:12,30.4,6003
01:28:14,30.3,6004
01:28:15,30.2,6003
01:28:16,30.4,6005
01:28:17,30,6005
01:28:18,30.2,6004
01:28:20,30.2,6003
01:28:21,30.7,6001
01:28:22,30,6000
01:28:23,30,5999
01:28:25,30.3,6000
01:28:26,30.7,5999
01:28:27,30.2,6000
01:28:28,30.2,6001
01:28:29,30,5998
01:28:31,30.4,5999
01:28:32,30.4,6001
01:28:33,30.3,6003
01:28:34,30.5,6003
01:28:36,30.5,6001
01:28:37,30.3,6002
01:28:38,30.5,5993
01:28:39,30,5996
01:28:40,30.3,5997
01:28:42,30.4,6001
01:28:43,29.9,6002
01:28:44,30.5,6003
01:28:45,30.7,6004
01:28:47,30.4,6005
01:28:48,30.2,6006
01:28:49,30.1,6006
01:28:50,30.4,6005
01:28:52,30.4,6005
01:28:53,30.3,6006
01:28:54,30.3,6005
01:28:55,30,6002
01:28:56,30.3,6000
01:28:58,29.9,6000
01:28:59,30,5995
01:29:00,29.9,5994
01:29:01,30.5,5993
01:29:03,29.7,5994
01:29:04,30.3,5994
01:29:05,30,5996
01:29:06,30.3,5996
01:29:07,30,5995
01:29:09,30.2,5989
01:29:10,30.4,5988
01:29:11,30,5985
01:29:12,30.3,5987
01:29:14,30.2,5988
01:29:15,30.3,5989
01:29:16,30.3,5989
01:29:17,30.4,5990
01:29:18,30.7,5991
01:29:20,30.2,5993
01:29:21,30.7,5993
01:29:22,30.3,5993
01:29:23,30.2,5994
01:29:25,30,5995
01:29:26,30.5,5994
01:29:27,30.3,5995
01:29:28,30.7,5995
01:29:29,30,5995
01:29:31,30.4,5995
01:29:32,30.2,5995
01:29:33,29.9,5996
01:29:34,30.4,5996
01:29:36,30.3,5996
01:29:37,27.7,5998
01:29:38,30.7,5996
01:29:39,30.4,5997
01:29:40,30.3,5999
01:29:42,30.1,5997
01:29:43,30.5,5999
01:29:44,30.1,5999
01:29:45,30,6000
01:29:47,30,6000
01:29:48,30,6000
01:29:49,30,6004
01:29:50,30.2,6003
01:29:51,30,6002
01:29:53,30.3,6002
01:29:54,30.7,5999
01:29:55,30.2,5994
01:29:56,30.3,5996
01:29:58,30,5997
01:29:59,30.4,5997
01:30:00,29.7,5998
01:30:01,30.4,6000
01:30:03,29.9,5999
01:30:04,30,6000
01:30:05,30.2,6000
01:30:06,30.3,5999
01:30:07,30.2,5999
01:30:09,30.5,6000
01:30:10,30.7,6003
01:30:11,30.4,6002
01:30:12,30.2,6001
01:30:14,30.7,5998
01:30:15,30.3,5997
01:30:16,29.9,5999
01:30:17,30,5998
01:30:18,30.5,5998
01:30:20,30.5,5997
01:30:21,30.2,5997
01:30:22,30.7,6001
01:30:23,30.4,6001
01:30:25,30.5,5999
01:30:26,30.3,6002
01:30:27,30.5,6003
01:30:28,30.5,5996
01:30:29,30.3,5995
01:30:31,30.2,5995
01:30:32,30.3,5995
01:30:33,29.9,5996
01:30:34,30.7,5996
01:30:36,30.2,5998
01:30:37,30.3,6001
01:30:38,30.4,6003
01:30:39,30.5,5994
01:30:40,30.3,5996
01:30:42,30.1,5998
01:30:43,30.3,5996
01:30:44,30.5,5997
01:30:45,30.4,5990
01:30:47,29.9,5992
01:30:48,29.9,5992
01:30:49,30.4,5991
01:30:50,29.7,5990
01:30:51,30.4,5992
01:30:53,30,5994
01:30:54,30.2,5996
01:30:55,30.4,6001
01:30:56,30.3,6002
01:30:58,30.4,6003
01:30:59,30.6,6002
01:31:00,30,6002
01:31:01,30,6005
01:31:02,30.5,6005
01:31:04,30.3,6005
01:31:05,30.2,6006
01:31:06,30.2,6006
01:31:07,30.4,6004
01:31:09,30,5999
01:31:10,30.3,6000
01:31:11,30.3,6000
01:31:12,30.3,6000
01:31:13,29.9,6002
01:31:15,30,5999
01:31:16,29.9,5999
01:31:17,30.3,6000
01:31:18,30.3,5999
01:31:20,30.1,6000
01:31:21,30.2,6000
01:31:22,30,6001
01:31:23,30.3,6003
01:31:25,30.2,6004
01:31:26,30.3,6004
01:31:27,30.4,6004
01:31:28,30.2,6005
01:31:29,30,6005
01:31:31,30.7,6003
01:31:32,30.3,6005
01:31:33,29.8,6004
01:31:34,30,6005
01:31:36,30.5,6001
01:31:37,30.2,6002
01:31:38,30,6004
01:31:39,30,6006
01:31:40,30,6007
01:31:42,30.4,6006
01:31:43,30.2,6006
01:31:44,30.7,6005
01:31:45,30,6005
01:31:47,30.2,6006
01:31:48,30.2,6007
01:31:49,30.2,6010
01:31:50,30.7,6009
01:31:51,30.3,6009
01:31:53,30.3,6008
01:31:54,30,6007
01:31:55,30,6006
01:31:56,30.3,6004
01:31:58,30.3,6003
01:31:59,30.4,6005
01:32:00,30.3,6007
01:32:01,30.2,6009
01:32:02,30.2,6010
01:32:04,30.4,6008
01:32:05,30.3,6009
01:32:06,30.4,6009
01:32:07,30.3,6009
01:32:09,30.5,6008
01:32:10,30.4,6008
01:32:11,30.5,6010
01:32:12,30,6010
01:32:13,30,6009
01:32:15,30,6009
01:32:16,30.4,6008
01:32:17,30.7,6003
01:32:18,30.4,6000
01:32:20,30.2,5999
01:32:21,30.7,5999
01:32:22,30.2,6001
01:32:23,30.3,6001
01:32:24,30.7,6002
01:32:26,30.3,6002
01:32:27,30.5,6001
01:32:28,30,6004
01:32:29,30,6003
01:32:31,30.3,6004
01:32:32,30.3,6006
01:32:33,30.8,6008
01:32:34,30.5,6011
01:32:35,30.4,6007
01:32:37,30,6008
01:32:38,30.5,6007
01:32:39,30,6004
01:32:40,30.3,6004
01:32:42,30.3,6004
01:32:43,30,6003
01:32:44,30.1,6003
01:32:45,30.7,5998
01:32:47,30.2,5998
01:32:48,30.5,6000
01:32:49,30,5999
01:32:50,30.5,5999
01:32:51,30.3,5999
01:32:53,30.1,5998
01:32:54,30.4,6002
01:32:55,30.5,6002
01:32:56,30.7,6003
01:32:58,30.4,6005
01:32:59,30.2,6006
01:33:00,30.2,6007
01:33:01,30.3,6007
01:33:02,30.4,6008
01:33:04,30.3,6009
01:33:05,30.2,6009
01:33:06,30.4,6002
01:33:07,30.3,6003
01:33:09,30.7,6003
01:33:10,30.3,6004
01:33:11,30.2,6003
01:33:12,30,5998
01:33:13,24.8,6000
01:33:15,30,6001
01:33:16,30,6003
01:33:17,30.7,6004
01:33:18,30.4,6005
01:33:20,30,6005
01:33:21,30,6005
01:33:22,30.4,6006
01:33:23,30.5,6008
01:33:24,30.4,6008
01:33:26,30,6008
01:33:27,30,6010
01:33:28,29.9,6011
01:33:29,30.3,6012
01:33:31,30.7,6011
01:33:32,30.4,6011
01:33:33,30.4,6011
01:33:34,30,6009
01:33:35,30.1,6002
01:33:37,30,6001
01:33:38,30.4,6001
01:33:39,30.4,6000
01:33:40,30.7,6001
01:33:42,29.9,6002
01:33:43,30.7,6001
01:33:44,30.3,6001
01:33:45,30.2,6001
01:33:46,30.4,6001
01:33:48,30.4,6001
01:33:49,30.7,6002
01:33:50,30.3,6001
01:33:51,29.9,6002
01:33:53,30.7,6001
01:33:54,30,6001
01:33:55,30.3,5998
01:33:56,30,5994
01:33:57,30.2,5994
01:33:59,30,5994
01:34:00,30.7,5999
01:34:01,30.2,5999
01:34:02,30.2,6000
01:34:04,30.7,6000
01:34:05,30.5,6001
01:34:06,30.6,6000
01:34:07,30.3,6004
01:34:09,30.4,6007
01:34:10,30.3,6010
01:34:11,30.2,6010
01:34:12,29.9,6009
01:34:13,30.2,6010
01:34:15,30.3,6010
01:34:16,30.3,6010
01:34:17,30.3,6010
01:34:18,29.9,6009
01:34:20,30.5,6009
01:34:21,30.7,6011
01:34:22,30.5,6008
01:34:23,29.9,6009
01:34:24,30.3,6008
01:34:26,30.7,6007
01:34:27,30.2,6003
01:34:28,30.4,6004
01:34:29,30.6,5998
01:34:31,24.2,5994
01:34:32,29.9,5994
01:34:33,30.2,5994
01:34:34,30.7,5994
01:34:35,30.7,6000
01:34:37,30.4,6002
01:34:38,30,6004
01:34:39,30.3,6003
01:34:40,30,6003
01:34:42,30.8,6002
01:34:43,30.7,6003
01:34:44,30,6005
01:34:45,30,6005
01:34:46,30.1,6002
01:34:48,30.3,6000
01:34:49,30.2,5997
01:34:50,30.2,5999
01:34:51,30.3,6000
01:34:53,30.7,6002
01:34:54,30.3,6004
01:34:55,30,6006
01:34:56,30.1,6006
01:34:57,30.5,6007
01:34:59,30.4,6006
01:35:00,30.4,6007
01:35:01,30.4,6004
01:35:02,30,6005
01:35:04,30.3,6004
01:35:05,30.2,6001
01:35:06,30.5,6002
01:35:07,30.2,5994
01:35:08,30,5994
01:35:10,30.4,5995
01:35:11,30.2,5998
01:35:12,30,5997
01:35:13,30.7,5997
01:35:15,30.3,5994
01:35:16,30.4,5996
01:35:17,30.4,5995
01:35:18,30.2,5994
01:35:19,30,5995
01:35:21,30,5994
01:35:22,30,5996
01:35:23,30.5,5998
01:35:24,30.7,5995
01:35:26,30.4,5995
01:35:27,30.2,5996
01:35:28,30.3,5998
01:35:29,30.3,5997
01:35:31,30.3,5999
01:35:32,30.3,5999
01:35:33,30.2,6002
01:35:34,30.5,6002
01:35:35,30.4,6004
01:35:37,30.2,6002
01:35:38,30.4,6004
01:35:39,30.4,6006
01:35:40,30.4,5995
01:35:42,30.7,5991
01:35:43,30.3,5992
01:35:44,30.2,5993
01:35:45,30,5994
01:35:46,30.5,5995
01:35:48,30.3,5998
01:35:49,30.2,5999
01:35:50,30.3,6000
01:35:51,30,5999
01:35:53,30.3,6000
01:35:54,29.9,6000
01:35:55,30,6001
01:35:56,30.5,5998
01:35:57,30,6003
01:35:59,30.5,6004
01:36:00,30.3,6007
01:36:01,30.3,6006
01:36:02,30.4,6006
01:36:04,30.2,6009
01:36:05,30.7,6008
01:36:06,30,6007
01:36:07,30.7,6008
01:36:08,30.3,6009
01:36:10,30.7,6008
01:36:11,30.3,6009
01:36:12,30.4,6008
01:36:13,30.2,5997
01:36:15,29.9,5997
01:36:16,30,5997
01:36:17,30.5,5996
01:36:18,30.4,5997
01:36:19,30.1,5995
01:36:21,30.3,5994
01:36:22,30,5996
01:36:23,30.2,5997
01:36:24,30.2,6000
01:36:26,30.3,6000
01:36:27,30.4,5995
01:36:28,30.5,5994
01:36:29,30,5993
01:36:30,30.4,5992
01:36:32,30.7,5993
01:36:33,30,5994
01:36:34,30.4,5995
01:36:35,30,5995
01:36:37,30.5,5995
01:36:38,29.9,5994
01:36:39,30.3,5988
01:36:40,30,5991
01:36:41,29.7,5993
01:36:43,30.7,5995
01:36:44,29.9,5996
01:36:45,30,5997
01:36:46,30.4,5997
01:36:48,30,5998
01:36:49,30.2,6001
01:36:50,30.4,6005
01:36:51,30.3,6005
01:36:53,30,6005
01:36:54,30.1,6003
01:36:55,30.3,6004
01:36:56,30,6004
01:36:57,30.4,6003
01:36:59,30.2,6000
01:37:00,30.2,6000
01:37:01,30.4,6000
01:37:02,30,6001
01:37:04,30,5997
01:37:05,30.5,5998
01:37:06,30,6000
01:37:07,30.1,6002
01:37:08,30.2,6005
01:37:10,30.4,6005
01:37:11,29.8,6005
01:37:12,30.3,6005
01:37:13,30.4,6004
01:37:15,30,6002
01:37:16,30,6001
01:37:17,30.2,6004
01:37:18,30.1,6003
01:37:19,30.1,6006
01:37:21,30,6004
01:37:22,29.8,6002
01:37:23,30,6002
01:37:24,30.2,6005
01:37:26,30.7,6004
01:37:27,30.3,6003
01:37:28,30.4,6002
01:37:29,30.3,6001
01:37:30,30,6004
01:37:32,30.3,6004
01:37:33,30,6004
01:37:34,30,6005
01:37:35,30,6002
01:37:37,30,6002
01:37:38,30.3,6002
01:37:39,30.3,5997
01:37:40,30.4,5998
01:37:41,30.7,6000
01:37:43,30.2,6000
01:37:44,30,6002
01:37:45,30,6001
01:37:46,30,5999
01:37:48,30.2,6000
01:37:49,30.4,6001
01:37:50,30,5995
01:37:51,30.2,5996
01:37:52,30.7,5997
01:37:54,30.7,6000
01:37:55,30.7,6000
01:37:56,30,5998
01:37:57,30.5,6000
01:37:59,30.8,5997
01:38:00,29.7,5998
01:38:01,30,5999
01:38:02,30.7,5999
01:38:03,30.2,6001
01:38:05,30,6001
01:38:06,30.4,6002
01:38:07,30.7,6003
01:38:08,30.5,5998
01:38:10,30.3,5998
01:38:11,30.5,5999
01:38:12,30.6,5997
01:38:13,30,5995
01:38:14,30,5996
01:38:16,30.2,5995
01:38:17,30.3,5995
01:38:18,30,5990
01:38:19,30.5,5995
01:38:21,30.5,5995
01:38:22,30.2,5996
01:38:23,30.7,5998
01:38:24,30.1,5993
01:38:25,30,5991
01:38:27,30.6,5992
01:38:28,30,5993
01:38:29,30.3,5989
01:38:30,29.9,5990
01:38:32,30.7,5989
01:38:33,29.9,5989
01:38:34,30.7,5990
01:38:35,30,5989
01:38:37,30.4,5990
01:38:38,30.4,5989
01:38:39,30.4,5989
01:38:40,30.2,5989
01:38:41,30.2,5982
01:38:43,30.3,5981
01:38:44,30.5,5984
01:38:45,30.4,5981
01:38:46,30.5,5979
01:38:48,30.3,5980
01:38:49,29.9,5981
01:38:50,30.8,5976
01:38:51,30.4,5976
01:38:52,30.2,5979
01:38:54,30.3,5975
01:38:55,30,5975
01:38:56,30.1,5975
01:38:57,30.3,5978
01:38:59,30.5,5977
01:39:00,30,5977
01:39:01,30.2,5976
01:39:02,30.4,5976
01:39:03,29.8,5976
01:39:05,30.5,5977
01:39:06,30.5,5980
01:39:07,29.9,5984
