timestamp,model,cpu_temp,ram_used_mb,scaling_cur_freq,prefill_tps,decode_tps,prefill_dur_s,decode_dur_s
1785708546,deepseek-v2:lite,26.0,1097,800292,36.62,20.04,.546017,19.008825
1785708612,deepseek-v2:lite,28.0,10863,800000,370.48,19.91,.053983,18.725779
1785708631,deepseek-v2:lite,31.0,10851,802222,412.03,20.09,.048539,18.018727
1785708649,deepseek-v2:lite,32.0,10853,800800,415.91,19.96,.048086,21.031952
1785708671,deepseek-v2:lite,32.0,10858,798728,450.15,19.62,.044429,19.973908
1785708691,deepseek-v2:lite,32.0,10861,800000,431.10,19.84,.046392,15.719693
1785708707,deepseek-v2:lite,32.0,10869,798481,373.35,19.50,.053568,29.578175
1785708737,deepseek-v2:lite,32.0,10866,1478113,368.86,19.80,.054220,21.258664
1785708759,deepseek-v2:lite,32.0,10866,1602523,368.15,19.62,.054325,22.622913
1785708782,deepseek-v2:lite,31.0,10867,1402089,366.19,19.89,.054615,17.086572
1785708799,deepseek-v2:lite,32.0,10867,1811538,405.14,20.17,.049365,20.275151
1785708820,deepseek-v2:lite,32.0,10869,799982,402.44,20.04,.049696,19.659350
1785708840,deepseek-v2:lite,32.0,10868,799284,373.23,20.88,.053586,9.289177
1785708850,deepseek-v2:lite,32.0,10862,799073,395.26,19.52,.050599,24.531755
1785708874,deepseek-v2:lite,32.0,10866,800000,414.72,19.38,.048224,22.854555
1785708898,deepseek-v2:lite,32.0,10867,1500000,396.66,19.48,.050420,23.552749
1785708922,deepseek-v2:lite,31.0,10867,800000,408.64,19.51,.048942,23.721582
1785708946,deepseek-v2:lite,29.0,10873,1737068,379.38,20.37,.052716,7.949628
1785708954,deepseek-v2:lite,31.0,10869,1365651,375.51,19.72,.053259,20.281839
1785708975,deepseek-v2:lite,32.0,10878,800880,372.95,19.46,.053626,29.694914
1785709005,deepseek-v2:lite,32.0,10869,798992,375.17,20.06,.053308,19.085549
1785709024,deepseek-v2:lite,32.0,10873,800000,373.98,19.70,.053478,19.890086
1785709044,deepseek-v2:lite,32.0,10879,1783427,378.85,19.56,.052790,16.099673
1785709061,deepseek-v2:lite,31.0,10875,1486698,368.09,20.20,.054333,14.306104
1785709076,deepseek-v2:lite,32.0,10876,800410,378.51,19.57,.052838,21.662303
1785709098,deepseek-v2:lite,32.0,10872,801513,415.97,19.34,.048079,26.572839
1785709125,deepseek-v2:lite,32.0,10872,826624,379.35,19.87,.052720,14.795822
1785709140,deepseek-v2:lite,29.0,10875,799568,366.12,19.88,.054626,16.641536
1785709157,deepseek-v2:lite,32.0,10875,801376,408.12,19.58,.049005,20.067562
1785709177,deepseek-v2:lite,29.0,10867,811312,398.85,19.45,.050143,21.840561
1785709199,deepseek-v2:lite,32.0,10880,799441,431.56,19.23,.046342,25.368538
1785709225,deepseek-v2:lite,32.0,10876,1866472,408.52,19.25,.048956,24.715075
1785709250,deepseek-v2:lite,31.0,10872,800000,411.48,19.50,.048604,24.403357
1785709275,deepseek-v2:lite,31.0,10880,801250,408.45,19.76,.048964,20.089677
1785709295,deepseek-v2:lite,32.0,10876,800383,376.36,19.91,.053140,19.586170
1785709315,deepseek-v2:lite,32.0,10872,867188,389.34,19.27,.051367,30.510556
1785709346,deepseek-v2:lite,32.0,10883,840406,379.04,19.11,.052764,33.279881
1785709380,deepseek-v2:lite,32.0,10886,800000,367.03,20.05,.054490,18.447109
1785709399,deepseek-v2:lite,32.0,10878,1499030,401.89,19.50,.049764,22.664210
1785709422,deepseek-v2:lite,32.0,10890,802580,372.49,19.64,.053692,22.704554
1785709445,deepseek-v2:lite,32.0,10878,800000,382.67,19.82,.052264,16.443009
1785709462,deepseek-v2:lite,32.0,10880,797534,388.05,19.42,.051539,24.189471
1785709486,deepseek-v2:lite,32.0,10886,799954,423.70,19.82,.047202,18.565137
1785709505,deepseek-v2:lite,32.0,10872,801212,378.40,20.08,.052852,18.173135
1785709524,deepseek-v2:lite,32.0,10876,800000,389.62,19.91,.051331,17.176516
1785709541,deepseek-v2:lite,32.0,10886,2087399,398.42,19.78,.050198,20.221167
1785709562,deepseek-v2:lite,29.0,10884,800000,367.69,19.27,.054393,28.944018
1785709591,deepseek-v2:lite,32.0,10888,997813,401.20,19.67,.049849,18.653820
1785709610,deepseek-v2:lite,32.0,10898,1218546,475.66,19.58,.042046,21.544360
1785709632,deepseek-v2:lite,32.0,10895,999569,421.88,19.06,.047406,34.089106
1785709667,deepseek-v2:lite,32.0,10886,802035,372.02,19.69,.053760,18.994058
1785709686,deepseek-v2:lite,32.0,10885,799634,372.00,19.72,.053762,20.174714
1785709706,deepseek-v2:lite,32.0,10884,798650,414.96,19.51,.048196,22.030140
1785709729,deepseek-v2:lite,32.0,10886,800371,371.58,19.81,.053822,21.899910
1785709751,deepseek-v2:lite,32.0,10893,786562,360.72,19.73,.055443,18.192830
1785709770,deepseek-v2:lite,32.0,10886,800000,417.55,19.92,.047897,13.551483
1785709784,deepseek-v2:lite,30.0,10887,974976,420.01,19.51,.047617,24.393885
1785709808,deepseek-v2:lite,32.0,10885,1600000,350.74,19.70,.057021,21.622900
1785709830,deepseek-v2:lite,32.0,10894,801186,366.49,19.99,.054571,15.504229
1785709846,deepseek-v2:lite,29.0,10885,913426,425.18,18.99,.047038,34.476180
1785709881,deepseek-v2:lite,32.0,10894,2100000,382.21,19.42,.052326,23.477863
1785709905,deepseek-v2:lite,32.0,10879,1000000,385.43,19.57,.051889,21.096976
1785709926,deepseek-v2:lite,32.0,10885,798724,371.69,19.38,.053807,26.825500
1785709954,deepseek-v2:lite,32.0,10883,800000,375.76,19.14,.053224,30.196396
1785709984,deepseek-v2:lite,32.0,10892,1762725,363.93,19.35,.054955,24.184698
1785710009,deepseek-v2:lite,32.0,10896,798742,429.46,19.60,.046569,21.572798
1785710031,deepseek-v2:lite,32.0,10896,830703,375.03,19.66,.053328,20.342090
1785710051,deepseek-v2:lite,32.0,10886,800000,402.69,19.18,.049665,28.609270
1785710080,deepseek-v2:lite,31.0,10888,800000,383.11,19.65,.052203,15.668920
1785710096,deepseek-v2:lite,32.0,10895,2100000,362.28,19.65,.055204,21.777521
1785710118,deepseek-v2:lite,32.0,10899,799342,374.06,19.58,.053466,29.967828
1785710149,deepseek-v2:lite,32.0,10887,799541,427.92,19.92,.046737,21.782646
1785710171,deepseek-v2:lite,32.0,10893,1517903,358.83,19.63,.055736,19.349052
1785710191,deepseek-v2:lite,32.0,10883,1057655,377.43,19.64,.052989,22.959065
1785710214,deepseek-v2:lite,29.0,10890,800000,396.97,19.29,.050381,28.453383
1785710243,deepseek-v2:lite,32.0,10891,800000,390.60,19.77,.051203,17.899784
1785710261,deepseek-v2:lite,32.0,10892,1348219,388.20,19.90,.051519,16.078750
1785710278,deepseek-v2:lite,32.0,10886,800000,395.05,19.45,.050625,30.379031
1785710308,deepseek-v2:lite,32.0,10880,800000,386.75,19.49,.051712,22.260345
1785710331,deepseek-v2:lite,32.0,10873,797241,396.31,19.62,.050464,23.495890
1785710355,deepseek-v2:lite,29.0,10875,800000,387.52,19.66,.051609,20.294372
1785710375,deepseek-v2:lite,32.0,10893,1774397,354.03,19.94,.056492,21.508290
1785710397,deepseek-v2:lite,32.0,10887,801902,413.63,19.58,.048351,18.786692
1785710416,deepseek-v2:lite,32.0,10893,798703,478.19,19.73,.041823,18.595907
1785710435,deepseek-v2:lite,30.0,10894,801049,441.52,19.68,.045298,17.218993
1785710453,deepseek-v2:lite,32.0,10895,2034615,378.19,19.07,.052882,31.093792
1785710484,deepseek-v2:lite,32.0,10889,800420,413.38,19.51,.048381,23.719669
1785710509,deepseek-v2:lite,32.0,10901,800000,429.14,19.47,.046604,23.159947
1785710532,deepseek-v2:lite,32.0,10899,800165,407.98,19.76,.049021,14.770218
1785710547,deepseek-v2:lite,32.0,10898,1711879,404.59,19.85,.049432,12.846282
1785710560,deepseek-v2:lite,32.0,10898,800000,415.81,19.75,.048098,19.540136
1785710580,deepseek-v2:lite,32.0,10898,799673,396.14,19.94,.050486,22.713381
1785710603,deepseek-v2:lite,32.0,10892,1600000,376.66,19.38,.053097,26.566016
1785710630,deepseek-v2:lite,31.0,10891,800000,432.59,19.60,.046232,24.539106
1785710655,deepseek-v2:lite,32.0,10893,800000,363.03,19.52,.055090,26.688993
1785710682,deepseek-v2:lite,29.0,10892,943056,379.27,19.27,.052731,27.285286
1785710710,deepseek-v2:lite,32.0,10896,1061132,399.12,19.65,.050109,24.068053
1785710734,deepseek-v2:lite,31.0,10892,817077,371.90,19.29,.053777,29.178828
1785710764,deepseek-v2:lite,32.0,10878,800000,406.51,19.70,.049198,21.158414
1785710786,deepseek-v2:lite,31.0,10887,1100000,432.61,19.39,.046230,25.883176
1785710812,deepseek-v2:lite,32.0,10891,800000,430.58,19.63,.046448,19.656730
1785710832,deepseek-v2:lite,31.0,10895,800000,408.28,19.39,.048985,24.127316
1785710856,deepseek-v2:lite,31.0,10901,799665,371.58,19.35,.053823,27.183120
1785710884,deepseek-v2:lite,32.0,10891,1346827,373.54,19.96,.053540,19.637704
1785710904,deepseek-v2:lite,32.0,10896,1588954,397.93,19.51,.050259,26.076538
1785710930,deepseek-v2:lite,32.0,10889,799249,382.89,19.59,.052233,20.718421
1785710951,deepseek-v2:lite,32.0,10896,1000523,364.98,19.11,.054796,30.128343
1785710982,deepseek-v2:lite,32.0,10890,801449,384.83,18.74,.051970,38.420171
1785711021,deepseek-v2:lite,32.0,10891,2082039,380.98,19.39,.052495,27.538091
1785711049,deepseek-v2:lite,32.0,10890,997298,389.50,19.32,.051347,26.446250
1785711076,deepseek-v2:lite,32.0,10888,799270,358.60,19.22,.055771,31.472710
1785711108,deepseek-v2:lite,32.0,10899,800000,397.54,19.54,.050309,21.791585
1785711130,deepseek-v2:lite,32.0,10904,1591807,389.68,19.38,.051323,26.095997
1785711156,deepseek-v2:lite,32.0,10908,800405,380.92,19.14,.052504,30.449736
1785711187,deepseek-v2:lite,31.0,10897,774951,415.56,19.17,.048127,31.024354
1785711218,deepseek-v2:lite,32.0,10898,1101669,384.80,19.86,.051973,21.093842
1785711240,deepseek-v2:lite,32.0,10885,800000,400.03,19.77,.049995,21.642602
1785711262,deepseek-v2:lite,32.0,10909,802580,403.95,19.22,.049510,31.529215
1785711294,deepseek-v2:lite,28.0,10900,800000,408.18,19.11,.048997,37.414789
1785711332,deepseek-v2:lite,32.0,10903,797697,404.72,20.18,.049416,14.268711
1785711346,deepseek-v2:lite,32.0,10899,1906042,389.56,19.57,.051339,26.664942
1785711373,deepseek-v2:lite,32.0,10895,801134,420.03,19.48,.047614,25.917589
1785711400,deepseek-v2:lite,31.0,10901,883805,366.96,20.22,.054501,9.050174
1785711409,deepseek-v2:lite,32.0,10904,1759854,437.07,19.74,.045758,22.588289
1785711432,deepseek-v2:lite,30.0,10905,1487308,375.07,19.61,.053323,21.671828
1785711454,deepseek-v2:lite,31.0,10895,1034275,375.60,20.13,.053247,19.422274
1785711474,deepseek-v2:lite,32.0,10901,801217,375.88,19.63,.053208,18.890652
1785711493,deepseek-v2:lite,32.0,10910,800236,380.10,19.77,.052616,18.351940
1785711512,deepseek-v2:lite,32.0,10896,800393,402.40,19.56,.049701,24.538337
1785711537,deepseek-v2:lite,32.0,10892,1088083,397.38,19.91,.050328,26.506062
1785711564,deepseek-v2:lite,29.0,10898,1071738,432.44,19.84,.046249,25.296832
1785711589,deepseek-v2:lite,29.0,10894,800000,396.42,19.98,.050450,19.162448
1785711609,deepseek-v2:lite,32.0,10884,1276788,414.83,19.49,.048212,25.549011
1785711635,deepseek-v2:lite,29.0,10924,1764164,370.52,19.91,.053978,21.294905
1785711656,deepseek-v2:lite,32.0,10926,1200000,433.05,19.74,.046183,20.108585
1785711677,deepseek-v2:lite,32.0,10934,798119,411.41,20.18,.048612,14.859019
1785711692,deepseek-v2:lite,32.0,10929,768598,491.34,19.52,.040704,24.179860
1785711717,deepseek-v2:lite,30.0,10934,802342,398.41,19.52,.050199,24.072481
1785711741,deepseek-v2:lite,31.0,10930,1401191,496.53,19.58,.040278,26.086533
1785711768,deepseek-v2:lite,32.0,10908,800000,435.17,19.51,.045958,23.731091
1785711792,deepseek-v2:lite,31.0,10903,800000,380.97,19.24,.052496,26.547791
1785711819,deepseek-v2:lite,32.0,10898,799941,378.85,19.91,.052791,20.833866
1785711840,deepseek-v2:lite,32.0,10894,1003236,421.98,19.75,.047394,21.207332
1785711861,deepseek-v2:lite,32.0,10904,1000858,412.90,19.79,.048436,23.439142
1785711885,deepseek-v2:lite,32.0,10899,1373993,385.03,19.57,.051943,21.000223
1785711907,deepseek-v2:lite,32.0,10907,800000,406.31,19.54,.049222,21.030392
1785711928,deepseek-v2:lite,32.0,10909,699664,433.33,20.07,.046153,19.974385
1785711948,deepseek-v2:lite,30.0,10894,799481,385.99,19.89,.051813,20.059206
1785711969,deepseek-v2:lite,32.0,10889,1099036,377.01,19.68,.053047,20.675131
1785711990,deepseek-v2:lite,32.0,10901,1067157,407.58,19.73,.049069,20.925710
1785712011,deepseek-v2:lite,29.0,10896,802450,399.13,19.60,.050107,23.721117
1785712035,deepseek-v2:lite,33.0,10910,801094,437.13,19.96,.045751,18.180393
1785712054,deepseek-v2:lite,31.0,10911,800000,395.45,19.58,.050574,26.607738
1785712081,deepseek-v2:lite,32.0,10900,799673,426.62,19.82,.046879,19.868933
1785712101,deepseek-v2:lite,32.0,10900,1767191,378.76,19.69,.052803,26.304620
1785712128,deepseek-v2:lite,32.0,10899,1381752,404.75,19.93,.049412,18.965573
1785712147,deepseek-v2:lite,32.0,10898,797500,416.61,19.93,.048006,15.898610
1785712163,deepseek-v2:lite,32.0,10904,821306,374.12,19.76,.053458,19.780435
1785712183,deepseek-v2:lite,31.0,10902,798618,428.76,19.88,.046645,15.237690
1785712199,deepseek-v2:lite,32.0,10906,800000,381.10,19.42,.052478,23.167016
1785712222,deepseek-v2:lite,32.0,10907,1100537,413.15,19.53,.048408,22.111569
1785712245,deepseek-v2:lite,32.0,10896,772838,392.37,19.88,.050971,18.355089
1785712264,deepseek-v2:lite,32.0,10906,800790,399.08,19.90,.050114,22.100957
1785712286,deepseek-v2:lite,33.0,10908,800000,372.26,19.72,.053724,24.235654
1785712311,deepseek-v2:lite,33.0,10893,909966,388.87,19.25,.051430,28.103067
1785712339,deepseek-v2:lite,32.0,10901,1172952,369.91,19.79,.054066,19.646712
1785712359,deepseek-v2:lite,32.0,10904,1422222,403.52,19.60,.049562,23.818778
1785712383,deepseek-v2:lite,32.0,10907,1500000,403.58,19.59,.049555,18.116597
1785712402,deepseek-v2:lite,32.0,10901,800459,388.44,19.92,.051486,22.534906
1785712425,deepseek-v2:lite,32.0,10907,799465,363.21,19.65,.055063,20.150577
1785712445,deepseek-v2:lite,32.0,10908,1485096,365.48,19.32,.054722,23.028783
1785712469,deepseek-v2:lite,31.0,10909,800000,396.94,19.62,.050384,23.490109
1785712492,deepseek-v2:lite,32.0,10909,796911,373.76,19.44,.053510,25.404824
1785712518,deepseek-v2:lite,32.0,10902,800000,396.89,19.35,.050391,26.603325
1785712545,deepseek-v2:lite,32.0,10909,799009,381.55,19.51,.052417,22.953642
1785712569,deepseek-v2:lite,31.0,10902,800000,477.05,19.89,.041924,18.090916
1785712587,deepseek-v2:lite,32.0,10909,800000,355.27,20.03,.056294,17.166117
1785712605,deepseek-v2:lite,32.0,10901,942699,419.79,19.66,.047642,20.498122
1785712625,deepseek-v2:lite,32.0,10902,962089,369.00,19.73,.054199,19.308981
1785712645,deepseek-v2:lite,32.0,10911,799715,384.97,19.23,.051951,31.031605
1785712676,deepseek-v2:lite,29.0,10906,800000,413.97,19.52,.048311,27.197897
1785712704,deepseek-v2:lite,31.0,10909,801771,407.37,19.96,.049095,21.640122
1785712726,deepseek-v2:lite,32.0,10910,1000634,414.22,19.28,.048283,28.620336
1785712755,deepseek-v2:lite,32.0,10909,800000,411.42,19.69,.048611,21.734780
1785712777,deepseek-v2:lite,29.0,10904,1201716,370.66,19.81,.053957,31.640050
1785712809,deepseek-v2:lite,32.0,10903,800000,395.93,19.93,.050513,20.063086
1785712830,deepseek-v2:lite,32.0,10905,1027071,377.93,19.75,.052919,18.985809
1785712849,deepseek-v2:lite,32.0,10911,800000,378.10,15.15,.052895,165.102871
1785713015,deepseek-v2:lite,32.0,10898,800000,412.59,19.85,.048473,19.490235
1785713035,deepseek-v2:lite,33.0,10902,800000,399.77,20.19,.050028,17.326791
1785713053,deepseek-v2:lite,32.0,10905,800000,416.60,20.23,.048007,17.492522
1785713070,deepseek-v2:lite,32.0,10898,798442,420.01,20.06,.047617,19.341182
1785713090,deepseek-v2:lite,32.0,10887,800000,364.71,19.90,.054837,17.937205
1785713108,deepseek-v2:lite,32.0,10900,1891866,376.49,19.16,.053120,28.120432
1785713137,deepseek-v2:lite,32.0,10892,927014,409.70,19.68,.048816,22.047472
1785713159,deepseek-v2:lite,32.0,10904,803470,373.01,18.98,.053616,29.021628
1785713189,deepseek-v2:lite,31.0,10899,800000,382.07,19.20,.052345,26.248526
1785713215,deepseek-v2:lite,29.0,10901,921509,412.96,19.51,.048430,22.030351
1785713238,deepseek-v2:lite,32.0,10907,1784790,401.90,19.37,.049762,26.637723
1785713265,deepseek-v2:lite,32.0,10898,800000,464.59,19.28,.043048,29.087547
1785713294,deepseek-v2:lite,32.0,10902,882127,379.16,19.66,.052747,19.017919
1785713314,deepseek-v2:lite,33.0,10912,800000,406.20,20.10,.049235,13.926299
1785713328,deepseek-v2:lite,32.0,10905,800000,404.89,19.53,.049395,22.268066
1785713351,deepseek-v2:lite,31.0,10911,800000,424.26,18.84,.047140,37.985638
1785713389,deepseek-v2:lite,31.0,10901,800000,368.98,19.59,.054202,19.447164
1785713409,deepseek-v2:lite,31.0,10904,1087584,388.62,19.73,.051463,18.645645
1785713428,deepseek-v2:lite,32.0,10903,1102091,413.17,19.81,.048405,21.499889
1785713450,deepseek-v2:lite,32.0,10907,1100000,346.97,19.74,.057641,25.784197
1785713476,deepseek-v2:lite,32.0,10901,798340,363.68,19.77,.054992,22.052276
1785713498,deepseek-v2:lite,32.0,10913,800000,373.45,19.32,.053554,26.127598
1785713525,deepseek-v2:lite,32.0,10902,1000000,372.32,19.79,.053715,26.119493
1785713551,deepseek-v2:lite,32.0,10905,800000,378.89,19.49,.052785,22.824068
1785713575,deepseek-v2:lite,32.0,10897,800000,409.52,20.01,.048837,16.584942
1785713592,deepseek-v2:lite,32.0,10899,800000,381.64,20.34,.052404,20.990597
1785713613,deepseek-v2:lite,32.0,10903,2105555,385.08,20.64,.051936,15.551769
1785713629,deepseek-v2:lite,33.0,10898,1371725,341.20,20.32,.058615,17.565670
1785713647,deepseek-v2:lite,32.0,10892,800620,412.49,20.34,.048485,12.683739
1785713660,deepseek-v2:lite,33.0,10904,2100000,410.66,19.89,.048701,20.261434
1785713680,deepseek-v2:lite,32.0,10905,840098,401.90,19.76,.049762,19.428611
1785713700,deepseek-v2:lite,32.0,10902,799290,385.20,19.59,.051920,24.902297
1785713725,deepseek-v2:lite,32.0,10895,800000,411.25,20.39,.048631,19.562827
1785713745,deepseek-v2:lite,32.0,10903,1359908,433.46,19.72,.046139,23.264329
1785713769,deepseek-v2:lite,32.0,10903,1497803,364.56,20.11,.054860,16.010263
1785713785,deepseek-v2:lite,32.0,10904,800000,368.13,19.66,.054327,25.126640
1785713811,deepseek-v2:lite,32.0,10903,929643,398.56,19.72,.050179,24.785528
1785713836,deepseek-v2:lite,31.0,10911,800355,390.86,19.67,.051168,21.247100
1785713858,deepseek-v2:lite,32.0,10913,800000,394.64,19.55,.050678,21.837566
1785713880,deepseek-v2:lite,32.0,10910,999282,403.36,19.20,.049582,28.791140
1785713909,deepseek-v2:lite,32.0,10907,798818,403.39,19.53,.049579,20.582946
1785713930,deepseek-v2:lite,30.0,10899,800413,408.58,19.83,.048949,20.717561
1785713951,deepseek-v2:lite,32.0,10903,800000,377.13,19.70,.053031,16.344272
1785713968,deepseek-v2:lite,31.0,10891,1093062,379.24,20.06,.052735,20.729660
1785713989,deepseek-v2:lite,32.0,10906,801292,435.98,19.88,.045872,21.618993
1785714011,deepseek-v2:lite,32.0,10907,797542,399.30,19.57,.050086,26.406106
1785714038,deepseek-v2:lite,32.0,10914,1188461,407.91,19.73,.049029,20.013593
1785714058,deepseek-v2:lite,32.0,10915,799182,395.04,19.53,.050626,29.636528
1785714088,deepseek-v2:lite,32.0,10917,800000,407.20,19.23,.049115,33.061483
1785714122,deepseek-v2:lite,32.0,10909,800000,401.67,19.71,.049791,20.335551
1785714142,deepseek-v2:lite,29.0,10908,800000,397.08,19.25,.050366,24.148562
1785714167,deepseek-v2:lite,31.0,10910,900603,388.17,19.74,.051523,23.850931
1785714191,deepseek-v2:lite,32.0,10911,798914,367.48,19.80,.054424,22.670935
1785714214,deepseek-v2:lite,32.0,10908,800000,386.24,19.75,.051780,23.939495
1785714238,deepseek-v2:lite,31.0,10908,799696,386.84,19.66,.051699,25.935467
1785714265,deepseek-v2:lite,29.0,10909,800000,453.80,19.77,.044071,22.755473
1785714288,deepseek-v2:lite,32.0,10906,800000,373.91,19.96,.053488,15.775124
1785714304,deepseek-v2:lite,32.0,10906,801013,399.54,19.97,.050057,16.924592
1785714321,deepseek-v2:lite,32.0,10900,800000,394.76,19.14,.050663,28.156662
1785714350,deepseek-v2:lite,32.0,10895,799556,401.99,19.12,.049751,27.608791
1785714378,deepseek-v2:lite,32.0,10899,814551,379.00,19.41,.052769,23.593547
1785714402,deepseek-v2:lite,32.0,10903,850260,392.00,19.81,.051019,19.182181
1785714421,deepseek-v2:lite,29.0,10902,849545,362.11,19.38,.055230,25.376098
1785714447,deepseek-v2:lite,32.0,10893,800000,384.68,19.68,.051990,20.674610
1785714468,deepseek-v2:lite,32.0,10904,878290,383.77,19.69,.052114,24.164573
1785714493,deepseek-v2:lite,31.0,10898,800000,381.01,19.70,.052491,24.004041
1785714517,deepseek-v2:lite,32.0,10895,800000,403.49,19.47,.049567,34.411118
1785714552,deepseek-v2:lite,32.0,10907,799078,371.58,19.92,.053823,17.210378
1785714569,deepseek-v2:lite,32.0,10906,1355757,474.11,19.40,.042183,26.792715
1785714597,deepseek-v2:lite,32.0,10905,801515,366.95,20.04,.054502,19.358793
1785714616,deepseek-v2:lite,31.0,10900,799482,389.96,19.24,.051286,30.599657
1785714647,deepseek-v2:lite,32.0,10893,1411818,475.60,19.67,.042051,26.784958
1785714675,deepseek-v2:lite,32.0,10898,801054,465.96,20.26,.042922,15.741538
1785714691,deepseek-v2:lite,32.0,10906,797560,378.58,19.44,.052827,27.513389
1785714719,deepseek-v2:lite,32.0,10898,800000,410.80,20.27,.048684,23.226035
1785714742,deepseek-v2:lite,32.0,10901,801106,401.25,20.10,.049843,18.754930
1785714761,deepseek-v2:lite,32.0,10897,1524361,400.78,19.79,.049902,22.991370
1785714785,deepseek-v2:lite,32.0,10909,800000,395.10,19.39,.050620,30.422418
1785714815,deepseek-v2:lite,32.0,10906,1581967,392.26,19.96,.050985,19.333009
1785714835,deepseek-v2:lite,32.0,10905,801068,379.02,20.26,.052767,19.886220
1785714855,deepseek-v2:lite,32.0,10908,800000,380.59,19.51,.052549,27.264273
1785714883,deepseek-v2:lite,32.0,10901,1184848,390.57,19.79,.051206,19.749974
1785714903,deepseek-v2:lite,32.0,10909,800000,376.90,19.41,.053064,25.338695
1785714929,deepseek-v2:lite,32.0,10899,799661,367.21,19.62,.054463,21.457171
1785714951,deepseek-v2:lite,32.0,10896,796642,376.84,18.96,.053072,34.637074
1785714986,deepseek-v2:lite,33.0,10904,923472,420.79,19.29,.047529,26.997179
1785715013,deepseek-v2:lite,32.0,10910,1337106,378.05,19.59,.052902,25.464522
1785715039,deepseek-v2:lite,33.0,10913,799942,389.26,20.22,.051378,12.260279
1785715052,deepseek-v2:lite,32.0,10906,797328,393.48,19.22,.050827,29.230038
1785715081,deepseek-v2:lite,32.0,10910,1091540,372.87,19.78,.053637,19.360706
1785715101,deepseek-v2:lite,32.0,10913,1401639,399.35,19.63,.050080,20.628081
1785715122,deepseek-v2:lite,32.0,10914,800385,382.24,19.13,.052322,33.559664
1785715156,deepseek-v2:lite,32.0,10908,799741,491.54,19.65,.040688,24.062665
1785715180,deepseek-v2:lite,32.0,10917,1501490,392.07,20.32,.051010,21.307962
1785715202,deepseek-v2:lite,32.0,10897,798744,382.73,19.81,.052255,23.665481
1785715226,deepseek-v2:lite,32.0,10912,799246,414.47,19.75,.048253,17.967734
1785715244,deepseek-v2:lite,32.0,10911,1039352,470.53,19.64,.042505,16.747784
1785715262,deepseek-v2:lite,32.0,10906,1030966,382.43,19.47,.052296,22.131145
1785715284,deepseek-v2:lite,32.0,10909,978491,442.41,19.37,.045206,29.566990
1785715314,deepseek-v2:lite,32.0,10906,1000000,405.32,20.05,.049343,18.153824
1785715332,deepseek-v2:lite,32.0,10915,800000,411.47,20.04,.048605,15.765682
1785715349,deepseek-v2:lite,32.0,10910,824594,379.53,20.09,.052696,17.915776
1785715367,deepseek-v2:lite,32.0,10913,801514,387.81,20.05,.051570,21.245046
1785715388,deepseek-v2:lite,32.0,10904,800000,380.95,19.90,.052499,20.198901
1785715409,deepseek-v2:lite,32.0,10906,798566,369.97,19.55,.054058,22.095426
1785715431,deepseek-v2:lite,32.0,10903,800000,390.95,20.71,.051156,5.598561
1785715437,deepseek-v2:lite,32.0,10892,799602,431.07,19.71,.046395,22.569329
1785715460,deepseek-v2:lite,32.0,10907,842016,416.40,20.05,.048030,22.884057
1785715484,deepseek-v2:lite,32.0,10906,800000,373.40,19.74,.053561,22.382547
1785715506,deepseek-v2:lite,32.0,10902,800000,395.75,19.43,.050536,26.401940
1785715533,deepseek-v2:lite,32.0,10907,1399186,374.44,19.85,.053411,18.634937
1785715552,deepseek-v2:lite,32.0,10912,848863,352.80,19.76,.056688,20.949922
1785715573,deepseek-v2:lite,30.0,10915,800000,416.05,19.63,.048070,21.639793
1785715595,deepseek-v2:lite,32.0,10915,800626,410.02,19.15,.048777,25.738055
1785715622,deepseek-v2:lite,32.0,10914,1800091,400.05,19.44,.049993,22.419094
1785715644,deepseek-v2:lite,32.0,10908,975715,402.32,19.74,.049710,18.388387
1785715663,deepseek-v2:lite,32.0,10912,1199238,373.41,20.00,.053559,16.499046
1785715680,deepseek-v2:lite,32.0,10911,799261,385.06,19.33,.051938,21.157169
1785715702,deepseek-v2:lite,33.0,10913,999662,370.49,19.15,.053981,30.902569
1785715733,deepseek-v2:lite,32.0,10907,1001628,433.74,19.83,.046109,21.229545
1785715754,deepseek-v2:lite,29.0,10896,798449,408.44,19.48,.048966,24.071803
1785715779,deepseek-v2:lite,32.0,10906,934600,426.65,19.64,.046876,25.758655
1785715805,deepseek-v2:lite,32.0,10905,800561,413.08,20.25,.048416,19.003106
1785715824,deepseek-v2:lite,32.0,10912,1000000,429.83,19.65,.046529,22.131038
1785715847,deepseek-v2:lite,32.0,10910,1040915,413.84,19.22,.048327,31.255985
1785715879,deepseek-v2:lite,29.0,10912,1488012,395.03,20.02,.050628,16.076435
1785715895,deepseek-v2:lite,32.0,10897,800000,379.63,19.49,.052682,24.113152
1785715919,deepseek-v2:lite,32.0,10909,800000,391.22,20.14,.051120,19.956199
1785715940,deepseek-v2:lite,32.0,10903,799963,491.95,20.32,.040653,22.923828
1785715963,deepseek-v2:lite,32.0,10903,801312,425.24,19.65,.047032,19.636413
1785715983,deepseek-v2:lite,33.0,10906,1022198,395.78,19.55,.050532,24.290858
1785716008,deepseek-v2:lite,32.0,10915,2088495,416.75,19.93,.047990,23.074210
1785716031,deepseek-v2:lite,32.0,10897,799962,409.88,19.87,.048793,19.216851
1785716051,deepseek-v2:lite,32.0,10899,786132,413.23,19.62,.048399,23.490209
1785716075,deepseek-v2:lite,32.0,10900,799755,403.50,19.28,.049566,24.787116
1785716100,deepseek-v2:lite,32.0,10913,977884,369.79,19.41,.054084,23.379718
1785716124,deepseek-v2:lite,32.0,10913,800000,417.51,19.62,.047902,17.991143
1785716142,deepseek-v2:lite,32.0,10905,800000,369.32,19.60,.054152,17.902774
1785716160,deepseek-v2:lite,32.0,10905,1001344,401.57,19.26,.049804,24.554068
1785716185,deepseek-v2:lite,29.0,10910,1893372,364.43,19.61,.054879,20.906090
1785716206,deepseek-v2:lite,31.0,10911,1198139,378.52,18.91,.052837,35.997741
1785716243,deepseek-v2:lite,32.0,10923,800000,356.19,19.15,.056149,27.616310
1785716271,deepseek-v2:lite,30.0,10922,800000,381.34,19.60,.052446,18.566121
1785716290,deepseek-v2:lite,32.0,10909,800000,429.58,19.47,.046557,21.872611
1785716312,deepseek-v2:lite,32.0,10916,839514,381.52,19.00,.052420,31.572732
1785716344,deepseek-v2:lite,32.0,10910,799702,377.63,19.43,.052960,23.564185
1785716368,deepseek-v2:lite,32.0,10917,812998,403.79,19.24,.049529,28.730159
1785716397,deepseek-v2:lite,34.0,11104,2099978,381.83,19.26,.052378,5.035510
1785716402,deepseek-v2:lite,32.0,10973,1323527,409.13,19.47,.048884,24.597787
1785716427,deepseek-v2:lite,29.0,10917,1400000,414.88,19.56,.048206,21.980754
1785716450,deepseek-v2:lite,32.0,10914,801126,377.24,19.55,.053015,21.891741
1785716472,deepseek-v2:lite,29.0,10909,800169,368.29,19.91,.054303,18.425220
1785716491,deepseek-v2:lite,32.0,10919,800000,374.85,19.61,.053353,21.715613
1785716513,deepseek-v2:lite,32.0,10913,799542,466.60,19.43,.042862,21.656736
1785716535,deepseek-v2:lite,33.0,10917,797783,388.95,19.25,.051419,28.567103
1785716564,deepseek-v2:lite,32.0,10909,1475728,398.55,20.01,.050181,17.539073
1785716582,deepseek-v2:lite,32.0,10912,798940,409.27,20.78,.048867,14.574801
1785716597,deepseek-v2:lite,32.0,10908,800751,400.74,19.76,.049907,27.316167
1785716624,deepseek-v2:lite,32.0,10922,802547,405.42,19.51,.049330,24.338082
1785716649,deepseek-v2:lite,33.0,10921,799250,403.86,19.37,.049521,31.528482
1785716681,deepseek-v2:lite,32.0,10915,800777,377.30,19.42,.053007,25.787077
1785716707,deepseek-v2:lite,32.0,10917,1682585,487.50,20.25,.041024,13.723904
1785716721,deepseek-v2:lite,32.0,10908,801190,371.24,19.77,.053872,17.998573
1785716740,deepseek-v2:lite,32.0,10916,800000,376.16,19.39,.053168,29.023860
1785716769,deepseek-v2:lite,29.0,10906,824368,407.89,20.44,.049032,15.258954
1785716785,deepseek-v2:lite,32.0,10911,800000,414.81,20.00,.048214,21.293151
1785716806,deepseek-v2:lite,32.0,10903,1000000,383.37,20.27,.052168,17.653960
1785716824,deepseek-v2:lite,32.0,10906,800000,417.00,20.33,.047960,17.850466
1785716842,deepseek-v2:lite,29.0,10906,800000,376.49,19.04,.053121,34.331585
1785716877,deepseek-v2:lite,32.0,10917,800000,394.35,19.58,.050715,21.802658
1785716899,deepseek-v2:lite,32.0,10910,1149289,447.68,19.56,.044674,24.687421
1785716924,deepseek-v2:lite,32.0,10918,801188,380.15,19.97,.052610,16.972724
1785716942,deepseek-v2:lite,32.0,10916,797283,379.61,19.61,.052684,21.357192
1785716963,deepseek-v2:lite,32.0,10906,1212267,377.25,19.29,.053014,29.486771
1785716993,deepseek-v2:lite,32.0,10907,798987,395.95,19.62,.050511,18.243081
1785717012,deepseek-v2:lite,32.0,10900,799954,405.61,19.49,.049307,22.983820
1785717035,deepseek-v2:lite,32.0,10909,800372,377.31,19.47,.053005,23.306164
1785717059,deepseek-v2:lite,32.0,10909,800000,518.49,19.60,.038573,20.961336
1785717080,deepseek-v2:lite,32.0,10917,800000,366.09,19.83,.054631,23.346504
1785717104,deepseek-v2:lite,32.0,10909,800000,455.98,20.11,.043860,21.431164
1785717126,deepseek-v2:lite,32.0,10916,1100000,404.07,20.49,.049495,11.562803
1785717138,deepseek-v2:lite,32.0,10902,802496,407.55,19.92,.049072,23.992940
1785717162,deepseek-v2:lite,32.0,10913,802431,368.59,19.39,.054259,29.496859
1785717192,deepseek-v2:lite,32.0,10907,800000,372.20,19.60,.053733,23.465584
1785717216,deepseek-v2:lite,32.0,10910,800507,407.03,19.96,.049136,16.026239
1785717232,deepseek-v2:lite,32.0,10914,799298,385.40,20.04,.051892,15.617307
1785717248,deepseek-v2:lite,32.0,10911,801010,375.79,19.96,.053219,21.441217
1785717270,deepseek-v2:lite,32.0,10913,798901,392.58,20.23,.050944,18.035021
1785717288,deepseek-v2:lite,32.0,10910,800000,446.49,18.95,.044793,35.553471
1785717324,deepseek-v2:lite,32.0,10906,800000,408.39,19.95,.048971,15.782104
1785717340,deepseek-v2:lite,32.0,10906,1519899,416.59,19.72,.048008,20.329298
1785717361,deepseek-v2:lite,32.0,10905,800000,437.03,19.64,.045762,21.633952
1785717383,deepseek-v2:lite,32.0,10908,1351465,399.88,19.71,.050014,19.582398
1785717403,deepseek-v2:lite,32.0,10917,800000,378.25,20.09,.052873,16.026831
1785717419,deepseek-v2:lite,32.0,10921,798303,371.24,19.39,.053872,28.515024
1785717448,deepseek-v2:lite,33.0,10912,1773510,384.05,19.97,.052075,19.127626
1785717468,deepseek-v2:lite,32.0,10907,820901,384.22,19.69,.052052,16.911878
1785717485,deepseek-v2:lite,32.0,10912,800000,429.32,19.52,.046585,23.503912
1785717509,deepseek-v2:lite,32.0,10907,812620,378.28,19.61,.052870,22.892978
1785717532,deepseek-v2:lite,29.0,10914,1100000,404.51,19.72,.049442,15.616890
1785717548,deepseek-v2:lite,32.0,10909,800000,418.10,20.30,.047834,6.107049
1785717555,deepseek-v2:lite,32.0,10909,800000,393.43,19.01,.050834,31.549465
1785717587,deepseek-v2:lite,32.0,10901,801609,358.22,19.77,.055830,20.637205
1785717608,deepseek-v2:lite,29.0,10906,1400000,379.13,19.71,.052751,20.695512
1785717629,deepseek-v2:lite,32.0,10908,800000,384.29,19.97,.052042,12.517729
1785717641,deepseek-v2:lite,32.0,10907,799963,436.61,19.59,.045806,23.368359
1785717665,deepseek-v2:lite,32.0,10903,798523,384.59,19.55,.052002,20.200765
1785717686,deepseek-v2:lite,32.0,10914,800765,448.98,18.94,.044545,30.612154
1785717717,deepseek-v2:lite,32.0,10921,1800700,396.19,19.23,.050480,25.316992
1785717743,deepseek-v2:lite,32.0,10924,1500907,384.08,19.04,.052072,30.397820
1785717773,deepseek-v2:lite,32.0,10927,799556,408.90,19.44,.048911,18.101025
1785717792,deepseek-v2:lite,32.0,10917,1495626,386.89,19.05,.051693,31.860542
1785717824,deepseek-v2:lite,32.0,10923,920131,424.36,19.26,.047129,24.500495
1785717849,deepseek-v2:lite,32.0,10914,799665,390.72,18.71,.051187,39.273339
1785717889,deepseek-v2:lite,30.0,10921,925069,378.54,19.12,.052833,32.527741
1785717922,deepseek-v2:lite,32.0,10919,800000,372.74,19.10,.053655,31.554319
1785717954,deepseek-v2:lite,32.0,10919,800000,344.49,19.33,.058056,22.759789
1785717977,deepseek-v2:lite,32.0,10922,1900000,383.72,19.21,.052120,28.681181
1785718006,deepseek-v2:lite,32.0,10920,800000,393.67,19.21,.050803,27.483720
1785718034,deepseek-v2:lite,32.0,10920,796819,359.96,19.37,.055560,29.308849
1785718063,deepseek-v2:lite,30.0,10905,1202479,399.65,19.25,.050042,25.084503
1785718089,deepseek-v2:lite,32.0,10917,800000,450.32,19.70,.044412,21.264126
1785718110,deepseek-v2:lite,32.0,10916,799880,392.72,19.84,.050925,29.119631
1785718140,deepseek-v2:lite,32.0,10919,800000,400.55,19.50,.049930,28.349002
1785718169,deepseek-v2:lite,32.0,10913,800000,369.32,19.96,.054152,17.734651
1785718187,deepseek-v2:lite,32.0,10915,800000,398.15,19.52,.050231,20.482114
1785718208,deepseek-v2:lite,32.0,10919,800000,411.58,19.31,.048593,26.038260
1785718234,deepseek-v2:lite,32.0,10910,800000,405.38,19.57,.049336,21.963332
1785718256,deepseek-v2:lite,32.0,10908,800037,418.10,19.37,.047834,24.925990
1785718282,deepseek-v2:lite,33.0,10918,798742,398.88,19.53,.050139,20.475951
1785718303,deepseek-v2:lite,32.0,10918,800000,394.41,19.75,.050708,19.334755
1785718322,deepseek-v2:lite,32.0,10922,1508735,369.10,20.03,.054185,9.584391
1785718332,deepseek-v2:lite,32.0,10905,846207,389.50,19.45,.051347,21.274718
1785718354,deepseek-v2:lite,32.0,10919,1100000,394.56,19.54,.050688,21.128512
1785718375,deepseek-v2:lite,32.0,10907,1408199,400.68,19.53,.049914,20.838587
1785718397,deepseek-v2:lite,32.0,10922,799502,394.66,19.36,.050675,24.483152
1785718421,deepseek-v2:lite,32.0,10907,962878,401.28,19.70,.049840,22.027634
1785718444,deepseek-v2:lite,32.0,10909,800000,363.41,19.35,.055034,25.216774
1785718469,deepseek-v2:lite,32.0,10923,1551301,403.52,19.58,.049562,20.934558
1785718491,deepseek-v2:lite,29.0,10919,800000,423.76,19.67,.047196,21.656616
1785718513,deepseek-v2:lite,29.0,10923,1200245,398.31,19.35,.050211,26.769315
1785718540,deepseek-v2:lite,31.0,10915,835377,472.60,20.11,.042318,16.701271
1785718557,deepseek-v2:lite,32.0,10907,1200000,394.34,19.73,.050717,23.716336
1785718581,deepseek-v2:lite,33.0,10922,800000,382.85,20.27,.052239,4.340353
1785718586,deepseek-v2:lite,32.0,10922,800464,377.58,19.17,.052967,27.478741
1785718614,deepseek-v2:lite,31.0,10927,800000,381.59,19.32,.052410,25.930989
1785718640,deepseek-v2:lite,31.0,10924,958594,413.01,20.04,.048424,11.276529
1785718652,deepseek-v2:lite,32.0,10931,1614147,442.49,19.28,.045198,26.346921
1785718678,deepseek-v2:lite,32.0,10925,799642,421.59,19.47,.047438,23.622033
1785718702,deepseek-v2:lite,32.0,10919,1349788,488.27,20.35,.040960,19.943196
1785718723,deepseek-v2:lite,32.0,10921,801033,374.65,20.17,.053382,20.119488
1785718743,deepseek-v2:lite,32.0,10915,800000,415.76,20.08,.048104,23.902954
1785718767,deepseek-v2:lite,32.0,10913,798910,392.75,19.69,.050922,26.091621
1785718794,deepseek-v2:lite,29.0,10920,775032,381.33,19.89,.052447,21.920066
1785718816,deepseek-v2:lite,29.0,10922,800000,385.85,19.86,.051833,19.383655
1785718836,deepseek-v2:lite,32.0,10947,800000,408.62,19.54,.048944,25.375578
1785718862,deepseek-v2:lite,33.0,10937,798718,403.11,19.04,.049614,31.039047
1785718893,deepseek-v2:lite,32.0,10934,800000,407.78,19.41,.049045,27.405824
1785718921,deepseek-v2:lite,32.0,10937,798573,425.11,19.55,.047045,27.047606
1785718948,deepseek-v2:lite,33.0,10924,1189748,404.06,19.44,.049496,25.559780
1785718974,deepseek-v2:lite,32.0,10936,1764845,384.74,19.50,.051982,21.017919
1785718996,deepseek-v2:lite,31.0,10925,801601,382.34,19.72,.052308,19.621360
1785719016,deepseek-v2:lite,31.0,10938,862951,376.04,19.51,.053185,21.522708
1785719038,deepseek-v2:lite,32.0,10933,800000,384.29,19.56,.052042,23.154684
1785719061,deepseek-v2:lite,32.0,10924,1191116,391.95,19.01,.051026,32.913016
1785719094,deepseek-v2:lite,32.0,10931,1337492,404.75,19.79,.049412,21.071119
1785719116,deepseek-v2:lite,32.0,10931,800000,416.77,20.18,.047987,18.677792
1785719135,deepseek-v2:lite,32.0,10927,802675,392.86,19.79,.050907,24.047039
1785719159,deepseek-v2:lite,32.0,10918,863144,386.45,19.57,.051752,20.950320
1785719181,deepseek-v2:lite,31.0,10927,1887179,405.62,19.55,.049306,16.674777
1785719198,deepseek-v2:lite,32.0,10923,1508649,374.68,19.06,.053378,29.789105
1785719228,deepseek-v2:lite,31.0,10928,800216,416.51,19.89,.048018,19.907541
1785719248,deepseek-v2:lite,31.0,10919,799653,405.14,19.04,.049364,37.438976
1785719286,deepseek-v2:lite,32.0,10925,800000,413.22,19.28,.048399,28.622370
1785719315,deepseek-v2:lite,32.0,10934,1200000,435.05,20.04,.045971,22.748297
1785719338,deepseek-v2:lite,32.0,10940,799107,417.28,19.45,.047928,26.270392
1785719365,deepseek-v2:lite,32.0,10926,800465,416.37,19.88,.048033,21.226115
1785719386,deepseek-v2:lite,32.0,10935,800000,395.43,19.67,.050576,20.837699
1785719408,deepseek-v2:lite,32.0,10935,801627,422.72,19.53,.047312,19.454749
1785719427,deepseek-v2:lite,32.0,10927,800000,426.40,19.44,.046903,27.929262
1785719456,deepseek-v2:lite,32.0,10934,799286,407.21,19.52,.049114,25.455556
1785719481,deepseek-v2:lite,32.0,10927,1070911,419.93,19.48,.047626,25.765615
1785719508,deepseek-v2:lite,32.0,10932,800349,372.81,19.53,.053645,23.706616
1785719532,deepseek-v2:lite,32.0,10935,800000,393.61,19.61,.050810,22.945961
1785719555,deepseek-v2:lite,32.0,10927,799612,424.35,20.04,.047130,17.863496
1785719573,deepseek-v2:lite,32.0,10932,800878,378.55,20.75,.052832,14.451990
1785719588,deepseek-v2:lite,32.0,10929,802735,403.98,20.29,.049506,17.989148
1785719606,deepseek-v2:lite,33.0,10928,800000,444.20,19.39,.045023,23.042374
1785719630,deepseek-v2:lite,32.0,10923,801716,377.77,19.77,.052941,19.314650
1785719650,deepseek-v2:lite,31.0,10926,800000,390.08,19.78,.051270,20.619557
1785719670,deepseek-v2:lite,32.0,10926,950399,400.26,19.37,.049966,24.364784
1785719695,deepseek-v2:lite,32.0,10926,999594,406.39,19.67,.049213,22.368946
1785719718,deepseek-v2:lite,32.0,10923,797492,383.09,20.32,.052206,12.939162
1785719731,deepseek-v2:lite,32.0,10923,2097906,373.60,19.73,.053533,20.976070
1785719753,deepseek-v2:lite,32.0,10932,800000,372.06,19.34,.053754,29.310952
1785719782,deepseek-v2:lite,32.0,10926,1101713,359.22,19.88,.055676,24.340862
1785719807,deepseek-v2:lite,32.0,10921,801034,372.46,19.90,.053697,23.459649
1785719831,deepseek-v2:lite,32.0,10925,1000048,410.85,19.94,.048678,14.688485
1785719846,deepseek-v2:lite,32.0,10926,796244,352.71,19.76,.056702,21.094969
1785719867,deepseek-v2:lite,32.0,10918,1029331,400.33,18.98,.049958,36.231576
1785719904,deepseek-v2:lite,29.0,10914,1816220,417.20,19.76,.047938,25.697373
1785719930,deepseek-v2:lite,31.0,10911,1003184,376.52,19.94,.053116,20.755461
1785719951,deepseek-v2:lite,32.0,10906,800000,397.64,19.82,.050295,25.773300
1785719977,deepseek-v2:lite,32.0,10917,798634,402.14,19.98,.049733,20.763195
1785719999,deepseek-v2:lite,32.0,10908,800000,388.10,20.21,.051532,18.850250
1785720018,deepseek-v2:lite,32.0,10918,800958,378.46,19.81,.052844,17.718317
1785720036,deepseek-v2:lite,32.0,10918,960204,449.34,19.59,.044508,19.598036
1785720056,deepseek-v2:lite,32.0,10912,975702,379.28,19.75,.052730,15.842491
1785720072,deepseek-v2:lite,32.0,10928,800968,414.08,19.71,.048299,21.657997
1785720094,deepseek-v2:lite,32.0,10922,798748,403.11,19.82,.049613,15.987732
1785720110,deepseek-v2:lite,32.0,10915,801396,404.79,19.20,.049408,31.395513
1785720142,deepseek-v2:lite,32.0,10920,1697701,361.08,19.68,.055388,21.239206
1785720164,deepseek-v2:lite,32.0,10912,1229991,372.49,19.47,.053691,23.573308
1785720188,deepseek-v2:lite,32.0,10919,799943,376.22,19.42,.053159,25.178631
1785720213,deepseek-v2:lite,32.0,10920,1000595,379.27,20.18,.052732,14.218321
1785720228,deepseek-v2:lite,32.0,10921,1725174,365.75,19.56,.054682,21.215810
1785720249,deepseek-v2:lite,32.0,10918,800000,381.36,19.81,.052442,19.477794
1785720269,deepseek-v2:lite,32.0,10922,885755,350.05,20.04,.057134,13.769937
1785720283,deepseek-v2:lite,32.0,10927,800000,420.05,19.49,.047613,22.830878
1785720307,deepseek-v2:lite,32.0,10921,800000,380.66,19.07,.052539,28.941738
1785720336,deepseek-v2:lite,32.0,10915,800582,399.92,19.95,.050009,12.730807
1785720349,deepseek-v2:lite,29.0,10927,797677,400.60,19.55,.049924,22.802488
1785720372,deepseek-v2:lite,32.0,10933,800000,403.63,19.67,.049549,25.515457
1785720398,deepseek-v2:lite,29.0,10931,800000,382.12,20.73,.052338,7.235030
1785720406,deepseek-v2:lite,31.0,10934,800000,380.37,19.28,.052580,27.064194
1785720433,deepseek-v2:lite,32.0,10929,1178025,374.80,19.65,.053360,15.265627
1785720449,deepseek-v2:lite,32.0,10927,800000,375.61,19.29,.053245,27.721228
1785720477,deepseek-v2:lite,32.0,10927,800000,373.57,19.00,.053536,34.625781
1785720512,deepseek-v2:lite,32.0,10924,1676568,413.95,19.49,.048314,22.112628
1785720534,deepseek-v2:lite,32.0,10921,800000,379.01,19.63,.052767,20.164292
1785720555,deepseek-v2:lite,32.0,10931,800000,407.67,19.33,.049058,25.810277
1785720581,deepseek-v2:lite,32.0,10937,1070648,410.08,19.49,.048770,24.058778
1785720605,deepseek-v2:lite,32.0,10922,800000,426.43,19.59,.046900,24.137177
1785720630,deepseek-v2:lite,32.0,10920,800000,385.40,19.11,.051892,33.484578
1785720664,deepseek-v2:lite,32.0,10922,798979,372.73,19.36,.053657,24.585289
1785720689,deepseek-v2:lite,31.0,10920,1372317,370.79,19.47,.053937,21.871337
1785720711,deepseek-v2:lite,32.0,10920,1177476,416.05,19.66,.048070,25.683653
1785720737,deepseek-v2:lite,32.0,10925,800000,489.23,19.91,.040879,19.278755
1785720757,deepseek-v2:lite,32.0,10926,800000,368.30,19.05,.054302,30.497749
1785720788,deepseek-v2:lite,31.0,10899,1861407,405.49,19.96,.049322,17.331069
1785720805,deepseek-v2:lite,32.0,10911,800000,399.03,19.25,.050120,26.698398
1785720832,deepseek-v2:lite,32.0,10913,999687,400.82,19.21,.049897,29.511847
1785720862,deepseek-v2:lite,32.0,10942,799638,386.68,19.73,.051722,17.683455
1785720880,deepseek-v2:lite,32.0,10938,800334,375.46,19.62,.053266,22.518976
1785720903,deepseek-v2:lite,32.0,10930,798910,387.75,18.65,.051579,40.628031
1785720944,deepseek-v2:lite,31.0,10922,800000,412.31,19.36,.048507,27.059734
1785720972,deepseek-v2:lite,32.0,10928,928115,400.87,19.26,.049890,29.636138
1785721002,deepseek-v2:lite,29.0,10934,1499173,402.01,19.62,.049749,19.003546
1785721021,deepseek-v2:lite,32.0,10940,800000,397.06,19.56,.050369,25.400687
1785721047,deepseek-v2:lite,32.0,10938,800000,372.40,19.67,.053704,20.381321
1785721068,deepseek-v2:lite,32.0,10936,976641,414.27,19.71,.048277,19.278833
1785721087,deepseek-v2:lite,32.0,10932,800337,433.80,19.43,.046103,26.442714
1785721114,deepseek-v2:lite,32.0,10925,800000,376.10,19.25,.053177,25.442710
1785721140,deepseek-v2:lite,31.0,10933,800000,368.95,19.69,.054207,22.792272
1785721163,deepseek-v2:lite,31.0,10939,800000,406.37,20.42,.049215,14.048098
1785721178,deepseek-v2:lite,32.0,10921,798780,384.84,20.07,.051969,18.681410
1785721197,deepseek-v2:lite,32.0,10930,981290,382.82,20.05,.052243,23.281673
1785721220,deepseek-v2:lite,32.0,10929,800000,371.27,19.66,.053868,19.525385
1785721240,deepseek-v2:lite,31.0,10934,797488,408.94,20.42,.048906,15.717434
1785721256,deepseek-v2:lite,32.0,10931,1226991,453.72,20.03,.044079,16.471847
1785721273,deepseek-v2:lite,32.0,10930,2097416,399.85,19.41,.050017,22.304899
1785721296,deepseek-v2:lite,32.0,10936,924959,390.98,20.09,.051153,22.638442
1785721319,deepseek-v2:lite,32.0,10939,1000000,392.97,19.25,.050893,29.648795
1785721349,deepseek-v2:lite,32.0,10938,800490,385.71,18.88,.051851,37.075781
1785721386,deepseek-v2:lite,28.0,10937,1352142,359.13,19.98,.055689,18.611384
1785721405,deepseek-v2:lite,31.0,10934,828885,422.03,19.51,.047389,23.722430
1785721429,deepseek-v2:lite,32.0,10933,1892650,433.35,19.98,.046151,20.113872
1785721450,deepseek-v2:lite,32.0,10932,800000,397.89,19.85,.050264,21.508588
1785721472,deepseek-v2:lite,32.0,10931,1115997,364.93,20.35,.054803,14.495735
1785721487,deepseek-v2:lite,32.0,10925,800000,410.21,20.55,.048755,15.084617
1785721502,deepseek-v2:lite,32.0,10921,800000,398.51,19.84,.050186,22.832365
1785721525,deepseek-v2:lite,32.0,10930,802534,389.07,19.32,.051404,28.359699
1785721554,deepseek-v2:lite,33.0,10923,800000,390.37,19.20,.051233,35.044600
1785721589,deepseek-v2:lite,32.0,10920,1780609,379.71,19.59,.052670,19.703008
1785721610,deepseek-v2:lite,32.0,10926,799667,375.98,19.61,.053193,19.883246
1785721630,deepseek-v2:lite,31.0,10927,1239436,383.45,19.20,.052157,27.543285
1785721658,deepseek-v2:lite,32.0,10933,800000,361.31,19.22,.055353,29.594779
1785721688,deepseek-v2:lite,32.0,10928,2098454,389.48,19.92,.051350,16.013462
1785721704,deepseek-v2:lite,29.0,10918,805341,373.60,19.41,.053532,26.325491
1785721731,deepseek-v2:lite,32.0,10915,955942,402.94,18.74,.049634,40.768333
1785721772,deepseek-v2:lite,32.0,10933,800000,419.35,19.17,.047692,25.708150
1785721798,deepseek-v2:lite,31.0,10938,916907,385.88,19.55,.051828,22.705004
1785721821,deepseek-v2:lite,32.0,10935,1807377,381.86,19.67,.052374,25.155345
1785721847,deepseek-v2:lite,32.0,10930,800000,407.11,19.84,.049126,18.748906
1785721866,deepseek-v2:lite,33.0,10919,801911,397.05,19.57,.050371,25.083570
1785721891,deepseek-v2:lite,32.0,10927,800000,375.28,19.37,.053292,28.638462
1785721920,deepseek-v2:lite,32.0,10924,1343881,401.09,20.08,.049863,16.779949
1785721938,deepseek-v2:lite,32.0,10917,799873,395.06,19.67,.050624,17.386545
1785721955,deepseek-v2:lite,32.0,10929,1587221,388.37,19.77,.051496,17.240610
1785721973,deepseek-v2:lite,32.0,10926,887683,371.67,20.05,.053809,22.541745
1785721996,deepseek-v2:lite,32.0,10934,800855,400.93,19.69,.049883,29.500128
1785722026,deepseek-v2:lite,32.0,10929,798753,388.36,19.50,.051498,28.347691
1785722054,deepseek-v2:lite,32.0,10926,1568983,382.83,20.04,.052241,20.508122
1785722075,deepseek-v2:lite,32.0,10926,800000,371.60,19.80,.053819,20.553336
1785722096,deepseek-v2:lite,32.0,10936,1893620,385.41,19.50,.051891,26.353765
1785722123,deepseek-v2:lite,32.0,10925,798883,389.99,19.11,.051282,35.724999
1785722159,deepseek-v2:lite,32.0,10921,798165,373.92,19.88,.053486,20.364023
1785722180,deepseek-v2:lite,32.0,10929,800000,372.93,19.82,.053628,14.979947
1785722195,deepseek-v2:lite,32.0,10922,631798,397.37,19.31,.050330,22.828550
1785722218,deepseek-v2:lite,32.0,10927,1333802,372.34,19.68,.053713,21.082100
1785722240,deepseek-v2:lite,32.0,10928,800000,411.31,20.25,.048624,13.184856
1785722253,deepseek-v2:lite,32.0,10934,806930,412.24,19.27,.048514,26.145106
1785722280,deepseek-v2:lite,32.0,10923,800775,371.84,19.59,.053785,20.823980
1785722301,deepseek-v2:lite,33.0,10921,1270328,441.14,19.43,.045336,23.667961
1785722325,deepseek-v2:lite,32.0,10920,1649635,363.25,19.11,.055057,27.988409
1785722353,deepseek-v2:lite,32.0,10921,800051,384.67,19.04,.051991,34.598988
1785722389,deepseek-v2:lite,32.0,10913,975338,394.77,19.45,.050661,23.279319
1785722412,deepseek-v2:lite,32.0,10921,1186100,412.18,19.36,.048522,23.082363
1785722436,deepseek-v2:lite,32.0,10920,799656,370.36,19.52,.054000,19.713452
1785722456,deepseek-v2:lite,32.0,10919,800000,373.05,19.18,.053610,31.850477
1785722488,deepseek-v2:lite,32.0,10926,800000,373.12,19.36,.053601,24.783086
1785722513,deepseek-v2:lite,31.0,10929,2106542,404.55,19.82,.049436,17.651217
1785722531,deepseek-v2:lite,32.0,10913,800910,361.94,19.24,.055257,25.980997
1785722557,deepseek-v2:lite,30.0,10921,800000,398.62,19.24,.050172,27.905887
1785722586,deepseek-v2:lite,31.0,10923,819871,411.97,19.35,.048546,26.448123
1785722613,deepseek-v2:lite,33.0,10934,800000,449.08,19.14,.044535,32.586237
1785722646,deepseek-v2:lite,32.0,10918,1200000,384.79,19.42,.051975,21.568141
1785722668,deepseek-v2:lite,32.0,10931,800000,385.06,19.19,.051938,29.072237
1785722697,deepseek-v2:lite,29.0,10931,2101948,401.12,19.56,.049859,20.291252
1785722718,deepseek-v2:lite,33.0,10926,875191,393.53,19.10,.050820,29.152627
1785722747,deepseek-v2:lite,32.0,10934,617063,384.42,19.53,.052025,25.138697
1785722773,deepseek-v2:lite,32.0,10928,1907355,366.78,19.66,.054527,25.425164
1785722799,deepseek-v2:lite,32.0,10924,1061254,418.22,19.67,.047821,23.628645
1785722823,deepseek-v2:lite,32.0,10931,800000,381.42,19.62,.052435,19.823323
1785722843,deepseek-v2:lite,32.0,10926,998154,447.69,19.24,.044672,29.520486
1785722873,deepseek-v2:lite,32.0,10915,800000,403.35,19.74,.049583,19.244409
1785722892,deepseek-v2:lite,33.0,10925,800000,373.07,19.22,.053607,26.370768
1785722919,deepseek-v2:lite,32.0,10920,1490605,386.39,19.75,.051759,22.422256
1785722942,deepseek-v2:lite,32.0,10918,1487634,398.94,19.70,.050132,17.860308
1785722960,deepseek-v2:lite,32.0,10909,800000,359.81,19.46,.055584,22.242949
1785722983,deepseek-v2:lite,31.0,10919,821938,366.54,19.11,.054563,35.880953
1785723019,deepseek-v2:lite,32.0,10919,774814,388.65,19.04,.051459,29.344526
1785723049,deepseek-v2:lite,31.0,10919,800008,405.30,19.52,.049345,17.978916
1785723067,deepseek-v2:lite,32.0,10921,800000,375.72,19.41,.053231,22.561612
1785723090,deepseek-v2:lite,32.0,10923,799756,385.86,19.53,.051831,19.965269
1785723110,deepseek-v2:lite,32.0,10916,1167474,389.73,19.66,.051316,22.319143
1785723133,deepseek-v2:lite,32.0,10923,1783697,405.19,19.88,.049358,25.147786
1785723159,deepseek-v2:lite,32.0,10929,800000,425.03,20.05,.047054,22.339846
1785723181,deepseek-v2:lite,32.0,10920,1115723,380.91,20.05,.052505,19.895260
1785723202,deepseek-v2:lite,32.0,10917,1800000,462.04,19.83,.043285,24.001354
1785723226,deepseek-v2:lite,32.0,10914,799563,398.28,19.77,.050214,21.848180
1785723248,deepseek-v2:lite,32.0,10924,800000,383.24,19.30,.052185,30.514753
1785723279,deepseek-v2:lite,32.0,10924,801593,367.78,19.58,.054379,20.983829
1785723300,deepseek-v2:lite,32.0,10930,1156225,380.65,19.76,.052540,15.937508
1785723317,deepseek-v2:lite,31.0,10930,1099219,394.61,19.51,.050682,25.421796
1785723343,deepseek-v2:lite,32.0,10934,2002528,371.90,19.67,.053777,18.904749
1785723362,deepseek-v2:lite,32.0,10919,800000,365.09,19.12,.054780,28.386170
1785723391,deepseek-v2:lite,32.0,10925,799612,369.81,19.86,.054081,20.386082
1785723411,deepseek-v2:lite,32.0,10926,800000,431.67,20.26,.046331,19.640295
1785723431,deepseek-v2:lite,32.0,10926,800000,426.32,19.85,.046912,23.173433
1785723455,deepseek-v2:lite,32.0,10924,800394,381.86,19.47,.052374,22.798441
1785723478,deepseek-v2:lite,32.0,10921,797406,382.70,19.20,.052259,29.828473
1785723508,deepseek-v2:lite,32.0,10923,799081,346.44,19.56,.057729,22.285481
1785723531,deepseek-v2:lite,32.0,10928,804839,355.15,19.60,.056312,23.510369
1785723555,deepseek-v2:lite,33.0,10930,800000,385.12,19.60,.051931,22.235061
1785723577,deepseek-v2:lite,32.0,10930,1000645,390.27,19.64,.051245,18.584285
1785723596,deepseek-v2:lite,32.0,10930,1002183,379.72,19.60,.052669,24.485339
1785723621,deepseek-v2:lite,32.0,10926,1200000,408.72,19.72,.048932,20.737714
1785723642,deepseek-v2:lite,32.0,10927,800000,374.42,20.37,.053415,4.073588
1785723647,deepseek-v2:lite,32.0,10929,1121898,388.88,19.99,.051429,19.303200
1785723666,deepseek-v2:lite,32.0,10930,800000,426.73,19.58,.046867,25.023169
1785723692,deepseek-v2:lite,32.0,10934,798811,367.06,19.33,.054486,26.218969
1785723718,deepseek-v2:lite,32.0,10919,1464415,382.22,19.07,.052325,31.300451
1785723750,deepseek-v2:lite,32.0,10933,800000,433.73,19.31,.046110,30.185047
1785723781,deepseek-v2:lite,31.0,10925,875975,355.15,19.55,.056313,22.554026
1785723804,deepseek-v2:lite,32.0,10918,1089203,375.53,19.42,.053257,23.016389
1785723827,deepseek-v2:lite,32.0,10930,811205,385.99,19.56,.051814,24.024734
1785723851,deepseek-v2:lite,32.0,10922,796850,362.07,19.68,.055237,21.745486
1785723874,deepseek-v2:lite,32.0,10923,774408,415.97,19.92,.048079,16.564528
1785723890,deepseek-v2:lite,29.0,10916,1353477,399.52,19.70,.050060,21.313985
1785723912,deepseek-v2:lite,31.0,10924,800000,380.18,19.87,.052605,17.862207
1785723930,deepseek-v2:lite,32.0,10910,1202222,385.59,19.52,.051867,22.994330
1785723954,deepseek-v2:lite,31.0,10927,800000,393.48,19.82,.050828,23.602820
1785723978,deepseek-v2:lite,32.0,10921,800000,411.43,19.54,.048610,24.662459
1785724003,deepseek-v2:lite,32.0,10933,1043719,384.88,19.67,.051963,24.400679
1785724028,deepseek-v2:lite,32.0,10929,1002766,372.68,20.32,.053665,17.855709
1785724046,deepseek-v2:lite,32.0,10926,800000,426.32,19.39,.046912,25.681947
1785724072,deepseek-v2:lite,32.0,10930,802507,407.02,19.14,.049137,35.517539
1785724108,deepseek-v2:lite,33.0,10924,798786,376.87,19.61,.053068,22.843669
1785724131,deepseek-v2:lite,29.0,10922,950899,392.56,19.46,.050946,22.709746
1785724154,deepseek-v2:lite,32.0,10934,1394272,385.33,19.57,.051902,23.605538
1785724178,deepseek-v2:lite,29.0,10934,800000,383.31,19.19,.052176,26.357182
1785724205,deepseek-v2:lite,32.0,10929,800000,383.91,19.30,.052095,26.420141
1785724232,deepseek-v2:lite,32.0,10928,1196946,375.09,19.25,.053319,25.131459
1785724257,deepseek-v2:lite,32.0,10919,800000,361.53,19.54,.055319,21.026181
1785724279,deepseek-v2:lite,32.0,10935,800000,480.28,19.59,.041641,22.864363
1785724302,deepseek-v2:lite,31.0,10930,800000,364.80,19.31,.054824,25.111177
1785724327,deepseek-v2:lite,29.0,10930,800000,403.73,19.14,.049537,26.900988
1785724355,deepseek-v2:lite,32.0,10932,800000,411.47,19.96,.048605,17.580953
1785724372,deepseek-v2:lite,32.0,10923,799729,401.53,19.40,.049808,22.102482
1785724395,deepseek-v2:lite,32.0,10934,798694,377.92,19.76,.052920,17.201149
1785724413,deepseek-v2:lite,32.0,10922,876281,387.30,19.50,.051638,17.537444
1785724430,deepseek-v2:lite,32.0,10927,1000588,371.52,19.34,.053832,24.661111
1785724455,deepseek-v2:lite,31.0,10922,881051,379.25,18.95,.052734,33.770431
1785724490,deepseek-v2:lite,29.0,10916,800000,381.42,19.50,.052435,20.399913
1785724510,deepseek-v2:lite,32.0,10911,801880,389.36,19.35,.051365,25.054997
1785724536,deepseek-v2:lite,32.0,10924,1127023,410.00,19.38,.048779,27.798975
1785724564,deepseek-v2:lite,32.0,10928,799068,459.94,19.63,.043483,22.611695
1785724587,deepseek-v2:lite,32.0,10934,1000000,391.20,19.63,.051124,18.948754
1785724606,deepseek-v2:lite,32.0,10923,799562,394.09,19.07,.050749,30.660821
1785724637,deepseek-v2:lite,32.0,10935,1404697,358.62,19.48,.055768,22.224416
1785724660,deepseek-v2:lite,31.0,10936,1857867,443.47,19.60,.045098,20.916273
1785724681,deepseek-v2:lite,32.0,10931,999536,413.44,19.82,.048373,19.317573
1785724701,deepseek-v2:lite,32.0,10922,1075260,433.56,19.77,.046128,17.091034
1785724718,deepseek-v2:lite,32.0,10923,1065151,445.81,19.14,.044861,34.739440
1785724754,deepseek-v2:lite,32.0,10924,800442,397.99,19.65,.050251,21.925921
1785724776,deepseek-v2:lite,30.0,10927,800000,376.02,19.05,.053188,30.799724
1785724807,deepseek-v2:lite,32.0,10916,800000,414.11,19.19,.048295,28.553897
1785724836,deepseek-v2:lite,32.0,10925,800000,415.53,19.71,.048131,21.963146
1785724858,deepseek-v2:lite,33.0,10930,1464983,380.83,19.38,.052516,26.519217
1785724885,deepseek-v2:lite,32.0,10926,1123770,373.87,19.50,.053494,24.760570
1785724910,deepseek-v2:lite,32.0,10917,1412016,420.35,19.99,.047579,20.802683
1785724932,deepseek-v2:lite,32.0,10920,801344,395.04,19.85,.050626,25.530224
1785724958,deepseek-v2:lite,32.0,10927,800000,400.19,19.75,.049976,18.072328
1785724976,deepseek-v2:lite,32.0,10928,1497455,381.65,19.26,.052402,24.961470
1785725001,deepseek-v2:lite,32.0,10930,800000,423.27,19.40,.047250,21.899042
1785725024,deepseek-v2:lite,32.0,10927,800000,480.73,19.26,.041602,29.685912
1785725054,deepseek-v2:lite,32.0,10924,796380,372.67,19.21,.053666,27.371102
1785725081,deepseek-v2:lite,32.0,10930,800000,375.75,19.86,.053225,20.594048
1785725102,deepseek-v2:lite,32.0,10909,800000,365.85,19.74,.054667,19.502249
1785725122,deepseek-v2:lite,33.0,10916,802898,457.55,19.95,.043710,21.551246
1785725144,deepseek-v2:lite,32.0,10918,800000,408.70,20.33,.048935,18.535335
1785725163,deepseek-v2:lite,33.0,10925,800000,417.66,19.51,.047885,29.007769
1785725193,deepseek-v2:lite,32.0,10924,800000,429.12,19.57,.046606,22.375713
1785725215,deepseek-v2:lite,32.0,10924,800000,361.42,19.24,.055335,20.468844
1785725236,deepseek-v2:lite,32.0,10917,886103,378.73,19.74,.052807,17.772487
1785725254,deepseek-v2:lite,30.0,10925,1492433,364.21,19.83,.054913,18.702165
1785725273,deepseek-v2:lite,32.0,10930,761330,375.45,20.04,.053268,18.956947
1785725293,deepseek-v2:lite,32.0,10937,1376404,408.69,19.86,.048936,23.553319
1785725317,deepseek-v2:lite,32.0,10939,800000,400.36,19.78,.049954,23.754506
1785725341,deepseek-v2:lite,32.0,10931,798773,365.47,19.65,.054723,23.958728
1785725365,deepseek-v2:lite,32.0,10933,800000,418.12,21.17,.047832,1.416962
1785725367,deepseek-v2:lite,32.0,10933,800000,403.70,19.93,.049541,15.046562
1785725382,deepseek-v2:lite,32.0,10929,1000000,392.84,19.46,.050910,27.433981
1785725410,deepseek-v2:lite,33.0,10937,800000,359.61,19.33,.055614,20.946857
1785725431,deepseek-v2:lite,32.0,10933,1339344,364.44,19.53,.054877,19.809522
1785725451,deepseek-v2:lite,31.0,10929,799526,512.85,19.56,.038997,17.378026
1785725469,deepseek-v2:lite,32.0,10933,1106231,369.32,19.36,.054153,21.379599
1785725491,deepseek-v2:lite,32.0,10939,800000,351.56,19.28,.056888,25.818710
1785725517,deepseek-v2:lite,32.0,10934,1499108,410.32,19.59,.048741,20.972758
1785725538,deepseek-v2:lite,32.0,10927,2100000,424.69,19.77,.047092,22.603269
1785725561,deepseek-v2:lite,32.0,10937,800000,373.35,19.43,.053568,20.019292
1785725582,deepseek-v2:lite,32.0,10914,800000,412.16,19.39,.048524,23.248148
1785725605,deepseek-v2:lite,32.0,10915,800000,408.67,19.56,.048938,16.301684
1785725622,deepseek-v2:lite,32.0,10921,800000,409.93,19.22,.048788,30.162580
1785725653,deepseek-v2:lite,32.0,10921,1189207,382.07,19.26,.052345,22.366936
1785725675,deepseek-v2:lite,32.0,10928,2100000,375.20,19.60,.053303,20.450096
1785725696,deepseek-v2:lite,32.0,10927,855596,404.74,19.49,.049413,27.443212
1785725724,deepseek-v2:lite,30.0,10930,702134,360.38,19.33,.055496,25.597157
1785725750,deepseek-v2:lite,31.0,10932,800000,379.04,19.62,.052764,16.458641
1785725767,deepseek-v2:lite,32.0,10916,799473,404.84,20.40,.049401,14.506285
1785725782,deepseek-v2:lite,32.0,10918,976845,397.65,20.52,.050294,16.757016
1785725799,deepseek-v2:lite,32.0,10913,998846,380.82,19.73,.052517,29.597302
1785725829,deepseek-v2:lite,32.0,10921,1000000,381.79,19.64,.052384,22.855322
1785725852,deepseek-v2:lite,32.0,10926,640363,400.03,19.56,.049996,31.384465
1785725884,deepseek-v2:lite,33.0,10918,1333037,419.81,19.99,.047639,21.251041
1785725905,deepseek-v2:lite,32.0,10923,800000,397.80,19.89,.050275,19.248097
1785725925,deepseek-v2:lite,32.0,10928,1000000,370.77,19.88,.053941,21.268666
1785725947,deepseek-v2:lite,32.0,10915,798927,377.56,19.71,.052970,17.193982
1785725964,deepseek-v2:lite,32.0,10921,1200000,385.77,19.68,.051844,21.387946
1785725986,deepseek-v2:lite,32.0,10921,800000,467.52,19.56,.042778,25.815841
1785726012,deepseek-v2:lite,32.0,10929,800000,367.73,19.40,.054386,23.346025
1785726036,deepseek-v2:lite,28.0,10959,800000,374.22,18.90,.053444,37.292638
1785726074,deepseek-v2:lite,32.0,10945,1485877,420.18,19.72,.047598,22.910604
1785726097,deepseek-v2:lite,32.0,10927,800865,371.45,19.95,.053842,16.837527
1785726114,deepseek-v2:lite,31.0,10931,800000,350.22,19.73,.057105,17.486042
1785726132,deepseek-v2:lite,31.0,10922,799640,411.83,19.61,.048563,24.826193
1785726157,deepseek-v2:lite,32.0,10927,1000521,385.48,19.45,.051883,27.043573
1785726185,deepseek-v2:lite,32.0,10934,800000,421.44,20.36,.047456,15.955443
1785726201,deepseek-v2:lite,32.0,10925,799170,389.85,19.19,.051300,27.042878
1785726228,deepseek-v2:lite,32.0,10926,800000,373.92,19.78,.053486,18.601446
1785726247,deepseek-v2:lite,32.0,10923,730746,379.22,19.35,.052738,27.285517
1785726275,deepseek-v2:lite,32.0,10934,800000,382.85,19.97,.052239,15.168855
1785726290,deepseek-v2:lite,32.0,10927,801288,400.25,19.27,.049968,28.533701
1785726319,deepseek-v2:lite,33.0,10930,800000,396.37,19.55,.050457,21.066709
1785726341,deepseek-v2:lite,32.0,10928,945693,417.72,19.87,.047877,14.992771
1785726356,deepseek-v2:lite,32.0,10929,797961,409.08,19.59,.048889,20.462026
1785726377,deepseek-v2:lite,32.0,10922,800000,416.69,19.23,.047996,30.253188
1785726408,deepseek-v2:lite,32.0,10924,800000,429.54,19.22,.046560,27.250268
1785726435,deepseek-v2:lite,32.0,10934,1080050,367.50,19.16,.054421,28.382025
1785726464,deepseek-v2:lite,32.0,10923,800533,359.60,19.57,.055616,22.167058
1785726487,deepseek-v2:lite,32.0,10926,967896,377.84,19.65,.052932,24.526640
1785726512,deepseek-v2:lite,32.0,10931,1500000,514.49,19.65,.038872,22.077915
1785726534,deepseek-v2:lite,32.0,10928,1582978,412.87,19.81,.048440,21.600798
1785726556,deepseek-v2:lite,31.0,10937,799632,385.71,19.98,.051851,19.661796
1785726576,deepseek-v2:lite,32.0,10926,999560,371.92,19.99,.053774,18.200314
1785726595,deepseek-v2:lite,32.0,10932,1215792,478.60,19.27,.041787,28.116329
1785726623,deepseek-v2:lite,32.0,10937,800322,380.52,19.66,.052559,25.787675
1785726649,deepseek-v2:lite,32.0,10934,797042,383.77,19.95,.052113,16.641464
1785726666,deepseek-v2:lite,32.0,10931,799318,381.46,19.72,.052429,22.004751
1785726689,deepseek-v2:lite,32.0,10919,800000,361.01,18.90,.055399,35.394648
1785726724,deepseek-v2:lite,29.0,10921,800257,386.19,19.61,.051786,18.605956
1785726743,deepseek-v2:lite,33.0,10909,1470979,403.01,20.23,.049626,5.090754
1785726749,deepseek-v2:lite,32.0,10923,1500000,384.67,19.49,.051991,24.826827
1785726774,deepseek-v2:lite,31.0,10918,935045,403.16,19.76,.049606,23.322581
1785726798,deepseek-v2:lite,32.0,10912,1555179,374.34,19.15,.053427,25.687525
1785726824,deepseek-v2:lite,33.0,10915,800000,375.52,19.43,.053258,27.894756
1785726852,deepseek-v2:lite,32.0,10916,800000,410.23,20.13,.048752,19.071265
1785726872,deepseek-v2:lite,32.0,10923,1100000,401.74,19.44,.049782,28.640883
1785726901,deepseek-v2:lite,32.0,10924,1339800,496.30,19.23,.040298,25.574255
1785726927,deepseek-v2:lite,30.0,10923,1254227,389.77,19.84,.051311,15.520425
1785726942,deepseek-v2:lite,33.0,10922,801234,366.39,19.47,.054585,23.728808
1785726967,deepseek-v2:lite,32.0,10925,1093048,393.45,19.56,.050831,23.104307
1785726990,deepseek-v2:lite,32.0,10925,800000,386.81,19.48,.051704,21.198338
1785727012,deepseek-v2:lite,32.0,10922,800000,432.15,19.74,.046279,21.935030
1785727034,deepseek-v2:lite,32.0,10923,2102182,380.30,19.50,.052589,29.691847
1785727064,deepseek-v2:lite,32.0,10923,800000,470.52,19.88,.042505,21.621317
1785727086,deepseek-v2:lite,32.0,10925,1730308,370.91,20.03,.053921,16.321927
1785727103,deepseek-v2:lite,32.0,10928,800000,405.60,19.62,.049308,22.314122
1785727125,deepseek-v2:lite,32.0,10924,1200000,398.03,19.66,.050246,23.243250
1785727149,deepseek-v2:lite,32.0,10921,800640,370.77,19.39,.053941,27.427407
1785727177,deepseek-v2:lite,32.0,10921,800000,386.03,19.82,.051808,14.272471
1785727191,deepseek-v2:lite,32.0,10927,800000,458.64,19.77,.043606,19.622273
1785727211,deepseek-v2:lite,32.0,10919,843217,369.64,19.21,.054105,27.430295
1785727239,deepseek-v2:lite,32.0,10934,801170,379.09,19.76,.052757,19.681568
1785727259,deepseek-v2:lite,32.0,10917,800000,431.95,19.76,.046301,21.909013
1785727281,deepseek-v2:lite,32.0,10919,800000,369.40,20.18,.054141,17.046384
1785727299,deepseek-v2:lite,32.0,10924,801052,411.69,20.28,.048579,18.041477
1785727317,deepseek-v2:lite,32.0,10920,800000,417.52,19.71,.047901,17.095606
1785727335,deepseek-v2:lite,29.0,10928,1192533,381.51,19.86,.052422,17.164005
1785727352,deepseek-v2:lite,32.0,10926,1882529,437.00,19.65,.045765,18.570771
1785727371,deepseek-v2:lite,32.0,10930,1500000,394.60,19.84,.050683,21.511969
1785727393,deepseek-v2:lite,31.0,10926,800000,402.20,19.48,.049725,22.121077
1785727415,deepseek-v2:lite,32.0,10926,913450,389.53,19.50,.051342,26.038248
1785727442,deepseek-v2:lite,32.0,10923,1372706,387.52,19.61,.051610,23.139824
1785727465,deepseek-v2:lite,32.0,10931,800000,389.59,19.45,.051335,23.691814
1785727489,deepseek-v2:lite,32.0,10931,800000,383.00,19.18,.052217,25.119253
1785727515,deepseek-v2:lite,32.0,10930,852566,418.30,19.83,.047812,23.799305
1785727539,deepseek-v2:lite,32.0,10928,800000,368.05,19.96,.054339,19.937706
1785727559,deepseek-v2:lite,31.0,10925,1142135,384.58,19.41,.052003,26.993504
1785727587,deepseek-v2:lite,32.0,10932,801358,435.77,19.75,.045895,22.725418
1785727610,deepseek-v2:lite,32.0,10939,801488,383.33,19.76,.052174,22.316537
1785727633,deepseek-v2:lite,32.0,10933,1205629,377.16,19.51,.053027,25.875674
1785727659,deepseek-v2:lite,32.0,10933,1100000,375.76,19.72,.053224,21.090648
1785727680,deepseek-v2:lite,32.0,10930,1591291,481.93,19.82,.041499,17.401663
1785727698,deepseek-v2:lite,29.0,10935,799698,391.58,19.61,.051074,20.030584
1785727718,deepseek-v2:lite,32.0,10929,1208592,409.86,18.96,.048796,30.009795
1785727749,deepseek-v2:lite,32.0,10926,799498,364.23,19.16,.054910,31.888878
1785727781,deepseek-v2:lite,32.0,10930,800000,413.22,19.68,.048399,18.741189
1785727800,deepseek-v2:lite,32.0,10941,999532,371.79,19.76,.053793,21.399460
1785727822,deepseek-v2:lite,32.0,10928,1848036,431.86,19.58,.046310,22.055291
1785727844,deepseek-v2:lite,32.0,10929,800000,370.49,19.64,.053981,24.383847
1785727869,deepseek-v2:lite,31.0,10937,800000,403.63,19.81,.049550,21.493928
1785727891,deepseek-v2:lite,32.0,10933,795769,432.50,20.19,.046241,18.417029
1785727910,deepseek-v2:lite,32.0,10932,801360,422.07,19.73,.047384,24.121703
1785727934,deepseek-v2:lite,32.0,10929,1091199,353.39,19.69,.056594,23.610870
1785727958,deepseek-v2:lite,32.0,10941,852849,386.37,20.82,.051763,5.330757
1785727964,deepseek-v2:lite,32.0,10930,1752536,521.20,19.12,.038372,37.917673
1785728002,deepseek-v2:lite,29.0,10930,799131,373.87,19.47,.053493,20.440488
1785728023,deepseek-v2:lite,32.0,10926,1200000,392.66,19.86,.050933,19.025130
1785728043,deepseek-v2:lite,31.0,10927,800000,377.33,19.77,.053003,24.321193
1785728067,deepseek-v2:lite,32.0,10927,1193722,416.76,19.48,.047988,23.246556
1785728091,deepseek-v2:lite,32.0,10922,1572030,365.53,19.48,.054714,24.018352
1785728115,deepseek-v2:lite,32.0,10927,802081,428.31,19.79,.046694,28.448538
1785728144,deepseek-v2:lite,32.0,10922,798584,409.94,19.69,.048787,23.709890
1785728168,deepseek-v2:lite,32.0,10926,800000,392.68,19.03,.050932,30.305464
1785728199,deepseek-v2:lite,32.0,10935,800000,371.47,19.30,.053839,29.842552
1785728229,deepseek-v2:lite,29.0,10932,800000,444.03,18.97,.045041,30.824279
1785728260,deepseek-v2:lite,31.0,10916,854697,378.56,19.62,.052830,16.608021
1785728277,deepseek-v2:lite,32.0,10917,2106306,388.65,19.32,.051459,24.994527
1785728303,deepseek-v2:lite,32.0,10926,800000,411.48,19.55,.048603,23.985896
1785728327,deepseek-v2:lite,32.0,10917,964390,377.44,19.68,.052987,16.610589
1785728344,deepseek-v2:lite,32.0,10919,1901357,379.68,19.49,.052675,26.474589
1785728371,deepseek-v2:lite,32.0,10924,800000,408.02,19.44,.049016,22.678763
1785728394,deepseek-v2:lite,31.0,10919,1086247,375.94,19.82,.053198,15.588395
1785728410,deepseek-v2:lite,32.0,10913,1036231,471.66,19.84,.042402,18.594104
1785728429,deepseek-v2:lite,32.0,10918,1800000,402.46,19.94,.049693,16.648020
1785728446,deepseek-v2:lite,32.0,10924,1188121,387.94,19.25,.051553,26.433914
1785728473,deepseek-v2:lite,32.0,10927,1400000,376.26,19.44,.053154,20.877064
1785728494,deepseek-v2:lite,31.0,10915,1200000,411.83,20.12,.048562,13.766559
1785728508,deepseek-v2:lite,31.0,10917,1378228,471.88,19.47,.042382,22.847607
1785728531,deepseek-v2:lite,28.0,10920,800000,432.79,19.98,.046211,14.761627
1785728546,deepseek-v2:lite,32.0,10926,1400000,386.61,19.12,.051730,34.297541
1785728581,deepseek-v2:lite,33.0,10931,800000,372.68,19.56,.053664,20.090200
1785728601,deepseek-v2:lite,32.0,10922,800000,391.38,19.44,.051100,23.295485
1785728625,deepseek-v2:lite,32.0,10924,797515,368.05,19.57,.054340,25.038255
1785728650,deepseek-v2:lite,32.0,10930,800000,429.09,19.20,.046610,26.341876
1785728677,deepseek-v2:lite,32.0,10923,1499091,392.26,19.21,.050986,30.856026
1785728708,deepseek-v2:lite,32.0,10931,800000,370.20,19.56,.054024,22.791172
1785728732,deepseek-v2:lite,31.0,10932,798666,394.45,20.04,.050702,16.715932
1785728749,deepseek-v2:lite,32.0,10912,934343,363.05,19.75,.055087,18.827736
1785728768,deepseek-v2:lite,32.0,10929,800000,371.72,20.06,.053803,19.187880
1785728787,deepseek-v2:lite,32.0,10913,798656,437.43,19.51,.045720,27.214425
1785728815,deepseek-v2:lite,32.0,10922,800000,372.25,19.49,.053725,23.752026
1785728839,deepseek-v2:lite,29.0,10928,982252,383.48,19.40,.052153,26.797330
1785728866,deepseek-v2:lite,32.0,10925,802539,411.13,19.79,.048645,26.073438
1785728893,deepseek-v2:lite,32.0,10928,800000,416.20,20.18,.048053,17.786345
1785728911,deepseek-v2:lite,32.0,10928,998789,414.27,20.09,.048276,12.542097
1785728924,deepseek-v2:lite,32.0,10925,2100000,367.55,19.77,.054413,23.717903
1785728948,deepseek-v2:lite,29.0,10915,859104,423.81,18.93,.047190,33.325630
1785728982,deepseek-v2:lite,32.0,10925,799492,389.07,19.52,.051404,26.217184
1785729008,deepseek-v2:lite,32.0,10923,1652150,380.90,19.77,.052506,19.011344
1785729028,deepseek-v2:lite,32.0,10917,1100000,384.29,19.37,.052043,25.288468
1785729053,deepseek-v2:lite,32.0,10930,800972,375.36,19.90,.053281,16.027592
1785729070,deepseek-v2:lite,31.0,10922,800000,394.95,19.42,.050639,26.979918
1785729097,deepseek-v2:lite,31.0,10927,1601107,393.95,19.56,.050767,21.670766
1785729119,deepseek-v2:lite,29.0,10919,998310,381.15,20.05,.052472,20.142534
1785729140,deepseek-v2:lite,32.0,10924,798811,389.81,19.64,.051306,23.970680
1785729164,deepseek-v2:lite,29.0,10923,1000000,455.05,19.33,.043950,31.802385
1785729196,deepseek-v2:lite,32.0,10924,800000,400.39,19.42,.049950,27.650161
1785729224,deepseek-v2:lite,32.0,10918,798664,384.44,19.51,.052023,23.618866
1785729248,deepseek-v2:lite,32.0,10915,798620,406.34,19.53,.049219,23.597317
1785729272,deepseek-v2:lite,32.0,10931,800000,391.69,19.48,.051059,25.254983
1785729298,deepseek-v2:lite,31.0,10932,1556171,380.30,19.42,.052589,25.842582
1785729324,deepseek-v2:lite,32.0,10923,800000,409.46,19.97,.048843,23.232204
1785729348,deepseek-v2:lite,32.0,10931,800000,420.94,20.14,.047512,18.617345
1785729367,deepseek-v2:lite,32.0,10927,945112,431.26,19.43,.046375,26.031496
1785729393,deepseek-v2:lite,29.0,10928,800000,380.97,19.42,.052496,22.235329
1785729416,deepseek-v2:lite,32.0,10917,1001076,413.66,19.48,.048348,22.936873
1785729439,deepseek-v2:lite,32.0,10933,800000,355.61,19.40,.056240,27.104057
1785729467,deepseek-v2:lite,32.0,10923,1321789,364.15,19.65,.054922,18.825310
1785729486,deepseek-v2:lite,31.0,10930,1851330,402.76,19.96,.049656,19.487283
1785729506,deepseek-v2:lite,32.0,10925,800000,402.33,19.67,.049709,18.244889
1785729524,deepseek-v2:lite,32.0,10919,1000000,375.52,19.53,.053259,27.952113
1785729553,deepseek-v2:lite,32.0,10914,965288,461.23,19.36,.043361,25.298095
1785729578,deepseek-v2:lite,32.0,10927,1751180,377.45,19.08,.052986,28.091832
1785729607,deepseek-v2:lite,32.0,10923,906488,411.97,19.24,.048546,26.237757
1785729633,deepseek-v2:lite,32.0,10937,799150,367.77,19.87,.054381,18.717626
1785729652,deepseek-v2:lite,31.0,10926,800000,404.14,19.49,.049486,26.213837
1785729679,deepseek-v2:lite,32.0,10914,800000,375.67,19.76,.053237,21.802188
1785729701,deepseek-v2:lite,32.0,10917,798380,381.41,20.13,.052435,15.050040
1785729717,deepseek-v2:lite,32.0,10925,803162,400.10,19.81,.049987,18.371670
1785729735,deepseek-v2:lite,32.0,10925,752896,449.99,19.69,.044444,16.248659
1785729752,deepseek-v2:lite,31.0,10916,800000,387.35,19.38,.051631,28.636695
1785729781,deepseek-v2:lite,32.0,10922,867637,433.02,19.46,.046186,28.519722
1785729810,deepseek-v2:lite,32.0,10928,799991,427.99,19.97,.046729,20.478849
1785729831,deepseek-v2:lite,32.0,10924,802185,394.88,19.42,.050647,30.016294
1785729861,deepseek-v2:lite,32.0,10923,800000,384.55,19.50,.052008,22.247900
1785729884,deepseek-v2:lite,31.0,10924,800824,372.33,19.48,.053715,27.151423
1785729911,deepseek-v2:lite,31.0,10927,800000,377.74,19.69,.052946,19.089449
1785729931,deepseek-v2:lite,32.0,10928,800000,421.62,19.10,.047435,30.667173
1785729962,deepseek-v2:lite,31.0,10926,1000668,405.04,19.62,.049376,22.272851
1785729984,deepseek-v2:lite,32.0,10926,800867,393.80,19.66,.050786,20.439594
1785730005,deepseek-v2:lite,32.0,10929,800324,387.75,19.21,.051578,30.336466
1785730036,deepseek-v2:lite,33.0,10930,1914004,359.98,19.41,.055558,22.719963
1785730059,deepseek-v2:lite,32.0,10923,798623,394.58,20.25,.050685,13.527923
1785730073,deepseek-v2:lite,32.0,10925,800000,369.24,19.53,.054164,22.212472
1785730096,deepseek-v2:lite,32.0,10930,802266,370.16,19.94,.054029,23.517005
1785730120,deepseek-v2:lite,32.0,10931,800000,358.58,18.96,.055774,37.226167
1785730157,deepseek-v2:lite,32.0,10940,2100000,398.25,19.53,.050219,27.383344
1785730185,deepseek-v2:lite,33.0,10936,800000,388.09,19.98,.051533,18.662189
1785730204,deepseek-v2:lite,32.0,10921,1004920,400.65,19.59,.049917,27.450822
1785730232,deepseek-v2:lite,32.0,10923,1397440,382.96,19.01,.052223,34.765348
1785730267,deepseek-v2:lite,31.0,10923,801292,356.19,19.23,.056148,31.614147
1785730299,deepseek-v2:lite,32.0,10926,805108,403.40,19.94,.049578,18.000306
1785730317,deepseek-v2:lite,32.0,10931,1382547,385.66,19.94,.051858,18.052211
1785730336,deepseek-v2:lite,32.0,10921,799078,414.68,19.85,.048229,22.161980
1785730358,deepseek-v2:lite,32.0,10934,691379,387.15,19.72,.051658,19.472376
1785730378,deepseek-v2:lite,32.0,10938,800000,360.66,19.71,.055453,16.179610
1785730395,deepseek-v2:lite,32.0,10917,800000,403.93,20.08,.049513,15.581914
1785730411,deepseek-v2:lite,32.0,10917,891806,422.35,19.40,.047353,25.557763
1785730437,deepseek-v2:lite,32.0,10926,800000,377.78,20.10,.052940,16.416930
1785730453,deepseek-v2:lite,29.0,10920,1000000,392.21,19.55,.050992,21.934294
1785730476,deepseek-v2:lite,32.0,10929,1077201,367.57,19.79,.054410,21.169105
1785730497,deepseek-v2:lite,32.0,10924,800000,379.27,19.87,.052732,16.954428
1785730514,deepseek-v2:lite,32.0,10927,800000,410.87,19.75,.048676,17.567099
1785730532,deepseek-v2:lite,32.0,10929,800000,415.52,19.62,.048131,19.869687
1785730553,deepseek-v2:lite,32.0,10940,800000,372.46,19.32,.053696,26.341604
1785730579,deepseek-v2:lite,32.0,10933,800000,474.04,19.80,.042190,19.895775
1785730600,deepseek-v2:lite,29.0,10919,801937,362.33,19.68,.055197,20.018886
1785730620,deepseek-v2:lite,32.0,10922,800000,502.14,19.44,.039828,26.685773
1785730647,deepseek-v2:lite,32.0,10925,1490185,379.76,19.68,.052663,22.458882
1785730670,deepseek-v2:lite,32.0,10925,800000,361.82,19.69,.055275,23.557470
1785730694,deepseek-v2:lite,32.0,10922,800000,376.97,19.83,.053054,19.359394
1785730714,deepseek-v2:lite,32.0,10920,799656,376.25,19.68,.053155,18.950983
1785730733,deepseek-v2:lite,32.0,10926,999546,390.73,19.56,.051185,19.375843
1785730753,deepseek-v2:lite,32.0,10917,2105865,432.59,19.62,.046232,18.090030
1785730771,deepseek-v2:lite,31.0,10927,800000,410.73,19.81,.048693,21.549045
1785730793,deepseek-v2:lite,32.0,10928,633788,384.13,19.31,.052064,27.180120
1785730821,deepseek-v2:lite,32.0,10933,1083491,481.26,19.06,.041557,33.987584
1785730855,deepseek-v2:lite,31.0,10934,800000,465.32,19.60,.042980,27.036852
1785730882,deepseek-v2:lite,32.0,10931,864136,464.74,19.33,.043034,24.924533
1785730908,deepseek-v2:lite,32.0,10926,800000,472.64,19.60,.042315,19.583147
1785730928,deepseek-v2:lite,31.0,10925,1036959,348.62,19.23,.057368,29.006664
1785730957,deepseek-v2:lite,32.0,10927,800000,416.21,19.62,.048052,20.126127
1785730978,deepseek-v2:lite,32.0,10942,800049,373.24,18.70,.053584,40.514829
1785731019,deepseek-v2:lite,32.0,10945,1324519,405.00,19.44,.049382,24.063851
1785731043,deepseek-v2:lite,32.0,10920,1718793,372.78,19.58,.053650,24.411364
1785731068,deepseek-v2:lite,32.0,10927,829293,402.83,19.46,.049648,22.764575
1785731091,deepseek-v2:lite,31.0,10931,1101960,383.43,19.94,.052159,15.442725
1785731107,deepseek-v2:lite,32.0,10933,1161835,378.92,19.05,.052780,29.487354
1785731137,deepseek-v2:lite,32.0,10928,795294,357.80,19.71,.055896,14.508953
1785731151,deepseek-v2:lite,31.0,10927,1400980,414.07,19.84,.048300,18.288128
1785731170,deepseek-v2:lite,32.0,10927,800000,397.95,19.90,.050257,17.083828
1785731188,deepseek-v2:lite,32.0,10919,2013787,383.83,19.77,.052105,18.410390
1785731206,deepseek-v2:lite,32.0,10933,864214,374.91,19.43,.053346,26.607898
1785731233,deepseek-v2:lite,32.0,10927,800000,447.72,19.19,.044670,33.283059
1785731267,deepseek-v2:lite,29.0,10924,800179,408.36,19.44,.048975,23.705302
1785731291,deepseek-v2:lite,32.0,10923,800000,375.57,19.35,.053251,23.760676
1785731315,deepseek-v2:lite,32.0,10935,799634,409.54,19.22,.048834,29.856406
1785731346,deepseek-v2:lite,32.0,10940,800000,347.14,20.43,.057613,14.336631
1785731360,deepseek-v2:lite,32.0,10933,800000,371.47,19.97,.053839,23.423860
1785731384,deepseek-v2:lite,31.0,10931,800421,395.00,19.85,.050632,20.501642
1785731405,deepseek-v2:lite,32.0,10932,800000,397.90,19.79,.050263,22.073208
1785731427,deepseek-v2:lite,31.0,10931,800000,401.61,19.28,.049799,25.568087
1785731453,deepseek-v2:lite,32.0,10926,801076,418.48,19.35,.047791,23.554865
1785731477,deepseek-v2:lite,32.0,10931,800682,407.83,20.13,.049038,14.751170
1785731492,deepseek-v2:lite,32.0,10916,2100000,430.49,19.50,.046457,21.997039
1785731515,deepseek-v2:lite,31.0,10922,634819,387.26,19.47,.051643,27.528778
1785731543,deepseek-v2:lite,32.0,10928,2087311,374.58,18.92,.053393,34.866036
1785731578,deepseek-v2:lite,32.0,10924,2103172,426.83,19.63,.046856,19.866577
1785731598,deepseek-v2:lite,29.0,10928,1050842,408.49,19.59,.048960,20.208428
1785731619,deepseek-v2:lite,32.0,10935,800000,379.06,19.70,.052762,25.019351
1785731644,deepseek-v2:lite,32.0,10927,800000,529.06,19.72,.037802,21.903756
1785731666,deepseek-v2:lite,32.0,10930,802130,383.81,19.52,.052108,21.715293
1785731688,deepseek-v2:lite,31.0,10922,644341,377.50,19.39,.052978,26.911641
1785731716,deepseek-v2:lite,32.0,10929,800000,387.57,19.59,.051602,21.890351
1785731738,deepseek-v2:lite,32.0,10930,2100000,483.86,18.67,.041333,42.085094
1785731781,deepseek-v2:lite,32.0,10930,800000,381.55,19.96,.052416,23.240385
1785731804,deepseek-v2:lite,31.0,10928,801006,386.48,19.41,.051748,29.409183
1785731834,deepseek-v2:lite,28.0,10934,846279,407.46,19.82,.049084,25.568312
1785731860,deepseek-v2:lite,31.0,10927,800000,412.04,19.85,.048538,19.285046
1785731880,deepseek-v2:lite,33.0,10918,800000,392.05,19.18,.051013,29.350130
1785731909,deepseek-v2:lite,31.0,10925,1436170,404.44,19.25,.049450,27.105436
1785731937,deepseek-v2:lite,32.0,10931,800000,392.34,18.99,.050974,32.911684
1785731970,deepseek-v2:lite,31.0,10931,800000,369.63,19.51,.054107,23.116035
1785731994,deepseek-v2:lite,32.0,10928,800437,378.69,19.34,.052812,23.836290
1785732018,deepseek-v2:lite,32.0,10935,800495,365.47,19.47,.054723,22.793794
1785732041,deepseek-v2:lite,32.0,10936,799575,392.40,19.44,.050967,27.978420
1785732069,deepseek-v2:lite,32.0,10929,1591397,411.89,19.29,.048555,26.017538
1785732096,deepseek-v2:lite,32.0,10923,802022,394.99,19.86,.050633,23.304292
1785732120,deepseek-v2:lite,32.0,10921,800864,430.95,19.29,.046408,30.674268
1785732151,deepseek-v2:lite,32.0,10926,800000,371.73,19.56,.053801,20.392809
1785732171,deepseek-v2:lite,32.0,10922,800800,388.12,19.56,.051529,18.195477
1785732190,deepseek-v2:lite,32.0,10916,865208,417.78,19.98,.047871,20.313427
1785732211,deepseek-v2:lite,32.0,10922,1400000,483.85,20.24,.041335,23.116651
1785732234,deepseek-v2:lite,32.0,10935,797278,498.23,19.95,.040141,17.939604
1785732252,deepseek-v2:lite,32.0,10930,799665,390.69,19.63,.051191,20.930200
1785732274,deepseek-v2:lite,32.0,10939,800000,384.87,19.32,.051965,27.689039
1785732302,deepseek-v2:lite,29.0,10942,1518476,368.69,19.61,.054244,17.434711
1785732320,deepseek-v2:lite,32.0,10932,801061,377.57,19.85,.052969,19.137672
1785732339,deepseek-v2:lite,32.0,10918,800928,425.56,19.72,.046996,23.422758
1785732363,deepseek-v2:lite,32.0,10925,800000,377.36,19.59,.052999,18.112758
1785732381,deepseek-v2:lite,32.0,10926,800000,385.26,19.66,.051912,17.343030
1785732399,deepseek-v2:lite,31.0,10933,800000,423.63,19.87,.047210,19.775291
1785732419,deepseek-v2:lite,32.0,10931,1069875,377.14,19.55,.053030,25.573134
1785732445,deepseek-v2:lite,31.0,10928,761260,398.03,19.61,.050247,22.131018
1785732468,deepseek-v2:lite,31.0,10928,920150,373.09,19.19,.053606,32.609889
1785732501,deepseek-v2:lite,31.0,10923,1400000,485.03,19.75,.041233,20.699834
1785732522,deepseek-v2:lite,32.0,10928,2100000,395.97,19.97,.050508,14.369628
1785732536,deepseek-v2:lite,32.0,10927,800586,399.38,19.19,.050076,30.729970
1785732568,deepseek-v2:lite,32.0,10919,2100000,381.19,20.00,.052466,21.192064
1785732589,deepseek-v2:lite,32.0,10924,1151819,366.66,19.72,.054546,22.255604
1785732612,deepseek-v2:lite,31.0,10922,800000,368.23,19.01,.054313,32.234345
1785732644,deepseek-v2:lite,32.0,10924,800096,406.55,19.21,.049194,24.671262
1785732670,deepseek-v2:lite,31.0,10935,1501296,434.58,19.01,.046021,33.082562
1785732703,deepseek-v2:lite,29.0,10928,800000,339.30,19.33,.058943,25.648580
1785732729,deepseek-v2:lite,32.0,10932,1497444,380.93,19.50,.052501,28.351107
1785732758,deepseek-v2:lite,31.0,10924,1397579,433.57,19.38,.046128,27.179111
1785732785,deepseek-v2:lite,31.0,10923,800000,388.40,19.71,.051492,20.898125
1785732807,deepseek-v2:lite,32.0,10923,681651,383.82,19.66,.052106,23.285423
1785732830,deepseek-v2:lite,32.0,10931,2102533,386.98,19.22,.051680,28.551435
1785732859,deepseek-v2:lite,28.0,10930,1182006,484.84,19.79,.041249,17.836238
1785732877,deepseek-v2:lite,31.0,10930,1350537,368.00,19.83,.054346,15.928082
1785732894,deepseek-v2:lite,32.0,10931,1002301,403.04,19.63,.049622,30.098690
1785732924,deepseek-v2:lite,32.0,10921,799039,361.08,19.37,.055389,23.124862
1785732948,deepseek-v2:lite,31.0,10927,869484,369.48,19.95,.054129,14.180276
1785732962,deepseek-v2:lite,32.0,10932,1050300,379.24,19.66,.052736,19.781239
1785732982,deepseek-v2:lite,28.0,10924,1201812,387.58,19.00,.051601,37.615236
1785733020,deepseek-v2:lite,32.0,10923,798793,355.86,19.27,.056201,26.197576
1785733047,deepseek-v2:lite,32.0,10927,936726,389.88,19.68,.051296,23.362634
1785733071,deepseek-v2:lite,31.0,10924,799310,374.18,20.28,.053448,14.835952
1785733086,deepseek-v2:lite,32.0,10925,1912172,482.87,20.15,.041418,20.590866
1785733107,deepseek-v2:lite,31.0,10934,797047,372.13,19.99,.053743,17.055395
1785733124,deepseek-v2:lite,31.0,10927,800000,381.64,19.67,.052404,23.739866
1785733148,deepseek-v2:lite,32.0,10924,1298126,415.97,19.53,.048080,21.504278
1785733170,deepseek-v2:lite,31.0,10926,799074,369.60,19.50,.054112,29.689880
1785733200,deepseek-v2:lite,32.0,10917,800000,383.03,19.45,.052214,25.857269
1785733227,deepseek-v2:lite,32.0,10926,799790,359.34,19.68,.055656,24.431903
1785733251,deepseek-v2:lite,31.0,10954,800000,384.71,19.06,.051987,34.095847
1785733286,deepseek-v2:lite,32.0,10955,800909,417.34,19.90,.047922,16.074952
1785733302,deepseek-v2:lite,32.0,10943,1178378,369.43,19.27,.054136,31.172695
1785733334,deepseek-v2:lite,32.0,10949,797042,402.11,19.77,.049736,21.842680
1785733356,deepseek-v2:lite,32.0,10946,800741,409.34,19.34,.048858,31.635864
1785733388,deepseek-v2:lite,31.0,10937,801079,398.71,20.26,.050161,20.778831
1785733409,deepseek-v2:lite,32.0,10939,797900,467.96,20.22,.042738,23.436441
1785733433,deepseek-v2:lite,32.0,10937,800000,385.99,19.82,.051813,24.412776
1785733458,deepseek-v2:lite,28.0,10919,962844,377.82,19.87,.052934,18.615716
1785733477,deepseek-v2:lite,32.0,10922,800000,395.86,19.29,.050521,31.354428
1785733509,deepseek-v2:lite,28.0,10918,799709,383.20,19.22,.052191,29.386139
1785733539,deepseek-v2:lite,32.0,10928,800000,416.85,19.90,.047978,16.424973
1785733555,deepseek-v2:lite,32.0,10926,798701,390.77,19.98,.051180,19.818233
1785733576,deepseek-v2:lite,32.0,10921,800000,404.59,20.26,.049432,15.842484
1785733592,deepseek-v2:lite,32.0,10928,865666,410.27,19.97,.048747,17.518868
1785733610,deepseek-v2:lite,32.0,10927,800000,391.70,19.51,.051059,24.080985
1785733634,deepseek-v2:lite,32.0,10931,1380056,436.84,20.18,.045783,14.271011
1785733649,deepseek-v2:lite,32.0,10932,980705,421.39,19.59,.047461,26.992733
1785733676,deepseek-v2:lite,32.0,10912,800000,415.41,19.16,.048144,31.102136
1785733708,deepseek-v2:lite,32.0,10916,1334186,368.65,19.58,.054251,18.229247
1785733726,deepseek-v2:lite,32.0,10910,1450729,384.64,18.97,.051996,34.932232
1785733762,deepseek-v2:lite,31.0,10927,800000,393.76,19.39,.050791,26.033430
1785733788,deepseek-v2:lite,32.0,10930,1000000,387.15,19.40,.051658,24.277413
1785733813,deepseek-v2:lite,29.0,10929,1200000,359.45,19.62,.055639,19.719601
1785733833,deepseek-v2:lite,32.0,10932,1400000,376.58,19.96,.053109,24.243267
1785733857,deepseek-v2:lite,31.0,10930,800000,377.82,19.59,.052934,26.645306
1785733884,deepseek-v2:lite,32.0,10921,2100000,429.36,19.46,.046580,35.037871
1785733920,deepseek-v2:lite,32.0,10923,800000,350.16,18.93,.057116,29.473054
1785733950,deepseek-v2:lite,32.0,10933,800105,363.03,19.63,.055090,22.203182
1785733972,deepseek-v2:lite,31.0,10933,800000,374.83,20.15,.053356,14.836815
1785733987,deepseek-v2:lite,32.0,10926,1380467,346.79,18.99,.057671,28.535292
1785734016,deepseek-v2:lite,32.0,10935,800000,372.18,19.83,.053736,18.753544
1785734036,deepseek-v2:lite,31.0,10925,1608939,391.48,19.71,.051087,16.484644
1785734052,deepseek-v2:lite,32.0,10937,799305,378.42,19.54,.052850,21.132141
1785734074,deepseek-v2:lite,32.0,10932,1000000,399.08,19.50,.050115,26.044092
1785734100,deepseek-v2:lite,32.0,10923,798377,415.75,20.04,.048104,19.455198
1785734120,deepseek-v2:lite,31.0,10916,1126905,361.29,19.75,.055356,21.002757
1785734141,deepseek-v2:lite,32.0,10926,799548,427.03,19.90,.046834,23.111686
1785734165,deepseek-v2:lite,32.0,10938,800000,462.71,19.94,.043223,25.421717
1785734191,deepseek-v2:lite,33.0,10932,802957,404.55,19.74,.049436,22.636634
1785734214,deepseek-v2:lite,32.0,10926,800000,410.13,19.70,.048764,22.636981
1785734237,deepseek-v2:lite,32.0,10926,801880,401.23,19.64,.049846,18.380838
1785734256,deepseek-v2:lite,32.0,10916,1358226,388.25,19.58,.051513,22.114082
1785734278,deepseek-v2:lite,32.0,10922,800000,398.14,18.88,.050232,35.218297
1785734314,deepseek-v2:lite,33.0,10916,1197530,370.19,19.30,.054025,26.621162
1785734341,deepseek-v2:lite,32.0,10925,1820037,422.91,19.97,.047290,20.079001
1785734361,deepseek-v2:lite,32.0,10921,1100000,417.31,20.26,.047925,15.941929
1785734377,deepseek-v2:lite,32.0,10916,1647105,379.28,19.84,.052731,25.797906
1785734404,deepseek-v2:lite,32.0,10914,800710,443.29,19.73,.045116,22.297184
1785734426,deepseek-v2:lite,32.0,10924,2100000,371.69,19.69,.053806,15.787815
1785734442,deepseek-v2:lite,32.0,10926,800000,413.04,19.18,.048420,35.383339
1785734478,deepseek-v2:lite,31.0,10933,800797,430.64,19.40,.046442,29.277958
1785734508,deepseek-v2:lite,31.0,10925,938613,415.96,19.51,.048080,22.600434
1785734531,deepseek-v2:lite,32.0,10928,1363195,384.87,19.26,.051965,27.820784
1785734559,deepseek-v2:lite,32.0,10928,1288174,400.20,19.72,.049974,16.578303
1785734576,deepseek-v2:lite,32.0,10933,799691,411.43,19.49,.048610,20.928389
1785734597,deepseek-v2:lite,32.0,10926,800000,369.24,19.42,.054164,26.456033
1785734624,deepseek-v2:lite,32.0,10934,801054,479.79,19.26,.041684,29.064237
1785734654,deepseek-v2:lite,32.0,10933,799569,376.00,18.93,.053191,29.096997
1785734683,deepseek-v2:lite,32.0,10932,798964,364.45,19.58,.054876,21.696812
1785734705,deepseek-v2:lite,32.0,10937,799398,435.25,19.65,.045950,18.974862
1785734724,deepseek-v2:lite,32.0,10932,800000,399.10,19.46,.050112,24.555856
1785734749,deepseek-v2:lite,31.0,10939,800818,411.49,19.17,.048603,27.275375
1785734777,deepseek-v2:lite,31.0,10935,799591,391.85,19.72,.051038,22.104768
1785734800,deepseek-v2:lite,32.0,10931,2106774,355.97,19.14,.056183,27.415348
1785734827,deepseek-v2:lite,32.0,10924,799247,409.06,19.33,.048892,22.916171
1785734851,deepseek-v2:lite,32.0,10926,801136,403.31,19.99,.049588,16.406070
1785734867,deepseek-v2:lite,32.0,10926,1807755,382.91,19.20,.052230,28.580709
1785734896,deepseek-v2:lite,32.0,10909,798868,384.55,19.74,.052008,19.499490
1785734916,deepseek-v2:lite,32.0,10921,800000,474.31,19.38,.042165,25.536339
1785734942,deepseek-v2:lite,32.0,10924,800843,380.51,19.58,.052560,23.638805
1785734966,deepseek-v2:lite,32.0,10917,800000,378.05,19.85,.052901,24.580642
1785734991,deepseek-v2:lite,31.0,10918,800000,394.73,19.74,.050666,23.247284
1785735015,deepseek-v2:lite,32.0,10926,1000603,404.31,19.16,.049466,29.899842
1785735045,deepseek-v2:lite,29.0,10927,909713,423.14,19.57,.047265,22.883038
1785735068,deepseek-v2:lite,32.0,10928,1499569,362.52,19.44,.055169,20.470771
1785735089,deepseek-v2:lite,32.0,10938,798536,373.08,19.51,.053606,20.545263
1785735110,deepseek-v2:lite,31.0,10925,800000,363.15,19.37,.055073,22.351984
1785735133,deepseek-v2:lite,32.0,10935,927883,410.95,19.88,.048666,18.755665
1785735152,deepseek-v2:lite,31.0,10929,808846,415.71,19.71,.048109,22.016677
1785735174,deepseek-v2:lite,32.0,10927,1002949,421.70,19.61,.047426,23.657225
1785735198,deepseek-v2:lite,32.0,10925,840380,387.61,19.98,.051598,18.016681
1785735217,deepseek-v2:lite,33.0,10922,798237,384.49,19.99,.052016,19.050608
1785735236,deepseek-v2:lite,32.0,10930,798769,415.69,19.75,.048111,20.042819
1785735257,deepseek-v2:lite,32.0,10924,734977,420.13,19.77,.047603,17.293304
1785735274,deepseek-v2:lite,32.0,10921,798202,372.60,19.45,.053676,23.186338
1785735298,deepseek-v2:lite,32.0,10920,800000,405.50,19.66,.049320,19.121216
1785735317,deepseek-v2:lite,31.0,10925,854160,387.57,19.48,.051603,27.564841
1785735345,deepseek-v2:lite,32.0,10921,798239,428.97,19.85,.046622,25.788272
1785735371,deepseek-v2:lite,32.0,10921,800000,365.42,20.03,.054730,18.867609
1785735391,deepseek-v2:lite,32.0,10923,802188,425.41,19.76,.047012,15.536019
1785735407,deepseek-v2:lite,32.0,10916,1411566,395.31,18.99,.050592,32.168248
1785735439,deepseek-v2:lite,32.0,10923,976604,366.27,19.36,.054603,24.482845
1785735464,deepseek-v2:lite,32.0,10926,800000,434.07,20.04,.046074,17.161025
1785735482,deepseek-v2:lite,32.0,10926,1202836,385.10,19.58,.051933,17.050845
1785735499,deepseek-v2:lite,31.0,11042,799709,370.94,19.31,.053916,26.454604
1785735526,deepseek-v2:lite,32.0,10920,1053133,418.80,19.89,.047755,20.656450
1785735547,deepseek-v2:lite,32.0,10926,800938,368.35,19.91,.054295,19.536460
1785735567,deepseek-v2:lite,32.0,10921,800000,367.07,19.83,.054485,21.531880
1785735589,deepseek-v2:lite,32.0,10916,799539,454.22,19.96,.044030,19.987337
1785735609,deepseek-v2:lite,31.0,10928,1069719,412.19,19.61,.048520,22.889751
1785735632,deepseek-v2:lite,32.0,10921,800000,400.58,20.09,.049927,15.926688
1785735648,deepseek-v2:lite,32.0,10927,886859,407.68,19.91,.049057,22.593646
1785735671,deepseek-v2:lite,32.0,10929,798936,385.87,19.72,.051830,26.824636
1785735699,deepseek-v2:lite,32.0,10921,800640,402.63,19.28,.049673,33.764907
1785735733,deepseek-v2:lite,32.0,10915,800000,396.02,19.80,.050501,20.448316
1785735754,deepseek-v2:lite,32.0,10925,1100000,387.85,19.98,.051565,14.761489
1785735769,deepseek-v2:lite,32.0,10917,798868,377.30,19.83,.053007,22.333583
1785735791,deepseek-v2:lite,32.0,10919,795989,384.06,19.02,.052075,36.684050
1785735829,deepseek-v2:lite,31.0,10911,786739,375.14,20.03,.053312,21.067816
1785735850,deepseek-v2:lite,31.0,10921,1218575,457.96,19.68,.043671,21.641072
1785735872,deepseek-v2:lite,32.0,10924,627898,408.69,19.74,.048936,15.697829
1785735888,deepseek-v2:lite,32.0,10926,799672,417.42,19.16,.047913,31.351469
1785735920,deepseek-v2:lite,32.0,10927,1104473,446.71,19.11,.044771,26.519894
1785735947,deepseek-v2:lite,29.0,10929,800000,376.73,19.79,.053087,14.952873
1785735962,deepseek-v2:lite,32.0,10934,1098281,379.61,19.71,.052684,24.797489
1785735987,deepseek-v2:lite,32.0,10930,800000,378.32,19.81,.052864,22.303450
1785736010,deepseek-v2:lite,32.0,10923,801040,451.57,19.05,.044289,34.217328
1785736045,deepseek-v2:lite,31.0,10936,800000,371.29,19.18,.053865,37.378471
1785736082,deepseek-v2:lite,32.0,10928,800000,413.61,19.15,.048353,33.514841
1785736116,deepseek-v2:lite,29.0,10936,798802,363.56,20.00,.055010,14.646834
1785736131,deepseek-v2:lite,28.0,10935,956736,414.14,19.48,.048292,24.017757
1785736156,deepseek-v2:lite,32.0,10929,1513552,379.87,19.33,.052648,29.582339
1785736186,deepseek-v2:lite,32.0,10932,800731,459.84,19.92,.043493,15.104083
1785736201,deepseek-v2:lite,32.0,10923,698570,408.89,20.06,.048912,16.293704
1785736218,deepseek-v2:lite,31.0,10923,799269,386.32,19.98,.051769,19.064513
1785736237,deepseek-v2:lite,32.0,10932,798603,387.54,19.64,.051606,19.084236
1785736257,deepseek-v2:lite,32.0,10926,1403058,408.19,19.67,.048996,19.313753
1785736276,deepseek-v2:lite,32.0,10928,802099,369.11,19.12,.054183,26.144781
1785736303,deepseek-v2:lite,32.0,10925,800000,391.23,19.69,.051120,29.090394
1785736332,deepseek-v2:lite,32.0,10917,798759,357.34,20.10,.055967,19.942307
1785736353,deepseek-v2:lite,32.0,10928,800000,402.39,19.92,.049702,17.967070
1785736371,deepseek-v2:lite,32.0,10924,800000,397.86,19.15,.050267,28.250586
1785736400,deepseek-v2:lite,32.0,10921,799392,366.47,19.72,.054573,19.571527
1785736420,deepseek-v2:lite,32.0,10919,801273,403.03,19.78,.049623,25.275299
1785736445,deepseek-v2:lite,32.0,10911,1000000,378.97,19.20,.052774,30.925492
1785736477,deepseek-v2:lite,33.0,10923,800000,399.68,19.24,.050038,25.047607
1785736502,deepseek-v2:lite,32.0,10913,800851,378.95,19.21,.052777,29.972251
1785736532,deepseek-v2:lite,32.0,10921,2060815,382.86,19.23,.052238,27.287767
1785736560,deepseek-v2:lite,31.0,10928,799619,383.45,19.98,.052156,16.363962
1785736577,deepseek-v2:lite,32.0,10933,1223293,434.79,19.40,.045998,26.539261
1785736604,deepseek-v2:lite,31.0,10929,796793,414.51,19.47,.048249,22.999168
1785736627,deepseek-v2:lite,31.0,10923,930282,407.17,19.58,.049118,24.045488
1785736652,deepseek-v2:lite,32.0,10922,1274350,383.18,19.16,.052193,29.331548
1785736681,deepseek-v2:lite,32.0,10925,798986,415.24,19.06,.048163,29.800485
1785736711,deepseek-v2:lite,32.0,10919,797667,380.32,19.50,.052587,21.896076
1785736734,deepseek-v2:lite,32.0,10934,800000,502.85,19.44,.039772,27.818713
1785736762,deepseek-v2:lite,31.0,10919,2001939,374.84,19.65,.053355,17.907179
1785736780,deepseek-v2:lite,32.0,10917,798499,391.42,19.40,.051095,23.809379
1785736804,deepseek-v2:lite,32.0,10906,770797,381.68,19.49,.052399,16.256831
1785736821,deepseek-v2:lite,31.0,10915,2096269,402.75,19.61,.049657,22.485428
1785736844,deepseek-v2:lite,31.0,10917,799003,365.55,19.23,.054711,24.483765
1785736869,deepseek-v2:lite,32.0,10910,799744,379.36,19.21,.052719,27.631069
1785736897,deepseek-v2:lite,29.0,10919,830828,351.17,19.69,.056951,21.226234
1785736918,deepseek-v2:lite,32.0,10909,800000,389.95,19.39,.051288,23.360320
1785736942,deepseek-v2:lite,31.0,10918,800921,386.97,18.80,.051683,37.442444
1785736980,deepseek-v2:lite,32.0,10923,1844964,432.57,20.22,.046234,18.241489
1785736999,deepseek-v2:lite,32.0,10919,800000,363.99,19.51,.054945,31.097583
1785737030,deepseek-v2:lite,32.0,10909,799606,401.33,19.74,.049834,15.648509
1785737046,deepseek-v2:lite,31.0,10906,1027269,389.50,19.82,.051346,22.094673
1785737069,deepseek-v2:lite,32.0,10915,799468,380.17,19.30,.052607,29.844088
1785737099,deepseek-v2:lite,29.0,10914,1100000,420.75,19.90,.047533,16.027413
1785737115,deepseek-v2:lite,32.0,10911,800000,383.70,19.23,.052123,29.013984
1785737145,deepseek-v2:lite,31.0,10916,800277,407.77,20.06,.049046,21.333291
1785737166,deepseek-v2:lite,31.0,10923,800000,400.97,19.50,.049878,18.509354
1785737185,deepseek-v2:lite,31.0,10919,938379,390.87,19.37,.051167,22.244960
1785737208,deepseek-v2:lite,31.0,10921,800000,377.23,19.43,.053017,22.277571
1785737230,deepseek-v2:lite,32.0,10922,800000,373.57,19.44,.053537,25.976795
1785737257,deepseek-v2:lite,32.0,10922,1036090,483.18,19.64,.041391,18.169677
1785737275,deepseek-v2:lite,32.0,10932,973899,380.15,19.33,.052609,29.734091
1785737305,deepseek-v2:lite,31.0,10924,800000,403.30,19.47,.049590,25.366934
1785737331,deepseek-v2:lite,31.0,10922,1449466,394.33,20.03,.050718,16.175333
1785737348,deepseek-v2:lite,31.0,10933,800000,371.40,19.65,.053850,22.029432
1785737370,deepseek-v2:lite,32.0,10932,1594839,421.36,19.01,.047464,34.020008
1785737405,deepseek-v2:lite,31.0,10938,800000,380.50,19.87,.052561,19.977386
1785737425,deepseek-v2:lite,31.0,10934,800000,419.58,19.75,.047665,19.946361
1785737445,deepseek-v2:lite,31.0,10924,1100000,366.76,19.48,.054531,23.814971
1785737469,deepseek-v2:lite,31.0,10927,1199429,418.82,19.59,.047752,24.806179
1785737495,deepseek-v2:lite,32.0,10931,801111,385.58,19.34,.051868,27.396271
1785737522,deepseek-v2:lite,32.0,10933,1547315,432.86,19.48,.046203,21.814526
1785737545,deepseek-v2:lite,32.0,10923,801063,385.14,19.18,.051928,27.990370
1785737573,deepseek-v2:lite,32.0,10918,917251,369.19,19.93,.054172,19.461225
1785737593,deepseek-v2:lite,29.0,10916,1555985,426.39,19.60,.046904,22.286260
1785737615,deepseek-v2:lite,32.0,10932,1138404,410.84,20.37,.048680,17.328328
1785737633,deepseek-v2:lite,31.0,10927,798823,382.54,19.92,.052281,19.021380
1785737652,deepseek-v2:lite,31.0,10917,800000,380.03,19.55,.052627,24.603287
1785737677,deepseek-v2:lite,32.0,10918,799690,405.18,19.88,.049360,18.856272
1785737697,deepseek-v2:lite,32.0,10926,800000,393.67,19.81,.050803,22.355874
1785737719,deepseek-v2:lite,32.0,10927,1044219,400.42,19.76,.049947,23.934412
1785737744,deepseek-v2:lite,31.0,10934,800000,353.39,19.75,.056594,25.316124
1785737770,deepseek-v2:lite,32.0,10929,1912635,405.20,19.32,.049357,28.815864
1785737799,deepseek-v2:lite,31.0,10939,1148295,393.84,19.38,.050781,25.585491
1785737825,deepseek-v2:lite,32.0,10932,798589,399.13,19.50,.050108,19.276832
1785737844,deepseek-v2:lite,32.0,10930,801051,410.06,19.54,.048773,24.509703
1785737869,deepseek-v2:lite,32.0,10923,1000000,410.83,19.98,.048681,16.759595
1785737886,deepseek-v2:lite,32.0,10936,799689,442.67,19.79,.045180,17.634712
1785737904,deepseek-v2:lite,32.0,10926,800000,379.84,20.04,.052653,21.001663
1785737926,deepseek-v2:lite,32.0,10933,800000,396.39,19.73,.050454,21.538613
1785737948,deepseek-v2:lite,32.0,10924,800000,380.46,19.58,.052566,21.849156
1785737970,deepseek-v2:lite,32.0,10925,799346,507.40,19.58,.039416,20.218547
1785737990,deepseek-v2:lite,32.0,10927,1052971,367.06,20.21,.054486,17.710707
1785738008,deepseek-v2:lite,32.0,10933,798655,385.50,19.62,.051879,18.441444
1785738027,deepseek-v2:lite,32.0,10933,744683,408.16,19.93,.048999,18.261082
1785738046,deepseek-v2:lite,32.0,10929,800000,376.43,19.47,.053130,26.236489
1785738072,deepseek-v2:lite,29.0,10931,800000,416.06,19.78,.048069,16.930173
1785738090,deepseek-v2:lite,32.0,10937,1388508,395.19,19.56,.050607,21.776237
1785738112,deepseek-v2:lite,32.0,10930,800000,435.89,20.27,.045883,17.905163
1785738130,deepseek-v2:lite,32.0,10927,801108,389.41,20.01,.051359,17.683068
1785738148,deepseek-v2:lite,31.0,10931,686078,373.36,19.92,.053566,11.544509
1785738160,deepseek-v2:lite,32.0,10925,799465,408.71,20.12,.048933,12.773115
1785738173,deepseek-v2:lite,31.0,10936,1587500,378.66,19.49,.052816,20.521065
1785738194,deepseek-v2:lite,32.0,10928,1256250,424.67,20.07,.047095,17.831397
1785738212,deepseek-v2:lite,32.0,10929,798418,375.79,20.00,.053221,20.842976
1785738233,deepseek-v2:lite,32.0,10925,1198313,367.88,19.35,.054365,24.340388
1785738258,deepseek-v2:lite,32.0,10935,800000,383.97,19.85,.052086,17.074140
1785738276,deepseek-v2:lite,29.0,10920,800000,380.71,19.32,.052533,27.529422
1785738304,deepseek-v2:lite,32.0,10933,1108022,360.41,19.42,.055491,24.091140
1785738328,deepseek-v2:lite,31.0,10923,800116,382.30,19.49,.052313,17.744283
1785738346,deepseek-v2:lite,31.0,10932,799213,380.04,19.69,.052625,23.457923
1785738370,deepseek-v2:lite,32.0,10940,801512,384.45,20.01,.052021,21.137395
1785738391,deepseek-v2:lite,32.0,10943,800000,383.02,20.21,.052215,14.738045
1785738406,deepseek-v2:lite,32.0,10943,1278726,392.05,19.43,.051013,24.498124
1785738431,deepseek-v2:lite,32.0,10936,800000,370.31,19.41,.054008,28.015050
1785738460,deepseek-v2:lite,32.0,10937,1090925,450.28,19.81,.044416,17.761841
1785738478,deepseek-v2:lite,32.0,10939,1091306,372.75,19.04,.053654,32.388531
1785738511,deepseek-v2:lite,32.0,10932,800842,399.04,19.53,.050119,29.850607
1785738541,deepseek-v2:lite,32.0,10937,798639,383.25,20.00,.052184,19.699851
1785738561,deepseek-v2:lite,31.0,10930,800750,417.56,19.77,.047897,21.289004
1785738583,deepseek-v2:lite,32.0,10924,800000,443.44,19.75,.045101,25.455760
1785738609,deepseek-v2:lite,31.0,10928,800000,507.40,19.57,.039416,26.208112
1785738635,deepseek-v2:lite,32.0,10931,798888,377.78,19.69,.052939,18.274381
1785738654,deepseek-v2:lite,32.0,10926,801384,410.73,19.73,.048693,18.998307
1785738673,deepseek-v2:lite,32.0,10928,800000,367.23,20.10,.054461,14.620133
1785738688,deepseek-v2:lite,32.0,10921,799725,412.14,19.30,.048526,30.204378
1785738719,deepseek-v2:lite,32.0,10923,798929,383.90,19.68,.052096,20.169065
1785738739,deepseek-v2:lite,32.0,10929,1801534,361.45,19.42,.055331,24.964362
1785738765,deepseek-v2:lite,31.0,10925,797759,416.97,19.70,.047964,19.892201
1785738785,deepseek-v2:lite,32.0,10925,1381118,383.41,19.60,.052162,17.140240
1785738802,deepseek-v2:lite,32.0,10927,1192790,405.31,19.74,.049343,19.496364
1785738822,deepseek-v2:lite,32.0,10921,893906,472.96,19.71,.042286,18.314414
1785738841,deepseek-v2:lite,32.0,10931,726732,371.16,19.59,.053885,20.723794
1785738862,deepseek-v2:lite,33.0,10928,800650,403.54,19.61,.049560,21.719855
1785738884,deepseek-v2:lite,32.0,10927,800000,393.17,19.02,.050867,34.843337
1785738919,deepseek-v2:lite,31.0,10914,801567,389.39,19.63,.051362,22.714807
1785738942,deepseek-v2:lite,31.0,10919,800000,360.64,19.69,.055456,25.541924
1785738968,deepseek-v2:lite,31.0,10924,800000,423.07,19.73,.047272,20.062192
1785738989,deepseek-v2:lite,29.0,10937,800178,358.90,20.39,.055724,15.686586
1785739005,deepseek-v2:lite,32.0,10938,800000,380.42,20.11,.052573,16.702998
1785739022,deepseek-v2:lite,32.0,10938,800938,373.17,19.60,.053594,23.719816
1785739046,deepseek-v2:lite,33.0,10928,800205,379.86,19.30,.052650,29.260012
1785739076,deepseek-v2:lite,32.0,10929,800000,379.76,19.42,.052663,23.681810
1785739100,deepseek-v2:lite,32.0,10931,801454,396.87,19.62,.050394,23.131368
1785739123,deepseek-v2:lite,32.0,10933,799560,373.88,19.19,.053492,25.741170
1785739149,deepseek-v2:lite,32.0,10939,1597840,383.05,19.56,.052211,24.070895
1785739174,deepseek-v2:lite,28.0,10941,799804,349.72,19.61,.057187,21.722930
1785739196,deepseek-v2:lite,31.0,10926,800702,415.04,19.51,.048187,21.014378
1785739217,deepseek-v2:lite,32.0,10938,800000,420.62,19.23,.047548,28.025257
1785739246,deepseek-v2:lite,32.0,10929,1491021,379.13,19.60,.052752,21.376335
1785739267,deepseek-v2:lite,32.0,10927,800000,379.86,19.94,.052650,21.763497
1785739290,deepseek-v2:lite,32.0,10930,1459694,381.55,20.36,.052416,16.006168
1785739306,deepseek-v2:lite,32.0,10932,801201,397.44,19.69,.050321,25.689010
1785739332,deepseek-v2:lite,31.0,10933,796138,383.26,19.95,.052183,20.350309
1785739353,deepseek-v2:lite,32.0,10930,799067,412.76,19.70,.048454,20.354546
1785739373,deepseek-v2:lite,32.0,10931,799483,377.32,19.80,.053004,20.700342
1785739395,deepseek-v2:lite,32.0,10929,1988875,383.11,20.04,.052202,18.709913
1785739414,deepseek-v2:lite,32.0,10924,800469,470.37,18.97,.042519,35.631530
1785739450,deepseek-v2:lite,32.0,10932,1399640,404.03,19.41,.049501,22.199562
1785739472,deepseek-v2:lite,32.0,10934,2106140,417.22,19.41,.047935,27.504117
1785739500,deepseek-v2:lite,32.0,10938,1374169,400.93,19.95,.049883,15.483083
1785739516,deepseek-v2:lite,32.0,10930,1097741,380.01,18.74,.052629,35.591615
1785739552,deepseek-v2:lite,31.0,10937,982145,380.63,19.54,.052543,22.255857
1785739575,deepseek-v2:lite,32.0,10939,1965757,406.34,19.88,.049219,15.889045
1785739591,deepseek-v2:lite,29.0,10935,800267,380.17,19.52,.052607,21.974459
1785739613,deepseek-v2:lite,32.0,10940,1797500,361.96,20.72,.055254,3.908705
1785739617,deepseek-v2:lite,32.0,10935,800000,412.69,19.61,.048461,17.486862
1785739635,deepseek-v2:lite,32.0,10936,1900000,370.39,19.83,.053995,13.459205
1785739649,deepseek-v2:lite,32.0,10943,1264220,414.74,19.42,.048222,30.790158
1785739680,deepseek-v2:lite,32.0,10943,799136,372.13,19.34,.053743,21.969486
1785739703,deepseek-v2:lite,31.0,10943,802173,407.16,19.72,.049120,27.069333
1785739730,deepseek-v2:lite,32.0,10934,800000,368.60,19.77,.054259,24.479268
1785739755,deepseek-v2:lite,31.0,10929,809292,471.24,19.35,.042440,30.333853
1785739786,deepseek-v2:lite,32.0,10933,1360606,385.90,19.71,.051826,22.061586
1785739808,deepseek-v2:lite,32.0,10935,800000,378.97,19.83,.052773,16.080224
1785739824,deepseek-v2:lite,32.0,10927,1348517,396.19,20.24,.050479,20.995308
1785739846,deepseek-v2:lite,32.0,10919,800000,380.69,20.18,.052534,17.587511
1785739864,deepseek-v2:lite,32.0,10923,800000,389.06,19.89,.051404,16.888163
1785739881,deepseek-v2:lite,32.0,10931,798793,398.46,19.80,.050192,19.386134
1785739901,deepseek-v2:lite,32.0,10925,1000087,383.28,19.47,.052181,24.590020
1785739926,deepseek-v2:lite,32.0,10928,1489494,375.25,19.32,.053296,25.406908
1785739952,deepseek-v2:lite,32.0,10930,639502,401.82,19.77,.049772,28.523502
1785739980,deepseek-v2:lite,32.0,10930,800000,389.97,19.85,.051285,18.536573
1785739999,deepseek-v2:lite,32.0,10929,800000,474.76,19.45,.042125,28.838228
1785740029,deepseek-v2:lite,32.0,10924,1170813,372.05,19.23,.053755,32.540641
1785740062,deepseek-v2:lite,31.0,10937,799300,375.43,19.61,.053271,17.890622
1785740080,deepseek-v2:lite,32.0,10934,800000,385.19,20.07,.051921,15.844291
1785740096,deepseek-v2:lite,32.0,10926,800000,406.03,19.11,.049256,27.931763
1785740124,deepseek-v2:lite,31.0,10924,800245,378.08,19.58,.052898,18.023747
1785740143,deepseek-v2:lite,33.0,10923,1488105,443.08,19.78,.045138,21.630668
1785740165,deepseek-v2:lite,33.0,10930,799927,387.29,19.76,.051640,15.227859
1785740180,deepseek-v2:lite,32.0,10939,1001773,388.48,19.68,.051482,18.800394
1785740199,deepseek-v2:lite,31.0,10930,1106663,412.61,19.57,.048471,21.199773
1785740221,deepseek-v2:lite,32.0,10936,798353,429.42,19.24,.046574,27.645738
1785740249,deepseek-v2:lite,31.0,10933,799556,355.93,18.79,.056189,38.095274
1785740288,deepseek-v2:lite,32.0,10927,800000,381.18,20.33,.052467,5.408588
1785740293,deepseek-v2:lite,29.0,10926,1349695,457.89,19.84,.043678,18.746932
1785740312,deepseek-v2:lite,32.0,10926,800000,370.05,19.66,.054046,21.050230
1785740334,deepseek-v2:lite,32.0,10926,800000,376.07,19.37,.053180,24.519682
1785740359,deepseek-v2:lite,32.0,10923,800000,412.49,19.32,.048485,28.098491
1785740387,deepseek-v2:lite,32.0,10933,799165,364.20,19.76,.054914,19.072547
1785740407,deepseek-v2:lite,32.0,10926,1200000,381.07,19.61,.052483,20.702045
1785740428,deepseek-v2:lite,32.0,10928,800000,430.12,19.50,.046498,27.022307
1785740455,deepseek-v2:lite,31.0,10928,799939,418.12,19.98,.047832,17.409444
1785740473,deepseek-v2:lite,31.0,10934,800000,378.22,20.12,.052879,19.976490
1785740493,deepseek-v2:lite,32.0,10940,800000,405.75,20.17,.049290,15.268023
1785740509,deepseek-v2:lite,32.0,10932,765363,376.88,19.59,.053066,30.066162
1785740539,deepseek-v2:lite,31.0,10930,800925,386.45,19.71,.051751,23.031720
1785740563,deepseek-v2:lite,32.0,10939,1600000,379.29,19.43,.052729,25.774486
1785740589,deepseek-v2:lite,31.0,10943,1000000,402.07,19.62,.049742,19.616289
1785740609,deepseek-v2:lite,32.0,10940,800000,438.16,19.92,.045645,28.807621
1785740638,deepseek-v2:lite,32.0,10928,762109,420.13,19.58,.047603,25.625475
1785740664,deepseek-v2:lite,32.0,10936,800000,385.11,19.45,.051932,26.579503
1785740691,deepseek-v2:lite,32.0,10934,800000,406.57,19.62,.049191,22.164741
1785740714,deepseek-v2:lite,30.0,10935,799242,421.55,19.60,.047443,22.080707
1785740736,deepseek-v2:lite,32.0,10932,1461133,375.44,19.32,.053270,27.584940
1785740764,deepseek-v2:lite,31.0,10932,800000,381.24,19.18,.052460,30.229807
1785740795,deepseek-v2:lite,31.0,10928,1319339,387.97,19.68,.051549,17.674905
1785740813,deepseek-v2:lite,32.0,10925,1075663,387.11,19.80,.051663,15.905439
1785740829,deepseek-v2:lite,32.0,10937,1488797,375.89,20.30,.053206,19.008453
1785740848,deepseek-v2:lite,32.0,10939,800000,410.61,19.77,.048707,20.832874
1785740870,deepseek-v2:lite,31.0,10935,800000,387.63,18.61,.051594,42.277220
1785740912,deepseek-v2:lite,31.0,10928,1285912,464.17,19.45,.043087,18.706520
1785740931,deepseek-v2:lite,32.0,10934,1524958,393.22,19.69,.050862,17.163274
1785740949,deepseek-v2:lite,30.0,10924,1099369,390.69,19.70,.051190,23.094402
1785740972,deepseek-v2:lite,32.0,10921,801398,365.53,20.16,.054714,16.117877
1785740989,deepseek-v2:lite,31.0,10918,800000,372.60,19.94,.053676,15.739794
1785741005,deepseek-v2:lite,32.0,10929,797433,415.58,19.46,.048125,23.113077
1785741028,deepseek-v2:lite,32.0,10935,1869054,366.42,19.43,.054581,29.071103
1785741058,deepseek-v2:lite,32.0,10935,800000,381.84,20.14,.052377,11.316958
1785741069,deepseek-v2:lite,32.0,10928,991482,390.04,20.05,.051276,29.517726
1785741099,deepseek-v2:lite,32.0,10931,799011,378.52,19.14,.052836,30.030828
1785741130,deepseek-v2:lite,31.0,10918,804524,391.28,19.81,.051113,18.822561
1785741149,deepseek-v2:lite,33.0,10928,1800000,388.22,19.89,.051516,20.202593
1785741170,deepseek-v2:lite,31.0,10925,966368,409.50,19.58,.048839,20.989303
1785741191,deepseek-v2:lite,31.0,10927,801152,426.46,19.43,.046897,24.703018
1785741216,deepseek-v2:lite,32.0,10922,1496875,382.13,19.45,.052337,23.284797
1785741240,deepseek-v2:lite,31.0,10920,1058142,371.55,19.99,.053827,16.251699
1785741256,deepseek-v2:lite,32.0,10918,1085365,372.59,19.97,.053676,17.270548
1785741274,deepseek-v2:lite,32.0,10923,800000,370.44,19.44,.053989,23.450271
1785741298,deepseek-v2:lite,32.0,10928,798365,385.66,19.75,.051858,20.957546
1785741319,deepseek-v2:lite,31.0,10929,1426341,426.43,19.88,.046900,15.989888
1785741335,deepseek-v2:lite,32.0,10928,800000,401.39,19.81,.049826,20.845238
1785741357,deepseek-v2:lite,32.0,10938,1000000,420.30,20.07,.047584,15.887056
1785741373,deepseek-v2:lite,32.0,10937,800293,420.07,20.12,.047610,15.207601
1785741388,deepseek-v2:lite,31.0,10939,1600000,361.23,19.80,.055366,24.085279
1785741413,deepseek-v2:lite,32.0,10938,801312,411.19,18.95,.048639,31.650580
1785741445,deepseek-v2:lite,31.0,10929,799693,361.91,19.67,.055262,16.463904
1785741462,deepseek-v2:lite,32.0,10917,800000,368.93,19.31,.054210,27.227953
1785741489,deepseek-v2:lite,28.0,10933,1306010,432.65,19.55,.046226,22.296936
1785741512,deepseek-v2:lite,32.0,10930,800000,409.45,19.61,.048845,18.455783
1785741531,deepseek-v2:lite,32.0,10922,799513,482.88,19.59,.041417,25.012297
1785741556,deepseek-v2:lite,28.0,10932,799721,379.07,19.57,.052760,22.837628
1785741579,deepseek-v2:lite,32.0,10929,798765,492.84,18.75,.040580,34.603882
1785741614,deepseek-v2:lite,31.0,10929,800000,410.04,19.40,.048775,24.940415
1785741640,deepseek-v2:lite,32.0,10928,800317,438.82,19.56,.045576,22.740799
1785741663,deepseek-v2:lite,32.0,10935,1001108,371.43,19.78,.053844,27.997400
1785741691,deepseek-v2:lite,32.0,10943,800000,410.27,19.85,.048748,23.373378
1785741715,deepseek-v2:lite,32.0,10925,1400000,370.14,19.69,.054032,23.204040
1785741739,deepseek-v2:lite,30.0,10938,800000,418.42,19.99,.047797,21.951692
1785741761,deepseek-v2:lite,32.0,10928,650995,408.64,19.83,.048941,25.966654
1785741787,deepseek-v2:lite,32.0,10935,1011784,397.58,19.67,.050303,22.922470
1785741811,deepseek-v2:lite,32.0,10932,1183768,412.02,19.64,.048541,19.950021
1785741831,deepseek-v2:lite,32.0,10931,798863,424.49,20.39,.047114,17.654561
1785741849,deepseek-v2:lite,31.0,10937,799221,368.23,19.61,.054313,31.141862
1785741880,deepseek-v2:lite,31.0,10921,798431,411.83,19.60,.048562,27.345098
1785741908,deepseek-v2:lite,31.0,10932,800000,377.66,19.60,.052956,17.850480
1785741926,deepseek-v2:lite,29.0,10925,800000,376.33,20.27,.053144,11.343402
1785741938,deepseek-v2:lite,32.0,10928,798944,372.36,19.79,.053710,23.690624
1785741962,deepseek-v2:lite,31.0,10929,799343,386.09,19.36,.051801,23.755601
1785741986,deepseek-v2:lite,32.0,10932,1593519,360.46,19.55,.055483,19.637615
1785742006,deepseek-v2:lite,31.0,10930,800000,383.12,19.30,.052201,23.925997
1785742031,deepseek-v2:lite,32.0,10928,798385,381.98,20.26,.052358,17.021734
1785742048,deepseek-v2:lite,31.0,10925,800000,381.33,19.85,.052447,27.796530
1785742076,deepseek-v2:lite,32.0,10930,803084,416.90,19.63,.047972,24.390795
1785742101,deepseek-v2:lite,32.0,10940,800000,374.36,19.10,.053423,32.501250
1785742134,deepseek-v2:lite,32.0,10939,800815,399.33,19.30,.050083,24.919801
1785742159,deepseek-v2:lite,32.0,10942,798554,381.10,18.99,.052479,36.648254
1785742196,deepseek-v2:lite,32.0,10938,800000,369.94,19.45,.054062,24.567462
1785742221,deepseek-v2:lite,31.0,10939,801388,424.16,19.84,.047151,23.533640
1785742245,deepseek-v2:lite,32.0,10935,800000,362.54,19.99,.055165,20.005975
1785742266,deepseek-v2:lite,32.0,10928,800000,386.65,20.22,.051726,18.937467
1785742285,deepseek-v2:lite,32.0,10940,800000,416.49,19.91,.048019,18.528541
1785742304,deepseek-v2:lite,32.0,10942,1188790,410.60,19.33,.048708,30.249212
1785742334,deepseek-v2:lite,32.0,10935,799297,394.03,20.14,.050757,21.445433
1785742356,deepseek-v2:lite,32.0,10931,798908,414.44,20.14,.048256,20.752288
1785742377,deepseek-v2:lite,32.0,10933,800000,370.92,20.08,.053918,15.437908
1785742393,deepseek-v2:lite,32.0,10926,798705,388.98,19.59,.051416,22.604649
1785742416,deepseek-v2:lite,32.0,10935,1651241,394.16,19.44,.050739,25.767159
1785742442,deepseek-v2:lite,32.0,10934,891202,388.33,19.72,.051501,19.674122
1785742462,deepseek-v2:lite,30.0,10936,1015904,388.25,19.84,.051512,22.272239
1785742485,deepseek-v2:lite,32.0,10930,800000,476.32,19.64,.041988,28.812012
1785742514,deepseek-v2:lite,31.0,10926,800000,379.86,19.95,.052650,19.595362
1785742534,deepseek-v2:lite,32.0,10930,2100000,376.72,20.05,.053089,22.635321
1785742557,deepseek-v2:lite,32.0,10936,739847,423.31,19.33,.047246,28.193208
1785742586,deepseek-v2:lite,32.0,10926,1391282,492.09,19.34,.040642,23.318670
1785742609,deepseek-v2:lite,32.0,10927,769959,366.00,19.50,.054643,22.301541
1785742632,deepseek-v2:lite,31.0,10936,800000,462.10,19.43,.043280,24.754416
1785742657,deepseek-v2:lite,31.0,10925,800000,370.99,19.33,.053908,24.879334
1785742683,deepseek-v2:lite,32.0,10931,1086038,379.06,19.31,.052761,27.601437
1785742711,deepseek-v2:lite,32.0,10933,800000,377.42,19.16,.052989,29.588606
1785742741,deepseek-v2:lite,31.0,10926,800000,373.18,19.10,.053592,30.253742
1785742771,deepseek-v2:lite,32.0,10922,999630,390.96,19.93,.051156,15.953939
1785742787,deepseek-v2:lite,32.0,10919,815158,372.58,19.82,.053678,25.923966
1785742814,deepseek-v2:lite,32.0,10930,800000,402.50,20.47,.049689,18.408379
1785742833,deepseek-v2:lite,32.0,10927,801322,391.10,20.89,.051137,10.623823
1785742844,deepseek-v2:lite,31.0,10926,802644,388.21,19.17,.051517,29.198645
1785742873,deepseek-v2:lite,32.0,10922,799960,468.25,20.00,.042712,17.441924
1785742891,deepseek-v2:lite,31.0,10931,801106,401.34,19.63,.049832,22.209832
1785742914,deepseek-v2:lite,32.0,10928,756831,411.91,19.38,.048553,30.590507
1785742945,deepseek-v2:lite,32.0,10932,800000,371.49,19.90,.053836,19.993920
1785742965,deepseek-v2:lite,31.0,10925,1204152,367.15,20.09,.054472,23.036223
1785742988,deepseek-v2:lite,32.0,10930,800000,534.32,20.21,.037430,21.365535
1785743010,deepseek-v2:lite,32.0,10927,1007603,464.67,19.96,.043040,22.943358
1785743033,deepseek-v2:lite,32.0,10931,1142253,376.42,20.31,.053131,15.999437
1785743050,deepseek-v2:lite,32.0,10940,800000,378.20,19.93,.052880,21.367007
1785743071,deepseek-v2:lite,32.0,10936,801036,500.10,19.44,.039991,25.918890
1785743098,deepseek-v2:lite,32.0,10949,800000,444.31,19.44,.045013,24.536569
1785743123,deepseek-v2:lite,32.0,10937,798090,378.28,19.42,.052869,22.701931
1785743146,deepseek-v2:lite,32.0,10941,869981,371.62,19.45,.053817,25.549799
1785743172,deepseek-v2:lite,32.0,10936,800000,398.08,18.92,.050240,35.461075
1785743208,deepseek-v2:lite,32.0,10921,1200000,376.81,19.38,.053076,25.640715
1785743234,deepseek-v2:lite,28.0,10925,801104,404.15,19.58,.049485,22.926568
1785743257,deepseek-v2:lite,31.0,10930,800000,408.02,19.55,.049017,23.068474
1785743280,deepseek-v2:lite,32.0,10935,1739285,419.75,19.18,.047647,29.859438
1785743311,deepseek-v2:lite,32.0,10933,1189993,399.26,19.56,.050091,22.791665
1785743334,deepseek-v2:lite,32.0,10922,666539,374.50,19.36,.053404,25.298905
1785743359,deepseek-v2:lite,32.0,10920,800000,384.98,19.65,.051950,24.067821
1785743384,deepseek-v2:lite,32.0,10930,800000,504.15,19.61,.039670,22.993067
1785743407,deepseek-v2:lite,30.0,10938,1000000,433.59,19.58,.046126,21.241062
1785743429,deepseek-v2:lite,32.0,10922,799684,383.05,19.28,.052211,29.141674
1785743458,deepseek-v2:lite,32.0,10935,800000,383.70,19.03,.052123,36.520047
1785743495,deepseek-v2:lite,32.0,10929,800000,430.53,19.62,.046454,27.766245
1785743524,deepseek-v2:lite,32.0,10932,802141,418.78,19.65,.047757,22.336682
1785743546,deepseek-v2:lite,32.0,10942,1597448,397.07,19.31,.050367,26.559633
1785743573,deepseek-v2:lite,32.0,10940,800000,414.73,19.69,.048224,21.729167
1785743595,deepseek-v2:lite,32.0,10928,799676,351.28,19.49,.056934,21.497501
1785743617,deepseek-v2:lite,31.0,10930,1555523,390.87,20.13,.051167,18.272376
1785743636,deepseek-v2:lite,31.0,10928,800000,398.84,19.74,.050145,25.425925
1785743662,deepseek-v2:lite,32.0,10934,800000,403.84,19.26,.049524,29.532882
1785743692,deepseek-v2:lite,31.0,10928,958436,387.75,19.19,.051578,27.772894
1785743720,deepseek-v2:lite,31.0,10939,800000,436.89,18.52,.045777,41.246137
1785743761,deepseek-v2:lite,32.0,10938,1420323,423.42,20.47,.047234,6.643003
1785743768,deepseek-v2:lite,31.0,10935,1581698,398.80,19.42,.050149,23.117315
1785743792,deepseek-v2:lite,32.0,10934,1479325,393.68,18.96,.050801,35.004470
1785743827,deepseek-v2:lite,32.0,10927,1399019,428.62,19.69,.046660,20.920052
1785743849,deepseek-v2:lite,31.0,10926,919934,379.84,19.59,.052653,18.011330
1785743867,deepseek-v2:lite,32.0,10933,1001282,373.52,19.65,.053543,17.345142
1785743885,deepseek-v2:lite,32.0,10933,1107620,376.64,19.68,.053100,24.942340
1785743910,deepseek-v2:lite,31.0,10929,799046,397.01,19.79,.050376,24.901953
1785743935,deepseek-v2:lite,32.0,10931,800975,362.93,19.68,.055106,23.926539
1785743960,deepseek-v2:lite,32.0,10934,799077,373.82,19.77,.053500,18.309107
1785743978,deepseek-v2:lite,31.0,10932,2106306,369.11,19.43,.054183,25.214016
1785744004,deepseek-v2:lite,28.0,10932,800000,397.93,19.65,.050259,19.993937
1785744024,deepseek-v2:lite,32.0,10935,801164,382.04,19.06,.052350,36.454819
1785744061,deepseek-v2:lite,31.0,10926,800000,372.25,19.68,.053726,18.589195
1785744080,deepseek-v2:lite,31.0,10933,800000,414.42,19.44,.048259,20.824758
1785744101,deepseek-v2:lite,31.0,10942,798501,362.52,19.51,.055168,22.294309
1785744124,deepseek-v2:lite,32.0,10918,801122,395.77,19.74,.050533,22.086094
1785744146,deepseek-v2:lite,32.0,10919,1499171,421.19,19.66,.047483,22.475359
1785744169,deepseek-v2:lite,32.0,10942,800000,434.04,19.65,.046078,22.182614
1785744192,deepseek-v2:lite,32.0,10939,1350587,367.12,19.03,.054477,32.367096
1785744225,deepseek-v2:lite,29.0,10946,798914,441.53,19.47,.045296,22.591340
1785744248,deepseek-v2:lite,31.0,10937,1000000,360.04,19.66,.055548,23.038627
1785744271,deepseek-v2:lite,32.0,10934,800000,391.35,19.87,.051105,16.550496
1785744288,deepseek-v2:lite,32.0,10938,2099244,436.76,20.09,.045791,16.421481
1785744305,deepseek-v2:lite,32.0,10937,1129743,421.66,19.71,.047430,18.206433
1785744323,deepseek-v2:lite,32.0,10940,998936,372.20,18.81,.053733,38.696241
1785744362,deepseek-v2:lite,32.0,10936,1079722,366.66,19.82,.054545,18.761543
1785744381,deepseek-v2:lite,32.0,10926,800000,395.02,19.63,.050629,22.972298
1785744405,deepseek-v2:lite,32.0,10929,1201548,377.34,19.47,.053002,22.693502
1785744428,deepseek-v2:lite,32.0,10930,799548,377.83,19.41,.052933,25.957001
1785744454,deepseek-v2:lite,32.0,10931,942481,378.31,19.41,.052866,27.241310
1785744482,deepseek-v2:lite,32.0,10933,800000,428.94,19.18,.046625,25.285647
1785744507,deepseek-v2:lite,32.0,10944,1800000,381.40,19.53,.052437,21.808231
1785744530,deepseek-v2:lite,32.0,10931,800728,379.68,19.87,.052675,24.604279
1785744555,deepseek-v2:lite,32.0,10925,800788,434.80,19.76,.045997,25.504844
1785744580,deepseek-v2:lite,33.0,10933,797228,369.60,19.86,.054112,19.730146
1785744601,deepseek-v2:lite,32.0,10920,801017,383.97,20.40,.052087,13.672414
1785744615,deepseek-v2:lite,32.0,10926,1371493,403.26,19.91,.049595,22.241093
1785744637,deepseek-v2:lite,32.0,10929,799841,409.51,19.63,.048838,26.732271
1785744664,deepseek-v2:lite,32.0,10927,799630,383.15,20.02,.052198,16.930223
1785744682,deepseek-v2:lite,32.0,10926,800000,388.88,20.29,.051429,13.798724
1785744696,deepseek-v2:lite,32.0,10924,800000,374.08,19.85,.053464,21.654900
1785744718,deepseek-v2:lite,32.0,10926,1861654,378.75,19.30,.052804,30.098583
1785744748,deepseek-v2:lite,31.0,10932,800000,375.00,19.91,.053332,13.861461
1785744762,deepseek-v2:lite,32.0,10939,1490000,367.58,19.70,.054408,19.949226
1785744783,deepseek-v2:lite,32.0,10929,1490291,355.96,19.71,.056185,19.627537
1785744803,deepseek-v2:lite,31.0,10943,1613152,369.36,19.24,.054146,26.753839
1785744830,deepseek-v2:lite,32.0,10940,895894,381.88,19.34,.052371,25.376083
1785744856,deepseek-v2:lite,32.0,10939,1459210,402.09,19.33,.049739,25.959505
1785744882,deepseek-v2:lite,29.0,10933,800701,384.41,19.62,.052027,18.041166
1785744900,deepseek-v2:lite,32.0,10931,856869,371.93,19.49,.053772,20.670332
1785744921,deepseek-v2:lite,32.0,10927,800000,414.85,19.50,.048209,21.585185
1785744943,deepseek-v2:lite,31.0,10932,799962,368.65,19.80,.054251,24.635241
1785744968,deepseek-v2:lite,32.0,10928,800000,414.70,19.71,.048226,21.097661
1785744990,deepseek-v2:lite,31.0,10930,1101547,375.98,19.46,.053193,24.459397
1785745015,deepseek-v2:lite,32.0,10927,799081,451.59,19.48,.044287,25.769599
1785745041,deepseek-v2:lite,32.0,10924,800736,380.05,19.64,.052624,23.161492
1785745064,deepseek-v2:lite,31.0,10929,797697,385.41,19.55,.051892,22.553746
1785745087,deepseek-v2:lite,32.0,10931,992201,390.08,18.96,.051270,31.796471
1785745120,deepseek-v2:lite,32.0,10933,1000000,406.58,19.68,.049190,23.315857
1785745143,deepseek-v2:lite,32.0,10934,1858476,393.41,19.58,.050836,27.063605
1785745171,deepseek-v2:lite,32.0,10937,1000000,363.13,19.81,.055076,16.953381
1785745188,deepseek-v2:lite,32.0,10930,1164548,407.82,19.47,.049040,22.134137
1785745211,deepseek-v2:lite,32.0,10939,800000,364.81,19.30,.054822,24.553348
1785745236,deepseek-v2:lite,32.0,10941,801677,395.59,19.25,.050557,29.341944
1785745265,deepseek-v2:lite,32.0,10931,798022,392.49,19.88,.050955,24.495909
1785745290,deepseek-v2:lite,32.0,10934,1198550,404.91,19.89,.049393,21.563517
1785745312,deepseek-v2:lite,32.0,10926,1313391,399.01,19.48,.050124,26.841164
1785745339,deepseek-v2:lite,32.0,10926,773221,427.06,19.42,.046831,28.514510
1785745368,deepseek-v2:lite,31.0,10937,800000,385.58,19.40,.051869,24.475387
1785745393,deepseek-v2:lite,28.0,10929,1613171,380.34,19.66,.052584,18.564483
1785745412,deepseek-v2:lite,32.0,10916,1092977,395.49,19.37,.050570,24.359887
1785745437,deepseek-v2:lite,32.0,10923,1188135,404.54,19.83,.049437,18.957236
1785745456,deepseek-v2:lite,32.0,10931,800000,385.38,19.42,.051896,27.029943
1785745483,deepseek-v2:lite,31.0,10935,800000,375.14,19.78,.053313,23.905212
1785745508,deepseek-v2:lite,29.0,10939,800000,388.85,19.73,.051433,15.151354
1785745523,deepseek-v2:lite,31.0,10935,800000,386.93,19.40,.051688,28.138395
1785745552,deepseek-v2:lite,32.0,10930,1102653,404.09,19.98,.049493,17.066856
1785745569,deepseek-v2:lite,32.0,10925,798612,368.18,19.85,.054320,19.186195
1785745589,deepseek-v2:lite,32.0,10919,800380,399.51,19.81,.050060,20.941518
1785745610,deepseek-v2:lite,32.0,10920,1144516,376.65,19.64,.053099,23.108309
1785745634,deepseek-v2:lite,31.0,10927,801101,385.46,19.25,.051884,29.913748
1785745664,deepseek-v2:lite,32.0,10928,798438,393.00,19.55,.050889,24.442081
1785745689,deepseek-v2:lite,31.0,10933,800340,423.98,19.66,.047171,23.955058
1785745713,deepseek-v2:lite,31.0,10943,797315,379.65,19.98,.052679,22.816794
1785745736,deepseek-v2:lite,32.0,10942,801932,380.45,18.99,.052568,39.212954
1785745776,deepseek-v2:lite,32.0,10943,1103313,385.79,20.13,.051840,20.962413
1785745797,deepseek-v2:lite,32.0,10935,800000,412.02,19.52,.048540,25.506476
1785745823,deepseek-v2:lite,32.0,10943,1070932,378.52,19.63,.052836,23.781514
1785745847,deepseek-v2:lite,32.0,10933,800000,397.97,20.86,.050254,7.669991
1785745855,deepseek-v2:lite,32.0,10937,798865,379.60,19.15,.052686,30.232284
1785745886,deepseek-v2:lite,32.0,10936,2102160,389.27,19.60,.051377,25.910724
1785745912,deepseek-v2:lite,32.0,10938,1123137,401.70,18.91,.049787,33.352576
1785745946,deepseek-v2:lite,32.0,10930,800735,364.42,20.28,.054881,4.485132
1785745951,deepseek-v2:lite,32.0,10926,1487832,387.59,19.71,.051600,19.628115
1785745971,deepseek-v2:lite,32.0,10924,800000,380.14,19.33,.052611,28.709163
1785746000,deepseek-v2:lite,31.0,10940,800000,483.06,19.80,.041402,16.104750
1785746016,deepseek-v2:lite,32.0,10932,1593770,399.56,19.41,.050054,22.554415
1785746039,deepseek-v2:lite,29.0,10930,800631,374.14,19.62,.053455,21.354713
1785746061,deepseek-v2:lite,32.0,10931,800000,400.97,19.51,.049878,24.799438
1785746086,deepseek-v2:lite,32.0,10931,799004,408.15,19.46,.049001,27.844631
1785746114,deepseek-v2:lite,32.0,10943,800000,378.08,19.45,.052898,21.745815
1785746137,deepseek-v2:lite,32.0,10928,1400000,372.07,19.58,.053752,23.900368
1785746161,deepseek-v2:lite,32.0,10924,800000,399.97,19.52,.050002,24.173657
1785746185,deepseek-v2:lite,32.0,10934,800000,389.87,19.47,.051297,24.392757
1785746210,deepseek-v2:lite,32.0,10940,815375,362.07,19.11,.055236,29.346160
1785746240,deepseek-v2:lite,32.0,10923,800677,369.59,19.19,.054113,26.828034
1785746267,deepseek-v2:lite,33.0,10934,989098,384.34,19.35,.052036,21.902931
1785746289,deepseek-v2:lite,29.0,10942,1074693,421.06,19.45,.047499,25.643973
1785746315,deepseek-v2:lite,32.0,10937,1033572,356.69,19.75,.056070,18.832377
1785746335,deepseek-v2:lite,32.0,10939,1200000,499.93,19.78,.040005,18.497420
1785746353,deepseek-v2:lite,32.0,10922,803134,471.24,19.74,.042440,21.931208
1785746376,deepseek-v2:lite,32.0,10935,800635,399.54,19.86,.050056,21.899409
1785746398,deepseek-v2:lite,31.0,10936,2100000,369.78,20.15,.054086,16.866832
1785746415,deepseek-v2:lite,32.0,10936,800000,361.39,19.66,.055340,22.528952
1785746438,deepseek-v2:lite,32.0,10932,801907,358.82,19.72,.055738,19.065166
1785746458,deepseek-v2:lite,32.0,10928,2102210,403.07,19.88,.049618,17.151209
1785746475,deepseek-v2:lite,33.0,10928,1075225,415.96,20.02,.048081,20.220146
1785746496,deepseek-v2:lite,32.0,10928,800000,374.99,19.61,.053334,31.607903
1785746528,deepseek-v2:lite,32.0,10930,798312,382.71,19.64,.052257,21.380018
1785746549,deepseek-v2:lite,31.0,10937,800000,430.07,19.70,.046503,21.065340
1785746571,deepseek-v2:lite,31.0,10942,800000,416.01,19.49,.048075,25.747674
1785746597,deepseek-v2:lite,32.0,10940,800000,410.76,19.82,.048690,16.644874
1785746614,deepseek-v2:lite,32.0,10934,800000,417.89,20.02,.047859,18.779238
1785746633,deepseek-v2:lite,32.0,10926,798923,372.46,19.37,.053695,21.730758
1785746655,deepseek-v2:lite,32.0,10930,802888,376.16,19.70,.053167,18.723401
1785746674,deepseek-v2:lite,31.0,10929,800000,416.11,19.50,.048063,24.612820
1785746699,deepseek-v2:lite,32.0,10936,625177,361.85,19.90,.055270,18.687480
1785746718,deepseek-v2:lite,32.0,10934,800000,389.52,19.51,.051344,23.574535
1785746742,deepseek-v2:lite,32.0,10943,798024,457.33,19.48,.043731,26.067984
1785746769,deepseek-v2:lite,32.0,10937,800000,402.68,19.15,.049666,29.503540
1785746799,deepseek-v2:lite,32.0,10936,1189124,439.53,19.59,.045502,20.824674
1785746820,deepseek-v2:lite,32.0,10929,1163130,402.69,20.25,.049665,21.330968
1785746842,deepseek-v2:lite,32.0,10932,760843,381.81,19.67,.052381,23.074888
1785746865,deepseek-v2:lite,32.0,10932,800992,382.83,19.14,.052241,32.442740
1785746898,deepseek-v2:lite,32.0,10926,798881,376.78,19.49,.053081,25.644321
1785746924,deepseek-v2:lite,32.0,10924,1400000,402.57,19.33,.049680,28.183936
1785746953,deepseek-v2:lite,32.0,10925,801760,369.44,19.52,.054135,22.120082
1785746975,deepseek-v2:lite,32.0,10940,800738,374.31,19.66,.053431,19.935187
1785746995,deepseek-v2:lite,32.0,10936,912259,393.32,19.75,.050847,17.561649
1785747013,deepseek-v2:lite,32.0,10940,800922,399.77,19.47,.050028,26.140266
1785747040,deepseek-v2:lite,32.0,10938,798869,384.25,19.60,.052048,20.708743
1785747061,deepseek-v2:lite,32.0,10940,799534,444.69,19.67,.044974,22.461877
1785747084,deepseek-v2:lite,31.0,10941,800000,450.98,19.57,.044347,26.877369
1785747111,deepseek-v2:lite,32.0,10943,800000,380.66,19.45,.052539,24.667768
1785747136,deepseek-v2:lite,33.0,10936,826543,408.87,19.52,.048914,21.565801
1785747158,deepseek-v2:lite,32.0,10936,800000,417.30,19.49,.047926,25.490922
1785747184,deepseek-v2:lite,32.0,10933,800025,423.78,20.13,.047193,24.586004
1785747209,deepseek-v2:lite,31.0,10939,626331,419.66,19.81,.047656,26.792609
1785747236,deepseek-v2:lite,32.0,10935,1335838,387.53,19.41,.051608,29.304289
1785747266,deepseek-v2:lite,32.0,10922,800000,406.75,19.88,.049169,6.538095
1785747272,deepseek-v2:lite,31.0,10926,927496,376.94,19.84,.053057,21.821636
1785747295,deepseek-v2:lite,31.0,10920,796588,380.29,20.10,.052591,22.285232
1785747317,deepseek-v2:lite,31.0,10935,1500000,381.03,19.94,.052489,20.503968
1785747338,deepseek-v2:lite,32.0,10936,800000,360.91,20.09,.055414,16.023611
1785747355,deepseek-v2:lite,32.0,10929,2100000,384.53,19.80,.052010,17.874944
1785747373,deepseek-v2:lite,32.0,10935,1694235,418.42,18.93,.047798,40.989243
1785747414,deepseek-v2:lite,29.0,10910,1000000,374.36,19.42,.053424,23.266386
1785747438,deepseek-v2:lite,32.0,10917,799270,383.41,19.78,.052162,20.419287
1785747459,deepseek-v2:lite,32.0,10921,907757,373.98,19.35,.053477,36.736445
1785747496,deepseek-v2:lite,32.0,10918,800000,400.89,18.86,.049888,38.600175
1785747535,deepseek-v2:lite,32.0,10927,2102007,481.77,19.15,.041513,30.327530
1785747566,deepseek-v2:lite,32.0,10936,800410,373.90,19.52,.053490,28.930205
1785747595,deepseek-v2:lite,32.0,10934,844897,398.65,20.86,.050168,6.277712
1785747602,deepseek-v2:lite,32.0,10938,798677,387.15,19.43,.051659,27.937366
1785747630,deepseek-v2:lite,32.0,10959,1002340,392.68,19.70,.050932,18.979145
1785747649,deepseek-v2:lite,28.0,10955,800000,454.83,19.61,.043972,21.515823
1785747671,deepseek-v2:lite,32.0,10959,800053,416.45,19.42,.048024,21.982370
1785747694,deepseek-v2:lite,29.0,10959,800000,398.98,19.41,.050126,26.422756
1785747720,deepseek-v2:lite,33.0,10954,800000,389.73,19.85,.051316,21.550938
1785747742,deepseek-v2:lite,32.0,10959,801059,392.89,19.87,.050903,20.883250
1785747763,deepseek-v2:lite,32.0,10940,800203,419.41,19.34,.047685,27.291518
1785747791,deepseek-v2:lite,31.0,10942,800000,369.11,19.44,.054182,24.689045
1785747816,deepseek-v2:lite,32.0,10938,1199047,401.89,19.47,.049763,21.927945
1785747839,deepseek-v2:lite,32.0,10941,988599,367.14,20.10,.054474,16.811872
1785747856,deepseek-v2:lite,32.0,10945,676522,367.60,19.51,.054405,21.415518
1785747878,deepseek-v2:lite,32.0,10949,802253,370.18,19.77,.054026,19.674617
1785747898,deepseek-v2:lite,31.0,10936,1335930,428.25,19.47,.046701,24.083197
1785747922,deepseek-v2:lite,32.0,10940,800000,426.35,19.82,.046909,28.651070
1785747951,deepseek-v2:lite,31.0,10929,798017,370.93,20.22,.053917,15.027193
1785747966,deepseek-v2:lite,32.0,10929,800720,415.77,20.01,.048102,20.639244
1785747987,deepseek-v2:lite,32.0,10932,1107722,373.35,18.90,.053567,35.757691
1785748024,deepseek-v2:lite,32.0,10927,800645,421.66,20.30,.047431,16.746666
1785748041,deepseek-v2:lite,31.0,10929,1200000,387.80,19.63,.051572,20.165562
1785748061,deepseek-v2:lite,31.0,10929,1745838,393.64,19.04,.050807,30.774691
1785748092,deepseek-v2:lite,31.0,10939,800000,408.51,19.47,.048958,22.957595
1785748116,deepseek-v2:lite,31.0,10926,800413,386.41,19.48,.051758,20.324302
1785748136,deepseek-v2:lite,31.0,10927,1946764,405.59,19.30,.049310,29.057938
1785748166,deepseek-v2:lite,31.0,10931,798798,384.77,19.37,.051978,26.843285
1785748193,deepseek-v2:lite,32.0,10937,800000,435.05,19.58,.045970,24.250833
1785748218,deepseek-v2:lite,32.0,10939,1078392,484.38,19.30,.041289,33.405486
1785748252,deepseek-v2:lite,32.0,10939,1093046,367.77,19.95,.054381,17.485314
1785748269,deepseek-v2:lite,32.0,10923,1100000,361.93,19.87,.055258,17.607094
1785748287,deepseek-v2:lite,32.0,10927,1292869,392.28,19.24,.050982,28.220032
1785748316,deepseek-v2:lite,28.0,10927,800000,379.90,19.77,.052644,18.256435
1785748335,deepseek-v2:lite,32.0,10928,800000,372.99,19.36,.053620,23.242561
1785748358,deepseek-v2:lite,31.0,10921,1000751,383.23,18.54,.052187,40.392281
1785748399,deepseek-v2:lite,29.0,10928,800000,368.51,19.65,.054271,21.216855
1785748421,deepseek-v2:lite,31.0,10929,1028415,426.39,19.57,.046904,20.330924
1785748441,deepseek-v2:lite,32.0,10926,797396,382.78,19.94,.052248,20.659116
1785748462,deepseek-v2:lite,32.0,10924,800000,364.84,19.88,.054818,22.025957
1785748485,deepseek-v2:lite,31.0,10930,801154,400.57,19.41,.049928,24.468567
1785748510,deepseek-v2:lite,31.0,10931,802170,409.59,19.50,.048829,21.430614
1785748532,deepseek-v2:lite,31.0,10929,1210002,402.60,20.15,.049676,13.150272
1785748545,deepseek-v2:lite,31.0,10924,800000,383.46,19.58,.052155,19.705150
1785748565,deepseek-v2:lite,31.0,10927,798540,404.76,19.98,.049411,19.061932
1785748584,deepseek-v2:lite,29.0,10920,800000,381.88,19.98,.052371,18.162981
1785748603,deepseek-v2:lite,30.0,10929,801236,376.38,19.92,.053137,19.728364
1785748623,deepseek-v2:lite,31.0,10935,1607373,397.04,19.46,.050371,27.489368
1785748651,deepseek-v2:lite,29.0,10936,800000,388.05,19.66,.051539,20.646400
1785748672,deepseek-v2:lite,32.0,10930,1200000,413.11,19.77,.048413,20.786699
1785748693,deepseek-v2:lite,31.0,10935,1174415,381.91,19.27,.052367,21.223061
1785748715,deepseek-v2:lite,31.0,10929,2100000,371.57,19.73,.053825,19.658949
1785748735,deepseek-v2:lite,31.0,10938,800000,380.20,20.09,.052603,17.121668
1785748752,deepseek-v2:lite,31.0,10930,800000,373.72,19.72,.053514,16.883519
1785748769,deepseek-v2:lite,30.0,10931,800384,361.18,19.84,.055373,13.955214
1785748784,deepseek-v2:lite,32.0,10922,806998,377.16,19.51,.053026,28.646740
1785748813,deepseek-v2:lite,32.0,10925,800000,411.04,19.36,.048656,31.961017
1785748845,deepseek-v2:lite,29.0,10930,800000,381.55,19.41,.052417,24.775300
1785748870,deepseek-v2:lite,29.0,10941,800000,415.81,19.43,.048098,24.588905
1785748895,deepseek-v2:lite,31.0,10934,907897,412.02,19.99,.048540,15.153435
1785748911,deepseek-v2:lite,28.0,10931,1103392,381.61,19.55,.052408,22.142851
1785748933,deepseek-v2:lite,29.0,10937,800000,371.40,19.81,.053849,18.622905
1785748952,deepseek-v2:lite,30.0,10933,800000,400.78,19.20,.049902,29.942348
1785748983,deepseek-v2:lite,32.0,10933,800000,419.81,19.25,.047640,25.919797
1785749009,deepseek-v2:lite,30.0,10929,799298,434.85,19.78,.045992,19.968474
1785749029,deepseek-v2:lite,32.0,10920,973461,387.40,19.82,.051625,23.704190
1785749053,deepseek-v2:lite,32.0,10923,800000,402.57,19.42,.049680,32.068607
1785749086,deepseek-v2:lite,29.0,10930,1491773,406.17,19.48,.049240,25.715031
1785749112,deepseek-v2:lite,32.0,10928,798713,376.81,19.69,.053076,20.159275
1785749133,deepseek-v2:lite,32.0,10928,798688,375.47,19.55,.053265,23.725924
1785749157,deepseek-v2:lite,32.0,10933,801034,464.30,19.55,.043074,28.480001
1785749186,deepseek-v2:lite,32.0,10925,797913,478.62,19.21,.041786,33.454890
1785749219,deepseek-v2:lite,30.0,10923,911573,393.20,19.93,.050864,19.564335
1785749239,deepseek-v2:lite,32.0,10931,800000,399.86,19.65,.050016,22.995308
1785749263,deepseek-v2:lite,29.0,10931,1839441,381.98,19.41,.052357,22.145275
1785749285,deepseek-v2:lite,31.0,10915,800799,433.13,19.84,.046175,15.018411
1785749301,deepseek-v2:lite,31.0,10923,1601375,410.13,19.44,.048763,22.780528
1785749324,deepseek-v2:lite,31.0,10916,800000,412.75,19.25,.048454,21.452529
1785749346,deepseek-v2:lite,31.0,10924,1030588,378.02,19.35,.052907,25.829856
1785749372,deepseek-v2:lite,31.0,10928,800000,427.68,19.68,.046763,19.052155
1785749391,deepseek-v2:lite,31.0,10927,801617,368.68,19.49,.054247,25.136334
1785749417,deepseek-v2:lite,32.0,10928,800000,371.77,19.55,.053796,21.270772
1785749438,deepseek-v2:lite,30.0,10924,798895,401.76,19.88,.049780,25.139304
1785749464,deepseek-v2:lite,32.0,10907,800000,385.05,19.66,.051940,23.445741
1785749488,deepseek-v2:lite,32.0,10923,800586,335.46,19.56,.059618,25.356970
1785749513,deepseek-v2:lite,31.0,10920,999131,411.75,19.25,.048573,24.926654
1785749539,deepseek-v2:lite,31.0,10928,995763,415.99,19.46,.048077,26.092341
1785749565,deepseek-v2:lite,31.0,10932,715204,397.73,19.82,.050285,20.731455
1785749586,deepseek-v2:lite,30.0,10932,798873,418.65,19.84,.047772,22.021216
1785749609,deepseek-v2:lite,32.0,10932,800000,408.77,20.24,.048926,16.050277
1785749625,deepseek-v2:lite,29.0,10925,1516388,386.95,20.01,.051685,17.087140
1785749643,deepseek-v2:lite,31.0,10909,800000,407.03,19.66,.049136,17.696908
1785749661,deepseek-v2:lite,31.0,10931,798218,377.62,19.14,.052962,24.499461
1785749686,deepseek-v2:lite,29.0,10934,994933,378.57,19.20,.052830,30.884137
1785749717,deepseek-v2:lite,32.0,10931,1100000,414.92,19.99,.048201,16.255827
1785749733,deepseek-v2:lite,32.0,10937,1160914,367.81,19.53,.054374,22.677387
1785749756,deepseek-v2:lite,31.0,10935,800000,437.25,19.95,.045740,19.295331
1785749776,deepseek-v2:lite,32.0,10933,800000,413.46,19.57,.048371,26.261614
1785749803,deepseek-v2:lite,28.0,10918,1568705,378.39,19.51,.052855,21.984275
1785749825,deepseek-v2:lite,31.0,10926,1792198,383.99,19.07,.052084,28.723859
1785749854,deepseek-v2:lite,31.0,10930,1600000,374.15,20.26,.053453,17.860430
1785749872,deepseek-v2:lite,31.0,10920,800000,370.03,19.55,.054048,21.934614
1785749895,deepseek-v2:lite,32.0,10917,800000,410.62,19.47,.048706,25.161477
1785749920,deepseek-v2:lite,31.0,10929,801076,385.88,19.79,.051828,18.796287
1785749939,deepseek-v2:lite,29.0,10935,865704,412.23,19.61,.048515,22.130166
1785749962,deepseek-v2:lite,28.0,10940,802263,380.49,19.75,.052562,17.105393
1785749979,deepseek-v2:lite,31.0,10938,1161678,361.65,19.81,.055300,23.668791
1785750003,deepseek-v2:lite,32.0,10928,1000000,400.48,20.14,.049939,21.643624
1785750025,deepseek-v2:lite,31.0,10930,1263982,361.24,19.72,.055364,22.461478
1785750048,deepseek-v2:lite,29.0,10942,799763,428.66,19.51,.046656,18.853296
1785750068,deepseek-v2:lite,32.0,10935,799564,427.41,19.31,.046792,30.031387
1785750098,deepseek-v2:lite,31.0,10933,799933,423.37,20.25,.047239,11.998903
1785750110,deepseek-v2:lite,32.0,10924,2093543,374.85,19.50,.053353,28.974248
1785750140,deepseek-v2:lite,31.0,10931,800000,415.70,20.42,.048111,10.670976
1785750151,deepseek-v2:lite,31.0,10925,1000000,401.61,19.72,.049798,25.707629
1785750177,deepseek-v2:lite,31.0,10929,1132231,406.01,19.74,.049259,25.019440
1785750202,deepseek-v2:lite,32.0,10933,800000,362.78,19.21,.055128,29.449795
1785750232,deepseek-v2:lite,32.0,10927,800000,418.78,19.75,.047757,21.618017
1785750254,deepseek-v2:lite,32.0,10926,808165,402.61,19.76,.049675,20.795585
1785750275,deepseek-v2:lite,32.0,10925,800000,387.21,19.71,.051650,24.397484
1785750300,deepseek-v2:lite,31.0,10945,800000,407.19,19.50,.049116,23.121510
1785750323,deepseek-v2:lite,31.0,10923,800000,418.82,19.85,.047752,18.183776
1785750342,deepseek-v2:lite,32.0,10926,1399005,392.36,20.01,.050973,14.837970
1785750357,deepseek-v2:lite,32.0,10929,800000,407.21,19.57,.049113,20.072792
1785750378,deepseek-v2:lite,29.0,10935,800000,410.72,19.45,.048694,22.000556
1785750400,deepseek-v2:lite,32.0,10933,898262,358.73,19.47,.055751,24.849903
1785750425,deepseek-v2:lite,32.0,10937,800000,371.67,19.67,.053810,23.383239
1785750449,deepseek-v2:lite,31.0,10932,800000,373.88,19.75,.053491,25.203685
1785750475,deepseek-v2:lite,31.0,10939,799172,400.42,19.82,.049947,18.615427
1785750494,deepseek-v2:lite,32.0,10929,800000,510.16,19.76,.039202,27.014162
1785750521,deepseek-v2:lite,31.0,10928,819210,413.99,19.51,.048310,24.493978
1785750546,deepseek-v2:lite,31.0,10922,952455,378.64,19.36,.052819,24.787669
1785750571,deepseek-v2:lite,31.0,10937,1179442,364.52,19.82,.054865,16.447485
1785750588,deepseek-v2:lite,31.0,10936,800000,416.91,20.27,.047971,16.080411
1785750604,deepseek-v2:lite,32.0,10937,800000,443.70,20.09,.045075,20.548881
1785750625,deepseek-v2:lite,31.0,10929,2106687,384.81,19.95,.051972,20.348995
1785750646,deepseek-v2:lite,31.0,10933,800000,410.65,19.55,.048702,21.577683
1785750668,deepseek-v2:lite,31.0,10939,799576,377.54,19.29,.052973,24.830078
1785750693,deepseek-v2:lite,32.0,10936,798179,398.40,19.41,.050200,21.527262
1785750715,deepseek-v2:lite,31.0,10931,1488446,375.99,19.19,.053192,29.845320
1785750745,deepseek-v2:lite,32.0,10938,802505,416.41,19.51,.048029,24.344451
1785750770,deepseek-v2:lite,32.0,10926,817751,389.38,19.17,.051363,28.155622
1785750798,deepseek-v2:lite,32.0,10940,798961,426.73,19.58,.046866,20.981918
1785750820,deepseek-v2:lite,32.0,10935,800709,391.16,19.73,.051129,27.820873
1785750848,deepseek-v2:lite,31.0,10940,800815,391.47,20.28,.051088,16.517136
1785750865,deepseek-v2:lite,31.0,10937,798586,387.43,19.55,.051622,21.475107
1785750887,deepseek-v2:lite,31.0,10922,800000,350.88,19.47,.056999,21.156128
1785750908,deepseek-v2:lite,31.0,10931,1092189,410.49,19.92,.048722,17.969552
1785750927,deepseek-v2:lite,32.0,10932,1185451,401.87,19.39,.049766,26.864941
1785750954,deepseek-v2:lite,32.0,10924,800000,415.69,19.65,.048111,24.628927
1785750979,deepseek-v2:lite,31.0,10923,800000,402.46,19.57,.049694,29.571052
1785751009,deepseek-v2:lite,29.0,10930,800000,408.31,20.22,.048981,16.066485
1785751025,deepseek-v2:lite,31.0,10929,798611,383.74,19.61,.052117,19.374685
1785751045,deepseek-v2:lite,31.0,10932,1866909,410.08,19.14,.048770,28.097347
1785751073,deepseek-v2:lite,31.0,10932,999372,385.81,19.22,.051838,29.335422
1785751103,deepseek-v2:lite,31.0,10930,798548,376.15,19.58,.053169,23.942577
1785751128,deepseek-v2:lite,31.0,10921,2102766,370.76,19.70,.053942,18.726458
1785751147,deepseek-v2:lite,32.0,10922,800320,420.17,19.76,.047598,20.138573
1785751167,deepseek-v2:lite,31.0,10924,964194,386.71,19.61,.051717,21.917726
1785751189,deepseek-v2:lite,31.0,10936,882912,371.94,19.12,.053770,31.004196
1785751221,deepseek-v2:lite,31.0,10931,799659,413.39,19.63,.048379,24.955639
1785751246,deepseek-v2:lite,31.0,10925,966470,534.00,19.53,.037452,24.009549
1785751271,deepseek-v2:lite,31.0,10924,800000,470.85,19.94,.042476,21.556068
1785751292,deepseek-v2:lite,31.0,10929,1873604,404.28,20.40,.049470,16.861191
1785751310,deepseek-v2:lite,32.0,10933,800000,406.15,20.29,.049241,19.610074
1785751330,deepseek-v2:lite,32.0,10933,1086052,407.55,19.63,.049073,23.020577
1785751353,deepseek-v2:lite,31.0,10931,800000,363.11,19.70,.055079,19.284227
1785751373,deepseek-v2:lite,32.0,10933,800000,375.00,19.01,.053332,31.667079
1785751405,deepseek-v2:lite,30.0,10930,1051683,420.45,19.67,.047567,24.093696
1785751429,deepseek-v2:lite,28.0,10938,800000,375.12,19.50,.053316,26.710023
1785751456,deepseek-v2:lite,31.0,10933,751943,401.61,19.45,.049798,31.155866
1785751488,deepseek-v2:lite,32.0,10941,1800000,348.32,19.48,.057417,22.942865
1785751511,deepseek-v2:lite,32.0,10932,971296,369.53,19.28,.054122,27.743555
1785751539,deepseek-v2:lite,31.0,10934,1008478,371.65,19.34,.053813,27.197497
1785751567,deepseek-v2:lite,32.0,10931,1818653,357.88,19.24,.055884,27.182819
1785751595,deepseek-v2:lite,31.0,10929,800000,388.09,19.74,.051534,26.185739
1785751621,deepseek-v2:lite,31.0,10920,800000,378.40,20.00,.052853,18.342270
1785751640,deepseek-v2:lite,32.0,10925,1200000,402.92,20.06,.049636,10.264646
1785751650,deepseek-v2:lite,31.0,10926,1678873,398.46,20.00,.050192,18.393663
1785751669,deepseek-v2:lite,32.0,10930,800000,390.97,19.39,.051153,27.998412
1785751698,deepseek-v2:lite,31.0,10924,800000,392.56,19.50,.050947,23.121114
1785751721,deepseek-v2:lite,32.0,10926,800000,383.28,20.10,.052180,16.514340
1785751738,deepseek-v2:lite,32.0,10923,1419109,439.79,19.76,.045475,19.685439
1785751758,deepseek-v2:lite,32.0,10935,801208,380.41,19.53,.052574,23.955785
1785751782,deepseek-v2:lite,32.0,10934,1079547,388.67,19.86,.051457,20.039824
1785751803,deepseek-v2:lite,32.0,10948,1064684,428.66,19.86,.046656,20.989404
1785751824,deepseek-v2:lite,32.0,10939,800715,415.04,19.82,.048187,17.606057
1785751842,deepseek-v2:lite,32.0,10937,1130810,386.66,19.99,.051724,23.555621
1785751866,deepseek-v2:lite,32.0,10938,799824,396.90,19.95,.050389,21.147646
1785751887,deepseek-v2:lite,32.0,10932,1100000,394.30,19.59,.050721,19.907208
1785751908,deepseek-v2:lite,31.0,10935,800000,355.91,19.69,.056192,16.955410
1785751925,deepseek-v2:lite,32.0,10928,1042097,404.44,19.63,.049450,17.974818
1785751943,deepseek-v2:lite,32.0,10942,1003033,394.45,19.43,.050702,20.576506
1785751964,deepseek-v2:lite,32.0,10930,1311954,449.03,19.31,.044540,25.314415
1785751990,deepseek-v2:lite,32.0,10937,800000,413.74,19.44,.048338,22.885177
1785752013,deepseek-v2:lite,32.0,10925,800000,385.63,19.54,.051862,26.860967
1785752041,deepseek-v2:lite,31.0,10924,798845,383.39,19.97,.052165,18.268340
1785752059,deepseek-v2:lite,32.0,10934,726949,370.89,19.00,.053923,35.207768
1785752095,deepseek-v2:lite,32.0,10932,798305,418.73,20.14,.047762,11.369403
1785752106,deepseek-v2:lite,31.0,10933,621187,368.71,20.26,.054242,17.319132
1785752124,deepseek-v2:lite,32.0,10928,800332,388.45,19.37,.051485,28.277232
1785752153,deepseek-v2:lite,28.0,10925,798470,416.61,19.59,.048006,24.951055
1785752178,deepseek-v2:lite,31.0,10939,800000,366.69,19.50,.054541,23.537309
1785752202,deepseek-v2:lite,29.0,10930,975076,386.57,19.45,.051736,28.623550
1785752231,deepseek-v2:lite,32.0,10931,798573,411.38,19.89,.048616,16.988453
1785752248,deepseek-v2:lite,32.0,10928,1003598,406.90,19.23,.049151,30.358591
1785752279,deepseek-v2:lite,32.0,10939,800406,374.88,19.77,.053350,15.729841
1785752295,deepseek-v2:lite,28.0,10927,870878,385.42,20.06,.051890,26.060826
1785752322,deepseek-v2:lite,31.0,10930,800000,412.38,19.79,.048498,24.908749
1785752347,deepseek-v2:lite,32.0,10924,911425,409.40,19.54,.048851,23.538927
1785752371,deepseek-v2:lite,32.0,10935,833970,386.61,19.43,.051730,25.165431
1785752397,deepseek-v2:lite,29.0,10925,1891936,366.63,19.91,.054550,15.268521
1785752412,deepseek-v2:lite,32.0,10935,867703,410.47,19.79,.048724,18.593174
1785752431,deepseek-v2:lite,32.0,10928,2100000,380.10,19.38,.052617,29.297975
1785752461,deepseek-v2:lite,32.0,10937,801111,383.71,19.56,.052122,18.556103
1785752480,deepseek-v2:lite,32.0,10930,800558,381.52,19.97,.052420,18.923501
1785752499,deepseek-v2:lite,32.0,10930,1398991,372.35,19.72,.053711,18.708333
1785752518,deepseek-v2:lite,32.0,10940,1396411,403.88,19.89,.049518,26.487100
1785752545,deepseek-v2:lite,32.0,10934,801003,407.50,19.30,.049079,26.991687
1785752572,deepseek-v2:lite,32.0,10941,1173402,396.20,19.79,.050479,16.623433
1785752589,deepseek-v2:lite,32.0,10927,1470518,423.12,19.27,.047266,30.809864
1785752621,deepseek-v2:lite,31.0,10929,800264,361.66,19.56,.055299,19.780008
1785752641,deepseek-v2:lite,32.0,10935,2100000,386.36,19.32,.051763,27.638817
1785752669,deepseek-v2:lite,31.0,10934,801029,400.08,20.05,.049989,17.099285
1785752686,deepseek-v2:lite,31.0,10932,966296,384.32,19.77,.052039,26.447108
1785752713,deepseek-v2:lite,31.0,10931,800000,413.53,19.51,.048363,25.268523
1785752739,deepseek-v2:lite,32.0,10924,798550,487.41,19.56,.041032,31.023671
1785752770,deepseek-v2:lite,32.0,10931,800000,389.83,19.76,.051303,25.697107
1785752796,deepseek-v2:lite,32.0,10928,800000,406.29,19.52,.049225,27.046590
1785752824,deepseek-v2:lite,32.0,10928,800000,423.12,19.64,.047267,21.427992
1785752845,deepseek-v2:lite,29.0,10931,1238048,398.47,19.82,.050191,20.377684
1785752866,deepseek-v2:lite,32.0,10930,800371,493.90,19.65,.040493,21.013329
1785752888,deepseek-v2:lite,32.0,10939,801307,372.03,19.80,.053758,19.641271
1785752908,deepseek-v2:lite,32.0,10928,800379,404.48,19.63,.049445,22.618221
1785752931,deepseek-v2:lite,31.0,10930,1000000,400.10,19.25,.049987,37.080871
1785752968,deepseek-v2:lite,32.0,10936,800000,413.60,19.74,.048355,20.871147
1785752989,deepseek-v2:lite,32.0,10933,796800,383.13,20.00,.052201,14.897296
1785753005,deepseek-v2:lite,32.0,10928,998535,416.82,19.55,.047981,21.942532
1785753027,deepseek-v2:lite,32.0,10918,801357,386.31,19.36,.051770,29.903618
1785753057,deepseek-v2:lite,32.0,10924,1490458,391.43,19.86,.051093,15.051000
1785753073,deepseek-v2:lite,31.0,10919,799162,411.42,19.48,.048611,22.217249
1785753095,deepseek-v2:lite,32.0,10926,956831,373.57,19.26,.053537,26.526968
1785753122,deepseek-v2:lite,32.0,10933,800000,384.26,19.59,.052047,25.011474
1785753147,deepseek-v2:lite,32.0,10939,800000,433.86,19.89,.046097,18.293355
1785753166,deepseek-v2:lite,31.0,10938,799393,362.28,19.40,.055205,26.803056
1785753193,deepseek-v2:lite,32.0,10939,799631,415.45,20.46,.048140,21.105399
1785753215,deepseek-v2:lite,32.0,10934,800000,378.17,20.20,.052886,22.918684
1785753238,deepseek-v2:lite,31.0,10935,2055172,389.04,19.99,.051407,22.605200
1785753261,deepseek-v2:lite,32.0,10942,1512023,414.33,20.11,.048270,21.174562
1785753283,deepseek-v2:lite,32.0,10939,801092,362.75,19.75,.055133,19.133010
1785753302,deepseek-v2:lite,29.0,10930,865630,375.17,19.78,.053307,19.965043
1785753322,deepseek-v2:lite,32.0,10938,1347966,363.28,20.36,.055053,16.450514
1785753339,deepseek-v2:lite,32.0,10929,800000,490.69,19.81,.040758,16.802381
1785753356,deepseek-v2:lite,32.0,10926,1800000,462.90,20.35,.043205,17.145283
1785753374,deepseek-v2:lite,30.0,10941,919108,390.41,18.82,.051227,37.078181
1785753411,deepseek-v2:lite,29.0,10939,800000,387.97,19.31,.051549,27.543142
1785753439,deepseek-v2:lite,32.0,10942,853937,401.13,19.41,.049858,24.417108
1785753464,deepseek-v2:lite,31.0,10938,1099175,368.32,19.03,.054299,33.522011
1785753498,deepseek-v2:lite,32.0,10937,798662,392.61,19.78,.050940,18.652133
1785753517,deepseek-v2:lite,30.0,10935,1590941,382.72,20.60,.052256,4.417095
1785753522,deepseek-v2:lite,32.0,10926,1128341,377.68,19.77,.052954,21.800358
1785753544,deepseek-v2:lite,32.0,10920,800000,361.06,19.84,.055391,13.809917
1785753558,deepseek-v2:lite,33.0,10923,800000,380.24,19.48,.052597,23.150877
1785753582,deepseek-v2:lite,29.0,10936,1801324,414.67,19.53,.048230,23.439139
1785753605,deepseek-v2:lite,32.0,10928,800945,371.84,19.35,.053785,25.477109
1785753631,deepseek-v2:lite,32.0,10929,800000,397.17,19.47,.050356,24.647025
1785753656,deepseek-v2:lite,32.0,10938,800000,386.84,20.27,.051699,17.456971
1785753674,deepseek-v2:lite,32.0,10940,882544,388.56,20.01,.051471,20.835995
1785753695,deepseek-v2:lite,32.0,10932,1149372,384.13,19.61,.052065,24.424290
1785753720,deepseek-v2:lite,31.0,10935,924655,376.50,19.37,.053120,31.890347
1785753752,deepseek-v2:lite,32.0,10923,800191,455.59,20.13,.043898,20.110854
1785753773,deepseek-v2:lite,32.0,10925,800000,413.30,20.13,.048390,20.217037
1785753794,deepseek-v2:lite,32.0,10936,800000,376.46,19.57,.053125,29.527454
1785753823,deepseek-v2:lite,31.0,10934,800000,430.47,20.07,.046460,15.538946
1785753839,deepseek-v2:lite,31.0,10940,1185146,400.62,19.53,.049922,24.011256
1785753864,deepseek-v2:lite,32.0,10943,800477,367.35,19.25,.054443,26.376991
1785753891,deepseek-v2:lite,32.0,10939,800000,384.97,19.54,.051951,25.782479
1785753917,deepseek-v2:lite,32.0,10931,1089893,470.70,19.52,.042489,22.072904
1785753939,deepseek-v2:lite,32.0,10939,800000,373.94,19.93,.053483,18.562725
1785753958,deepseek-v2:lite,32.0,10944,798780,490.22,19.53,.040797,24.724097
1785753983,deepseek-v2:lite,32.0,10948,635106,384.60,19.53,.052000,21.293566
1785754005,deepseek-v2:lite,32.0,10936,645344,379.04,19.66,.052764,20.853262
1785754026,deepseek-v2:lite,32.0,10938,815398,381.57,19.44,.052414,27.210808
1785754054,deepseek-v2:lite,31.0,10934,801333,385.04,19.88,.051942,26.351648
1785754080,deepseek-v2:lite,32.0,10927,799008,379.15,19.93,.052748,18.713563
1785754099,deepseek-v2:lite,32.0,10939,799047,381.59,19.07,.052411,34.855880
1785754135,deepseek-v2:lite,32.0,10940,837712,416.05,19.92,.048070,15.759956
1785754151,deepseek-v2:lite,32.0,10943,800390,385.75,19.24,.051845,26.506276
1785754178,deepseek-v2:lite,28.0,10943,1656994,417.81,19.46,.047868,22.404815
1785754201,deepseek-v2:lite,31.0,10927,800000,396.42,19.39,.050450,28.979759
1785754230,deepseek-v2:lite,32.0,10919,800000,398.43,19.38,.050196,25.328897
1785754256,deepseek-v2:lite,32.0,10930,800000,385.24,19.54,.051915,22.561012
1785754279,deepseek-v2:lite,32.0,10935,800000,411.31,19.58,.048624,21.905485
1785754301,deepseek-v2:lite,31.0,10933,800000,401.97,19.46,.049754,24.247313
1785754326,deepseek-v2:lite,32.0,10937,889471,422.53,19.10,.047333,33.286021
1785754359,deepseek-v2:lite,32.0,10943,799582,381.83,19.15,.052377,30.646448
1785754390,deepseek-v2:lite,31.0,10946,1516383,393.41,19.78,.050836,18.806345
1785754409,deepseek-v2:lite,32.0,10943,802033,393.94,19.38,.050768,26.045264
1785754436,deepseek-v2:lite,31.0,10942,800000,411.58,19.49,.048592,26.205619
1785754462,deepseek-v2:lite,31.0,10936,800000,381.49,19.76,.052425,18.818141
1785754482,deepseek-v2:lite,31.0,10932,800000,381.49,19.84,.052425,18.193002
1785754500,deepseek-v2:lite,31.0,10938,1296338,478.35,19.63,.041809,23.275621
1785754524,deepseek-v2:lite,28.0,10941,800000,391.53,19.96,.051081,14.073883
1785754538,deepseek-v2:lite,32.0,10933,799450,426.17,19.65,.046929,22.746712
1785754561,deepseek-v2:lite,32.0,10934,1452160,398.69,19.83,.050164,20.876752
1785754583,deepseek-v2:lite,31.0,10930,802043,384.59,19.51,.052002,29.367515
1785754612,deepseek-v2:lite,32.0,10921,801347,397.91,20.08,.050261,24.540843
1785754637,deepseek-v2:lite,32.0,10929,800000,379.67,19.79,.052676,24.354493
1785754662,deepseek-v2:lite,32.0,10928,800000,385.24,19.54,.051914,27.220587
1785754690,deepseek-v2:lite,29.0,10934,851349,387.15,19.83,.051659,22.379109
1785754712,deepseek-v2:lite,32.0,10934,949322,405.89,20.11,.049273,14.815760
1785754728,deepseek-v2:lite,31.0,10930,1541798,383.97,19.47,.052086,23.520661
1785754752,deepseek-v2:lite,31.0,10928,1535545,408.24,19.38,.048990,21.820826
1785754774,deepseek-v2:lite,32.0,10917,800000,407.55,19.52,.049073,23.556048
1785754798,deepseek-v2:lite,32.0,10926,2100000,382.05,19.50,.052347,22.254423
1785754820,deepseek-v2:lite,32.0,10937,800224,502.55,19.53,.039796,24.372047
1785754845,deepseek-v2:lite,32.0,10952,2094230,368.54,19.27,.054267,31.284748
1785754877,deepseek-v2:lite,32.0,10955,800000,380.70,19.78,.052534,19.408186
1785754896,deepseek-v2:lite,31.0,10958,888168,483.53,19.43,.041362,22.172414
1785754919,deepseek-v2:lite,32.0,10966,802173,371.98,19.68,.053765,23.469335
1785754943,deepseek-v2:lite,32.0,10967,799236,364.33,19.38,.054894,25.790728
1785754969,deepseek-v2:lite,32.0,10933,797262,405.69,19.68,.049297,24.429793
1785754994,deepseek-v2:lite,32.0,10938,800000,417.47,19.26,.047907,30.473174
1785755025,deepseek-v2:lite,32.0,10931,998643,411.96,19.62,.048547,18.290152
1785755043,deepseek-v2:lite,32.0,10942,800000,398.17,19.87,.050228,20.676824
1785755064,deepseek-v2:lite,32.0,10940,801215,382.59,20.22,.052273,18.644120
1785755083,deepseek-v2:lite,32.0,10937,797444,400.05,20.02,.049993,18.426957
1785755102,deepseek-v2:lite,32.0,10943,800000,400.11,19.67,.049986,22.668794
1785755125,deepseek-v2:lite,32.0,10940,1400000,419.26,19.62,.047702,24.309806
1785755150,deepseek-v2:lite,32.0,10937,2093930,427.29,19.52,.046805,23.355984
1785755174,deepseek-v2:lite,32.0,10937,915384,375.72,19.60,.053230,24.276720
1785755198,deepseek-v2:lite,32.0,10930,1164448,387.60,19.50,.051598,20.255630
1785755219,deepseek-v2:lite,32.0,10941,801079,383.46,19.15,.052156,27.569626
1785755247,deepseek-v2:lite,32.0,10933,925658,391.70,19.49,.051058,28.217472
1785755276,deepseek-v2:lite,32.0,10920,800000,386.30,19.59,.051772,20.413504
1785755296,deepseek-v2:lite,32.0,10927,1016560,380.68,19.66,.052536,16.526017
1785755313,deepseek-v2:lite,32.0,10929,1994417,379.92,19.88,.052642,15.235928
1785755329,deepseek-v2:lite,32.0,10934,799627,346.96,19.95,.057642,15.888412
1785755345,deepseek-v2:lite,32.0,10944,800360,383.87,18.95,.052100,33.713717
1785755379,deepseek-v2:lite,32.0,10939,800000,377.58,19.83,.052968,16.789370
1785755396,deepseek-v2:lite,32.0,10934,782945,401.28,19.66,.049840,23.748577
1785755420,deepseek-v2:lite,32.0,10948,1001522,412.87,19.54,.048441,21.435103
1785755442,deepseek-v2:lite,32.0,10935,1705000,365.48,19.42,.054721,24.508011
1785755467,deepseek-v2:lite,32.0,10941,2100000,401.81,18.80,.049774,37.973155
1785755506,deepseek-v2:lite,32.0,10929,800000,379.76,19.85,.052664,17.933831
1785755524,deepseek-v2:lite,31.0,10937,798637,374.57,19.68,.053393,20.978682
1785755545,deepseek-v2:lite,32.0,10936,800000,414.88,19.24,.048206,23.803124
1785755569,deepseek-v2:lite,32.0,10942,1086616,427.28,19.25,.046807,26.379929
1785755596,deepseek-v2:lite,31.0,10936,800000,414.82,19.50,.048213,31.533172
1785755628,deepseek-v2:lite,32.0,10940,797122,422.28,19.62,.047361,26.805269
1785755655,deepseek-v2:lite,32.0,10933,865306,377.21,20.06,.053019,17.490097
1785755673,deepseek-v2:lite,32.0,10945,1412297,412.42,19.58,.048493,24.968272
1785755698,deepseek-v2:lite,31.0,10931,1161535,384.33,19.78,.052037,23.550564
1785755722,deepseek-v2:lite,31.0,10934,800000,374.44,20.67,.053412,14.364866
1785755737,deepseek-v2:lite,32.0,10934,800000,384.55,20.08,.052008,21.110679
1785755759,deepseek-v2:lite,32.0,10932,799532,410.86,19.89,.048677,22.621060
1785755782,deepseek-v2:lite,32.0,10934,800000,377.05,19.21,.053043,32.791917
1785755815,deepseek-v2:lite,32.0,10931,893843,377.59,20.13,.052966,6.903311
1785755822,deepseek-v2:lite,32.0,10934,800000,421.28,19.45,.047473,24.103716
1785755847,deepseek-v2:lite,31.0,10940,800000,374.25,18.83,.053438,39.403834
1785755886,deepseek-v2:lite,32.0,10943,800403,419.61,19.47,.047662,21.457996
1785755908,deepseek-v2:lite,31.0,10937,1400000,408.25,19.50,.048989,27.941764
1785755937,deepseek-v2:lite,32.0,10944,699696,370.20,20.39,.054024,14.216786
1785755951,deepseek-v2:lite,33.0,10937,798086,364.61,19.52,.054852,27.398122
1785755979,deepseek-v2:lite,32.0,10943,799004,360.00,19.61,.055554,24.731065
1785756004,deepseek-v2:lite,32.0,10938,799337,403.13,19.32,.049610,21.474375
1785756026,deepseek-v2:lite,32.0,10925,800000,385.05,19.59,.051940,21.685673
1785756048,deepseek-v2:lite,32.0,10928,799002,412.58,19.49,.048474,25.034612
1785756073,deepseek-v2:lite,32.0,10929,799551,373.07,19.55,.053608,27.558403
1785756101,deepseek-v2:lite,32.0,10934,800808,381.49,19.20,.052425,33.437182
1785756135,deepseek-v2:lite,31.0,10944,799611,466.95,19.72,.042830,19.413162
1785756155,deepseek-v2:lite,32.0,10937,799532,391.69,19.38,.051060,23.416408
1785756179,deepseek-v2:lite,31.0,10941,800000,385.77,19.21,.051843,31.531803
1785756211,deepseek-v2:lite,32.0,10941,801122,376.40,19.82,.053134,15.739193
1785756227,deepseek-v2:lite,32.0,10937,800000,389.46,19.91,.051352,14.308960
1785756241,deepseek-v2:lite,32.0,10933,1256223,381.50,19.47,.052424,21.465042
1785756263,deepseek-v2:lite,32.0,10934,858541,399.54,19.84,.050056,18.339059
1785756282,deepseek-v2:lite,31.0,10943,800000,386.33,19.58,.051768,18.180327
1785756300,deepseek-v2:lite,32.0,10934,799435,367.48,19.38,.054424,24.138880
1785756325,deepseek-v2:lite,31.0,10923,896189,379.08,19.63,.052758,22.412376
1785756348,deepseek-v2:lite,31.0,10932,800000,374.96,19.54,.053338,25.327179
1785756374,deepseek-v2:lite,32.0,10939,800000,381.63,19.44,.052406,24.730111
1785756399,deepseek-v2:lite,29.0,10926,802349,444.78,19.86,.044965,17.167119
1785756416,deepseek-v2:lite,32.0,10930,803108,493.53,19.54,.040523,29.015324
1785756446,deepseek-v2:lite,31.0,10935,800000,388.70,19.55,.051452,25.622570
1785756472,deepseek-v2:lite,31.0,10942,901600,397.32,19.44,.050337,22.159740
1785756494,deepseek-v2:lite,32.0,10933,1635897,380.12,19.35,.052614,25.165737
1785756520,deepseek-v2:lite,32.0,10944,2067821,390.41,19.39,.051227,22.892598
1785756543,deepseek-v2:lite,32.0,10942,798703,495.76,19.44,.040341,24.733065
1785756568,deepseek-v2:lite,32.0,10936,1500000,401.13,19.43,.049858,27.218616
1785756596,deepseek-v2:lite,32.0,10940,800000,378.76,19.53,.052803,21.398865
1785756617,deepseek-v2:lite,32.0,10936,2102464,349.70,20.15,.057191,18.658994
1785756636,deepseek-v2:lite,32.0,10935,873409,408.61,19.75,.048945,24.607002
1785756661,deepseek-v2:lite,32.0,10942,1190470,373.80,19.78,.053504,16.983181
1785756679,deepseek-v2:lite,32.0,10948,800000,397.40,20.16,.050326,14.679189
1785756694,deepseek-v2:lite,32.0,10941,799837,429.26,19.62,.046591,23.852714
1785756718,deepseek-v2:lite,32.0,10942,798650,451.00,19.86,.044345,16.409274
1785756735,deepseek-v2:lite,32.0,10936,1405263,411.24,19.49,.048632,23.951946
1785756759,deepseek-v2:lite,32.0,10936,800000,412.76,19.26,.048453,27.772164
1785756787,deepseek-v2:lite,31.0,10936,800397,411.46,19.57,.048606,23.500930
1785756811,deepseek-v2:lite,31.0,10941,800000,376.51,19.71,.053118,23.836233
1785756835,deepseek-v2:lite,32.0,10937,799105,390.03,19.23,.051277,27.403177
1785756863,deepseek-v2:lite,32.0,10937,799662,378.03,19.73,.052905,22.899728
1785756886,deepseek-v2:lite,32.0,10937,798594,378.61,19.52,.052823,23.763146
1785756911,deepseek-v2:lite,31.0,10944,1591776,379.63,19.49,.052682,21.900450
1785756933,deepseek-v2:lite,32.0,10943,800000,403.35,19.32,.049583,24.992590
1785756958,deepseek-v2:lite,29.0,10939,1190539,385.99,19.36,.051813,26.898859
1785756986,deepseek-v2:lite,32.0,10938,800782,386.59,19.52,.051733,24.941966
1785757011,deepseek-v2:lite,32.0,10929,1998041,378.44,19.66,.052847,19.226081
1785757030,deepseek-v2:lite,32.0,10941,798422,381.95,18.80,.052361,37.058605
1785757068,deepseek-v2:lite,32.0,10944,800000,414.03,19.59,.048305,29.235340
1785757098,deepseek-v2:lite,31.0,10946,800015,415.93,19.83,.048084,22.582481
1785757120,deepseek-v2:lite,32.0,10940,800000,409.85,19.39,.048797,24.074425
1785757145,deepseek-v2:lite,32.0,10939,1036069,384.84,19.82,.051969,22.699013
1785757168,deepseek-v2:lite,32.0,10939,1000000,406.01,19.72,.049259,16.987587
1785757185,deepseek-v2:lite,32.0,10947,800000,384.64,19.84,.051995,20.155412
1785757206,deepseek-v2:lite,32.0,10937,800334,428.64,19.36,.046658,25.352675
1785757232,deepseek-v2:lite,32.0,10939,1077381,419.71,19.75,.047651,24.494419
1785757256,deepseek-v2:lite,32.0,10932,1500000,378.47,19.27,.052844,29.312741
1785757286,deepseek-v2:lite,32.0,10943,626223,399.32,19.35,.050084,25.471424
1785757312,deepseek-v2:lite,29.0,10934,800000,384.35,19.63,.052035,24.347134
1785757337,deepseek-v2:lite,32.0,10940,798877,404.26,19.72,.049472,18.253838
1785757355,deepseek-v2:lite,28.0,10937,800484,381.23,19.82,.052461,19.370379
1785757375,deepseek-v2:lite,29.0,10934,1133835,401.51,18.42,.049810,43.319724
1785757419,deepseek-v2:lite,31.0,10938,800000,361.32,19.14,.055352,30.038151
1785757449,deepseek-v2:lite,32.0,10933,799498,379.85,19.50,.052651,27.025363
1785757477,deepseek-v2:lite,32.0,10936,1101540,386.85,19.97,.051698,14.918185
1785757492,deepseek-v2:lite,32.0,10936,799577,382.88,19.44,.052234,22.623885
1785757515,deepseek-v2:lite,32.0,10931,1013300,407.84,19.87,.049038,16.802704
1785757532,deepseek-v2:lite,32.0,10937,801962,459.55,19.55,.043520,21.684214
1785757554,deepseek-v2:lite,32.0,10918,801353,383.16,19.91,.052197,21.741603
1785757576,deepseek-v2:lite,33.0,10928,1431818,425.64,19.49,.046987,22.625678
1785757599,deepseek-v2:lite,32.0,10932,1358389,405.99,19.55,.049261,20.915277
1785757621,deepseek-v2:lite,32.0,10933,1070545,414.09,20.02,.048298,13.280176
1785757634,deepseek-v2:lite,32.0,10931,800000,364.25,19.42,.054907,22.653569
1785757657,deepseek-v2:lite,32.0,10920,1500000,471.33,19.68,.042432,23.519490
1785757681,deepseek-v2:lite,32.0,10928,800000,367.94,19.71,.054356,21.756982
1785757703,deepseek-v2:lite,31.0,10939,1184188,497.62,19.56,.040190,18.605446
1785757722,deepseek-v2:lite,32.0,10932,802025,509.22,19.82,.039275,19.722332
1785757742,deepseek-v2:lite,32.0,10938,800000,372.20,20.24,.053733,8.446174
1785757751,deepseek-v2:lite,32.0,10936,1069230,469.88,19.93,.042563,19.458406
1785757771,deepseek-v2:lite,32.0,10936,1502762,377.29,19.59,.053008,18.269432
1785757790,deepseek-v2:lite,32.0,10941,800000,355.30,19.80,.056289,21.307944
1785757811,deepseek-v2:lite,32.0,10943,973432,388.03,19.54,.051542,25.580536
1785757837,deepseek-v2:lite,30.0,10934,800000,378.54,19.47,.052833,23.206170
1785757861,deepseek-v2:lite,31.0,10936,1157739,429.54,19.76,.046560,18.109495
1785757879,deepseek-v2:lite,31.0,10914,1189795,373.89,19.90,.053491,19.842948
1785757899,deepseek-v2:lite,28.0,10928,800000,509.11,20.17,.039283,15.317493
1785757915,deepseek-v2:lite,32.0,10939,800000,419.48,19.68,.047677,26.057792
1785757942,deepseek-v2:lite,33.0,10943,800833,395.50,19.09,.050567,30.110718
1785757972,deepseek-v2:lite,32.0,10932,1640532,398.55,19.73,.050181,23.305862
1785757996,deepseek-v2:lite,32.0,10944,800000,387.30,19.71,.051638,25.214476
1785758021,deepseek-v2:lite,32.0,10929,798333,403.23,19.65,.049598,25.393674
1785758047,deepseek-v2:lite,32.0,10929,800000,375.83,19.78,.053214,14.098667
1785758062,deepseek-v2:lite,32.0,10939,800000,397.30,20.80,.050339,4.517973
1785758066,deepseek-v2:lite,32.0,10937,800000,400.26,18.97,.049967,30.935536
1785758098,deepseek-v2:lite,32.0,10931,716784,402.69,19.71,.049665,23.032086
1785758121,deepseek-v2:lite,32.0,10945,800000,361.89,19.68,.055264,23.627502
1785758145,deepseek-v2:lite,32.0,10944,800375,419.35,19.58,.047692,24.049629
1785758170,deepseek-v2:lite,31.0,10933,800699,375.79,19.65,.053219,24.930780
1785758195,deepseek-v2:lite,32.0,10937,800000,503.83,19.22,.039695,28.923007
1785758224,deepseek-v2:lite,32.0,10931,800000,383.75,19.89,.052116,13.820686
1785758238,deepseek-v2:lite,32.0,10933,1000513,502.75,19.99,.039780,13.355981
1785758252,deepseek-v2:lite,32.0,10937,800000,384.59,20.17,.052003,16.160996
1785758269,deepseek-v2:lite,31.0,10938,800000,433.21,19.53,.046166,21.144803
1785758290,deepseek-v2:lite,32.0,10945,800000,415.04,19.02,.048187,31.950071
1785758323,deepseek-v2:lite,31.0,10943,1018011,415.96,19.82,.048081,17.902562
1785758341,deepseek-v2:lite,32.0,10936,800000,400.75,19.31,.049906,24.642388
1785758366,deepseek-v2:lite,31.0,10925,1402215,382.94,19.92,.052226,18.017450
1785758384,deepseek-v2:lite,31.0,10947,2000000,354.32,19.46,.056444,24.047645
1785758409,deepseek-v2:lite,29.0,10944,1104781,374.04,19.80,.053470,19.391986
1785758428,deepseek-v2:lite,30.0,10944,799555,358.38,19.78,.055805,16.123519
1785758445,deepseek-v2:lite,32.0,10935,2000000,378.68,19.93,.052814,15.000860
1785758460,deepseek-v2:lite,32.0,10951,800000,366.59,19.34,.054555,25.685788
1785758486,deepseek-v2:lite,31.0,10953,800000,402.47,19.62,.049693,22.367390
1785758509,deepseek-v2:lite,32.0,10943,1907232,401.15,19.61,.049856,23.606951
1785758533,deepseek-v2:lite,31.0,10947,800910,412.06,19.36,.048536,23.545827
1785758557,deepseek-v2:lite,32.0,10943,800000,402.29,19.55,.049715,21.276924
1785758579,deepseek-v2:lite,32.0,10946,799026,413.02,19.49,.048422,21.028043
1785758600,deepseek-v2:lite,32.0,10940,799680,422.78,20.05,.047305,14.164258
1785758614,deepseek-v2:lite,31.0,10947,799564,401.31,19.72,.049835,23.926070
1785758639,deepseek-v2:lite,32.0,10936,800000,383.69,19.39,.052125,20.054801
1785758659,deepseek-v2:lite,32.0,10949,1213262,375.27,20.12,.053294,26.834065
1785758686,deepseek-v2:lite,32.0,10950,799217,383.92,19.65,.052093,24.986708
1785758712,deepseek-v2:lite,32.0,10934,798617,414.20,19.60,.048285,23.358144
1785758736,deepseek-v2:lite,32.0,10929,801748,419.35,19.72,.047691,18.356431
1785758754,deepseek-v2:lite,32.0,10933,800000,378.68,18.98,.052814,35.233764
1785758790,deepseek-v2:lite,32.0,10942,1800000,367.32,19.93,.054447,14.148531
1785758804,deepseek-v2:lite,32.0,10934,1001795,377.85,19.02,.052930,31.845360
1785758837,deepseek-v2:lite,32.0,10936,800000,414.94,19.08,.048199,30.179658
1785758867,deepseek-v2:lite,32.0,10948,1621220,370.86,19.25,.053927,29.296411
1785758897,deepseek-v2:lite,29.0,10939,800000,442.76,19.27,.045170,26.097054
1785758923,deepseek-v2:lite,32.0,10932,1091123,379.46,19.57,.052706,19.868273
1785758944,deepseek-v2:lite,31.0,10947,799337,364.29,19.42,.054900,23.576404
1785758968,deepseek-v2:lite,31.0,10945,1886616,375.27,19.68,.053294,22.558403
1785758991,deepseek-v2:lite,31.0,10938,798646,497.36,19.78,.040212,16.476807
1785759007,deepseek-v2:lite,32.0,10941,800000,366.29,19.40,.054601,25.614665
1785759033,deepseek-v2:lite,32.0,10939,1199287,347.87,18.95,.057491,35.195093
1785759069,deepseek-v2:lite,32.0,10935,1824311,413.60,19.67,.048355,21.451607
1785759091,deepseek-v2:lite,32.0,10926,1000000,406.26,19.27,.049228,23.558515
1785759115,deepseek-v2:lite,32.0,10918,1528503,400.26,19.74,.049966,20.667548
1785759136,deepseek-v2:lite,32.0,10928,2097852,404.76,19.53,.049411,26.925596
1785759163,deepseek-v2:lite,29.0,10940,1800000,361.49,19.69,.055325,21.228668
1785759185,deepseek-v2:lite,31.0,10938,802979,410.65,19.42,.048702,24.245727
1785759209,deepseek-v2:lite,32.0,10937,800000,420.29,19.46,.047585,22.039808
1785759232,deepseek-v2:lite,31.0,10937,800349,387.17,19.42,.051656,25.067471
1785759257,deepseek-v2:lite,32.0,10941,1568862,494.59,19.84,.040437,18.340105
1785759276,deepseek-v2:lite,33.0,10940,800841,412.35,19.53,.048502,20.066262
1785759296,deepseek-v2:lite,31.0,10936,799511,394.19,19.67,.050736,28.614174
1785759325,deepseek-v2:lite,32.0,10940,678106,382.83,19.78,.052241,22.948930
1785759349,deepseek-v2:lite,32.0,10933,800000,385.79,20.03,.051840,21.363043
1785759370,deepseek-v2:lite,32.0,10929,801088,368.29,19.84,.054304,20.559990
1785759391,deepseek-v2:lite,32.0,10933,997593,371.41,19.53,.053847,24.977243
1785759417,deepseek-v2:lite,29.0,10923,1533613,401.90,19.43,.049763,22.900444
1785759440,deepseek-v2:lite,32.0,10931,800000,398.31,19.21,.050211,26.022376
1785759466,deepseek-v2:lite,31.0,10931,1000540,387.90,20.08,.051558,19.463812
1785759486,deepseek-v2:lite,32.0,10929,1105104,381.31,19.46,.052450,24.860995
1785759511,deepseek-v2:lite,32.0,10942,2093518,364.49,19.75,.054870,17.614419
1785759529,deepseek-v2:lite,32.0,10937,870523,378.98,19.27,.052772,24.491492
1785759554,deepseek-v2:lite,32.0,10941,801498,394.13,19.49,.050743,24.311115
1785759579,deepseek-v2:lite,32.0,10944,1481483,398.09,19.63,.050239,23.380763
1785759603,deepseek-v2:lite,32.0,10940,1187970,362.71,19.35,.055140,32.082106
1785759635,deepseek-v2:lite,32.0,10936,799689,406.42,19.86,.049210,17.766817
1785759653,deepseek-v2:lite,32.0,10940,1100000,375.42,19.54,.053272,27.576044
1785759681,deepseek-v2:lite,32.0,10941,797820,375.08,19.14,.053320,30.455050
1785759712,deepseek-v2:lite,32.0,10932,800000,384.86,19.70,.051966,25.425442
1785759738,deepseek-v2:lite,32.0,10936,1131917,396.11,20.02,.050490,16.832882
1785759755,deepseek-v2:lite,32.0,10938,800362,376.81,19.45,.053075,22.930114
1785759778,deepseek-v2:lite,32.0,10943,1000000,374.01,19.45,.053473,24.977369
1785759804,deepseek-v2:lite,32.0,10928,1370336,399.23,19.59,.050096,21.285686
1785759826,deepseek-v2:lite,31.0,10926,799134,383.71,19.62,.052121,22.929396
1785759849,deepseek-v2:lite,32.0,10931,800000,410.32,19.43,.048741,26.966141
1785759876,deepseek-v2:lite,32.0,10945,800000,501.19,19.44,.039904,26.173424
1785759903,deepseek-v2:lite,31.0,10944,798467,423.07,19.27,.047272,24.802589
1785759928,deepseek-v2:lite,29.0,10934,799596,396.01,19.49,.050503,17.695219
1785759946,deepseek-v2:lite,32.0,10944,800000,383.23,19.52,.052187,25.300762
1785759972,deepseek-v2:lite,32.0,10941,798782,369.98,19.02,.054055,34.962325
1785760007,deepseek-v2:lite,32.0,10946,835040,388.58,19.54,.051469,26.763519
1785760034,deepseek-v2:lite,32.0,10945,1410823,476.94,19.58,.041933,23.848433
1785760058,deepseek-v2:lite,32.0,10946,830743,368.08,19.34,.054334,24.710622
1785760084,deepseek-v2:lite,31.0,10930,800340,362.18,19.58,.055220,24.561726
1785760109,deepseek-v2:lite,32.0,10934,1009212,369.14,19.45,.054179,25.291477
1785760134,deepseek-v2:lite,31.0,10931,800000,380.48,19.07,.052565,30.668720
1785760165,deepseek-v2:lite,32.0,10931,800000,373.95,20.04,.053482,15.313969
1785760181,deepseek-v2:lite,32.0,10926,1241344,420.47,20.06,.047564,16.847376
1785760198,deepseek-v2:lite,32.0,10933,801259,371.67,19.64,.053811,20.562112
1785760219,deepseek-v2:lite,32.0,10932,800000,393.14,19.54,.050871,24.564977
1785760244,deepseek-v2:lite,31.0,10934,850743,370.35,19.79,.054002,16.969784
1785760261,deepseek-v2:lite,32.0,10930,1399362,357.06,19.66,.056012,21.566328
1785760283,deepseek-v2:lite,31.0,10939,800000,376.79,19.50,.053079,25.128178
1785760309,deepseek-v2:lite,32.0,10937,800000,402.10,19.41,.049738,27.652125
1785760337,deepseek-v2:lite,32.0,10927,799020,392.46,19.77,.050960,19.313229
1785760356,deepseek-v2:lite,31.0,10928,800000,386.60,19.87,.051732,18.763559
1785760376,deepseek-v2:lite,32.0,10930,800000,412.31,19.89,.048506,17.995089
1785760394,deepseek-v2:lite,32.0,10939,1067783,389.28,19.95,.051376,21.098068
1785760415,deepseek-v2:lite,32.0,10945,892773,398.14,19.30,.050233,30.142894
1785760446,deepseek-v2:lite,31.0,10934,800000,380.57,19.91,.052551,17.275709
1785760464,deepseek-v2:lite,32.0,10940,826989,394.74,19.43,.050665,24.438582
1785760488,deepseek-v2:lite,32.0,10924,800000,426.41,20.03,.046902,13.030013
1785760502,deepseek-v2:lite,32.0,10917,800000,382.26,20.09,.052319,19.902273
1785760522,deepseek-v2:lite,32.0,10924,800000,404.25,19.58,.049474,25.533701
1785760548,deepseek-v2:lite,32.0,10929,845012,413.14,19.92,.048409,21.376097
1785760570,deepseek-v2:lite,31.0,10930,1492165,376.32,19.52,.053146,25.609088
1785760596,deepseek-v2:lite,31.0,10925,800000,393.78,19.31,.050788,33.856107
1785760630,deepseek-v2:lite,31.0,10921,798175,403.65,19.63,.049547,27.396290
1785760658,deepseek-v2:lite,32.0,10927,799175,382.82,19.78,.052243,24.003436
1785760682,deepseek-v2:lite,32.0,10941,800992,386.45,19.91,.051753,15.765049
1785760698,deepseek-v2:lite,31.0,10937,1500000,396.80,19.17,.050402,27.018665
1785760726,deepseek-v2:lite,32.0,10927,951069,401.33,19.24,.049833,32.324719
1785760758,deepseek-v2:lite,31.0,10917,798507,423.36,19.52,.047240,19.566397
1785760778,deepseek-v2:lite,29.0,10935,631390,383.48,19.51,.052153,22.497423
1785760801,deepseek-v2:lite,31.0,10937,800804,412.98,19.45,.048427,20.924706
1785760823,deepseek-v2:lite,32.0,10933,800000,380.47,19.86,.052565,17.569272
1785760840,deepseek-v2:lite,32.0,10933,800436,451.27,19.26,.044318,26.426489
1785760867,deepseek-v2:lite,29.0,10944,1032142,388.84,19.63,.051434,21.648994
1785760889,deepseek-v2:lite,32.0,10943,1833647,377.26,20.26,.053013,15.691228
1785760905,deepseek-v2:lite,32.0,10938,795989,377.85,20.15,.052930,19.301250
1785760925,deepseek-v2:lite,32.0,10928,800975,423.28,19.66,.047249,19.883753
1785760945,deepseek-v2:lite,31.0,10941,2102341,380.73,19.68,.052529,24.991280
1785760971,deepseek-v2:lite,32.0,10938,1410293,359.39,19.56,.055648,21.667800
1785760993,deepseek-v2:lite,32.0,10944,1067467,399.76,19.57,.050029,24.933301
1785761018,deepseek-v2:lite,32.0,10940,800000,498.55,19.08,.040116,28.980173
1785761047,deepseek-v2:lite,32.0,10933,800000,475.90,19.63,.042025,22.460257
1785761070,deepseek-v2:lite,31.0,10937,1398940,479.07,19.56,.041746,22.951005
1785761094,deepseek-v2:lite,31.0,10954,1832479,382.85,19.92,.052239,12.745291
1785761107,deepseek-v2:lite,32.0,10934,800000,369.61,19.36,.054110,21.898272
1785761129,deepseek-v2:lite,31.0,10933,800904,403.25,20.55,.049596,4.963494
1785761134,deepseek-v2:lite,32.0,10933,802318,382.86,19.79,.052237,20.161311
1785761155,deepseek-v2:lite,32.0,10940,800000,355.03,19.71,.056332,24.655453
1785761180,deepseek-v2:lite,32.0,10945,1371780,447.60,19.69,.044681,19.800601
1785761200,deepseek-v2:lite,32.0,10948,800000,382.15,20.11,.052334,16.656268
1785761217,deepseek-v2:lite,32.0,10938,800000,385.57,19.82,.051871,15.735637
1785761233,deepseek-v2:lite,32.0,10944,799339,418.05,19.74,.047840,15.701254
1785761249,deepseek-v2:lite,32.0,10941,971248,382.16,19.03,.052333,32.685155
1785761282,deepseek-v2:lite,32.0,10933,799236,413.07,19.49,.048416,24.719132
1785761307,deepseek-v2:lite,32.0,10936,2034464,376.65,19.54,.053098,20.926375
1785761329,deepseek-v2:lite,32.0,10932,799049,427.22,19.10,.046813,31.401734
1785761360,deepseek-v2:lite,32.0,10939,800000,379.55,19.22,.052692,24.909479
1785761386,deepseek-v2:lite,31.0,10936,1007507,409.56,19.40,.048831,26.281195
1785761412,deepseek-v2:lite,30.0,10940,914160,417.68,19.50,.047883,20.972761
1785761434,deepseek-v2:lite,32.0,10933,800000,380.58,19.83,.052550,20.464792
1785761454,deepseek-v2:lite,36.0,10938,2100021,365.84,20.23,.054667,17.493899
1785761472,deepseek-v2:lite,32.0,10938,1461368,387.65,19.97,.051592,15.522855
1785761488,deepseek-v2:lite,33.0,10941,1400000,438.42,19.07,.045618,31.977179
1785761521,deepseek-v2:lite,32.0,10940,1499150,379.55,19.86,.052693,24.672678
1785761546,deepseek-v2:lite,32.0,10930,799954,428.32,19.73,.046693,20.416727
1785761566,deepseek-v2:lite,32.0,10925,864473,393.52,19.56,.050822,22.844728
1785761590,deepseek-v2:lite,32.0,10921,981880,386.10,19.88,.051799,19.412140
1785761609,deepseek-v2:lite,31.0,10930,799006,371.93,20.05,.053773,15.459870
1785761625,deepseek-v2:lite,32.0,10934,800000,399.62,19.68,.050047,20.217463
1785761646,deepseek-v2:lite,32.0,10932,801454,380.48,19.76,.052564,21.143739
1785761667,deepseek-v2:lite,32.0,10934,800000,374.31,19.48,.053431,23.458963
1785761691,deepseek-v2:lite,32.0,10949,1203995,418.02,18.86,.047844,33.229904
1785761725,deepseek-v2:lite,32.0,10939,1342383,404.18,19.67,.049482,17.791698
1785761743,deepseek-v2:lite,31.0,10933,800486,380.08,18.86,.052619,31.590053
1785761775,deepseek-v2:lite,32.0,10940,800000,421.78,19.58,.047417,22.767632
1785761798,deepseek-v2:lite,31.0,10937,1200000,384.20,19.44,.052056,25.864181
1785761824,deepseek-v2:lite,29.0,10941,823299,424.30,19.46,.047136,21.582217
1785761846,deepseek-v2:lite,28.0,10943,800000,358.43,19.69,.055798,18.021438
1785761865,deepseek-v2:lite,32.0,10945,800998,422.40,20.07,.047348,13.696155
1785761879,deepseek-v2:lite,32.0,10942,1988026,358.61,19.57,.055770,22.272234
1785761901,deepseek-v2:lite,32.0,10948,798675,404.99,19.26,.049382,29.541721
1785761931,deepseek-v2:lite,32.0,10943,1667505,397.99,19.74,.050251,21.526680
1785761953,deepseek-v2:lite,32.0,10942,2102755,394.99,20.28,.050633,15.229302
1785761969,deepseek-v2:lite,32.0,10944,1201201,413.37,19.90,.048381,22.050939
1785761991,deepseek-v2:lite,32.0,10942,933285,403.48,19.79,.049567,15.456463
1785762007,deepseek-v2:lite,32.0,10938,999553,406.68,19.53,.049177,19.251152
1785762026,deepseek-v2:lite,32.0,10939,800000,383.19,19.35,.052192,25.885622
1785762053,deepseek-v2:lite,32.0,10970,764988,376.91,19.43,.053061,25.987823
1785762079,deepseek-v2:lite,31.0,10967,1562762,382.20,19.75,.052328,20.250336
1785762100,deepseek-v2:lite,32.0,10969,842798,410.47,19.13,.048723,30.360424
1785762130,deepseek-v2:lite,32.0,10968,1859429,408.55,19.47,.048953,22.902522
1785762154,deepseek-v2:lite,31.0,10940,799183,388.45,19.76,.051485,20.287227
1785762174,deepseek-v2:lite,32.0,10933,801742,383.26,19.92,.052183,26.455152
1785762201,deepseek-v2:lite,32.0,10942,997122,433.57,19.65,.046127,23.354143
1785762225,deepseek-v2:lite,29.0,10953,1100517,379.82,19.43,.052656,23.669183
1785762249,deepseek-v2:lite,32.0,10948,800000,376.00,19.52,.053191,24.784187
1785762274,deepseek-v2:lite,32.0,10946,1200000,406.45,19.42,.049205,24.913659
1785762300,deepseek-v2:lite,32.0,10939,800000,376.37,19.47,.053138,27.413116
1785762327,deepseek-v2:lite,32.0,10935,800000,418.73,19.62,.047763,16.410025
1785762344,deepseek-v2:lite,32.0,10936,800000,377.32,19.54,.053004,25.075142
1785762370,deepseek-v2:lite,31.0,10947,1610371,384.29,19.23,.052042,28.496656
1785762398,deepseek-v2:lite,32.0,10935,1412867,387.55,19.49,.051605,27.959716
1785762427,deepseek-v2:lite,32.0,10941,998726,425.57,19.58,.046995,16.131100
1785762443,deepseek-v2:lite,32.0,10947,963115,393.28,19.67,.050853,19.157404
1785762463,deepseek-v2:lite,29.0,10938,800300,383.65,19.76,.052130,19.984031
1785762483,deepseek-v2:lite,32.0,10937,2100000,409.32,19.28,.048860,26.293347
1785762510,deepseek-v2:lite,32.0,10943,802162,379.37,19.53,.052717,19.709651
1785762530,deepseek-v2:lite,32.0,10938,798493,379.62,19.23,.052682,27.968300
1785762558,deepseek-v2:lite,29.0,10944,1119501,410.71,19.36,.048695,23.756184
1785762582,deepseek-v2:lite,32.0,10938,1451382,380.03,19.34,.052627,25.641338
1785762608,deepseek-v2:lite,32.0,10938,2100000,350.72,19.62,.057024,18.500866
1785762627,deepseek-v2:lite,32.0,10947,1087273,410.26,19.34,.048748,25.638460
1785762653,deepseek-v2:lite,32.0,10944,800372,357.09,19.33,.056007,28.077197
1785762682,deepseek-v2:lite,32.0,10948,800000,373.31,19.35,.053573,28.615897
1785762711,deepseek-v2:lite,32.0,10932,800000,443.95,19.32,.045049,30.317757
1785762742,deepseek-v2:lite,29.0,10936,1629421,406.50,19.36,.049199,29.174458
1785762771,deepseek-v2:lite,32.0,10936,1366535,484.09,19.50,.041314,25.687915
1785762797,deepseek-v2:lite,32.0,10939,799878,367.47,19.57,.054425,27.328886
1785762825,deepseek-v2:lite,32.0,10933,798994,436.89,19.71,.045777,22.929580
1785762848,deepseek-v2:lite,32.0,10945,800000,412.48,19.44,.048486,25.822481
1785762874,deepseek-v2:lite,29.0,10925,800000,364.61,18.78,.054851,38.444006
1785762913,deepseek-v2:lite,32.0,10932,799680,373.88,19.75,.053492,19.892594
1785762934,deepseek-v2:lite,32.0,10939,800000,386.87,19.80,.051696,21.411289
1785762955,deepseek-v2:lite,29.0,10935,998181,378.25,19.18,.052874,25.801286
1785762982,deepseek-v2:lite,32.0,10931,800000,386.08,19.63,.051801,18.185585
1785763000,deepseek-v2:lite,32.0,10937,800000,406.78,19.36,.049166,26.853334
1785763027,deepseek-v2:lite,31.0,10930,800000,408.59,19.21,.048947,28.929783
1785763057,deepseek-v2:lite,29.0,10932,1112707,505.99,19.50,.039526,24.251882
1785763081,deepseek-v2:lite,31.0,10939,1896247,370.92,19.63,.053919,18.893335
1785763101,deepseek-v2:lite,31.0,10929,1197948,412.20,19.69,.048519,26.198273
1785763127,deepseek-v2:lite,32.0,10938,799001,413.12,20.02,.048411,21.374893
1785763149,deepseek-v2:lite,32.0,10940,1063676,402.36,20.14,.049706,17.620565
1785763167,deepseek-v2:lite,32.0,10947,800000,383.78,19.51,.052112,24.134239
1785763191,deepseek-v2:lite,31.0,10936,802002,423.74,19.83,.047197,18.253433
1785763210,deepseek-v2:lite,32.0,10940,952778,407.42,18.67,.049088,38.617802
1785763249,deepseek-v2:lite,32.0,10927,798639,401.31,19.47,.049836,27.785855
1785763277,deepseek-v2:lite,32.0,10919,800000,368.13,19.08,.054327,29.192565
1785763307,deepseek-v2:lite,32.0,10934,1498644,414.85,19.75,.048210,18.222227
1785763325,deepseek-v2:lite,29.0,10936,800000,378.03,19.32,.052905,20.643914
1785763347,deepseek-v2:lite,32.0,10934,1595767,417.11,19.47,.047948,24.498339
1785763371,deepseek-v2:lite,32.0,10927,813311,361.71,19.62,.055292,22.519070
1785763394,deepseek-v2:lite,32.0,10936,968019,391.43,19.65,.051094,26.410662
1785763421,deepseek-v2:lite,32.0,10938,799692,402.24,19.73,.049721,21.885054
1785763443,deepseek-v2:lite,29.0,10937,1236312,416.09,19.36,.048065,29.905481
1785763474,deepseek-v2:lite,32.0,10938,800000,406.40,19.29,.049211,31.255361
1785763505,deepseek-v2:lite,32.0,10926,803592,417.59,19.85,.047893,22.661789
1785763528,deepseek-v2:lite,32.0,10933,801061,401.98,19.40,.049752,25.812351
1785763555,deepseek-v2:lite,32.0,10932,2094939,388.39,19.69,.051494,15.584765
1785763570,deepseek-v2:lite,32.0,10941,1497321,353.16,19.62,.056630,22.115024
1785763593,deepseek-v2:lite,33.0,10937,800945,368.48,19.57,.054276,18.545890
1785763612,deepseek-v2:lite,31.0,10949,800000,388.05,19.30,.051539,26.675783
1785763639,deepseek-v2:lite,30.0,10937,800000,362.80,19.39,.055125,24.639279
1785763664,deepseek-v2:lite,32.0,10933,800545,397.90,19.60,.050263,21.421258
1785763686,deepseek-v2:lite,32.0,10933,800000,382.73,19.59,.052255,21.889614
1785763708,deepseek-v2:lite,32.0,10941,846091,386.26,19.53,.051778,25.129064
1785763734,deepseek-v2:lite,31.0,10933,799704,378.50,19.20,.052838,25.932117
1785763760,deepseek-v2:lite,32.0,10928,636605,414.99,19.41,.048193,23.903132
1785763784,deepseek-v2:lite,32.0,10937,1063157,357.61,19.44,.055925,24.791920
1785763809,deepseek-v2:lite,31.0,10938,1177081,426.48,19.64,.046895,22.707105
1785763832,deepseek-v2:lite,32.0,10934,1428746,374.88,19.76,.053349,17.000479
1785763850,deepseek-v2:lite,28.0,10935,1361390,387.76,19.46,.051578,26.145535
1785763876,deepseek-v2:lite,32.0,10933,799758,380.95,19.67,.052499,21.905658
1785763899,deepseek-v2:lite,32.0,10931,1199354,374.64,19.61,.053383,15.348882
1785763914,deepseek-v2:lite,28.0,10932,799015,435.50,19.59,.045924,18.879970
1785763934,deepseek-v2:lite,32.0,10933,800000,371.96,19.27,.053769,26.408698
1785763960,deepseek-v2:lite,32.0,10936,1940728,396.28,19.50,.050468,26.297057
1785763987,deepseek-v2:lite,32.0,10927,900633,372.06,19.61,.053753,19.829255
1785764007,deepseek-v2:lite,32.0,10933,1780506,382.75,19.68,.052252,15.853571
1785764023,deepseek-v2:lite,31.0,10923,798989,386.93,19.43,.051688,27.577450
1785764051,deepseek-v2:lite,32.0,10926,800000,379.03,19.49,.052766,21.436170
1785764073,deepseek-v2:lite,32.0,10929,801267,366.59,19.52,.054555,19.358344
1785764093,deepseek-v2:lite,32.0,10936,800000,412.89,19.77,.048438,20.730403
1785764114,deepseek-v2:lite,31.0,10935,1095832,391.91,19.95,.051032,23.202652
1785764138,deepseek-v2:lite,29.0,10935,800000,380.46,19.65,.052567,24.679208
1785764163,deepseek-v2:lite,29.0,10939,1301635,360.91,20.27,.055414,20.765376
1785764184,deepseek-v2:lite,32.0,10946,800638,374.12,19.57,.053458,28.250296
1785764213,deepseek-v2:lite,31.0,10938,940543,376.96,19.74,.053055,21.220767
1785764234,deepseek-v2:lite,31.0,10937,799106,391.65,19.67,.051065,19.715519
1785764254,deepseek-v2:lite,32.0,10937,800000,414.48,19.37,.048252,24.001594
1785764279,deepseek-v2:lite,31.0,10944,800000,415.56,19.48,.048127,24.431644
1785764303,deepseek-v2:lite,32.0,10942,1596958,415.00,19.32,.048192,25.258759
1785764329,deepseek-v2:lite,32.0,10935,799952,411.19,19.86,.048639,21.394675
1785764351,deepseek-v2:lite,32.0,10932,1112842,368.55,18.97,.054266,32.464875
1785764384,deepseek-v2:lite,32.0,10931,1017905,363.76,19.97,.054980,20.522726
1785764405,deepseek-v2:lite,32.0,10927,800000,424.98,19.71,.047060,18.414215
1785764423,deepseek-v2:lite,32.0,10938,790377,383.59,19.72,.052138,20.434468
1785764444,deepseek-v2:lite,32.0,10935,798767,399.73,20.29,.050033,14.981184
1785764459,deepseek-v2:lite,32.0,10931,799181,476.84,19.85,.041942,20.997132
1785764481,deepseek-v2:lite,32.0,10937,2100000,426.69,19.78,.046871,19.201671
1785764500,deepseek-v2:lite,32.0,10944,1877642,374.05,19.52,.053468,25.812979
1785764527,deepseek-v2:lite,32.0,10942,800000,362.35,19.56,.055193,20.238550
1785764547,deepseek-v2:lite,32.0,10938,687547,395.36,19.77,.050585,21.337175
1785764569,deepseek-v2:lite,32.0,10940,800000,381.37,19.76,.052441,20.487944
1785764590,deepseek-v2:lite,32.0,10938,1069194,412.93,19.55,.048433,22.804334
1785764613,deepseek-v2:lite,32.0,10935,800000,408.87,19.59,.048914,21.381920
1785764635,deepseek-v2:lite,31.0,10941,800000,404.80,19.96,.049406,16.427783
1785764651,deepseek-v2:lite,32.0,10928,800000,388.55,19.69,.051472,31.624506
1785764683,deepseek-v2:lite,32.0,10934,798675,475.12,20.23,.042094,15.567839
1785764699,deepseek-v2:lite,31.0,10935,801029,404.80,19.28,.049405,24.263704
1785764724,deepseek-v2:lite,31.0,10930,798083,428.64,18.98,.046658,29.345244
1785764754,deepseek-v2:lite,29.0,10937,2100000,370.44,19.64,.053989,24.384493
1785764779,deepseek-v2:lite,31.0,10933,799188,371.44,19.69,.053843,17.310121
1785764796,deepseek-v2:lite,32.0,10940,1601285,375.44,19.49,.053269,24.932342
1785764822,deepseek-v2:lite,29.0,10949,1212805,385.06,19.70,.051939,18.977635
1785764841,deepseek-v2:lite,32.0,10937,800970,443.82,20.16,.045062,14.877322
1785764856,deepseek-v2:lite,32.0,10936,799948,410.68,19.97,.048699,17.523487
1785764874,deepseek-v2:lite,32.0,10936,1039701,374.74,19.62,.053369,22.012505
1785764896,deepseek-v2:lite,31.0,10927,1270183,403.29,19.39,.049591,24.286959
1785764921,deepseek-v2:lite,32.0,10944,800600,379.44,19.76,.052709,19.274240
1785764941,deepseek-v2:lite,32.0,10933,2092250,401.58,19.44,.049802,31.987965
1785764973,deepseek-v2:lite,32.0,10946,1524901,403.49,20.38,.049566,17.705189
1785764991,deepseek-v2:lite,32.0,10949,1486715,370.61,20.30,.053963,9.946048
1785765001,deepseek-v2:lite,32.0,10948,1334611,472.61,19.78,.042317,18.697097
1785765020,deepseek-v2:lite,29.0,10939,971185,376.56,19.79,.053112,19.596603
1785765040,deepseek-v2:lite,32.0,10931,1415020,430.87,19.69,.046417,22.035962
1785765063,deepseek-v2:lite,32.0,10934,798534,384.57,19.60,.052005,22.650756
1785765086,deepseek-v2:lite,32.0,10931,1869969,395.32,19.51,.050590,24.799539
1785765111,deepseek-v2:lite,32.0,10926,993739,385.88,19.63,.051829,24.654717
1785765136,deepseek-v2:lite,28.0,10937,1534354,400.57,19.70,.049928,23.448949
1785765160,deepseek-v2:lite,32.0,10937,761775,391.40,19.31,.051097,24.435676
1785765185,deepseek-v2:lite,32.0,10928,800000,383.58,19.26,.052139,30.005353
1785765215,deepseek-v2:lite,31.0,10939,800000,366.85,19.67,.054517,18.496433
1785765234,deepseek-v2:lite,32.0,10946,1618974,388.97,19.29,.051417,27.469621
1785765262,deepseek-v2:lite,32.0,10933,799216,358.24,19.33,.055828,27.613605
1785765290,deepseek-v2:lite,28.0,10931,1187876,384.10,20.06,.052069,22.572075
1785765313,deepseek-v2:lite,32.0,10931,800000,369.27,19.26,.054159,30.944082
1785765344,deepseek-v2:lite,31.0,10930,800000,376.36,19.31,.053139,31.579132
1785765376,deepseek-v2:lite,32.0,10922,2001904,415.32,19.72,.048154,21.651871
1785765398,deepseek-v2:lite,31.0,10927,801103,380.25,19.23,.052596,28.599823
1785765427,deepseek-v2:lite,32.0,10942,1588912,412.09,19.34,.048532,27.400071
1785765455,deepseek-v2:lite,32.0,10944,2107664,401.61,19.50,.049798,27.531298
1785765483,deepseek-v2:lite,31.0,10938,1400000,412.59,19.56,.048473,22.693056
1785765506,deepseek-v2:lite,31.0,10925,1887711,419.93,19.22,.047626,31.425064
1785765538,deepseek-v2:lite,31.0,10931,2096195,442.67,19.93,.045180,17.754713
1785765556,deepseek-v2:lite,32.0,10916,800000,381.41,19.35,.052436,32.234651
1785765589,deepseek-v2:lite,32.0,10941,1000000,405.37,19.77,.049337,20.736282
1785765610,deepseek-v2:lite,32.0,10940,800980,434.94,19.96,.045982,19.287586
1785765629,deepseek-v2:lite,32.0,10937,1000000,400.96,19.78,.049880,23.051965
1785765653,deepseek-v2:lite,32.0,10938,1877316,383.14,19.61,.052199,18.144783
1785765671,deepseek-v2:lite,32.0,10935,800000,383.64,19.87,.052131,22.743837
1785765694,deepseek-v2:lite,32.0,10936,799674,416.74,19.65,.047990,21.575591
1785765716,deepseek-v2:lite,32.0,10937,1000783,374.34,19.68,.053427,27.631377
1785765744,deepseek-v2:lite,32.0,10934,800000,382.66,19.55,.052265,26.443614
1785765771,deepseek-v2:lite,32.0,10937,800000,381.65,19.58,.052403,23.793614
1785765795,deepseek-v2:lite,32.0,10938,800000,384.79,19.54,.051975,24.663072
1785765820,deepseek-v2:lite,32.0,10941,799510,400.62,19.46,.049922,26.401537
1785765847,deepseek-v2:lite,32.0,10943,1587941,455.05,19.89,.043950,20.309088
1785765868,deepseek-v2:lite,32.0,10942,967092,390.01,19.51,.051279,22.752069
1785765891,deepseek-v2:lite,32.0,10941,1459069,388.25,19.54,.051512,20.055335
1785765911,deepseek-v2:lite,32.0,10917,799990,508.10,19.77,.039362,24.733697
1785765936,deepseek-v2:lite,32.0,10931,800476,385.41,19.43,.051891,30.773376
1785765968,deepseek-v2:lite,32.0,10936,799155,410.72,19.14,.048694,32.744114
1785766001,deepseek-v2:lite,32.0,10935,1778672,367.10,19.56,.054480,27.346267
1785766029,deepseek-v2:lite,31.0,10927,800000,406.31,19.68,.049222,23.675791
1785766053,deepseek-v2:lite,32.0,10928,1000000,368.58,19.76,.054260,20.999683
1785766074,deepseek-v2:lite,32.0,10934,920136,370.35,20.34,.054001,18.288267
1785766093,deepseek-v2:lite,32.0,10934,798576,410.16,19.52,.048760,26.632232
1785766120,deepseek-v2:lite,32.0,10933,799605,382.76,19.71,.052251,19.988444
1785766140,deepseek-v2:lite,32.0,10938,1202251,453.87,20.14,.044065,18.121558
1785766159,deepseek-v2:lite,32.0,10944,796444,375.79,19.94,.053220,21.711283
1785766181,deepseek-v2:lite,31.0,10945,800000,377.32,19.79,.053004,23.391069
1785766204,deepseek-v2:lite,32.0,10944,798907,405.35,19.22,.049339,29.030850
1785766234,deepseek-v2:lite,32.0,10926,801120,380.24,19.43,.052597,21.199564
1785766255,deepseek-v2:lite,32.0,10929,797456,492.42,19.68,.040615,20.823795
1785766277,deepseek-v2:lite,32.0,10947,985527,396.78,20.04,.050404,15.416542
1785766292,deepseek-v2:lite,32.0,10944,852730,413.66,19.59,.048347,21.990152
1785766315,deepseek-v2:lite,32.0,10942,800360,413.80,18.94,.048332,31.293877
1785766346,deepseek-v2:lite,32.0,10940,1087949,414.77,19.48,.048218,21.197733
1785766368,deepseek-v2:lite,32.0,10938,800000,377.76,19.43,.052943,23.307518
1785766392,deepseek-v2:lite,31.0,10943,798606,398.37,19.59,.050204,26.278363
1785766418,deepseek-v2:lite,32.0,10933,800000,386.51,19.41,.051745,28.584397
1785766447,deepseek-v2:lite,32.0,10937,1903933,375.74,19.73,.053227,14.085967
1785766462,deepseek-v2:lite,31.0,10943,799502,369.78,19.67,.054085,20.630949
1785766483,deepseek-v2:lite,28.0,10948,1000000,373.44,19.62,.053554,20.687595
1785766504,deepseek-v2:lite,32.0,10942,800000,378.44,19.76,.052847,20.089316
1785766524,deepseek-v2:lite,32.0,10934,800000,417.92,19.60,.047855,22.138973
1785766547,deepseek-v2:lite,32.0,10929,798807,379.56,20.12,.052691,9.640082
1785766557,deepseek-v2:lite,29.0,10941,1089765,385.58,19.68,.051869,19.349968
1785766576,deepseek-v2:lite,32.0,10934,799608,408.68,20.05,.048937,14.110168
1785766591,deepseek-v2:lite,33.0,10930,634947,425.00,19.44,.047058,23.505434
1785766615,deepseek-v2:lite,32.0,10934,1500000,384.94,19.63,.051955,25.814762
1785766641,deepseek-v2:lite,32.0,10926,894770,420.96,19.59,.047509,21.330690
1785766663,deepseek-v2:lite,32.0,10941,800000,405.00,19.63,.049382,16.192418
1785766679,deepseek-v2:lite,32.0,10933,1400000,428.36,19.75,.046688,19.184803
1785766699,deepseek-v2:lite,32.0,10940,884883,414.01,19.55,.048307,17.487873
1785766717,deepseek-v2:lite,32.0,10928,800000,372.34,19.29,.053713,22.133872
1785766739,deepseek-v2:lite,31.0,10942,1182907,407.17,19.78,.049118,16.123503
1785766756,deepseek-v2:lite,32.0,10935,1101992,375.94,19.11,.053199,35.314482
1785766791,deepseek-v2:lite,31.0,10948,800000,371.47,19.54,.053839,23.121409
1785766815,deepseek-v2:lite,31.0,10951,801294,431.73,19.49,.046325,24.474014
1785766840,deepseek-v2:lite,32.0,10944,800000,385.98,20.46,.051815,16.121755
1785766856,deepseek-v2:lite,32.0,10933,801171,385.89,20.29,.051826,19.708211
1785766876,deepseek-v2:lite,32.0,10944,800000,406.91,19.93,.049149,18.710129
1785766895,deepseek-v2:lite,32.0,10936,1407542,388.53,19.34,.051475,32.664560
1785766928,deepseek-v2:lite,32.0,10940,1091680,414.45,19.63,.048256,22.863098
1785766952,deepseek-v2:lite,32.0,10933,777659,391.62,19.39,.051069,24.752135
1785766977,deepseek-v2:lite,32.0,10931,1251244,369.08,19.49,.054187,22.625876
1785767000,deepseek-v2:lite,32.0,10936,799665,395.58,20.14,.050557,10.621023
1785767011,deepseek-v2:lite,32.0,10932,802576,376.72,19.82,.053088,18.258768
1785767029,deepseek-v2:lite,32.0,10935,1102342,383.19,19.48,.052192,24.123841
1785767054,deepseek-v2:lite,32.0,10941,1002883,358.11,19.97,.055848,18.776919
1785767073,deepseek-v2:lite,32.0,10941,799574,375.47,20.23,.053265,14.479237
1785767088,deepseek-v2:lite,32.0,10949,799629,382.89,19.89,.052233,17.996513
1785767106,deepseek-v2:lite,32.0,10948,800000,360.82,19.84,.055428,19.552934
1785767126,deepseek-v2:lite,32.0,10940,800000,374.70,19.55,.053374,21.319949
1785767148,deepseek-v2:lite,32.0,10946,1417471,389.17,20.30,.051391,16.206894
1785767164,deepseek-v2:lite,29.0,10949,862881,459.75,19.66,.043501,20.850878
1785767185,deepseek-v2:lite,32.0,10954,1784929,402.74,20.09,.049659,16.770695
1785767203,deepseek-v2:lite,29.0,10948,1198816,425.44,19.58,.047009,25.015239
1785767228,deepseek-v2:lite,32.0,10940,1239047,408.08,19.52,.049009,21.361812
1785767250,deepseek-v2:lite,32.0,10943,2040322,366.82,20.35,.054521,14.249794
1785767264,deepseek-v2:lite,32.0,10942,800915,397.05,19.17,.050370,34.166476
1785767299,deepseek-v2:lite,33.0,10936,798947,451.16,19.63,.044329,20.577812
1785767320,deepseek-v2:lite,32.0,10947,1324780,399.13,20.08,.050108,16.277016
1785767336,deepseek-v2:lite,32.0,10944,801604,370.33,19.70,.054005,27.307887
1785767364,deepseek-v2:lite,32.0,10940,800000,365.92,19.94,.054656,18.949836
1785767383,deepseek-v2:lite,32.0,10937,800000,406.47,19.46,.049204,25.736482
1785767410,deepseek-v2:lite,31.0,10935,1022521,420.71,19.74,.047538,16.003113
1785767426,deepseek-v2:lite,32.0,10946,993262,415.12,19.97,.048177,19.678911
1785767446,deepseek-v2:lite,31.0,10940,1900000,380.95,19.63,.052499,19.612548
1785767466,deepseek-v2:lite,32.0,10936,800000,407.56,19.15,.049072,25.061729
1785767491,deepseek-v2:lite,32.0,10943,979816,373.06,19.29,.053609,27.411692
1785767519,deepseek-v2:lite,32.0,10940,856889,396.81,19.63,.050401,23.072509
1785767543,deepseek-v2:lite,32.0,10939,624441,377.31,19.77,.053005,21.539667
1785767565,deepseek-v2:lite,32.0,10934,1000559,373.94,19.32,.053483,27.478990
1785767592,deepseek-v2:lite,31.0,10943,800000,408.81,19.46,.048921,26.144499
1785767619,deepseek-v2:lite,32.0,10943,800357,386.12,20.06,.051796,19.533236
1785767639,deepseek-v2:lite,29.0,10939,800831,381.75,19.24,.052389,24.841395
1785767664,deepseek-v2:lite,32.0,10951,1088400,422.89,19.37,.047292,26.422558
1785767691,deepseek-v2:lite,32.0,10940,1489855,383.95,19.61,.052089,22.078784
1785767713,deepseek-v2:lite,32.0,10938,976577,370.31,19.52,.054007,24.889147
1785767739,deepseek-v2:lite,31.0,10929,798835,451.69,19.64,.044277,21.635517
1785767761,deepseek-v2:lite,32.0,10937,800000,394.66,19.61,.050676,23.405798
1785767784,deepseek-v2:lite,32.0,10939,1550768,366.63,19.31,.054549,25.416587
1785767810,deepseek-v2:lite,32.0,10943,916346,383.13,19.30,.052200,27.148083
1785767838,deepseek-v2:lite,32.0,10942,802188,412.11,19.33,.048529,29.636157
1785767868,deepseek-v2:lite,32.0,10934,1900000,393.37,19.49,.050842,26.258739
1785767894,deepseek-v2:lite,31.0,10948,800775,379.64,19.08,.052680,32.019397
1785767927,deepseek-v2:lite,32.0,10934,1099179,396.46,19.74,.050445,17.825179
1785767945,deepseek-v2:lite,31.0,10949,1581818,369.14,19.74,.054179,16.969798
1785767962,deepseek-v2:lite,33.0,10950,1103398,398.78,19.51,.050152,21.628542
1785767984,deepseek-v2:lite,32.0,10945,800000,505.63,19.49,.039554,23.289120
1785768008,deepseek-v2:lite,32.0,10953,1000000,414.94,19.34,.048198,23.053357
1785768032,deepseek-v2:lite,32.0,10932,800000,372.29,19.44,.053721,29.206502
1785768061,deepseek-v2:lite,32.0,10944,1007341,410.79,19.47,.048685,22.393243
1785768084,deepseek-v2:lite,32.0,10936,799484,378.80,19.50,.052797,24.609733
1785768109,deepseek-v2:lite,32.0,10940,1100000,372.91,19.71,.053630,14.609242
1785768124,deepseek-v2:lite,32.0,10930,804214,413.78,19.56,.048334,19.678714
1785768144,deepseek-v2:lite,32.0,10933,800000,376.40,19.73,.053133,19.508872
1785768164,deepseek-v2:lite,32.0,10930,1086696,374.73,19.22,.053370,27.565084
1785768192,deepseek-v2:lite,32.0,10940,798104,394.64,18.89,.050678,34.984589
1785768227,deepseek-v2:lite,31.0,10938,1736052,364.85,19.79,.054815,19.394089
1785768247,deepseek-v2:lite,32.0,10941,2100000,383.19,19.96,.052192,12.470900
1785768260,deepseek-v2:lite,32.0,10935,707777,383.50,19.92,.052150,19.425689
1785768280,deepseek-v2:lite,32.0,10944,1891510,386.16,19.84,.051791,20.407763
1785768300,deepseek-v2:lite,32.0,10946,867509,374.18,19.72,.053448,14.854308
1785768316,deepseek-v2:lite,31.0,10942,1189718,362.65,19.40,.055149,23.606891
1785768340,deepseek-v2:lite,31.0,10950,800000,406.68,19.53,.049177,22.423159
1785768362,deepseek-v2:lite,32.0,10948,800000,403.10,19.84,.049615,16.023099
1785768379,deepseek-v2:lite,32.0,10937,1082735,361.54,19.70,.055318,22.478385
1785768402,deepseek-v2:lite,32.0,10930,800000,368.99,19.90,.054201,18.592847
1785768420,deepseek-v2:lite,32.0,10934,1383640,420.15,20.08,.047602,15.437461
1785768436,deepseek-v2:lite,32.0,10933,800000,382.68,19.62,.052262,19.259481
1785768456,deepseek-v2:lite,32.0,10940,800000,417.66,19.42,.047884,24.301311
1785768481,deepseek-v2:lite,32.0,10943,1400922,387.63,19.35,.051595,25.004023
1785768506,deepseek-v2:lite,32.0,10923,802807,360.70,19.74,.055447,18.537472
1785768525,deepseek-v2:lite,32.0,10944,1504966,385.82,19.26,.051837,26.994309
1785768552,deepseek-v2:lite,32.0,10927,1335037,386.07,20.93,.051803,5.301737
1785768558,deepseek-v2:lite,32.0,10927,800000,385.94,19.58,.051820,23.282874
1785768581,deepseek-v2:lite,32.0,10924,2100000,413.09,19.66,.048414,22.275840
1785768604,deepseek-v2:lite,32.0,10926,1400865,373.61,19.74,.053531,20.617640
1785768625,deepseek-v2:lite,29.0,10926,800000,408.13,19.33,.049003,28.599176
1785768654,deepseek-v2:lite,32.0,10931,801779,414.69,20.14,.048228,7.146750
1785768662,deepseek-v2:lite,32.0,10944,1702588,395.29,19.87,.050595,18.913589
1785768681,deepseek-v2:lite,32.0,10944,856583,475.51,19.44,.042059,22.323530
1785768703,deepseek-v2:lite,32.0,10944,800000,370.60,19.74,.053966,21.577122
1785768725,deepseek-v2:lite,32.0,10941,1470281,411.66,19.03,.048583,30.411661
1785768756,deepseek-v2:lite,32.0,10939,800000,446.29,19.38,.044813,27.241565
1785768784,deepseek-v2:lite,32.0,10937,1172420,414.25,19.67,.048279,21.346469
1785768806,deepseek-v2:lite,29.0,10931,800000,382.78,20.22,.052248,16.169613
1785768822,deepseek-v2:lite,32.0,10932,1143800,360.97,20.20,.055405,20.541037
1785768843,deepseek-v2:lite,32.0,10938,1407063,402.05,19.42,.049744,33.827218
1785768877,deepseek-v2:lite,31.0,10937,1113640,367.25,19.59,.054457,22.501529
1785768900,deepseek-v2:lite,32.0,10940,1079260,388.05,19.43,.051539,24.438343
1785768925,deepseek-v2:lite,32.0,10940,798755,385.68,18.96,.051855,34.110727
1785768960,deepseek-v2:lite,32.0,10928,798832,400.26,19.42,.049966,22.037900
1785768982,deepseek-v2:lite,32.0,10929,756280,374.39,20.45,.053419,18.036962
1785769000,deepseek-v2:lite,32.0,10941,1144559,392.20,20.22,.050993,16.761669
1785769017,deepseek-v2:lite,32.0,10920,1347183,404.92,20.00,.049392,19.698546
1785769038,deepseek-v2:lite,31.0,10936,1200000,429.13,19.52,.046605,22.687337
1785769061,deepseek-v2:lite,32.0,10930,800000,379.36,19.72,.052719,21.237669
1785769082,deepseek-v2:lite,31.0,10938,1000000,369.39,19.35,.054142,24.328787
1785769107,deepseek-v2:lite,32.0,10937,801562,407.65,19.49,.049061,22.464298
1785769130,deepseek-v2:lite,32.0,10931,2100000,370.52,19.83,.053977,17.642034
1785769148,deepseek-v2:lite,29.0,10921,1779673,413.07,19.74,.048416,18.431183
1785769167,deepseek-v2:lite,32.0,10922,1401375,388.88,19.37,.051429,24.722841
1785769192,deepseek-v2:lite,32.0,10929,974835,411.65,19.48,.048584,20.630060
1785769213,deepseek-v2:lite,32.0,10931,800000,386.66,19.72,.051724,20.787427
1785769234,deepseek-v2:lite,32.0,10963,800000,400.15,19.61,.049980,24.017726
1785769258,deepseek-v2:lite,29.0,10935,800000,401.84,19.17,.049770,28.112938
1785769287,deepseek-v2:lite,32.0,10949,2100000,399.74,19.46,.050031,25.937378
1785769313,deepseek-v2:lite,32.0,10935,800575,396.79,19.65,.050404,20.907061
1785769334,deepseek-v2:lite,32.0,10945,800000,384.85,19.81,.051967,18.165087
1785769353,deepseek-v2:lite,31.0,10945,799070,377.87,19.43,.052927,21.918620
1785769375,deepseek-v2:lite,32.0,10933,2098314,381.98,19.46,.052357,23.173250
1785769399,deepseek-v2:lite,31.0,10936,800000,388.81,19.67,.051437,22.004314
1785769421,deepseek-v2:lite,33.0,10935,1501958,367.18,19.08,.054467,38.306125
1785769460,deepseek-v2:lite,32.0,10924,800000,385.59,19.26,.051868,30.829424
1785769491,deepseek-v2:lite,32.0,10942,756775,376.35,19.33,.053141,27.157414
1785769519,deepseek-v2:lite,32.0,10938,1200000,399.78,19.71,.050027,19.580487
1785769539,deepseek-v2:lite,31.0,10931,800000,514.61,19.30,.038864,26.463583
1785769565,deepseek-v2:lite,31.0,10943,800000,412.23,19.29,.048515,28.551210
1785769594,deepseek-v2:lite,32.0,10930,801286,369.45,19.62,.054133,27.615958
1785769622,deepseek-v2:lite,32.0,10937,800000,398.64,20.29,.050169,15.225558
1785769638,deepseek-v2:lite,32.0,10939,936983,394.47,19.57,.050700,24.924314
1785769663,deepseek-v2:lite,32.0,10954,1101718,397.65,20.16,.050294,15.821502
1785769679,deepseek-v2:lite,31.0,10945,800000,368.86,19.53,.054220,20.221220
1785769700,deepseek-v2:lite,32.0,10940,800000,387.61,20.03,.051597,17.521372
1785769718,deepseek-v2:lite,32.0,10946,799727,402.29,19.69,.049715,16.398606
1785769735,deepseek-v2:lite,32.0,10944,843049,365.56,19.70,.054709,22.175545
1785769757,deepseek-v2:lite,32.0,10942,800000,410.32,19.28,.048742,28.111598
1785769786,deepseek-v2:lite,32.0,10950,633829,385.05,20.18,.051940,7.828823
1785769794,deepseek-v2:lite,28.0,10950,824131,375.70,19.46,.053232,25.021633
1785769819,deepseek-v2:lite,29.0,10941,800000,387.12,19.48,.051662,26.890614
1785769846,deepseek-v2:lite,32.0,10926,799990,413.34,20.04,.048386,20.851179
1785769868,deepseek-v2:lite,31.0,10929,798945,504.30,19.27,.039658,29.829959
1785769898,deepseek-v2:lite,32.0,10932,832815,369.24,19.36,.054164,25.456386
1785769924,deepseek-v2:lite,31.0,10933,802689,367.46,18.70,.054427,43.723672
1785769968,deepseek-v2:lite,31.0,10924,798088,385.98,19.81,.051816,21.999577
1785769990,deepseek-v2:lite,32.0,10940,800378,400.90,19.15,.049887,31.113511
1785770022,deepseek-v2:lite,32.0,10931,1815604,372.12,19.67,.053745,21.497835
1785770044,deepseek-v2:lite,32.0,10935,750945,349.62,19.73,.057204,21.535278
1785770066,deepseek-v2:lite,32.0,10932,802388,360.55,19.68,.055470,19.910500
1785770086,deepseek-v2:lite,32.0,10927,801279,376.92,19.50,.053060,24.758960
1785770111,deepseek-v2:lite,32.0,10929,800000,386.97,19.50,.051683,21.021313
1785770133,deepseek-v2:lite,32.0,10927,800000,404.08,19.41,.049495,22.503350
1785770155,deepseek-v2:lite,32.0,10935,800000,380.42,19.31,.052572,26.719117
1785770183,deepseek-v2:lite,32.0,10944,1321590,396.99,19.38,.050378,24.556845
1785770207,deepseek-v2:lite,32.0,10936,800000,376.08,19.65,.053180,17.755427
1785770226,deepseek-v2:lite,32.0,10932,800000,361.62,19.33,.055306,22.088022
1785770248,deepseek-v2:lite,32.0,10931,800000,374.20,19.76,.053446,17.758743
1785770266,deepseek-v2:lite,32.0,10935,800000,375.72,20.04,.053230,18.704973
1785770285,deepseek-v2:lite,32.0,10927,2100000,376.57,19.59,.053110,24.653256
1785770310,deepseek-v2:lite,32.0,10919,955727,413.16,19.62,.048406,22.930838
1785770334,deepseek-v2:lite,32.0,10930,798141,388.59,19.78,.051466,21.888450
1785770356,deepseek-v2:lite,32.0,10933,877486,363.14,19.34,.055074,31.842331
1785770388,deepseek-v2:lite,32.0,10937,800000,381.10,19.69,.052479,21.175554
1785770410,deepseek-v2:lite,31.0,10935,1078818,378.00,19.38,.052909,26.096832
1785770436,deepseek-v2:lite,33.0,10935,800000,360.17,20.02,.055527,11.587754
1785770448,deepseek-v2:lite,31.0,10932,798750,380.16,19.37,.052608,22.766293
1785770471,deepseek-v2:lite,29.0,10945,1014041,385.59,19.51,.051868,19.521729
1785770491,deepseek-v2:lite,32.0,10939,658215,381.72,19.63,.052394,20.273367
1785770512,deepseek-v2:lite,32.0,10939,1001697,384.37,19.52,.052032,25.247691
1785770537,deepseek-v2:lite,29.0,10940,800000,377.31,19.30,.053005,28.070620
1785770566,deepseek-v2:lite,32.0,10933,800402,374.77,20.11,.053365,15.065266
1785770581,deepseek-v2:lite,32.0,10935,974718,371.34,19.90,.053857,15.577842
1785770597,deepseek-v2:lite,32.0,10939,1422488,397.97,19.73,.050253,27.204908
1785770625,deepseek-v2:lite,32.0,10925,797523,366.12,19.88,.054625,20.420173
1785770646,deepseek-v2:lite,32.0,10930,800000,412.63,19.75,.048469,21.466610
1785770667,deepseek-v2:lite,32.0,10936,1597529,360.33,19.91,.055503,20.693025
1785770688,deepseek-v2:lite,32.0,10932,870236,384.05,19.89,.052075,20.704854
1785770710,deepseek-v2:lite,32.0,10927,800000,481.36,19.95,.041548,21.395297
1785770731,deepseek-v2:lite,32.0,10942,1379142,386.51,19.81,.051744,20.737649
1785770752,deepseek-v2:lite,31.0,10941,1000000,385.89,19.64,.051827,23.622307
1785770776,deepseek-v2:lite,32.0,10940,1003044,384.21,19.66,.052054,17.851029
1785770795,deepseek-v2:lite,32.0,10937,2106287,370.22,20.01,.054020,14.336457
1785770809,deepseek-v2:lite,32.0,10940,982114,401.56,19.92,.049804,15.460563
1785770825,deepseek-v2:lite,32.0,10939,953966,365.32,19.64,.054746,17.050060
1785770842,deepseek-v2:lite,32.0,10936,1200000,403.88,19.69,.049518,19.703501
1785770862,deepseek-v2:lite,32.0,10931,800000,385.60,20.36,.051867,17.631630
1785770880,deepseek-v2:lite,31.0,10935,1001386,342.47,20.11,.058399,18.646150
1785770899,deepseek-v2:lite,32.0,10936,1028066,481.52,18.97,.041535,29.352844
1785770929,deepseek-v2:lite,31.0,10932,800000,386.78,19.51,.051708,25.004317
1785770955,deepseek-v2:lite,32.0,10925,800000,472.67,19.38,.042312,27.647278
1785770983,deepseek-v2:lite,32.0,10925,800000,416.76,19.54,.047988,21.286317
1785771004,deepseek-v2:lite,33.0,10935,800000,391.02,18.93,.051147,30.690146
1785771035,deepseek-v2:lite,31.0,10940,799018,358.79,19.23,.055742,23.034383
1785771059,deepseek-v2:lite,32.0,10940,800000,386.61,19.34,.051730,27.191113
1785771086,deepseek-v2:lite,32.0,10938,799560,408.45,19.52,.048964,20.594076
1785771107,deepseek-v2:lite,33.0,10943,800000,392.79,20.05,.050916,17.755235
1785771125,deepseek-v2:lite,32.0,10938,1039590,380.74,19.51,.052528,28.125526
1785771154,deepseek-v2:lite,32.0,10940,830183,492.03,19.26,.040647,28.646748
1785771183,deepseek-v2:lite,32.0,10943,800303,391.46,19.49,.051090,19.181275
1785771203,deepseek-v2:lite,32.0,10947,800000,400.24,19.50,.049969,23.997947
1785771227,deepseek-v2:lite,31.0,10938,1839121,371.15,19.66,.053885,21.107396
1785771248,deepseek-v2:lite,32.0,10950,1610322,363.66,19.51,.054994,28.394176
1785771277,deepseek-v2:lite,31.0,10942,801006,438.80,19.93,.045577,21.423645
1785771299,deepseek-v2:lite,32.0,10938,800836,383.38,20.03,.052166,24.454101
1785771324,deepseek-v2:lite,31.0,10927,1035917,393.46,20.26,.050831,18.700263
1785771343,deepseek-v2:lite,32.0,10934,799212,373.14,19.76,.053597,20.692840
1785771364,deepseek-v2:lite,32.0,10941,800000,378.85,19.89,.052790,19.302765
1785771384,deepseek-v2:lite,32.0,10943,800256,406.42,19.60,.049209,23.315976
1785771407,deepseek-v2:lite,32.0,10933,1251025,384.93,19.68,.051957,18.134099
1785771426,deepseek-v2:lite,32.0,10935,1000000,401.84,18.88,.049770,40.714494
1785771467,deepseek-v2:lite,32.0,10931,1983607,395.82,19.28,.050526,24.884257
1785771492,deepseek-v2:lite,32.0,10930,798591,411.38,18.23,.048616,46.898794
1785771540,deepseek-v2:lite,32.0,10936,799160,389.46,19.60,.051352,21.419579
1785771562,deepseek-v2:lite,31.0,10938,2083938,406.95,19.76,.049145,17.558789
1785771579,deepseek-v2:lite,32.0,10933,880296,411.75,19.36,.048572,29.479935
1785771609,deepseek-v2:lite,29.0,10937,794557,422.63,19.48,.047321,22.525592
1785771632,deepseek-v2:lite,31.0,10939,800000,415.58,19.96,.048124,15.773924
1785771648,deepseek-v2:lite,31.0,10933,1000000,400.78,19.61,.049902,26.507410
1785771675,deepseek-v2:lite,32.0,10938,945013,393.58,19.45,.050815,22.869854
1785771698,deepseek-v2:lite,32.0,10947,1005524,374.80,19.41,.053360,25.594412
1785771724,deepseek-v2:lite,32.0,10944,1489641,413.42,19.15,.048376,26.307097
1785771751,deepseek-v2:lite,32.0,10946,1491570,415.09,19.81,.048182,18.113716
1785771770,deepseek-v2:lite,31.0,10940,800000,357.25,19.53,.055982,23.546950
1785771794,deepseek-v2:lite,32.0,10949,805482,383.66,19.27,.052129,27.657639
1785771822,deepseek-v2:lite,32.0,10942,656802,399.27,19.22,.050090,30.894587
1785771853,deepseek-v2:lite,33.0,10944,799032,377.07,19.29,.053040,29.182613
1785771883,deepseek-v2:lite,32.0,10946,800897,411.64,19.34,.048585,28.424455
1785771911,deepseek-v2:lite,29.0,10942,800000,385.82,19.73,.051836,19.411359
1785771931,deepseek-v2:lite,32.0,10949,1365531,401.72,19.58,.049785,28.286016
1785771960,deepseek-v2:lite,31.0,10930,799160,387.51,19.38,.051610,29.193978
1785771989,deepseek-v2:lite,32.0,10937,843367,382.97,19.17,.052223,31.550087
1785772021,deepseek-v2:lite,32.0,10932,800000,380.31,19.68,.052587,18.797667
1785772041,deepseek-v2:lite,32.0,10933,907001,397.59,19.52,.050302,21.306062
1785772062,deepseek-v2:lite,32.0,10936,1178927,367.96,19.54,.054353,30.184175
1785772093,deepseek-v2:lite,32.0,10926,798742,380.58,19.60,.052550,24.997357
1785772118,deepseek-v2:lite,32.0,10939,905413,398.25,19.47,.050218,25.778765
1785772144,deepseek-v2:lite,32.0,10931,800000,378.85,19.95,.052790,17.240713
1785772162,deepseek-v2:lite,32.0,10934,1378461,390.37,19.07,.051232,30.565447
1785772193,deepseek-v2:lite,29.0,10939,799722,384.94,19.27,.051955,28.437882
1785772222,deepseek-v2:lite,32.0,10946,800035,375.22,19.55,.053301,19.632545
1785772242,deepseek-v2:lite,33.0,10941,798807,367.97,19.10,.054351,28.783626
1785772271,deepseek-v2:lite,32.0,10939,798499,399.63,19.08,.050045,30.386390
1785772302,deepseek-v2:lite,29.0,10950,1410812,396.92,19.41,.050387,26.532175
1785772329,deepseek-v2:lite,31.0,10930,1100000,413.91,19.77,.048318,20.534726
1785772350,deepseek-v2:lite,32.0,10942,802081,402.46,19.47,.049693,25.061022
1785772375,deepseek-v2:lite,33.0,10943,798757,364.25,19.67,.054906,20.989192
1785772397,deepseek-v2:lite,32.0,10936,799743,372.07,19.33,.053752,25.701012
1785772423,deepseek-v2:lite,32.0,10933,1061023,402.64,19.14,.049671,27.683155
1785772451,deepseek-v2:lite,32.0,10943,800000,404.26,19.60,.049472,25.905695
1785772477,deepseek-v2:lite,31.0,10945,798515,395.20,19.10,.050606,31.401338
1785772509,deepseek-v2:lite,31.0,10933,962221,385.76,19.89,.051845,19.356156
1785772529,deepseek-v2:lite,32.0,10944,1775278,372.70,19.82,.053661,17.602984
1785772546,deepseek-v2:lite,31.0,10941,1200000,369.89,19.40,.054070,30.396757
1785772577,deepseek-v2:lite,32.0,10945,799144,379.50,20.25,.052699,22.315178
1785772600,deepseek-v2:lite,32.0,10943,799991,383.24,20.04,.052185,18.007954
1785772618,deepseek-v2:lite,31.0,10934,1281975,397.29,19.71,.050340,19.982247
1785772639,deepseek-v2:lite,32.0,10926,800000,379.17,19.86,.052745,19.029838
1785772658,deepseek-v2:lite,29.0,10929,1798461,476.45,19.58,.041977,21.396838
1785772680,deepseek-v2:lite,30.0,10919,2087669,384.72,19.73,.051985,21.584019
1785772702,deepseek-v2:lite,33.0,10931,801815,385.72,19.48,.051850,21.653385
1785772724,deepseek-v2:lite,32.0,10936,798945,389.23,19.21,.051382,26.756868
1785772751,deepseek-v2:lite,32.0,10936,882170,367.00,19.14,.054494,29.301427
1785772781,deepseek-v2:lite,32.0,10932,1724884,374.64,19.45,.053383,25.706653
1785772807,deepseek-v2:lite,32.0,10935,1500000,366.03,19.54,.054639,27.117466
1785772834,deepseek-v2:lite,32.0,10937,800492,372.82,19.99,.053645,11.951490
1785772847,deepseek-v2:lite,32.0,10927,1008647,364.06,19.70,.054935,21.872769
1785772869,deepseek-v2:lite,32.0,10925,799307,422.31,20.10,.047357,16.910480
1785772886,deepseek-v2:lite,32.0,10946,800000,379.04,19.49,.052763,27.136633
1785772914,deepseek-v2:lite,32.0,10940,798439,410.53,20.15,.048716,13.496776
1785772927,deepseek-v2:lite,32.0,10941,828266,376.39,20.00,.053135,14.049097
1785772942,deepseek-v2:lite,30.0,10937,800000,371.17,19.61,.053883,21.717376
1785772964,deepseek-v2:lite,32.0,10939,800798,392.40,19.63,.050968,22.867190
1785772987,deepseek-v2:lite,32.0,10927,1001886,361.24,19.58,.055363,22.673815
1785773010,deepseek-v2:lite,32.0,10934,802130,360.53,19.66,.055472,23.493109
1785773034,deepseek-v2:lite,32.0,10928,1670833,383.78,19.25,.052111,23.890563
1785773058,deepseek-v2:lite,32.0,10930,800534,380.47,19.56,.052565,23.863069
1785773083,deepseek-v2:lite,32.0,10938,801008,382.58,19.55,.052276,21.222425
1785773104,deepseek-v2:lite,32.0,10938,901570,407.33,19.55,.049100,27.307798
1785773132,deepseek-v2:lite,32.0,10935,743859,402.76,19.60,.049656,22.339625
1785773155,deepseek-v2:lite,32.0,10943,800900,408.54,19.42,.048954,22.965059
1785773178,deepseek-v2:lite,32.0,10946,800034,460.03,19.81,.043474,22.760478
1785773201,deepseek-v2:lite,32.0,10949,800880,416.11,19.26,.048064,27.819606
1785773229,deepseek-v2:lite,32.0,10953,1917294,427.00,19.42,.046837,22.647459
1785773252,deepseek-v2:lite,29.0,10939,801120,364.20,19.20,.054913,32.387052
1785773285,deepseek-v2:lite,31.0,10941,802763,393.81,19.28,.050785,29.199333
1785773315,deepseek-v2:lite,29.0,10944,999021,431.74,18.59,.046324,41.789264
1785773357,deepseek-v2:lite,29.0,10950,801951,367.97,19.50,.054351,22.300570
1785773380,deepseek-v2:lite,32.0,10943,1493649,385.32,19.93,.051904,14.195707
1785773394,deepseek-v2:lite,32.0,10932,800987,377.18,19.83,.053024,20.565556
1785773415,deepseek-v2:lite,32.0,10935,799274,402.42,19.80,.049698,13.989101
1785773430,deepseek-v2:lite,32.0,10937,1200000,382.84,19.75,.052240,19.085416
1785773449,deepseek-v2:lite,31.0,10944,799357,362.44,19.75,.055180,24.092544
1785773473,deepseek-v2:lite,29.0,10939,1000000,430.19,19.43,.046490,27.635609
1785773502,deepseek-v2:lite,32.0,10943,800000,433.98,19.73,.046084,15.045761
1785773517,deepseek-v2:lite,32.0,10931,1000331,376.93,19.66,.053060,24.309835
1785773542,deepseek-v2:lite,32.0,10937,800000,396.73,18.72,.050410,37.374422
1785773579,deepseek-v2:lite,32.0,10939,800000,392.97,19.85,.050893,19.739938
1785773600,deepseek-v2:lite,32.0,10940,798464,411.49,19.48,.048602,25.911091
1785773626,deepseek-v2:lite,29.0,10929,1680536,439.75,19.72,.045480,26.914600
1785773653,deepseek-v2:lite,29.0,10932,800000,416.46,19.72,.048022,18.711838
1785773672,deepseek-v2:lite,32.0,10940,800000,419.00,19.69,.047732,21.733206
1785773694,deepseek-v2:lite,32.0,10942,800000,387.53,19.72,.051608,22.151543
1785773717,deepseek-v2:lite,32.0,10942,636734,378.80,19.89,.052797,21.511418
1785773739,deepseek-v2:lite,32.0,10936,800000,454.43,20.05,.044010,20.590709
1785773760,deepseek-v2:lite,32.0,10936,799722,404.58,19.73,.049433,24.124599
1785773784,deepseek-v2:lite,32.0,10941,1267195,427.35,19.33,.046799,31.659166
1785773816,deepseek-v2:lite,32.0,10943,800000,369.93,20.30,.054062,12.850869
1785773829,deepseek-v2:lite,32.0,10946,798305,360.83,20.11,.055427,22.074471
1785773852,deepseek-v2:lite,32.0,10941,2101992,420.19,19.85,.047596,20.343704
1785773873,deepseek-v2:lite,32.0,10939,800000,438.70,19.58,.045589,23.186081
1785773896,deepseek-v2:lite,29.0,10946,854435,369.53,19.76,.054122,22.871535
1785773919,deepseek-v2:lite,32.0,10952,1465116,418.04,19.68,.047841,22.145168
1785773942,deepseek-v2:lite,32.0,10937,800000,400.94,19.70,.049882,21.664939
1785773964,deepseek-v2:lite,32.0,10945,800000,400.49,19.88,.049938,17.799700
1785773982,deepseek-v2:lite,32.0,10941,801360,445.45,19.70,.044898,23.142739
1785774006,deepseek-v2:lite,31.0,10939,2090557,409.07,19.98,.048891,17.260633
1785774023,deepseek-v2:lite,32.0,10946,797553,390.34,19.72,.051236,13.231700
1785774037,deepseek-v2:lite,32.0,10943,800000,383.96,19.68,.052088,23.930473
1785774061,deepseek-v2:lite,32.0,10949,801186,359.52,19.52,.055628,23.399946
1785774085,deepseek-v2:lite,32.0,10939,800908,398.72,19.58,.050159,25.322083
1785774111,deepseek-v2:lite,32.0,10942,928240,361.12,19.66,.055381,20.599967
1785774132,deepseek-v2:lite,32.0,10949,800000,368.46,19.44,.054278,22.784080
1785774155,deepseek-v2:lite,32.0,10925,799584,360.94,19.37,.055410,22.351992
1785774177,deepseek-v2:lite,32.0,10942,876011,370.63,19.45,.053961,27.195912
1785774205,deepseek-v2:lite,32.0,10937,1104228,368.72,19.45,.054241,20.968931
1785774226,deepseek-v2:lite,32.0,10945,866242,394.04,19.49,.050755,26.000383
1785774253,deepseek-v2:lite,32.0,10947,800000,372.73,19.77,.053657,23.664921
1785774277,deepseek-v2:lite,32.0,10936,801503,394.91,19.24,.050644,28.936568
1785774306,deepseek-v2:lite,32.0,10938,1723054,384.46,19.82,.052020,22.047076
1785774329,deepseek-v2:lite,32.0,10944,1081086,378.00,19.21,.052909,31.698600
1785774361,deepseek-v2:lite,32.0,10946,801051,399.98,19.65,.050002,17.755476
1785774379,deepseek-v2:lite,31.0,10945,1077525,388.39,19.45,.051494,21.482859
1785774401,deepseek-v2:lite,32.0,10946,800000,370.05,19.22,.054046,27.100712
1785774428,deepseek-v2:lite,32.0,10943,800000,399.59,19.67,.050051,22.818162
1785774451,deepseek-v2:lite,29.0,10950,800000,425.31,19.48,.047023,22.226118
1785774474,deepseek-v2:lite,32.0,10939,800397,400.73,20.54,.049907,11.099519
1785774485,deepseek-v2:lite,32.0,10947,800000,435.98,20.09,.045872,21.851250
1785774508,deepseek-v2:lite,32.0,10943,800000,464.94,19.92,.043015,24.035807
1785774532,deepseek-v2:lite,33.0,10943,2100945,377.35,19.56,.053000,23.610969
1785774556,deepseek-v2:lite,32.0,10922,956103,389.31,18.70,.051372,38.387015
1785774595,deepseek-v2:lite,32.0,10926,800000,384.45,19.58,.052021,21.446177
1785774617,deepseek-v2:lite,32.0,10934,1292662,428.33,19.33,.046692,27.314863
1785774644,deepseek-v2:lite,32.0,10944,800760,381.81,19.92,.052381,15.959135
1785774661,deepseek-v2:lite,32.0,10942,800000,403.31,19.26,.049588,26.102937
1785774687,deepseek-v2:lite,32.0,10932,704850,359.37,19.37,.055652,23.484970
1785774711,deepseek-v2:lite,32.0,10942,800000,395.69,19.90,.050544,19.948400
1785774731,deepseek-v2:lite,32.0,10934,835140,413.52,19.59,.048364,24.089429
1785774756,deepseek-v2:lite,31.0,10944,790023,387.73,19.71,.051581,17.294789
1785774774,deepseek-v2:lite,32.0,10938,1127799,379.06,19.96,.052760,24.446882
1785774798,deepseek-v2:lite,32.0,10924,800000,464.49,19.90,.043057,18.391032
1785774817,deepseek-v2:lite,32.0,10938,1412050,404.15,19.89,.049485,18.648194
1785774836,deepseek-v2:lite,32.0,10939,673937,363.01,19.41,.055093,30.286606
1785774867,deepseek-v2:lite,29.0,10926,1266425,386.78,20.15,.051708,17.412244
1785774885,deepseek-v2:lite,32.0,10932,797096,429.39,19.58,.046577,22.110682
1785774907,deepseek-v2:lite,32.0,10941,797031,385.36,19.77,.051899,17.142312
1785774925,deepseek-v2:lite,30.0,10933,800000,400.44,19.65,.049944,17.552181
1785774942,deepseek-v2:lite,32.0,10930,799228,354.22,19.83,.056460,21.229111
1785774964,deepseek-v2:lite,32.0,10929,799139,468.81,19.85,.042660,20.092218
1785774984,deepseek-v2:lite,32.0,10936,1410441,376.44,19.94,.053128,20.109223
1785775005,deepseek-v2:lite,32.0,10938,800000,481.71,19.56,.041517,20.244163
1785775026,deepseek-v2:lite,31.0,10930,1027789,411.25,19.71,.048631,15.420964
1785775041,deepseek-v2:lite,32.0,10942,800000,430.47,19.26,.046459,24.918578
1785775067,deepseek-v2:lite,32.0,10946,2105412,382.04,20.20,.052350,11.334343
1785775078,deepseek-v2:lite,32.0,10934,799636,384.81,19.24,.051973,23.329034
1785775102,deepseek-v2:lite,29.0,10938,800000,383.48,19.25,.052153,31.049051
1785775133,deepseek-v2:lite,32.0,10941,800000,387.06,19.25,.051670,22.482044
1785775156,deepseek-v2:lite,32.0,10925,1264467,361.35,19.46,.055347,23.939972
1785775181,deepseek-v2:lite,32.0,10938,800467,386.43,19.82,.051754,18.108833
1785775199,deepseek-v2:lite,31.0,10935,800335,375.68,19.16,.053235,25.518836
1785775225,deepseek-v2:lite,32.0,10929,862835,456.05,19.22,.043854,24.608155
1785775250,deepseek-v2:lite,29.0,10931,800022,438.19,19.32,.045641,25.453720
1785775276,deepseek-v2:lite,32.0,10936,1197546,401.59,19.16,.049801,28.223887
1785775304,deepseek-v2:lite,32.0,10938,799472,380.55,19.72,.052554,21.752846
1785775327,deepseek-v2:lite,31.0,10937,825168,404.49,19.64,.049444,18.990299
1785775346,deepseek-v2:lite,32.0,10941,800000,376.73,19.99,.053087,17.452654
1785775364,deepseek-v2:lite,29.0,10943,800303,389.01,19.56,.051411,19.269246
1785775383,deepseek-v2:lite,32.0,10931,1001769,391.65,19.86,.051065,17.217286
1785775401,deepseek-v2:lite,32.0,10921,800000,413.99,19.93,.048309,19.717013
1785775421,deepseek-v2:lite,32.0,10930,933954,396.49,19.84,.050442,19.447722
1785775441,deepseek-v2:lite,32.0,10933,1087469,407.58,19.09,.049069,26.758456
1785775468,deepseek-v2:lite,32.0,10926,2100000,356.64,19.30,.056078,28.069392
1785775496,deepseek-v2:lite,32.0,10941,800000,374.14,19.63,.053455,22.304629
1785775519,deepseek-v2:lite,32.0,10945,798789,386.05,19.73,.051806,20.112586
1785775540,deepseek-v2:lite,32.0,10939,2089855,368.45,19.88,.054280,19.860854
1785775560,deepseek-v2:lite,32.0,10942,800000,383.95,19.46,.052089,21.417902
1785775582,deepseek-v2:lite,31.0,10946,800000,403.14,19.78,.049610,21.130362
1785775603,deepseek-v2:lite,33.0,10949,799044,405.58,19.77,.049311,21.846163
1785775625,deepseek-v2:lite,32.0,10947,2100000,384.08,19.82,.052072,18.056099
1785775644,deepseek-v2:lite,32.0,10954,800000,410.91,19.78,.048672,17.892248
1785775662,deepseek-v2:lite,32.0,10948,621050,470.48,19.60,.042508,21.215814
1785775684,deepseek-v2:lite,32.0,10950,799544,408.00,18.87,.049019,35.811861
1785775720,deepseek-v2:lite,32.0,10947,801267,433.16,19.03,.046171,34.834130
1785775755,deepseek-v2:lite,32.0,10953,636450,463.99,19.17,.043103,30.822899
1785775786,deepseek-v2:lite,32.0,10951,799517,372.32,20.37,.053716,17.180811
1785775804,deepseek-v2:lite,32.0,10948,1200000,399.63,20.17,.050045,20.275399
1785775825,deepseek-v2:lite,32.0,10939,800000,370.22,20.06,.054021,18.038470
1785775843,deepseek-v2:lite,32.0,10928,800154,417.74,19.43,.047876,25.567021
1785775869,deepseek-v2:lite,32.0,10935,1447111,372.45,20.26,.053698,13.124357
1785775882,deepseek-v2:lite,32.0,10926,800000,375.45,19.29,.053268,21.866134
1785775905,deepseek-v2:lite,32.0,10933,798821,386.45,20.16,.051752,13.736620
1785775919,deepseek-v2:lite,33.0,10928,799133,414.65,19.55,.048233,25.925365
1785775945,deepseek-v2:lite,32.0,10932,800061,415.70,19.63,.048110,24.493916
1785775970,deepseek-v2:lite,29.0,10932,800869,411.80,19.53,.048566,24.521418
1785775995,deepseek-v2:lite,32.0,10929,1000000,363.95,19.46,.054952,21.529850
1785776017,deepseek-v2:lite,32.0,10938,902735,415.26,19.47,.048161,23.933988
1785776041,deepseek-v2:lite,32.0,10927,920229,387.37,19.10,.051629,28.886063
1785776070,deepseek-v2:lite,32.0,10936,800000,389.69,19.46,.051321,22.754721
1785776093,deepseek-v2:lite,32.0,10933,845754,371.27,19.38,.053868,26.571792
1785776120,deepseek-v2:lite,32.0,10933,800000,396.14,19.83,.050487,16.434452
1785776137,deepseek-v2:lite,32.0,10927,1042946,416.53,19.52,.048015,20.584870
1785776158,deepseek-v2:lite,32.0,10925,799554,357.72,19.94,.055908,14.386842
1785776173,deepseek-v2:lite,32.0,10931,786943,405.68,19.57,.049299,21.000727
1785776194,deepseek-v2:lite,32.0,10941,653270,385.38,19.69,.051896,18.326933
1785776213,deepseek-v2:lite,32.0,10930,800000,384.18,19.71,.052057,20.339723
1785776234,deepseek-v2:lite,32.0,10933,998269,399.62,19.45,.050047,23.127507
1785776257,deepseek-v2:lite,32.0,10945,798830,410.48,19.45,.048723,24.626989
1785776282,deepseek-v2:lite,32.0,10941,800000,367.41,19.68,.054434,22.145593
1785776305,deepseek-v2:lite,32.0,10943,999300,369.37,19.88,.054146,18.805264
1785776324,deepseek-v2:lite,32.0,10944,1382046,382.14,19.77,.052336,19.112378
1785776343,deepseek-v2:lite,32.0,10931,1383549,367.34,20.20,.054444,15.890967
1785776360,deepseek-v2:lite,32.0,10930,800362,514.14,19.73,.038899,22.391822
1785776382,deepseek-v2:lite,32.0,10934,800000,386.14,19.68,.051793,19.561204
1785776402,deepseek-v2:lite,32.0,10926,800000,395.29,19.82,.050595,12.405924
1785776415,deepseek-v2:lite,32.0,10923,929969,387.14,19.56,.051660,21.213626
1785776437,deepseek-v2:lite,32.0,10964,799674,401.74,19.75,.049782,22.373643
1785776459,deepseek-v2:lite,32.0,10962,800000,381.88,19.25,.052371,22.282863
1785776482,deepseek-v2:lite,32.0,10969,999293,384.70,20.01,.051988,24.981562
1785776507,deepseek-v2:lite,32.0,10965,1155996,418.13,20.25,.047831,23.401604
1785776531,deepseek-v2:lite,32.0,10976,800000,387.87,20.20,.051563,15.834657
1785776547,deepseek-v2:lite,32.0,10980,1045648,382.41,19.18,.052299,31.173296
1785776579,deepseek-v2:lite,32.0,10941,800000,382.37,19.91,.052305,18.073066
1785776597,deepseek-v2:lite,32.0,10944,798825,370.06,19.74,.054044,18.078766
1785776616,deepseek-v2:lite,32.0,10938,800052,384.72,19.95,.051985,15.886720
1785776632,deepseek-v2:lite,32.0,10941,930053,394.84,19.80,.050652,20.600734
1785776653,deepseek-v2:lite,32.0,10943,800866,422.75,19.43,.047308,26.605336
1785776680,deepseek-v2:lite,32.0,10935,800000,397.50,19.56,.050313,20.447390
1785776701,deepseek-v2:lite,32.0,10946,802637,416.55,19.40,.048012,25.354396
1785776726,deepseek-v2:lite,32.0,10940,800000,383.57,19.23,.052140,31.659964
1785776759,deepseek-v2:lite,31.0,10942,1591986,376.44,19.83,.053128,19.111744
1785776778,deepseek-v2:lite,32.0,10935,800000,376.04,19.76,.053185,25.442867
1785776804,deepseek-v2:lite,33.0,10929,800875,414.76,20.04,.048219,20.207799
1785776824,deepseek-v2:lite,32.0,10932,956610,408.77,19.52,.048926,25.611113
1785776850,deepseek-v2:lite,32.0,10929,800000,435.69,19.52,.045903,24.484381
1785776875,deepseek-v2:lite,32.0,10940,799009,403.38,19.42,.049580,28.675920
1785776904,deepseek-v2:lite,29.0,10926,800247,384.59,19.58,.052002,23.534810
1785776928,deepseek-v2:lite,32.0,10939,799604,367.77,19.70,.054380,17.306717
1785776946,deepseek-v2:lite,32.0,10940,1725594,391.05,19.50,.051143,20.607981
1785776967,deepseek-v2:lite,32.0,10935,800000,398.88,20.14,.050139,16.776514
1785776984,deepseek-v2:lite,31.0,10941,802487,371.97,20.04,.053767,22.704077
1785777007,deepseek-v2:lite,32.0,10943,1117080,404.19,20.55,.049481,19.602671
1785777027,deepseek-v2:lite,32.0,10932,803278,408.12,20.05,.049004,23.989912
1785777052,deepseek-v2:lite,32.0,10938,800000,359.09,20.23,.055696,13.493555
1785777065,deepseek-v2:lite,29.0,10928,800000,380.40,19.75,.052576,21.716143
1785777087,deepseek-v2:lite,32.0,10932,800000,405.46,19.69,.049325,22.038852
1785777110,deepseek-v2:lite,32.0,10934,797834,389.11,19.70,.051398,19.993035
1785777130,deepseek-v2:lite,31.0,10934,798943,412.30,19.34,.048507,22.746679
1785777153,deepseek-v2:lite,32.0,10944,799706,371.37,19.57,.053854,17.832864
1785777171,deepseek-v2:lite,32.0,10947,801242,411.00,20.10,.048661,17.109887
1785777189,deepseek-v2:lite,32.0,10944,659652,372.12,19.37,.053745,29.322070
1785777219,deepseek-v2:lite,32.0,10941,795818,449.95,19.92,.044448,22.431214
1785777241,deepseek-v2:lite,32.0,10945,800000,387.89,20.39,.051560,16.034863
1785777258,deepseek-v2:lite,34.0,10941,800000,383.31,19.69,.052176,21.276255
1785777279,deepseek-v2:lite,32.0,10941,800000,415.59,19.57,.048123,22.681929
1785777302,deepseek-v2:lite,32.0,10938,1542201,380.52,19.34,.052559,24.392931
1785777327,deepseek-v2:lite,32.0,10948,800000,425.07,19.47,.047050,25.880330
1785777354,deepseek-v2:lite,32.0,10952,1000479,378.42,19.83,.052850,16.935499
1785777371,deepseek-v2:lite,29.0,10933,1847727,412.36,19.62,.048500,22.060098
1785777393,deepseek-v2:lite,33.0,10936,2100000,397.24,19.41,.050347,25.131077
1785777419,deepseek-v2:lite,32.0,10930,990210,501.49,19.54,.039881,25.176855
1785777444,deepseek-v2:lite,32.0,10930,801248,370.70,19.54,.053951,24.714246
1785777469,deepseek-v2:lite,32.0,10936,799370,403.00,19.59,.049627,24.238361
1785777494,deepseek-v2:lite,32.0,10939,799624,374.91,19.75,.053345,20.244554
1785777515,deepseek-v2:lite,29.0,10934,799505,370.08,20.72,.054041,6.367662
1785777521,deepseek-v2:lite,32.0,10934,800750,376.25,19.17,.053156,28.266208
1785777550,deepseek-v2:lite,32.0,10940,1465584,368.10,19.33,.054332,24.413017
1785777575,deepseek-v2:lite,29.0,10925,805886,384.76,19.75,.051979,19.184353
1785777594,deepseek-v2:lite,30.0,10934,802194,390.69,19.64,.051191,21.383514
1785777616,deepseek-v2:lite,32.0,10926,1188857,393.83,19.23,.050782,29.264719
1785777646,deepseek-v2:lite,32.0,10923,999172,426.84,19.40,.046855,26.182017
1785777672,deepseek-v2:lite,33.0,10941,800000,392.24,19.07,.050988,35.704322
1785777708,deepseek-v2:lite,32.0,10941,801045,418.09,19.56,.047836,23.716532
1785777733,deepseek-v2:lite,32.0,10939,1698064,411.89,19.65,.048556,23.046920
1785777756,deepseek-v2:lite,32.0,10949,944712,384.67,19.69,.051991,17.059458
1785777773,deepseek-v2:lite,32.0,10941,800000,366.68,19.70,.054542,23.654542
1785777797,deepseek-v2:lite,30.0,10942,1083851,383.25,19.19,.052184,27.919109
1785777826,deepseek-v2:lite,32.0,10940,1822843,427.58,19.46,.046774,29.854557
1785777856,deepseek-v2:lite,32.0,10936,798362,362.94,19.79,.055104,25.711062
1785777882,deepseek-v2:lite,32.0,10928,2093636,387.80,19.47,.051572,25.979746
1785777908,deepseek-v2:lite,32.0,10919,984193,376.51,18.92,.053119,33.019400
1785777942,deepseek-v2:lite,29.0,10930,800000,370.67,19.35,.053956,26.869175
1785777969,deepseek-v2:lite,32.0,10939,800000,375.07,19.33,.053323,28.346271
1785777998,deepseek-v2:lite,32.0,10942,799317,363.92,19.77,.054955,19.669865
1785778018,deepseek-v2:lite,33.0,10941,800000,377.69,18.96,.052953,34.162933
1785778053,deepseek-v2:lite,32.0,10940,800000,402.80,19.65,.049652,17.810832
1785778071,deepseek-v2:lite,32.0,10949,798757,381.01,19.55,.052491,23.473988
1785778095,deepseek-v2:lite,32.0,10952,800000,404.01,19.50,.049502,24.557091
1785778120,deepseek-v2:lite,32.0,10943,820888,428.07,18.95,.046720,36.339885
1785778156,deepseek-v2:lite,32.0,10935,800000,370.87,19.67,.053926,20.226648
1785778177,deepseek-v2:lite,32.0,10949,951271,394.01,19.79,.050759,16.016110
1785778193,deepseek-v2:lite,32.0,10948,1208838,436.95,19.75,.045770,17.973649
1785778212,deepseek-v2:lite,31.0,10945,800000,430.29,19.87,.046479,21.531940
1785778234,deepseek-v2:lite,32.0,10949,1970684,382.16,19.42,.052333,26.924831
1785778261,deepseek-v2:lite,32.0,10937,799336,385.38,19.22,.051896,27.205883
1785778288,deepseek-v2:lite,32.0,10941,703992,383.46,19.64,.052155,21.384210
1785778310,deepseek-v2:lite,32.0,10951,800000,370.50,19.71,.053980,20.494410
1785778331,deepseek-v2:lite,32.0,10943,799644,360.01,19.77,.055553,18.557202
1785778350,deepseek-v2:lite,32.0,10950,800000,363.92,19.96,.054955,19.081934
1785778369,deepseek-v2:lite,32.0,10933,800000,384.90,19.75,.051961,19.182094
1785778389,deepseek-v2:lite,32.0,10939,801125,415.25,20.38,.048162,12.901465
1785778402,deepseek-v2:lite,33.0,10944,1019037,362.34,19.36,.055196,24.944626
1785778428,deepseek-v2:lite,32.0,10951,1489373,471.08,19.61,.042455,19.012854
1785778447,deepseek-v2:lite,32.0,10956,991894,369.41,19.73,.054139,17.072553
1785778464,deepseek-v2:lite,32.0,10954,1088123,356.78,19.66,.056056,16.631435
1785778481,deepseek-v2:lite,29.0,10956,726930,383.62,19.47,.052134,19.457357
1785778501,deepseek-v2:lite,32.0,10949,800000,416.86,19.48,.047976,21.094352
1785778523,deepseek-v2:lite,32.0,10942,968339,382.91,19.53,.052230,24.830413
1785778548,deepseek-v2:lite,32.0,10939,800000,380.08,19.54,.052620,26.653092
1785778575,deepseek-v2:lite,32.0,10949,800000,391.68,19.65,.051061,19.791578
1785778595,deepseek-v2:lite,32.0,10944,2100000,366.70,19.22,.054540,23.873639
1785778619,deepseek-v2:lite,32.0,10943,800000,404.06,19.38,.049496,26.045739
1785778646,deepseek-v2:lite,33.0,10937,1776470,394.88,19.32,.050648,24.166658
1785778670,deepseek-v2:lite,31.0,10946,800000,399.25,19.64,.050092,23.266993
1785778694,deepseek-v2:lite,32.0,10939,971360,375.27,19.67,.053293,21.552850
1785778716,deepseek-v2:lite,32.0,10940,802519,389.69,19.23,.051322,27.923650
1785778744,deepseek-v2:lite,32.0,10933,800391,416.35,19.49,.048036,24.312429
1785778769,deepseek-v2:lite,29.0,10944,800000,410.27,19.54,.048747,20.622451
1785778790,deepseek-v2:lite,32.0,10939,797535,378.71,19.33,.052810,26.166964
1785778816,deepseek-v2:lite,30.0,10942,1330851,432.82,19.60,.046207,20.961495
1785778838,deepseek-v2:lite,32.0,10943,800788,368.39,19.50,.054289,22.510853
1785778861,deepseek-v2:lite,32.0,10946,797080,372.22,19.79,.053731,19.402238
1785778880,deepseek-v2:lite,32.0,10931,1091516,405.95,20.10,.049266,11.985236
1785778893,deepseek-v2:lite,32.0,10941,873578,386.04,19.41,.051806,21.481197
1785778914,deepseek-v2:lite,32.0,10941,800000,420.74,19.76,.047535,16.801169
1785778932,deepseek-v2:lite,32.0,10931,1499363,423.55,19.49,.047219,18.361205
1785778950,deepseek-v2:lite,32.0,10940,1764335,381.48,18.99,.052426,34.122721
1785778985,deepseek-v2:lite,32.0,10935,799226,373.21,19.73,.053588,19.308837
1785779005,deepseek-v2:lite,32.0,10946,799576,410.43,19.22,.048728,23.509704
1785779028,deepseek-v2:lite,32.0,10934,1100000,399.87,19.57,.050016,24.217854
1785779053,deepseek-v2:lite,32.0,10938,900901,354.35,19.58,.056441,25.881558
1785779079,deepseek-v2:lite,32.0,10941,800000,399.84,19.88,.050019,18.050939
1785779098,deepseek-v2:lite,31.0,10947,1087169,375.32,19.42,.053287,23.784437
1785779122,deepseek-v2:lite,29.0,10942,800000,448.88,19.48,.044554,23.704578
1785779146,deepseek-v2:lite,32.0,10941,1505404,379.82,19.48,.052656,24.945713
1785779171,deepseek-v2:lite,33.0,10937,1400000,413.82,19.35,.048329,33.122213
1785779205,deepseek-v2:lite,32.0,10923,800000,390.94,19.58,.051158,23.074385
1785779228,deepseek-v2:lite,32.0,10939,800440,388.02,19.68,.051542,26.921442
1785779256,deepseek-v2:lite,32.0,10943,1015589,452.54,19.67,.044194,22.258579
1785779278,deepseek-v2:lite,32.0,10937,800000,376.06,19.60,.053182,15.555132
1785779294,deepseek-v2:lite,31.0,10944,1324607,406.20,19.37,.049235,28.696478
1785779323,deepseek-v2:lite,32.0,10951,848036,370.23,18.49,.054019,42.549851
1785779366,deepseek-v2:lite,32.0,10948,1189101,400.97,19.48,.049878,24.787376
1785779391,deepseek-v2:lite,32.0,10950,800242,385.91,19.55,.051825,22.195544
1785779414,deepseek-v2:lite,32.0,10937,894833,412.42,19.78,.048493,20.319356
1785779435,deepseek-v2:lite,32.0,10940,801082,407.18,19.62,.049117,21.915213
1785779457,deepseek-v2:lite,32.0,10947,1000586,451.97,19.39,.044249,26.403788
1785779484,deepseek-v2:lite,32.0,10936,1371298,414.99,19.06,.048192,30.426132
1785779515,deepseek-v2:lite,29.0,10928,800000,403.22,19.48,.049599,23.815210
1785779539,deepseek-v2:lite,32.0,10936,800325,504.33,20.40,.039655,14.310562
1785779553,deepseek-v2:lite,32.0,10948,800000,380.78,19.90,.052523,21.455951
1785779575,deepseek-v2:lite,29.0,10928,856380,390.69,19.60,.051191,22.848028
1785779598,deepseek-v2:lite,32.0,10936,621414,386.40,19.91,.051759,18.527195
1785779617,deepseek-v2:lite,32.0,10929,801571,394.27,19.81,.050725,22.309236
1785779640,deepseek-v2:lite,32.0,10938,798765,482.88,19.24,.041417,25.716411
1785779666,deepseek-v2:lite,32.0,10945,800000,422.97,19.24,.047284,25.311732
1785779692,deepseek-v2:lite,32.0,10940,886529,417.04,19.75,.047956,23.381006
1785779716,deepseek-v2:lite,33.0,10948,799743,371.91,19.43,.053775,20.067586
1785779736,deepseek-v2:lite,31.0,10940,1766622,432.69,19.30,.046221,26.837038
1785779763,deepseek-v2:lite,31.0,10933,799071,402.39,19.56,.049701,22.592198
1785779786,deepseek-v2:lite,32.0,10940,800000,436.47,19.47,.045821,22.083611
1785779809,deepseek-v2:lite,32.0,10937,802251,474.05,19.10,.042189,31.409126
1785779840,deepseek-v2:lite,28.0,10940,800000,390.46,19.45,.051221,25.390816
1785779866,deepseek-v2:lite,32.0,10943,800000,397.80,19.13,.050275,32.290376
1785779899,deepseek-v2:lite,32.0,10934,799684,365.03,20.05,.054788,17.498101
1785779917,deepseek-v2:lite,31.0,10934,800000,414.10,19.87,.048296,12.931153
1785779930,deepseek-v2:lite,32.0,10934,1091510,406.81,19.77,.049162,19.211509
1785779950,deepseek-v2:lite,31.0,10941,800000,413.84,19.86,.048327,18.526438
1785779969,deepseek-v2:lite,32.0,10939,816537,401.03,19.59,.049870,20.569877
1785779989,deepseek-v2:lite,32.0,10936,800000,364.42,20.29,.054881,19.312416
1785780009,deepseek-v2:lite,32.0,10946,1200000,402.21,19.08,.049725,34.207629
1785780044,deepseek-v2:lite,30.0,10940,798720,412.27,19.74,.048510,20.964684
1785780065,deepseek-v2:lite,32.0,10938,800000,369.73,19.60,.054092,24.692109
1785780090,deepseek-v2:lite,32.0,10934,800000,502.55,20.10,.039796,16.907640
1785780107,deepseek-v2:lite,32.0,10931,1088710,353.63,20.08,.056555,14.488976
1785780122,deepseek-v2:lite,32.0,10928,1560962,442.91,19.50,.045155,20.511021
1785780143,deepseek-v2:lite,31.0,10930,1801952,406.59,20.18,.049188,19.370069
1785780163,deepseek-v2:lite,32.0,10939,1100000,409.28,19.57,.048866,21.867493
1785780185,deepseek-v2:lite,32.0,10943,800000,369.55,19.93,.054118,18.307551
1785780204,deepseek-v2:lite,32.0,10945,800000,402.38,19.33,.049703,26.274141
1785780230,deepseek-v2:lite,33.0,10946,992692,383.93,19.86,.052091,17.065746
1785780248,deepseek-v2:lite,32.0,10937,1248117,378.97,19.72,.052773,19.214961
1785780267,deepseek-v2:lite,32.0,10944,800000,390.71,19.26,.051187,27.246292
1785780295,deepseek-v2:lite,31.0,10955,800559,447.30,19.49,.044711,20.875522
1785780316,deepseek-v2:lite,32.0,10946,760304,405.28,19.94,.049348,20.959621
1785780338,deepseek-v2:lite,32.0,10944,1478062,392.92,19.91,.050899,17.120932
1785780355,deepseek-v2:lite,32.0,10950,1100000,392.87,19.50,.050906,25.016158
1785780380,deepseek-v2:lite,32.0,10934,800000,383.12,19.94,.052201,16.694252
1785780398,deepseek-v2:lite,32.0,10934,800947,395.41,19.52,.050580,25.610833
1785780424,deepseek-v2:lite,32.0,10942,800000,411.00,19.76,.048660,17.913212
1785780442,deepseek-v2:lite,32.0,10952,1223251,412.01,19.61,.048541,18.252466
1785780460,deepseek-v2:lite,33.0,10943,1600000,462.45,19.75,.043247,18.173858
1785780479,deepseek-v2:lite,32.0,10938,1475000,379.47,19.71,.052704,15.064236
1785780494,deepseek-v2:lite,32.0,10945,1000000,378.66,19.11,.052817,26.158847
1785780521,deepseek-v2:lite,32.0,10944,799329,363.07,19.87,.055085,16.453636
1785780538,deepseek-v2:lite,32.0,10944,1379254,397.57,19.91,.050304,16.371954
1785780554,deepseek-v2:lite,32.0,10946,800000,400.56,19.23,.049929,30.104312
1785780585,deepseek-v2:lite,32.0,10939,825898,378.47,19.83,.052843,18.301744
1785780604,deepseek-v2:lite,32.0,10950,1384664,404.27,19.36,.049470,23.553479
1785780627,deepseek-v2:lite,32.0,10938,800000,388.68,19.80,.051455,17.820269
1785780646,deepseek-v2:lite,32.0,10944,801365,400.75,19.51,.049905,23.263118
1785780669,deepseek-v2:lite,30.0,10942,925293,397.95,19.65,.050257,18.877881
1785780688,deepseek-v2:lite,32.0,10944,800000,366.07,19.95,.054633,13.681376
1785780702,deepseek-v2:lite,32.0,10943,800568,418.29,19.78,.047813,28.661889
1785780732,deepseek-v2:lite,33.0,10937,798357,382.24,19.95,.052323,19.442155
1785780751,deepseek-v2:lite,29.0,10937,799855,370.67,19.43,.053956,29.632879
1785780781,deepseek-v2:lite,32.0,10948,799950,371.46,19.67,.053841,18.397302
1785780800,deepseek-v2:lite,32.0,10937,1000000,396.80,18.99,.050402,37.318434
1785780838,deepseek-v2:lite,32.0,10930,800000,387.48,20.15,.051614,17.119371
1785780855,deepseek-v2:lite,32.0,10929,1600000,380.27,19.67,.052592,19.876151
1785780876,deepseek-v2:lite,32.0,10930,1165557,357.65,19.64,.055919,18.735712
1785780895,deepseek-v2:lite,32.0,10927,998544,511.02,19.45,.039137,24.933882
1785780920,deepseek-v2:lite,30.0,10931,1187780,421.09,19.27,.047495,29.473245
1785780950,deepseek-v2:lite,31.0,10939,800000,384.49,18.63,.052015,37.930536
1785780988,deepseek-v2:lite,31.0,10936,798697,396.62,19.33,.050425,23.426943
1785781012,deepseek-v2:lite,32.0,10929,1001960,386.05,19.79,.051806,17.222935
1785781030,deepseek-v2:lite,32.0,10920,1009687,386.19,19.82,.051786,20.679286
1785781051,deepseek-v2:lite,33.0,10940,800277,405.93,19.79,.049269,20.156440
1785781071,deepseek-v2:lite,29.0,10936,914279,399.38,19.78,.050077,18.746857
1785781090,deepseek-v2:lite,32.0,10937,1370870,378.59,19.27,.052826,24.745100
1785781116,deepseek-v2:lite,32.0,10945,798774,377.67,19.99,.052955,18.301830
1785781134,deepseek-v2:lite,32.0,10944,800000,388.94,20.14,.051421,18.915740
1785781153,deepseek-v2:lite,33.0,10945,800958,367.03,19.61,.054491,29.719455
1785781184,deepseek-v2:lite,32.0,10940,802139,388.95,19.83,.051419,18.402733
1785781202,deepseek-v2:lite,32.0,10941,802716,366.69,19.38,.054541,23.219381
1785781226,deepseek-v2:lite,32.0,10944,800000,388.57,19.36,.051470,22.459253
1785781249,deepseek-v2:lite,32.0,10937,1128976,378.86,19.93,.052788,16.656967
1785781266,deepseek-v2:lite,32.0,10948,800000,382.25,19.62,.052321,18.550139
1785781285,deepseek-v2:lite,32.0,10948,799615,480.46,19.80,.041626,18.837785
1785781304,deepseek-v2:lite,32.0,10945,1221227,401.41,19.99,.049824,19.701307
1785781324,deepseek-v2:lite,33.0,10941,800000,414.56,19.99,.048243,20.452014
1785781345,deepseek-v2:lite,32.0,10941,800000,400.93,19.41,.049883,25.802304
1785781371,deepseek-v2:lite,29.0,10943,800277,380.96,19.15,.052498,26.567675
1785781398,deepseek-v2:lite,31.0,10941,800053,395.16,20.16,.050612,13.832821
1785781412,deepseek-v2:lite,32.0,10951,798943,443.84,20.08,.045061,16.280602
1785781429,deepseek-v2:lite,32.0,10958,1372778,353.20,19.87,.056623,19.920664
1785781449,deepseek-v2:lite,32.0,10944,798102,394.78,19.79,.050660,20.413474
1785781470,deepseek-v2:lite,31.0,10953,800000,393.38,19.53,.050840,24.319012
1785781494,deepseek-v2:lite,29.0,10949,1224851,370.95,19.51,.053914,22.142096
1785781517,deepseek-v2:lite,32.0,10940,1289111,403.61,19.87,.049551,19.676729
1785781537,deepseek-v2:lite,31.0,10946,1522354,380.55,19.45,.052555,21.995728
1785781559,deepseek-v2:lite,32.0,10940,1164396,400.48,20.11,.049938,17.948808
1785781578,deepseek-v2:lite,32.0,10932,797737,413.61,19.95,.048353,21.202279
1785781599,deepseek-v2:lite,32.0,10939,799562,379.94,19.98,.052638,18.964980
1785781619,deepseek-v2:lite,32.0,10940,1002000,380.10,19.83,.052617,23.942259
1785781643,deepseek-v2:lite,33.0,10931,756149,380.56,19.13,.052554,29.209779
1785781673,deepseek-v2:lite,32.0,10940,799656,424.62,19.90,.047099,20.443972
1785781693,deepseek-v2:lite,32.0,10948,1481544,478.14,20.08,.041828,13.740070
1785781707,deepseek-v2:lite,31.0,10936,800000,385.90,19.49,.051826,22.165123
1785781730,deepseek-v2:lite,31.0,10939,797330,400.21,20.11,.049972,21.473420
1785781752,deepseek-v2:lite,31.0,10936,1125838,348.52,19.85,.057385,23.266498
1785781775,deepseek-v2:lite,31.0,10934,806400,428.72,19.62,.046649,19.970127
1785781796,deepseek-v2:lite,32.0,10939,798653,389.27,19.76,.051377,22.364417
1785781819,deepseek-v2:lite,32.0,10942,800000,384.77,19.76,.051978,20.494669
1785781839,deepseek-v2:lite,32.0,10946,800000,372.01,19.85,.053760,14.808058
1785781855,deepseek-v2:lite,29.0,10944,800000,411.93,19.95,.048551,15.632751
1785781870,deepseek-v2:lite,32.0,10942,974902,474.68,19.51,.042133,22.395369
1785781893,deepseek-v2:lite,32.0,10938,800000,373.47,19.58,.053551,23.533955
1785781917,deepseek-v2:lite,29.0,10946,800217,394.14,19.54,.050743,22.968303
1785781941,deepseek-v2:lite,32.0,10946,1689138,370.95,19.39,.053915,24.908570
1785781966,deepseek-v2:lite,32.0,10938,802472,421.20,18.69,.047482,40.165065
1785782006,deepseek-v2:lite,32.0,10950,800000,399.34,19.29,.050081,24.829944
1785782032,deepseek-v2:lite,32.0,10950,800000,426.76,19.63,.046863,24.653490
1785782057,deepseek-v2:lite,32.0,10948,1400000,401.27,19.56,.049841,21.566846
1785782079,deepseek-v2:lite,32.0,10946,1802620,404.41,19.54,.049453,33.153790
1785782112,deepseek-v2:lite,32.0,10949,800000,413.12,19.32,.048410,31.816261
1785782144,deepseek-v2:lite,32.0,10951,1889982,402.26,19.84,.049718,18.942734
1785782164,deepseek-v2:lite,32.0,10949,1000511,479.70,19.84,.041692,18.243664
1785782182,deepseek-v2:lite,32.0,10941,797468,411.28,19.51,.048627,25.206987
1785782208,deepseek-v2:lite,32.0,10951,800000,361.05,19.76,.055393,18.824600
1785782227,deepseek-v2:lite,32.0,10958,800000,411.74,18.98,.048573,33.659788
1785782261,deepseek-v2:lite,32.0,10937,800481,402.48,19.57,.049690,20.485524
1785782282,deepseek-v2:lite,32.0,10945,1116171,393.18,19.01,.050867,33.296951
1785782316,deepseek-v2:lite,33.0,10953,1219795,386.80,19.56,.051704,23.612740
1785782340,deepseek-v2:lite,32.0,10949,869097,489.67,19.38,.040843,20.889442
1785782361,deepseek-v2:lite,32.0,10949,797511,376.66,20.33,.053097,19.426859
1785782381,deepseek-v2:lite,32.0,10946,801062,464.88,19.74,.043021,26.188057
1785782407,deepseek-v2:lite,33.0,10944,798793,384.37,19.62,.052031,23.594717
1785782431,deepseek-v2:lite,33.0,10947,1033525,384.45,19.55,.052021,21.684691
1785782453,deepseek-v2:lite,29.0,10940,1905424,373.03,19.71,.053614,21.659860
1785782476,deepseek-v2:lite,32.0,10949,800000,381.32,19.78,.052448,20.162634
1785782496,deepseek-v2:lite,32.0,10945,722196,364.76,19.39,.054830,30.524820
1785782527,deepseek-v2:lite,33.0,10943,800000,415.62,19.50,.048120,25.279544
1785782553,deepseek-v2:lite,33.0,10943,800402,415.86,19.93,.048092,13.142088
1785782566,deepseek-v2:lite,32.0,10942,1269531,354.76,20.15,.056374,13.197206
1785782580,deepseek-v2:lite,32.0,10941,800000,405.03,19.34,.049378,29.152172
1785782609,deepseek-v2:lite,32.0,10941,1014939,372.34,19.88,.053713,17.701777
1785782627,deepseek-v2:lite,30.0,10945,971058,366.70,19.53,.054539,18.476713
1785782646,deepseek-v2:lite,32.0,10938,800000,422.08,19.36,.047383,20.344452
1785782667,deepseek-v2:lite,32.0,10948,1400000,510.86,19.32,.039149,25.354730
1785782693,deepseek-v2:lite,32.0,10948,801157,380.92,19.72,.052503,21.849871
1785782715,deepseek-v2:lite,33.0,10942,798713,386.46,19.78,.051750,22.492855
1785782738,deepseek-v2:lite,33.0,10952,801142,366.83,19.15,.054519,31.322656
1785782769,deepseek-v2:lite,32.0,10943,800000,379.59,19.34,.052688,26.719094
1785782796,deepseek-v2:lite,29.0,10956,1090818,352.40,19.55,.056752,25.108829
1785782822,deepseek-v2:lite,32.0,10954,799513,378.90,19.94,.052783,20.102696
1785782842,deepseek-v2:lite,32.0,10945,798598,411.37,20.05,.048617,19.548479
1785782862,deepseek-v2:lite,32.0,10947,718216,413.47,19.65,.048370,25.535760
1785782888,deepseek-v2:lite,32.0,10944,800000,415.27,19.56,.048161,22.589008
1785782911,deepseek-v2:lite,32.0,10947,800000,375.05,19.59,.053324,23.120681
1785782935,deepseek-v2:lite,33.0,10951,1985955,386.21,19.66,.051784,17.191949
1785782952,deepseek-v2:lite,33.0,10946,1098076,416.74,19.43,.047990,24.440821
1785782977,deepseek-v2:lite,33.0,10942,1334671,367.81,19.14,.054374,27.632968
1785783005,deepseek-v2:lite,32.0,10939,800000,375.55,19.45,.053254,21.281128
1785783027,deepseek-v2:lite,32.0,10944,1403890,387.93,20.04,.051554,20.109080
1785783047,deepseek-v2:lite,32.0,10942,800943,490.00,19.68,.040815,25.251102
1785783073,deepseek-v2:lite,33.0,10953,800000,381.33,19.85,.052447,18.689575
1785783092,deepseek-v2:lite,32.0,10949,772458,406.04,19.64,.049255,19.645387
1785783112,deepseek-v2:lite,32.0,10959,800000,409.40,19.58,.048850,22.103667
1785783135,deepseek-v2:lite,32.0,10951,800000,385.51,19.50,.051878,23.434637
1785783158,deepseek-v2:lite,29.0,10957,800000,375.57,19.75,.053250,23.888292
1785783183,deepseek-v2:lite,32.0,10955,800365,493.25,19.28,.040547,30.233847
1785783213,deepseek-v2:lite,32.0,10944,800000,507.50,19.09,.039408,32.622023
1785783246,deepseek-v2:lite,32.0,10944,800365,416.00,19.43,.048076,23.099929
1785783270,deepseek-v2:lite,32.0,10941,800000,397.66,19.12,.050293,30.584998
1785783301,deepseek-v2:lite,32.0,10937,800000,374.86,19.49,.053352,20.769953
1785783322,deepseek-v2:lite,32.0,10943,1000000,400.04,19.58,.049994,21.801976
1785783344,deepseek-v2:lite,33.0,10945,800000,383.44,19.43,.052158,27.376468
1785783372,deepseek-v2:lite,32.0,10937,1000515,406.82,19.63,.049161,24.596289
1785783397,deepseek-v2:lite,29.0,10932,800000,383.03,19.58,.052215,24.309867
1785783422,deepseek-v2:lite,33.0,10941,800000,391.89,20.02,.051033,15.380614
1785783437,deepseek-v2:lite,30.0,10940,800000,405.52,19.51,.049318,20.750230
1785783458,deepseek-v2:lite,32.0,10942,800000,385.87,19.25,.051830,27.995848
1785783487,deepseek-v2:lite,33.0,10944,627530,399.36,19.91,.050079,23.655489
1785783511,deepseek-v2:lite,32.0,10948,1000000,393.40,19.49,.050838,24.564388
1785783536,deepseek-v2:lite,32.0,10947,1100644,388.33,19.49,.051501,23.651564
1785783560,deepseek-v2:lite,32.0,10948,900201,354.43,19.74,.056427,15.194471
1785783575,deepseek-v2:lite,32.0,10961,1408717,371.64,19.49,.053814,21.849585
1785783598,deepseek-v2:lite,32.0,10953,906590,371.95,20.02,.053769,24.075376
1785783622,deepseek-v2:lite,32.0,10952,800624,373.76,20.16,.053509,22.511746
1785783645,deepseek-v2:lite,33.0,10974,668152,415.29,19.69,.048158,23.513042
1785783669,deepseek-v2:lite,33.0,10969,799746,381.24,19.09,.052459,33.469417
1785783703,deepseek-v2:lite,32.0,10972,800000,368.30,19.70,.054302,22.432787
1785783726,deepseek-v2:lite,32.0,10944,800456,376.92,19.63,.053061,17.165008
1785783743,deepseek-v2:lite,33.0,10947,1185294,369.16,19.15,.054176,28.402943
1785783772,deepseek-v2:lite,34.0,10954,799859,371.82,19.12,.053789,28.703181
1785783801,deepseek-v2:lite,32.0,10955,1028292,405.18,19.43,.049360,24.334188
1785783826,deepseek-v2:lite,29.0,10947,1000000,405.36,19.36,.049338,28.344098
1785783855,deepseek-v2:lite,33.0,10946,799037,355.80,19.55,.056209,22.395804
1785783877,deepseek-v2:lite,33.0,10945,1207740,393.89,19.42,.050775,25.171150
1785783903,deepseek-v2:lite,32.0,10942,1200811,364.92,19.65,.054805,22.234871
1785783925,deepseek-v2:lite,32.0,10945,800000,374.25,19.61,.053439,22.937816
1785783949,deepseek-v2:lite,33.0,10939,928381,379.72,19.65,.052669,22.950208
1785783972,deepseek-v2:lite,32.0,10939,1346931,383.95,19.28,.052089,28.357063
1785784001,deepseek-v2:lite,32.0,10935,800000,408.14,19.37,.049002,23.799334
1785784025,deepseek-v2:lite,32.0,10941,800000,412.94,19.68,.048432,18.595790
1785784044,deepseek-v2:lite,32.0,10932,800000,384.67,19.57,.051991,22.579947
1785784067,deepseek-v2:lite,32.0,10942,800000,425.91,19.92,.046958,20.624879
1785784088,deepseek-v2:lite,32.0,10945,800000,381.35,19.92,.052444,16.861262
1785784105,deepseek-v2:lite,32.0,10934,800817,386.33,19.83,.051768,18.299852
1785784124,deepseek-v2:lite,33.0,10943,800000,418.79,19.21,.047756,26.546815
1785784151,deepseek-v2:lite,32.0,10946,800000,381.26,19.37,.052456,28.177664
1785784179,deepseek-v2:lite,33.0,10948,875216,416.31,19.49,.048040,22.366919
1785784202,deepseek-v2:lite,33.0,10948,979059,395.81,19.82,.050528,20.784565
1785784223,deepseek-v2:lite,30.0,10948,800000,369.70,20.26,.054097,18.062801
1785784242,deepseek-v2:lite,33.0,10943,1588921,364.07,19.63,.054934,16.909712
1785784259,deepseek-v2:lite,32.0,10934,800407,373.69,19.61,.053520,25.332282
1785784285,deepseek-v2:lite,33.0,10942,1200000,400.53,19.57,.049933,21.915770
1785784307,deepseek-v2:lite,33.0,10940,800708,378.04,19.15,.052903,28.760462
1785784336,deepseek-v2:lite,33.0,10944,1001289,379.45,19.50,.052707,26.410118
1785784363,deepseek-v2:lite,33.0,10942,798984,386.61,19.39,.051731,25.784781
1785784389,deepseek-v2:lite,32.0,10943,799570,416.61,19.63,.048006,23.171718
1785784413,deepseek-v2:lite,32.0,10940,800000,374.11,19.97,.053459,12.618164
1785784426,deepseek-v2:lite,33.0,10945,1600000,374.85,19.74,.053353,22.888565
1785784449,deepseek-v2:lite,32.0,10929,801076,406.36,20.00,.049216,23.440267
1785784473,deepseek-v2:lite,33.0,10938,1400000,408.97,19.69,.048902,24.827708
1785784498,deepseek-v2:lite,32.0,10926,800353,363.23,19.28,.055061,30.591336
1785784529,deepseek-v2:lite,32.0,10933,800000,361.97,19.16,.055252,25.780656
1785784555,deepseek-v2:lite,32.0,10944,800000,368.74,19.75,.054237,20.449779
1785784576,deepseek-v2:lite,33.0,10938,799559,422.89,19.38,.047293,25.635153
1785784602,deepseek-v2:lite,32.0,10936,975618,362.52,19.58,.055168,25.729147
1785784628,deepseek-v2:lite,32.0,10949,801059,371.50,20.34,.053835,17.448466
1785784646,deepseek-v2:lite,33.0,10947,800000,419.11,19.71,.047719,20.742100
1785784667,deepseek-v2:lite,32.0,10949,2068047,383.68,19.56,.052126,23.158347
1785784691,deepseek-v2:lite,29.0,10949,832616,389.77,19.80,.051311,26.459622
1785784717,deepseek-v2:lite,31.0,10950,800292,432.52,20.12,.046240,20.026784
1785784738,deepseek-v2:lite,32.0,10950,800000,403.35,19.91,.049583,20.434034
1785784759,deepseek-v2:lite,32.0,10947,799947,401.58,19.95,.049802,20.093864
1785784779,deepseek-v2:lite,32.0,10938,797660,391.79,19.85,.051047,24.985912
1785784804,deepseek-v2:lite,33.0,10948,798938,391.07,19.42,.051141,29.130585
1785784834,deepseek-v2:lite,32.0,10946,923702,364.64,19.57,.054847,26.263738
1785784861,deepseek-v2:lite,33.0,10935,800000,407.30,19.78,.049103,22.439025
1785784883,deepseek-v2:lite,31.0,10944,800000,498.25,18.83,.040140,39.822382
1785784924,deepseek-v2:lite,30.0,10939,800478,383.63,19.80,.052132,17.117796
1785784941,deepseek-v2:lite,32.0,10935,800000,440.49,18.91,.045403,35.897664
1785784977,deepseek-v2:lite,32.0,10944,1025823,412.59,19.02,.048473,29.546505
1785785007,deepseek-v2:lite,32.0,10942,800000,398.45,19.35,.050194,21.748519
1785785030,deepseek-v2:lite,33.0,10940,800000,407.34,19.87,.049098,14.893816
1785785045,deepseek-v2:lite,32.0,10942,1833270,511.79,19.38,.039077,27.450360
1785785073,deepseek-v2:lite,32.0,10946,801955,407.79,19.64,.049044,15.935056
1785785089,deepseek-v2:lite,33.0,10943,802342,400.38,18.97,.049952,34.051861
1785785123,deepseek-v2:lite,33.0,10956,2024220,418.79,19.59,.047755,19.389882
1785785143,deepseek-v2:lite,33.0,10950,1425874,411.17,19.58,.048641,20.018665
1785785164,deepseek-v2:lite,32.0,10955,798666,406.79,19.35,.049164,25.528249
1785785189,deepseek-v2:lite,29.0,10945,800000,384.65,19.77,.051994,21.083453
1785785211,deepseek-v2:lite,32.0,10955,797640,367.25,19.51,.054457,21.936168
1785785233,deepseek-v2:lite,33.0,10954,1113386,405.20,19.57,.049357,24.672166
1785785258,deepseek-v2:lite,32.0,10949,800000,370.94,19.55,.053917,28.631085
1785785287,deepseek-v2:lite,32.0,10948,799153,356.42,19.69,.056112,26.611379
1785785314,deepseek-v2:lite,33.0,10936,799413,391.93,19.86,.051028,18.973592
1785785334,deepseek-v2:lite,33.0,10944,799586,381.45,19.61,.052430,21.769606
1785785356,deepseek-v2:lite,32.0,10943,1491164,360.56,19.89,.055468,19.650070
1785785376,deepseek-v2:lite,32.0,10944,1563814,386.05,19.66,.051806,27.821998
1785785404,deepseek-v2:lite,33.0,10945,1060099,394.47,19.80,.050700,26.050740
1785785430,deepseek-v2:lite,32.0,10940,800000,379.22,19.56,.052739,23.410181
1785785454,deepseek-v2:lite,33.0,10945,800000,362.23,19.30,.055212,25.643404
1785785480,deepseek-v2:lite,32.0,10945,1100000,401.73,20.06,.049784,18.487396
1785785499,deepseek-v2:lite,33.0,10932,800000,413.53,19.59,.048363,26.284476
1785785526,deepseek-v2:lite,32.0,10948,799729,407.33,19.97,.049099,12.566660
1785785539,deepseek-v2:lite,32.0,10946,800000,386.63,19.53,.051728,22.778952
1785785562,deepseek-v2:lite,32.0,10939,1047717,350.01,19.62,.057139,21.348939
1785785584,deepseek-v2:lite,29.0,10941,800000,484.64,19.75,.041267,21.112942
1785785605,deepseek-v2:lite,33.0,10941,797806,363.56,19.64,.055010,23.361254
1785785629,deepseek-v2:lite,32.0,10929,804383,384.62,19.33,.051998,26.010771
1785785655,deepseek-v2:lite,33.0,10937,798798,367.06,19.74,.054485,22.081639
1785785678,deepseek-v2:lite,32.0,10924,800000,376.53,19.45,.053116,23.490827
1785785702,deepseek-v2:lite,32.0,10934,800000,496.42,19.79,.040287,16.870735
1785785719,deepseek-v2:lite,32.0,10932,800000,363.05,19.42,.055087,26.255397
1785785745,deepseek-v2:lite,32.0,10949,1378903,370.40,19.45,.053995,24.051325
1785785770,deepseek-v2:lite,32.0,10937,800000,413.14,20.05,.048408,16.507811
1785785787,deepseek-v2:lite,29.0,10937,1104970,412.87,19.72,.048440,20.175481
1785785807,deepseek-v2:lite,32.0,10954,800000,376.84,19.95,.053072,22.101164
1785785830,deepseek-v2:lite,33.0,10935,812480,386.87,19.98,.051695,18.514604
1785785849,deepseek-v2:lite,29.0,10936,800000,402.89,19.99,.049640,22.955556
1785785872,deepseek-v2:lite,32.0,10935,799303,359.26,19.91,.055668,23.496785
1785785896,deepseek-v2:lite,32.0,10940,800000,376.90,20.17,.053064,18.139654
1785785914,deepseek-v2:lite,32.0,10947,1001048,384.34,20.18,.052036,21.601034
1785785936,deepseek-v2:lite,32.0,10942,800000,371.27,19.66,.053868,23.793968
1785785960,deepseek-v2:lite,34.0,10941,800804,376.91,19.64,.053062,24.844235
1785785986,deepseek-v2:lite,32.0,10938,800000,422.18,19.73,.047372,22.497682
1785786009,deepseek-v2:lite,32.0,10936,1088019,397.20,19.22,.050352,29.286140
1785786038,deepseek-v2:lite,32.0,10939,800000,479.55,19.43,.041705,22.745298
1785786061,deepseek-v2:lite,32.0,10940,1210526,406.16,19.26,.049240,27.462880
1785786089,deepseek-v2:lite,32.0,10945,800000,420.12,19.36,.047605,27.366876
1785786117,deepseek-v2:lite,32.0,10947,800000,364.27,19.70,.054903,20.202333
1785786138,deepseek-v2:lite,32.0,10946,1380614,352.68,19.56,.056707,20.442435
1785786158,deepseek-v2:lite,32.0,10944,1018140,364.96,19.32,.054799,25.408073
1785786184,deepseek-v2:lite,32.0,10953,1524570,381.13,20.11,.052474,13.620000
1785786198,deepseek-v2:lite,32.0,10929,1021803,461.91,19.46,.043298,22.606587
1785786221,deepseek-v2:lite,32.0,10936,800000,371.03,19.47,.053903,26.438555
1785786248,deepseek-v2:lite,29.0,10943,1077644,365.97,19.80,.054648,18.175549
1785786266,deepseek-v2:lite,32.0,10931,1010606,392.21,19.49,.050992,23.747240
1785786291,deepseek-v2:lite,32.0,10951,1800000,399.34,18.95,.050082,39.035068
1785786330,deepseek-v2:lite,32.0,10950,800000,374.72,19.36,.053372,25.462481
1785786356,deepseek-v2:lite,32.0,10953,1009688,374.80,19.72,.053360,20.130582
1785786376,deepseek-v2:lite,32.0,10947,800000,353.29,19.37,.056609,24.517387
1785786401,deepseek-v2:lite,32.0,10943,800000,465.24,19.43,.042988,24.184659
1785786426,deepseek-v2:lite,32.0,10945,800000,410.71,19.50,.048695,20.302330
1785786447,deepseek-v2:lite,32.0,10937,800968,511.62,19.79,.039090,21.217143
1785786468,deepseek-v2:lite,32.0,10944,799623,384.90,19.43,.051960,26.551899
1785786495,deepseek-v2:lite,32.0,10941,1377804,401.85,19.70,.049769,19.792048
1785786515,deepseek-v2:lite,31.0,10946,800000,375.71,19.32,.053232,21.788923
1785786537,deepseek-v2:lite,32.0,10944,998236,394.62,19.18,.050681,30.394511
1785786568,deepseek-v2:lite,32.0,10946,800000,395.80,19.79,.050529,18.889622
1785786587,deepseek-v2:lite,32.0,10934,802211,406.26,19.67,.049229,24.342899
1785786612,deepseek-v2:lite,32.0,10944,1001763,378.13,19.33,.052890,23.113726
1785786636,deepseek-v2:lite,32.0,10942,1367047,389.72,19.41,.051317,25.028199
1785786661,deepseek-v2:lite,32.0,10944,800000,369.48,19.59,.054128,22.606832
1785786684,deepseek-v2:lite,32.0,10939,977507,431.64,19.43,.046333,22.485482
1785786707,deepseek-v2:lite,32.0,10936,776359,479.88,19.59,.041677,20.413353
1785786728,deepseek-v2:lite,32.0,10939,801465,417.98,19.48,.047848,22.170902
1785786750,deepseek-v2:lite,32.0,10947,799666,380.91,19.47,.052505,20.281217
1785786771,deepseek-v2:lite,32.0,10938,1095416,416.61,19.48,.048005,20.840373
1785786792,deepseek-v2:lite,32.0,10930,1717911,398.41,19.95,.050198,11.676438
1785786804,deepseek-v2:lite,32.0,10934,1088255,389.08,19.02,.051402,34.016612
1785786839,deepseek-v2:lite,31.0,10940,798260,380.89,19.44,.052507,25.657353
1785786865,deepseek-v2:lite,29.0,10931,1005430,409.33,19.39,.048859,26.970491
1785786892,deepseek-v2:lite,29.0,10931,800000,371.59,19.73,.053822,21.285191
1785786914,deepseek-v2:lite,32.0,10931,801088,517.40,20.24,.038654,14.571562
1785786929,deepseek-v2:lite,32.0,10935,801126,401.18,19.37,.049852,28.587854
1785786958,deepseek-v2:lite,32.0,10944,784640,371.71,19.41,.053804,23.387076
1785786981,deepseek-v2:lite,32.0,10929,801319,383.90,19.54,.052095,24.001694
1785787006,deepseek-v2:lite,32.0,10942,800000,387.14,19.78,.051660,21.434469
1785787028,deepseek-v2:lite,32.0,10938,798736,381.11,19.39,.052477,25.569231
1785787053,deepseek-v2:lite,32.0,10942,851479,393.19,19.20,.050865,31.451840
1785787085,deepseek-v2:lite,31.0,10940,800443,377.97,19.40,.052914,21.383063
1785787107,deepseek-v2:lite,32.0,10948,800404,442.01,19.35,.045247,25.005674
1785787133,deepseek-v2:lite,31.0,10943,800000,374.61,19.53,.053387,24.515786
1785787157,deepseek-v2:lite,32.0,10952,800446,380.12,19.59,.052614,24.090391
1785787182,deepseek-v2:lite,32.0,10949,800438,412.05,19.40,.048536,25.866963
1785787208,deepseek-v2:lite,32.0,10944,1989430,392.21,19.76,.050992,20.840109
1785787229,deepseek-v2:lite,32.0,10941,800000,385.04,19.67,.051941,19.772390
1785787250,deepseek-v2:lite,29.0,10943,1052325,377.15,19.72,.053029,23.577639
1785787273,deepseek-v2:lite,32.0,10949,801436,405.94,19.92,.049267,18.470338
1785787292,deepseek-v2:lite,32.0,10949,1735645,397.94,19.55,.050258,25.523164
1785787318,deepseek-v2:lite,32.0,10951,1168185,406.00,19.94,.049261,17.393619
1785787336,deepseek-v2:lite,32.0,10943,801604,382.66,19.47,.052264,25.464885
1785787362,deepseek-v2:lite,32.0,10943,1170687,369.11,19.87,.054183,16.354591
1785787379,deepseek-v2:lite,32.0,10951,659707,414.55,19.37,.048244,26.940674
1785787406,deepseek-v2:lite,32.0,10950,872377,419.45,19.56,.047681,32.653271
1785787439,deepseek-v2:lite,32.0,10959,800000,425.50,20.10,.047003,17.262863
1785787457,deepseek-v2:lite,33.0,10951,800000,494.99,19.71,.040404,28.145138
1785787485,deepseek-v2:lite,32.0,10952,798171,370.31,19.40,.054007,28.181572
1785787514,deepseek-v2:lite,32.0,10951,1100000,385.70,19.50,.051852,23.578682
1785787538,deepseek-v2:lite,32.0,10955,800000,410.49,19.26,.048721,29.217671
1785787567,deepseek-v2:lite,32.0,10954,800000,380.56,19.64,.052553,20.870865
1785787588,deepseek-v2:lite,32.0,10943,999038,414.31,19.62,.048272,20.382376
1785787609,deepseek-v2:lite,32.0,10951,799779,386.94,20.04,.051686,20.402873
1785787630,deepseek-v2:lite,32.0,10935,1376428,423.35,19.83,.047242,24.302590
1785787655,deepseek-v2:lite,32.0,10943,799977,429.75,19.81,.046537,21.199751
1785787676,deepseek-v2:lite,32.0,10929,800000,370.38,19.12,.053998,35.982197
1785787713,deepseek-v2:lite,32.0,10946,1157740,400.74,19.53,.049907,23.235599
1785787736,deepseek-v2:lite,32.0,10942,762966,402.50,18.92,.049688,31.545480
1785787768,deepseek-v2:lite,32.0,10944,1165874,470.80,19.12,.042480,29.701816
1785787798,deepseek-v2:lite,32.0,10936,1077497,412.88,19.88,.048439,14.882060
1785787814,deepseek-v2:lite,33.0,10943,1089470,357.02,19.56,.056018,23.822200
1785787838,deepseek-v2:lite,32.0,10929,800000,410.46,19.38,.048725,21.052346
1785787859,deepseek-v2:lite,33.0,10930,800000,405.77,19.84,.049287,13.452217
1785787873,deepseek-v2:lite,32.0,10930,800428,371.58,19.45,.053823,24.518006
1785787898,deepseek-v2:lite,32.0,10954,800000,377.38,19.59,.052996,21.330872
1785787920,deepseek-v2:lite,32.0,10947,800421,401.52,19.84,.049810,14.312175
1785787934,deepseek-v2:lite,31.0,10946,799007,380.15,19.50,.052610,19.223676
1785787954,deepseek-v2:lite,31.0,10945,800000,378.91,19.72,.052782,24.433575
1785787979,deepseek-v2:lite,29.0,10947,1036259,372.72,19.80,.053658,17.672117
1785787997,deepseek-v2:lite,33.0,10935,1100000,399.37,19.84,.050078,16.122328
1785788013,deepseek-v2:lite,32.0,10938,800000,378.00,20.15,.052909,14.239754
1785788028,deepseek-v2:lite,32.0,10942,799590,406.34,19.61,.049219,27.893821
1785788056,deepseek-v2:lite,32.0,10935,805578,368.95,20.28,.054207,15.234974
1785788072,deepseek-v2:lite,32.0,10942,1223053,388.85,19.72,.051433,26.357438
1785788098,deepseek-v2:lite,32.0,10945,800000,383.59,20.99,.052138,3.905544
1785788103,deepseek-v2:lite,32.0,10952,1484079,418.65,19.70,.047771,21.062779
1785788124,deepseek-v2:lite,32.0,10946,999505,414.02,19.59,.048305,21.232498
1785788146,deepseek-v2:lite,32.0,10953,1062280,379.59,19.97,.052687,16.118631
1785788162,deepseek-v2:lite,32.0,10946,1161751,379.20,19.75,.052741,23.738271
1785788186,deepseek-v2:lite,32.0,10950,995565,367.64,19.38,.054400,24.913846
1785788211,deepseek-v2:lite,32.0,10949,800000,411.54,19.78,.048597,23.098542
1785788235,deepseek-v2:lite,32.0,10948,1011304,414.25,19.78,.048279,19.505294
1785788255,deepseek-v2:lite,32.0,10952,781918,443.08,19.68,.045137,25.546994
1785788281,deepseek-v2:lite,32.0,10945,799784,413.30,19.99,.048390,14.301786
1785788295,deepseek-v2:lite,33.0,10938,948783,387.83,20.33,.051567,17.067664
1785788313,deepseek-v2:lite,33.0,10936,929319,395.19,19.27,.050608,40.419648
1785788354,deepseek-v2:lite,33.0,10948,1013138,398.92,19.83,.050134,22.385482
1785788376,deepseek-v2:lite,32.0,10953,800000,378.83,19.24,.052793,30.036487
1785788407,deepseek-v2:lite,32.0,10949,800000,396.59,19.67,.050428,24.143504
1785788431,deepseek-v2:lite,32.0,10952,1031859,426.76,19.33,.046864,30.467715
1785788462,deepseek-v2:lite,32.0,10959,800601,360.53,19.34,.055473,31.486297
1785788494,deepseek-v2:lite,32.0,10950,1400000,460.91,19.62,.043392,19.773738
1785788514,deepseek-v2:lite,32.0,10947,2104093,377.69,19.65,.052952,24.314161
1785788539,deepseek-v2:lite,32.0,10934,798890,372.01,19.20,.053761,26.353137
1785788566,deepseek-v2:lite,32.0,10941,1099166,375.30,19.42,.053289,25.118527
1785788591,deepseek-v2:lite,32.0,10940,800000,382.30,20.07,.052313,18.925337
1785788611,deepseek-v2:lite,32.0,10938,1501171,469.26,19.31,.042619,26.720054
1785788638,deepseek-v2:lite,32.0,10936,799589,398.98,19.84,.050127,17.891177
1785788656,deepseek-v2:lite,32.0,10938,857773,415.19,19.27,.048169,28.735766
1785788685,deepseek-v2:lite,32.0,10936,800000,420.39,19.21,.047573,26.179957
1785788712,deepseek-v2:lite,32.0,10937,1007163,393.30,19.92,.050850,24.891196
1785788737,deepseek-v2:lite,32.0,10931,797037,401.63,20.09,.049795,23.435805
1785788761,deepseek-v2:lite,32.0,10940,800000,420.02,19.79,.047615,20.160183
1785788781,deepseek-v2:lite,33.0,10944,798765,383.83,20.27,.052106,13.659235
1785788795,deepseek-v2:lite,32.0,10929,800000,502.76,19.69,.039780,22.593377
1785788818,deepseek-v2:lite,33.0,10944,800000,358.69,19.30,.055758,29.835460
1785788849,deepseek-v2:lite,32.0,10944,800338,421.38,19.65,.047462,22.289739
1785788871,deepseek-v2:lite,33.0,10948,800000,386.92,19.83,.051689,23.792573
1785788895,deepseek-v2:lite,32.0,10940,799047,374.98,19.69,.053334,25.645900
1785788921,deepseek-v2:lite,32.0,10930,798842,368.60,20.16,.054258,17.854400
1785788940,deepseek-v2:lite,32.0,10937,988824,373.41,19.37,.053560,25.335739
1785788965,deepseek-v2:lite,32.0,10940,800000,377.95,19.94,.052916,15.442279
1785788981,deepseek-v2:lite,32.0,10934,799057,371.58,19.56,.053824,26.730727
1785789008,deepseek-v2:lite,32.0,10937,1181518,399.41,19.59,.050073,22.100316
1785789031,deepseek-v2:lite,32.0,10941,1140715,402.37,19.53,.049705,18.016646
1785789049,deepseek-v2:lite,32.0,10928,800337,424.67,19.64,.047095,19.390456
1785789069,deepseek-v2:lite,29.0,10941,1200488,384.13,19.39,.052064,24.647118
1785789094,deepseek-v2:lite,32.0,10952,1000000,383.53,19.74,.052147,13.620606
1785789108,deepseek-v2:lite,32.0,10943,1433333,398.92,19.43,.050134,27.428240
1785789136,deepseek-v2:lite,32.0,10941,800000,376.72,20.14,.053089,21.646153
1785789158,deepseek-v2:lite,31.0,10940,799450,389.79,20.23,.051308,19.621107
1785789178,deepseek-v2:lite,32.0,10938,1845454,366.80,19.48,.054524,23.562184
1785789202,deepseek-v2:lite,29.0,10940,800000,378.42,19.63,.052850,24.701696
1785789227,deepseek-v2:lite,32.0,10942,1882056,376.85,19.99,.053071,17.200692
1785789244,deepseek-v2:lite,32.0,10935,800842,483.24,19.75,.041386,19.847956
1785789264,deepseek-v2:lite,32.0,10942,801403,385.58,19.80,.051869,12.571856
1785789277,deepseek-v2:lite,32.0,10948,1140266,358.34,18.84,.055811,41.231685
1785789319,deepseek-v2:lite,32.0,10943,924367,367.50,19.72,.054420,19.113558
1785789338,deepseek-v2:lite,32.0,10948,800101,392.64,19.69,.050936,20.508427
1785789359,deepseek-v2:lite,32.0,10951,800000,385.35,19.90,.051900,13.209848
1785789373,deepseek-v2:lite,32.0,10956,797337,404.41,19.52,.049454,25.255496
1785789398,deepseek-v2:lite,32.0,10948,800000,351.99,20.22,.056819,22.793992
1785789422,deepseek-v2:lite,32.0,10944,802237,380.99,20.01,.052494,24.330110
1785789446,deepseek-v2:lite,33.0,10945,735697,380.12,20.08,.052614,14.688629
1785789461,deepseek-v2:lite,30.0,10938,1100000,410.54,19.51,.048716,25.263758
1785789487,deepseek-v2:lite,32.0,10942,800000,403.35,19.54,.049583,26.396444
1785789514,deepseek-v2:lite,32.0,10947,1399321,381.85,19.36,.052376,30.465885
1785789545,deepseek-v2:lite,32.0,10953,800000,422.80,19.99,.047303,26.559320
1785789572,deepseek-v2:lite,33.0,10944,801030,393.40,19.65,.050838,24.269695
1785789596,deepseek-v2:lite,32.0,10944,799558,388.38,19.31,.051494,29.765273
1785789627,deepseek-v2:lite,32.0,10938,799589,423.31,19.37,.047246,24.975169
1785789652,deepseek-v2:lite,32.0,10947,802519,435.67,19.64,.045905,18.482451
1785789671,deepseek-v2:lite,32.0,10932,800000,381.86,19.50,.052373,24.708386
1785789696,deepseek-v2:lite,32.0,10932,800000,379.61,19.64,.052685,20.824335
1785789717,deepseek-v2:lite,33.0,10939,800000,388.08,19.56,.051535,22.897315
1785789740,deepseek-v2:lite,32.0,10932,796854,402.80,19.36,.049651,26.910158
1785789768,deepseek-v2:lite,32.0,10936,800000,390.53,19.90,.051211,16.727532
1785789785,deepseek-v2:lite,33.0,10932,798682,387.91,19.87,.051558,20.281481
1785789805,deepseek-v2:lite,32.0,10931,800000,362.32,19.63,.055199,28.779568
1785789835,deepseek-v2:lite,32.0,10934,799625,428.75,19.53,.046646,24.421452
1785789859,deepseek-v2:lite,32.0,10936,800000,421.19,19.58,.047483,23.024802
1785789883,deepseek-v2:lite,32.0,10938,797568,380.21,19.62,.052601,24.360463
1785789908,deepseek-v2:lite,32.0,10941,961335,400.82,19.46,.049897,23.786724
1785789932,deepseek-v2:lite,32.0,10936,800000,369.98,19.18,.054056,31.581333
1785789964,deepseek-v2:lite,29.0,10937,818741,398.74,19.55,.050157,23.218861
1785789987,deepseek-v2:lite,32.0,10927,1105011,363.10,19.62,.055081,22.222076
1785790010,deepseek-v2:lite,32.0,10922,1598568,386.42,19.81,.051756,21.644828
1785790032,deepseek-v2:lite,32.0,10925,762613,374.54,19.50,.053397,20.606774
1785790053,deepseek-v2:lite,32.0,10937,1089981,410.47,19.73,.048724,19.707674
1785790073,deepseek-v2:lite,32.0,10931,799032,384.37,19.53,.052032,28.302607
1785790102,deepseek-v2:lite,33.0,10932,1428246,370.67,19.74,.053955,20.612556
1785790123,deepseek-v2:lite,32.0,10938,800000,415.88,19.35,.048090,25.002840
1785790148,deepseek-v2:lite,32.0,10937,800000,374.23,19.43,.053442,26.755631
1785790175,deepseek-v2:lite,32.0,10936,1202857,413.58,19.24,.048357,28.165222
1785790204,deepseek-v2:lite,32.0,10938,1179059,397.11,19.55,.050362,19.838245
1785790224,deepseek-v2:lite,29.0,10947,999530,466.87,19.98,.042838,19.613354
1785790244,deepseek-v2:lite,32.0,10941,800000,387.26,19.61,.051644,28.858191
1785790273,deepseek-v2:lite,32.0,10942,800000,431.70,19.48,.046328,27.193861
1785790301,deepseek-v2:lite,32.0,10948,800000,448.63,19.56,.044579,26.061759
1785790327,deepseek-v2:lite,32.0,10935,1144287,378.34,19.55,.052862,25.260093
1785790353,deepseek-v2:lite,33.0,10937,800000,371.30,19.83,.053863,19.260695
1785790373,deepseek-v2:lite,32.0,10934,797448,423.05,19.80,.047275,17.418470
1785790390,deepseek-v2:lite,32.0,10940,1813807,424.29,19.68,.047136,24.889276
1785790416,deepseek-v2:lite,32.0,10941,800424,370.82,19.78,.053934,18.246683
1785790434,deepseek-v2:lite,32.0,10936,800000,387.04,19.61,.051673,21.772279
1785790456,deepseek-v2:lite,30.0,10930,1172113,395.42,19.61,.050579,24.465633
1785790481,deepseek-v2:lite,32.0,10943,800000,382.01,19.86,.052354,18.673140
1785790500,deepseek-v2:lite,32.0,10943,802605,375.05,19.41,.053324,27.962836
1785790529,deepseek-v2:lite,32.0,10949,800000,360.13,19.76,.055534,18.975401
1785790548,deepseek-v2:lite,32.0,10943,800000,423.72,19.54,.047200,21.129964
1785790569,deepseek-v2:lite,32.0,10953,800000,397.08,19.69,.050366,22.589625
1785790592,deepseek-v2:lite,33.0,10955,800000,412.90,19.23,.048436,29.630731
1785790622,deepseek-v2:lite,32.0,10936,825222,391.05,19.34,.051143,26.773745
1785790650,deepseek-v2:lite,31.0,10942,800000,380.54,19.56,.052556,25.397686
1785790675,deepseek-v2:lite,32.0,10944,739566,378.46,19.29,.052845,31.347567
1785790707,deepseek-v2:lite,32.0,10952,799614,379.46,19.82,.052705,14.827426
1785790722,deepseek-v2:lite,32.0,10939,800000,415.12,19.89,.048177,11.960840
1785790735,deepseek-v2:lite,32.0,10935,813938,367.66,19.22,.054396,41.558894
1785790777,deepseek-v2:lite,31.0,10955,1400000,437.53,19.29,.045710,25.441765
1785790802,deepseek-v2:lite,32.0,10952,799526,392.54,19.85,.050949,20.997751
1785790824,deepseek-v2:lite,32.0,10951,1100000,375.14,19.15,.053313,30.592212
1785790855,deepseek-v2:lite,29.0,10970,1957542,372.57,19.21,.053679,27.223361
1785790882,deepseek-v2:lite,32.0,10977,834319,378.47,19.21,.052844,27.263518
1785790910,deepseek-v2:lite,32.0,10973,2107241,416.35,19.80,.048035,18.786697
1785790929,deepseek-v2:lite,32.0,10978,800571,427.47,19.64,.046786,20.213312
1785790950,deepseek-v2:lite,32.0,10983,800000,393.95,19.62,.050767,21.553706
1785790972,deepseek-v2:lite,32.0,10942,1191087,387.65,19.19,.051592,24.638967
1785790997,deepseek-v2:lite,32.0,10947,2100000,370.74,19.43,.053944,22.591577
1785791020,deepseek-v2:lite,29.0,10950,1400000,412.61,19.82,.048471,18.312031
1785791038,deepseek-v2:lite,30.0,10942,1492377,404.24,19.67,.049475,18.807254
1785791058,deepseek-v2:lite,32.0,10934,800000,401.63,18.69,.049796,42.518845
1785791101,deepseek-v2:lite,32.0,10941,901813,366.33,19.55,.054594,17.897999
1785791119,deepseek-v2:lite,32.0,10952,799648,450.53,19.69,.044391,16.500809
1785791136,deepseek-v2:lite,32.0,10950,800000,371.68,19.75,.053809,22.523237
1785791159,deepseek-v2:lite,32.0,10956,1262168,418.40,19.53,.047800,22.521099
1785791181,deepseek-v2:lite,32.0,10946,800677,401.54,19.27,.049807,26.044602
1785791208,deepseek-v2:lite,32.0,10953,1400000,369.46,19.43,.054131,22.126280
1785791230,deepseek-v2:lite,32.0,10953,800000,374.10,19.61,.053461,20.443254
1785791251,deepseek-v2:lite,32.0,10955,897013,414.28,19.78,.048275,19.008864
1785791271,deepseek-v2:lite,33.0,10936,1032313,385.15,19.40,.051927,25.716756
1785791297,deepseek-v2:lite,32.0,10941,800000,392.94,19.55,.050897,18.969745
1785791316,deepseek-v2:lite,32.0,10939,800000,378.04,19.52,.052904,21.764437
1785791338,deepseek-v2:lite,32.0,10939,802083,413.60,19.69,.048355,21.528006
1785791360,deepseek-v2:lite,32.0,10939,800000,401.09,19.70,.049863,20.046958
1785791380,deepseek-v2:lite,32.0,10932,1221318,398.70,19.56,.050162,20.032392
1785791401,deepseek-v2:lite,31.0,10943,798734,396.25,18.86,.050472,34.511448
1785791436,deepseek-v2:lite,32.0,10946,800000,379.53,19.74,.052696,21.674584
1785791458,deepseek-v2:lite,32.0,10940,873343,414.69,19.22,.048228,34.428917
1785791493,deepseek-v2:lite,32.0,10936,801324,368.45,19.96,.054280,20.437765
1785791513,deepseek-v2:lite,33.0,10945,1402589,375.26,19.56,.053295,29.792961
1785791544,deepseek-v2:lite,33.0,10938,800000,426.99,19.82,.046839,23.461007
1785791567,deepseek-v2:lite,32.0,10939,800000,500.28,19.46,.039977,24.353392
1785791592,deepseek-v2:lite,32.0,10950,800000,380.94,19.28,.052501,27.171628
1785791620,deepseek-v2:lite,32.0,10930,800000,379.61,19.81,.052684,18.876359
1785791639,deepseek-v2:lite,32.0,10938,800000,378.38,19.46,.052855,27.428532
1785791667,deepseek-v2:lite,32.0,10944,800000,385.02,19.52,.051945,23.870335
1785791691,deepseek-v2:lite,31.0,10937,800744,421.71,19.35,.047425,27.892575
1785791719,deepseek-v2:lite,32.0,10942,800000,419.47,19.15,.047678,28.866141
1785791749,deepseek-v2:lite,32.0,10939,800000,382.35,19.60,.052306,26.111233
1785791775,deepseek-v2:lite,33.0,10941,799603,407.04,19.88,.049134,16.096568
1785791792,deepseek-v2:lite,32.0,10937,800781,401.39,19.47,.049826,23.059170
1785791815,deepseek-v2:lite,29.0,10951,800000,407.74,19.63,.049050,21.437710
1785791837,deepseek-v2:lite,32.0,10951,869624,385.86,19.40,.051831,24.422196
1785791862,deepseek-v2:lite,32.0,10936,800000,411.87,19.23,.048558,30.576557
1785791893,deepseek-v2:lite,31.0,10935,836072,376.99,19.32,.053051,20.286267
1785791913,deepseek-v2:lite,32.0,10935,800587,374.95,19.14,.053339,32.496203
1785791946,deepseek-v2:lite,32.0,10949,800000,410.92,19.66,.048670,17.900189
1785791965,deepseek-v2:lite,29.0,10951,800000,406.22,19.87,.049234,19.777882
1785791985,deepseek-v2:lite,32.0,10960,722331,431.74,19.70,.046323,19.891949
1785792005,deepseek-v2:lite,32.0,10951,800000,382.77,19.38,.052250,25.017043
1785792030,deepseek-v2:lite,32.0,10956,1563879,369.64,19.69,.054105,20.059028
1785792051,deepseek-v2:lite,32.0,10959,973514,373.19,19.32,.053590,23.859116
1785792075,deepseek-v2:lite,32.0,10947,1118297,394.62,19.43,.050681,24.490937
1785792100,deepseek-v2:lite,31.0,10941,1784808,386.15,19.48,.051792,26.177533
1785792126,deepseek-v2:lite,32.0,10939,816726,379.66,19.80,.052677,19.847006
1785792147,deepseek-v2:lite,32.0,10946,800000,366.44,19.70,.054579,20.194713
1785792167,deepseek-v2:lite,32.0,10944,800436,402.32,19.50,.049711,21.527906
1785792189,deepseek-v2:lite,32.0,10947,2104093,371.67,19.58,.053810,19.604371
1785792209,deepseek-v2:lite,32.0,10947,1026253,390.48,19.90,.051218,16.073709
1785792225,deepseek-v2:lite,32.0,10948,799808,418.03,19.52,.047842,24.076938
1785792250,deepseek-v2:lite,32.0,10941,800000,382.51,19.61,.052284,17.996912
1785792268,deepseek-v2:lite,32.0,10924,1186894,350.64,19.40,.057037,27.318023
1785792296,deepseek-v2:lite,32.0,10928,980292,417.87,19.84,.047860,16.784225
1785792313,deepseek-v2:lite,32.0,10937,799562,436.65,19.92,.045802,19.223677
1785792333,deepseek-v2:lite,32.0,10932,800000,378.27,19.78,.052871,17.383498
1785792350,deepseek-v2:lite,32.0,10941,799052,387.39,19.22,.051626,29.745825
1785792381,deepseek-v2:lite,32.0,10933,1172000,366.26,19.50,.054605,21.588502
1785792403,deepseek-v2:lite,32.0,10930,800000,364.68,19.29,.054841,27.522869
1785792431,deepseek-v2:lite,32.0,10932,800000,405.20,20.01,.049358,14.735853
1785792446,deepseek-v2:lite,32.0,10946,1066666,362.01,19.45,.055247,23.084123
1785792469,deepseek-v2:lite,32.0,10943,800000,381.29,18.90,.052453,33.692229
1785792503,deepseek-v2:lite,32.0,10939,800000,368.08,19.47,.054335,27.724578
1785792531,deepseek-v2:lite,32.0,10947,798965,385.87,19.53,.051830,25.445961
1785792557,deepseek-v2:lite,32.0,10954,834466,354.11,19.34,.056479,27.662287
1785792585,deepseek-v2:lite,32.0,10949,1619433,369.79,19.54,.054084,21.134276
1785792607,deepseek-v2:lite,32.0,10955,801893,353.97,19.28,.056501,26.185557
1785792633,deepseek-v2:lite,32.0,10940,800000,369.64,19.60,.054106,22.598539
1785792656,deepseek-v2:lite,31.0,10951,800000,372.24,19.34,.053727,25.428812
1785792682,deepseek-v2:lite,30.0,10943,800000,415.00,19.17,.048192,26.289765
1785792709,deepseek-v2:lite,32.0,10943,800000,365.38,18.97,.054736,32.144085
1785792741,deepseek-v2:lite,31.0,10941,800000,388.96,19.03,.051418,29.205145
1785792771,deepseek-v2:lite,32.0,10944,800397,368.75,20.05,.054236,16.702475
1785792788,deepseek-v2:lite,32.0,10941,800000,399.63,19.52,.050045,21.618577
1785792810,deepseek-v2:lite,32.0,10950,800000,384.18,19.39,.052058,24.130174
1785792835,deepseek-v2:lite,32.0,10947,2096315,378.19,19.16,.052882,27.972977
1785792863,deepseek-v2:lite,32.0,10943,799252,377.02,19.45,.053046,28.071968
1785792891,deepseek-v2:lite,33.0,10951,800209,370.49,20.09,.053982,23.137769
1785792915,deepseek-v2:lite,32.0,10937,800000,379.78,19.90,.052661,17.986728
1785792933,deepseek-v2:lite,32.0,10948,800000,390.98,20.17,.051153,20.723047
1785792954,deepseek-v2:lite,32.0,10943,1584287,424.90,19.87,.047069,24.503778
1785792979,deepseek-v2:lite,31.0,10938,1518836,380.42,20.27,.052573,17.408842
1785792997,deepseek-v2:lite,32.0,10944,1001968,426.83,19.35,.046856,29.663215
1785793027,deepseek-v2:lite,29.0,10939,1100000,403.04,19.78,.049622,19.404528
1785793047,deepseek-v2:lite,32.0,10936,800136,386.47,19.51,.051749,26.540651
1785793074,deepseek-v2:lite,32.0,10941,800000,376.09,19.68,.053178,22.506714
1785793097,deepseek-v2:lite,32.0,10950,804060,400.70,19.45,.049912,25.496260
1785793123,deepseek-v2:lite,32.0,10957,841876,368.89,19.41,.054215,22.821010
1785793146,deepseek-v2:lite,31.0,10950,1088903,374.60,19.38,.053389,24.609320
1785793171,deepseek-v2:lite,32.0,10954,976053,379.03,19.68,.052766,20.068841
1785793191,deepseek-v2:lite,32.0,10961,800000,424.37,19.34,.047128,29.923249
1785793221,deepseek-v2:lite,33.0,10940,800913,397.49,19.37,.050314,24.727618
1785793247,deepseek-v2:lite,32.0,10941,800568,407.56,19.50,.049072,25.691819
1785793273,deepseek-v2:lite,32.0,10930,1634818,381.74,19.82,.052391,27.940995
1785793301,deepseek-v2:lite,32.0,10939,799686,376.69,19.76,.053093,25.244873
1785793327,deepseek-v2:lite,32.0,10942,800000,393.92,19.65,.050771,24.060666
1785793351,deepseek-v2:lite,32.0,10937,800000,403.41,19.49,.049576,20.622482
1785793372,deepseek-v2:lite,32.0,10939,800000,388.50,19.34,.051479,27.758417
1785793400,deepseek-v2:lite,32.0,10945,861547,393.79,19.38,.050787,24.035663
1785793425,deepseek-v2:lite,33.0,10945,800000,414.86,19.57,.048208,30.494985
1785793456,deepseek-v2:lite,32.0,10933,800000,404.53,19.97,.049440,23.184221
1785793479,deepseek-v2:lite,31.0,10937,800000,378.40,19.68,.052853,17.678070
1785793497,deepseek-v2:lite,32.0,10931,800000,413.17,19.49,.048405,27.140844
1785793525,deepseek-v2:lite,32.0,10936,801467,376.63,19.31,.053101,23.145791
1785793548,deepseek-v2:lite,32.0,10945,802328,397.76,19.69,.050281,20.260710
1785793569,deepseek-v2:lite,32.0,10931,800000,370.11,19.91,.054036,25.715315
1785793595,deepseek-v2:lite,32.0,10940,801019,374.73,19.53,.053370,24.720556
1785793620,deepseek-v2:lite,31.0,10936,800000,416.03,19.24,.048072,30.549432
1785793651,deepseek-v2:lite,32.0,10948,798971,472.27,19.81,.042348,17.659878
1785793669,deepseek-v2:lite,32.0,10925,801114,409.68,19.00,.048818,34.407885
1785793704,deepseek-v2:lite,32.0,10931,1194294,393.01,19.79,.050888,19.754775
1785793724,deepseek-v2:lite,32.0,10928,1022262,383.33,19.38,.052173,26.467196
1785793751,deepseek-v2:lite,32.0,10943,1916757,362.58,19.77,.055159,20.585837
1785793772,deepseek-v2:lite,32.0,10950,799541,432.52,19.40,.046239,20.556715
1785793793,deepseek-v2:lite,32.0,10939,683502,377.11,20.13,.053033,20.309443
1785793814,deepseek-v2:lite,32.0,10942,800000,418.51,19.44,.047787,25.872128
1785793840,deepseek-v2:lite,32.0,10941,800000,401.06,19.98,.049867,16.209025
1785793856,deepseek-v2:lite,32.0,10941,800000,375.61,19.54,.053246,24.301192
1785793881,deepseek-v2:lite,32.0,10949,936906,408.53,20.04,.048955,14.969023
1785793896,deepseek-v2:lite,31.0,10946,1295187,390.60,19.57,.051202,19.413325
1785793916,deepseek-v2:lite,31.0,10947,2002107,367.74,19.63,.054384,24.297240
1785793941,deepseek-v2:lite,32.0,10945,800000,378.03,19.71,.052904,22.012513
1785793963,deepseek-v2:lite,32.0,10950,1072047,385.21,19.52,.051919,30.114669
1785793994,deepseek-v2:lite,32.0,10943,800000,383.81,19.26,.052107,29.636676
1785794024,deepseek-v2:lite,32.0,10943,2100000,401.13,19.55,.049858,22.904091
1785794047,deepseek-v2:lite,30.0,10934,1088932,399.31,19.72,.050085,17.794009
1785794065,deepseek-v2:lite,32.0,10945,1373561,371.97,19.32,.053767,21.065455
1785794087,deepseek-v2:lite,31.0,10937,800000,394.18,19.21,.050737,26.591535
1785794114,deepseek-v2:lite,32.0,10942,1133634,415.27,19.43,.048160,24.133462
1785794138,deepseek-v2:lite,32.0,10944,800000,353.57,19.73,.056564,23.261930
1785794162,deepseek-v2:lite,31.0,10944,1007055,383.41,19.92,.052162,18.669995
1785794181,deepseek-v2:lite,32.0,10938,660586,383.78,19.18,.052112,24.606448
1785794206,deepseek-v2:lite,32.0,10961,800000,358.61,19.50,.055770,22.407439
1785794229,deepseek-v2:lite,32.0,10950,800000,452.61,20.06,.044187,17.394963
1785794246,deepseek-v2:lite,32.0,10948,801188,382.14,19.96,.052336,15.875632
1785794262,deepseek-v2:lite,32.0,10946,799560,395.92,19.59,.050514,20.056660
1785794283,deepseek-v2:lite,31.0,10949,1382733,369.08,19.52,.054188,28.113340
1785794311,deepseek-v2:lite,32.0,10950,800640,402.09,20.11,.049739,18.392810
1785794330,deepseek-v2:lite,32.0,10961,800000,362.67,19.54,.055145,25.218754
1785794356,deepseek-v2:lite,32.0,10954,1722146,365.13,19.33,.054774,26.996941
1785794383,deepseek-v2:lite,32.0,10946,1666995,401.94,19.53,.049758,21.906830
1785794405,deepseek-v2:lite,32.0,10951,1525868,385.16,19.45,.051925,20.504905
1785794426,deepseek-v2:lite,32.0,10949,800000,404.53,19.84,.049439,17.027891
1785794444,deepseek-v2:lite,32.0,10934,1100000,415.31,19.67,.048156,21.801882
1785794466,deepseek-v2:lite,32.0,10948,1210238,414.23,20.32,.048281,19.432202
1785794486,deepseek-v2:lite,33.0,10932,798591,385.52,19.73,.051877,23.404844
1785794509,deepseek-v2:lite,31.0,10942,800000,379.03,19.52,.052765,22.329115
1785794532,deepseek-v2:lite,31.0,10949,1383054,421.35,19.06,.047465,28.903564
1785794561,deepseek-v2:lite,32.0,10938,976367,387.98,19.53,.051548,27.534312
1785794589,deepseek-v2:lite,32.0,10943,800000,390.39,19.56,.051230,26.737294
1785794617,deepseek-v2:lite,32.0,10923,800000,383.62,19.93,.052134,21.317180
1785794638,deepseek-v2:lite,32.0,10942,800587,375.35,20.22,.053282,17.996009
1785794657,deepseek-v2:lite,31.0,10930,801305,373.24,19.79,.053584,19.295566
1785794676,deepseek-v2:lite,32.0,10941,2104729,410.53,19.85,.048716,16.264917
1785794693,deepseek-v2:lite,31.0,10944,800000,377.28,19.49,.053010,22.108146
1785794715,deepseek-v2:lite,32.0,10933,998855,382.58,19.13,.052275,28.226284
1785794744,deepseek-v2:lite,32.0,10938,800000,383.85,19.52,.052102,25.861575
1785794770,deepseek-v2:lite,32.0,10945,800000,380.56,18.82,.052553,33.089373
1785794804,deepseek-v2:lite,29.0,10948,1001064,369.36,19.83,.054147,15.933079
1785794820,deepseek-v2:lite,29.0,10947,930430,411.22,19.82,.048634,21.341717
1785794842,deepseek-v2:lite,31.0,10942,1149313,400.07,19.90,.049990,19.393703
1785794861,deepseek-v2:lite,32.0,10952,800000,412.48,19.70,.048486,23.799443
1785794886,deepseek-v2:lite,32.0,10948,800432,413.12,19.67,.048411,20.634689
1785794907,deepseek-v2:lite,32.0,10959,851603,407.71,19.64,.049053,22.655416
1785794930,deepseek-v2:lite,32.0,10952,800000,381.86,19.75,.052375,22.075424
1785794952,deepseek-v2:lite,32.0,10948,800652,414.41,19.74,.048260,18.841271
1785794971,deepseek-v2:lite,32.0,10934,800000,401.53,19.81,.049808,14.988701
1785794987,deepseek-v2:lite,32.0,10939,800000,400.72,19.82,.049909,17.556133
1785795005,deepseek-v2:lite,32.0,10949,1505294,391.10,19.40,.051137,27.051892
1785795032,deepseek-v2:lite,32.0,10950,800000,406.24,19.67,.049231,16.768333
1785795049,deepseek-v2:lite,32.0,10935,2097763,366.61,19.91,.054552,19.430148
1785795069,deepseek-v2:lite,32.0,10943,799078,376.75,19.36,.053084,30.877717
1785795100,deepseek-v2:lite,32.0,10944,801539,403.00,19.48,.049627,25.974566
1785795127,deepseek-v2:lite,32.0,10938,800000,485.15,19.30,.041224,25.336579
1785795152,deepseek-v2:lite,32.0,10952,799633,427.00,19.41,.046837,21.627319
1785795174,deepseek-v2:lite,31.0,10947,1770639,399.11,19.97,.050111,17.869763
1785795192,deepseek-v2:lite,32.0,10948,800000,380.45,19.33,.052569,26.580532
1785795219,deepseek-v2:lite,32.0,10941,800000,422.58,19.61,.047327,22.691836
1785795243,deepseek-v2:lite,32.0,10941,1466603,399.20,19.65,.050099,21.321494
1785795264,deepseek-v2:lite,32.0,10951,800000,403.28,20.18,.049592,14.861061
1785795279,deepseek-v2:lite,32.0,10946,1089790,416.77,19.29,.047987,30.939983
1785795311,deepseek-v2:lite,32.0,10946,1710537,395.80,19.29,.050529,26.748639
1785795338,deepseek-v2:lite,32.0,10950,800000,418.69,19.71,.047767,22.926889
1785795361,deepseek-v2:lite,31.0,10955,2100000,372.14,19.42,.053742,22.752695
1785795384,deepseek-v2:lite,32.0,10955,936326,379.93,19.37,.052640,23.324798
1785795408,deepseek-v2:lite,32.0,10952,797817,410.24,19.57,.048751,22.631357
1785795431,deepseek-v2:lite,29.0,10954,799554,378.90,19.93,.052783,16.503367
1785795448,deepseek-v2:lite,32.0,10941,800000,378.16,19.44,.052887,27.923579
1785795476,deepseek-v2:lite,32.0,10954,883917,416.64,19.79,.048001,20.660956
1785795497,deepseek-v2:lite,32.0,10951,799101,390.33,20.28,.051238,21.694398
1785795519,deepseek-v2:lite,32.0,10944,799228,491.02,20.50,.040730,19.844859
1785795540,deepseek-v2:lite,33.0,10953,800000,362.85,19.99,.055118,17.304734
1785795557,deepseek-v2:lite,32.0,10938,800000,381.36,20.15,.052443,15.477798
1785795573,deepseek-v2:lite,29.0,10947,1027568,401.63,20.59,.049795,5.777370
1785795579,deepseek-v2:lite,32.0,10944,1755284,383.76,19.39,.052115,22.942110
1785795602,deepseek-v2:lite,31.0,10937,1469797,411.69,19.90,.048579,16.072644
1785795619,deepseek-v2:lite,32.0,10938,1100000,410.63,19.49,.048704,24.723295
1785795644,deepseek-v2:lite,31.0,10942,800000,375.23,19.50,.053299,26.245322
1785795671,deepseek-v2:lite,32.0,10941,800000,373.83,19.34,.053499,22.326466
1785795693,deepseek-v2:lite,32.0,10946,939030,396.84,19.62,.050397,23.693763
1785795717,deepseek-v2:lite,32.0,10940,1126469,410.71,19.55,.048695,20.707117
1785795738,deepseek-v2:lite,29.0,10947,1500000,370.73,19.15,.053947,28.399001
1785795767,deepseek-v2:lite,29.0,10951,2076146,366.04,19.80,.054637,17.923812
1785795786,deepseek-v2:lite,32.0,10941,802461,406.76,19.90,.049168,14.018303
1785795800,deepseek-v2:lite,32.0,10950,799604,378.98,19.66,.052772,22.478920
1785795823,deepseek-v2:lite,32.0,10947,800000,372.31,19.76,.053717,23.633260
1785795847,deepseek-v2:lite,32.0,10939,799959,434.00,19.20,.046082,29.734756
1785795877,deepseek-v2:lite,29.0,10950,800000,414.21,19.68,.048283,19.155502
1785795896,deepseek-v2:lite,32.0,10954,799407,381.22,19.37,.052461,24.623431
1785795921,deepseek-v2:lite,32.0,10941,801118,353.62,19.53,.056556,24.977721
1785795947,deepseek-v2:lite,32.0,10950,1399326,384.82,19.85,.051971,18.534717
1785795966,deepseek-v2:lite,32.0,10954,800000,376.76,19.57,.053083,20.592356
1785795987,deepseek-v2:lite,32.0,10941,978032,399.04,19.51,.050119,23.620668
1785796011,deepseek-v2:lite,32.0,10950,1097471,380.55,19.43,.052554,34.012767
1785796045,deepseek-v2:lite,32.0,10951,800000,390.71,19.88,.051188,15.738518
1785796061,deepseek-v2:lite,32.0,10943,800000,387.50,18.83,.051612,38.066507
1785796100,deepseek-v2:lite,32.0,10936,799064,384.83,19.73,.051970,28.632268
1785796129,deepseek-v2:lite,31.0,10941,800000,415.26,19.68,.048161,19.403234
1785796149,deepseek-v2:lite,32.0,10938,800000,408.13,19.42,.049002,26.202987
1785796175,deepseek-v2:lite,32.0,10949,1000771,381.09,19.58,.052481,22.623491
1785796198,deepseek-v2:lite,32.0,10946,1801268,361.71,19.63,.055292,19.153719
1785796218,deepseek-v2:lite,32.0,10935,960709,414.03,19.41,.048305,25.438298
1785796243,deepseek-v2:lite,32.0,10938,800000,467.05,19.61,.042821,24.628553
1785796268,deepseek-v2:lite,32.0,10948,800000,479.27,19.48,.041729,25.605564
1785796294,deepseek-v2:lite,32.0,10941,684373,389.57,19.63,.051338,20.724979
1785796316,deepseek-v2:lite,32.0,10938,1613735,394.29,19.52,.050722,25.142848
1785796341,deepseek-v2:lite,31.0,10930,678396,468.00,19.28,.042734,25.306858
1785796367,deepseek-v2:lite,31.0,10935,799575,461.75,19.63,.043313,19.807940
1785796387,deepseek-v2:lite,31.0,10933,976181,385.08,19.26,.051935,26.887617
1785796414,deepseek-v2:lite,32.0,10948,1242835,392.65,19.76,.050934,15.788709
1785796430,deepseek-v2:lite,31.0,10942,800000,430.04,19.37,.046506,25.955705
1785796457,deepseek-v2:lite,31.0,10943,1005892,438.19,19.48,.045642,23.346431
1785796480,deepseek-v2:lite,32.0,10932,1757506,475.70,19.59,.042043,19.542697
1785796500,deepseek-v2:lite,32.0,10930,1968683,387.52,19.43,.051609,30.725421
1785796532,deepseek-v2:lite,32.0,10940,797663,400.42,19.78,.049946,21.634611
1785796554,deepseek-v2:lite,32.0,10943,1900000,393.65,19.78,.050806,22.546459
1785796576,deepseek-v2:lite,32.0,10949,800000,411.01,20.03,.048659,17.265942
1785796594,deepseek-v2:lite,31.0,10944,800000,382.79,20.15,.052247,18.502791
1785796613,deepseek-v2:lite,32.0,10951,1592032,508.41,19.78,.039337,17.083189
1785796630,deepseek-v2:lite,31.0,10941,800000,383.05,19.80,.052211,19.940689
1785796651,deepseek-v2:lite,32.0,10950,800000,417.41,20.01,.047914,21.234936
1785796672,deepseek-v2:lite,32.0,10956,1100000,479.77,20.33,.041685,17.260790
1785796690,deepseek-v2:lite,32.0,10944,800988,376.78,20.02,.053080,15.876433
1785796706,deepseek-v2:lite,31.0,10951,802857,405.91,19.56,.049270,22.947362
1785796729,deepseek-v2:lite,32.0,10939,923961,417.06,19.81,.047954,20.494004
1785796750,deepseek-v2:lite,32.0,10943,800405,397.44,19.49,.050321,17.951931
1785796769,deepseek-v2:lite,32.0,10937,1000000,406.14,19.65,.049243,21.470292
1785796790,deepseek-v2:lite,32.0,10938,800000,397.27,18.89,.050343,39.001194
1785796830,deepseek-v2:lite,32.0,10938,1002954,384.11,20.70,.052068,6.231565
1785796836,deepseek-v2:lite,32.0,10942,2100000,406.67,19.47,.049179,19.359145
1785796856,deepseek-v2:lite,32.0,10949,2097033,413.05,18.99,.048420,32.796669
1785796889,deepseek-v2:lite,32.0,10940,800000,377.04,19.52,.053044,20.176080
1785796910,deepseek-v2:lite,32.0,10940,1405223,382.77,19.37,.052250,24.046531
1785796934,deepseek-v2:lite,29.0,10938,800000,385.73,19.81,.051848,19.428316
1785796954,deepseek-v2:lite,32.0,10941,1098595,379.79,19.51,.052659,27.920944
1785796982,deepseek-v2:lite,32.0,10944,1626831,386.74,18.94,.051714,33.940629
1785797017,deepseek-v2:lite,32.0,10945,800000,377.72,19.69,.052948,20.153134
1785797037,deepseek-v2:lite,32.0,10936,801156,371.86,19.38,.053782,28.985121
1785797067,deepseek-v2:lite,32.0,10942,1188734,476.00,19.62,.042015,31.590508
1785797099,deepseek-v2:lite,32.0,10944,1510650,402.50,20.63,.049689,16.867879
1785797116,deepseek-v2:lite,33.0,10936,800000,410.52,20.69,.048717,14.445483
1785797131,deepseek-v2:lite,32.0,10945,800926,402.95,20.19,.049633,18.470668
1785797150,deepseek-v2:lite,32.0,10941,803646,475.74,20.04,.042039,17.762209
1785797168,deepseek-v2:lite,32.0,10945,801538,375.77,19.80,.053223,16.658917
1785797185,deepseek-v2:lite,32.0,10944,800000,475.50,19.56,.042060,21.055387
1785797206,deepseek-v2:lite,32.0,10952,800000,384.58,19.73,.052004,19.355494
1785797226,deepseek-v2:lite,32.0,10942,800000,401.11,19.31,.049861,29.563730
1785797256,deepseek-v2:lite,33.0,10942,800000,504.01,19.62,.039681,20.790912
1785797277,deepseek-v2:lite,31.0,10937,974857,402.74,19.52,.049659,23.718782
1785797301,deepseek-v2:lite,32.0,10945,800000,387.86,19.27,.051564,28.061724
1785797330,deepseek-v2:lite,32.0,10952,1595530,392.65,19.51,.050934,24.641670
1785797355,deepseek-v2:lite,31.0,10944,1000000,378.69,19.33,.052812,23.992167
1785797379,deepseek-v2:lite,31.0,10945,800000,384.54,19.32,.052008,24.682324
1785797404,deepseek-v2:lite,32.0,10940,1504587,413.05,19.42,.048419,24.663768
1785797429,deepseek-v2:lite,32.0,10947,2102222,356.07,19.83,.056167,21.330384
1785797451,deepseek-v2:lite,32.0,10951,799727,412.48,19.93,.048486,19.161800
1785797470,deepseek-v2:lite,32.0,10949,800000,375.11,19.52,.053316,25.708057
1785797496,deepseek-v2:lite,32.0,10945,1381500,409.51,19.60,.048838,29.489629
1785797526,deepseek-v2:lite,32.0,10936,800000,368.91,19.59,.054212,24.542567
1785797551,deepseek-v2:lite,29.0,10942,800000,380.65,19.20,.052541,29.524623
1785797581,deepseek-v2:lite,32.0,10940,800000,409.87,19.89,.048795,15.879496
1785797597,deepseek-v2:lite,32.0,10949,1500000,375.24,20.03,.053298,14.674118
1785797612,deepseek-v2:lite,32.0,10948,1190453,497.04,19.76,.040237,19.532032
1785797632,deepseek-v2:lite,32.0,10932,800000,383.33,19.68,.052173,25.609739
1785797658,deepseek-v2:lite,31.0,10945,800000,439.27,19.38,.045530,29.659177
1785797688,deepseek-v2:lite,32.0,10946,801353,370.96,19.81,.053914,21.596332
1785797710,deepseek-v2:lite,32.0,10947,1589819,375.94,19.96,.053199,18.486966
1785797729,deepseek-v2:lite,32.0,10936,798765,371.85,19.46,.053783,25.744746
1785797755,deepseek-v2:lite,31.0,10948,1355973,408.93,19.68,.048907,19.710307
1785797775,deepseek-v2:lite,32.0,10950,800000,370.78,19.65,.053939,22.187687
1785797798,deepseek-v2:lite,32.0,10950,862352,374.80,19.68,.053360,18.133290
1785797816,deepseek-v2:lite,32.0,10945,799698,357.87,19.33,.055884,26.225269
1785797843,deepseek-v2:lite,32.0,10944,2100000,413.99,20.02,.048309,16.177986
1785797860,deepseek-v2:lite,32.0,10945,800000,403.50,19.74,.049565,20.818573
1785797881,deepseek-v2:lite,29.0,10934,1198513,371.47,19.40,.053838,27.112424
1785797908,deepseek-v2:lite,29.0,10944,1100315,402.41,19.65,.049699,21.617794
1785797930,deepseek-v2:lite,32.0,10950,1969047,384.93,19.84,.051957,15.268928
1785797946,deepseek-v2:lite,32.0,10947,800000,371.06,19.66,.053898,22.835375
1785797969,deepseek-v2:lite,31.0,10945,824135,397.44,19.65,.050321,16.380074
1785797986,deepseek-v2:lite,32.0,10946,1000000,385.20,20.43,.051920,14.781362
1785798001,deepseek-v2:lite,32.0,10934,800008,361.53,19.33,.055320,28.449198
1785798030,deepseek-v2:lite,32.0,10968,1200000,360.57,19.47,.055467,25.317037
1785798055,deepseek-v2:lite,31.0,10940,800000,401.10,19.26,.049862,27.868877
1785798084,deepseek-v2:lite,32.0,10950,799330,399.80,19.18,.050023,24.187613
1785798108,deepseek-v2:lite,32.0,10950,800000,380.75,19.21,.052527,32.625635
1785798141,deepseek-v2:lite,29.0,10945,800000,427.38,19.41,.046795,24.935255
1785798167,deepseek-v2:lite,32.0,10945,1200000,491.56,12.51,.040686,436.740214
1785798605,deepseek-v2:lite,29.0,10921,686545,52.52,19.59,.380779,21.847255
1785798628,deepseek-v2:lite,33.0,10933,1589953,401.18,19.31,.049852,25.943816
1785798654,deepseek-v2:lite,32.0,10927,998119,377.31,19.51,.053006,27.051933
1785798681,deepseek-v2:lite,32.0,10934,824081,367.69,19.46,.054392,24.044643
1785798706,deepseek-v2:lite,32.0,10934,795567,377.54,19.50,.052974,23.794380
1785798730,deepseek-v2:lite,32.0,10930,800000,427.02,19.74,.046835,17.725742
1785798748,deepseek-v2:lite,32.0,10935,800000,407.19,19.49,.049116,22.618409
1785798771,deepseek-v2:lite,32.0,10943,801793,376.19,19.66,.053163,17.240142
1785798789,deepseek-v2:lite,32.0,10945,877260,379.22,19.35,.052739,22.268767
1785798811,deepseek-v2:lite,31.0,10932,1000000,404.56,19.37,.049435,21.468222
1785798833,deepseek-v2:lite,32.0,10935,800000,377.12,20.03,.053033,17.119209
1785798851,deepseek-v2:lite,32.0,10920,797497,378.09,20.00,.052897,22.846637
1785798874,deepseek-v2:lite,32.0,10925,800016,388.75,19.49,.051446,30.925149
1785798905,deepseek-v2:lite,32.0,10938,800693,370.82,20.11,.053933,16.011572
1785798922,deepseek-v2:lite,32.0,10931,800000,364.41,19.69,.054881,21.677867
1785798944,deepseek-v2:lite,32.0,10936,802564,371.33,19.30,.053859,29.584785
1785798974,deepseek-v2:lite,32.0,10935,800000,406.64,19.89,.049183,17.135816
1785798991,deepseek-v2:lite,32.0,10938,800000,354.84,20.18,.056362,19.070082
1785799011,deepseek-v2:lite,32.0,10951,799631,412.81,19.95,.048448,16.334420
1785799027,deepseek-v2:lite,32.0,10943,636230,412.55,19.74,.048477,20.764649
1785799048,deepseek-v2:lite,32.0,10949,798784,403.49,19.38,.049566,28.327523
1785799077,deepseek-v2:lite,32.0,10951,800000,380.00,20.05,.052631,16.600239
1785799094,deepseek-v2:lite,32.0,10948,828215,383.93,19.39,.052092,21.660329
1785799116,deepseek-v2:lite,32.0,10956,800000,429.77,19.87,.046535,17.964381
1785799134,deepseek-v2:lite,32.0,10959,800000,384.20,19.40,.052055,22.050756
1785799157,deepseek-v2:lite,32.0,10940,799100,408.75,19.87,.048929,16.959210
1785799174,deepseek-v2:lite,32.0,10937,800000,396.02,20.68,.050501,5.656756
1785799180,deepseek-v2:lite,32.0,10938,1617874,388.20,19.39,.051518,23.404709
1785799204,deepseek-v2:lite,32.0,10945,1079329,408.07,19.49,.049010,23.291725
1785799228,deepseek-v2:lite,32.0,10945,798074,469.24,19.66,.042621,21.157434
1785799249,deepseek-v2:lite,32.0,10950,800000,370.16,19.49,.054030,25.493158
1785799275,deepseek-v2:lite,32.0,10961,800000,432.91,19.42,.046198,24.868475
1785799300,deepseek-v2:lite,32.0,10951,1493709,447.04,19.30,.044738,27.717983
1785799328,deepseek-v2:lite,33.0,10942,783993,395.60,20.07,.050555,17.630966
1785799346,deepseek-v2:lite,32.0,10950,800000,368.26,19.77,.054308,21.698011
1785799368,deepseek-v2:lite,32.0,10947,800000,388.90,18.88,.051427,32.194038
1785799401,deepseek-v2:lite,32.0,10942,800000,409.00,19.65,.048898,19.540948
1785799421,deepseek-v2:lite,32.0,10952,800000,379.31,19.57,.052726,20.486882
1785799442,deepseek-v2:lite,32.0,10950,799645,381.56,19.41,.052415,22.924036
1785799465,deepseek-v2:lite,29.0,10956,904483,410.61,19.65,.048708,22.690207
1785799488,deepseek-v2:lite,32.0,10954,797026,393.74,19.54,.050794,23.588964
1785799512,deepseek-v2:lite,32.0,10947,800000,407.71,19.47,.049053,22.383013
1785799535,deepseek-v2:lite,33.0,10948,800000,386.80,19.42,.051705,25.788256
1785799561,deepseek-v2:lite,31.0,10948,798632,406.15,19.74,.049241,16.868096
1785799578,deepseek-v2:lite,32.0,10945,798976,385.24,19.39,.051914,24.442906
1785799603,deepseek-v2:lite,29.0,10942,763009,361.59,18.91,.055310,32.774812
1785799636,deepseek-v2:lite,32.0,10948,800363,380.87,19.76,.052510,17.104255
1785799654,deepseek-v2:lite,32.0,10946,809259,398.59,19.19,.050175,26.523317
1785799681,deepseek-v2:lite,33.0,10946,800000,380.81,19.66,.052519,26.030639
1785799707,deepseek-v2:lite,32.0,10960,1132042,433.28,20.00,.046159,13.795726
1785799721,deepseek-v2:lite,32.0,10949,800000,387.79,19.59,.051573,20.771738
1785799742,deepseek-v2:lite,32.0,10956,800000,395.33,19.66,.050590,19.472247
1785799762,deepseek-v2:lite,32.0,10939,798791,380.64,19.49,.052542,24.833149
1785799787,deepseek-v2:lite,32.0,10934,689771,369.71,19.95,.054095,20.349640
1785799808,deepseek-v2:lite,32.0,10942,800000,426.15,19.59,.046930,26.435545
1785799835,deepseek-v2:lite,32.0,10945,800000,415.12,20.11,.048178,18.390140
1785799854,deepseek-v2:lite,32.0,10950,801111,401.31,19.82,.049835,23.762346
1785799878,deepseek-v2:lite,32.0,10941,800848,428.48,19.85,.046675,20.547132
1785799899,deepseek-v2:lite,32.0,10943,798744,376.33,19.55,.053144,21.892467
1785799921,deepseek-v2:lite,32.0,10945,1471195,367.65,19.13,.054398,29.781974
1785799951,deepseek-v2:lite,32.0,10936,800920,366.95,19.53,.054503,22.365766
1785799974,deepseek-v2:lite,33.0,10939,800000,371.82,19.65,.053788,26.309783
1785800001,deepseek-v2:lite,32.0,10936,887704,437.16,19.31,.045749,22.628046
1785800024,deepseek-v2:lite,32.0,10948,799524,375.43,19.81,.053271,22.808939
1785800047,deepseek-v2:lite,32.0,10944,800000,410.78,19.74,.048686,23.754629
1785800071,deepseek-v2:lite,32.0,10949,1030241,390.30,19.64,.051242,20.259309
1785800092,deepseek-v2:lite,32.0,10956,1404320,362.57,19.62,.055160,20.330639
1785800112,deepseek-v2:lite,32.0,10949,921678,427.42,19.90,.046791,18.483668
1785800131,deepseek-v2:lite,32.0,10943,1100000,405.69,20.21,.049297,16.427229
1785800148,deepseek-v2:lite,32.0,10956,1255605,375.40,19.76,.053276,19.787054
1785800168,deepseek-v2:lite,33.0,10953,2100000,366.56,19.71,.054560,21.758437
1785800190,deepseek-v2:lite,32.0,10953,1199325,376.65,20.05,.053098,18.499960
1785800209,deepseek-v2:lite,32.0,10950,799990,413.60,19.42,.048355,30.576091
1785800240,deepseek-v2:lite,32.0,10953,800000,413.89,19.75,.048321,21.769788
1785800262,deepseek-v2:lite,32.0,10950,1527297,420.55,19.60,.047556,23.560560
1785800286,deepseek-v2:lite,32.0,10956,1319293,388.06,19.81,.051537,16.855715
1785800303,deepseek-v2:lite,32.0,10937,800000,374.45,19.87,.053410,17.005193
1785800321,deepseek-v2:lite,31.0,10937,728924,382.57,19.63,.052277,22.261576
1785800343,deepseek-v2:lite,29.0,10942,800000,384.91,19.01,.051959,35.555807
1785800379,deepseek-v2:lite,32.0,10948,800000,395.36,19.93,.050586,16.652965
1785800396,deepseek-v2:lite,32.0,10948,800000,405.34,19.60,.049340,22.244177
1785800419,deepseek-v2:lite,31.0,10947,801049,362.29,19.23,.055203,28.860594
1785800448,deepseek-v2:lite,29.0,10937,612274,384.55,19.92,.052007,19.021135
1785800468,deepseek-v2:lite,32.0,10946,800000,382.36,19.38,.052305,26.779061
1785800495,deepseek-v2:lite,32.0,10948,800000,394.18,19.55,.050738,22.146676
1785800517,deepseek-v2:lite,32.0,10953,801017,439.56,19.41,.045499,28.167515
1785800546,deepseek-v2:lite,32.0,10945,1718918,415.80,19.84,.048099,19.706999
1785800566,deepseek-v2:lite,31.0,10947,800566,407.27,19.64,.049107,22.750451
1785800589,deepseek-v2:lite,32.0,10949,912226,422.47,19.90,.047340,19.346615
1785800609,deepseek-v2:lite,32.0,10950,1000000,357.46,19.70,.055949,24.814954
1785800634,deepseek-v2:lite,32.0,10957,797288,386.92,19.15,.051689,28.915624
1785800663,deepseek-v2:lite,32.0,10948,1003438,415.14,19.49,.048176,30.206382
1785800694,deepseek-v2:lite,32.0,10953,802144,388.41,19.47,.051491,25.308734
1785800720,deepseek-v2:lite,30.0,10940,800000,394.86,18.98,.050650,32.442966
1785800752,deepseek-v2:lite,32.0,10944,800000,420.87,20.14,.047520,16.332670
1785800769,deepseek-v2:lite,32.0,10944,906666,374.90,20.04,.053347,18.853488
1785800788,deepseek-v2:lite,31.0,10944,1507926,401.85,19.68,.049769,16.811753
1785800806,deepseek-v2:lite,32.0,10945,801122,397.75,19.77,.050282,21.389707
1785800827,deepseek-v2:lite,33.0,10948,800000,369.12,19.52,.054181,25.920557
1785800854,deepseek-v2:lite,32.0,10949,800008,382.21,19.54,.052326,27.377190
1785800881,deepseek-v2:lite,32.0,10960,800000,475.30,19.29,.042078,29.121195
1785800911,deepseek-v2:lite,32.0,10960,801296,415.56,19.58,.048127,26.092898
1785800937,deepseek-v2:lite,32.0,10953,800000,396.90,19.42,.050390,21.310355
1785800959,deepseek-v2:lite,31.0,10948,799121,394.49,19.37,.050697,25.864183
1785800985,deepseek-v2:lite,29.0,10952,800000,493.36,19.56,.040538,22.025537
1785801008,deepseek-v2:lite,32.0,10951,729750,376.79,19.59,.053079,19.702855
1785801028,deepseek-v2:lite,32.0,10938,800000,387.47,19.23,.051616,26.512432
1785801055,deepseek-v2:lite,32.0,10940,801201,401.05,19.43,.049868,24.438053
1785801080,deepseek-v2:lite,32.0,10938,1417833,402.95,19.23,.049633,30.160880
1785801110,deepseek-v2:lite,32.0,10944,1586845,383.01,19.83,.052217,18.855646
1785801129,deepseek-v2:lite,32.0,10947,800975,388.72,19.31,.051450,27.021973
1785801157,deepseek-v2:lite,32.0,10940,800000,378.12,19.78,.052893,21.178301
1785801178,deepseek-v2:lite,32.0,10940,801265,480.50,19.08,.041623,30.498532
1785801209,deepseek-v2:lite,32.0,10951,1828705,407.84,19.24,.049038,27.173054
1785801237,deepseek-v2:lite,32.0,10938,2102648,400.43,19.40,.049945,25.613752
1785801263,deepseek-v2:lite,31.0,10935,953532,405.76,20.45,.049289,8.456807
1785801271,deepseek-v2:lite,32.0,10936,801413,408.54,19.42,.048953,23.478479
1785801295,deepseek-v2:lite,29.0,10946,1249265,356.90,19.47,.056037,26.798002
1785801323,deepseek-v2:lite,32.0,10932,800000,385.28,19.34,.051909,23.675717
1785801347,deepseek-v2:lite,32.0,10937,759388,383.09,19.42,.052205,25.477242
1785801373,deepseek-v2:lite,32.0,10940,799160,411.51,19.48,.048600,20.733787
1785801394,deepseek-v2:lite,32.0,10935,838824,358.70,19.54,.055756,16.375767
1785801410,deepseek-v2:lite,32.0,10947,800000,361.55,20.08,.055315,11.949156
1785801423,deepseek-v2:lite,32.0,10944,800000,376.64,20.12,.053100,17.093855
1785801440,deepseek-v2:lite,32.0,10927,800000,418.33,19.59,.047809,30.368913
1785801471,deepseek-v2:lite,32.0,10933,800000,350.79,19.86,.057012,18.622071
1785801490,deepseek-v2:lite,29.0,10934,800000,376.42,19.84,.053130,19.145138
1785801509,deepseek-v2:lite,32.0,10944,922896,399.08,19.55,.050114,23.984908
1785801534,deepseek-v2:lite,32.0,10947,1294395,379.44,19.60,.052708,22.240711
1785801556,deepseek-v2:lite,32.0,10929,802535,385.47,19.17,.051883,31.818466
1785801589,deepseek-v2:lite,32.0,10942,1101953,387.37,20.60,.051629,4.852486
1785801594,deepseek-v2:lite,32.0,10946,800000,402.54,19.68,.049683,26.213902
1785801620,deepseek-v2:lite,32.0,10936,800944,464.51,19.80,.043055,19.744576
1785801640,deepseek-v2:lite,32.0,10930,800000,380.26,18.99,.052595,32.954258
1785801674,deepseek-v2:lite,32.0,10942,1596946,386.05,19.54,.051806,25.433588
1785801700,deepseek-v2:lite,29.0,10940,800165,433.26,19.10,.046161,28.004252
1785801728,deepseek-v2:lite,32.0,10942,800354,409.97,19.80,.048783,22.011187
1785801750,deepseek-v2:lite,32.0,10943,800000,387.35,19.48,.051632,23.041945
1785801774,deepseek-v2:lite,32.0,10943,950846,392.98,20.02,.050892,16.479203
1785801791,deepseek-v2:lite,32.0,10946,798784,402.88,19.34,.049641,24.505362
1785801816,deepseek-v2:lite,32.0,10937,1863498,387.67,19.60,.051589,20.711539
1785801837,deepseek-v2:lite,32.0,10939,799686,384.36,19.77,.052034,19.163269
1785801856,deepseek-v2:lite,32.0,10939,1163998,373.85,19.89,.053496,19.751366
1785801876,deepseek-v2:lite,32.0,10945,800000,384.25,19.62,.052049,19.463926
1785801896,deepseek-v2:lite,32.0,10931,800000,416.98,19.34,.047963,32.568500
1785801929,deepseek-v2:lite,32.0,10930,798113,403.13,19.79,.049610,25.560608
1785801955,deepseek-v2:lite,32.0,10940,800014,435.32,19.49,.045942,26.005662
1785801982,deepseek-v2:lite,32.0,10939,1265096,377.69,19.37,.052952,27.354831
1785802009,deepseek-v2:lite,32.0,10933,800513,385.48,19.98,.051882,14.507274
1785802024,deepseek-v2:lite,32.0,10929,801403,390.70,19.53,.051189,19.449095
1785802044,deepseek-v2:lite,32.0,10931,1598308,387.05,19.53,.051672,21.350758
1785802066,deepseek-v2:lite,32.0,10940,799308,377.09,20.39,.053036,16.673929
1785802083,deepseek-v2:lite,32.0,10944,798926,378.11,19.91,.052894,21.994827
1785802105,deepseek-v2:lite,32.0,10942,1900000,402.15,19.95,.049732,22.505071
1785802128,deepseek-v2:lite,32.0,10941,800000,413.52,19.22,.048364,31.524785
1785802160,deepseek-v2:lite,31.0,10943,800000,382.20,19.79,.052327,20.659773
1785802181,deepseek-v2:lite,32.0,10941,800894,380.81,19.57,.052518,22.377420
1785802204,deepseek-v2:lite,32.0,10945,800000,404.10,19.58,.049492,21.497311
1785802226,deepseek-v2:lite,32.0,10950,800000,392.17,19.98,.050997,15.559179
1785802241,deepseek-v2:lite,32.0,10938,1100000,378.60,19.51,.052825,24.442293
1785802266,deepseek-v2:lite,32.0,10947,1900000,379.38,19.50,.052716,23.735069
1785802290,deepseek-v2:lite,32.0,10934,800000,381.26,19.36,.052457,22.560673
1785802313,deepseek-v2:lite,32.0,10939,800000,405.92,20.82,.049270,17.141546
1785802331,deepseek-v2:lite,32.0,10944,1469933,413.56,20.18,.048359,19.717027
1785802351,deepseek-v2:lite,32.0,10944,800000,405.84,19.40,.049280,25.916414
1785802377,deepseek-v2:lite,32.0,10947,799906,370.71,19.48,.053949,24.220061
1785802402,deepseek-v2:lite,32.0,10945,797292,397.62,19.99,.050298,22.454553
1785802425,deepseek-v2:lite,32.0,10949,800000,413.17,20.01,.048405,19.836525
1785802445,deepseek-v2:lite,32.0,10948,800000,495.38,19.76,.040372,23.374134
1785802469,deepseek-v2:lite,32.0,10940,800000,503.82,19.28,.039696,27.851971
1785802497,deepseek-v2:lite,32.0,10940,2090290,408.92,19.00,.048908,29.408203
1785802527,deepseek-v2:lite,32.0,10939,842282,375.83,19.07,.053215,33.398553
1785802560,deepseek-v2:lite,29.0,10938,1415453,378.28,19.31,.052869,29.040224
1785802590,deepseek-v2:lite,29.0,10950,800000,403.28,20.16,.049592,20.975517
1785802611,deepseek-v2:lite,32.0,10947,801358,460.00,19.82,.043478,22.995465
1785802635,deepseek-v2:lite,32.0,10951,799631,428.27,19.94,.046698,16.044853
1785802651,deepseek-v2:lite,29.0,10937,800000,377.20,19.79,.053021,17.987105
1785802669,deepseek-v2:lite,32.0,10937,800000,378.94,19.83,.052777,24.346946
1785802694,deepseek-v2:lite,32.0,10948,924709,438.43,20.21,.045617,20.825350
1785802715,deepseek-v2:lite,32.0,10947,660445,391.37,20.11,.051101,19.384205
1785802735,deepseek-v2:lite,32.0,10954,1000000,383.16,20.49,.052197,12.981305
1785802748,deepseek-v2:lite,32.0,10957,800000,414.64,19.67,.048233,23.487295
1785802772,deepseek-v2:lite,32.0,10952,800278,480.16,20.05,.041652,19.794574
1785802792,deepseek-v2:lite,31.0,10949,1776195,384.36,19.61,.052034,24.109580
1785802817,deepseek-v2:lite,29.0,10943,824372,385.63,19.73,.051863,20.928556
1785802838,deepseek-v2:lite,29.0,10949,1768983,419.13,19.39,.047717,23.046714
1785802862,deepseek-v2:lite,32.0,10944,800000,386.09,19.42,.051800,20.227194
1785802882,deepseek-v2:lite,32.0,10945,2102335,367.87,19.41,.054365,25.389650
1785802908,deepseek-v2:lite,32.0,10945,800185,373.30,19.76,.053575,21.351353
1785802930,deepseek-v2:lite,32.0,10943,800000,386.96,19.57,.051683,32.126893
1785802962,deepseek-v2:lite,32.0,10944,801128,505.22,20.11,.039586,15.508530
1785802978,deepseek-v2:lite,32.0,10938,800000,409.47,20.43,.048842,19.524909
1785802998,deepseek-v2:lite,32.0,10952,1023333,398.52,19.75,.050185,27.685943
1785803026,deepseek-v2:lite,32.0,10948,800000,375.09,19.32,.053319,33.635289
1785803060,deepseek-v2:lite,32.0,10952,800000,471.80,19.95,.042390,22.851819
1785803083,deepseek-v2:lite,31.0,10946,800000,385.51,20.18,.051878,20.258378
1785803104,deepseek-v2:lite,32.0,10953,800000,372.24,20.05,.053728,21.291116
1785803126,deepseek-v2:lite,32.0,10948,800000,377.19,20.12,.053023,19.724430
1785803146,deepseek-v2:lite,32.0,10944,799557,411.43,19.56,.048610,28.922361
1785803175,deepseek-v2:lite,32.0,10948,798915,400.40,19.77,.049949,19.569613
1785803195,deepseek-v2:lite,32.0,10955,643155,474.51,19.37,.042148,29.937575
1785803226,deepseek-v2:lite,32.0,10957,1894472,383.71,19.31,.052121,29.515425
1785803255,deepseek-v2:lite,32.0,10960,799045,445.48,19.95,.044895,18.143494
1785803274,deepseek-v2:lite,32.0,10950,800000,390.30,19.56,.051241,22.898671
1785803297,deepseek-v2:lite,32.0,10952,798684,404.83,19.69,.049402,16.807838
1785803314,deepseek-v2:lite,32.0,10955,800000,402.12,20.20,.049735,15.637222
1785803330,deepseek-v2:lite,32.0,10950,2104150,375.81,19.73,.053217,19.815665
1785803350,deepseek-v2:lite,32.0,10947,800000,400.19,19.35,.049975,23.149038
1785803374,deepseek-v2:lite,32.0,10939,800000,383.41,19.28,.052163,26.905940
1785803401,deepseek-v2:lite,32.0,10950,1563157,391.96,19.43,.051025,26.493572
1785803428,deepseek-v2:lite,31.0,10953,1318043,413.38,19.68,.048381,24.233451
1785803453,deepseek-v2:lite,32.0,10944,890039,418.58,19.57,.047780,19.870833
1785803473,deepseek-v2:lite,31.0,10938,1876715,401.62,19.34,.049797,30.346351
1785803504,deepseek-v2:lite,32.0,10941,1100000,381.22,19.44,.052463,23.301899
1785803527,deepseek-v2:lite,32.0,10941,800657,362.19,19.70,.055218,18.625832
1785803546,deepseek-v2:lite,32.0,10937,2110000,414.77,19.76,.048219,19.729053
1785803567,deepseek-v2:lite,31.0,10942,800000,375.59,19.33,.053249,26.378221
1785803593,deepseek-v2:lite,33.0,10943,1827234,385.32,19.02,.051903,34.328351
1785803628,deepseek-v2:lite,33.0,10948,1779572,395.73,19.91,.050538,19.327365
1785803648,deepseek-v2:lite,29.0,10949,1665432,410.83,19.59,.048680,20.418341
1785803669,deepseek-v2:lite,32.0,10949,1507467,375.89,19.32,.053206,25.866675
1785803695,deepseek-v2:lite,32.0,10958,1171729,386.17,19.55,.051790,25.622711
1785803721,deepseek-v2:lite,29.0,10940,1400000,410.81,19.72,.048684,18.762659
1785803740,deepseek-v2:lite,32.0,10947,799926,374.50,19.31,.053404,26.925189
1785803767,deepseek-v2:lite,32.0,10955,2094531,384.06,19.47,.052074,19.976078
1785803788,deepseek-v2:lite,32.0,10955,901078,369.17,19.92,.054174,14.758986
1785803803,deepseek-v2:lite,32.0,10949,799495,395.92,19.21,.050514,30.229717
1785803833,deepseek-v2:lite,32.0,10951,784712,386.47,19.93,.051749,17.703893
1785803851,deepseek-v2:lite,32.0,10947,800000,428.34,19.23,.046691,27.663326
1785803879,deepseek-v2:lite,29.0,10956,822148,399.01,19.84,.050123,15.969950
1785803896,deepseek-v2:lite,32.0,10957,799615,424.34,19.73,.047131,22.442172
1785803919,deepseek-v2:lite,31.0,10953,800000,416.99,20.21,.047961,11.775357
1785803931,deepseek-v2:lite,32.0,10949,800000,383.22,19.92,.052188,15.209777
1785803946,deepseek-v2:lite,31.0,10956,857371,406.12,19.38,.049246,22.848319
1785803969,deepseek-v2:lite,32.0,10958,849343,433.48,19.68,.046137,25.243167
1785803995,deepseek-v2:lite,32.0,10950,802711,406.45,19.64,.049206,24.026647
1785804019,deepseek-v2:lite,32.0,10941,1000000,385.17,19.46,.051924,22.815758
1785804043,deepseek-v2:lite,32.0,10950,800000,370.49,19.41,.053982,22.718978
1785804066,deepseek-v2:lite,32.0,10960,800000,379.73,19.35,.052668,30.954494
1785804097,deepseek-v2:lite,29.0,10952,905555,423.85,19.86,.047186,25.470084
1785804123,deepseek-v2:lite,32.0,10943,861127,377.44,20.04,.052988,14.515894
1785804138,deepseek-v2:lite,32.0,10947,1107676,386.24,19.46,.051780,22.196249
1785804160,deepseek-v2:lite,32.0,10938,800000,381.86,19.86,.052374,14.949937
1785804176,deepseek-v2:lite,32.0,10948,963282,387.98,19.08,.051548,28.601748
1785804205,deepseek-v2:lite,32.0,10952,800000,380.53,20.10,.052557,13.127941
1785804218,deepseek-v2:lite,32.0,10952,1069656,399.88,20.05,.050013,17.355584
1785804236,deepseek-v2:lite,32.0,10948,1489042,405.94,19.57,.049267,23.452402
1785804260,deepseek-v2:lite,32.0,10950,799129,372.18,19.81,.053736,21.443799
1785804282,deepseek-v2:lite,33.0,10956,788163,457.47,20.42,.043718,15.767009
1785804298,deepseek-v2:lite,32.0,10954,800885,395.71,19.91,.050541,19.779254
1785804318,deepseek-v2:lite,32.0,10943,798911,383.26,19.71,.052182,20.792285
1785804339,deepseek-v2:lite,32.0,10931,800000,397.98,18.75,.050252,36.733932
1785804376,deepseek-v2:lite,32.0,10924,800000,377.85,19.26,.052930,25.178773
1785804402,deepseek-v2:lite,32.0,10941,800000,372.50,19.82,.053690,16.293697
1785804418,deepseek-v2:lite,32.0,10945,940181,395.93,19.41,.050512,26.630377
1785804445,deepseek-v2:lite,32.0,10936,1000000,406.57,19.31,.049190,27.795552
1785804474,deepseek-v2:lite,32.0,10928,799625,369.94,19.64,.054061,22.855564
1785804497,deepseek-v2:lite,32.0,10950,613648,410.37,19.44,.048736,23.757580
1785804521,deepseek-v2:lite,32.0,10946,799750,378.29,19.53,.052869,19.968398
1785804541,deepseek-v2:lite,32.0,10941,801147,386.42,19.35,.051757,20.507330
1785804562,deepseek-v2:lite,32.0,10946,800000,395.30,19.44,.050594,26.791490
1785804589,deepseek-v2:lite,33.0,10943,1501491,380.19,19.63,.052603,21.190049
1785804611,deepseek-v2:lite,32.0,10949,800000,364.89,19.93,.054809,15.848668
1785804627,deepseek-v2:lite,32.0,10958,800000,390.71,19.46,.051188,23.166087
1785804651,deepseek-v2:lite,32.0,10948,800524,409.90,19.87,.048791,20.825238
1785804672,deepseek-v2:lite,32.0,10933,1027887,429.53,19.73,.046561,18.036004
1785804690,deepseek-v2:lite,32.0,10944,799069,387.32,19.49,.051636,23.800061
1785804714,deepseek-v2:lite,32.0,10946,800000,402.33,19.16,.049710,30.575205
1785804745,deepseek-v2:lite,29.0,10947,1100000,369.15,19.43,.054177,25.619069
1785804771,deepseek-v2:lite,32.0,10948,800850,382.28,19.47,.052316,24.341196
1785804796,deepseek-v2:lite,32.0,10949,800000,383.77,19.03,.052113,30.936355
1785804828,deepseek-v2:lite,32.0,10945,799353,386.57,19.71,.051737,26.077203
1785804854,deepseek-v2:lite,32.0,10950,798336,410.38,19.91,.048734,22.799143
1785804877,deepseek-v2:lite,32.0,10947,800000,374.90,20.08,.053347,16.825969
1785804894,deepseek-v2:lite,32.0,10948,1209428,384.43,19.82,.052023,15.885026
1785804911,deepseek-v2:lite,32.0,10948,979545,365.03,19.86,.054789,17.116434
1785804928,deepseek-v2:lite,32.0,10959,1039758,395.97,19.82,.050507,16.898878
1785804945,deepseek-v2:lite,32.0,10954,800000,377.05,18.96,.053043,35.108783
1785804981,deepseek-v2:lite,28.0,10943,1790104,376.46,19.31,.053125,24.743583
1785805006,deepseek-v2:lite,31.0,10937,800000,375.28,19.17,.053292,31.087324
1785805038,deepseek-v2:lite,32.0,10952,1098083,369.53,19.41,.054122,22.302588
1785805060,deepseek-v2:lite,32.0,10949,800000,409.08,18.65,.048889,43.463694
1785805104,deepseek-v2:lite,32.0,10951,800000,357.16,20.35,.055997,17.194337
1785805122,deepseek-v2:lite,32.0,10950,799146,379.91,19.85,.052643,22.919957
1785805145,deepseek-v2:lite,31.0,10953,798873,379.71,19.68,.052671,19.756494
1785805165,deepseek-v2:lite,31.0,10954,800000,386.15,19.29,.051793,24.620130
1785805190,deepseek-v2:lite,29.0,10953,1890544,370.47,19.64,.053984,21.943716
1785805213,deepseek-v2:lite,32.0,10939,800000,430.64,19.45,.046441,22.415944
1785805235,deepseek-v2:lite,32.0,10982,1001517,370.83,19.75,.053931,19.334129
1785805255,deepseek-v2:lite,32.0,10972,1119887,380.68,19.75,.052537,17.163153
1785805273,deepseek-v2:lite,32.0,10973,800000,420.00,19.51,.047618,26.899666
1785805300,deepseek-v2:lite,32.0,10946,886590,381.03,19.66,.052488,20.543119
1785805321,deepseek-v2:lite,32.0,10946,1500000,369.82,19.68,.054080,21.185507
1785805342,deepseek-v2:lite,32.0,10957,1192017,375.72,19.39,.053230,25.677346
1785805368,deepseek-v2:lite,31.0,10961,800000,353.50,19.86,.056575,19.179992
1785805388,deepseek-v2:lite,32.0,10944,800460,380.06,19.82,.052621,18.162099
1785805406,deepseek-v2:lite,32.0,10950,799045,365.18,19.62,.054767,18.601452
1785805425,deepseek-v2:lite,32.0,10939,849092,372.78,19.02,.053650,33.526131
1785805459,deepseek-v2:lite,32.0,10953,795280,384.32,19.70,.052039,18.221185
1785805478,deepseek-v2:lite,32.0,10951,801593,377.44,19.78,.052987,17.534133
1785805496,deepseek-v2:lite,32.0,10934,800000,376.02,19.55,.053187,24.344503
1785805521,deepseek-v2:lite,32.0,10931,984601,390.11,19.04,.051266,32.030269
1785805553,deepseek-v2:lite,31.0,10950,1066417,375.30,19.77,.053289,20.687075
1785805574,deepseek-v2:lite,32.0,10952,800000,371.76,19.36,.053798,21.941242
1785805596,deepseek-v2:lite,32.0,10952,807902,415.99,19.44,.048077,21.805189
1785805619,deepseek-v2:lite,32.0,10946,800000,384.28,19.59,.052044,18.932964
1785805638,deepseek-v2:lite,32.0,10940,1267572,377.00,19.93,.053049,18.810277
1785805657,deepseek-v2:lite,32.0,10943,1787374,401.16,19.20,.049854,24.788141
1785805682,deepseek-v2:lite,32.0,10946,1600000,371.17,20.57,.053882,4.859423
1785805687,deepseek-v2:lite,32.0,10943,800000,422.41,19.84,.047347,23.933796
1785805712,deepseek-v2:lite,32.0,10953,2096416,361.44,19.23,.055333,28.336078
1785805740,deepseek-v2:lite,32.0,10943,800047,374.90,19.34,.053347,24.961944
1785805766,deepseek-v2:lite,29.0,10927,1201678,372.63,19.89,.053671,17.740783
1785805784,deepseek-v2:lite,32.0,10940,800417,366.71,19.52,.054538,20.540536
1785805805,deepseek-v2:lite,32.0,10941,800000,396.50,19.32,.050440,24.987827
1785805830,deepseek-v2:lite,32.0,10954,804016,397.87,20.25,.050266,20.787342
1785805851,deepseek-v2:lite,32.0,10951,802146,409.71,20.13,.048813,21.803318
1785805873,deepseek-v2:lite,32.0,10948,1486498,407.72,19.74,.049052,21.826905
1785805896,deepseek-v2:lite,32.0,10954,800000,411.51,19.29,.048600,29.483876
1785805925,deepseek-v2:lite,32.0,10941,1067866,382.82,19.84,.052243,18.896196
1785805945,deepseek-v2:lite,32.0,10955,1932012,375.42,19.82,.053273,17.958181
1785805963,deepseek-v2:lite,32.0,10954,798952,373.57,19.49,.053537,22.671323
1785805986,deepseek-v2:lite,31.0,10937,800000,398.26,19.31,.050218,28.527159
1785806015,deepseek-v2:lite,31.0,10948,938991,375.07,19.63,.053322,25.570225
1785806041,deepseek-v2:lite,32.0,10947,800000,406.44,19.74,.049206,26.382731
1785806068,deepseek-v2:lite,32.0,10946,1099290,426.50,19.93,.046892,21.625592
1785806090,deepseek-v2:lite,32.0,10955,2100000,402.85,19.43,.049645,28.807260
1785806119,deepseek-v2:lite,33.0,10951,800000,384.03,19.38,.052078,23.054217
1785806142,deepseek-v2:lite,29.0,10949,800000,380.74,19.35,.052529,27.126109
1785806170,deepseek-v2:lite,32.0,10946,800000,383.83,19.47,.052105,25.000174
1785806195,deepseek-v2:lite,32.0,10944,798809,465.63,19.45,.042952,28.839602
1785806225,deepseek-v2:lite,32.0,10948,979322,421.28,19.42,.047473,23.732618
1785806249,deepseek-v2:lite,31.0,10933,800000,427.77,19.53,.046753,23.346320
1785806272,deepseek-v2:lite,32.0,10948,2100000,385.61,19.60,.051864,18.366409
1785806291,deepseek-v2:lite,32.0,10938,800000,385.82,19.65,.051837,22.431747
1785806314,deepseek-v2:lite,32.0,10946,1188602,489.58,19.80,.040850,16.867593
1785806331,deepseek-v2:lite,32.0,10952,800000,391.23,19.68,.051120,24.585268
1785806356,deepseek-v2:lite,32.0,10953,863733,370.85,19.65,.053929,19.282029
1785806376,deepseek-v2:lite,32.0,10948,799558,378.97,19.75,.052773,21.010235
1785806397,deepseek-v2:lite,32.0,10950,907507,422.98,19.46,.047283,23.731647
1785806421,deepseek-v2:lite,32.0,10955,800000,368.69,19.97,.054245,21.129019
1785806443,deepseek-v2:lite,32.0,10950,799788,409.07,19.89,.048891,20.553211
1785806464,deepseek-v2:lite,32.0,10948,798986,391.51,19.89,.051083,14.372715
1785806478,deepseek-v2:lite,32.0,10952,800000,389.83,19.30,.051303,27.809614
1785806507,deepseek-v2:lite,32.0,10944,800000,380.49,19.07,.052563,29.882541
1785806537,deepseek-v2:lite,32.0,10951,1486767,378.56,19.58,.052831,17.459105
1785806555,deepseek-v2:lite,32.0,10946,801977,393.17,19.59,.050867,18.322016
1785806573,deepseek-v2:lite,32.0,10952,1540150,396.83,19.63,.050398,25.107331
1785806599,deepseek-v2:lite,32.0,10950,800000,402.93,19.67,.049635,23.018927
1785806622,deepseek-v2:lite,32.0,10943,800000,364.77,19.94,.054828,21.604209
1785806644,deepseek-v2:lite,32.0,10942,799250,419.06,19.57,.047725,21.506196
1785806666,deepseek-v2:lite,32.0,10954,2100000,398.82,20.10,.050147,17.955548
1785806684,deepseek-v2:lite,29.0,10947,800000,400.43,19.67,.049945,17.888288
1785806703,deepseek-v2:lite,32.0,10940,800000,363.11,19.27,.055078,27.805524
1785806731,deepseek-v2:lite,32.0,10935,799550,427.28,19.49,.046807,25.910473
1785806757,deepseek-v2:lite,32.0,10929,800000,380.91,20.06,.052504,14.699230
1785806772,deepseek-v2:lite,32.0,10936,801238,416.60,19.58,.048006,20.632079
1785806793,deepseek-v2:lite,31.0,10944,1296091,360.24,19.26,.055518,28.241836
1785806822,deepseek-v2:lite,32.0,10946,800000,420.56,19.46,.047555,23.586784
1785806846,deepseek-v2:lite,32.0,10957,1093909,381.11,19.20,.052477,31.814279
1785806878,deepseek-v2:lite,29.0,10942,975957,401.76,19.64,.049780,19.296895
1785806898,deepseek-v2:lite,32.0,10941,957654,366.36,19.17,.054590,29.157002
1785806927,deepseek-v2:lite,32.0,10938,800000,416.54,19.48,.048014,21.252400
1785806949,deepseek-v2:lite,31.0,10937,800000,375.56,19.73,.053253,21.534356
1785806971,deepseek-v2:lite,32.0,10942,800000,423.66,20.01,.047207,15.742061
1785806987,deepseek-v2:lite,32.0,10944,799353,395.98,19.47,.050506,25.623227
1785807013,deepseek-v2:lite,31.0,10944,800000,415.28,19.59,.048159,21.228775
1785807035,deepseek-v2:lite,28.0,10944,1294323,369.83,19.49,.054078,24.721490
1785807060,deepseek-v2:lite,29.0,10939,800000,384.65,19.41,.051994,26.686028
1785807087,deepseek-v2:lite,29.0,10944,800000,359.99,19.61,.055556,23.757097
1785807111,deepseek-v2:lite,30.0,10950,800000,428.90,19.67,.046630,24.045535
1785807135,deepseek-v2:lite,32.0,10950,800000,429.56,20.06,.046558,15.602385
1785807151,deepseek-v2:lite,31.0,10950,800000,412.85,19.17,.048443,28.737262
1785807180,deepseek-v2:lite,31.0,10943,999866,410.78,19.25,.048686,26.280327
1785807207,deepseek-v2:lite,32.0,10946,800000,413.05,20.19,.048419,12.822689
1785807220,deepseek-v2:lite,31.0,10946,800000,377.21,19.65,.053019,22.641011
1785807243,deepseek-v2:lite,32.0,10945,800000,420.47,19.69,.047565,19.544985
1785807263,deepseek-v2:lite,31.0,10948,800000,377.48,19.26,.052982,27.508615
1785807291,deepseek-v2:lite,32.0,10941,799649,496.44,19.15,.040286,29.392384
1785807321,deepseek-v2:lite,33.0,10932,825750,414.74,19.45,.048222,30.012601
1785807351,deepseek-v2:lite,32.0,10942,802040,378.02,19.99,.052906,19.803363
1785807371,deepseek-v2:lite,32.0,10939,1404856,377.99,19.69,.052910,24.777155
1785807397,deepseek-v2:lite,33.0,10950,800000,367.81,19.35,.054374,28.827916
1785807426,deepseek-v2:lite,31.0,10949,1604188,379.06,19.43,.052760,24.956968
1785807451,deepseek-v2:lite,31.0,10945,800000,375.35,19.74,.053283,20.465821
1785807472,deepseek-v2:lite,31.0,10936,799524,403.01,19.56,.049625,22.484648
1785807495,deepseek-v2:lite,32.0,10943,2098062,353.32,20.05,.056605,16.553361
1785807512,deepseek-v2:lite,32.0,10937,798703,401.63,19.76,.049796,22.510565
1785807535,deepseek-v2:lite,32.0,10942,800000,382.00,19.64,.052355,24.281001
1785807559,deepseek-v2:lite,32.0,10943,2100000,383.12,20.00,.052201,15.347314
1785807575,deepseek-v2:lite,32.0,10939,800867,406.64,19.91,.049182,19.282701
1785807595,deepseek-v2:lite,32.0,10936,800000,402.68,19.89,.049666,20.712199
1785807616,deepseek-v2:lite,32.0,10940,800000,413.29,19.22,.048392,23.616566
1785807640,deepseek-v2:lite,32.0,10948,800000,389.00,19.62,.051413,21.196250
1785807661,deepseek-v2:lite,32.0,10941,800000,372.59,18.62,.053677,34.638785
1785807696,deepseek-v2:lite,32.0,10953,800000,376.71,19.88,.053091,19.915705
1785807717,deepseek-v2:lite,32.0,10924,1169505,370.61,19.67,.053965,22.316920
1785807739,deepseek-v2:lite,32.0,10938,902670,389.86,19.75,.051299,22.124353
1785807762,deepseek-v2:lite,32.0,10949,800072,467.67,19.28,.042764,24.059771
1785807786,deepseek-v2:lite,32.0,10945,1611773,380.51,19.61,.052560,22.129281
1785807809,deepseek-v2:lite,32.0,10947,799015,411.68,19.74,.048580,21.120098
1785807830,deepseek-v2:lite,32.0,10947,800000,370.14,19.53,.054032,20.936105
1785807852,deepseek-v2:lite,32.0,10953,800000,481.73,19.16,.041516,28.538648
1785807881,deepseek-v2:lite,32.0,10953,2100000,423.67,20.02,.047206,16.727482
1785807898,deepseek-v2:lite,32.0,10948,798288,419.67,19.50,.047655,25.731903
1785807924,deepseek-v2:lite,32.0,10953,800575,381.52,19.44,.052420,27.460984
1785807952,deepseek-v2:lite,32.0,10940,1040595,409.66,20.52,.048820,16.076888
1785807968,deepseek-v2:lite,32.0,10945,800000,432.26,19.88,.046268,25.147962
1785807994,deepseek-v2:lite,29.0,10951,800000,474.03,19.66,.042191,16.727484
1785808011,deepseek-v2:lite,32.0,10946,801036,476.41,19.68,.041980,18.798031
1785808030,deepseek-v2:lite,32.0,10943,1232216,408.24,19.14,.048990,29.618865
1785808060,deepseek-v2:lite,32.0,10943,799560,371.35,19.76,.053857,14.014124
1785808074,deepseek-v2:lite,32.0,10942,1158685,394.11,19.86,.050746,19.879678
1785808094,deepseek-v2:lite,32.0,10941,799071,457.64,20.16,.043702,18.246196
1785808113,deepseek-v2:lite,32.0,10943,1100000,423.39,19.58,.047236,24.199037
1785808138,deepseek-v2:lite,31.0,10940,799079,393.32,19.29,.050848,29.286505
1785808167,deepseek-v2:lite,32.0,10937,800000,355.56,19.44,.056247,22.322591
1785808190,deepseek-v2:lite,32.0,10942,800000,420.67,19.15,.047542,28.131603
1785808218,deepseek-v2:lite,32.0,10942,798487,372.20,19.72,.053733,20.176340
1785808239,deepseek-v2:lite,32.0,10939,800000,410.69,19.93,.048698,18.061271
1785808257,deepseek-v2:lite,30.0,10945,799700,405.04,20.02,.049377,10.338810
1785808268,deepseek-v2:lite,32.0,10944,800000,508.44,19.86,.039335,20.189646
1785808289,deepseek-v2:lite,32.0,10947,800000,401.47,19.38,.049816,22.799664
1785808312,deepseek-v2:lite,32.0,10944,800000,399.93,19.91,.050008,18.876053
1785808331,deepseek-v2:lite,32.0,10938,799443,408.79,19.61,.048924,17.584180
1785808349,deepseek-v2:lite,32.0,10942,800000,372.93,18.63,.053628,34.392994
1785808384,deepseek-v2:lite,32.0,10944,1007177,383.99,19.31,.052083,24.234800
1785808408,deepseek-v2:lite,32.0,10943,800000,354.33,19.26,.056443,30.367239
1785808439,deepseek-v2:lite,32.0,10943,800723,415.21,19.25,.048168,31.061921
1785808471,deepseek-v2:lite,31.0,10938,1100000,397.56,19.58,.050306,21.648967
1785808493,deepseek-v2:lite,32.0,10946,799519,411.56,19.85,.048595,14.955730
1785808508,deepseek-v2:lite,32.0,10939,801019,475.21,19.94,.042086,25.314115
1785808534,deepseek-v2:lite,32.0,10938,800658,381.53,20.09,.052419,17.320098
1785808551,deepseek-v2:lite,32.0,10941,800000,383.35,19.55,.052170,25.009855
1785808577,deepseek-v2:lite,32.0,10938,800439,383.63,19.70,.052132,18.063190
1785808595,deepseek-v2:lite,32.0,10948,1202608,372.36,20.14,.053710,13.106984
1785808609,deepseek-v2:lite,32.0,10937,1933968,379.99,19.49,.052632,22.471428
1785808632,deepseek-v2:lite,32.0,10948,800000,375.87,19.36,.053209,26.128950
1785808658,deepseek-v2:lite,32.0,10954,799274,402.43,19.60,.049697,22.389055
1785808681,deepseek-v2:lite,32.0,10950,1094907,415.27,19.67,.048160,15.096402
1785808696,deepseek-v2:lite,32.0,10946,800000,454.91,19.60,.043964,21.122090
1785808718,deepseek-v2:lite,32.0,10943,849456,469.21,19.65,.042624,16.484031
1785808734,deepseek-v2:lite,32.0,10941,800000,401.17,19.22,.049853,29.388154
1785808764,deepseek-v2:lite,29.0,10934,941943,414.10,19.53,.048296,24.975053
1785808790,deepseek-v2:lite,32.0,10943,800996,412.54,20.03,.048479,18.769730
1785808809,deepseek-v2:lite,32.0,10947,1200000,398.83,19.47,.050146,22.336968
1785808831,deepseek-v2:lite,32.0,10948,759033,394.57,19.60,.050687,23.356020
1785808855,deepseek-v2:lite,32.0,10951,799974,377.23,19.61,.053016,19.878897
1785808875,deepseek-v2:lite,32.0,10961,799616,383.87,19.43,.052099,25.207810
1785808901,deepseek-v2:lite,32.0,10951,1001333,379.78,19.91,.052661,18.075051
1785808919,deepseek-v2:lite,32.0,10948,800000,438.79,19.86,.045578,21.244336
1785808941,deepseek-v2:lite,32.0,10948,677933,387.74,19.89,.051579,20.308008
1785808962,deepseek-v2:lite,32.0,10949,799939,500.02,19.72,.039998,24.384273
1785808987,deepseek-v2:lite,32.0,10959,801548,362.07,19.86,.055237,19.535688
1785809006,deepseek-v2:lite,32.0,10957,799002,413.32,19.58,.048388,20.471951
1785809027,deepseek-v2:lite,32.0,10947,800000,378.74,19.83,.052805,20.117065
1785809048,deepseek-v2:lite,32.0,10945,1000000,383.74,19.46,.052118,26.155157
1785809074,deepseek-v2:lite,32.0,10945,800251,379.94,19.88,.052638,17.550726
1785809092,deepseek-v2:lite,32.0,10946,800000,383.85,19.49,.052103,24.113914
1785809117,deepseek-v2:lite,29.0,10956,800000,384.46,19.69,.052020,18.735858
1785809136,deepseek-v2:lite,32.0,10942,950187,402.47,19.29,.049692,23.836260
1785809160,deepseek-v2:lite,31.0,10939,1187009,455.22,19.76,.043934,21.709688
1785809182,deepseek-v2:lite,32.0,10939,2100000,388.50,19.76,.051478,20.387146
1785809203,deepseek-v2:lite,32.0,10934,800000,386.81,19.56,.051703,19.988734
1785809223,deepseek-v2:lite,29.0,10952,1252045,345.80,19.83,.057836,21.580117
1785809245,deepseek-v2:lite,32.0,10948,800000,402.73,19.52,.049659,18.391173
1785809264,deepseek-v2:lite,32.0,10956,1357280,388.54,19.04,.051474,29.560518
1785809294,deepseek-v2:lite,32.0,10942,800468,411.81,19.59,.048565,22.094913
1785809316,deepseek-v2:lite,32.0,10936,800000,408.08,19.30,.049009,27.814153
1785809345,deepseek-v2:lite,32.0,10933,802110,414.07,19.55,.048300,24.039841
1785809369,deepseek-v2:lite,32.0,10955,1028767,392.38,19.22,.050970,25.750784
1785809395,deepseek-v2:lite,32.0,10946,800000,398.26,20.02,.050217,17.030018
1785809412,deepseek-v2:lite,32.0,10943,798487,398.48,20.11,.050190,25.201059
1785809438,deepseek-v2:lite,32.0,10949,971464,365.66,20.17,.054694,14.324408
1785809453,deepseek-v2:lite,32.0,10938,800000,409.09,19.69,.048887,25.642404
1785809479,deepseek-v2:lite,32.0,10948,802420,371.19,19.93,.053880,21.073591
1785809500,deepseek-v2:lite,32.0,10946,1000000,377.92,19.88,.052920,22.426736
1785809523,deepseek-v2:lite,29.0,10949,800849,355.92,19.59,.056191,23.372493
1785809547,deepseek-v2:lite,32.0,10942,800000,402.56,19.56,.049681,23.207309
1785809570,deepseek-v2:lite,33.0,10941,1166725,495.98,19.45,.040323,24.258697
1785809595,deepseek-v2:lite,32.0,10947,797916,432.20,19.78,.046274,19.057370
1785809614,deepseek-v2:lite,32.0,10945,800058,416.36,20.11,.048035,19.788115
1785809635,deepseek-v2:lite,32.0,10941,800000,370.87,20.37,.053926,18.309425
1785809653,deepseek-v2:lite,32.0,10943,800000,428.97,19.30,.046622,29.842007
1785809683,deepseek-v2:lite,32.0,10952,801076,417.32,19.77,.047924,19.467026
1785809703,deepseek-v2:lite,32.0,10954,796965,373.28,19.61,.053578,20.797197
1785809724,deepseek-v2:lite,32.0,10957,800000,387.97,19.95,.051549,20.594472
1785809745,deepseek-v2:lite,32.0,10953,800112,391.28,19.71,.051114,24.495657
1785809770,deepseek-v2:lite,31.0,10942,1155438,381.41,19.65,.052436,21.007418
1785809792,deepseek-v2:lite,32.0,10949,846705,394.85,19.50,.050650,16.918369
1785809809,deepseek-v2:lite,32.0,10949,799528,384.65,19.60,.051994,21.930452
1785809831,deepseek-v2:lite,29.0,10951,1086241,407.95,19.79,.049024,19.393999
1785809851,deepseek-v2:lite,32.0,10953,800270,407.83,19.63,.049039,20.018798
1785809871,deepseek-v2:lite,32.0,10944,800000,410.31,19.78,.048743,17.794888
1785809890,deepseek-v2:lite,32.0,10941,2105316,392.98,19.35,.050892,24.127812
1785809914,deepseek-v2:lite,32.0,10938,1285283,372.29,20.05,.053720,15.708225
1785809930,deepseek-v2:lite,32.0,10945,800000,414.11,19.47,.048295,24.653155
1785809955,deepseek-v2:lite,32.0,10949,800000,409.61,19.89,.048825,25.383067
1785809981,deepseek-v2:lite,32.0,10946,1064030,390.34,19.97,.051236,19.621430
1785810001,deepseek-v2:lite,32.0,10947,1202214,377.92,20.17,.052920,17.939521
1785810019,deepseek-v2:lite,32.0,10942,800000,403.12,19.30,.049612,31.283167
1785810051,deepseek-v2:lite,32.0,10937,800000,358.80,19.81,.055740,18.516906
1785810070,deepseek-v2:lite,32.0,10937,878465,363.69,19.72,.054991,19.266292
1785810089,deepseek-v2:lite,32.0,10940,1305704,375.19,19.80,.053305,15.649716
1785810105,deepseek-v2:lite,32.0,10945,802461,410.51,19.30,.048719,28.649867
1785810134,deepseek-v2:lite,32.0,10944,800000,512.18,19.45,.039048,23.744444
1785810159,deepseek-v2:lite,32.0,10951,630273,378.35,19.37,.052860,25.903682
1785810185,deepseek-v2:lite,31.0,10939,800000,418.33,20.54,.047808,14.940965
1785810200,deepseek-v2:lite,32.0,10948,2000000,441.26,19.60,.045323,25.914754
1785810226,deepseek-v2:lite,32.0,10945,800000,380.52,19.30,.052558,25.841797
1785810253,deepseek-v2:lite,32.0,10941,802206,376.82,19.63,.053075,21.545287
1785810275,deepseek-v2:lite,32.0,10949,800000,440.24,19.39,.045428,20.828723
1785810296,deepseek-v2:lite,34.0,11007,2100000,366.08,19.59,.054632,23.984147
1785810320,deepseek-v2:lite,32.0,10956,800000,494.47,19.66,.040446,22.880557
1785810343,deepseek-v2:lite,32.0,10947,800370,378.73,19.69,.052807,19.546948
1785810363,deepseek-v2:lite,32.0,10951,800000,369.79,19.72,.054083,15.618641
1785810379,deepseek-v2:lite,29.0,10956,1400632,387.02,19.49,.051675,28.308145
1785810408,deepseek-v2:lite,32.0,10951,887108,385.17,19.98,.051923,23.262457
1785810432,deepseek-v2:lite,32.0,10954,797736,387.63,20.09,.051594,17.267115
1785810449,deepseek-v2:lite,32.0,10948,1079639,421.22,19.50,.047480,27.221529
1785810477,deepseek-v2:lite,32.0,10956,800000,415.02,19.72,.048190,15.110273
1785810492,deepseek-v2:lite,32.0,10941,1495980,408.83,19.90,.048918,14.165412
1785810507,deepseek-v2:lite,32.0,10941,799417,400.40,19.19,.049949,27.449358
1785810535,deepseek-v2:lite,32.0,10950,1859986,417.22,18.84,.047935,35.332107
1785810570,deepseek-v2:lite,32.0,10950,863349,464.22,19.31,.043082,24.846315
1785810596,deepseek-v2:lite,29.0,10941,800000,397.04,19.41,.050372,27.147942
1785810623,deepseek-v2:lite,32.0,10940,799142,408.98,18.14,.048900,51.369706
1785810675,deepseek-v2:lite,32.0,10945,800340,369.48,19.35,.054129,22.937055
1785810698,deepseek-v2:lite,32.0,10946,800000,389.15,19.49,.051393,20.514965
1785810719,deepseek-v2:lite,32.0,10952,800000,423.34,19.94,.047242,14.086620
1785810734,deepseek-v2:lite,32.0,10942,800417,407.27,20.03,.049107,15.675159
1785810750,deepseek-v2:lite,32.0,10933,815985,394.53,19.42,.050692,23.933297
1785810774,deepseek-v2:lite,32.0,10932,2078604,384.16,19.45,.052060,23.642367
1785810798,deepseek-v2:lite,32.0,10940,1043108,400.29,19.38,.049963,20.068505
1785810818,deepseek-v2:lite,30.0,10944,799198,385.37,19.94,.051897,19.206502
1785810838,deepseek-v2:lite,29.0,10947,1376801,410.81,19.52,.048683,21.816791
1785810860,deepseek-v2:lite,33.0,10942,799611,381.42,19.79,.052435,19.294846
1785810880,deepseek-v2:lite,32.0,10926,798748,409.66,19.89,.048820,29.550652
1785810910,deepseek-v2:lite,32.0,10923,800862,385.14,20.01,.051928,21.138196
1785810931,deepseek-v2:lite,33.0,10937,846175,404.39,20.08,.049456,13.889884
1785810945,deepseek-v2:lite,29.0,10941,800000,375.23,19.80,.053299,16.862188
1785810963,deepseek-v2:lite,32.0,10940,800000,384.88,19.49,.051963,22.667337
1785810986,deepseek-v2:lite,29.0,10938,2097311,374.71,19.24,.053374,25.564335
1785811012,deepseek-v2:lite,31.0,10942,1331337,350.23,19.59,.057104,20.570714
1785811033,deepseek-v2:lite,32.0,10938,800000,423.46,19.66,.047229,21.055631
1785811054,deepseek-v2:lite,32.0,10941,1399057,502.76,20.10,.039779,16.513173
1785811071,deepseek-v2:lite,32.0,10946,802954,405.30,19.80,.049345,19.642317
1785811091,deepseek-v2:lite,32.0,10931,800000,362.30,19.84,.055201,23.482475
1785811115,deepseek-v2:lite,31.0,10931,800000,472.53,19.37,.042325,24.933626
1785811140,deepseek-v2:lite,32.0,10931,800805,373.32,20.24,.053573,17.833718
1785811158,deepseek-v2:lite,32.0,10936,795579,402.34,19.25,.049709,32.725166
1785811191,deepseek-v2:lite,32.0,10942,1478541,402.58,20.06,.049678,19.688260
1785811211,deepseek-v2:lite,29.0,10944,1500000,405.20,19.24,.049358,28.728474
1785811241,deepseek-v2:lite,32.0,10936,800727,383.49,19.45,.052152,28.477696
1785811269,deepseek-v2:lite,29.0,10947,800000,370.20,19.49,.054023,20.976420
1785811291,deepseek-v2:lite,32.0,10943,886313,363.19,19.48,.055066,26.271148
1785811318,deepseek-v2:lite,32.0,10933,800000,378.52,19.91,.052837,17.122337
1785811335,deepseek-v2:lite,32.0,10927,800863,363.28,20.43,.055053,13.894574
1785811349,deepseek-v2:lite,32.0,10942,1092138,420.50,20.04,.047561,20.601860
1785811370,deepseek-v2:lite,32.0,10946,800000,419.34,19.82,.047692,22.897042
1785811393,deepseek-v2:lite,32.0,10938,624148,436.59,19.38,.045809,26.718039
1785811421,deepseek-v2:lite,32.0,10933,800000,442.92,20.74,.045154,4.579919
1785811425,deepseek-v2:lite,32.0,10932,800000,366.94,19.84,.054504,15.019249
1785811441,deepseek-v2:lite,31.0,10931,801126,421.75,18.96,.047421,34.544898
1785811476,deepseek-v2:lite,31.0,10943,1000000,387.52,19.39,.051609,23.773049
1785811500,deepseek-v2:lite,32.0,10935,1589038,378.63,19.78,.052821,18.142268
1785811518,deepseek-v2:lite,32.0,10941,800352,399.03,19.55,.050121,21.839994
1785811541,deepseek-v2:lite,32.0,10940,882093,382.52,19.19,.052283,23.965745
1785811565,deepseek-v2:lite,32.0,10938,800000,405.28,19.48,.049348,23.866303
1785811589,deepseek-v2:lite,32.0,10938,800814,375.41,19.60,.053274,23.255980
1785811613,deepseek-v2:lite,32.0,10950,800000,365.39,19.43,.054735,20.890299
1785811634,deepseek-v2:lite,32.0,10946,800000,379.79,19.85,.052660,17.929843
1785811652,deepseek-v2:lite,32.0,10938,1034412,379.00,19.82,.052769,18.615870
1785811671,deepseek-v2:lite,32.0,10927,2100000,378.03,20.51,.052905,19.350510
1785811691,deepseek-v2:lite,32.0,10935,800000,404.45,20.30,.049449,11.031444
1785811702,deepseek-v2:lite,32.0,10939,796915,420.05,19.93,.047612,21.623796
1785811724,deepseek-v2:lite,31.0,10949,799605,480.35,19.77,.041635,22.960039
1785811748,deepseek-v2:lite,31.0,10956,1762573,383.01,19.72,.052217,21.545109
1785811770,deepseek-v2:lite,32.0,10941,1500000,367.84,19.68,.054370,25.199761
1785811795,deepseek-v2:lite,30.0,10943,1610452,377.29,19.93,.053009,20.063736
1785811816,deepseek-v2:lite,32.0,10941,797943,376.66,19.44,.053097,21.598777
1785811838,deepseek-v2:lite,32.0,10936,798744,405.00,20.13,.049381,19.270749
1785811857,deepseek-v2:lite,32.0,10944,800000,499.24,19.88,.040060,21.473838
1785811879,deepseek-v2:lite,32.0,10936,800000,481.39,19.59,.041546,22.710666
1785811902,deepseek-v2:lite,31.0,10943,801144,380.34,19.35,.052584,23.864375
1785811926,deepseek-v2:lite,33.0,10936,800000,371.72,18.74,.053803,33.814509
1785811961,deepseek-v2:lite,32.0,10954,800000,377.58,19.17,.052968,30.350058
1785811991,deepseek-v2:lite,32.0,10945,1415130,387.18,19.66,.051654,22.022970
1785812014,deepseek-v2:lite,32.0,10946,800738,373.31,18.80,.053574,35.939367
1785812050,deepseek-v2:lite,32.0,10942,910120,377.04,19.76,.053044,18.414711
1785812069,deepseek-v2:lite,32.0,10940,799248,381.47,19.85,.052428,19.243040
1785812089,deepseek-v2:lite,32.0,10946,1181818,467.66,19.78,.042765,20.269268
1785812109,deepseek-v2:lite,32.0,10944,806111,413.47,20.03,.048370,19.314092
1785812129,deepseek-v2:lite,32.0,10935,1774316,391.81,19.51,.051044,23.775835
1785812153,deepseek-v2:lite,29.0,10939,800232,394.75,19.59,.050664,20.052934
1785812173,deepseek-v2:lite,32.0,10956,998496,485.66,19.40,.041180,21.128620
1785812195,deepseek-v2:lite,33.0,10952,800993,392.04,19.77,.051014,15.420499
1785812211,deepseek-v2:lite,32.0,10947,800000,378.37,19.85,.052857,12.237314
1785812223,deepseek-v2:lite,32.0,10951,1375464,422.18,19.76,.047372,15.077452
1785812239,deepseek-v2:lite,32.0,10955,800000,416.36,19.63,.048035,20.625584
1785812260,deepseek-v2:lite,32.0,10948,998254,368.94,19.46,.054208,23.840246
1785812284,deepseek-v2:lite,32.0,10947,800000,400.39,19.32,.049950,20.440788
1785812305,deepseek-v2:lite,32.0,10938,1892676,367.71,19.43,.054390,24.385093
1785812329,deepseek-v2:lite,31.0,10938,800000,362.40,19.82,.055187,17.404865
1785812347,deepseek-v2:lite,32.0,10941,1090311,380.63,19.76,.052543,17.404698
1785812365,deepseek-v2:lite,32.0,10940,1002028,357.11,19.35,.056004,29.290892
1785812395,deepseek-v2:lite,32.0,10949,799670,373.37,19.85,.053565,16.924139
1785812412,deepseek-v2:lite,31.0,10944,800778,506.37,18.91,.039496,34.672938
1785812447,deepseek-v2:lite,32.0,10968,758916,385.06,19.11,.051938,31.231262
1785812479,deepseek-v2:lite,32.0,10933,626290,402.36,19.55,.049705,26.336263
1785812505,deepseek-v2:lite,32.0,10941,800000,422.45,20.13,.047341,17.583403
1785812523,deepseek-v2:lite,32.0,10961,798767,394.91,19.67,.050644,22.460537
1785812546,deepseek-v2:lite,29.0,10957,858735,379.92,19.76,.052641,18.921107
1785812566,deepseek-v2:lite,32.0,10963,800000,376.86,19.19,.053069,28.658467
1785812595,deepseek-v2:lite,29.0,10960,1417647,382.28,19.21,.052317,27.896931
1785812623,deepseek-v2:lite,31.0,10948,1800000,440.27,19.36,.045425,23.293782
1785812647,deepseek-v2:lite,32.0,10947,799049,384.76,19.82,.051979,18.007931
1785812665,deepseek-v2:lite,32.0,10955,800000,383.54,19.94,.052145,23.760758
1785812689,deepseek-v2:lite,32.0,10950,800817,377.08,20.12,.053037,20.124422
1785812710,deepseek-v2:lite,32.0,10945,800000,399.78,20.29,.050026,12.464462
1785812722,deepseek-v2:lite,32.0,10942,767003,386.76,20.00,.051711,17.595696
1785812740,deepseek-v2:lite,32.0,10946,800000,412.65,19.64,.048466,24.181438
1785812765,deepseek-v2:lite,32.0,10942,1187281,406.61,19.97,.049186,17.524184
1785812783,deepseek-v2:lite,32.0,10942,800000,414.82,19.90,.048212,13.511114
1785812797,deepseek-v2:lite,32.0,10950,824172,386.34,19.01,.051767,34.032104
1785812831,deepseek-v2:lite,32.0,10950,1307602,376.72,19.36,.053089,29.689653
1785812861,deepseek-v2:lite,32.0,10948,800000,377.14,19.87,.053029,16.100925
1785812878,deepseek-v2:lite,31.0,10955,1059533,473.32,19.58,.042254,26.811543
1785812905,deepseek-v2:lite,32.0,10950,1599009,396.69,18.92,.050416,36.718989
1785812942,deepseek-v2:lite,32.0,10950,1078655,404.41,19.78,.049453,21.932411
1785812964,deepseek-v2:lite,32.0,10958,799586,477.44,19.44,.041890,22.993215
1785812988,deepseek-v2:lite,32.0,10957,800420,378.55,19.64,.052833,22.646382
1785813011,deepseek-v2:lite,29.0,10947,800000,353.85,20.27,.056519,15.780455
1785813027,deepseek-v2:lite,32.0,10940,801118,371.86,20.13,.053782,18.825277
1785813046,deepseek-v2:lite,33.0,10941,2112426,386.66,19.77,.051724,28.059348
1785813075,deepseek-v2:lite,28.0,10928,799597,376.58,18.93,.053108,33.004887
1785813108,deepseek-v2:lite,31.0,10939,804598,523.18,19.58,.038227,19.502146
1785813128,deepseek-v2:lite,32.0,10942,798796,414.33,19.74,.048269,15.956975
1785813144,deepseek-v2:lite,32.0,10937,1021768,388.88,19.54,.051428,22.715172
1785813167,deepseek-v2:lite,32.0,10943,857773,395.95,19.93,.050511,15.604128
1785813183,deepseek-v2:lite,31.0,10950,800358,480.33,19.57,.041637,25.135999
1785813209,deepseek-v2:lite,32.0,10955,801364,400.38,19.39,.049952,23.310656
1785813232,deepseek-v2:lite,32.0,10954,801091,379.84,20.05,.052653,24.780188
1785813258,deepseek-v2:lite,32.0,10941,1473211,478.67,19.31,.041781,31.988018
1785813290,deepseek-v2:lite,32.0,10961,800000,408.75,19.20,.048929,26.915539
1785813317,deepseek-v2:lite,32.0,10956,800000,382.50,19.37,.052287,22.502388
1785813340,deepseek-v2:lite,32.0,10966,797385,409.44,19.41,.048846,24.616461
1785813365,deepseek-v2:lite,32.0,10957,799069,384.48,19.59,.052017,18.830624
1785813384,deepseek-v2:lite,29.0,10947,800000,402.95,19.60,.049632,25.144323
1785813410,deepseek-v2:lite,31.0,10952,825890,380.07,19.17,.052621,26.342400
1785813437,deepseek-v2:lite,31.0,10955,1812687,393.33,19.46,.050846,18.396704
1785813455,deepseek-v2:lite,32.0,10952,799233,371.42,19.39,.053846,24.959138
1785813481,deepseek-v2:lite,31.0,10954,800000,373.80,20.11,.053504,25.055778
1785813506,deepseek-v2:lite,32.0,10956,800000,409.19,20.27,.048875,19.626150
1785813526,deepseek-v2:lite,32.0,10943,779518,393.30,19.87,.050851,19.067352
1785813546,deepseek-v2:lite,32.0,10952,970724,393.83,20.44,.050782,16.724885
1785813563,deepseek-v2:lite,32.0,10959,800000,378.89,19.49,.052785,30.158708
1785813593,deepseek-v2:lite,32.0,10944,1332158,359.90,19.62,.055569,23.079141
1785813617,deepseek-v2:lite,32.0,10931,800000,404.23,19.96,.049475,22.594924
1785813640,deepseek-v2:lite,32.0,10943,799285,413.22,19.44,.048399,31.474177
1785813672,deepseek-v2:lite,32.0,10944,800000,406.21,19.60,.049235,22.899211
1785813695,deepseek-v2:lite,32.0,10929,799686,400.42,19.81,.049946,14.834393
1785813710,deepseek-v2:lite,32.0,10945,1001094,377.59,20.00,.052966,13.445820
1785813724,deepseek-v2:lite,32.0,10947,800000,415.66,19.55,.048116,20.252046
1785813744,deepseek-v2:lite,32.0,10941,799196,369.82,19.47,.054079,22.745023
1785813768,deepseek-v2:lite,30.0,10945,800000,386.40,20.45,.051759,5.720172
1785813774,deepseek-v2:lite,32.0,10948,891001,494.19,19.68,.040469,23.419298
1785813797,deepseek-v2:lite,32.0,10942,800000,432.41,18.66,.046252,38.787312
1785813837,deepseek-v2:lite,31.0,10947,1089842,437.44,19.57,.045720,20.538034
1785813857,deepseek-v2:lite,32.0,10952,1102417,351.83,19.66,.056844,20.697210
1785813879,deepseek-v2:lite,31.0,10951,801284,426.76,19.41,.046864,25.697111
1785813905,deepseek-v2:lite,31.0,10952,1823873,415.57,19.25,.048125,26.381417
1785813931,deepseek-v2:lite,29.0,10941,1100000,406.08,20.25,.049250,4.887422
1785813937,deepseek-v2:lite,32.0,10941,798247,387.28,19.60,.051641,23.458168
1785813960,deepseek-v2:lite,31.0,10942,800000,452.55,19.34,.044193,24.611630
1785813985,deepseek-v2:lite,32.0,10947,800000,383.27,19.36,.052181,24.325603
1785814010,deepseek-v2:lite,32.0,10935,800000,428.02,19.66,.046725,29.893906
1785814040,deepseek-v2:lite,32.0,10954,1599123,370.82,20.45,.053933,18.773877
1785814060,deepseek-v2:lite,32.0,10943,643096,389.85,20.46,.051301,19.395782
1785814079,deepseek-v2:lite,32.0,10951,1164606,377.93,20.27,.052919,18.442141
1785814098,deepseek-v2:lite,32.0,10956,800000,406.42,20.38,.049209,14.716370
1785814113,deepseek-v2:lite,32.0,10942,938718,413.49,19.30,.048368,31.657760
1785814145,deepseek-v2:lite,32.0,10951,800342,462.28,19.71,.043263,22.009716
1785814168,deepseek-v2:lite,32.0,10947,800000,394.09,19.69,.050749,23.555036
1785814192,deepseek-v2:lite,29.0,10951,799045,431.74,19.59,.046324,16.842173
1785814209,deepseek-v2:lite,31.0,10946,799560,379.38,19.17,.052717,26.018619
1785814235,deepseek-v2:lite,32.0,10949,803088,360.28,19.95,.055512,15.883898
1785814251,deepseek-v2:lite,31.0,10939,800000,384.66,19.83,.051993,21.431187
1785814273,deepseek-v2:lite,31.0,10950,1377777,379.44,20.25,.052708,21.671961
1785814295,deepseek-v2:lite,34.0,10952,801026,362.59,20.32,.055158,15.151970
1785814311,deepseek-v2:lite,32.0,10948,831481,392.98,19.68,.050893,29.005618
1785814340,deepseek-v2:lite,32.0,10944,800000,375.19,20.80,.053305,8.651392
1785814349,deepseek-v2:lite,33.0,10951,799183,428.10,19.68,.046717,23.472983
1785814373,deepseek-v2:lite,32.0,10950,1000964,381.16,19.58,.052470,21.806104
1785814395,deepseek-v2:lite,33.0,10958,800000,362.49,19.70,.055173,21.362648
1785814417,deepseek-v2:lite,33.0,10952,803504,367.66,19.10,.054396,33.087424
1785814450,deepseek-v2:lite,32.0,10954,800000,378.86,19.34,.052788,25.740553
1785814477,deepseek-v2:lite,29.0,10955,1000000,378.52,19.77,.052836,16.894176
1785814494,deepseek-v2:lite,33.0,10953,649803,476.11,19.84,.042006,20.554690
1785814515,deepseek-v2:lite,31.0,10948,798832,387.90,19.53,.051559,24.206818
1785814539,deepseek-v2:lite,32.0,10946,800000,381.43,19.68,.052433,18.239638
1785814558,deepseek-v2:lite,29.0,10954,868738,367.11,19.85,.054479,17.827453
1785814576,deepseek-v2:lite,32.0,10938,646101,362.03,19.68,.055243,19.815344
1785814596,deepseek-v2:lite,32.0,10957,1412543,404.85,19.17,.049400,31.604595
1785814628,deepseek-v2:lite,32.0,10956,1601316,403.32,19.58,.049587,21.593460
1785814650,deepseek-v2:lite,32.0,10953,946837,367.60,20.03,.054405,19.219482
1785814670,deepseek-v2:lite,32.0,10945,800000,357.91,19.75,.055878,23.841087
1785814694,deepseek-v2:lite,32.0,10947,798791,473.00,19.53,.042283,21.751031
1785814716,deepseek-v2:lite,32.0,10942,1330244,378.63,19.88,.052821,15.692861
1785814732,deepseek-v2:lite,32.0,10933,1100000,369.67,19.64,.054101,20.671478
1785814753,deepseek-v2:lite,32.0,10942,800956,433.94,18.80,.046089,42.800667
1785814797,deepseek-v2:lite,32.0,10950,1097547,412.99,19.43,.048426,22.485272
1785814819,deepseek-v2:lite,32.0,10952,800000,410.08,20.14,.048770,21.591448
1785814841,deepseek-v2:lite,32.0,10961,927894,415.87,19.82,.048091,23.099253
1785814865,deepseek-v2:lite,32.0,10950,800000,408.47,19.62,.048962,22.628441
1785814888,deepseek-v2:lite,32.0,10960,1221461,397.74,19.57,.050283,25.898021
1785814914,deepseek-v2:lite,34.0,10955,800968,446.39,19.71,.044802,24.859184
1785814939,deepseek-v2:lite,33.0,10943,788162,381.84,19.53,.052377,23.495192
1785814963,deepseek-v2:lite,32.0,10951,1165845,384.43,19.67,.052023,20.025812
1785814984,deepseek-v2:lite,33.0,10942,800000,388.97,19.44,.051416,27.922195
1785815012,deepseek-v2:lite,32.0,10935,801033,397.04,19.10,.050372,29.005062
1785815041,deepseek-v2:lite,32.0,10938,1119702,361.17,20.17,.055375,14.571702
1785815056,deepseek-v2:lite,32.0,10941,798611,406.10,19.56,.049248,20.085545
1785815077,deepseek-v2:lite,32.0,10951,800000,369.47,19.95,.054130,18.889490
1785815096,deepseek-v2:lite,33.0,10949,1199042,376.29,19.98,.053150,24.368489
1785815121,deepseek-v2:lite,32.0,10950,1580392,453.63,19.49,.044088,19.744816
1785815141,deepseek-v2:lite,32.0,10947,800000,486.34,20.11,.041122,21.326820
1785815162,deepseek-v2:lite,32.0,10942,785762,358.74,19.08,.055749,30.075882
1785815193,deepseek-v2:lite,32.0,10951,800000,403.14,19.56,.049610,20.188311
1785815213,deepseek-v2:lite,32.0,10946,798828,386.59,19.87,.051734,16.552606
1785815230,deepseek-v2:lite,32.0,10945,843964,394.17,19.25,.050738,33.862881
1785815265,deepseek-v2:lite,32.0,10946,1782053,409.07,19.58,.048891,21.341269
1785815286,deepseek-v2:lite,32.0,10932,884311,379.99,19.60,.052632,19.485321
1785815306,deepseek-v2:lite,32.0,10951,800000,384.97,19.96,.051952,15.026165
1785815322,deepseek-v2:lite,32.0,10935,800000,378.72,19.73,.052808,19.910455
1785815342,deepseek-v2:lite,31.0,10936,798646,401.55,19.30,.049806,27.555322
1785815370,deepseek-v2:lite,32.0,10946,1716919,390.37,19.88,.051233,13.430254
1785815384,deepseek-v2:lite,32.0,10943,1931428,385.69,19.76,.051853,17.558938
1785815401,deepseek-v2:lite,32.0,10947,800000,389.51,19.39,.051346,32.894020
1785815435,deepseek-v2:lite,32.0,10942,799157,380.52,19.62,.052558,22.318629
1785815458,deepseek-v2:lite,32.0,10941,799209,387.64,19.60,.051593,22.192915
1785815480,deepseek-v2:lite,32.0,10943,698523,384.50,19.80,.052014,18.882167
1785815499,deepseek-v2:lite,32.0,10947,1697780,387.63,19.90,.051595,19.899430
1785815520,deepseek-v2:lite,32.0,10945,800000,467.81,19.77,.042752,18.608101
1785815539,deepseek-v2:lite,31.0,10953,1199468,359.29,19.70,.055663,19.693794
1785815559,deepseek-v2:lite,32.0,10955,999492,408.58,19.77,.048949,21.850414
1785815581,deepseek-v2:lite,32.0,10948,800224,406.16,19.71,.049241,18.111284
1785815599,deepseek-v2:lite,32.0,10959,802153,385.29,19.31,.051908,23.245311
1785815623,deepseek-v2:lite,32.0,10952,799608,428.92,19.84,.046628,17.691130
1785815641,deepseek-v2:lite,33.0,10944,883503,408.10,20.10,.049007,18.158311
1785815659,deepseek-v2:lite,32.0,10940,798974,384.92,19.71,.051958,24.395154
1785815684,deepseek-v2:lite,32.0,10945,620994,376.87,19.74,.053068,21.064177
1785815706,deepseek-v2:lite,29.0,10929,800000,414.25,19.74,.048278,19.551246
1785815726,deepseek-v2:lite,32.0,10947,800000,401.75,19.24,.049780,27.273187
1785815753,deepseek-v2:lite,28.0,10949,800174,384.23,19.72,.052051,19.265528
1785815773,deepseek-v2:lite,32.0,10953,1373182,350.06,19.54,.057131,26.407106
1785815800,deepseek-v2:lite,32.0,10952,800000,372.38,19.53,.053707,25.951991
1785815826,deepseek-v2:lite,32.0,10942,800000,404.01,19.41,.049502,25.540833
1785815852,deepseek-v2:lite,32.0,10933,800000,417.86,19.15,.047862,29.228807
1785815882,deepseek-v2:lite,31.0,10943,1132291,386.69,19.92,.051720,17.663855
1785815900,deepseek-v2:lite,32.0,10946,800000,377.85,19.59,.052929,25.058269
1785815925,deepseek-v2:lite,32.0,10940,800000,411.52,19.61,.048599,22.274802
1785815948,deepseek-v2:lite,33.0,10930,861554,364.04,19.85,.054937,19.743993
1785815968,deepseek-v2:lite,33.0,10937,800000,378.79,18.87,.052798,34.383923
1785816003,deepseek-v2:lite,32.0,10938,800000,400.70,19.62,.049911,22.984802
1785816026,deepseek-v2:lite,33.0,10947,800000,397.21,19.83,.050350,14.871308
1785816041,deepseek-v2:lite,32.0,10946,807022,369.38,19.45,.054143,25.444984
1785816067,deepseek-v2:lite,32.0,10945,800519,376.76,19.69,.053083,22.188333
1785816090,deepseek-v2:lite,32.0,10947,1380838,362.41,19.37,.055185,26.116708
1785816116,deepseek-v2:lite,32.0,10940,797752,382.21,19.63,.052326,17.617382
1785816134,deepseek-v2:lite,32.0,10941,653198,404.40,19.35,.049454,24.125590
1785816159,deepseek-v2:lite,32.0,10941,800000,379.21,19.33,.052739,33.366874
1785816192,deepseek-v2:lite,31.0,10944,936407,398.89,20.01,.050138,22.180998
1785816215,deepseek-v2:lite,32.0,10959,978673,381.12,19.95,.052476,17.137914
1785816233,deepseek-v2:lite,32.0,10937,802206,381.37,19.60,.052441,22.185265
1785816255,deepseek-v2:lite,32.0,10940,1319115,418.14,19.31,.047830,24.181253
1785816280,deepseek-v2:lite,32.0,10952,800000,397.13,19.34,.050360,23.108277
1785816303,deepseek-v2:lite,32.0,10946,2100000,381.85,19.39,.052375,28.509811
1785816332,deepseek-v2:lite,32.0,10944,800000,446.33,19.56,.044809,23.199256
1785816356,deepseek-v2:lite,32.0,10950,1002873,436.10,19.68,.045860,23.619490
1785816380,deepseek-v2:lite,29.0,10937,800000,382.69,19.29,.052260,29.127108
1785816409,deepseek-v2:lite,32.0,10945,797967,377.60,19.45,.052965,25.594766
1785816435,deepseek-v2:lite,32.0,10947,693139,470.45,19.75,.042512,19.691610
1785816455,deepseek-v2:lite,32.0,10952,2106213,366.05,19.56,.054636,21.008968
1785816477,deepseek-v2:lite,32.0,10949,799297,372.24,19.18,.053728,25.383814
1785816502,deepseek-v2:lite,32.0,10951,800000,400.14,19.58,.049981,21.137817
1785816524,deepseek-v2:lite,31.0,10951,969421,370.15,20.08,.054031,16.976984
1785816541,deepseek-v2:lite,32.0,10955,801470,367.04,19.55,.054489,26.895144
1785816569,deepseek-v2:lite,32.0,10953,1375738,395.72,20.15,.050540,15.929357
1785816585,deepseek-v2:lite,32.0,10949,1000000,391.00,19.70,.051150,25.628803
1785816611,deepseek-v2:lite,32.0,10947,799640,382.02,19.96,.052352,20.133319
1785816631,deepseek-v2:lite,32.0,10946,798446,415.49,19.26,.048135,31.871816
1785816664,deepseek-v2:lite,32.0,10947,805970,407.75,19.10,.049049,33.338854
1785816697,deepseek-v2:lite,32.0,10932,798907,419.06,19.57,.047724,19.923272
1785816718,deepseek-v2:lite,32.0,10937,1099424,380.68,19.66,.052536,22.430502
1785816740,deepseek-v2:lite,32.0,10937,1859600,383.04,19.60,.052213,22.442297
1785816763,deepseek-v2:lite,32.0,10942,1201741,383.78,19.49,.052113,22.011172
1785816786,deepseek-v2:lite,32.0,10942,1773437,377.10,19.20,.053036,32.544252
1785816819,deepseek-v2:lite,32.0,10935,800000,424.39,19.66,.047125,19.682360
1785816839,deepseek-v2:lite,32.0,10953,1000000,420.42,19.26,.047570,28.491619
1785816868,deepseek-v2:lite,32.0,10948,1410917,401.74,19.80,.049782,22.972233
1785816891,deepseek-v2:lite,29.0,10945,1053651,375.96,19.86,.053196,21.447141
1785816913,deepseek-v2:lite,32.0,10948,799502,431.68,19.46,.046329,23.171577
1785816936,deepseek-v2:lite,32.0,10956,799592,393.81,19.82,.050785,18.510876
1785816955,deepseek-v2:lite,32.0,10953,799327,395.46,19.90,.050573,15.426720
1785816971,deepseek-v2:lite,32.0,10949,798863,376.52,19.71,.053116,19.425079
1785816991,deepseek-v2:lite,32.0,10952,800000,386.47,19.58,.051749,20.019933
1785817011,deepseek-v2:lite,32.0,10955,800000,387.31,18.74,.051637,36.003441
1785817047,deepseek-v2:lite,32.0,10945,1200000,369.29,19.28,.054156,27.323497
1785817075,deepseek-v2:lite,28.0,10959,800000,371.24,19.36,.053872,26.128562
1785817102,deepseek-v2:lite,32.0,10957,801178,414.08,20.15,.048299,18.456030
1785817121,deepseek-v2:lite,32.0,10949,800000,382.32,19.71,.052311,22.163832
1785817143,deepseek-v2:lite,32.0,10947,1158205,379.46,19.52,.052705,19.720258
1785817163,deepseek-v2:lite,31.0,10957,800000,384.96,19.07,.051952,34.710507
1785817198,deepseek-v2:lite,32.0,10952,844323,446.76,19.44,.044765,27.821929
1785817227,deepseek-v2:lite,32.0,10950,800000,418.40,19.73,.047800,20.930585
1785817248,deepseek-v2:lite,32.0,10958,800000,387.05,19.46,.051671,29.183231
1785817277,deepseek-v2:lite,32.0,10950,800000,385.60,19.58,.051865,20.673995
1785817298,deepseek-v2:lite,32.0,10955,862734,400.81,19.36,.049898,23.283672
1785817322,deepseek-v2:lite,32.0,10959,971681,370.97,19.83,.053912,18.703469
1785817341,deepseek-v2:lite,31.0,10955,800000,405.77,18.83,.049288,36.318653
1785817378,deepseek-v2:lite,31.0,10958,2100000,387.20,19.46,.051652,25.067646
1785817403,deepseek-v2:lite,32.0,10958,800521,385.13,19.68,.051930,20.982066
1785817425,deepseek-v2:lite,31.0,10956,800000,426.01,19.55,.046946,29.348283
1785817454,deepseek-v2:lite,32.0,10944,1100000,362.34,19.86,.055195,15.303734
1785817470,deepseek-v2:lite,31.0,10944,801752,364.18,19.66,.054917,21.410968
1785817492,deepseek-v2:lite,32.0,10952,800000,362.09,19.86,.055233,20.634233
1785817513,deepseek-v2:lite,32.0,10945,1004032,472.85,20.10,.042296,15.667423
1785817529,deepseek-v2:lite,32.0,10941,770279,375.29,19.94,.053291,20.401256
1785817550,deepseek-v2:lite,32.0,10936,800000,393.34,20.14,.050846,9.975393
1785817560,deepseek-v2:lite,32.0,10946,800000,390.02,19.61,.051279,24.724575
1785817585,deepseek-v2:lite,32.0,10952,798568,380.51,18.86,.052560,35.351654
1785817621,deepseek-v2:lite,32.0,10948,801367,381.85,19.62,.052376,21.406147
1785817643,deepseek-v2:lite,30.0,10948,798965,392.44,19.15,.050963,28.717666
1785817672,deepseek-v2:lite,32.0,10954,798787,397.65,19.11,.050294,31.069029
1785817703,deepseek-v2:lite,32.0,10946,750482,377.27,19.70,.053012,24.201099
1785817728,deepseek-v2:lite,32.0,10950,799553,402.20,19.12,.049726,28.705350
1785817757,deepseek-v2:lite,29.0,10946,1013984,392.66,20.01,.050933,17.933206
1785817775,deepseek-v2:lite,32.0,10951,800000,392.17,19.66,.050998,22.274438
1785817798,deepseek-v2:lite,32.0,10946,1772769,409.65,19.68,.048821,25.651959
1785817824,deepseek-v2:lite,31.0,10957,1870927,356.52,19.50,.056097,24.044618
1785817848,deepseek-v2:lite,31.0,10950,936036,378.39,19.77,.052854,19.925071
1785817869,deepseek-v2:lite,31.0,10957,800000,360.66,19.46,.055452,24.048347
1785817893,deepseek-v2:lite,31.0,10957,800000,379.27,19.92,.052732,17.262665
1785817911,deepseek-v2:lite,32.0,10965,800000,382.71,19.73,.052257,16.215979
1785817927,deepseek-v2:lite,32.0,10949,800000,367.79,19.25,.054378,31.733617
1785817959,deepseek-v2:lite,32.0,10955,798713,400.28,19.24,.049964,24.583220
1785817984,deepseek-v2:lite,32.0,10957,800359,385.79,19.49,.051841,25.034648
1785818010,deepseek-v2:lite,32.0,10953,1000000,404.01,20.05,.049502,18.153960
1785818028,deepseek-v2:lite,32.0,10948,800973,404.29,19.39,.049468,28.255267
1785818057,deepseek-v2:lite,31.0,10955,799894,377.65,19.93,.052958,21.715285
1785818079,deepseek-v2:lite,32.0,10952,799579,385.09,20.05,.051935,19.695070
1785818099,deepseek-v2:lite,32.0,10957,800000,384.61,19.67,.051999,19.519138
1785818119,deepseek-v2:lite,32.0,10962,1588584,370.24,19.61,.054017,20.797997
1785818140,deepseek-v2:lite,32.0,10950,800000,418.08,20.00,.047836,17.749815
1785818158,deepseek-v2:lite,32.0,10956,800840,370.41,19.54,.053993,24.097340
1785818183,deepseek-v2:lite,32.0,10956,800000,403.70,20.00,.049541,17.943888
1785818201,deepseek-v2:lite,32.0,10961,1147919,381.94,21.10,.052363,6.632180
1785818208,deepseek-v2:lite,32.0,10955,1183824,394.12,19.92,.050745,21.480659
1785818230,deepseek-v2:lite,32.0,10946,801259,371.69,20.15,.053806,14.440936
1785818245,deepseek-v2:lite,31.0,10946,1398622,398.92,19.74,.050134,23.093705
1785818268,deepseek-v2:lite,31.0,10945,800000,396.85,19.66,.050396,25.988866
1785818295,deepseek-v2:lite,29.0,10940,799990,384.35,19.54,.052034,25.939713
1785818321,deepseek-v2:lite,32.0,10941,801159,378.98,19.56,.052771,19.522537
1785818341,deepseek-v2:lite,32.0,10937,800000,357.76,19.75,.055902,21.060583
1785818362,deepseek-v2:lite,32.0,10926,915196,374.79,19.64,.053362,20.516767
1785818383,deepseek-v2:lite,32.0,10942,1126269,411.44,19.72,.048609,27.782328
1785818411,deepseek-v2:lite,32.0,10935,801548,404.20,20.85,.049479,7.192233
1785818419,deepseek-v2:lite,32.0,10944,797183,408.74,19.58,.048929,25.327412
1785818445,deepseek-v2:lite,32.0,10946,799381,357.76,19.29,.055903,26.687025
1785818472,deepseek-v2:lite,32.0,10946,1896507,426.21,19.41,.046924,21.886411
1785818494,deepseek-v2:lite,32.0,10934,800113,415.73,19.59,.048107,21.131466
1785818515,deepseek-v2:lite,31.0,10944,1070257,356.97,20.09,.056026,16.916373
1785818533,deepseek-v2:lite,32.0,10942,799536,419.62,18.86,.047662,38.109423
1785818571,deepseek-v2:lite,32.0,10957,800000,349.38,19.83,.057243,15.024338
1785818587,deepseek-v2:lite,32.0,10947,800000,433.93,19.55,.046089,25.674936
1785818613,deepseek-v2:lite,32.0,10960,800000,412.05,20.05,.048537,21.396033
1785818634,deepseek-v2:lite,32.0,10954,800000,411.61,19.74,.048589,26.027352
1785818661,deepseek-v2:lite,32.0,10946,1000437,396.61,19.79,.050426,23.640005
1785818685,deepseek-v2:lite,32.0,10957,800000,394.45,19.86,.050702,19.030253
1785818704,deepseek-v2:lite,32.0,10956,1200000,417.12,20.34,.047947,16.315401
1785818721,deepseek-v2:lite,32.0,10959,1496250,385.34,19.68,.051901,26.115684
1785818747,deepseek-v2:lite,32.0,10938,800000,360.58,19.94,.055465,20.453299
1785818768,deepseek-v2:lite,31.0,10944,800000,395.14,19.86,.050614,24.971724
1785818794,deepseek-v2:lite,32.0,10947,798825,401.13,20.14,.049859,18.168459
1785818812,deepseek-v2:lite,33.0,10941,801034,413.97,19.55,.048311,20.145799
1785818833,deepseek-v2:lite,32.0,10955,799066,414.81,19.80,.048213,21.358501
1785818854,deepseek-v2:lite,32.0,10944,1058035,384.83,19.59,.051969,16.429137
1785818871,deepseek-v2:lite,32.0,10943,800000,409.51,19.27,.048838,25.783828
1785818897,deepseek-v2:lite,29.0,10947,799960,411.27,20.01,.048629,15.090230
1785818913,deepseek-v2:lite,29.0,10939,800000,374.04,19.51,.053468,22.654414
1785818936,deepseek-v2:lite,32.0,10943,974526,398.33,19.50,.050208,23.783587
1785818960,deepseek-v2:lite,32.0,10947,1500000,382.84,19.89,.052240,19.959017
1785818980,deepseek-v2:lite,32.0,10943,935250,380.06,19.56,.052622,23.413553
1785819004,deepseek-v2:lite,28.0,10954,800000,420.55,19.71,.047556,27.853551
1785819032,deepseek-v2:lite,32.0,10955,800009,468.32,19.95,.042705,25.460623
1785819058,deepseek-v2:lite,32.0,10943,800282,400.86,20.11,.049891,16.849826
1785819075,deepseek-v2:lite,33.0,10942,849219,470.23,19.69,.042531,22.338560
1785819098,deepseek-v2:lite,32.0,10949,629490,377.81,19.84,.052936,21.514273
1785819120,deepseek-v2:lite,32.0,10938,802060,372.18,19.54,.053737,27.877601
1785819148,deepseek-v2:lite,32.0,10937,797583,410.05,21.01,.048774,4.854344
1785819153,deepseek-v2:lite,32.0,10942,1085724,409.81,19.97,.048802,21.775356
1785819176,deepseek-v2:lite,32.0,10945,799370,395.86,19.65,.050522,25.535416
1785819202,deepseek-v2:lite,30.0,10944,801968,387.58,20.24,.051601,15.463209
1785819217,deepseek-v2:lite,29.0,10948,801603,366.56,19.62,.054560,23.488484
1785819241,deepseek-v2:lite,32.0,10939,800361,389.50,19.97,.051347,16.317665
1785819258,deepseek-v2:lite,32.0,10932,1202131,410.71,19.37,.048695,28.702376
1785819287,deepseek-v2:lite,32.0,10941,982078,412.12,19.67,.048529,23.882168
1785819311,deepseek-v2:lite,32.0,10941,1190483,357.35,19.37,.055966,26.625533
1785819338,deepseek-v2:lite,32.0,10942,1501336,388.74,19.93,.051447,20.517159
1785819359,deepseek-v2:lite,32.0,10951,2103030,448.22,19.27,.044620,28.425211
1785819388,deepseek-v2:lite,29.0,10938,800000,384.01,19.54,.052081,21.023880
1785819409,deepseek-v2:lite,32.0,10945,923885,407.70,19.48,.049055,26.937607
1785819437,deepseek-v2:lite,32.0,10939,1100000,379.84,19.10,.052652,35.910730
1785819473,deepseek-v2:lite,32.0,10942,1082855,411.74,19.88,.048573,17.956332
1785819491,deepseek-v2:lite,32.0,10952,800000,410.14,19.38,.048762,26.620415
1785819518,deepseek-v2:lite,33.0,10953,798329,413.32,20.10,.048388,18.897972
1785819538,deepseek-v2:lite,32.0,10947,800000,399.16,20.08,.050104,16.183504
1785819554,deepseek-v2:lite,32.0,10943,1068350,407.41,19.66,.049089,24.861923
1785819579,deepseek-v2:lite,32.0,10953,800548,388.26,20.03,.051511,17.365421
1785819597,deepseek-v2:lite,31.0,10948,800378,413.77,20.07,.048335,19.672456
1785819617,deepseek-v2:lite,32.0,10949,851696,392.91,19.93,.050901,18.109861
1785819636,deepseek-v2:lite,32.0,10972,803131,400.68,19.89,.049914,23.570441
1785819660,deepseek-v2:lite,32.0,10969,798833,383.94,20.34,.052090,16.953463
1785819677,deepseek-v2:lite,32.0,10962,1000000,408.31,20.35,.048981,15.423840
1785819693,deepseek-v2:lite,32.0,10969,800000,372.46,19.82,.053696,18.362216
1785819711,deepseek-v2:lite,32.0,10960,1212665,369.78,19.52,.054085,24.793668
1785819737,deepseek-v2:lite,32.0,10964,799394,405.53,19.54,.049317,26.599168
1785819764,deepseek-v2:lite,32.0,10935,801820,419.53,19.82,.047671,25.976051
1785819790,deepseek-v2:lite,32.0,10927,800000,400.95,19.50,.049881,24.713526
1785819815,deepseek-v2:lite,32.0,10941,800000,375.68,19.86,.053236,18.020685
1785819833,deepseek-v2:lite,32.0,10948,1156692,381.01,19.67,.052490,21.496874
1785819855,deepseek-v2:lite,32.0,10951,1682215,369.98,18.99,.054055,33.067453
1785819889,deepseek-v2:lite,32.0,10955,800000,381.50,19.29,.052423,27.475045
1785819917,deepseek-v2:lite,32.0,10946,1000000,418.80,19.32,.047755,26.854519
1785819944,deepseek-v2:lite,32.0,10951,2100000,373.87,19.94,.053494,13.086747
1785819957,deepseek-v2:lite,32.0,10945,776534,373.66,19.36,.053523,25.558457
1785819983,deepseek-v2:lite,32.0,10927,1100781,476.77,20.15,.041948,9.625464
1785819993,deepseek-v2:lite,32.0,10931,800274,415.24,19.23,.048164,25.785257
1785820019,deepseek-v2:lite,32.0,10942,1516768,384.80,19.10,.051973,28.206566
1785820048,deepseek-v2:lite,32.0,10957,902453,412.98,19.42,.048428,23.626151
1785820072,deepseek-v2:lite,32.0,10946,802400,385.44,20.42,.051887,4.994585
1785820077,deepseek-v2:lite,32.0,10954,801206,400.78,20.09,.049901,18.461028
1785820096,deepseek-v2:lite,29.0,10950,764717,379.19,19.65,.052743,21.214680
1785820118,deepseek-v2:lite,32.0,10945,799031,386.83,19.86,.051702,20.485869
1785820138,deepseek-v2:lite,32.0,10950,800000,373.44,19.54,.053555,23.946110
1785820163,deepseek-v2:lite,29.0,10950,799957,396.30,19.66,.050465,18.104788
1785820181,deepseek-v2:lite,28.0,10938,800000,362.46,19.57,.055178,24.417443
1785820206,deepseek-v2:lite,32.0,10949,800000,488.15,19.98,.040970,19.266161
1785820226,deepseek-v2:lite,32.0,10947,1066185,400.29,19.89,.049962,17.890048
1785820244,deepseek-v2:lite,32.0,10945,782409,395.02,19.63,.050629,21.497672
1785820266,deepseek-v2:lite,32.0,10943,801992,403.90,19.17,.049516,27.070308
1785820293,deepseek-v2:lite,32.0,10944,800000,400.82,19.49,.049896,23.283357
1785820317,deepseek-v2:lite,32.0,10950,800000,494.62,19.96,.040434,11.470813
1785820329,deepseek-v2:lite,32.0,10937,999703,441.76,19.70,.045272,18.218128
1785820347,deepseek-v2:lite,32.0,10949,1432296,405.99,19.64,.049261,19.855942
1785820368,deepseek-v2:lite,32.0,10940,800000,379.11,19.52,.052754,22.588947
1785820391,deepseek-v2:lite,29.0,10942,800000,363.96,20.23,.054950,14.527515
1785820405,deepseek-v2:lite,32.0,10929,790943,369.32,19.51,.054152,19.165730
1785820425,deepseek-v2:lite,32.0,10932,966666,360.48,19.60,.055480,19.129073
1785820444,deepseek-v2:lite,32.0,10945,1408559,381.33,19.82,.052446,15.638163
1785820460,deepseek-v2:lite,32.0,10953,997468,379.84,19.11,.052652,36.782447
1785820498,deepseek-v2:lite,32.0,10954,1094943,389.97,19.68,.051285,20.832559
1785820519,deepseek-v2:lite,32.0,10942,801169,483.45,19.01,.041368,31.819000
1785820551,deepseek-v2:lite,31.0,10950,1403381,412.42,19.65,.048493,22.791700
1785820574,deepseek-v2:lite,29.0,10954,800278,416.18,19.82,.048055,21.131988
1785820596,deepseek-v2:lite,32.0,10944,802690,423.01,19.88,.047279,16.546104
1785820613,deepseek-v2:lite,32.0,10956,800000,371.12,19.36,.053889,23.801129
1785820637,deepseek-v2:lite,32.0,10951,800000,399.25,20.12,.050093,16.199742
1785820653,deepseek-v2:lite,32.0,10959,1409051,381.19,20.02,.052467,16.176770
1785820670,deepseek-v2:lite,32.0,10942,1194992,384.51,19.62,.052013,21.193056
1785820691,deepseek-v2:lite,32.0,10940,901197,404.79,19.14,.049407,30.876339
1785820723,deepseek-v2:lite,32.0,10944,1600000,388.55,19.58,.051472,20.985967
1785820744,deepseek-v2:lite,32.0,10945,802250,412.81,19.70,.048447,16.138859
1785820761,deepseek-v2:lite,32.0,10945,799071,395.34,19.04,.050589,29.502593
1785820790,deepseek-v2:lite,31.0,10953,800000,396.32,19.54,.050463,22.514720
1785820813,deepseek-v2:lite,29.0,10951,797189,427.55,19.79,.046777,18.997889
1785820833,deepseek-v2:lite,32.0,10954,941965,375.56,19.34,.053252,25.638771
1785820859,deepseek-v2:lite,32.0,10941,799543,379.90,19.64,.052644,18.838880
1785820878,deepseek-v2:lite,32.0,10942,799958,380.01,19.53,.052630,21.754388
1785820900,deepseek-v2:lite,32.0,10948,800383,406.12,19.64,.049245,21.834729
1785820922,deepseek-v2:lite,29.0,10936,800366,380.31,19.84,.052587,19.451627
1785820942,deepseek-v2:lite,32.0,10945,800455,363.29,19.24,.055051,28.890369
1785820971,deepseek-v2:lite,31.0,10951,800205,379.37,19.58,.052718,23.491579
1785820995,deepseek-v2:lite,32.0,10954,2094915,410.05,19.68,.048774,28.950229
1785821025,deepseek-v2:lite,32.0,10945,800000,427.34,20.31,.046800,13.487322
1785821039,deepseek-v2:lite,32.0,10940,800000,363.93,19.85,.054954,19.441111
1785821058,deepseek-v2:lite,32.0,10936,800769,377.69,19.11,.052953,26.316618
1785821085,deepseek-v2:lite,31.0,10938,1007704,385.97,19.31,.051817,23.920019
1785821109,deepseek-v2:lite,32.0,10939,799054,377.10,19.09,.053035,25.661139
1785821135,deepseek-v2:lite,32.0,10942,802622,400.86,19.04,.049892,34.491017
1785821170,deepseek-v2:lite,32.0,10948,785339,377.79,20.18,.052938,21.402829
1785821192,deepseek-v2:lite,32.0,10936,801236,412.03,19.85,.048539,21.102804
1785821214,deepseek-v2:lite,32.0,10936,1057742,407.36,19.53,.049095,25.290427
1785821239,deepseek-v2:lite,32.0,10940,801423,372.01,19.52,.053760,23.564202
1785821263,deepseek-v2:lite,31.0,10936,799571,411.61,19.18,.048589,27.627938
1785821291,deepseek-v2:lite,32.0,10946,799316,439.05,18.93,.045552,36.856277
1785821329,deepseek-v2:lite,32.0,10948,1883365,385.81,19.53,.051838,23.756033
1785821353,deepseek-v2:lite,32.0,10945,800000,403.26,19.73,.049594,18.998493
1785821372,deepseek-v2:lite,33.0,10950,800000,385.41,19.44,.051892,28.180744
1785821401,deepseek-v2:lite,32.0,10935,988461,383.95,19.67,.052089,22.413000
1785821423,deepseek-v2:lite,32.0,10943,1449504,377.02,19.72,.053046,18.908961
1785821443,deepseek-v2:lite,32.0,10944,800428,385.21,19.62,.051918,21.198873
1785821464,deepseek-v2:lite,32.0,10942,1312236,416.18,19.99,.048055,22.201784
1785821487,deepseek-v2:lite,32.0,10946,800000,414.33,20.32,.048269,16.578847
1785821504,deepseek-v2:lite,32.0,10946,717199,378.58,19.95,.052828,15.482760
1785821520,deepseek-v2:lite,31.0,10943,802292,372.62,19.70,.053673,21.360172
1785821541,deepseek-v2:lite,32.0,10950,800252,402.78,19.50,.049653,25.424836
1785821567,deepseek-v2:lite,32.0,10954,800000,388.13,19.12,.051529,27.183078
1785821595,deepseek-v2:lite,32.0,10949,800000,414.46,19.57,.048255,23.034203
1785821618,deepseek-v2:lite,32.0,10935,800000,423.04,19.11,.047276,26.260237
1785821645,deepseek-v2:lite,32.0,10937,800000,409.47,19.29,.048842,22.435350
1785821668,deepseek-v2:lite,32.0,10954,1088333,401.75,19.66,.049782,19.882240
1785821688,deepseek-v2:lite,32.0,10953,882286,395.45,19.40,.050575,28.647893
1785821717,deepseek-v2:lite,31.0,10953,800000,405.06,19.92,.049374,16.861492
1785821734,deepseek-v2:lite,32.0,10945,800301,401.56,19.40,.049804,20.968915
1785821756,deepseek-v2:lite,32.0,10951,801001,396.26,19.46,.050470,26.052624
1785821782,deepseek-v2:lite,29.0,10948,1367599,403.97,19.64,.049508,19.289331
1785821802,deepseek-v2:lite,32.0,10945,2096568,364.17,19.01,.054918,31.505568
1785821834,deepseek-v2:lite,32.0,10949,800000,360.98,19.78,.055403,19.865355
1785821854,deepseek-v2:lite,32.0,10956,801398,366.84,19.85,.054519,16.719002
1785821871,deepseek-v2:lite,32.0,10953,800000,418.72,19.75,.047763,21.004798
1785821892,deepseek-v2:lite,32.0,10950,946160,370.13,19.58,.054034,25.120203
1785821918,deepseek-v2:lite,32.0,10948,799019,381.45,19.93,.052431,25.635773
1785821944,deepseek-v2:lite,32.0,10950,964226,361.99,19.32,.055249,26.133747
1785821970,deepseek-v2:lite,32.0,10942,1588618,473.33,19.56,.042253,23.771044
1785821994,deepseek-v2:lite,32.0,10941,803472,458.16,20.09,.043652,17.265353
1785822012,deepseek-v2:lite,32.0,10943,800000,393.90,19.99,.050773,22.157055
1785822035,deepseek-v2:lite,31.0,10928,1166795,366.89,19.89,.054511,17.641554
1785822053,deepseek-v2:lite,32.0,10949,1158267,379.37,19.43,.052718,21.358177
1785822074,deepseek-v2:lite,32.0,10942,800304,418.74,19.07,.047762,27.260823
1785822102,deepseek-v2:lite,29.0,10946,800177,408.18,20.04,.048997,12.170292
1785822115,deepseek-v2:lite,32.0,10957,1000000,393.20,19.45,.050864,24.364324
1785822139,deepseek-v2:lite,32.0,10946,800000,382.55,19.26,.052280,26.996502
1785822167,deepseek-v2:lite,31.0,10949,803751,378.52,19.73,.052836,23.414447
1785822190,deepseek-v2:lite,31.0,10951,890165,404.41,19.73,.049453,24.117441
1785822215,deepseek-v2:lite,32.0,10945,800000,337.88,18.97,.059192,35.790990
1785822251,deepseek-v2:lite,32.0,10932,684465,464.53,19.82,.043053,15.734597
1785822267,deepseek-v2:lite,29.0,10941,800000,381.00,19.54,.052492,21.136060
1785822289,deepseek-v2:lite,33.0,10942,800000,402.17,19.75,.049729,18.425353
1785822308,deepseek-v2:lite,29.0,10935,1167775,383.77,19.83,.052114,19.810233
1785822328,deepseek-v2:lite,32.0,10938,1681449,363.90,19.90,.054959,18.491931
1785822347,deepseek-v2:lite,32.0,10950,799720,371.94,19.14,.053771,31.964544
1785822379,deepseek-v2:lite,31.0,10940,801084,415.37,19.73,.048148,22.495798
1785822402,deepseek-v2:lite,32.0,10942,2100000,421.91,19.17,.047403,26.695575
1785822429,deepseek-v2:lite,32.0,10947,802366,413.06,19.39,.048418,24.951335
1785822454,deepseek-v2:lite,32.0,10946,1110147,370.47,19.73,.053984,16.769746
1785822471,deepseek-v2:lite,32.0,10947,800000,404.22,19.56,.049477,21.827264
1785822494,deepseek-v2:lite,32.0,10933,799438,374.60,19.60,.053389,25.199142
1785822519,deepseek-v2:lite,32.0,10940,1059550,406.42,19.51,.049209,25.669338
1785822545,deepseek-v2:lite,33.0,10953,622014,382.31,19.22,.052313,27.259324
1785822573,deepseek-v2:lite,32.0,10947,856540,391.81,19.35,.051044,23.921073
1785822597,deepseek-v2:lite,32.0,10951,798993,369.90,19.92,.054068,17.863157
1785822615,deepseek-v2:lite,32.0,10952,800928,399.87,20.05,.050015,17.199622
1785822633,deepseek-v2:lite,32.0,10941,800000,384.89,19.75,.051962,19.080244
1785822652,deepseek-v2:lite,32.0,10942,798845,381.79,19.41,.052384,21.839201
1785822675,deepseek-v2:lite,32.0,10951,800371,383.90,19.45,.052096,24.614763
1785822700,deepseek-v2:lite,32.0,10952,800000,447.29,19.78,.044713,13.698214
1785822714,deepseek-v2:lite,31.0,10952,800000,376.16,19.46,.053168,25.641528
1785822740,deepseek-v2:lite,31.0,10954,800000,380.44,19.61,.052570,21.715031
1785822762,deepseek-v2:lite,32.0,10947,1488946,388.65,19.54,.051459,20.825841
1785822783,deepseek-v2:lite,32.0,10944,1135117,381.10,19.13,.052478,29.990924
1785822813,deepseek-v2:lite,31.0,10949,800000,386.08,19.28,.051801,24.473348
1785822838,deepseek-v2:lite,32.0,10947,800000,389.11,19.60,.051398,26.569669
1785822865,deepseek-v2:lite,32.0,10949,1465714,371.45,20.15,.053842,12.357268
1785822878,deepseek-v2:lite,32.0,10934,799870,400.63,19.65,.049920,24.323259
1785822903,deepseek-v2:lite,31.0,10933,799561,411.43,19.46,.048610,24.609750
1785822928,deepseek-v2:lite,32.0,10935,799198,453.25,19.30,.044124,30.558532
1785822959,deepseek-v2:lite,31.0,10936,800000,382.63,19.66,.052268,23.140237
1785822982,deepseek-v2:lite,32.0,10951,777074,372.59,20.19,.053678,17.977336
1785823000,deepseek-v2:lite,32.0,10938,1022898,383.87,20.09,.052100,21.097383
1785823022,deepseek-v2:lite,32.0,10945,800000,472.13,19.53,.042360,26.054796
1785823048,deepseek-v2:lite,32.0,10934,801417,378.23,19.70,.052876,20.452402
1785823069,deepseek-v2:lite,32.0,10942,1109663,363.98,19.55,.054947,20.762059
1785823090,deepseek-v2:lite,32.0,10940,800000,415.97,19.42,.048079,24.913750
1785823116,deepseek-v2:lite,31.0,10942,998605,371.68,19.35,.053809,23.668644
1785823140,deepseek-v2:lite,28.0,10935,800406,497.41,20.03,.040207,19.318091
1785823159,deepseek-v2:lite,32.0,10941,799220,391.34,19.83,.051105,19.713633
1785823179,deepseek-v2:lite,32.0,10947,799259,386.34,19.61,.051767,23.140323
1785823203,deepseek-v2:lite,29.0,10939,804024,409.96,20.22,.048784,20.919528
1785823224,deepseek-v2:lite,32.0,10951,797982,385.66,19.76,.051858,27.770543
1785823252,deepseek-v2:lite,32.0,10946,801927,364.63,19.25,.054849,27.832792
1785823281,deepseek-v2:lite,32.0,10937,1093401,374.92,19.45,.053344,25.500523
1785823306,deepseek-v2:lite,32.0,10942,800000,385.01,19.56,.051946,22.637746
1785823330,deepseek-v2:lite,31.0,10953,1500000,399.53,19.51,.050058,22.951070
1785823353,deepseek-v2:lite,31.0,10946,801358,399.36,19.71,.050079,23.946834
1785823377,deepseek-v2:lite,31.0,10935,799630,382.44,19.22,.052294,27.200022
1785823405,deepseek-v2:lite,32.0,10943,693688,389.47,19.24,.051351,29.001303
1785823434,deepseek-v2:lite,31.0,10942,800000,377.97,19.56,.052913,24.789487
1785823459,deepseek-v2:lite,32.0,10936,800000,376.55,19.65,.053113,18.776063
1785823479,deepseek-v2:lite,32.0,10942,800000,411.12,19.88,.048647,17.400815
1785823496,deepseek-v2:lite,31.0,10947,1000000,388.13,19.75,.051528,20.753712
1785823517,deepseek-v2:lite,32.0,10945,800000,434.63,19.52,.046015,26.227098
1785823544,deepseek-v2:lite,32.0,10951,1100000,402.49,20.07,.049689,14.099573
1785823558,deepseek-v2:lite,32.0,10958,922165,391.02,19.24,.051147,29.518520
1785823588,deepseek-v2:lite,32.0,10944,801426,389.11,20.01,.051399,19.489175
1785823608,deepseek-v2:lite,32.0,10930,799439,399.13,19.84,.050108,22.771916
1785823631,deepseek-v2:lite,32.0,10932,798855,372.62,19.55,.053673,25.572642
1785823657,deepseek-v2:lite,32.0,10953,800000,493.14,19.78,.040555,17.239128
1785823675,deepseek-v2:lite,32.0,11137,1167582,363.30,20.59,.055050,7.866470
1785823683,deepseek-v2:lite,32.0,10999,2000000,401.12,20.04,.049859,19.804060
1785823703,deepseek-v2:lite,32.0,10965,646412,392.30,19.10,.050980,35.915767
1785823740,deepseek-v2:lite,32.0,10957,976253,418.65,20.12,.047771,14.611806
1785823754,deepseek-v2:lite,32.0,10958,1000000,376.56,19.47,.053111,20.951128
1785823776,deepseek-v2:lite,31.0,10951,2108606,389.04,19.71,.051407,17.348905
1785823793,deepseek-v2:lite,32.0,10932,1384207,379.47,19.34,.052704,25.690950
1785823820,deepseek-v2:lite,32.0,10952,800000,360.96,19.50,.055407,26.502837
1785823846,deepseek-v2:lite,32.0,10948,800000,401.03,20.62,.049871,18.767264
1785823866,deepseek-v2:lite,32.0,10947,801134,395.21,20.55,.050604,19.901306
1785823886,deepseek-v2:lite,32.0,10957,801186,399.79,20.78,.050025,18.379980
1785823905,deepseek-v2:lite,31.0,10953,831326,408.45,20.01,.048964,18.781634
1785823924,deepseek-v2:lite,31.0,10953,800549,373.80,19.33,.053504,32.330842
1785823957,deepseek-v2:lite,32.0,10945,799785,382.33,20.10,.052310,18.150729
1785823975,deepseek-v2:lite,32.0,10948,799444,355.67,19.40,.056231,22.310345
1785823998,deepseek-v2:lite,32.0,10958,800000,347.93,19.64,.057482,21.127565
1785824019,deepseek-v2:lite,29.0,10958,800000,378.80,20.03,.052797,21.015380
1785824041,deepseek-v2:lite,29.0,10959,800000,383.42,19.67,.052161,22.156860
1785824063,deepseek-v2:lite,31.0,10959,800000,377.61,19.59,.052963,22.406656
1785824086,deepseek-v2:lite,32.0,10957,798911,412.61,19.41,.048470,20.396585
1785824107,deepseek-v2:lite,31.0,10951,1804721,403.42,19.37,.049575,27.457635
1785824135,deepseek-v2:lite,32.0,10953,1234846,391.01,19.94,.051148,14.993958
1785824150,deepseek-v2:lite,32.0,10956,807005,383.99,19.57,.052084,23.963450
1785824174,deepseek-v2:lite,32.0,10954,1590575,372.03,20.66,.053759,13.934398
1785824189,deepseek-v2:lite,32.0,10956,799271,414.83,19.89,.048211,26.437552
1785824215,deepseek-v2:lite,33.0,10952,1000354,378.15,19.36,.052888,27.267590
1785824243,deepseek-v2:lite,32.0,10945,1028503,374.42,19.79,.053415,18.437435
1785824262,deepseek-v2:lite,32.0,10950,1201483,377.35,19.49,.053001,31.701121
1785824294,deepseek-v2:lite,32.0,10947,800000,379.95,20.09,.052637,17.913128
1785824312,deepseek-v2:lite,32.0,10948,800000,374.73,19.50,.053371,24.403570
1785824337,deepseek-v2:lite,31.0,10952,800000,383.30,20.06,.052178,14.353250
1785824352,deepseek-v2:lite,32.0,10953,800000,361.52,19.96,.055321,20.988128
1785824373,deepseek-v2:lite,31.0,10959,797837,514.17,19.91,.038896,22.142700
1785824396,deepseek-v2:lite,32.0,10944,799990,398.40,20.09,.050200,22.491531
1785824418,deepseek-v2:lite,32.0,10945,1924503,391.98,19.75,.051022,23.231684
1785824442,deepseek-v2:lite,32.0,10938,1830334,380.84,19.58,.052515,23.686946
1785824466,deepseek-v2:lite,32.0,10943,800000,385.80,19.14,.051839,27.476135
1785824494,deepseek-v2:lite,30.0,10945,800467,379.25,19.35,.052735,25.630231
1785824520,deepseek-v2:lite,32.0,10950,1503846,375.71,19.65,.053232,22.849790
1785824543,deepseek-v2:lite,32.0,10950,800000,465.15,19.31,.042996,26.095874
1785824570,deepseek-v2:lite,32.0,10953,1002777,389.58,19.68,.051337,21.747832
1785824592,deepseek-v2:lite,32.0,10956,1489045,375.01,19.29,.053330,26.018113
1785824618,deepseek-v2:lite,32.0,10952,800000,371.78,20.00,.053793,22.339626
1785824641,deepseek-v2:lite,32.0,10943,800000,392.95,20.20,.050896,15.738211
1785824657,deepseek-v2:lite,31.0,10948,796812,402.40,19.49,.049700,27.597294
1785824685,deepseek-v2:lite,32.0,10950,799345,362.72,19.54,.055138,22.824692
1785824708,deepseek-v2:lite,32.0,10945,800854,383.12,19.39,.052202,27.632673
1785824736,deepseek-v2:lite,31.0,10944,800000,386.35,19.61,.051765,23.151289
1785824760,deepseek-v2:lite,32.0,10942,1892583,369.27,19.48,.054160,20.885164
1785824781,deepseek-v2:lite,31.0,10944,802640,379.57,19.59,.052690,17.659396
1785824799,deepseek-v2:lite,32.0,10946,800000,378.04,19.43,.052903,25.317823
1785824825,deepseek-v2:lite,32.0,10931,708676,395.48,19.44,.050570,25.508893
1785824851,deepseek-v2:lite,32.0,10944,1013744,356.72,19.58,.056065,24.711010
1785824876,deepseek-v2:lite,29.0,10950,1000000,416.18,19.81,.048055,21.449463
1785824898,deepseek-v2:lite,31.0,10939,786782,379.14,19.66,.052750,22.778067
1785824921,deepseek-v2:lite,32.0,10957,800000,396.92,19.59,.050386,23.678745
1785824945,deepseek-v2:lite,32.0,10940,799153,397.43,19.99,.050322,27.110703
1785824972,deepseek-v2:lite,32.0,10947,800000,395.32,19.98,.050591,21.862950
1785824995,deepseek-v2:lite,31.0,10957,801106,364.32,18.55,.054896,44.088461
1785825039,deepseek-v2:lite,31.0,10949,798576,390.20,19.78,.051254,18.344881
1785825058,deepseek-v2:lite,32.0,10950,1000000,384.53,19.76,.052011,17.658556
1785825076,deepseek-v2:lite,32.0,10946,1191584,385.40,19.87,.051892,24.704490
1785825101,deepseek-v2:lite,32.0,10946,800000,379.40,19.46,.052714,24.860039
1785825126,deepseek-v2:lite,32.0,10939,800000,377.71,19.48,.052950,25.045830
1785825152,deepseek-v2:lite,32.0,10939,787001,395.17,20.12,.050611,17.394194
1785825170,deepseek-v2:lite,31.0,10945,799327,397.96,19.53,.050255,29.537855
1785825200,deepseek-v2:lite,32.0,10945,800202,419.73,19.74,.047649,20.969496
1785825221,deepseek-v2:lite,32.0,10942,800000,384.29,19.57,.052042,20.949835
1785825242,deepseek-v2:lite,32.0,10935,1500000,404.30,19.62,.049468,24.554452
1785825267,deepseek-v2:lite,32.0,10948,800000,384.88,19.26,.051963,23.715737
1785825291,deepseek-v2:lite,32.0,10944,1954811,378.59,19.36,.052827,23.445294
1785825315,deepseek-v2:lite,32.0,10945,797085,371.84,19.49,.053785,26.010878
1785825342,deepseek-v2:lite,32.0,10946,801997,398.17,20.11,.050229,20.882633
1785825363,deepseek-v2:lite,32.0,10945,1200000,399.56,19.69,.050054,21.981942
1785825385,deepseek-v2:lite,32.0,10951,799784,462.15,19.76,.043275,16.541502
1785825402,deepseek-v2:lite,30.0,10943,800000,367.59,19.77,.054407,13.599763
1785825416,deepseek-v2:lite,32.0,10941,800452,413.33,19.22,.048386,25.335344
1785825442,deepseek-v2:lite,32.0,10951,818249,380.82,19.55,.052518,24.905312
1785825467,deepseek-v2:lite,32.0,10945,800727,393.81,19.97,.050785,14.867906
1785825482,deepseek-v2:lite,32.0,10950,1153589,370.24,19.21,.054018,27.368982
1785825510,deepseek-v2:lite,32.0,10954,1030582,411.33,19.84,.048621,17.086194
1785825527,deepseek-v2:lite,32.0,10945,800000,417.53,19.20,.047900,25.200530
1785825553,deepseek-v2:lite,31.0,10959,800000,369.11,18.96,.054183,31.474116
1785825585,deepseek-v2:lite,32.0,10971,797408,395.17,19.68,.050609,18.849099
1785825604,deepseek-v2:lite,32.0,10960,1411603,418.39,19.22,.047801,26.005486
1785825630,deepseek-v2:lite,32.0,10954,798813,394.13,19.52,.050743,20.534442
1785825651,deepseek-v2:lite,31.0,10946,1360912,403.16,19.68,.049607,17.931403
1785825670,deepseek-v2:lite,31.0,10939,802676,433.40,19.48,.046145,20.275020
1785825690,deepseek-v2:lite,32.0,10945,800000,399.41,19.87,.050073,17.003078
1785825708,deepseek-v2:lite,32.0,10944,800000,382.26,19.39,.052319,21.091759
1785825729,deepseek-v2:lite,31.0,10942,800000,413.87,19.51,.048323,22.908265
1785825752,deepseek-v2:lite,32.0,10946,801373,360.90,19.83,.055415,21.128974
1785825774,deepseek-v2:lite,28.0,10946,800000,372.59,19.78,.053677,21.787540
1785825796,deepseek-v2:lite,28.0,10943,799641,404.94,19.60,.049389,20.348797
1785825817,deepseek-v2:lite,31.0,10949,1045235,362.40,19.79,.055187,21.216175
1785825838,deepseek-v2:lite,32.0,10946,1062445,376.32,19.74,.053146,19.296444
1785825858,deepseek-v2:lite,32.0,10942,800000,417.09,19.44,.047950,23.189544
1785825882,deepseek-v2:lite,32.0,10943,2097712,410.78,19.74,.048686,18.992772
1785825901,deepseek-v2:lite,32.0,10955,800000,491.33,19.24,.040705,27.226446
1785825929,deepseek-v2:lite,32.0,10955,800000,384.56,19.51,.052006,26.852602
1785825956,deepseek-v2:lite,32.0,10950,800693,448.71,19.65,.044572,24.016926
1785825980,deepseek-v2:lite,32.0,10960,1063043,376.20,19.73,.053162,25.189738
1785826006,deepseek-v2:lite,32.0,10944,737861,382.82,19.45,.052243,23.127547
1785826029,deepseek-v2:lite,32.0,10952,802816,378.89,19.47,.052785,20.535716
1785826050,deepseek-v2:lite,32.0,10950,1213755,376.38,19.61,.053137,17.181799
1785826068,deepseek-v2:lite,32.0,10944,800809,416.27,19.69,.048044,19.088480
1785826087,deepseek-v2:lite,32.0,10955,1000000,418.77,19.59,.047757,21.538147
1785826109,deepseek-v2:lite,32.0,10953,799205,478.50,19.25,.041796,25.393430
1785826135,deepseek-v2:lite,32.0,10950,800000,435.28,19.66,.045947,23.182636
1785826158,deepseek-v2:lite,32.0,10950,801508,400.00,19.30,.049999,36.367628
1785826195,deepseek-v2:lite,32.0,10942,800000,377.89,19.19,.052925,29.383500
1785826225,deepseek-v2:lite,32.0,10949,798510,360.95,19.50,.055408,23.373293
1785826249,deepseek-v2:lite,32.0,10948,1400000,439.95,19.37,.045458,24.098243
1785826273,deepseek-v2:lite,29.0,10954,800000,445.13,19.11,.044929,29.398230
1785826303,deepseek-v2:lite,32.0,10957,800000,415.60,19.80,.048122,19.645580
1785826323,deepseek-v2:lite,32.0,10952,799558,372.68,19.97,.053664,18.172102
1785826342,deepseek-v2:lite,32.0,10952,800000,461.09,19.48,.043374,21.559062
1785826364,deepseek-v2:lite,31.0,10950,755525,413.63,19.88,.048352,18.609233
1785826382,deepseek-v2:lite,32.0,10947,1794392,407.09,19.35,.049128,27.127147
1785826410,deepseek-v2:lite,31.0,10943,799249,373.35,19.32,.053568,29.439102
1785826440,deepseek-v2:lite,30.0,10952,812195,380.96,20.00,.052498,16.244386
1785826456,deepseek-v2:lite,32.0,10961,815966,376.09,19.25,.053178,26.383968
1785826483,deepseek-v2:lite,32.0,10946,799039,409.19,19.93,.048876,18.564482
1785826502,deepseek-v2:lite,32.0,10950,799939,385.03,19.55,.051943,25.156839
1785826528,deepseek-v2:lite,32.0,10949,1492407,384.91,19.33,.051959,29.279147
1785826557,deepseek-v2:lite,32.0,10952,800000,403.27,19.69,.049593,19.189368
1785826577,deepseek-v2:lite,32.0,10948,800000,404.12,19.88,.049489,19.814562
1785826597,deepseek-v2:lite,32.0,10946,978526,352.83,19.86,.056683,19.682711
1785826617,deepseek-v2:lite,32.0,10945,800000,386.61,19.52,.051731,21.765978
1785826639,deepseek-v2:lite,32.0,10952,1126709,386.44,19.48,.051753,26.424621
1785826666,deepseek-v2:lite,32.0,10951,800000,406.95,21.45,.049145,8.202516
1785826675,deepseek-v2:lite,32.0,10951,1144906,405.62,20.13,.049306,22.201101
1785826697,deepseek-v2:lite,32.0,10940,799047,369.74,20.22,.054091,15.672883
1785826713,deepseek-v2:lite,32.0,10951,800000,421.84,19.89,.047410,21.511723
1785826735,deepseek-v2:lite,32.0,10944,2100000,388.38,19.48,.051495,24.119458
1785826760,deepseek-v2:lite,32.0,10941,1010963,410.21,19.82,.048754,20.528082
1785826780,deepseek-v2:lite,32.0,10944,1002331,401.63,18.97,.049796,32.523490
1785826813,deepseek-v2:lite,31.0,10954,798504,388.26,20.44,.051511,14.672692
1785826828,deepseek-v2:lite,32.0,10953,798657,360.70,19.49,.055446,23.135841
1785826852,deepseek-v2:lite,32.0,10977,800000,416.02,19.49,.048073,25.651403
1785826878,deepseek-v2:lite,32.0,10979,1002132,396.02,19.64,.050501,17.360991
1785826896,deepseek-v2:lite,32.0,10976,1056854,361.87,19.81,.055268,18.317311
1785826914,deepseek-v2:lite,32.0,10966,800935,397.12,19.49,.050361,25.749658
1785826940,deepseek-v2:lite,32.0,10964,800000,386.37,19.62,.051762,21.761888
1785826963,deepseek-v2:lite,32.0,10943,1093067,409.52,19.83,.048837,16.484389
1785826979,deepseek-v2:lite,32.0,10939,976388,349.29,19.17,.057257,27.792587
1785827008,deepseek-v2:lite,32.0,10946,1302982,402.61,19.53,.049675,25.030234
1785827033,deepseek-v2:lite,32.0,10946,1873731,391.56,19.26,.051076,19.876922
1785827053,deepseek-v2:lite,32.0,10952,1137565,380.67,19.16,.052538,32.251446
1785827086,deepseek-v2:lite,32.0,10957,800000,361.23,19.49,.055365,22.360493
1785827109,deepseek-v2:lite,32.0,10959,1404416,356.90,19.84,.056036,19.296516
1785827128,deepseek-v2:lite,32.0,10953,800541,374.85,19.50,.053354,18.812824
1785827148,deepseek-v2:lite,32.0,10952,1582021,396.24,19.80,.050473,17.266974
1785827165,deepseek-v2:lite,32.0,10956,800000,367.17,20.41,.054470,14.253206
1785827180,deepseek-v2:lite,32.0,10956,1294054,399.01,19.81,.050122,26.692607
1785827207,deepseek-v2:lite,31.0,10947,657408,376.02,19.11,.053187,29.868146
1785827237,deepseek-v2:lite,32.0,10943,1647777,372.56,20.06,.053682,12.606358
1785827250,deepseek-v2:lite,32.0,10939,798730,419.29,19.07,.047698,29.989256
1785827281,deepseek-v2:lite,32.0,10944,1140104,365.36,20.06,.054739,18.091502
1785827299,deepseek-v2:lite,32.0,10944,799661,409.41,19.68,.048850,19.301917
1785827319,deepseek-v2:lite,32.0,10949,800000,340.34,19.49,.058764,24.210630
1785827343,deepseek-v2:lite,32.0,10944,844995,415.90,20.18,.048088,16.447819
1785827360,deepseek-v2:lite,32.0,10939,1101960,436.56,20.33,.045811,20.362306
1785827381,deepseek-v2:lite,32.0,10948,798668,392.45,20.06,.050961,18.343030
1785827399,deepseek-v2:lite,32.0,10953,1166724,358.73,19.15,.055751,27.566301
1785827427,deepseek-v2:lite,29.0,10952,1088895,411.62,19.33,.048588,20.326247
1785827448,deepseek-v2:lite,32.0,10954,800053,399.14,19.52,.050107,20.641719
1785827469,deepseek-v2:lite,31.0,10941,800000,399.11,19.53,.050110,22.626921
1785827492,deepseek-v2:lite,32.0,10935,1100000,419.21,19.26,.047707,26.686925
1785827519,deepseek-v2:lite,32.0,10955,797444,361.31,19.57,.055353,20.229429
1785827540,deepseek-v2:lite,32.0,10939,1510752,406.89,19.66,.049152,18.713760
1785827559,deepseek-v2:lite,32.0,10933,1162309,378.46,20.19,.052844,12.924301
1785827572,deepseek-v2:lite,32.0,10943,1771554,424.72,19.65,.047089,15.978863
1785827588,deepseek-v2:lite,32.0,10960,1159777,383.23,19.48,.052187,20.936351
1785827610,deepseek-v2:lite,31.0,10951,1878711,395.77,20.00,.050533,23.042356
1785827633,deepseek-v2:lite,31.0,10947,801492,379.53,20.21,.052695,17.063819
1785827650,deepseek-v2:lite,32.0,10951,798224,361.90,19.66,.055262,23.396210
1785827674,deepseek-v2:lite,32.0,10938,800342,409.46,19.74,.048843,22.582797
1785827697,deepseek-v2:lite,31.0,10939,800000,413.95,19.46,.048314,22.608046
1785827720,deepseek-v2:lite,28.0,10946,2000000,408.26,19.66,.048988,18.258861
1785827739,deepseek-v2:lite,32.0,10949,1531428,361.81,19.79,.055276,16.111337
1785827755,deepseek-v2:lite,32.0,10950,604101,391.50,19.58,.051085,23.025456
1785827779,deepseek-v2:lite,31.0,10947,800000,385.31,19.69,.051905,19.798455
1785827799,deepseek-v2:lite,31.0,10951,800000,375.31,19.89,.053288,16.936450
1785827816,deepseek-v2:lite,32.0,10948,800000,384.26,19.51,.052047,21.782509
1785827838,deepseek-v2:lite,32.0,10940,800000,416.88,19.79,.047975,18.692996
1785827857,deepseek-v2:lite,32.0,10938,800557,365.62,19.67,.054700,23.224721
1785827881,deepseek-v2:lite,32.0,10945,1872613,400.52,20.90,.049934,5.262054
1785827886,deepseek-v2:lite,32.0,10946,800000,406.47,19.67,.049203,27.340388
1785827914,deepseek-v2:lite,32.0,10946,799131,399.23,19.88,.050096,18.754107
1785827933,deepseek-v2:lite,32.0,10940,780465,422.08,19.93,.047384,17.804949
1785827951,deepseek-v2:lite,29.0,10941,1000000,384.77,19.36,.051978,28.459968
1785827980,deepseek-v2:lite,32.0,10929,800000,463.46,19.88,.043152,23.738003
1785828004,deepseek-v2:lite,33.0,10923,800000,395.29,19.32,.050595,25.814846
1785828031,deepseek-v2:lite,31.0,10942,881202,369.30,19.31,.054155,23.346133
1785828054,deepseek-v2:lite,32.0,10953,1792209,410.44,19.49,.048727,23.749485
1785828079,deepseek-v2:lite,32.0,10945,983912,412.24,19.87,.048514,16.096621
1785828095,deepseek-v2:lite,32.0,10953,1872876,412.14,19.67,.048526,22.261935
1785828118,deepseek-v2:lite,32.0,10956,798870,361.92,19.89,.055259,19.757389
1785828138,deepseek-v2:lite,32.0,10956,857377,413.55,19.23,.048361,24.221858
1785828162,deepseek-v2:lite,32.0,10959,1100000,401.13,19.73,.049858,21.383937
1785828184,deepseek-v2:lite,32.0,10950,1207692,403.19,19.73,.049603,21.026871
1785828206,deepseek-v2:lite,31.0,10956,800000,399.00,19.15,.050124,28.666490
1785828235,deepseek-v2:lite,32.0,10945,1536134,413.49,19.77,.048368,22.505479
1785828257,deepseek-v2:lite,32.0,10948,1380501,390.06,20.59,.051272,11.603236
1785828269,deepseek-v2:lite,32.0,10947,800926,411.94,20.40,.048550,20.734074
1785828291,deepseek-v2:lite,32.0,10954,800543,399.71,20.07,.050036,25.257763
1785828316,deepseek-v2:lite,32.0,10950,1197660,385.49,19.01,.051881,34.080994
1785828351,deepseek-v2:lite,29.0,10947,799638,410.70,19.36,.048696,28.452645
1785828380,deepseek-v2:lite,32.0,10951,760600,383.47,19.52,.052155,23.768449
1785828404,deepseek-v2:lite,32.0,10952,800000,374.69,19.59,.053377,26.743622
1785828431,deepseek-v2:lite,32.0,10947,802749,379.83,20.00,.052653,17.892795
1785828449,deepseek-v2:lite,32.0,10949,800000,415.57,19.67,.048125,19.267752
1785828469,deepseek-v2:lite,32.0,10951,810663,412.73,19.15,.048457,28.451597
1785828498,deepseek-v2:lite,32.0,10950,800843,429.26,20.56,.046591,13.566664
1785828511,deepseek-v2:lite,32.0,10942,1041758,425.73,20.02,.046977,21.525939
1785828533,deepseek-v2:lite,32.0,10942,800000,432.02,19.74,.046294,23.495241
1785828557,deepseek-v2:lite,29.0,10953,799027,443.30,20.32,.045115,11.855665
1785828569,deepseek-v2:lite,32.0,10951,800000,379.56,19.14,.052692,31.546301
1785828601,deepseek-v2:lite,32.0,10960,1944738,371.46,20.02,.053840,17.625089
1785828619,deepseek-v2:lite,32.0,10950,883685,363.31,19.78,.055049,19.505507
1785828639,deepseek-v2:lite,29.0,10942,1200000,368.41,19.64,.054286,16.290039
1785828656,deepseek-v2:lite,32.0,10935,798771,377.84,20.18,.052931,20.361520
1785828677,deepseek-v2:lite,32.0,10951,660437,388.52,19.47,.051476,25.778252
1785828703,deepseek-v2:lite,32.0,10959,1134693,390.66,19.87,.051194,15.191552
1785828718,deepseek-v2:lite,32.0,10942,798613,372.34,19.75,.053713,15.998770
1785828735,deepseek-v2:lite,32.0,10955,829387,414.23,19.58,.048281,18.789022
1785828754,deepseek-v2:lite,32.0,10957,1200000,411.21,19.74,.048636,19.597943
1785828774,deepseek-v2:lite,32.0,10947,1428248,396.25,19.56,.050473,24.588999
1785828799,deepseek-v2:lite,32.0,10940,800146,381.60,19.45,.052410,24.675982
1785828824,deepseek-v2:lite,32.0,10944,1151544,370.85,19.29,.053929,28.148705
1785828852,deepseek-v2:lite,28.0,10944,800000,412.38,19.51,.048498,22.647122
1785828875,deepseek-v2:lite,32.0,10951,802312,360.37,19.68,.055498,21.536801
1785828897,deepseek-v2:lite,31.0,10943,1919227,358.53,19.65,.055783,29.454433
1785828927,deepseek-v2:lite,32.0,10938,797940,411.43,19.48,.048610,25.347991
1785828953,deepseek-v2:lite,32.0,10945,1435135,380.09,20.00,.052618,19.697768
1785828973,deepseek-v2:lite,31.0,10942,800786,384.42,19.46,.052025,20.552812
1785828994,deepseek-v2:lite,32.0,10942,1064516,411.57,19.55,.048594,24.238907
1785829019,deepseek-v2:lite,32.0,10951,1346578,380.19,19.42,.052604,21.057833
1785829040,deepseek-v2:lite,32.0,10955,801194,383.39,19.23,.052165,27.663862
1785829068,deepseek-v2:lite,32.0,10954,798294,376.39,19.05,.053136,30.859231
1785829099,deepseek-v2:lite,32.0,10953,800282,383.41,19.47,.052162,25.054488
1785829125,deepseek-v2:lite,32.0,10955,799546,368.82,19.43,.054225,26.656196
1785829152,deepseek-v2:lite,31.0,10952,1981587,381.91,20.16,.052367,17.707602
1785829170,deepseek-v2:lite,31.0,10941,947329,351.21,20.13,.056945,21.106024
1785829191,deepseek-v2:lite,32.0,10953,800000,384.73,19.76,.051983,24.337825
1785829216,deepseek-v2:lite,32.0,10945,800000,386.03,19.22,.051809,31.675609
1785829248,deepseek-v2:lite,32.0,10946,626910,412.06,19.47,.048536,24.284506
1785829273,deepseek-v2:lite,32.0,10943,800379,373.68,19.67,.053521,20.025444
1785829293,deepseek-v2:lite,31.0,10934,800000,383.38,19.64,.052167,18.117315
1785829312,deepseek-v2:lite,31.0,10952,800000,389.06,19.62,.051405,20.841899
1785829333,deepseek-v2:lite,32.0,10958,1074202,382.70,19.21,.052259,30.761911
1785829364,deepseek-v2:lite,32.0,10928,800235,404.93,19.80,.049390,19.489246
1785829384,deepseek-v2:lite,32.0,10935,798722,406.21,19.33,.049234,25.291522
1785829410,deepseek-v2:lite,32.0,10944,946386,421.00,19.74,.047505,18.287494
1785829428,deepseek-v2:lite,32.0,10948,997218,378.60,19.53,.052825,26.056399
1785829455,deepseek-v2:lite,31.0,10938,800000,435.20,19.36,.045955,22.878256
1785829478,deepseek-v2:lite,32.0,10943,800000,411.30,20.00,.048625,14.897343
1785829493,deepseek-v2:lite,31.0,10942,918917,384.68,19.55,.051990,25.724677
1785829519,deepseek-v2:lite,32.0,10947,800000,374.04,19.62,.053469,16.303907
1785829536,deepseek-v2:lite,29.0,10951,848062,381.63,20.08,.052406,22.051874
1785829558,deepseek-v2:lite,32.0,10947,800000,385.70,20.28,.051852,18.143197
1785829577,deepseek-v2:lite,32.0,10941,800000,420.23,19.79,.047591,25.212326
1785829603,deepseek-v2:lite,29.0,10949,958870,532.85,19.59,.037533,19.285800
1785829622,deepseek-v2:lite,32.0,10951,1200000,383.76,19.26,.052115,27.457679
1785829650,deepseek-v2:lite,31.0,10943,800320,432.16,19.62,.046278,19.716772
1785829670,deepseek-v2:lite,32.0,10948,798666,385.25,19.55,.051913,25.519707
1785829696,deepseek-v2:lite,31.0,10941,800015,362.15,19.63,.055225,25.721335
1785829722,deepseek-v2:lite,32.0,10946,800000,388.80,18.97,.051439,31.779123
1785829754,deepseek-v2:lite,32.0,10946,799146,409.02,19.64,.048896,21.480481
1785829776,deepseek-v2:lite,31.0,10946,1862366,411.35,19.65,.048619,19.438627
1785829796,deepseek-v2:lite,32.0,10955,799074,401.51,19.09,.049811,32.526911
1785829829,deepseek-v2:lite,29.0,10952,799705,376.14,19.51,.053171,26.188523
1785829856,deepseek-v2:lite,30.0,10939,842113,412.52,19.83,.048481,18.347895
1785829874,deepseek-v2:lite,32.0,10938,1500000,389.80,19.79,.051308,21.627006
1785829896,deepseek-v2:lite,32.0,10949,803085,389.58,19.01,.051336,35.440068
1785829932,deepseek-v2:lite,32.0,10944,800000,399.39,20.06,.050075,17.142510
1785829950,deepseek-v2:lite,32.0,10951,800344,414.12,19.54,.048294,25.997267
1785829976,deepseek-v2:lite,32.0,10953,801003,442.85,19.65,.045161,17.504638
1785829994,deepseek-v2:lite,32.0,10948,799312,415.47,19.38,.048137,26.305427
1785830021,deepseek-v2:lite,32.0,10961,800000,402.86,19.48,.049644,21.558675
1785830042,deepseek-v2:lite,32.0,10959,801240,413.88,19.21,.048322,36.742351
1785830080,deepseek-v2:lite,32.0,10953,797774,374.69,19.91,.053377,23.697492
1785830104,deepseek-v2:lite,29.0,10953,800000,424.91,19.81,.047067,21.954492
1785830126,deepseek-v2:lite,32.0,10945,800000,383.35,19.88,.052170,16.494647
1785830143,deepseek-v2:lite,28.0,10946,1796829,415.12,19.64,.048177,23.061256
1785830166,deepseek-v2:lite,28.0,10950,800333,378.35,19.56,.052859,21.263189
1785830188,deepseek-v2:lite,31.0,10963,966706,368.55,19.90,.054265,19.194063
1785830208,deepseek-v2:lite,32.0,10950,798987,411.72,19.23,.048575,28.436206
1785830236,deepseek-v2:lite,32.0,10956,797448,393.95,19.63,.050767,22.257748
1785830259,deepseek-v2:lite,32.0,10940,800000,375.80,19.61,.053219,25.188729
1785830285,deepseek-v2:lite,31.0,10946,799955,382.71,19.64,.052257,20.869829
1785830306,deepseek-v2:lite,32.0,10945,1800487,406.47,19.45,.049204,23.031471
1785830329,deepseek-v2:lite,31.0,10952,800000,371.68,19.40,.053808,21.487188
1785830351,deepseek-v2:lite,32.0,10962,1487489,484.59,19.61,.041271,16.215849
1785830368,deepseek-v2:lite,32.0,10959,800403,406.32,19.24,.049222,30.765539
1785830399,deepseek-v2:lite,29.0,10958,800000,377.35,19.21,.053000,28.828291
1785830428,deepseek-v2:lite,32.0,10958,800177,389.80,19.52,.051307,19.662180
1785830448,deepseek-v2:lite,31.0,10950,1400000,416.71,19.74,.047994,19.599814
1785830468,deepseek-v2:lite,32.0,10949,800000,412.38,19.38,.048498,24.807397
1785830493,deepseek-v2:lite,32.0,10955,799542,384.39,19.99,.052029,14.356695
1785830508,deepseek-v2:lite,32.0,10951,858842,504.26,19.75,.039661,18.425422
1785830527,deepseek-v2:lite,32.0,10947,1022337,390.73,18.96,.051185,33.898073
1785830561,deepseek-v2:lite,32.0,10949,1100000,441.21,19.99,.045329,15.253693
1785830577,deepseek-v2:lite,31.0,10948,1000000,401.10,19.67,.049861,18.144531
1785830595,deepseek-v2:lite,32.0,10940,998635,395.36,19.91,.050585,19.633756
1785830615,deepseek-v2:lite,32.0,10948,801925,422.88,19.12,.047294,28.654873
1785830644,deepseek-v2:lite,32.0,10947,800000,376.94,19.48,.053058,24.329928
1785830669,deepseek-v2:lite,31.0,10955,800736,448.69,19.62,.044573,24.203538
1785830693,deepseek-v2:lite,32.0,10954,1601013,392.83,19.49,.050911,22.676570
1785830716,deepseek-v2:lite,32.0,10953,800000,400.09,19.48,.049987,24.379713
1785830741,deepseek-v2:lite,32.0,10948,798993,376.18,19.45,.053164,23.949274
1785830766,deepseek-v2:lite,32.0,10953,799669,415.84,19.59,.048094,20.306246
1785830786,deepseek-v2:lite,32.0,10950,1500000,401.28,19.49,.049839,25.284699
1785830812,deepseek-v2:lite,32.0,10944,799990,418.06,19.74,.047839,24.409997
1785830837,deepseek-v2:lite,32.0,10945,1201746,399.09,19.68,.050113,24.183811
1785830861,deepseek-v2:lite,32.0,10947,801272,426.41,19.65,.046902,25.334242
1785830887,deepseek-v2:lite,32.0,10942,1023076,371.05,19.61,.053899,27.120601
1785830915,deepseek-v2:lite,29.0,10943,800444,384.60,19.55,.052001,24.959045
1785830940,deepseek-v2:lite,32.0,10944,1598590,416.96,19.87,.047965,15.493238
1785830956,deepseek-v2:lite,32.0,10949,800896,376.86,19.88,.053069,18.158388
1785830974,deepseek-v2:lite,31.0,10950,1500792,366.98,19.67,.054497,20.535758
1785830995,deepseek-v2:lite,31.0,10939,1376995,359.06,19.90,.055700,23.363401
1785831019,deepseek-v2:lite,32.0,10947,796847,429.00,19.61,.046619,19.324623
1785831039,deepseek-v2:lite,32.0,10943,1800000,382.79,19.19,.052246,29.490314
1785831068,deepseek-v2:lite,32.0,10935,800000,386.80,19.48,.051705,21.294707
1785831090,deepseek-v2:lite,32.0,10933,1400000,373.62,19.44,.053529,18.510658
1785831109,deepseek-v2:lite,32.0,10937,1200561,382.14,19.87,.052335,18.365004
1785831128,deepseek-v2:lite,32.0,10945,1191580,372.30,19.22,.053719,26.010733
1785831154,deepseek-v2:lite,32.0,10946,799540,389.13,19.54,.051396,20.463660
1785831175,deepseek-v2:lite,32.0,10948,800000,409.16,19.33,.048880,23.688132
1785831199,deepseek-v2:lite,32.0,10942,800000,433.22,19.52,.046165,25.712212
1785831225,deepseek-v2:lite,32.0,10942,800000,459.25,19.53,.043549,23.339822
1785831249,deepseek-v2:lite,31.0,10937,800000,387.07,19.45,.051669,22.313592
1785831272,deepseek-v2:lite,32.0,10944,798563,348.18,20.14,.057440,17.817165
1785831290,deepseek-v2:lite,32.0,10940,800000,402.89,18.94,.049640,36.848181
1785831327,deepseek-v2:lite,32.0,10949,788324,363.33,19.76,.055046,20.285734
1785831348,deepseek-v2:lite,31.0,10926,626197,381.33,19.14,.052447,29.615040
1785831378,deepseek-v2:lite,32.0,10931,797101,385.26,19.57,.051912,24.463963
1785831403,deepseek-v2:lite,32.0,10938,940229,387.66,20.01,.051591,17.083031
1785831420,deepseek-v2:lite,32.0,10940,841806,356.66,19.97,.056075,20.178221
1785831440,deepseek-v2:lite,31.0,10942,800290,386.49,19.48,.051746,22.062669
1785831463,deepseek-v2:lite,32.0,10944,800000,397.35,20.22,.050332,19.035239
1785831482,deepseek-v2:lite,31.0,10929,797553,372.53,19.70,.053686,25.271677
1785831508,deepseek-v2:lite,32.0,10937,1042281,374.80,19.52,.053360,22.741972
1785831531,deepseek-v2:lite,32.0,10946,800000,426.36,19.62,.046908,17.728832
1785831549,deepseek-v2:lite,32.0,10950,1851931,376.09,19.20,.053178,29.310380
1785831579,deepseek-v2:lite,32.0,10945,798677,462.00,19.41,.043289,21.682204
1785831601,deepseek-v2:lite,32.0,10945,799706,412.97,18.88,.048429,34.840269
1785831636,deepseek-v2:lite,31.0,10940,779471,376.77,20.14,.053082,20.008974
1785831657,deepseek-v2:lite,32.0,10940,801290,390.82,19.57,.051174,23.547405
1785831681,deepseek-v2:lite,32.0,10940,800000,445.58,19.75,.044885,19.388530
1785831700,deepseek-v2:lite,31.0,10931,1724702,384.22,19.85,.052052,17.625273
1785831718,deepseek-v2:lite,32.0,10931,800296,473.66,19.67,.042223,22.764319
1785831741,deepseek-v2:lite,32.0,10943,771507,365.04,19.52,.054787,27.202708
1785831769,deepseek-v2:lite,32.0,10947,874639,377.42,19.86,.052990,20.086323
1785831790,deepseek-v2:lite,32.0,10936,799292,371.32,19.17,.053861,31.710274
1785831822,deepseek-v2:lite,32.0,10941,800000,381.61,20.18,.052409,15.553662
1785831838,deepseek-v2:lite,32.0,10941,800000,368.52,19.97,.054270,17.267681
1785831855,deepseek-v2:lite,32.0,10946,1000000,385.76,20.12,.051845,16.996749
1785831873,deepseek-v2:lite,33.0,10942,800000,387.31,19.66,.051637,22.630261
1785831896,deepseek-v2:lite,32.0,10943,800000,404.83,19.44,.049402,24.897065
1785831921,deepseek-v2:lite,32.0,10934,1057755,377.57,19.41,.052969,25.284732
1785831946,deepseek-v2:lite,31.0,10945,801335,401.38,19.70,.049827,19.541395
1785831966,deepseek-v2:lite,32.0,10937,800000,379.85,19.41,.052651,24.777237
1785831992,deepseek-v2:lite,29.0,10944,937898,359.79,19.42,.055586,24.607201
1785832017,deepseek-v2:lite,32.0,10944,1304488,372.87,19.60,.053637,17.443952
1785832034,deepseek-v2:lite,32.0,10933,800000,405.45,19.91,.049326,16.166829
1785832051,deepseek-v2:lite,32.0,10925,800000,401.00,19.46,.049874,23.371790
1785832075,deepseek-v2:lite,32.0,10939,801897,375.76,20.01,.053225,21.182797
1785832096,deepseek-v2:lite,32.0,10941,2100000,507.97,19.66,.039371,28.635855
1785832125,deepseek-v2:lite,32.0,10947,799137,431.57,20.13,.046342,15.596840
1785832141,deepseek-v2:lite,33.0,10942,800000,468.72,19.50,.042669,19.993849
1785832161,deepseek-v2:lite,32.0,10933,798776,388.35,19.35,.051499,27.337605
1785832189,deepseek-v2:lite,33.0,10939,2094587,379.29,19.92,.052728,16.209599
1785832206,deepseek-v2:lite,32.0,10928,800000,371.56,19.84,.053826,19.197365
1785832225,deepseek-v2:lite,32.0,10933,800000,370.35,19.66,.054001,28.326307
1785832254,deepseek-v2:lite,32.0,10942,1040369,472.61,19.50,.042317,28.501473
1785832283,deepseek-v2:lite,31.0,10940,799129,389.00,19.79,.051413,19.652429
1785832303,deepseek-v2:lite,32.0,10939,802515,377.48,19.28,.052982,30.339122
1785832334,deepseek-v2:lite,32.0,10940,800000,380.68,19.71,.052536,20.188114
1785832354,deepseek-v2:lite,29.0,10939,800000,398.18,19.80,.050227,19.536158
1785832374,deepseek-v2:lite,32.0,10939,799429,408.22,19.50,.048992,23.843708
1785832398,deepseek-v2:lite,28.0,10935,768852,424.67,19.41,.047094,32.404864
1785832431,deepseek-v2:lite,32.0,10949,797515,390.40,20.46,.051228,13.634969
1785832445,deepseek-v2:lite,31.0,10948,800000,518.11,19.58,.038601,26.148271
1785832472,deepseek-v2:lite,32.0,10938,800393,424.72,19.91,.047088,15.866175
1785832488,deepseek-v2:lite,32.0,10947,803208,409.43,19.76,.048847,18.614939
1785832507,deepseek-v2:lite,32.0,10936,979603,394.13,19.79,.050743,18.085498
1785832525,deepseek-v2:lite,32.0,10943,798499,382.19,19.48,.052329,19.294273
1785832545,deepseek-v2:lite,32.0,10939,799991,369.22,19.60,.054167,20.195074
1785832566,deepseek-v2:lite,32.0,10939,800000,392.88,19.44,.050905,30.184993
1785832596,deepseek-v2:lite,32.0,10946,801007,397.40,19.75,.050326,22.776006
1785832619,deepseek-v2:lite,32.0,10945,800000,365.80,20.03,.054673,18.022589
1785832638,deepseek-v2:lite,32.0,10941,1800000,370.31,19.31,.054007,28.170579
1785832666,deepseek-v2:lite,32.0,10939,869960,405.25,19.91,.049351,16.219018
1785832683,deepseek-v2:lite,32.0,10932,1054990,361.78,20.24,.055282,15.111332
1785832698,deepseek-v2:lite,32.0,10950,799586,402.72,19.51,.049661,20.033112
1785832719,deepseek-v2:lite,32.0,10943,800000,412.97,19.77,.048428,18.504275
1785832738,deepseek-v2:lite,32.0,10938,800000,416.51,19.39,.048016,22.734707
1785832761,deepseek-v2:lite,32.0,10949,1743552,352.64,19.76,.056714,14.671505
1785832776,deepseek-v2:lite,32.0,10942,801041,409.12,19.68,.048884,23.872512
1785832800,deepseek-v2:lite,31.0,10954,965922,382.09,19.86,.052343,21.040389
1785832821,deepseek-v2:lite,32.0,10927,1200000,409.69,19.40,.048816,26.951614
1785832849,deepseek-v2:lite,32.0,10940,1000000,368.31,19.73,.054301,19.609982
1785832869,deepseek-v2:lite,32.0,10945,1098864,410.31,19.23,.048743,27.612025
1785832897,deepseek-v2:lite,32.0,10954,2076923,402.81,19.91,.049650,18.281768
1785832915,deepseek-v2:lite,32.0,10957,800000,418.38,19.51,.047803,23.984356
1785832940,deepseek-v2:lite,32.0,10944,1066785,379.32,19.84,.052724,17.634668
1785832958,deepseek-v2:lite,32.0,10936,1100439,375.13,19.35,.053314,30.942764
1785832989,deepseek-v2:lite,29.0,10947,800405,371.49,19.47,.053836,27.362138
1785833017,deepseek-v2:lite,32.0,10945,800000,391.11,19.20,.051135,27.236666
1785833044,deepseek-v2:lite,32.0,10953,1491163,369.39,19.63,.054143,21.135366
1785833066,deepseek-v2:lite,32.0,10952,1100000,388.08,19.56,.051534,22.075520
1785833088,deepseek-v2:lite,32.0,10941,800772,385.05,19.48,.051940,25.761256
1785833115,deepseek-v2:lite,32.0,10944,800200,372.79,19.07,.053649,32.509481
1785833147,deepseek-v2:lite,32.0,10944,959167,365.41,19.76,.054732,22.515369
1785833170,deepseek-v2:lite,32.0,10945,799990,408.52,19.92,.048956,22.982697
1785833194,deepseek-v2:lite,32.0,10946,1031886,379.90,20.35,.052644,14.146803
1785833208,deepseek-v2:lite,33.0,10944,799132,374.81,19.75,.053359,26.325794
1785833235,deepseek-v2:lite,32.0,10952,800000,367.27,19.85,.054455,18.883446
1785833254,deepseek-v2:lite,32.0,10942,800000,409.38,19.69,.048854,19.340136
1785833274,deepseek-v2:lite,29.0,10942,2102027,364.88,19.40,.054812,20.866482
1785833295,deepseek-v2:lite,29.0,10940,1200000,485.87,19.40,.041163,22.363667
1785833318,deepseek-v2:lite,32.0,10941,1329484,373.82,19.91,.053500,18.984340
1785833337,deepseek-v2:lite,32.0,10943,1555593,352.64,19.35,.056713,25.985700
1785833363,deepseek-v2:lite,32.0,10944,973522,414.71,19.78,.048225,19.204408
1785833383,deepseek-v2:lite,32.0,10947,801393,399.89,19.77,.050012,24.473861
1785833408,deepseek-v2:lite,33.0,10938,800000,411.79,20.03,.048568,22.505085
1785833431,deepseek-v2:lite,33.0,10947,940974,402.07,19.83,.049741,24.046553
1785833455,deepseek-v2:lite,32.0,10946,795375,375.16,20.02,.053310,18.928850
1785833475,deepseek-v2:lite,31.0,10938,800000,381.96,20.00,.052360,16.843184
1785833492,deepseek-v2:lite,32.0,10937,1599091,464.06,19.56,.043097,24.123417
1785833516,deepseek-v2:lite,31.0,10934,1229878,403.91,19.30,.049515,22.427109
1785833539,deepseek-v2:lite,32.0,10934,1028067,366.10,19.52,.054629,24.282435
1785833564,deepseek-v2:lite,32.0,10935,800000,393.97,19.95,.050765,12.226929
1785833576,deepseek-v2:lite,33.0,10947,1463397,401.89,19.53,.049764,18.888318
1785833595,deepseek-v2:lite,32.0,10951,936001,404.02,19.82,.049501,19.370522
1785833615,deepseek-v2:lite,32.0,10952,800000,401.18,19.31,.049852,23.919612
1785833640,deepseek-v2:lite,30.0,10945,798833,402.08,19.22,.049740,28.092268
1785833668,deepseek-v2:lite,32.0,10948,1342803,385.20,19.64,.051919,24.632700
1785833693,deepseek-v2:lite,32.0,10950,1052446,400.28,19.31,.049964,24.847497
1785833718,deepseek-v2:lite,33.0,10946,800000,381.39,19.77,.052438,18.860695
1785833738,deepseek-v2:lite,32.0,10939,1100000,409.61,20.03,.048826,17.667390
1785833756,deepseek-v2:lite,32.0,10933,800000,379.62,19.39,.052684,27.634734
1785833784,deepseek-v2:lite,32.0,10939,1100000,425.28,19.72,.047027,16.733899
1785833801,deepseek-v2:lite,32.0,10944,1312144,416.09,19.48,.048065,24.638780
1785833826,deepseek-v2:lite,28.0,10941,896614,380.38,19.23,.052577,29.326790
1785833855,deepseek-v2:lite,31.0,10945,1398989,412.15,19.64,.048525,21.323417
1785833877,deepseek-v2:lite,32.0,10953,800000,387.78,19.56,.051575,18.858448
1785833896,deepseek-v2:lite,32.0,10942,1098718,383.46,19.46,.052155,23.942194
1785833921,deepseek-v2:lite,32.0,10954,1000701,379.78,19.44,.052660,25.665299
1785833947,deepseek-v2:lite,32.0,10946,1600000,378.19,19.96,.052882,13.676054
1785833961,deepseek-v2:lite,32.0,10942,1383394,386.77,19.83,.051709,17.345842
1785833978,deepseek-v2:lite,32.0,10943,800809,386.22,19.72,.051782,21.593046
1785834000,deepseek-v2:lite,31.0,10941,1299397,372.38,19.87,.053707,20.175192
1785834021,deepseek-v2:lite,31.0,10939,798852,372.57,19.50,.053680,24.609619
1785834046,deepseek-v2:lite,32.0,10961,800000,385.64,19.67,.051861,18.502753
1785834065,deepseek-v2:lite,32.0,10966,800000,399.84,19.71,.050018,25.312315
1785834090,deepseek-v2:lite,32.0,10976,800034,387.55,20.08,.051605,18.569058
1785834109,deepseek-v2:lite,32.0,10971,798497,404.46,19.32,.049448,27.574573
1785834137,deepseek-v2:lite,32.0,10945,1361502,396.42,19.54,.050451,23.435915
1785834161,deepseek-v2:lite,31.0,10945,1834909,372.86,19.65,.053638,17.961758
1785834180,deepseek-v2:lite,31.0,10948,802322,396.84,19.53,.050397,22.520135
1785834202,deepseek-v2:lite,31.0,10944,1189600,381.41,19.52,.052436,21.515382
1785834224,deepseek-v2:lite,32.0,10955,800000,429.76,19.65,.046536,23.916606
1785834249,deepseek-v2:lite,32.0,10941,799873,390.40,19.99,.051228,14.502004
1785834263,deepseek-v2:lite,30.0,10944,1162619,434.89,20.32,.045988,10.970743
1785834275,deepseek-v2:lite,32.0,10945,800000,523.86,19.68,.038177,20.368950
1785834295,deepseek-v2:lite,32.0,10943,829095,420.72,19.25,.047537,26.172028
1785834322,deepseek-v2:lite,31.0,10954,1099237,398.35,19.36,.050206,26.794543
1785834349,deepseek-v2:lite,31.0,10954,2100000,406.60,19.66,.049187,17.387310
1785834367,deepseek-v2:lite,31.0,10956,800000,416.14,19.77,.048060,19.061785
1785834386,deepseek-v2:lite,32.0,10961,798585,412.22,19.92,.048517,18.121940
1785834405,deepseek-v2:lite,31.0,10949,1107586,372.21,19.79,.053732,18.588714
1785834424,deepseek-v2:lite,31.0,10940,800000,381.75,19.23,.052389,23.027787
1785834447,deepseek-v2:lite,29.0,10954,800000,376.40,19.81,.053134,18.772361
1785834466,deepseek-v2:lite,32.0,10945,800000,374.72,19.47,.053372,23.668353
1785834490,deepseek-v2:lite,31.0,10948,1000000,365.09,19.39,.054780,23.767753
1785834515,deepseek-v2:lite,31.0,10955,800000,372.41,19.52,.053703,21.923627
1785834537,deepseek-v2:lite,32.0,10956,798097,369.34,19.91,.054149,27.020540
1785834564,deepseek-v2:lite,31.0,10939,800000,377.13,19.54,.053031,27.169255
1785834592,deepseek-v2:lite,31.0,10952,800945,401.34,19.64,.049832,24.690801
1785834617,deepseek-v2:lite,32.0,10933,802930,418.65,19.46,.047772,25.224791
1785834643,deepseek-v2:lite,32.0,10937,2106542,386.30,19.63,.051771,23.228210
1785834666,deepseek-v2:lite,32.0,10926,799678,395.18,19.16,.050608,27.968410
1785834694,deepseek-v2:lite,31.0,10934,922148,469.06,19.53,.042637,23.544927
1785834718,deepseek-v2:lite,32.0,10943,801438,410.31,19.58,.048743,16.795926
1785834736,deepseek-v2:lite,32.0,10944,800806,371.45,19.37,.053842,22.397954
1785834758,deepseek-v2:lite,31.0,10935,977837,395.68,20.24,.050544,10.620627
1785834769,deepseek-v2:lite,32.0,10953,800000,379.47,19.64,.052705,22.401336
1785834792,deepseek-v2:lite,32.0,10944,800000,399.91,19.08,.050010,29.757652
1785834822,deepseek-v2:lite,31.0,10947,1434688,372.19,19.35,.053735,20.717174
1785834843,deepseek-v2:lite,29.0,10945,798070,377.59,19.80,.052966,21.403470
1785834865,deepseek-v2:lite,32.0,10942,2104312,385.19,19.73,.051921,24.622219
1785834890,deepseek-v2:lite,33.0,10945,763209,451.43,19.93,.044303,17.503515
1785834908,deepseek-v2:lite,31.0,10942,1109484,402.74,19.66,.049659,19.730099
1785834928,deepseek-v2:lite,31.0,10945,1598910,362.71,19.35,.055140,28.106350
1785834957,deepseek-v2:lite,32.0,10940,1555780,386.74,18.94,.051714,31.252542
1785834988,deepseek-v2:lite,31.0,10942,800000,381.11,19.34,.052477,29.520310
1785835018,deepseek-v2:lite,32.0,10924,789861,416.84,19.41,.047979,26.112171
1785835045,deepseek-v2:lite,31.0,10939,800000,388.05,19.60,.051539,28.920910
1785835074,deepseek-v2:lite,31.0,10934,871428,381.26,20.07,.052456,19.422613
1785835094,deepseek-v2:lite,31.0,10941,800000,378.12,19.62,.052892,23.435591
1785835118,deepseek-v2:lite,31.0,10941,800000,409.72,19.53,.048813,28.466673
1785835146,deepseek-v2:lite,29.0,10940,800000,411.18,19.55,.048639,22.704427
1785835170,deepseek-v2:lite,31.0,10934,998500,378.07,19.51,.052900,25.462595
1785835195,deepseek-v2:lite,32.0,10936,1576158,387.95,19.82,.051551,20.078290
1785835216,deepseek-v2:lite,32.0,10942,800000,348.96,19.46,.057312,25.435601
1785835242,deepseek-v2:lite,32.0,10942,800000,361.62,19.30,.055306,28.699745
1785835271,deepseek-v2:lite,31.0,10947,1794658,381.33,19.13,.052447,31.876046
1785835303,deepseek-v2:lite,31.0,10938,802370,415.64,20.02,.048118,15.830004
1785835319,deepseek-v2:lite,31.0,10943,1199137,397.00,19.60,.050376,24.284399
1785835344,deepseek-v2:lite,31.0,10939,798980,370.17,19.74,.054028,17.980785
1785835362,deepseek-v2:lite,31.0,10939,964971,411.12,19.10,.048647,25.704934
1785835388,deepseek-v2:lite,32.0,10932,801029,416.05,20.15,.048070,16.323059
1785835405,deepseek-v2:lite,32.0,10926,800000,376.34,19.55,.053142,25.623393
1785835431,deepseek-v2:lite,31.0,10933,801267,480.01,19.83,.041665,21.379186
1785835453,deepseek-v2:lite,32.0,10931,800000,403.55,19.96,.049560,20.388212
1785835474,deepseek-v2:lite,31.0,10926,800597,376.92,19.39,.053060,25.577280
1785835500,deepseek-v2:lite,29.0,10932,800000,447.55,19.15,.044687,30.912703
1785835531,deepseek-v2:lite,29.0,10940,798481,384.74,19.15,.051983,29.916725
1785835561,deepseek-v2:lite,31.0,10945,961668,510.30,19.87,.039192,16.151853
1785835578,deepseek-v2:lite,31.0,10946,797014,374.63,19.26,.053384,21.228923
1785835599,deepseek-v2:lite,32.0,10941,1187731,402.70,19.67,.049664,24.044760
1785835624,deepseek-v2:lite,31.0,10941,1500000,403.45,19.27,.049572,24.846921
1785835649,deepseek-v2:lite,32.0,10937,1181964,382.69,19.24,.052260,28.990389
1785835678,deepseek-v2:lite,32.0,10944,800000,381.07,19.55,.052483,35.338698
1785835714,deepseek-v2:lite,31.0,10941,800000,402.38,19.36,.049704,31.600477
1785835746,deepseek-v2:lite,32.0,10947,800000,352.58,19.85,.056724,18.636825
1785835765,deepseek-v2:lite,32.0,10939,1098772,430.09,19.67,.046501,21.650400
1785835787,deepseek-v2:lite,31.0,10946,1498587,378.38,19.33,.052856,31.655408
1785835819,deepseek-v2:lite,31.0,10952,1167529,406.84,19.93,.049159,18.056923
1785835838,deepseek-v2:lite,32.0,10954,800000,379.03,19.19,.052764,29.281092
1785835867,deepseek-v2:lite,32.0,10950,801178,350.31,19.81,.057092,19.324063
1785835887,deepseek-v2:lite,31.0,10945,800000,423.94,20.06,.047175,9.019962
1785835896,deepseek-v2:lite,32.0,10938,978867,414.13,19.80,.048293,19.440924
1785835916,deepseek-v2:lite,31.0,10942,800000,413.03,19.58,.048422,21.595706
1785835938,deepseek-v2:lite,31.0,10932,883023,398.69,19.40,.050163,23.235684
1785835962,deepseek-v2:lite,32.0,10944,800000,407.44,19.55,.049086,21.532359
1785835984,deepseek-v2:lite,31.0,10937,798612,375.13,19.73,.053313,27.823060
1785836012,deepseek-v2:lite,32.0,10951,1004322,418.31,19.80,.047810,26.505931
1785836039,deepseek-v2:lite,32.0,10952,798461,380.68,19.45,.052537,23.031880
1785836062,deepseek-v2:lite,32.0,10949,800000,350.12,19.51,.057122,23.055427
1785836086,deepseek-v2:lite,32.0,10942,1000000,360.46,19.28,.055483,25.206085
1785836111,deepseek-v2:lite,31.0,10940,799671,414.62,19.84,.048236,16.980794
1785836129,deepseek-v2:lite,32.0,10952,1200000,383.72,19.43,.052120,23.719769
1785836153,deepseek-v2:lite,32.0,10942,1376183,410.77,19.64,.048687,20.056151
1785836173,deepseek-v2:lite,31.0,10947,800185,372.52,19.41,.053687,26.211046
1785836200,deepseek-v2:lite,27.0,10945,799962,415.04,20.41,.048187,15.823771
1785836216,deepseek-v2:lite,32.0,10944,800856,396.08,20.13,.050494,19.018242
1785836235,deepseek-v2:lite,31.0,10944,801101,414.19,20.00,.048286,20.041938
1785836256,deepseek-v2:lite,31.0,10948,800186,397.31,20.02,.050337,16.231189
1785836272,deepseek-v2:lite,32.0,10945,931044,370.27,19.40,.054013,29.432919
1785836302,deepseek-v2:lite,32.0,10941,800944,360.21,19.81,.055522,17.815849
1785836320,deepseek-v2:lite,32.0,10938,800000,380.32,20.10,.052586,22.533964
1785836343,deepseek-v2:lite,32.0,10948,800000,365.00,20.34,.054793,16.118249
1785836360,deepseek-v2:lite,32.0,10943,988165,408.04,20.00,.049014,18.498413
1785836379,deepseek-v2:lite,28.0,10940,800115,403.92,19.55,.049513,26.083765
1785836405,deepseek-v2:lite,31.0,10946,2100000,375.63,19.73,.053242,20.318215
1785836426,deepseek-v2:lite,32.0,10949,1721850,473.05,19.73,.042278,18.748312
1785836445,deepseek-v2:lite,32.0,10944,800000,390.99,20.18,.051151,14.667396
1785836460,deepseek-v2:lite,32.0,10942,800000,364.67,19.66,.054844,21.513349
1785836482,deepseek-v2:lite,32.0,10942,800000,365.80,19.81,.054673,17.611337
1785836500,deepseek-v2:lite,32.0,10935,800370,458.27,19.76,.043641,16.392759
1785836516,deepseek-v2:lite,31.0,10936,799470,393.13,19.34,.050873,29.615822
1785836546,deepseek-v2:lite,32.0,10945,801055,362.48,19.65,.055175,23.049524
1785836570,deepseek-v2:lite,31.0,10948,1595419,381.68,19.15,.052399,30.334848
1785836601,deepseek-v2:lite,32.0,10940,1759063,394.44,19.38,.050703,28.526556
1785836630,deepseek-v2:lite,32.0,10947,799688,435.67,19.37,.045906,27.560361
1785836658,deepseek-v2:lite,31.0,10946,801152,381.32,19.65,.052448,22.335531
1785836680,deepseek-v2:lite,31.0,10938,800000,499.09,19.09,.040072,30.379047
1785836711,deepseek-v2:lite,32.0,10947,800000,403.62,19.45,.049551,21.999664
1785836733,deepseek-v2:lite,32.0,10953,1200000,414.62,19.21,.048236,32.007690
1785836766,deepseek-v2:lite,31.0,10937,1487750,381.08,19.76,.052481,22.062056
1785836788,deepseek-v2:lite,32.0,10952,801069,384.73,19.79,.051983,28.032962
1785836817,deepseek-v2:lite,32.0,10961,2100000,399.38,19.72,.050077,25.091139
1785836842,deepseek-v2:lite,31.0,10952,800564,461.56,19.56,.043331,22.130039
1785836865,deepseek-v2:lite,32.0,10953,801134,385.36,19.61,.051898,24.883825
1785836890,deepseek-v2:lite,32.0,10955,1288636,407.75,19.15,.049048,29.702102
1785836920,deepseek-v2:lite,31.0,10961,2100000,418.57,19.32,.047780,26.860526
1785836947,deepseek-v2:lite,32.0,10946,818717,380.16,19.66,.052609,17.394146
1785836965,deepseek-v2:lite,31.0,10961,800262,380.77,19.48,.052524,18.986813
1785836984,deepseek-v2:lite,32.0,10959,800000,403.17,19.45,.049606,21.485371
1785837006,deepseek-v2:lite,32.0,10954,800410,407.72,19.50,.049052,27.422655
1785837034,deepseek-v2:lite,32.0,10955,998204,368.02,19.47,.054343,23.415709
1785837058,deepseek-v2:lite,31.0,10960,1487365,394.60,19.41,.050683,24.109189
1785837082,deepseek-v2:lite,30.0,10944,800000,385.24,19.46,.051914,24.299355
1785837107,deepseek-v2:lite,31.0,10960,800996,401.69,19.63,.049788,20.121569
1785837128,deepseek-v2:lite,32.0,10947,801764,378.21,20.05,.052879,20.991042
1785837149,deepseek-v2:lite,32.0,10954,1720540,425.48,20.21,.047004,22.904051
1785837172,deepseek-v2:lite,32.0,10956,1040194,484.55,20.38,.041274,18.637974
1785837191,deepseek-v2:lite,32.0,10950,709878,362.59,19.60,.055158,20.659986
1785837212,deepseek-v2:lite,29.0,10939,800147,369.82,19.69,.054079,22.496171
1785837235,deepseek-v2:lite,31.0,10942,798675,418.15,20.66,.047829,16.793381
1785837252,deepseek-v2:lite,32.0,10932,800000,409.80,20.06,.048803,24.671111
1785837277,deepseek-v2:lite,31.0,10933,779824,389.55,19.61,.051340,26.762372
1785837305,deepseek-v2:lite,32.0,10943,982116,407.31,20.18,.049102,18.625564
1785837323,deepseek-v2:lite,32.0,10947,801095,404.92,19.66,.049392,21.108005
1785837345,deepseek-v2:lite,31.0,10947,669357,491.75,19.64,.040670,21.840147
1785837367,deepseek-v2:lite,29.0,10948,800000,375.85,19.89,.053212,23.273433
1785837391,deepseek-v2:lite,32.0,10949,798805,377.82,19.62,.052934,22.982055
1785837414,deepseek-v2:lite,32.0,10950,800000,381.56,19.55,.052416,22.965161
1785837438,deepseek-v2:lite,32.0,10946,800000,413.13,19.50,.048410,27.743244
1785837466,deepseek-v2:lite,32.0,10957,1146942,384.09,19.95,.052070,19.445464
1785837486,deepseek-v2:lite,31.0,10952,1008936,374.59,19.48,.053391,26.488302
1785837512,deepseek-v2:lite,31.0,10951,797997,372.70,20.11,.053662,21.331914
1785837534,deepseek-v2:lite,31.0,10950,800000,379.06,19.86,.052762,23.653801
1785837558,deepseek-v2:lite,32.0,10944,800000,483.80,19.29,.041338,29.646554
1785837588,deepseek-v2:lite,28.0,10941,800000,417.25,19.79,.047932,24.648091
1785837613,deepseek-v2:lite,32.0,10941,2030508,408.47,20.21,.048962,18.546180
1785837632,deepseek-v2:lite,31.0,10945,799239,416.57,20.68,.048010,10.585699
1785837643,deepseek-v2:lite,31.0,10944,800000,389.91,19.55,.051293,21.526045
1785837665,deepseek-v2:lite,32.0,10939,799075,401.73,20.01,.049784,19.040305
1785837684,deepseek-v2:lite,32.0,10943,800456,401.28,19.31,.049840,30.394121
1785837715,deepseek-v2:lite,32.0,10947,855376,368.22,19.53,.054314,20.781661
1785837736,deepseek-v2:lite,32.0,10941,2035238,386.17,19.91,.051789,18.428233
1785837755,deepseek-v2:lite,32.0,10948,800252,434.48,19.93,.046031,13.742102
1785837769,deepseek-v2:lite,32.0,10944,798720,381.06,19.62,.052484,16.816247
1785837786,deepseek-v2:lite,31.0,10933,802200,371.47,19.42,.053839,25.943482
1785837813,deepseek-v2:lite,29.0,10937,955757,393.56,19.40,.050817,25.607002
1785837839,deepseek-v2:lite,31.0,10932,799678,379.62,19.80,.052683,20.243566
1785837859,deepseek-v2:lite,32.0,10939,800000,415.53,19.53,.048130,27.024900
1785837887,deepseek-v2:lite,32.0,10948,1500996,358.60,19.34,.055771,38.048285
1785837925,deepseek-v2:lite,32.0,10931,1198387,411.09,20.73,.048650,4.244554
1785837930,deepseek-v2:lite,32.0,10939,801259,501.42,19.90,.039886,22.760280
1785837953,deepseek-v2:lite,31.0,10928,1053101,383.73,19.93,.052119,19.462166
1785837973,deepseek-v2:lite,31.0,10938,800000,488.12,20.26,.040973,16.826233
1785837990,deepseek-v2:lite,31.0,10943,1190040,369.39,19.54,.054142,32.131683
1785838022,deepseek-v2:lite,32.0,10943,801070,385.44,19.90,.051888,16.028166
1785838039,deepseek-v2:lite,32.0,10953,736139,378.13,19.70,.052890,23.950328
1785838063,deepseek-v2:lite,29.0,10950,799700,383.68,19.86,.052125,18.729352
1785838082,deepseek-v2:lite,32.0,10949,1200000,396.32,19.59,.050463,22.968346
1785838106,deepseek-v2:lite,32.0,10954,799559,429.02,19.78,.046617,18.497697
1785838124,deepseek-v2:lite,32.0,10942,802952,376.74,19.77,.053086,21.791552
1785838147,deepseek-v2:lite,29.0,10953,1407659,419.74,19.34,.047648,27.606520
1785838175,deepseek-v2:lite,31.0,10944,800000,418.28,19.98,.047814,18.463462
1785838193,deepseek-v2:lite,32.0,10954,800995,394.13,19.49,.050744,22.264902
1785838216,deepseek-v2:lite,31.0,10943,802170,410.07,19.29,.048771,28.145564
1785838245,deepseek-v2:lite,32.0,10942,800459,400.87,19.25,.049890,26.900896
1785838272,deepseek-v2:lite,31.0,10946,804505,412.00,19.88,.048543,14.737355
1785838287,deepseek-v2:lite,32.0,10942,799320,410.85,19.78,.048679,20.010520
1785838307,deepseek-v2:lite,32.0,10954,640478,420.56,19.49,.047555,21.852225
1785838330,deepseek-v2:lite,31.0,10954,800000,425.82,19.80,.046967,16.154528
1785838346,deepseek-v2:lite,32.0,10956,799958,411.76,19.53,.048570,21.648169
1785838368,deepseek-v2:lite,32.0,10960,800000,428.55,20.71,.046668,6.517492
1785838375,deepseek-v2:lite,32.0,10947,798561,420.23,19.59,.047592,27.755692
1785838403,deepseek-v2:lite,32.0,10942,800019,368.39,19.93,.054290,21.668304
1785838425,deepseek-v2:lite,32.0,10943,929215,361.11,19.91,.055384,15.714157
1785838441,deepseek-v2:lite,32.0,10942,800000,381.25,19.40,.052457,24.637177
1785838466,deepseek-v2:lite,31.0,10940,1226488,397.49,19.43,.050315,21.406084
1785838488,deepseek-v2:lite,31.0,10945,798963,416.85,19.91,.047977,14.866829
1785838503,deepseek-v2:lite,32.0,10933,1000000,396.62,19.54,.050424,17.700080
1785838521,deepseek-v2:lite,32.0,10931,1375332,402.45,19.62,.049695,23.487122
1785838545,deepseek-v2:lite,31.0,10942,800050,370.11,19.72,.054037,19.062789
1785838565,deepseek-v2:lite,32.0,10938,1394736,377.77,18.93,.052941,35.121981
1785838600,deepseek-v2:lite,32.0,10948,1731103,379.03,19.08,.052765,30.239184
1785838631,deepseek-v2:lite,32.0,10934,1734673,376.90,19.38,.053063,27.288767
1785838658,deepseek-v2:lite,30.0,10950,799237,430.48,19.36,.046459,25.972702
1785838685,deepseek-v2:lite,32.0,10955,1414981,378.10,19.60,.052895,23.511087
1785838709,deepseek-v2:lite,29.0,10949,800000,366.70,19.77,.054539,21.439606
1785838731,deepseek-v2:lite,32.0,10943,2100000,351.51,19.99,.056897,15.904560
1785838747,deepseek-v2:lite,32.0,10949,800000,376.01,20.22,.053189,17.202840
1785838764,deepseek-v2:lite,32.0,10952,798746,389.74,20.33,.051315,17.702566
1785838782,deepseek-v2:lite,32.0,10945,800334,361.58,19.58,.055311,28.694771
1785838812,deepseek-v2:lite,32.0,10939,800591,506.77,19.99,.039465,21.509434
1785838833,deepseek-v2:lite,32.0,10944,800000,425.17,20.15,.047038,13.547124
1785838847,deepseek-v2:lite,32.0,10950,800922,428.22,19.65,.046704,26.768344
1785838874,deepseek-v2:lite,31.0,10942,800000,385.13,19.82,.051929,18.963213
1785838894,deepseek-v2:lite,32.0,10943,800470,449.82,19.64,.044461,24.124791
1785838918,deepseek-v2:lite,32.0,10949,1083658,383.54,20.03,.052145,20.915763
1785838940,deepseek-v2:lite,32.0,10944,1491243,418.49,19.35,.047790,26.189177
1785838966,deepseek-v2:lite,31.0,10946,800310,354.09,19.52,.056481,23.408614
1785838990,deepseek-v2:lite,32.0,10943,800000,376.59,19.54,.053107,23.327989
1785839014,deepseek-v2:lite,32.0,10948,800391,376.08,19.68,.053180,18.134245
1785839032,deepseek-v2:lite,31.0,10952,800000,375.30,19.53,.053290,25.388249
1785839058,deepseek-v2:lite,29.0,10948,1332773,459.01,19.37,.043572,24.512591
1785839083,deepseek-v2:lite,32.0,10944,800000,363.98,19.63,.054947,19.456558
1785839103,deepseek-v2:lite,32.0,10950,2087766,381.98,19.64,.052357,19.138223
1785839122,deepseek-v2:lite,32.0,10954,2100000,368.49,19.29,.054275,24.414630
1785839147,deepseek-v2:lite,32.0,10945,800000,381.59,19.81,.052412,15.795665
1785839163,deepseek-v2:lite,32.0,10931,800000,374.73,19.28,.053371,26.760947
1785839190,deepseek-v2:lite,31.0,10941,800000,373.62,19.38,.053529,26.672004
1785839217,deepseek-v2:lite,32.0,10940,800000,388.84,19.75,.051433,15.085983
1785839233,deepseek-v2:lite,30.0,10936,1320997,492.16,19.84,.040636,22.724051
1785839256,deepseek-v2:lite,32.0,10949,800000,383.93,20.25,.052092,20.192325
1785839276,deepseek-v2:lite,31.0,10945,800737,384.64,20.00,.051996,21.045776
1785839298,deepseek-v2:lite,31.0,10945,1000970,430.95,19.51,.046408,26.844656
1785839325,deepseek-v2:lite,32.0,10948,1066593,424.49,20.45,.047114,10.415259
1785839336,deepseek-v2:lite,32.0,10937,1183583,383.29,19.46,.052179,23.273437
1785839359,deepseek-v2:lite,31.0,10946,1508168,406.26,19.18,.049228,29.455893
1785839389,deepseek-v2:lite,31.0,10938,1091450,400.57,19.57,.049928,23.955532
1785839414,deepseek-v2:lite,32.0,10960,801563,378.41,19.39,.052851,28.869064
1785839443,deepseek-v2:lite,29.0,10954,800000,401.71,19.52,.049786,22.326858
1785839466,deepseek-v2:lite,32.0,10951,800000,410.88,19.68,.048674,22.145454
1785839488,deepseek-v2:lite,32.0,10938,800000,493.28,19.13,.040544,28.541018
1785839517,deepseek-v2:lite,32.0,10939,860924,388.89,19.96,.051427,17.332411
1785839535,deepseek-v2:lite,32.0,10950,1144468,384.53,19.45,.052010,20.770019
1785839556,deepseek-v2:lite,32.0,10937,799588,464.75,19.42,.043033,24.864696
1785839581,deepseek-v2:lite,32.0,10944,1475144,383.72,19.72,.052120,19.923399
1785839601,deepseek-v2:lite,32.0,10931,2109459,390.95,19.34,.051157,24.499340
1785839626,deepseek-v2:lite,29.0,10934,800000,357.93,19.43,.055876,22.070865
1785839649,deepseek-v2:lite,32.0,10930,1364095,395.42,19.67,.050578,22.057974
1785839671,deepseek-v2:lite,31.0,10948,800000,376.62,19.66,.053103,23.951271
1785839696,deepseek-v2:lite,32.0,10945,894402,507.89,19.35,.039378,23.203546
1785839719,deepseek-v2:lite,32.0,10943,733432,371.74,19.54,.053800,22.568895
1785839742,deepseek-v2:lite,32.0,10942,814764,408.41,19.55,.048969,19.428565
1785839762,deepseek-v2:lite,30.0,10943,984062,373.35,19.44,.053568,25.402323
1785839788,deepseek-v2:lite,31.0,10946,1188959,375.57,19.58,.053251,21.749921
1785839810,deepseek-v2:lite,32.0,10959,1798825,389.11,19.51,.051398,21.884447
1785839832,deepseek-v2:lite,31.0,10935,2088184,378.91,18.93,.052782,37.759705
1785839870,deepseek-v2:lite,31.0,10953,799017,385.98,19.68,.051815,17.222919
1785839888,deepseek-v2:lite,32.0,10946,2100074,378.92,19.34,.052781,23.468484
1785839912,deepseek-v2:lite,32.0,10960,800000,399.28,19.54,.050089,19.335700
1785839931,deepseek-v2:lite,32.0,10951,800000,414.04,19.56,.048304,19.623951
1785839951,deepseek-v2:lite,32.0,10955,800000,366.46,19.62,.054576,18.243584
1785839970,deepseek-v2:lite,32.0,10945,959745,369.18,19.57,.054173,22.380038
1785839993,deepseek-v2:lite,32.0,10949,1277777,454.81,19.69,.043973,21.169629
1785840014,deepseek-v2:lite,29.0,10954,1668876,356.36,19.14,.056122,33.747981
1785840048,deepseek-v2:lite,32.0,10949,800000,439.50,19.91,.045505,21.990492
1785840071,deepseek-v2:lite,31.0,10935,800000,368.24,19.34,.054311,32.206264
1785840103,deepseek-v2:lite,31.0,10942,800894,422.59,19.38,.047326,22.901228
1785840127,deepseek-v2:lite,32.0,10948,801581,411.80,19.84,.048567,16.831110
1785840144,deepseek-v2:lite,32.0,10953,800000,371.66,19.58,.053811,23.535983
1785840168,deepseek-v2:lite,32.0,10948,800000,375.68,19.49,.053236,28.013727
1785840196,deepseek-v2:lite,32.0,10945,800850,417.20,20.06,.047937,20.386234
1785840217,deepseek-v2:lite,32.0,10949,800000,383.00,19.50,.052218,25.477855
1785840243,deepseek-v2:lite,31.0,10944,956788,420.17,19.53,.047598,22.264552
1785840265,deepseek-v2:lite,32.0,10949,800000,421.99,19.58,.047394,21.907007
1785840288,deepseek-v2:lite,32.0,10940,1295364,375.02,19.68,.053329,19.610281
1785840308,deepseek-v2:lite,31.0,10948,800000,383.76,19.82,.052115,17.153413
1785840325,deepseek-v2:lite,29.0,10956,1035133,408.05,19.60,.049012,19.947343
1785840345,deepseek-v2:lite,32.0,10955,800000,379.07,19.91,.052759,14.809559
1785840361,deepseek-v2:lite,29.0,10958,1015517,469.88,19.45,.042563,26.418079
1785840387,deepseek-v2:lite,32.0,10944,798882,384.64,19.85,.051996,18.789694
1785840406,deepseek-v2:lite,32.0,10954,799829,418.58,19.72,.047779,20.637996
1785840427,deepseek-v2:lite,32.0,10947,912656,504.68,19.19,.039628,31.254162
1785840459,deepseek-v2:lite,32.0,10947,999196,408.59,19.40,.048947,22.617671
1785840482,deepseek-v2:lite,32.0,10953,1000000,392.50,19.69,.050954,20.363544
1785840503,deepseek-v2:lite,32.0,10953,833754,384.32,19.81,.052039,11.508436
1785840515,deepseek-v2:lite,32.0,10947,798627,389.85,19.28,.051300,29.393725
1785840545,deepseek-v2:lite,32.0,10943,799102,381.62,19.64,.052408,19.293477
1785840564,deepseek-v2:lite,32.0,10945,800675,446.99,19.68,.044743,24.592588
1785840589,deepseek-v2:lite,32.0,10945,803570,465.52,19.29,.042962,27.624247
1785840617,deepseek-v2:lite,30.0,10941,1100000,378.58,19.41,.052828,24.468680
1785840642,deepseek-v2:lite,32.0,10940,800000,407.47,20.23,.049082,19.318372
1785840662,deepseek-v2:lite,32.0,10930,1736148,383.47,19.93,.052154,22.618569
1785840685,deepseek-v2:lite,28.0,10947,800000,418.74,19.07,.047762,30.399510
1785840716,deepseek-v2:lite,32.0,10944,800000,373.58,19.71,.053535,19.837611
1785840736,deepseek-v2:lite,32.0,10947,801714,420.05,19.36,.047613,23.080536
1785840759,deepseek-v2:lite,32.0,10950,800000,388.75,19.39,.051446,22.992667
1785840783,deepseek-v2:lite,32.0,10948,800000,409.81,19.84,.048802,19.496765
1785840802,deepseek-v2:lite,32.0,10952,800000,381.04,19.38,.052487,25.220218
1785840828,deepseek-v2:lite,32.0,10956,796741,398.38,19.90,.050203,18.437232
1785840847,deepseek-v2:lite,32.0,10950,800330,370.08,19.97,.054041,18.320981
1785840866,deepseek-v2:lite,32.0,10951,1600000,405.60,19.65,.049308,17.042444
1785840883,deepseek-v2:lite,32.0,10956,800628,389.39,19.36,.051361,25.356575
1785840909,deepseek-v2:lite,32.0,10945,1208543,351.82,19.93,.056846,26.940965
1785840936,deepseek-v2:lite,32.0,10947,800000,444.64,20.31,.044979,21.064603
1785840957,deepseek-v2:lite,32.0,10950,799108,392.79,20.32,.050916,15.251488
1785840973,deepseek-v2:lite,32.0,10945,800000,410.19,19.88,.048756,19.114650
1785840992,deepseek-v2:lite,32.0,10951,798923,425.57,19.64,.046995,21.791731
1785841015,deepseek-v2:lite,29.0,10947,799557,387.48,19.46,.051614,24.397570
1785841039,deepseek-v2:lite,29.0,10948,1902004,393.07,20.20,.050881,23.313120
1785841063,deepseek-v2:lite,32.0,10942,800000,429.08,20.13,.046610,19.815292
1785841083,deepseek-v2:lite,32.0,10950,800000,391.24,20.00,.051119,17.799712
1785841101,deepseek-v2:lite,32.0,10933,1484615,395.06,20.40,.050623,11.224069
1785841113,deepseek-v2:lite,32.0,10941,800000,419.66,19.32,.047656,28.256435
1785841142,deepseek-v2:lite,32.0,10944,799453,385.72,19.61,.051850,24.014826
1785841166,deepseek-v2:lite,32.0,10939,1000000,383.02,19.45,.052216,25.131540
1785841192,deepseek-v2:lite,32.0,10943,798703,376.70,19.55,.053092,21.733447
1785841214,deepseek-v2:lite,32.0,10951,800000,415.41,20.57,.048144,13.222404
1785841227,deepseek-v2:lite,33.0,10946,800000,376.59,19.45,.053107,24.412048
1785841252,deepseek-v2:lite,29.0,10968,800049,418.50,19.03,.047788,34.563641
1785841287,deepseek-v2:lite,31.0,10981,1190633,372.12,19.56,.053745,22.183503
1785841310,deepseek-v2:lite,32.0,10987,799916,377.98,19.33,.052912,23.682511
1785841334,deepseek-v2:lite,32.0,10978,1181105,410.03,20.02,.048776,17.375450
1785841351,deepseek-v2:lite,30.0,10959,800000,413.16,19.77,.048406,19.213838
1785841371,deepseek-v2:lite,31.0,10954,801506,369.84,19.40,.054077,25.871356
1785841397,deepseek-v2:lite,29.0,10951,800000,372.13,19.45,.053744,26.722651
1785841424,deepseek-v2:lite,32.0,10951,800377,381.39,19.21,.052439,24.931358
1785841450,deepseek-v2:lite,32.0,10939,801398,415.37,19.22,.048149,25.898001
1785841476,deepseek-v2:lite,31.0,10943,795644,399.53,19.44,.050057,25.097238
1785841502,deepseek-v2:lite,32.0,10941,800000,372.64,19.73,.053670,18.347582
1785841520,deepseek-v2:lite,32.0,10946,802199,406.94,19.86,.049146,13.187008
1785841534,deepseek-v2:lite,31.0,10949,800000,355.41,19.49,.056272,21.590609
1785841556,deepseek-v2:lite,32.0,10954,800000,427.89,19.51,.046740,27.103043
1785841583,deepseek-v2:lite,32.0,10956,704895,385.20,19.52,.051919,23.765188
1785841607,deepseek-v2:lite,30.0,10956,800000,418.47,19.58,.047792,22.921597
1785841631,deepseek-v2:lite,32.0,10948,1234317,387.95,19.58,.051552,24.708416
1785841656,deepseek-v2:lite,32.0,10940,1206339,377.52,19.85,.052976,16.063717
1785841672,deepseek-v2:lite,32.0,10935,798835,448.51,20.07,.044591,17.333184
1785841690,deepseek-v2:lite,32.0,10942,1000000,399.44,18.99,.050069,38.318715
1785841729,deepseek-v2:lite,32.0,10943,2098920,398.02,19.67,.050247,19.615748
1785841749,deepseek-v2:lite,32.0,10948,1804637,411.13,19.14,.048645,27.320390
1785841776,deepseek-v2:lite,32.0,10956,1452098,381.63,19.40,.052406,22.413502
1785841799,deepseek-v2:lite,32.0,10958,1100861,383.79,19.80,.052111,18.381609
1785841818,deepseek-v2:lite,32.0,10957,2100000,383.70,19.91,.052122,17.872510
1785841836,deepseek-v2:lite,32.0,10949,800000,411.04,18.97,.048656,35.670882
1785841872,deepseek-v2:lite,32.0,10947,828360,369.05,19.40,.054191,27.724089
1785841900,deepseek-v2:lite,31.0,10950,800000,375.37,19.30,.053280,38.803262
1785841940,deepseek-v2:lite,33.0,10951,800000,409.88,19.90,.048794,22.052558
1785841962,deepseek-v2:lite,32.0,10950,1874238,390.13,19.77,.051264,14.919552
1785841977,deepseek-v2:lite,32.0,10945,1774023,424.33,19.46,.047132,27.735917
1785842005,deepseek-v2:lite,32.0,10943,800000,384.75,19.09,.051981,30.683753
1785842036,deepseek-v2:lite,32.0,10946,925598,378.27,19.91,.052872,19.126907
1785842056,deepseek-v2:lite,32.0,10935,798190,380.96,20.53,.052497,15.487239
1785842072,deepseek-v2:lite,33.0,10934,797178,397.80,19.93,.050275,21.622538
1785842094,deepseek-v2:lite,32.0,10952,800000,371.43,19.74,.053845,17.924319
1785842112,deepseek-v2:lite,32.0,10939,801181,384.23,19.41,.052051,24.419294
1785842137,deepseek-v2:lite,32.0,10947,2101767,403.47,19.74,.049569,19.697354
1785842157,deepseek-v2:lite,32.0,10958,800000,411.04,20.01,.048655,14.436533
1785842172,deepseek-v2:lite,32.0,10941,800713,395.76,19.69,.050535,19.340621
1785842191,deepseek-v2:lite,32.0,10950,1400000,411.91,19.43,.048553,26.598634
1785842218,deepseek-v2:lite,32.0,10949,1517806,393.10,19.82,.050877,16.745229
1785842235,deepseek-v2:lite,32.0,10939,800000,381.51,19.31,.052422,25.574103
1785842261,deepseek-v2:lite,32.0,10938,1086998,382.50,19.05,.052286,33.960648
1785842296,deepseek-v2:lite,32.0,10942,800484,414.52,19.55,.048248,25.308835
1785842322,deepseek-v2:lite,33.0,10940,639432,394.77,19.62,.050662,29.601642
1785842352,deepseek-v2:lite,33.0,10938,798480,385.07,19.35,.051937,22.634564
1785842375,deepseek-v2:lite,32.0,10952,800000,378.52,19.67,.052836,21.651982
1785842397,deepseek-v2:lite,32.0,10944,800000,413.51,19.76,.048365,17.709406
1785842415,deepseek-v2:lite,29.0,10954,970716,375.16,19.42,.053309,23.418267
1785842438,deepseek-v2:lite,32.0,10942,800000,375.88,20.10,.053207,19.250786
1785842458,deepseek-v2:lite,34.0,10953,1649644,414.04,20.50,.048304,17.362043
1785842476,deepseek-v2:lite,32.0,10942,800924,375.78,19.69,.053222,25.694391
1785842502,deepseek-v2:lite,32.0,10942,1408521,369.30,19.77,.054155,20.687476
1785842523,deepseek-v2:lite,32.0,10948,1212859,376.67,19.27,.053096,27.230833
1785842551,deepseek-v2:lite,32.0,10948,800000,504.33,19.59,.039656,23.220511
1785842574,deepseek-v2:lite,33.0,10948,800000,401.26,19.58,.049842,18.584202
1785842593,deepseek-v2:lite,32.0,10946,824514,440.53,19.59,.045398,18.578857
1785842612,deepseek-v2:lite,32.0,10949,1157652,413.38,19.83,.048381,19.457398
1785842632,deepseek-v2:lite,32.0,10950,795238,414.03,19.52,.048305,24.073716
1785842656,deepseek-v2:lite,32.0,10941,701122,379.49,19.01,.052702,31.766672
1785842688,deepseek-v2:lite,32.0,10939,799902,389.28,19.74,.051375,13.772228
1785842703,deepseek-v2:lite,32.0,10943,798874,367.77,19.90,.054380,15.628072
1785842719,deepseek-v2:lite,32.0,10939,965367,375.66,19.24,.053238,25.247340
1785842744,deepseek-v2:lite,31.0,10942,1240318,345.43,20.11,.057897,17.898183
1785842762,deepseek-v2:lite,32.0,10936,1203260,423.17,20.33,.047261,13.079851
1785842776,deepseek-v2:lite,32.0,10934,800000,417.08,19.22,.047952,29.381829
1785842806,deepseek-v2:lite,32.0,10945,800986,483.91,19.68,.041329,20.019764
1785842826,deepseek-v2:lite,32.0,10942,799000,370.75,19.65,.053944,19.947825
1785842846,deepseek-v2:lite,32.0,10930,1594306,389.42,19.75,.051357,25.414779
1785842872,deepseek-v2:lite,32.0,10943,1170809,513.89,20.17,.038918,18.932734
1785842891,deepseek-v2:lite,32.0,10951,800000,371.65,19.89,.053813,19.249379
1785842911,deepseek-v2:lite,32.0,10952,800000,412.38,19.74,.048498,19.244089
1785842931,deepseek-v2:lite,32.0,10944,620332,381.50,19.48,.052423,24.173628
1785842955,deepseek-v2:lite,29.0,10944,800000,398.70,19.52,.050162,26.732858
1785842982,deepseek-v2:lite,32.0,10939,800000,370.26,19.92,.054015,19.224602
1785843002,deepseek-v2:lite,32.0,10948,801088,464.92,19.77,.043017,19.721778
1785843022,deepseek-v2:lite,31.0,10942,869995,386.46,19.34,.051750,25.075902
1785843047,deepseek-v2:lite,32.0,10958,800000,418.01,19.22,.047845,39.170459
1785843087,deepseek-v2:lite,32.0,10955,1000000,398.51,19.78,.050186,20.671322
1785843108,deepseek-v2:lite,32.0,10944,800000,441.34,19.27,.045316,24.802460
1785843133,deepseek-v2:lite,32.0,10945,800404,415.70,19.28,.048110,32.247000
1785843166,deepseek-v2:lite,32.0,10942,800000,381.12,18.79,.052476,36.600250
1785843203,deepseek-v2:lite,33.0,10948,777977,400.24,19.31,.049969,24.541661
1785843228,deepseek-v2:lite,32.0,10948,800000,394.50,19.61,.050696,21.158785
1785843249,deepseek-v2:lite,32.0,10941,801550,359.52,19.92,.055628,15.159348
1785843265,deepseek-v2:lite,32.0,10953,972324,399.38,19.39,.050076,25.269397
1785843291,deepseek-v2:lite,33.0,10949,2105949,428.38,19.86,.046686,15.104404
1785843306,deepseek-v2:lite,33.0,10952,770638,377.35,19.71,.053000,21.358913
1785843328,deepseek-v2:lite,32.0,10948,1500000,415.80,19.70,.048098,21.413428
1785843350,deepseek-v2:lite,32.0,10951,799737,407.28,19.68,.049106,16.612431
1785843367,deepseek-v2:lite,32.0,10958,1167065,357.80,19.39,.055896,28.567180
1785843395,deepseek-v2:lite,31.0,10961,1983615,386.61,19.43,.051731,26.030600
1785843422,deepseek-v2:lite,32.0,10960,800000,377.83,19.48,.052933,25.147421
1785843447,deepseek-v2:lite,32.0,10955,852892,379.99,19.37,.052632,28.545289
1785843476,deepseek-v2:lite,33.0,10953,800925,392.76,19.86,.050920,19.028661
1785843496,deepseek-v2:lite,31.0,10955,799147,378.98,19.10,.052772,32.248303
1785843528,deepseek-v2:lite,32.0,10957,800000,429.52,19.60,.046563,22.752664
1785843552,deepseek-v2:lite,32.0,10959,882057,411.07,19.89,.048652,22.214852
1785843574,deepseek-v2:lite,31.0,10957,1056417,376.80,19.54,.053077,23.943121
1785843599,deepseek-v2:lite,32.0,10951,1400000,411.68,19.26,.048580,29.842191
1785843629,deepseek-v2:lite,31.0,10955,1392452,379.26,19.76,.052733,20.694286
1785843650,deepseek-v2:lite,32.0,10939,800000,383.70,19.42,.052123,26.766734
1785843677,deepseek-v2:lite,29.0,10958,800000,412.42,19.75,.048493,23.332811
1785843701,deepseek-v2:lite,32.0,10950,797435,391.43,19.09,.051093,29.593940
1785843731,deepseek-v2:lite,32.0,10956,801078,407.64,19.43,.049062,22.582325
1785843754,deepseek-v2:lite,28.0,10955,903983,414.97,19.61,.048195,25.689967
1785843780,deepseek-v2:lite,29.0,10944,800058,381.18,19.66,.052468,21.565827
1785843802,deepseek-v2:lite,32.0,10945,1247232,367.72,19.53,.054387,25.032325
1785843827,deepseek-v2:lite,32.0,10958,800600,366.16,19.97,.054620,22.274147
1785843850,deepseek-v2:lite,32.0,10948,800000,394.02,19.71,.050758,20.749385
1785843871,deepseek-v2:lite,32.0,10946,823235,384.39,19.78,.052029,23.249614
1785843895,deepseek-v2:lite,31.0,10944,800000,404.78,19.76,.049409,22.363288
1785843917,deepseek-v2:lite,32.0,10944,800905,449.67,19.56,.044476,24.075714
1785843942,deepseek-v2:lite,32.0,10948,800000,363.22,19.67,.055062,21.909542
1785843964,deepseek-v2:lite,32.0,10943,801376,368.56,20.51,.054264,14.916241
1785843979,deepseek-v2:lite,32.0,10947,800000,347.98,19.76,.057474,15.889025
1785843996,deepseek-v2:lite,32.0,10939,800000,367.58,19.10,.054408,26.688573
1785844023,deepseek-v2:lite,32.0,10953,1224888,421.38,19.25,.047462,25.759560
1785844049,deepseek-v2:lite,32.0,10942,800000,371.32,19.42,.053861,22.854473
1785844072,deepseek-v2:lite,32.0,10953,1171343,392.85,20.17,.050909,16.903387
1785844089,deepseek-v2:lite,32.0,10950,800990,414.52,19.40,.048247,29.120581
1785844119,deepseek-v2:lite,32.0,10949,800000,361.13,19.45,.055380,27.393255
1785844147,deepseek-v2:lite,32.0,10941,800000,400.26,19.67,.049966,18.909137
1785844166,deepseek-v2:lite,32.0,10945,2100000,355.51,19.31,.056256,27.071643
1785844193,deepseek-v2:lite,32.0,10952,799557,377.18,19.38,.053024,27.760377
1785844222,deepseek-v2:lite,32.0,10950,800000,398.65,19.73,.050168,16.065244
1785844238,deepseek-v2:lite,33.0,10948,802185,385.68,19.54,.051856,24.555918
1785844263,deepseek-v2:lite,32.0,10951,1144017,390.12,19.74,.051266,20.763835
1785844284,deepseek-v2:lite,31.0,10949,802279,431.30,19.49,.046370,20.264550
1785844305,deepseek-v2:lite,32.0,10954,757268,376.77,19.86,.053082,23.967340
1785844329,deepseek-v2:lite,33.0,10945,1183009,386.81,20.17,.051704,18.935325
1785844348,deepseek-v2:lite,30.0,10949,800000,365.71,20.18,.054686,13.872202
1785844363,deepseek-v2:lite,32.0,10940,801718,377.90,19.97,.052922,17.720268
1785844381,deepseek-v2:lite,33.0,10955,800000,407.80,19.53,.049042,23.650081
1785844405,deepseek-v2:lite,29.0,10950,799953,403.85,19.52,.049523,22.433384
1785844427,deepseek-v2:lite,32.0,10953,800000,399.48,19.07,.050064,35.388858
1785844463,deepseek-v2:lite,32.0,10937,801212,418.69,19.58,.047767,19.253871
1785844483,deepseek-v2:lite,32.0,10954,997596,375.28,19.08,.053292,33.688829
1785844517,deepseek-v2:lite,32.0,10947,798237,409.20,19.62,.048875,18.551691
1785844536,deepseek-v2:lite,32.0,10937,1600000,369.16,19.81,.054175,16.903508
1785844553,deepseek-v2:lite,33.0,10947,801300,381.19,19.80,.052466,24.540793
1785844578,deepseek-v2:lite,32.0,10948,1100000,369.47,19.42,.054131,30.523923
1785844609,deepseek-v2:lite,32.0,10945,953313,396.71,19.43,.050414,27.882741
1785844637,deepseek-v2:lite,32.0,10954,797399,431.12,19.71,.046390,16.329161
1785844654,deepseek-v2:lite,32.0,10951,801131,383.49,20.08,.052151,15.835403
1785844670,deepseek-v2:lite,32.0,10949,1089274,383.34,19.90,.052172,19.095260
1785844690,deepseek-v2:lite,32.0,10946,875136,404.33,19.86,.049463,17.623246
1785844708,deepseek-v2:lite,32.0,10936,796697,394.05,19.59,.050754,22.351754
1785844730,deepseek-v2:lite,32.0,10942,800424,383.23,19.39,.052187,27.120315
1785844758,deepseek-v2:lite,31.0,10925,800000,383.09,20.18,.052205,21.203492
1785844779,deepseek-v2:lite,32.0,10940,1000000,447.59,19.57,.044683,18.493654
1785844798,deepseek-v2:lite,32.0,10951,800000,363.16,19.04,.055070,28.930472
1785844828,deepseek-v2:lite,32.0,10962,800000,379.38,19.81,.052716,15.341586
1785844843,deepseek-v2:lite,32.0,10952,800000,431.79,19.29,.046318,27.212962
1785844871,deepseek-v2:lite,32.0,10955,799596,370.70,18.62,.053950,42.050180
1785844913,deepseek-v2:lite,32.0,10938,779118,397.13,19.49,.050360,19.134809
1785844933,deepseek-v2:lite,32.0,10953,799479,507.38,19.36,.039418,24.166649
1785844958,deepseek-v2:lite,32.0,10949,800000,403.81,20.02,.049527,16.681091
1785844975,deepseek-v2:lite,32.0,10960,800000,396.22,19.69,.050476,16.045526
1785844991,deepseek-v2:lite,32.0,10954,800000,407.26,19.38,.049107,27.131523
1785845019,deepseek-v2:lite,32.0,10953,798961,386.07,19.97,.051803,14.368222
1785845033,deepseek-v2:lite,32.0,10948,2103903,367.80,19.41,.054377,25.707800
1785845059,deepseek-v2:lite,32.0,10951,800000,381.91,19.90,.052368,23.207016
1785845083,deepseek-v2:lite,33.0,10948,800000,362.67,19.90,.055145,18.892240
1785845102,deepseek-v2:lite,32.0,10946,798682,397.45,19.52,.050320,27.150249
1785845130,deepseek-v2:lite,32.0,10949,800000,387.59,19.96,.051600,19.632416
1785845150,deepseek-v2:lite,32.0,10953,800000,410.18,19.90,.048757,19.592784
1785845170,deepseek-v2:lite,32.0,10944,941731,453.48,19.81,.044102,16.348265
1785845186,deepseek-v2:lite,32.0,10943,800000,384.15,19.59,.052061,23.163544
1785845210,deepseek-v2:lite,32.0,10947,851693,360.61,19.44,.055460,29.265222
1785845240,deepseek-v2:lite,32.0,10950,988745,406.03,19.75,.049256,16.554428
1785845257,deepseek-v2:lite,32.0,10945,799522,393.46,19.90,.050830,15.269395
1785845272,deepseek-v2:lite,32.0,10944,799418,380.00,19.72,.052631,22.206312
1785845295,deepseek-v2:lite,32.0,10950,800000,377.76,19.77,.052942,21.695415
1785845317,deepseek-v2:lite,32.0,10957,800316,362.02,19.59,.055244,21.535721
1785845339,deepseek-v2:lite,32.0,10947,1211431,378.25,19.15,.052874,31.850266
1785845371,deepseek-v2:lite,32.0,10953,800804,418.56,19.99,.047782,19.253142
1785845391,deepseek-v2:lite,29.0,10955,1384975,408.25,19.45,.048988,29.754565
1785845421,deepseek-v2:lite,32.0,10952,799933,401.25,19.80,.049843,17.269557
1785845438,deepseek-v2:lite,32.0,10945,800082,377.77,19.86,.052941,16.009215
1785845455,deepseek-v2:lite,32.0,10942,800000,370.99,18.96,.053909,32.378719
1785845488,deepseek-v2:lite,32.0,10947,1382172,446.98,20.07,.044744,15.047109
1785845503,deepseek-v2:lite,33.0,10949,1175448,375.02,19.46,.053330,26.709295
1785845530,deepseek-v2:lite,32.0,10948,799059,387.18,19.77,.051655,23.162109
1785845554,deepseek-v2:lite,32.0,10950,800000,412.55,19.48,.048478,27.091127
1785845581,deepseek-v2:lite,32.0,10966,800000,420.95,19.61,.047511,24.365075
1785845606,deepseek-v2:lite,31.0,10952,800000,446.94,19.30,.044748,26.004061
1785845632,deepseek-v2:lite,32.0,10952,800396,408.50,19.47,.048958,24.134713
1785845657,deepseek-v2:lite,32.0,10949,2100000,372.86,19.45,.053638,24.666288
1785845682,deepseek-v2:lite,30.0,10938,800665,388.01,19.41,.051544,22.093250
1785845704,deepseek-v2:lite,32.0,10940,800000,371.19,19.55,.053880,22.045929
1785845727,deepseek-v2:lite,31.0,10942,800359,427.43,19.37,.046790,26.212975
1785845753,deepseek-v2:lite,32.0,10940,1582118,364.92,19.20,.054805,26.142290
1785845780,deepseek-v2:lite,32.0,10941,798863,378.12,19.66,.052891,20.244125
1785845800,deepseek-v2:lite,32.0,10942,800170,384.57,20.11,.052004,17.048373
1785845818,deepseek-v2:lite,32.0,10937,800000,384.39,19.69,.052030,28.227638
1785845846,deepseek-v2:lite,32.0,10935,799076,371.60,19.44,.053821,21.903333
1785845869,deepseek-v2:lite,32.0,10939,1363095,366.77,19.38,.054528,26.465331
1785845896,deepseek-v2:lite,32.0,10946,798802,412.45,19.74,.048489,22.745398
1785845919,deepseek-v2:lite,32.0,10945,800000,408.81,19.07,.048921,31.500178
1785845951,deepseek-v2:lite,32.0,10950,1884509,381.95,19.60,.052362,21.221586
1785845972,deepseek-v2:lite,32.0,10951,798847,364.72,19.40,.054836,27.986161
1785846001,deepseek-v2:lite,29.0,10954,1409963,401.24,19.27,.049844,25.111698
1785846026,deepseek-v2:lite,32.0,10959,801213,424.13,19.85,.047155,20.906377
1785846047,deepseek-v2:lite,32.0,10952,800000,398.82,19.16,.050147,27.966009
1785846076,deepseek-v2:lite,32.0,10956,800000,432.99,20.20,.046189,14.104749
1785846090,deepseek-v2:lite,32.0,10952,800000,372.43,19.77,.053700,14.865560
1785846105,deepseek-v2:lite,32.0,10953,1072063,366.62,19.74,.054551,24.569088
1785846130,deepseek-v2:lite,32.0,10948,801079,382.57,19.52,.052277,24.833865
1785846156,deepseek-v2:lite,32.0,10953,800000,360.37,19.89,.055497,15.628896
1785846171,deepseek-v2:lite,31.0,10950,800000,403.23,19.79,.049599,28.387357
1785846200,deepseek-v2:lite,28.0,10941,800480,396.05,19.20,.050498,26.821381
1785846228,deepseek-v2:lite,32.0,10951,979142,393.32,19.64,.050848,25.144148
1785846253,deepseek-v2:lite,32.0,10947,947603,478.50,19.88,.041796,17.901699
1785846271,deepseek-v2:lite,32.0,10950,1098086,409.45,19.22,.048845,25.282163
1785846297,deepseek-v2:lite,31.0,10953,1492426,421.11,19.61,.047493,17.536562
1785846315,deepseek-v2:lite,31.0,10943,816130,396.12,19.22,.050489,25.282355
1785846341,deepseek-v2:lite,31.0,10956,800414,371.42,19.87,.053847,19.870611
1785846361,deepseek-v2:lite,32.0,10944,800000,416.73,19.96,.047992,24.186944
1785846385,deepseek-v2:lite,32.0,10951,1054794,403.79,19.75,.049529,22.624325
1785846408,deepseek-v2:lite,32.0,10955,801342,410.25,19.77,.048750,17.949876
1785846427,deepseek-v2:lite,32.0,10952,1600000,370.52,19.56,.053978,20.550214
1785846448,deepseek-v2:lite,32.0,10946,800000,412.16,19.68,.048524,19.404395
1785846467,deepseek-v2:lite,32.0,10948,800000,365.00,19.68,.054793,19.811242
1785846487,deepseek-v2:lite,32.0,10949,800000,366.57,19.39,.054559,26.495838
1785846514,deepseek-v2:lite,32.0,10954,800710,350.12,20.01,.057122,17.887566
1785846533,deepseek-v2:lite,33.0,10943,800000,414.32,19.87,.048271,23.296149
1785846556,deepseek-v2:lite,32.0,10938,1063775,418.83,19.38,.047752,28.941318
1785846586,deepseek-v2:lite,32.0,10945,697075,385.20,19.57,.051921,22.983287
1785846609,deepseek-v2:lite,32.0,10958,800000,356.62,19.45,.056080,26.879496
1785846636,deepseek-v2:lite,32.0,10948,800000,378.76,19.47,.052802,25.572806
1785846662,deepseek-v2:lite,32.0,10958,799891,406.55,19.58,.049194,26.604110
1785846689,deepseek-v2:lite,29.0,10957,800349,386.57,19.44,.051735,30.084757
1785846720,deepseek-v2:lite,32.0,10947,801001,475.24,19.89,.042083,20.763254
1785846741,deepseek-v2:lite,32.0,10948,798686,420.05,20.01,.047612,17.137348
1785846758,deepseek-v2:lite,32.0,10954,925966,435.27,19.70,.045947,19.998925
1785846779,deepseek-v2:lite,32.0,10945,1189652,360.83,21.31,.055427,4.270017
1785846783,deepseek-v2:lite,32.0,10952,798833,393.85,19.83,.050779,16.583330
1785846800,deepseek-v2:lite,29.0,10960,796893,378.28,19.46,.052870,24.602465
1785846825,deepseek-v2:lite,31.0,10948,800623,443.22,19.85,.045123,23.017745
1785846849,deepseek-v2:lite,32.0,10951,800000,413.36,20.54,.048383,14.015851
1785846863,deepseek-v2:lite,32.0,10944,802156,376.68,19.28,.053094,30.289818
1785846894,deepseek-v2:lite,32.0,10948,800000,385.66,19.62,.051858,21.353039
1785846915,deepseek-v2:lite,32.0,10946,1067195,470.06,19.64,.042547,21.944116
1785846938,deepseek-v2:lite,32.0,10944,769815,400.62,19.71,.049922,22.464724
1785846960,deepseek-v2:lite,32.0,10947,798837,407.66,20.41,.049060,15.526141
1785846976,deepseek-v2:lite,32.0,10959,798989,373.96,19.50,.053480,23.997544
1785847001,deepseek-v2:lite,33.0,10954,799045,401.76,19.94,.049779,19.097840
1785847020,deepseek-v2:lite,32.0,10957,998341,402.58,19.31,.049678,27.702381
1785847048,deepseek-v2:lite,30.0,10952,800000,370.81,19.30,.053935,26.371847
1785847075,deepseek-v2:lite,32.0,10947,1100000,400.34,19.95,.049956,24.857238
1785847100,deepseek-v2:lite,32.0,10948,867766,372.31,20.19,.053717,17.136747
1785847118,deepseek-v2:lite,32.0,10946,800000,433.79,19.65,.046104,24.878694
1785847143,deepseek-v2:lite,31.0,10960,798787,431.87,19.78,.046310,21.526628
1785847165,deepseek-v2:lite,32.0,10958,800000,375.74,19.33,.053227,24.410817
1785847190,deepseek-v2:lite,32.0,10955,1498801,382.00,19.72,.052355,18.810927
1785847209,deepseek-v2:lite,32.0,10954,802086,385.51,19.54,.051878,21.483424
1785847231,deepseek-v2:lite,32.0,10950,800900,379.94,19.59,.052639,21.335782
1785847252,deepseek-v2:lite,32.0,10949,1000602,376.78,19.33,.053080,27.984919
1785847281,deepseek-v2:lite,32.0,10956,801070,404.02,19.58,.049501,20.214835
1785847301,deepseek-v2:lite,32.0,10958,999771,345.13,19.36,.057947,23.854970
1785847326,deepseek-v2:lite,31.0,10953,801167,389.29,20.13,.051374,18.670902
1785847345,deepseek-v2:lite,32.0,10955,926852,398.96,20.14,.050129,16.528829
1785847362,deepseek-v2:lite,31.0,10955,1796954,369.74,20.04,.054090,21.945868
1785847384,deepseek-v2:lite,32.0,10959,799991,373.89,19.29,.053491,25.505249
1785847410,deepseek-v2:lite,32.0,10962,1351519,410.55,20.11,.048714,17.248924
1785847427,deepseek-v2:lite,28.0,10957,802469,418.05,19.75,.047840,19.846286
1785847448,deepseek-v2:lite,32.0,10939,800000,375.29,19.25,.053291,34.372861
1785847482,deepseek-v2:lite,32.0,10952,800000,412.08,19.54,.048533,23.387236
1785847506,deepseek-v2:lite,32.0,10942,800000,369.00,19.85,.054199,15.409254
1785847522,deepseek-v2:lite,32.0,10949,800000,402.11,19.68,.049737,21.946747
1785847544,deepseek-v2:lite,32.0,10947,1000000,372.07,19.21,.053752,27.686597
1785847572,deepseek-v2:lite,32.0,10951,800540,416.53,19.12,.048015,25.467110
1785847598,deepseek-v2:lite,32.0,10953,802560,428.72,19.54,.046650,25.124804
1785847624,deepseek-v2:lite,31.0,10955,901381,364.78,20.13,.054827,19.614680
1785847644,deepseek-v2:lite,32.0,10965,1036173,379.23,19.73,.052738,28.066708
1785847672,deepseek-v2:lite,32.0,10958,798678,400.66,20.31,.049916,18.906330
1785847691,deepseek-v2:lite,32.0,10964,800000,350.06,19.08,.057133,28.086885
1785847720,deepseek-v2:lite,31.0,10961,800000,416.31,19.82,.048040,19.273083
1785847740,deepseek-v2:lite,32.0,10962,1400000,417.21,19.12,.047936,29.704464
1785847770,deepseek-v2:lite,32.0,10956,801263,366.70,19.37,.054539,26.793779
1785847797,deepseek-v2:lite,32.0,10960,799212,400.24,19.55,.049969,24.085416
1785847821,deepseek-v2:lite,32.0,10958,800903,363.81,19.40,.054972,20.459942
1785847842,deepseek-v2:lite,32.0,10960,800000,386.55,19.64,.051738,19.143978
1785847862,deepseek-v2:lite,32.0,10960,801204,423.05,19.23,.047275,29.223362
1785847891,deepseek-v2:lite,32.0,10946,800697,383.64,19.74,.052132,21.981342
1785847914,deepseek-v2:lite,32.0,10951,801518,403.38,19.70,.049580,16.188178
1785847930,deepseek-v2:lite,31.0,10955,797452,391.43,19.53,.051094,25.642149
1785847956,deepseek-v2:lite,32.0,10949,800000,386.69,19.45,.051720,24.101911
1785847981,deepseek-v2:lite,32.0,10946,799048,363.61,19.22,.055002,29.540784
1785848011,deepseek-v2:lite,32.0,10940,1603094,488.64,19.73,.040929,19.867269
1785848031,deepseek-v2:lite,32.0,10956,800000,394.30,19.77,.050722,16.281444
1785848048,deepseek-v2:lite,32.0,10942,2100000,399.81,19.52,.050023,18.951622
1785848067,deepseek-v2:lite,29.0,10949,1000000,371.03,19.84,.053903,22.778162
1785848090,deepseek-v2:lite,32.0,10956,800000,401.99,19.52,.049751,26.734642
1785848117,deepseek-v2:lite,32.0,10953,798795,417.81,19.78,.047868,22.242966
1785848140,deepseek-v2:lite,28.0,10957,882212,391.88,19.76,.051034,19.630546
1785848160,deepseek-v2:lite,32.0,10953,800000,379.82,19.97,.052655,18.826593
1785848179,deepseek-v2:lite,32.0,10953,800483,398.50,19.85,.050187,16.768671
1785848196,deepseek-v2:lite,30.0,10963,800000,476.88,19.58,.041938,22.212187
1785848219,deepseek-v2:lite,32.0,10962,928152,359.81,19.50,.055583,27.332869
1785848246,deepseek-v2:lite,32.0,10950,798767,477.21,19.49,.041909,28.109491
1785848275,deepseek-v2:lite,33.0,10954,800829,384.73,19.61,.051983,21.565031
1785848297,deepseek-v2:lite,31.0,10963,798222,377.85,19.71,.052930,14.763478
1785848312,deepseek-v2:lite,32.0,10951,801801,374.26,19.61,.053438,22.324453
1785848335,deepseek-v2:lite,32.0,10951,836937,406.30,19.93,.049223,22.768433
1785848358,deepseek-v2:lite,32.0,10953,800000,387.80,20.11,.051572,19.191405
1785848377,deepseek-v2:lite,32.0,10956,801225,377.95,20.48,.052915,8.691237
1785848386,deepseek-v2:lite,33.0,10946,797388,420.95,19.64,.047511,24.530074
1785848411,deepseek-v2:lite,32.0,10958,798565,424.95,19.50,.047063,26.665370
1785848438,deepseek-v2:lite,32.0,10993,800000,382.66,19.46,.052265,22.710614
1785848461,deepseek-v2:lite,32.0,10965,800354,370.07,19.94,.054042,20.202152
1785848482,deepseek-v2:lite,32.0,10961,798326,369.19,19.45,.054172,27.960528
1785848510,deepseek-v2:lite,31.0,10962,1019590,381.09,19.62,.052480,24.556672
1785848535,deepseek-v2:lite,32.0,10951,800000,385.56,19.08,.051872,34.105494
1785848570,deepseek-v2:lite,32.0,10954,1085818,370.32,19.95,.054007,16.435745
1785848587,deepseek-v2:lite,32.0,10964,800000,387.52,19.83,.051609,17.848120
1785848605,deepseek-v2:lite,33.0,10955,990671,383.73,19.99,.052119,18.303966
1785848623,deepseek-v2:lite,32.0,10953,800000,370.46,19.96,.053985,23.044771
1785848647,deepseek-v2:lite,29.0,10958,964492,494.21,20.21,.040468,16.223822
1785848663,deepseek-v2:lite,31.0,10950,802867,398.82,19.53,.050147,22.416193
1785848686,deepseek-v2:lite,29.0,10964,800000,416.30,20.01,.048041,14.735490
1785848701,deepseek-v2:lite,33.0,10962,799239,379.83,19.64,.052655,24.025212
1785848726,deepseek-v2:lite,32.0,10955,801709,385.71,20.32,.051852,13.237973
1785848739,deepseek-v2:lite,33.0,10946,2097885,398.50,19.74,.050187,23.652022
1785848763,deepseek-v2:lite,32.0,10965,1000000,385.69,19.68,.051854,17.322023
1785848781,deepseek-v2:lite,33.0,10955,838669,397.79,19.63,.050277,27.447374
1785848809,deepseek-v2:lite,32.0,10950,800000,420.76,20.71,.047532,13.369088
1785848823,deepseek-v2:lite,32.0,10955,801242,394.40,19.81,.050709,25.387585
1785848848,deepseek-v2:lite,32.0,10960,798798,385.26,19.56,.051912,26.112018
1785848875,deepseek-v2:lite,32.0,10967,962955,404.31,19.80,.049465,18.888609
1785848894,deepseek-v2:lite,32.0,10967,1140293,390.74,20.86,.051184,6.756904
1785848901,deepseek-v2:lite,32.0,10959,801263,429.53,19.18,.046562,36.020641
1785848938,deepseek-v2:lite,32.0,10968,1489875,379.83,19.64,.052654,24.077482
1785848962,deepseek-v2:lite,32.0,10954,1989167,375.23,20.10,.053299,13.973729
1785848976,deepseek-v2:lite,32.0,10956,800000,379.77,20.02,.052663,14.878557
1785848992,deepseek-v2:lite,32.0,10955,951644,373.87,19.83,.053494,15.630524
1785849007,deepseek-v2:lite,32.0,10961,1299214,397.13,19.06,.050360,28.741395
1785849037,deepseek-v2:lite,32.0,10953,1594041,378.83,19.86,.052794,17.063892
1785849054,deepseek-v2:lite,29.0,10947,1306515,417.43,19.58,.047911,19.706909
1785849074,deepseek-v2:lite,32.0,10953,800000,394.46,19.48,.050701,24.222150
1785849099,deepseek-v2:lite,32.0,10944,800000,402.42,19.28,.049698,28.518445
1785849128,deepseek-v2:lite,32.0,10945,1374295,380.90,19.62,.052506,21.964998
1785849150,deepseek-v2:lite,32.0,10951,760026,376.63,19.69,.053101,23.512839
1785849174,deepseek-v2:lite,33.0,10945,798575,372.71,19.37,.053660,28.751443
1785849203,deepseek-v2:lite,32.0,10957,802782,403.31,19.55,.049589,19.840954
1785849223,deepseek-v2:lite,32.0,10955,800000,377.17,19.77,.053026,18.053760
1785849242,deepseek-v2:lite,31.0,10948,800000,401.65,20.52,.049793,18.269337
1785849260,deepseek-v2:lite,32.0,10946,801169,352.38,19.94,.056755,20.653660
1785849281,deepseek-v2:lite,32.0,10951,799973,379.38,19.85,.052716,19.340275
1785849301,deepseek-v2:lite,32.0,10947,963286,363.02,19.02,.055092,27.652665
1785849329,deepseek-v2:lite,32.0,10945,999428,389.60,19.50,.051334,21.223750
1785849351,deepseek-v2:lite,29.0,10944,1186938,382.45,19.84,.052294,22.676302
1785849374,deepseek-v2:lite,33.0,10952,1082562,403.39,19.77,.049579,23.817438
1785849398,deepseek-v2:lite,32.0,10955,800000,363.08,19.53,.055083,25.696067
1785849424,deepseek-v2:lite,32.0,10947,800986,384.75,19.34,.051980,26.048510
1785849450,deepseek-v2:lite,32.0,10956,1147085,412.00,20.03,.048542,21.857877
1785849473,deepseek-v2:lite,32.0,10947,800000,446.48,20.40,.044794,16.368222
1785849489,deepseek-v2:lite,32.0,10953,797730,366.63,20.22,.054549,22.103004
1785849512,deepseek-v2:lite,32.0,10948,800000,410.41,19.40,.048731,30.561429
1785849543,deepseek-v2:lite,32.0,10946,800000,382.29,20.10,.052316,21.135029
1785849564,deepseek-v2:lite,33.0,10944,1382268,412.66,19.95,.048465,20.842379
1785849586,deepseek-v2:lite,32.0,10946,800000,380.82,19.66,.052517,24.863542
1785849611,deepseek-v2:lite,32.0,10951,800000,366.19,19.43,.054616,24.546533
1785849636,deepseek-v2:lite,32.0,10951,800000,368.24,19.66,.054310,22.274874
1785849658,deepseek-v2:lite,32.0,10943,1808882,428.43,19.84,.046681,20.858472
1785849680,deepseek-v2:lite,32.0,10943,800000,365.00,19.56,.054794,23.667595
1785849704,deepseek-v2:lite,32.0,10950,889416,373.32,19.60,.053573,22.341177
1785849726,deepseek-v2:lite,33.0,10961,1172704,374.80,19.95,.053361,12.931281
1785849740,deepseek-v2:lite,32.0,10961,800000,423.59,19.40,.047214,24.421323
1785849765,deepseek-v2:lite,31.0,10953,800000,388.82,20.20,.051437,22.911432
1785849788,deepseek-v2:lite,32.0,10951,635287,424.33,19.43,.047132,23.772179
1785849812,deepseek-v2:lite,32.0,10958,802574,370.16,19.77,.054030,19.776755
1785849832,deepseek-v2:lite,30.0,10951,800000,371.30,19.37,.053864,27.508365
1785849860,deepseek-v2:lite,32.0,10950,800389,439.24,18.93,.045532,30.518970
1785849891,deepseek-v2:lite,31.0,10953,1218220,409.97,19.45,.048783,21.896849
1785849913,deepseek-v2:lite,32.0,10962,1088244,376.54,19.66,.053114,20.341369
1785849934,deepseek-v2:lite,32.0,10956,800000,360.97,19.61,.055405,22.793216
1785849957,deepseek-v2:lite,32.0,10956,785256,456.27,19.84,.043833,19.651986
1785849977,deepseek-v2:lite,32.0,10953,800000,382.09,19.41,.052343,28.381030
1785850006,deepseek-v2:lite,32.0,10944,800000,384.15,19.89,.052062,21.155966
1785850027,deepseek-v2:lite,32.0,10936,799106,483.89,19.79,.041331,24.302206
1785850052,deepseek-v2:lite,31.0,10943,801017,405.15,19.79,.049364,20.205654
1785850073,deepseek-v2:lite,32.0,10939,801864,460.04,19.99,.043473,16.156218
1785850089,deepseek-v2:lite,32.0,10947,800000,398.87,19.97,.050141,17.170094
1785850107,deepseek-v2:lite,32.0,10953,1221218,403.71,19.75,.049540,19.794639
1785850127,deepseek-v2:lite,32.0,10956,800489,390.40,19.75,.051228,20.961371
1785850148,deepseek-v2:lite,32.0,10944,800000,354.03,19.59,.056490,20.417992
1785850169,deepseek-v2:lite,32.0,10939,800000,371.74,19.82,.053800,17.854313
1785850187,deepseek-v2:lite,32.0,10945,1867582,407.76,19.54,.049047,30.078548
1785850218,deepseek-v2:lite,32.0,10943,800000,418.45,19.71,.047794,19.886499
1785850238,deepseek-v2:lite,32.0,10951,1995941,422.49,19.40,.047337,27.316986
1785850266,deepseek-v2:lite,32.0,10956,799550,378.33,19.72,.052862,17.645689
1785850284,deepseek-v2:lite,32.0,10941,800000,380.38,19.50,.052578,22.657214
1785850307,deepseek-v2:lite,29.0,10951,800000,366.86,19.58,.054515,15.677790
1785850323,deepseek-v2:lite,32.0,10949,843593,482.87,19.67,.041418,20.683259
1785850344,deepseek-v2:lite,32.0,10948,800000,376.83,19.58,.053073,17.670630
1785850362,deepseek-v2:lite,32.0,10944,800842,366.29,19.61,.054600,27.472112
1785850390,deepseek-v2:lite,32.0,10945,798609,413.03,20.27,.048422,13.611153
1785850404,deepseek-v2:lite,32.0,10943,800000,392.21,19.55,.050992,25.565332
1785850430,deepseek-v2:lite,33.0,10946,1182056,463.81,19.61,.043120,23.709038
1785850454,deepseek-v2:lite,32.0,10951,800683,471.23,19.52,.042441,22.530670
1785850477,deepseek-v2:lite,32.0,10946,800000,373.41,19.18,.053559,26.947897
1785850504,deepseek-v2:lite,32.0,10948,859179,376.48,19.07,.053123,31.933485
1785850536,deepseek-v2:lite,32.0,10953,1031286,400.84,19.55,.049894,23.782289
1785850560,deepseek-v2:lite,32.0,10941,800000,397.58,19.57,.050303,19.563134
1785850580,deepseek-v2:lite,32.0,10940,800148,412.61,19.25,.048471,30.542189
1785850611,deepseek-v2:lite,32.0,10945,798675,417.14,19.97,.047945,16.871058
1785850628,deepseek-v2:lite,32.0,10950,801951,418.30,19.88,.047811,21.269387
1785850650,deepseek-v2:lite,32.0,10952,970918,378.75,19.71,.052804,20.287243
1785850671,deepseek-v2:lite,32.0,10946,1116825,389.95,19.56,.051288,23.306765
1785850694,deepseek-v2:lite,32.0,10940,801036,424.03,19.97,.047165,19.122508
1785850714,deepseek-v2:lite,32.0,10949,800000,379.62,19.04,.052684,34.233282
1785850749,deepseek-v2:lite,32.0,10939,798679,424.32,19.74,.047133,18.236532
1785850767,deepseek-v2:lite,32.0,10945,800000,398.65,19.40,.050169,27.001372
1785850795,deepseek-v2:lite,31.0,10952,800000,344.61,19.69,.058035,18.833209
1785850814,deepseek-v2:lite,31.0,10942,802877,384.06,19.39,.052074,23.609733
1785850838,deepseek-v2:lite,32.0,10940,1625563,356.48,20.00,.056104,18.397076
1785850857,deepseek-v2:lite,32.0,10955,800000,410.01,20.30,.048778,18.912718
1785850876,deepseek-v2:lite,32.0,10949,800000,371.77,20.08,.053795,28.124662
1785850904,deepseek-v2:lite,32.0,10948,1692585,379.66,19.87,.052677,20.122711
1785850925,deepseek-v2:lite,32.0,10950,1081850,454.98,19.55,.043957,22.447764
1785850948,deepseek-v2:lite,32.0,10947,1190813,369.08,19.98,.054187,17.365222
1785850965,deepseek-v2:lite,29.0,10942,784500,359.47,19.82,.055637,17.450530
1785850983,deepseek-v2:lite,32.0,10944,799598,420.52,20.05,.047559,20.242565
1785851004,deepseek-v2:lite,31.0,10944,836161,416.42,19.61,.048027,17.333997
1785851022,deepseek-v2:lite,32.0,10948,798167,380.80,19.88,.052519,16.845002
1785851039,deepseek-v2:lite,32.0,10955,797153,425.83,19.47,.046966,24.752998
1785851064,deepseek-v2:lite,32.0,10954,784609,440.75,19.59,.045376,21.431480
1785851086,deepseek-v2:lite,32.0,10950,800000,400.32,19.50,.049959,19.637822
1785851106,deepseek-v2:lite,32.0,10954,918166,401.76,19.71,.049779,26.929722
1785851133,deepseek-v2:lite,32.0,10948,800000,380.81,19.56,.052519,22.228354
1785851156,deepseek-v2:lite,32.0,10939,1794930,404.82,19.17,.049404,29.523416
1785851186,deepseek-v2:lite,32.0,10940,801178,366.93,20.14,.054505,14.444916
1785851200,deepseek-v2:lite,32.0,10946,947846,378.94,20.33,.052778,15.538571
1785851216,deepseek-v2:lite,32.0,10938,800000,435.30,19.47,.045944,23.414024
1785851240,deepseek-v2:lite,32.0,10948,1367090,425.20,19.80,.047035,20.899437
1785851261,deepseek-v2:lite,32.0,10963,800000,381.56,19.50,.052415,28.972209
1785851291,deepseek-v2:lite,32.0,10953,999569,413.45,19.67,.048372,22.517356
1785851314,deepseek-v2:lite,32.0,10951,1091480,378.67,19.83,.052815,20.162050
1785851334,deepseek-v2:lite,32.0,10960,798707,419.62,19.91,.047661,19.837394
1785851354,deepseek-v2:lite,31.0,10968,800000,376.75,20.31,.053084,13.879502
1785851368,deepseek-v2:lite,32.0,10953,1100778,407.98,20.22,.049020,14.387193
1785851383,deepseek-v2:lite,32.0,10963,800000,383.76,19.49,.052115,25.652254
1785851409,deepseek-v2:lite,32.0,10953,800000,369.05,19.53,.054192,22.222104
1785851432,deepseek-v2:lite,32.0,10963,800399,379.57,19.51,.052689,22.341913
1785851455,deepseek-v2:lite,32.0,10954,1099568,386.03,20.17,.051808,15.066704
1785851470,deepseek-v2:lite,32.0,10960,1175478,371.81,19.78,.053789,18.956321
1785851489,deepseek-v2:lite,29.0,10958,1035406,382.55,19.86,.052280,24.059853
1785851514,deepseek-v2:lite,32.0,10947,799059,393.63,19.79,.050808,25.964934
1785851540,deepseek-v2:lite,31.0,10955,798884,502.63,19.99,.039790,22.709152
1785851563,deepseek-v2:lite,29.0,10957,801258,362.45,19.83,.055178,21.022090
1785851585,deepseek-v2:lite,32.0,10956,798568,401.98,19.66,.049752,23.442065
1785851608,deepseek-v2:lite,32.0,10957,1097518,504.00,19.57,.039681,20.531535
1785851629,deepseek-v2:lite,29.0,10947,800000,370.71,19.42,.053950,26.768005
1785851656,deepseek-v2:lite,32.0,10964,778126,377.45,20.02,.052987,13.684522
1785851670,deepseek-v2:lite,32.0,10951,800000,381.55,19.93,.052416,20.866450
1785851692,deepseek-v2:lite,32.0,10947,798813,408.47,19.37,.048962,26.430163
1785851718,deepseek-v2:lite,32.0,10949,1011776,376.89,19.05,.053064,28.650677
1785851748,deepseek-v2:lite,32.0,10946,800000,385.50,19.79,.051880,23.540114
1785851772,deepseek-v2:lite,32.0,10945,800000,415.26,20.11,.048161,19.634567
1785851792,deepseek-v2:lite,32.0,10954,798761,386.78,19.40,.051708,31.077014
1785851823,deepseek-v2:lite,32.0,10943,1889010,386.27,19.66,.051776,23.595676
1785851847,deepseek-v2:lite,29.0,10946,928311,412.55,19.05,.048478,30.340156
1785851878,deepseek-v2:lite,31.0,10950,2100000,385.33,19.48,.051903,18.217896
1785851896,deepseek-v2:lite,32.0,10945,1769740,385.13,19.78,.051929,21.229444
1785851918,deepseek-v2:lite,32.0,10944,798726,404.70,19.76,.049418,23.726510
1785851942,deepseek-v2:lite,32.0,10940,800000,417.15,20.22,.047943,22.594863
1785851965,deepseek-v2:lite,32.0,10957,799066,380.82,19.88,.052518,22.932995
1785851988,deepseek-v2:lite,32.0,10957,798705,387.33,20.28,.051635,15.673940
1785852004,deepseek-v2:lite,32.0,10958,800000,390.35,19.97,.051235,19.724128
1785852024,deepseek-v2:lite,32.0,10957,1400000,441.28,19.61,.045322,26.056090
1785852051,deepseek-v2:lite,31.0,10943,798953,415.00,19.60,.048191,25.763472
1785852077,deepseek-v2:lite,31.0,10938,1770758,377.87,19.66,.052927,21.658133
1785852099,deepseek-v2:lite,29.0,10947,1395679,378.99,19.83,.052770,18.405323
1785852118,deepseek-v2:lite,32.0,10960,800000,377.66,19.81,.052956,16.809122
1785852135,deepseek-v2:lite,32.0,10962,1900000,372.74,19.74,.053655,21.721739
1785852157,deepseek-v2:lite,32.0,10965,800000,410.54,20.12,.048715,21.220740
1785852179,deepseek-v2:lite,32.0,10956,800000,385.03,20.15,.051943,18.955605
1785852198,deepseek-v2:lite,32.0,10955,800804,374.38,20.01,.053421,20.535890
1785852219,deepseek-v2:lite,32.0,10952,1000000,394.89,20.03,.050646,19.617978
1785852239,deepseek-v2:lite,32.0,10949,1587043,412.44,19.72,.048491,23.424859
1785852263,deepseek-v2:lite,29.0,10956,1090006,387.16,19.78,.051657,20.975543
1785852284,deepseek-v2:lite,32.0,10945,2000000,376.43,20.12,.053130,14.360012
1785852299,deepseek-v2:lite,32.0,10951,800000,388.26,19.54,.051511,22.818423
1785852322,deepseek-v2:lite,32.0,10947,801267,382.42,19.73,.052297,21.436011
1785852344,deepseek-v2:lite,32.0,10946,800000,396.08,19.75,.050494,25.061771
1785852369,deepseek-v2:lite,32.0,10952,800000,412.33,19.64,.048503,29.165709
1785852399,deepseek-v2:lite,31.0,10948,949937,378.46,19.67,.052844,24.551038
1785852424,deepseek-v2:lite,32.0,10949,1568399,413.17,19.52,.048405,20.745803
1785852445,deepseek-v2:lite,32.0,10940,1052347,398.44,19.69,.050194,22.335383
1785852467,deepseek-v2:lite,32.0,10944,2000000,386.16,19.95,.051791,18.194810
1785852486,deepseek-v2:lite,32.0,10942,757477,399.43,20.25,.050070,13.477149
1785852500,deepseek-v2:lite,32.0,10948,800000,411.46,19.50,.048606,23.431370
1785852524,deepseek-v2:lite,32.0,10953,943532,386.41,19.56,.051757,17.833665
1785852542,deepseek-v2:lite,32.0,10951,800000,391.44,19.16,.051092,26.920250
1785852569,deepseek-v2:lite,32.0,10951,747810,416.93,19.60,.047969,20.244892
1785852590,deepseek-v2:lite,32.0,10950,798534,376.10,19.52,.053176,22.632400
1785852613,deepseek-v2:lite,32.0,10943,999328,362.99,19.50,.055096,21.177060
1785852634,deepseek-v2:lite,31.0,10949,1100000,383.62,19.49,.052134,23.439185
1785852658,deepseek-v2:lite,31.0,10948,799382,411.69,19.42,.048579,25.170320
1785852684,deepseek-v2:lite,30.0,10957,1381577,400.29,19.35,.049963,22.996302
1785852707,deepseek-v2:lite,32.0,10957,1100000,401.75,19.60,.049781,24.132383
1785852732,deepseek-v2:lite,32.0,10945,1001081,348.87,19.36,.057326,25.351031
1785852757,deepseek-v2:lite,31.0,10948,802094,398.93,19.04,.050133,31.816779
1785852790,deepseek-v2:lite,31.0,10932,852594,460.63,19.43,.043418,22.739938
1785852813,deepseek-v2:lite,32.0,10938,800000,412.15,19.40,.048524,26.591319
1785852840,deepseek-v2:lite,32.0,10946,959498,462.63,19.68,.043230,21.239530
1785852861,deepseek-v2:lite,32.0,10955,985813,493.47,20.23,.040529,20.015947
1785852882,deepseek-v2:lite,32.0,10961,1002457,408.77,19.85,.048926,22.209788
1785852904,deepseek-v2:lite,32.0,10957,1622052,406.48,20.21,.049202,20.582226
1785852925,deepseek-v2:lite,32.0,10953,798493,379.11,19.76,.052754,26.663480
1785852952,deepseek-v2:lite,32.0,10959,1473571,399.88,19.73,.050014,23.507138
1785852976,deepseek-v2:lite,32.0,10952,966494,407.02,19.88,.049136,20.974969
1785852997,deepseek-v2:lite,32.0,10959,1200000,418.79,20.54,.047755,15.968157
1785853014,deepseek-v2:lite,32.0,10956,673285,419.44,19.49,.047681,26.414629
1785853040,deepseek-v2:lite,32.0,10958,800000,396.89,20.40,.050391,11.812028
1785853053,deepseek-v2:lite,31.0,10967,799954,385.00,19.74,.051946,22.485855
1785853076,deepseek-v2:lite,32.0,10961,1283628,375.48,20.30,.053264,17.382588
1785853093,deepseek-v2:lite,32.0,10958,801210,395.84,19.22,.050524,30.327890
1785853124,deepseek-v2:lite,32.0,10949,1038538,397.96,19.89,.050256,27.439447
1785853152,deepseek-v2:lite,32.0,10955,799681,380.56,20.03,.052553,19.170877
1785853171,deepseek-v2:lite,32.0,10957,1179474,381.86,19.66,.052374,19.170806
1785853191,deepseek-v2:lite,33.0,10954,800000,371.75,19.54,.053798,25.325360
1785853217,deepseek-v2:lite,29.0,10956,800000,399.95,19.56,.050005,17.480647
1785853234,deepseek-v2:lite,31.0,10956,800000,404.73,19.23,.049415,32.700538
1785853268,deepseek-v2:lite,32.0,10960,799049,449.14,19.53,.044529,29.278543
1785853297,deepseek-v2:lite,33.0,10955,800000,360.99,20.43,.055402,15.465448
1785853313,deepseek-v2:lite,32.0,10959,815761,389.51,19.62,.051345,25.580074
1785853339,deepseek-v2:lite,32.0,10954,998686,402.71,19.36,.049662,23.913425
1785853363,deepseek-v2:lite,32.0,10956,726212,379.79,19.80,.052660,15.751014
1785853379,deepseek-v2:lite,32.0,10957,800000,509.47,19.90,.039256,25.417893
1785853405,deepseek-v2:lite,32.0,10961,629433,395.92,18.84,.050514,40.908945
1785853447,deepseek-v2:lite,31.0,10970,800000,373.39,19.73,.053562,21.181849
1785853468,deepseek-v2:lite,32.0,10954,1088818,373.88,19.54,.053493,25.017833
1785853494,deepseek-v2:lite,32.0,10949,800000,381.95,19.60,.052362,18.104297
1785853512,deepseek-v2:lite,29.0,10960,1201615,382.10,20.46,.052341,15.685786
1785853528,deepseek-v2:lite,33.0,10958,863218,402.48,19.56,.049691,29.025144
1785853557,deepseek-v2:lite,31.0,10953,800000,393.52,19.62,.050822,27.257343
1785853585,deepseek-v2:lite,32.0,10956,800925,372.31,20.00,.053717,13.795184
1785853599,deepseek-v2:lite,31.0,10944,800000,365.97,19.33,.054648,26.950385
1785853627,deepseek-v2:lite,32.0,10940,939619,387.33,19.34,.051635,28.943805
1785853656,deepseek-v2:lite,32.0,10948,958166,361.73,20.74,.055288,5.062595
1785853661,deepseek-v2:lite,29.0,10947,2100000,392.21,19.26,.050992,26.730133
1785853688,deepseek-v2:lite,32.0,10948,1410253,434.97,19.27,.045979,25.889324
1785853715,deepseek-v2:lite,31.0,10947,1007574,380.87,19.76,.052510,19.734189
1785853735,deepseek-v2:lite,31.0,10951,800000,398.24,19.92,.050220,15.459026
1785853751,deepseek-v2:lite,32.0,10947,1147564,416.08,19.68,.048066,22.194742
1785853773,deepseek-v2:lite,32.0,10956,800000,376.48,19.51,.053123,25.312352
1785853799,deepseek-v2:lite,32.0,10958,800000,401.18,19.46,.049852,25.990186
1785853825,deepseek-v2:lite,32.0,10945,975274,392.71,19.83,.050926,17.748516
1785853843,deepseek-v2:lite,32.0,10954,1185431,380.07,19.32,.052621,23.593359
1785853867,deepseek-v2:lite,32.0,10947,802040,459.94,19.02,.043483,30.059419
1785853898,deepseek-v2:lite,32.0,10948,800000,469.28,19.27,.042617,29.836549
1785853928,deepseek-v2:lite,31.0,10940,1800000,381.56,19.03,.052415,34.889113
1785853963,deepseek-v2:lite,31.0,10946,1383245,384.98,19.70,.051950,18.370058
1785853982,deepseek-v2:lite,32.0,10943,1796019,367.81,19.56,.054374,14.311872
1785853997,deepseek-v2:lite,31.0,10955,1001457,420.81,19.09,.047527,30.264288
1785854027,deepseek-v2:lite,32.0,10968,1005401,398.39,18.72,.050201,37.872806
1785854066,deepseek-v2:lite,31.0,10967,800000,416.99,19.51,.047962,19.117139
1785854085,deepseek-v2:lite,32.0,10954,800000,405.31,19.57,.049344,21.815964
1785854107,deepseek-v2:lite,31.0,10949,844977,435.35,19.84,.045940,20.554455
1785854128,deepseek-v2:lite,32.0,10952,677699,384.19,19.49,.052056,28.722434
1785854157,deepseek-v2:lite,32.0,10949,800000,387.48,20.06,.051614,18.541519
1785854176,deepseek-v2:lite,32.0,10947,2100000,388.87,20.50,.051429,14.388403
1785854191,deepseek-v2:lite,32.0,10949,1378662,381.08,19.68,.052481,26.216102
1785854218,deepseek-v2:lite,32.0,10957,800000,416.09,19.87,.048065,19.824817
1785854238,deepseek-v2:lite,32.0,10947,800000,400.51,19.22,.049935,27.989987
1785854266,deepseek-v2:lite,29.0,10954,800000,403.79,19.74,.049530,20.256663
1785854287,deepseek-v2:lite,32.0,10939,867168,376.54,19.20,.053113,27.018781
1785854314,deepseek-v2:lite,32.0,10942,728408,363.91,19.52,.054958,23.763198
1785854338,deepseek-v2:lite,32.0,10965,2000000,375.02,19.49,.053330,23.642463
1785854362,deepseek-v2:lite,32.0,10951,800000,412.16,18.44,.048524,44.684751
1785854408,deepseek-v2:lite,32.0,10944,1800000,379.44,19.83,.052708,18.751566
1785854427,deepseek-v2:lite,32.0,10951,1369069,416.88,19.65,.047974,23.456415
1785854451,deepseek-v2:lite,32.0,10950,1945474,418.53,19.38,.047785,27.338162
1785854478,deepseek-v2:lite,30.0,10955,1378676,376.41,19.44,.053132,23.963359
1785854503,deepseek-v2:lite,32.0,10946,630461,430.01,19.54,.046510,23.025504
1785854526,deepseek-v2:lite,32.0,10949,800712,361.86,19.55,.055268,24.799708
1785854551,deepseek-v2:lite,32.0,10951,810437,386.62,19.35,.051730,30.178665
1785854582,deepseek-v2:lite,30.0,10946,814895,397.00,19.63,.050376,20.982720
1785854603,deepseek-v2:lite,32.0,10956,975271,372.90,19.48,.053633,26.529998
1785854630,deepseek-v2:lite,32.0,10954,800000,372.53,19.19,.053685,33.606959
1785854664,deepseek-v2:lite,32.0,10942,797855,396.71,20.47,.050414,17.388556
1785854682,deepseek-v2:lite,32.0,10950,802171,380.85,19.93,.052512,21.522713
1785854704,deepseek-v2:lite,31.0,10949,800000,383.08,19.67,.052208,23.635035
1785854728,deepseek-v2:lite,32.0,10955,800000,398.47,19.37,.050190,24.210171
1785854752,deepseek-v2:lite,32.0,10961,1819976,399.71,19.71,.050035,15.569910
1785854768,deepseek-v2:lite,32.0,10963,800000,378.10,19.91,.052895,16.572357
1785854785,deepseek-v2:lite,32.0,10961,800000,397.60,19.36,.050301,30.049652
1785854816,deepseek-v2:lite,30.0,10975,800000,410.31,19.71,.048742,18.407994
1785854834,deepseek-v2:lite,32.0,10967,800706,376.57,18.95,.053109,34.084558
1785854869,deepseek-v2:lite,32.0,10969,800000,407.93,19.89,.049027,16.539246
1785854886,deepseek-v2:lite,32.0,10960,678538,395.87,19.31,.050521,24.543455
1785854911,deepseek-v2:lite,32.0,10954,799548,419.92,19.70,.047627,22.882390
1785854934,deepseek-v2:lite,32.0,10959,800000,379.88,19.63,.052647,19.351308
1785854954,deepseek-v2:lite,32.0,10955,1801470,383.06,19.97,.052210,15.920314
1785854970,deepseek-v2:lite,32.0,10957,800000,364.61,19.51,.054852,22.345876
1785854993,deepseek-v2:lite,32.0,10948,2105949,416.42,19.31,.048027,28.779921
1785855022,deepseek-v2:lite,32.0,10938,800000,411.73,19.51,.048575,24.600879
1785855047,deepseek-v2:lite,32.0,10946,800000,400.80,19.82,.049899,18.255322
1785855065,deepseek-v2:lite,32.0,10950,954993,399.83,20.10,.050021,18.107470
1785855084,deepseek-v2:lite,32.0,10938,800000,401.45,19.84,.049818,23.940363
1785855108,deepseek-v2:lite,32.0,10944,800000,387.37,20.35,.051629,16.902687
1785855126,deepseek-v2:lite,32.0,10947,800000,377.66,18.87,.052956,40.846389
1785855167,deepseek-v2:lite,32.0,10950,1001499,382.38,19.82,.052303,20.479518
1785855188,deepseek-v2:lite,32.0,10952,1883928,405.42,20.44,.049330,4.059429
1785855192,deepseek-v2:lite,32.0,10947,800000,382.40,19.64,.052300,19.950870
1785855212,deepseek-v2:lite,32.0,10951,1000000,362.24,19.71,.055211,22.521299
1785855235,deepseek-v2:lite,31.0,10954,799310,378.64,19.62,.052820,21.857149
1785855258,deepseek-v2:lite,32.0,10956,800000,391.34,19.35,.051105,27.697709
1785855286,deepseek-v2:lite,32.0,10959,800427,415.42,19.27,.048142,25.629616
1785855312,deepseek-v2:lite,32.0,10949,802346,364.80,19.79,.054823,22.379339
1785855334,deepseek-v2:lite,32.0,10953,800000,400.23,19.39,.049970,20.876496
1785855356,deepseek-v2:lite,32.0,10958,800649,451.15,19.45,.044331,27.452992
1785855384,deepseek-v2:lite,32.0,10948,797285,383.53,20.06,.052146,24.172805
1785855408,deepseek-v2:lite,32.0,10948,964446,382.37,20.17,.052304,20.670787
1785855429,deepseek-v2:lite,32.0,10947,985586,375.44,19.78,.053270,21.680437
1785855451,deepseek-v2:lite,32.0,10954,1376267,500.10,19.14,.039991,29.718214
1785855481,deepseek-v2:lite,31.0,10960,800000,376.01,19.58,.053188,17.054489
1785855499,deepseek-v2:lite,32.0,10953,800274,396.44,20.22,.050448,9.544036
1785855509,deepseek-v2:lite,33.0,10950,990683,415.23,19.68,.048165,23.060363
1785855532,deepseek-v2:lite,31.0,10959,747095,369.02,19.57,.054197,26.262689
1785855559,deepseek-v2:lite,32.0,10958,800000,393.21,19.40,.050862,23.136023
1785855582,deepseek-v2:lite,32.0,10959,2100000,378.56,19.27,.052831,26.976841
1785855610,deepseek-v2:lite,28.0,10948,798974,380.92,19.76,.052503,21.097802
1785855631,deepseek-v2:lite,32.0,10975,798449,409.44,19.59,.048846,19.598883
1785855651,deepseek-v2:lite,31.0,10986,1099197,413.19,19.66,.048403,21.359401
1785855673,deepseek-v2:lite,31.0,10983,800000,385.53,19.68,.051875,24.633307
1785855698,deepseek-v2:lite,31.0,10974,799258,378.75,19.06,.052805,31.894962
1785855730,deepseek-v2:lite,32.0,10951,800000,369.45,19.47,.054133,18.945778
1785855749,deepseek-v2:lite,32.0,10956,800000,394.92,19.25,.050642,30.324407
1785855780,deepseek-v2:lite,32.0,10969,799230,383.18,20.13,.052193,13.506090
1785855794,deepseek-v2:lite,32.0,10951,803980,400.08,19.59,.049989,29.754327
1785855824,deepseek-v2:lite,32.0,10954,844467,383.13,19.86,.052201,20.990785
1785855845,deepseek-v2:lite,32.0,10947,1000925,415.32,20.16,.048154,13.590960
1785855859,deepseek-v2:lite,32.0,10951,2106382,379.02,18.87,.052767,33.597098
1785855893,deepseek-v2:lite,32.0,10948,999323,398.40,19.30,.050199,22.736181
1785855917,deepseek-v2:lite,32.0,10936,848390,402.37,19.20,.049705,31.552850
1785855948,deepseek-v2:lite,31.0,10942,1402753,417.47,19.62,.047907,22.314650
1785855971,deepseek-v2:lite,32.0,10956,800274,380.07,19.57,.052620,20.130242
1785855992,deepseek-v2:lite,32.0,10951,1099514,408.30,19.85,.048983,17.277358
1785856009,deepseek-v2:lite,32.0,10946,1403212,379.83,19.37,.052654,28.488787
1785856038,deepseek-v2:lite,32.0,10957,1867375,379.76,19.86,.052664,21.041478
1785856060,deepseek-v2:lite,32.0,10947,800000,422.39,20.02,.047349,25.367383
1785856085,deepseek-v2:lite,32.0,10958,800000,386.14,19.30,.051793,32.219515
1785856118,deepseek-v2:lite,31.0,10959,800000,375.04,19.30,.053326,28.021042
1785856146,deepseek-v2:lite,32.0,10955,1000000,381.43,19.67,.052433,27.750050
1785856175,deepseek-v2:lite,32.0,10951,798000,372.44,19.20,.053699,34.047250
1785856209,deepseek-v2:lite,31.0,10947,1491751,407.66,19.60,.049060,24.941764
1785856234,deepseek-v2:lite,32.0,10956,800000,385.56,19.84,.051872,18.136446
1785856253,deepseek-v2:lite,32.0,10957,799144,495.37,19.25,.040373,26.648681
1785856280,deepseek-v2:lite,32.0,10946,800000,466.47,19.60,.042874,22.396686
1785856303,deepseek-v2:lite,31.0,10947,800000,372.14,19.14,.053743,29.146090
1785856332,deepseek-v2:lite,32.0,10939,800000,389.07,19.36,.051403,25.403583
1785856358,deepseek-v2:lite,32.0,10957,633160,386.16,20.39,.051790,16.282413
1785856375,deepseek-v2:lite,32.0,10939,947419,427.45,20.29,.046788,16.064613
1785856391,deepseek-v2:lite,32.0,10947,799245,387.04,19.72,.051674,23.934021
1785856415,deepseek-v2:lite,32.0,10942,800000,376.95,19.73,.053056,24.675954
1785856441,deepseek-v2:lite,32.0,10950,801149,468.87,20.06,.042655,16.944836
1785856458,deepseek-v2:lite,32.0,10948,800000,386.62,19.69,.051729,21.528338
1785856480,deepseek-v2:lite,31.0,10948,801023,433.17,19.23,.046170,28.392399
1785856509,deepseek-v2:lite,32.0,10951,801320,399.54,19.48,.050057,27.095959
1785856536,deepseek-v2:lite,33.0,10952,800412,392.01,19.21,.051018,24.411881
1785856561,deepseek-v2:lite,32.0,10945,800407,408.94,19.51,.048906,26.695257
1785856588,deepseek-v2:lite,32.0,10947,1561452,395.60,19.39,.050555,23.620060
1785856612,deepseek-v2:lite,32.0,10939,800000,386.30,19.70,.051772,21.818312
1785856634,deepseek-v2:lite,32.0,10948,799681,384.81,19.66,.051972,19.218461
1785856654,deepseek-v2:lite,32.0,10954,860585,504.37,18.95,.039653,32.545807
1785856687,deepseek-v2:lite,32.0,10951,800000,387.30,19.68,.051639,20.778575
1785856708,deepseek-v2:lite,31.0,10952,800300,383.94,19.46,.052090,22.300085
1785856730,deepseek-v2:lite,29.0,10953,1795161,382.70,19.40,.052260,24.067432
1785856755,deepseek-v2:lite,32.0,10955,1800000,364.45,19.94,.054876,18.347627
1785856774,deepseek-v2:lite,29.0,10967,1362719,410.33,19.35,.048740,31.881514
1785856806,deepseek-v2:lite,29.0,10954,1858195,408.59,19.64,.048948,19.238411
1785856826,deepseek-v2:lite,32.0,10955,800984,417.62,19.51,.047889,23.113557
1785856849,deepseek-v2:lite,29.0,10955,800000,440.82,20.02,.045369,16.275774
1785856866,deepseek-v2:lite,32.0,10956,800000,413.41,19.80,.048377,18.079987
1785856884,deepseek-v2:lite,31.0,10957,800896,418.18,19.91,.047826,24.400380
1785856909,deepseek-v2:lite,32.0,10952,800000,405.55,19.41,.049314,31.475081
1785856941,deepseek-v2:lite,32.0,10950,799031,396.45,19.51,.050446,22.601718
1785856964,deepseek-v2:lite,32.0,10951,1000000,368.41,20.05,.054286,16.008576
1785856980,deepseek-v2:lite,29.0,10934,800000,386.03,19.79,.051808,22.838695
1785857003,deepseek-v2:lite,32.0,10953,800000,411.12,19.86,.048647,19.981899
1785857024,deepseek-v2:lite,32.0,10955,800000,387.82,19.91,.051569,15.267510
1785857039,deepseek-v2:lite,32.0,10951,798092,402.60,19.79,.049677,18.336350
1785857058,deepseek-v2:lite,32.0,10946,1071964,392.39,19.52,.050969,26.626773
1785857085,deepseek-v2:lite,32.0,10951,1100000,431.83,19.21,.046314,29.347492
1785857115,deepseek-v2:lite,29.0,10943,1049478,378.94,19.37,.052777,25.549291
1785857141,deepseek-v2:lite,31.0,10945,1405601,366.44,19.45,.054578,25.180624
1785857166,deepseek-v2:lite,30.0,10948,800895,382.28,19.40,.052316,28.189896
1785857195,deepseek-v2:lite,32.0,10946,800000,385.91,19.60,.051825,20.863199
1785857216,deepseek-v2:lite,29.0,10949,906290,386.64,19.28,.051727,26.339742
1785857243,deepseek-v2:lite,31.0,10953,1000000,383.84,19.53,.052104,23.857472
1785857267,deepseek-v2:lite,32.0,10952,1802898,416.14,19.29,.048060,28.657910
1785857296,deepseek-v2:lite,32.0,10956,800000,388.52,19.82,.051477,17.454054
1785857314,deepseek-v2:lite,32.0,10957,1232926,387.26,19.77,.051644,19.521502
1785857334,deepseek-v2:lite,32.0,10950,1563367,377.15,19.40,.053028,21.592647
1785857356,deepseek-v2:lite,32.0,10952,800000,359.48,19.40,.055635,25.350842
1785857382,deepseek-v2:lite,32.0,10951,799118,399.87,19.33,.050015,25.904978
1785857408,deepseek-v2:lite,33.0,10953,800000,387.15,19.57,.051659,25.232932
1785857434,deepseek-v2:lite,29.0,10958,800349,375.33,19.50,.053286,21.332252
1785857455,deepseek-v2:lite,32.0,10959,800000,382.67,19.71,.052263,18.462328
1785857474,deepseek-v2:lite,32.0,10958,798955,382.04,19.94,.052349,18.504903
1785857493,deepseek-v2:lite,32.0,10961,990159,375.46,19.57,.053267,25.230939
1785857519,deepseek-v2:lite,32.0,10962,800000,409.26,19.71,.048868,19.576847
1785857538,deepseek-v2:lite,33.0,10955,1109046,373.08,18.90,.053606,35.494744
1785857574,deepseek-v2:lite,32.0,10948,800848,375.44,19.69,.053270,19.392101
1785857594,deepseek-v2:lite,32.0,10949,800000,348.95,19.79,.057313,19.149170
1785857614,deepseek-v2:lite,32.0,10956,800998,432.87,19.40,.046202,29.580805
1785857644,deepseek-v2:lite,32.0,10949,799164,386.99,20.01,.051680,21.183168
1785857665,deepseek-v2:lite,32.0,10949,1032449,383.74,20.04,.052117,15.163258
1785857681,deepseek-v2:lite,32.0,10946,801255,380.24,19.97,.052597,15.869195
1785857697,deepseek-v2:lite,32.0,10952,1186965,421.75,19.56,.047421,23.152035
1785857720,deepseek-v2:lite,31.0,10952,1775595,412.12,19.37,.048528,25.139001
1785857746,deepseek-v2:lite,32.0,10950,800000,411.19,19.66,.048639,21.159410
1785857768,deepseek-v2:lite,32.0,10946,800000,381.24,20.17,.052460,13.186653
1785857781,deepseek-v2:lite,32.0,10946,1780058,390.10,20.03,.051267,18.770633
1785857800,deepseek-v2:lite,32.0,10953,922326,381.14,20.06,.052473,16.796528
1785857817,deepseek-v2:lite,32.0,10944,801401,373.93,19.44,.053485,22.881668
1785857841,deepseek-v2:lite,32.0,10946,1099242,513.84,19.46,.038922,24.964194
1785857866,deepseek-v2:lite,31.0,10938,1007900,415.17,20.19,.048172,16.486702
1785857883,deepseek-v2:lite,32.0,10955,1098281,355.20,20.27,.056305,19.483513
1785857903,deepseek-v2:lite,31.0,10956,799241,395.50,19.89,.050567,20.507318
1785857923,deepseek-v2:lite,32.0,10957,2092881,376.04,19.57,.053185,27.633824
1785857951,deepseek-v2:lite,32.0,10951,1050836,383.22,19.85,.052189,17.981791
1785857970,deepseek-v2:lite,32.0,10945,800515,385.00,19.57,.051947,22.993403
1785857993,deepseek-v2:lite,32.0,10946,800390,379.93,19.64,.052640,22.857805
1785858016,deepseek-v2:lite,31.0,10952,1071816,405.76,19.12,.049289,29.861087
1785858047,deepseek-v2:lite,32.0,10942,798979,368.09,19.28,.054333,24.739525
1785858072,deepseek-v2:lite,32.0,10959,954179,372.06,19.41,.053753,23.333935
1785858096,deepseek-v2:lite,32.0,10952,1885319,402.73,19.29,.049660,29.178038
1785858125,deepseek-v2:lite,32.0,10953,800000,399.39,19.17,.050075,29.149681
1785858155,deepseek-v2:lite,32.0,10967,998011,389.29,19.26,.051374,26.311803
1785858181,deepseek-v2:lite,32.0,10966,800395,365.77,19.36,.054677,30.411368
1785858212,deepseek-v2:lite,32.0,10953,801353,405.59,19.37,.049309,33.813927
1785858247,deepseek-v2:lite,32.0,10961,800000,430.25,19.66,.046484,26.388079
1785858273,deepseek-v2:lite,32.0,10962,800000,506.33,19.16,.039499,29.004817
1785858303,deepseek-v2:lite,32.0,10953,800000,412.56,20.01,.048476,24.775434
1785858328,deepseek-v2:lite,32.0,10955,800776,419.54,19.86,.047670,26.482554
1785858355,deepseek-v2:lite,32.0,10962,800000,372.68,19.89,.053664,31.674106
1785858387,deepseek-v2:lite,29.0,10948,799937,367.57,19.62,.054411,27.008972
1785858414,deepseek-v2:lite,33.0,10959,798657,417.48,20.60,.047906,7.327387
1785858422,deepseek-v2:lite,29.0,10964,2100000,392.14,19.58,.051001,20.681846
1785858443,deepseek-v2:lite,32.0,10959,802654,414.74,19.53,.048222,18.889990
1785858462,deepseek-v2:lite,32.0,10953,800000,414.10,20.09,.048296,22.288686
1785858485,deepseek-v2:lite,32.0,10956,801265,390.60,19.49,.051203,31.088965
1785858516,deepseek-v2:lite,32.0,10951,1036057,412.44,19.69,.048490,20.362552
1785858537,deepseek-v2:lite,32.0,10957,800000,380.33,19.79,.052584,21.475207
1785858559,deepseek-v2:lite,32.0,10957,800000,385.05,19.82,.051940,16.089741
1785858575,deepseek-v2:lite,32.0,10944,800000,392.12,19.40,.051004,29.070304
1785858605,deepseek-v2:lite,32.0,10953,798948,376.38,19.83,.053137,21.681011
1785858627,deepseek-v2:lite,32.0,10947,798477,383.06,19.17,.052210,28.684360
1785858656,deepseek-v2:lite,32.0,10950,800000,404.25,19.85,.049473,16.720575
1785858673,deepseek-v2:lite,32.0,10961,801199,358.28,19.61,.055821,18.917097
1785858692,deepseek-v2:lite,31.0,10955,800000,411.20,19.66,.048637,22.271122
1785858715,deepseek-v2:lite,32.0,10957,1100000,414.96,20.19,.048196,21.241405
1785858737,deepseek-v2:lite,32.0,10957,1098231,422.17,19.59,.047373,18.826800
1785858756,deepseek-v2:lite,32.0,10952,1807555,368.34,18.73,.054296,42.006341
1785858798,deepseek-v2:lite,32.0,10947,800000,365.83,19.79,.054669,17.227342
1785858816,deepseek-v2:lite,30.0,10961,800000,366.01,19.56,.054642,24.740979
1785858841,deepseek-v2:lite,32.0,10946,800000,370.16,19.52,.054030,21.821688
1785858863,deepseek-v2:lite,31.0,10944,999279,416.31,19.96,.048040,19.836434
1785858883,deepseek-v2:lite,32.0,10938,800000,421.48,19.25,.047451,25.649498
1785858910,deepseek-v2:lite,33.0,10949,1442743,375.97,19.32,.053195,27.627298
1785858938,deepseek-v2:lite,32.0,10953,1066666,440.61,19.33,.045391,24.671609
1785858963,deepseek-v2:lite,32.0,10945,1490939,474.05,19.32,.042189,25.305446
1785858988,deepseek-v2:lite,32.0,10946,799001,362.54,19.34,.055165,23.679303
1785859012,deepseek-v2:lite,32.0,10953,1269859,386.18,19.50,.051789,19.581792
1785859032,deepseek-v2:lite,30.0,10946,800000,399.82,19.92,.050021,18.420137
1785859051,deepseek-v2:lite,32.0,10952,800695,414.49,19.48,.048251,20.119053
1785859072,deepseek-v2:lite,32.0,10951,800000,441.45,19.68,.045304,21.737139
1785859094,deepseek-v2:lite,32.0,10957,980562,362.70,19.46,.055141,20.756120
1785859115,deepseek-v2:lite,32.0,10952,800000,498.82,19.26,.040094,31.355168
1785859147,deepseek-v2:lite,31.0,10954,831632,417.10,19.95,.047949,21.394780
1785859168,deepseek-v2:lite,32.0,10942,800000,452.59,19.27,.044189,28.944184
1785859198,deepseek-v2:lite,32.0,10953,800000,410.97,19.35,.048664,27.637542
1785859226,deepseek-v2:lite,29.0,10954,800000,409.70,20.63,.048816,5.184603
1785859231,deepseek-v2:lite,29.0,10948,800000,397.54,19.30,.050308,27.400657
1785859259,deepseek-v2:lite,32.0,10951,800000,417.28,20.06,.047928,26.960363
1785859286,deepseek-v2:lite,32.0,10957,800000,399.26,19.75,.050092,24.292581
1785859311,deepseek-v2:lite,33.0,10954,850529,369.02,19.37,.054197,27.502940
1785859339,deepseek-v2:lite,32.0,10957,800000,374.78,19.68,.053363,23.014015
1785859362,deepseek-v2:lite,31.0,10953,1100000,406.20,20.04,.049236,15.711404
1785859378,deepseek-v2:lite,32.0,10958,799616,393.46,19.87,.050830,22.641216
1785859401,deepseek-v2:lite,33.0,10951,797757,378.73,20.24,.052807,22.321208
1785859424,deepseek-v2:lite,32.0,10958,798913,406.09,19.46,.049249,26.308027
1785859451,deepseek-v2:lite,31.0,10953,1100336,458.82,19.33,.043589,28.492506
1785859480,deepseek-v2:lite,31.0,10947,798848,380.79,19.83,.052521,18.652220
1785859499,deepseek-v2:lite,32.0,10950,800000,402.37,19.81,.049705,29.221990
1785859528,deepseek-v2:lite,32.0,10950,800000,412.11,20.57,.048530,16.429280
1785859545,deepseek-v2:lite,32.0,10944,2100000,382.67,19.51,.052263,28.231726
1785859574,deepseek-v2:lite,31.0,10951,800000,445.93,20.21,.044850,18.895612
1785859593,deepseek-v2:lite,32.0,10956,800000,429.11,19.79,.046607,21.267930
1785859615,deepseek-v2:lite,31.0,10950,800000,383.98,19.53,.052085,26.976849
1785859642,deepseek-v2:lite,32.0,10949,1030158,383.54,19.94,.052144,21.161549
1785859664,deepseek-v2:lite,32.0,10950,622182,387.08,19.50,.051668,21.023969
1785859685,deepseek-v2:lite,32.0,10955,1424338,398.21,19.33,.050223,31.181427
1785859717,deepseek-v2:lite,32.0,10957,800000,368.75,19.77,.054236,22.102852
1785859739,deepseek-v2:lite,32.0,10957,1092511,434.69,19.60,.046008,19.023338
1785859758,deepseek-v2:lite,32.0,10956,1090457,376.81,19.54,.053076,20.265573
1785859779,deepseek-v2:lite,32.0,10956,799297,396.84,20.00,.050397,17.292581
1785859797,deepseek-v2:lite,32.0,10965,800000,377.60,19.29,.052965,23.733973
1785859821,deepseek-v2:lite,29.0,10953,800299,407.05,19.39,.049133,26.656838
1785859848,deepseek-v2:lite,32.0,10942,800000,378.66,19.05,.052817,31.324019
1785859880,deepseek-v2:lite,32.0,10950,1005671,370.47,19.54,.053984,18.934796
1785859899,deepseek-v2:lite,32.0,10957,800000,382.69,19.54,.052261,23.333545
1785859923,deepseek-v2:lite,32.0,10948,800382,417.49,19.80,.047904,18.528738
1785859941,deepseek-v2:lite,32.0,10947,1100000,437.05,19.96,.045760,14.927133
1785859957,deepseek-v2:lite,29.0,10950,800554,416.88,21.12,.047974,6.200116
1785859963,deepseek-v2:lite,32.0,10948,800000,419.10,19.58,.047720,26.402524
1785859990,deepseek-v2:lite,32.0,10944,800000,404.67,19.58,.049421,24.359719
1785860015,deepseek-v2:lite,32.0,10948,1715871,496.84,19.74,.040253,23.199395
1785860038,deepseek-v2:lite,32.0,10955,1336000,373.01,19.45,.053616,25.593881
1785860064,deepseek-v2:lite,32.0,10963,800000,396.89,19.60,.050391,22.183482
1785860087,deepseek-v2:lite,32.0,10959,802332,409.97,19.15,.048783,27.251795
1785860115,deepseek-v2:lite,32.0,10956,800000,378.36,19.28,.052858,28.469990
1785860143,deepseek-v2:lite,32.0,10959,800371,391.57,19.42,.051075,24.192357
1785860168,deepseek-v2:lite,32.0,10954,798644,348.05,19.94,.057461,14.842737
1785860183,deepseek-v2:lite,32.0,10958,1100259,375.76,19.17,.053225,23.934071
1785860208,deepseek-v2:lite,31.0,10955,811738,454.57,19.98,.043997,22.112705
1785860230,deepseek-v2:lite,32.0,10963,798793,377.80,19.61,.052936,28.607363
1785860259,deepseek-v2:lite,32.0,10966,798175,372.75,19.82,.053654,22.593668
1785860282,deepseek-v2:lite,32.0,10956,1098692,363.29,19.65,.055051,24.223128
1785860307,deepseek-v2:lite,31.0,10963,653333,375.04,18.73,.053327,35.169438
1785860342,deepseek-v2:lite,32.0,10958,800000,385.49,19.25,.051882,28.409804
1785860371,deepseek-v2:lite,31.0,10955,800000,379.92,19.88,.052642,20.568706
1785860392,deepseek-v2:lite,32.0,10963,1001180,411.09,19.85,.048650,22.257618
1785860415,deepseek-v2:lite,32.0,10963,802134,378.04,19.59,.052904,23.682605
1785860439,deepseek-v2:lite,29.0,10956,1405348,389.80,19.78,.051307,19.260088
1785860458,deepseek-v2:lite,32.0,10966,800884,368.75,20.30,.054236,17.528684
1785860476,deepseek-v2:lite,33.0,10957,800000,379.98,20.53,.052633,13.196993
1785860490,deepseek-v2:lite,32.0,10948,1371317,407.92,19.68,.049028,24.327143
1785860514,deepseek-v2:lite,31.0,10946,1334747,378.52,19.51,.052836,24.440415
1785860539,deepseek-v2:lite,32.0,10963,936666,411.71,19.58,.048577,19.611068
1785860559,deepseek-v2:lite,32.0,10946,798526,404.81,19.68,.049405,19.965946
1785860580,deepseek-v2:lite,32.0,10942,1031840,483.35,19.64,.041377,22.494687
1785860602,deepseek-v2:lite,32.0,10965,800966,414.11,20.19,.048296,17.282481
1785860620,deepseek-v2:lite,32.0,10956,800000,400.95,20.03,.049880,21.264048
1785860642,deepseek-v2:lite,32.0,10954,1868781,393.80,19.49,.050786,26.567771
1785860669,deepseek-v2:lite,32.0,10963,1031567,497.92,19.82,.040166,23.259028
1785860692,deepseek-v2:lite,32.0,10956,838509,381.57,20.01,.052414,20.734368
1785860713,deepseek-v2:lite,32.0,10955,1488139,395.61,20.06,.050554,16.993872
1785860731,deepseek-v2:lite,32.0,10956,799931,439.03,19.81,.045554,22.301166
1785860753,deepseek-v2:lite,33.0,10953,801801,384.72,19.27,.051985,26.093462
1785860780,deepseek-v2:lite,32.0,10955,2100000,381.94,19.54,.052363,21.797113
1785860802,deepseek-v2:lite,32.0,10957,800000,404.96,19.46,.049386,22.137853
1785860825,deepseek-v2:lite,32.0,10965,800000,396.02,19.92,.050502,16.565774
1785860841,deepseek-v2:lite,32.0,10957,1400000,378.58,19.37,.052828,25.445043
1785860867,deepseek-v2:lite,32.0,10957,1099303,391.23,19.77,.051120,14.056794
1785860882,deepseek-v2:lite,31.0,10954,2089500,415.66,19.55,.048116,22.141639
1785860904,deepseek-v2:lite,32.0,10970,1600000,412.48,19.15,.048487,32.934220
1785860938,deepseek-v2:lite,32.0,10962,800950,395.86,19.65,.050522,21.059717
1785860959,deepseek-v2:lite,32.0,10964,801120,395.27,19.36,.050598,27.932693
1785860987,deepseek-v2:lite,32.0,10966,1843085,379.85,19.77,.052651,20.383548
1785861008,deepseek-v2:lite,33.0,10962,1596475,486.24,19.53,.041131,20.427073
1785861029,deepseek-v2:lite,32.0,10966,800000,413.72,19.58,.048341,20.984069
1785861050,deepseek-v2:lite,31.0,10956,798842,401.17,19.94,.049853,19.957714
1785861070,deepseek-v2:lite,32.0,10954,800000,379.19,19.59,.052743,21.279531
1785861092,deepseek-v2:lite,32.0,10951,956379,383.13,19.30,.052201,27.249603
1785861120,deepseek-v2:lite,32.0,10951,799083,366.90,19.77,.054509,18.309534
1785861138,deepseek-v2:lite,32.0,10941,1317142,422.76,19.21,.047307,31.427544
1785861170,deepseek-v2:lite,32.0,10953,800000,378.65,19.42,.052818,24.192222
1785861195,deepseek-v2:lite,32.0,10950,800000,386.57,19.48,.051736,25.817610
1785861221,deepseek-v2:lite,32.0,10943,1467241,371.48,19.81,.053837,25.079293
1785861246,deepseek-v2:lite,32.0,10948,800000,398.89,19.47,.050138,26.344590
1785861273,deepseek-v2:lite,32.0,10953,801335,385.97,19.54,.051816,23.223389
1785861297,deepseek-v2:lite,32.0,10950,862500,383.53,19.84,.052146,18.993516
1785861316,deepseek-v2:lite,32.0,10953,799647,411.34,19.36,.048620,24.324077
1785861341,deepseek-v2:lite,32.0,10949,799514,384.09,19.62,.052070,22.829262
1785861364,deepseek-v2:lite,33.0,10954,800000,372.92,19.73,.053630,18.852108
1785861383,deepseek-v2:lite,29.0,10949,1407615,386.07,19.73,.051803,27.462568
1785861411,deepseek-v2:lite,32.0,10942,798858,365.30,19.76,.054748,23.171464
1785861435,deepseek-v2:lite,29.0,10957,1109392,386.45,19.62,.051752,24.614556
1785861460,deepseek-v2:lite,32.0,10948,800000,370.93,19.43,.053917,20.940532
1785861481,deepseek-v2:lite,32.0,10939,1500200,485.97,19.36,.041154,23.288663
1785861505,deepseek-v2:lite,32.0,10948,797922,380.98,19.83,.052496,25.105980
1785861530,deepseek-v2:lite,32.0,10950,796940,416.98,19.95,.047963,25.012396
1785861556,deepseek-v2:lite,32.0,10953,1000000,377.83,19.82,.052933,19.423821
1785861575,deepseek-v2:lite,32.0,10957,801367,384.54,19.23,.052009,25.268805
1785861601,deepseek-v2:lite,30.0,10952,801051,449.22,19.75,.044521,18.979212
1785861620,deepseek-v2:lite,32.0,10952,800000,379.84,20.05,.052653,16.408172
1785861637,deepseek-v2:lite,32.0,10956,800000,388.96,19.36,.051418,26.129062
1785861664,deepseek-v2:lite,32.0,10957,1517223,404.98,20.17,.049383,15.563198
1785861680,deepseek-v2:lite,32.0,10954,2001703,385.14,19.47,.051928,22.799188
1785861703,deepseek-v2:lite,32.0,10957,1199338,387.57,19.72,.051602,23.623296
1785861727,deepseek-v2:lite,32.0,10955,800986,413.22,19.67,.048399,20.129027
1785861747,deepseek-v2:lite,32.0,10950,800000,416.50,19.63,.048018,22.715855
1785861770,deepseek-v2:lite,32.0,10954,800000,410.79,19.95,.048685,17.188432
1785861788,deepseek-v2:lite,32.0,10956,1516272,383.71,19.79,.052122,17.828284
1785861806,deepseek-v2:lite,32.0,10950,1729559,415.12,19.67,.048178,18.856582
1785861825,deepseek-v2:lite,32.0,10958,1383011,365.80,19.57,.054673,24.578182
1785861850,deepseek-v2:lite,32.0,10950,801331,381.62,19.64,.052407,29.574797
1785861880,deepseek-v2:lite,32.0,10956,1100000,379.05,19.72,.052762,25.449962
1785861906,deepseek-v2:lite,32.0,10956,801213,412.43,20.15,.048492,17.164734
1785861924,deepseek-v2:lite,32.0,10953,800000,397.99,19.19,.050252,31.566839
1785861956,deepseek-v2:lite,32.0,10954,1600000,375.19,19.09,.053305,30.538308
1785861987,deepseek-v2:lite,32.0,10949,759808,361.97,19.62,.055252,15.028997
1785862002,deepseek-v2:lite,31.0,10949,800420,378.09,19.57,.052896,23.647511
1785862026,deepseek-v2:lite,33.0,10944,934740,388.71,20.07,.051451,17.387993
1785862044,deepseek-v2:lite,32.0,10951,800000,361.17,19.43,.055374,27.625765
1785862072,deepseek-v2:lite,32.0,10946,1376777,394.57,19.62,.050687,24.707405
1785862097,deepseek-v2:lite,32.0,10948,1800000,369.38,19.62,.054143,24.760921
1785862122,deepseek-v2:lite,31.0,10953,800000,378.63,20.47,.052820,14.308654
1785862137,deepseek-v2:lite,32.0,10949,1165990,397.21,19.21,.050351,25.921348
1785862163,deepseek-v2:lite,32.0,10950,1088333,377.20,19.60,.053021,21.013821
1785862184,deepseek-v2:lite,29.0,10942,800000,383.85,19.37,.052103,24.511502
1785862209,deepseek-v2:lite,32.0,10950,800000,380.09,19.35,.052617,28.214828
1785862238,deepseek-v2:lite,32.0,10954,799083,416.21,19.67,.048052,22.616836
1785862261,deepseek-v2:lite,32.0,10960,800886,403.73,19.60,.049537,20.703761
1785862282,deepseek-v2:lite,32.0,10962,800424,400.23,19.57,.049970,21.249801
1785862304,deepseek-v2:lite,32.0,10956,800000,393.87,19.64,.050777,25.249474
1785862329,deepseek-v2:lite,29.0,10956,800572,401.31,19.23,.049835,27.864479
1785862358,deepseek-v2:lite,32.0,10966,799112,392.44,19.12,.050963,28.290205
1785862386,deepseek-v2:lite,31.0,10950,802588,352.64,19.84,.056714,23.325942
1785862410,deepseek-v2:lite,32.0,10948,637236,382.25,20.00,.052320,21.599101
1785862432,deepseek-v2:lite,32.0,10945,800854,398.98,19.96,.050126,18.279945
1785862451,deepseek-v2:lite,32.0,10947,1434074,368.59,19.22,.054260,28.708746
1785862480,deepseek-v2:lite,32.0,10952,1221083,363.04,19.20,.055090,34.048758
1785862514,deepseek-v2:lite,32.0,10954,800000,453.66,19.81,.044085,18.067607
1785862533,deepseek-v2:lite,32.0,10952,1656867,366.46,19.48,.054575,24.225195
1785862557,deepseek-v2:lite,32.0,10961,800000,392.51,19.85,.050952,17.172990
1785862575,deepseek-v2:lite,33.0,10967,1578900,408.60,19.44,.048946,20.518306
1785862596,deepseek-v2:lite,32.0,10966,801489,362.51,19.77,.055169,20.682348
1785862617,deepseek-v2:lite,32.0,10956,1054992,442.05,19.78,.045243,20.873152
1785862638,deepseek-v2:lite,32.0,10957,1633840,381.13,19.67,.052475,16.464974
1785862655,deepseek-v2:lite,32.0,10961,1000000,375.90,19.47,.053204,21.725093
1785862677,deepseek-v2:lite,32.0,10958,1255083,416.02,19.22,.048073,25.023187
1785862702,deepseek-v2:lite,32.0,10953,814869,348.83,19.69,.057333,18.124068
1785862721,deepseek-v2:lite,29.0,10959,800000,397.85,19.92,.050268,16.007979
1785862737,deepseek-v2:lite,32.0,10962,1975132,367.31,19.65,.054449,20.198374
1785862758,deepseek-v2:lite,29.0,10962,801206,383.89,19.34,.052097,24.094058
1785862782,deepseek-v2:lite,29.0,10959,1251915,387.47,19.39,.051616,26.454187
1785862809,deepseek-v2:lite,32.0,10953,801147,406.01,19.16,.049259,28.855452
1785862838,deepseek-v2:lite,32.0,11018,800000,394.57,19.38,.050687,23.364972
1785862862,deepseek-v2:lite,32.0,11006,1506360,386.70,19.66,.051719,12.409830
1785862875,deepseek-v2:lite,32.0,11014,800000,400.09,19.60,.049988,21.271484
1785862896,deepseek-v2:lite,32.0,11016,800000,413.00,19.59,.048426,23.063127
1785862920,deepseek-v2:lite,32.0,11012,1114457,378.02,19.77,.052906,18.507498
1785862939,deepseek-v2:lite,32.0,11011,903216,510.26,19.63,.039195,21.444256
1785862960,deepseek-v2:lite,32.0,10975,798493,396.29,19.85,.050466,15.259573
1785862976,deepseek-v2:lite,32.0,10958,801157,426.64,19.18,.046877,27.258445
1785863004,deepseek-v2:lite,32.0,10957,799689,359.01,19.24,.055707,31.802675
1785863036,deepseek-v2:lite,32.0,10938,800000,410.90,19.87,.048672,23.090502
1785863059,deepseek-v2:lite,32.0,10942,1898158,394.69,19.82,.050672,18.007406
1785863078,deepseek-v2:lite,29.0,10949,1481752,400.22,19.94,.049972,15.894424
1785863094,deepseek-v2:lite,29.0,10955,2092657,386.40,19.34,.051759,27.863568
1785863122,deepseek-v2:lite,32.0,10960,1189860,399.00,19.73,.050125,19.709583
1785863142,deepseek-v2:lite,32.0,10957,800000,353.70,19.94,.056544,24.723860
1785863167,deepseek-v2:lite,32.0,10950,649623,403.80,20.78,.049528,9.575935
1785863177,deepseek-v2:lite,32.0,10957,1400000,479.96,20.27,.041669,19.481581
1785863197,deepseek-v2:lite,32.0,10964,1000000,373.98,20.50,.053478,18.918293
1785863216,deepseek-v2:lite,32.0,10947,801622,474.03,20.24,.042190,15.904130
1785863233,deepseek-v2:lite,33.0,10962,1006497,393.63,19.93,.050808,26.239367
1785863259,deepseek-v2:lite,29.0,10958,800000,409.90,19.75,.048791,19.641753
1785863279,deepseek-v2:lite,32.0,10960,1119949,382.81,19.75,.052244,16.298443
1785863296,deepseek-v2:lite,32.0,10958,1049963,376.19,19.22,.053163,27.254759
1785863324,deepseek-v2:lite,32.0,10952,2033490,373.25,19.35,.053582,24.857059
1785863349,deepseek-v2:lite,32.0,10954,801101,415.36,20.29,.048150,12.761748
1785863362,deepseek-v2:lite,32.0,10963,1199167,506.84,19.59,.039460,16.583895
1785863379,deepseek-v2:lite,32.0,10960,1001283,360.80,19.35,.055431,24.227141
1785863403,deepseek-v2:lite,32.0,10958,1792244,422.73,19.33,.047310,27.872293
1785863432,deepseek-v2:lite,32.0,10953,800000,386.34,19.51,.051767,22.753957
1785863455,deepseek-v2:lite,29.0,10957,800151,413.15,19.59,.048407,23.573222
1785863479,deepseek-v2:lite,32.0,10965,1000237,391.77,19.75,.051049,21.872531
1785863501,deepseek-v2:lite,33.0,10960,803539,382.68,19.48,.052262,27.555647
1785863529,deepseek-v2:lite,32.0,10950,2100000,367.83,19.32,.054372,26.803081
1785863556,deepseek-v2:lite,32.0,10961,800000,397.36,19.49,.050331,22.369871
1785863579,deepseek-v2:lite,31.0,10957,800000,403.85,19.80,.049522,20.046399
1785863599,deepseek-v2:lite,32.0,10958,800362,412.87,19.44,.048440,24.220548
1785863624,deepseek-v2:lite,32.0,10945,801624,384.99,19.47,.051949,27.877964
1785863652,deepseek-v2:lite,29.0,10942,800000,352.80,19.18,.056688,30.391054
1785863683,deepseek-v2:lite,32.0,10954,800000,360.93,19.27,.055411,26.099247
1785863710,deepseek-v2:lite,32.0,10947,799948,386.23,19.13,.051782,31.990097
1785863742,deepseek-v2:lite,33.0,10956,801265,379.50,19.23,.052699,24.747111
1785863767,deepseek-v2:lite,32.0,10951,1707795,396.81,19.63,.050400,22.149986
1785863790,deepseek-v2:lite,32.0,10955,799261,393.38,20.19,.050841,24.308288
1785863814,deepseek-v2:lite,32.0,10964,799063,415.42,19.87,.048143,20.374228
1785863835,deepseek-v2:lite,32.0,10953,801188,371.78,19.40,.053794,27.574580
1785863863,deepseek-v2:lite,31.0,10961,1100000,396.31,19.36,.050464,26.541715
1785863890,deepseek-v2:lite,32.0,10946,801342,378.57,19.39,.052829,28.973264
1785863919,deepseek-v2:lite,32.0,10955,799014,373.30,19.51,.053575,20.446167
1785863940,deepseek-v2:lite,32.0,10954,800000,380.61,19.73,.052547,17.737752
1785863958,deepseek-v2:lite,33.0,10954,799640,377.40,19.21,.052993,27.167180
1785863986,deepseek-v2:lite,32.0,10955,769944,381.02,19.33,.052489,26.018571
1785864012,deepseek-v2:lite,31.0,10946,2100000,387.14,19.45,.051660,21.950031
1785864035,deepseek-v2:lite,32.0,10944,800000,370.29,19.11,.054010,31.175440
1785864066,deepseek-v2:lite,29.0,10950,799580,404.60,18.81,.049430,35.663651
1785864102,deepseek-v2:lite,31.0,10954,799158,360.22,19.34,.055521,23.881967
1785864127,deepseek-v2:lite,32.0,10945,800462,383.60,19.71,.052137,22.626681
1785864150,deepseek-v2:lite,32.0,10946,800970,408.95,19.79,.048905,16.720656
1785864167,deepseek-v2:lite,32.0,10952,799743,369.16,19.50,.054176,21.430328
1785864189,deepseek-v2:lite,32.0,10944,799990,491.10,19.74,.040724,24.362533
1785864213,deepseek-v2:lite,32.0,10931,797438,383.70,19.35,.052123,27.789858
1785864241,deepseek-v2:lite,32.0,10938,1000000,371.67,19.40,.053810,26.080585
1785864268,deepseek-v2:lite,32.0,10940,799932,413.16,19.41,.048407,22.245289
1785864291,deepseek-v2:lite,30.0,10944,1395824,395.36,19.19,.050586,30.117949
1785864321,deepseek-v2:lite,32.0,10949,800000,356.34,19.97,.056124,16.169368
1785864338,deepseek-v2:lite,29.0,10952,809143,473.23,20.31,.042262,17.081633
1785864355,deepseek-v2:lite,32.0,10945,800000,367.75,20.03,.054383,15.221591
1785864371,deepseek-v2:lite,32.0,10938,1689883,386.28,20.30,.051774,18.373961
1785864389,deepseek-v2:lite,32.0,10934,865024,379.04,19.04,.052764,35.285890
1785864425,deepseek-v2:lite,32.0,10947,1437358,393.75,19.97,.050792,24.476709
1785864450,deepseek-v2:lite,31.0,10932,798835,345.95,20.16,.057811,18.247291
1785864469,deepseek-v2:lite,31.0,10945,1600000,384.40,19.99,.052028,21.209985
1785864490,deepseek-v2:lite,32.0,10950,799199,364.91,19.41,.054807,23.172774
1785864514,deepseek-v2:lite,32.0,10947,800000,401.80,19.77,.049774,21.496138
1785864536,deepseek-v2:lite,32.0,10951,1200000,374.19,19.36,.053448,26.084694
1785864562,deepseek-v2:lite,32.0,10944,800000,385.87,20.30,.051830,17.972966
1785864580,deepseek-v2:lite,32.0,10957,1201307,393.10,19.85,.050877,22.767723
1785864604,deepseek-v2:lite,28.0,10961,800000,405.16,19.67,.049362,20.944645
1785864625,deepseek-v2:lite,29.0,10957,800000,411.03,19.56,.048657,22.027983
1785864647,deepseek-v2:lite,31.0,10963,1353929,416.93,19.26,.047968,27.920190
1785864676,deepseek-v2:lite,32.0,10947,799373,394.20,19.56,.050735,20.292526
1785864696,deepseek-v2:lite,29.0,10954,1030758,376.22,19.92,.053159,17.010141
1785864714,deepseek-v2:lite,32.0,10953,813051,400.87,19.62,.049890,20.336097
1785864734,deepseek-v2:lite,33.0,10957,801146,371.31,19.91,.053862,17.319870
1785864752,deepseek-v2:lite,32.0,10965,1218474,388.78,19.44,.051442,24.783198
1785864777,deepseek-v2:lite,31.0,10955,800000,406.34,19.80,.049219,29.888608
1785864807,deepseek-v2:lite,32.0,10953,801654,389.31,20.08,.051372,17.027994
1785864825,deepseek-v2:lite,32.0,10939,1074235,395.46,19.75,.050572,20.599280
1785864846,deepseek-v2:lite,32.0,10954,1500663,382.81,19.33,.052244,25.291412
1785864871,deepseek-v2:lite,32.0,10952,800000,380.99,19.87,.052493,14.489170
1785864886,deepseek-v2:lite,32.0,10949,800000,390.89,19.75,.051164,18.480728
1785864905,deepseek-v2:lite,32.0,10943,797488,376.35,19.70,.053141,18.424300
1785864924,deepseek-v2:lite,29.0,10958,800000,381.00,19.72,.052492,15.561002
1785864940,deepseek-v2:lite,31.0,10959,800000,372.34,19.27,.053713,27.130711
1785864967,deepseek-v2:lite,28.0,10958,800000,385.86,19.64,.051831,22.552686
1785864990,deepseek-v2:lite,31.0,10946,2100000,366.81,19.87,.054523,15.752288
1785865006,deepseek-v2:lite,31.0,10953,800992,371.12,19.71,.053890,26.582367
1785865033,deepseek-v2:lite,31.0,10952,800264,371.20,19.99,.053878,18.254046
1785865052,deepseek-v2:lite,31.0,10945,800000,411.53,19.95,.048599,19.648458
1785865072,deepseek-v2:lite,33.0,10945,800000,389.11,19.11,.051398,32.490705
1785865105,deepseek-v2:lite,32.0,10958,799146,391.09,19.81,.051138,19.585514
1785865125,deepseek-v2:lite,32.0,10959,800000,389.40,19.82,.051360,21.839424
1785865147,deepseek-v2:lite,31.0,10948,632903,411.62,20.12,.048588,12.223430
1785865160,deepseek-v2:lite,32.0,10961,800000,383.39,19.91,.052165,18.527046
1785865179,deepseek-v2:lite,32.0,10948,799353,413.37,19.09,.048382,29.800913
1785865209,deepseek-v2:lite,32.0,10949,800000,415.92,19.33,.048086,27.359948
1785865236,deepseek-v2:lite,32.0,10945,800000,418.48,19.30,.047791,23.780176
1785865261,deepseek-v2:lite,32.0,10954,2100000,383.05,19.66,.052212,20.439820
1785865281,deepseek-v2:lite,32.0,10959,800000,368.45,19.11,.054281,27.470263
1785865309,deepseek-v2:lite,31.0,10946,880085,372.81,19.74,.053646,19.192914
1785865329,deepseek-v2:lite,32.0,10942,800742,406.23,19.60,.049232,23.002779
1785865352,deepseek-v2:lite,32.0,10939,1795981,403.66,18.98,.049546,33.552496
1785865386,deepseek-v2:lite,32.0,10944,800000,497.01,19.38,.040239,27.440595
1785865414,deepseek-v2:lite,31.0,10944,800000,487.62,19.25,.041015,26.903072
1785865441,deepseek-v2:lite,31.0,10949,799874,377.23,19.64,.053016,20.305432
1785865462,deepseek-v2:lite,32.0,10941,800000,383.09,19.53,.052206,23.498387
1785865486,deepseek-v2:lite,31.0,10956,1056312,385.16,19.53,.051926,18.118661
1785865504,deepseek-v2:lite,32.0,10953,798319,410.41,19.63,.048731,22.506967
1785865527,deepseek-v2:lite,32.0,10952,1912676,361.68,19.18,.055297,25.751777
1785865553,deepseek-v2:lite,31.0,10952,1398905,395.67,19.49,.050546,17.388341
1785865571,deepseek-v2:lite,32.0,10947,801358,490.32,19.74,.040788,22.637113
1785865594,deepseek-v2:lite,32.0,10950,1000000,375.12,19.28,.053315,24.938988
1785865619,deepseek-v2:lite,32.0,10952,800000,473.78,19.20,.042213,30.044993
1785865650,deepseek-v2:lite,32.0,10950,800821,380.53,20.27,.052557,7.250616
1785865657,deepseek-v2:lite,32.0,10952,800000,371.19,19.19,.053880,30.114630
1785865688,deepseek-v2:lite,32.0,10944,1800000,416.33,19.28,.048038,32.668484
1785865721,deepseek-v2:lite,32.0,10939,799568,375.90,19.75,.053205,18.929937
1785865740,deepseek-v2:lite,32.0,10945,1484454,356.67,19.46,.056074,22.548566
1785865763,deepseek-v2:lite,32.0,10952,1026253,343.32,20.03,.058253,13.627577
1785865777,deepseek-v2:lite,32.0,10954,800000,378.31,19.72,.052866,14.953036
1785865793,deepseek-v2:lite,33.0,10966,799577,355.35,19.56,.056282,18.448739
1785865811,deepseek-v2:lite,30.0,10970,800000,376.30,19.44,.053148,26.176319
1785865838,deepseek-v2:lite,32.0,10961,800000,409.39,19.36,.048852,25.663738
1785865864,deepseek-v2:lite,32.0,10960,1187655,386.92,19.70,.051689,16.592312
1785865881,deepseek-v2:lite,32.0,10966,801194,370.33,19.48,.054005,21.403112
1785865903,deepseek-v2:lite,32.0,10952,800509,396.95,19.36,.050383,24.633308
1785865928,deepseek-v2:lite,32.0,10965,801907,407.54,19.65,.049074,17.145640
1785865945,deepseek-v2:lite,32.0,10967,800000,420.71,19.73,.047537,24.782436
1785865970,deepseek-v2:lite,32.0,10965,801049,463.59,20.01,.043140,19.781215
1785865991,deepseek-v2:lite,32.0,10959,800000,362.87,19.62,.055115,27.930021
1785866019,deepseek-v2:lite,32.0,10955,2004608,408.10,19.44,.049006,31.414049
1785866051,deepseek-v2:lite,33.0,10962,800000,412.86,19.90,.048442,22.205839
1785866073,deepseek-v2:lite,32.0,10951,2065000,393.41,19.65,.050836,19.738667
1785866093,deepseek-v2:lite,32.0,10953,800000,407.42,20.16,.049088,13.988068
1785866108,deepseek-v2:lite,32.0,10960,1379500,381.74,19.47,.052390,21.775821
1785866130,deepseek-v2:lite,32.0,10948,801481,360.78,19.43,.055434,24.292167
1785866155,deepseek-v2:lite,32.0,10945,798751,398.37,19.83,.050204,19.208883
1785866174,deepseek-v2:lite,32.0,10949,1001501,394.40,19.63,.050708,18.537506
1785866193,deepseek-v2:lite,29.0,10956,802088,428.03,19.77,.046725,23.011203
1785866217,deepseek-v2:lite,32.0,10960,1523427,376.76,19.65,.053083,24.323881
1785866241,deepseek-v2:lite,32.0,10942,1189085,416.22,19.53,.048050,21.190708
1785866263,deepseek-v2:lite,32.0,10944,798275,406.63,19.47,.049184,22.444456
1785866286,deepseek-v2:lite,32.0,10957,1589054,394.19,19.89,.050736,20.963401
1785866307,deepseek-v2:lite,31.0,10943,800000,517.11,20.18,.038676,17.042836
1785866324,deepseek-v2:lite,32.0,10950,1491295,377.46,19.56,.052985,17.782453
1785866342,deepseek-v2:lite,32.0,10942,954560,401.10,19.27,.049861,30.614586
1785866374,deepseek-v2:lite,32.0,10957,1400486,368.87,20.15,.054218,19.845487
1785866394,deepseek-v2:lite,32.0,10952,1566185,408.03,19.78,.049015,25.267322
1785866419,deepseek-v2:lite,32.0,10960,1246012,392.49,19.05,.050955,30.801878
1785866451,deepseek-v2:lite,31.0,10948,800000,369.32,19.22,.054152,29.652841
1785866481,deepseek-v2:lite,32.0,10943,970639,409.16,19.78,.048880,21.021843
1785866502,deepseek-v2:lite,32.0,10946,800975,400.90,20.03,.049886,18.821728
1785866521,deepseek-v2:lite,32.0,10946,1161403,411.74,19.52,.048573,24.589085
1785866546,deepseek-v2:lite,32.0,10948,800607,413.29,19.49,.048391,20.004895
1785866567,deepseek-v2:lite,32.0,10957,800000,415.74,19.40,.048106,27.929897
1785866595,deepseek-v2:lite,32.0,10963,800777,372.79,19.88,.053649,24.938866
1785866620,deepseek-v2:lite,33.0,10948,800873,413.91,19.64,.048318,27.131364
1785866648,deepseek-v2:lite,32.0,10943,800000,405.22,19.60,.049355,22.137892
1785866670,deepseek-v2:lite,32.0,10947,976515,398.75,19.61,.050156,24.421616
1785866695,deepseek-v2:lite,32.0,10957,1101771,401.22,19.72,.049847,23.569536
1785866719,deepseek-v2:lite,33.0,10949,801185,391.42,20.11,.051095,16.701845
1785866736,deepseek-v2:lite,32.0,10956,1100000,385.98,19.97,.051815,15.973620
1785866752,deepseek-v2:lite,32.0,10945,798239,357.55,19.66,.055935,20.135461
1785866773,deepseek-v2:lite,32.0,10949,865970,398.55,19.40,.050181,23.446794
1785866797,deepseek-v2:lite,32.0,10951,1399469,416.41,19.19,.048029,31.884564
1785866829,deepseek-v2:lite,32.0,10955,1500000,376.40,19.93,.053134,22.018207
1785866851,deepseek-v2:lite,32.0,10953,814355,394.32,19.65,.050720,23.042252
1785866875,deepseek-v2:lite,32.0,10948,1189440,392.31,19.44,.050978,24.279460
1785866900,deepseek-v2:lite,32.0,10952,1235802,379.79,19.85,.052659,20.800645
1785866921,deepseek-v2:lite,32.0,10950,1017338,415.79,19.15,.048100,25.731722
1785866947,deepseek-v2:lite,32.0,10955,800000,362.21,19.28,.055216,19.654662
1785866967,deepseek-v2:lite,31.0,10946,802377,429.97,19.63,.046514,17.926108
1785866985,deepseek-v2:lite,32.0,10952,800829,376.73,19.83,.053087,17.392328
1785867003,deepseek-v2:lite,32.0,10954,2026011,377.91,19.55,.052922,21.584691
1785867025,deepseek-v2:lite,32.0,10957,1805278,414.28,19.57,.048276,20.539172
1785867046,deepseek-v2:lite,32.0,10953,800000,389.32,19.68,.051370,22.655358
1785867069,deepseek-v2:lite,29.0,10963,800000,381.87,19.36,.052373,23.033732
1785867092,deepseek-v2:lite,32.0,10960,991103,399.69,19.50,.050038,21.382961
1785867114,deepseek-v2:lite,32.0,10955,837989,393.52,19.68,.050822,21.233950
1785867136,deepseek-v2:lite,32.0,10955,1000000,403.47,19.43,.049569,25.525766
1785867161,deepseek-v2:lite,33.0,10955,800000,376.10,19.03,.053177,32.203007
1785867194,deepseek-v2:lite,32.0,10955,799686,418.96,19.20,.047736,27.335237
1785867222,deepseek-v2:lite,32.0,10945,800514,411.74,19.43,.048574,27.989449
1785867250,deepseek-v2:lite,32.0,10955,785843,372.57,19.48,.053680,27.047247
1785867278,deepseek-v2:lite,32.0,10946,2100000,399.47,19.28,.050065,27.995360
1785867306,deepseek-v2:lite,31.0,10959,2017835,395.90,19.80,.050517,21.911692
1785867328,deepseek-v2:lite,31.0,10960,801016,410.86,19.64,.048678,24.580996
1785867353,deepseek-v2:lite,32.0,10955,799274,408.93,19.56,.048907,24.071137
1785867378,deepseek-v2:lite,33.0,10953,804238,398.68,19.58,.050164,20.014717
1785867398,deepseek-v2:lite,33.0,10954,802075,408.13,19.62,.049002,24.249568
1785867423,deepseek-v2:lite,32.0,10951,799692,362.99,19.74,.055097,17.170519
1785867440,deepseek-v2:lite,33.0,10960,799179,381.78,19.80,.052385,16.964294
1785867458,deepseek-v2:lite,32.0,10960,798980,377.02,19.83,.053046,21.830808
1785867480,deepseek-v2:lite,32.0,10961,800287,378.52,19.67,.052837,23.942402
1785867504,deepseek-v2:lite,32.0,10952,799530,409.70,20.05,.048815,18.252628
1785867523,deepseek-v2:lite,32.0,10949,1507961,380.70,19.14,.052533,28.726837
1785867552,deepseek-v2:lite,32.0,10947,1500000,385.54,19.92,.051874,19.676804
1785867572,deepseek-v2:lite,32.0,10955,801125,384.99,19.48,.051948,30.326920
1785867603,deepseek-v2:lite,32.0,10964,1500406,405.36,19.19,.049338,26.988847
1785867630,deepseek-v2:lite,31.0,10957,799022,394.04,19.70,.050756,19.438190
1785867650,deepseek-v2:lite,32.0,10956,735909,399.80,19.82,.050024,21.690732
1785867672,deepseek-v2:lite,33.0,10948,800000,386.84,19.43,.051700,26.092672
1785867698,deepseek-v2:lite,32.0,10952,800000,426.51,19.46,.046891,24.913407
1785867724,deepseek-v2:lite,32.0,10961,1496519,380.17,19.47,.052607,27.774792
1785867752,deepseek-v2:lite,32.0,10940,801125,391.29,19.78,.051112,18.654979
1785867771,deepseek-v2:lite,32.0,10958,1400000,417.70,19.90,.047881,23.216019
1785867794,deepseek-v2:lite,32.0,10956,797481,434.04,20.60,.046077,17.518646
1785867812,deepseek-v2:lite,32.0,10968,800000,385.40,19.88,.051892,24.843135
1785867838,deepseek-v2:lite,32.0,10974,797994,479.45,18.89,.041714,39.374930
1785867877,deepseek-v2:lite,33.0,10959,669090,385.24,19.51,.051914,23.058866
1785867901,deepseek-v2:lite,29.0,10955,800000,376.14,19.72,.053170,20.887820
1785867922,deepseek-v2:lite,32.0,10960,798773,403.52,19.40,.049563,26.639242
1785867949,deepseek-v2:lite,32.0,10948,809735,378.27,19.32,.052871,22.877522
1785867972,deepseek-v2:lite,32.0,10954,905638,384.34,19.30,.052036,27.864810
1785868001,deepseek-v2:lite,33.0,10960,800811,466.16,19.46,.042903,22.915059
1785868024,deepseek-v2:lite,32.0,10957,2097837,364.97,19.40,.054798,27.059166
1785868051,deepseek-v2:lite,32.0,10961,1591798,373.30,19.58,.053575,20.014288
1785868072,deepseek-v2:lite,32.0,10948,2100000,381.67,19.48,.052401,23.301990
1785868095,deepseek-v2:lite,32.0,10957,799059,416.97,19.45,.047964,25.652258
1785868122,deepseek-v2:lite,32.0,10954,801752,416.43,19.64,.048026,25.447955
1785868147,deepseek-v2:lite,32.0,10938,903052,381.02,18.99,.052489,36.898011
1785868185,deepseek-v2:lite,32.0,10945,800000,382.97,19.54,.052223,22.866015
1785868208,deepseek-v2:lite,32.0,10950,1600000,387.33,20.38,.051634,5.738380
1785868214,deepseek-v2:lite,33.0,10948,1444164,383.26,19.61,.052183,25.944515
1785868240,deepseek-v2:lite,32.0,10949,800000,388.56,19.23,.051471,31.716424
1785868272,deepseek-v2:lite,32.0,10962,801684,399.17,19.63,.050102,22.564405
1785868295,deepseek-v2:lite,32.0,10954,800000,404.61,19.38,.049430,24.294874
1785868320,deepseek-v2:lite,32.0,10951,914077,396.80,18.93,.050402,36.591951
1785868357,deepseek-v2:lite,32.0,10953,800438,377.60,19.56,.052965,19.936536
1785868377,deepseek-v2:lite,34.0,10955,1236192,385.64,19.85,.051861,15.162319
1785868393,deepseek-v2:lite,32.0,10956,799691,370.28,19.82,.054013,17.550908
1785868411,deepseek-v2:lite,32.0,10959,1128852,380.94,19.57,.052500,19.616586
1785868431,deepseek-v2:lite,32.0,10960,1440805,377.59,19.34,.052967,27.908189
1785868459,deepseek-v2:lite,32.0,10948,843403,493.93,19.96,.040491,22.840205
1785868482,deepseek-v2:lite,29.0,10957,1931863,377.47,19.58,.052983,20.423543
1785868503,deepseek-v2:lite,32.0,10959,802282,385.96,19.81,.051818,21.347018
1785868525,deepseek-v2:lite,32.0,10958,1470171,384.92,19.29,.051958,26.429632
1785868552,deepseek-v2:lite,32.0,10952,800000,417.56,19.71,.047896,19.936533
1785868572,deepseek-v2:lite,32.0,10959,1101666,389.61,19.62,.051332,21.856694
1785868594,deepseek-v2:lite,33.0,10964,800000,512.80,19.44,.039001,15.274325
1785868610,deepseek-v2:lite,32.0,10960,1598894,384.12,19.12,.052066,26.777321
1785868637,deepseek-v2:lite,32.0,10962,800000,414.00,19.52,.048308,24.127520
1785868661,deepseek-v2:lite,32.0,10956,799595,391.51,19.92,.051083,22.881194
1785868685,deepseek-v2:lite,32.0,10953,2104800,395.52,20.29,.050565,20.942766
1785868706,deepseek-v2:lite,32.0,10950,797877,385.21,19.86,.051918,19.534821
1785868726,deepseek-v2:lite,33.0,10950,798703,389.16,19.81,.051392,17.307843
1785868744,deepseek-v2:lite,33.0,10956,1100000,386.50,19.64,.051745,23.108324
1785868767,deepseek-v2:lite,32.0,10961,800000,418.51,19.69,.047788,20.206624
1785868788,deepseek-v2:lite,32.0,10955,800000,396.36,19.53,.050458,22.323373
1785868810,deepseek-v2:lite,32.0,10947,938127,391.01,19.55,.051149,19.636879
1785868830,deepseek-v2:lite,32.0,10958,755358,404.25,19.50,.049473,22.562248
1785868853,deepseek-v2:lite,32.0,10957,800000,402.44,20.29,.049695,13.303408
1785868867,deepseek-v2:lite,32.0,10959,798786,384.90,19.63,.051961,18.029675
1785868885,deepseek-v2:lite,32.0,10963,761079,403.85,19.51,.049522,19.525800
1785868905,deepseek-v2:lite,32.0,10950,682456,400.93,19.10,.049883,33.076319
1785868939,deepseek-v2:lite,32.0,10958,799068,380.36,20.01,.052580,18.585100
1785868958,deepseek-v2:lite,32.0,10954,970974,401.32,19.55,.049834,19.172968
1785868977,deepseek-v2:lite,32.0,10965,2102882,385.09,19.33,.051935,28.800733
1785869006,deepseek-v2:lite,32.0,10944,1364645,411.65,19.42,.048584,25.380572
1785869032,deepseek-v2:lite,29.0,10952,799685,400.70,19.36,.049911,23.395140
1785869056,deepseek-v2:lite,32.0,10949,800000,374.23,19.52,.053442,25.662764
1785869082,deepseek-v2:lite,32.0,10946,800000,386.67,19.41,.051723,26.313707
1785869109,deepseek-v2:lite,32.0,10950,1000515,371.74,20.21,.053800,20.773679
1785869130,deepseek-v2:lite,31.0,10947,800000,367.65,19.46,.054399,26.915693
1785869157,deepseek-v2:lite,32.0,10954,1090595,364.12,19.95,.054925,24.607390
1785869182,deepseek-v2:lite,32.0,10955,798911,417.53,19.95,.047899,22.350349
1785869205,deepseek-v2:lite,32.0,10962,802253,397.59,20.03,.050302,15.175713
1785869220,deepseek-v2:lite,32.0,10958,800000,381.47,19.63,.052428,20.783521
1785869242,deepseek-v2:lite,30.0,10957,967203,379.53,19.79,.052695,21.979685
1785869264,deepseek-v2:lite,32.0,10957,2094150,512.42,19.16,.039030,30.155413
1785869294,deepseek-v2:lite,32.0,10968,800000,513.56,19.60,.038943,19.075435
1785869314,deepseek-v2:lite,32.0,10970,800000,359.90,20.27,.055570,13.068704
1785869327,deepseek-v2:lite,32.0,10961,800000,387.05,19.30,.051672,26.521990
1785869354,deepseek-v2:lite,32.0,10951,1743617,382.77,19.65,.052250,20.351529
1785869375,deepseek-v2:lite,32.0,10949,799648,397.94,19.15,.050258,29.550424
1785869405,deepseek-v2:lite,32.0,10957,1795599,376.77,19.57,.053081,20.282223
1785869426,deepseek-v2:lite,32.0,10962,1188617,430.69,19.49,.046436,21.953039
1785869448,deepseek-v2:lite,32.0,10962,1201762,372.77,19.72,.053651,19.312278
1785869468,deepseek-v2:lite,32.0,10962,800337,410.04,19.54,.048775,21.997159
1785869490,deepseek-v2:lite,33.0,10963,1169798,408.98,19.66,.048901,19.581256
1785869510,deepseek-v2:lite,32.0,10957,800000,370.81,19.59,.053934,18.776274
1785869529,deepseek-v2:lite,32.0,10937,799594,383.08,20.20,.052207,16.032069
1785869545,deepseek-v2:lite,32.0,10946,886067,384.09,19.44,.052070,23.448695
1785869569,deepseek-v2:lite,32.0,10951,799501,383.20,19.64,.052191,20.509106
1785869590,deepseek-v2:lite,32.0,10953,937754,414.78,20.20,.048217,19.996470
1785869610,deepseek-v2:lite,32.0,10945,1974397,413.99,20.12,.048309,22.412208
1785869633,deepseek-v2:lite,33.0,10943,922193,414.01,19.83,.048307,22.539730
1785869656,deepseek-v2:lite,32.0,10949,800000,382.79,19.69,.052247,21.986259
1785869678,deepseek-v2:lite,32.0,10950,799007,395.72,20.20,.050540,17.570897
1785869696,deepseek-v2:lite,32.0,10946,2107664,406.26,19.89,.049228,22.114335
1785869719,deepseek-v2:lite,32.0,10951,800000,389.13,19.95,.051395,17.994969
1785869737,deepseek-v2:lite,32.0,10952,801836,376.19,19.35,.053164,24.179561
1785869762,deepseek-v2:lite,32.0,10960,799176,369.55,19.48,.054118,22.016468
1785869784,deepseek-v2:lite,32.0,10959,800000,348.84,19.22,.057332,30.269771
1785869815,deepseek-v2:lite,32.0,10960,2094865,438.71,19.71,.045587,22.774281
1785869838,deepseek-v2:lite,32.0,10960,801238,388.28,18.93,.051508,33.861208
1785869872,deepseek-v2:lite,32.0,10952,800000,384.88,19.34,.051963,26.213782
1785869899,deepseek-v2:lite,32.0,10948,800000,411.75,19.61,.048572,24.011928
1785869923,deepseek-v2:lite,32.0,10948,1202272,414.95,20.03,.048197,20.810376
1785869945,deepseek-v2:lite,33.0,10950,800000,424.83,20.10,.047077,19.294922
1785869964,deepseek-v2:lite,32.0,10953,799861,366.70,19.71,.054539,20.385711
1785869985,deepseek-v2:lite,32.0,10954,800314,416.00,19.07,.048076,33.124504
1785870019,deepseek-v2:lite,32.0,10953,894698,379.73,19.92,.052668,19.426276
1785870038,deepseek-v2:lite,32.0,10984,800000,376.06,19.77,.053182,22.201494
1785870061,deepseek-v2:lite,32.0,10986,1086748,404.55,19.32,.049437,25.040811
1785870086,deepseek-v2:lite,32.0,10987,1037771,395.44,19.67,.050576,19.669974
1785870106,deepseek-v2:lite,32.0,10957,800000,373.95,19.61,.053482,21.773269
1785870128,deepseek-v2:lite,32.0,10954,798809,425.77,20.77,.046973,2.983748
1785870132,deepseek-v2:lite,31.0,10963,800962,378.70,19.34,.052811,26.109985
1785870158,deepseek-v2:lite,32.0,10946,1897743,373.63,19.40,.053528,24.733558
1785870183,deepseek-v2:lite,32.0,10958,800000,372.85,19.81,.053640,17.566838
1785870201,deepseek-v2:lite,32.0,10954,1217577,408.40,19.42,.048970,26.930795
1785870229,deepseek-v2:lite,33.0,10951,800000,410.58,19.95,.048711,21.243942
1785870250,deepseek-v2:lite,32.0,10947,802442,401.62,19.80,.049798,23.827062
1785870274,deepseek-v2:lite,32.0,10959,2100000,372.15,19.79,.053740,16.771380
1785870292,deepseek-v2:lite,33.0,10962,800800,396.58,19.64,.050430,24.585839
1785870317,deepseek-v2:lite,32.0,10962,800000,410.37,19.09,.048736,26.762125
1785870344,deepseek-v2:lite,32.0,10959,1000000,436.59,20.04,.045809,16.664208
1785870361,deepseek-v2:lite,32.0,10953,800000,378.51,19.41,.052838,26.058877
1785870387,deepseek-v2:lite,32.0,10950,2091025,384.59,19.55,.052002,24.602686
1785870412,deepseek-v2:lite,32.0,10952,1744668,459.69,20.14,.043507,20.356352
1785870433,deepseek-v2:lite,32.0,10957,800000,377.60,19.91,.052965,20.941589
1785870454,deepseek-v2:lite,32.0,10967,800516,367.17,19.45,.054469,24.677772
1785870479,deepseek-v2:lite,32.0,10956,859016,425.46,19.95,.047007,20.799922
1785870500,deepseek-v2:lite,32.0,10952,932653,492.44,19.70,.040613,20.151813
1785870521,deepseek-v2:lite,33.0,10933,800000,359.97,19.54,.055559,23.690483
1785870545,deepseek-v2:lite,32.0,10951,1491381,402.47,19.76,.049692,14.269476
1785870560,deepseek-v2:lite,32.0,10947,828493,384.74,19.51,.051983,21.269258
1785870581,deepseek-v2:lite,32.0,10942,800534,428.86,20.10,.046634,13.531675
1785870595,deepseek-v2:lite,32.0,10941,985796,419.16,19.67,.047713,24.599440
1785870620,deepseek-v2:lite,32.0,10946,800000,399.95,19.95,.050006,25.559908
1785870646,deepseek-v2:lite,32.0,10943,797960,411.22,19.24,.048635,35.794131
1785870682,deepseek-v2:lite,32.0,10944,798286,442.27,19.46,.045220,25.115665
1785870708,deepseek-v2:lite,32.0,10936,1000000,382.39,19.48,.052302,26.168663
1785870734,deepseek-v2:lite,32.0,10952,801853,386.34,19.35,.051766,27.224984
1785870762,deepseek-v2:lite,32.0,10958,800000,380.65,19.13,.052540,26.490915
1785870789,deepseek-v2:lite,29.0,10950,954210,375.12,19.52,.053316,19.611455
1785870809,deepseek-v2:lite,30.0,10952,1850629,385.39,19.30,.051894,26.990060
1785870836,deepseek-v2:lite,30.0,10964,800000,367.21,19.25,.054463,25.867446
1785870863,deepseek-v2:lite,33.0,10965,799006,385.08,19.67,.051935,20.835880
1785870884,deepseek-v2:lite,32.0,10963,1285823,414.51,20.25,.048248,16.641943
1785870901,deepseek-v2:lite,32.0,10954,2100000,400.40,19.09,.049949,27.912672
1785870929,deepseek-v2:lite,29.0,10936,800000,396.53,19.80,.050436,21.708548
1785870951,deepseek-v2:lite,32.0,10949,799403,419.24,19.22,.047705,27.100971
1785870979,deepseek-v2:lite,31.0,10962,801403,405.02,19.13,.049379,27.179896
1785871006,deepseek-v2:lite,31.0,10967,1751704,425.56,20.30,.046996,12.360929
1785871019,deepseek-v2:lite,32.0,10957,802099,402.61,19.95,.049675,16.436704
1785871036,deepseek-v2:lite,31.0,10958,800000,373.62,19.29,.053529,26.118135
1785871062,deepseek-v2:lite,32.0,10957,799658,377.09,19.07,.053036,33.972870
1785871097,deepseek-v2:lite,32.0,10961,640903,404.86,19.40,.049398,22.781977
1785871120,deepseek-v2:lite,32.0,10964,1000566,385.96,19.90,.051817,17.580015
1785871138,deepseek-v2:lite,30.0,10955,800000,402.29,18.72,.049714,40.533164
1785871179,deepseek-v2:lite,32.0,10964,799191,428.70,19.37,.046652,21.727834
1785871201,deepseek-v2:lite,32.0,10956,800000,377.27,19.47,.053011,25.052997
1785871226,deepseek-v2:lite,32.0,10957,798563,371.81,19.11,.053790,24.377558
1785871251,deepseek-v2:lite,32.0,10947,1371970,406.13,19.88,.049244,20.366138
1785871272,deepseek-v2:lite,32.0,10950,800000,407.15,19.26,.049121,26.946958
1785871299,deepseek-v2:lite,32.0,10950,800000,385.98,20.31,.051815,13.830246
1785871313,deepseek-v2:lite,33.0,10950,800000,384.09,19.96,.052070,24.439994
1785871338,deepseek-v2:lite,32.0,10957,800000,369.96,19.30,.054058,31.186181
1785871370,deepseek-v2:lite,32.0,10962,1614093,416.83,19.44,.047980,22.983259
1785871393,deepseek-v2:lite,32.0,10953,799390,396.38,19.51,.050455,24.909336
1785871418,deepseek-v2:lite,29.0,10960,800000,391.30,19.48,.051111,23.710588
1785871442,deepseek-v2:lite,32.0,10957,998011,348.42,19.86,.057400,18.473990
1785871461,deepseek-v2:lite,32.0,10954,1500000,398.08,19.34,.050240,22.793012
1785871484,deepseek-v2:lite,32.0,10961,798177,436.20,19.44,.045850,25.252165
1785871510,deepseek-v2:lite,32.0,10965,799665,402.30,19.62,.049714,21.456832
1785871532,deepseek-v2:lite,33.0,10953,801236,410.57,19.44,.048711,20.981782
1785871553,deepseek-v2:lite,32.0,10954,800000,383.69,19.42,.052125,23.220348
1785871577,deepseek-v2:lite,32.0,10952,835361,402.04,20.02,.049745,10.239591
1785871587,deepseek-v2:lite,33.0,10947,801789,423.57,19.38,.047217,26.415953
1785871614,deepseek-v2:lite,32.0,10950,1006233,389.06,20.11,.051404,19.490353
1785871634,deepseek-v2:lite,32.0,10952,1067479,407.75,19.25,.049049,33.762072
1785871668,deepseek-v2:lite,32.0,10963,796963,364.43,19.75,.054879,19.185502
1785871688,deepseek-v2:lite,29.0,10968,800000,383.89,20.16,.052097,13.337064
1785871702,deepseek-v2:lite,32.0,10969,1894409,392.38,19.70,.050970,21.167469
1785871723,deepseek-v2:lite,32.0,10955,1210909,406.04,18.64,.049255,39.787958
1785871763,deepseek-v2:lite,32.0,10969,1020236,397.71,19.50,.050286,23.844214
1785871788,deepseek-v2:lite,32.0,10952,800000,393.25,19.58,.050857,23.793384
1785871812,deepseek-v2:lite,32.0,10949,1737091,378.72,19.33,.052809,29.690689
1785871842,deepseek-v2:lite,32.0,10948,1278000,379.78,19.16,.052661,29.590974
1785871872,deepseek-v2:lite,32.0,10950,800000,378.41,19.35,.052852,25.573101
1785871898,deepseek-v2:lite,32.0,10953,1800000,370.30,19.65,.054008,22.433082
1785871921,deepseek-v2:lite,33.0,10949,800000,401.70,19.14,.049787,36.555668
1785871958,deepseek-v2:lite,32.0,10957,800000,379.57,19.46,.052690,22.194519
1785871980,deepseek-v2:lite,33.0,10956,1039328,396.38,19.59,.050455,22.094982
1785872003,deepseek-v2:lite,32.0,10944,1483431,411.58,19.68,.048592,21.744175
1785872025,deepseek-v2:lite,32.0,10947,800000,380.81,19.20,.052519,32.186564
1785872057,deepseek-v2:lite,32.0,10952,1492598,410.73,19.26,.048693,26.057158
1785872084,deepseek-v2:lite,33.0,10955,800000,395.54,18.89,.050563,38.163837
1785872122,deepseek-v2:lite,32.0,10954,1395098,405.07,19.86,.049373,15.958533
1785872139,deepseek-v2:lite,32.0,10949,799241,405.40,19.78,.049332,27.495309
1785872167,deepseek-v2:lite,32.0,10941,800000,377.95,19.90,.052916,19.239948
1785872186,deepseek-v2:lite,33.0,10944,802250,389.62,19.76,.051331,21.700888
1785872208,deepseek-v2:lite,32.0,10958,2088975,372.98,19.63,.053622,24.600488
1785872233,deepseek-v2:lite,32.0,10943,800000,398.82,20.29,.050147,12.857898
1785872246,deepseek-v2:lite,32.0,10950,800000,367.29,19.68,.054452,22.602730
1785872269,deepseek-v2:lite,32.0,10945,800000,378.87,19.38,.052787,24.349877
1785872294,deepseek-v2:lite,32.0,10950,981863,371.65,19.92,.053813,14.705156
1785872309,deepseek-v2:lite,32.0,10951,800000,362.92,19.25,.055107,25.704468
1785872335,deepseek-v2:lite,32.0,10953,801028,345.21,19.80,.057934,17.472897
1785872353,deepseek-v2:lite,32.0,10951,1124161,375.52,19.69,.053259,22.640572
1785872376,deepseek-v2:lite,32.0,10953,800888,353.45,20.15,.056583,17.613755
1785872394,deepseek-v2:lite,32.0,10951,956203,375.67,19.52,.053237,19.307025
1785872414,deepseek-v2:lite,32.0,10934,1361130,380.10,19.31,.052617,25.632047
1785872440,deepseek-v2:lite,32.0,10944,799509,401.58,19.47,.049803,25.369858
1785872466,deepseek-v2:lite,29.0,10950,800000,402.27,19.49,.049717,22.054787
1785872488,deepseek-v2:lite,32.0,10966,1872867,377.96,19.44,.052915,22.992395
1785872511,deepseek-v2:lite,32.0,10962,800000,413.34,19.34,.048385,24.863094
1785872537,deepseek-v2:lite,32.0,10947,801361,372.67,19.38,.053666,24.247955
1785872561,deepseek-v2:lite,32.0,10965,1596068,403.67,19.89,.049545,25.031628
1785872587,deepseek-v2:lite,33.0,10952,798237,492.01,19.89,.040649,22.070040
1785872609,deepseek-v2:lite,31.0,10959,1055149,384.58,19.81,.052003,19.633042
1785872629,deepseek-v2:lite,32.0,10951,1540542,380.56,19.77,.052553,18.859768
1785872648,deepseek-v2:lite,32.0,10949,800000,511.19,19.81,.039124,20.939606
1785872670,deepseek-v2:lite,33.0,10956,799462,387.78,18.90,.051574,36.134741
1785872706,deepseek-v2:lite,33.0,10969,800000,379.59,19.51,.052687,22.039588
1785872729,deepseek-v2:lite,32.0,10965,800204,442.42,19.66,.045205,19.982706
1785872749,deepseek-v2:lite,32.0,10960,799951,382.85,19.46,.052239,24.096797
1785872773,deepseek-v2:lite,32.0,10955,799354,400.96,19.71,.049879,21.147400
1785872795,deepseek-v2:lite,32.0,10964,800703,385.77,19.54,.051843,16.733120
1785872812,deepseek-v2:lite,32.0,10957,802846,362.41,19.39,.055185,24.436713
1785872837,deepseek-v2:lite,32.0,10962,799289,382.33,19.38,.052310,22.958680
1785872860,deepseek-v2:lite,32.0,10953,800000,380.86,19.44,.052511,23.399337
1785872884,deepseek-v2:lite,32.0,10962,800494,368.53,19.58,.054269,20.471150
1785872905,deepseek-v2:lite,32.0,10964,811245,415.79,19.52,.048100,21.309963
1785872927,deepseek-v2:lite,32.0,10968,800000,458.43,19.82,.043626,17.651180
1785872945,deepseek-v2:lite,32.0,10955,2100000,382.91,19.26,.052230,23.674618
1785872969,deepseek-v2:lite,29.0,10955,800835,426.03,19.50,.046944,25.783637
1785872995,deepseek-v2:lite,32.0,10947,800000,360.88,19.79,.055419,18.390449
1785873014,deepseek-v2:lite,29.0,10957,800000,417.00,19.63,.047961,20.827442
1785873035,deepseek-v2:lite,29.0,10948,922965,383.10,19.29,.052205,24.622849
1785873060,deepseek-v2:lite,33.0,10949,800279,390.41,20.00,.051227,21.097190
1785873081,deepseek-v2:lite,32.0,10956,1601486,378.54,19.53,.052833,22.678677
1785873104,deepseek-v2:lite,33.0,10957,799095,367.16,19.67,.054471,17.537432
1785873122,deepseek-v2:lite,32.0,10944,799079,359.56,19.59,.055622,28.736259
1785873151,deepseek-v2:lite,32.0,10939,799098,400.42,20.05,.049946,17.896579
1785873170,deepseek-v2:lite,32.0,10946,1569397,397.96,19.91,.050255,19.834516
1785873190,deepseek-v2:lite,30.0,10943,800000,405.99,19.80,.049262,16.507608
1785873207,deepseek-v2:lite,29.0,10952,912418,407.58,19.27,.049070,30.395221
1785873237,deepseek-v2:lite,32.0,10951,802952,372.24,19.60,.053727,22.600718
1785873260,deepseek-v2:lite,33.0,10960,801195,411.27,19.68,.048628,19.709145
1785873281,deepseek-v2:lite,29.0,10951,800000,481.80,19.54,.041510,23.179670
1785873304,deepseek-v2:lite,32.0,10957,1000630,380.57,19.24,.052551,23.846202
1785873328,deepseek-v2:lite,32.0,10967,799367,409.71,19.28,.048814,26.496950
1785873355,deepseek-v2:lite,32.0,10957,1198269,401.27,20.02,.049840,15.533332
1785873371,deepseek-v2:lite,32.0,10958,800000,373.45,19.79,.053553,23.597451
1785873395,deepseek-v2:lite,29.0,10955,789293,378.65,19.56,.052817,24.943383
1785873420,deepseek-v2:lite,32.0,10956,799232,381.49,19.71,.052425,20.900041
1785873442,deepseek-v2:lite,32.0,10958,800000,376.86,19.37,.053069,24.256882
1785873466,deepseek-v2:lite,32.0,10964,800000,395.86,19.53,.050522,22.879836
1785873490,deepseek-v2:lite,31.0,10964,799126,386.84,19.67,.051700,16.920880
1785873507,deepseek-v2:lite,32.0,10959,956701,376.92,19.41,.053060,23.485966
1785873531,deepseek-v2:lite,32.0,10964,800000,413.03,19.69,.048421,18.333281
1785873549,deepseek-v2:lite,32.0,10960,923434,411.03,18.57,.048658,40.656759
1785873590,deepseek-v2:lite,32.0,10959,1987746,396.73,19.47,.050411,23.619157
1785873614,deepseek-v2:lite,32.0,10962,800000,373.21,19.53,.053588,21.445591
1785873636,deepseek-v2:lite,31.0,10953,1000679,510.13,19.48,.039205,21.917318
1785873659,deepseek-v2:lite,32.0,10957,800000,369.07,19.36,.054189,29.793210
1785873689,deepseek-v2:lite,32.0,10948,799617,415.89,20.79,.048089,15.965274
1785873705,deepseek-v2:lite,33.0,10943,804484,389.11,20.30,.051398,17.730148
1785873723,deepseek-v2:lite,32.0,10946,800000,417.03,19.88,.047957,23.791184
1785873747,deepseek-v2:lite,32.0,10960,993031,359.94,19.58,.055564,22.877336
1785873771,deepseek-v2:lite,32.0,10947,800841,375.39,19.81,.053277,18.071128
1785873789,deepseek-v2:lite,32.0,10953,799022,410.95,19.02,.048667,30.960841
1785873820,deepseek-v2:lite,32.0,10959,800437,404.56,19.51,.049435,20.750034
1785873842,deepseek-v2:lite,32.0,10956,1162983,362.48,19.52,.055174,21.918147
1785873864,deepseek-v2:lite,32.0,10950,1123222,353.18,19.89,.056627,16.437516
1785873881,deepseek-v2:lite,32.0,10960,800000,375.43,19.40,.053271,26.796511
1785873908,deepseek-v2:lite,32.0,10954,801500,412.42,19.20,.048493,27.445586
1785873936,deepseek-v2:lite,33.0,10951,853598,379.60,18.97,.052685,31.462878
1785873967,deepseek-v2:lite,32.0,10958,800000,416.83,19.61,.047981,24.725671
1785873993,deepseek-v2:lite,32.0,10959,800000,378.18,19.27,.052884,26.975976
1785874020,deepseek-v2:lite,31.0,10961,1197811,357.38,19.46,.055962,24.191959
1785874045,deepseek-v2:lite,32.0,10948,800000,494.35,18.95,.040457,36.297352
1785874081,deepseek-v2:lite,32.0,10957,799394,388.78,19.80,.051442,16.156430
1785874098,deepseek-v2:lite,32.0,10946,800000,352.40,19.60,.056753,21.779174
1785874120,deepseek-v2:lite,33.0,10955,800000,372.22,19.38,.053731,26.613418
1785874147,deepseek-v2:lite,32.0,10959,799962,422.05,19.39,.047386,34.860051
1785874182,deepseek-v2:lite,33.0,10960,1800000,387.17,21.20,.051656,5.659442
1785874188,deepseek-v2:lite,30.0,10961,800000,398.21,20.33,.050223,17.259262
1785874206,deepseek-v2:lite,33.0,10968,803921,361.90,19.92,.055263,20.572765
1785874227,deepseek-v2:lite,33.0,10967,1251644,418.41,19.50,.047799,21.990130
1785874249,deepseek-v2:lite,29.0,10964,800000,373.95,19.59,.053482,19.187117
1785874269,deepseek-v2:lite,32.0,10948,800715,381.82,19.83,.052379,16.586058
1785874286,deepseek-v2:lite,32.0,10952,933549,357.65,19.46,.055919,25.328340
1785874311,deepseek-v2:lite,32.0,10958,800000,385.83,19.66,.051835,19.937683
1785874332,deepseek-v2:lite,32.0,10949,1509260,358.18,19.61,.055836,27.118934
1785874359,deepseek-v2:lite,29.0,10944,800000,415.63,19.71,.048119,22.419716
1785874382,deepseek-v2:lite,32.0,10937,799512,360.69,19.42,.055447,28.009179
1785874410,deepseek-v2:lite,32.0,10951,804872,357.68,19.46,.055914,30.410213
1785874441,deepseek-v2:lite,32.0,10952,1010416,516.36,19.66,.038732,22.935716
1785874465,deepseek-v2:lite,32.0,10951,798954,391.19,19.49,.051124,23.748976
1785874489,deepseek-v2:lite,33.0,10950,800000,412.30,20.36,.048507,6.776540
1785874496,deepseek-v2:lite,32.0,10944,800000,387.81,19.76,.051571,21.146382
1785874517,deepseek-v2:lite,30.0,10940,800000,395.53,19.82,.050564,22.139499
1785874540,deepseek-v2:lite,33.0,10951,798584,406.28,19.73,.049226,19.508088
1785874560,deepseek-v2:lite,32.0,10951,1100000,380.95,19.50,.052499,17.480583
1785874577,deepseek-v2:lite,32.0,10952,800000,410.49,19.50,.048721,25.631353
1785874603,deepseek-v2:lite,32.0,10954,800000,384.08,19.51,.052071,20.697946
1785874625,deepseek-v2:lite,33.0,10965,800000,383.86,19.54,.052102,22.508804
1785874647,deepseek-v2:lite,32.0,10952,1588702,366.17,19.28,.054618,29.454144
1785874677,deepseek-v2:lite,32.0,10954,1581132,363.56,19.82,.055011,22.643474
1785874700,deepseek-v2:lite,32.0,10946,800000,375.70,19.27,.053232,28.636706
1785874729,deepseek-v2:lite,29.0,10955,800702,371.15,19.47,.053885,22.334816
1785874752,deepseek-v2:lite,32.0,10951,1400000,368.20,19.67,.054316,18.193576
1785874771,deepseek-v2:lite,32.0,10961,1100000,411.53,19.59,.048598,22.967719
1785874794,deepseek-v2:lite,32.0,10954,800000,423.73,19.69,.047199,20.871577
1785874815,deepseek-v2:lite,32.0,10954,707484,379.76,20.10,.052663,22.828607
1785874838,deepseek-v2:lite,33.0,10959,798396,444.07,20.20,.045037,19.698446
1785874858,deepseek-v2:lite,33.0,10950,864371,374.96,19.41,.053338,25.449798
1785874884,deepseek-v2:lite,32.0,10952,1200275,402.22,19.48,.049722,20.629453
1785874905,deepseek-v2:lite,33.0,10958,1591569,383.62,19.89,.052134,20.711589
1785874926,deepseek-v2:lite,32.0,10958,800000,370.62,19.92,.053963,15.354599
1785874942,deepseek-v2:lite,32.0,10957,800851,377.68,19.37,.052954,24.150743
1785874967,deepseek-v2:lite,32.0,10955,800000,379.35,19.60,.052720,22.294455
1785874989,deepseek-v2:lite,33.0,10960,799024,424.92,20.05,.047067,20.289263
1785875010,deepseek-v2:lite,32.0,10959,799138,398.74,19.84,.050157,25.805451
1785875036,deepseek-v2:lite,32.0,10949,1591442,404.98,19.61,.049384,22.379494
1785875059,deepseek-v2:lite,32.0,10956,1484988,397.57,19.59,.050304,16.687333
1785875076,deepseek-v2:lite,30.0,10949,1555311,365.57,19.79,.054708,16.165140
1785875092,deepseek-v2:lite,32.0,10955,826391,403.80,19.74,.049528,20.759749
1785875114,deepseek-v2:lite,32.0,10947,909823,377.39,19.42,.052995,26.824611
1785875141,deepseek-v2:lite,29.0,10956,850762,382.53,18.90,.052283,37.660736
1785875179,deepseek-v2:lite,32.0,10960,957092,384.38,19.34,.052031,21.457875
1785875201,deepseek-v2:lite,32.0,10963,800347,437.50,19.53,.045714,23.040674
1785875224,deepseek-v2:lite,32.0,10958,799949,417.31,19.32,.047925,24.223225
1785875249,deepseek-v2:lite,32.0,10963,1618204,466.94,20.26,.042831,9.229961
1785875258,deepseek-v2:lite,33.0,10960,797359,414.45,19.66,.048256,21.207590
1785875280,deepseek-v2:lite,32.0,10951,1001027,409.17,19.38,.048878,26.564774
1785875307,deepseek-v2:lite,32.0,10963,797692,398.79,19.32,.050151,26.386531
1785875334,deepseek-v2:lite,32.0,10968,802675,402.64,18.81,.049671,32.691708
1785875367,deepseek-v2:lite,32.0,10967,800000,406.37,19.25,.049215,29.237038
1785875396,deepseek-v2:lite,32.0,10966,799205,383.89,19.86,.052097,29.442906
1785875426,deepseek-v2:lite,32.0,10966,1446719,415.20,19.95,.048168,22.353789
1785875449,deepseek-v2:lite,32.0,10967,800000,373.19,19.82,.053591,31.423051
1785875481,deepseek-v2:lite,32.0,10939,800000,402.37,19.70,.049704,19.995003
1785875501,deepseek-v2:lite,32.0,10950,800359,406.50,20.26,.049200,18.506791
1785875520,deepseek-v2:lite,33.0,10954,1202133,377.68,19.99,.052954,20.206150
1785875541,deepseek-v2:lite,32.0,10946,800000,401.64,19.89,.049794,19.203084
1785875560,deepseek-v2:lite,32.0,10946,1100000,407.83,19.44,.049038,32.198843
1785875593,deepseek-v2:lite,32.0,10948,1830066,413.64,19.73,.048350,25.281743
1785875618,deepseek-v2:lite,32.0,10963,800068,404.77,19.52,.049410,21.662093
1785875640,deepseek-v2:lite,32.0,10954,1199471,430.32,19.89,.046476,17.998125
1785875659,deepseek-v2:lite,32.0,10958,801181,374.87,20.15,.053350,18.957506
1785875678,deepseek-v2:lite,32.0,10962,800000,401.77,19.26,.049779,29.794760
1785875708,deepseek-v2:lite,32.0,10959,1156386,371.33,19.26,.053859,28.699356
1785875737,deepseek-v2:lite,32.0,10941,800000,414.48,19.16,.048253,32.619750
1785875770,deepseek-v2:lite,32.0,10947,797500,400.40,19.36,.049949,26.952470
1785875798,deepseek-v2:lite,33.0,10943,800000,402.82,19.80,.049649,15.599230
1785875814,deepseek-v2:lite,32.0,10952,801678,410.08,19.24,.048770,27.746835
1785875842,deepseek-v2:lite,32.0,10958,800487,386.90,19.50,.051692,19.640546
1785875862,deepseek-v2:lite,32.0,10962,1500000,513.38,19.40,.038956,26.019355
1785875888,deepseek-v2:lite,32.0,10951,799849,473.38,19.71,.042248,17.295858
1785875906,deepseek-v2:lite,32.0,10958,1705931,393.04,20.13,.050885,18.573956
1785875925,deepseek-v2:lite,32.0,10953,802108,414.18,20.49,.048287,11.512248
1785875937,deepseek-v2:lite,33.0,10960,963474,438.78,19.55,.045580,26.953629
1785875964,deepseek-v2:lite,32.0,10961,800000,468.69,19.30,.042671,27.189018
1785875992,deepseek-v2:lite,32.0,10956,801678,432.45,19.91,.046247,19.080209
1785876011,deepseek-v2:lite,32.0,10960,1494321,385.54,19.99,.051873,17.703789
1785876029,deepseek-v2:lite,32.0,10966,776943,506.66,19.89,.039473,19.550182
1785876049,deepseek-v2:lite,32.0,10954,800000,380.00,19.26,.052630,27.875887
1785876077,deepseek-v2:lite,32.0,10967,765078,378.21,19.98,.052879,14.457934
1785876092,deepseek-v2:lite,32.0,10962,1000000,426.70,19.48,.046870,24.225017
1785876117,deepseek-v2:lite,32.0,10963,869765,401.22,19.38,.049847,27.180805
1785876144,deepseek-v2:lite,32.0,10962,925818,379.39,19.83,.052716,16.885706
1785876162,deepseek-v2:lite,32.0,10960,1108384,450.06,20.16,.044437,16.416279
1785876178,deepseek-v2:lite,32.0,10958,800000,386.87,19.81,.051696,18.669618
1785876197,deepseek-v2:lite,32.0,10949,2012338,404.03,19.31,.049500,25.471608
1785876223,deepseek-v2:lite,32.0,10962,936388,393.07,20.29,.050881,16.459865
1785876240,deepseek-v2:lite,32.0,10955,2100000,415.02,19.53,.048189,24.872367
1785876265,deepseek-v2:lite,32.0,10946,634323,374.71,19.62,.053374,19.875626
1785876285,deepseek-v2:lite,32.0,10955,799300,390.30,19.17,.051242,29.927509
1785876316,deepseek-v2:lite,32.0,10954,801267,398.57,19.82,.050179,25.880330
1785876342,deepseek-v2:lite,32.0,10952,1096656,380.05,19.92,.052624,18.218289
1785876361,deepseek-v2:lite,32.0,10952,795209,406.53,19.87,.049196,18.918712
1785876380,deepseek-v2:lite,32.0,10958,1498938,374.14,19.73,.053455,24.318167
1785876405,deepseek-v2:lite,32.0,10951,800000,416.75,19.79,.047989,19.197645
1785876424,deepseek-v2:lite,32.0,10958,1900850,437.53,19.50,.045710,26.040100
1785876451,deepseek-v2:lite,32.0,10955,800000,417.53,19.40,.047900,26.229423
1785876477,deepseek-v2:lite,32.0,10954,965296,420.93,20.00,.047513,16.544418
1785876494,deepseek-v2:lite,32.0,10967,1989082,413.92,19.75,.048317,18.021331
1785876512,deepseek-v2:lite,32.0,10957,800000,375.72,19.72,.053230,20.740175
1785876534,deepseek-v2:lite,29.0,10958,1870833,362.29,19.48,.055203,22.627739
1785876557,deepseek-v2:lite,32.0,10966,927696,375.83,19.83,.053214,22.228849
1785876579,deepseek-v2:lite,33.0,10969,800000,378.93,19.48,.052780,27.716208
1785876607,deepseek-v2:lite,33.0,10956,800000,419.43,19.88,.047683,17.098694
1785876625,deepseek-v2:lite,32.0,10959,801097,389.42,19.30,.051358,30.411656
1785876656,deepseek-v2:lite,34.0,10952,1000000,385.93,19.75,.051821,21.919460
1785876678,deepseek-v2:lite,32.0,10961,846861,398.12,19.33,.050235,26.945180
1785876705,deepseek-v2:lite,32.0,10960,800000,396.56,19.82,.050433,19.320174
1785876725,deepseek-v2:lite,32.0,10965,799742,367.85,19.47,.054368,26.858368
1785876752,deepseek-v2:lite,32.0,10951,1384158,378.52,19.86,.052836,18.224074
1785876771,deepseek-v2:lite,32.0,10950,799577,404.29,19.58,.049469,26.041021
1785876797,deepseek-v2:lite,33.0,10961,800000,397.98,20.41,.050253,15.334204
1785876813,deepseek-v2:lite,33.0,10947,801103,417.94,19.55,.047853,28.174907
1785876841,deepseek-v2:lite,33.0,10941,800000,393.87,19.94,.050776,17.852297
1785876860,deepseek-v2:lite,32.0,10953,800000,375.43,20.07,.053271,14.498498
1785876874,deepseek-v2:lite,32.0,10954,800000,400.03,19.63,.049995,23.889485
1785876899,deepseek-v2:lite,33.0,10952,2091258,409.23,19.56,.048871,21.518609
1785876921,deepseek-v2:lite,33.0,10954,1098645,491.95,19.55,.040654,23.057771
1785876944,deepseek-v2:lite,32.0,10953,1102115,382.90,19.66,.052232,21.000581
1785876965,deepseek-v2:lite,29.0,10956,801311,385.86,19.19,.051831,29.955447
1785876996,deepseek-v2:lite,32.0,10955,800000,380.79,19.41,.052521,26.374222
1785877022,deepseek-v2:lite,30.0,10961,800000,424.27,19.63,.047139,21.894250
1785877045,deepseek-v2:lite,33.0,10956,800000,432.53,19.73,.046238,22.096607
1785877067,deepseek-v2:lite,32.0,10955,800000,428.46,19.22,.046678,27.209959
1785877095,deepseek-v2:lite,32.0,10966,800000,394.24,19.55,.050730,22.855349
1785877118,deepseek-v2:lite,32.0,10957,934577,399.46,20.14,.050066,13.052361
1785877131,deepseek-v2:lite,32.0,10962,800947,383.12,19.67,.052202,19.772250
1785877152,deepseek-v2:lite,32.0,10956,847370,402.24,19.78,.049720,16.834841
1785877169,deepseek-v2:lite,32.0,10961,797530,371.68,19.75,.053809,18.376929
1785877187,deepseek-v2:lite,32.0,10956,800000,456.76,19.52,.043786,24.331574
1785877212,deepseek-v2:lite,32.0,10949,797056,420.70,19.81,.047538,17.263772
1785877230,deepseek-v2:lite,32.0,10990,800000,376.23,19.46,.053157,23.064261
1785877253,deepseek-v2:lite,32.0,10984,1880882,400.01,19.71,.049998,16.892952
1785877270,deepseek-v2:lite,32.0,10985,800000,379.78,19.99,.052661,15.350732
1785877286,deepseek-v2:lite,32.0,10984,1497270,418.73,20.00,.047762,18.747453
1785877305,deepseek-v2:lite,32.0,10995,802118,414.72,19.88,.048224,19.560706
1785877325,deepseek-v2:lite,32.0,10992,800000,414.56,19.64,.048243,25.245005
1785877351,deepseek-v2:lite,32.0,10960,800000,467.96,19.35,.042738,24.905870
1785877376,deepseek-v2:lite,32.0,10968,800000,410.86,19.65,.048677,22.187536
1785877399,deepseek-v2:lite,33.0,10961,1960830,411.20,19.83,.048638,20.721480
1785877420,deepseek-v2:lite,29.0,10963,1043644,383.98,19.15,.052084,35.130648
1785877455,deepseek-v2:lite,33.0,10960,626718,423.66,19.57,.047207,23.755657
1785877479,deepseek-v2:lite,32.0,10962,802678,412.36,19.86,.048500,21.640740
1785877501,deepseek-v2:lite,32.0,10957,800000,415.04,19.55,.048187,27.413989
1785877529,deepseek-v2:lite,32.0,10952,1038172,384.34,19.33,.052036,27.096633
1785877557,deepseek-v2:lite,33.0,10948,800000,374.93,19.14,.053342,28.934568
1785877586,deepseek-v2:lite,32.0,10957,1500000,416.86,19.66,.047977,18.966485
1785877605,deepseek-v2:lite,32.0,10951,798452,522.82,19.92,.038253,18.565393
1785877624,deepseek-v2:lite,33.0,10964,800804,361.40,19.20,.055340,24.583257
1785877649,deepseek-v2:lite,33.0,10958,800000,426.31,19.62,.046914,18.344256
1785877668,deepseek-v2:lite,32.0,10960,1728196,392.92,20.12,.050900,14.261599
1785877683,deepseek-v2:lite,32.0,10952,798154,376.89,19.41,.053065,26.111919
1785877709,deepseek-v2:lite,32.0,10943,799603,398.16,19.92,.050230,26.596677
1785877736,deepseek-v2:lite,33.0,10954,799991,363.76,20.02,.054980,19.030779
1785877756,deepseek-v2:lite,33.0,10957,1167166,408.85,19.61,.048917,25.649197
1785877782,deepseek-v2:lite,32.0,10966,2102325,384.66,20.03,.051993,17.665676
1785877800,deepseek-v2:lite,32.0,10966,800756,374.34,19.42,.053426,26.054307
1785877826,deepseek-v2:lite,32.0,10955,1221734,412.85,19.54,.048443,21.031130
1785877847,deepseek-v2:lite,32.0,10955,1484513,353.78,19.44,.056530,23.660663
1785877871,deepseek-v2:lite,32.0,10961,800872,416.81,19.38,.047982,23.579770
1785877895,deepseek-v2:lite,32.0,10962,800000,422.17,19.59,.047373,23.326342
1785877919,deepseek-v2:lite,32.0,10953,800000,490.81,19.02,.040748,33.117966
1785877953,deepseek-v2:lite,31.0,10965,802379,373.00,19.62,.053617,22.984288
1785877976,deepseek-v2:lite,30.0,10953,800200,380.05,19.55,.052624,25.825117
1785878002,deepseek-v2:lite,32.0,10964,800000,401.24,19.73,.049844,19.511586
1785878022,deepseek-v2:lite,32.0,10952,1001333,350.43,19.33,.057071,36.775612
1785878059,deepseek-v2:lite,32.0,10949,800684,368.84,19.47,.054223,24.493031
1785878084,deepseek-v2:lite,32.0,10964,800000,366.26,19.85,.054605,19.741683
1785878104,deepseek-v2:lite,32.0,10950,2100000,378.59,19.58,.052827,20.014614
1785878125,deepseek-v2:lite,32.0,10950,802295,401.14,18.76,.049856,34.205505
1785878159,deepseek-v2:lite,32.0,10959,2100000,386.34,19.89,.051767,21.664666
1785878181,deepseek-v2:lite,32.0,10954,800000,366.41,19.44,.054582,22.322126
1785878204,deepseek-v2:lite,32.0,10964,800000,373.59,19.98,.053534,13.807923
1785878218,deepseek-v2:lite,32.0,10970,799617,458.19,19.65,.043649,17.041761
1785878236,deepseek-v2:lite,30.0,10963,1399098,394.93,20.21,.050641,14.985690
1785878251,deepseek-v2:lite,32.0,10965,800285,382.90,19.24,.052232,29.408758
1785878281,deepseek-v2:lite,32.0,10963,796981,412.83,19.52,.048445,22.788357
1785878304,deepseek-v2:lite,32.0,10952,800000,384.19,19.53,.052056,21.145670
1785878325,deepseek-v2:lite,32.0,10961,799368,373.18,19.64,.053592,20.565091
1785878346,deepseek-v2:lite,32.0,10954,1169169,394.52,19.50,.050694,21.792402
1785878369,deepseek-v2:lite,31.0,10952,799662,436.21,19.59,.045848,19.493209
1785878388,deepseek-v2:lite,32.0,10961,800000,385.21,19.46,.051918,24.253056
1785878413,deepseek-v2:lite,33.0,10961,1582861,424.64,19.47,.047098,18.177883
1785878432,deepseek-v2:lite,32.0,10951,1000500,490.94,20.62,.040738,8.001255
1785878440,deepseek-v2:lite,32.0,10949,1000000,379.14,19.23,.052749,28.699377
1785878469,deepseek-v2:lite,32.0,10961,800000,365.93,18.99,.054655,34.842669
1785878504,deepseek-v2:lite,32.0,10961,799120,385.07,20.40,.051938,14.554579
1785878519,deepseek-v2:lite,33.0,10955,800000,369.37,19.53,.054145,20.578314
1785878540,deepseek-v2:lite,33.0,10962,955149,386.17,19.74,.051790,25.070238
1785878566,deepseek-v2:lite,33.0,10956,980820,412.34,20.21,.048502,18.448382
1785878584,deepseek-v2:lite,33.0,10956,800000,360.94,19.63,.055409,25.216099
1785878610,deepseek-v2:lite,33.0,10950,798930,385.09,19.30,.051935,25.386811
1785878636,deepseek-v2:lite,32.0,10952,1808510,367.25,20.10,.054457,18.605042
1785878655,deepseek-v2:lite,29.0,10955,799911,352.20,19.83,.056784,20.622836
1785878676,deepseek-v2:lite,32.0,10960,800000,355.48,19.53,.056260,23.445332
1785878699,deepseek-v2:lite,29.0,10953,1315002,441.77,20.55,.045271,12.892664
1785878713,deepseek-v2:lite,32.0,10933,1200606,388.58,20.09,.051468,20.801200
1785878734,deepseek-v2:lite,32.0,10942,1522376,373.63,19.62,.053528,18.291104
1785878753,deepseek-v2:lite,29.0,10941,797074,387.14,19.63,.051660,23.835851
1785878777,deepseek-v2:lite,33.0,10945,1403990,377.56,19.19,.052971,30.690291
1785878808,deepseek-v2:lite,33.0,10953,800000,364.28,19.56,.054902,19.167434
1785878827,deepseek-v2:lite,32.0,10949,1201932,372.91,19.26,.053630,30.364582
1785878858,deepseek-v2:lite,32.0,10945,1052445,414.16,19.70,.048290,19.999010
1785878879,deepseek-v2:lite,32.0,10952,799948,370.07,19.68,.054042,21.333874
1785878900,deepseek-v2:lite,30.0,10948,800000,423.84,19.31,.047186,26.868475
1785878927,deepseek-v2:lite,32.0,10944,799053,403.33,19.75,.049586,25.557541
1785878953,deepseek-v2:lite,32.0,10952,800000,405.26,20.24,.049350,16.698299
1785878970,deepseek-v2:lite,33.0,10953,896127,511.19,19.26,.039123,26.163644
1785878997,deepseek-v2:lite,32.0,10949,800000,380.76,19.39,.052526,32.432910
1785879030,deepseek-v2:lite,32.0,10941,799981,372.17,19.79,.053738,23.794454
1785879054,deepseek-v2:lite,32.0,10941,797677,396.19,19.34,.050480,23.777425
1785879078,deepseek-v2:lite,32.0,10943,800000,392.90,19.58,.050902,19.757574
1785879098,deepseek-v2:lite,32.0,10939,800130,411.82,19.93,.048564,15.247443
1785879114,deepseek-v2:lite,31.0,10943,962825,370.15,19.27,.054031,28.165955
1785879143,deepseek-v2:lite,32.0,10949,800513,382.67,19.39,.052263,25.878763
1785879169,deepseek-v2:lite,32.0,10937,1380982,410.45,19.69,.048726,24.977630
1785879194,deepseek-v2:lite,32.0,10951,800000,398.02,20.00,.050248,14.799918
1785879209,deepseek-v2:lite,32.0,10944,1311635,406.82,19.57,.049161,24.267303
1785879234,deepseek-v2:lite,32.0,10946,798941,377.16,19.46,.053026,25.896728
1785879260,deepseek-v2:lite,33.0,10943,800000,417.48,19.66,.047905,16.933929
1785879278,deepseek-v2:lite,29.0,10955,974173,384.27,19.34,.052045,28.788922
1785879307,deepseek-v2:lite,32.0,10964,1188314,382.01,19.69,.052353,24.628741
1785879332,deepseek-v2:lite,32.0,10955,1063120,378.40,20.01,.052853,16.689077
1785879349,deepseek-v2:lite,28.0,10947,800000,374.98,19.86,.053335,19.183831
1785879368,deepseek-v2:lite,32.0,10957,800000,429.53,19.69,.046561,23.302863
1785879392,deepseek-v2:lite,29.0,10969,1198548,379.79,19.27,.052660,23.447431
1785879416,deepseek-v2:lite,33.0,10970,800693,385.81,20.31,.051837,21.949831
1785879438,deepseek-v2:lite,33.0,10965,799197,386.24,20.17,.051781,17.892930
1785879456,deepseek-v2:lite,32.0,10965,2092783,468.28,19.15,.042708,34.397536
1785879491,deepseek-v2:lite,33.0,10951,800000,399.04,19.40,.050119,30.771994
1785879522,deepseek-v2:lite,32.0,10953,800000,383.67,19.30,.052127,23.261486
1785879546,deepseek-v2:lite,29.0,10951,1852506,377.91,20.05,.052921,23.189859
1785879570,deepseek-v2:lite,30.0,10944,798393,386.06,19.54,.051805,25.739917
1785879596,deepseek-v2:lite,32.0,10949,973958,405.91,19.57,.049271,18.545989
1785879615,deepseek-v2:lite,32.0,10951,800000,385.61,19.74,.051864,17.623778
1785879633,deepseek-v2:lite,32.0,10954,800000,407.97,19.72,.049022,20.175310
1785879653,deepseek-v2:lite,32.0,10952,800000,349.51,19.40,.057221,23.395400
1785879677,deepseek-v2:lite,29.0,10951,799619,407.65,19.60,.049061,22.090511
1785879700,deepseek-v2:lite,32.0,10956,797687,406.92,20.49,.049149,5.952946
1785879706,deepseek-v2:lite,32.0,10954,1386305,418.69,19.52,.047766,23.657679
1785879730,deepseek-v2:lite,33.0,10937,799650,414.89,19.86,.048204,16.611432
1785879747,deepseek-v2:lite,32.0,10939,1186651,381.80,19.51,.052382,22.491502
1785879770,deepseek-v2:lite,32.0,10952,1008448,368.61,19.71,.054256,14.860441
1785879785,deepseek-v2:lite,32.0,10951,690589,383.03,19.56,.052214,26.581265
1785879812,deepseek-v2:lite,33.0,10954,799991,382.51,19.74,.052284,22.431923
1785879835,deepseek-v2:lite,32.0,10948,800000,360.53,20.16,.055473,24.398520
1785879859,deepseek-v2:lite,33.0,10959,1200000,362.75,20.19,.055133,16.190609
1785879876,deepseek-v2:lite,32.0,10962,800000,412.34,19.82,.048503,21.592652
1785879898,deepseek-v2:lite,32.0,10961,794428,398.28,19.58,.050215,24.559075
1785879923,deepseek-v2:lite,32.0,10961,1818925,362.15,19.57,.055224,23.042689
1785879946,deepseek-v2:lite,32.0,10949,1077764,399.29,19.65,.050087,18.214422
1785879965,deepseek-v2:lite,32.0,10953,800000,398.87,19.81,.050141,21.796294
1785879987,deepseek-v2:lite,29.0,10950,800000,418.26,19.28,.047816,31.531417
1785880019,deepseek-v2:lite,32.0,10963,800759,423.04,19.72,.047276,24.793360
1785880044,deepseek-v2:lite,33.0,10955,800000,423.43,19.67,.047232,16.979442
1785880062,deepseek-v2:lite,31.0,10948,800000,377.45,19.59,.052987,23.480733
1785880085,deepseek-v2:lite,30.0,10952,815870,377.35,19.21,.053000,33.156616
1785880119,deepseek-v2:lite,33.0,10947,1027479,377.17,19.88,.053025,18.761579
1785880138,deepseek-v2:lite,32.0,10947,999404,378.46,19.75,.052845,19.945621
1785880158,deepseek-v2:lite,32.0,10964,1078102,375.06,20.50,.053324,11.509682
1785880170,deepseek-v2:lite,32.0,10957,800000,410.58,19.34,.048711,29.047561
1785880200,deepseek-v2:lite,33.0,10964,799286,414.34,19.39,.048268,24.184618
1785880224,deepseek-v2:lite,32.0,10957,802488,380.87,19.46,.052510,29.028186
1785880254,deepseek-v2:lite,33.0,10933,1900000,373.46,20.33,.053552,19.033066
1785880273,deepseek-v2:lite,32.0,10946,1763769,369.27,20.02,.054159,20.520057
1785880294,deepseek-v2:lite,32.0,10946,800000,362.44,19.80,.055180,19.948563
1785880314,deepseek-v2:lite,32.0,10936,1934166,363.93,19.17,.054954,32.178641
1785880347,deepseek-v2:lite,32.0,10940,800384,457.57,19.65,.043708,20.855316
1785880368,deepseek-v2:lite,32.0,10951,799601,414.18,19.40,.048287,26.900438
1785880395,deepseek-v2:lite,32.0,10958,1462553,401.27,19.14,.049841,35.152160
1785880431,deepseek-v2:lite,32.0,10944,800000,401.95,19.67,.049757,19.058033
1785880450,deepseek-v2:lite,32.0,10953,800000,390.52,19.66,.051213,21.210005
1785880472,deepseek-v2:lite,32.0,10949,799936,366.30,19.60,.054599,23.814890
1785880496,deepseek-v2:lite,32.0,10955,800000,483.04,19.82,.041403,20.230721
1785880517,deepseek-v2:lite,32.0,10946,802584,365.22,20.11,.054760,17.744803
1785880535,deepseek-v2:lite,33.0,10961,1868673,377.70,19.52,.052950,23.557866
1785880559,deepseek-v2:lite,32.0,10954,830972,477.20,19.55,.041910,25.001911
1785880584,deepseek-v2:lite,32.0,10956,800000,342.67,20.03,.058364,15.069952
1785880600,deepseek-v2:lite,30.0,10949,1003863,385.59,19.54,.051867,22.517384
1785880623,deepseek-v2:lite,33.0,10953,798936,375.46,19.19,.053267,27.501809
1785880651,deepseek-v2:lite,29.0,10966,800000,380.82,19.45,.052517,25.291739
1785880676,deepseek-v2:lite,33.0,10966,800000,394.07,19.45,.050752,22.311917
1785880699,deepseek-v2:lite,32.0,10963,801438,395.04,19.79,.050627,18.435186
1785880718,deepseek-v2:lite,32.0,10947,800000,409.76,19.51,.048808,26.598965
1785880745,deepseek-v2:lite,29.0,10947,800000,411.29,19.23,.048626,30.515319
1785880776,deepseek-v2:lite,32.0,10958,1200501,380.43,19.85,.052571,15.963229
1785880792,deepseek-v2:lite,32.0,10949,1100000,390.09,19.72,.051269,19.265789
1785880812,deepseek-v2:lite,32.0,10949,800000,351.19,19.36,.056948,20.966308
1785880833,deepseek-v2:lite,32.0,10954,800000,397.34,19.68,.050333,19.914875
1785880853,deepseek-v2:lite,32.0,10948,800000,468.83,19.56,.042659,17.119834
1785880871,deepseek-v2:lite,32.0,10947,800203,400.49,19.19,.049938,29.540054
1785880901,deepseek-v2:lite,32.0,10943,801381,400.95,19.25,.049880,25.189457
1785880926,deepseek-v2:lite,32.0,10951,1091477,387.36,19.39,.051630,24.026834
1785880951,deepseek-v2:lite,32.0,10953,798481,386.01,19.31,.051811,26.093603
1785880977,deepseek-v2:lite,32.0,10956,1097435,397.86,19.06,.050268,31.792949
1785881009,deepseek-v2:lite,29.0,10955,800000,375.67,19.17,.053237,36.031606
1785881046,deepseek-v2:lite,32.0,10955,800758,427.64,19.84,.046767,24.032089
1785881070,deepseek-v2:lite,32.0,10959,800970,375.76,20.00,.053224,20.291669
1785881091,deepseek-v2:lite,32.0,10955,798726,379.77,19.37,.052662,27.618008
1785881119,deepseek-v2:lite,32.0,10954,1099527,379.26,19.70,.052734,21.370110
1785881141,deepseek-v2:lite,32.0,10950,827215,396.68,19.45,.050418,26.472405
1785881168,deepseek-v2:lite,32.0,10944,1185245,396.04,19.65,.050499,20.507482
1785881188,deepseek-v2:lite,32.0,10942,1559076,384.70,19.57,.051987,22.529925
1785881211,deepseek-v2:lite,32.0,10948,803123,406.84,19.55,.049159,20.453634
1785881232,deepseek-v2:lite,32.0,10950,1047235,375.86,19.85,.053210,17.278403
1785881250,deepseek-v2:lite,32.0,10963,799001,375.23,20.03,.053300,20.063777
1785881270,deepseek-v2:lite,32.0,10972,853148,385.13,19.80,.051929,21.862373
1785881292,deepseek-v2:lite,31.0,10965,800000,488.59,19.66,.040933,27.412938
1785881320,deepseek-v2:lite,32.0,10961,800000,491.45,19.51,.040695,24.597193
1785881345,deepseek-v2:lite,32.0,10962,1000611,414.76,19.96,.048220,18.735305
