timestamp,model,cpu_temp,ram_used_mb,scaling_cur_freq,prefill_tps,decode_tps,prefill_dur_s,decode_dur_s
1786548730,llama3.1:8b,33.0,1114,800000,20.35,10.75,1.129990,54.287603
1786548813,llama3.1:8b,37.0,6533,1983905,251.25,10.79,.091539,46.498978
1786548860,llama3.1:8b,37.0,6527,800000,251.19,10.64,.091562,62.016519
1786548922,llama3.1:8b,38.0,6546,1595515,250.84,10.73,.091688,65.014785
1786548988,llama3.1:8b,37.0,6552,802177,256.89,10.77,.089531,61.881786
1786549050,llama3.1:8b,37.0,6548,800000,262.26,10.66,.087699,54.951516
1786549106,llama3.1:8b,37.0,6543,800000,247.82,10.99,.092806,42.215601
1786549148,llama3.1:8b,37.0,6541,2002891,265.71,10.70,.086557,51.729708
1786549201,llama3.1:8b,37.0,6553,680683,257.22,10.75,.089414,49.376473
1786549250,llama3.1:8b,37.0,6547,1600000,257.16,10.72,.089436,52.020234
1786549303,llama3.1:8b,35.0,6555,800000,258.98,10.66,.088807,56.097393
1786549359,llama3.1:8b,37.0,6557,800000,245.45,10.76,.093702,61.008942
1786549421,llama3.1:8b,37.0,6559,799049,251.59,10.67,.091418,55.468786
1786549477,llama3.1:8b,37.0,6543,1000000,268.34,10.76,.085711,63.096937
1786549541,llama3.1:8b,37.0,6554,801149,251.94,11.04,.091289,46.625075
1786549588,llama3.1:8b,37.0,6564,800000,251.22,10.70,.091550,59.961729
1786549648,llama3.1:8b,37.0,6557,844040,249.70,10.69,.092110,59.950474
1786549709,llama3.1:8b,37.0,6557,2260094,271.34,10.90,.084762,55.467690
1786549765,llama3.1:8b,37.0,6557,800000,259.07,10.72,.088778,60.890044
1786549826,llama3.1:8b,38.0,6559,798811,253.10,10.64,.090873,62.453342
1786549889,llama3.1:8b,38.0,6561,1514558,247.75,10.62,.092832,60.143516
1786549950,llama3.1:8b,38.0,6554,797894,263.06,10.62,.087429,61.065796
1786550011,llama3.1:8b,38.0,6558,798711,248.15,10.74,.092682,49.245968
1786550061,llama3.1:8b,38.0,6563,800000,253.82,10.72,.090613,60.489146
1786550122,llama3.1:8b,37.0,6566,800000,257.00,10.71,.089491,56.913458
1786550179,llama3.1:8b,37.0,6554,800000,249.89,10.66,.092037,60.559721
1786550240,llama3.1:8b,37.0,6555,1080840,262.80,10.70,.087516,52.962745
1786550294,llama3.1:8b,38.0,6560,802253,261.01,10.54,.088116,70.752309
1786550365,llama3.1:8b,38.0,6564,1570786,255.58,10.59,.089989,66.360719
1786550432,llama3.1:8b,35.0,6552,798790,246.66,10.54,.093244,69.579421
1786550502,llama3.1:8b,37.0,6560,798699,267.80,10.78,.085884,53.518008
1786550556,llama3.1:8b,37.0,6564,797586,265.75,10.75,.086546,49.177270
1786550606,llama3.1:8b,37.0,6562,800491,268.62,10.68,.085621,57.074813
1786550663,llama3.1:8b,38.0,6574,800000,260.37,10.71,.088333,55.328214
1786550719,llama3.1:8b,37.0,6566,800000,233.94,10.80,.098313,54.335998
1786550774,llama3.1:8b,34.0,6560,800000,252.96,10.65,.090920,61.575287
1786550836,llama3.1:8b,37.0,6559,908955,260.39,10.61,.088328,67.762729
1786550904,llama3.1:8b,37.0,6563,797448,254.69,10.79,.090304,58.942188
1786550964,llama3.1:8b,38.0,6574,800000,266.58,10.65,.086275,60.080829
1786551024,llama3.1:8b,38.0,6561,800752,262.20,10.59,.087717,71.655650
1786551097,llama3.1:8b,38.0,6558,1492443,273.53,10.61,.084084,62.858264
1786551160,llama3.1:8b,37.0,6563,1328556,262.26,10.80,.087699,50.739027
1786551211,llama3.1:8b,37.0,6559,616923,254.33,11.04,.090431,52.953479
1786551265,llama3.1:8b,38.0,6565,798989,270.41,10.87,.085054,52.510652
1786551318,llama3.1:8b,37.0,6566,1371740,260.87,10.79,.088165,52.232516
1786551370,llama3.1:8b,37.0,6572,800000,261.61,10.82,.087915,59.397880
1786551430,llama3.1:8b,37.0,6570,1866544,265.54,10.70,.086615,62.319639
1786551493,llama3.1:8b,37.0,6571,2607878,245.02,10.63,.093867,65.980528
1786551560,llama3.1:8b,37.0,6563,1488925,264.25,10.64,.087038,63.133511
1786551623,llama3.1:8b,37.0,6566,970497,260.24,10.65,.088377,68.342358
1786551692,llama3.1:8b,38.0,6568,798904,253.86,10.86,.090598,55.110075
1786551748,llama3.1:8b,35.0,6575,1800000,272.08,10.71,.084532,53.662674
1786551802,llama3.1:8b,38.0,6576,799968,264.59,10.67,.086925,50.662880
1786551853,llama3.1:8b,37.0,6568,798513,256.15,10.49,.089788,75.658335
1786551929,llama3.1:8b,37.0,6562,800000,251.80,10.64,.091342,59.021192
1786551989,llama3.1:8b,37.0,6568,800000,259.00,10.67,.088803,54.417136
1786552044,llama3.1:8b,37.0,6562,1576810,249.85,10.79,.092053,58.937926
1786552103,llama3.1:8b,38.0,6570,833985,256.34,10.80,.089722,52.183440
1786552156,llama3.1:8b,37.0,6572,1506545,263.52,10.72,.087279,50.536824
1786552207,llama3.1:8b,37.0,6568,800522,260.78,10.72,.088193,57.625163
1786552265,llama3.1:8b,38.0,6571,901211,264.86,10.87,.086836,53.040981
1786552318,llama3.1:8b,38.0,6569,799959,256.52,10.73,.089660,55.338935
1786552374,llama3.1:8b,38.0,6568,800000,244.96,10.68,.093889,51.681431
1786552426,llama3.1:8b,38.0,6575,1328769,247.13,10.57,.093068,67.423027
1786552494,llama3.1:8b,37.0,6572,648273,263.40,10.67,.087318,55.439928
1786552550,llama3.1:8b,38.0,6585,1404612,249.85,10.77,.092054,54.408814
1786552605,llama3.1:8b,37.0,6575,1512500,256.99,10.79,.089496,55.139634
1786552661,llama3.1:8b,37.0,6575,800000,241.19,10.69,.095360,62.655094
1786552724,llama3.1:8b,37.0,6576,800000,250.55,10.53,.091796,75.153267
1786552800,llama3.1:8b,37.0,6572,798580,252.41,10.56,.091118,66.701981
1786552867,llama3.1:8b,35.0,6561,800000,253.58,10.63,.090700,60.846832
1786552928,llama3.1:8b,38.0,6564,1085160,251.86,10.75,.091319,52.249996
1786552981,llama3.1:8b,37.0,6557,800000,255.55,10.68,.089998,59.913861
1786553042,llama3.1:8b,35.0,6563,800745,259.66,10.69,.088576,62.946445
1786553105,llama3.1:8b,37.0,6567,799110,253.27,10.70,.090810,53.054439
1786553159,llama3.1:8b,37.0,6560,797534,263.96,10.76,.087132,49.599641
1786553209,llama3.1:8b,38.0,6567,706595,256.81,10.53,.089558,74.165771
1786553283,llama3.1:8b,34.0,6577,800067,259.17,10.62,.088742,64.491067
1786553348,llama3.1:8b,38.0,6577,800000,264.57,10.61,.086933,61.418577
1786553410,llama3.1:8b,37.0,6562,854674,264.06,10.55,.087099,66.788378
1786553478,llama3.1:8b,37.0,6570,800407,258.37,10.64,.089017,59.647081
1786553538,llama3.1:8b,37.0,6569,1416017,247.89,10.57,.092780,67.717508
1786553606,llama3.1:8b,37.0,6571,799475,263.13,10.64,.087406,59.110395
1786553666,llama3.1:8b,35.0,6574,1730699,256.38,10.72,.089709,52.315646
1786553718,llama3.1:8b,38.0,6576,800000,243.61,10.64,.094413,60.618858
1786553780,llama3.1:8b,38.0,6572,874166,249.59,10.59,.092150,63.037104
1786553843,llama3.1:8b,37.0,6564,800000,254.48,10.69,.090379,47.602156
1786553891,llama3.1:8b,38.0,6574,800000,264.92,10.56,.086816,63.881304
1786553956,llama3.1:8b,37.0,6574,1302162,259.31,10.65,.088696,59.572778
1786554016,llama3.1:8b,37.0,6571,800000,259.35,10.72,.088681,46.701537
1786554063,llama3.1:8b,37.0,6597,1002392,263.93,10.49,.087142,74.954594
1786554138,llama3.1:8b,38.0,6595,800000,269.77,10.61,.085254,67.364205
1786554206,llama3.1:8b,38.0,6576,800000,254.88,10.65,.090236,62.138392
1786554269,llama3.1:8b,38.0,6575,800890,248.84,10.94,.092425,50.796184
1786554320,llama3.1:8b,35.0,6580,1413975,240.04,10.74,.095815,66.622313
1786554387,llama3.1:8b,37.0,6573,1100000,237.46,10.81,.096856,58.999582
1786554447,llama3.1:8b,38.0,6578,800134,261.83,10.69,.087841,57.770775
1786554505,llama3.1:8b,37.0,6578,1401277,264.76,10.69,.086869,68.447943
1786554574,llama3.1:8b,37.0,6575,2600000,232.98,10.74,.098719,51.446106
1786554626,llama3.1:8b,36.0,6571,797492,260.24,10.67,.088377,60.304593
1786554687,llama3.1:8b,35.0,6575,1364961,263.32,10.79,.087344,50.596526
1786554738,llama3.1:8b,37.0,6587,800000,262.46,10.88,.087629,50.242213
1786554789,llama3.1:8b,37.0,6578,1461298,249.82,10.64,.092065,59.829799
1786554849,llama3.1:8b,37.0,6584,921541,258.38,10.77,.089015,49.169364
1786554899,llama3.1:8b,38.0,6580,800000,252.03,10.79,.091256,61.436660
1786554961,llama3.1:8b,38.0,6584,1001353,253.39,10.56,.090768,68.898022
1786555030,llama3.1:8b,37.0,6574,800000,271.50,10.65,.084713,59.670263
1786555090,llama3.1:8b,36.0,6574,800000,265.44,10.71,.086647,59.426242
1786555150,llama3.1:8b,38.0,6584,800000,246.69,10.60,.093230,60.982543
1786555212,llama3.1:8b,37.0,6584,1061793,263.35,10.74,.087333,57.431045
1786555270,llama3.1:8b,37.0,6573,801223,252.72,10.70,.091006,58.641147
1786555329,llama3.1:8b,38.0,6575,2233862,263.81,10.65,.087181,59.945236
1786555389,llama3.1:8b,37.0,6565,1000000,262.40,10.60,.087649,61.464184
1786555451,llama3.1:8b,37.0,6565,800000,251.10,10.61,.091593,60.680929
1786555512,llama3.1:8b,38.0,6575,800000,249.46,10.78,.092196,65.253441
1786555578,llama3.1:8b,38.0,6569,2600000,252.25,10.73,.091177,59.694103
1786555638,llama3.1:8b,37.0,6574,800000,256.71,10.80,.089593,48.232477
1786555687,llama3.1:8b,38.0,6562,825848,243.02,10.64,.094641,59.545006
1786555747,llama3.1:8b,37.0,6570,799659,255.93,10.83,.089865,49.766298
1786555797,llama3.1:8b,37.0,6580,1000000,252.89,10.69,.090945,55.432131
1786555853,llama3.1:8b,38.0,6572,1501578,253.72,10.81,.090647,54.353520
1786555908,llama3.1:8b,38.0,6572,1375675,250.45,10.82,.091833,52.949035
1786555961,llama3.1:8b,37.0,6575,2314157,258.19,10.69,.089080,66.960139
1786556029,llama3.1:8b,37.0,6575,1400000,251.28,10.89,.091530,49.016120
1786556078,llama3.1:8b,37.0,6579,996472,241.00,10.59,.095433,66.077256
1786556145,llama3.1:8b,37.0,6568,2094083,263.32,10.79,.087345,50.787036
1786556196,llama3.1:8b,37.0,6570,800000,252.81,10.74,.090977,55.003700
1786556252,llama3.1:8b,37.0,6581,1495901,260.77,10.65,.088200,54.718621
1786556307,llama3.1:8b,38.0,6580,1200000,266.07,10.64,.086442,55.229083
1786556363,llama3.1:8b,37.0,6574,799145,259.21,10.85,.088727,57.643282
1786556421,llama3.1:8b,37.0,6576,800000,256.84,10.84,.089547,50.616703
1786556472,llama3.1:8b,37.0,6573,1178161,261.98,10.83,.087790,53.439922
1786556526,llama3.1:8b,37.0,6575,1004201,251.81,10.67,.091335,56.877223
1786556583,llama3.1:8b,37.0,6572,1410427,243.22,10.76,.094564,47.931688
1786556632,llama3.1:8b,37.0,6568,951473,262.25,10.59,.087699,68.594027
1786556701,llama3.1:8b,37.0,6571,1800000,268.27,10.68,.085731,60.157253
1786556761,llama3.1:8b,37.0,6577,798904,249.60,10.68,.092147,61.317672
1786556823,llama3.1:8b,38.0,6581,800000,254.59,10.69,.090339,60.510526
1786556884,llama3.1:8b,37.0,6576,971858,249.73,10.74,.092098,60.516066
1786556945,llama3.1:8b,37.0,6571,800000,258.97,10.74,.088809,49.997266
1786556996,llama3.1:8b,37.0,6570,799686,256.41,10.78,.089698,56.006910
1786557052,llama3.1:8b,37.0,6574,1404956,250.25,10.62,.091906,62.016419
1786557115,llama3.1:8b,37.0,6579,1400000,260.61,10.69,.088254,58.902583
1786557174,llama3.1:8b,38.0,6578,800000,253.17,10.68,.090845,58.112713
1786557233,llama3.1:8b,34.0,6581,1400000,262.60,10.60,.087584,55.272156
1786557289,llama3.1:8b,36.0,6578,800000,253.05,10.70,.090887,48.835089
1786557338,llama3.1:8b,38.0,6580,621617,264.12,10.75,.087080,62.374176
1786557401,llama3.1:8b,37.0,6579,800000,252.57,10.65,.091062,55.199450
1786557457,llama3.1:8b,37.0,6583,800000,252.20,10.62,.091197,61.097709
1786557518,llama3.1:8b,37.0,6581,954065,265.17,10.90,.086736,46.679932
1786557565,llama3.1:8b,37.0,6580,1000692,246.84,11.03,.093175,43.116116
1786557609,llama3.1:8b,35.0,6576,800000,258.76,10.73,.088884,67.176716
1786557677,llama3.1:8b,37.0,6589,1124217,266.56,10.80,.086284,58.225332
1786557735,llama3.1:8b,37.0,6576,800000,263.88,10.62,.087160,60.023389
1786557796,llama3.1:8b,37.0,6582,800000,256.39,10.65,.089704,59.597479
1786557856,llama3.1:8b,37.0,6585,1156310,270.95,10.76,.084884,46.272262
1786557903,llama3.1:8b,37.0,6579,2245076,250.43,10.57,.091840,62.869949
1786557966,llama3.1:8b,37.0,6585,1186100,261.16,10.73,.088066,60.373343
1786558027,llama3.1:8b,37.0,6583,798938,256.21,10.65,.089769,59.958803
1786558087,llama3.1:8b,33.0,6588,800000,266.80,10.61,.086206,58.103390
1786558146,llama3.1:8b,33.0,6579,905172,241.53,10.59,.095225,65.034508
1786558212,llama3.1:8b,37.0,6571,2600000,266.73,10.71,.086227,57.231440
1786558269,llama3.1:8b,37.0,6573,1070821,254.87,10.57,.090242,65.845933
1786558336,llama3.1:8b,37.0,6583,800288,262.65,10.68,.087568,54.921363
1786558391,llama3.1:8b,38.0,6577,800000,260.39,10.78,.088328,52.959373
1786558445,llama3.1:8b,37.0,6577,802259,259.61,10.60,.088592,63.343149
1786558508,llama3.1:8b,37.0,6580,1200000,265.32,10.58,.086686,80.032852
1786558589,llama3.1:8b,37.0,6591,1097066,247.37,10.59,.092977,64.360358
1786558654,llama3.1:8b,37.0,6584,1172820,244.54,10.69,.094052,61.714887
1786558716,llama3.1:8b,37.0,6583,798910,262.70,10.81,.087549,53.702614
1786558770,llama3.1:8b,37.0,6587,800000,254.78,10.69,.090271,61.438334
1786558832,llama3.1:8b,37.0,6575,800000,252.05,10.63,.091251,65.348064
1786558898,llama3.1:8b,37.0,6585,2325421,259.98,10.77,.088465,44.344236
1786558943,llama3.1:8b,37.0,6584,2343619,260.23,10.64,.088381,52.325769
1786558996,llama3.1:8b,38.0,6588,2093057,266.15,10.59,.086415,67.215294
1786559063,llama3.1:8b,37.0,6585,1000000,252.49,10.66,.091090,63.223167
1786559127,llama3.1:8b,38.0,6587,800000,262.03,10.62,.087773,56.208563
1786559184,llama3.1:8b,38.0,6587,1420029,262.20,10.67,.087718,61.431564
1786559246,llama3.1:8b,37.0,6579,800000,245.51,10.62,.093679,66.273085
1786559313,llama3.1:8b,35.0,6566,1601128,259.15,10.68,.088748,61.839114
1786559375,llama3.1:8b,37.0,6578,800000,252.06,10.59,.091246,60.120833
1786559436,llama3.1:8b,35.0,6579,800291,265.91,10.71,.086493,51.709423
1786559488,llama3.1:8b,37.0,6576,800000,255.30,10.63,.090088,63.379109
1786559552,llama3.1:8b,37.0,6570,800347,263.87,10.50,.087163,72.933025
1786559625,llama3.1:8b,38.0,6578,1863218,255.72,10.69,.089941,57.669764
1786559683,llama3.1:8b,37.0,6579,801136,264.42,10.71,.086982,55.977488
1786559740,llama3.1:8b,37.0,6578,800000,249.28,10.73,.092263,51.253698
1786559791,llama3.1:8b,37.0,6586,1594590,259.51,10.81,.088626,56.845592
1786559849,llama3.1:8b,37.0,6588,800000,244.59,10.87,.094033,55.833350
1786559905,llama3.1:8b,37.0,6586,799145,264.83,10.67,.086847,60.524323
1786559966,llama3.1:8b,37.0,6588,1011575,253.12,10.68,.090865,62.068276
1786560029,llama3.1:8b,37.0,6583,1608648,267.39,10.65,.086013,57.254917
1786560087,llama3.1:8b,35.0,6587,1015768,260.17,10.79,.088401,49.632414
1786560137,llama3.1:8b,37.0,6587,1791669,240.09,10.73,.095794,55.344443
1786560193,llama3.1:8b,38.0,6585,1002490,257.91,10.64,.089175,56.621240
1786560250,llama3.1:8b,37.0,6580,644846,253.96,10.81,.090564,48.365129
1786560298,llama3.1:8b,38.0,6585,2596560,247.19,10.58,.093045,65.855335
1786560365,llama3.1:8b,38.0,6587,906986,246.43,10.66,.093329,51.778568
1786560417,llama3.1:8b,37.0,6582,1389236,257.21,10.77,.089418,47.156828
1786560465,llama3.1:8b,37.0,6585,1557741,257.41,10.65,.089351,53.404012
1786560519,llama3.1:8b,38.0,6582,2600000,247.16,10.60,.093055,60.699505
1786560580,llama3.1:8b,37.0,6577,998400,255.57,10.65,.089993,54.805710
1786560635,llama3.1:8b,37.0,6580,809980,245.47,10.62,.093694,62.403344
1786560698,llama3.1:8b,37.0,6579,708622,248.11,10.61,.092699,63.138862
1786560762,llama3.1:8b,37.0,6583,808007,255.87,10.62,.089889,56.771930
1786560819,llama3.1:8b,37.0,6585,800304,257.86,10.64,.089194,52.536566
1786560872,llama3.1:8b,37.0,6580,2184223,248.19,10.63,.092667,64.869024
1786560937,llama3.1:8b,37.0,6584,800000,263.73,10.83,.087208,53.636477
1786560991,llama3.1:8b,36.0,6585,800000,267.03,10.65,.086131,63.242979
1786561055,llama3.1:8b,37.0,6579,905752,260.72,10.58,.088215,69.085974
1786561125,llama3.1:8b,35.0,6588,800000,270.41,10.68,.085053,60.655177
1786561186,llama3.1:8b,37.0,6578,801045,251.27,10.64,.091534,57.492744
1786561244,llama3.1:8b,37.0,6612,1436422,256.66,10.70,.089612,50.640375
1786561295,llama3.1:8b,37.0,6607,722684,263.25,10.60,.087366,57.416750
1786561353,llama3.1:8b,37.0,6592,800000,258.72,10.84,.088898,50.358139
1786561404,llama3.1:8b,35.0,6590,764709,252.83,10.83,.090969,52.986834
1786561457,llama3.1:8b,37.0,6581,800000,255.89,10.90,.089880,53.376683
1786561511,llama3.1:8b,36.0,6588,800000,257.51,10.67,.089315,63.955167
1786561576,llama3.1:8b,37.0,6591,1498275,253.84,10.73,.090605,48.619934
1786561625,llama3.1:8b,37.0,6583,800000,246.97,10.66,.093126,63.371992
1786561689,llama3.1:8b,37.0,6578,999440,257.73,10.53,.089238,67.108481
1786561756,llama3.1:8b,37.0,6579,1414745,270.60,10.79,.084994,48.256471
1786561805,llama3.1:8b,37.0,6581,788147,258.49,10.71,.088977,55.267306
1786561861,llama3.1:8b,37.0,6592,1023144,251.31,10.70,.091517,59.693549
1786561921,llama3.1:8b,37.0,6584,801678,267.34,10.65,.086030,67.411043
1786561989,llama3.1:8b,37.0,6590,800000,264.42,10.79,.086981,54.469725
1786562044,llama3.1:8b,37.0,6589,1200000,251.99,10.65,.091271,63.156854
1786562108,llama3.1:8b,37.0,6590,1882888,262.73,10.62,.087540,61.104707
1786562169,llama3.1:8b,38.0,6599,800412,245.68,10.57,.093614,65.702711
1786562235,llama3.1:8b,37.0,6593,807417,240.82,10.62,.095503,63.714554
1786562300,llama3.1:8b,37.0,6589,986165,255.92,10.78,.089868,53.883209
1786562354,llama3.1:8b,37.0,6593,800000,252.73,10.68,.091004,60.653031
1786562415,llama3.1:8b,38.0,6582,800000,254.47,10.72,.090381,55.375185
1786562471,llama3.1:8b,37.0,6579,1103258,260.53,10.67,.088280,61.476435
1786562533,llama3.1:8b,36.0,6586,1489122,257.08,10.77,.089464,49.941970
1786562583,llama3.1:8b,35.0,6588,800000,272.32,10.64,.084456,63.978894
1786562648,llama3.1:8b,37.0,6590,837352,254.61,10.74,.090331,58.189775
1786562707,llama3.1:8b,37.0,6587,2611555,268.93,10.71,.085524,64.307976
1786562771,llama3.1:8b,37.0,6586,800000,261.84,10.61,.087838,61.124030
1786562833,llama3.1:8b,37.0,6588,1584070,259.97,10.62,.088468,60.233946
1786562894,llama3.1:8b,34.0,6588,800000,257.03,10.68,.089481,53.232014
1786562948,llama3.1:8b,37.0,6592,2292929,263.74,10.80,.087205,50.712815
1786562999,llama3.1:8b,37.0,6591,1426502,245.41,10.83,.093717,58.632066
1786563058,llama3.1:8b,38.0,6592,1508182,265.33,10.85,.086684,54.520173
1786563113,llama3.1:8b,37.0,6597,1477548,253.25,10.66,.090818,55.336612
1786563169,llama3.1:8b,37.0,6590,800000,256.79,10.81,.089567,52.068275
1786563221,llama3.1:8b,38.0,6596,1768115,239.18,10.64,.096158,64.064718
1786563286,llama3.1:8b,34.0,6583,799638,263.21,10.49,.087379,73.275124
1786563360,llama3.1:8b,37.0,6579,800000,258.43,10.58,.088998,64.123647
1786563424,llama3.1:8b,37.0,6587,800000,252.26,10.52,.091173,63.443225
1786563488,llama3.1:8b,37.0,6577,800380,261.88,10.59,.087825,60.412927
1786563549,llama3.1:8b,37.0,6572,2603170,249.29,10.72,.092259,59.692950
1786563609,llama3.1:8b,37.0,6578,1405153,252.96,10.61,.090922,62.285171
1786563672,llama3.1:8b,37.0,6583,800000,260.14,10.63,.088412,63.190052
1786563736,llama3.1:8b,36.0,6591,1798311,246.12,10.68,.093449,60.296201
1786563797,llama3.1:8b,37.0,6588,800000,249.39,10.58,.092224,70.689735
1786563868,llama3.1:8b,37.0,6587,800353,254.06,10.70,.090527,64.522704
1786563933,llama3.1:8b,37.0,6588,800000,242.05,10.73,.095019,59.453724
1786563993,llama3.1:8b,37.0,6589,801176,263.88,10.72,.087158,57.525666
1786564051,llama3.1:8b,37.0,6589,800000,259.97,10.71,.088469,50.002727
1786564101,llama3.1:8b,37.0,6597,798732,256.12,10.65,.089799,64.774931
1786564167,llama3.1:8b,37.0,6592,1500000,261.12,10.72,.088080,52.565428
1786564220,llama3.1:8b,37.0,6594,1717600,261.01,10.64,.088116,63.486607
1786564284,llama3.1:8b,37.0,6595,800766,247.62,10.70,.092884,53.041076
1786564337,llama3.1:8b,37.0,6593,1442018,256.23,10.58,.089761,69.278140
1786564407,llama3.1:8b,38.0,6584,801678,258.81,10.72,.088867,63.243356
1786564471,llama3.1:8b,37.0,6588,800584,257.50,10.85,.089318,64.046429
1786564535,llama3.1:8b,37.0,6585,799285,268.77,10.63,.085574,55.266090
1786564591,llama3.1:8b,36.0,6583,976483,254.17,10.64,.090488,55.411146
1786564647,llama3.1:8b,35.0,6596,800000,257.45,10.73,.089334,49.670933
1786564697,llama3.1:8b,37.0,6601,800000,269.61,10.70,.085307,56.501102
1786564754,llama3.1:8b,37.0,6600,2112988,257.82,10.76,.089207,53.488820
1786564808,llama3.1:8b,37.0,6599,797972,260.62,10.68,.088247,60.763955
1786564869,llama3.1:8b,37.0,6597,1436861,264.45,10.51,.086970,76.721511
1786564947,llama3.1:8b,37.0,6591,965096,255.66,10.64,.089960,54.368834
1786565002,llama3.1:8b,35.0,6593,929343,252.99,10.72,.090910,47.648578
1786565050,llama3.1:8b,37.0,6592,800000,252.51,10.56,.091082,74.990895
1786565125,llama3.1:8b,37.0,6586,747619,259.67,10.64,.088571,55.998204
1786565182,llama3.1:8b,37.0,6591,1817429,252.10,10.50,.091230,71.854082
1786565254,llama3.1:8b,37.0,6591,1402564,260.49,10.69,.088293,62.161462
1786565317,llama3.1:8b,37.0,6594,802007,257.89,10.63,.089182,65.929473
1786565383,llama3.1:8b,37.0,6590,998322,258.60,10.54,.088937,70.284299
1786565454,llama3.1:8b,37.0,6584,1074087,246.53,10.71,.093293,49.441536
1786565504,llama3.1:8b,37.0,6588,800000,252.31,10.65,.091155,61.953444
1786565566,llama3.1:8b,37.0,6585,798581,249.51,10.86,.092177,58.158968
1786565625,llama3.1:8b,37.0,6591,800000,261.74,10.82,.087872,54.304284
1786565680,llama3.1:8b,36.0,6577,1143980,253.46,10.69,.090743,53.963726
1786565734,llama3.1:8b,37.0,6576,802266,250.38,10.72,.091858,67.070132
1786565802,llama3.1:8b,37.0,6578,800000,272.72,10.65,.084334,61.733188
1786565864,llama3.1:8b,37.0,6586,1586408,247.00,10.64,.093116,62.857138
1786565927,llama3.1:8b,37.0,6584,800000,253.01,10.62,.090904,59.287511
1786565987,llama3.1:8b,37.0,6584,2000000,260.27,10.63,.088368,58.755691
1786566047,llama3.1:8b,38.0,6580,800000,266.83,10.71,.086195,54.785681
1786566102,llama3.1:8b,37.0,6579,801173,260.02,10.59,.088454,67.973557
1786566170,llama3.1:8b,34.0,6572,1000000,242.97,10.84,.094660,59.476954
1786566230,llama3.1:8b,37.0,6581,800000,250.48,10.75,.091821,54.480330
1786566285,llama3.1:8b,37.0,6579,1190262,255.07,10.71,.090169,49.287145
1786566335,llama3.1:8b,36.0,6584,672837,260.80,10.67,.088187,52.925264
1786566388,llama3.1:8b,34.0,6589,800000,255.47,10.86,.090027,52.907121
1786566442,llama3.1:8b,36.0,6592,857903,260.24,10.73,.088378,54.579802
1786566497,llama3.1:8b,37.0,6588,1866409,259.08,10.76,.088773,51.446607
1786566549,llama3.1:8b,36.0,6586,801877,266.94,10.67,.086161,63.424029
1786566613,llama3.1:8b,37.0,6588,799391,255.25,10.75,.090106,48.620752
1786566662,llama3.1:8b,37.0,6585,1491382,254.64,10.66,.090320,59.813556
1786566722,llama3.1:8b,37.0,6593,800000,239.57,10.60,.096004,60.996529
1786566784,llama3.1:8b,37.0,6593,1378895,250.89,10.75,.091673,48.338165
1786566832,llama3.1:8b,37.0,6586,768346,262.80,10.80,.087518,51.264671
1786566884,llama3.1:8b,37.0,6602,1316470,248.16,10.71,.092681,53.371797
1786566938,llama3.1:8b,37.0,6584,1598814,250.09,10.57,.091963,67.432667
1786567006,llama3.1:8b,36.0,6591,800000,253.38,10.69,.090770,63.303075
1786567070,llama3.1:8b,37.0,6590,1511634,260.63,10.61,.088245,65.642901
1786567136,llama3.1:8b,36.0,6585,797824,261.67,10.64,.087895,63.501184
1786567200,llama3.1:8b,36.0,6591,802442,231.09,10.84,.099527,61.423116
1786567262,llama3.1:8b,37.0,6584,1000000,249.06,10.68,.092343,53.734988
1786567316,llama3.1:8b,37.0,6599,780841,262.99,10.67,.087455,62.768858
1786567380,llama3.1:8b,37.0,6588,798785,242.76,10.74,.094740,50.433514
1786567430,llama3.1:8b,37.0,6596,800000,256.26,10.68,.089749,52.145441
1786567483,llama3.1:8b,37.0,6596,800508,271.54,10.74,.084699,62.059513
1786567546,llama3.1:8b,37.0,6586,1371048,268.80,10.60,.085564,65.885917
1786567612,llama3.1:8b,36.0,6599,1495689,247.11,10.58,.093073,61.113503
1786567674,llama3.1:8b,37.0,6597,1993110,254.13,10.62,.090504,66.571850
1786567741,llama3.1:8b,37.0,6588,800000,254.64,10.67,.090323,53.472752
1786567795,llama3.1:8b,37.0,6587,1905619,260.55,10.61,.088272,56.417631
1786567852,llama3.1:8b,37.0,6591,972833,256.81,10.56,.089559,65.579573
1786567918,llama3.1:8b,36.0,6588,988158,248.34,10.56,.092612,63.509910
1786567982,llama3.1:8b,37.0,6588,2600000,243.21,10.60,.094566,67.996083
1786568050,llama3.1:8b,38.0,6599,897861,255.10,10.64,.090158,66.701252
1786568117,llama3.1:8b,37.0,6598,801525,255.54,10.58,.090002,67.188569
1786568185,llama3.1:8b,37.0,6594,796536,262.60,10.74,.087583,58.331708
1786568244,llama3.1:8b,37.0,6594,1002000,265.33,10.70,.086683,51.369420
1786568296,llama3.1:8b,37.0,6594,1373120,259.57,10.57,.088605,66.766761
1786568363,llama3.1:8b,37.0,6590,861048,264.79,10.67,.086859,55.839388
1786568419,llama3.1:8b,37.0,6601,1053798,252.96,10.68,.090920,54.830946
1786568475,llama3.1:8b,37.0,6619,797147,259.75,10.72,.088543,64.725002
1786568540,llama3.1:8b,36.0,6613,796595,266.03,10.62,.086453,63.620895
1786568604,llama3.1:8b,37.0,6616,1118560,247.75,10.62,.092833,64.280591
1786568669,llama3.1:8b,37.0,6602,1037424,248.84,10.70,.092425,62.016431
1786568732,llama3.1:8b,37.0,6593,1523010,249.16,10.59,.092307,67.510557
1786568800,llama3.1:8b,36.0,6599,1086621,263.32,10.78,.087344,59.515584
1786568860,llama3.1:8b,36.0,6599,916057,248.30,10.75,.092628,51.779228
1786568912,llama3.1:8b,36.0,6605,788459,259.50,10.75,.088629,50.225974
1786568963,llama3.1:8b,37.0,6604,800000,244.55,10.53,.094047,67.476487
1786569031,llama3.1:8b,37.0,6601,800000,262.48,10.80,.087624,53.140925
1786569084,llama3.1:8b,37.0,6594,800000,257.09,10.80,.089460,53.785311
1786569138,llama3.1:8b,36.0,6592,1100000,261.89,10.76,.087821,50.359330
1786569189,llama3.1:8b,37.0,6604,2312402,259.78,10.65,.088533,60.630462
1786569250,llama3.1:8b,37.0,6603,854573,259.26,10.86,.088711,57.239225
1786569308,llama3.1:8b,37.0,6600,1349239,256.50,10.81,.089668,50.320571
1786569359,llama3.1:8b,37.0,6599,1410678,255.42,10.77,.090046,61.522604
1786569421,llama3.1:8b,33.0,6602,799670,255.18,10.64,.090130,63.668799
1786569485,llama3.1:8b,37.0,6612,802250,252.40,10.64,.091122,62.374236
1786569548,llama3.1:8b,37.0,6611,1006774,245.83,10.76,.093560,54.064788
1786569603,llama3.1:8b,37.0,6595,798634,257.61,10.76,.089279,54.735768
1786569658,llama3.1:8b,37.0,6596,2600000,265.78,10.75,.086536,57.453713
1786569716,llama3.1:8b,37.0,6597,800000,261.56,10.74,.087933,60.560204
1786569777,llama3.1:8b,37.0,6597,800000,264.74,10.67,.086875,62.032594
1786569839,llama3.1:8b,37.0,6600,1328159,249.58,10.63,.092154,62.042453
1786569902,llama3.1:8b,37.0,6604,2121962,254.34,10.64,.090427,58.447984
1786569961,llama3.1:8b,36.0,6601,1004796,245.88,10.64,.093540,54.763681
1786570016,llama3.1:8b,37.0,6602,1900000,260.59,10.67,.088258,55.063400
1786570072,llama3.1:8b,37.0,6595,801781,257.68,10.77,.089257,51.113899
1786570123,llama3.1:8b,34.0,6590,927674,245.97,10.63,.093507,62.422589
1786570186,llama3.1:8b,37.0,6586,1148800,258.61,10.72,.088935,57.350875
1786570244,llama3.1:8b,37.0,6589,800000,266.44,10.69,.086320,55.151630
1786570300,llama3.1:8b,37.0,6595,615969,253.73,10.63,.090645,58.393850
1786570359,llama3.1:8b,36.0,6590,798887,240.53,10.77,.095621,57.268793
1786570416,llama3.1:8b,37.0,6590,799664,254.33,10.58,.090430,67.710280
1786570485,llama3.1:8b,33.0,6591,1386691,249.74,10.62,.092093,72.864862
1786570558,llama3.1:8b,37.0,6595,799394,259.87,10.88,.088504,47.691956
1786570606,llama3.1:8b,37.0,6592,800000,265.41,10.70,.086655,64.011335
1786570671,llama3.1:8b,37.0,6593,800000,253.99,10.59,.090551,66.342497
1786570738,llama3.1:8b,37.0,6595,1374576,240.16,10.70,.095767,57.194211
1786570795,llama3.1:8b,37.0,6591,1676045,260.16,10.55,.088406,69.325317
1786570865,llama3.1:8b,37.0,6589,1170327,260.64,10.71,.088241,59.247733
1786570925,llama3.1:8b,36.0,6595,632983,265.09,10.73,.086759,51.329610
1786570977,llama3.1:8b,37.0,6594,2409607,253.02,10.72,.090899,49.154966
1786571026,llama3.1:8b,37.0,6597,1132379,268.77,10.73,.085573,59.988221
1786571087,llama3.1:8b,37.0,6597,926978,260.59,10.70,.088259,60.086015
1786571148,llama3.1:8b,37.0,6593,771806,251.91,10.66,.091299,55.428557
1786571203,llama3.1:8b,37.0,6591,800000,252.54,10.64,.091072,62.385776
1786571266,llama3.1:8b,37.0,6593,1575032,249.16,10.68,.092308,55.791642
1786571323,llama3.1:8b,36.0,6590,813353,257.89,10.64,.089183,59.907702
1786571383,llama3.1:8b,33.0,6587,866314,250.75,10.71,.091722,50.758663
1786571434,llama3.1:8b,37.0,6584,800564,252.92,10.92,.090937,55.901890
1786571491,llama3.1:8b,37.0,6586,1310828,254.96,10.66,.090207,61.308381
1786571553,llama3.1:8b,37.0,6593,800000,243.97,10.81,.094270,52.266354
1786571605,llama3.1:8b,37.0,6595,800000,271.26,10.86,.084789,58.746542
1786571665,llama3.1:8b,37.0,6591,1406419,254.24,10.78,.090464,51.447103
1786571716,llama3.1:8b,37.0,6589,1555633,245.17,10.62,.093812,57.027455
1786571774,llama3.1:8b,37.0,6594,1183761,248.73,10.78,.092466,51.380182
1786571826,llama3.1:8b,33.0,6595,2600000,261.01,10.74,.088118,54.175350
1786571881,llama3.1:8b,37.0,6598,800000,258.50,10.66,.088974,55.147291
1786571936,llama3.1:8b,37.0,6598,800000,258.09,10.73,.089114,50.019599
1786571987,llama3.1:8b,37.0,6599,800000,255.42,10.55,.090045,64.881380
1786572052,llama3.1:8b,37.0,6592,800000,254.72,10.65,.090294,54.081379
1786572107,llama3.1:8b,36.0,6602,801112,253.96,10.64,.090562,54.929904
1786572162,llama3.1:8b,37.0,6593,800000,268.40,10.70,.085692,57.257090
1786572220,llama3.1:8b,37.0,6591,1168110,256.62,10.71,.089624,60.583929
1786572281,llama3.1:8b,37.0,6594,799647,254.04,10.63,.090536,72.899077
1786572354,llama3.1:8b,37.0,6598,800000,248.78,10.81,.092450,44.548643
1786572399,llama3.1:8b,37.0,6587,2052824,243.85,10.71,.094318,54.761810
1786572455,llama3.1:8b,37.0,6586,800823,251.25,10.64,.091540,56.260088
1786572511,llama3.1:8b,37.0,6586,1246336,261.66,10.74,.087898,50.054424
1786572562,llama3.1:8b,37.0,6588,1000000,251.44,10.70,.091471,54.641724
1786572617,llama3.1:8b,37.0,6587,800359,263.04,10.59,.087436,72.315715
1786572690,llama3.1:8b,37.0,6604,1475097,259.64,10.65,.088581,61.477245
1786572752,llama3.1:8b,37.0,6600,1502512,253.34,10.61,.090783,63.227999
1786572816,llama3.1:8b,37.0,6595,798842,263.95,10.75,.087137,47.134441
1786572863,llama3.1:8b,37.0,6603,800000,261.20,10.67,.088053,58.002272
1786572922,llama3.1:8b,36.0,6601,1771617,250.99,10.63,.091636,60.435518
1786572983,llama3.1:8b,37.0,6603,1490686,244.17,10.66,.094194,51.755034
1786573035,llama3.1:8b,35.0,6604,800586,261.77,10.63,.087860,60.542968
1786573096,llama3.1:8b,37.0,6594,800000,251.86,10.74,.091317,52.131729
1786573149,llama3.1:8b,37.0,6597,2200000,254.50,10.51,.090370,70.155158
1786573219,llama3.1:8b,37.0,6592,798921,253.39,10.76,.090768,50.336792
1786573270,llama3.1:8b,36.0,6594,946921,245.85,10.96,.093551,47.718829
1786573318,llama3.1:8b,37.0,6605,1750373,266.72,10.72,.086231,55.678599
1786573374,llama3.1:8b,37.0,6594,800000,267.19,10.82,.086078,57.093871
1786573432,llama3.1:8b,37.0,6589,800000,248.40,10.72,.092590,54.897811
1786573487,llama3.1:8b,37.0,6595,2287547,258.34,10.61,.089028,65.010220
1786573553,llama3.1:8b,37.0,6596,799052,248.96,10.85,.092381,53.043732
1786573607,llama3.1:8b,37.0,6585,1609639,258.30,10.74,.089041,49.414556
1786573656,llama3.1:8b,37.0,6595,1451903,265.08,10.72,.086763,63.610652
1786573721,llama3.1:8b,37.0,6593,1407121,260.69,10.92,.088225,43.845513
1786573765,llama3.1:8b,37.0,6602,1592136,259.60,10.51,.088595,75.923583
1786573841,llama3.1:8b,37.0,6597,2000000,261.11,10.54,.088084,68.187122
1786573910,llama3.1:8b,37.0,6589,798977,253.85,10.53,.090603,69.108573
1786573980,llama3.1:8b,37.0,6594,800000,263.60,10.59,.087253,65.212803
1786574045,llama3.1:8b,37.0,6586,1671807,250.48,10.77,.091821,47.776734
1786574094,llama3.1:8b,37.0,6592,899990,254.97,10.74,.090205,59.074282
1786574153,llama3.1:8b,37.0,6595,1422393,256.06,10.90,.089820,51.079563
1786574205,llama3.1:8b,37.0,6595,1298343,249.80,10.80,.092072,67.942898
1786574273,llama3.1:8b,37.0,6588,800000,260.29,10.75,.088360,57.077647
1786574331,llama3.1:8b,35.0,6580,797303,256.62,10.58,.089623,63.779004
1786574395,llama3.1:8b,37.0,6596,800988,246.90,10.68,.093154,56.083058
1786574452,llama3.1:8b,37.0,6595,799408,262.11,10.57,.087748,63.245887
1786574516,llama3.1:8b,37.0,6598,800000,257.75,10.63,.089232,56.911634
1786574573,llama3.1:8b,37.0,6600,1192435,262.08,10.42,.087757,77.509512
1786574651,llama3.1:8b,37.0,6599,800000,258.61,10.68,.088934,51.674118
1786574703,llama3.1:8b,36.0,6599,1410122,253.22,10.64,.090828,70.144020
1786574774,llama3.1:8b,37.0,6600,973584,262.11,10.76,.087746,50.359709
1786574825,llama3.1:8b,37.0,6585,1396803,261.73,10.64,.087873,64.188791
1786574889,llama3.1:8b,37.0,6591,1600000,257.22,10.72,.089416,55.685630
1786574946,llama3.1:8b,38.0,6601,800000,250.28,10.68,.091894,59.329147
1786575005,llama3.1:8b,37.0,6601,1386786,258.12,10.73,.089103,54.383636
1786575060,llama3.1:8b,37.0,6592,1043137,264.39,10.69,.086992,58.238738
1786575119,llama3.1:8b,37.0,6586,798750,245.12,10.66,.093827,62.155463
1786575182,llama3.1:8b,36.0,6594,1351791,259.95,10.67,.088477,55.159163
1786575237,llama3.1:8b,37.0,6594,800000,253.57,10.65,.090701,53.785272
1786575292,llama3.1:8b,37.0,6600,800000,256.81,10.57,.089559,65.364506
1786575358,llama3.1:8b,37.0,6586,800000,263.15,10.75,.087399,50.094508
1786575408,llama3.1:8b,37.0,6594,1092463,268.43,10.72,.085682,54.923714
1786575463,llama3.1:8b,37.0,6584,997840,258.03,10.91,.089134,45.075293
1786575509,llama3.1:8b,37.0,6586,2500000,256.54,10.68,.089654,60.562877
1786575570,llama3.1:8b,37.0,6583,1101276,257.07,10.56,.089469,64.951520
1786575636,llama3.1:8b,37.0,6640,1289610,265.11,10.58,.086754,66.126160
1786575702,llama3.1:8b,37.0,6640,1770914,263.01,10.71,.087447,54.986854
1786575758,llama3.1:8b,37.0,6599,1200000,245.24,10.63,.093785,66.736668
1786575825,llama3.1:8b,37.0,6594,2606718,253.73,10.61,.090646,60.589733
1786575886,llama3.1:8b,37.0,6588,800000,253.56,10.67,.090705,52.848243
1786575939,llama3.1:8b,37.0,6594,800000,259.38,10.80,.088670,62.270928
1786576002,llama3.1:8b,37.0,6588,800000,249.26,10.75,.092270,48.174276
1786576051,llama3.1:8b,37.0,6583,800000,260.77,10.60,.088199,64.411253
1786576116,llama3.1:8b,37.0,6591,1601741,261.97,10.80,.087793,61.014264
1786576177,llama3.1:8b,36.0,6587,2236289,264.15,10.59,.087071,64.369124
1786576242,llama3.1:8b,37.0,6585,799277,260.45,10.57,.088305,70.669422
1786576313,llama3.1:8b,37.0,6583,782411,238.40,10.62,.096473,59.028350
1786576373,llama3.1:8b,37.0,6587,1489180,258.00,10.62,.089146,59.660013
1786576433,llama3.1:8b,37.0,6592,800000,246.38,10.82,.093350,54.805622
1786576488,llama3.1:8b,36.0,6597,1541180,261.61,10.62,.087916,59.947381
1786576549,llama3.1:8b,36.0,6594,800000,265.26,10.73,.086704,67.139116
1786576616,llama3.1:8b,37.0,6602,882166,265.71,10.61,.086560,75.896858
1786576693,llama3.1:8b,34.0,6596,800000,249.03,10.72,.092356,61.606940
1786576755,llama3.1:8b,37.0,6598,2096470,262.47,10.64,.087628,62.817149
1786576818,llama3.1:8b,37.0,6604,800000,247.72,10.61,.092846,73.963481
1786576893,llama3.1:8b,37.0,6602,1400806,260.07,10.69,.088436,60.521843
1786576954,llama3.1:8b,37.0,6605,1099520,265.21,10.63,.086722,65.447514
1786577020,llama3.1:8b,37.0,6596,798515,255.26,10.66,.090100,53.820305
1786577074,llama3.1:8b,33.0,6592,800000,263.86,10.71,.087165,53.303231
1786577128,llama3.1:8b,37.0,6595,1200000,262.88,10.76,.087490,55.752335
1786577184,llama3.1:8b,37.0,6600,1900000,254.52,10.77,.090364,67.590614
1786577252,llama3.1:8b,37.0,6603,997427,252.61,10.73,.091048,62.942538
1786577316,llama3.1:8b,37.0,6586,800000,265.98,10.63,.086469,63.214381
1786577380,llama3.1:8b,37.0,6589,1688465,251.76,10.72,.091353,61.239658
1786577441,llama3.1:8b,37.0,6589,800000,252.95,10.88,.090924,61.837975
1786577504,llama3.1:8b,37.0,6595,800000,255.65,10.75,.089964,55.404271
1786577559,llama3.1:8b,37.0,6589,943663,255.29,10.86,.090091,52.117297
1786577612,llama3.1:8b,37.0,6598,795266,245.06,10.71,.093851,54.306664
1786577667,llama3.1:8b,37.0,6603,800000,258.49,10.74,.088978,62.834703
1786577730,llama3.1:8b,37.0,6591,800000,252.52,10.69,.091078,60.704212
1786577791,llama3.1:8b,37.0,6597,798074,260.39,10.82,.088326,52.556911
1786577845,llama3.1:8b,37.0,6596,2194676,253.30,10.64,.090801,59.451120
1786577904,llama3.1:8b,37.0,6596,2258573,246.80,10.61,.093191,68.590221
1786577974,llama3.1:8b,37.0,6595,796220,256.51,10.79,.089664,54.538508
1786578029,llama3.1:8b,38.0,6595,801656,255.38,10.82,.090061,59.514166
1786578089,llama3.1:8b,37.0,6590,801322,267.03,10.83,.086131,63.949012
1786578153,llama3.1:8b,37.0,6596,800000,261.28,11.02,.088026,42.463357
1786578196,llama3.1:8b,37.0,6593,800851,258.01,10.86,.089142,50.810451
1786578247,llama3.1:8b,37.0,6591,799547,253.69,10.62,.090661,66.816729
1786578315,llama3.1:8b,37.0,6594,800000,266.94,10.77,.086159,58.855394
1786578374,llama3.1:8b,38.0,6591,1053088,258.72,10.69,.088897,57.491778
1786578432,llama3.1:8b,37.0,6594,660286,255.79,10.66,.089917,53.801455
1786578486,llama3.1:8b,37.0,6597,800000,264.98,10.49,.086795,75.669483
1786578563,llama3.1:8b,34.0,6596,801253,256.83,10.59,.089552,60.307570
1786578623,llama3.1:8b,37.0,6586,799659,264.42,10.72,.086982,47.743522
1786578672,llama3.1:8b,37.0,6587,1089956,255.12,10.68,.090150,56.513263
1786578729,llama3.1:8b,37.0,6586,1468709,256.85,10.75,.089545,49.916397
1786578779,llama3.1:8b,37.0,6598,979767,266.27,10.73,.086378,54.232198
1786578834,llama3.1:8b,34.0,6596,818848,265.03,10.67,.086781,56.865509
1786578891,llama3.1:8b,37.0,6597,798825,244.84,10.77,.093937,44.743982
1786578936,llama3.1:8b,37.0,6587,1684482,261.64,10.57,.087905,63.053871
1786579000,llama3.1:8b,37.0,6582,1192334,253.38,10.71,.090771,47.583698
1786579048,llama3.1:8b,37.0,6588,1134725,255.57,10.66,.089991,54.552609
1786579103,llama3.1:8b,37.0,6594,925041,255.70,10.72,.089947,46.265018
1786579150,llama3.1:8b,37.0,6593,798722,236.78,10.63,.097134,59.119577
1786579209,llama3.1:8b,37.0,6585,800923,239.02,10.76,.096222,64.762454
1786579275,llama3.1:8b,37.0,6582,1591085,263.91,10.71,.087150,58.133335
1786579333,llama3.1:8b,37.0,6589,799339,260.89,10.69,.088159,55.344891
1786579389,llama3.1:8b,37.0,6591,1133859,261.49,10.63,.087954,58.095644
1786579448,llama3.1:8b,37.0,6588,799146,256.80,10.63,.089561,56.212538
1786579504,llama3.1:8b,37.0,6597,800000,260.74,10.66,.088209,49.875265
1786579555,llama3.1:8b,36.0,6592,1090992,250.10,10.66,.091960,54.095053
1786579609,llama3.1:8b,37.0,6593,1099359,260.80,10.73,.088189,56.912838
1786579667,llama3.1:8b,37.0,6588,643157,250.38,10.70,.091858,58.656601
1786579726,llama3.1:8b,34.0,6589,799299,269.01,10.69,.085495,58.068597
1786579784,llama3.1:8b,37.0,6591,679050,247.63,10.68,.092879,57.470662
1786579842,llama3.1:8b,37.0,6596,1000000,254.28,10.71,.090450,50.294286
1786579893,llama3.1:8b,37.0,6601,1346853,251.94,10.73,.091290,57.087541
1786579951,llama3.1:8b,37.0,6605,800000,252.05,10.85,.091249,54.799251
1786580006,llama3.1:8b,37.0,6602,1040901,259.48,10.81,.088637,50.040313
1786580057,llama3.1:8b,37.0,6601,800000,258.64,10.67,.088924,65.413627
1786580123,llama3.1:8b,37.0,6602,1157644,256.62,10.61,.089626,64.178394
1786580187,llama3.1:8b,37.0,6604,800000,262.61,10.67,.087579,50.110481
1786580238,llama3.1:8b,37.0,6601,1860000,259.72,10.58,.088556,69.169285
1786580308,llama3.1:8b,33.0,6592,1882828,258.48,10.68,.088980,59.778959
1786580368,llama3.1:8b,34.0,6595,1800000,254.06,10.65,.090528,57.168181
1786580425,llama3.1:8b,37.0,6601,800000,243.63,10.78,.094402,60.293415
1786580486,llama3.1:8b,37.0,6601,965386,258.60,10.71,.088938,56.296209
1786580543,llama3.1:8b,37.0,6600,800000,260.32,10.73,.088351,60.618801
1786580604,llama3.1:8b,37.0,6597,800000,252.76,10.82,.090994,52.077828
1786580657,llama3.1:8b,37.0,6587,798097,254.39,10.74,.090408,57.151574
1786580714,llama3.1:8b,37.0,6596,800308,257.13,10.66,.089448,58.209603
1786580773,llama3.1:8b,37.0,6597,800000,269.33,10.63,.085394,66.371752
1786580840,llama3.1:8b,37.0,6592,1000000,259.37,10.63,.088674,63.101675
1786580904,llama3.1:8b,37.0,6600,796408,255.39,10.83,.090055,52.219600
1786580956,llama3.1:8b,37.0,6590,921809,260.24,11.00,.088378,42.807904
1786581000,llama3.1:8b,37.0,6597,1882642,264.76,10.65,.086869,62.970234
1786581063,llama3.1:8b,37.0,6598,800000,265.65,10.79,.086578,52.988467
1786581117,llama3.1:8b,34.0,6585,800000,267.40,10.67,.086010,57.496878
1786581175,llama3.1:8b,37.0,6595,1000000,244.28,10.61,.094153,64.740616
1786581240,llama3.1:8b,37.0,6597,1620726,257.89,10.66,.089185,55.898812
1786581296,llama3.1:8b,37.0,6591,800000,251.96,10.60,.091281,60.365917
1786581357,llama3.1:8b,37.0,6588,1491415,262.14,10.62,.087736,62.376125
1786581420,llama3.1:8b,37.0,6588,1400000,252.79,10.65,.090981,55.569100
1786581476,llama3.1:8b,37.0,6596,800000,259.58,10.62,.088603,62.221550
1786581539,llama3.1:8b,36.0,6589,980811,259.32,10.61,.088692,64.713981
1786581604,llama3.1:8b,37.0,6592,1000000,262.87,10.64,.087493,64.741954
1786581669,llama3.1:8b,37.0,6597,800000,249.94,10.76,.092021,51.840588
1786581722,llama3.1:8b,37.0,6591,1000413,258.37,10.62,.089016,56.273383
1786581778,llama3.1:8b,36.0,6592,797771,266.79,10.71,.086209,50.030620
1786581829,llama3.1:8b,38.0,6587,1503000,265.00,10.83,.086790,50.652367
1786581880,llama3.1:8b,36.0,6595,800000,253.65,10.68,.090672,53.338212
1786581934,llama3.1:8b,37.0,6605,2600000,253.44,10.71,.090749,62.793209
1786581997,llama3.1:8b,37.0,6597,1499322,253.64,10.83,.090679,46.508717
1786582044,llama3.1:8b,37.0,6597,798899,259.71,10.63,.088559,61.404599
1786582106,llama3.1:8b,37.0,6599,758513,257.99,10.72,.089147,55.735458
1786582162,llama3.1:8b,36.0,6593,800000,262.56,10.63,.087598,61.779022
1786582225,llama3.1:8b,34.0,6599,800000,268.17,10.70,.085763,56.514867
1786582282,llama3.1:8b,37.0,6602,800232,247.88,10.84,.092785,46.378508
1786582328,llama3.1:8b,37.0,6588,799396,262.25,10.76,.087702,56.411695
1786582385,llama3.1:8b,36.0,6593,800000,267.82,10.74,.085876,66.472184
1786582452,llama3.1:8b,37.0,6595,1160614,261.04,10.59,.088108,62.770450
1786582516,llama3.1:8b,37.0,6586,800000,263.04,10.57,.087437,58.822980
1786582575,llama3.1:8b,37.0,6594,800000,260.20,10.59,.088393,66.168288
1786582642,llama3.1:8b,37.0,6591,800707,261.35,10.78,.088003,50.704237
1786582693,llama3.1:8b,37.0,6589,884651,238.71,10.54,.096348,63.277147
1786582757,llama3.1:8b,37.0,6601,1491438,255.29,10.73,.090090,44.517085
1786582802,llama3.1:8b,37.0,6597,1064583,256.84,10.59,.089548,59.622900
1786582862,llama3.1:8b,34.0,6630,800000,250.24,10.64,.091909,60.382956
1786582923,llama3.1:8b,37.0,6619,799426,259.53,10.67,.088619,49.447206
1786582973,llama3.1:8b,36.0,6610,797488,255.32,10.70,.090080,52.850592
1786583026,llama3.1:8b,37.0,6613,800000,264.19,10.59,.087057,66.374701
1786583093,llama3.1:8b,37.0,6598,842028,263.30,10.57,.087349,65.516391
1786583159,llama3.1:8b,36.0,6589,800000,248.14,10.64,.092687,56.628379
1786583216,llama3.1:8b,37.0,6589,800000,263.29,10.67,.087354,58.356391
1786583275,llama3.1:8b,36.0,6605,1200000,249.38,10.56,.092225,65.050908
1786583340,llama3.1:8b,37.0,6592,800000,258.49,10.56,.088976,63.975765
1786583405,llama3.1:8b,37.0,6598,1400000,243.82,10.79,.094330,56.516457
1786583462,llama3.1:8b,37.0,6592,1800846,255.04,10.66,.090181,55.347053
1786583518,llama3.1:8b,36.0,6597,800000,248.89,10.57,.092410,68.747647
1786583587,llama3.1:8b,37.0,6596,1167672,252.52,10.66,.091080,62.512740
1786583650,llama3.1:8b,37.0,6595,930681,255.90,10.92,.089877,46.673578
1786583697,llama3.1:8b,35.0,6590,933333,247.99,10.76,.092742,57.785771
1786583756,llama3.1:8b,38.0,6597,800572,248.52,10.72,.092547,54.058847
1786583810,llama3.1:8b,37.0,6597,800000,253.62,10.73,.090683,50.133516
1786583861,llama3.1:8b,37.0,6604,1467205,247.43,10.59,.092953,60.419466
1786583922,llama3.1:8b,37.0,6600,800000,265.35,10.70,.086677,59.334724
1786583982,llama3.1:8b,37.0,6601,800000,251.85,10.73,.091321,51.438618
1786584033,llama3.1:8b,37.0,6590,798920,256.87,10.71,.089537,56.668969
1786584091,llama3.1:8b,37.0,6585,936703,263.98,10.68,.087124,63.260503
1786584154,llama3.1:8b,38.0,6595,2587250,251.68,10.74,.091383,58.811901
1786584214,llama3.1:8b,37.0,6600,800000,255.12,10.70,.090151,52.766719
1786584267,llama3.1:8b,37.0,6589,800000,251.08,10.61,.091603,62.553297
1786584330,llama3.1:8b,37.0,6598,800000,251.53,10.62,.091438,67.648766
1786584398,llama3.1:8b,35.0,6591,800152,246.66,10.66,.093242,64.437613
1786584463,llama3.1:8b,37.0,6588,800000,257.45,10.68,.089336,50.521045
1786584514,llama3.1:8b,35.0,6594,800000,247.41,10.85,.092959,54.371692
1786584569,llama3.1:8b,36.0,6589,800420,242.22,10.66,.094953,68.574017
1786584638,llama3.1:8b,37.0,6599,1200000,256.29,10.90,.089738,39.998075
1786584679,llama3.1:8b,37.0,6589,800000,263.08,10.66,.087423,59.238158
1786584738,llama3.1:8b,37.0,6595,800000,262.64,10.61,.087571,65.752666
1786584805,llama3.1:8b,37.0,6591,800000,246.91,10.62,.093147,62.895187
1786584868,llama3.1:8b,34.0,6593,1854641,245.47,10.91,.093694,45.894168
1786584914,llama3.1:8b,37.0,6588,800000,264.90,10.84,.086823,50.508320
1786584965,llama3.1:8b,37.0,6588,2200000,262.33,10.71,.087674,58.999471
1786585025,llama3.1:8b,37.0,6596,800000,263.62,10.77,.087246,53.637204
1786585079,llama3.1:8b,36.0,6593,1238022,264.46,10.69,.086968,58.141508
1786585138,llama3.1:8b,37.0,6589,1413486,253.11,10.82,.090866,49.310322
1786585187,llama3.1:8b,37.0,6586,990793,252.62,10.67,.091042,54.599475
1786585243,llama3.1:8b,37.0,6582,798937,245.44,10.77,.093706,49.464910
1786585292,llama3.1:8b,37.0,6590,798437,265.16,10.78,.086737,51.648043
1786585345,llama3.1:8b,37.0,6597,2126790,254.43,10.82,.090394,47.965803
1786585393,llama3.1:8b,37.0,6602,798784,261.75,10.61,.087869,58.855664
1786585452,llama3.1:8b,36.0,6588,800000,254.71,10.75,.090295,48.798576
1786585502,llama3.1:8b,33.0,6585,818362,248.72,10.70,.092472,59.970640
1786585562,llama3.1:8b,37.0,6591,1600504,250.95,10.64,.091650,62.872700
1786585626,llama3.1:8b,36.0,6603,1872297,256.34,10.76,.089723,53.138905
1786585679,llama3.1:8b,37.0,6601,798782,251.29,10.57,.091525,63.354309
1786585743,llama3.1:8b,37.0,6593,691752,244.03,10.73,.094248,47.974327
1786585791,llama3.1:8b,37.0,6594,1100000,260.11,10.67,.088422,57.690891
1786585850,llama3.1:8b,36.0,6602,800000,258.56,10.78,.088951,50.256326
1786585900,llama3.1:8b,37.0,6594,2600000,249.12,10.65,.092324,60.920771
1786585962,llama3.1:8b,33.0,6590,799152,259.52,10.66,.088624,61.779039
1786586024,llama3.1:8b,37.0,6593,2600000,258.78,10.63,.088877,61.144282
1786586086,llama3.1:8b,37.0,6597,800000,258.97,10.57,.088810,59.403078
1786586146,llama3.1:8b,37.0,6596,800000,242.39,10.69,.094887,58.880929
1786586205,llama3.1:8b,37.0,6593,2336134,250.49,10.66,.091818,60.120348
1786586266,llama3.1:8b,38.0,6602,800920,266.40,10.74,.086334,48.042378
1786586314,llama3.1:8b,34.0,6598,798679,250.45,10.69,.091831,62.063224
1786586377,llama3.1:8b,37.0,6587,1000000,256.30,10.72,.089736,59.093656
1786586436,llama3.1:8b,38.0,6596,800000,258.17,10.72,.089085,58.105745
1786586495,llama3.1:8b,37.0,6593,797830,249.01,10.60,.092364,60.713933
1786586556,llama3.1:8b,37.0,6601,1000539,255.44,10.72,.090038,45.400749
1786586602,llama3.1:8b,38.0,6594,800000,236.54,10.75,.097232,51.789072
1786586654,llama3.1:8b,37.0,6593,800000,259.71,10.66,.088558,57.450844
1786586712,llama3.1:8b,37.0,6593,1207390,264.03,10.69,.087108,53.408851
1786586766,llama3.1:8b,37.0,6597,1379516,265.75,10.72,.086545,46.538976
1786586813,llama3.1:8b,37.0,6598,1521923,256.63,10.70,.089622,57.183285
1786586871,llama3.1:8b,37.0,6590,800000,267.79,10.67,.085888,58.818854
1786586930,llama3.1:8b,34.0,6600,998211,256.69,10.67,.089601,59.681768
1786586990,llama3.1:8b,37.0,6600,800000,247.21,10.75,.093035,45.829313
1786587037,llama3.1:8b,37.0,6599,800000,258.41,10.66,.089005,60.862309
1786587098,llama3.1:8b,37.0,6592,800000,260.51,10.65,.088285,61.306001
1786587160,llama3.1:8b,38.0,6590,1505835,264.07,10.71,.087095,69.616562
1786587230,llama3.1:8b,37.0,6588,800749,261.24,10.61,.088039,62.263494
1786587293,llama3.1:8b,37.0,6598,2151183,254.00,10.85,.090549,51.669703
1786587345,llama3.1:8b,35.0,6594,800000,252.96,10.63,.090920,61.610884
1786587407,llama3.1:8b,37.0,6605,800000,235.72,10.60,.097573,61.096344
1786587469,llama3.1:8b,37.0,6601,2600000,262.58,10.69,.087589,51.154452
1786587520,llama3.1:8b,34.0,6593,1475041,254.46,10.71,.090385,53.757567
1786587575,llama3.1:8b,37.0,6595,800000,241.58,10.72,.095205,50.432198
1786587626,llama3.1:8b,37.0,6587,800000,254.34,10.75,.090426,58.851442
1786587685,llama3.1:8b,37.0,6594,802328,262.75,10.83,.087535,46.532462
1786587732,llama3.1:8b,37.0,6594,800000,256.04,10.65,.089829,66.614388
1786587799,llama3.1:8b,38.0,6597,800000,257.28,10.67,.089394,62.652366
1786587862,llama3.1:8b,34.0,6593,870715,246.46,10.70,.093317,54.452808
1786587917,llama3.1:8b,37.0,6605,800000,262.49,10.70,.087621,56.805108
1786587974,llama3.1:8b,37.0,6611,977624,255.88,10.77,.089884,56.335764
1786588031,llama3.1:8b,37.0,6605,1168050,257.50,10.69,.089317,66.204041
1786588098,llama3.1:8b,37.0,6601,800000,258.51,10.63,.088969,57.613474
1786588156,llama3.1:8b,37.0,6597,1488447,263.74,10.81,.087204,53.456289
1786588210,llama3.1:8b,37.0,6601,800000,255.40,10.64,.090052,69.867481
1786588281,llama3.1:8b,36.0,6589,800000,242.67,10.79,.094776,55.513826
1786588337,llama3.1:8b,37.0,6596,865732,260.16,10.64,.088404,56.572652
1786588394,llama3.1:8b,37.0,6595,1350799,261.43,10.68,.087974,57.000980
1786588451,llama3.1:8b,37.0,6601,1507138,255.80,10.59,.089913,65.040341
1786588517,llama3.1:8b,37.0,6592,797763,268.09,10.83,.085790,54.923821
1786588572,llama3.1:8b,37.0,6598,800000,263.65,10.62,.087234,67.220446
1786588640,llama3.1:8b,37.0,6594,1380271,249.12,10.64,.092323,58.688700
1786588699,llama3.1:8b,37.0,6598,800000,258.91,10.86,.088833,45.843224
1786588745,llama3.1:8b,37.0,6601,1592704,250.69,10.80,.091746,48.761729
1786588795,llama3.1:8b,37.0,6601,2600000,261.02,10.71,.088113,72.698430
1786588868,llama3.1:8b,37.0,6599,800000,264.55,10.77,.086937,65.585049
1786588934,llama3.1:8b,37.0,6594,909991,251.30,10.73,.091521,52.896888
1786588987,llama3.1:8b,37.0,6597,958889,255.48,10.69,.090023,55.619499
1786589043,llama3.1:8b,37.0,6597,799581,253.98,10.75,.090556,46.395122
1786589090,llama3.1:8b,37.0,6595,800000,254.06,10.68,.090527,54.913920
1786589146,llama3.1:8b,36.0,6603,1748091,252.96,10.57,.090920,75.553295
1786589222,llama3.1:8b,37.0,6596,800000,258.05,10.78,.089129,59.636967
1786589282,llama3.1:8b,37.0,6606,800000,261.31,10.83,.088016,48.534863
1786589331,llama3.1:8b,37.0,6590,1040000,266.18,10.73,.086407,56.010216
1786589387,llama3.1:8b,34.0,6605,1009946,263.35,10.76,.087335,50.512701
1786589438,llama3.1:8b,37.0,6602,1102345,247.10,10.73,.093078,58.595891
1786589498,llama3.1:8b,37.0,6594,1497580,257.26,10.76,.089403,47.386488
1786589545,llama3.1:8b,37.0,6601,800000,247.20,10.84,.093041,56.790402
1786589603,llama3.1:8b,36.0,6603,1479776,259.63,10.71,.088585,52.378882
1786589656,llama3.1:8b,37.0,6600,799529,253.33,10.69,.090788,58.255012
1786589714,llama3.1:8b,37.0,6595,2076190,262.70,10.73,.087552,50.003022
1786589765,llama3.1:8b,37.0,6601,1058969,260.78,10.72,.088194,58.950269
1786589824,llama3.1:8b,36.0,6604,1788427,254.30,10.72,.090442,54.800780
1786589880,llama3.1:8b,37.0,6604,992316,254.39,10.60,.090409,63.832182
1786589944,llama3.1:8b,37.0,6592,1000943,266.00,10.68,.086465,64.382829
1786590009,llama3.1:8b,37.0,6593,860127,256.99,10.88,.089496,57.878838
1786590067,llama3.1:8b,37.0,6620,870403,263.00,10.72,.087451,52.494545
1786590120,llama3.1:8b,37.0,6596,800000,243.14,10.73,.094595,63.263899
1786590184,llama3.1:8b,37.0,6593,1087442,263.59,10.84,.087255,51.274367
1786590236,llama3.1:8b,37.0,6601,800000,262.85,10.65,.087501,65.240281
1786590302,llama3.1:8b,37.0,6601,1199666,251.94,10.95,.091290,46.384299
1786590348,llama3.1:8b,35.0,6606,903206,257.89,10.78,.089184,56.727422
1786590406,llama3.1:8b,37.0,6605,1100000,264.18,10.73,.087061,58.526510
1786590465,llama3.1:8b,37.0,6595,1175500,247.82,10.65,.092809,59.782441
1786590525,llama3.1:8b,37.0,6587,800000,244.76,10.66,.093966,56.462827
1786590582,llama3.1:8b,36.0,6595,800000,253.84,10.62,.090606,65.107742
1786590648,llama3.1:8b,37.0,6598,2603751,249.67,10.59,.092121,67.692152
1786590716,llama3.1:8b,37.0,6597,1759468,263.66,10.83,.087232,57.841695
1786590774,llama3.1:8b,37.0,6592,801777,264.03,10.77,.087108,62.069742
1786590837,llama3.1:8b,35.0,6596,1293238,251.37,10.70,.091495,58.358573
1786590896,llama3.1:8b,37.0,6600,1016206,249.03,10.70,.092354,59.611797
1786590956,llama3.1:8b,37.0,6596,1119554,254.73,10.67,.090290,55.176121
1786591011,llama3.1:8b,37.0,6591,800000,261.53,10.61,.087943,62.924438
1786591075,llama3.1:8b,35.0,6589,800000,244.19,10.55,.094185,69.357692
1786591145,llama3.1:8b,37.0,6607,800000,263.58,10.70,.087258,53.548697
1786591199,llama3.1:8b,34.0,6588,996654,258.95,10.65,.088819,51.907306
1786591251,llama3.1:8b,37.0,6595,800000,258.92,10.71,.088827,49.917388
1786591301,llama3.1:8b,37.0,6598,800000,261.11,10.75,.088082,54.405942
1786591356,llama3.1:8b,37.0,6601,2600000,254.62,10.65,.090328,65.782266
1786591423,llama3.1:8b,35.0,6595,2335697,251.87,10.69,.091315,51.418934
1786591475,llama3.1:8b,37.0,6595,800000,257.96,10.72,.089160,54.540109
1786591530,llama3.1:8b,37.0,6599,800000,249.11,10.65,.092327,52.911675
1786591583,llama3.1:8b,37.0,6601,800000,246.64,10.64,.093250,60.003707
1786591644,llama3.1:8b,37.0,6607,1779335,250.59,10.67,.091782,52.813778
1786591697,llama3.1:8b,37.0,6600,815683,260.31,10.82,.088355,46.746290
1786591744,llama3.1:8b,37.0,6596,800000,264.25,10.65,.087036,51.505585
1786591796,llama3.1:8b,37.0,6599,1599447,256.48,10.71,.089674,60.953107
1786591858,llama3.1:8b,37.0,6597,800000,252.46,10.73,.091101,62.252623
1786591920,llama3.1:8b,37.0,6598,868596,250.49,10.60,.091817,66.005470
1786591987,llama3.1:8b,37.0,6602,1601138,261.39,10.60,.087990,62.113096
1786592049,llama3.1:8b,37.0,6597,1074144,249.76,10.61,.092087,61.437397
1786592111,llama3.1:8b,37.0,6595,2158744,241.22,10.62,.095345,57.872808
1786592170,llama3.1:8b,36.0,6605,798868,258.02,10.72,.089137,53.878091
1786592224,llama3.1:8b,37.0,6595,1200000,259.33,10.89,.088688,49.821797
1786592274,llama3.1:8b,36.0,6596,800000,261.25,10.80,.088037,54.532386
1786592329,llama3.1:8b,37.0,6603,800852,261.62,10.74,.087911,60.414402
1786592390,llama3.1:8b,37.0,6594,798641,257.56,10.71,.089299,49.083228
1786592440,llama3.1:8b,37.0,6600,1013464,257.83,10.87,.089202,44.229693
1786592485,llama3.1:8b,36.0,6602,2503419,259.02,10.75,.088795,49.481224
1786592535,llama3.1:8b,37.0,6595,1045573,255.74,10.77,.089932,42.321891
1786592577,llama3.1:8b,36.0,6601,800549,257.64,10.76,.089270,54.450108
1786592632,llama3.1:8b,37.0,6602,985053,259.45,10.77,.088647,49.488950
1786592682,llama3.1:8b,37.0,6598,742975,256.55,10.90,.089649,49.887293
1786592733,llama3.1:8b,37.0,6593,1107774,248.45,10.75,.092573,61.069218
1786592794,llama3.1:8b,37.0,6587,1101694,245.34,10.92,.093743,39.717835
1786592834,llama3.1:8b,37.0,6583,1400000,259.56,10.78,.088609,46.445272
1786592881,llama3.1:8b,38.0,6588,798722,261.96,10.59,.087797,63.641906
1786592945,llama3.1:8b,36.0,6592,800000,237.13,10.64,.096991,55.145897
1786593001,llama3.1:8b,36.0,6583,1440963,255.43,10.77,.090041,70.647580
1786593072,llama3.1:8b,36.0,6603,801174,256.57,10.81,.089643,44.305304
1786593117,llama3.1:8b,37.0,6604,800000,249.85,10.67,.092054,53.420750
1786593171,llama3.1:8b,37.0,6591,2600000,247.62,10.80,.092880,45.063954
1786593217,llama3.1:8b,37.0,6600,800000,255.83,10.69,.089902,53.182223
1786593270,llama3.1:8b,37.0,6591,1807712,257.07,10.69,.089468,59.378911
1786593330,llama3.1:8b,37.0,6594,696094,259.55,10.61,.088611,66.209374
1786593397,llama3.1:8b,37.0,6595,798253,247.82,10.64,.092806,65.207456
1786593463,llama3.1:8b,37.0,6596,798618,262.54,10.59,.087603,58.220721
1786593521,llama3.1:8b,37.0,6595,1370109,259.70,10.64,.088561,60.191015
1786593582,llama3.1:8b,37.0,6598,800000,245.51,10.77,.093679,50.499015
1786593633,llama3.1:8b,36.0,6597,1007352,262.95,10.81,.087468,53.716585
1786593687,llama3.1:8b,33.0,6595,800000,259.69,10.68,.088566,61.390251
1786593749,llama3.1:8b,37.0,6601,799957,269.07,10.60,.085478,62.494470
1786593812,llama3.1:8b,37.0,6597,800000,251.23,10.71,.091547,50.787594
1786593863,llama3.1:8b,36.0,6597,801219,256.66,10.63,.089611,59.898251
1786593924,llama3.1:8b,37.0,6590,1141119,255.95,10.81,.089858,42.336651
1786593967,llama3.1:8b,33.0,6587,801873,270.22,10.66,.085112,57.010014
1786594024,llama3.1:8b,37.0,6590,1000000,232.22,10.81,.099041,58.782036
1786594083,llama3.1:8b,37.0,6583,1060357,242.42,10.76,.094873,49.134755
1786594133,llama3.1:8b,36.0,6597,1792996,249.57,10.83,.092156,43.087652
1786594177,llama3.1:8b,36.0,6591,1046952,248.31,10.72,.092623,51.956341
1786594229,llama3.1:8b,36.0,6591,802105,256.36,10.58,.089714,67.849286
1786594297,llama3.1:8b,34.0,6597,1084556,261.90,10.68,.087816,59.421579
1786594357,llama3.1:8b,37.0,6596,1498516,256.76,10.75,.089575,60.156274
1786594418,llama3.1:8b,37.0,6610,971624,251.91,10.71,.091301,68.031192
1786594487,llama3.1:8b,37.0,6594,669378,256.50,10.63,.089666,74.310245
1786594561,llama3.1:8b,33.0,6605,822975,257.98,10.65,.089154,62.019363
1786594624,llama3.1:8b,37.0,6594,800539,258.28,10.71,.089049,46.213608
1786594671,llama3.1:8b,36.0,6601,798938,258.50,10.62,.088973,58.271688
1786594729,llama3.1:8b,36.0,6596,795335,258.06,10.62,.089126,63.070094
1786594793,llama3.1:8b,36.0,6609,1584383,257.76,10.72,.089229,57.889134
1786594851,llama3.1:8b,37.0,6604,799628,266.95,10.97,.086157,57.138982
1786594909,llama3.1:8b,37.0,6611,844685,266.53,10.89,.086292,51.195173
1786594961,llama3.1:8b,37.0,6604,797435,260.21,10.71,.088388,63.581294
1786595025,llama3.1:8b,37.0,6603,1509259,239.13,10.63,.096178,61.585760
1786595087,llama3.1:8b,37.0,6592,928571,252.95,10.65,.090924,57.704633
1786595145,llama3.1:8b,37.0,6589,2603581,261.60,10.67,.087917,54.433802
1786595200,llama3.1:8b,37.0,6598,1396989,253.50,10.60,.090727,75.684628
1786595276,llama3.1:8b,37.0,6594,800000,267.76,10.83,.085895,44.205021
1786595321,llama3.1:8b,37.0,6598,1027712,273.60,10.69,.084063,60.978053
1786595382,llama3.1:8b,37.0,6596,800000,258.18,10.71,.089084,55.044166
1786595438,llama3.1:8b,36.0,6600,999560,263.28,10.89,.087357,48.017612
1786595486,llama3.1:8b,37.0,6599,1000000,264.92,10.59,.086816,65.225523
1786595552,llama3.1:8b,36.0,6594,799060,256.86,10.80,.089542,51.829872
1786595604,llama3.1:8b,34.0,6591,800175,266.80,10.67,.086206,52.362935
1786595657,llama3.1:8b,37.0,6603,800000,257.59,10.63,.089286,52.551099
1786595710,llama3.1:8b,38.0,6743,2600000,260.31,10.73,.088355,45.635799
1786595756,llama3.1:8b,37.0,6608,798816,259.04,10.76,.088788,50.363598
1786595807,llama3.1:8b,37.0,6613,936842,259.65,10.71,.088579,54.603965
1786595862,llama3.1:8b,37.0,6607,1492247,253.67,10.79,.090665,51.793787
1786595915,llama3.1:8b,37.0,6619,999475,260.08,10.69,.088433,50.754225
1786595966,llama3.1:8b,37.0,6609,2600000,242.63,10.64,.094794,61.789909
1786596028,llama3.1:8b,38.0,6605,2600000,247.18,10.68,.093047,62.165217
1786596091,llama3.1:8b,37.0,6618,800000,262.72,10.76,.087542,63.603341
1786596155,llama3.1:8b,36.0,6611,798738,266.13,10.78,.086420,54.537279
1786596210,llama3.1:8b,37.0,6605,1011935,249.47,10.78,.092192,50.087778
1786596260,llama3.1:8b,37.0,6607,634715,260.27,10.63,.088367,60.745294
1786596322,llama3.1:8b,38.0,6613,800752,263.80,10.63,.087187,60.261851
1786596383,llama3.1:8b,34.0,6612,800000,250.57,10.68,.091790,66.069992
1786596449,llama3.1:8b,37.0,6614,941684,253.18,10.68,.090842,56.059997
1786596506,llama3.1:8b,37.0,6604,1000000,252.99,10.68,.090912,62.051461
1786596568,llama3.1:8b,36.0,6608,1470758,254.02,10.71,.090543,55.455352
1786596624,llama3.1:8b,37.0,6605,1600000,264.32,10.64,.087013,58.068330
1786596683,llama3.1:8b,37.0,6603,1456652,262.89,10.86,.087487,55.323355
1786596739,llama3.1:8b,37.0,6607,798742,249.19,10.65,.092298,69.334839
1786596808,llama3.1:8b,37.0,6610,797132,248.85,10.67,.092424,57.625261
1786596867,llama3.1:8b,35.0,6613,1798316,248.83,11.03,.092431,43.600965
1786596911,llama3.1:8b,37.0,6613,800000,241.94,11.00,.095062,51.161231
1786596962,llama3.1:8b,37.0,6604,800000,255.45,10.80,.090035,53.215496
1786597016,llama3.1:8b,37.0,6607,1803370,256.28,10.65,.089745,59.967279
1786597076,llama3.1:8b,37.0,6607,800000,240.92,10.66,.095466,65.525225
1786597143,llama3.1:8b,37.0,6600,1091304,260.45,10.79,.088305,52.808688
1786597196,llama3.1:8b,37.0,6603,1552570,253.89,10.65,.090589,61.187719
1786597258,llama3.1:8b,37.0,6621,957449,260.80,10.75,.088187,55.402058
1786597313,llama3.1:8b,37.0,6629,1000000,249.77,10.77,.092083,62.259276
1786597376,llama3.1:8b,37.0,6594,800000,261.59,10.62,.087921,68.021552
1786597445,llama3.1:8b,37.0,6599,1325619,244.10,10.98,.094223,49.803038
1786597495,llama3.1:8b,37.0,6589,2302587,255.00,10.68,.090193,57.292746
1786597553,llama3.1:8b,37.0,6599,1234813,247.39,10.67,.092969,56.381547
1786597610,llama3.1:8b,35.0,6597,800339,258.95,10.86,.088817,40.048255
1786597650,llama3.1:8b,34.0,6599,890795,257.65,10.84,.089267,43.349732
1786597694,llama3.1:8b,37.0,6602,801388,256.18,10.73,.089779,54.694010
1786597749,llama3.1:8b,38.0,6606,1600000,264.00,10.74,.087120,52.098042
1786597802,llama3.1:8b,37.0,6612,800000,265.12,10.66,.086751,60.122690
1786597862,llama3.1:8b,36.0,6598,1376249,271.93,10.77,.084578,53.349179
1786597916,llama3.1:8b,37.0,6610,1800000,263.31,10.70,.087346,58.013432
1786597975,llama3.1:8b,37.0,6612,1600000,262.28,10.72,.087689,48.102707
1786598023,llama3.1:8b,36.0,6617,800000,247.18,10.65,.093047,56.239056
1786598080,llama3.1:8b,36.0,6603,1050357,256.75,10.57,.089579,65.816477
1786598146,llama3.1:8b,37.0,6600,1601122,262.75,10.61,.087532,62.906113
1786598210,llama3.1:8b,37.0,6601,1000023,260.73,10.91,.088213,54.673475
1786598265,llama3.1:8b,37.0,6602,946532,252.38,10.62,.091131,64.751172
1786598330,llama3.1:8b,37.0,6601,1043887,252.78,10.55,.090987,66.612677
1786598397,llama3.1:8b,37.0,6606,800000,257.85,10.63,.089196,56.526337
1786598454,llama3.1:8b,37.0,6610,965223,253.03,10.59,.090896,59.108721
1786598514,llama3.1:8b,37.0,6601,800000,253.38,10.70,.090770,44.359609
1786598559,llama3.1:8b,37.0,6610,1741743,254.71,10.62,.090295,57.615467
1786598617,llama3.1:8b,37.0,6614,1888736,261.99,10.60,.087786,62.073607
1786598679,llama3.1:8b,37.0,6606,798807,254.29,10.76,.090445,69.604506
1786598750,llama3.1:8b,37.0,6610,1097482,256.65,10.73,.089612,54.377989
1786598805,llama3.1:8b,37.0,6607,802044,246.95,10.47,.093132,76.551101
1786598882,llama3.1:8b,37.0,6606,801783,265.27,10.69,.086701,59.735882
1786598942,llama3.1:8b,37.0,6612,832760,260.70,10.60,.088223,68.560225
1786599011,llama3.1:8b,37.0,6606,724593,243.15,10.74,.094589,52.791897
1786599064,llama3.1:8b,37.0,6600,800000,250.23,10.62,.091913,65.788744
1786599131,llama3.1:8b,36.0,6598,747152,257.16,10.66,.089435,62.634382
1786599194,llama3.1:8b,37.0,6603,1065092,253.30,10.55,.090799,81.156432
1786599275,llama3.1:8b,37.0,6593,865637,262.77,10.78,.087528,58.417364
1786599334,llama3.1:8b,35.0,6606,800000,262.46,10.58,.087630,70.029227
1786599405,llama3.1:8b,37.0,6597,2600000,248.31,10.59,.092625,63.698014
1786599469,llama3.1:8b,37.0,6600,797269,269.04,10.62,.085488,52.131220
1786599522,llama3.1:8b,36.0,6602,2613265,263.36,10.70,.087332,55.654202
1786599578,llama3.1:8b,37.0,6607,797660,253.63,10.96,.090679,58.074076
1786599636,llama3.1:8b,37.0,6607,744246,255.97,10.83,.089851,54.084923
1786599691,llama3.1:8b,35.0,6602,800000,241.72,10.95,.095149,46.356870
1786599738,llama3.1:8b,37.0,6606,863264,256.90,10.66,.089528,53.528000
1786599792,llama3.1:8b,36.0,6584,917620,255.11,10.87,.090154,53.804987
1786599846,llama3.1:8b,37.0,6593,1071181,252.28,10.81,.091167,52.617082
1786599899,llama3.1:8b,37.0,6592,800016,256.18,10.56,.089780,68.118805
1786599968,llama3.1:8b,36.0,6595,800000,264.56,10.59,.086936,66.442975
1786600035,llama3.1:8b,37.0,6602,845609,265.59,10.80,.086598,58.498052
1786600094,llama3.1:8b,37.0,6614,801128,264.99,10.72,.086793,70.699290
1786600165,llama3.1:8b,37.0,6600,709834,255.60,10.62,.089981,61.638241
1786600227,llama3.1:8b,37.0,6612,802266,262.46,10.50,.087630,73.551791
1786600301,llama3.1:8b,37.0,6606,1467333,260.16,10.60,.088405,60.807077
1786600363,llama3.1:8b,37.0,6613,798562,258.21,10.65,.089072,54.900492
1786600418,llama3.1:8b,37.0,6601,800000,256.83,10.75,.089551,51.221859
1786600470,llama3.1:8b,34.0,6606,800000,252.52,10.86,.091078,50.143804
1786600520,llama3.1:8b,33.0,6596,1015627,253.51,10.63,.090724,60.360008
1786600581,llama3.1:8b,37.0,6595,800000,267.98,10.68,.085825,62.775757
1786600645,llama3.1:8b,37.0,6609,800995,267.61,10.71,.085945,52.453747
1786600698,llama3.1:8b,36.0,6602,797413,244.52,10.74,.094061,56.579751
1786600755,llama3.1:8b,37.0,6614,800000,249.55,10.76,.092165,58.867817
1786600814,llama3.1:8b,37.0,6616,1575778,254.34,10.60,.090430,64.243835
1786600879,llama3.1:8b,37.0,6594,800000,264.42,10.60,.086981,63.384028
1786600943,llama3.1:8b,37.0,6591,2172071,263.29,10.82,.087355,46.116032
1786600989,llama3.1:8b,37.0,6603,962188,253.70,10.70,.090656,53.998619
1786601044,llama3.1:8b,34.0,6606,1404034,256.41,10.72,.089698,50.523084
1786601095,llama3.1:8b,37.0,6608,879580,257.27,10.83,.089397,51.309987
1786601146,llama3.1:8b,37.0,6608,800000,250.12,10.79,.091954,62.246505
1786601209,llama3.1:8b,37.0,6604,1830434,249.86,10.71,.092049,60.304372
1786601270,llama3.1:8b,36.0,6604,2586021,246.37,10.61,.093355,70.753913
1786601341,llama3.1:8b,37.0,6600,1500780,265.72,10.52,.086556,76.091999
1786601418,llama3.1:8b,37.0,6610,990773,255.03,10.62,.090182,63.325324
1786601482,llama3.1:8b,37.0,6608,882082,262.43,10.67,.087641,58.901496
1786601541,llama3.1:8b,37.0,6610,1083385,262.98,10.71,.087456,58.534664
1786601600,llama3.1:8b,37.0,6598,800000,265.22,10.68,.086718,61.946219
1786601663,llama3.1:8b,37.0,6592,934513,260.31,10.58,.088354,64.059018
1786601727,llama3.1:8b,34.0,6602,1085415,255.62,10.81,.089975,55.490382
1786601783,llama3.1:8b,37.0,6601,800000,260.03,10.60,.088450,64.027410
1786601848,llama3.1:8b,37.0,6601,799943,247.84,10.63,.092799,60.930274
1786601909,llama3.1:8b,37.0,6596,2223714,245.89,10.72,.093536,49.529656
1786601959,llama3.1:8b,37.0,6608,2272037,252.50,10.67,.091086,56.771418
1786602017,llama3.1:8b,37.0,6594,1989423,259.97,10.79,.088469,52.413554
1786602069,llama3.1:8b,36.0,6600,798322,271.02,10.65,.084862,68.115104
1786602138,llama3.1:8b,37.0,6603,800779,256.49,10.71,.089669,50.954156
1786602189,llama3.1:8b,37.0,6611,2196106,251.10,10.72,.091596,49.998245
1786602240,llama3.1:8b,37.0,6597,2199501,260.84,10.56,.088174,62.365722
1786602303,llama3.1:8b,37.0,6598,800000,265.68,10.69,.086568,58.995307
1786602362,llama3.1:8b,37.0,6606,800000,247.13,10.64,.093067,65.166968
1786602428,llama3.1:8b,37.0,6602,1084330,253.09,10.57,.090873,62.014542
1786602491,llama3.1:8b,36.0,6599,1378915,254.89,10.62,.090233,56.923255
1786602548,llama3.1:8b,37.0,6599,800000,261.59,10.62,.087922,61.290374
1786602610,llama3.1:8b,37.0,6610,799727,261.94,10.65,.087803,60.056460
1786602670,llama3.1:8b,37.0,6612,1282173,254.75,10.63,.090283,62.732214
1786602734,llama3.1:8b,35.0,6599,2561151,261.78,10.75,.087859,45.553390
1786602780,llama3.1:8b,37.0,6595,957231,258.22,10.56,.089069,67.603908
1786602848,llama3.1:8b,37.0,6596,800000,248.44,10.66,.092576,54.647995
1786602903,llama3.1:8b,37.0,6604,834745,258.57,10.62,.088948,60.504968
1786602964,llama3.1:8b,37.0,6609,800000,260.86,10.63,.088167,62.055551
1786603026,llama3.1:8b,37.0,6605,964584,252.72,10.65,.091007,53.668653
1786603081,llama3.1:8b,34.0,6600,854345,252.63,10.73,.091042,63.459004
1786603145,llama3.1:8b,37.0,6594,801016,257.56,10.72,.089297,60.255183
1786603205,llama3.1:8b,36.0,6596,800446,266.25,10.78,.086382,55.255395
1786603261,llama3.1:8b,37.0,6589,798128,263.60,10.68,.087252,58.028361
1786603320,llama3.1:8b,36.0,6596,1199611,258.38,10.52,.089014,70.286533
1786603390,llama3.1:8b,37.0,6598,800352,259.18,10.58,.088741,69.517848
1786603460,llama3.1:8b,37.0,6599,900582,260.92,10.62,.088146,61.549203
1786603522,llama3.1:8b,37.0,6586,800000,259.70,10.68,.088562,52.242396
1786603575,llama3.1:8b,37.0,6598,800000,250.04,10.55,.091982,64.154413
1786603640,llama3.1:8b,36.0,6598,800000,258.11,10.56,.089107,63.916715
1786603704,llama3.1:8b,37.0,6592,800000,253.64,10.73,.090678,48.727200
1786603754,llama3.1:8b,37.0,6590,1603818,257.09,10.76,.089461,60.125873
1786603814,llama3.1:8b,37.0,6599,858606,264.63,10.66,.086911,62.448343
1786603877,llama3.1:8b,36.0,6596,798019,256.50,10.69,.089665,55.147266
1786603933,llama3.1:8b,37.0,6598,942105,249.58,10.74,.092153,56.280368
1786603990,llama3.1:8b,37.0,6601,800000,253.33,10.63,.090790,67.399731
1786604058,llama3.1:8b,37.0,6601,800000,258.61,10.78,.088934,47.575876
1786604106,llama3.1:8b,37.0,6602,1400000,267.46,10.68,.085993,58.784653
1786604165,llama3.1:8b,37.0,6598,1353896,259.16,10.71,.088746,48.449668
1786604214,llama3.1:8b,37.0,6596,1303598,264.58,10.81,.086927,48.070491
1786604262,llama3.1:8b,37.0,6608,800000,254.41,10.64,.090403,64.157054
1786604327,llama3.1:8b,37.0,6605,1923993,261.00,10.61,.088121,61.411959
1786604389,llama3.1:8b,36.0,6613,799099,249.22,10.77,.092285,58.827632
1786604448,llama3.1:8b,34.0,6639,1400000,256.87,10.76,.089537,48.121655
1786604497,llama3.1:8b,37.0,6621,800000,254.59,10.63,.090338,61.691446
1786604559,llama3.1:8b,37.0,6614,800000,252.63,10.65,.091039,55.478412
1786604615,llama3.1:8b,37.0,6607,800513,247.98,10.61,.092747,62.830219
1786604678,llama3.1:8b,37.0,6607,876566,239.75,10.68,.095932,58.799752
1786604738,llama3.1:8b,34.0,6597,800000,247.04,10.69,.093101,58.997582
1786604797,llama3.1:8b,37.0,6599,841168,260.91,10.95,.088150,47.837445
1786604846,llama3.1:8b,37.0,6605,1240688,253.98,10.85,.090556,44.944794
1786604891,llama3.1:8b,37.0,6605,800681,261.27,10.73,.088028,61.041828
1786604952,llama3.1:8b,37.0,6617,800000,258.86,10.57,.088851,61.074516
1786605014,llama3.1:8b,37.0,6605,997863,256.85,10.65,.089545,58.481016
1786605073,llama3.1:8b,37.0,6611,800000,266.15,10.70,.086416,58.379096
1786605132,llama3.1:8b,37.0,6608,795536,262.31,10.68,.087680,57.947418
1786605190,llama3.1:8b,37.0,6611,1100718,267.52,11.04,.085973,46.728816
1786605238,llama3.1:8b,37.0,6614,1220532,262.56,10.60,.087597,66.467111
1786605305,llama3.1:8b,36.0,6615,800000,267.33,10.71,.086033,58.993387
1786605364,llama3.1:8b,37.0,6596,799150,255.61,10.75,.089979,54.110957
1786605419,llama3.1:8b,37.0,6604,801028,257.86,10.83,.089193,52.216023
1786605471,llama3.1:8b,37.0,6604,964927,253.30,10.75,.090797,58.304282
1786605530,llama3.1:8b,37.0,6603,2603773,236.41,10.82,.097284,64.134237
1786605595,llama3.1:8b,37.0,6611,624479,263.92,10.72,.087145,48.293422
1786605644,llama3.1:8b,36.0,6607,800000,263.91,10.66,.087149,56.820751
1786605701,llama3.1:8b,38.0,6602,799628,255.15,10.61,.090141,62.737249
1786605764,llama3.1:8b,36.0,6610,800000,254.89,10.66,.090233,59.083962
1786605824,llama3.1:8b,36.0,6607,1098305,264.02,10.63,.087112,61.698868
1786605886,llama3.1:8b,37.0,6599,1168595,262.98,10.75,.087458,59.213031
1786605946,llama3.1:8b,37.0,6608,1000508,252.70,10.64,.091013,60.981309
1786606007,llama3.1:8b,37.0,6610,1380480,244.65,10.62,.094009,67.544804
1786606075,llama3.1:8b,37.0,6597,664485,261.62,10.61,.087913,66.042497
1786606142,llama3.1:8b,36.0,6603,2603016,257.91,10.75,.089175,48.791924
1786606191,llama3.1:8b,37.0,6600,800000,248.67,10.68,.092491,63.534092
1786606255,llama3.1:8b,37.0,6598,1008784,259.92,10.62,.088485,70.428345
1786606326,llama3.1:8b,37.0,6608,1500000,260.77,10.76,.088200,50.368462
1786606377,llama3.1:8b,37.0,6608,800067,252.96,10.67,.090923,57.075844
1786606435,llama3.1:8b,37.0,6599,1006585,256.53,10.97,.089657,51.595056
1786606487,llama3.1:8b,37.0,6605,800962,252.57,10.64,.091062,70.860321
1786606558,llama3.1:8b,37.0,6600,2292675,253.32,10.73,.090792,66.589860
1786606625,llama3.1:8b,37.0,6605,800000,252.91,10.66,.090938,59.658482
1786606685,llama3.1:8b,37.0,6601,1035913,256.30,10.72,.089735,54.445406
1786606740,llama3.1:8b,38.0,6604,799500,261.90,10.55,.087819,68.679294
1786606809,llama3.1:8b,37.0,6610,800000,252.38,10.69,.091130,63.569730
1786606874,llama3.1:8b,36.0,6612,1108056,255.37,10.64,.090062,62.547765
1786606937,llama3.1:8b,37.0,6599,982041,249.35,10.60,.092237,60.988401
1786606998,llama3.1:8b,36.0,6607,1327226,256.08,10.59,.089815,63.121853
1786607062,llama3.1:8b,37.0,6601,798852,251.62,10.80,.091405,56.800498
1786607119,llama3.1:8b,37.0,6608,1366914,243.29,10.73,.094536,59.170272
1786607179,llama3.1:8b,37.0,6609,635325,257.62,10.84,.089275,44.448323
1786607224,llama3.1:8b,37.0,6609,1200000,247.54,10.66,.092912,56.450242
1786607281,llama3.1:8b,37.0,6617,1050582,260.46,10.82,.088303,56.442238
1786607337,llama3.1:8b,37.0,6605,1494755,267.26,10.59,.086056,72.784095
1786607411,llama3.1:8b,37.0,6606,800000,255.14,10.69,.090145,61.136613
1786607472,llama3.1:8b,37.0,6603,797590,256.70,10.87,.089598,46.806517
1786607520,llama3.1:8b,37.0,6609,1508921,267.52,10.61,.085973,61.232487
1786607581,llama3.1:8b,37.0,6610,976470,261.70,10.82,.087884,50.368688
1786607632,llama3.1:8b,37.0,6604,1201929,255.19,10.89,.090127,44.804113
1786607678,llama3.1:8b,37.0,6606,1295837,267.30,10.64,.086042,55.611958
1786607734,llama3.1:8b,37.0,6598,1100000,249.84,10.59,.092057,60.141939
1786607794,llama3.1:8b,37.0,6596,1000000,244.80,10.63,.093952,57.562844
1786607852,llama3.1:8b,36.0,6596,800000,254.81,10.63,.090260,61.703279
1786607915,llama3.1:8b,34.0,6605,800000,261.87,10.63,.087827,62.505840
1786607978,llama3.1:8b,37.0,6598,800000,245.87,10.60,.093543,59.397892
1786608038,llama3.1:8b,37.0,6606,1850199,263.39,10.73,.087322,48.982993
1786608087,llama3.1:8b,37.0,6605,801518,264.93,10.54,.086814,65.252840
1786608153,llama3.1:8b,37.0,6604,799084,250.15,10.65,.091941,60.633357
1786608214,llama3.1:8b,36.0,6605,800000,242.71,10.69,.094759,50.046691
1786608264,llama3.1:8b,36.0,6611,813159,244.62,10.71,.094020,59.750020
1786608325,llama3.1:8b,37.0,6604,978293,264.36,10.78,.086999,59.708331
1786608385,llama3.1:8b,37.0,6606,867704,259.11,10.88,.088764,52.560657
1786608438,llama3.1:8b,37.0,6601,800000,248.82,10.69,.092434,68.176361
1786608507,llama3.1:8b,37.0,6606,799436,248.88,10.85,.092413,47.524722
1786608555,llama3.1:8b,37.0,6609,797292,266.64,10.72,.086256,57.432888
1786608613,llama3.1:8b,37.0,6608,800000,261.36,10.80,.088000,57.929054
1786608671,llama3.1:8b,33.0,6604,1653237,262.57,10.96,.087593,51.526870
1786608723,llama3.1:8b,37.0,6606,1403037,241.71,10.83,.095151,57.775596
1786608781,llama3.1:8b,36.0,6605,2600000,256.27,10.76,.089747,58.323565
1786608840,llama3.1:8b,37.0,6607,819645,256.71,10.72,.089594,59.233049
1786608900,llama3.1:8b,37.0,6603,799573,254.84,10.62,.090251,67.034751
1786608968,llama3.1:8b,37.0,6615,1005715,248.37,10.69,.092600,48.639461
1786609017,llama3.1:8b,34.0,6608,800000,265.64,10.66,.086580,57.565550
1786609075,llama3.1:8b,37.0,6608,1500000,257.27,10.61,.089398,59.427166
1786609135,llama3.1:8b,37.0,6609,801265,254.16,10.70,.090494,51.109100
1786609186,llama3.1:8b,37.0,6600,800000,258.39,10.61,.089011,65.851088
1786609253,llama3.1:8b,37.0,6595,1760592,264.41,10.79,.086983,47.901683
1786609301,llama3.1:8b,37.0,6605,799127,256.37,10.73,.089712,61.366152
1786609363,llama3.1:8b,36.0,6601,710607,253.52,10.72,.090721,49.143557
1786609412,llama3.1:8b,37.0,6607,692850,261.94,10.88,.087805,46.869447
1786609460,llama3.1:8b,37.0,6609,657052,248.94,10.70,.092388,57.344748
1786609518,llama3.1:8b,37.0,6613,1415503,252.28,10.83,.091167,48.467382
1786609567,llama3.1:8b,37.0,6611,800000,262.71,10.63,.087548,62.427147
1786609630,llama3.1:8b,37.0,6606,1900000,253.43,10.72,.090751,54.460177
1786609685,llama3.1:8b,36.0,6612,1405322,258.12,10.73,.089105,49.741140
1786609735,llama3.1:8b,37.0,6611,1149304,265.53,10.59,.086618,62.695830
1786609798,llama3.1:8b,37.0,6594,973831,254.02,10.49,.090543,75.428892
1786609874,llama3.1:8b,37.0,6605,800000,248.36,10.56,.092604,67.509194
1786609942,llama3.1:8b,37.0,6598,1200000,245.33,10.69,.093750,48.431447
1786609991,llama3.1:8b,37.0,6597,1498516,244.89,10.67,.093918,52.760711
1786610044,llama3.1:8b,36.0,6595,800341,254.18,10.73,.090485,50.469779
1786610095,llama3.1:8b,38.0,6602,800000,252.84,10.52,.090966,70.860368
1786610166,llama3.1:8b,37.0,6606,800000,265.06,10.61,.086771,62.629087
1786610230,llama3.1:8b,37.0,6596,1204070,255.87,10.82,.089888,53.389017
1786610284,llama3.1:8b,37.0,6609,783666,249.47,10.70,.092194,60.609724
1786610345,llama3.1:8b,37.0,6604,1304347,252.27,10.67,.091171,54.780981
1786610400,llama3.1:8b,37.0,6603,800693,250.77,10.83,.091717,51.112510
1786610452,llama3.1:8b,37.0,6614,2605936,257.91,10.69,.089177,54.982586
1786610507,llama3.1:8b,36.0,6602,778676,256.34,10.65,.089722,59.335998
1786610567,llama3.1:8b,37.0,6603,1187690,258.35,10.60,.089023,62.819462
1786610630,llama3.1:8b,34.0,6603,800000,263.29,10.69,.087353,57.769158
1786610688,llama3.1:8b,37.0,6607,704870,258.64,10.62,.088925,62.565343
1786610752,llama3.1:8b,36.0,6606,1410572,264.34,10.65,.087008,53.312714
1786610805,llama3.1:8b,37.0,6602,1975000,260.13,10.66,.088414,58.968466
1786610865,llama3.1:8b,37.0,6606,799008,250.07,10.58,.091971,64.162893
1786610929,llama3.1:8b,37.0,6598,1071152,265.08,10.69,.086765,51.500419
1786610981,llama3.1:8b,37.0,6598,1200000,257.40,10.56,.089352,66.907907
1786611049,llama3.1:8b,33.0,6604,800427,251.91,10.77,.091300,49.081555
1786611098,llama3.1:8b,36.0,6598,856168,259.79,10.96,.088530,46.701297
1786611146,llama3.1:8b,37.0,6599,1129000,244.61,10.60,.094026,66.182768
1786611212,llama3.1:8b,37.0,6590,1533381,266.52,10.74,.086297,54.838019
1786611268,llama3.1:8b,37.0,6595,800000,259.84,10.70,.088514,60.704124
1786611329,llama3.1:8b,37.0,6596,1327041,270.93,10.79,.084891,50.488185
1786611380,llama3.1:8b,37.0,6608,800000,254.83,10.54,.090252,74.192604
1786611455,llama3.1:8b,37.0,6614,799236,247.16,10.70,.093056,60.538132
1786611516,llama3.1:8b,37.0,6607,800393,258.60,10.70,.088937,56.414494
1786611573,llama3.1:8b,37.0,6607,2595918,262.32,10.64,.087675,64.084984
1786611637,llama3.1:8b,34.0,6650,957886,254.88,10.73,.090238,61.207109
1786611699,llama3.1:8b,37.0,6613,800000,248.33,10.87,.092615,63.541824
1786611763,llama3.1:8b,37.0,6616,1000000,267.19,10.72,.086078,56.712241
1786611820,llama3.1:8b,37.0,6611,801320,259.82,10.74,.088522,59.571064
1786611880,llama3.1:8b,34.0,6617,800000,256.05,10.63,.089823,69.189298
1786611950,llama3.1:8b,37.0,6798,1331876,264.22,10.77,.087047,57.339045
1786612008,llama3.1:8b,37.0,6612,1013608,261.02,10.69,.088114,59.191286
1786612067,llama3.1:8b,37.0,6615,800000,255.70,10.82,.089949,57.114589
1786612125,llama3.1:8b,36.0,6609,800000,253.40,10.90,.090764,50.516101
1786612176,llama3.1:8b,37.0,6615,798682,268.15,10.66,.085772,57.690586
1786612234,llama3.1:8b,37.0,6613,799026,259.89,10.72,.088498,53.260530
1786612288,llama3.1:8b,37.0,6596,799502,253.30,10.70,.090799,62.500204
1786612351,llama3.1:8b,36.0,6606,1077568,260.41,10.57,.088321,65.057621
1786612417,llama3.1:8b,37.0,6607,1000373,249.05,10.60,.092347,63.579037
1786612481,llama3.1:8b,36.0,6612,760784,246.32,10.78,.093370,52.470809
1786612534,llama3.1:8b,37.0,6606,800000,262.59,10.81,.087588,60.401456
1786612595,llama3.1:8b,37.0,6604,2095981,256.12,10.84,.089798,51.724290
1786612647,llama3.1:8b,37.0,6601,944096,254.99,10.62,.090197,58.749611
1786612706,llama3.1:8b,37.0,6610,1321310,247.38,10.58,.092973,68.585210
1786612775,llama3.1:8b,37.0,6609,800000,262.15,10.67,.087733,57.516037
1786612833,llama3.1:8b,36.0,6613,797423,255.82,10.78,.089906,49.047223
1786612883,llama3.1:8b,37.0,6610,798550,264.49,10.62,.086957,61.817538
1786612945,llama3.1:8b,37.0,6607,800000,258.93,10.64,.088827,59.257515
1786613005,llama3.1:8b,37.0,6611,1389280,263.68,10.73,.087226,63.821788
1786613069,llama3.1:8b,36.0,6612,798940,261.32,10.84,.088012,42.611972
1786613112,llama3.1:8b,36.0,6614,800000,258.98,10.69,.088808,55.928284
1786613169,llama3.1:8b,34.0,6609,1596544,269.69,10.79,.085282,51.604270
1786613221,llama3.1:8b,37.0,6612,892015,263.05,10.70,.087433,53.131287
1786613274,llama3.1:8b,34.0,6613,800000,267.40,10.71,.086012,51.402274
1786613326,llama3.1:8b,37.0,6617,798740,248.91,10.85,.092401,53.706660
1786613380,llama3.1:8b,37.0,6611,800000,263.89,10.79,.087155,50.693409
1786613432,llama3.1:8b,37.0,6613,800000,245.48,10.66,.093692,59.096054
1786613491,llama3.1:8b,37.0,6622,799311,251.03,10.49,.091619,74.903310
1786613567,llama3.1:8b,37.0,6605,800955,258.29,10.71,.089046,49.845492
1786613617,llama3.1:8b,36.0,6589,800000,250.39,10.69,.091855,58.366179
1786613676,llama3.1:8b,36.0,6601,798608,256.74,10.63,.089581,58.953524
1786613735,llama3.1:8b,36.0,6604,929689,248.01,10.70,.092738,51.355605
1786613787,llama3.1:8b,36.0,6612,1500000,253.96,10.93,.090563,44.355825
1786613832,llama3.1:8b,37.0,6603,800000,259.33,10.58,.088687,58.465872
1786613891,llama3.1:8b,33.0,6608,801219,260.04,10.57,.088446,65.548995
1786613957,llama3.1:8b,37.0,6607,800362,255.61,10.54,.089977,71.103399
1786614029,llama3.1:8b,36.0,6613,1021847,245.85,10.74,.093551,55.913698
1786614085,llama3.1:8b,36.0,6612,800000,255.81,10.66,.089910,57.500037
1786614143,llama3.1:8b,33.0,6618,1019714,249.23,10.63,.092284,62.703603
1786614206,llama3.1:8b,35.0,6606,1007238,256.49,10.68,.089671,59.447449
1786614266,llama3.1:8b,37.0,6595,1024537,268.56,10.82,.085640,53.597254
1786614320,llama3.1:8b,37.0,6600,801000,260.55,10.69,.088274,61.977912
1786614383,llama3.1:8b,34.0,6603,826163,255.48,10.65,.090023,57.555507
1786614441,llama3.1:8b,33.0,6604,1199361,261.14,10.58,.088072,60.914471
1786614502,llama3.1:8b,36.0,6617,1806854,264.97,10.63,.086801,59.448072
1786614562,llama3.1:8b,34.0,6611,800000,255.16,10.74,.090139,55.288440
1786614618,llama3.1:8b,37.0,6596,1021268,252.90,10.79,.090942,49.737664
1786614668,llama3.1:8b,37.0,6606,1590690,246.86,10.68,.093167,48.867457
1786614718,llama3.1:8b,36.0,6598,1387543,251.78,10.70,.091349,50.240621
1786614768,llama3.1:8b,36.0,6607,782491,253.01,10.57,.090905,66.600196
1786614835,llama3.1:8b,37.0,6606,1242549,257.56,10.68,.089297,58.091855
1786614894,llama3.1:8b,36.0,6599,799598,262.73,10.54,.087542,66.483711
1786614961,llama3.1:8b,34.0,6608,1087406,245.49,10.71,.093688,57.580078
1786615019,llama3.1:8b,37.0,6598,1500930,248.32,10.76,.092619,43.929956
1786615064,llama3.1:8b,36.0,6599,1200000,249.54,10.59,.092167,61.343280
1786615125,llama3.1:8b,37.0,6614,1778741,244.10,10.70,.094221,59.034699
1786615185,llama3.1:8b,37.0,6605,800711,252.09,10.54,.091236,66.649863
1786615252,llama3.1:8b,37.0,6607,798634,250.54,10.69,.091799,59.396938
1786615312,llama3.1:8b,34.0,6610,885367,252.91,10.69,.090938,56.287950
1786615369,llama3.1:8b,37.0,6601,1197826,257.00,10.66,.089491,56.094381
1786615425,llama3.1:8b,37.0,6603,793416,250.09,10.59,.091966,60.384897
1786615486,llama3.1:8b,37.0,6606,1942647,238.08,10.65,.096605,55.640291
1786615542,llama3.1:8b,37.0,6607,1000000,246.35,10.60,.093362,62.223890
1786615605,llama3.1:8b,37.0,6611,1598862,255.82,10.74,.089904,50.795525
1786615657,llama3.1:8b,36.0,6610,873265,258.98,10.60,.088807,61.742962
1786615719,llama3.1:8b,37.0,6618,1488117,259.61,10.73,.088592,66.967192
1786615786,llama3.1:8b,37.0,6607,799111,267.21,10.77,.086072,54.309369
1786615841,llama3.1:8b,37.0,6611,1100000,250.65,10.79,.091761,58.068728
1786615900,llama3.1:8b,37.0,6604,799508,255.98,10.64,.089850,60.775275
1786615961,llama3.1:8b,37.0,6599,666544,253.44,10.69,.090749,55.252655
1786616017,llama3.1:8b,36.0,6598,800000,258.05,10.63,.089129,62.715935
1786616080,llama3.1:8b,34.0,6595,1893644,248.83,10.63,.092431,56.966585
1786616137,llama3.1:8b,37.0,6604,1196595,252.16,10.65,.091208,58.465976
1786616196,llama3.1:8b,36.0,6600,800272,263.51,10.71,.087280,51.443545
1786616248,llama3.1:8b,36.0,6607,801978,258.61,10.67,.088934,53.218308
1786616302,llama3.1:8b,37.0,6610,800000,250.86,10.72,.091683,54.359825
1786616357,llama3.1:8b,37.0,6608,1134892,255.16,10.55,.090136,63.691084
1786616421,llama3.1:8b,37.0,6609,1189282,252.56,10.75,.091064,59.695573
1786616481,llama3.1:8b,36.0,6616,798545,265.89,10.79,.086501,51.597381
1786616533,llama3.1:8b,36.0,6611,1103453,264.11,10.69,.087083,60.602963
1786616594,llama3.1:8b,36.0,6595,798800,244.88,10.56,.093922,67.678450
1786616663,llama3.1:8b,36.0,6613,797777,249.85,10.76,.092054,53.974275
1786616717,llama3.1:8b,33.0,6615,800000,268.46,10.70,.085672,59.056388
1786616777,llama3.1:8b,37.0,6614,1206256,252.93,10.74,.090931,53.061866
1786616830,llama3.1:8b,37.0,6607,822301,259.20,10.65,.088732,57.701664
1786616888,llama3.1:8b,37.0,6598,1012441,238.30,10.65,.096514,55.650041
1786616945,llama3.1:8b,37.0,6609,635137,243.82,10.58,.094331,67.004249
1786617012,llama3.1:8b,37.0,6598,1242922,249.96,10.66,.092013,64.332842
1786617077,llama3.1:8b,37.0,6601,798751,262.55,10.69,.087602,55.089633
1786617133,llama3.1:8b,37.0,6613,1100000,265.00,10.63,.086791,56.895485
1786617190,llama3.1:8b,37.0,6606,800000,260.04,10.61,.088447,54.744309
1786617245,llama3.1:8b,37.0,6607,799286,260.40,10.67,.088324,59.019549
1786617305,llama3.1:8b,37.0,6613,1066666,257.89,10.79,.089184,63.915199
1786617369,llama3.1:8b,37.0,6610,1055639,272.16,10.77,.084507,62.848370
1786617433,llama3.1:8b,37.0,6601,800000,259.77,10.80,.088538,57.584451
1786617491,llama3.1:8b,37.0,6607,802105,248.53,10.70,.092543,62.316931
1786617553,llama3.1:8b,37.0,6603,800000,257.23,10.94,.089413,45.673062
1786617600,llama3.1:8b,37.0,6607,798848,262.90,10.72,.087485,56.335712
1786617656,llama3.1:8b,37.0,6608,800188,250.21,10.50,.091922,71.472873
1786617728,llama3.1:8b,37.0,6609,1487076,252.53,10.61,.091075,58.493776
1786617787,llama3.1:8b,34.0,6606,800178,246.80,10.58,.093191,66.209532
1786617854,llama3.1:8b,37.0,6620,867340,264.73,10.65,.086879,57.152115
1786617912,llama3.1:8b,37.0,6615,800000,266.32,10.58,.086361,68.850288
1786617981,llama3.1:8b,37.0,6607,800000,249.23,10.59,.092280,64.347482
1786618046,llama3.1:8b,37.0,6607,800000,241.93,10.51,.095068,65.034143
1786618112,llama3.1:8b,37.0,6610,1510569,257.58,10.74,.089290,56.964834
1786618169,llama3.1:8b,36.0,6604,801075,241.04,10.76,.095416,61.407092
1786618231,llama3.1:8b,36.0,6609,800000,263.48,10.76,.087289,47.753648
1786618279,llama3.1:8b,37.0,6609,855788,248.56,10.65,.092529,59.994248
1786618340,llama3.1:8b,34.0,6616,797683,248.50,10.71,.092553,49.170254
1786618389,llama3.1:8b,37.0,6618,1066809,249.60,10.79,.092145,44.845546
1786618435,llama3.1:8b,37.0,6618,1806887,263.58,10.50,.087259,76.057932
1786618511,llama3.1:8b,38.0,6617,1000441,253.18,10.73,.090841,54.953200
1786618567,llama3.1:8b,37.0,6620,799598,261.36,10.68,.087999,64.775798
1786618632,llama3.1:8b,37.0,6609,800000,245.28,10.71,.093768,61.226803
1786618694,llama3.1:8b,37.0,6610,1482864,254.97,10.76,.090205,50.929190
1786618745,llama3.1:8b,37.0,6614,800000,260.66,10.75,.088236,57.547550
1786618803,llama3.1:8b,37.0,6623,1398997,248.17,10.57,.092678,68.104491
1786618872,llama3.1:8b,34.0,6656,1400000,258.81,10.60,.088866,61.387210
1786618934,llama3.1:8b,37.0,6660,800000,249.80,10.57,.092071,71.303275
1786619006,llama3.1:8b,37.0,6610,800000,251.50,10.50,.091449,73.891847
1786619080,llama3.1:8b,37.0,6613,800000,255.38,10.68,.090059,57.459888
1786619138,llama3.1:8b,37.0,6608,797476,246.03,10.72,.093483,56.478216
1786619195,llama3.1:8b,34.0,6608,801159,244.26,10.81,.094160,60.644132
1786619256,llama3.1:8b,35.0,6622,800317,255.78,10.73,.089919,52.002065
1786619309,llama3.1:8b,38.0,6607,1012331,241.63,10.67,.095182,57.348515
1786619367,llama3.1:8b,37.0,6611,800000,262.04,10.63,.087770,64.506899
1786619432,llama3.1:8b,37.0,6618,800000,256.71,10.60,.089591,64.196632
1786619496,llama3.1:8b,34.0,6617,1125996,255.54,10.59,.090003,59.564742
1786619556,llama3.1:8b,37.0,6613,998313,264.78,10.76,.086863,54.234445
1786619611,llama3.1:8b,38.0,6620,800000,266.25,10.63,.086383,64.596702
1786619676,llama3.1:8b,37.0,6598,1001308,252.63,10.73,.091041,51.895168
1786619729,llama3.1:8b,37.0,6600,799431,261.00,10.65,.088121,56.504964
1786619786,llama3.1:8b,37.0,6605,1579332,243.24,10.57,.094554,66.501464
1786619853,llama3.1:8b,37.0,6606,979427,263.27,10.63,.087362,62.926307
1786619916,llama3.1:8b,37.0,6598,1100000,257.88,10.73,.089188,61.462699
1786619978,llama3.1:8b,36.0,6609,1549211,250.16,10.63,.091938,61.788463
1786620040,llama3.1:8b,37.0,6606,1343654,252.91,10.72,.090941,55.502744
1786620096,llama3.1:8b,36.0,6613,2178019,251.54,10.77,.091434,49.445072
1786620146,llama3.1:8b,37.0,6608,800000,259.70,10.64,.088563,63.036959
1786620210,llama3.1:8b,37.0,6619,2600000,268.49,10.55,.085662,68.719680
1786620279,llama3.1:8b,37.0,6607,800000,252.63,10.71,.091040,59.823971
1786620339,llama3.1:8b,37.0,6601,799244,251.30,10.63,.091522,62.807556
1786620403,llama3.1:8b,37.0,6615,1519059,258.54,10.66,.088959,54.944711
1786620458,llama3.1:8b,37.0,6600,2184803,244.85,10.65,.093932,57.913296
1786620517,llama3.1:8b,38.0,6610,800000,256.58,10.57,.089639,66.448036
1786620584,llama3.1:8b,37.0,6616,798910,259.96,10.65,.088472,56.011226
1786620640,llama3.1:8b,37.0,6609,800000,256.07,10.68,.089816,49.394532
1786620690,llama3.1:8b,37.0,6616,799462,249.49,10.73,.092184,55.729824
1786620746,llama3.1:8b,35.0,6609,919743,259.39,10.69,.088666,54.804399
1786620802,llama3.1:8b,37.0,6612,800797,252.41,10.63,.091121,60.385531
1786620862,llama3.1:8b,37.0,6613,1615505,264.82,10.69,.086848,51.314104
1786620914,llama3.1:8b,37.0,6615,1877790,262.65,10.84,.087567,47.502053
1786620962,llama3.1:8b,37.0,6605,1510710,253.92,10.74,.090578,57.897841
1786621021,llama3.1:8b,37.0,6606,800009,267.30,10.87,.086044,47.614080
1786621069,llama3.1:8b,37.0,6612,850635,261.36,10.74,.087999,56.569397
1786621126,llama3.1:8b,37.0,6612,1992000,266.21,10.74,.086397,47.736846
1786621174,llama3.1:8b,37.0,6616,1956466,264.52,10.79,.086948,53.906421
1786621228,llama3.1:8b,37.0,6617,799576,253.30,10.69,.090798,56.500741
1786621285,llama3.1:8b,37.0,6608,799610,253.90,10.84,.090586,52.631148
1786621338,llama3.1:8b,37.0,6616,776349,266.32,11.03,.086360,49.285483
1786621388,llama3.1:8b,38.0,6602,1202620,249.16,10.73,.092307,58.323208
1786621447,llama3.1:8b,36.0,6616,1500000,263.18,10.67,.087389,59.191267
1786621507,llama3.1:8b,35.0,6616,1509861,255.67,10.67,.089956,60.800279
1786621568,llama3.1:8b,37.0,6606,1406492,253.29,10.68,.090802,67.856619
1786621636,llama3.1:8b,38.0,6616,1100000,253.23,10.59,.090824,63.154116
1786621700,llama3.1:8b,37.0,6615,800000,248.59,10.87,.092518,52.058663
1786621753,llama3.1:8b,37.0,6617,1186624,251.44,10.65,.091471,52.064755
1786621805,llama3.1:8b,38.0,6603,800000,257.94,10.66,.089164,58.141352
1786621864,llama3.1:8b,35.0,6610,800000,253.66,10.59,.090672,64.534415
1786621929,llama3.1:8b,38.0,6602,1902585,257.12,10.75,.089449,47.625234
1786621977,llama3.1:8b,37.0,6598,800000,243.15,10.81,.094589,48.546500
1786622026,llama3.1:8b,38.0,6616,797333,255.83,10.84,.089900,48.323174
1786622075,llama3.1:8b,38.0,6612,1500000,262.04,10.79,.087772,61.065351
1786622136,llama3.1:8b,37.0,6608,908384,257.17,10.88,.089434,51.975513
1786622189,llama3.1:8b,37.0,6611,1376721,247.21,10.65,.093035,57.880673
1786622247,llama3.1:8b,37.0,6615,1482855,256.06,10.72,.089822,51.741904
1786622299,llama3.1:8b,35.0,6616,1873189,263.24,10.76,.087370,54.784153
1786622355,llama3.1:8b,38.0,6616,863834,256.00,10.83,.089842,52.779298
1786622408,llama3.1:8b,38.0,6607,1471011,239.94,10.87,.095855,59.114398
1786622468,llama3.1:8b,37.0,6604,800000,267.68,10.70,.085920,47.929899
1786622516,llama3.1:8b,37.0,6609,1367332,250.73,10.70,.091730,53.691196
1786622570,llama3.1:8b,37.0,6614,2196585,262.31,10.96,.087682,45.617001
1786622616,llama3.1:8b,37.0,6620,848333,246.53,10.81,.093293,64.532606
1786622681,llama3.1:8b,37.0,6614,1612371,264.25,10.81,.087035,54.756798
1786622737,llama3.1:8b,37.0,6601,1489792,245.58,10.90,.093654,49.508632
1786622787,llama3.1:8b,38.0,6612,800000,254.00,10.61,.090549,60.100862
1786622847,llama3.1:8b,38.0,6618,800000,250.06,10.63,.091975,53.888281
1786622902,llama3.1:8b,37.0,6606,800000,261.57,10.67,.087927,56.836969
1786622959,llama3.1:8b,38.0,6608,800000,254.24,10.88,.090462,60.919023
1786623020,llama3.1:8b,38.0,6610,1491847,264.89,10.84,.086827,58.459112
1786623079,llama3.1:8b,38.0,6616,799244,260.39,10.69,.088326,62.249109
1786623142,llama3.1:8b,37.0,6613,800000,261.34,10.76,.088007,53.601520
1786623196,llama3.1:8b,38.0,6621,1604134,260.87,11.02,.088164,50.886335
1786623248,llama3.1:8b,38.0,6625,808228,266.59,10.79,.086271,61.973699
1786623310,llama3.1:8b,38.0,6607,1130265,271.73,10.74,.084640,59.774774
1786623370,llama3.1:8b,38.0,6609,800000,248.63,10.66,.092505,60.656817
1786623431,llama3.1:8b,38.0,6606,800000,258.13,10.73,.089100,63.153946
1786623495,llama3.1:8b,38.0,6599,1100000,246.69,10.56,.093231,69.396543
1786623565,llama3.1:8b,38.0,6606,1001348,254.73,10.64,.090289,61.555304
1786623627,llama3.1:8b,37.0,6605,1000000,261.35,10.74,.088004,67.475655
1786623695,llama3.1:8b,38.0,6610,797364,261.44,10.95,.087972,50.560799
1786623746,llama3.1:8b,37.0,6609,800000,247.14,10.84,.093062,55.407784
1786623802,llama3.1:8b,38.0,6609,1600000,249.39,10.75,.092223,51.595102
1786623854,llama3.1:8b,38.0,6613,950808,249.20,10.74,.092292,57.056271
1786623912,llama3.1:8b,37.0,6616,799940,244.08,10.58,.094231,58.404149
1786623971,llama3.1:8b,35.0,6612,800000,255.75,10.59,.089930,64.911844
1786624036,llama3.1:8b,38.0,6610,800000,266.18,10.72,.086405,60.674229
1786624097,llama3.1:8b,35.0,6619,1987135,273.65,10.67,.084048,58.536816
1786624156,llama3.1:8b,37.0,6614,798740,260.56,10.75,.088270,51.422782
1786624208,llama3.1:8b,37.0,6616,800000,264.31,10.66,.087017,58.051435
1786624267,llama3.1:8b,38.0,6618,801017,249.84,10.62,.092056,57.511556
1786624325,llama3.1:8b,38.0,6606,976648,252.95,10.57,.090926,64.497177
1786624390,llama3.1:8b,35.0,6606,800000,250.89,10.91,.091673,48.095569
1786624438,llama3.1:8b,38.0,6613,800000,265.04,10.75,.086778,58.569938
1786624497,llama3.1:8b,38.0,6602,800000,265.42,10.69,.086653,56.026551
1786624554,llama3.1:8b,38.0,6622,1008256,264.62,10.75,.086916,55.692043
1786624610,llama3.1:8b,38.0,6641,800000,267.95,10.74,.085836,53.037258
1786624664,llama3.1:8b,38.0,6621,800488,255.96,10.75,.089855,47.796206
1786624712,llama3.1:8b,38.0,6620,1500000,251.55,10.69,.091432,56.577443
1786624769,llama3.1:8b,38.0,6614,937195,260.80,10.64,.088188,62.265665
1786624832,llama3.1:8b,38.0,6613,800000,258.51,10.59,.088968,63.728745
1786624896,llama3.1:8b,38.0,6610,1042272,248.22,10.53,.092658,76.409868
1786624973,llama3.1:8b,38.0,6615,1480891,259.00,10.62,.088802,58.986016
1786625033,llama3.1:8b,38.0,6610,798664,257.19,10.66,.089425,62.186154
1786625095,llama3.1:8b,38.0,6615,1087617,249.47,10.69,.092192,55.471816
1786625151,llama3.1:8b,38.0,6611,1033986,256.64,10.58,.089617,63.773753
1786625215,llama3.1:8b,38.0,6615,984000,251.76,10.76,.091354,46.640638
1786625263,llama3.1:8b,38.0,6614,1187936,264.43,10.64,.086976,63.296531
1786625326,llama3.1:8b,37.0,6608,801125,263.87,10.73,.087161,56.732299
1786625384,llama3.1:8b,35.0,6608,802228,258.90,10.66,.088836,55.310113
1786625439,llama3.1:8b,38.0,6605,800000,242.05,10.65,.095019,59.972560
1786625500,llama3.1:8b,37.0,6612,957086,256.48,10.70,.089673,66.234874
1786625567,llama3.1:8b,37.0,6609,800819,262.85,10.72,.087502,53.589529
1786625621,llama3.1:8b,38.0,6608,800000,253.51,10.73,.090724,51.330328
1786625673,llama3.1:8b,36.0,6607,969415,243.57,10.64,.094425,64.320898
1786625737,llama3.1:8b,38.0,6612,800253,258.54,10.64,.088958,63.129776
1786625801,llama3.1:8b,38.0,6612,800000,254.90,10.85,.090230,52.864354
1786625854,llama3.1:8b,38.0,6614,800000,252.71,10.64,.091011,65.366037
1786625920,llama3.1:8b,37.0,6624,852583,245.00,10.54,.093876,77.062876
1786625998,llama3.1:8b,38.0,6620,799155,249.04,10.60,.092353,60.815230
1786626059,llama3.1:8b,38.0,6641,1127285,255.84,10.69,.089898,50.474847
1786626110,llama3.1:8b,37.0,6640,800000,249.43,10.65,.092208,61.877859
1786626173,llama3.1:8b,38.0,6610,798350,268.09,10.71,.085791,48.990848
1786626222,llama3.1:8b,38.0,6596,2291791,254.35,10.65,.090424,59.231861
1786626282,llama3.1:8b,38.0,6602,1993327,252.33,10.72,.091147,51.668429
1786626334,llama3.1:8b,38.0,6598,800000,263.36,10.67,.087331,67.820973
1786626402,llama3.1:8b,38.0,6596,800000,268.31,10.58,.085719,64.456957
1786626467,llama3.1:8b,38.0,6610,798105,269.07,10.56,.085478,66.166940
1786626534,llama3.1:8b,37.0,6612,799074,263.64,10.70,.087237,64.483354
1786626599,llama3.1:8b,37.0,6618,800811,267.13,10.55,.086100,66.958120
1786626666,llama3.1:8b,38.0,6610,1315044,241.83,10.63,.095104,60.277116
1786626727,llama3.1:8b,37.0,6609,1000000,246.47,10.72,.093315,64.064067
1786626792,llama3.1:8b,38.0,6607,799254,265.26,10.75,.086707,53.764043
1786626846,llama3.1:8b,37.0,6602,998705,263.45,10.70,.087301,53.340518
1786626900,llama3.1:8b,38.0,6603,1479971,246.00,10.63,.093493,64.337104
1786626965,llama3.1:8b,38.0,6610,800000,255.96,10.59,.089854,68.447926
1786627034,llama3.1:8b,37.0,6601,1780517,255.24,10.70,.090109,60.631994
1786627095,llama3.1:8b,38.0,6611,2191470,265.59,10.73,.086597,51.786149
1786627147,llama3.1:8b,38.0,6614,801280,255.91,10.66,.089873,63.075521
1786627211,llama3.1:8b,38.0,6613,798911,263.07,10.74,.087428,58.628924
1786627270,llama3.1:8b,37.0,6615,800619,240.46,10.59,.095648,66.423996
1786627337,llama3.1:8b,38.0,6612,800000,254.29,10.70,.090447,54.435673
1786627392,llama3.1:8b,37.0,6606,2614444,257.23,10.75,.089413,50.398554
1786627443,llama3.1:8b,38.0,6601,800000,264.07,10.71,.087096,52.056064
1786627495,llama3.1:8b,37.0,6608,799805,254.40,10.58,.090407,61.996249
1786627558,llama3.1:8b,38.0,6616,800000,253.25,10.92,.090816,41.737886
1786627600,llama3.1:8b,37.0,6613,1090396,260.35,10.77,.088339,52.346506
1786627653,llama3.1:8b,38.0,6610,798796,265.01,10.79,.086786,57.627315
1786627711,llama3.1:8b,38.0,6615,691938,268.58,10.81,.085633,54.073387
1786627765,llama3.1:8b,38.0,6620,1266411,257.38,10.70,.089359,64.562161
1786627831,llama3.1:8b,38.0,6606,1003174,265.31,10.71,.086688,63.489369
1786627895,llama3.1:8b,38.0,6611,921116,247.43,10.89,.092952,46.239279
1786627941,llama3.1:8b,38.0,6601,1100000,268.38,10.73,.085696,49.821156
1786627992,llama3.1:8b,38.0,6606,800000,254.43,10.64,.090396,61.986364
1786628054,llama3.1:8b,38.0,6616,1122765,257.39,10.68,.089356,60.473430
1786628115,llama3.1:8b,38.0,6611,800000,249.43,10.87,.092206,44.231332
1786628160,llama3.1:8b,38.0,6615,800000,256.47,10.93,.089675,50.104915
1786628210,llama3.1:8b,38.0,6608,1898315,258.90,10.64,.088834,60.128243
1786628271,llama3.1:8b,38.0,6613,1474660,259.96,10.72,.088472,46.978916
1786628318,llama3.1:8b,35.0,6617,1000000,262.61,10.65,.087579,62.976682
1786628382,llama3.1:8b,38.0,6608,800000,260.28,10.79,.088364,54.383526
1786628437,llama3.1:8b,38.0,6607,799467,252.89,10.73,.090946,51.311006
1786628489,llama3.1:8b,38.0,6617,800000,248.04,10.74,.092723,47.663892
1786628537,llama3.1:8b,38.0,6612,2140607,257.22,10.63,.089415,60.628601
1786628598,llama3.1:8b,38.0,6610,1369579,269.37,10.63,.085381,59.612178
1786628658,llama3.1:8b,37.0,6619,1456876,265.88,10.64,.086504,56.946493
1786628715,llama3.1:8b,37.0,6612,800553,234.95,10.78,.097889,45.819669
1786628762,llama3.1:8b,38.0,6621,798927,255.53,10.78,.090005,56.019229
1786628818,llama3.1:8b,38.0,6614,800000,251.69,10.62,.091381,59.603351
1786628878,llama3.1:8b,38.0,6615,1802422,228.81,10.77,.100519,61.704023
1786628941,llama3.1:8b,37.0,6618,800000,260.91,10.64,.088149,57.678484
1786628999,llama3.1:8b,38.0,6617,901149,248.29,10.82,.092631,48.506426
1786629048,llama3.1:8b,38.0,6609,965207,262.68,10.60,.087556,66.277532
1786629114,llama3.1:8b,37.0,6598,1199478,267.04,10.66,.086128,57.361674
1786629172,llama3.1:8b,38.0,6605,2200000,257.24,10.65,.089408,58.392367
1786629231,llama3.1:8b,35.0,6609,1100000,236.80,10.57,.097126,63.355080
1786629295,llama3.1:8b,37.0,6619,935009,250.72,10.67,.091735,52.847372
1786629348,llama3.1:8b,38.0,6613,800000,262.87,10.62,.087494,54.777145
1786629404,llama3.1:8b,38.0,6615,799283,254.69,10.69,.090303,53.688733
1786629458,llama3.1:8b,38.0,6609,1244151,246.49,10.79,.093308,49.273321
1786629508,llama3.1:8b,37.0,6615,800000,252.85,10.66,.090962,61.040633
1786629569,llama3.1:8b,35.0,6620,784075,259.93,10.73,.088482,60.525712
1786629630,llama3.1:8b,38.0,6612,800000,250.38,10.65,.091859,61.029937
1786629692,llama3.1:8b,38.0,6618,1082096,246.83,10.60,.093178,62.242254
1786629755,llama3.1:8b,38.0,6622,800000,256.22,10.70,.089763,64.056398
1786629819,llama3.1:8b,37.0,6610,1184560,261.07,10.74,.088097,50.452302
1786629870,llama3.1:8b,38.0,6606,799459,258.07,10.79,.089122,63.634357
1786629934,llama3.1:8b,38.0,6608,1090943,255.56,10.57,.089997,68.824827
1786630004,llama3.1:8b,37.0,6608,1189092,257.27,10.54,.089397,68.372178
1786630072,llama3.1:8b,38.0,6611,800000,262.60,10.57,.087584,60.527668
1786630133,llama3.1:8b,37.0,6617,1109030,254.11,10.73,.090511,49.445056
1786630183,llama3.1:8b,37.0,6615,2613541,265.54,10.61,.086615,62.063970
1786630246,llama3.1:8b,37.0,6604,800000,267.40,10.88,.086010,50.073981
1786630296,llama3.1:8b,37.0,6613,800000,261.69,10.86,.087889,60.082642
1786630357,llama3.1:8b,38.0,6613,800000,268.22,10.79,.085750,58.738030
1786630416,llama3.1:8b,37.0,6617,799647,259.62,10.64,.088590,55.235681
1786630472,llama3.1:8b,37.0,6616,799991,252.12,10.74,.091225,66.442615
1786630539,llama3.1:8b,37.0,6609,800806,250.28,10.95,.091894,46.737988
1786630586,llama3.1:8b,37.0,6611,998781,249.21,10.69,.092290,62.246414
1786630649,llama3.1:8b,37.0,6611,1409009,257.87,10.66,.089189,56.722466
1786630706,llama3.1:8b,38.0,6618,2294616,248.93,10.76,.092393,51.557671
1786630758,llama3.1:8b,37.0,6617,990436,267.35,10.54,.086027,65.326032
1786630824,llama3.1:8b,37.0,6618,803864,249.00,10.73,.092365,49.631355
1786630874,llama3.1:8b,37.0,6620,800000,255.98,10.63,.089847,60.191817
1786630935,llama3.1:8b,35.0,6611,753323,253.06,10.61,.090884,61.134951
1786630997,llama3.1:8b,37.0,6620,800000,264.89,10.65,.086827,61.210975
1786631058,llama3.1:8b,37.0,6609,669373,249.53,10.70,.092169,50.446216
1786631109,llama3.1:8b,37.0,6614,800000,247.31,10.60,.093000,63.770608
1786631174,llama3.1:8b,37.0,6613,2200000,259.01,10.80,.088796,49.783695
1786631224,llama3.1:8b,37.0,6620,801911,259.50,10.93,.088630,52.655362
1786631277,llama3.1:8b,37.0,6620,800426,259.04,10.73,.088788,68.481870
1786631346,llama3.1:8b,37.0,6606,2173859,267.71,10.83,.085910,48.381169
1786631395,llama3.1:8b,37.0,6621,800000,262.65,10.66,.087566,54.644108
1786631450,llama3.1:8b,37.0,6619,800000,269.42,10.59,.085365,64.574332
1786631515,llama3.1:8b,37.0,6619,874256,252.88,10.73,.090948,51.896002
1786631567,llama3.1:8b,37.0,6610,1093132,247.10,10.84,.093077,59.635920
1786631628,llama3.1:8b,37.0,6611,800000,256.73,10.84,.089585,46.461792
1786631675,llama3.1:8b,38.0,6611,873518,258.08,10.61,.089119,65.391416
1786631740,llama3.1:8b,37.0,6610,800000,242.97,10.61,.094658,65.459808
1786631806,llama3.1:8b,37.0,6617,1406388,255.21,10.71,.090121,51.793426
1786631859,llama3.1:8b,37.0,6611,1583891,243.64,10.56,.094401,70.137755
1786631929,llama3.1:8b,37.0,6613,1505694,261.63,10.58,.087908,61.698167
1786631992,llama3.1:8b,37.0,6623,800000,257.21,10.79,.089420,55.963621
1786632048,llama3.1:8b,35.0,6615,799743,264.06,10.59,.087100,59.354637
1786632108,llama3.1:8b,37.0,6615,2600000,259.49,10.85,.088635,53.085382
1786632161,llama3.1:8b,37.0,6607,1308069,250.83,10.77,.091693,53.376705
1786632215,llama3.1:8b,37.0,6614,1794000,252.56,10.58,.091065,63.296494
1786632279,llama3.1:8b,37.0,6606,881511,253.03,10.63,.090896,59.220963
1786632339,llama3.1:8b,38.0,6621,1400000,249.93,10.64,.092024,60.885873
1786632400,llama3.1:8b,37.0,6617,1271732,262.91,10.78,.087480,56.181682
1786632457,llama3.1:8b,37.0,6619,800000,260.99,10.71,.088125,55.333189
1786632513,llama3.1:8b,37.0,6609,798550,247.26,10.63,.093016,57.478620
1786632571,llama3.1:8b,37.0,6608,800000,247.57,10.61,.092901,55.839519
1786632627,llama3.1:8b,37.0,6619,800000,257.02,10.65,.089485,57.744737
1786632685,llama3.1:8b,37.0,6619,800000,258.42,10.60,.089000,64.308836
1786632750,llama3.1:8b,37.0,6624,800000,273.59,10.64,.084065,66.767295
1786632818,llama3.1:8b,37.0,6619,798336,267.84,10.53,.085871,73.484306
1786632892,llama3.1:8b,37.0,6617,800000,261.68,10.62,.087890,59.977148
1786632952,llama3.1:8b,37.0,6621,800000,266.05,10.66,.086448,54.014596
1786633007,llama3.1:8b,37.0,6621,1332182,268.29,10.70,.085727,64.091588
1786633071,llama3.1:8b,37.0,6617,888937,259.78,10.57,.088533,83.814843
1786633156,llama3.1:8b,37.0,6619,2233663,260.65,10.63,.088238,59.404093
1786633215,llama3.1:8b,37.0,6631,1154817,257.31,10.57,.089385,65.720370
1786633282,llama3.1:8b,37.0,6660,799752,259.21,10.80,.088731,42.187546
1786633324,llama3.1:8b,38.0,6655,1067349,268.52,10.65,.085652,57.896840
1786633383,llama3.1:8b,38.0,6622,2600000,267.28,10.53,.086050,73.098116
1786633456,llama3.1:8b,37.0,6623,892578,256.67,10.59,.089607,65.993268
1786633523,llama3.1:8b,37.0,6624,800000,243.04,10.63,.094634,60.381635
1786633584,llama3.1:8b,37.0,6623,1161179,250.80,10.70,.091705,55.389973
1786633640,llama3.1:8b,37.0,6609,800000,262.21,10.62,.087712,60.043781
1786633700,llama3.1:8b,37.0,6611,1757680,254.73,10.71,.090291,55.338788
1786633756,llama3.1:8b,37.0,6617,800767,256.51,10.88,.089662,58.497809
1786633815,llama3.1:8b,37.0,6613,981256,258.28,10.80,.089049,50.167873
1786633866,llama3.1:8b,37.0,6616,986813,256.35,10.76,.089720,51.838267
1786633918,llama3.1:8b,37.0,6604,1200000,252.50,10.64,.091085,60.328903
1786633979,llama3.1:8b,37.0,6617,801875,236.50,10.60,.097248,61.586255
1786634041,llama3.1:8b,37.0,6613,798987,257.03,10.70,.089480,54.634920
1786634096,llama3.1:8b,37.0,6614,1748263,260.88,10.69,.088162,61.427457
1786634158,llama3.1:8b,37.0,6618,800000,265.68,10.70,.086567,57.724618
1786634216,llama3.1:8b,37.0,6610,2600000,259.58,10.70,.088602,58.474414
1786634275,llama3.1:8b,37.0,6620,903609,261.79,10.60,.087854,59.607814
1786634335,llama3.1:8b,37.0,6620,883363,248.38,10.74,.092597,51.536162
1786634387,llama3.1:8b,38.0,6609,800000,244.89,10.65,.093917,52.646764
1786634440,llama3.1:8b,37.0,6617,801803,262.49,10.61,.087621,61.696183
1786634503,llama3.1:8b,37.0,6616,1501390,264.17,10.58,.087063,58.952733
1786634562,llama3.1:8b,37.0,6610,800000,253.93,10.77,.090572,44.729712
1786634607,llama3.1:8b,35.0,6613,918121,246.48,10.63,.093311,55.104209
1786634663,llama3.1:8b,37.0,6617,1367388,264.03,10.67,.087110,52.009945
1786634715,llama3.1:8b,37.0,6606,1001457,263.52,10.70,.087278,63.030137
1786634779,llama3.1:8b,38.0,6610,1000000,249.20,10.83,.092294,49.002672
1786634828,llama3.1:8b,38.0,6608,1359217,259.77,10.71,.088538,50.565602
1786634879,llama3.1:8b,37.0,6616,800653,262.06,10.57,.087764,63.904516
1786634944,llama3.1:8b,35.0,6613,800000,254.07,10.70,.090526,60.054515
1786635004,llama3.1:8b,37.0,6615,799729,250.16,10.69,.091939,60.678097
1786635066,llama3.1:8b,37.0,6611,800000,248.47,10.66,.092566,55.225840
1786635121,llama3.1:8b,37.0,6622,1400000,253.32,10.68,.090791,53.157881
1786635175,llama3.1:8b,37.0,6611,800000,251.05,10.63,.091612,61.287816
1786635237,llama3.1:8b,37.0,6604,1365780,240.03,10.57,.095817,65.651955
1786635303,llama3.1:8b,37.0,6609,1021449,269.58,10.72,.085314,57.318231
1786635361,llama3.1:8b,38.0,6607,1372349,260.32,10.57,.088352,63.351481
1786635425,llama3.1:8b,37.0,6613,1275603,262.12,10.73,.087744,48.257920
1786635473,llama3.1:8b,37.0,6602,1000841,264.89,10.74,.086828,52.850250
1786635527,llama3.1:8b,37.0,6599,1048712,253.30,10.73,.090801,54.046887
1786635581,llama3.1:8b,37.0,6601,1006718,262.63,10.64,.087572,60.411455
1786635642,llama3.1:8b,36.0,6606,800000,260.94,10.72,.088142,49.696709
1786635692,llama3.1:8b,37.0,6604,800000,270.90,10.70,.084901,52.669563
1786635746,llama3.1:8b,37.0,6605,975152,264.20,10.69,.087055,54.507462
1786635801,llama3.1:8b,37.0,6620,881444,250.03,10.71,.091986,47.875067
1786635849,llama3.1:8b,37.0,6614,996375,247.80,10.73,.092814,61.486240
1786635911,llama3.1:8b,37.0,6626,798722,245.08,10.79,.093845,52.329493
1786635964,llama3.1:8b,38.0,6613,1571341,250.54,10.75,.091798,60.906195
1786636025,llama3.1:8b,37.0,6617,1811514,257.88,10.74,.089186,45.519918
1786636071,llama3.1:8b,37.0,6615,800000,241.16,10.57,.095369,62.196517
1786636134,llama3.1:8b,33.0,6610,800000,273.48,10.61,.084100,62.249838
1786636197,llama3.1:8b,37.0,6604,1165692,265.69,10.60,.086565,71.099101
1786636268,llama3.1:8b,37.0,6609,800000,255.03,10.77,.090182,47.973895
1786636317,llama3.1:8b,37.0,6615,813519,246.93,10.73,.093140,46.679565
1786636364,llama3.1:8b,36.0,6610,798108,255.10,10.71,.090160,60.846339
1786636425,llama3.1:8b,37.0,6609,800000,268.06,10.81,.085799,49.736265
1786636475,llama3.1:8b,36.0,6608,799712,265.70,10.67,.086563,54.450395
1786636530,llama3.1:8b,37.0,6609,798887,249.74,10.54,.092094,67.074941
1786636598,llama3.1:8b,37.0,6616,801141,244.39,10.61,.094108,55.966296
1786636654,llama3.1:8b,36.0,6615,1046919,250.55,10.66,.091796,50.986003
1786636706,llama3.1:8b,37.0,6616,803149,267.76,10.64,.085895,56.574019
1786636763,llama3.1:8b,36.0,6614,1860567,252.34,10.69,.091143,54.218830
1786636818,llama3.1:8b,37.0,6606,799502,261.37,10.69,.087994,58.830908
1786636877,llama3.1:8b,33.0,6610,1117835,252.81,10.94,.090974,44.404279
1786636922,llama3.1:8b,37.0,6613,1063745,248.72,10.68,.092472,63.178955
1786636986,llama3.1:8b,37.0,6612,798353,264.19,10.87,.087055,48.384477
1786637034,llama3.1:8b,37.0,6612,800000,257.79,10.85,.089219,53.518391
1786637088,llama3.1:8b,37.0,6608,798673,258.89,10.65,.088839,66.744180
1786637156,llama3.1:8b,37.0,6603,1100000,247.54,10.55,.092911,66.950923
1786637223,llama3.1:8b,37.0,6615,1565909,260.93,10.58,.088143,66.700213
1786637290,llama3.1:8b,37.0,6622,800000,261.12,10.59,.088078,61.807076
1786637353,llama3.1:8b,35.0,6610,977954,262.13,10.80,.087740,47.585958
1786637401,llama3.1:8b,37.0,6619,797542,258.93,10.63,.088824,55.202881
1786637457,llama3.1:8b,37.0,6618,885606,258.87,10.64,.088845,58.266033
1786637515,llama3.1:8b,37.0,6621,1100000,255.78,10.68,.089919,56.882894
1786637573,llama3.1:8b,37.0,6625,1514315,267.20,10.70,.086077,58.182011
1786637631,llama3.1:8b,37.0,6617,800000,253.33,10.53,.090790,68.925812
1786637701,llama3.1:8b,37.0,6612,1119517,267.56,10.65,.085961,71.056781
1786637772,llama3.1:8b,37.0,6623,1600603,255.75,10.74,.089929,57.498437
1786637830,llama3.1:8b,37.0,6626,1000000,263.42,10.78,.087313,57.841916
1786637889,llama3.1:8b,34.0,6615,1086475,266.13,10.71,.086422,62.441530
1786637952,llama3.1:8b,38.0,6609,1400000,257.72,10.66,.089243,52.871270
1786638005,llama3.1:8b,38.0,6615,1780000,265.68,10.63,.086568,61.878073
1786638067,llama3.1:8b,38.0,6620,801178,266.63,10.59,.086260,73.884983
1786638142,llama3.1:8b,37.0,6613,950791,260.70,10.64,.088221,56.854467
1786638199,llama3.1:8b,37.0,6613,1100000,251.12,10.58,.091588,64.067236
1786638264,llama3.1:8b,37.0,6602,2600000,245.86,10.70,.093548,56.402407
1786638321,llama3.1:8b,37.0,6605,800000,258.39,10.83,.089011,59.732258
1786638381,llama3.1:8b,37.0,6599,2321771,256.81,10.75,.089558,46.870480
1786638428,llama3.1:8b,36.0,6610,798826,248.99,10.74,.092372,57.632022
1786638486,llama3.1:8b,37.0,6612,1160395,256.32,11.03,.089728,44.300223
1786638531,llama3.1:8b,37.0,6612,800000,245.57,10.67,.093657,62.948675
1786638595,llama3.1:8b,34.0,6621,2600000,244.18,10.79,.094190,49.168330
1786638644,llama3.1:8b,37.0,6612,970023,248.08,10.81,.092709,46.893437
1786638692,llama3.1:8b,37.0,6615,800000,249.03,10.63,.092358,63.286581
1786638755,llama3.1:8b,34.0,6618,799795,259.39,10.81,.088667,55.659479
1786638812,llama3.1:8b,37.0,6619,797444,255.82,10.69,.089905,59.187237
1786638871,llama3.1:8b,37.0,6621,801049,244.19,10.68,.094188,56.614930
1786638928,llama3.1:8b,37.0,6613,797601,253.23,10.68,.090823,51.944273
1786638981,llama3.1:8b,37.0,6621,1464021,256.02,10.81,.089836,55.568258
1786639037,llama3.1:8b,37.0,6602,804199,254.08,10.65,.090519,57.905778
1786639095,llama3.1:8b,37.0,6607,1989747,252.76,10.53,.090994,71.884547
1786639168,llama3.1:8b,36.0,6613,800000,260.97,10.57,.088129,61.396482
1786639230,llama3.1:8b,37.0,6622,1062745,254.67,10.64,.090312,67.913650
1786639298,llama3.1:8b,37.0,6611,800000,250.10,10.79,.091959,47.991427
1786639347,llama3.1:8b,37.0,6615,800000,243.42,10.53,.094483,71.095171
1786639418,llama3.1:8b,37.0,6623,800000,259.73,10.49,.088551,74.314745
1786639493,llama3.1:8b,37.0,6619,1230917,256.83,10.65,.089553,56.666634
1786639550,llama3.1:8b,37.0,6613,799747,259.41,10.88,.088661,55.203886
1786639606,llama3.1:8b,37.0,6616,800553,258.94,10.73,.088820,55.057783
1786639661,llama3.1:8b,36.0,6620,800000,250.75,10.81,.091721,63.268713
1786639725,llama3.1:8b,37.0,6614,941884,262.63,10.79,.087574,54.362108
1786639780,llama3.1:8b,37.0,6615,800526,253.51,10.72,.090722,51.114124
1786639832,llama3.1:8b,37.0,6618,800000,267.97,10.51,.085829,70.748970
1786639903,llama3.1:8b,37.0,6621,1032172,246.88,10.67,.093159,59.394619
1786639963,llama3.1:8b,36.0,6617,801045,246.01,10.83,.093489,53.976511
1786640017,llama3.1:8b,37.0,6611,800000,262.24,10.66,.087703,70.310686
1786640088,llama3.1:8b,37.0,6612,919957,249.46,10.74,.092196,58.927653
1786640148,llama3.1:8b,37.0,6612,800000,264.08,10.63,.087094,61.110555
1786640209,llama3.1:8b,36.0,6616,1140672,254.01,10.74,.090547,56.018413
1786640266,llama3.1:8b,33.0,6620,1006205,261.34,10.77,.088006,67.683932
1786640334,llama3.1:8b,37.0,6624,817849,257.80,10.71,.089213,60.832044
1786640395,llama3.1:8b,37.0,6615,1159268,260.18,10.82,.088397,64.675471
1786640461,llama3.1:8b,37.0,6628,2606951,260.29,10.70,.088360,67.612152
1786640529,llama3.1:8b,36.0,6633,801374,257.48,10.74,.089326,48.755625
1786640578,llama3.1:8b,38.0,6627,1438568,249.68,10.72,.092117,54.458110
1786640633,llama3.1:8b,37.0,6624,1201935,254.66,10.51,.090314,67.915574
1786640701,llama3.1:8b,37.0,6617,797333,253.90,10.78,.090583,48.954226
1786640751,llama3.1:8b,37.0,6617,1033388,249.43,10.59,.092209,62.958625
1786640814,llama3.1:8b,37.0,6631,1400000,266.02,10.81,.086457,54.208345
1786640869,llama3.1:8b,37.0,6624,1011893,256.28,10.62,.089744,58.826535
1786640928,llama3.1:8b,37.0,6613,1598788,253.49,10.56,.090731,59.983805
1786640989,llama3.1:8b,37.0,6620,800000,238.89,10.74,.096277,64.990515
1786641054,llama3.1:8b,37.0,6616,1619148,246.92,10.76,.093146,50.981201
1786641106,llama3.1:8b,37.0,6618,1600980,261.00,10.66,.088121,61.046333
1786641167,llama3.1:8b,37.0,6620,1026545,256.20,10.68,.089773,60.660289
1786641228,llama3.1:8b,37.0,6614,1930582,244.24,10.68,.094166,57.906608
1786641287,llama3.1:8b,37.0,6624,820398,257.88,10.63,.089185,59.877969
1786641347,llama3.1:8b,36.0,6617,800000,263.35,10.65,.087335,56.706456
1786641404,llama3.1:8b,37.0,6624,2588936,254.80,10.64,.090264,54.409186
1786641459,llama3.1:8b,37.0,6619,1100710,254.86,10.60,.090244,59.329513
1786641519,llama3.1:8b,37.0,6623,1400000,245.64,10.65,.093631,59.154904
1786641579,llama3.1:8b,38.0,6616,2323428,261.14,10.69,.088073,65.560453
1786641645,llama3.1:8b,37.0,6623,801280,262.24,10.72,.087703,60.988117
1786641706,llama3.1:8b,37.0,6620,747795,253.38,10.61,.090770,61.155066
1786641768,llama3.1:8b,34.0,6626,1600000,258.65,10.70,.088921,53.907639
1786641822,llama3.1:8b,37.0,6613,800000,256.46,10.72,.089680,56.433132
1786641879,llama3.1:8b,37.0,6623,800754,256.30,10.91,.089737,55.141023
1786641935,llama3.1:8b,39.0,6623,1202135,256.51,10.69,.089664,62.466113
1786641998,llama3.1:8b,37.0,6619,802110,261.93,10.66,.087808,60.643803
1786642059,llama3.1:8b,37.0,6620,800000,261.56,10.62,.087933,66.336931
1786642126,llama3.1:8b,37.0,6616,1400000,262.37,10.66,.087661,58.534892
1786642185,llama3.1:8b,37.0,6616,799319,262.92,10.74,.087476,52.123270
1786642238,llama3.1:8b,34.0,6612,800000,260.29,10.62,.088361,66.243531
1786642304,llama3.1:8b,37.0,6602,1490472,254.20,10.77,.090478,60.403481
1786642365,llama3.1:8b,37.0,6606,798958,264.06,10.81,.087098,50.189907
1786642416,llama3.1:8b,37.0,6605,800000,263.22,10.69,.087376,60.281122
1786642477,llama3.1:8b,37.0,6609,800000,261.28,10.66,.088026,53.832474
1786642531,llama3.1:8b,37.0,6612,800000,255.08,10.73,.090167,62.943140
1786642594,llama3.1:8b,37.0,6623,953034,243.43,10.60,.094479,65.175282
1786642660,llama3.1:8b,37.0,6626,800000,250.51,10.54,.091812,67.339490
1786642728,llama3.1:8b,34.0,6614,1960778,266.71,10.58,.086234,64.053379
1786642793,llama3.1:8b,37.0,6604,800000,248.71,10.58,.092475,71.917531
1786642865,llama3.1:8b,37.0,6616,800000,249.31,10.80,.092252,53.045132
1786642919,llama3.1:8b,37.0,6621,998352,260.22,10.57,.088385,70.339854
1786642990,llama3.1:8b,38.0,6614,798659,236.67,10.68,.097178,53.705468
1786643044,llama3.1:8b,37.0,6614,800000,249.02,10.51,.092361,73.623752
1786643118,llama3.1:8b,34.0,6624,800000,261.23,10.72,.088044,51.284353
1786643170,llama3.1:8b,35.0,6617,1400740,265.67,10.66,.086570,58.490663
1786643229,llama3.1:8b,37.0,6619,800000,260.90,10.55,.088154,73.888208
1786643303,llama3.1:8b,38.0,6616,800000,243.74,10.63,.094360,62.824116
1786643366,llama3.1:8b,37.0,6611,1249657,251.25,10.68,.091541,58.517811
1786643425,llama3.1:8b,37.0,6599,1368043,246.41,10.84,.093338,55.334720
1786643481,llama3.1:8b,37.0,6608,799628,257.60,10.73,.089283,52.451888
1786643534,llama3.1:8b,37.0,6616,800000,254.17,10.64,.090487,60.053922
1786643595,llama3.1:8b,37.0,6608,1471212,271.33,10.67,.084767,58.475290
1786643654,llama3.1:8b,38.0,6621,800000,258.41,10.73,.089003,52.144926
1786643706,llama3.1:8b,37.0,6604,800000,264.01,10.61,.087116,68.038362
1786643775,llama3.1:8b,36.0,6624,2038985,263.75,10.67,.087201,68.004911
1786643844,llama3.1:8b,37.0,6621,895708,252.66,10.78,.091031,62.874331
1786643907,llama3.1:8b,37.0,6616,800000,244.55,10.61,.094049,63.013127
1786643970,llama3.1:8b,37.0,6606,804129,250.17,10.61,.091933,62.715384
1786644034,llama3.1:8b,37.0,6615,800000,264.05,10.62,.087103,63.049948
1786644097,llama3.1:8b,37.0,6611,1180271,258.17,10.74,.089088,54.188640
1786644152,llama3.1:8b,37.0,6612,997822,249.77,10.71,.092082,53.863262
1786644206,llama3.1:8b,37.0,6613,1500000,253.53,10.58,.090718,65.440835
1786644272,llama3.1:8b,35.0,6611,2600000,244.00,10.74,.094258,56.473683
1786644329,llama3.1:8b,38.0,6614,1018730,253.59,10.81,.090694,42.181024
1786644372,llama3.1:8b,37.0,6612,1000000,247.36,10.68,.092980,59.522782
1786644432,llama3.1:8b,36.0,6609,802464,246.70,10.56,.093230,67.410764
1786644500,llama3.1:8b,38.0,6606,1489490,252.75,10.64,.090997,63.384832
1786644564,llama3.1:8b,37.0,6620,1169917,245.51,10.83,.093680,50.954741
1786644615,llama3.1:8b,37.0,6616,798896,249.15,10.90,.092313,49.236337
1786644665,llama3.1:8b,37.0,6617,862827,257.51,10.70,.089316,49.032821
1786644714,llama3.1:8b,36.0,6620,861470,251.75,10.64,.091356,65.177773
1786644780,llama3.1:8b,36.0,6611,1769119,262.09,10.74,.087753,61.502568
1786644842,llama3.1:8b,37.0,6613,800000,262.08,10.72,.087757,57.814501
1786644900,llama3.1:8b,37.0,6614,1129674,261.35,10.51,.088002,66.473864
1786644967,llama3.1:8b,37.0,6617,987769,254.27,10.69,.090454,50.872956
1786645019,llama3.1:8b,37.0,6614,800000,259.45,10.69,.088646,53.492305
1786645073,llama3.1:8b,36.0,6612,1400000,268.07,10.58,.085796,62.722121
1786645136,llama3.1:8b,34.0,6615,800000,249.54,10.73,.092169,58.221374
1786645195,llama3.1:8b,35.0,6615,798027,260.90,10.66,.088155,48.004941
1786645243,llama3.1:8b,37.0,6619,1053740,262.11,10.75,.087747,51.047693
1786645295,llama3.1:8b,37.0,6623,2600000,241.77,10.75,.095130,61.255730
1786645357,llama3.1:8b,37.0,6622,801379,255.41,10.68,.090048,59.047424
1786645416,llama3.1:8b,37.0,6617,946925,268.55,10.68,.085643,60.280732
1786645477,llama3.1:8b,37.0,6614,800205,250.96,10.73,.091645,54.790632
1786645532,llama3.1:8b,37.0,6607,2600345,246.74,10.74,.093212,50.791746
1786645583,llama3.1:8b,34.0,6616,801141,258.98,10.60,.088808,59.795640
1786645644,llama3.1:8b,37.0,6618,1361443,267.66,10.69,.085928,46.642077
1786645691,llama3.1:8b,37.0,6612,972455,253.74,10.57,.090643,63.989891
1786645755,llama3.1:8b,37.0,6622,800000,263.94,10.67,.087140,53.316874
1786645809,llama3.1:8b,37.0,6612,1000000,269.68,10.70,.085286,65.512541
1786645875,llama3.1:8b,37.0,6617,848563,255.47,10.71,.090027,55.172824
1786645931,llama3.1:8b,37.0,6614,797076,262.75,10.64,.087534,54.944242
1786645986,llama3.1:8b,36.0,6617,1252988,254.71,10.73,.090295,60.091478
1786646047,llama3.1:8b,37.0,6622,797858,259.02,10.86,.088794,48.247211
1786646096,llama3.1:8b,37.0,6613,799672,252.42,10.71,.091115,56.633577
1786646153,llama3.1:8b,36.0,6606,999402,256.20,10.71,.089771,56.812721
1786646210,llama3.1:8b,37.0,6620,1166688,254.87,10.68,.090238,57.952375
1786646269,llama3.1:8b,33.0,6610,903586,262.21,10.72,.087713,48.305077
1786646317,llama3.1:8b,37.0,6605,800000,240.60,10.62,.095592,57.120884
1786646375,llama3.1:8b,37.0,6613,801554,259.58,10.73,.088603,46.685758
1786646422,llama3.1:8b,37.0,6612,797894,253.67,10.59,.090668,62.364027
1786646485,llama3.1:8b,37.0,6622,800000,243.20,10.70,.094570,60.527957
1786646546,llama3.1:8b,37.0,6621,996575,261.02,10.77,.088113,46.313772
1786646593,llama3.1:8b,37.0,6629,2600000,258.88,10.58,.088843,64.616633
1786646658,llama3.1:8b,37.0,6616,800000,257.12,10.62,.089450,58.747907
1786646717,llama3.1:8b,37.0,6604,800000,247.06,10.71,.093092,57.319258
1786646775,llama3.1:8b,37.0,6609,1491530,263.73,10.80,.087208,51.271477
1786646827,llama3.1:8b,37.0,6618,800000,261.87,10.67,.087826,53.411887
1786646881,llama3.1:8b,37.0,6614,1000000,248.64,10.63,.092500,56.593055
1786646938,llama3.1:8b,34.0,6617,800000,259.22,10.61,.088725,58.128190
1786646996,llama3.1:8b,36.0,6617,800000,259.45,10.66,.088646,68.169612
1786647065,llama3.1:8b,36.0,6612,799589,258.56,10.86,.088953,52.209031
1786647118,llama3.1:8b,37.0,6622,1378646,251.64,10.52,.091399,82.273780
1786647201,llama3.1:8b,36.0,6623,1697794,260.55,10.61,.088273,57.653434
1786647259,llama3.1:8b,37.0,6624,1337528,262.50,10.56,.087617,63.871317
1786647323,llama3.1:8b,37.0,6618,900900,253.39,10.73,.090767,62.417031
1786647386,llama3.1:8b,37.0,6622,798871,259.90,10.63,.088493,60.013322
1786647447,llama3.1:8b,37.0,6612,800000,259.78,10.65,.088535,57.901764
1786647505,llama3.1:8b,36.0,6619,1493325,256.29,10.65,.089741,61.573475
1786647567,llama3.1:8b,37.0,6624,800000,254.93,10.60,.090218,65.916464
1786647634,llama3.1:8b,37.0,6656,1372737,259.94,10.54,.088478,66.839112
1786647701,llama3.1:8b,34.0,6653,1504983,247.98,10.65,.092748,74.636432
1786647776,llama3.1:8b,37.0,6632,800946,250.38,10.78,.091859,52.213165
1786647829,llama3.1:8b,37.0,6621,1869707,251.89,10.65,.091308,61.967026
1786647891,llama3.1:8b,37.0,6625,694710,255.97,10.75,.089851,58.976506
1786647951,llama3.1:8b,37.0,6628,800894,246.96,10.57,.093129,66.368019
1786648018,llama3.1:8b,37.0,6619,1600000,261.37,10.79,.087995,51.673234
1786648070,llama3.1:8b,37.0,6625,1010927,259.28,10.73,.088704,52.924095
1786648123,llama3.1:8b,37.0,6622,1100000,268.78,10.58,.085569,64.641928
1786648188,llama3.1:8b,37.0,6622,799419,268.85,10.82,.085549,67.314369
1786648256,llama3.1:8b,37.0,6623,1004775,261.28,10.67,.088025,62.465260
1786648319,llama3.1:8b,37.0,6625,800000,259.96,10.70,.088473,56.980435
1786648377,llama3.1:8b,37.0,6623,2472193,231.54,10.65,.099331,56.901170
1786648434,llama3.1:8b,36.0,6621,798417,263.86,10.59,.087164,61.463283
1786648496,llama3.1:8b,37.0,6625,2604024,249.75,10.65,.092089,58.491495
1786648555,llama3.1:8b,37.0,6618,2600000,261.93,10.72,.087809,58.156374
1786648614,llama3.1:8b,37.0,6620,802279,252.23,10.62,.091186,64.566511
1786648679,llama3.1:8b,37.0,6618,1185458,252.93,10.67,.090933,54.726136
1786648734,llama3.1:8b,34.0,6622,1441826,255.70,10.80,.089948,54.710635
1786648789,llama3.1:8b,38.0,6619,1483883,266.37,10.68,.086342,58.216392
1786648848,llama3.1:8b,37.0,6624,800000,266.61,10.65,.086265,59.757555
1786648908,llama3.1:8b,37.0,6620,1005082,256.63,10.87,.089620,50.000453
1786648959,llama3.1:8b,35.0,6629,1063696,243.39,10.65,.094495,55.277455
1786649014,llama3.1:8b,37.0,6631,800000,272.95,10.78,.084262,53.975292
1786649069,llama3.1:8b,33.0,6618,1200000,260.36,10.58,.088337,62.048987
1786649131,llama3.1:8b,37.0,6612,819625,257.26,10.67,.089403,51.623800
1786649183,llama3.1:8b,37.0,6626,800000,251.91,10.56,.091301,64.741365
1786649249,llama3.1:8b,37.0,6626,2603874,262.87,10.65,.087494,52.767273
1786649302,llama3.1:8b,36.0,6624,1899925,256.50,10.59,.089667,59.550657
1786649362,llama3.1:8b,33.0,6625,1010161,260.34,10.67,.088345,57.883334
1786649420,llama3.1:8b,36.0,6630,798694,262.76,10.81,.087529,54.548812
1786649475,llama3.1:8b,36.0,6625,798620,254.86,10.68,.090243,58.021277
1786649534,llama3.1:8b,37.0,6623,800000,257.92,10.68,.089172,59.923281
1786649594,llama3.1:8b,37.0,6624,1111552,254.05,10.61,.090530,58.027464
1786649653,llama3.1:8b,37.0,6618,2600000,259.24,10.52,.088718,73.932446
1786649727,llama3.1:8b,37.0,6615,1065636,265.78,10.61,.086534,63.038718
1786649791,llama3.1:8b,37.0,6608,800000,260.06,10.64,.088441,61.343194
1786649853,llama3.1:8b,37.0,6617,800201,263.68,10.44,.087225,83.043803
1786649936,llama3.1:8b,37.0,6617,800000,261.49,10.62,.087954,59.980803
1786649997,llama3.1:8b,37.0,6612,803257,262.40,10.62,.087651,58.088525
1786650056,llama3.1:8b,37.0,6617,2600000,257.87,10.81,.089189,51.154317
1786650107,llama3.1:8b,37.0,6614,692595,252.93,10.57,.090932,69.114478
1786650177,llama3.1:8b,37.0,6615,1498587,248.97,10.67,.092377,57.543305
1786650235,llama3.1:8b,37.0,6612,800352,258.86,10.63,.088847,56.340068
1786650292,llama3.1:8b,37.0,6626,1201762,253.57,10.69,.090703,59.252400
1786650351,llama3.1:8b,37.0,6623,800000,244.99,10.51,.093879,76.528304
1786650429,llama3.1:8b,37.0,6632,1097855,259.73,10.60,.088552,59.695794
1786650489,llama3.1:8b,37.0,6625,800000,250.25,10.60,.091906,59.620968
1786650549,llama3.1:8b,34.0,6623,1400000,255.06,10.68,.090171,57.170765
1786650607,llama3.1:8b,37.0,6626,801126,253.00,10.61,.090906,69.179270
1786650676,llama3.1:8b,37.0,6621,1598404,262.52,10.54,.087611,71.724511
1786650749,llama3.1:8b,38.0,6622,1680737,248.88,10.64,.092411,60.611793
1786650810,llama3.1:8b,34.0,6622,890970,249.88,10.67,.092043,54.311327
1786650864,llama3.1:8b,37.0,6620,1044392,257.23,10.66,.089413,58.703697
1786650924,llama3.1:8b,34.0,6631,1500000,252.38,10.72,.091132,56.326194
1786650981,llama3.1:8b,36.0,6612,800000,263.69,10.58,.087223,67.753697
1786651049,llama3.1:8b,37.0,6622,928177,251.99,10.73,.091272,59.996747
1786651109,llama3.1:8b,37.0,6624,1223788,247.24,11.00,.093023,43.808291
1786651154,llama3.1:8b,37.0,6616,800533,256.08,10.84,.089812,51.457588
1786651206,llama3.1:8b,37.0,6612,799721,254.50,10.63,.090372,59.922932
1786651266,llama3.1:8b,36.0,6616,1488455,252.02,10.64,.091262,62.206600
1786651329,llama3.1:8b,37.0,6610,800000,252.48,10.87,.091095,53.796488
1786651383,llama3.1:8b,37.0,6621,798959,254.15,10.91,.090495,58.358060
1786651442,llama3.1:8b,37.0,6616,1104785,260.82,10.91,.088180,51.783188
1786651494,llama3.1:8b,36.0,6630,1100000,258.66,10.77,.088916,58.675551
1786651553,llama3.1:8b,37.0,6623,1000000,262.71,10.71,.087548,67.224022
1786651621,llama3.1:8b,37.0,6620,1358021,260.95,10.70,.088138,55.697058
1786651677,llama3.1:8b,37.0,6629,800000,261.30,10.65,.088021,62.486722
1786651740,llama3.1:8b,37.0,6619,798988,265.17,10.66,.086735,58.520394
1786651799,llama3.1:8b,37.0,6621,1040420,250.79,10.65,.091709,60.151711
1786651860,llama3.1:8b,37.0,6616,1330379,269.88,10.63,.085221,57.272411
1786651918,llama3.1:8b,37.0,6609,978716,247.04,10.60,.093099,62.825186
1786651981,llama3.1:8b,37.0,6619,1704021,262.20,10.75,.087717,54.755857
1786652036,llama3.1:8b,36.0,6621,800000,235.78,10.69,.097545,56.091645
1786652093,llama3.1:8b,37.0,6616,1594285,258.40,10.77,.089006,61.722936
1786652155,llama3.1:8b,37.0,6625,800000,252.20,10.63,.091196,55.473572
1786652211,llama3.1:8b,37.0,6615,1207122,249.93,10.65,.092023,52.275270
1786652264,llama3.1:8b,37.0,6626,1054637,262.66,10.62,.087562,60.026260
1786652324,llama3.1:8b,37.0,6620,899185,247.09,10.55,.093080,73.200980
1786652398,llama3.1:8b,37.0,6615,779054,262.23,10.62,.087708,58.278246
1786652457,llama3.1:8b,37.0,6626,800814,251.99,10.47,.091270,76.175844
1786652534,llama3.1:8b,37.0,6611,800000,258.84,10.64,.088855,57.938672
1786652592,llama3.1:8b,37.0,6603,1594355,262.35,10.62,.087666,61.619021
1786652654,llama3.1:8b,37.0,6608,894428,270.47,10.65,.085036,60.512001
1786652715,llama3.1:8b,37.0,6616,798303,262.02,10.81,.087778,59.264047
1786652775,llama3.1:8b,37.0,6623,937214,258.48,10.79,.088979,57.436728
1786652833,llama3.1:8b,37.0,6613,802069,242.49,10.80,.094848,54.996725
1786652888,llama3.1:8b,34.0,6615,2600000,251.41,10.59,.091480,62.651290
1786652952,llama3.1:8b,37.0,6611,850443,253.19,10.74,.090838,60.473943
1786653013,llama3.1:8b,37.0,6609,800000,263.18,10.71,.087391,45.624049
1786653059,llama3.1:8b,37.0,6628,800303,257.80,10.70,.089213,49.625302
1786653109,llama3.1:8b,37.0,6620,800000,260.23,10.72,.088380,51.944342
1786653161,llama3.1:8b,37.0,6619,1082589,252.86,10.79,.090957,50.577916
1786653212,llama3.1:8b,37.0,6619,2022651,263.13,10.91,.087406,50.763493
1786653263,llama3.1:8b,37.0,6617,798877,266.63,10.63,.086261,67.346262
1786653331,llama3.1:8b,36.0,6620,889308,256.48,10.78,.089673,56.632567
1786653388,llama3.1:8b,36.0,6616,1459411,253.63,10.77,.090681,64.066042
1786653453,llama3.1:8b,37.0,6616,834633,266.05,10.75,.086447,58.028385
1786653512,llama3.1:8b,37.0,6610,800359,256.17,10.74,.089780,47.917821
1786653560,llama3.1:8b,37.0,6606,800000,251.57,10.68,.091424,52.496144
1786653613,llama3.1:8b,37.0,6611,800000,262.32,10.73,.087677,43.685583
1786653657,llama3.1:8b,37.0,6609,1199043,267.84,10.69,.085869,59.067672
1786653717,llama3.1:8b,37.0,6627,800000,253.87,10.71,.090597,53.454537
1786653771,llama3.1:8b,37.0,6625,959394,256.46,10.59,.089680,59.908262
1786653831,llama3.1:8b,37.0,6626,800996,256.75,10.62,.089578,58.622949
1786653890,llama3.1:8b,36.0,6623,2053277,256.14,10.87,.089794,44.703559
1786653935,llama3.1:8b,37.0,6626,798866,252.41,10.82,.091119,50.733824
1786653987,llama3.1:8b,37.0,6622,800801,262.76,10.62,.087530,70.305326
1786654057,llama3.1:8b,37.0,6622,798563,252.76,10.74,.090991,49.712032
1786654108,llama3.1:8b,37.0,6623,1040000,250.36,10.62,.091865,57.407785
1786654166,llama3.1:8b,36.0,6619,799723,249.26,10.61,.092270,64.744149
1786654231,llama3.1:8b,36.0,6622,1487651,259.07,10.55,.088778,72.416359
1786654304,llama3.1:8b,37.0,6625,1066857,248.02,10.66,.092734,55.346638
1786654360,llama3.1:8b,37.0,6630,800000,262.73,10.61,.087540,63.495886
1786654424,llama3.1:8b,37.0,6621,2600000,256.39,10.59,.089705,66.616613
1786654491,llama3.1:8b,37.0,6609,998947,247.36,10.54,.092979,75.788602
1786654567,llama3.1:8b,37.0,6630,1234344,252.62,10.64,.091045,68.316419
1786654636,llama3.1:8b,37.0,6615,801968,263.88,10.87,.087160,45.168561
1786654682,llama3.1:8b,37.0,6629,1874774,248.87,10.71,.092415,53.120771
1786654735,llama3.1:8b,37.0,6625,985433,251.04,10.61,.091618,60.852061
1786654796,llama3.1:8b,37.0,6622,800000,264.92,10.63,.086816,68.440804
1786654865,llama3.1:8b,37.0,6657,819745,267.04,10.72,.086129,54.268309
1786654920,llama3.1:8b,37.0,6629,799193,256.96,10.61,.089505,63.889028
1786654985,llama3.1:8b,37.0,6625,1781981,256.34,10.65,.089723,62.218233
1786655047,llama3.1:8b,37.0,6624,800000,262.83,10.70,.087506,61.449696
1786655109,llama3.1:8b,37.0,6614,800000,257.79,10.67,.089218,62.868734
1786655173,llama3.1:8b,37.0,6624,800000,245.79,10.84,.093573,52.834947
1786655226,llama3.1:8b,37.0,6623,2600000,267.20,10.70,.086075,50.148498
1786655277,llama3.1:8b,33.0,6617,801234,259.19,10.58,.088737,66.211554
1786655343,llama3.1:8b,34.0,6629,1191144,251.08,10.69,.091602,50.502682
1786655394,llama3.1:8b,37.0,6626,1800000,262.12,10.73,.087745,55.982935
1786655451,llama3.1:8b,37.0,6624,798966,262.95,10.68,.087467,66.567032
1786655518,llama3.1:8b,37.0,6613,942076,260.13,10.75,.088416,59.895698
1786655578,llama3.1:8b,38.0,6613,768855,253.67,10.77,.090666,56.969057
1786655636,llama3.1:8b,37.0,6615,800000,242.29,10.97,.094925,53.763208
1786655690,llama3.1:8b,37.0,6610,2600000,261.02,10.89,.088113,50.288165
1786655741,llama3.1:8b,36.0,6601,798825,259.46,10.84,.088644,47.468671
1786655789,llama3.1:8b,37.0,6610,1409225,252.52,10.63,.091080,62.436695
1786655852,llama3.1:8b,37.0,6619,1500000,252.30,10.63,.091160,60.768231
1786655913,llama3.1:8b,37.0,6602,1906633,264.93,10.63,.086812,64.598052
1786655978,llama3.1:8b,36.0,6625,798664,259.48,10.95,.088638,48.455276
1786656027,llama3.1:8b,37.0,6608,800000,244.33,10.65,.094131,61.308108
1786656089,llama3.1:8b,37.0,6610,1394539,263.73,10.67,.087208,58.340880
1786656148,llama3.1:8b,37.0,6610,1109988,259.14,10.81,.088754,57.158433
1786656205,llama3.1:8b,37.0,6621,799983,258.54,10.62,.088959,60.679079
1786656267,llama3.1:8b,37.0,6626,801179,250.65,10.77,.091760,52.640172
1786656320,llama3.1:8b,37.0,6623,1594155,252.61,10.68,.091049,54.280515
1786656375,llama3.1:8b,37.0,6616,799387,257.71,10.60,.089246,60.518165
1786656436,llama3.1:8b,37.0,6625,800619,252.54,10.54,.091072,70.629569
1786656507,llama3.1:8b,37.0,6618,800966,263.64,10.86,.087239,48.668054
1786656556,llama3.1:8b,37.0,6623,1031197,269.79,10.64,.085249,65.165485
1786656622,llama3.1:8b,37.0,6620,1449797,262.42,10.56,.087642,69.842114
1786656692,llama3.1:8b,37.0,6620,1988702,257.93,10.60,.089170,65.430507
1786656758,llama3.1:8b,36.0,6624,800000,246.21,10.56,.093416,67.755448
1786656826,llama3.1:8b,37.0,6618,800000,237.13,10.73,.096989,45.184642
1786656872,llama3.1:8b,37.0,6614,2020563,256.89,10.60,.089531,72.252759
1786656945,llama3.1:8b,37.0,6626,1485026,263.12,10.77,.087409,57.910563
1786657003,llama3.1:8b,37.0,6625,799218,256.04,10.74,.089829,63.289467
1786657067,llama3.1:8b,36.0,6611,2110879,269.54,10.59,.085328,69.949995
1786657137,llama3.1:8b,36.0,6619,800000,253.82,10.77,.090613,67.473824
1786657205,llama3.1:8b,37.0,6625,802981,252.83,10.71,.090970,63.862337
1786657270,llama3.1:8b,37.0,6611,799678,251.25,10.51,.091539,75.638094
1786657346,llama3.1:8b,37.0,6622,1498547,259.33,10.96,.088687,46.949236
1786657393,llama3.1:8b,37.0,6626,799416,266.86,10.69,.086186,53.507632
1786657447,llama3.1:8b,36.0,6620,800000,260.61,10.63,.088251,66.411169
1786657514,llama3.1:8b,34.0,6617,800000,261.97,10.59,.087794,65.119383
1786657580,llama3.1:8b,37.0,6617,800307,256.71,10.82,.089592,65.887300
1786657646,llama3.1:8b,36.0,6620,800000,248.72,10.73,.092470,63.359633
1786657710,llama3.1:8b,37.0,6614,1570927,235.62,10.87,.097614,54.333208
1786657765,llama3.1:8b,34.0,6617,1590085,264.59,10.74,.086925,66.572429
1786657832,llama3.1:8b,36.0,6613,800000,240.41,10.75,.095667,54.767863
1786657887,llama3.1:8b,37.0,6621,1022767,259.73,10.83,.088550,50.755459
1786657939,llama3.1:8b,37.0,6618,799909,251.35,10.62,.091502,56.447208
1786657996,llama3.1:8b,36.0,6625,800000,238.83,10.55,.096302,72.598713
1786658069,llama3.1:8b,37.0,6624,801766,254.44,10.72,.090391,60.695472
1786658130,llama3.1:8b,36.0,6629,800000,250.70,10.68,.091741,65.209478
1786658196,llama3.1:8b,36.0,6618,802970,263.39,10.77,.087320,45.950105
1786658242,llama3.1:8b,37.0,6628,800000,241.16,10.70,.095370,54.931272
1786658297,llama3.1:8b,36.0,6624,2512345,250.42,10.62,.091842,64.374631
1786658362,llama3.1:8b,37.0,6622,1029294,254.24,10.72,.090465,49.616011
1786658412,llama3.1:8b,36.0,6614,1466885,248.26,10.62,.092643,64.567861
1786658478,llama3.1:8b,37.0,6626,1639835,270.49,10.82,.085029,61.434094
1786658539,llama3.1:8b,37.0,6623,1482597,250.77,10.64,.091715,70.852064
1786658611,llama3.1:8b,37.0,6616,883437,258.33,10.58,.089031,71.897093
1786658683,llama3.1:8b,36.0,6617,939978,243.71,10.72,.094371,62.471062
1786658746,llama3.1:8b,36.0,6615,848865,256.13,10.62,.089797,64.167215
1786658811,llama3.1:8b,36.0,6613,800000,255.93,10.70,.089866,56.143723
1786658868,llama3.1:8b,37.0,6615,800272,248.68,10.73,.092485,54.127319
1786658922,llama3.1:8b,37.0,6620,628700,251.24,10.72,.091544,60.627285
1786658983,llama3.1:8b,37.0,6623,801006,271.94,10.86,.084577,62.518604
1786659046,llama3.1:8b,36.0,6612,800000,250.31,10.72,.091885,55.088851
1786659102,llama3.1:8b,36.0,6611,1000413,265.30,10.71,.086692,51.503700
1786659154,llama3.1:8b,37.0,6611,800000,259.21,10.57,.088729,70.658384
1786659225,llama3.1:8b,36.0,6623,1100000,246.42,10.82,.093334,53.501428
1786659279,llama3.1:8b,37.0,6625,2167048,251.10,10.67,.091593,63.220579
1786659343,llama3.1:8b,37.0,6620,1182872,258.48,10.70,.088979,64.903169
1786659408,llama3.1:8b,37.0,6624,919811,261.41,10.83,.087982,58.308931
1786659467,llama3.1:8b,36.0,6625,1402196,265.94,10.67,.086484,60.147206
1786659528,llama3.1:8b,37.0,6621,800880,266.44,10.92,.086323,50.265887
1786659579,llama3.1:8b,37.0,6626,1164745,266.23,10.83,.086391,59.901494
1786659639,llama3.1:8b,37.0,6627,800574,260.13,10.72,.088414,51.452331
1786659691,llama3.1:8b,37.0,6631,1366124,256.95,10.72,.089509,46.812777
1786659738,llama3.1:8b,36.0,6618,800000,261.54,10.59,.087938,66.715691
1786659805,llama3.1:8b,37.0,6615,801871,244.26,10.72,.094159,51.672074
1786659858,llama3.1:8b,37.0,6619,1397140,258.39,10.70,.089012,50.918324
1786659909,llama3.1:8b,36.0,6621,800000,267.49,10.79,.085981,48.896343
1786659958,llama3.1:8b,36.0,6632,800000,263.84,10.75,.087172,58.748085
1786660018,llama3.1:8b,36.0,6623,800000,259.28,10.77,.088704,54.936272
1786660073,llama3.1:8b,37.0,6614,1854967,262.38,10.61,.087656,62.248147
1786660136,llama3.1:8b,36.0,6622,1323994,259.99,10.88,.088463,50.080866
1786660186,llama3.1:8b,37.0,6630,800878,261.19,10.69,.088055,63.321789
1786660250,llama3.1:8b,37.0,6621,799433,262.61,10.73,.087582,58.154452
1786660309,llama3.1:8b,36.0,6612,800000,253.46,10.66,.090742,62.558629
1786660372,llama3.1:8b,37.0,6619,800000,258.62,10.92,.088930,44.024414
1786660417,llama3.1:8b,37.0,6626,800000,251.45,10.70,.091468,61.662961
1786660479,llama3.1:8b,37.0,6612,2599947,249.38,10.71,.092225,57.839111
1786660537,llama3.1:8b,37.0,6611,800000,259.02,10.85,.088794,63.212937
1786660601,llama3.1:8b,37.0,6605,1622549,253.41,10.83,.090758,51.941665
1786660653,llama3.1:8b,36.0,6605,941273,249.57,10.62,.092156,60.885833
1786660715,llama3.1:8b,36.0,6612,1064624,260.55,10.70,.088274,56.146707
1786660771,llama3.1:8b,33.0,6602,1000000,268.46,10.62,.085673,63.890061
1786660836,llama3.1:8b,36.0,6611,799674,264.53,10.66,.086946,60.582554
1786660897,llama3.1:8b,37.0,6614,786574,255.53,10.57,.090008,66.840683
1786660964,llama3.1:8b,36.0,6618,800000,262.12,10.78,.087745,46.349108
1786661011,llama3.1:8b,36.0,6617,800351,259.44,10.56,.088650,64.649068
1786661076,llama3.1:8b,37.0,6600,2140000,253.74,10.71,.090641,48.527375
1786661125,llama3.1:8b,36.0,6614,799991,256.00,10.74,.089843,56.690765
1786661182,llama3.1:8b,37.0,6614,1506308,254.86,10.57,.090243,61.170930
1786661244,llama3.1:8b,37.0,6620,1369011,259.25,10.72,.088717,51.927148
1786661296,llama3.1:8b,36.0,6619,1483402,258.21,10.66,.089073,55.511316
1786661352,llama3.1:8b,37.0,6618,780372,257.68,10.78,.089256,59.244859
1786661412,llama3.1:8b,37.0,6627,1552380,257.42,10.77,.089346,47.720627
1786661460,llama3.1:8b,37.0,6628,800000,271.61,10.65,.084678,53.871934
1786661515,llama3.1:8b,37.0,6622,797826,252.62,10.60,.091045,62.631778
1786661578,llama3.1:8b,37.0,6630,799646,261.65,10.81,.087901,51.018836
1786661629,llama3.1:8b,37.0,6616,1225413,262.64,10.68,.087570,53.527217
1786661683,llama3.1:8b,37.0,6629,800000,256.34,10.59,.089724,65.430796
1786661749,llama3.1:8b,36.0,6623,1000000,249.80,10.70,.092071,54.529568
1786661804,llama3.1:8b,36.0,6618,1015532,267.20,10.50,.086076,71.897135
1786661877,llama3.1:8b,36.0,6619,913084,247.67,10.68,.092864,56.423324
1786661934,llama3.1:8b,37.0,6617,2192439,256.29,10.70,.089740,50.834188
1786661985,llama3.1:8b,37.0,6614,1584740,255.37,10.72,.090063,60.616514
1786662046,llama3.1:8b,37.0,6629,999511,239.42,10.71,.096063,55.051855
1786662102,llama3.1:8b,37.0,6631,1784148,239.64,10.59,.095976,55.098456
1786662157,llama3.1:8b,37.0,6630,2150648,259.77,10.59,.088538,63.145210
1786662221,llama3.1:8b,37.0,6624,798012,259.19,10.70,.088734,53.968534
1786662275,llama3.1:8b,37.0,6614,800000,268.51,10.78,.085656,49.029205
1786662325,llama3.1:8b,37.0,6613,796444,259.51,10.73,.088628,50.031511
1786662375,llama3.1:8b,37.0,6622,800000,245.98,10.63,.093499,56.675503
1786662433,llama3.1:8b,37.0,6625,813842,251.24,10.76,.091544,53.526568
1786662487,llama3.1:8b,37.0,6626,800000,257.02,10.64,.089485,57.026285
1786662544,llama3.1:8b,37.0,6622,1897529,264.10,10.69,.087085,65.471049
1786662610,llama3.1:8b,33.0,6612,883587,260.20,10.76,.088392,58.244761
1786662669,llama3.1:8b,37.0,6623,950475,270.45,10.61,.085041,60.557220
1786662730,llama3.1:8b,36.0,6615,800000,261.53,10.70,.087943,49.992976
1786662780,llama3.1:8b,37.0,6623,800000,260.17,10.64,.088403,66.239566
1786662847,llama3.1:8b,37.0,6604,1757870,252.26,10.67,.091173,58.268739
1786662906,llama3.1:8b,37.0,6608,2188548,264.43,10.87,.086977,49.910160
1786662956,llama3.1:8b,36.0,6606,800000,260.14,10.70,.088413,52.610799
1786663009,llama3.1:8b,37.0,6620,2500000,259.81,10.64,.088523,59.437945
1786663069,llama3.1:8b,37.0,6617,800000,261.90,10.53,.087819,73.368176
1786663143,llama3.1:8b,37.0,6612,999557,249.95,10.65,.092017,57.418904
1786663201,llama3.1:8b,36.0,6617,1765765,255.78,10.74,.089920,64.755432
1786663266,llama3.1:8b,37.0,6626,960596,262.57,10.71,.087593,62.358681
1786663329,llama3.1:8b,37.0,6623,1673387,263.36,10.80,.087331,46.551649
1786663376,llama3.1:8b,37.0,6625,1600000,261.40,10.65,.087984,53.685066
1786663430,llama3.1:8b,35.0,6622,800000,265.37,10.72,.086668,48.304700
1786663479,llama3.1:8b,37.0,6616,787669,266.73,10.59,.086227,59.742829
1786663539,llama3.1:8b,36.0,6620,1404216,260.35,10.59,.088340,58.775274
1786663599,llama3.1:8b,37.0,6624,1800000,266.48,10.74,.086308,49.346095
1786663649,llama3.1:8b,37.0,6624,1431818,258.04,10.70,.089130,55.195721
1786663704,llama3.1:8b,37.0,6622,800000,263.25,10.75,.087368,48.462999
1786663753,llama3.1:8b,36.0,6622,1059734,240.62,10.69,.095584,63.315706
1786663817,llama3.1:8b,37.0,6619,956624,251.54,10.90,.091434,41.532471
1786663859,llama3.1:8b,36.0,6615,1219985,255.52,10.72,.090009,55.201748
1786663915,llama3.1:8b,36.0,6618,799632,249.81,10.71,.092066,59.425504
1786663975,llama3.1:8b,37.0,6609,800416,253.69,10.70,.090660,63.539146
1786664039,llama3.1:8b,34.0,6608,926837,266.57,10.64,.086281,56.903598
1786664096,llama3.1:8b,37.0,6612,800313,246.32,10.71,.093373,61.756630
1786664158,llama3.1:8b,37.0,6616,800000,252.33,10.84,.091150,54.332750
1786664213,llama3.1:8b,37.0,6614,899159,262.34,10.70,.087672,54.810251
1786664268,llama3.1:8b,37.0,6621,801044,259.34,10.73,.088686,61.107941
1786664330,llama3.1:8b,37.0,6625,800000,244.78,10.82,.093961,47.132489
1786664378,llama3.1:8b,37.0,6621,1164848,257.57,10.63,.089294,63.082145
1786664441,llama3.1:8b,37.0,6613,800000,251.33,10.68,.091512,55.235845
1786664497,llama3.1:8b,37.0,6624,800000,262.99,10.62,.087454,58.337696
1786664556,llama3.1:8b,37.0,6622,800000,262.01,10.75,.087779,62.486305
1786664619,llama3.1:8b,36.0,6618,1134094,262.53,10.74,.087608,54.714395
1786664674,llama3.1:8b,36.0,6617,1000000,260.76,10.84,.088202,50.357213
1786664725,llama3.1:8b,37.0,6628,800000,262.16,10.83,.087729,46.312196
1786664772,llama3.1:8b,37.0,6624,1030882,263.67,10.76,.087229,55.160135
1786664827,llama3.1:8b,36.0,6622,1600000,254.06,10.69,.090527,64.693604
1786664893,llama3.1:8b,37.0,6620,799377,253.93,10.75,.090574,56.638403
1786664950,llama3.1:8b,37.0,6615,1000000,261.88,10.74,.087823,46.913155
1786664997,llama3.1:8b,36.0,6622,1100000,249.46,10.71,.092198,58.259909
1786665056,llama3.1:8b,37.0,6628,799499,259.31,10.65,.088694,56.298726
1786665113,llama3.1:8b,37.0,6625,798738,262.18,10.68,.087723,50.249636
1786665163,llama3.1:8b,36.0,6619,1482907,254.76,10.63,.090280,57.434823
1786665221,llama3.1:8b,37.0,6635,845955,262.66,10.63,.087562,61.948797
1786665284,llama3.1:8b,37.0,6634,1183044,246.97,10.58,.093126,64.429362
1786665349,llama3.1:8b,37.0,6631,1373805,244.81,10.72,.093947,52.049392
1786665401,llama3.1:8b,36.0,6632,974687,263.79,10.66,.087190,57.552628
1786665459,llama3.1:8b,36.0,6637,1917948,256.26,10.80,.089752,56.739392
1786665517,llama3.1:8b,37.0,6632,800000,246.90,10.78,.093151,58.316548
1786665575,llama3.1:8b,36.0,6633,1109129,249.74,10.69,.092093,58.415525
1786665634,llama3.1:8b,36.0,6635,1501025,260.04,10.62,.088447,62.308742
1786665697,llama3.1:8b,36.0,6636,1499433,255.04,10.74,.090180,66.903136
1786665765,llama3.1:8b,37.0,6642,1500000,257.51,10.64,.089316,56.359410
1786665821,llama3.1:8b,37.0,6638,1603571,259.76,10.59,.088540,61.264915
1786665883,llama3.1:8b,34.0,6643,2600000,253.08,10.67,.090877,59.590148
1786665943,llama3.1:8b,37.0,6633,1121165,260.05,10.67,.088442,62.560192
1786666006,llama3.1:8b,37.0,6639,800889,264.24,10.68,.087039,66.349819
1786666073,llama3.1:8b,36.0,6638,1133333,250.31,10.76,.091885,67.341153
1786666141,llama3.1:8b,37.0,6645,800000,262.20,10.85,.087716,58.426773
1786666200,llama3.1:8b,36.0,6644,1506305,263.53,10.64,.087275,67.564744
1786666268,llama3.1:8b,33.0,6646,947959,251.34,10.72,.091507,49.625836
1786666318,llama3.1:8b,37.0,6630,2204047,247.91,10.54,.092772,67.512337
1786666386,llama3.1:8b,36.0,6630,980669,259.61,10.72,.088593,52.694533
1786666439,llama3.1:8b,37.0,6640,799751,263.32,10.68,.087345,55.757579
1786666496,llama3.1:8b,37.0,6635,1592876,258.19,10.59,.089078,72.332122
1786666569,llama3.1:8b,36.0,6626,1482619,256.19,10.66,.089773,56.363592
1786666625,llama3.1:8b,36.0,6645,800000,270.56,10.54,.085006,75.379097
1786666701,llama3.1:8b,36.0,6632,1318541,260.54,10.73,.088275,51.623800
1786666753,llama3.1:8b,37.0,6633,2604779,255.59,10.85,.089986,51.385829
1786666805,llama3.1:8b,37.0,6636,1097613,270.05,10.93,.085167,49.026353
1786666855,llama3.1:8b,37.0,6627,942593,253.83,10.69,.090609,57.694381
1786666913,llama3.1:8b,37.0,6630,797919,252.39,10.64,.091128,56.832124
1786666970,llama3.1:8b,37.0,6632,799532,250.64,10.60,.091763,69.583206
1786667040,llama3.1:8b,36.0,6627,640931,264.64,10.62,.086910,60.631375
1786667102,llama3.1:8b,34.0,6629,1600655,245.66,10.88,.093623,52.454552
1786667155,llama3.1:8b,37.0,6637,800000,244.64,10.67,.094012,62.030002
1786667217,llama3.1:8b,37.0,6636,800000,256.82,10.78,.089556,54.134787
1786667272,llama3.1:8b,37.0,6634,900000,261.09,10.59,.088091,66.904652
1786667339,llama3.1:8b,37.0,6639,971172,269.47,10.69,.085352,57.499138
1786667397,llama3.1:8b,37.0,6639,801204,268.52,10.72,.085653,48.103442
1786667446,llama3.1:8b,34.0,6637,617696,258.06,10.86,.089124,46.565261
1786667493,llama3.1:8b,37.0,6645,799227,266.06,10.80,.086445,62.729741
1786667556,llama3.1:8b,37.0,6636,800000,254.20,10.65,.090476,67.319486
1786667624,llama3.1:8b,37.0,6637,800000,259.25,10.58,.088715,64.717122
1786667689,llama3.1:8b,37.0,6631,984726,255.54,10.77,.090003,60.337142
1786667750,llama3.1:8b,37.0,6625,1491845,261.05,10.78,.088104,50.181668
1786667801,llama3.1:8b,37.0,6635,1203529,249.82,10.77,.092065,56.635509
1786667858,llama3.1:8b,37.0,6631,1409077,246.68,10.76,.093235,61.843800
1786667920,llama3.1:8b,37.0,6628,798581,258.53,10.87,.088963,54.783297
1786667975,llama3.1:8b,37.0,6632,962339,266.42,10.80,.086327,50.832919
1786668027,llama3.1:8b,37.0,6630,959852,261.29,10.78,.088023,49.534006
1786668077,llama3.1:8b,37.0,6639,800000,269.48,10.76,.085349,63.278125
1786668141,llama3.1:8b,36.0,6637,799477,264.22,10.82,.087046,47.943055
1786668189,llama3.1:8b,37.0,6632,800000,251.32,10.66,.091515,61.702622
1786668251,llama3.1:8b,37.0,6631,1629320,261.83,10.64,.087840,58.080086
1786668310,llama3.1:8b,37.0,6631,800000,258.22,10.78,.089068,46.659554
1786668357,llama3.1:8b,37.0,6630,1568275,263.83,10.70,.087176,65.943417
1786668423,llama3.1:8b,36.0,6637,1646900,242.87,10.70,.094699,57.646246
1786668482,llama3.1:8b,36.0,6644,1159920,252.10,10.64,.091232,59.172799
1786668541,llama3.1:8b,33.0,6642,775550,268.32,10.74,.085716,55.763930
1786668597,llama3.1:8b,37.0,6632,1500000,249.55,10.64,.092163,54.311673
1786668652,llama3.1:8b,37.0,6644,2600000,258.79,10.58,.088874,63.758239
1786668716,llama3.1:8b,36.0,6639,1721655,255.43,10.47,.090043,76.685721
1786668794,llama3.1:8b,37.0,6633,800367,247.83,10.61,.092804,64.249860
1786668858,llama3.1:8b,34.0,6627,800802,262.57,10.63,.087593,65.657861
1786668925,llama3.1:8b,37.0,6632,800000,263.25,10.79,.087367,58.175884
1786668983,llama3.1:8b,37.0,6638,931712,268.72,10.76,.085589,52.760331
1786669037,llama3.1:8b,37.0,6636,800000,249.60,10.66,.092144,56.440421
1786669094,llama3.1:8b,37.0,6639,1086492,251.30,10.74,.091522,57.689224
1786669152,llama3.1:8b,34.0,6638,1000000,254.48,10.54,.090377,71.944667
1786669224,llama3.1:8b,37.0,6642,1001342,258.37,10.69,.089017,56.306599
1786669281,llama3.1:8b,34.0,6650,807580,260.77,10.63,.088198,60.714656
1786669342,llama3.1:8b,37.0,6650,800000,261.06,10.85,.088101,50.384968
1786669393,llama3.1:8b,37.0,6642,2144721,264.22,10.86,.087046,51.805077
1786669445,llama3.1:8b,36.0,6631,800000,246.64,10.67,.093251,63.212873
1786669509,llama3.1:8b,37.0,6653,1465392,263.72,10.61,.087210,61.415286
1786669571,llama3.1:8b,37.0,6645,800000,259.95,10.61,.088478,63.121796
1786669635,llama3.1:8b,37.0,6645,800000,247.28,10.55,.093010,69.541870
1786669705,llama3.1:8b,36.0,6638,1166904,266.95,10.63,.086156,60.289048
1786669766,llama3.1:8b,36.0,6636,1001066,264.35,10.88,.087005,49.160347
1786669815,llama3.1:8b,37.0,6643,813915,263.99,10.76,.087123,62.220556
1786669878,llama3.1:8b,34.0,6639,977345,263.84,10.76,.087172,52.485201
1786669931,llama3.1:8b,37.0,6644,800000,247.26,10.56,.093019,66.245788
1786669998,llama3.1:8b,37.0,6639,1582773,260.81,10.58,.088186,71.491119
1786670070,llama3.1:8b,37.0,6642,799697,260.81,10.87,.088185,51.237517
1786670121,llama3.1:8b,37.0,6636,800713,250.93,10.78,.091658,58.431463
1786670180,llama3.1:8b,37.0,6628,1714309,265.96,10.65,.086476,67.468813
1786670248,llama3.1:8b,37.0,6625,1192513,242.53,10.69,.094831,52.834775
1786670302,llama3.1:8b,37.0,6637,798526,252.88,10.64,.090950,63.693059
1786670366,llama3.1:8b,37.0,6637,800000,269.27,10.71,.085415,64.119167
1786670430,llama3.1:8b,33.0,6639,1369726,251.86,10.64,.091317,62.469242
1786670493,llama3.1:8b,37.0,6646,648554,255.64,10.64,.089969,55.346043
1786670549,llama3.1:8b,37.0,6645,1384491,260.38,10.65,.088329,59.963831
1786670610,llama3.1:8b,36.0,6638,2297358,247.45,10.58,.092947,66.780738
1786670677,llama3.1:8b,37.0,6638,1800000,260.73,10.61,.088210,59.932893
1786670738,llama3.1:8b,37.0,6643,800000,254.35,10.57,.090425,60.609385
1786670799,llama3.1:8b,37.0,6631,800000,251.94,10.68,.091288,53.920747
1786670853,llama3.1:8b,37.0,6637,800000,249.02,10.77,.092360,51.957458
1786670906,llama3.1:8b,37.0,6634,800000,253.92,10.75,.090578,53.945328
1786670960,llama3.1:8b,37.0,6629,1003129,259.90,10.73,.088495,49.720892
1786671010,llama3.1:8b,37.0,6644,798814,260.54,10.72,.088277,51.758988
1786671062,llama3.1:8b,37.0,6636,800000,252.72,10.63,.091009,62.163715
1786671125,llama3.1:8b,37.0,6645,799932,246.62,10.57,.093258,60.702235
1786671186,llama3.1:8b,36.0,6635,1843783,249.21,10.61,.092288,61.116034
1786671248,llama3.1:8b,36.0,6639,947089,258.58,10.68,.088944,58.395708
1786671307,llama3.1:8b,37.0,6632,800000,249.88,10.63,.092042,62.704304
1786671370,llama3.1:8b,37.0,6631,802534,246.05,10.56,.093476,70.061870
1786671441,llama3.1:8b,36.0,6630,1265974,241.69,10.57,.095162,66.006159
1786671507,llama3.1:8b,37.0,6640,1064507,249.38,10.74,.092227,46.740506
1786671554,llama3.1:8b,37.0,6633,800000,262.21,10.74,.087714,53.060032
1786671608,llama3.1:8b,35.0,6645,799899,246.25,10.75,.093399,57.074606
1786671666,llama3.1:8b,37.0,6640,2000000,257.96,10.58,.089159,67.049904
1786671733,llama3.1:8b,33.0,6643,1192448,261.13,10.62,.088078,58.711536
1786671792,llama3.1:8b,37.0,6645,1400000,247.70,10.65,.092850,56.954908
1786671850,llama3.1:8b,36.0,6632,798767,259.41,10.80,.088660,49.035736
1786671899,llama3.1:8b,36.0,6642,800728,258.93,10.69,.088826,61.136300
1786671961,llama3.1:8b,36.0,6637,800450,255.00,10.75,.090193,67.606331
1786672029,llama3.1:8b,37.0,6636,799225,250.54,10.90,.091801,42.725332
1786672072,llama3.1:8b,37.0,6635,800000,255.36,10.59,.090067,68.875767
1786672142,llama3.1:8b,37.0,6625,800547,255.24,10.69,.090111,54.026135
1786672196,llama3.1:8b,37.0,6643,1506713,246.73,10.60,.093217,62.912799
1786672260,llama3.1:8b,37.0,6639,1532982,250.20,10.61,.091924,62.262221
1786672322,llama3.1:8b,34.0,6645,798742,251.11,10.79,.091592,53.625730
1786672377,llama3.1:8b,36.0,6637,688263,262.67,10.53,.087560,71.762150
1786672449,llama3.1:8b,37.0,6632,1159959,247.29,10.65,.093005,56.107258
1786672505,llama3.1:8b,37.0,6634,798944,246.42,10.62,.093333,59.474115
1786672565,llama3.1:8b,36.0,6632,800000,262.42,10.61,.087643,61.786168
1786672628,llama3.1:8b,37.0,6636,1364851,265.90,10.71,.086497,55.130814
1786672683,llama3.1:8b,37.0,6635,800017,259.26,10.67,.088711,63.235898
1786672747,llama3.1:8b,37.0,6639,799015,249.45,10.63,.092201,67.794025
1786672815,llama3.1:8b,37.0,6632,1106779,266.10,10.67,.086432,49.667401
1786672866,llama3.1:8b,37.0,6638,1036074,260.61,10.67,.088254,63.516223
1786672930,llama3.1:8b,37.0,6633,800000,261.74,10.73,.087871,53.302378
1786672983,llama3.1:8b,37.0,6626,799302,263.18,10.59,.087392,67.605124
1786673052,llama3.1:8b,37.0,6632,799087,250.36,10.74,.091864,51.451465
1786673104,llama3.1:8b,34.0,6621,800000,253.06,10.64,.090886,59.629998
1786673164,llama3.1:8b,37.0,6628,1800000,253.99,10.65,.090551,63.446004
1786673228,llama3.1:8b,37.0,6633,800502,254.91,10.54,.090225,68.072344
1786673296,llama3.1:8b,36.0,6630,993357,243.22,10.78,.094562,59.716540
1786673356,llama3.1:8b,37.0,6638,800000,257.79,10.82,.089218,45.745304
1786673403,llama3.1:8b,37.0,6639,1100000,255.10,10.59,.090159,66.158020
1786673469,llama3.1:8b,37.0,6632,2600000,262.80,10.90,.087515,58.789864
1786673529,llama3.1:8b,37.0,6634,800000,266.10,10.73,.086432,62.345169
1786673591,llama3.1:8b,37.0,6628,800000,248.11,10.71,.092700,54.508643
1786673646,llama3.1:8b,36.0,6636,1200562,257.08,10.64,.089465,58.981997
1786673706,llama3.1:8b,36.0,6642,1000000,262.23,10.80,.087705,48.493380
1786673755,llama3.1:8b,37.0,6626,800000,239.49,10.76,.096034,62.349615
1786673818,llama3.1:8b,37.0,6628,800000,244.85,10.66,.093933,63.917864
1786673882,llama3.1:8b,37.0,6631,800572,252.91,10.62,.090941,68.584325
1786673951,llama3.1:8b,36.0,6633,800000,248.95,10.62,.092384,66.194369
1786674018,llama3.1:8b,37.0,6639,800000,258.70,10.63,.088904,62.693711
1786674081,llama3.1:8b,37.0,6638,800000,245.12,10.81,.093829,57.629050
1786674139,llama3.1:8b,37.0,6631,800000,247.07,10.76,.093090,64.194945
1786674204,llama3.1:8b,37.0,6635,908254,265.28,10.69,.086699,50.854862
1786674256,llama3.1:8b,37.0,6645,800000,261.87,10.46,.087827,75.040480
1786674331,llama3.1:8b,37.0,6640,1000499,261.79,10.66,.087855,58.408182
1786674390,llama3.1:8b,37.0,6639,800000,262.37,10.72,.087660,42.159415
1786674433,llama3.1:8b,37.0,6649,1600000,266.17,10.70,.086410,63.524201
1786674497,llama3.1:8b,37.0,6640,925745,260.22,10.55,.088385,65.845824
1786674563,llama3.1:8b,37.0,6634,843535,257.13,10.58,.089446,65.007944
1786674629,llama3.1:8b,37.0,6650,1594227,265.64,10.66,.086581,54.372376
1786674683,llama3.1:8b,37.0,6632,800000,249.37,10.57,.092232,64.987598
1786674749,llama3.1:8b,37.0,6644,1353529,252.24,10.68,.091180,60.185151
1786674810,llama3.1:8b,36.0,6631,1091391,270.73,10.71,.084954,64.279009
1786674874,llama3.1:8b,37.0,6638,819534,248.63,10.71,.092505,53.545015
1786674928,llama3.1:8b,36.0,6643,1178711,252.79,10.76,.090982,47.198161
1786674976,llama3.1:8b,37.0,6633,801328,255.96,10.61,.089854,60.946820
1786675038,llama3.1:8b,37.0,6632,1120365,260.30,10.58,.088356,66.500404
1786675105,llama3.1:8b,37.0,6636,1878487,244.20,10.68,.094184,67.100190
1786675172,llama3.1:8b,37.0,6638,680412,255.12,10.79,.090150,53.160283
1786675226,llama3.1:8b,36.0,6637,800000,248.44,10.67,.092577,59.494455
1786675286,llama3.1:8b,38.0,6630,800000,258.78,10.62,.088877,53.629834
1786675340,llama3.1:8b,37.0,6630,799678,253.32,10.56,.090793,71.154912
1786675412,llama3.1:8b,33.0,6638,800000,261.74,10.73,.087870,67.635605
1786675480,llama3.1:8b,34.0,6641,802206,257.96,10.94,.089160,52.621713
1786675533,llama3.1:8b,37.0,6638,800000,255.28,10.94,.090093,49.981168
1786675583,llama3.1:8b,37.0,6627,800431,243.65,10.75,.094394,52.556683
1786675636,llama3.1:8b,37.0,6639,801396,255.38,10.60,.090060,59.680175
1786675697,llama3.1:8b,37.0,6632,2595911,242.82,10.79,.094717,45.573066
1786675743,llama3.1:8b,37.0,6636,1500000,258.42,10.75,.089000,48.422486
1786675792,llama3.1:8b,34.0,6638,821150,258.23,10.69,.089066,62.349118
1786675854,llama3.1:8b,33.0,6638,1713461,249.40,10.79,.092219,53.837826
1786675909,llama3.1:8b,37.0,6642,839729,256.51,10.67,.089662,57.057482
1786675966,llama3.1:8b,37.0,6647,799182,262.43,10.73,.087640,56.261045
1786676023,llama3.1:8b,37.0,6636,798873,264.11,10.60,.087083,68.549346
1786676092,llama3.1:8b,37.0,6644,1892595,256.79,10.58,.089565,74.603813
1786676167,llama3.1:8b,34.0,6641,799440,256.87,10.58,.089537,67.072640
1786676235,llama3.1:8b,34.0,6635,800000,252.89,10.67,.090945,55.563245
1786676291,llama3.1:8b,37.0,6623,2600000,259.07,10.62,.088777,59.954829
1786676351,llama3.1:8b,37.0,6625,800000,247.95,10.62,.092760,62.512373
1786676414,llama3.1:8b,37.0,6636,800000,249.50,10.58,.092181,68.786353
1786676484,llama3.1:8b,37.0,6647,799065,243.79,10.82,.094342,48.878785
1786676533,llama3.1:8b,37.0,6649,1766066,267.91,10.67,.085848,57.595335
1786676591,llama3.1:8b,37.0,6642,1542939,254.78,10.77,.090272,72.304523
1786676664,llama3.1:8b,37.0,6640,1313713,251.88,10.78,.091311,53.666034
1786676718,llama3.1:8b,36.0,6647,1105374,261.14,10.57,.088072,72.337391
1786676791,llama3.1:8b,37.0,6641,1026666,247.03,10.81,.093104,47.603270
1786676839,llama3.1:8b,37.0,6642,800000,241.44,10.62,.095261,56.256825
1786676896,llama3.1:8b,37.0,6643,797870,254.90,10.53,.090227,76.541403
1786676973,llama3.1:8b,37.0,6626,2002427,257.74,10.82,.089237,46.014127
1786677020,llama3.1:8b,37.0,6646,801000,266.44,10.81,.086323,52.237979
1786677072,llama3.1:8b,37.0,6626,800000,247.62,10.66,.092882,58.786640
1786677132,llama3.1:8b,35.0,6632,1100000,254.21,10.57,.090475,62.533324
1786677195,llama3.1:8b,36.0,6630,803428,252.42,10.71,.091115,63.252423
1786677258,llama3.1:8b,37.0,6624,1000000,262.65,10.62,.087567,68.624506
1786677328,llama3.1:8b,34.0,6634,1252261,254.82,10.80,.090257,55.068306
1786677383,llama3.1:8b,37.0,6632,2600000,263.68,10.73,.087226,61.471774
1786677445,llama3.1:8b,37.0,6640,800000,260.04,10.70,.088446,49.795318
1786677495,llama3.1:8b,36.0,6645,1990617,249.06,10.65,.092345,59.897694
1786677556,llama3.1:8b,37.0,6644,1162264,250.73,10.81,.091728,51.980116
1786677608,llama3.1:8b,37.0,6643,800382,244.94,10.68,.093899,61.126665
1786677670,llama3.1:8b,37.0,6643,800000,253.35,10.67,.090782,52.913134
1786677723,llama3.1:8b,36.0,6624,800000,241.58,10.64,.095205,61.073048
1786677785,llama3.1:8b,37.0,6643,800416,262.73,10.66,.087539,56.817550
1786677842,llama3.1:8b,36.0,6636,799709,263.49,10.69,.087288,51.806701
1786677894,llama3.1:8b,36.0,6621,1397412,246.12,10.70,.093448,60.363847
1786677955,llama3.1:8b,37.0,6638,1767368,259.77,10.76,.088538,48.013555
1786678004,llama3.1:8b,37.0,6638,853764,264.40,10.63,.086986,57.642172
1786678062,llama3.1:8b,37.0,6634,800000,252.11,10.55,.091226,67.822572
1786678130,llama3.1:8b,37.0,6634,800000,264.39,10.52,.086991,83.788918
1786678215,llama3.1:8b,37.0,6646,800000,246.70,10.79,.093230,48.091633
1786678263,llama3.1:8b,37.0,6636,800000,262.58,10.65,.087590,57.264316
1786678321,llama3.1:8b,37.0,6633,799142,248.46,10.71,.092567,64.205056
1786678386,llama3.1:8b,36.0,6630,800000,255.65,10.61,.089965,65.406553
1786678452,llama3.1:8b,37.0,6628,800000,257.43,10.90,.089344,47.497431
1786678500,llama3.1:8b,36.0,6624,1103250,258.80,10.68,.088868,64.410543
1786678565,llama3.1:8b,34.0,6637,1114202,254.34,10.75,.090427,54.681330
1786678620,llama3.1:8b,37.0,6637,800009,255.26,10.73,.090102,53.650662
1786678674,llama3.1:8b,36.0,6634,800000,246.37,10.60,.093354,73.063773
1786678748,llama3.1:8b,36.0,6644,1221512,265.08,10.62,.086765,64.817901
1786678813,llama3.1:8b,37.0,6637,1006252,249.11,10.63,.092327,52.936289
1786678866,llama3.1:8b,37.0,6641,800000,259.06,10.65,.088781,71.910185
1786678939,llama3.1:8b,37.0,6640,800000,258.58,10.80,.088945,62.114319
1786679001,llama3.1:8b,33.0,6636,915373,253.15,10.85,.090854,55.899064
1786679058,llama3.1:8b,37.0,6632,800000,253.51,10.86,.090725,52.116293
1786679110,llama3.1:8b,37.0,6625,800000,267.05,10.78,.086123,57.772785
1786679169,llama3.1:8b,36.0,6619,1591044,254.58,10.78,.090342,56.766218
1786679226,llama3.1:8b,37.0,6626,655883,252.69,10.78,.091017,49.893365
1786679276,llama3.1:8b,37.0,6640,800995,252.57,10.65,.091062,61.672804
1786679339,llama3.1:8b,37.0,6637,1100000,266.48,10.80,.086309,55.182998
1786679394,llama3.1:8b,37.0,6644,798901,260.38,10.75,.088330,45.943985
1786679441,llama3.1:8b,37.0,6642,1200000,257.46,10.63,.089331,60.540506
1786679502,llama3.1:8b,36.0,6639,826989,261.55,10.64,.087936,59.009757
1786679561,llama3.1:8b,37.0,6634,2600000,265.06,10.66,.086771,64.253389
1786679626,llama3.1:8b,37.0,6617,800000,251.94,10.72,.091291,57.043447
1786679684,llama3.1:8b,34.0,6617,1547851,253.59,10.77,.090697,60.249356
1786679744,llama3.1:8b,37.0,6625,1503537,261.90,10.72,.087816,50.064238
1786679795,llama3.1:8b,37.0,6634,800000,263.96,10.69,.087133,54.247902
1786679850,llama3.1:8b,37.0,6642,800000,262.25,10.61,.087701,62.164075
1786679912,llama3.1:8b,37.0,6642,1786605,261.44,10.65,.087973,52.834023
1786679966,llama3.1:8b,36.0,6637,1900000,247.87,10.76,.092789,44.041912
1786680010,llama3.1:8b,36.0,6637,800000,241.81,10.91,.095114,38.738390
1786680049,llama3.1:8b,37.0,6628,1254954,256.08,10.80,.089812,41.938134
1786680092,llama3.1:8b,35.0,6648,800000,267.29,10.61,.086046,64.338749
1786680156,llama3.1:8b,37.0,6640,744069,266.62,10.82,.086264,43.066220
1786680200,llama3.1:8b,37.0,6647,759719,266.93,10.74,.086162,64.050626
1786680265,llama3.1:8b,36.0,6638,1511019,257.97,10.84,.089157,36.064863
1786680301,llama3.1:8b,37.0,6635,800470,261.75,10.64,.087868,55.969672
1786680358,llama3.1:8b,33.0,6641,800000,258.64,10.63,.088926,56.401596
1786680414,llama3.1:8b,37.0,6642,1083688,267.52,10.57,.085973,66.381681
1786680481,llama3.1:8b,37.0,6636,1234337,256.43,10.71,.089690,57.129537
1786680539,llama3.1:8b,37.0,6631,799153,263.26,10.76,.087365,54.914230
1786680594,llama3.1:8b,37.0,6637,1197483,256.29,10.63,.089740,62.823577
1786680658,llama3.1:8b,37.0,6620,1223156,257.17,10.66,.089434,54.482175
1786680713,llama3.1:8b,34.0,6639,1000000,247.99,10.77,.092742,48.717183
1786680762,llama3.1:8b,37.0,6641,931545,258.01,10.64,.089141,61.920091
1786680824,llama3.1:8b,37.0,6646,800807,258.87,10.66,.088847,50.712044
1786680875,llama3.1:8b,36.0,6638,631163,243.31,10.70,.094526,59.211829
1786680935,llama3.1:8b,36.0,6641,800000,259.27,10.63,.088709,62.705908
1786680998,llama3.1:8b,36.0,6642,802414,259.06,10.67,.088780,60.242319
1786681059,llama3.1:8b,34.0,6634,1590067,255.54,10.72,.090003,56.954472
1786681117,llama3.1:8b,37.0,6633,800000,263.71,10.66,.087215,76.049785
1786681193,llama3.1:8b,37.0,6638,1587231,253.11,10.63,.090866,61.685950
1786681255,llama3.1:8b,36.0,6639,1188528,259.43,10.73,.088653,56.808224
1786681313,llama3.1:8b,37.0,6632,1597431,252.90,10.90,.090941,53.722714
1786681367,llama3.1:8b,33.0,6642,1814750,254.58,10.77,.090341,63.018474
1786681430,llama3.1:8b,37.0,6632,1099213,252.76,10.62,.090994,70.859302
1786681502,llama3.1:8b,37.0,6633,800000,256.83,10.77,.089551,57.801140
1786681560,llama3.1:8b,36.0,6639,800000,247.23,10.93,.093027,44.614606
1786681605,llama3.1:8b,37.0,6633,800000,266.02,10.82,.086458,57.375189
1786681663,llama3.1:8b,37.0,6633,800000,263.39,10.83,.087320,58.791044
1786681722,llama3.1:8b,33.0,6633,1087658,258.77,10.61,.088879,75.579494
1786681799,llama3.1:8b,37.0,6635,800000,260.39,10.67,.088326,56.017672
1786681855,llama3.1:8b,34.0,6638,925981,244.60,10.56,.094029,67.976371
1786681924,llama3.1:8b,37.0,6641,2217603,263.69,10.93,.087223,56.446734
1786681981,llama3.1:8b,37.0,6630,1192387,266.50,10.67,.086302,63.141543
1786682044,llama3.1:8b,37.0,6624,1287240,253.72,10.87,.090647,45.796969
1786682090,llama3.1:8b,38.0,6634,759937,268.45,10.74,.085676,55.543624
1786682147,llama3.1:8b,37.0,6636,800000,249.27,10.74,.092267,46.714115
1786682194,llama3.1:8b,36.0,6626,797306,256.16,10.71,.089786,57.583804
1786682252,llama3.1:8b,34.0,6623,1115260,249.62,10.70,.092137,58.408719
1786682311,llama3.1:8b,37.0,6642,800000,243.46,10.61,.094470,58.796283
1786682370,llama3.1:8b,36.0,6648,1600000,240.49,10.63,.095635,59.157591
1786682430,llama3.1:8b,36.0,6644,1250248,249.99,10.76,.092001,54.086157
1786682484,llama3.1:8b,37.0,6635,804312,267.10,10.76,.086109,52.647972
1786682537,llama3.1:8b,34.0,6634,829039,270.08,10.59,.085157,67.089790
1786682605,llama3.1:8b,37.0,6634,1492276,258.14,10.75,.089095,45.484285
1786682651,llama3.1:8b,37.0,6635,800000,256.40,10.57,.089702,62.698117
1786682714,llama3.1:8b,36.0,6637,800000,259.05,10.61,.088783,57.160606
1786682772,llama3.1:8b,37.0,6624,800000,255.30,10.54,.090086,61.446630
1786682834,llama3.1:8b,37.0,6624,1102455,266.62,10.77,.086263,61.239816
1786682895,llama3.1:8b,37.0,6636,1400000,257.79,10.67,.089218,60.777477
1786682957,llama3.1:8b,37.0,6633,803804,230.75,10.64,.099671,55.533552
1786683013,llama3.1:8b,37.0,6627,800000,262.36,10.77,.087664,67.477201
1786683081,llama3.1:8b,37.0,6632,800000,262.60,10.62,.087585,64.102481
1786683145,llama3.1:8b,37.0,6626,798002,262.39,10.81,.087652,49.930127
1786683196,llama3.1:8b,37.0,6632,800000,265.32,10.67,.086686,63.044449
1786683259,llama3.1:8b,37.0,6633,799618,263.32,10.78,.087343,46.162120
1786683306,llama3.1:8b,37.0,6633,800000,249.80,10.62,.092071,63.512986
1786683370,llama3.1:8b,37.0,6643,798668,259.53,10.62,.088620,59.006599
1786683430,llama3.1:8b,37.0,6644,972046,248.81,10.53,.092439,65.568241
1786683496,llama3.1:8b,37.0,6637,1027836,259.70,10.67,.088563,59.682769
1786683556,llama3.1:8b,37.0,6634,823025,256.07,10.88,.089817,55.116173
1786683611,llama3.1:8b,36.0,6646,2600000,264.66,10.91,.086902,51.871227
1786683664,llama3.1:8b,37.0,6693,800000,267.04,10.75,.086127,57.016971
1786683721,llama3.1:8b,33.0,6697,798086,258.28,10.66,.089050,53.641194
1786683775,llama3.1:8b,36.0,6633,800000,250.23,10.82,.091914,51.641072
1786683828,llama3.1:8b,34.0,6640,806850,259.12,10.58,.088759,68.394619
1786683897,llama3.1:8b,37.0,6629,1110968,263.08,10.68,.087424,63.199897
1786683960,llama3.1:8b,37.0,6626,798179,249.78,10.70,.092080,64.829974
1786684026,llama3.1:8b,37.0,6633,798673,267.66,10.60,.085927,62.446752
1786684089,llama3.1:8b,36.0,6628,798713,254.40,10.67,.090405,50.118481
1786684139,llama3.1:8b,37.0,6628,2600000,244.90,10.73,.093914,49.379118
1786684189,llama3.1:8b,37.0,6635,800793,265.40,10.57,.086659,68.166915
1786684258,llama3.1:8b,36.0,6635,1073851,257.82,10.64,.089207,63.392550
1786684322,llama3.1:8b,37.0,6630,800000,244.11,10.51,.094219,78.285218
1786684400,llama3.1:8b,36.0,6626,799152,251.77,10.83,.091350,52.698999
1786684454,llama3.1:8b,36.0,6618,801739,262.24,10.65,.087702,58.215342
1786684512,llama3.1:8b,37.0,6631,1900000,257.71,10.79,.089247,43.255554
1786684556,llama3.1:8b,37.0,6634,800000,255.70,10.66,.089946,51.845566
1786684608,llama3.1:8b,37.0,6630,2600000,246.84,10.64,.093175,58.638809
1786684668,llama3.1:8b,37.0,6634,1398655,251.33,10.68,.091512,56.262228
1786684724,llama3.1:8b,37.0,6632,800000,254.35,10.83,.090423,49.652271
1786684774,llama3.1:8b,37.0,6642,800000,262.07,10.71,.087759,59.058596
1786684834,llama3.1:8b,36.0,6631,2600000,258.91,10.68,.088833,58.010340
1786684892,llama3.1:8b,37.0,6640,1404786,243.44,10.60,.094475,69.393571
1786684962,llama3.1:8b,36.0,6631,798885,264.64,10.83,.086907,45.787322
1786685009,llama3.1:8b,37.0,6636,783764,258.95,10.77,.088816,57.523143
1786685067,llama3.1:8b,36.0,6635,2286826,253.14,10.64,.090855,65.209347
1786685132,llama3.1:8b,37.0,6628,1400000,257.56,10.78,.089299,48.236396
1786685181,llama3.1:8b,37.0,6625,799929,244.90,10.66,.093912,59.847144
1786685241,llama3.1:8b,33.0,6630,800000,261.49,10.66,.087957,62.945069
1786685305,llama3.1:8b,36.0,6637,800000,254.58,10.93,.090342,47.388452
1786685353,llama3.1:8b,37.0,6632,801410,256.56,10.68,.089644,54.455781
1786685408,llama3.1:8b,37.0,6631,800000,254.17,10.66,.090490,56.645209
1786685465,llama3.1:8b,36.0,6634,799039,262.57,10.76,.087593,58.908657
1786685524,llama3.1:8b,37.0,6642,800000,254.58,10.72,.090343,58.444696
1786685583,llama3.1:8b,36.0,6635,1110374,268.92,10.67,.085527,56.218611
1786685640,llama3.1:8b,37.0,6640,1100000,259.21,10.58,.088729,63.102121
1786685704,llama3.1:8b,36.0,6640,852545,232.35,10.67,.098988,54.723487
1786685759,llama3.1:8b,36.0,6636,800000,259.95,10.70,.088478,52.677612
1786685812,llama3.1:8b,36.0,6643,800000,263.41,10.80,.087314,50.913547
1786685863,llama3.1:8b,36.0,6642,800879,267.97,10.75,.085828,58.782459
1786685923,llama3.1:8b,36.0,6640,821125,261.21,10.71,.088049,53.936342
1786685977,llama3.1:8b,37.0,6627,1499944,249.75,10.68,.092091,55.240128
1786686033,llama3.1:8b,37.0,6639,797575,262.27,10.70,.087693,57.564674
1786686091,llama3.1:8b,38.0,6630,1002793,250.67,10.69,.091751,61.975969
1786686153,llama3.1:8b,36.0,6634,1994152,262.08,10.67,.087758,63.789045
1786686218,llama3.1:8b,37.0,6632,1400000,256.96,10.62,.089505,73.339252
1786686292,llama3.1:8b,37.0,6641,991493,258.30,10.77,.089041,61.073504
1786686353,llama3.1:8b,36.0,6638,800000,260.03,10.66,.088447,55.605310
1786686409,llama3.1:8b,36.0,6628,800000,261.95,10.99,.087799,51.824009
1786686462,llama3.1:8b,37.0,6633,957231,260.98,10.81,.088127,57.126197
1786686519,llama3.1:8b,37.0,6639,1375197,259.35,10.64,.088682,56.944214
1786686577,llama3.1:8b,37.0,6625,2000000,257.23,10.82,.089411,47.037729
1786686624,llama3.1:8b,33.0,6631,2266532,260.83,10.76,.088179,59.454242
1786686684,llama3.1:8b,36.0,6623,795518,266.84,10.67,.086192,61.848386
1786686746,llama3.1:8b,37.0,6628,800000,253.71,10.62,.090651,74.226297
1786686821,llama3.1:8b,37.0,6633,801601,257.00,10.79,.089490,58.822555
1786686881,llama3.1:8b,36.0,6632,2026954,266.78,10.70,.086211,61.822536
1786686943,llama3.1:8b,37.0,6630,1488483,254.88,10.60,.090237,62.123784
1786687005,llama3.1:8b,36.0,6640,800000,256.83,10.73,.089551,49.759422
1786687056,llama3.1:8b,37.0,6637,1009710,261.63,10.95,.087907,50.749231
1786687107,llama3.1:8b,37.0,6635,802543,263.48,10.72,.087291,52.116394
1786687160,llama3.1:8b,37.0,6640,1371759,256.31,10.73,.089733,59.819895
1786687220,llama3.1:8b,37.0,6628,800000,265.40,10.79,.086659,48.891037
1786687269,llama3.1:8b,37.0,6620,800000,260.81,10.69,.088186,61.078061
1786687331,llama3.1:8b,37.0,6627,801126,256.37,10.72,.089710,55.657275
1786687387,llama3.1:8b,37.0,6620,800000,262.61,10.69,.087579,55.822065
1786687443,llama3.1:8b,37.0,6628,1100000,261.13,10.57,.088077,67.262313
1786687511,llama3.1:8b,34.0,6627,901873,253.40,10.73,.090763,59.515494
1786687571,llama3.1:8b,37.0,6628,800948,247.05,10.86,.093097,51.558461
1786687623,llama3.1:8b,37.0,6633,800000,255.14,10.69,.090144,57.680858
1786687681,llama3.1:8b,36.0,6618,2302811,256.80,10.69,.089562,59.909473
1786687742,llama3.1:8b,37.0,6635,800000,240.23,10.98,.095739,53.700814
1786687796,llama3.1:8b,37.0,6642,799087,265.91,10.81,.086495,57.406550
1786687854,llama3.1:8b,36.0,6638,798620,267.42,10.65,.086005,59.122042
1786687914,llama3.1:8b,37.0,6632,2001391,261.05,10.57,.088102,62.120890
1786687976,llama3.1:8b,35.0,6636,800000,263.04,10.71,.087436,53.772502
1786688030,llama3.1:8b,36.0,6634,805918,260.33,10.71,.088346,58.622502
1786688090,llama3.1:8b,36.0,6644,800000,257.12,10.50,.089450,73.087972
1786688163,llama3.1:8b,37.0,6625,798058,260.70,10.73,.088223,55.725727
1786688219,llama3.1:8b,37.0,6632,798404,245.04,10.84,.093862,53.042630
1786688273,llama3.1:8b,36.0,6630,1217232,262.72,10.66,.087545,61.023073
1786688334,llama3.1:8b,33.0,6636,832905,254.05,10.58,.090529,66.134174
1786688401,llama3.1:8b,37.0,6640,2600000,258.87,10.71,.088847,59.382872
1786688461,llama3.1:8b,37.0,6642,798796,256.76,10.72,.089575,67.053267
1786688529,llama3.1:8b,37.0,6629,1591329,252.47,10.76,.091098,51.100243
1786688580,llama3.1:8b,37.0,6647,808176,266.54,10.70,.086289,57.745488
1786688638,llama3.1:8b,37.0,6636,800000,249.85,10.70,.092051,54.478972
1786688693,llama3.1:8b,33.0,6644,1182600,247.78,10.85,.092822,43.844502
1786688738,llama3.1:8b,37.0,6636,800000,255.44,10.72,.090040,57.710455
1786688796,llama3.1:8b,37.0,6652,1310759,243.66,10.60,.094391,60.898788
1786688857,llama3.1:8b,37.0,6635,1587200,247.20,10.49,.093038,74.691849
1786688933,llama3.1:8b,37.0,6636,1593097,261.73,10.60,.087873,64.783641
1786688998,llama3.1:8b,36.0,6636,1603686,259.25,10.59,.088715,64.441479
1786689063,llama3.1:8b,37.0,6642,2198717,245.40,10.82,.093722,46.172700
1786689109,llama3.1:8b,37.0,6626,800000,241.26,10.70,.095332,62.701139
1786689173,llama3.1:8b,36.0,6639,801084,257.75,10.63,.089232,62.367144
1786689235,llama3.1:8b,37.0,6642,800000,264.38,10.49,.086994,74.209482
1786689310,llama3.1:8b,37.0,6623,800000,251.09,10.70,.091597,50.352234
1786689361,llama3.1:8b,33.0,6629,800000,254.85,10.62,.090246,56.283924
1786689418,llama3.1:8b,36.0,6638,800990,265.84,10.65,.086516,63.914251
1786689482,llama3.1:8b,37.0,6634,800000,268.51,10.67,.085655,68.456772
1786689551,llama3.1:8b,36.0,6631,2600000,249.94,10.70,.092019,57.655705
1786689609,llama3.1:8b,34.0,6633,951397,252.78,10.62,.090986,58.237735
1786689668,llama3.1:8b,36.0,6627,1001434,247.47,10.73,.092939,57.637669
1786689726,llama3.1:8b,37.0,6629,801159,259.48,10.69,.088636,62.386480
1786689789,llama3.1:8b,37.0,6635,1490674,258.64,10.57,.088925,70.665644
1786689860,llama3.1:8b,37.0,6632,1075548,264.14,10.76,.087073,62.696400
1786689924,llama3.1:8b,37.0,6627,715260,262.13,10.86,.087739,52.548892
1786689977,llama3.1:8b,37.0,6639,730735,270.33,10.68,.085081,64.370685
1786690042,llama3.1:8b,36.0,6630,1806913,261.37,10.68,.087997,64.572541
1786690107,llama3.1:8b,36.0,6635,801873,251.48,10.93,.091456,55.622920
1786690163,llama3.1:8b,37.0,6632,830102,265.19,10.60,.086728,66.932248
1786690230,llama3.1:8b,36.0,6634,800000,253.23,10.72,.090822,57.521500
1786690288,llama3.1:8b,36.0,6642,800000,249.25,10.68,.092273,59.643830
1786690348,llama3.1:8b,34.0,6634,800000,254.72,10.68,.090292,58.964776
1786690408,llama3.1:8b,34.0,6627,797704,256.14,10.73,.089792,50.691595
1786690459,llama3.1:8b,36.0,6627,797553,263.47,10.91,.087294,55.225935
1786690515,llama3.1:8b,37.0,6621,2311284,252.79,10.65,.090981,63.817718
1786690579,llama3.1:8b,37.0,6621,1945667,262.65,10.87,.087565,60.620971
1786690640,llama3.1:8b,36.0,6621,800488,257.23,10.88,.089412,59.334901
1786690700,llama3.1:8b,37.0,6628,800000,259.07,10.95,.088778,48.654633
1786690749,llama3.1:8b,37.0,6637,689586,244.03,10.84,.094250,59.018888
1786690809,llama3.1:8b,36.0,6621,1091194,235.34,10.56,.097728,67.197233
1786690877,llama3.1:8b,36.0,6635,800000,259.94,10.86,.088480,58.731133
1786690936,llama3.1:8b,36.0,6628,800981,252.14,10.93,.091216,51.496664
1786690988,llama3.1:8b,37.0,6628,927304,257.40,10.72,.089353,62.022547
1786691050,llama3.1:8b,33.0,6634,948523,258.27,10.98,.089051,50.899082
1786691102,llama3.1:8b,37.0,6631,800000,249.45,10.65,.092202,56.756225
1786691159,llama3.1:8b,37.0,6635,1984525,257.72,10.71,.089243,53.746805
1786691213,llama3.1:8b,37.0,6635,1097966,267.84,10.74,.085869,60.310264
1786691274,llama3.1:8b,36.0,6642,800000,254.14,10.76,.090500,48.295930
1786691323,llama3.1:8b,37.0,6633,996941,256.34,10.68,.089724,54.091984
1786691377,llama3.1:8b,33.0,6628,800000,247.12,10.70,.093069,51.856883
1786691430,llama3.1:8b,36.0,6643,800000,257.36,10.63,.089366,61.802420
1786691492,llama3.1:8b,35.0,6626,800000,263.06,10.73,.087431,59.807474
1786691552,llama3.1:8b,36.0,6648,951947,270.88,10.80,.084908,51.840446
1786691605,llama3.1:8b,37.0,6637,800000,247.64,11.09,.092874,42.555197
1786691648,llama3.1:8b,36.0,6634,800000,252.36,10.89,.091136,59.087935
1786691707,llama3.1:8b,36.0,6639,818696,261.48,10.64,.087959,70.427363
1786691778,llama3.1:8b,36.0,6647,668625,259.34,10.65,.088685,54.924579
1786691834,llama3.1:8b,36.0,6638,800000,251.31,10.66,.091518,63.865000
1786691898,llama3.1:8b,37.0,6641,800000,263.63,10.63,.087240,63.487998
1786691962,llama3.1:8b,37.0,6639,800000,267.17,10.64,.086086,63.712235
1786692026,llama3.1:8b,36.0,6646,1095700,268.54,10.62,.085647,55.138220
1786692082,llama3.1:8b,34.0,6638,1800000,243.68,10.70,.094385,50.332864
1786692133,llama3.1:8b,37.0,6644,920945,249.71,10.59,.092104,63.825950
1786692197,llama3.1:8b,36.0,6648,1909814,269.64,10.70,.085297,58.592870
1786692256,llama3.1:8b,36.0,6648,800000,257.37,10.59,.089363,60.963252
1786692318,llama3.1:8b,36.0,6647,800000,265.66,10.65,.086574,57.787350
1786692376,llama3.1:8b,37.0,6648,800000,254.97,10.75,.090205,51.325010
1786692428,llama3.1:8b,37.0,6642,800000,250.82,10.52,.091697,70.370789
1786692499,llama3.1:8b,35.0,6643,918941,257.92,10.74,.089172,50.739916
1786692550,llama3.1:8b,37.0,6649,1800000,253.15,10.76,.090855,45.807496
1786692596,llama3.1:8b,37.0,6644,1400000,250.28,10.73,.091893,45.277455
1786692642,llama3.1:8b,37.0,6639,832078,260.82,10.65,.088181,61.012180
1786692703,llama3.1:8b,36.0,6644,800000,246.99,10.71,.093117,52.077452
1786692756,llama3.1:8b,37.0,6645,800000,253.38,10.66,.090770,56.369235
1786692813,llama3.1:8b,36.0,6642,800000,258.07,10.76,.089122,60.274769
1786692874,llama3.1:8b,37.0,6644,1382328,250.82,10.70,.091696,57.099464
1786692931,llama3.1:8b,37.0,6649,798692,252.98,10.85,.090914,49.929842
1786692982,llama3.1:8b,37.0,6629,800000,240.18,10.61,.095760,68.111258
1786693050,llama3.1:8b,36.0,6646,800000,266.59,10.62,.086271,61.252079
1786693112,llama3.1:8b,37.0,6644,800000,255.46,10.71,.090032,54.139919
1786693167,llama3.1:8b,36.0,6634,801085,260.65,10.71,.088239,52.989036
1786693220,llama3.1:8b,36.0,6633,2600000,260.35,10.61,.088341,60.392178
1786693281,llama3.1:8b,37.0,6639,997737,261.44,10.68,.087971,58.607669
1786693340,llama3.1:8b,36.0,6634,2034541,269.23,10.70,.085427,47.829116
1786693388,llama3.1:8b,37.0,6636,660051,247.07,10.55,.093088,64.739053
1786693454,llama3.1:8b,37.0,6632,915811,258.21,10.63,.089074,56.680922
1786693511,llama3.1:8b,36.0,6634,1087409,246.28,10.70,.093388,58.782096
1786693570,llama3.1:8b,37.0,6626,800870,263.55,10.81,.087268,52.709257
1786693623,llama3.1:8b,33.0,6635,797633,257.67,10.72,.089260,63.208283
1786693687,llama3.1:8b,37.0,6636,800000,253.26,10.56,.090815,66.171460
1786693754,llama3.1:8b,36.0,6639,800000,260.53,10.91,.088279,43.146641
1786693797,llama3.1:8b,37.0,6638,801217,249.60,10.91,.092146,47.622704
1786693845,llama3.1:8b,36.0,6633,1211579,247.49,10.85,.092930,52.788039
1786693899,llama3.1:8b,37.0,6635,799831,242.64,10.67,.094788,53.377960
1786693953,llama3.1:8b,36.0,6629,1459863,261.65,10.61,.087901,63.241994
1786694016,llama3.1:8b,37.0,6633,1578453,259.91,10.67,.088491,66.223992
1786694083,llama3.1:8b,36.0,6633,800000,252.28,10.69,.091166,56.120155
1786694140,llama3.1:8b,37.0,6638,982907,253.75,10.70,.090639,55.669776
1786694196,llama3.1:8b,36.0,6643,802332,249.63,10.62,.092135,58.074101
1786694254,llama3.1:8b,37.0,6640,1553731,256.51,10.75,.089661,59.048699
1786694314,llama3.1:8b,36.0,6644,1103503,259.55,10.68,.088611,56.729681
1786694371,llama3.1:8b,33.0,6640,800000,248.61,10.70,.092511,63.959741
1786694436,llama3.1:8b,36.0,6635,1024466,266.49,10.75,.086304,56.811497
1786694493,llama3.1:8b,36.0,6642,1043368,257.92,10.68,.089174,53.998276
1786694548,llama3.1:8b,36.0,6638,1458715,258.02,10.69,.089139,56.567830
1786694605,llama3.1:8b,37.0,6654,1480238,243.27,10.83,.094544,48.459577
1786694653,llama3.1:8b,36.0,6647,1099854,256.51,10.73,.089664,51.998834
1786694706,llama3.1:8b,37.0,6644,800000,263.60,10.71,.087252,48.269816
1786694755,llama3.1:8b,37.0,6641,800000,264.98,10.58,.086796,64.987336
1786694820,llama3.1:8b,34.0,6640,1120587,263.74,10.81,.087203,47.689918
1786694868,llama3.1:8b,36.0,6646,799659,261.16,10.77,.088068,62.294177
1786694931,llama3.1:8b,37.0,6639,1034505,252.10,10.88,.091231,44.821126
1786694977,llama3.1:8b,37.0,6635,2000000,244.35,10.82,.094127,63.765115
1786695041,llama3.1:8b,37.0,6636,1400000,254.86,10.67,.090243,65.857861
1786695107,llama3.1:8b,37.0,6649,799547,243.21,10.63,.094567,64.515260
1786695172,llama3.1:8b,37.0,6642,800000,258.84,10.75,.088855,49.538972
1786695222,llama3.1:8b,37.0,6637,800000,236.81,10.61,.097124,65.673682
1786695288,llama3.1:8b,37.0,6636,800000,267.86,10.72,.085865,50.141182
1786695339,llama3.1:8b,37.0,6645,1193445,259.55,10.76,.088614,54.141165
1786695394,llama3.1:8b,33.0,6634,1850289,258.44,10.63,.088992,63.445240
1786695458,llama3.1:8b,37.0,6646,1408274,245.81,10.80,.093566,54.133824
1786695512,llama3.1:8b,37.0,6632,969117,250.68,10.71,.091750,52.158056
1786695565,llama3.1:8b,36.0,6643,1100000,261.81,10.58,.087847,59.888227
1786695625,llama3.1:8b,36.0,6641,800000,239.05,10.71,.096211,50.020310
1786695676,llama3.1:8b,37.0,6649,799238,261.74,10.72,.087871,51.480859
1786695728,llama3.1:8b,37.0,6646,1600000,257.25,10.70,.089405,62.599806
1786695791,llama3.1:8b,36.0,6651,1500000,240.94,10.68,.095457,57.109401
1786695849,llama3.1:8b,36.0,6647,799587,252.26,10.86,.091172,46.482186
1786695895,llama3.1:8b,36.0,6645,799256,246.89,10.79,.093156,49.651929
1786695946,llama3.1:8b,36.0,6640,799224,266.77,10.77,.086216,55.962235
1786696002,llama3.1:8b,37.0,6640,800000,255.09,10.86,.090163,56.441302
1786696059,llama3.1:8b,36.0,6644,1000000,247.44,10.61,.092949,63.313923
1786696123,llama3.1:8b,36.0,6638,1588373,261.42,10.73,.087977,55.149390
1786696178,llama3.1:8b,36.0,6634,1016397,262.98,10.63,.087456,55.370810
1786696234,llama3.1:8b,36.0,6632,800000,259.14,10.63,.088752,63.201107
1786696298,llama3.1:8b,36.0,6644,800689,250.97,10.70,.091643,57.370579
1786696356,llama3.1:8b,33.0,6628,843870,264.72,10.84,.086881,44.709578
1786696401,llama3.1:8b,33.0,6637,800000,262.85,10.83,.087501,49.578969
1786696451,llama3.1:8b,36.0,6631,800000,265.14,10.78,.086743,54.172828
1786696506,llama3.1:8b,36.0,6635,800000,251.41,10.64,.091481,57.400569
1786696564,llama3.1:8b,36.0,6636,800990,251.34,10.64,.091508,62.656117
1786696627,llama3.1:8b,36.0,6639,798761,253.19,10.63,.090840,63.109283
1786696691,llama3.1:8b,36.0,6650,800000,255.85,10.72,.089895,50.050395
1786696741,llama3.1:8b,36.0,6636,800000,249.86,10.66,.092051,56.659477
1786696798,llama3.1:8b,36.0,6644,1036944,245.27,10.63,.093772,58.419534
1786696857,llama3.1:8b,37.0,6645,2263723,269.82,10.67,.085240,50.864834
1786696908,llama3.1:8b,36.0,6650,1732142,254.85,10.77,.090246,51.866938
1786696961,llama3.1:8b,37.0,6649,800000,262.63,10.60,.087574,69.276641
1786697031,llama3.1:8b,37.0,6656,1794285,256.65,10.60,.089612,64.886432
1786697096,llama3.1:8b,37.0,6645,1049146,262.19,10.76,.087720,57.862620
1786697154,llama3.1:8b,36.0,6641,800000,253.90,10.71,.090584,45.528326
1786697200,llama3.1:8b,36.0,6642,800000,262.75,10.77,.087533,47.790307
1786697249,llama3.1:8b,36.0,6644,798952,248.73,10.57,.092467,68.905011
1786697318,llama3.1:8b,36.0,6647,798870,272.51,10.89,.084398,56.253067
1786697375,llama3.1:8b,37.0,6640,800000,262.24,10.78,.087704,51.652513
1786697427,llama3.1:8b,37.0,6647,798257,261.64,10.65,.087904,58.168830
1786697486,llama3.1:8b,37.0,6634,800000,260.33,10.59,.088349,61.359390
1786697548,llama3.1:8b,37.0,6646,997468,245.64,10.56,.093629,67.080548
1786697615,llama3.1:8b,34.0,6639,1007172,256.66,10.63,.089610,60.071751
1786697676,llama3.1:8b,36.0,6636,1000000,246.11,10.71,.093450,48.976982
1786697725,llama3.1:8b,36.0,6632,2600000,261.70,10.92,.087884,50.992822
1786697777,llama3.1:8b,36.0,6643,800000,256.72,10.96,.089590,48.237878
1786697825,llama3.1:8b,37.0,6640,1185604,243.53,10.58,.094440,66.794047
1786697893,llama3.1:8b,37.0,6635,800000,243.16,10.58,.094586,64.722716
1786697958,llama3.1:8b,37.0,6640,1686227,252.76,10.56,.090992,67.570400
1786698026,llama3.1:8b,37.0,6636,800086,262.37,10.63,.087659,65.179161
1786698092,llama3.1:8b,36.0,6670,1836871,260.19,10.85,.088395,50.965959
1786698143,llama3.1:8b,36.0,6673,798458,248.47,10.65,.092566,57.052019
1786698201,llama3.1:8b,36.0,6649,1124050,255.70,10.69,.089945,51.145485
1786698252,llama3.1:8b,37.0,6656,1399097,257.28,10.71,.089394,60.105019
1786698313,llama3.1:8b,37.0,6656,799541,258.97,10.70,.088813,61.828499
1786698375,llama3.1:8b,36.0,6649,1796250,272.57,10.65,.084381,58.660571
1786698434,llama3.1:8b,37.0,6648,800009,263.30,10.99,.087350,52.198133
1786698487,llama3.1:8b,37.0,6647,800000,260.73,10.59,.088210,72.137620
1786698560,llama3.1:8b,37.0,6649,1504997,259.24,10.63,.088718,62.420413
1786698623,llama3.1:8b,37.0,6639,1885584,257.79,10.63,.089218,54.805727
1786698678,llama3.1:8b,37.0,6721,1484820,253.25,10.63,.090818,68.091484
1786698747,llama3.1:8b,37.0,6653,1136569,241.17,11.01,.095366,46.126872
1786698793,llama3.1:8b,37.0,6644,801253,248.71,10.78,.092475,57.186777
1786698851,llama3.1:8b,36.0,6638,1100000,256.48,10.86,.089673,56.688344
1786698908,llama3.1:8b,37.0,6643,1100000,263.23,10.78,.087373,53.506713
1786698962,llama3.1:8b,37.0,6639,826009,247.14,10.80,.093064,49.533327
1786699012,llama3.1:8b,34.0,6643,1499267,268.01,10.64,.085816,69.701770
1786699082,llama3.1:8b,37.0,6641,800000,259.38,10.78,.088670,47.580646
1786699130,llama3.1:8b,36.0,6645,800637,259.19,10.63,.088734,63.347888
1786699194,llama3.1:8b,36.0,6646,800000,255.64,10.70,.089967,56.069269
1786699251,llama3.1:8b,36.0,6650,798496,252.55,10.64,.091068,58.534752
1786699310,llama3.1:8b,37.0,6639,669904,248.07,10.84,.092712,52.110473
1786699362,llama3.1:8b,36.0,6644,800000,246.05,10.69,.093474,56.956056
1786699420,llama3.1:8b,37.0,6641,1407231,260.08,10.72,.088434,57.972901
1786699478,llama3.1:8b,36.0,6635,800000,252.48,10.71,.091092,58.156220
1786699537,llama3.1:8b,37.0,6642,1503480,262.36,10.63,.087663,63.948352
1786699601,llama3.1:8b,37.0,6644,960250,258.57,10.63,.088948,65.143938
1786699667,llama3.1:8b,36.0,6640,800000,259.09,10.63,.088770,60.180408
1786699728,llama3.1:8b,36.0,6648,1005692,261.86,10.87,.087832,59.589541
1786699788,llama3.1:8b,36.0,6647,2000000,260.73,10.65,.088213,59.756985
1786699848,llama3.1:8b,37.0,6651,800325,250.20,10.57,.091925,63.458429
1786699912,llama3.1:8b,37.0,6630,797542,245.57,10.66,.093658,56.246048
1786699969,llama3.1:8b,37.0,6628,972749,257.08,10.65,.089463,60.612658
1786700030,llama3.1:8b,36.0,6630,1002861,253.67,10.66,.090666,53.080401
1786700084,llama3.1:8b,37.0,6645,922593,253.90,10.74,.090585,50.993467
1786700135,llama3.1:8b,37.0,6641,802308,260.88,10.72,.088162,46.513838
1786700182,llama3.1:8b,36.0,6641,797849,243.86,10.55,.094315,65.968736
1786700249,llama3.1:8b,34.0,6642,800000,252.70,10.66,.091013,52.219275
1786700301,llama3.1:8b,37.0,6646,1181645,258.56,10.57,.088953,66.680090
1786700369,llama3.1:8b,37.0,6645,800000,249.49,10.63,.092186,65.650580
1786700435,llama3.1:8b,36.0,6639,923090,261.01,10.68,.088116,61.131572
1786700496,llama3.1:8b,37.0,6642,799555,254.00,10.71,.090549,52.461266
1786700549,llama3.1:8b,37.0,6645,796870,260.16,10.74,.088407,53.608676
1786700603,llama3.1:8b,36.0,6647,1091275,259.91,10.73,.088491,45.852533
1786700650,llama3.1:8b,37.0,6638,943892,246.69,10.76,.093233,54.549740
1786700705,llama3.1:8b,36.0,6640,1013601,256.10,10.73,.089807,60.893948
1786700766,llama3.1:8b,36.0,6641,1424712,258.65,10.76,.088922,56.673535
1786700823,llama3.1:8b,36.0,6636,800000,257.01,10.64,.089489,65.372704
1786700889,llama3.1:8b,33.0,6636,1109911,246.46,10.66,.093319,55.023665
1786700945,llama3.1:8b,37.0,6649,1711111,263.68,10.66,.087223,56.935096
1786701002,llama3.1:8b,37.0,6648,800000,260.46,10.69,.088302,47.207526
1786701050,llama3.1:8b,37.0,6644,799366,259.02,10.75,.088794,51.502189
1786701102,llama3.1:8b,37.0,6637,800285,256.34,10.69,.089723,65.442436
1786701168,llama3.1:8b,37.0,6645,800963,259.14,10.85,.088752,46.620641
1786701215,llama3.1:8b,37.0,6640,800000,251.00,10.69,.091633,57.012205
1786701272,llama3.1:8b,35.0,6634,800000,250.73,10.66,.091731,49.416593
1786701322,llama3.1:8b,37.0,6645,800000,253.27,10.64,.090811,58.914244
1786701382,llama3.1:8b,37.0,6639,999534,252.64,10.61,.091037,64.460198
1786701447,llama3.1:8b,37.0,6643,800000,257.19,10.68,.089427,59.727182
1786701507,llama3.1:8b,37.0,6645,970646,245.51,10.83,.093681,54.706681
1786701562,llama3.1:8b,37.0,6644,798491,260.12,10.71,.088418,60.001481
1786701623,llama3.1:8b,37.0,6638,1591822,259.16,10.62,.088746,65.689189
1786701689,llama3.1:8b,37.0,6636,2401947,260.01,10.69,.088456,59.209873
1786701749,llama3.1:8b,34.0,6646,800000,262.34,10.68,.087671,53.329279
1786701802,llama3.1:8b,37.0,6641,875628,263.62,10.63,.087245,64.103017
1786701867,llama3.1:8b,36.0,6639,798345,264.17,10.70,.087064,55.857232
1786701923,llama3.1:8b,37.0,6642,1411242,256.85,10.83,.089544,45.777315
1786701970,llama3.1:8b,37.0,6635,1774426,253.87,10.66,.090595,53.532564
1786702024,llama3.1:8b,37.0,6643,798997,259.20,10.69,.088732,55.894003
1786702080,llama3.1:8b,37.0,6644,1050686,261.44,10.61,.087972,61.813050
1786702142,llama3.1:8b,33.0,6632,1000000,267.22,10.70,.086069,64.268999
1786702207,llama3.1:8b,37.0,6637,800000,250.35,10.80,.091868,43.040367
1786702251,llama3.1:8b,37.0,6645,800000,251.43,10.60,.091473,54.513581
1786702306,llama3.1:8b,36.0,6636,800000,253.63,10.67,.090680,62.680106
1786702369,llama3.1:8b,37.0,6632,800702,248.07,10.67,.092712,60.254111
1786702430,llama3.1:8b,37.0,6629,993670,259.97,10.63,.088470,62.828371
1786702493,llama3.1:8b,37.0,6623,800000,263.06,10.63,.087429,61.674993
1786702555,llama3.1:8b,35.0,6634,1237733,245.95,10.67,.093513,59.788366
1786702615,llama3.1:8b,37.0,6639,1207659,252.23,10.80,.091183,61.643846
1786702678,llama3.1:8b,37.0,6637,2355522,254.32,10.66,.090436,66.930134
1786702745,llama3.1:8b,37.0,6631,800000,267.29,10.81,.086046,46.408457
1786702792,llama3.1:8b,37.0,6642,2213727,249.16,10.83,.092309,56.478687
1786702849,llama3.1:8b,37.0,6633,800000,259.20,10.75,.088734,50.787170
1786702900,llama3.1:8b,37.0,6636,623139,264.23,10.70,.087045,55.099560
1786702956,llama3.1:8b,37.0,6636,800000,250.16,10.72,.091938,53.509246
1786703010,llama3.1:8b,34.0,6636,1114929,248.84,10.73,.092428,61.375045
1786703072,llama3.1:8b,37.0,6627,799112,257.43,10.63,.089344,63.255081
1786703135,llama3.1:8b,36.0,6634,1075028,248.31,10.70,.092622,54.387011
1786703190,llama3.1:8b,37.0,6634,800000,255.05,10.64,.090178,66.577660
1786703257,llama3.1:8b,37.0,6638,800000,252.30,10.62,.091159,64.256465
1786703322,llama3.1:8b,37.0,6640,1600000,260.70,10.59,.088222,66.242149
1786703389,llama3.1:8b,37.0,6641,797355,258.99,10.70,.088805,66.293325
1786703456,llama3.1:8b,34.0,6643,1100000,265.13,10.62,.086747,64.372868
1786703521,llama3.1:8b,37.0,6651,1616542,252.35,10.67,.091142,56.753754
1786703578,llama3.1:8b,37.0,6646,800000,245.49,10.57,.093688,75.839062
1786703654,llama3.1:8b,37.0,6638,998514,252.93,10.91,.090931,48.843014
1786703704,llama3.1:8b,37.0,6644,801070,241.31,10.72,.095312,56.683434
1786703761,llama3.1:8b,37.0,6635,800000,242.65,10.67,.094783,57.801605
1786703819,llama3.1:8b,37.0,6643,2580736,259.38,10.63,.088670,70.226131
1786703890,llama3.1:8b,37.0,6641,800000,267.11,10.69,.086103,64.354718
1786703955,llama3.1:8b,36.0,6647,800000,247.59,10.61,.092891,55.113559
1786704010,llama3.1:8b,35.0,6649,800000,257.95,10.78,.089164,67.400963
1786704078,llama3.1:8b,37.0,6647,801814,254.79,10.88,.090269,57.332448
1786704136,llama3.1:8b,37.0,6649,808724,255.94,10.64,.089863,57.121161
1786704194,llama3.1:8b,37.0,6649,800000,246.78,10.67,.093199,63.215536
1786704258,llama3.1:8b,37.0,6642,798620,258.33,10.66,.089030,58.767720
1786704317,llama3.1:8b,38.0,6640,1200000,264.02,10.73,.087112,57.954649
1786704375,llama3.1:8b,37.0,6643,938306,259.22,10.65,.088727,63.235909
1786704439,llama3.1:8b,37.0,6638,1025721,256.15,10.68,.089787,58.308140
1786704498,llama3.1:8b,37.0,6641,800000,249.03,10.54,.092357,68.930237
1786704567,llama3.1:8b,37.0,6643,928584,258.02,10.70,.089138,52.896424
1786704621,llama3.1:8b,37.0,6651,1018545,264.08,10.75,.087092,45.568546
1786704667,llama3.1:8b,37.0,6647,668438,269.82,10.56,.085241,62.007317
1786704729,llama3.1:8b,37.0,6645,2604788,262.93,10.60,.087475,62.444160
1786704792,llama3.1:8b,37.0,6636,800000,262.33,10.71,.087674,52.635894
1786704845,llama3.1:8b,37.0,6643,825143,250.80,10.63,.091706,65.611128
1786704911,llama3.1:8b,37.0,6645,800000,261.14,10.56,.088072,63.049775
1786704975,llama3.1:8b,37.0,6648,799991,240.92,10.79,.095466,48.185332
1786705024,llama3.1:8b,38.0,6642,2612322,254.26,10.80,.090457,50.796381
1786705075,llama3.1:8b,37.0,6644,800000,256.99,10.83,.089497,50.405560
1786705126,llama3.1:8b,37.0,6642,800000,263.55,10.67,.087267,57.819050
1786705184,llama3.1:8b,37.0,6648,820552,252.45,10.52,.091104,69.518790
1786705254,llama3.1:8b,36.0,6668,799590,257.33,10.58,.089377,64.593950
1786705319,llama3.1:8b,37.0,6677,1081818,261.29,10.75,.088022,50.761014
1786705371,llama3.1:8b,37.0,6647,797507,259.66,10.73,.088575,56.251246
1786705427,llama3.1:8b,36.0,6635,800000,268.47,10.57,.085669,61.860946
1786705490,llama3.1:8b,38.0,6638,800000,249.47,10.56,.092192,65.795590
1786705556,llama3.1:8b,37.0,6649,800269,252.33,10.67,.091147,66.163746
1786705623,llama3.1:8b,37.0,6645,800000,271.06,10.76,.084849,64.068177
1786705687,llama3.1:8b,37.0,6639,1100000,255.40,10.75,.090051,46.750595
1786705734,llama3.1:8b,37.0,6648,1023867,257.92,10.76,.089172,55.846245
1786705791,llama3.1:8b,37.0,6633,800176,255.54,10.54,.090002,61.904082
1786705853,llama3.1:8b,37.0,6641,800000,258.72,10.69,.088897,52.065880
1786705906,llama3.1:8b,37.0,6641,1167680,240.97,10.63,.095446,60.176324
1786705967,llama3.1:8b,37.0,6650,1548656,262.15,10.62,.087734,62.748983
1786706030,llama3.1:8b,37.0,6642,800000,254.59,10.81,.090339,58.917569
1786706089,llama3.1:8b,37.0,6647,895000,267.42,10.96,.086004,45.318830
1786706135,llama3.1:8b,37.0,6636,801677,251.34,10.71,.091506,54.295975
1786706190,llama3.1:8b,37.0,6645,1415254,260.72,10.67,.088216,56.559109
1786706247,llama3.1:8b,38.0,6645,800000,248.29,10.65,.092632,56.292606
1786706304,llama3.1:8b,37.0,6644,801015,259.45,10.69,.088646,59.181321
1786706363,llama3.1:8b,37.0,6642,800000,255.47,10.62,.090027,62.689750
1786706427,llama3.1:8b,37.0,6636,1008727,259.45,10.61,.088648,63.392085
1786706490,llama3.1:8b,37.0,6638,669565,251.25,10.68,.091541,57.441056
1786706548,llama3.1:8b,37.0,6654,2592737,271.10,10.64,.084837,63.518852
1786706612,llama3.1:8b,37.0,6639,1621663,243.73,10.67,.094362,51.907609
1786706665,llama3.1:8b,37.0,6645,1839247,251.89,10.59,.091308,64.190696
1786706729,llama3.1:8b,37.0,6639,2286711,252.43,10.60,.091111,63.745901
1786706794,llama3.1:8b,37.0,6632,2600000,249.35,10.60,.092239,66.367800
1786706861,llama3.1:8b,37.0,6639,800000,256.03,10.82,.089831,44.818746
1786706906,llama3.1:8b,37.0,6642,797823,256.21,10.72,.089766,48.593778
1786706955,llama3.1:8b,37.0,6653,1599104,260.27,10.67,.088367,55.722656
1786707011,llama3.1:8b,37.0,6647,1258823,248.38,10.83,.092597,47.515350
1786707059,llama3.1:8b,37.0,6638,799981,246.85,10.75,.093170,59.387368
1786707119,llama3.1:8b,37.0,6644,801156,255.84,10.62,.089899,64.836911
1786707184,llama3.1:8b,37.0,6643,870212,239.68,10.57,.095960,67.125163
1786707252,llama3.1:8b,34.0,6646,656706,259.69,10.63,.088564,61.143642
1786707314,llama3.1:8b,37.0,6636,801562,262.69,10.81,.087552,49.182975
1786707363,llama3.1:8b,37.0,6644,800000,258.81,10.67,.088867,55.440693
1786707419,llama3.1:8b,37.0,6647,1171785,257.93,10.54,.089168,79.154811
1786707499,llama3.1:8b,36.0,6652,800000,262.70,10.67,.087550,56.383684
1786707556,llama3.1:8b,35.0,6647,800000,251.69,10.69,.091381,60.690171
1786707617,llama3.1:8b,37.0,6649,800000,257.65,10.89,.089265,54.890786
1786707673,llama3.1:8b,37.0,6652,625962,247.37,10.79,.092977,50.500911
1786707724,llama3.1:8b,37.0,6652,800000,264.20,10.65,.087055,62.290730
1786707786,llama3.1:8b,37.0,6650,1028033,252.37,10.51,.091132,69.628531
1786707856,llama3.1:8b,37.0,6645,800000,259.88,10.63,.088499,59.803112
1786707917,llama3.1:8b,37.0,6652,800000,259.14,10.67,.088754,59.465833
1786707977,llama3.1:8b,36.0,6647,800000,260.46,10.51,.088302,71.630653
1786708049,llama3.1:8b,37.0,6653,921794,262.65,10.79,.087567,53.184311
1786708103,llama3.1:8b,37.0,6659,2596107,248.18,10.76,.092672,45.974700
1786708149,llama3.1:8b,37.0,6647,2106918,259.78,10.74,.088535,48.940556
1786708198,llama3.1:8b,37.0,6650,893672,267.79,10.59,.085886,66.061439
1786708265,llama3.1:8b,36.0,6649,957398,259.88,10.67,.088499,60.881711
1786708326,llama3.1:8b,37.0,6649,799378,242.63,10.61,.094792,61.722693
1786708389,llama3.1:8b,36.0,6649,950923,266.19,10.67,.086403,54.351876
1786708443,llama3.1:8b,37.0,6651,798673,259.37,10.60,.088673,64.811189
1786708509,llama3.1:8b,37.0,6649,1890845,262.63,10.77,.087574,47.442875
1786708557,llama3.1:8b,36.0,6647,1048343,269.74,10.74,.085265,63.009352
1786708620,llama3.1:8b,36.0,6641,1372620,268.60,10.93,.085628,48.906967
1786708670,llama3.1:8b,37.0,6644,1800000,246.27,10.77,.093392,56.985644
1786708727,llama3.1:8b,37.0,6647,1200000,259.41,10.65,.088659,61.305482
1786708789,llama3.1:8b,37.0,6645,800000,259.74,10.68,.088549,65.133334
1786708855,llama3.1:8b,36.0,6655,800000,255.51,10.65,.090015,63.448596
1786708919,llama3.1:8b,36.0,6648,798967,257.27,10.62,.089399,57.430006
1786708977,llama3.1:8b,37.0,6639,2158730,265.50,10.79,.086628,53.433246
1786709030,llama3.1:8b,37.0,6644,2058676,262.49,10.55,.087621,64.912823
1786709096,llama3.1:8b,37.0,6642,1058866,248.95,10.68,.092387,57.439119
1786709154,llama3.1:8b,37.0,6648,715439,258.49,10.59,.088976,71.169436
1786709226,llama3.1:8b,36.0,6647,1021847,264.86,10.64,.086837,58.252834
1786709284,llama3.1:8b,36.0,6645,795675,248.84,10.70,.092427,56.810618
1786709342,llama3.1:8b,35.0,6644,800000,242.34,10.71,.094906,54.496656
1786709397,llama3.1:8b,37.0,6643,800000,260.81,10.74,.088184,54.920031
1786709452,llama3.1:8b,37.0,6650,800238,264.79,10.66,.086860,60.757111
1786709513,llama3.1:8b,37.0,6642,800000,256.37,10.52,.089713,68.695213
1786709583,llama3.1:8b,37.0,6644,798717,253.42,10.65,.090757,62.211448
1786709645,llama3.1:8b,37.0,6647,695339,266.52,10.63,.086297,54.156076
1786709700,llama3.1:8b,37.0,6647,799615,255.80,10.56,.089911,67.288825
1786709768,llama3.1:8b,37.0,6643,1092507,260.58,10.76,.088262,46.930510
1786709815,llama3.1:8b,36.0,6647,1842130,253.70,10.50,.090655,69.956092
1786709886,llama3.1:8b,37.0,6654,797476,249.81,10.65,.092066,60.897067
1786709947,llama3.1:8b,37.0,6652,929634,256.07,10.94,.089816,53.368658
1786710001,llama3.1:8b,37.0,6642,800000,252.72,10.73,.091009,60.833457
1786710062,llama3.1:8b,37.0,6636,800000,270.44,10.62,.085045,62.753524
1786710126,llama3.1:8b,34.0,6644,801622,255.90,10.60,.089876,65.061354
1786710191,llama3.1:8b,37.0,6653,2600000,265.39,10.56,.086661,67.493875
1786710259,llama3.1:8b,37.0,6653,1390745,264.21,10.61,.087049,61.818899
1786710321,llama3.1:8b,38.0,6648,799463,248.04,10.59,.092725,66.709305
1786710389,llama3.1:8b,37.0,6646,1495607,258.53,10.71,.088962,52.086052
1786710441,llama3.1:8b,37.0,6651,800000,253.88,10.55,.090592,66.144385
1786710508,llama3.1:8b,37.0,6640,800000,236.02,10.69,.097449,48.631091
1786710557,llama3.1:8b,37.0,6647,799940,256.81,10.66,.089558,54.676726
1786710612,llama3.1:8b,37.0,6649,796800,258.07,10.69,.089122,50.193706
1786710663,llama3.1:8b,37.0,6650,799182,249.86,10.68,.092048,56.906414
1786710720,llama3.1:8b,37.0,6645,1101654,242.81,10.55,.094722,67.074087
1786710788,llama3.1:8b,34.0,6649,1498648,257.81,10.69,.089209,56.311486
1786710845,llama3.1:8b,37.0,6649,2600000,256.49,10.69,.089669,50.656569
1786710896,llama3.1:8b,37.0,6640,1600000,258.53,10.72,.088962,51.392646
1786710948,llama3.1:8b,37.0,6640,800000,256.35,10.60,.089717,69.507417
1786711018,llama3.1:8b,34.0,6648,1001828,263.68,10.80,.087225,53.966845
1786711072,llama3.1:8b,36.0,6651,836759,265.62,10.61,.086589,68.374656
1786711141,llama3.1:8b,37.0,6649,2081168,261.76,10.89,.087865,58.119903
1786711200,llama3.1:8b,37.0,6647,800000,253.39,10.95,.090766,60.170708
1786711260,llama3.1:8b,37.0,6650,1487162,252.51,10.71,.091083,64.376381
1786711325,llama3.1:8b,37.0,6637,800000,248.86,10.78,.092419,51.631756
1786711377,llama3.1:8b,36.0,6656,799497,246.01,10.73,.093491,56.894666
1786711435,llama3.1:8b,37.0,6644,1398672,259.34,10.61,.088686,59.840022
1786711495,llama3.1:8b,36.0,6645,1106989,247.77,10.73,.092827,55.038747
1786711551,llama3.1:8b,34.0,6641,2279373,260.22,10.63,.088383,62.501719
1786711614,llama3.1:8b,37.0,6648,2600000,241.61,10.67,.095193,58.366578
1786711672,llama3.1:8b,37.0,6655,800976,235.95,10.73,.097474,49.537566
1786711723,llama3.1:8b,37.0,6646,800735,255.64,10.73,.089969,50.315104
1786711773,llama3.1:8b,36.0,6655,929741,251.71,10.84,.091372,53.191185
1786711827,llama3.1:8b,36.0,6655,800000,255.23,10.72,.090112,60.515630
1786711888,llama3.1:8b,37.0,6651,913523,263.68,10.78,.087224,45.698589
1786711934,llama3.1:8b,37.0,6650,800000,259.43,10.74,.088654,45.695544
1786711980,llama3.1:8b,37.0,6654,820160,264.78,10.70,.086864,48.481167
1786712029,llama3.1:8b,37.0,6653,2600000,258.68,10.62,.088909,60.720212
1786712091,llama3.1:8b,36.0,6649,768058,270.24,10.72,.085108,47.659578
1786712139,llama3.1:8b,37.0,6648,798055,249.81,10.92,.092069,48.075714
1786712187,llama3.1:8b,37.0,6646,1020610,264.12,10.67,.087079,56.296044
1786712244,llama3.1:8b,37.0,6647,1200000,264.61,10.61,.086918,61.635805
1786712306,llama3.1:8b,37.0,6651,2600000,246.67,10.71,.093239,59.985723
1786712367,llama3.1:8b,37.0,6635,798832,253.36,10.75,.090776,58.095343
1786712425,llama3.1:8b,37.0,6629,799017,261.04,10.75,.088107,53.932621
1786712480,llama3.1:8b,37.0,6663,1100000,254.25,10.76,.090461,48.581302
1786712529,llama3.1:8b,37.0,6673,800458,257.40,10.75,.089354,61.452112
1786712591,llama3.1:8b,37.0,6640,1011439,259.40,10.85,.088663,54.650567
1786712646,llama3.1:8b,36.0,6647,1797952,245.22,10.71,.093791,52.188407
1786712698,llama3.1:8b,34.0,6634,802295,257.26,10.68,.089403,54.931380
1786712754,llama3.1:8b,37.0,6638,800000,250.24,10.63,.091911,60.467997
1786712815,llama3.1:8b,36.0,6633,1066483,257.51,10.64,.089313,59.394798
1786712875,llama3.1:8b,37.0,6648,2594594,241.66,10.60,.095173,66.867384
1786712942,llama3.1:8b,37.0,6643,1000000,253.16,10.68,.090851,58.106158
1786713001,llama3.1:8b,37.0,6649,854103,246.68,10.79,.093235,57.064177
1786713058,llama3.1:8b,37.0,6645,797158,250.27,10.67,.091900,57.228408
1786713116,llama3.1:8b,37.0,6649,800000,252.97,10.65,.090919,58.577782
1786713175,llama3.1:8b,37.0,6649,1880912,249.97,10.63,.092009,59.305996
1786713235,llama3.1:8b,37.0,6646,2599643,253.15,10.65,.090852,54.634265
1786713290,llama3.1:8b,37.0,6642,1088752,260.58,10.51,.088263,69.499048
1786713360,llama3.1:8b,37.0,6642,800000,251.08,10.70,.091603,52.521055
1786713413,llama3.1:8b,37.0,6648,800000,259.71,10.52,.088559,82.404218
1786713496,llama3.1:8b,37.0,6639,1308933,244.69,10.65,.093994,60.053504
1786713557,llama3.1:8b,37.0,6636,1464739,266.07,10.68,.086441,54.470475
1786713611,llama3.1:8b,37.0,6646,2250738,260.80,10.68,.088189,52.697954
1786713665,llama3.1:8b,37.0,6644,799283,258.80,10.62,.088871,58.249792
1786713723,llama3.1:8b,36.0,6640,2600000,264.12,10.62,.087080,63.138871
1786713787,llama3.1:8b,37.0,6634,800341,263.12,10.77,.087410,55.579712
1786713843,llama3.1:8b,37.0,6633,798119,253.64,10.73,.090677,51.723189
1786713895,llama3.1:8b,37.0,6635,1000000,256.17,10.67,.089780,59.495942
1786713955,llama3.1:8b,37.0,6635,800000,258.35,10.71,.089026,51.162331
1786714007,llama3.1:8b,36.0,6637,799789,267.57,10.66,.085956,63.099859
1786714071,llama3.1:8b,37.0,6644,801051,257.44,10.53,.089339,69.315781
1786714141,llama3.1:8b,37.0,6650,799825,264.90,10.76,.086824,52.927304
1786714194,llama3.1:8b,34.0,6650,800223,256.00,10.62,.089843,59.311267
1786714254,llama3.1:8b,37.0,6639,998823,264.08,10.69,.087093,53.783638
1786714308,llama3.1:8b,37.0,6635,800000,238.81,10.83,.096308,45.854993
1786714354,llama3.1:8b,37.0,6640,1000000,250.31,10.46,.091883,73.830425
1786714429,llama3.1:8b,37.0,6639,800000,260.55,10.57,.088274,68.726257
1786714498,llama3.1:8b,37.0,6649,799627,255.25,10.70,.090105,49.151128
1786714548,llama3.1:8b,37.0,6642,800000,259.84,10.76,.088513,53.592342
1786714602,llama3.1:8b,37.0,6650,1100000,256.40,10.67,.089700,62.741489
1786714665,llama3.1:8b,37.0,6650,800000,266.23,10.62,.086391,67.688062
1786714733,llama3.1:8b,37.0,6642,1050947,262.13,10.68,.087741,57.490560
1786714791,llama3.1:8b,37.0,6642,801058,252.55,10.55,.091070,71.426970
1786714863,llama3.1:8b,36.0,6645,1800000,262.80,10.69,.087517,58.352038
1786714922,llama3.1:8b,37.0,6636,800000,254.89,10.71,.090234,58.148468
1786714981,llama3.1:8b,37.0,6632,687758,257.13,10.64,.089445,61.612113
1786715043,llama3.1:8b,37.0,6639,986396,259.45,10.62,.088646,61.545295
1786715105,llama3.1:8b,35.0,6643,799967,250.55,10.63,.091797,57.352663
1786715163,llama3.1:8b,37.0,6644,2006119,256.19,10.78,.089776,44.581791
1786715208,llama3.1:8b,37.0,6651,800000,267.77,10.59,.085893,66.567250
1786715275,llama3.1:8b,37.0,6643,963947,255.67,10.64,.089957,58.533139
1786715334,llama3.1:8b,37.0,6639,789684,249.47,10.90,.092193,52.561250
1786715387,llama3.1:8b,37.0,6639,798865,260.83,10.63,.088179,57.443235
1786715445,llama3.1:8b,37.0,6637,800000,256.06,10.61,.089820,65.118978
1786715510,llama3.1:8b,37.0,6644,800000,243.14,10.77,.094592,57.908477
1786715569,llama3.1:8b,36.0,6648,996085,253.50,10.80,.090728,46.473201
1786715616,llama3.1:8b,37.0,6646,800000,257.03,10.67,.089483,56.585977
1786715673,llama3.1:8b,37.0,6654,799983,258.08,10.83,.089117,52.901158
1786715726,llama3.1:8b,34.0,6645,928942,262.30,10.69,.087685,48.143415
1786715775,llama3.1:8b,37.0,6650,1800000,240.46,10.59,.095649,59.248493
1786715835,llama3.1:8b,34.0,6640,800000,247.26,10.64,.093018,63.573811
1786715899,llama3.1:8b,34.0,6637,800000,251.71,10.68,.091374,49.217021
1786715949,llama3.1:8b,37.0,6645,798751,260.59,10.53,.088259,68.520432
1786716018,llama3.1:8b,37.0,6652,800743,264.28,10.68,.087028,54.866481
1786716073,llama3.1:8b,36.0,6647,800000,259.93,10.56,.088482,64.940380
1786716138,llama3.1:8b,37.0,6643,1400000,249.80,10.55,.092073,68.422102
1786716207,llama3.1:8b,37.0,6650,800980,246.69,10.81,.093231,48.529987
1786716256,llama3.1:8b,37.0,6638,801376,236.27,10.78,.097344,56.651726
1786716313,llama3.1:8b,37.0,6645,1131965,252.64,10.71,.091037,59.270978
1786716373,llama3.1:8b,37.0,6652,800000,262.92,10.62,.087477,61.767940
1786716436,llama3.1:8b,37.0,6649,800000,253.43,10.64,.090752,57.870338
1786716494,llama3.1:8b,37.0,6631,800000,266.68,10.87,.086243,47.459825
1786716542,llama3.1:8b,37.0,6641,2600000,257.28,10.67,.089395,59.778131
1786716602,llama3.1:8b,37.0,6634,1745408,252.57,10.66,.091061,57.029624
1786716660,llama3.1:8b,37.0,6646,800000,252.28,10.74,.091168,61.147149
1786716721,llama3.1:8b,37.0,6637,813549,249.23,10.78,.092283,60.810098
1786716783,llama3.1:8b,37.0,6635,800000,261.51,10.93,.087948,45.730282
1786716829,llama3.1:8b,37.0,6627,801493,258.69,10.71,.088906,55.547006
1786716885,llama3.1:8b,36.0,6631,853684,247.54,10.61,.092912,58.416817
1786716944,llama3.1:8b,37.0,6638,1045271,253.93,10.63,.090576,61.678423
1786717006,llama3.1:8b,37.0,6628,1482732,263.47,10.75,.087295,51.420922
1786717058,llama3.1:8b,37.0,6621,937272,263.65,10.75,.087236,59.025107
1786717117,llama3.1:8b,36.0,6640,800000,253.92,10.62,.090578,63.056445
1786717181,llama3.1:8b,37.0,6646,1641762,251.78,10.71,.091348,60.487725
1786717242,llama3.1:8b,36.0,6638,877716,256.15,10.70,.089788,50.176830
1786717293,llama3.1:8b,37.0,6648,829954,257.28,10.69,.089394,51.339919
1786717344,llama3.1:8b,37.0,6649,1489739,263.71,10.69,.087215,62.189882
1786717407,llama3.1:8b,36.0,6645,797538,258.63,10.78,.088929,50.246370
1786717458,llama3.1:8b,37.0,6644,800000,254.56,10.75,.090350,49.819425
1786717508,llama3.1:8b,37.0,6649,2179415,250.08,10.68,.091967,54.911355
1786717564,llama3.1:8b,37.0,6651,959099,258.40,10.66,.089008,69.689371
1786717634,llama3.1:8b,36.0,6652,1100000,266.77,10.67,.086213,62.112965
1786717696,llama3.1:8b,37.0,6644,1400000,225.55,10.62,.101971,67.085217
1786717764,llama3.1:8b,37.0,6648,1592426,256.30,10.69,.089735,59.815589
1786717824,llama3.1:8b,37.0,6647,1072708,260.71,10.50,.088217,71.190038
1786717896,llama3.1:8b,37.0,6650,1186336,253.59,10.63,.090696,60.560443
1786717957,llama3.1:8b,37.0,6639,1919966,264.74,10.64,.086876,58.030913
1786718016,llama3.1:8b,37.0,6650,1219505,254.27,10.59,.090452,67.411674
1786718084,llama3.1:8b,37.0,6644,800000,250.38,10.65,.091858,57.370652
1786718142,llama3.1:8b,37.0,6646,800000,245.04,10.67,.093862,51.697702
1786718194,llama3.1:8b,37.0,6648,798407,269.56,10.67,.085323,56.309068
1786718251,llama3.1:8b,37.0,6653,2051681,248.19,10.55,.092670,68.683968
1786718320,llama3.1:8b,37.0,6658,2156512,253.61,10.58,.090690,61.885094
1786718382,llama3.1:8b,37.0,6642,785357,256.50,10.70,.089666,55.500489
1786718438,llama3.1:8b,37.0,6644,797368,246.03,10.66,.093481,58.600484
1786718497,llama3.1:8b,37.0,6640,800000,247.73,10.60,.092841,63.906167
1786718562,llama3.1:8b,37.0,6641,800000,257.72,10.62,.089244,63.343344
1786718626,llama3.1:8b,37.0,6642,797583,257.04,10.69,.089478,57.792008
1786718684,llama3.1:8b,36.0,6646,800000,261.72,10.93,.087877,60.559070
1786718745,llama3.1:8b,37.0,6643,1586930,246.66,10.60,.093244,62.638778
1786718808,llama3.1:8b,37.0,6628,800000,253.09,10.66,.090874,61.898043
1786718871,llama3.1:8b,37.0,6643,800000,247.63,10.69,.092877,51.904036
1786718923,llama3.1:8b,37.0,6652,802807,263.80,10.61,.087184,63.004211
1786718986,llama3.1:8b,37.0,6650,800000,228.47,10.73,.100667,43.673001
1786719031,llama3.1:8b,37.0,6654,799957,241.12,10.78,.095387,45.824449
1786719077,llama3.1:8b,37.0,6647,799638,255.87,10.74,.089885,52.291019
1786719130,llama3.1:8b,37.0,6641,801481,243.51,10.64,.094450,55.409943
1786719186,llama3.1:8b,37.0,6654,800000,264.66,10.60,.086901,59.955591
1786719246,llama3.1:8b,36.0,6643,1566666,260.48,10.56,.088296,70.211312
1786719317,llama3.1:8b,37.0,6636,799485,263.49,10.71,.087289,62.084979
1786719379,llama3.1:8b,37.0,6660,838395,253.96,10.65,.090562,62.532313
1786719442,llama3.1:8b,37.0,6642,2000000,253.04,10.85,.090891,58.768166
1786719502,llama3.1:8b,37.0,6644,800000,268.60,10.60,.085627,64.614526
1786719567,llama3.1:8b,38.0,6644,1011438,258.75,10.72,.088888,52.785286
1786719620,llama3.1:8b,36.0,6643,1124746,241.06,10.71,.095409,51.877889
1786719672,llama3.1:8b,36.0,6680,800000,263.97,10.66,.087129,52.706238
1786719726,llama3.1:8b,37.0,6653,801286,252.27,10.66,.091171,58.013236
1786719784,llama3.1:8b,37.0,6653,800452,241.40,10.76,.095275,58.606931
1786719843,llama3.1:8b,38.0,6650,799672,261.39,10.79,.087988,55.384562
1786719899,llama3.1:8b,37.0,6650,2006688,239.02,10.73,.096224,50.109934
1786719950,llama3.1:8b,37.0,6645,1800000,257.03,10.94,.089481,46.508678
1786719997,llama3.1:8b,37.0,6649,797468,253.32,10.70,.090791,55.213222
1786720052,llama3.1:8b,37.0,6638,1501333,257.87,10.93,.089190,49.657266
1786720103,llama3.1:8b,37.0,6643,766044,260.28,10.70,.088365,54.458851
1786720158,llama3.1:8b,34.0,6643,800160,244.53,10.74,.094054,50.980992
1786720209,llama3.1:8b,37.0,6646,800000,249.27,10.69,.092266,53.683981
1786720263,llama3.1:8b,37.0,6654,1282001,255.82,10.63,.089906,58.226672
1786720322,llama3.1:8b,37.0,6654,2604651,240.20,10.58,.095751,74.834110
1786720397,llama3.1:8b,37.0,6654,800000,259.49,10.66,.088633,59.532083
1786720457,llama3.1:8b,37.0,6651,801380,268.85,10.61,.085549,60.219480
1786720518,llama3.1:8b,37.0,6639,800000,259.33,10.72,.088687,59.779859
1786720578,llama3.1:8b,37.0,6637,799692,258.15,10.78,.089092,49.503333
1786720628,llama3.1:8b,37.0,6639,1779983,249.49,10.74,.092184,51.297307
1786720680,llama3.1:8b,34.0,6642,1630056,243.51,10.59,.094449,65.692455
1786720746,llama3.1:8b,37.0,6649,989495,248.09,10.74,.092705,44.285074
1786720791,llama3.1:8b,36.0,6646,1060433,268.35,10.59,.085706,64.373391
1786720856,llama3.1:8b,37.0,6654,2068099,256.05,10.82,.089823,42.019157
1786720898,llama3.1:8b,37.0,6644,800000,245.35,10.44,.093742,82.501497
1786720982,llama3.1:8b,37.0,6648,1127562,262.36,10.67,.087663,57.441273
1786721039,llama3.1:8b,37.0,6651,800478,261.72,10.80,.087878,43.758959
1786721084,llama3.1:8b,37.0,6641,1336080,255.77,10.79,.089924,48.891145
1786721133,llama3.1:8b,37.0,6645,791027,258.68,10.81,.088912,55.024819
1786721189,llama3.1:8b,37.0,6649,800000,266.02,10.61,.086457,68.518796
1786721258,llama3.1:8b,37.0,6650,799754,250.55,10.73,.091795,44.708888
1786721303,llama3.1:8b,36.0,6643,1499050,256.38,10.66,.089707,57.971665
1786721361,llama3.1:8b,37.0,6650,796540,259.54,10.69,.088616,57.991536
1786721420,llama3.1:8b,37.0,6651,1179393,259.16,10.77,.088746,59.682707
1786721480,llama3.1:8b,38.0,6648,924424,267.88,10.83,.085857,55.910272
