timestamp,model,cpu_temp,ram_used_mb,prefill_tps,decode_tps
1777639711,llama3.1:8b,33.0,1103,33.94,12.29
1777639802,llama3.1:8b,47.0,6475,295.66,12.33
1777639850,llama3.1:8b,46.0,6477,299.41,12.29
1777639899,llama3.1:8b,51.0,6488,290.86,12.28
1777639956,llama3.1:8b,51.0,6489,293.16,12.25
1777640013,llama3.1:8b,46.0,6471,292.71,12.33
1777640056,llama3.1:8b,46.0,6473,300.27,12.36
1777640111,llama3.1:8b,51.0,6487,298.13,12.20
1777640167,llama3.1:8b,48.0,6489,294.36,12.31
1777640207,llama3.1:8b,46.0,6504,294.17,12.29
1777640259,llama3.1:8b,46.0,6503,296.45,12.35
1777640312,llama3.1:8b,49.0,6500,295.26,12.28
1777640361,llama3.1:8b,49.0,6514,291.83,12.35
1777640402,llama3.1:8b,51.0,6504,291.36,12.21
1777640455,llama3.1:8b,49.0,6522,305.02,12.21
1777640511,llama3.1:8b,49.0,6515,293.05,12.22
1777640563,llama3.1:8b,51.0,6509,287.91,12.30
1777640606,llama3.1:8b,51.0,6489,291.57,12.28
1777640648,llama3.1:8b,49.0,6493,283.07,12.21
1777640698,llama3.1:8b,49.0,6502,279.95,12.26
1777640750,llama3.1:8b,49.0,6516,290.73,12.29
1777640800,llama3.1:8b,49.0,6513,287.46,12.22
1777640855,llama3.1:8b,56.0,6512,298.36,12.32
1777640907,llama3.1:8b,51.0,6510,296.52,12.25
1777640959,llama3.1:8b,49.0,6512,292.39,12.18
1777641018,llama3.1:8b,51.0,6506,301.69,12.30
1777641074,llama3.1:8b,46.0,6516,295.67,12.20
1777641129,llama3.1:8b,52.0,6513,296.88,12.19
1777641179,llama3.1:8b,51.0,6514,295.18,12.27
1777641228,llama3.1:8b,51.0,6514,296.17,12.34
1777641272,llama3.1:8b,52.0,6514,289.80,12.38
1777641313,llama3.1:8b,51.0,6507,300.89,12.18
1777641369,llama3.1:8b,49.0,6512,294.71,12.19
1777641423,llama3.1:8b,52.0,6522,281.99,12.21
1777641477,llama3.1:8b,49.0,6520,299.07,12.14
1777641537,llama3.1:8b,49.0,6512,278.52,12.26
1777641596,llama3.1:8b,58.0,6517,299.90,12.27
1777641646,llama3.1:8b,49.0,6524,293.50,12.28
1777641695,llama3.1:8b,49.0,6521,293.61,12.24
1777641744,llama3.1:8b,46.0,6524,285.80,12.18
1777641802,llama3.1:8b,49.0,6512,281.52,12.29
1777641848,llama3.1:8b,51.0,6506,298.59,12.11
1777641908,llama3.1:8b,49.0,6509,303.62,12.16
1777641961,llama3.1:8b,49.0,6510,297.57,12.28
1777641999,llama3.1:8b,49.0,6518,287.03,12.27
1777642055,llama3.1:8b,51.0,6512,285.94,12.16
1777642113,llama3.1:8b,51.0,6512,294.85,12.27
1777642165,llama3.1:8b,51.0,6510,294.21,12.12
1777642229,llama3.1:8b,52.0,6508,297.36,12.36
1777642279,llama3.1:8b,46.0,6521,287.40,12.26
1777642332,llama3.1:8b,51.0,6531,298.69,12.27
1777642377,llama3.1:8b,49.0,6526,285.31,12.25
1777642422,llama3.1:8b,46.0,6528,299.15,12.18
1777642478,llama3.1:8b,51.0,6511,287.33,12.23
1777642528,llama3.1:8b,49.0,6520,293.80,12.29
1777642578,llama3.1:8b,51.0,6525,299.97,12.33
1777642623,llama3.1:8b,51.0,6511,287.28,12.14
1777642682,llama3.1:8b,49.0,6519,296.13,12.23
1777642729,llama3.1:8b,49.0,6515,298.13,12.18
1777642786,llama3.1:8b,51.0,6528,298.25,12.19
1777642838,llama3.1:8b,51.0,6518,301.54,12.23
1777642886,llama3.1:8b,47.0,6524,292.13,12.26
1777642933,llama3.1:8b,51.0,6520,303.93,12.32
1777642981,llama3.1:8b,51.0,6526,293.32,12.34
1777643025,llama3.1:8b,46.0,6522,293.79,12.24
1777643077,llama3.1:8b,49.0,6516,295.69,12.25
1777643130,llama3.1:8b,49.0,6517,297.61,12.57
1777643172,llama3.1:8b,51.0,6535,295.15,12.24
1777643233,llama3.1:8b,53.0,6530,297.73,12.18
1777643284,llama3.1:8b,48.0,6524,291.49,12.20
1777643338,llama3.1:8b,51.0,6525,295.96,12.34
1777643384,llama3.1:8b,49.0,6539,297.96,12.30
1777643437,llama3.1:8b,49.0,6526,296.97,12.19
1777643491,llama3.1:8b,50.0,6523,291.12,12.23
1777643544,llama3.1:8b,49.0,6528,295.96,12.24
1777643598,llama3.1:8b,51.0,6527,293.31,12.22
1777643647,llama3.1:8b,51.0,6535,284.65,12.22
1777643705,llama3.1:8b,51.0,6522,297.09,12.20
1777643758,llama3.1:8b,52.0,6531,298.41,12.21
1777643803,llama3.1:8b,49.0,6523,295.92,12.15
1777643855,llama3.1:8b,51.0,6534,303.67,12.16
1777643911,llama3.1:8b,51.0,6534,289.24,12.16
1777643967,llama3.1:8b,51.0,6528,295.23,12.13
1777644028,llama3.1:8b,49.0,6536,286.79,12.24
1777644075,llama3.1:8b,49.0,6527,299.78,12.28
1777644130,llama3.1:8b,49.0,6541,302.16,12.23
1777644181,llama3.1:8b,51.0,6542,284.56,12.23
1777644232,llama3.1:8b,49.0,6528,297.05,12.20
1777644286,llama3.1:8b,51.0,6539,289.55,12.28
1777644340,llama3.1:8b,52.0,6539,282.14,12.28
1777644389,llama3.1:8b,51.0,6534,294.56,12.25
1777644433,llama3.1:8b,49.0,6539,294.63,12.14
1777644489,llama3.1:8b,57.0,6531,304.44,12.35
1777644533,llama3.1:8b,49.0,6524,293.49,12.30
1777644585,llama3.1:8b,49.0,6549,304.64,12.20
1777644644,llama3.1:8b,49.0,6532,293.42,12.14
1777644702,llama3.1:8b,49.0,6545,284.97,12.26
1777644748,llama3.1:8b,49.0,6547,293.73,12.24
1777644800,llama3.1:8b,49.0,6537,287.89,12.24
1777644852,llama3.1:8b,49.0,6529,298.43,12.20
1777644912,llama3.1:8b,46.0,6532,289.88,12.29
1777644962,llama3.1:8b,51.0,6533,288.09,12.16
1777645020,llama3.1:8b,52.0,6527,297.73,12.20
1777645073,llama3.1:8b,49.0,6537,292.00,12.32
1777645126,llama3.1:8b,46.0,6526,289.87,12.23
1777645179,llama3.1:8b,51.0,6531,299.83,12.23
1777645233,llama3.1:8b,51.0,6534,292.70,12.34
1777645280,llama3.1:8b,51.0,6523,300.40,12.24
1777645332,llama3.1:8b,49.0,6523,292.20,12.26
1777645383,llama3.1:8b,51.0,6526,286.34,12.37
1777645430,llama3.1:8b,51.0,6523,286.01,12.26
1777645481,llama3.1:8b,51.0,6536,298.29,12.18
1777645535,llama3.1:8b,49.0,6530,294.56,12.14
1777645593,llama3.1:8b,49.0,6527,300.08,12.23
1777645645,llama3.1:8b,48.0,6514,290.29,12.40
1777645681,llama3.1:8b,48.0,6529,286.51,12.38
1777645725,llama3.1:8b,52.0,6528,294.39,12.31
1777645766,llama3.1:8b,49.0,6533,293.43,12.19
1777645822,llama3.1:8b,49.0,6536,295.44,12.31
1777645867,llama3.1:8b,50.0,6527,279.80,12.29
1777645908,llama3.1:8b,49.0,6526,295.56,12.17
1777645961,llama3.1:8b,49.0,6533,297.43,12.16
1777646018,llama3.1:8b,49.0,6520,295.02,12.46
1777646060,llama3.1:8b,49.0,6533,303.17,12.15
1777646118,llama3.1:8b,51.0,6536,304.21,12.24
1777646166,llama3.1:8b,45.0,6537,296.93,12.24
1777646218,llama3.1:8b,51.0,6537,292.08,12.25
1777646263,llama3.1:8b,48.0,6534,290.23,12.38
1777646306,llama3.1:8b,51.0,6539,293.83,12.28
1777646348,llama3.1:8b,49.0,6537,292.11,12.28
1777646390,llama3.1:8b,48.0,6547,299.67,12.25
1777646434,llama3.1:8b,51.0,6532,293.51,12.28
1777646479,llama3.1:8b,51.0,6538,296.96,12.30
1777646528,llama3.1:8b,51.0,6538,291.65,12.18
1777646584,llama3.1:8b,49.0,6534,288.37,12.39
1777646630,llama3.1:8b,52.0,6538,292.78,12.29
1777646684,llama3.1:8b,51.0,6534,284.54,12.20
1777646742,llama3.1:8b,51.0,6537,304.81,12.15
1777646797,llama3.1:8b,49.0,6540,298.13,12.14
1777646856,llama3.1:8b,51.0,6539,287.88,12.31
1777646900,llama3.1:8b,49.0,6531,295.22,12.59
1777646940,llama3.1:8b,52.0,6528,291.04,12.26
1777646995,llama3.1:8b,46.0,6533,296.59,12.36
1777647035,llama3.1:8b,52.0,6517,291.94,12.24
1777647086,llama3.1:8b,46.0,6512,300.80,12.25
1777647136,llama3.1:8b,46.0,6516,290.47,12.23
1777647189,llama3.1:8b,49.0,6527,293.94,12.17
1777647244,llama3.1:8b,51.0,6526,296.91,12.25
1777647288,llama3.1:8b,49.0,6528,304.96,12.18
1777647342,llama3.1:8b,51.0,6505,286.36,12.16
1777647399,llama3.1:8b,52.0,6529,297.49,12.32
1777647443,llama3.1:8b,51.0,6518,286.69,12.28
1777647494,llama3.1:8b,49.0,6538,294.76,12.24
1777647547,llama3.1:8b,51.0,6531,284.27,12.23
1777647598,llama3.1:8b,49.0,6519,299.32,12.37
1777647651,llama3.1:8b,53.0,6559,293.20,12.31
1777647701,llama3.1:8b,47.0,6555,292.59,12.30
1777647749,llama3.1:8b,49.0,6532,292.26,12.16
1777647809,llama3.1:8b,50.0,6539,303.81,12.34
1777647853,llama3.1:8b,49.0,6534,284.17,12.20
1777647911,llama3.1:8b,49.0,6535,292.05,12.31
1777647959,llama3.1:8b,48.0,6536,299.52,12.40
1777648004,llama3.1:8b,51.0,6538,298.04,12.35
1777648044,llama3.1:8b,48.0,6530,284.08,12.17
1777648101,llama3.1:8b,48.0,6528,299.86,12.33
1777648147,llama3.1:8b,49.0,6531,294.72,12.29
1777648202,llama3.1:8b,51.0,6544,288.23,12.18
1777648264,llama3.1:8b,49.0,6546,283.46,12.22
1777648309,llama3.1:8b,49.0,6540,295.68,12.29
1777648354,llama3.1:8b,51.0,6532,277.31,12.15
1777648412,llama3.1:8b,50.0,6531,280.09,12.23
1777648466,llama3.1:8b,53.0,6523,296.87,12.25
1777648518,llama3.1:8b,51.0,6527,288.01,12.33
1777648568,llama3.1:8b,52.0,6540,297.80,12.18
1777648627,llama3.1:8b,49.0,6542,293.16,12.13
1777648690,llama3.1:8b,49.0,6543,284.76,12.35
1777648732,llama3.1:8b,49.0,6548,298.43,12.21
1777648787,llama3.1:8b,51.0,6543,294.96,12.26
1777648834,llama3.1:8b,51.0,6527,302.96,12.22
1777648888,llama3.1:8b,51.0,6532,295.53,12.15
1777648945,llama3.1:8b,51.0,6547,282.92,12.19
1777648999,llama3.1:8b,49.0,6528,295.83,12.26
1777649052,llama3.1:8b,51.0,6529,282.24,12.34
1777649098,llama3.1:8b,51.0,6535,286.51,12.22
1777649167,llama3.1:8b,51.0,6525,304.72,12.42
1777649213,llama3.1:8b,51.0,6518,294.45,12.31
1777649264,llama3.1:8b,51.0,6531,292.29,12.20
1777649319,llama3.1:8b,49.0,6531,282.83,12.32
1777649366,llama3.1:8b,51.0,6534,297.57,12.31
1777649413,llama3.1:8b,51.0,6542,288.02,12.21
1777649467,llama3.1:8b,49.0,6527,287.46,12.22
1777649520,llama3.1:8b,49.0,6521,294.47,12.19
1777649572,llama3.1:8b,48.0,6526,287.42,12.20
1777649622,llama3.1:8b,47.0,6522,293.09,12.31
1777649673,llama3.1:8b,49.0,6527,295.85,12.20
1777649730,llama3.1:8b,51.0,6531,294.25,12.25
1777649784,llama3.1:8b,51.0,6539,293.61,12.27
1777649835,llama3.1:8b,52.0,6529,293.20,12.18
1777649893,llama3.1:8b,52.0,6536,293.46,12.12
1777649950,llama3.1:8b,51.0,6534,285.81,12.24
1777649997,llama3.1:8b,49.0,6533,295.91,12.33
1777650040,llama3.1:8b,49.0,6526,290.17,12.40
1777650077,llama3.1:8b,48.0,6539,295.74,12.15
1777650133,llama3.1:8b,53.0,6532,287.77,12.21
1777650193,llama3.1:8b,51.0,6533,280.43,12.34
1777650232,llama3.1:8b,45.0,6537,287.55,12.32
1777650277,llama3.1:8b,49.0,6536,293.98,12.25
1777650324,llama3.1:8b,51.0,6530,292.36,12.04
1777650393,llama3.1:8b,46.0,6530,292.24,12.25
1777650446,llama3.1:8b,50.0,6543,298.85,12.27
1777650497,llama3.1:8b,52.0,6540,293.29,12.34
1777650545,llama3.1:8b,52.0,6536,293.97,12.40
1777650589,llama3.1:8b,49.0,6539,290.28,12.19
1777650637,llama3.1:8b,51.0,6541,296.30,12.14
1777650697,llama3.1:8b,51.0,6527,292.77,12.36
1777650735,llama3.1:8b,52.0,6536,297.14,12.19
1777650787,llama3.1:8b,51.0,6527,297.59,12.18
1777650848,llama3.1:8b,46.0,6532,298.71,12.22
1777650904,llama3.1:8b,51.0,6546,290.54,12.24
1777650961,llama3.1:8b,51.0,6539,294.04,12.17
1777651016,llama3.1:8b,48.0,6548,293.46,12.17
1777651071,llama3.1:8b,49.0,6530,300.33,12.18
1777651121,llama3.1:8b,49.0,6542,298.04,12.30
1777651161,llama3.1:8b,52.0,6542,289.04,12.26
1777651209,llama3.1:8b,49.0,6541,296.23,12.22
1777651257,llama3.1:8b,49.0,6537,291.85,12.39
1777651296,llama3.1:8b,48.0,6522,300.34,12.23
1777651345,llama3.1:8b,45.0,6527,289.51,12.34
1777651392,llama3.1:8b,51.0,6529,298.39,12.38
1777651444,llama3.1:8b,52.0,6530,297.71,12.22
1777651494,llama3.1:8b,52.0,6533,297.30,12.17
1777651550,llama3.1:8b,46.0,6533,298.79,12.16
1777651606,llama3.1:8b,49.0,6528,296.21,12.15
1777651664,llama3.1:8b,45.0,6529,290.44,12.25
1777651716,llama3.1:8b,49.0,6535,282.58,12.27
1777651775,llama3.1:8b,51.0,6535,299.11,12.28
1777651824,llama3.1:8b,50.0,6535,297.00,12.28
1777651871,llama3.1:8b,49.0,6545,298.32,12.31
1777651920,llama3.1:8b,51.0,6535,276.95,12.14
1777651976,llama3.1:8b,51.0,6536,288.20,12.30
1777652020,llama3.1:8b,52.0,6534,279.15,12.37
1777652063,llama3.1:8b,52.0,6534,299.70,12.40
1777652111,llama3.1:8b,51.0,6524,294.74,12.23
1777652163,llama3.1:8b,48.0,6530,284.39,12.22
1777652215,llama3.1:8b,48.0,6521,294.19,12.21
1777652268,llama3.1:8b,45.0,6528,288.38,12.17
1777652322,llama3.1:8b,48.0,6532,298.54,12.32
1777652366,llama3.1:8b,51.0,6531,287.80,12.18
1777652423,llama3.1:8b,51.0,6529,304.82,12.35
1777652474,llama3.1:8b,53.0,6519,297.78,12.28
1777652521,llama3.1:8b,52.0,6522,297.35,12.18
1777652580,llama3.1:8b,51.0,6518,295.83,12.25
1777652634,llama3.1:8b,49.0,6528,295.64,12.22
1777652693,llama3.1:8b,51.0,6528,295.60,12.23
1777652744,llama3.1:8b,51.0,6536,298.28,12.25
1777652793,llama3.1:8b,51.0,6525,291.63,12.27
1777652845,llama3.1:8b,51.0,6531,289.55,12.39
1777652888,llama3.1:8b,51.0,6535,301.19,12.20
1777652938,llama3.1:8b,51.0,6528,293.12,12.13
1777652993,llama3.1:8b,46.0,6528,289.01,12.27
1777653044,llama3.1:8b,48.0,6528,285.08,12.34
1777653084,llama3.1:8b,52.0,6528,302.75,12.27
1777653128,llama3.1:8b,49.0,6523,293.45,12.20
1777653184,llama3.1:8b,45.0,6536,294.56,12.34
1777653227,llama3.1:8b,48.0,6535,301.30,12.36
1777653270,llama3.1:8b,51.0,6541,287.54,12.22
1777653315,llama3.1:8b,52.0,6541,295.41,12.19
1777653371,llama3.1:8b,46.0,6541,296.51,12.27
1777653419,llama3.1:8b,45.0,6531,284.96,12.22
1777653473,llama3.1:8b,51.0,6541,284.75,12.35
1777653518,llama3.1:8b,51.0,6538,296.32,12.31
1777653569,llama3.1:8b,49.0,6547,293.92,12.23
1777653621,llama3.1:8b,49.0,6549,288.98,12.21
1777653677,llama3.1:8b,51.0,6542,293.04,12.27
1777653726,llama3.1:8b,48.0,6529,289.65,12.15
1777653786,llama3.1:8b,45.0,6529,281.72,12.24
1777653836,llama3.1:8b,51.0,6538,286.05,12.21
1777653888,llama3.1:8b,49.0,6539,281.42,12.24
1777653933,llama3.1:8b,51.0,6538,296.69,12.41
1777653975,llama3.1:8b,51.0,6541,286.43,12.28
1777654028,llama3.1:8b,48.0,6531,295.56,12.33
1777654071,llama3.1:8b,51.0,6534,302.70,12.20
1777654120,llama3.1:8b,49.0,6535,283.77,12.23
1777654167,llama3.1:8b,49.0,6535,277.35,12.24
1777654217,llama3.1:8b,57.0,6532,297.64,12.38
1777654264,llama3.1:8b,51.0,6524,300.26,12.29
1777654310,llama3.1:8b,45.0,6537,295.76,12.26
1777654363,llama3.1:8b,49.0,6547,290.40,12.21
1777654416,llama3.1:8b,49.0,6538,282.35,12.18
1777654467,llama3.1:8b,51.0,6536,296.17,12.23
1777654518,llama3.1:8b,49.0,6526,295.69,12.22
1777654572,llama3.1:8b,51.0,6545,292.83,12.33
1777654618,llama3.1:8b,49.0,6538,293.38,12.29
1777654665,llama3.1:8b,49.0,6535,285.39,12.30
1777654707,llama3.1:8b,46.0,6543,303.98,12.22
1777654756,llama3.1:8b,51.0,6541,295.43,12.22
1777654810,llama3.1:8b,49.0,6532,283.04,12.37
1777654851,llama3.1:8b,51.0,6564,293.18,12.26
1777654896,llama3.1:8b,51.0,6548,291.19,12.27
1777654947,llama3.1:8b,46.0,6552,294.98,12.22
1777654999,llama3.1:8b,51.0,6541,296.47,12.21
1777655056,llama3.1:8b,49.0,6550,295.04,12.21
1777655110,llama3.1:8b,48.0,6541,295.00,12.42
1777655148,llama3.1:8b,51.0,6542,295.62,12.17
1777655204,llama3.1:8b,46.0,6549,283.88,12.28
1777655250,llama3.1:8b,45.0,6545,292.15,12.34
1777655290,llama3.1:8b,45.0,6537,301.50,12.23
1777655337,llama3.1:8b,49.0,6544,298.79,12.23
1777655392,llama3.1:8b,49.0,6551,294.74,12.32
1777655438,llama3.1:8b,49.0,6545,292.79,12.29
1777655490,llama3.1:8b,49.0,6530,290.96,12.31
1777655537,llama3.1:8b,46.0,6541,301.03,12.32
1777655581,llama3.1:8b,49.0,6541,292.88,12.33
1777655628,llama3.1:8b,51.0,6538,287.86,12.20
1777655682,llama3.1:8b,52.0,6551,300.16,12.34
1777655729,llama3.1:8b,52.0,6541,295.77,12.23
1777655785,llama3.1:8b,46.0,6538,290.46,12.19
1777655841,llama3.1:8b,51.0,6548,304.19,12.28
1777655886,llama3.1:8b,46.0,6540,300.88,12.24
1777655931,llama3.1:8b,49.0,6543,295.65,12.12
1777655989,llama3.1:8b,51.0,6538,281.28,12.13
1777656050,llama3.1:8b,51.0,6532,286.89,12.17
1777656106,llama3.1:8b,49.0,6524,288.47,12.18
1777656158,llama3.1:8b,49.0,6530,276.47,12.23
1777656213,llama3.1:8b,46.0,6538,298.07,12.20
1777656270,llama3.1:8b,51.0,6531,289.71,12.18
1777656323,llama3.1:8b,51.0,6538,284.55,12.32
1777656366,llama3.1:8b,46.0,6546,297.30,12.27
1777656408,llama3.1:8b,49.0,6535,295.13,12.22
1777656465,llama3.1:8b,49.0,6550,293.02,12.15
1777656524,llama3.1:8b,46.0,6548,289.24,12.16
1777656576,llama3.1:8b,48.0,6555,290.29,12.17
1777656626,llama3.1:8b,49.0,6549,282.76,12.21
1777656677,llama3.1:8b,51.0,6552,277.31,12.27
1777656732,llama3.1:8b,51.0,6537,290.81,12.25
1777656787,llama3.1:8b,51.0,6544,295.18,12.22
1777656838,llama3.1:8b,51.0,6546,290.73,12.24
1777656889,llama3.1:8b,49.0,6550,293.64,12.23
1777656942,llama3.1:8b,51.0,6543,293.64,12.15
1777656995,llama3.1:8b,51.0,6541,282.33,12.23
1777657050,llama3.1:8b,46.0,6556,285.82,12.31
1777657095,llama3.1:8b,51.0,6545,293.61,12.28
1777657142,llama3.1:8b,51.0,6537,283.15,12.23
1777657192,llama3.1:8b,52.0,6548,291.29,12.24
1777657238,llama3.1:8b,49.0,6538,288.16,12.27
1777657288,llama3.1:8b,46.0,6539,290.50,12.46
1777657331,llama3.1:8b,51.0,6545,293.25,12.29
1777657382,llama3.1:8b,46.0,6541,290.90,12.17
1777657444,llama3.1:8b,49.0,6541,292.64,12.17
1777657502,llama3.1:8b,51.0,6537,289.24,12.21
1777657555,llama3.1:8b,51.0,6549,288.47,12.24
1777657605,llama3.1:8b,52.0,6538,304.81,12.34
1777657657,llama3.1:8b,51.0,6538,302.15,12.36
1777657706,llama3.1:8b,51.0,6529,298.39,12.23
1777657753,llama3.1:8b,51.0,6529,294.72,12.30
1777657798,llama3.1:8b,52.0,6531,297.08,12.26
1777657853,llama3.1:8b,49.0,6536,298.08,12.22
1777657909,llama3.1:8b,47.0,6527,300.67,12.23
1777657955,llama3.1:8b,51.0,6535,284.28,12.21
1777657999,llama3.1:8b,49.0,6538,296.82,12.40
1777658044,llama3.1:8b,51.0,6537,292.87,12.23
1777658096,llama3.1:8b,51.0,6536,300.01,12.22
1777658159,llama3.1:8b,51.0,6537,292.01,12.15
1777658219,llama3.1:8b,52.0,6544,296.47,12.35
1777658273,llama3.1:8b,52.0,6553,289.92,12.33
1777658325,llama3.1:8b,49.0,6543,293.05,12.35
1777658368,llama3.1:8b,49.0,6542,290.96,12.08
1777658434,llama3.1:8b,49.0,6539,295.18,12.19
1777658489,llama3.1:8b,47.0,6539,301.87,12.20
1777658545,llama3.1:8b,46.0,6539,303.01,12.30
1777658590,llama3.1:8b,52.0,6533,294.66,12.27
1777658642,llama3.1:8b,51.0,6542,284.56,12.24
1777658700,llama3.1:8b,49.0,6548,298.71,12.22
1777658755,llama3.1:8b,51.0,6554,286.41,12.17
1777658808,llama3.1:8b,52.0,6547,297.02,12.14
1777658863,llama3.1:8b,46.0,6546,289.63,12.21
1777658913,llama3.1:8b,52.0,6543,291.19,12.23
1777658961,llama3.1:8b,51.0,6535,279.67,12.16
1777659013,llama3.1:8b,49.0,6539,287.50,12.25
1777659065,llama3.1:8b,52.0,6542,286.70,12.27
1777659115,llama3.1:8b,48.0,6541,293.93,12.25
1777659166,llama3.1:8b,49.0,6546,297.59,12.25
1777659222,llama3.1:8b,46.0,6553,293.07,12.34
1777659271,llama3.1:8b,49.0,6549,279.73,12.27
1777659324,llama3.1:8b,52.0,6545,301.24,12.15
1777659386,llama3.1:8b,49.0,6545,289.53,12.28
1777659442,llama3.1:8b,52.0,6540,302.57,12.30
1777659497,llama3.1:8b,49.0,6540,283.95,12.24
1777659542,llama3.1:8b,52.0,6539,294.35,12.21
1777659592,llama3.1:8b,49.0,6544,296.64,12.23
1777659649,llama3.1:8b,52.0,6546,292.39,12.47
1777659694,llama3.1:8b,49.0,6549,287.07,12.39
1777659739,llama3.1:8b,51.0,6537,298.85,12.34
1777659789,llama3.1:8b,51.0,6546,298.29,12.26
1777659840,llama3.1:8b,49.0,6537,283.62,12.28
1777659886,llama3.1:8b,49.0,6535,287.39,12.28
1777659943,llama3.1:8b,51.0,6543,294.32,12.19
1777660000,llama3.1:8b,51.0,6532,294.37,12.28
1777660052,llama3.1:8b,48.0,6534,294.18,12.21
1777660111,llama3.1:8b,46.0,6541,283.03,12.26
1777660165,llama3.1:8b,52.0,6529,292.73,12.20
1777660224,llama3.1:8b,49.0,6531,287.78,12.28
1777660276,llama3.1:8b,51.0,6528,273.34,12.36
1777660325,llama3.1:8b,51.0,6544,298.18,12.27
1777660376,llama3.1:8b,45.0,6552,296.23,12.25
1777660427,llama3.1:8b,49.0,6546,284.97,12.20
1777660482,llama3.1:8b,45.0,6546,286.67,12.23
1777660537,llama3.1:8b,49.0,6547,287.77,12.27
1777660582,llama3.1:8b,46.0,6546,297.03,12.15
1777660641,llama3.1:8b,52.0,6529,284.58,12.21
1777660695,llama3.1:8b,52.0,6535,280.45,12.16
1777660748,llama3.1:8b,49.0,6543,290.75,12.30
1777660798,llama3.1:8b,49.0,6542,283.94,12.23
1777660846,llama3.1:8b,49.0,6546,291.64,12.34
1777660884,llama3.1:8b,51.0,6545,289.18,12.23
1777660936,llama3.1:8b,57.0,6546,288.08,12.30
1777660985,llama3.1:8b,49.0,6553,294.01,12.21
1777661035,llama3.1:8b,51.0,6560,298.48,12.18
1777661099,llama3.1:8b,49.0,6546,283.76,12.13
1777661160,llama3.1:8b,51.0,6530,288.92,12.33
1777661206,llama3.1:8b,51.0,6535,301.11,12.19
1777661276,llama3.1:8b,48.0,6536,292.78,12.24
1777661320,llama3.1:8b,49.0,6542,297.59,12.20
1777661372,llama3.1:8b,45.0,6535,291.76,12.25
1777661415,llama3.1:8b,51.0,6544,290.91,12.20
1777661469,llama3.1:8b,51.0,6547,292.99,12.25
1777661522,llama3.1:8b,49.0,6541,303.95,12.23
1777661571,llama3.1:8b,51.0,6552,296.98,12.24
1777661618,llama3.1:8b,49.0,6544,298.17,12.19
1777661669,llama3.1:8b,51.0,6546,294.14,12.27
1777661714,llama3.1:8b,52.0,6547,298.10,12.17
1777661773,llama3.1:8b,51.0,6543,293.86,12.17
1777661834,llama3.1:8b,52.0,6546,281.68,12.31
1777661875,llama3.1:8b,49.0,6549,293.81,12.13
1777661937,llama3.1:8b,49.0,6533,292.44,12.23
1777661989,llama3.1:8b,51.0,6545,293.57,12.17
1777662043,llama3.1:8b,49.0,6572,293.85,12.32
1777662081,llama3.1:8b,48.0,6552,280.24,12.24
1777662137,llama3.1:8b,49.0,6541,297.75,12.37
1777662192,llama3.1:8b,52.0,6537,287.59,12.29
1777662246,llama3.1:8b,51.0,6544,293.83,12.17
1777662300,llama3.1:8b,45.0,6543,285.23,12.31
1777662347,llama3.1:8b,51.0,6548,296.62,12.26
1777662395,llama3.1:8b,51.0,6545,280.02,12.35
1777662443,llama3.1:8b,46.0,6541,297.69,12.28
1777662489,llama3.1:8b,51.0,6549,299.59,12.30
1777662538,llama3.1:8b,45.0,6549,298.75,12.19
1777662585,llama3.1:8b,49.0,6557,296.26,12.17
1777662644,llama3.1:8b,51.0,6558,294.85,12.22
1777662700,llama3.1:8b,48.0,6551,293.34,12.24
1777662756,llama3.1:8b,51.0,6547,284.67,12.14
1777662817,llama3.1:8b,51.0,6547,300.20,12.30
1777662865,llama3.1:8b,45.0,6552,285.69,12.29
1777662908,llama3.1:8b,49.0,6546,293.64,12.17
1777662962,llama3.1:8b,46.0,6541,295.02,12.31
1777663006,llama3.1:8b,45.0,6537,290.67,12.29
1777663056,llama3.1:8b,49.0,6544,293.93,12.40
1777663095,llama3.1:8b,46.0,6548,304.30,12.32
1777663147,llama3.1:8b,49.0,6544,285.96,12.24
1777663198,llama3.1:8b,49.0,6542,294.19,12.17
1777663255,llama3.1:8b,46.0,6536,286.93,11.93
1777663342,llama3.1:8b,51.0,6540,298.87,12.18
1777663395,llama3.1:8b,51.0,6550,298.19,12.33
1777663439,llama3.1:8b,49.0,6528,289.00,12.23
1777663498,llama3.1:8b,51.0,6531,289.98,12.30
1777663539,llama3.1:8b,48.0,6550,287.00,12.23
1777663587,llama3.1:8b,49.0,6550,289.93,12.28
1777663643,llama3.1:8b,49.0,6547,283.91,12.36
1777663687,llama3.1:8b,51.0,6544,298.90,12.26
1777663740,llama3.1:8b,45.0,6547,290.26,12.23
1777663794,llama3.1:8b,49.0,6543,294.20,12.26
1777663839,llama3.1:8b,51.0,6544,290.42,12.25
1777663891,llama3.1:8b,51.0,6543,285.30,12.28
1777663937,llama3.1:8b,51.0,6542,291.67,12.14
1777663994,llama3.1:8b,52.0,6551,295.05,12.13
1777664051,llama3.1:8b,49.0,6553,287.21,12.15
1777664109,llama3.1:8b,49.0,6541,297.63,12.29
1777664155,llama3.1:8b,49.0,6544,293.71,12.15
1777664210,llama3.1:8b,51.0,6537,285.86,12.31
1777664265,llama3.1:8b,49.0,6530,286.32,12.25
1777664323,llama3.1:8b,51.0,6529,294.29,12.28
1777664370,llama3.1:8b,49.0,6527,296.21,12.37
1777664414,llama3.1:8b,51.0,6541,297.98,12.10
1777664481,llama3.1:8b,49.0,6537,296.97,12.42
1777664535,llama3.1:8b,52.0,6543,283.77,12.48
1777664578,llama3.1:8b,51.0,6539,289.34,12.31
1777664624,llama3.1:8b,51.0,6532,297.90,12.23
1777664672,llama3.1:8b,49.0,6553,281.94,12.25
1777664722,llama3.1:8b,51.0,6542,292.27,12.12
1777664785,llama3.1:8b,45.0,6542,295.00,12.28
1777664831,llama3.1:8b,49.0,6545,304.03,12.27
1777664882,llama3.1:8b,49.0,6548,296.70,12.19
1777664944,llama3.1:8b,48.0,6548,299.95,12.37
1777664992,llama3.1:8b,51.0,6536,285.18,12.40
1777665037,llama3.1:8b,46.0,6541,306.28,12.40
1777665090,llama3.1:8b,51.0,6545,291.06,12.15
1777665152,llama3.1:8b,45.0,6544,298.05,12.35
1777665197,llama3.1:8b,48.0,6548,298.40,12.25
1777665245,llama3.1:8b,51.0,6547,294.33,12.15
1777665301,llama3.1:8b,48.0,6536,277.92,12.24
1777665351,llama3.1:8b,45.0,6538,292.51,12.26
1777665395,llama3.1:8b,48.0,6552,296.88,12.28
1777665437,llama3.1:8b,49.0,6548,290.14,12.24
1777665485,llama3.1:8b,51.0,6545,294.09,12.08
1777665547,llama3.1:8b,49.0,6550,294.03,12.22
1777665600,llama3.1:8b,49.0,6540,290.31,12.19
1777665652,llama3.1:8b,48.0,6553,298.95,12.24
1777665705,llama3.1:8b,49.0,6558,281.22,12.18
1777665767,llama3.1:8b,51.0,6564,285.91,12.30
1777665808,llama3.1:8b,49.0,6553,298.14,12.32
1777665862,llama3.1:8b,52.0,6556,293.82,12.32
1777665916,llama3.1:8b,46.0,6553,302.67,12.20
1777665972,llama3.1:8b,49.0,6559,294.55,12.14
1777666028,llama3.1:8b,46.0,6536,294.54,12.26
1777666079,llama3.1:8b,51.0,6540,299.77,12.19
1777666142,llama3.1:8b,46.0,6545,293.10,12.15
1777666200,llama3.1:8b,49.0,6555,293.06,12.21
1777666250,llama3.1:8b,49.0,6545,280.15,12.30
1777666296,llama3.1:8b,51.0,6540,284.83,12.26
1777666351,llama3.1:8b,49.0,6541,296.20,12.37
1777666399,llama3.1:8b,49.0,6541,297.49,12.26
1777666447,llama3.1:8b,49.0,6548,294.15,12.22
1777666499,llama3.1:8b,49.0,6548,282.84,12.22
1777666551,llama3.1:8b,49.0,6558,295.75,12.24
1777666600,llama3.1:8b,49.0,6554,289.74,12.19
1777666653,llama3.1:8b,51.0,6552,302.91,12.25
1777666717,llama3.1:8b,51.0,6553,294.23,12.23
1777666773,llama3.1:8b,49.0,6558,288.10,12.19
1777666830,llama3.1:8b,49.0,6560,292.77,12.28
1777666879,llama3.1:8b,48.0,6564,287.83,12.28
1777666925,llama3.1:8b,51.0,6548,289.67,12.28
1777666967,llama3.1:8b,51.0,6554,279.92,12.23
1777667018,llama3.1:8b,49.0,6555,305.17,12.28
1777667074,llama3.1:8b,49.0,6542,297.22,12.21
1777667131,llama3.1:8b,49.0,6545,299.08,12.19
1777667184,llama3.1:8b,50.0,6523,293.57,12.31
1777667232,llama3.1:8b,51.0,6543,280.86,12.37
1777667288,llama3.1:8b,46.0,6546,295.65,12.32
1777667334,llama3.1:8b,49.0,6545,293.25,12.17
1777667391,llama3.1:8b,49.0,6542,293.69,12.10
1777667449,llama3.1:8b,51.0,6553,292.41,12.17
1777667507,llama3.1:8b,46.0,6550,285.34,12.24
1777667564,llama3.1:8b,48.0,6547,281.39,12.18
1777667625,llama3.1:8b,46.0,6542,290.05,12.28
1777667670,llama3.1:8b,49.0,6547,295.05,12.48
1777667716,llama3.1:8b,51.0,6548,295.64,12.24
1777667775,llama3.1:8b,48.0,6547,289.22,12.16
1777667832,llama3.1:8b,49.0,6552,298.51,12.30
1777667874,llama3.1:8b,49.0,6549,294.36,12.21
1777667927,llama3.1:8b,49.0,6544,296.17,12.27
1777667977,llama3.1:8b,48.0,6547,298.77,12.32
1777668025,llama3.1:8b,49.0,6538,286.94,12.42
1777668068,llama3.1:8b,49.0,6542,298.01,12.20
1777668124,llama3.1:8b,49.0,6559,301.26,12.32
1777668172,llama3.1:8b,51.0,6548,293.13,12.25
1777668227,llama3.1:8b,49.0,6555,295.06,12.17
1777668281,llama3.1:8b,51.0,6548,298.24,12.19
1777668336,llama3.1:8b,45.0,6542,282.14,12.26
1777668387,llama3.1:8b,51.0,6548,286.32,12.33
1777668431,llama3.1:8b,48.0,6547,290.61,12.13
1777668491,llama3.1:8b,48.0,6553,286.72,12.29
1777668533,llama3.1:8b,49.0,6554,290.30,12.24
1777668581,llama3.1:8b,49.0,6553,299.74,12.27
1777668626,llama3.1:8b,51.0,6552,287.00,12.12
1777668688,llama3.1:8b,48.0,6535,292.76,12.21
1777668735,llama3.1:8b,49.0,6535,291.76,12.23
1777668785,llama3.1:8b,49.0,6550,281.04,12.26
1777668835,llama3.1:8b,49.0,6563,283.83,12.14
1777668893,llama3.1:8b,46.0,6544,287.36,12.19
1777668948,llama3.1:8b,48.0,6549,289.92,12.30
1777669003,llama3.1:8b,51.0,6542,293.23,12.27
1777669054,llama3.1:8b,51.0,6544,300.75,12.20
1777669107,llama3.1:8b,49.0,6546,292.95,12.15
1777669165,llama3.1:8b,52.0,6559,280.82,12.30
1777669207,llama3.1:8b,48.0,6554,288.20,12.38
1777669253,llama3.1:8b,51.0,6577,289.17,12.19
1777669309,llama3.1:8b,49.0,6574,282.06,12.29
1777669356,llama3.1:8b,51.0,6545,299.40,12.33
1777669403,llama3.1:8b,46.0,6539,300.56,12.24
1777669454,llama3.1:8b,49.0,6543,284.09,12.30
1777669499,llama3.1:8b,51.0,6540,295.21,12.20
1777669553,llama3.1:8b,52.0,6543,303.42,12.15
1777669609,llama3.1:8b,49.0,6546,289.71,12.24
1777669657,llama3.1:8b,49.0,6541,289.22,12.18
1777669707,llama3.1:8b,48.0,6536,297.31,12.20
1777669761,llama3.1:8b,48.0,6530,284.77,12.29
1777669805,llama3.1:8b,51.0,6546,299.21,12.21
1777669860,llama3.1:8b,49.0,6537,299.52,12.22
1777669911,llama3.1:8b,49.0,6543,287.56,12.26
1777669960,llama3.1:8b,49.0,6544,296.58,12.32
1777670003,llama3.1:8b,51.0,6555,280.93,12.31
1777670043,llama3.1:8b,51.0,6548,287.63,12.32
1777670088,llama3.1:8b,49.0,6555,289.10,12.30
1777670141,llama3.1:8b,46.0,6549,298.90,12.14
1777670196,llama3.1:8b,49.0,6540,304.17,12.33
1777670239,llama3.1:8b,51.0,6544,288.94,12.25
1777670291,llama3.1:8b,49.0,6554,289.88,12.20
1777670346,llama3.1:8b,46.0,6551,298.92,12.21
1777670394,llama3.1:8b,51.0,6563,293.79,12.20
1777670445,llama3.1:8b,51.0,6549,293.46,12.17
1777670500,llama3.1:8b,49.0,6550,295.28,12.29
1777670544,llama3.1:8b,48.0,6548,296.53,12.24
1777670593,llama3.1:8b,49.0,6549,297.51,12.22
1777670642,llama3.1:8b,51.0,6547,286.40,12.21
1777670694,llama3.1:8b,48.0,6537,293.58,12.15
1777670756,llama3.1:8b,49.0,6541,288.67,12.28
1777670801,llama3.1:8b,51.0,6553,293.56,12.19
1777670854,llama3.1:8b,48.0,6554,295.19,12.27
1777670899,llama3.1:8b,49.0,6553,302.91,12.23
1777670948,llama3.1:8b,49.0,6552,296.10,12.06
1777671014,llama3.1:8b,63.0,6548,290.71,12.41
1777671053,llama3.1:8b,49.0,6549,294.84,12.16
1777671114,llama3.1:8b,49.0,6556,298.69,12.17
1777671168,llama3.1:8b,48.0,6554,294.80,12.14
1777671229,llama3.1:8b,49.0,6557,290.77,12.21
1777671278,llama3.1:8b,51.0,6546,285.41,12.29
1777671326,llama3.1:8b,52.0,6551,286.33,12.34
1777671366,llama3.1:8b,49.0,6551,285.74,12.11
1777671431,llama3.1:8b,49.0,6546,296.56,12.34
1777671476,llama3.1:8b,49.0,6548,286.21,12.19
1777671533,llama3.1:8b,46.0,6550,301.75,12.26
1777671581,llama3.1:8b,51.0,6542,289.89,12.37
1777671626,llama3.1:8b,49.0,6546,292.66,12.24
1777671670,llama3.1:8b,48.0,6547,303.19,12.30
1777671713,llama3.1:8b,49.0,6545,295.92,12.25
1777671765,llama3.1:8b,49.0,6552,286.56,12.39
1777671808,llama3.1:8b,45.0,6549,285.40,12.29
1777671856,llama3.1:8b,49.0,6531,297.21,12.28
1777671900,llama3.1:8b,51.0,6534,297.67,12.25
1777671951,llama3.1:8b,46.0,6545,289.64,12.22
1777672005,llama3.1:8b,49.0,6544,287.91,12.47
1777672053,llama3.1:8b,46.0,6547,299.83,12.42
1777672093,llama3.1:8b,49.0,6536,294.59,12.21
1777672149,llama3.1:8b,49.0,6538,288.25,12.18
1777672201,llama3.1:8b,48.0,6544,300.98,12.26
1777672249,llama3.1:8b,51.0,6538,300.84,12.28
1777672298,llama3.1:8b,49.0,6550,305.65,12.35
1777672341,llama3.1:8b,49.0,6548,294.74,12.23
1777672391,llama3.1:8b,48.0,6548,290.10,12.32
1777672430,llama3.1:8b,49.0,6545,285.83,12.26
1777672476,llama3.1:8b,49.0,6547,299.71,12.16
1777672536,llama3.1:8b,51.0,6536,297.41,12.24
1777672589,llama3.1:8b,45.0,6549,289.27,12.10
1777672651,llama3.1:8b,51.0,6541,297.52,12.22
1777672698,llama3.1:8b,51.0,6542,299.92,12.21
1777672749,llama3.1:8b,49.0,6541,294.30,12.17
1777672805,llama3.1:8b,47.0,6546,290.37,12.16
1777672864,llama3.1:8b,51.0,6543,284.02,12.17
1777672919,llama3.1:8b,48.0,6547,295.61,12.22
1777672973,llama3.1:8b,51.0,6544,302.10,12.26
1777673020,llama3.1:8b,49.0,6541,298.19,12.21
1777673073,llama3.1:8b,49.0,6538,298.78,12.23
1777673121,llama3.1:8b,49.0,6540,298.70,12.32
1777673168,llama3.1:8b,49.0,6548,293.80,12.23
1777673219,llama3.1:8b,48.0,6541,295.67,12.17
1777673276,llama3.1:8b,53.0,6544,298.48,12.24
1777673329,llama3.1:8b,49.0,6536,294.97,12.29
1777673373,llama3.1:8b,49.0,6547,298.74,12.17
1777673428,llama3.1:8b,49.0,6549,294.98,12.12
1777673488,llama3.1:8b,45.0,6548,294.03,12.12
1777673551,llama3.1:8b,49.0,6551,295.12,12.15
1777673606,llama3.1:8b,50.0,6556,289.34,12.31
1777673651,llama3.1:8b,51.0,6546,292.44,12.12
1777673708,llama3.1:8b,49.0,6539,296.38,12.36
1777673752,llama3.1:8b,51.0,6544,287.65,12.21
1777673801,llama3.1:8b,48.0,6539,301.04,12.26
1777673849,llama3.1:8b,51.0,6535,286.41,12.17
1777673905,llama3.1:8b,48.0,6535,296.50,12.32
1777673957,llama3.1:8b,49.0,6542,296.04,12.21
1777674010,llama3.1:8b,45.0,6550,298.59,12.30
1777674059,llama3.1:8b,48.0,6553,293.58,12.23
1777674111,llama3.1:8b,49.0,6545,291.64,12.12
1777674170,llama3.1:8b,48.0,6550,286.33,12.27
1777674220,llama3.1:8b,48.0,6550,290.49,12.32
1777674266,llama3.1:8b,49.0,6543,287.68,12.37
1777674315,llama3.1:8b,48.0,6537,297.28,12.23
1777674369,llama3.1:8b,45.0,6535,296.58,12.23
1777674417,llama3.1:8b,49.0,6537,295.51,12.24
1777674469,llama3.1:8b,49.0,6548,280.57,12.22
1777674514,llama3.1:8b,49.0,6547,279.13,12.17
1777674577,llama3.1:8b,49.0,6554,302.08,12.31
1777674630,llama3.1:8b,51.0,6540,296.48,12.28
1777674680,llama3.1:8b,48.0,6556,293.16,12.21
1777674734,llama3.1:8b,49.0,6552,302.98,12.32
1777674773,llama3.1:8b,48.0,6555,291.42,12.23
1777674821,llama3.1:8b,49.0,6546,285.50,12.30
1777674866,llama3.1:8b,46.0,6546,299.12,12.26
1777674912,llama3.1:8b,49.0,6542,291.42,12.30
1777674959,llama3.1:8b,46.0,6531,294.30,12.20
1777675016,llama3.1:8b,48.0,6538,298.43,12.20
1777675078,llama3.1:8b,49.0,6547,298.45,12.22
1777675134,llama3.1:8b,49.0,6545,295.48,12.41
1777675181,llama3.1:8b,51.0,6542,296.93,12.37
1777675239,llama3.1:8b,49.0,6537,303.70,12.34
1777675281,llama3.1:8b,49.0,6537,296.12,12.25
1777675332,llama3.1:8b,51.0,6537,294.69,12.22
1777675379,llama3.1:8b,48.0,6535,294.13,12.21
1777675430,llama3.1:8b,49.0,6539,298.99,12.37
1777675474,llama3.1:8b,52.0,6540,289.35,12.24
1777675531,llama3.1:8b,51.0,6533,300.20,12.23
1777675582,llama3.1:8b,49.0,6540,299.34,12.20
1777675641,llama3.1:8b,49.0,6552,294.65,12.27
1777675691,llama3.1:8b,45.0,6542,294.48,12.17
1777675753,llama3.1:8b,46.0,6540,290.96,12.35
1777675797,llama3.1:8b,52.0,6539,302.98,12.22
1777675849,llama3.1:8b,49.0,6549,295.14,12.21
1777675903,llama3.1:8b,49.0,6547,300.78,12.34
1777675950,llama3.1:8b,45.0,6555,293.38,12.25
1777676008,llama3.1:8b,51.0,6560,292.86,12.20
1777676056,llama3.1:8b,49.0,6559,299.76,12.36
1777676100,llama3.1:8b,51.0,6550,291.76,12.32
1777676146,llama3.1:8b,51.0,6541,295.93,12.29
1777676193,llama3.1:8b,49.0,6547,299.15,12.10
1777676256,llama3.1:8b,49.0,6550,284.57,12.13
1777676310,llama3.1:8b,48.0,6552,297.49,12.21
1777676360,llama3.1:8b,48.0,6539,295.24,12.20
1777676419,llama3.1:8b,49.0,6569,290.43,12.23
1777676467,llama3.1:8b,49.0,6579,276.44,12.12
1777676535,llama3.1:8b,49.0,6577,289.30,12.16
1777676591,llama3.1:8b,51.0,6559,297.51,12.40
1777676637,llama3.1:8b,51.0,6561,290.13,12.22
1777676689,llama3.1:8b,49.0,6546,289.51,12.27
1777676741,llama3.1:8b,51.0,6549,285.70,12.14
1777676799,llama3.1:8b,48.0,6547,285.18,12.27
1777676852,llama3.1:8b,49.0,6547,304.12,12.32
1777676895,llama3.1:8b,45.0,6549,294.68,12.13
1777676958,llama3.1:8b,49.0,6551,301.60,12.15
1777677014,llama3.1:8b,48.0,6554,297.23,12.28
1777677060,llama3.1:8b,48.0,6560,291.56,12.27
1777677114,llama3.1:8b,52.0,6549,299.38,12.33
1777677166,llama3.1:8b,51.0,6550,298.39,12.16
1777677222,llama3.1:8b,51.0,6547,302.93,12.22
1777677274,llama3.1:8b,51.0,6547,283.23,12.31
1777677326,llama3.1:8b,48.0,6540,295.51,12.20
1777677383,llama3.1:8b,52.0,6540,301.22,12.19
1777677439,llama3.1:8b,49.0,6549,300.49,12.27
1777677486,llama3.1:8b,51.0,6552,302.74,12.25
1777677536,llama3.1:8b,51.0,6555,290.63,12.17
1777677590,llama3.1:8b,49.0,6552,299.06,12.33
1777677633,llama3.1:8b,51.0,6550,295.95,12.23
1777677685,llama3.1:8b,48.0,6552,297.20,12.18
1777677745,llama3.1:8b,56.0,6557,296.33,12.14
1777677805,llama3.1:8b,48.0,6549,304.11,12.28
1777677854,llama3.1:8b,49.0,6549,291.22,12.30
1777677904,llama3.1:8b,49.0,6556,302.47,12.32
1777677949,llama3.1:8b,48.0,6566,293.29,12.16
1777678005,llama3.1:8b,51.0,6553,295.57,12.39
1777678050,llama3.1:8b,49.0,6557,297.81,12.23
1777678106,llama3.1:8b,49.0,6540,303.81,12.17
1777678160,llama3.1:8b,56.0,6550,297.25,12.25
1777678207,llama3.1:8b,49.0,6559,293.60,12.27
1777678251,llama3.1:8b,51.0,6555,294.12,12.19
1777678306,llama3.1:8b,49.0,6559,295.46,12.31
1777678352,llama3.1:8b,49.0,6563,290.77,12.29
1777678403,llama3.1:8b,49.0,6542,290.80,12.18
1777678463,llama3.1:8b,49.0,6538,288.84,12.26
1777678512,llama3.1:8b,51.0,6541,298.00,12.20
1777678569,llama3.1:8b,49.0,6535,289.68,12.26
1777678612,llama3.1:8b,49.0,6540,299.66,12.25
1777678665,llama3.1:8b,51.0,6538,295.92,12.26
1777678720,llama3.1:8b,51.0,6547,294.82,12.28
1777678761,llama3.1:8b,51.0,6546,298.31,12.28
1777678812,llama3.1:8b,45.0,6557,298.81,12.31
1777678853,llama3.1:8b,46.0,6552,305.25,12.28
1777678904,llama3.1:8b,51.0,6546,300.61,12.41
1777678953,llama3.1:8b,45.0,6548,283.91,12.25
1777678996,llama3.1:8b,45.0,6540,292.80,12.25
1777679042,llama3.1:8b,51.0,6545,282.69,12.23
1777679100,llama3.1:8b,45.0,6541,295.52,12.22
1777679154,llama3.1:8b,45.0,6534,291.09,12.10
1777679215,llama3.1:8b,48.0,6542,296.07,12.18
1777679275,llama3.1:8b,49.0,6538,288.04,12.17
1777679325,llama3.1:8b,49.0,6545,299.90,12.22
1777679380,llama3.1:8b,48.0,6532,292.00,12.49
1777679428,llama3.1:8b,52.0,6545,289.15,12.19
1777679483,llama3.1:8b,49.0,6545,290.32,12.31
1777679527,llama3.1:8b,51.0,6545,288.31,12.20
1777679581,llama3.1:8b,48.0,6543,300.51,12.26
1777679633,llama3.1:8b,48.0,6553,293.78,12.32
1777679678,llama3.1:8b,49.0,6552,297.60,12.33
1777679727,llama3.1:8b,51.0,6552,298.00,12.24
1777679787,llama3.1:8b,49.0,6548,286.25,12.24
1777679838,llama3.1:8b,49.0,6532,286.25,12.36
1777679890,llama3.1:8b,49.0,6543,294.47,12.24
1777679945,llama3.1:8b,51.0,6532,299.74,12.26
1777679989,llama3.1:8b,49.0,6535,295.55,12.27
1777680048,llama3.1:8b,49.0,6536,291.33,12.19
1777680107,llama3.1:8b,51.0,6531,302.27,12.28
1777680160,llama3.1:8b,49.0,6544,297.36,12.25
1777680212,llama3.1:8b,49.0,6549,299.83,12.26
1777680262,llama3.1:8b,48.0,6537,293.89,12.30
1777680311,llama3.1:8b,56.0,6554,297.88,12.30
1777680364,llama3.1:8b,49.0,6554,286.53,12.20
1777680418,llama3.1:8b,49.0,6549,282.11,12.30
1777680464,llama3.1:8b,49.0,6546,295.74,12.48
1777680505,llama3.1:8b,46.0,6542,292.20,12.17
1777680566,llama3.1:8b,49.0,6552,289.36,12.36
1777680612,llama3.1:8b,51.0,6556,293.04,12.17
1777680668,llama3.1:8b,45.0,6550,283.59,12.32
1777680711,llama3.1:8b,49.0,6541,301.02,12.20
1777680762,llama3.1:8b,49.0,6547,296.18,12.30
1777680810,llama3.1:8b,49.0,6545,289.17,12.27
1777680862,llama3.1:8b,51.0,6545,284.93,12.26
1777680917,llama3.1:8b,51.0,6546,293.31,12.22
1777680979,llama3.1:8b,45.0,6557,293.35,12.28
1777681027,llama3.1:8b,48.0,6555,300.09,12.24
1777681076,llama3.1:8b,48.0,6549,292.79,12.18
1777681131,llama3.1:8b,49.0,6561,292.99,12.30
1777681181,llama3.1:8b,48.0,6552,287.32,12.18
1777681232,llama3.1:8b,50.0,6544,286.93,12.13
1777681292,llama3.1:8b,48.0,6544,293.25,12.13
1777681350,llama3.1:8b,49.0,6552,289.20,12.19
1777681411,llama3.1:8b,49.0,6560,296.23,12.15
1777681469,llama3.1:8b,49.0,6549,297.89,12.13
1777681526,llama3.1:8b,48.0,6550,287.90,12.25
1777681571,llama3.1:8b,51.0,6558,279.25,12.31
1777681614,llama3.1:8b,51.0,6544,283.01,12.23
1777681667,llama3.1:8b,51.0,6546,285.90,12.19
1777681721,llama3.1:8b,51.0,6544,281.39,12.37
1777681770,llama3.1:8b,51.0,6557,286.79,12.20
1777681827,llama3.1:8b,48.0,6547,280.97,12.27
1777681878,llama3.1:8b,44.0,6553,290.49,12.37
1777681919,llama3.1:8b,46.0,6555,288.85,12.26
1777681971,llama3.1:8b,49.0,6555,289.16,12.20
1777682028,llama3.1:8b,49.0,6554,300.31,12.26
1777682076,llama3.1:8b,46.0,6552,283.04,12.15
1777682132,llama3.1:8b,46.0,6552,285.33,12.23
1777682183,llama3.1:8b,51.0,6551,290.37,12.19
1777682240,llama3.1:8b,49.0,6553,301.44,12.17
1777682298,llama3.1:8b,46.0,6552,297.20,12.38
1777682339,llama3.1:8b,45.0,6548,297.29,12.09
1777682404,llama3.1:8b,49.0,6549,296.01,12.22
1777682457,llama3.1:8b,51.0,6553,304.92,12.13
1777682517,llama3.1:8b,51.0,6546,287.69,12.09
1777682583,llama3.1:8b,49.0,6547,281.81,12.25
1777682633,llama3.1:8b,49.0,6541,293.44,12.32
1777682678,llama3.1:8b,44.0,6541,297.32,12.29
1777682727,llama3.1:8b,51.0,6551,302.69,12.27
1777682782,llama3.1:8b,49.0,6555,285.13,12.27
1777682827,llama3.1:8b,49.0,6552,293.99,12.30
1777682873,llama3.1:8b,44.0,6543,298.74,12.21
1777682919,llama3.1:8b,49.0,6552,299.12,12.30
1777682982,llama3.1:8b,46.0,6549,300.48,12.32
1777683032,llama3.1:8b,46.0,6553,296.93,12.31
1777683073,llama3.1:8b,51.0,6553,301.69,12.18
1777683122,llama3.1:8b,49.0,6555,285.58,12.26
1777683174,llama3.1:8b,51.0,6542,293.75,12.27
1777683225,llama3.1:8b,51.0,6543,298.37,12.21
1777683282,llama3.1:8b,52.0,6551,292.95,12.31
1777683328,llama3.1:8b,49.0,6541,300.86,12.36
1777683375,llama3.1:8b,51.0,6540,296.17,12.20
1777683434,llama3.1:8b,49.0,6556,292.13,12.30
1777683473,llama3.1:8b,49.0,6552,281.26,12.16
1777683531,llama3.1:8b,48.0,6553,291.76,12.31
1777683585,llama3.1:8b,51.0,6555,286.19,12.25
1777683634,llama3.1:8b,51.0,6574,282.22,12.17
1777683693,llama3.1:8b,45.0,6546,298.10,12.16
1777683749,llama3.1:8b,49.0,6556,288.46,12.16
1777683807,llama3.1:8b,49.0,6541,294.08,12.37
1777683853,llama3.1:8b,51.0,6552,288.58,12.24
1777683909,llama3.1:8b,51.0,6542,302.57,12.29
1777683965,llama3.1:8b,51.0,6552,291.10,12.38
1777684001,llama3.1:8b,49.0,6547,292.80,12.20
1777684053,llama3.1:8b,51.0,6553,286.92,12.30
1777684102,llama3.1:8b,49.0,6549,286.19,12.29
1777684146,llama3.1:8b,46.0,6552,281.89,12.24
1777684193,llama3.1:8b,49.0,6539,289.99,12.23
1777684245,llama3.1:8b,49.0,6548,292.77,12.20
1777684295,llama3.1:8b,49.0,6546,297.26,12.38
1777684339,llama3.1:8b,53.0,6540,299.96,12.23
1777684398,llama3.1:8b,48.0,6538,292.79,12.21
1777684451,llama3.1:8b,49.0,6543,284.40,12.14
1777684505,llama3.1:8b,48.0,6547,282.85,12.24
1777684555,llama3.1:8b,49.0,6534,289.29,12.19
1777684612,llama3.1:8b,45.0,6537,292.82,12.21
1777684667,llama3.1:8b,45.0,6543,281.14,12.15
1777684735,llama3.1:8b,49.0,6551,294.99,12.18
1777684794,llama3.1:8b,46.0,6549,287.03,12.23
1777684844,llama3.1:8b,51.0,6560,301.08,12.21
1777684888,llama3.1:8b,49.0,6555,284.13,12.25
1777684937,llama3.1:8b,48.0,6552,297.60,12.24
1777684998,llama3.1:8b,51.0,6550,282.49,12.21
1777685058,llama3.1:8b,51.0,6545,295.98,12.16
1777685119,llama3.1:8b,46.0,6542,290.07,12.17
1777685176,llama3.1:8b,45.0,6543,298.36,12.35
1777685215,llama3.1:8b,49.0,6545,291.77,12.18
1777685269,llama3.1:8b,49.0,6549,292.81,12.35
1777685317,llama3.1:8b,49.0,6544,299.54,12.31
1777685363,llama3.1:8b,49.0,6538,303.99,12.34
1777685410,llama3.1:8b,61.0,6536,297.56,12.28
1777685461,llama3.1:8b,51.0,6546,292.87,12.31
1777685505,llama3.1:8b,51.0,6536,295.98,12.19
1777685557,llama3.1:8b,49.0,6552,291.84,12.33
1777685598,llama3.1:8b,51.0,6552,295.07,12.20
1777685651,llama3.1:8b,49.0,6550,297.05,12.20
1777685698,llama3.1:8b,45.0,6548,283.17,12.26
1777685747,llama3.1:8b,49.0,6556,296.96,12.20
1777685796,llama3.1:8b,46.0,6559,287.86,12.22
1777685845,llama3.1:8b,49.0,6560,295.10,12.31
1777685890,llama3.1:8b,49.0,6556,289.28,12.19
1777685945,llama3.1:8b,48.0,6549,301.54,12.15
1777686003,llama3.1:8b,45.0,6552,295.62,12.16
1777686062,llama3.1:8b,49.0,6554,301.90,12.22
1777686113,llama3.1:8b,49.0,6554,287.55,12.19
1777686167,llama3.1:8b,49.0,6532,303.12,12.34
1777686207,llama3.1:8b,49.0,6548,295.84,12.26
1777686256,llama3.1:8b,49.0,6555,296.37,12.28
1777686305,llama3.1:8b,46.0,6548,290.90,12.27
1777686359,llama3.1:8b,49.0,6550,295.69,12.25
1777686405,llama3.1:8b,48.0,6544,295.54,12.17
1777686460,llama3.1:8b,49.0,6556,300.72,12.21
1777686510,llama3.1:8b,49.0,6552,300.07,12.26
1777686553,llama3.1:8b,51.0,6542,283.35,12.33
1777686600,llama3.1:8b,51.0,6557,295.20,12.33
1777686652,llama3.1:8b,49.0,6552,297.52,12.18
1777686713,llama3.1:8b,45.0,6540,294.87,12.19
1777686768,llama3.1:8b,51.0,6547,293.58,12.36
1777686813,llama3.1:8b,52.0,6540,295.25,12.19
1777686869,llama3.1:8b,48.0,6544,294.96,12.26
1777686915,llama3.1:8b,52.0,6549,298.00,12.20
1777686968,llama3.1:8b,51.0,6543,283.81,12.18
1777687022,llama3.1:8b,48.0,6529,297.27,12.17
1777687078,llama3.1:8b,51.0,6545,282.13,12.28
1777687117,llama3.1:8b,51.0,6538,290.46,12.34
1777687160,llama3.1:8b,44.0,6545,294.36,12.26
1777687209,llama3.1:8b,49.0,6540,284.77,12.10
1777687268,llama3.1:8b,49.0,6548,304.73,12.20
1777687322,llama3.1:8b,49.0,6551,288.71,12.21
1777687376,llama3.1:8b,51.0,6546,290.06,12.22
1777687431,llama3.1:8b,45.0,6548,297.27,12.27
1777687488,llama3.1:8b,51.0,6539,302.76,12.30
1777687532,llama3.1:8b,49.0,6547,282.88,12.19
1777687591,llama3.1:8b,49.0,6566,289.69,12.33
1777687640,llama3.1:8b,49.0,6541,305.38,12.28
1777687688,llama3.1:8b,49.0,6547,293.04,12.34
1777687731,llama3.1:8b,49.0,6551,302.42,12.16
1777687793,llama3.1:8b,45.0,6539,291.82,12.21
1777687850,llama3.1:8b,51.0,6541,288.91,12.25
1777687900,llama3.1:8b,45.0,6546,298.20,12.29
1777687947,llama3.1:8b,51.0,6537,291.44,12.19
1777687998,llama3.1:8b,49.0,6541,287.13,12.36
1777688052,llama3.1:8b,49.0,6545,283.90,12.21
1777688107,llama3.1:8b,49.0,6544,293.15,12.22
1777688158,llama3.1:8b,49.0,6549,284.75,12.16
1777688211,llama3.1:8b,51.0,6558,297.53,12.17
1777688275,llama3.1:8b,51.0,6554,297.14,12.28
1777688323,llama3.1:8b,49.0,6538,292.60,12.26
1777688371,llama3.1:8b,49.0,6549,292.80,12.19
1777688425,llama3.1:8b,49.0,6552,287.45,12.22
1777688478,llama3.1:8b,45.0,6556,295.16,12.22
1777688526,llama3.1:8b,51.0,6562,295.43,12.36
1777688571,llama3.1:8b,52.0,6558,303.36,12.23
1777688628,llama3.1:8b,49.0,6551,277.74,12.27
1777688686,llama3.1:8b,49.0,6557,299.93,12.24
1777688732,llama3.1:8b,45.0,6540,286.05,12.25
1777688780,llama3.1:8b,47.0,6543,287.70,12.20
1777688841,llama3.1:8b,48.0,6541,294.29,12.32
1777688884,llama3.1:8b,49.0,6544,290.65,12.16
1777688946,llama3.1:8b,57.0,6545,283.01,12.27
1777688997,llama3.1:8b,51.0,6551,303.81,12.20
1777689050,llama3.1:8b,49.0,6546,292.94,12.34
1777689090,llama3.1:8b,47.0,6541,288.70,12.24
1777689144,llama3.1:8b,49.0,6546,295.46,12.33
1777689188,llama3.1:8b,49.0,6551,293.41,12.26
1777689242,llama3.1:8b,51.0,6545,286.11,12.26
1777689293,llama3.1:8b,49.0,6531,296.53,12.15
1777689352,llama3.1:8b,51.0,6550,299.76,12.22
1777689403,llama3.1:8b,49.0,6546,290.44,12.23
1777689461,llama3.1:8b,51.0,6538,294.29,12.25
1777689520,llama3.1:8b,49.0,6543,289.69,12.17
1777689575,llama3.1:8b,51.0,6551,296.97,12.20
1777689630,llama3.1:8b,48.0,6558,294.58,12.19
1777689680,llama3.1:8b,49.0,6549,298.00,12.30
1777689722,llama3.1:8b,48.0,6543,283.06,12.22
1777689776,llama3.1:8b,49.0,6542,296.58,12.22
1777689827,llama3.1:8b,45.0,6551,290.98,12.23
1777689878,llama3.1:8b,46.0,6551,299.90,12.22
1777689930,llama3.1:8b,49.0,6550,286.01,12.18
1777689990,llama3.1:8b,48.0,6552,295.39,12.21
1777690043,llama3.1:8b,49.0,6549,280.80,12.15
1777690099,llama3.1:8b,44.0,6558,286.19,12.31
1777690142,llama3.1:8b,49.0,6553,295.63,12.43
1777690193,llama3.1:8b,49.0,6542,290.22,12.16
1777690249,llama3.1:8b,49.0,6547,293.86,12.32
1777690298,llama3.1:8b,51.0,6553,294.26,12.30
1777690355,llama3.1:8b,49.0,6553,297.63,12.22
1777690401,llama3.1:8b,49.0,6559,296.18,12.25
1777690449,llama3.1:8b,51.0,6555,289.20,12.25
1777690493,llama3.1:8b,49.0,6551,286.87,12.26
1777690538,llama3.1:8b,49.0,6553,301.33,12.15
1777690595,llama3.1:8b,48.0,6548,298.27,12.22
1777690648,llama3.1:8b,49.0,6552,294.07,12.21
1777690707,llama3.1:8b,51.0,6554,299.75,12.30
1777690759,llama3.1:8b,49.0,6543,301.15,12.18
1777690812,llama3.1:8b,48.0,6536,298.07,12.15
1777690869,llama3.1:8b,49.0,6588,288.98,12.27
1777690923,llama3.1:8b,49.0,6573,292.18,12.32
1777690971,llama3.1:8b,48.0,6571,284.40,12.34
1777691025,llama3.1:8b,49.0,6552,290.62,12.33
1777691078,llama3.1:8b,45.0,6562,299.86,12.33
1777691129,llama3.1:8b,49.0,6554,297.26,12.36
1777691187,llama3.1:8b,51.0,6548,293.43,12.23
1777691234,llama3.1:8b,49.0,6557,281.38,12.17
1777691295,llama3.1:8b,49.0,6545,283.32,12.20
1777691349,llama3.1:8b,49.0,6551,296.18,12.27
1777691400,llama3.1:8b,49.0,6554,293.96,12.31
1777691438,llama3.1:8b,49.0,6557,297.42,12.15
1777691494,llama3.1:8b,49.0,6556,294.63,12.21
1777691552,llama3.1:8b,49.0,6552,295.53,12.27
1777691593,llama3.1:8b,45.0,6562,282.50,12.24
1777691647,llama3.1:8b,49.0,6559,298.02,12.26
1777691690,llama3.1:8b,45.0,6558,294.58,12.42
1777691734,llama3.1:8b,49.0,6561,298.37,12.25
1777691786,llama3.1:8b,49.0,6562,298.31,12.20
1777691839,llama3.1:8b,51.0,6561,290.77,12.29
1777691895,llama3.1:8b,49.0,6561,296.94,12.38
1777691932,llama3.1:8b,51.0,6561,285.05,12.37
1777691974,llama3.1:8b,49.0,6562,294.68,12.30
1777692025,llama3.1:8b,49.0,6550,297.82,12.23
1777692075,llama3.1:8b,49.0,6548,287.38,12.33
1777692119,llama3.1:8b,49.0,6552,294.31,12.14
1777692183,llama3.1:8b,49.0,6555,301.39,12.23
1777692234,llama3.1:8b,49.0,6553,294.96,12.24
1777692285,llama3.1:8b,49.0,6555,294.55,12.18
1777692339,llama3.1:8b,48.0,6559,287.25,12.26
1777692386,llama3.1:8b,49.0,6556,279.12,12.26
1777692429,llama3.1:8b,44.0,6554,287.24,12.19
1777692485,llama3.1:8b,44.0,6557,300.40,12.25
1777692531,llama3.1:8b,48.0,6555,295.47,12.28
1777692581,llama3.1:8b,51.0,6548,295.35,12.17
1777692639,llama3.1:8b,48.0,6567,289.27,12.12
1777692698,llama3.1:8b,47.0,6569,290.59,12.16
1777692752,llama3.1:8b,49.0,6555,296.09,12.38
1777692796,llama3.1:8b,51.0,6564,300.26,12.31
1777692844,llama3.1:8b,49.0,6555,288.69,12.24
1777692895,llama3.1:8b,49.0,6559,285.04,12.27
1777692943,llama3.1:8b,51.0,6566,283.50,12.17
1777693000,llama3.1:8b,48.0,6564,297.22,12.20
1777693054,llama3.1:8b,45.0,6564,288.23,12.14
1777693112,llama3.1:8b,49.0,6562,287.42,12.33
1777693151,llama3.1:8b,49.0,6557,283.00,12.27
1777693200,llama3.1:8b,51.0,6560,295.66,12.21
1777693252,llama3.1:8b,49.0,6551,291.66,12.16
1777693311,llama3.1:8b,51.0,6547,292.75,12.25
1777693363,llama3.1:8b,49.0,6554,282.64,12.26
1777693414,llama3.1:8b,49.0,6560,287.39,12.27
1777693463,llama3.1:8b,49.0,6559,287.25,12.28
1777693510,llama3.1:8b,46.0,6557,298.73,12.21
1777693559,llama3.1:8b,48.0,6559,287.92,12.18
1777693614,llama3.1:8b,47.0,6559,293.67,12.21
1777693667,llama3.1:8b,49.0,6557,298.03,12.19
1777693717,llama3.1:8b,49.0,6546,297.49,12.13
1777693776,llama3.1:8b,49.0,6553,293.51,12.32
1777693819,llama3.1:8b,49.0,6559,294.22,12.25
1777693875,llama3.1:8b,49.0,6548,287.18,12.19
1777693931,llama3.1:8b,48.0,6551,293.58,12.28
1777693986,llama3.1:8b,46.0,6552,282.71,12.27
1777694041,llama3.1:8b,49.0,6550,282.18,12.12
1777694102,llama3.1:8b,49.0,6550,297.19,12.27
1777694155,llama3.1:8b,49.0,6554,285.18,12.19
1777694211,llama3.1:8b,49.0,6546,292.51,12.24
1777694264,llama3.1:8b,48.0,6544,294.33,12.27
1777694321,llama3.1:8b,49.0,6543,294.60,12.16
1777694377,llama3.1:8b,49.0,6541,278.24,12.26
1777694428,llama3.1:8b,49.0,6552,289.46,12.20
1777694476,llama3.1:8b,48.0,6559,287.28,12.19
1777694529,llama3.1:8b,49.0,6554,294.53,12.23
1777694575,llama3.1:8b,49.0,6549,292.59,12.21
1777694627,llama3.1:8b,49.0,6540,295.20,12.14
1777694683,llama3.1:8b,49.0,6541,285.25,12.25
1777694727,llama3.1:8b,47.0,6535,286.75,12.19
1777694784,llama3.1:8b,49.0,6557,296.09,12.28
1777694832,llama3.1:8b,49.0,6559,284.95,12.21
1777694888,llama3.1:8b,52.0,6559,298.22,12.21
1777694940,llama3.1:8b,45.0,6560,287.15,12.18
1777694996,llama3.1:8b,48.0,6555,296.81,12.24
1777695041,llama3.1:8b,51.0,6557,298.33,12.26
1777695086,llama3.1:8b,45.0,6556,284.47,12.22
1777695139,llama3.1:8b,49.0,6561,300.43,12.13
1777695196,llama3.1:8b,48.0,6552,282.50,12.33
1777695239,llama3.1:8b,49.0,6561,297.03,12.21
1777695289,llama3.1:8b,49.0,6562,286.74,12.24
1777695340,llama3.1:8b,48.0,6552,293.49,12.29
1777695391,llama3.1:8b,48.0,6559,299.14,12.26
1777695438,llama3.1:8b,48.0,6553,292.99,12.20
1777695493,llama3.1:8b,49.0,6554,296.35,12.31
1777695539,llama3.1:8b,44.0,6556,290.12,12.14
1777695600,llama3.1:8b,51.0,6544,290.26,12.21
1777695650,llama3.1:8b,49.0,6557,301.94,12.23
1777695702,llama3.1:8b,49.0,6561,290.21,12.14
1777695757,llama3.1:8b,45.0,6562,286.76,12.17
1777695807,llama3.1:8b,49.0,6560,279.69,12.35
1777695848,llama3.1:8b,49.0,6559,290.36,12.15
1777695911,llama3.1:8b,51.0,6553,290.67,12.37
1777695956,llama3.1:8b,49.0,6547,295.60,12.16
1777696014,llama3.1:8b,45.0,6564,287.36,12.32
1777696059,llama3.1:8b,49.0,6566,294.98,12.22
1777696113,llama3.1:8b,49.0,6561,290.12,12.19
1777696171,llama3.1:8b,49.0,6553,299.67,12.22
1777696224,llama3.1:8b,52.0,6555,291.58,12.30
1777696267,llama3.1:8b,48.0,6564,293.66,12.26
1777696319,llama3.1:8b,49.0,6554,306.62,12.28
1777696362,llama3.1:8b,45.0,6560,292.67,12.12
1777696419,llama3.1:8b,49.0,6558,295.17,12.29
1777696456,llama3.1:8b,49.0,6558,298.96,12.43
1777696500,llama3.1:8b,45.0,6556,296.77,12.29
1777696550,llama3.1:8b,46.0,6550,292.97,12.17
1777696605,llama3.1:8b,48.0,6551,298.90,12.14
1777696663,llama3.1:8b,52.0,6554,275.51,12.27
1777696707,llama3.1:8b,51.0,6563,294.31,12.24
1777696753,llama3.1:8b,48.0,6551,293.57,12.22
1777696801,llama3.1:8b,49.0,6552,290.52,12.23
1777696846,llama3.1:8b,49.0,6564,282.11,12.17
1777696902,llama3.1:8b,48.0,6548,301.54,12.24
1777696947,llama3.1:8b,49.0,6567,293.45,12.15
1777697004,llama3.1:8b,49.0,6564,296.46,12.31
1777697051,llama3.1:8b,45.0,6553,282.88,12.24
1777697104,llama3.1:8b,49.0,6540,296.80,12.26
1777697153,llama3.1:8b,49.0,6542,296.07,12.21
1777697207,llama3.1:8b,49.0,6550,292.00,12.20
1777697259,llama3.1:8b,49.0,6543,292.37,12.20
1777697313,llama3.1:8b,51.0,6548,292.94,12.28
1777697357,llama3.1:8b,51.0,6543,290.65,12.35
1777697405,llama3.1:8b,48.0,6554,297.75,12.22
1777697457,llama3.1:8b,46.0,6544,296.19,12.24
1777697504,llama3.1:8b,49.0,6553,296.49,12.18
1777697555,llama3.1:8b,45.0,6556,300.62,12.21
1777697610,llama3.1:8b,54.0,6555,301.78,12.30
1777697660,llama3.1:8b,46.0,6555,291.85,12.16
1777697718,llama3.1:8b,49.0,6557,300.92,12.28
1777697767,llama3.1:8b,51.0,6558,296.07,12.36
1777697814,llama3.1:8b,49.0,6558,293.81,12.29
1777697863,llama3.1:8b,48.0,6565,298.81,12.28
1777697909,llama3.1:8b,48.0,6561,293.28,12.17
1777697966,llama3.1:8b,51.0,6562,286.38,12.13
1777698025,llama3.1:8b,49.0,6552,291.41,12.17
1777698080,llama3.1:8b,49.0,6552,296.93,12.38
1777698134,llama3.1:8b,49.0,6560,287.13,12.35
1777698183,llama3.1:8b,49.0,6560,290.51,12.23
1777698237,llama3.1:8b,49.0,6557,291.56,12.47
1777698276,llama3.1:8b,48.0,6557,279.04,12.23
1777698326,llama3.1:8b,49.0,6559,293.18,12.22
1777698377,llama3.1:8b,47.0,6554,293.49,12.24
1777698426,llama3.1:8b,49.0,6551,298.07,12.23
1777698480,llama3.1:8b,49.0,6548,296.99,12.33
1777698529,llama3.1:8b,49.0,6553,287.09,12.17
1777698588,llama3.1:8b,48.0,6546,293.98,12.19
1777698644,llama3.1:8b,48.0,6548,291.86,12.21
1777698696,llama3.1:8b,49.0,6552,282.26,12.29
1777698743,llama3.1:8b,49.0,6544,293.85,12.10
1777698804,llama3.1:8b,48.0,6549,301.79,12.31
1777698847,llama3.1:8b,49.0,6554,289.78,12.28
1777698895,llama3.1:8b,49.0,6549,297.73,12.20
1777698953,llama3.1:8b,51.0,6554,291.88,12.14
1777699012,llama3.1:8b,49.0,6551,293.85,12.28
1777699058,llama3.1:8b,49.0,6549,300.86,12.28
1777699102,llama3.1:8b,49.0,6549,297.87,12.23
1777699155,llama3.1:8b,51.0,6548,299.22,12.29
1777699206,llama3.1:8b,49.0,6554,290.89,12.19
1777699257,llama3.1:8b,49.0,6563,290.86,12.27
1777699308,llama3.1:8b,45.0,6566,289.47,12.32
1777699362,llama3.1:8b,49.0,6578,298.72,12.21
1777699410,llama3.1:8b,51.0,6560,285.28,12.23
1777699456,llama3.1:8b,49.0,6566,290.30,12.15
1777699517,llama3.1:8b,51.0,6566,281.27,12.33
1777699570,llama3.1:8b,51.0,6573,298.59,12.19
1777699623,llama3.1:8b,49.0,6575,300.99,12.25
1777699667,llama3.1:8b,49.0,6570,298.12,12.19
1777699719,llama3.1:8b,51.0,6574,299.26,12.16
1777699776,llama3.1:8b,51.0,6574,297.19,12.21
1777699823,llama3.1:8b,51.0,6575,272.01,12.18
1777699874,llama3.1:8b,48.0,6576,283.86,12.27
1777699918,llama3.1:8b,48.0,6574,295.57,12.23
1777699970,llama3.1:8b,49.0,6571,293.61,12.27
1777700015,llama3.1:8b,48.0,6562,288.74,12.16
1777700077,llama3.1:8b,49.0,6560,287.27,12.25
1777700121,llama3.1:8b,45.0,6557,299.42,12.23
1777700172,llama3.1:8b,49.0,6560,291.48,12.25
1777700231,llama3.1:8b,49.0,6565,283.54,12.27
1777700276,llama3.1:8b,49.0,6560,296.39,12.09
1777700337,llama3.1:8b,46.0,6567,302.12,12.34
1777700376,llama3.1:8b,49.0,6568,296.03,12.17
1777700436,llama3.1:8b,49.0,6566,287.72,12.25
1777700486,llama3.1:8b,48.0,6566,285.69,12.32
1777700529,llama3.1:8b,47.0,6561,290.92,12.30
1777700577,llama3.1:8b,48.0,6562,296.80,12.25
1777700629,llama3.1:8b,49.0,6565,290.60,12.18
1777700686,llama3.1:8b,49.0,6562,287.08,12.25
1777700739,llama3.1:8b,49.0,6553,295.61,12.22
1777700796,llama3.1:8b,45.0,6566,287.56,12.29
1777700846,llama3.1:8b,49.0,6554,294.00,12.39
1777700888,llama3.1:8b,44.0,6563,297.72,12.21
1777700943,llama3.1:8b,44.0,6569,298.14,12.29
1777700988,llama3.1:8b,49.0,6566,294.29,12.31
1777701033,llama3.1:8b,49.0,6570,287.63,12.28
1777701076,llama3.1:8b,49.0,6574,291.09,12.35
1777701119,llama3.1:8b,49.0,6564,298.58,12.38
1777701174,llama3.1:8b,49.0,6560,298.52,12.30
1777701223,llama3.1:8b,49.0,6564,278.16,12.09
1777701280,llama3.1:8b,49.0,6570,293.79,12.20
1777701331,llama3.1:8b,48.0,6576,281.90,12.38
1777701381,llama3.1:8b,51.0,6575,301.18,12.17
1777701439,llama3.1:8b,49.0,6566,295.24,12.37
1777701478,llama3.1:8b,45.0,6566,287.09,12.33
1777701525,llama3.1:8b,45.0,6560,298.97,12.44
1777701566,llama3.1:8b,45.0,6565,294.05,12.30
1777701617,llama3.1:8b,50.0,6564,299.73,12.31
1777701659,llama3.1:8b,48.0,6568,294.27,12.26
1777701704,llama3.1:8b,49.0,6556,286.39,12.26
1777701748,llama3.1:8b,49.0,6560,292.87,12.19
1777701796,llama3.1:8b,48.0,6569,281.70,12.07
1777701863,llama3.1:8b,47.0,6564,296.15,12.24
1777701911,llama3.1:8b,51.0,6570,297.71,12.18
1777701966,llama3.1:8b,49.0,6568,295.53,12.16
1777702026,llama3.1:8b,49.0,6570,287.81,12.28
1777702073,llama3.1:8b,49.0,6553,294.03,12.17
1777702129,llama3.1:8b,46.0,6566,295.65,12.17
1777702181,llama3.1:8b,51.0,6568,288.96,12.26
1777702233,llama3.1:8b,49.0,6570,299.45,12.23
1777702289,llama3.1:8b,49.0,6567,296.48,12.22
1777702346,llama3.1:8b,49.0,6574,297.11,12.08
1777702407,llama3.1:8b,49.0,6565,289.36,12.18
1777702462,llama3.1:8b,49.0,6564,293.47,12.28
1777702507,llama3.1:8b,49.0,6567,295.45,12.18
1777702564,llama3.1:8b,49.0,6574,287.54,12.32
1777702605,llama3.1:8b,51.0,6573,300.20,12.22
1777702658,llama3.1:8b,49.0,6565,288.10,12.15
1777702721,llama3.1:8b,49.0,6565,282.59,12.32
1777702770,llama3.1:8b,51.0,6565,288.34,12.34
1777702816,llama3.1:8b,49.0,6560,280.35,12.22
1777702867,llama3.1:8b,49.0,6573,296.82,12.45
1777702915,llama3.1:8b,51.0,6563,287.93,12.17
1777702976,llama3.1:8b,49.0,6565,295.14,12.18
1777703030,llama3.1:8b,49.0,6560,295.98,12.31
1777703078,llama3.1:8b,49.0,6560,283.99,12.31
1777703128,llama3.1:8b,49.0,6553,293.44,12.29
1777703174,llama3.1:8b,49.0,6552,301.28,12.18
1777703226,llama3.1:8b,49.0,6547,298.55,12.30
1777703270,llama3.1:8b,48.0,6556,295.06,12.17
1777703325,llama3.1:8b,45.0,6554,287.31,12.22
1777703368,llama3.1:8b,48.0,6565,301.04,12.12
1777703425,llama3.1:8b,48.0,6558,285.33,12.25
1777703488,llama3.1:8b,49.0,6562,297.83,12.13
1777703550,llama3.1:8b,49.0,6554,293.66,12.20
1777703603,llama3.1:8b,49.0,6555,296.00,12.28
1777703648,llama3.1:8b,49.0,6545,281.72,12.21
1777703703,llama3.1:8b,48.0,6558,284.80,12.15
1777703760,llama3.1:8b,48.0,6554,295.05,12.11
1777703829,llama3.1:8b,48.0,6554,295.14,12.33
1777703881,llama3.1:8b,49.0,6557,290.11,12.19
1777703936,llama3.1:8b,49.0,6552,285.96,12.24
1777703991,llama3.1:8b,51.0,6554,293.50,12.31
1777704039,llama3.1:8b,49.0,6550,297.47,12.37
1777704081,llama3.1:8b,52.0,6554,304.32,12.31
1777704131,llama3.1:8b,45.0,6550,295.71,12.25
1777704179,llama3.1:8b,45.0,6563,289.73,12.24
1777704229,llama3.1:8b,51.0,6556,293.32,12.28
1777704280,llama3.1:8b,48.0,6555,300.11,12.23
1777704333,llama3.1:8b,49.0,6549,298.92,12.23
1777704385,llama3.1:8b,49.0,6558,285.49,12.27
1777704433,llama3.1:8b,49.0,6549,299.32,12.34
1777704480,llama3.1:8b,49.0,6552,303.02,12.27
1777704528,llama3.1:8b,45.0,6561,298.30,12.20
1777704578,llama3.1:8b,48.0,6564,296.11,12.13
1777704635,llama3.1:8b,49.0,6560,294.08,12.26
1777704680,llama3.1:8b,49.0,6563,289.45,12.25
1777704733,llama3.1:8b,49.0,6567,285.88,12.33
1777704783,llama3.1:8b,49.0,6563,297.73,12.24
1777704833,llama3.1:8b,46.0,6564,284.48,12.53
1777704880,llama3.1:8b,46.0,6565,294.62,12.31
1777704937,llama3.1:8b,49.0,6568,298.16,12.23
1777704990,llama3.1:8b,51.0,6562,294.16,12.20
1777705037,llama3.1:8b,48.0,6562,302.29,12.23
1777705084,llama3.1:8b,47.0,6575,286.37,12.22
1777705135,llama3.1:8b,51.0,6561,290.26,12.24
1777705188,llama3.1:8b,45.0,6560,302.12,12.27
1777705236,llama3.1:8b,49.0,6587,294.87,12.23
1777705283,llama3.1:8b,48.0,6565,298.08,12.27
1777705331,llama3.1:8b,52.0,6566,296.37,12.36
1777705380,llama3.1:8b,49.0,6567,293.19,12.21
1777705429,llama3.1:8b,45.0,6572,296.97,12.20
1777705486,llama3.1:8b,51.0,6572,288.89,12.19
1777705539,llama3.1:8b,48.0,6569,295.78,12.30
1777705586,llama3.1:8b,49.0,6561,303.09,12.27
1777705629,llama3.1:8b,45.0,6550,299.36,12.28
1777705673,llama3.1:8b,49.0,6556,295.82,12.32
1777705717,llama3.1:8b,49.0,6574,289.52,12.16
1777705773,llama3.1:8b,48.0,6565,295.37,12.34
1777705822,llama3.1:8b,59.0,6572,297.00,12.27
1777705878,llama3.1:8b,51.0,6567,293.91,12.32
1777705926,llama3.1:8b,44.0,6569,289.66,12.14
1777705983,llama3.1:8b,46.0,6570,296.94,12.33
1777706035,llama3.1:8b,49.0,6567,304.88,12.20
1777706090,llama3.1:8b,49.0,6555,297.25,12.17
1777706150,llama3.1:8b,48.0,6560,294.83,12.24
1777706202,llama3.1:8b,48.0,6558,281.95,12.20
1777706254,llama3.1:8b,48.0,6572,288.58,12.29
1777706301,llama3.1:8b,44.0,6558,294.68,12.15
1777706358,llama3.1:8b,48.0,6540,296.77,12.34
1777706403,llama3.1:8b,49.0,6556,296.17,12.22
1777706457,llama3.1:8b,49.0,6550,291.37,12.26
1777706511,llama3.1:8b,51.0,6561,290.00,12.32
1777706556,llama3.1:8b,48.0,6556,302.52,12.22
1777706609,llama3.1:8b,48.0,6564,289.94,12.41
1777706659,llama3.1:8b,49.0,6568,297.31,12.36
1777706706,llama3.1:8b,49.0,6570,287.55,12.18
1777706759,llama3.1:8b,51.0,6563,300.45,12.21
1777706823,llama3.1:8b,45.0,6563,299.62,12.31
1777706865,llama3.1:8b,51.0,6555,297.09,12.20
1777706925,llama3.1:8b,49.0,6562,291.51,12.19
1777706982,llama3.1:8b,48.0,6567,285.91,12.16
1777707035,llama3.1:8b,49.0,6573,282.83,12.32
1777707082,llama3.1:8b,52.0,6571,302.92,12.28
1777707132,llama3.1:8b,47.0,6574,281.92,12.23
1777707181,llama3.1:8b,49.0,6562,304.61,12.37
1777707225,llama3.1:8b,49.0,6550,286.74,12.29
1777707274,llama3.1:8b,49.0,6564,300.29,12.31
1777707328,llama3.1:8b,52.0,6555,295.59,12.15
1777707386,llama3.1:8b,51.0,6552,294.63,12.28
1777707430,llama3.1:8b,49.0,6561,286.60,12.17
1777707490,llama3.1:8b,51.0,6565,297.95,12.22
1777707540,llama3.1:8b,49.0,6565,291.37,12.23
1777707591,llama3.1:8b,47.0,6548,297.68,12.19
1777707646,llama3.1:8b,49.0,6551,289.37,12.19
1777707701,llama3.1:8b,49.0,6560,280.11,12.27
1777707748,llama3.1:8b,45.0,6556,282.20,12.20
1777707803,llama3.1:8b,49.0,6564,296.67,12.37
1777707847,llama3.1:8b,45.0,6559,298.30,12.23
1777707892,llama3.1:8b,49.0,6568,285.76,12.29
1777707934,llama3.1:8b,48.0,6565,297.58,12.23
1777707988,llama3.1:8b,48.0,6558,290.90,12.10
1777708047,llama3.1:8b,48.0,6567,284.67,12.26
1777708102,llama3.1:8b,49.0,6564,293.03,12.25
1777708153,llama3.1:8b,49.0,6579,296.57,12.20
1777708209,llama3.1:8b,44.0,6574,296.30,12.24
1777708266,llama3.1:8b,49.0,6578,295.98,12.30
1777708314,llama3.1:8b,51.0,6564,303.77,12.19
1777708368,llama3.1:8b,54.0,6570,298.08,12.23
1777708420,llama3.1:8b,49.0,6567,303.57,12.32
1777708469,llama3.1:8b,48.0,6569,285.86,12.24
1777708517,llama3.1:8b,49.0,6553,294.80,12.31
1777708559,llama3.1:8b,51.0,6555,300.81,12.34
1777708608,llama3.1:8b,49.0,6561,296.60,12.30
1777708654,llama3.1:8b,49.0,6550,296.44,12.28
1777708710,llama3.1:8b,45.0,6555,295.98,12.09
1777708770,llama3.1:8b,48.0,6548,291.28,12.27
1777708822,llama3.1:8b,49.0,6558,296.03,12.35
1777708869,llama3.1:8b,49.0,6563,299.22,12.36
1777708916,llama3.1:8b,49.0,6559,302.14,12.28
1777708964,llama3.1:8b,49.0,6556,295.92,12.20
1777709017,llama3.1:8b,51.0,6565,300.18,12.35
1777709053,llama3.1:8b,51.0,6565,285.58,12.22
1777709103,llama3.1:8b,48.0,6557,290.04,12.27
1777709163,llama3.1:8b,49.0,6562,296.46,12.22
1777709215,llama3.1:8b,45.0,6563,293.25,12.32
1777709262,llama3.1:8b,48.0,6564,289.64,12.35
1777709309,llama3.1:8b,45.0,6548,285.56,12.21
1777709366,llama3.1:8b,47.0,6575,288.01,12.20
1777709428,llama3.1:8b,48.0,6555,300.04,12.18
1777709479,llama3.1:8b,49.0,6572,288.48,12.19
1777709536,llama3.1:8b,48.0,6564,291.98,12.14
1777709598,llama3.1:8b,49.0,6566,283.39,12.23
1777709650,llama3.1:8b,49.0,6565,297.28,12.12
1777709714,llama3.1:8b,48.0,6557,291.83,12.20
1777709767,llama3.1:8b,49.0,6564,296.04,12.42
1777709805,llama3.1:8b,49.0,6571,295.18,12.34
1777709856,llama3.1:8b,45.0,6568,303.95,12.28
1777709903,llama3.1:8b,48.0,6560,284.29,12.20
1777709954,llama3.1:8b,49.0,6566,286.95,12.16
1777710010,llama3.1:8b,48.0,6568,297.36,12.29
1777710053,llama3.1:8b,45.0,6566,286.66,12.23
1777710106,llama3.1:8b,44.0,6560,291.28,12.10
1777710165,llama3.1:8b,51.0,6561,297.95,12.12
1777710222,llama3.1:8b,52.0,6566,305.39,12.14
1777710282,llama3.1:8b,48.0,6558,296.82,12.30
1777710326,llama3.1:8b,45.0,6565,300.93,12.25
1777710376,llama3.1:8b,51.0,6561,298.90,12.20
1777710428,llama3.1:8b,51.0,6554,295.25,12.34
1777710469,llama3.1:8b,51.0,6556,279.40,12.32
1777710518,llama3.1:8b,51.0,6560,290.16,12.32
1777710566,llama3.1:8b,49.0,6568,298.41,12.23
1777710619,llama3.1:8b,49.0,6568,291.92,12.18
1777710672,llama3.1:8b,49.0,6551,290.77,12.29
1777710721,llama3.1:8b,49.0,6560,296.05,12.23
1777710773,llama3.1:8b,51.0,6563,289.88,12.12
1777710838,llama3.1:8b,49.0,6556,286.99,12.19
1777710892,llama3.1:8b,49.0,6557,296.45,12.22
1777710942,llama3.1:8b,49.0,6565,304.05,12.21
1777711002,llama3.1:8b,48.0,6563,291.24,12.17
1777711054,llama3.1:8b,51.0,6566,295.85,12.25
1777711104,llama3.1:8b,49.0,6577,282.24,12.24
1777711158,llama3.1:8b,45.0,6570,285.50,12.20
1777711216,llama3.1:8b,63.0,6565,302.43,12.26
1777711273,llama3.1:8b,49.0,6571,288.44,12.21
1777711330,llama3.1:8b,48.0,6576,289.23,12.36
1777711376,llama3.1:8b,52.0,6571,289.32,12.18
1777711442,llama3.1:8b,45.0,6567,294.72,12.20
1777711500,llama3.1:8b,49.0,6569,300.95,12.23
1777711552,llama3.1:8b,51.0,6568,296.07,12.15
1777711602,llama3.1:8b,48.0,6561,293.28,12.18
1777711655,llama3.1:8b,48.0,6561,297.10,12.29
1777711706,llama3.1:8b,49.0,6551,283.75,12.15
1777711764,llama3.1:8b,49.0,6560,290.34,12.32
1777711809,llama3.1:8b,49.0,6566,283.71,12.34
1777711853,llama3.1:8b,52.0,6554,282.27,12.35
1777711905,llama3.1:8b,49.0,6569,287.38,12.32
1777711951,llama3.1:8b,49.0,6571,294.43,12.16
1777712015,llama3.1:8b,49.0,6566,284.87,12.21
1777712071,llama3.1:8b,48.0,6556,299.37,12.14
1777712128,llama3.1:8b,48.0,6552,290.27,12.27
1777712178,llama3.1:8b,49.0,6558,293.35,12.14
1777712234,llama3.1:8b,48.0,6560,295.60,12.34
1777712275,llama3.1:8b,49.0,6562,294.87,12.34
1777712323,llama3.1:8b,49.0,6563,295.54,12.16
1777712385,llama3.1:8b,49.0,6567,290.20,12.24
1777712436,llama3.1:8b,51.0,6597,297.86,12.30
1777712489,llama3.1:8b,49.0,6573,292.07,12.29
1777712537,llama3.1:8b,48.0,6569,289.37,12.19
1777712588,llama3.1:8b,52.0,6576,295.89,12.26
1777712636,llama3.1:8b,51.0,6560,300.09,12.32
1777712693,llama3.1:8b,49.0,6575,293.51,12.37
1777712743,llama3.1:8b,49.0,6566,287.47,12.32
1777712785,llama3.1:8b,49.0,6575,285.54,12.22
1777712837,llama3.1:8b,49.0,6570,297.55,12.21
1777712887,llama3.1:8b,51.0,6569,292.34,12.19
1777712948,llama3.1:8b,48.0,6571,285.24,12.41
1777712988,llama3.1:8b,51.0,6577,294.89,12.20
1777713036,llama3.1:8b,49.0,6569,299.73,12.22
1777713088,llama3.1:8b,49.0,6575,286.35,12.20
1777713140,llama3.1:8b,48.0,6558,293.11,12.15
1777713198,llama3.1:8b,48.0,6574,295.12,12.16
1777713253,llama3.1:8b,49.0,6569,293.07,12.21
1777713303,llama3.1:8b,49.0,6561,293.67,12.32
1777713349,llama3.1:8b,49.0,6568,304.17,12.34
1777713386,llama3.1:8b,44.0,6579,304.85,12.28
1777713434,llama3.1:8b,48.0,6564,300.22,12.29
1777713476,llama3.1:8b,45.0,6563,283.88,12.18
1777713531,llama3.1:8b,49.0,6564,295.44,12.22
1777713583,llama3.1:8b,49.0,6570,296.86,12.28
1777713638,llama3.1:8b,49.0,6567,296.60,12.21
1777713691,llama3.1:8b,49.0,6559,282.18,12.52
1777713732,llama3.1:8b,49.0,6562,291.98,12.38
1777713783,llama3.1:8b,49.0,6557,291.78,12.29
1777713835,llama3.1:8b,46.0,6565,288.10,12.23
1777713893,llama3.1:8b,49.0,6569,299.74,12.26
1777713946,llama3.1:8b,46.0,6569,287.84,12.15
1777714000,llama3.1:8b,51.0,6572,287.40,12.30
1777714047,llama3.1:8b,48.0,6572,302.85,12.27
1777714096,llama3.1:8b,49.0,6570,297.82,12.21
1777714155,llama3.1:8b,49.0,6569,290.63,12.23
1777714203,llama3.1:8b,51.0,6561,297.45,12.26
1777714243,llama3.1:8b,49.0,6563,294.09,12.15
1777714298,llama3.1:8b,49.0,6555,291.07,12.26
1777714348,llama3.1:8b,49.0,6563,288.42,12.27
1777714393,llama3.1:8b,49.0,6566,294.11,12.22
1777714447,llama3.1:8b,49.0,6579,295.68,12.28
1777714494,llama3.1:8b,49.0,6573,290.50,12.21
1777714546,llama3.1:8b,48.0,6561,296.32,12.25
1777714595,llama3.1:8b,45.0,6572,297.10,12.24
1777714650,llama3.1:8b,49.0,6567,285.57,12.24
1777714698,llama3.1:8b,48.0,6565,290.81,12.23
1777714748,llama3.1:8b,49.0,6573,288.90,12.21
1777714805,llama3.1:8b,51.0,6568,291.14,12.24
1777714855,llama3.1:8b,48.0,6562,294.52,12.27
1777714904,llama3.1:8b,48.0,6570,291.64,12.28
1777714953,llama3.1:8b,49.0,6565,292.12,12.21
1777715002,llama3.1:8b,49.0,6568,297.42,12.38
1777715042,llama3.1:8b,45.0,6561,292.82,12.30
1777715084,llama3.1:8b,44.0,6573,289.18,12.16
1777715142,llama3.1:8b,45.0,6573,293.67,12.22
1777715193,llama3.1:8b,49.0,6567,296.39,12.22
1777715247,llama3.1:8b,45.0,6574,294.48,12.24
1777715300,llama3.1:8b,49.0,6567,299.49,12.26
1777715346,llama3.1:8b,44.0,6568,292.67,12.38
1777715388,llama3.1:8b,49.0,6574,297.11,12.25
1777715444,llama3.1:8b,49.0,6573,288.56,12.26
1777715499,llama3.1:8b,51.0,6572,294.45,12.25
1777715551,llama3.1:8b,49.0,6573,280.12,12.27
1777715595,llama3.1:8b,48.0,6567,297.71,12.14
1777715651,llama3.1:8b,49.0,6566,293.96,12.31
1777715693,llama3.1:8b,49.0,6574,283.79,12.36
1777715743,llama3.1:8b,51.0,6573,294.13,12.25
1777715797,llama3.1:8b,49.0,6569,304.57,12.24
1777715847,llama3.1:8b,49.0,6567,294.94,12.20
1777715895,llama3.1:8b,49.0,6566,289.14,12.19
1777715953,llama3.1:8b,51.0,6563,293.04,12.30
1777715997,llama3.1:8b,49.0,6571,295.59,12.26
1777716052,llama3.1:8b,45.0,6578,287.28,12.26
1777716107,llama3.1:8b,49.0,6573,299.04,12.27
1777716155,llama3.1:8b,49.0,6564,296.97,12.34
1777716198,llama3.1:8b,51.0,6567,293.49,12.18
1777716253,llama3.1:8b,49.0,6563,295.60,12.40
1777716291,llama3.1:8b,45.0,6576,290.92,12.32
1777716339,llama3.1:8b,48.0,6564,278.41,12.40
1777716380,llama3.1:8b,49.0,6576,296.64,12.14
1777716442,llama3.1:8b,49.0,6569,291.26,12.21
1777716495,llama3.1:8b,46.0,6567,297.37,12.18
1777716548,llama3.1:8b,49.0,6572,295.72,12.15
1777716609,llama3.1:8b,51.0,6571,295.86,12.31
1777716651,llama3.1:8b,49.0,6578,293.93,12.26
1777716695,llama3.1:8b,49.0,6577,296.39,12.17
1777716756,llama3.1:8b,45.0,6631,295.04,12.18
1777716812,llama3.1:8b,48.0,6657,300.24,12.13
1777716868,llama3.1:8b,49.0,6630,287.23,12.21
1777716921,llama3.1:8b,51.0,6607,292.84,12.27
1777716974,llama3.1:8b,51.0,6580,289.87,12.22
1777717023,llama3.1:8b,49.0,6589,289.50,12.21
1777717072,llama3.1:8b,45.0,6598,277.60,12.13
1777717134,llama3.1:8b,51.0,6601,298.49,12.28
1777717180,llama3.1:8b,49.0,6596,295.15,12.27
1777717225,llama3.1:8b,45.0,6593,295.55,12.17
1777717278,llama3.1:8b,51.0,6592,283.26,12.23
1777717333,llama3.1:8b,45.0,6601,291.92,12.27
1777717385,llama3.1:8b,49.0,6605,288.72,12.22
1777717434,llama3.1:8b,51.0,6596,291.22,12.35
1777717475,llama3.1:8b,46.0,6598,288.22,12.34
1777717520,llama3.1:8b,49.0,6593,290.81,12.22
1777717569,llama3.1:8b,51.0,6594,289.68,12.25
1777717625,llama3.1:8b,51.0,6599,296.82,12.37
1777717669,llama3.1:8b,46.0,6598,291.13,12.26
1777717717,llama3.1:8b,48.0,6596,290.01,12.24
1777717775,llama3.1:8b,48.0,6590,298.84,12.21
1777717830,llama3.1:8b,48.0,6593,293.70,12.26
1777717879,llama3.1:8b,49.0,6600,301.08,12.22
1777717933,llama3.1:8b,49.0,6587,293.88,12.19
1777717989,llama3.1:8b,45.0,6596,299.20,12.20
1777718043,llama3.1:8b,48.0,6604,292.87,12.22
1777718089,llama3.1:8b,49.0,6602,292.47,12.25
1777718148,llama3.1:8b,49.0,6598,297.22,12.26
1777718196,llama3.1:8b,49.0,6597,294.82,12.32
1777718238,llama3.1:8b,48.0,6601,294.82,12.28
1777718284,llama3.1:8b,48.0,6588,296.55,12.26
1777718341,llama3.1:8b,49.0,6588,297.66,12.21
1777718387,llama3.1:8b,47.0,6575,303.58,12.34
1777718430,llama3.1:8b,49.0,6588,286.71,12.31
1777718480,llama3.1:8b,45.0,6598,292.39,12.27
1777718526,llama3.1:8b,51.0,6596,295.62,12.21
1777718581,llama3.1:8b,51.0,6607,293.36,12.29
1777718623,llama3.1:8b,50.0,6603,300.86,12.32
1777718664,llama3.1:8b,51.0,6586,287.10,12.21
1777718727,llama3.1:8b,49.0,6603,287.20,12.35
1777718770,llama3.1:8b,48.0,6596,291.85,12.20
1777718825,llama3.1:8b,48.0,6597,296.20,12.42
1777718873,llama3.1:8b,46.0,6602,299.76,12.43
1777718917,llama3.1:8b,45.0,6601,294.58,12.26
1777718967,llama3.1:8b,49.0,6597,282.82,12.21
1777719019,llama3.1:8b,49.0,6604,293.51,12.25
1777719066,llama3.1:8b,49.0,6606,286.18,12.16
1777719119,llama3.1:8b,49.0,6593,299.02,12.22
1777719169,llama3.1:8b,49.0,6597,300.21,12.35
1777719217,llama3.1:8b,51.0,6586,289.70,12.34
1777719263,llama3.1:8b,48.0,6596,290.88,12.17
1777719324,llama3.1:8b,49.0,6604,281.55,12.23
1777719374,llama3.1:8b,49.0,6603,282.86,12.46
1777719415,llama3.1:8b,48.0,6605,286.59,12.26
1777719463,llama3.1:8b,49.0,6613,290.82,12.18
1777719524,llama3.1:8b,48.0,6606,298.34,12.28
1777719577,llama3.1:8b,48.0,6613,284.46,12.37
1777719626,llama3.1:8b,45.0,6627,293.36,12.53
1777719669,llama3.1:8b,49.0,6616,292.08,12.22
1777719723,llama3.1:8b,49.0,6630,296.87,12.31
1777719770,llama3.1:8b,49.0,6612,300.16,12.15
1777719829,llama3.1:8b,49.0,6618,284.04,12.19
1777719889,llama3.1:8b,51.0,6616,295.21,12.21
1777719942,llama3.1:8b,49.0,6619,287.68,12.24
1777719992,llama3.1:8b,48.0,6613,297.20,12.34
1777720031,llama3.1:8b,46.0,6617,291.28,12.23
1777720094,llama3.1:8b,49.0,6611,277.71,12.20
1777720158,llama3.1:8b,51.0,6613,297.21,12.31
1777720209,llama3.1:8b,46.0,6609,301.71,12.35
1777720252,llama3.1:8b,45.0,6613,289.42,12.24
1777720309,llama3.1:8b,56.0,6614,293.11,12.23
1777720368,llama3.1:8b,46.0,6608,297.55,12.39
1777720404,llama3.1:8b,49.0,6611,290.09,12.17
1777720460,llama3.1:8b,49.0,6601,295.36,12.25
1777720507,llama3.1:8b,49.0,6592,293.32,12.21
1777720563,llama3.1:8b,49.0,6605,290.05,12.21
1777720619,llama3.1:8b,51.0,6611,289.95,12.20
1777720669,llama3.1:8b,49.0,6607,289.14,12.25
1777720717,llama3.1:8b,51.0,6602,291.23,12.21
1777720769,llama3.1:8b,49.0,6607,299.64,12.30
1777720814,llama3.1:8b,49.0,6606,291.41,12.22
1777720865,llama3.1:8b,45.0,6615,296.23,12.18
1777720919,llama3.1:8b,48.0,6610,295.34,12.16
1777720974,llama3.1:8b,51.0,6617,286.77,12.30
1777721027,llama3.1:8b,51.0,6609,293.26,12.30
1777721079,llama3.1:8b,49.0,6606,299.87,12.27
1777721134,llama3.1:8b,52.0,6615,297.86,12.25
1777721189,llama3.1:8b,49.0,6606,287.60,12.17
1777721245,llama3.1:8b,51.0,6598,295.77,12.33
1777721291,llama3.1:8b,49.0,6604,296.33,12.30
1777721341,llama3.1:8b,46.0,6605,283.60,12.26
1777721391,llama3.1:8b,45.0,6600,295.03,12.24
1777721439,llama3.1:8b,51.0,6613,301.33,12.13
1777721507,llama3.1:8b,51.0,6607,298.62,12.28
1777721548,llama3.1:8b,51.0,6606,300.65,12.22
1777721599,llama3.1:8b,49.0,6605,297.33,12.22
1777721652,llama3.1:8b,48.0,6614,293.47,12.35
1777721698,llama3.1:8b,51.0,6615,297.38,12.28
1777721749,llama3.1:8b,51.0,6608,289.98,12.34
1777721798,llama3.1:8b,45.0,6600,289.44,12.36
1777721843,llama3.1:8b,48.0,6609,293.35,12.35
1777721881,llama3.1:8b,48.0,6602,281.92,12.32
1777721930,llama3.1:8b,48.0,6605,301.37,12.27
1777721980,llama3.1:8b,45.0,6609,291.67,12.19
1777722042,llama3.1:8b,46.0,6613,295.95,12.28
1777722094,llama3.1:8b,49.0,6608,297.79,12.27
1777722142,llama3.1:8b,45.0,6604,289.07,12.13
1777722203,llama3.1:8b,49.0,6604,305.53,12.42
1777722243,llama3.1:8b,48.0,6609,294.33,12.27
1777722288,llama3.1:8b,49.0,6619,299.08,12.35
1777722338,llama3.1:8b,49.0,6602,294.54,12.43
1777722376,llama3.1:8b,49.0,6599,279.13,12.26
1777722429,llama3.1:8b,45.0,6600,289.28,12.28
1777722473,llama3.1:8b,49.0,6613,290.00,12.20
1777722525,llama3.1:8b,48.0,6612,289.66,12.20
1777722577,llama3.1:8b,48.0,6602,289.90,12.20
1777722630,llama3.1:8b,49.0,6606,298.78,12.29
1777722680,llama3.1:8b,49.0,6607,286.30,12.30
1777722733,llama3.1:8b,49.0,6603,294.30,12.26
1777722779,llama3.1:8b,49.0,6601,295.58,12.16
1777722836,llama3.1:8b,51.0,6606,297.54,12.26
1777722882,llama3.1:8b,44.0,6606,290.84,12.21
1777722933,llama3.1:8b,49.0,6609,297.45,12.24
1777722982,llama3.1:8b,52.0,6597,289.33,12.23
1777723036,llama3.1:8b,48.0,6597,299.01,12.19
1777723093,llama3.1:8b,51.0,6595,287.04,12.25
1777723143,llama3.1:8b,51.0,6590,297.89,12.24
1777723194,llama3.1:8b,49.0,6596,305.12,12.31
1777723243,llama3.1:8b,46.0,6600,299.55,12.24
1777723290,llama3.1:8b,49.0,6605,298.61,12.21
1777723348,llama3.1:8b,49.0,6612,286.47,12.33
1777723394,llama3.1:8b,51.0,6610,294.29,12.39
1777723438,llama3.1:8b,49.0,6621,289.17,12.27
1777723486,llama3.1:8b,49.0,6614,288.66,12.23
1777723537,llama3.1:8b,51.0,6608,285.94,12.27
1777723587,llama3.1:8b,49.0,6606,298.84,12.19
1777723642,llama3.1:8b,48.0,6611,288.74,12.39
1777723682,llama3.1:8b,51.0,6609,297.41,12.41
1777723723,llama3.1:8b,49.0,6597,290.07,12.17
1777723779,llama3.1:8b,52.0,6592,276.97,12.24
1777723835,llama3.1:8b,49.0,6601,303.94,12.18
1777723895,llama3.1:8b,48.0,6605,296.46,12.27
1777723952,llama3.1:8b,46.0,6601,305.00,12.43
1777723997,llama3.1:8b,49.0,6600,299.90,12.22
1777724047,llama3.1:8b,49.0,6605,305.81,12.34
1777724091,llama3.1:8b,49.0,6617,292.30,12.32
1777724145,llama3.1:8b,49.0,6615,292.91,12.38
1777724185,llama3.1:8b,48.0,6612,303.64,12.33
1777724224,llama3.1:8b,49.0,6614,278.86,12.23
1777724273,llama3.1:8b,49.0,6610,299.77,12.19
1777724331,llama3.1:8b,46.0,6606,286.94,12.23
1777724385,llama3.1:8b,51.0,6602,293.37,12.21
1777724442,llama3.1:8b,51.0,6605,285.62,12.24
1777724498,llama3.1:8b,44.0,6609,287.95,12.43
1777724543,llama3.1:8b,49.0,6598,294.15,12.42
1777724592,llama3.1:8b,48.0,6598,300.82,12.27
1777724643,llama3.1:8b,45.0,6594,284.44,12.41
1777724692,llama3.1:8b,52.0,6604,303.43,12.29
1777724746,llama3.1:8b,49.0,6602,292.83,12.32
1777724792,llama3.1:8b,51.0,6608,287.62,12.26
1777724836,llama3.1:8b,49.0,6604,300.45,12.24
1777724886,llama3.1:8b,51.0,6608,294.28,12.24
1777724941,llama3.1:8b,45.0,6613,298.89,12.12
1777725002,llama3.1:8b,48.0,6601,298.78,12.25
1777725052,llama3.1:8b,48.0,6605,293.10,12.20
1777725107,llama3.1:8b,48.0,6605,298.50,12.38
1777725158,llama3.1:8b,50.0,6614,295.30,12.23
1777725205,llama3.1:8b,48.0,6605,295.65,12.34
1777725253,llama3.1:8b,51.0,6614,302.18,12.34
1777725299,llama3.1:8b,48.0,6611,283.09,12.22
1777725348,llama3.1:8b,51.0,6601,297.52,12.41
1777725391,llama3.1:8b,51.0,6606,296.03,12.47
1777725446,llama3.1:8b,49.0,6608,292.17,12.26
1777725496,llama3.1:8b,51.0,6606,303.14,12.28
1777725545,llama3.1:8b,49.0,6608,292.56,12.42
1777725581,llama3.1:8b,46.0,6613,296.10,12.22
1777725637,llama3.1:8b,49.0,6610,293.82,12.33
1777725690,llama3.1:8b,49.0,6610,295.88,12.16
1777725744,llama3.1:8b,48.0,6608,294.18,12.07
1777725815,llama3.1:8b,49.0,6615,303.94,12.18
1777725868,llama3.1:8b,48.0,6602,290.61,12.21
1777725917,llama3.1:8b,51.0,6611,294.70,12.10
1777725984,llama3.1:8b,45.0,6612,290.12,12.17
1777726045,llama3.1:8b,51.0,6604,296.26,12.26
1777726100,llama3.1:8b,49.0,6604,298.26,12.30
1777726148,llama3.1:8b,51.0,6610,288.82,12.27
1777726196,llama3.1:8b,49.0,6598,296.22,12.29
1777726242,llama3.1:8b,45.0,6599,283.89,12.24
1777726294,llama3.1:8b,45.0,6610,295.32,12.18
1777726347,llama3.1:8b,49.0,6610,299.63,12.17
1777726402,llama3.1:8b,49.0,6598,284.46,12.23
1777726460,llama3.1:8b,49.0,6600,282.84,12.25
1777726515,llama3.1:8b,46.0,6602,299.32,12.17
1777726571,llama3.1:8b,49.0,6584,295.67,12.25
1777726620,llama3.1:8b,46.0,6605,296.68,12.18
1777726677,llama3.1:8b,49.0,6603,295.64,12.34
1777726720,llama3.1:8b,49.0,6611,281.70,12.33
1777726762,llama3.1:8b,49.0,6600,294.85,12.29
1777726814,llama3.1:8b,53.0,6602,289.83,12.16
1777726869,llama3.1:8b,48.0,6618,299.86,12.32
1777726909,llama3.1:8b,48.0,6596,288.86,12.31
1777726950,llama3.1:8b,45.0,6587,283.89,12.19
1777727004,llama3.1:8b,49.0,6596,288.47,12.19
1777727060,llama3.1:8b,49.0,6597,292.12,12.31
1777727107,llama3.1:8b,53.0,6601,299.10,12.35
1777727153,llama3.1:8b,51.0,6605,288.58,12.14
1777727213,llama3.1:8b,49.0,6612,287.24,12.25
1777727265,llama3.1:8b,49.0,6596,283.31,12.12
1777727325,llama3.1:8b,48.0,6599,294.76,12.19
1777727376,llama3.1:8b,49.0,6607,286.15,12.26
1777727424,llama3.1:8b,51.0,6611,282.78,12.25
1777727477,llama3.1:8b,49.0,6595,295.05,12.23
1777727529,llama3.1:8b,49.0,6599,293.73,12.29
1777727573,llama3.1:8b,51.0,6616,291.85,12.21
1777727623,llama3.1:8b,49.0,6598,293.31,12.34
1777727664,llama3.1:8b,49.0,6603,296.57,12.25
1777727715,llama3.1:8b,47.0,6590,297.09,12.15
1777727777,llama3.1:8b,45.0,6599,275.80,12.20
1777727831,llama3.1:8b,49.0,6594,288.97,12.32
1777727881,llama3.1:8b,49.0,6603,290.30,12.38
1777727923,llama3.1:8b,51.0,6588,281.81,12.38
1777727962,llama3.1:8b,49.0,6592,288.48,12.20
1777728017,llama3.1:8b,45.0,6603,284.35,12.36
1777728068,llama3.1:8b,46.0,6600,304.10,12.28
1777728123,llama3.1:8b,51.0,6592,285.81,12.24
1777728176,llama3.1:8b,51.0,6590,297.01,12.28
1777728226,llama3.1:8b,48.0,6591,290.74,12.25
1777728270,llama3.1:8b,51.0,6596,292.61,12.25
1777728325,llama3.1:8b,51.0,6594,294.66,12.21
1777728376,llama3.1:8b,46.0,6591,302.61,12.18
1777728434,llama3.1:8b,49.0,6600,294.03,12.22
1777728494,llama3.1:8b,49.0,6601,296.67,12.18
1777728551,llama3.1:8b,49.0,6602,295.53,12.25
1777728602,llama3.1:8b,49.0,6587,291.11,12.11
1777728664,llama3.1:8b,48.0,6594,281.62,12.18
1777728715,llama3.1:8b,49.0,6594,285.91,12.37
1777728758,llama3.1:8b,51.0,6595,298.27,12.21
1777728809,llama3.1:8b,49.0,6587,298.73,12.20
1777728865,llama3.1:8b,49.0,6591,292.72,12.13
1777728921,llama3.1:8b,49.0,6591,299.07,12.25
1777728964,llama3.1:8b,48.0,6591,285.73,12.30
1777729003,llama3.1:8b,52.0,6598,298.76,12.21
1777729054,llama3.1:8b,49.0,6610,290.29,12.26
1777729112,llama3.1:8b,49.0,6590,290.89,12.45
1777729157,llama3.1:8b,51.0,6583,294.29,12.33
1777729207,llama3.1:8b,49.0,6596,292.65,12.15
1777729266,llama3.1:8b,46.0,6604,288.23,12.31
1777729321,llama3.1:8b,49.0,6598,293.91,12.39
1777729377,llama3.1:8b,51.0,6599,281.40,12.28
1777729433,llama3.1:8b,52.0,6590,293.07,12.45
1777729474,llama3.1:8b,49.0,6599,288.45,12.18
1777729530,llama3.1:8b,52.0,6592,298.45,12.29
1777729576,llama3.1:8b,46.0,6594,299.17,12.33
1777729628,llama3.1:8b,51.0,6598,289.00,12.32
1777729667,llama3.1:8b,51.0,6595,286.22,12.15
1777729724,llama3.1:8b,49.0,6600,295.92,12.17
1777729775,llama3.1:8b,49.0,6597,299.48,12.16
1777729833,llama3.1:8b,49.0,6579,296.79,12.17
1777729890,llama3.1:8b,48.0,6593,295.87,12.31
1777729936,llama3.1:8b,51.0,6587,290.39,12.17
1777729996,llama3.1:8b,49.0,6594,296.06,12.17
1777730057,llama3.1:8b,48.0,6595,288.45,12.23
1777730110,llama3.1:8b,49.0,6596,290.53,12.31
1777730153,llama3.1:8b,45.0,6600,300.11,12.30
1777730204,llama3.1:8b,49.0,6599,293.63,12.24
1777730256,llama3.1:8b,49.0,6586,295.11,12.23
1777730309,llama3.1:8b,49.0,6592,293.95,12.29
1777730355,llama3.1:8b,45.0,6598,290.99,12.33
1777730398,llama3.1:8b,45.0,6600,296.69,12.19
1777730453,llama3.1:8b,49.0,6588,300.66,12.22
1777730506,llama3.1:8b,49.0,6592,286.04,12.22
1777730558,llama3.1:8b,47.0,6597,288.26,12.17
1777730611,llama3.1:8b,49.0,6590,278.06,12.29
1777730654,llama3.1:8b,47.0,6599,280.28,12.20
1777730709,llama3.1:8b,51.0,6587,297.03,12.35
1777730759,llama3.1:8b,45.0,6591,285.23,12.30
1777730806,llama3.1:8b,51.0,6601,293.03,12.28
1777730854,llama3.1:8b,49.0,6602,303.65,12.30
1777730902,llama3.1:8b,51.0,6596,294.70,12.18
1777730955,llama3.1:8b,48.0,6601,287.31,12.13
1777731024,llama3.1:8b,49.0,6599,299.61,12.29
1777731076,llama3.1:8b,51.0,6604,287.76,12.23
1777731127,llama3.1:8b,51.0,6604,300.20,12.30
1777731173,llama3.1:8b,51.0,6601,293.47,12.28
1777731225,llama3.1:8b,51.0,6607,286.82,12.30
1777731274,llama3.1:8b,51.0,6598,291.80,12.33
1777731320,llama3.1:8b,48.0,6594,281.52,12.30
1777731367,llama3.1:8b,49.0,6602,287.05,12.26
1777731411,llama3.1:8b,48.0,6604,283.89,12.17
1777731467,llama3.1:8b,49.0,6592,295.67,12.44
1777731510,llama3.1:8b,49.0,6597,300.66,12.46
1777731559,llama3.1:8b,49.0,6596,294.07,12.28
1777731614,llama3.1:8b,57.0,6598,297.70,12.38
1777731660,llama3.1:8b,51.0,6610,287.19,12.22
1777731712,llama3.1:8b,48.0,6600,303.48,12.14
1777731773,llama3.1:8b,51.0,6602,295.75,12.27
1777731822,llama3.1:8b,45.0,6590,284.27,12.27
1777731874,llama3.1:8b,49.0,6578,290.36,12.17
1777731931,llama3.1:8b,49.0,6596,288.81,12.22
1777731975,llama3.1:8b,49.0,6594,295.81,12.25
1777732025,llama3.1:8b,49.0,6599,286.12,12.15
1777732082,llama3.1:8b,48.0,6599,291.69,12.20
1777732134,llama3.1:8b,48.0,6598,298.70,12.19
1777732183,llama3.1:8b,49.0,6596,288.45,12.21
1777732235,llama3.1:8b,47.0,6602,289.07,12.26
1777732291,llama3.1:8b,51.0,6599,291.48,12.33
1777732342,llama3.1:8b,49.0,6602,298.00,12.28
1777732391,llama3.1:8b,46.0,6596,290.42,12.23
1777732443,llama3.1:8b,52.0,6591,294.64,12.39
1777732488,llama3.1:8b,49.0,6595,293.48,12.22
1777732535,llama3.1:8b,51.0,6597,296.25,12.18
1777732586,llama3.1:8b,49.0,6592,297.33,12.17
1777732642,llama3.1:8b,49.0,6594,295.57,12.24
1777732694,llama3.1:8b,51.0,6599,285.22,12.29
1777732740,llama3.1:8b,48.0,6587,292.60,12.27
1777732788,llama3.1:8b,49.0,6572,293.77,12.29
1777732829,llama3.1:8b,45.0,6584,288.47,12.22
1777732878,llama3.1:8b,49.0,6590,299.42,12.14
1777732936,llama3.1:8b,51.0,6586,285.71,12.18
1777732993,llama3.1:8b,51.0,6595,291.38,12.26
1777733039,llama3.1:8b,51.0,6595,294.28,12.18
1777733090,llama3.1:8b,49.0,6593,295.10,12.24
1777733137,llama3.1:8b,51.0,6595,295.01,12.23
1777733191,llama3.1:8b,51.0,6594,288.72,12.27
1777733245,llama3.1:8b,49.0,6596,291.06,12.21
1777733300,llama3.1:8b,49.0,6593,303.98,12.48
1777733350,llama3.1:8b,49.0,6592,304.14,12.25
1777733405,llama3.1:8b,48.0,6604,291.46,12.42
1777733441,llama3.1:8b,49.0,6596,288.83,12.38
1777733492,llama3.1:8b,51.0,6588,285.52,12.26
1777733548,llama3.1:8b,49.0,6598,289.29,12.28
1777733593,llama3.1:8b,49.0,6607,296.01,12.19
1777733650,llama3.1:8b,49.0,6591,295.70,12.25
1777733696,llama3.1:8b,51.0,6603,290.63,12.33
1777733741,llama3.1:8b,51.0,6605,286.46,12.38
1777733784,llama3.1:8b,48.0,6604,298.02,12.30
1777733834,llama3.1:8b,46.0,6604,295.86,12.23
1777733886,llama3.1:8b,49.0,6606,287.41,12.26
1777733929,llama3.1:8b,51.0,6598,292.91,12.29
1777733973,llama3.1:8b,49.0,6604,286.76,12.16
1777734036,llama3.1:8b,45.0,6625,291.02,12.20
1777734085,llama3.1:8b,48.0,6600,293.18,12.31
1777734125,llama3.1:8b,46.0,6601,294.57,12.21
1777734175,llama3.1:8b,49.0,6604,296.28,12.18
1777734232,llama3.1:8b,51.0,6605,298.53,12.21
1777734282,llama3.1:8b,48.0,6605,291.66,12.15
1777734337,llama3.1:8b,49.0,6608,290.74,12.23
1777734392,llama3.1:8b,52.0,6605,297.23,12.27
1777734436,llama3.1:8b,49.0,6601,296.01,12.29
1777734480,llama3.1:8b,48.0,6582,285.52,12.15
1777734537,llama3.1:8b,48.0,6597,295.63,12.11
1777734598,llama3.1:8b,48.0,6599,295.32,12.27
1777734645,llama3.1:8b,49.0,6596,293.48,12.28
1777734702,llama3.1:8b,51.0,6600,300.25,12.20
1777734758,llama3.1:8b,49.0,6602,297.31,12.18
1777734813,llama3.1:8b,49.0,6604,280.51,12.19
1777734872,llama3.1:8b,49.0,6596,298.72,12.24
1777734917,llama3.1:8b,44.0,6612,297.41,12.17
1777734971,llama3.1:8b,51.0,6599,284.26,12.19
1777735027,llama3.1:8b,48.0,6601,281.21,12.24
1777735071,llama3.1:8b,51.0,6585,294.45,12.27
1777735125,llama3.1:8b,51.0,6591,294.17,12.20
1777735178,llama3.1:8b,49.0,6582,286.78,12.14
1777735237,llama3.1:8b,49.0,6587,289.84,12.23
1777735289,llama3.1:8b,49.0,6592,288.72,12.32
1777735330,llama3.1:8b,49.0,6586,284.38,12.24
1777735375,llama3.1:8b,48.0,6588,300.22,12.20
1777735432,llama3.1:8b,49.0,6589,291.83,12.14
1777735491,llama3.1:8b,52.0,6587,295.44,12.26
1777735540,llama3.1:8b,51.0,6590,302.70,12.32
1777735586,llama3.1:8b,49.0,6587,296.69,12.32
1777735630,llama3.1:8b,51.0,6596,291.46,12.24
1777735678,llama3.1:8b,49.0,6593,287.47,12.33
1777735728,llama3.1:8b,51.0,6600,288.74,12.22
1777735781,llama3.1:8b,51.0,6587,295.38,12.21
1777735845,llama3.1:8b,51.0,6592,299.29,12.38
1777735890,llama3.1:8b,51.0,6600,293.49,12.21
1777735944,llama3.1:8b,45.0,6593,284.75,12.22
1777736003,llama3.1:8b,49.0,6607,291.92,12.20
1777736062,llama3.1:8b,51.0,6583,297.77,12.21
1777736116,llama3.1:8b,48.0,6596,301.51,12.26
1777736167,llama3.1:8b,51.0,6605,272.02,12.29
1777736218,llama3.1:8b,48.0,6581,294.44,12.27
1777736277,llama3.1:8b,45.0,6582,285.28,12.42
1777736324,llama3.1:8b,51.0,6579,292.82,12.47
1777736364,llama3.1:8b,49.0,6589,304.29,12.37
1777736414,llama3.1:8b,52.0,6578,298.02,12.25
1777736467,llama3.1:8b,49.0,6594,300.90,12.36
1777736513,llama3.1:8b,51.0,6586,287.03,12.25
1777736567,llama3.1:8b,49.0,6593,290.13,12.28
1777736629,llama3.1:8b,52.0,6591,298.45,12.24
1777736686,llama3.1:8b,51.0,6587,284.24,12.32
1777736736,llama3.1:8b,49.0,6594,298.75,12.27
1777736789,llama3.1:8b,49.0,6604,284.61,12.27
1777736835,llama3.1:8b,45.0,6606,282.88,12.25
1777736892,llama3.1:8b,49.0,6603,286.13,12.40
1777736935,llama3.1:8b,49.0,6611,283.94,12.38
1777736979,llama3.1:8b,51.0,6603,293.79,12.45
1777737022,llama3.1:8b,44.0,6604,290.92,12.18
1777737080,llama3.1:8b,49.0,6599,294.78,12.30
1777737131,llama3.1:8b,51.0,6600,286.80,12.28
1777737176,llama3.1:8b,48.0,6602,288.58,12.10
1777737240,llama3.1:8b,49.0,6609,286.79,12.12
1777737300,llama3.1:8b,50.0,6611,299.50,12.28
1777737343,llama3.1:8b,49.0,6616,294.61,12.07
1777737407,llama3.1:8b,48.0,6613,300.96,12.48
1777737443,llama3.1:8b,45.0,6614,294.35,12.35
1777737486,llama3.1:8b,51.0,6598,290.95,12.17
1777737546,llama3.1:8b,51.0,6602,293.03,12.17
1777737602,llama3.1:8b,46.0,6593,294.38,12.32
1777737648,llama3.1:8b,51.0,6595,297.97,12.18
1777737703,llama3.1:8b,48.0,6591,303.42,12.24
1777737748,llama3.1:8b,51.0,6599,289.40,12.26
1777737792,llama3.1:8b,49.0,6600,281.84,12.18
1777737852,llama3.1:8b,49.0,6609,299.98,12.20
1777737899,llama3.1:8b,51.0,6589,285.79,12.20
1777737957,llama3.1:8b,51.0,6597,276.23,12.25
1777738007,llama3.1:8b,46.0,6585,292.56,12.35
1777738054,llama3.1:8b,52.0,6583,293.99,12.22
1777738110,llama3.1:8b,49.0,6586,297.00,12.19
1777738161,llama3.1:8b,51.0,6586,291.65,12.26
1777738208,llama3.1:8b,51.0,6584,294.21,12.19
1777738263,llama3.1:8b,49.0,6594,282.55,12.41
1777738305,llama3.1:8b,46.0,6589,286.65,12.29
1777738349,llama3.1:8b,49.0,6590,297.06,12.24
1777738400,llama3.1:8b,49.0,6590,291.69,12.33
1777738455,llama3.1:8b,52.0,6593,288.20,12.19
1777738509,llama3.1:8b,51.0,6593,287.49,12.25
1777738559,llama3.1:8b,51.0,6594,301.04,12.33
1777738608,llama3.1:8b,51.0,6589,292.50,12.26
1777738656,llama3.1:8b,49.0,6586,297.34,12.24
1777738703,llama3.1:8b,50.0,6607,293.94,12.22
1777738760,llama3.1:8b,49.0,6590,299.84,12.31
1777738803,llama3.1:8b,51.0,6596,291.55,12.14
1777738866,llama3.1:8b,51.0,6593,270.93,12.40
1777738908,llama3.1:8b,51.0,6593,297.38,12.29
1777738960,llama3.1:8b,45.0,6599,294.76,12.29
1777739008,llama3.1:8b,49.0,6594,295.09,12.28
1777739049,llama3.1:8b,48.0,6597,291.21,12.23
1777739105,llama3.1:8b,51.0,6595,300.35,12.32
1777739149,llama3.1:8b,44.0,6596,301.23,12.16
1777739203,llama3.1:8b,52.0,6597,294.63,12.05
1777739278,llama3.1:8b,51.0,6596,294.56,12.37
1777739319,llama3.1:8b,51.0,6598,298.53,12.32
1777739370,llama3.1:8b,51.0,6595,287.27,12.31
1777739422,llama3.1:8b,51.0,6592,283.87,12.18
1777739480,llama3.1:8b,49.0,6595,294.78,12.24
1777739531,llama3.1:8b,49.0,6593,287.75,12.20
1777739588,llama3.1:8b,49.0,6591,285.52,12.18
1777739641,llama3.1:8b,45.0,6591,293.13,12.17
1777739692,llama3.1:8b,48.0,6592,292.53,12.37
1777739746,llama3.1:8b,49.0,6595,292.72,12.32
1777739790,llama3.1:8b,45.0,6600,297.77,12.31
1777739839,llama3.1:8b,49.0,6604,290.70,12.32
1777739882,llama3.1:8b,49.0,6601,294.76,12.25
1777739934,llama3.1:8b,49.0,6601,289.18,12.20
1777739988,llama3.1:8b,48.0,6592,293.16,12.23
1777740047,llama3.1:8b,49.0,6607,287.95,12.22
1777740099,llama3.1:8b,48.0,6604,285.84,12.23
1777740144,llama3.1:8b,44.0,6602,292.25,12.27
1777740189,llama3.1:8b,45.0,6601,286.34,12.22
1777740242,llama3.1:8b,51.0,6595,288.84,12.22
1777740289,llama3.1:8b,49.0,6591,304.43,12.24
1777740334,llama3.1:8b,46.0,6594,289.23,12.31
1777740383,llama3.1:8b,49.0,6582,287.60,12.18
1777740438,llama3.1:8b,49.0,6598,302.93,12.21
1777740488,llama3.1:8b,49.0,6593,293.73,12.21
1777740541,llama3.1:8b,48.0,6603,290.47,12.20
1777740593,llama3.1:8b,45.0,6596,299.65,12.18
1777740648,llama3.1:8b,45.0,6594,299.64,12.22
1777740705,llama3.1:8b,51.0,6601,295.42,12.19
1777740759,llama3.1:8b,52.0,6603,296.03,12.37
1777740802,llama3.1:8b,51.0,6605,281.37,12.24
1777740848,llama3.1:8b,49.0,6609,290.98,12.16
1777740904,llama3.1:8b,47.0,6603,286.79,12.17
1777740958,llama3.1:8b,51.0,6611,304.89,12.23
1777741008,llama3.1:8b,51.0,6615,300.00,12.30
1777741060,llama3.1:8b,49.0,6610,290.11,12.33
1777741107,llama3.1:8b,49.0,6599,284.32,12.26
1777741155,llama3.1:8b,49.0,6597,296.54,12.18
1777741215,llama3.1:8b,49.0,6606,298.76,12.25
1777741264,llama3.1:8b,49.0,6640,292.99,12.33
1777741313,llama3.1:8b,51.0,6644,297.07,12.21
1777741363,llama3.1:8b,51.0,6610,301.20,12.32
1777741407,llama3.1:8b,49.0,6619,290.48,12.26
1777741462,llama3.1:8b,49.0,6610,303.98,12.34
1777741502,llama3.1:8b,44.0,6599,288.73,12.17
1777741557,llama3.1:8b,48.0,6600,294.69,12.20
1777741617,llama3.1:8b,49.0,6602,284.08,12.33
1777741655,llama3.1:8b,48.0,6602,300.02,12.31
1777741697,llama3.1:8b,49.0,6609,297.47,12.20
1777741755,llama3.1:8b,51.0,6620,302.85,12.19
1777741808,llama3.1:8b,48.0,6603,293.46,12.28
1777741853,llama3.1:8b,48.0,6611,293.24,12.19
1777741904,llama3.1:8b,51.0,6612,288.15,12.28
1777741958,llama3.1:8b,49.0,6607,294.67,12.24
1777742008,llama3.1:8b,48.0,6608,297.22,12.28
1777742056,llama3.1:8b,49.0,6606,287.15,12.13
1777742116,llama3.1:8b,47.0,6612,299.71,12.24
1777742165,llama3.1:8b,47.0,6603,293.67,12.23
1777742215,llama3.1:8b,49.0,6607,291.28,12.24
1777742266,llama3.1:8b,48.0,6606,284.92,12.21
1777742318,llama3.1:8b,52.0,6611,293.74,12.34
1777742374,llama3.1:8b,49.0,6593,290.66,12.27
1777742420,llama3.1:8b,47.0,6596,301.14,12.28
1777742465,llama3.1:8b,49.0,6596,295.84,12.15
1777742521,llama3.1:8b,49.0,6591,289.77,12.20
1777742577,llama3.1:8b,49.0,6599,295.31,12.21
1777742628,llama3.1:8b,48.0,6608,289.61,12.23
1777742675,llama3.1:8b,49.0,6607,291.03,12.30
1777742729,llama3.1:8b,51.0,6614,294.73,12.28
1777742787,llama3.1:8b,48.0,6606,268.16,12.20
1777742843,llama3.1:8b,48.0,6599,289.68,12.27
1777742893,llama3.1:8b,51.0,6606,302.76,12.20
1777742942,llama3.1:8b,49.0,6598,297.00,12.24
1777742990,llama3.1:8b,49.0,6590,294.84,12.50
1777743036,llama3.1:8b,51.0,6594,286.68,12.37
1777743091,llama3.1:8b,51.0,6599,283.56,12.27
1777743145,llama3.1:8b,51.0,6593,299.49,12.26
1777743195,llama3.1:8b,51.0,6587,279.56,12.18
1777743253,llama3.1:8b,49.0,6596,281.79,12.28
1777743298,llama3.1:8b,48.0,6581,292.46,12.40
1777743341,llama3.1:8b,46.0,6593,292.27,12.37
1777743394,llama3.1:8b,49.0,6601,286.61,12.18
1777743450,llama3.1:8b,48.0,6604,298.68,12.39
1777743491,llama3.1:8b,49.0,6596,292.71,12.24
1777743543,llama3.1:8b,51.0,6597,293.33,12.20
1777743594,llama3.1:8b,49.0,6606,285.32,12.13
1777743654,llama3.1:8b,49.0,6600,298.86,12.22
1777743703,llama3.1:8b,49.0,6611,295.27,12.25
1777743752,llama3.1:8b,49.0,6610,295.77,12.17
1777743810,llama3.1:8b,49.0,6609,299.95,12.34
1777743857,llama3.1:8b,51.0,6597,293.48,12.08
1777743922,llama3.1:8b,51.0,6599,290.63,12.14
1777743984,llama3.1:8b,48.0,6597,299.25,12.18
1777744037,llama3.1:8b,49.0,6587,296.38,12.05
1777744103,llama3.1:8b,49.0,6599,284.27,12.18
1777744159,llama3.1:8b,49.0,6591,279.85,12.26
1777744210,llama3.1:8b,48.0,6599,294.99,12.30
1777744264,llama3.1:8b,49.0,6598,296.86,12.39
1777744314,llama3.1:8b,49.0,6596,299.26,12.42
1777744361,llama3.1:8b,45.0,6600,304.03,12.22
1777744419,llama3.1:8b,49.0,6603,297.82,12.28
1777744477,llama3.1:8b,45.0,6605,297.03,12.24
1777744522,llama3.1:8b,49.0,6590,275.79,12.23
1777744577,llama3.1:8b,52.0,6591,302.98,12.42
1777744618,llama3.1:8b,49.0,6592,297.42,12.30
1777744668,llama3.1:8b,49.0,6589,300.52,12.19
1777744720,llama3.1:8b,52.0,6590,293.60,12.25
1777744767,llama3.1:8b,45.0,6604,303.97,12.39
1777744807,llama3.1:8b,51.0,6588,285.21,12.38
1777744844,llama3.1:8b,51.0,6594,295.31,12.27
1777744887,llama3.1:8b,48.0,6598,294.94,12.21
1777744943,llama3.1:8b,49.0,6594,300.50,12.22
1777744997,llama3.1:8b,49.0,6593,299.41,12.16
1777745056,llama3.1:8b,48.0,6606,283.54,12.27
1777745109,llama3.1:8b,50.0,6590,294.80,12.26
1777745153,llama3.1:8b,47.0,6607,288.81,12.30
1777745201,llama3.1:8b,51.0,6602,299.67,12.15
1777745258,llama3.1:8b,48.0,6594,293.20,12.19
1777745313,llama3.1:8b,46.0,6600,295.91,12.16
1777745367,llama3.1:8b,49.0,6594,283.49,12.21
1777745416,llama3.1:8b,44.0,6599,304.59,12.23
1777745473,llama3.1:8b,48.0,6601,297.02,12.33
1777745520,llama3.1:8b,49.0,6608,298.73,12.30
1777745573,llama3.1:8b,49.0,6600,291.42,12.31
1777745621,llama3.1:8b,45.0,6607,292.43,12.16
1777745676,llama3.1:8b,48.0,6599,294.09,12.04
1777745745,llama3.1:8b,49.0,6609,300.06,12.40
1777745793,llama3.1:8b,52.0,6602,302.86,12.52
1777745835,llama3.1:8b,49.0,6602,294.35,12.29
1777745890,llama3.1:8b,51.0,6591,282.70,12.46
1777745922,llama3.1:8b,49.0,6595,298.35,12.29
1777745983,llama3.1:8b,49.0,6599,288.71,12.22
1777746044,llama3.1:8b,48.0,6590,287.64,12.29
1777746090,llama3.1:8b,49.0,6590,298.55,12.31
1777746133,llama3.1:8b,49.0,6599,287.48,12.16
1777746190,llama3.1:8b,51.0,6600,299.10,12.18
1777746246,llama3.1:8b,49.0,6607,285.82,12.31
1777746284,llama3.1:8b,49.0,6605,289.44,12.22
1777746335,llama3.1:8b,48.0,6596,292.85,12.23
1777746384,llama3.1:8b,48.0,6600,299.88,12.14
1777746450,llama3.1:8b,49.0,6596,299.75,12.43
1777746493,llama3.1:8b,49.0,6600,292.86,12.24
1777746543,llama3.1:8b,48.0,6595,290.70,12.27
1777746587,llama3.1:8b,49.0,6605,293.75,12.26
1777746639,llama3.1:8b,48.0,6604,291.54,12.28
1777746690,llama3.1:8b,48.0,6608,286.77,12.39
1777746736,llama3.1:8b,48.0,6602,296.92,12.27
1777746780,llama3.1:8b,52.0,6596,287.57,12.28
1777746826,llama3.1:8b,49.0,6590,303.02,12.23
1777746879,llama3.1:8b,49.0,6599,281.01,12.07
1777746947,llama3.1:8b,49.0,6599,288.63,12.19
1777747004,llama3.1:8b,50.0,6595,295.94,12.22
1777747055,llama3.1:8b,45.0,6591,285.99,12.14
1777747117,llama3.1:8b,45.0,6599,291.01,12.32
1777747166,llama3.1:8b,49.0,6601,287.92,12.28
1777747214,llama3.1:8b,49.0,6603,302.20,12.21
1777747262,llama3.1:8b,49.0,6602,293.15,12.17
1777747321,llama3.1:8b,49.0,6602,293.09,12.15
1777747378,llama3.1:8b,49.0,6591,288.30,12.21
1777747426,llama3.1:8b,48.0,6609,293.50,12.23
1777747479,llama3.1:8b,47.0,6602,298.54,12.28
1777747523,llama3.1:8b,51.0,6602,287.80,12.25
1777747569,llama3.1:8b,48.0,6600,279.90,12.19
1777747618,llama3.1:8b,48.0,6603,295.02,12.41
1777747656,llama3.1:8b,49.0,6597,277.44,12.24
1777747710,llama3.1:8b,45.0,6603,287.86,12.26
1777747758,llama3.1:8b,51.0,6594,297.55,12.20
1777747812,llama3.1:8b,49.0,6597,300.89,12.20
1777747869,llama3.1:8b,49.0,6592,286.97,12.12
1777747930,llama3.1:8b,45.0,6588,294.16,12.06
1777747999,llama3.1:8b,52.0,6595,296.56,12.25
1777748052,llama3.1:8b,48.0,6605,288.73,12.32
1777748092,llama3.1:8b,51.0,6589,282.49,12.15
1777748149,llama3.1:8b,51.0,6593,296.38,12.35
1777748186,llama3.1:8b,49.0,6603,292.42,12.37
1777748234,llama3.1:8b,46.0,6602,296.19,12.24
1777748292,llama3.1:8b,49.0,6597,285.16,12.17
1777748349,llama3.1:8b,49.0,6600,282.58,12.19
1777748405,llama3.1:8b,48.0,6595,288.17,12.22
1777748460,llama3.1:8b,48.0,6611,288.66,12.30
1777748500,llama3.1:8b,47.0,6625,299.95,12.34
1777748552,llama3.1:8b,45.0,6602,299.83,12.25
1777748607,llama3.1:8b,51.0,6604,298.42,12.25
1777748657,llama3.1:8b,49.0,6600,289.94,12.13
1777748720,llama3.1:8b,49.0,6590,293.32,12.15
1777748777,llama3.1:8b,49.0,6609,295.94,12.15
1777748831,llama3.1:8b,44.0,6591,297.93,12.14
1777748889,llama3.1:8b,48.0,6596,302.78,12.16
1777748954,llama3.1:8b,49.0,6597,295.39,12.17
1777749013,llama3.1:8b,51.0,6598,294.97,12.31
1777749055,llama3.1:8b,48.0,6593,292.80,12.31
1777749097,llama3.1:8b,51.0,6600,294.07,12.16
1777749153,llama3.1:8b,48.0,6594,299.06,12.27
1777749204,llama3.1:8b,51.0,6609,281.33,12.22
1777749259,llama3.1:8b,48.0,6601,289.38,12.09
1777749322,llama3.1:8b,49.0,6604,294.53,12.18
1777749375,llama3.1:8b,49.0,6605,300.24,12.19
1777749427,llama3.1:8b,47.0,6601,294.40,12.25
1777749475,llama3.1:8b,48.0,6601,299.64,12.19
1777749522,llama3.1:8b,49.0,6599,300.51,12.27
1777749572,llama3.1:8b,48.0,6605,304.34,12.28
1777749622,llama3.1:8b,48.0,6596,299.23,12.23
1777749675,llama3.1:8b,51.0,6601,305.01,12.14
1777749731,llama3.1:8b,45.0,6603,290.76,12.21
1777749784,llama3.1:8b,49.0,6604,298.89,12.38
1777749828,llama3.1:8b,49.0,6610,291.24,12.15
1777749893,llama3.1:8b,48.0,6614,295.60,12.30
1777749938,llama3.1:8b,52.0,6602,299.70,12.25
1777749990,llama3.1:8b,51.0,6612,279.06,12.27
1777750033,llama3.1:8b,48.0,6617,291.76,12.27
1777750090,llama3.1:8b,47.0,6610,291.26,12.18
1777750149,llama3.1:8b,49.0,6612,293.57,12.30
1777750203,llama3.1:8b,45.0,6610,292.41,12.35
1777750261,llama3.1:8b,49.0,6596,302.07,12.22
1777750311,llama3.1:8b,49.0,6601,290.35,12.13
1777750370,llama3.1:8b,49.0,6598,295.78,12.19
1777750424,llama3.1:8b,48.0,6602,300.12,12.24
1777750480,llama3.1:8b,49.0,6599,290.42,12.30
1777750534,llama3.1:8b,51.0,6603,286.21,12.34
1777750576,llama3.1:8b,48.0,6607,299.68,12.22
1777750628,llama3.1:8b,49.0,6601,293.39,12.15
1777750688,llama3.1:8b,48.0,6591,281.85,12.32
1777750731,llama3.1:8b,49.0,6594,296.41,12.12
1777750789,llama3.1:8b,47.0,6605,287.60,12.28
1777750834,llama3.1:8b,47.0,6601,285.57,12.28
1777750877,llama3.1:8b,48.0,6592,297.99,12.43
1777750920,llama3.1:8b,49.0,6603,294.03,12.42
1777750966,llama3.1:8b,49.0,6602,280.66,12.25
1777751018,llama3.1:8b,51.0,6601,296.39,12.47
1777751060,llama3.1:8b,48.0,6610,296.61,12.21
1777751117,llama3.1:8b,48.0,6611,282.25,12.16
1777751174,llama3.1:8b,45.0,6610,290.17,12.25
1777751224,llama3.1:8b,49.0,6608,275.29,12.29
1777751273,llama3.1:8b,49.0,6603,295.85,12.30
1777751326,llama3.1:8b,51.0,6610,292.78,12.25
1777751377,llama3.1:8b,49.0,6604,290.75,12.18
1777751433,llama3.1:8b,49.0,6609,298.49,12.21
1777751486,llama3.1:8b,49.0,6611,288.47,12.18
1777751543,llama3.1:8b,51.0,6609,286.16,12.20
1777751597,llama3.1:8b,49.0,6609,299.60,12.30
1777751638,llama3.1:8b,47.0,6606,293.35,12.28
1777751681,llama3.1:8b,49.0,6596,300.04,12.41
1777751721,llama3.1:8b,49.0,6605,305.14,12.40
1777751769,llama3.1:8b,49.0,6608,302.04,12.19
1777751823,llama3.1:8b,48.0,6610,289.45,12.22
1777751880,llama3.1:8b,49.0,6605,299.54,12.18
1777751939,llama3.1:8b,51.0,6610,288.87,12.21
1777751992,llama3.1:8b,48.0,6608,287.05,12.30
1777752036,llama3.1:8b,48.0,6607,296.84,12.29
1777752081,llama3.1:8b,49.0,6608,300.13,12.22
1777752134,llama3.1:8b,49.0,6606,286.88,12.27
1777752184,llama3.1:8b,49.0,6591,294.54,12.32
1777752226,llama3.1:8b,49.0,6601,292.53,12.27
1777752273,llama3.1:8b,51.0,6588,286.94,12.21
1777752329,llama3.1:8b,49.0,6601,288.34,12.20
1777752385,llama3.1:8b,49.0,6599,285.36,12.16
1777752440,llama3.1:8b,48.0,6594,294.41,12.23
1777752489,llama3.1:8b,48.0,6594,296.21,12.29
1777752532,llama3.1:8b,48.0,6596,295.78,12.34
1777752583,llama3.1:8b,45.0,6598,290.60,12.23
1777752636,llama3.1:8b,49.0,6597,291.81,12.26
1777752687,llama3.1:8b,51.0,6598,302.62,12.24
1777752741,llama3.1:8b,47.0,6587,298.57,12.15
1777752797,llama3.1:8b,49.0,6598,290.71,12.25
1777752843,llama3.1:8b,50.0,6611,295.33,12.21
1777752893,llama3.1:8b,49.0,6600,295.40,12.44
1777752935,llama3.1:8b,51.0,6597,301.48,12.34
1777752987,llama3.1:8b,49.0,6603,284.16,12.20
1777753037,llama3.1:8b,49.0,6591,292.23,12.28
1777753084,llama3.1:8b,49.0,6605,297.92,12.19
1777753138,llama3.1:8b,49.0,6606,296.32,12.21
1777753187,llama3.1:8b,49.0,6602,299.66,12.20
1777753236,llama3.1:8b,49.0,6603,303.36,12.23
1777753289,llama3.1:8b,49.0,6602,286.32,12.24
1777753334,llama3.1:8b,48.0,6605,293.95,12.22
1777753386,llama3.1:8b,48.0,6598,294.64,12.23
1777753437,llama3.1:8b,48.0,6612,291.09,12.25
1777753482,llama3.1:8b,48.0,6602,291.18,12.23
1777753535,llama3.1:8b,45.0,6605,290.90,12.37
1777753579,llama3.1:8b,49.0,6609,292.21,12.21
1777753629,llama3.1:8b,48.0,6590,287.74,12.29
1777753674,llama3.1:8b,49.0,6592,298.35,12.28
1777753731,llama3.1:8b,49.0,6597,292.76,12.28
1777753778,llama3.1:8b,49.0,6605,290.62,12.16
1777753834,llama3.1:8b,49.0,6596,287.03,12.21
1777753885,llama3.1:8b,48.0,6609,280.64,12.41
1777753934,llama3.1:8b,49.0,6605,290.82,12.17
1777753987,llama3.1:8b,45.0,6613,286.69,12.27
1777754032,llama3.1:8b,49.0,6615,303.30,12.31
1777754092,llama3.1:8b,49.0,6611,294.66,12.25
1777754146,llama3.1:8b,48.0,6604,289.64,12.30
1777754191,llama3.1:8b,49.0,6604,292.24,12.25
1777754241,llama3.1:8b,48.0,6594,281.12,12.24
1777754292,llama3.1:8b,49.0,6607,293.37,12.21
1777754343,llama3.1:8b,49.0,6609,299.21,12.28
1777754391,llama3.1:8b,48.0,6608,297.47,12.25
1777754450,llama3.1:8b,51.0,6606,303.37,12.37
1777754491,llama3.1:8b,48.0,6608,285.52,12.21
1777754540,llama3.1:8b,48.0,6610,295.60,12.31
1777754587,llama3.1:8b,48.0,6596,285.02,12.17
1777754649,llama3.1:8b,48.0,6597,301.89,12.19
1777754704,llama3.1:8b,49.0,6603,300.73,12.25
1777754752,llama3.1:8b,48.0,6593,298.60,12.28
1777754803,llama3.1:8b,51.0,6598,288.58,12.29
1777754853,llama3.1:8b,51.0,6594,298.68,12.46
1777754901,llama3.1:8b,49.0,6597,293.83,12.33
1777754948,llama3.1:8b,51.0,6604,294.80,12.33
1777754993,llama3.1:8b,46.0,6594,305.51,12.41
1777755033,llama3.1:8b,45.0,6588,286.41,12.26
1777755089,llama3.1:8b,49.0,6604,289.86,12.33
1777755135,llama3.1:8b,48.0,6608,286.26,12.33
1777755181,llama3.1:8b,49.0,6603,284.31,12.37
1777755222,llama3.1:8b,44.0,6593,293.72,12.20
1777755276,llama3.1:8b,45.0,6607,294.00,12.35
1777755323,llama3.1:8b,51.0,6608,303.57,12.37
1777755367,llama3.1:8b,49.0,6597,284.89,12.22
1777755419,llama3.1:8b,51.0,6600,295.14,12.23
1777755472,llama3.1:8b,51.0,6603,291.08,12.19
1777755526,llama3.1:8b,49.0,6608,290.02,12.34
1777755574,llama3.1:8b,45.0,6614,299.77,12.30
1777755620,llama3.1:8b,47.0,6629,285.90,12.29
1777755670,llama3.1:8b,48.0,6621,287.00,12.31
1777755716,llama3.1:8b,49.0,6629,303.40,12.32
1777755754,llama3.1:8b,47.0,6600,293.79,12.21
1777755814,llama3.1:8b,49.0,6607,294.31,12.18
1777755874,llama3.1:8b,49.0,6612,292.17,12.32
1777755917,llama3.1:8b,48.0,6615,294.39,12.32
1777755964,llama3.1:8b,49.0,6620,289.18,12.25
1777756013,llama3.1:8b,49.0,6607,293.62,12.21
1777756064,llama3.1:8b,49.0,6605,300.63,12.25
1777756114,llama3.1:8b,49.0,6602,297.13,12.15
1777756179,llama3.1:8b,45.0,6614,287.97,12.19
1777756233,llama3.1:8b,49.0,6615,283.27,12.12
1777756297,llama3.1:8b,49.0,6620,291.40,12.21
1777756356,llama3.1:8b,48.0,6617,297.67,12.21
1777756408,llama3.1:8b,49.0,6610,294.49,12.18
1777756466,llama3.1:8b,49.0,6603,296.52,12.16
1777756524,llama3.1:8b,48.0,6615,287.90,12.27
1777756567,llama3.1:8b,49.0,6613,295.51,12.14
1777756621,llama3.1:8b,49.0,6614,291.81,12.32
1777756669,llama3.1:8b,52.0,6611,291.18,12.32
1777756716,llama3.1:8b,44.0,6610,295.16,12.24
1777756764,llama3.1:8b,48.0,6615,284.14,12.23
1777756815,llama3.1:8b,48.0,6619,295.54,12.18
1777756873,llama3.1:8b,48.0,6620,301.63,12.38
1777756915,llama3.1:8b,48.0,6609,293.17,12.18
1777756967,llama3.1:8b,49.0,6605,295.95,12.19
1777757021,llama3.1:8b,44.0,6609,291.73,12.14
1777757079,llama3.1:8b,49.0,6607,298.84,12.12
1777757139,llama3.1:8b,48.0,6599,300.04,12.33
1777757185,llama3.1:8b,49.0,6606,296.99,12.17
1777757237,llama3.1:8b,52.0,6604,290.52,12.14
1777757299,llama3.1:8b,49.0,6603,296.39,12.24
1777757346,llama3.1:8b,48.0,6612,295.05,12.22
1777757397,llama3.1:8b,49.0,6611,296.95,12.19
1777757453,llama3.1:8b,48.0,6602,287.02,12.19
1777757505,llama3.1:8b,48.0,6609,296.51,12.29
1777757561,llama3.1:8b,49.0,6616,300.61,12.30
1777757612,llama3.1:8b,46.0,6613,283.62,12.28
1777757660,llama3.1:8b,48.0,6615,294.70,12.26
1777757704,llama3.1:8b,49.0,6615,287.43,12.36
1777757758,llama3.1:8b,51.0,6610,298.28,12.17
1777757817,llama3.1:8b,49.0,6614,287.70,12.24
1777757868,llama3.1:8b,48.0,6609,282.73,12.32
1777757915,llama3.1:8b,49.0,6610,299.87,12.58
1777757959,llama3.1:8b,49.0,6612,292.11,12.34
1777758010,llama3.1:8b,49.0,6615,295.01,12.39
1777758059,llama3.1:8b,49.0,6608,294.43,12.31
1777758108,llama3.1:8b,49.0,6608,294.38,12.18
1777758164,llama3.1:8b,49.0,6599,295.69,12.31
1777758197,llama3.1:8b,48.0,6611,295.34,12.28
1777758240,llama3.1:8b,48.0,6605,292.71,12.24
1777758295,llama3.1:8b,48.0,6597,299.25,12.27
1777758345,llama3.1:8b,49.0,6602,294.46,12.30
1777758386,llama3.1:8b,48.0,6609,278.10,12.12
1777758442,llama3.1:8b,51.0,6604,293.23,12.26
1777758491,llama3.1:8b,44.0,6606,296.01,12.15
1777758548,llama3.1:8b,49.0,6605,296.41,12.18
1777758601,llama3.1:8b,49.0,6604,277.22,12.15
1777758654,llama3.1:8b,49.0,6607,296.91,12.21
1777758707,llama3.1:8b,45.0,6600,300.52,12.05
1777758775,llama3.1:8b,45.0,6588,292.16,12.22
1777758822,llama3.1:8b,51.0,6611,298.18,12.12
1777758882,llama3.1:8b,48.0,6598,282.95,12.33
1777758929,llama3.1:8b,49.0,6614,299.94,12.26
1777758983,llama3.1:8b,48.0,6612,295.40,12.26
1777759037,llama3.1:8b,48.0,6607,286.84,12.21
1777759095,llama3.1:8b,49.0,6600,306.60,12.22
1777759149,llama3.1:8b,48.0,6608,296.76,12.36
1777759198,llama3.1:8b,49.0,6613,290.80,12.28
1777759244,llama3.1:8b,49.0,6607,298.82,12.22
1777759291,llama3.1:8b,49.0,6612,295.50,12.32
1777759331,llama3.1:8b,49.0,6617,294.90,12.29
1777759376,llama3.1:8b,49.0,6616,279.54,12.18
1777759429,llama3.1:8b,47.0,6620,295.30,12.15
1777759485,llama3.1:8b,48.0,6602,300.36,12.22
1777759548,llama3.1:8b,46.0,6612,296.63,12.43
1777759591,llama3.1:8b,49.0,6608,283.13,12.24
1777759638,llama3.1:8b,48.0,6608,292.18,12.25
1777759688,llama3.1:8b,48.0,6609,289.02,12.32
1777759736,llama3.1:8b,49.0,6611,292.64,12.26
1777759795,llama3.1:8b,46.0,6610,291.84,12.35
1777759842,llama3.1:8b,49.0,6618,293.67,12.25
1777759891,llama3.1:8b,48.0,6609,298.89,12.17
1777759951,llama3.1:8b,49.0,6609,289.29,12.29
1777760001,llama3.1:8b,49.0,6601,293.39,12.25
1777760052,llama3.1:8b,48.0,6611,295.36,12.23
1777760109,llama3.1:8b,48.0,6612,282.80,12.12
1777760171,llama3.1:8b,49.0,6606,287.65,12.18
1777760227,llama3.1:8b,49.0,6608,303.93,12.30
1777760283,llama3.1:8b,49.0,6605,299.28,12.26
1777760331,llama3.1:8b,49.0,6606,290.72,12.19
1777760389,llama3.1:8b,48.0,6605,298.06,12.29
1777760438,llama3.1:8b,49.0,6587,296.85,12.24
1777760486,llama3.1:8b,51.0,6592,298.06,12.22
1777760539,llama3.1:8b,52.0,6597,296.34,12.21
1777760588,llama3.1:8b,49.0,6594,300.22,12.22
1777760638,llama3.1:8b,48.0,6603,285.70,12.27
1777760687,llama3.1:8b,44.0,6595,288.46,12.19
1777760739,llama3.1:8b,49.0,6606,294.04,12.21
1777760793,llama3.1:8b,49.0,6599,297.73,12.15
1777760848,llama3.1:8b,49.0,6600,287.91,12.17
1777760905,llama3.1:8b,45.0,6603,304.89,12.21
1777760955,llama3.1:8b,49.0,6603,297.27,12.22
1777761005,llama3.1:8b,49.0,6599,285.87,12.26
1777761053,llama3.1:8b,49.0,6603,284.10,12.31
1777761096,llama3.1:8b,51.0,6593,287.33,12.35
1777761148,llama3.1:8b,49.0,6596,293.36,12.32
1777761200,llama3.1:8b,51.0,6599,271.17,12.24
1777761256,llama3.1:8b,49.0,6594,287.23,12.19
1777761315,llama3.1:8b,47.0,6585,293.98,12.20
1777761375,llama3.1:8b,51.0,6589,293.40,12.40
1777761416,llama3.1:8b,49.0,6596,298.37,12.23
1777761475,llama3.1:8b,49.0,6601,294.96,12.21
1777761524,llama3.1:8b,51.0,6592,303.75,12.27
1777761572,llama3.1:8b,48.0,6598,298.81,12.20
1777761627,llama3.1:8b,49.0,6584,282.70,12.39
1777761666,llama3.1:8b,51.0,6594,295.30,12.24
1777761721,llama3.1:8b,49.0,6592,283.11,12.13
1777761785,llama3.1:8b,51.0,6595,299.56,12.22
1777761836,llama3.1:8b,49.0,6596,292.98,12.17
1777761890,llama3.1:8b,51.0,6610,295.44,12.14
1777761948,llama3.1:8b,45.0,6609,279.67,12.22
1777762000,llama3.1:8b,48.0,6615,285.46,12.12
1777762061,llama3.1:8b,49.0,6609,294.73,12.21
1777762115,llama3.1:8b,51.0,6597,295.56,12.16
1777762172,llama3.1:8b,48.0,6608,294.46,12.32
1777762215,llama3.1:8b,49.0,6608,296.53,12.16
1777762272,llama3.1:8b,53.0,6601,294.93,12.26
1777762321,llama3.1:8b,49.0,6606,289.92,12.29
1777762371,llama3.1:8b,51.0,6607,296.48,12.29
1777762421,llama3.1:8b,49.0,6598,297.73,12.25
1777762473,llama3.1:8b,47.0,6609,278.72,12.16
1777762536,llama3.1:8b,49.0,6608,295.15,12.22
1777762591,llama3.1:8b,44.0,6604,285.56,12.14
1777762648,llama3.1:8b,48.0,6611,287.25,12.22
1777762706,llama3.1:8b,51.0,6602,285.66,12.44
1777762749,llama3.1:8b,49.0,6607,295.84,12.19
1777762803,llama3.1:8b,51.0,6603,302.63,12.19
1777762866,llama3.1:8b,46.0,6635,299.90,12.11
1777762933,llama3.1:8b,45.0,6638,293.16,12.30
1777762982,llama3.1:8b,49.0,6623,282.18,12.22
1777763036,llama3.1:8b,49.0,6612,290.68,12.26
1777763086,llama3.1:8b,51.0,6603,296.45,12.13
1777763144,llama3.1:8b,49.0,6600,291.97,12.35
1777763188,llama3.1:8b,48.0,6604,297.14,12.38
1777763246,llama3.1:8b,49.0,6608,291.03,12.28
1777763300,llama3.1:8b,48.0,6610,299.32,12.34
1777763339,llama3.1:8b,48.0,6614,288.10,12.31
1777763386,llama3.1:8b,48.0,6612,276.65,12.30
1777763437,llama3.1:8b,48.0,6606,294.29,12.27
1777763483,llama3.1:8b,52.0,6610,287.18,12.34
1777763520,llama3.1:8b,49.0,6605,289.74,12.27
1777763564,llama3.1:8b,49.0,6617,285.83,12.31
1777763614,llama3.1:8b,49.0,6614,281.72,12.40
1777763658,llama3.1:8b,44.0,6611,290.79,12.27
1777763713,llama3.1:8b,46.0,6603,298.58,12.32
1777763757,llama3.1:8b,49.0,6612,301.81,12.29
1777763806,llama3.1:8b,49.0,6613,289.18,12.29
1777763850,llama3.1:8b,48.0,6615,300.49,12.31
1777763904,llama3.1:8b,49.0,6606,293.97,12.33
1777763956,llama3.1:8b,47.0,6615,299.09,12.21
1777764019,llama3.1:8b,49.0,6612,296.14,12.16
1777764079,llama3.1:8b,44.0,6609,303.28,12.27
1777764125,llama3.1:8b,49.0,6616,295.08,12.25
1777764181,llama3.1:8b,49.0,6613,292.65,12.14
1777764242,llama3.1:8b,49.0,6598,298.48,12.32
1777764288,llama3.1:8b,49.0,6602,284.09,12.31
1777764336,llama3.1:8b,49.0,6612,290.69,12.33
1777764381,llama3.1:8b,47.0,6609,280.75,12.42
1777764418,llama3.1:8b,46.0,6608,292.76,12.28
1777764464,llama3.1:8b,48.0,6612,290.82,12.17
1777764520,llama3.1:8b,47.0,6613,287.42,12.17
1777764580,llama3.1:8b,48.0,6607,280.85,12.33
1777764630,llama3.1:8b,49.0,6599,298.77,12.32
1777764682,llama3.1:8b,49.0,6599,300.35,12.36
1777764722,llama3.1:8b,49.0,6594,299.98,12.25
1777764774,llama3.1:8b,49.0,6608,289.80,12.25
1777764821,llama3.1:8b,45.0,6608,297.47,12.17
1777764878,llama3.1:8b,48.0,6611,290.32,12.24
1777764927,llama3.1:8b,48.0,6609,301.04,12.16
1777764981,llama3.1:8b,47.0,6604,297.36,12.20
1777765031,llama3.1:8b,45.0,6616,289.72,12.26
1777765080,llama3.1:8b,49.0,6609,289.13,12.27
1777765129,llama3.1:8b,45.0,6615,299.08,12.16
1777765187,llama3.1:8b,48.0,6604,296.10,12.36
1777765230,llama3.1:8b,48.0,6591,290.29,12.15
1777765293,llama3.1:8b,49.0,6601,285.51,12.31
1777765341,llama3.1:8b,49.0,6614,286.75,12.27
1777765383,llama3.1:8b,49.0,6611,304.30,12.22
1777765434,llama3.1:8b,49.0,6600,290.14,12.21
1777765485,llama3.1:8b,49.0,6609,299.05,12.19
1777765539,llama3.1:8b,45.0,6596,294.35,12.24
1777765590,llama3.1:8b,45.0,6603,296.88,12.14
1777765648,llama3.1:8b,49.0,6611,284.20,12.17
1777765703,llama3.1:8b,46.0,6611,285.38,12.23
1777765750,llama3.1:8b,49.0,6614,287.56,12.25
1777765806,llama3.1:8b,50.0,6608,291.20,12.35
1777765852,llama3.1:8b,49.0,6605,296.09,12.20
1777765909,llama3.1:8b,44.0,6619,292.82,12.13
1777765967,llama3.1:8b,49.0,6602,300.57,12.19
1777766026,llama3.1:8b,48.0,6607,286.00,12.27
1777766076,llama3.1:8b,48.0,6603,295.23,12.24
1777766131,llama3.1:8b,51.0,6596,296.08,12.36
1777766168,llama3.1:8b,49.0,6599,295.25,12.22
1777766222,llama3.1:8b,49.0,6590,293.41,12.20
1777766272,llama3.1:8b,49.0,6589,286.87,12.37
1777766320,llama3.1:8b,49.0,6595,288.64,12.18
1777766375,llama3.1:8b,49.0,6604,299.40,12.23
1777766431,llama3.1:8b,50.0,6597,283.04,12.22
1777766487,llama3.1:8b,44.0,6607,281.77,12.25
1777766533,llama3.1:8b,49.0,6609,297.31,12.24
1777766597,llama3.1:8b,51.0,6613,290.71,12.24
1777766649,llama3.1:8b,49.0,6606,278.20,12.15
1777766709,llama3.1:8b,49.0,6606,296.05,12.23
1777766763,llama3.1:8b,51.0,6608,299.71,12.37
1777766809,llama3.1:8b,49.0,6598,300.26,12.21
1777766863,llama3.1:8b,49.0,6600,297.53,12.27
1777766915,llama3.1:8b,49.0,6594,291.23,12.22
1777766969,llama3.1:8b,51.0,6595,292.46,12.28
1777767015,llama3.1:8b,49.0,6595,290.83,12.38
1777767067,llama3.1:8b,49.0,6604,304.73,12.20
1777767118,llama3.1:8b,45.0,6604,291.97,12.21
1777767173,llama3.1:8b,49.0,6606,295.91,12.25
1777767226,llama3.1:8b,49.0,6601,290.76,12.26
1777767282,llama3.1:8b,49.0,6599,302.79,12.27
1777767329,llama3.1:8b,51.0,6598,295.92,12.29
1777767384,llama3.1:8b,47.0,6598,297.33,12.25
1777767433,llama3.1:8b,51.0,6609,300.65,12.05
1777767503,llama3.1:8b,48.0,6607,285.63,12.31
1777767550,llama3.1:8b,49.0,6604,301.12,12.24
1777767601,llama3.1:8b,49.0,6601,295.48,12.18
1777767657,llama3.1:8b,45.0,6609,295.75,12.24
1777767713,llama3.1:8b,49.0,6614,287.42,12.18
1777767763,llama3.1:8b,48.0,6609,295.34,12.36
1777767809,llama3.1:8b,49.0,6604,290.85,12.18
1777767870,llama3.1:8b,52.0,6611,293.56,12.23
1777767925,llama3.1:8b,49.0,6613,288.10,12.32
1777767972,llama3.1:8b,49.0,6619,292.21,12.25
1777768026,llama3.1:8b,48.0,6608,285.08,12.24
1777768082,llama3.1:8b,45.0,6606,293.47,12.22
1777768133,llama3.1:8b,48.0,6606,299.52,12.27
1777768182,llama3.1:8b,49.0,6604,279.09,12.20
1777768231,llama3.1:8b,49.0,6598,292.98,12.18
1777768287,llama3.1:8b,48.0,6606,305.33,12.22
1777768334,llama3.1:8b,49.0,6610,287.63,12.27
1777768382,llama3.1:8b,49.0,6602,293.54,12.33
1777768424,llama3.1:8b,49.0,6606,290.40,12.13
1777768487,llama3.1:8b,47.0,6608,296.00,12.15
1777768548,llama3.1:8b,47.0,6600,298.42,12.34
1777768603,llama3.1:8b,45.0,6598,292.41,12.27
1777768659,llama3.1:8b,53.0,6608,292.26,12.35
1777768713,llama3.1:8b,48.0,6607,303.93,12.29
1777768763,llama3.1:8b,49.0,6607,294.69,12.30
1777768818,llama3.1:8b,49.0,6612,292.29,12.30
1777768860,llama3.1:8b,49.0,6616,285.29,12.19
1777768918,llama3.1:8b,48.0,6612,298.92,12.14
1777768978,llama3.1:8b,47.0,6611,293.57,12.25
1777769027,llama3.1:8b,48.0,6611,289.59,12.24
1777769079,llama3.1:8b,44.0,6614,297.55,12.19
1777769140,llama3.1:8b,48.0,6611,298.47,12.25
1777769199,llama3.1:8b,48.0,6610,300.29,12.32
1777769244,llama3.1:8b,48.0,6609,286.93,12.24
1777769300,llama3.1:8b,48.0,6613,293.67,12.35
1777769348,llama3.1:8b,49.0,6611,299.07,12.21
1777769406,llama3.1:8b,49.0,6612,291.76,12.21
1777769460,llama3.1:8b,48.0,6621,292.01,12.35
1777769508,llama3.1:8b,51.0,6610,294.52,12.36
1777769562,llama3.1:8b,49.0,6606,288.72,12.18
1777769622,llama3.1:8b,49.0,6607,295.77,12.28
1777769671,llama3.1:8b,49.0,6612,299.68,12.22
1777769721,llama3.1:8b,51.0,6614,288.61,12.36
1777769764,llama3.1:8b,47.0,6598,292.22,12.35
1777769808,llama3.1:8b,49.0,6599,292.55,12.28
1777769858,llama3.1:8b,48.0,6590,298.17,12.29
1777769909,llama3.1:8b,47.0,6588,302.31,12.32
1777769956,llama3.1:8b,44.0,6592,288.82,12.11
1777770022,llama3.1:8b,48.0,6595,304.30,12.23
1777770073,llama3.1:8b,47.0,6587,294.88,12.27
1777770117,llama3.1:8b,48.0,6604,295.97,12.35
1777770164,llama3.1:8b,45.0,6604,282.35,12.22
1777770218,llama3.1:8b,47.0,6603,300.83,12.12
1777770278,llama3.1:8b,48.0,6619,304.17,12.15
1777770336,llama3.1:8b,47.0,6607,281.11,12.19
1777770401,llama3.1:8b,44.0,6614,299.41,12.20
1777770453,llama3.1:8b,48.0,6611,295.93,12.18
1777770510,llama3.1:8b,49.0,6600,290.28,12.12
1777770573,llama3.1:8b,49.0,6608,297.93,12.37
1777770610,llama3.1:8b,49.0,6611,298.99,12.17
1777770663,llama3.1:8b,48.0,6598,297.66,12.19
1777770721,llama3.1:8b,49.0,6601,293.53,12.26
1777770769,llama3.1:8b,51.0,6606,300.45,12.21
1777770817,llama3.1:8b,49.0,6595,287.84,12.37
1777770858,llama3.1:8b,49.0,6610,290.26,12.32
1777770902,llama3.1:8b,48.0,6615,290.47,12.24
1777770955,llama3.1:8b,45.0,6614,293.74,12.29
1777771006,llama3.1:8b,48.0,6607,282.73,12.28
1777771055,llama3.1:8b,45.0,6614,292.58,12.30
1777771097,llama3.1:8b,48.0,6615,297.28,12.21
1777771153,llama3.1:8b,48.0,6601,294.44,12.29
1777771200,llama3.1:8b,48.0,6608,288.51,12.19
1777771254,llama3.1:8b,49.0,6600,303.79,12.37
1777771299,llama3.1:8b,48.0,6612,290.58,12.31
1777771356,llama3.1:8b,47.0,6596,279.24,12.21
1777771408,llama3.1:8b,48.0,6605,294.44,12.34
1777771450,llama3.1:8b,48.0,6610,292.03,12.32
1777771488,llama3.1:8b,51.0,6605,298.09,12.15
1777771550,llama3.1:8b,48.0,6608,288.39,12.30
1777771602,llama3.1:8b,48.0,6610,285.83,12.18
1777771657,llama3.1:8b,48.0,6596,293.21,12.18
1777771706,llama3.1:8b,48.0,6605,287.75,12.32
1777771756,llama3.1:8b,48.0,6611,294.49,12.36
1777771801,llama3.1:8b,48.0,6598,292.15,12.33
1777771855,llama3.1:8b,46.0,6605,294.44,12.35
1777771896,llama3.1:8b,49.0,6603,299.14,12.23
1777771951,llama3.1:8b,48.0,6598,289.06,12.20
1777772011,llama3.1:8b,49.0,6604,295.79,12.25
1777772062,llama3.1:8b,49.0,6607,302.99,12.25
1777772108,llama3.1:8b,47.0,6625,295.46,12.21
1777772159,llama3.1:8b,49.0,6608,275.61,12.17
1777772217,llama3.1:8b,48.0,6606,289.54,12.28
1777772265,llama3.1:8b,48.0,6615,293.72,12.25
1777772310,llama3.1:8b,48.0,6603,276.45,12.24
1777772361,llama3.1:8b,45.0,6602,294.38,12.23
1777772416,llama3.1:8b,49.0,6602,291.13,12.44
1777772460,llama3.1:8b,51.0,6617,295.56,12.34
1777772504,llama3.1:8b,48.0,6608,296.36,12.23
1777772552,llama3.1:8b,44.0,6597,293.97,12.23
1777772604,llama3.1:8b,49.0,6603,283.10,12.17
1777772656,llama3.1:8b,49.0,6609,295.86,12.27
1777772711,llama3.1:8b,49.0,6608,298.55,12.30
1777772761,llama3.1:8b,49.0,6618,288.10,12.26
1777772811,llama3.1:8b,48.0,6609,294.62,12.17
1777772867,llama3.1:8b,48.0,6606,299.27,12.19
1777772922,llama3.1:8b,49.0,6600,295.36,12.25
1777772977,llama3.1:8b,49.0,6606,286.41,12.29
1777773031,llama3.1:8b,49.0,6605,297.58,12.17
1777773085,llama3.1:8b,48.0,6606,299.57,12.24
1777773141,llama3.1:8b,49.0,6614,282.29,12.25
1777773197,llama3.1:8b,51.0,6600,286.22,12.34
1777773248,llama3.1:8b,52.0,6610,296.47,12.38
1777773304,llama3.1:8b,52.0,6607,290.38,12.18
1777773357,llama3.1:8b,48.0,6613,285.02,12.10
1777773416,llama3.1:8b,48.0,6610,303.39,12.20
1777773469,llama3.1:8b,47.0,6609,298.83,12.19
1777773524,llama3.1:8b,49.0,6599,305.32,12.40
1777773565,llama3.1:8b,52.0,6613,287.30,12.20
1777773620,llama3.1:8b,49.0,6609,304.38,12.17
1777773681,llama3.1:8b,48.0,6616,288.56,12.23
1777773737,llama3.1:8b,45.0,6622,301.11,12.36
1777773781,llama3.1:8b,44.0,6612,297.15,12.41
1777773824,llama3.1:8b,49.0,6626,288.06,12.26
1777773878,llama3.1:8b,48.0,6619,288.45,12.41
1777773921,llama3.1:8b,51.0,6625,290.62,12.16
1777773982,llama3.1:8b,49.0,6619,285.23,12.28
1777774031,llama3.1:8b,48.0,6616,293.51,12.31
1777774070,llama3.1:8b,49.0,6609,286.25,12.21
1777774123,llama3.1:8b,45.0,6617,294.45,12.12
1777774178,llama3.1:8b,49.0,6613,293.56,12.33
1777774217,llama3.1:8b,48.0,6621,292.41,12.28
1777774266,llama3.1:8b,49.0,6616,295.51,12.32
1777774304,llama3.1:8b,49.0,6620,297.34,12.21
1777774358,llama3.1:8b,48.0,6621,303.21,12.26
1777774400,llama3.1:8b,48.0,6609,289.41,12.24
1777774453,llama3.1:8b,49.0,6607,296.71,12.22
1777774502,llama3.1:8b,53.0,6606,295.91,12.35
1777774548,llama3.1:8b,49.0,6612,294.42,12.19
1777774601,llama3.1:8b,51.0,6614,285.26,12.19
1777774658,llama3.1:8b,49.0,6613,291.21,12.28
1777774704,llama3.1:8b,48.0,6609,285.90,12.20
1777774754,llama3.1:8b,49.0,6606,292.17,12.25
1777774798,llama3.1:8b,48.0,6615,290.43,12.16
1777774859,llama3.1:8b,48.0,6616,287.69,12.15
1777774919,llama3.1:8b,49.0,6614,297.84,12.34
1777774973,llama3.1:8b,44.0,6616,295.82,12.24
1777775022,llama3.1:8b,51.0,6609,291.41,12.20
1777775076,llama3.1:8b,48.0,6600,284.31,12.19
1777775130,llama3.1:8b,49.0,6612,302.83,12.24
1777775180,llama3.1:8b,48.0,6613,283.67,12.13
1777775239,llama3.1:8b,51.0,6606,296.05,12.17
1777775294,llama3.1:8b,48.0,6606,298.01,12.14
1777775349,llama3.1:8b,48.0,6605,292.63,12.19
1777775401,llama3.1:8b,49.0,6605,298.77,12.28
1777775443,llama3.1:8b,49.0,6605,295.65,12.17
1777775498,llama3.1:8b,51.0,6615,293.55,12.23
1777775548,llama3.1:8b,57.0,6611,284.87,12.28
1777775596,llama3.1:8b,51.0,6614,294.03,12.31
1777775638,llama3.1:8b,51.0,6611,294.08,12.20
1777775693,llama3.1:8b,48.0,6606,296.21,12.25
1777775743,llama3.1:8b,44.0,6609,278.10,12.20
1777775793,llama3.1:8b,49.0,6616,293.86,12.21
1777775844,llama3.1:8b,48.0,6616,284.07,12.28
1777775888,llama3.1:8b,48.0,6626,298.64,12.29
1777775936,llama3.1:8b,48.0,6608,296.64,12.28
1777775989,llama3.1:8b,49.0,6611,296.73,12.36
1777776032,llama3.1:8b,49.0,6600,297.05,12.28
1777776082,llama3.1:8b,49.0,6608,288.36,12.33
1777776129,llama3.1:8b,49.0,6615,300.72,12.35
1777776172,llama3.1:8b,48.0,6612,293.62,12.18
1777776226,llama3.1:8b,49.0,6605,295.23,12.09
1777776290,llama3.1:8b,49.0,6612,285.83,12.29
1777776340,llama3.1:8b,48.0,6606,289.49,12.24
1777776393,llama3.1:8b,48.0,6612,296.28,12.35
1777776443,llama3.1:8b,49.0,6612,304.99,12.15
1777776509,llama3.1:8b,48.0,6605,293.17,12.22
1777776562,llama3.1:8b,49.0,6604,292.04,12.23
1777776613,llama3.1:8b,48.0,6612,300.88,12.24
1777776672,llama3.1:8b,49.0,6602,290.00,12.26
1777776717,llama3.1:8b,49.0,6605,288.85,12.14
1777776777,llama3.1:8b,45.0,6610,294.48,12.40
1777776824,llama3.1:8b,48.0,6599,292.73,12.19
1777776882,llama3.1:8b,49.0,6606,282.49,12.38
1777776923,llama3.1:8b,48.0,6600,293.64,12.21
1777776977,llama3.1:8b,48.0,6608,293.68,12.39
1777777023,llama3.1:8b,49.0,6611,298.60,12.29
1777777074,llama3.1:8b,49.0,6598,295.01,12.24
1777777132,llama3.1:8b,48.0,6602,290.16,12.23
1777777184,llama3.1:8b,49.0,6605,292.97,12.20
1777777240,llama3.1:8b,44.0,6628,288.23,12.31
1777777279,llama3.1:8b,48.0,6639,296.53,12.21
1777777325,llama3.1:8b,44.0,6638,298.10,12.23
1777777371,llama3.1:8b,44.0,6624,297.72,12.17
1777777425,llama3.1:8b,48.0,6626,296.66,12.32
1777777479,llama3.1:8b,48.0,6610,290.60,12.46
1777777521,llama3.1:8b,49.0,6613,289.09,12.24
1777777570,llama3.1:8b,48.0,6602,280.85,12.22
1777777630,llama3.1:8b,49.0,6609,293.36,12.22
1777777683,llama3.1:8b,49.0,6609,297.76,12.31
1777777729,llama3.1:8b,48.0,6615,297.34,12.26
1777777782,llama3.1:8b,48.0,6610,297.20,12.22
1777777837,llama3.1:8b,52.0,6607,278.60,12.11
1777777899,llama3.1:8b,47.0,6613,293.70,12.22
1777777957,llama3.1:8b,49.0,6622,285.89,12.12
1777778021,llama3.1:8b,48.0,6615,282.25,12.22
1777778075,llama3.1:8b,48.0,6612,297.91,12.25
1777778122,llama3.1:8b,48.0,6621,284.62,12.26
1777778165,llama3.1:8b,47.0,6624,289.66,12.18
1777778220,llama3.1:8b,44.0,6619,297.77,12.15
1777778281,llama3.1:8b,47.0,6619,290.72,12.17
1777778338,llama3.1:8b,49.0,6622,283.57,12.26
1777778382,llama3.1:8b,48.0,6622,300.44,12.10
1777778441,llama3.1:8b,47.0,6625,293.50,12.34
1777778484,llama3.1:8b,51.0,6612,298.54,12.26
1777778536,llama3.1:8b,48.0,6619,296.55,12.22
1777778591,llama3.1:8b,48.0,6626,298.01,12.19
1777778645,llama3.1:8b,49.0,6615,294.17,12.38
1777778690,llama3.1:8b,48.0,6618,299.43,12.19
1777778748,llama3.1:8b,49.0,6601,293.13,12.26
1777778795,llama3.1:8b,51.0,6615,294.48,12.16
1777778855,llama3.1:8b,49.0,6620,290.37,12.28
1777778898,llama3.1:8b,48.0,6618,291.76,12.25
1777778949,llama3.1:8b,49.0,6617,287.73,12.37
1777778999,llama3.1:8b,48.0,6624,294.03,12.21
1777779055,llama3.1:8b,49.0,6616,293.46,12.28
1777779103,llama3.1:8b,48.0,6628,290.83,12.19
1777779153,llama3.1:8b,47.0,6616,303.09,12.29
1777779195,llama3.1:8b,49.0,6622,291.01,12.11
1777779259,llama3.1:8b,49.0,6590,300.32,12.20
1777779311,llama3.1:8b,48.0,6608,294.18,12.23
1777779365,llama3.1:8b,44.0,6614,298.30,12.24
1777779421,llama3.1:8b,47.0,6618,296.16,12.26
1777779469,llama3.1:8b,49.0,6613,294.44,12.10
1777779533,llama3.1:8b,48.0,6612,293.53,12.19
1777779583,llama3.1:8b,45.0,6621,299.18,12.20
1777779632,llama3.1:8b,44.0,6621,303.04,12.22
1777779688,llama3.1:8b,49.0,6625,285.30,12.19
1777779741,llama3.1:8b,48.0,6622,301.39,12.31
1777779783,llama3.1:8b,48.0,6627,299.33,12.15
1777779842,llama3.1:8b,45.0,6619,296.12,12.20
1777779894,llama3.1:8b,48.0,6620,293.07,12.22
1777779950,llama3.1:8b,49.0,6630,290.07,12.22
1777780000,llama3.1:8b,49.0,6620,296.51,12.16
1777780060,llama3.1:8b,53.0,6620,294.71,12.30
1777780116,llama3.1:8b,49.0,6620,295.72,12.21
1777780168,llama3.1:8b,51.0,6618,297.49,12.23
1777780223,llama3.1:8b,49.0,6613,283.57,12.27
1777780266,llama3.1:8b,49.0,6622,286.50,12.23
1777780315,llama3.1:8b,49.0,6605,291.54,12.33
1777780367,llama3.1:8b,49.0,6613,297.49,12.22
1777780421,llama3.1:8b,48.0,6613,292.59,12.35
1777780465,llama3.1:8b,49.0,6616,298.06,12.27
1777780516,llama3.1:8b,47.0,6618,289.64,12.27
1777780561,llama3.1:8b,49.0,6610,293.72,12.23
1777780624,llama3.1:8b,48.0,6612,291.67,12.25
1777780670,llama3.1:8b,49.0,6612,297.80,12.18
1777780736,llama3.1:8b,49.0,6615,292.35,12.32
1777780786,llama3.1:8b,51.0,6615,288.60,12.17
1777780842,llama3.1:8b,49.0,6619,298.98,12.20
1777780895,llama3.1:8b,51.0,6608,275.01,12.36
1777780943,llama3.1:8b,49.0,6615,291.32,12.31
1777780983,llama3.1:8b,48.0,6617,296.30,12.32
1777781027,llama3.1:8b,51.0,6610,287.41,12.17
1777781080,llama3.1:8b,49.0,6611,295.32,12.32
1777781132,llama3.1:8b,46.0,6618,299.86,12.29
1777781180,llama3.1:8b,48.0,6621,295.86,12.20
1777781239,llama3.1:8b,48.0,6620,292.63,12.18
1777781293,llama3.1:8b,48.0,6611,303.82,12.19
1777781349,llama3.1:8b,49.0,6605,295.67,12.17
1777781404,llama3.1:8b,49.0,6607,268.04,12.26
1777781452,llama3.1:8b,49.0,6609,294.20,12.19
1777781505,llama3.1:8b,49.0,6613,293.76,12.31
1777781548,llama3.1:8b,48.0,6620,284.74,12.32
1777781604,llama3.1:8b,49.0,6607,295.22,12.26
1777781659,llama3.1:8b,49.0,6603,290.82,12.20
1777781711,llama3.1:8b,48.0,6606,300.00,12.26
1777781769,llama3.1:8b,49.0,6603,300.16,12.38
1777781824,llama3.1:8b,45.0,6609,287.20,12.12
1777781884,llama3.1:8b,48.0,6615,292.05,12.17
1777781939,llama3.1:8b,48.0,6622,286.78,12.14
1777781992,llama3.1:8b,49.0,6617,295.91,12.28
1777782044,llama3.1:8b,45.0,6609,300.64,12.18
1777782097,llama3.1:8b,49.0,6612,297.16,12.15
1777782154,llama3.1:8b,49.0,6612,289.64,12.21
1777782206,llama3.1:8b,49.0,6620,297.56,12.23
1777782262,llama3.1:8b,51.0,6595,287.90,12.21
1777782311,llama3.1:8b,48.0,6600,293.46,12.29
1777782358,llama3.1:8b,49.0,6612,298.12,12.13
1777782416,llama3.1:8b,48.0,6599,296.37,12.12
1777782479,llama3.1:8b,45.0,6612,298.36,12.28
1777782533,llama3.1:8b,49.0,6612,303.99,12.24
1777782579,llama3.1:8b,48.0,6623,281.70,12.22
1777782636,llama3.1:8b,48.0,6613,295.83,12.29
1777782674,llama3.1:8b,48.0,6616,280.84,12.21
1777782724,llama3.1:8b,45.0,6615,295.40,12.29
1777782771,llama3.1:8b,49.0,6620,291.20,12.19
1777782822,llama3.1:8b,49.0,6613,289.45,12.28
1777782868,llama3.1:8b,49.0,6610,281.96,12.20
1777782923,llama3.1:8b,48.0,6606,297.22,12.24
1777782972,llama3.1:8b,48.0,6617,276.29,12.26
1777783014,llama3.1:8b,45.0,6619,296.54,12.19
1777783069,llama3.1:8b,49.0,6618,294.10,12.28
1777783115,llama3.1:8b,48.0,6610,298.35,12.30
1777783154,llama3.1:8b,49.0,6609,288.23,12.17
1777783211,llama3.1:8b,48.0,6618,292.90,12.32
1777783250,llama3.1:8b,45.0,6616,291.68,12.22
1777783303,llama3.1:8b,49.0,6621,297.90,12.25
1777783362,llama3.1:8b,48.0,6613,297.27,12.26
1777783415,llama3.1:8b,49.0,6608,296.52,12.36
1777783453,llama3.1:8b,47.0,6615,293.14,12.13
1777783519,llama3.1:8b,49.0,6616,296.31,12.41
1777783573,llama3.1:8b,51.0,6613,302.73,12.34
1777783629,llama3.1:8b,49.0,6614,295.11,12.32
1777783681,llama3.1:8b,51.0,6604,276.23,12.19
1777783742,llama3.1:8b,49.0,6610,294.82,12.16
1777783800,llama3.1:8b,49.0,6600,298.42,12.30
1777783844,llama3.1:8b,48.0,6605,285.56,12.18
1777783899,llama3.1:8b,47.0,6599,293.17,12.36
1777783940,llama3.1:8b,47.0,6599,295.49,12.21
1777783994,llama3.1:8b,44.0,6601,303.54,12.24
1777784045,llama3.1:8b,48.0,6603,295.40,12.34
1777784094,llama3.1:8b,49.0,6605,305.75,12.21
1777784150,llama3.1:8b,48.0,6608,293.78,12.16
1777784202,llama3.1:8b,54.0,6604,296.37,12.22
1777784252,llama3.1:8b,49.0,6600,293.18,12.20
1777784308,llama3.1:8b,49.0,6604,281.06,12.17
1777784367,llama3.1:8b,45.0,6611,297.47,12.24
1777784423,llama3.1:8b,48.0,6634,294.47,12.41
1777784463,llama3.1:8b,48.0,6631,294.57,12.13
1777784520,llama3.1:8b,47.0,6641,298.34,12.22
1777784573,llama3.1:8b,48.0,6619,292.21,12.26
1777784621,llama3.1:8b,48.0,6617,281.88,12.39
1777784672,llama3.1:8b,49.0,6624,297.46,12.42
1777784719,llama3.1:8b,48.0,6617,290.69,12.33
1777784763,llama3.1:8b,49.0,6612,287.67,12.16
1777784817,llama3.1:8b,44.0,6608,288.07,12.08
1777784889,llama3.1:8b,49.0,6612,289.82,12.21
1777784938,llama3.1:8b,48.0,6620,285.11,12.25
1777784985,llama3.1:8b,47.0,6607,285.67,12.16
1777785045,llama3.1:8b,51.0,6608,283.25,12.24
1777785096,llama3.1:8b,48.0,6599,301.22,12.24
1777785142,llama3.1:8b,49.0,6607,296.94,12.20
1777785197,llama3.1:8b,44.0,6610,287.21,12.34
1777785246,llama3.1:8b,56.0,6606,294.49,12.41
1777785297,llama3.1:8b,47.0,6613,298.70,12.30
1777785341,llama3.1:8b,48.0,6613,293.87,12.31
1777785388,llama3.1:8b,51.0,6604,293.04,12.20
1777785438,llama3.1:8b,48.0,6620,295.87,12.33
1777785478,llama3.1:8b,45.0,6621,293.70,12.31
1777785523,llama3.1:8b,49.0,6629,303.36,12.35
1777785564,llama3.1:8b,49.0,6620,288.23,12.21
1777785615,llama3.1:8b,48.0,6620,295.08,12.18
1777785666,llama3.1:8b,48.0,6623,296.95,12.15
1777785726,llama3.1:8b,49.0,6610,294.79,12.28
1777785778,llama3.1:8b,45.0,6614,293.50,12.14
1777785838,llama3.1:8b,51.0,6609,297.95,12.20
1777785889,llama3.1:8b,49.0,6622,300.47,12.18
1777785941,llama3.1:8b,49.0,6620,287.50,12.19
1777785996,llama3.1:8b,47.0,6618,288.62,12.25
1777786039,llama3.1:8b,49.0,6624,304.65,12.20
1777786090,llama3.1:8b,45.0,6625,297.81,12.19
1777786143,llama3.1:8b,48.0,6619,292.89,12.29
1777786186,llama3.1:8b,49.0,6621,298.09,12.22
1777786242,llama3.1:8b,48.0,6625,288.69,12.31
1777786286,llama3.1:8b,49.0,6613,302.51,12.24
1777786341,llama3.1:8b,48.0,6618,281.47,12.16
1777786397,llama3.1:8b,48.0,6611,295.02,12.16
1777786454,llama3.1:8b,49.0,6598,298.24,12.37
1777786503,llama3.1:8b,48.0,6599,285.87,12.35
1777786547,llama3.1:8b,49.0,6604,282.97,12.23
1777786594,llama3.1:8b,48.0,6605,285.50,12.28
1777786647,llama3.1:8b,45.0,6604,303.10,12.24
1777786700,llama3.1:8b,49.0,6597,293.24,12.18
1777786754,llama3.1:8b,48.0,6617,293.66,12.18
1777786804,llama3.1:8b,49.0,6612,298.97,12.27
1777786861,llama3.1:8b,51.0,6610,289.41,12.20
1777786912,llama3.1:8b,51.0,6606,300.03,12.14
1777786976,llama3.1:8b,49.0,6610,287.77,12.25
1777787022,llama3.1:8b,48.0,6612,288.22,12.24
1777787075,llama3.1:8b,49.0,6611,275.16,12.31
1777787123,llama3.1:8b,48.0,6603,295.46,12.27
1777787168,llama3.1:8b,51.0,6608,302.06,12.25
1777787212,llama3.1:8b,49.0,6609,292.03,12.25
1777787263,llama3.1:8b,49.0,6601,291.66,12.30
1777787309,llama3.1:8b,48.0,6602,296.01,12.29
1777787352,llama3.1:8b,51.0,6591,282.89,12.23
1777787405,llama3.1:8b,51.0,6605,295.28,12.23
1777787452,llama3.1:8b,49.0,6608,293.20,12.20
1777787504,llama3.1:8b,48.0,6607,294.00,12.30
1777787549,llama3.1:8b,47.0,6606,294.49,12.25
1777787602,llama3.1:8b,48.0,6613,288.96,12.11
1777787661,llama3.1:8b,49.0,6610,287.92,12.17
1777787720,llama3.1:8b,51.0,6605,287.06,12.31
1777787771,llama3.1:8b,45.0,6616,290.49,12.30
1777787822,llama3.1:8b,47.0,6601,288.14,12.22
1777787875,llama3.1:8b,48.0,6604,294.89,12.12
1777787938,llama3.1:8b,49.0,6608,287.19,12.15
1777787989,llama3.1:8b,48.0,6618,281.50,12.19
1777788042,llama3.1:8b,48.0,6617,294.05,12.20
1777788088,llama3.1:8b,48.0,6622,295.13,12.27
1777788140,llama3.1:8b,48.0,6615,291.83,12.23
1777788196,llama3.1:8b,49.0,6618,282.64,12.29
1777788243,llama3.1:8b,49.0,6621,294.80,12.29
1777788286,llama3.1:8b,49.0,6625,284.44,12.25
1777788332,llama3.1:8b,48.0,6617,280.29,12.27
1777788382,llama3.1:8b,49.0,6619,296.52,12.26
1777788431,llama3.1:8b,47.0,6624,304.00,12.18
1777788486,llama3.1:8b,49.0,6615,301.38,12.24
1777788534,llama3.1:8b,48.0,6620,298.13,12.30
1777788578,llama3.1:8b,49.0,6616,292.55,12.34
1777788622,llama3.1:8b,48.0,6610,299.50,12.16
1777788679,llama3.1:8b,48.0,6616,289.17,12.19
1777788737,llama3.1:8b,48.0,6616,297.90,12.10
1777788798,llama3.1:8b,48.0,6623,289.78,12.20
1777788851,llama3.1:8b,49.0,6610,281.11,12.19
1777788903,llama3.1:8b,49.0,6616,302.06,12.28
1777788956,llama3.1:8b,50.0,6614,289.91,12.26
1777789004,llama3.1:8b,49.0,6616,299.93,12.29
1777789053,llama3.1:8b,49.0,6615,289.73,12.16
1777789108,llama3.1:8b,47.0,6610,296.47,12.26
1777789152,llama3.1:8b,48.0,6610,291.42,12.13
1777789208,llama3.1:8b,48.0,6623,289.53,12.20
1777789255,llama3.1:8b,49.0,6619,296.35,12.21
1777789309,llama3.1:8b,48.0,6603,284.63,12.29
1777789350,llama3.1:8b,49.0,6618,296.74,12.37
1777789390,llama3.1:8b,48.0,6619,290.37,12.24
1777789439,llama3.1:8b,49.0,6623,293.58,12.28
1777789485,llama3.1:8b,48.0,6624,286.89,12.37
1777789521,llama3.1:8b,45.0,6624,298.31,12.27
1777789567,llama3.1:8b,49.0,6617,282.47,12.19
1777789622,llama3.1:8b,48.0,6607,292.97,12.23
1777789678,llama3.1:8b,48.0,6610,297.74,12.27
1777789718,llama3.1:8b,47.0,6606,294.15,12.16
1777789773,llama3.1:8b,48.0,6612,292.39,12.25
1777789818,llama3.1:8b,48.0,6605,296.15,12.18
1777789870,llama3.1:8b,45.0,6605,294.88,12.25
1777789919,llama3.1:8b,48.0,6606,292.78,12.16
1777789971,llama3.1:8b,48.0,6611,292.12,12.31
1777790013,llama3.1:8b,48.0,6594,294.33,12.17
1777790065,llama3.1:8b,49.0,6606,294.26,12.22
1777790120,llama3.1:8b,47.0,6612,294.51,12.15
1777790177,llama3.1:8b,49.0,6605,284.83,12.27
1777790233,llama3.1:8b,49.0,6609,292.92,12.23
1777790286,llama3.1:8b,51.0,6612,288.20,12.20
1777790338,llama3.1:8b,49.0,6614,298.81,12.25
1777790386,llama3.1:8b,49.0,6607,295.38,12.35
1777790434,llama3.1:8b,51.0,6616,299.20,12.20
1777790485,llama3.1:8b,48.0,6615,294.36,12.23
1777790533,llama3.1:8b,45.0,6618,290.43,12.25
1777790580,llama3.1:8b,49.0,6616,288.19,12.18
1777790642,llama3.1:8b,48.0,6620,290.39,12.29
1777790685,llama3.1:8b,49.0,6615,293.59,12.22
1777790733,llama3.1:8b,49.0,6617,288.36,12.35
1777790780,llama3.1:8b,51.0,6618,302.98,12.27
1777790824,llama3.1:8b,49.0,6612,298.84,12.21
1777790877,llama3.1:8b,51.0,6616,303.24,12.17
1777790941,llama3.1:8b,48.0,6609,292.26,12.27
1777790990,llama3.1:8b,49.0,6609,293.56,12.30
1777791033,llama3.1:8b,47.0,6609,294.46,12.17
1777791089,llama3.1:8b,48.0,6616,295.52,12.38
1777791127,llama3.1:8b,49.0,6610,294.24,12.06
1777791197,llama3.1:8b,49.0,6611,296.06,12.22
1777791249,llama3.1:8b,49.0,6619,288.02,12.37
1777791299,llama3.1:8b,49.0,6612,282.29,12.20
1777791351,llama3.1:8b,49.0,6611,294.20,12.13
1777791407,llama3.1:8b,49.0,6618,280.06,12.16
1777791462,llama3.1:8b,45.0,6615,295.76,12.27
1777791512,llama3.1:8b,51.0,6611,296.70,12.25
1777791563,llama3.1:8b,48.0,6617,293.50,12.29
1777791617,llama3.1:8b,48.0,6619,283.59,12.31
1777791664,llama3.1:8b,46.0,6650,286.88,12.20
1777791718,llama3.1:8b,49.0,6643,290.72,12.22
1777791768,llama3.1:8b,48.0,6635,285.37,12.17
1777791834,llama3.1:8b,46.0,6622,289.41,12.20
1777791883,llama3.1:8b,44.0,6613,296.53,12.19
1777791937,llama3.1:8b,48.0,6601,300.40,12.25
1777791993,llama3.1:8b,48.0,6597,291.40,12.24
1777792048,llama3.1:8b,48.0,6605,294.26,12.23
1777792099,llama3.1:8b,51.0,6592,292.61,12.29
1777792142,llama3.1:8b,49.0,6599,286.41,12.17
1777792203,llama3.1:8b,47.0,6600,300.75,12.34
1777792251,llama3.1:8b,49.0,6611,296.12,12.27
1777792307,llama3.1:8b,49.0,6619,289.43,12.20
1777792362,llama3.1:8b,49.0,6608,294.76,12.13
1777792425,llama3.1:8b,51.0,6608,300.29,12.24
1777792473,llama3.1:8b,45.0,6609,283.23,12.23
1777792531,llama3.1:8b,49.0,6614,295.09,12.20
1777792589,llama3.1:8b,48.0,6613,295.86,12.21
1777792642,llama3.1:8b,44.0,6614,300.29,12.24
1777792696,llama3.1:8b,49.0,6609,289.16,12.26
1777792747,llama3.1:8b,48.0,6608,289.84,12.20
1777792807,llama3.1:8b,49.0,6619,287.22,12.27
1777792854,llama3.1:8b,48.0,6611,299.12,12.23
1777792906,llama3.1:8b,49.0,6616,284.20,12.21
1777792955,llama3.1:8b,49.0,6610,289.32,12.33
1777792997,llama3.1:8b,52.0,6621,297.87,12.23
1777793054,llama3.1:8b,48.0,6618,296.04,12.22
1777793105,llama3.1:8b,47.0,6608,281.45,12.28
1777793153,llama3.1:8b,48.0,6612,295.10,12.20
1777793208,llama3.1:8b,48.0,6617,296.96,12.25
1777793257,llama3.1:8b,44.0,6622,286.82,12.23
1777793310,llama3.1:8b,48.0,6623,300.26,12.15
1777793368,llama3.1:8b,51.0,6622,296.25,12.16
1777793425,llama3.1:8b,52.0,6616,293.80,12.15
1777793486,llama3.1:8b,48.0,6634,293.66,12.27
1777793529,llama3.1:8b,51.0,6618,279.16,12.25
1777793579,llama3.1:8b,49.0,6612,297.13,12.39
1777793622,llama3.1:8b,49.0,6610,287.46,12.31
1777793675,llama3.1:8b,51.0,6620,293.87,12.31
1777793718,llama3.1:8b,45.0,6619,288.31,12.32
1777793764,llama3.1:8b,48.0,6617,305.39,12.35
1777793810,llama3.1:8b,48.0,6609,295.56,12.19
1777793868,llama3.1:8b,44.0,6613,295.16,12.29
1777793917,llama3.1:8b,49.0,6618,298.67,12.21
1777793969,llama3.1:8b,48.0,6618,293.82,12.25
1777794014,llama3.1:8b,49.0,6611,285.62,12.30
1777794065,llama3.1:8b,49.0,6608,300.64,12.28
1777794116,llama3.1:8b,46.0,6612,283.11,12.34
1777794158,llama3.1:8b,51.0,6603,294.06,12.26
1777794202,llama3.1:8b,45.0,6606,291.67,12.24
1777794249,llama3.1:8b,49.0,6609,278.52,12.38
1777794299,llama3.1:8b,51.0,6608,296.22,12.24
1777794353,llama3.1:8b,45.0,6614,296.37,12.25
1777794401,llama3.1:8b,46.0,6607,302.15,12.33
1777794438,llama3.1:8b,49.0,6619,284.14,12.25
1777794489,llama3.1:8b,51.0,6617,295.61,12.21
1777794538,llama3.1:8b,49.0,6617,302.78,12.17
1777794589,llama3.1:8b,48.0,6613,303.50,12.21
1777794645,llama3.1:8b,46.0,6617,302.67,12.34
1777794686,llama3.1:8b,44.0,6614,279.67,12.27
1777794733,llama3.1:8b,45.0,6618,300.91,12.24
1777794787,llama3.1:8b,48.0,6618,294.91,12.28
1777794838,llama3.1:8b,49.0,6622,294.22,12.25
1777794896,llama3.1:8b,45.0,6615,296.92,12.27
1777794945,llama3.1:8b,44.0,6617,304.06,12.24
1777794990,llama3.1:8b,49.0,6619,295.73,12.22
1777795041,llama3.1:8b,49.0,6614,301.20,12.29
1777795096,llama3.1:8b,48.0,6618,298.65,12.32
1777795143,llama3.1:8b,48.0,6621,298.89,12.23
1777795197,llama3.1:8b,49.0,6633,300.57,12.15
1777795257,llama3.1:8b,44.0,6626,301.54,12.24
1777795305,llama3.1:8b,47.0,6621,286.91,12.28
1777795354,llama3.1:8b,48.0,6616,298.89,12.36
1777795397,llama3.1:8b,52.0,6622,286.51,12.36
1777795443,llama3.1:8b,48.0,6610,299.22,12.31
1777795487,llama3.1:8b,47.0,6621,299.47,12.15
1777795545,llama3.1:8b,51.0,6614,288.73,12.26
1777795590,llama3.1:8b,49.0,6623,287.47,12.19
1777795648,llama3.1:8b,49.0,6617,294.99,12.28
1777795686,llama3.1:8b,49.0,6609,288.87,12.26
1777795738,llama3.1:8b,48.0,6612,293.82,12.27
1777795780,llama3.1:8b,48.0,6616,294.02,12.15
1777795838,llama3.1:8b,45.0,6618,294.89,12.24
1777795879,llama3.1:8b,49.0,6625,294.74,12.33
1777795931,llama3.1:8b,48.0,6616,297.62,12.32
1777795981,llama3.1:8b,47.0,6627,293.42,12.25
1777796030,llama3.1:8b,48.0,6624,300.55,12.22
1777796079,llama3.1:8b,49.0,6621,301.20,12.22
1777796133,llama3.1:8b,48.0,6619,294.04,12.11
1777796194,llama3.1:8b,47.0,6628,293.51,12.16
1777796252,llama3.1:8b,48.0,6629,299.28,12.34
1777796295,llama3.1:8b,48.0,6621,296.43,12.22
1777796344,llama3.1:8b,48.0,6628,285.68,12.18
1777796403,llama3.1:8b,44.0,6631,298.30,12.37
1777796454,llama3.1:8b,48.0,6626,288.18,12.17
1777796507,llama3.1:8b,49.0,6621,282.37,12.17
1777796556,llama3.1:8b,49.0,6617,296.08,12.24
1777796599,llama3.1:8b,48.0,6628,291.24,12.22
1777796651,llama3.1:8b,48.0,6621,301.26,12.14
1777796709,llama3.1:8b,45.0,6621,283.34,12.29
1777796755,llama3.1:8b,48.0,6617,290.25,12.14
1777796810,llama3.1:8b,48.0,6607,294.58,12.35
1777796852,llama3.1:8b,47.0,6616,287.09,12.31
1777796900,llama3.1:8b,52.0,6609,293.62,12.20
1777796953,llama3.1:8b,49.0,6618,295.73,12.21
1777797003,llama3.1:8b,49.0,6609,293.97,12.21
1777797057,llama3.1:8b,49.0,6613,295.59,12.30
1777797098,llama3.1:8b,47.0,6601,303.90,12.24
1777797146,llama3.1:8b,48.0,6602,294.19,12.08
1777797214,llama3.1:8b,45.0,6611,298.65,12.18
1777797268,llama3.1:8b,46.0,6606,297.18,12.38
1777797317,llama3.1:8b,49.0,6610,286.93,12.26
1777797376,llama3.1:8b,49.0,6601,302.62,12.34
1777797419,llama3.1:8b,49.0,6598,287.13,12.29
1777797467,llama3.1:8b,45.0,6609,295.61,12.37
1777797512,llama3.1:8b,46.0,6609,293.51,12.22
1777797567,llama3.1:8b,49.0,6598,286.91,12.25
1777797624,llama3.1:8b,47.0,6605,292.52,12.20
1777797679,llama3.1:8b,48.0,6612,288.96,12.18
1777797733,llama3.1:8b,48.0,6608,294.12,12.23
1777797790,llama3.1:8b,45.0,6610,294.35,12.11
1777797856,llama3.1:8b,48.0,6620,283.27,12.35
1777797904,llama3.1:8b,51.0,6620,292.36,12.41
1777797944,llama3.1:8b,48.0,6625,298.44,12.41
1777797993,llama3.1:8b,51.0,6619,300.34,12.41
1777798036,llama3.1:8b,48.0,6619,291.24,12.26
1777798089,llama3.1:8b,49.0,6618,302.28,12.24
1777798140,llama3.1:8b,45.0,6613,300.91,12.30
1777798200,llama3.1:8b,49.0,6615,300.14,12.22
1777798257,llama3.1:8b,48.0,6617,289.70,12.24
1777798303,llama3.1:8b,48.0,6614,289.13,12.31
1777798344,llama3.1:8b,49.0,6613,295.03,12.30
1777798391,llama3.1:8b,48.0,6614,292.97,12.25
1777798445,llama3.1:8b,48.0,6612,285.77,12.40
1777798496,llama3.1:8b,49.0,6609,293.83,12.32
1777798549,llama3.1:8b,49.0,6612,291.78,12.38
1777798603,llama3.1:8b,49.0,6611,304.07,12.42
1777798644,llama3.1:8b,49.0,6611,298.31,12.19
1777798704,llama3.1:8b,48.0,6611,282.43,12.34
1777798744,llama3.1:8b,48.0,6617,297.15,12.24
1777798794,llama3.1:8b,49.0,6602,291.95,12.26
1777798848,llama3.1:8b,48.0,6639,289.51,12.20
1777798904,llama3.1:8b,49.0,6649,285.47,12.36
1777798957,llama3.1:8b,51.0,6609,299.18,12.24
1777799015,llama3.1:8b,49.0,6620,285.15,12.26
1777799059,llama3.1:8b,49.0,6609,293.23,12.30
1777799106,llama3.1:8b,51.0,6612,289.68,12.26
1777799161,llama3.1:8b,48.0,6602,303.19,12.29
1777799212,llama3.1:8b,51.0,6604,287.54,12.35
1777799261,llama3.1:8b,49.0,6613,286.38,12.29
1777799306,llama3.1:8b,46.0,6619,292.95,12.17
1777799366,llama3.1:8b,49.0,6616,292.60,12.24
1777799425,llama3.1:8b,49.0,6620,296.62,12.20
1777799484,llama3.1:8b,49.0,6618,293.47,12.24
1777799540,llama3.1:8b,46.0,6614,287.36,12.24
1777799596,llama3.1:8b,51.0,6607,302.92,12.17
1777799653,llama3.1:8b,48.0,6613,287.13,12.24
1777799702,llama3.1:8b,49.0,6607,284.93,12.29
1777799758,llama3.1:8b,49.0,6611,300.50,12.45
1777799799,llama3.1:8b,49.0,6604,291.49,12.18
1777799852,llama3.1:8b,49.0,6616,293.23,12.28
1777799895,llama3.1:8b,48.0,6615,286.39,12.21
1777799947,llama3.1:8b,48.0,6611,283.51,12.17
1777799999,llama3.1:8b,51.0,6619,299.45,12.25
1777800049,llama3.1:8b,49.0,6613,285.43,12.18
1777800100,llama3.1:8b,51.0,6623,289.83,12.25
1777800147,llama3.1:8b,51.0,6626,292.09,12.18
1777800202,llama3.1:8b,45.0,6618,296.47,12.27
1777800248,llama3.1:8b,48.0,6612,295.11,12.28
1777800289,llama3.1:8b,45.0,6614,305.05,12.18
1777800345,llama3.1:8b,48.0,6615,296.35,12.12
1777800405,llama3.1:8b,48.0,6613,298.97,12.38
1777800451,llama3.1:8b,51.0,6602,283.12,12.23
1777800505,llama3.1:8b,49.0,6613,300.73,12.32
1777800557,llama3.1:8b,49.0,6614,281.76,12.25
1777800606,llama3.1:8b,49.0,6612,298.23,12.33
1777800653,llama3.1:8b,48.0,6615,291.76,12.15
1777800710,llama3.1:8b,48.0,6614,299.36,12.15
1777800767,llama3.1:8b,48.0,6616,291.01,12.23
1777800815,llama3.1:8b,48.0,6613,292.86,12.24
1777800864,llama3.1:8b,48.0,6617,286.64,12.27
1777800911,llama3.1:8b,49.0,6616,294.05,12.25
1777800959,llama3.1:8b,49.0,6615,302.47,12.41
1777801014,llama3.1:8b,49.0,6614,297.23,12.29
1777801064,llama3.1:8b,51.0,6615,290.99,12.22
1777801116,llama3.1:8b,49.0,6622,287.00,12.19
1777801172,llama3.1:8b,49.0,6608,279.51,12.24
1777801228,llama3.1:8b,49.0,6605,296.42,12.25
1777801281,llama3.1:8b,45.0,6617,290.43,12.22
1777801330,llama3.1:8b,48.0,6596,282.41,12.19
1777801385,llama3.1:8b,51.0,6612,288.60,12.19
1777801439,llama3.1:8b,48.0,6611,291.72,12.36
1777801476,llama3.1:8b,45.0,6615,288.56,12.29
1777801531,llama3.1:8b,49.0,6618,295.39,12.12
1777801592,llama3.1:8b,48.0,6606,288.53,12.17
1777801645,llama3.1:8b,44.0,6604,284.50,12.09
1777801706,llama3.1:8b,49.0,6598,293.62,12.28
1777801747,llama3.1:8b,46.0,6601,283.08,12.37
1777801795,llama3.1:8b,49.0,6615,303.60,12.26
1777801853,llama3.1:8b,48.0,6606,298.14,12.34
1777801898,llama3.1:8b,44.0,6611,299.39,12.21
1777801943,llama3.1:8b,45.0,6625,299.87,12.22
1777801996,llama3.1:8b,48.0,6609,288.44,12.33
1777802042,llama3.1:8b,46.0,6610,277.32,12.23
1777802091,llama3.1:8b,47.0,6607,298.35,12.23
1777802140,llama3.1:8b,47.0,6607,297.04,12.22
1777802194,llama3.1:8b,48.0,6613,295.14,12.27
1777802249,llama3.1:8b,48.0,6611,297.33,12.24
1777802297,llama3.1:8b,48.0,6606,291.45,12.19
1777802358,llama3.1:8b,54.0,6609,295.03,12.32
1777802411,llama3.1:8b,48.0,6599,285.21,12.24
1777802467,llama3.1:8b,49.0,6598,286.07,12.35
1777802513,llama3.1:8b,45.0,6599,295.36,12.28
1777802559,llama3.1:8b,44.0,6605,292.55,12.28
1777802605,llama3.1:8b,49.0,6604,302.15,12.21
1777802658,llama3.1:8b,48.0,6611,280.15,12.34
1777802704,llama3.1:8b,48.0,6605,297.80,12.20
1777802756,llama3.1:8b,48.0,6614,291.45,12.16
1777802809,llama3.1:8b,48.0,6614,295.21,12.37
1777802859,llama3.1:8b,48.0,6613,282.18,12.27
1777802912,llama3.1:8b,49.0,6605,295.61,12.38
1777802953,llama3.1:8b,49.0,6608,295.89,12.37
1777802999,llama3.1:8b,48.0,6618,297.53,12.20
1777803055,llama3.1:8b,48.0,6606,302.65,12.23
1777803104,llama3.1:8b,44.0,6607,286.20,12.25
1777803162,llama3.1:8b,48.0,6606,298.36,12.21
1777803216,llama3.1:8b,44.0,6608,290.82,12.32
1777803260,llama3.1:8b,49.0,6616,294.15,12.23
1777803309,llama3.1:8b,47.0,6618,296.66,12.25
1777803359,llama3.1:8b,49.0,6614,296.25,12.29
1777803398,llama3.1:8b,49.0,6616,286.10,12.21
1777803450,llama3.1:8b,45.0,6621,286.90,12.33
1777803492,llama3.1:8b,48.0,6606,287.30,12.22
1777803543,llama3.1:8b,49.0,6614,289.12,12.25
1777803592,llama3.1:8b,49.0,6610,284.60,12.23
1777803649,llama3.1:8b,49.0,6622,303.81,12.19
1777803702,llama3.1:8b,48.0,6608,294.47,12.25
1777803752,llama3.1:8b,45.0,6610,292.95,12.18
1777803812,llama3.1:8b,49.0,6619,287.76,12.36
1777803864,llama3.1:8b,51.0,6609,300.49,12.23
1777803920,llama3.1:8b,48.0,6607,292.07,12.21
1777803970,llama3.1:8b,50.0,6612,290.82,12.26
1777804020,llama3.1:8b,56.0,6605,280.43,12.32
1777804070,llama3.1:8b,49.0,6606,301.59,12.21
1777804128,llama3.1:8b,49.0,6610,296.97,12.30
1777804172,llama3.1:8b,52.0,6605,277.96,12.26
1777804223,llama3.1:8b,49.0,6609,297.95,12.19
1777804279,llama3.1:8b,52.0,6615,295.40,12.31
1777804322,llama3.1:8b,49.0,6603,295.37,12.38
1777804364,llama3.1:8b,49.0,6607,296.86,12.19
1777804420,llama3.1:8b,47.0,6601,296.04,12.33
1777804470,llama3.1:8b,45.0,6609,291.87,12.29
1777804517,llama3.1:8b,49.0,6618,287.89,12.22
1777804567,llama3.1:8b,47.0,6605,302.34,12.24
1777804622,llama3.1:8b,49.0,6612,291.40,12.24
1777804670,llama3.1:8b,51.0,6614,294.09,12.19
1777804724,llama3.1:8b,51.0,6606,299.86,12.20
1777804777,llama3.1:8b,49.0,6610,295.38,12.24
1777804825,llama3.1:8b,49.0,6612,293.46,12.18
1777804879,llama3.1:8b,49.0,6607,295.80,12.21
1777804932,llama3.1:8b,49.0,6610,288.17,12.16
1777804992,llama3.1:8b,49.0,6612,294.73,12.29
1777805037,llama3.1:8b,49.0,6618,290.25,12.22
1777805092,llama3.1:8b,49.0,6615,280.61,12.30
1777805132,llama3.1:8b,49.0,6622,296.55,12.17
1777805183,llama3.1:8b,49.0,6596,292.50,12.23
1777805234,llama3.1:8b,49.0,6601,296.16,12.35
1777805273,llama3.1:8b,46.0,6612,290.56,12.21
1777805328,llama3.1:8b,49.0,6618,288.18,12.23
1777805372,llama3.1:8b,45.0,6620,285.28,12.22
1777805426,llama3.1:8b,49.0,6628,297.47,12.22
1777805481,llama3.1:8b,49.0,6608,287.81,12.28
1777805525,llama3.1:8b,49.0,6613,287.90,12.18
1777805578,llama3.1:8b,48.0,6602,292.80,12.10
1777805644,llama3.1:8b,51.0,6621,296.66,12.38
1777805684,llama3.1:8b,48.0,6611,297.33,12.35
1777805723,llama3.1:8b,51.0,6612,297.62,12.22
1777805772,llama3.1:8b,45.0,6615,298.08,12.16
1777805821,llama3.1:8b,49.0,6607,297.05,12.31
1777805861,llama3.1:8b,48.0,6618,295.80,12.20
1777805916,llama3.1:8b,45.0,6618,304.19,12.24
1777805968,llama3.1:8b,48.0,6626,275.03,12.25
1777806024,llama3.1:8b,49.0,6626,283.47,12.31
1777806065,llama3.1:8b,49.0,6642,298.71,12.19
1777806120,llama3.1:8b,49.0,6636,289.04,12.26
1777806168,llama3.1:8b,45.0,6623,281.25,12.34
1777806219,llama3.1:8b,51.0,6627,292.70,12.17
1777806281,llama3.1:8b,49.0,6627,295.44,12.39
1777806320,llama3.1:8b,48.0,6623,279.88,12.27
1777806368,llama3.1:8b,49.0,6610,297.17,12.19
1777806421,llama3.1:8b,49.0,6615,280.57,12.23
1777806469,llama3.1:8b,48.0,6625,290.31,12.33
1777806510,llama3.1:8b,47.0,6617,287.77,12.12
1777806575,llama3.1:8b,49.0,6624,295.71,12.24
1777806627,llama3.1:8b,49.0,6619,295.21,12.13
1777806688,llama3.1:8b,49.0,6623,286.28,12.32
1777806732,llama3.1:8b,49.0,6620,297.94,12.16
1777806794,llama3.1:8b,45.0,6618,294.44,12.19
1777806857,llama3.1:8b,44.0,6612,289.57,12.33
1777806899,llama3.1:8b,48.0,6612,287.64,12.20
1777806949,llama3.1:8b,48.0,6611,293.08,12.20
1777807006,llama3.1:8b,49.0,6613,290.57,12.22
1777807060,llama3.1:8b,49.0,6605,295.12,12.25
1777807110,llama3.1:8b,51.0,6618,294.54,12.33
1777807153,llama3.1:8b,49.0,6614,295.36,12.26
1777807208,llama3.1:8b,49.0,6604,290.46,12.20
1777807263,llama3.1:8b,48.0,6613,283.74,12.21
1777807315,llama3.1:8b,48.0,6612,290.27,12.03
1777807383,llama3.1:8b,51.0,6601,298.65,12.28
1777807432,llama3.1:8b,48.0,6609,304.44,12.23
1777807490,llama3.1:8b,44.0,6605,303.81,12.28
1777807533,llama3.1:8b,47.0,6603,292.92,12.19
1777807587,llama3.1:8b,49.0,6603,281.54,12.33
1777807630,llama3.1:8b,48.0,6609,293.49,12.30
1777807675,llama3.1:8b,51.0,6609,281.24,12.25
1777807731,llama3.1:8b,52.0,6611,287.83,12.23
1777807784,llama3.1:8b,49.0,6608,298.57,12.43
1777807826,llama3.1:8b,49.0,6600,297.91,12.23
1777807880,llama3.1:8b,48.0,6601,291.39,12.20
1777807932,llama3.1:8b,44.0,6602,294.45,12.26
1777807974,llama3.1:8b,48.0,6613,294.79,12.22
1777808025,llama3.1:8b,48.0,6618,286.95,12.24
1777808078,llama3.1:8b,47.0,6609,290.36,12.27
1777808123,llama3.1:8b,49.0,6601,293.54,12.23
1777808171,llama3.1:8b,51.0,6608,285.43,12.31
1777808220,llama3.1:8b,48.0,6610,291.04,12.26
1777808268,llama3.1:8b,48.0,6610,291.05,12.28
1777808316,llama3.1:8b,49.0,6618,291.45,12.28
1777808361,llama3.1:8b,48.0,6606,288.84,12.21
1777808417,llama3.1:8b,59.0,6618,282.24,12.16
1777808474,llama3.1:8b,48.0,6605,296.69,12.29
1777808516,llama3.1:8b,44.0,6608,298.92,12.37
1777808569,llama3.1:8b,48.0,6616,292.73,12.30
1777808614,llama3.1:8b,48.0,6619,294.35,12.16
1777808670,llama3.1:8b,48.0,6612,293.51,12.34
1777808714,llama3.1:8b,49.0,6611,280.70,12.22
1777808768,llama3.1:8b,45.0,6613,288.69,12.32
1777808815,llama3.1:8b,48.0,6606,296.73,12.21
1777808865,llama3.1:8b,49.0,6610,297.39,12.23
1777808917,llama3.1:8b,49.0,6616,298.26,12.25
1777808974,llama3.1:8b,45.0,6616,294.00,12.29
1777809025,llama3.1:8b,48.0,6605,298.73,12.17
1777809077,llama3.1:8b,48.0,6600,290.87,12.33
1777809116,llama3.1:8b,49.0,6608,294.60,12.49
1777809156,llama3.1:8b,49.0,6614,281.25,12.12
1777809219,llama3.1:8b,51.0,6614,296.24,12.08
1777809285,llama3.1:8b,45.0,6610,287.02,12.24
1777809329,llama3.1:8b,51.0,6615,296.87,12.24
1777809375,llama3.1:8b,49.0,6608,291.08,12.18
1777809435,llama3.1:8b,48.0,6600,296.52,12.17
1777809490,llama3.1:8b,48.0,6603,296.09,12.29
1777809532,llama3.1:8b,45.0,6607,296.40,12.26
1777809585,llama3.1:8b,45.0,6618,296.56,12.29
1777809640,llama3.1:8b,49.0,6608,292.10,12.24
1777809689,llama3.1:8b,44.0,6612,298.18,12.19
1777809745,llama3.1:8b,48.0,6611,303.66,12.17
1777809801,llama3.1:8b,49.0,6613,292.33,12.28
1777809850,llama3.1:8b,49.0,6598,282.43,12.18
1777809912,llama3.1:8b,49.0,6602,297.15,12.31
1777809961,llama3.1:8b,48.0,6610,298.81,12.29
1777810006,llama3.1:8b,49.0,6611,292.51,12.15
1777810066,llama3.1:8b,51.0,6599,291.54,12.23
1777810117,llama3.1:8b,51.0,6603,298.06,12.19
1777810165,llama3.1:8b,49.0,6612,295.96,12.28
1777810210,llama3.1:8b,48.0,6608,289.73,12.23
1777810259,llama3.1:8b,49.0,6601,283.78,12.28
1777810304,llama3.1:8b,48.0,6602,287.38,12.36
1777810350,llama3.1:8b,49.0,6596,297.12,12.21
1777810403,llama3.1:8b,48.0,6593,297.39,12.28
1777810448,llama3.1:8b,48.0,6596,296.41,12.09
1777810513,llama3.1:8b,49.0,6596,285.07,12.22
1777810558,llama3.1:8b,44.0,6605,283.97,12.18
1777810614,llama3.1:8b,49.0,6597,290.40,12.32
1777810656,llama3.1:8b,49.0,6592,293.00,12.36
1777810710,llama3.1:8b,45.0,6605,283.78,12.16
1777810769,llama3.1:8b,49.0,6617,283.07,12.20
1777810819,llama3.1:8b,49.0,6608,283.32,12.25
1777810869,llama3.1:8b,47.0,6613,294.41,12.20
1777810918,llama3.1:8b,48.0,6615,290.58,12.26
1777810972,llama3.1:8b,49.0,6613,281.17,12.29
1777811021,llama3.1:8b,48.0,6613,285.47,12.24
1777811072,llama3.1:8b,48.0,6604,295.89,12.28
1777811124,llama3.1:8b,51.0,6612,300.26,12.28
1777811167,llama3.1:8b,53.0,6620,289.50,12.15
1777811221,llama3.1:8b,45.0,6615,282.25,12.20
1777811269,llama3.1:8b,51.0,6599,294.43,12.25
1777811322,llama3.1:8b,51.0,6612,293.98,12.20
1777811377,llama3.1:8b,49.0,6609,295.08,12.40
1777811425,llama3.1:8b,49.0,6618,288.31,12.26
1777811481,llama3.1:8b,49.0,6616,289.81,12.16
1777811536,llama3.1:8b,49.0,6606,291.23,12.28
1777811578,llama3.1:8b,49.0,6602,287.04,12.17
1777811635,llama3.1:8b,49.0,6608,295.98,12.24
1777811693,llama3.1:8b,49.0,6601,292.77,12.30
1777811735,llama3.1:8b,49.0,6601,296.53,12.25
1777811787,llama3.1:8b,49.0,6611,304.63,12.30
1777811839,llama3.1:8b,49.0,6609,300.61,12.24
1777811899,llama3.1:8b,51.0,6612,297.34,12.34
1777811950,llama3.1:8b,49.0,6609,291.57,12.31
1777811997,llama3.1:8b,49.0,6608,289.86,12.32
1777812046,llama3.1:8b,51.0,6600,299.45,12.30
1777812091,llama3.1:8b,49.0,6609,296.34,12.18
1777812145,llama3.1:8b,48.0,6601,293.79,12.23
1777812193,llama3.1:8b,49.0,6619,284.99,12.25
1777812246,llama3.1:8b,49.0,6613,294.47,12.15
1777812307,llama3.1:8b,51.0,6604,293.86,12.19
1777812362,llama3.1:8b,49.0,6608,295.18,12.25
1777812410,llama3.1:8b,48.0,6599,287.80,12.27
1777812454,llama3.1:8b,48.0,6600,284.31,12.25
1777812504,llama3.1:8b,47.0,6604,282.83,12.13
