Time,CPU_Usage,RAM_Used_MB
21:36:59,6.2,1328
21:37:01,5.3,4439
21:37:02,30,6649
21:37:03,30.2,6647
21:37:04,30,6646
21:37:06,30,6644
21:37:07,30.5,6646
21:37:08,29.9,6646
21:37:09,29.9,6649
21:37:10,30.4,6643
21:37:12,29.9,6638
21:37:13,30.3,6636
21:37:14,29.8,6638
21:37:15,30.3,6635
21:37:17,30.5,6634
21:37:18,30.2,6631
21:37:19,30.4,6635
21:37:20,30.2,6632
21:37:21,30.3,6636
21:37:23,29.9,6636
21:37:24,30.5,6636
21:37:25,29.8,6634
21:37:26,30.2,6634
21:37:28,30.4,6631
21:37:29,30.2,6629
21:37:30,30.2,6625
21:37:31,30.4,6625
21:37:32,30.3,6626
21:37:34,29.9,6628
21:37:35,30.3,6627
21:37:36,30.5,6626
21:37:37,30.2,6629
21:37:39,29.7,6629
21:37:40,30.4,6630
21:37:41,30.2,6631
21:37:42,30.4,6633
21:37:43,30.4,6635
21:37:45,30,6631
21:37:46,30.4,6631
21:37:47,30.3,6631
21:37:48,30.5,6632
21:37:50,29.8,6630
21:37:51,30.2,6632
21:37:52,30.3,6632
21:37:53,20.1,6640
21:37:54,30,6641
21:37:56,30.2,6644
21:37:57,30.4,6645
21:37:58,30.4,6644
21:37:59,30,6644
21:38:01,30.4,6643
21:38:02,30.2,6641
21:38:03,30.2,6642
21:38:04,30.2,6641
21:38:06,30.1,6640
21:38:07,30,6638
21:38:08,30,6638
21:38:09,29.9,6639
21:38:10,30,6640
21:38:12,30,6637
21:38:13,30.2,6637
21:38:14,30.2,6638
21:38:15,30.2,6639
21:38:17,30.2,6636
21:38:18,30.3,6640
21:38:19,30,6641
21:38:20,30.5,6642
21:38:21,29.9,6642
21:38:23,30.5,6641
21:38:24,30.3,6642
21:38:25,30.2,6642
21:38:26,30,6642
21:38:28,30.3,6641
21:38:29,30.4,6640
21:38:30,29.9,6637
21:38:31,30.1,6637
21:38:32,30,6640
21:38:34,30.4,6643
21:38:35,29.9,6645
21:38:36,30.7,6643
21:38:37,30.2,6641
21:38:39,29.9,6643
21:38:40,29.7,6644
21:38:41,30.2,6645
21:38:42,29.7,6642
21:38:43,30.4,6641
21:38:45,30.3,6643
21:38:46,30,6642
21:38:47,30.7,6640
21:38:48,30.4,6641
21:38:50,30.3,6639
21:38:51,30,6632
21:38:52,30.4,6633
21:38:53,30.5,6635
21:38:54,30,6639
21:38:56,30,6640
21:38:57,30,6642
21:38:58,30.3,6642
21:38:59,29.9,6640
21:39:01,30.7,6642
21:39:02,30.3,6642
21:39:03,30.3,6646
21:39:04,30.7,6647
21:39:05,30,6648
21:39:07,30.2,6647
21:39:08,30.1,6646
21:39:09,30,6646
21:39:10,30.4,6647
21:39:12,30.4,6648
21:39:13,30.2,6652
21:39:14,30.3,6652
21:39:15,30.7,6655
21:39:16,29.9,6656
21:39:18,30.3,6655
21:39:19,30.4,6655
21:39:20,30.3,6656
21:39:21,29.9,6653
21:39:23,30,6652
21:39:24,30.7,6654
21:39:25,30.5,6653
21:39:26,30,6652
21:39:27,30,6652
21:39:29,30,6652
21:39:30,30.3,6651
21:39:31,30.3,6653
21:39:32,30.8,6651
21:39:34,30.7,6651
21:39:35,28.8,6640
21:39:36,30.2,6640
21:39:37,30,6639
21:39:38,30.5,6640
21:39:40,29.9,6640
21:39:41,30.7,6640
21:39:42,30.7,6641
21:39:43,30,6643
21:39:45,29.8,6639
21:39:46,29.8,6637
21:39:47,30,6640
21:39:48,29.7,6642
21:39:50,30,6641
21:39:51,30.2,6645
21:39:52,29.9,6647
21:39:53,30,6647
21:39:54,30.5,6649
21:39:56,30.4,6648
21:39:57,30,6647
21:39:58,30.3,6646
21:39:59,30.3,6647
21:40:01,30.5,6647
21:40:02,29.9,6652
21:40:03,30.4,6652
21:40:04,30.3,6652
21:40:05,30.5,6653
21:40:07,30,6651
21:40:08,30.3,6650
21:40:09,30.3,6649
21:40:10,29.7,6649
21:40:12,30.3,6647
21:40:13,29.7,6640
21:40:14,30.4,6643
21:40:15,30.3,6644
21:40:16,30.1,6644
21:40:18,30,6638
21:40:19,30.5,6642
21:40:20,30.4,6643
21:40:21,30.2,6643
21:40:23,30.4,6642
21:40:24,30.2,6641
21:40:25,30.5,6640
21:40:26,30.2,6637
21:40:27,30.6,6640
21:40:29,30.5,6640
21:40:30,31,6641
21:40:31,30.2,6637
21:40:32,29.9,6639
21:40:34,30,6642
21:40:35,30,6639
21:40:36,30,6640
21:40:37,29.9,6640
21:40:38,30.5,6640
21:40:40,30.7,6642
21:40:41,30.5,6644
21:40:42,29.9,6647
21:40:43,30.7,6646
21:40:45,30,6647
21:40:46,30.7,6646
21:40:47,30.4,6647
21:40:48,30,6647
21:40:49,30.5,6647
21:40:51,30,6647
21:40:52,30,6645
21:40:53,30.4,6643
21:40:54,30.7,6638
21:40:56,30.4,6638
21:40:57,30.7,6638
21:40:58,30.5,6637
21:40:59,30,6638
21:41:00,30.7,6638
21:41:02,30,6638
21:41:03,30,6638
21:41:04,30,6642
21:41:05,30,6642
21:41:07,30.7,6642
21:41:08,30.5,6643
21:41:09,30.4,6642
21:41:10,30,6639
21:41:11,30.2,6638
21:41:13,30.7,6637
21:41:14,29.7,6634
21:41:15,30.2,6633
21:41:16,30.5,6627
21:41:18,30.3,6632
21:41:19,30.5,6633
21:41:20,30.2,6634
21:41:21,30,6633
21:41:23,30.7,6636
21:41:24,30.5,6633
21:41:25,30.2,6635
21:41:26,29.9,6636
21:41:27,29.5,6636
21:41:29,30.4,6636
21:41:30,30.4,6635
21:41:31,30.2,6634
21:41:32,30,6639
21:41:34,30.4,6638
21:41:35,30.7,6639
21:41:36,30.4,6639
21:41:37,30.5,6637
21:41:38,30.5,6638
21:41:40,30.4,6640
21:41:41,30.4,6641
21:41:42,29.8,6641
21:41:43,30,6643
21:41:45,30.3,6642
21:41:46,30,6640
21:41:47,30.2,6639
21:41:48,30.5,6637
21:41:49,30.5,6637
21:41:51,30.4,6640
21:41:52,30.3,6641
21:41:53,29.7,6641
21:41:54,30.4,6642
21:41:56,30.2,6643
21:41:57,30.7,6645
21:41:58,30.4,6646
21:41:59,30,6641
21:42:00,30.7,6641
21:42:02,30.1,6639
21:42:03,30.2,6638
21:42:04,30.2,6640
21:42:05,30.7,6642
21:42:07,30.7,6640
21:42:08,30.2,6641
21:42:09,30.5,6640
21:42:10,30.2,6638
21:42:11,30,6641
21:42:13,30.4,6644
21:42:14,30,6641
21:42:15,30.2,6646
21:42:16,29.5,6648
21:42:18,29.7,6647
21:42:19,30.4,6646
21:42:20,29.9,6645
21:42:21,30,6645
21:42:22,30,6645
21:42:24,30,6643
21:42:25,30.7,6642
21:42:26,30,6642
21:42:27,30.2,6641
21:42:29,29.9,6640
21:42:30,30.6,6640
21:42:31,30,6641
21:42:32,30,6642
21:42:33,30.5,6642
21:42:35,30.7,6644
21:42:36,30,6642
21:42:37,29.7,6641
21:42:38,30.7,6644
21:42:40,30,6642
21:42:41,30.4,6643
21:42:42,30.3,6643
21:42:43,30,6641
21:42:44,29.9,6640
21:42:46,30.2,6639
21:42:47,30,6639
21:42:48,30.3,6637
21:42:49,30.1,6636
21:42:51,30.4,6637
21:42:52,30,6637
21:42:53,30.5,6639
21:42:54,30.7,6643
21:42:55,30.3,6644
21:42:57,30.3,6646
21:42:58,29.9,6646
21:42:59,30.4,6645
21:43:00,30.4,6647
21:43:02,30.5,6647
21:43:03,30.3,6645
21:43:04,30.3,6645
21:43:05,30,6645
21:43:06,29.7,6644
21:43:08,30.5,6645
21:43:09,30,6643
21:43:10,30,6643
21:43:11,29.9,6643
21:43:13,30.3,6643
21:43:14,30.2,6641
21:43:15,30,6644
21:43:16,29.7,6643
21:43:18,30.2,6642
21:43:19,30.2,6645
21:43:20,30,6645
21:43:21,30.4,6644
21:43:22,30.2,6645
21:43:24,30.6,6645
21:43:25,30.4,6645
21:43:26,30,6648
21:43:27,30.2,6648
21:43:29,30.4,6649
21:43:30,30.2,6650
21:43:31,29.5,6649
21:43:32,30,6649
21:43:33,30.4,6654
21:43:35,30,6657
21:43:36,30,6657
21:43:37,30.4,6656
21:43:38,30.7,6653
21:43:40,30,6657
21:43:41,30.3,6659
21:43:42,30.4,6659
21:43:43,30,6660
21:43:44,30.4,6656
21:43:46,30,6655
21:43:47,30.2,6654
21:43:48,30.3,6651
21:43:49,30,6651
21:43:51,30,6651
21:43:52,30.7,6652
21:43:53,30,6654
21:43:54,30,6654
21:43:55,29.9,6654
21:43:57,30,6657
21:43:58,30.5,6658
21:43:59,30.2,6658
21:44:00,30,6660
21:44:02,30.4,6660
21:44:03,30.2,6661
21:44:04,35.3,6688
21:44:05,30.5,6654
21:44:06,29.9,6654
21:44:08,30.3,6651
21:44:09,30.3,6651
21:44:10,30.5,6650
21:44:11,30,6651
21:44:13,30.4,6650
21:44:14,30.2,6651
21:44:15,30,6651
21:44:16,30,6649
21:44:17,29.7,6650
21:44:19,30.4,6651
21:44:20,30.3,6650
21:44:21,30,6651
21:44:22,30.7,6650
21:44:24,30,6647
21:44:25,30,6645
21:44:26,30,6642
21:44:27,29.8,6643
21:44:28,29.9,6642
21:44:30,30.2,6642
21:44:31,30.4,6643
21:44:32,30.3,6643
21:44:33,30.5,6645
21:44:35,30.4,6645
21:44:36,29.9,6646
21:44:37,30.1,6649
21:44:38,30,6650
21:44:39,30.7,6649
21:44:41,30.3,6651
21:44:42,30.2,6652
21:44:43,30.2,6653
21:44:44,30,6653
21:44:46,30,6654
21:44:47,30,6653
21:44:48,30.3,6652
21:44:49,30.4,6652
21:44:50,30.4,6650
21:44:52,29.9,6652
21:44:53,30,6652
21:44:54,30.7,6652
21:44:55,30,6650
21:44:57,30.2,6650
21:44:58,30.1,6650
21:44:59,30.4,6653
21:45:00,30.3,6656
21:45:02,30.7,6653
21:45:03,30,6654
21:45:04,30.4,6653
21:45:05,30,6653
21:45:06,30.2,6654
21:45:08,30.5,6654
21:45:09,30.7,6653
21:45:10,30,6655
21:45:11,30.3,6655
21:45:13,30.5,6656
21:45:14,30.7,6657
21:45:15,30.3,6658
21:45:16,30.4,6657
21:45:17,30.3,6656
21:45:19,30.2,6654
21:45:20,30.7,6654
21:45:21,30.7,6667
21:45:22,30.5,6666
21:45:24,30.4,6668
21:45:25,30.3,6668
21:45:26,30.3,6669
21:45:27,30.2,6667
21:45:28,30.4,6666
21:45:30,30.2,6664
21:45:31,30.7,6665
21:45:32,30.6,6664
21:45:33,30.3,6661
21:45:35,30,6655
21:45:36,30.5,6657
21:45:37,29.7,6658
21:45:38,29.9,6661
21:45:39,29.9,6661
21:45:41,30.2,6661
21:45:42,30.2,6662
21:45:43,30.4,6663
21:45:44,30.3,6662
21:45:46,30,6661
21:45:47,30.1,6661
21:45:48,29.8,6660
21:45:49,30.7,6662
21:45:50,30.2,6661
21:45:52,30,6659
21:45:53,30,6661
21:45:54,30.2,6660
21:45:55,30.2,6662
21:45:57,30.5,6667
21:45:58,30,6668
21:45:59,30.2,6669
21:46:00,30.3,6668
21:46:01,30,6669
21:46:03,29.9,6669
21:46:04,29.9,6667
21:46:05,30.2,6667
21:46:06,30,6667
21:46:08,29.9,6666
21:46:09,29.7,6666
21:46:10,30,6668
21:46:11,30.3,6668
21:46:12,30.3,6663
21:46:14,30.3,6662
21:46:15,29.9,6659
21:46:16,30,6658
21:46:17,29.9,6659
21:46:19,29.7,6660
21:46:20,30,6661
21:46:21,30.3,6662
21:46:22,30,6664
21:46:24,30.7,6665
21:46:25,30.5,6665
21:46:26,30.4,6664
21:46:27,30,6664
21:46:28,30,6665
21:46:30,30.5,6665
21:46:31,29.7,6667
21:46:32,30.4,6666
21:46:33,29.9,6667
21:46:35,30,6667
21:46:36,30.3,6666
21:46:37,30.4,6666
21:46:38,30.7,6665
21:46:39,30.3,6666
21:46:41,30.3,6663
21:46:42,30.4,6663
21:46:43,30.2,6664
21:46:44,30,6664
21:46:46,30,6668
21:46:47,30.4,6667
21:46:48,30,6666
21:46:49,30.7,6664
21:46:50,30.2,6664
21:46:52,30.3,6664
21:46:53,30.3,6665
21:46:54,30,6665
21:46:55,30.3,6664
21:46:57,29.9,6664
21:46:58,29.9,6664
21:46:59,30.2,6664
21:47:00,29.9,6665
21:47:01,30.2,6665
21:47:03,30,6664
21:47:04,30.2,6663
21:47:05,30,6663
21:47:06,30,6660
21:47:08,30.5,6658
21:47:09,30.3,6660
21:47:10,30.3,6657
21:47:11,30.7,6656
21:47:12,29.7,6657
21:47:14,30,6659
21:47:15,30.7,6658
21:47:16,29.9,6657
21:47:17,30.3,6657
21:47:19,30.5,6659
21:47:20,30.5,6660
21:47:21,30.2,6660
21:47:22,30.3,6663
21:47:23,30.7,6661
21:47:25,30.2,6661
21:47:26,30.3,6663
21:47:27,29.9,6662
21:47:28,30.7,6660
21:47:30,30.7,6659
21:47:31,30.1,6661
21:47:32,30.2,6662
21:47:33,30,6661
21:47:34,30.5,6659
21:47:36,29.9,6660
21:47:37,30.3,6661
21:47:38,29.9,6662
21:47:39,30,6662
21:47:41,30.7,6662
21:47:42,30.4,6662
21:47:43,30.4,6663
21:47:44,30.3,6662
21:47:46,30.5,6664
21:47:47,30,6666
21:47:48,30.7,6666
21:47:49,30.7,6666
21:47:50,30,6667
21:47:52,30.3,6665
21:47:53,30.4,6665
21:47:54,30.5,6667
21:47:55,30,6664
21:47:57,30,6663
21:47:58,30.7,6663
21:47:59,29.9,6662
21:48:00,30.3,6662
21:48:01,30,6663
21:48:03,29.7,6660
21:48:04,30.5,6662
21:48:05,29.8,6662
21:48:06,30.3,6662
21:48:08,30,6661
21:48:09,30.7,6661
21:48:10,29.9,6662
21:48:11,30.3,6665
21:48:12,29.9,6667
21:48:14,30.4,6665
21:48:15,30.7,6667
21:48:16,29.7,6667
21:48:17,30.4,6668
21:48:19,30.5,6666
21:48:20,30.2,6667
21:48:21,30,6666
21:48:22,30.7,6666
21:48:23,30,6668
21:48:25,29.9,6667
21:48:26,30,6665
21:48:27,30.5,6665
21:48:28,30,6668
21:48:30,30,6668
21:48:31,30,6669
21:48:32,30,6670
21:48:33,30,6667
21:48:34,29.9,6667
21:48:36,30.4,6665
21:48:37,30.2,6662
21:48:38,30,6660
21:48:39,30.5,6661
21:48:41,30.5,6662
21:48:42,29.9,6663
21:48:43,30,6665
21:48:44,30,6665
21:48:45,16.1,6672
21:48:47,30,6670
21:48:48,30.5,6670
21:48:49,30,6666
21:48:50,30.7,6664
21:48:52,30,6664
21:48:53,30.5,6662
21:48:54,30.3,6665
21:48:55,30.3,6663
21:48:56,29.9,6662
21:48:58,30.2,6663
21:48:59,30.2,6664
21:49:00,30.4,6665
21:49:01,30.5,6667
21:49:03,30.2,6666
21:49:04,30.7,6667
21:49:05,30,6669
21:49:06,30.5,6670
21:49:08,30.4,6670
21:49:09,30.4,6669
21:49:10,30.3,6670
21:49:11,29.9,6669
21:49:12,30.7,6668
21:49:14,30.5,6667
21:49:15,29.7,6667
21:49:16,30.7,6668
21:49:17,30,6668
21:49:19,30,6663
21:49:20,30.2,6669
21:49:21,30.1,6666
21:49:22,30.3,6666
21:49:23,30.2,6663
21:49:25,30,6664
21:49:26,30.6,6664
21:49:27,30.5,6664
21:49:28,30.2,6668
21:49:30,30.2,6668
21:49:31,30.2,6667
21:49:32,30.4,6665
21:49:33,30.2,6666
21:49:34,30.2,6669
21:49:36,29.7,6667
21:49:37,30,6661
21:49:38,30,6661
21:49:39,30,6662
21:49:41,30.3,6662
21:49:42,30.5,6660
21:49:43,30.2,6659
21:49:44,30,6660
21:49:45,30.7,6661
21:49:47,30.5,6657
21:49:48,30.1,6655
21:49:49,30.5,6654
21:49:50,30.3,6655
21:49:52,30.7,6653
21:49:53,29.9,6655
21:49:54,30,6656
21:49:55,30.5,6655
21:49:56,29.9,6655
21:49:58,29.9,6657
21:49:59,30.2,6657
21:50:00,30.2,6656
21:50:01,29.9,6661
21:50:03,30.4,6663
21:50:04,30.5,6665
21:50:05,30,6665
21:50:06,30.3,6664
21:50:07,30.3,6666
21:50:09,29.9,6663
21:50:10,30,6664
21:50:11,30,6663
21:50:12,30.1,6664
21:50:14,30,6665
21:50:15,30.2,6664
21:50:16,30.4,6664
21:50:17,30,6668
21:50:18,29.7,6669
21:50:20,29.9,6671
21:50:21,30.4,6672
21:50:22,30.7,6671
21:50:23,30,6671
21:50:25,30.5,6675
21:50:26,30.2,6676
21:50:27,30,6673
21:50:28,30.3,6673
21:50:30,30,6673
21:50:31,30,6672
21:50:32,30.2,6669
21:50:33,9.6,6671
21:50:34,30.2,6670
21:50:36,30,6669
21:50:37,30.5,6666
21:50:38,30.3,6663
21:50:39,30,6662
21:50:41,30,6660
21:50:42,30.2,6661
21:50:43,30.4,6660
21:50:44,30,6659
21:50:45,30,6660
21:50:47,30.3,6659
21:50:48,30.2,6663
21:50:49,30.2,6663
21:50:50,29.9,6663
21:50:52,30.2,6662
21:50:53,30,6664
21:50:54,30,6663
21:50:55,30.1,6663
21:50:56,30.7,6664
21:50:58,30.7,6664
21:50:59,30.4,6656
21:51:00,30.3,6659
21:51:01,30.5,6660
21:51:03,30,6659
21:51:04,29.9,6660
21:51:05,30.2,6658
21:51:06,30.5,6655
21:51:07,30.3,6654
21:51:09,30.4,6655
21:51:10,30.7,6657
21:51:11,30,6655
21:51:12,30.3,6660
21:51:14,30.3,6658
21:51:15,30.2,6659
21:51:16,30.7,6660
21:51:17,30.5,6661
21:51:18,30.5,6659
21:51:20,30.4,6660
21:51:21,29.9,6661
21:51:22,30.5,6659
21:51:23,30,6661
21:51:25,29.9,6660
21:51:26,30,6659
21:51:27,30.2,6662
21:51:28,30.7,6661
21:51:29,29.9,6659
21:51:31,30.5,6657
21:51:32,30.3,6660
21:51:33,30.2,6659
21:51:34,30.1,6660
21:51:36,29.9,6659
21:51:37,30,6658
21:51:38,30,6655
21:51:39,30,6655
21:51:40,30,6654
21:51:42,29.7,6656
21:51:43,30.3,6657
21:51:44,30,6656
21:51:45,30.2,6657
21:51:47,30.4,6658
21:51:48,30.7,6658
21:51:49,30.3,6658
21:51:50,29.5,6660
21:51:51,30,6658
21:51:53,30.2,6660
21:51:54,30.3,6658
21:51:55,30.5,6661
21:51:56,30,6659
21:51:58,30.3,6660
21:51:59,30,6662
21:52:00,29.7,6664
21:52:01,30,6657
21:52:03,30.2,6656
21:52:04,30.7,6657
21:52:05,29.9,6661
21:52:06,30.7,6660
21:52:07,30.7,6659
21:52:09,30.6,6658
21:52:10,30,6659
21:52:11,30.4,6662
21:52:12,30.4,6662
21:52:14,30,6663
21:52:15,30.6,6663
21:52:16,29.8,6662
21:52:17,30,6665
21:52:18,30.5,6666
21:52:20,30.5,6665
21:52:21,30,6668
21:52:22,30.4,6669
21:52:23,29.9,6671
21:52:25,30.2,6673
21:52:26,30,6671
21:52:27,30.2,6665
21:52:28,30.5,6665
21:52:29,30.5,6665
21:52:31,29.9,6666
21:52:32,30,6668
21:52:33,30,6669
21:52:34,29.9,6669
21:52:36,29.9,6668
21:52:37,30.3,6667
21:52:38,29.9,6668
21:52:39,30,6666
21:52:40,30.3,6664
21:52:42,30.7,6663
21:52:43,30.7,6663
21:52:44,30.2,6663
21:52:45,30,6663
21:52:47,30,6664
21:52:48,30.3,6663
21:52:49,30.7,6667
21:52:50,29.7,6668
21:52:51,30.3,6668
21:52:53,30,6668
21:52:54,30.3,6669
21:52:55,29.7,6668
21:52:56,30.5,6669
21:52:58,30.1,6669
21:52:59,30,6667
21:53:00,30.7,6668
21:53:01,29.9,6668
21:53:02,30.7,6665
21:53:04,30.3,6662
21:53:05,30,6663
21:53:06,30.4,6664
21:53:07,30,6664
21:53:09,30.7,6665
21:53:10,29.5,6663
21:53:11,30.3,6665
21:53:12,30.4,6664
21:53:13,30.7,6663
21:53:15,30,6663
21:53:16,30.5,6664
21:53:17,30.3,6660
21:53:18,30.7,6658
21:53:20,29.6,6657
21:53:21,30.2,6658
21:53:22,29.9,6658
21:53:23,30,6660
21:53:24,30.1,6660
21:53:26,30.3,6660
21:53:27,30.2,6660
21:53:28,30,6658
21:53:29,30,6657
21:53:31,30.3,6659
21:53:32,30,6659
21:53:33,30.7,6661
21:53:34,30,6662
21:53:35,30.4,6662
21:53:37,30.7,6660
21:53:38,30.7,6661
21:53:39,29.9,6661
21:53:40,30,6661
21:53:42,30.3,6661
21:53:43,30,6659
21:53:44,30,6657
21:53:45,30,6659
21:53:47,30,6660
21:53:48,30.3,6660
21:53:49,30.2,6659
21:53:50,29.9,6661
21:53:51,30.4,6659
21:53:53,30.5,6657
21:53:54,30.4,6658
21:53:55,30.7,6657
21:53:56,30.1,6659
21:53:58,30,6655
21:53:59,30,6656
21:54:00,30.7,6656
21:54:01,30,6660
21:54:02,30.4,6660
21:54:04,30.5,6659
21:54:05,29.9,6661
21:54:06,30,6661
21:54:07,30.4,6661
21:54:09,30,6664
21:54:10,30,6661
21:54:11,30.3,6662
21:54:12,29.9,6658
21:54:13,30,6659
21:54:15,30,6660
21:54:16,30.2,6659
21:54:17,30.7,6658
21:54:18,30.5,6658
21:54:20,30.4,6658
21:54:21,30.3,6660
21:54:22,29.9,6659
21:54:23,30.1,6657
21:54:24,30.7,6658
21:54:26,30.4,6659
21:54:27,30,6660
21:54:28,30.1,6657
21:54:29,30.4,6658
21:54:31,30.5,6659
21:54:32,29.5,6658
21:54:33,30.4,6662
21:54:34,30.2,6664
21:54:35,30.5,6664
21:54:37,30.7,6660
21:54:38,30.3,6661
21:54:39,30,6660
21:54:40,30.7,6660
21:54:42,30.5,6659
21:54:43,30.2,6661
21:54:44,30.2,6662
21:54:45,30.7,6662
21:54:46,30.4,6662
21:54:48,30,6660
21:54:49,30.3,6661
21:54:50,29.8,6662
21:54:51,30.4,6662
21:54:53,30.7,6662
21:54:54,30.7,6664
21:54:55,29.9,6663
21:54:56,30.7,6665
21:54:57,30,6666
21:54:59,30,6666
21:55:00,30,6667
21:55:01,30.3,6668
21:55:02,30,6668
21:55:04,30.3,6668
21:55:05,30,6667
21:55:06,30,6667
21:55:07,30.4,6668
21:55:09,30,6668
21:55:10,30.1,6660
21:55:11,30.4,6660
21:55:12,30.3,6661
21:55:13,30.2,6659
21:55:15,30.3,6659
21:55:16,30.3,6659
21:55:17,30.4,6659
21:55:18,30.4,6660
21:55:20,30,6661
21:55:21,29.9,6662
21:55:22,30,6660
21:55:23,30,6665
21:55:24,30,6664
21:55:26,30.7,6664
21:55:27,30.2,6665
21:55:28,30.2,6665
21:55:29,30.7,6666
21:55:31,30,6665
21:55:32,30.4,6663
21:55:33,29.9,6664
21:55:34,30,6661
21:55:35,30,6663
21:55:37,30,6660
21:55:38,30.3,6659
21:55:39,30.5,6658
21:55:40,30.4,6658
21:55:42,30.4,6658
21:55:43,30.2,6660
21:55:44,30.2,6663
21:55:45,30.3,6665
21:55:46,30.3,6662
21:55:48,30.3,6662
21:55:49,30.4,6662
21:55:50,30.3,6661
21:55:51,30.4,6659
21:55:53,30.4,6660
21:55:54,30,6659
21:55:55,29.5,6660
21:55:56,30.4,6662
21:55:57,30.2,6662
21:55:59,30.3,6661
21:56:00,30.6,6660
21:56:01,30.2,6660
21:56:02,29.6,6658
21:56:04,29.5,6658
21:56:05,29.6,6656
21:56:06,30.2,6656
21:56:07,30,6656
21:56:08,30.4,6659
21:56:10,30.4,6662
21:56:11,30.3,6658
21:56:12,30.7,6657
21:56:13,29.9,6659
21:56:15,30.4,6659
21:56:16,30.4,6659
21:56:17,30.3,6660
21:56:18,30,6659
21:56:19,30.3,6656
21:56:21,30.5,6656
21:56:22,30,6657
21:56:23,30,6658
21:56:24,30,6657
21:56:26,30,6658
21:56:27,30.5,6661
21:56:28,30,6662
21:56:29,30.6,6661
21:56:30,30.4,6660
21:56:32,30.4,6660
21:56:33,29.5,6661
21:56:34,30.3,6662
21:56:35,30.3,6661
21:56:37,30.3,6661
21:56:38,30,6660
21:56:39,30.3,6661
21:56:40,30,6662
21:56:42,30.4,6663
21:56:43,29.9,6661
21:56:44,30.4,6661
21:56:45,30.3,6660
21:56:46,30,6660
21:56:48,30.7,6659
21:56:49,30,6660
21:56:50,30.3,6662
21:56:51,30.2,6661
21:56:53,30.5,6661
21:56:54,29.9,6662
21:56:55,30,6664
21:56:56,30.1,6662
21:56:57,30.3,6662
21:56:59,30.3,6663
21:57:00,30.2,6667
21:57:01,19.1,6673
21:57:02,29.7,6677
21:57:04,29.8,6675
21:57:05,30.5,6676
21:57:06,30.1,6673
21:57:07,30.5,6674
21:57:08,30,6674
21:57:10,30,6674
21:57:11,29.7,6673
21:57:12,30.4,6670
21:57:13,30.7,6666
21:57:15,30.7,6664
21:57:16,30.2,6665
21:57:17,29.9,6665
21:57:18,30.3,6665
21:57:19,30.3,6665
21:57:21,30.2,6664
21:57:22,30.3,6665
21:57:23,30.2,6666
21:57:24,30.4,6667
21:57:26,30.7,6664
21:57:27,30.5,6664
21:57:28,30,6662
21:57:29,30.5,6661
21:57:30,30,6659
21:57:32,30,6659
21:57:33,30.1,6661
21:57:34,30.1,6661
21:57:35,30.4,6663
21:57:37,30.7,6663
21:57:38,30,6663
21:57:39,30.7,6662
21:57:40,30.2,6664
21:57:41,29.9,6665
21:57:43,30.2,6666
21:57:44,30.3,6667
21:57:45,30.4,6666
21:57:46,30.5,6667
21:57:48,30.4,6669
21:57:49,30.3,6669
21:57:50,30,6669
21:57:51,30,6669
21:57:52,30.7,6670
21:57:54,30.4,6670
21:57:55,30.3,6667
21:57:56,29.9,6668
21:57:57,30.2,6667
21:57:59,30.2,6665
21:58:00,30,6665
21:58:01,30.3,6666
21:58:02,30.7,6667
21:58:03,30.3,6667
21:58:05,30.2,6666
21:58:06,30.4,6668
21:58:07,30,6669
21:58:08,29.9,6669
21:58:10,30.2,6668
21:58:11,30.7,6669
21:58:12,30.3,6668
21:58:13,29.9,6668
21:58:15,29.9,6666
21:58:16,30.1,6665
21:58:17,30,6666
21:58:18,30.2,6666
21:58:19,30.7,6668
21:58:21,30.3,6666
21:58:22,30.5,6667
21:58:23,30.3,6665
21:58:24,30.4,6664
21:58:26,30.3,6668
21:58:27,30.7,6668
21:58:28,30.3,6666
21:58:29,29.9,6666
21:58:30,30,6666
21:58:32,30.3,6666
21:58:33,30.3,6666
21:58:34,30,6665
21:58:35,30,6664
21:58:37,30,6662
21:58:38,30.3,6665
21:58:39,30.2,6666
21:58:40,30.4,6668
21:58:41,30.3,6669
21:58:43,30,6667
21:58:44,30.2,6666
21:58:45,30.2,6668
21:58:46,30.2,6667
21:58:48,30.4,6671
21:58:49,30,6678
21:58:50,30.4,6677
21:58:51,30.7,6676
21:58:52,29.9,6674
21:58:54,30.4,6670
21:58:55,29.9,6667
21:58:56,30.5,6665
21:58:57,30.4,6664
21:58:59,30,6665
21:59:00,30.5,6664
21:59:01,30.2,6666
21:59:02,30.2,6666
21:59:03,29.9,6667
21:59:05,30,6668
21:59:06,30,6667
21:59:07,29.9,6670
21:59:08,30,6667
21:59:10,30.7,6665
21:59:11,30.4,6663
21:59:12,30.4,6663
21:59:13,30,6667
21:59:14,30,6667
21:59:16,30.3,6666
21:59:17,30,6665
21:59:18,30.3,6667
21:59:19,30.4,6668
21:59:21,30,6668
21:59:22,30.4,6668
21:59:23,30,6671
21:59:24,30,6671
21:59:25,30.5,6672
21:59:27,30,6671
21:59:28,30.3,6673
21:59:29,30.2,6672
21:59:30,30.8,6672
21:59:32,30,6673
21:59:33,29.7,6673
21:59:34,30.4,6672
21:59:35,30.3,6672
21:59:36,29.9,6669
21:59:38,30,6671
21:59:39,29.9,6671
21:59:40,30.1,6669
21:59:41,10.6,6667
21:59:43,30.2,6667
21:59:44,30,6668
21:59:45,30,6668
21:59:46,30.4,6669
21:59:48,30.5,6668
21:59:49,30.2,6670
21:59:50,30,6670
21:59:51,29.7,6672
21:59:52,29.7,6673
21:59:54,30,6672
21:59:55,30.5,6673
21:59:56,30.5,6675
21:59:57,30.6,6675
21:59:59,30.4,6676
22:00:00,30.3,6677
22:00:01,30.4,6677
22:00:02,29.9,6675
22:00:03,30,6676
22:00:05,30,6674
22:00:06,29.9,6674
22:00:07,30,6675
22:00:08,30.1,6677
22:00:10,29.9,6677
22:00:11,29.9,6674
22:00:12,30.4,6671
22:00:13,30.4,6669
22:00:14,30.1,6668
22:00:16,30.3,6668
22:00:17,30.2,6671
22:00:18,30,6671
22:00:19,30.4,6671
22:00:21,30.7,6670
22:00:22,30.2,6673
22:00:23,30,6674
22:00:24,30.2,6673
22:00:25,29.9,6670
22:00:27,30.2,6668
22:00:28,29.8,6668
22:00:29,30,6669
22:00:30,30.5,6672
22:00:32,30.7,6668
22:00:33,30,6667
22:00:34,30.2,6665
22:00:35,29.9,6664
22:00:36,30.1,6662
22:00:38,30.5,6663
22:00:39,30.3,6663
22:00:40,30.2,6664
22:00:41,29.9,6664
22:00:43,30.4,6661
22:00:44,29.9,6663
22:00:45,30.3,6663
22:00:46,30.4,6662
22:00:47,30.2,6661
22:00:49,30.7,6663
22:00:50,30,6665
22:00:51,30.7,6664
22:00:52,30.4,6663
22:00:54,30.7,6660
22:00:55,30.3,6659
22:00:56,29.8,6659
22:00:57,30.4,6661
22:00:58,30.3,6658
22:01:00,30.3,6660
22:01:01,30,6661
22:01:02,30.2,6663
22:01:03,30,6663
22:01:05,29.9,6663
22:01:06,30,6665
22:01:07,30.4,6664
22:01:08,30,6664
22:01:09,30,6663
22:01:11,30,6662
22:01:12,30.2,6662
22:01:13,30.4,6663
22:01:14,19.6,6661
22:01:16,30,6660
22:01:17,29.9,6661
22:01:18,30.3,6662
22:01:19,30.2,6663
22:01:21,30.3,6663
22:01:22,30,6665
22:01:23,30.1,6661
22:01:24,30.5,6660
22:01:25,30.3,6661
22:01:27,30.1,6658
22:01:28,30.7,6658
22:01:29,30.5,6657
22:01:30,30.4,6659
22:01:32,30,6659
22:01:33,30,6660
22:01:34,30.4,6662
22:01:35,30.3,6661
22:01:36,29.7,6662
22:01:38,30.1,6663
22:01:39,30.7,6665
22:01:40,30.5,6663
22:01:41,30,6664
22:01:43,30.3,6665
22:01:44,30.7,6666
22:01:45,30,6667
22:01:46,30.7,6667
22:01:47,30,6667
22:01:49,30.4,6668
22:01:50,30,6668
22:01:51,30,6668
22:01:52,30.4,6669
22:01:54,30,6667
22:01:55,30.1,6667
22:01:56,30.2,6668
22:01:57,29.9,6665
22:01:58,30.4,6665
22:02:00,30.4,6665
22:02:01,30.7,6665
22:02:02,30,6666
22:02:03,30.4,6666
22:02:05,30.2,6666
22:02:06,30.4,6667
22:02:07,30,6666
22:02:08,30.4,6665
22:02:09,30.3,6670
22:02:11,30.3,6673
22:02:12,30.7,6673
22:02:13,30,6675
22:02:14,30.3,6675
22:02:16,30.3,6673
22:02:17,30.4,6673
22:02:18,30.7,6673
22:02:19,30.4,6672
22:02:20,30.3,6673
22:02:22,30.3,6671
22:02:23,30.7,6669
22:02:24,30.5,6669
22:02:25,30.4,6670
22:02:27,30.2,6670
22:02:28,30.2,6671
22:02:29,30.2,6672
22:02:30,30.4,6672
22:02:31,30.3,6671
22:02:33,30.3,6668
22:02:34,30.2,6667
22:02:35,29.7,6666
22:02:36,30.3,6666
22:02:38,30.7,6668
22:02:39,30.3,6668
22:02:40,30.2,6668
22:02:41,30.7,6668
22:02:42,30,6668
22:02:44,30.3,6669
22:02:45,30.1,6667
22:02:46,29.6,6666
22:02:47,30.2,6667
22:02:49,30.2,6667
22:02:50,30.2,6668
22:02:51,30.4,6668
22:02:52,30,6666
22:02:53,30,6671
22:02:55,30.7,6671
22:02:56,30.4,6672
22:02:57,30.5,6673
22:02:58,30.5,6675
22:03:00,30.3,6672
22:03:01,30,6672
22:03:02,30.1,6669
22:03:03,30.2,6670
22:03:05,30.2,6668
22:03:06,30,6666
22:03:07,30.3,6667
22:03:08,30,6666
22:03:09,30.7,6667
22:03:11,30.2,6669
22:03:12,30,6668
22:03:13,30.2,6664
22:03:14,30,6664
22:03:16,30.3,6665
22:03:17,29.9,6664
22:03:18,29.7,6658
22:03:19,29.9,6658
22:03:20,29.7,6657
22:03:22,29.9,6657
22:03:23,29.8,6653
22:03:24,30.4,6654
22:03:25,30.2,6656
22:03:27,30.2,6656
22:03:28,30,6658
22:03:29,30,6659
22:03:30,30.3,6657
22:03:32,30.7,6656
22:03:33,30.2,6659
22:03:34,29.9,6660
22:03:35,30,6661
22:03:36,30.4,6662
22:03:38,30,6663
22:03:39,30.3,6664
22:03:40,30.8,6662
22:03:41,30.4,6665
22:03:43,30.3,6665
22:03:44,30,6663
22:03:45,30.3,6662
22:03:46,30.7,6663
22:03:47,30.7,6661
22:03:49,30,6663
22:03:50,29.9,6664
22:03:51,30.3,6663
22:03:52,30,6662
22:03:54,30,6661
22:03:55,30,6659
22:03:56,30.4,6657
22:03:57,30,6657
22:03:58,30.7,6658
22:04:00,30.4,6657
22:04:01,30,6663
22:04:02,30,6664
22:04:03,30,6666
22:04:05,30,6667
22:04:06,30.2,6666
22:04:07,30.5,6664
22:04:08,30,6663
22:04:09,29.8,6661
22:04:11,30.7,6662
22:04:12,30.2,6663
22:04:13,30.4,6660
22:04:14,29.9,6660
22:04:16,29.7,6660
22:04:17,30.7,6661
22:04:18,30.5,6660
22:04:19,30.5,6664
22:04:21,30.2,6666
22:04:22,30.7,6666
22:04:23,30.2,6665
22:04:24,30.2,6667
22:04:25,30.2,6664
22:04:27,30.1,6661
22:04:28,29.7,6661
22:04:29,30.3,6660
22:04:30,30,6660
22:04:32,30.4,6661
22:04:33,30,6658
22:04:34,30.2,6661
22:04:35,30.2,6661
22:04:36,30,6660
22:04:38,30,6661
22:04:39,30.3,6661
22:04:40,30,6661
22:04:41,30.4,6661
22:04:43,30,6661
22:04:44,29.9,6663
22:04:45,31,6666
22:04:46,30,6667
22:04:47,30.2,6667
22:04:49,30,6667
22:04:50,30,6668
22:04:51,30.3,6668
22:04:52,30.2,6670
22:04:54,30.4,6671
22:04:55,30.2,6672
22:04:56,30.4,6671
22:04:57,30,6671
22:04:58,30.2,6671
22:05:00,30.4,6669
22:05:01,30.3,6671
22:05:02,30.4,6671
22:05:03,30.5,6673
22:05:05,30.1,6670
22:05:06,30.4,6671
22:05:07,30,6670
22:05:08,30,6667
22:05:09,30,6669
22:05:11,30,6670
22:05:12,30,6669
22:05:13,30.5,6668
22:05:14,30,6670
22:05:16,29.8,6669
22:05:17,30.7,6667
22:05:18,30.5,6668
22:05:19,30.5,6666
22:05:20,30.2,6668
22:05:22,30.2,6668
22:05:23,30.4,6669
22:05:24,30.4,6667
22:05:25,30.1,6666
22:05:27,29.8,6664
22:05:28,30,6666
22:05:29,30.7,6666
22:05:30,30.3,6665
22:05:31,29.9,6665
22:05:33,30.3,6665
22:05:34,30.4,6667
22:05:35,30.2,6667
22:05:36,30,6666
22:05:38,29.8,6670
22:05:39,30.2,6669
22:05:40,30.4,6670
22:05:41,30.3,6670
22:05:42,30.4,6672
22:05:44,30.7,6672
22:05:45,30,6672
22:05:46,30.2,6673
22:05:47,30,6673
22:05:49,30,6673
22:05:50,30,6671
22:05:51,30,6669
22:05:52,30.2,6670
22:05:54,30.5,6669
22:05:55,30,6669
22:05:56,30,6670
22:05:57,30.7,6672
22:05:58,30.4,6671
22:06:00,30.4,6670
22:06:01,30.3,6669
22:06:02,30.1,6666
22:06:03,30,6669
22:06:05,30.5,6668
22:06:06,30.3,6666
22:06:07,30.7,6665
22:06:08,30.1,6667
22:06:09,29.9,6664
22:06:11,30.3,6661
22:06:12,30.2,6661
22:06:13,30.2,6659
22:06:14,30,6661
22:06:16,30.7,6661
22:06:17,30.2,6661
22:06:18,29.7,6660
22:06:19,30,6659
22:06:20,30.3,6660
22:06:22,30,6660
22:06:23,30.3,6664
22:06:24,30.2,6665
22:06:25,30.2,6665
22:06:27,30,6665
22:06:28,30,6665
22:06:29,30.2,6664
22:06:30,30,6662
22:06:31,30.5,6660
22:06:33,30.2,6661
22:06:34,30.4,6661
22:06:35,30.3,6662
22:06:36,30,6662
22:06:38,29.9,6662
22:06:39,30,6660
22:06:40,30,6658
22:06:41,29.7,6654
22:06:42,30.3,6654
22:06:44,30.7,6657
22:06:45,30.4,6657
22:06:46,30,6656
22:06:47,30,6658
22:06:49,30,6658
22:06:50,30.4,6658
22:06:51,30,6659
22:06:52,30.4,6659
22:06:53,30.3,6659
22:06:55,30.2,6657
22:06:56,30.4,6655
22:06:57,30.5,6659
22:06:58,30.4,6658
22:07:00,29.8,6656
22:07:01,30.4,6657
22:07:02,29.5,6659
22:07:03,30.4,6658
22:07:04,30.4,6660
22:07:06,30.3,6663
22:07:07,30.3,6661
22:07:08,30.3,6663
22:07:09,30.4,6666
22:07:11,30.4,6665
22:07:12,30,6665
22:07:13,30.2,6665
22:07:14,30.4,6665
22:07:15,30.7,6663
22:07:17,30.4,6664
22:07:18,30.4,6662
22:07:19,30.4,6663
22:07:20,30,6666
22:07:22,30,6665
22:07:23,29.9,6663
22:07:24,30.2,6663
22:07:25,30.4,6663
22:07:27,28,6675
22:07:28,30.1,6675
22:07:29,30.3,6672
22:07:30,30.4,6671
22:07:31,30,6672
22:07:33,30,6671
22:07:34,30,6670
22:07:35,30.4,6670
22:07:36,30,6669
22:07:38,30.3,6671
22:07:39,30,6671
22:07:40,30,6671
22:07:41,30.2,6670
22:07:42,29.9,6670
22:07:44,30,6670
22:07:45,29.9,6673
22:07:46,30.2,6668
22:07:47,29.7,6668
22:07:49,30.4,6669
22:07:50,30,6669
22:07:51,30.2,6671
22:07:52,29.9,6671
22:07:53,30.3,6669
22:07:55,29.7,6669
22:07:56,30,6670
22:07:57,30.4,6673
22:07:58,30.4,6673
22:08:00,30,6673
22:08:01,29.9,6674
22:08:02,30.3,6672
22:08:03,30.2,6671
22:08:04,30.3,6670
22:08:06,29.6,6670
22:08:07,30.4,6670
22:08:08,30,6669
22:08:09,30.1,6669
22:08:11,30,6668
22:08:12,30.3,6667
22:08:13,30,6668
22:08:14,30.3,6667
22:08:15,30.3,6667
22:08:17,30,6667
22:08:18,30,6668
22:08:19,30,6667
22:08:20,12.8,6665
22:08:22,30.3,6668
22:08:23,30.2,6667
22:08:24,30.6,6665
22:08:25,30.2,6664
22:08:26,30.7,6665
22:08:28,29.9,6665
22:08:29,29.9,6665
22:08:30,30.3,6667
22:08:31,30,6666
22:08:33,30.2,6663
22:08:34,30,6664
22:08:35,30.1,6664
22:08:36,30.2,6665
22:08:37,30.2,6669
22:08:39,30.3,6671
22:08:40,30.3,6668
22:08:41,30.7,6666
22:08:42,30.4,6667
22:08:44,30.5,6666
22:08:45,30.2,6667
22:08:46,30.2,6668
22:08:47,30.5,6670
22:08:49,29.9,6667
22:08:50,29.7,6668
22:08:51,30.7,6670
22:08:52,30.3,6668
22:08:53,30.1,6670
22:08:55,30.5,6672
22:08:56,30.2,6672
22:08:57,30.2,6672
22:08:58,29.9,6671
22:09:00,30.7,6672
22:09:01,30.2,6672
22:09:02,29.9,6672
22:09:03,29.7,6674
22:09:04,30.3,6674
22:09:06,30.7,6674
22:09:07,30.4,6674
22:09:08,30.7,6673
22:09:09,30,6672
22:09:11,30.5,6677
22:09:12,6.8,6681
22:09:13,30,6680
22:09:14,30.4,6680
22:09:15,29.7,6680
22:09:17,30.1,6671
22:09:18,30.2,6669
22:09:19,30,6666
22:09:20,30.3,6667
22:09:22,30.1,6666
22:09:23,30,6666
22:09:24,30.7,6668
22:09:25,30.4,6669
22:09:26,30.5,6666
22:09:28,30.3,6664
22:09:29,30.2,6664
22:09:30,30,6666
22:09:31,30.2,6666
22:09:33,30.3,6666
22:09:34,30,6667
22:09:35,30,6667
22:09:36,30.2,6667
22:09:37,30.7,6666
22:09:39,29.7,6667
22:09:40,30,6664
22:09:41,30,6665
22:09:42,30.3,6667
22:09:44,30.7,6667
22:09:45,30.2,6668
22:09:46,30,6667
22:09:47,30.2,6664
22:09:48,29.9,6665
22:09:50,30.2,6667
22:09:51,30,6667
22:09:52,29.9,6667
22:09:53,29.7,6666
22:09:55,30,6666
22:09:56,30.4,6662
22:09:57,30.5,6663
22:09:58,30.4,6665
22:09:59,30.7,6665
22:10:01,30.1,6665
22:10:02,30.3,6665
22:10:03,30,6665
22:10:04,30.4,6668
22:10:06,30.4,6668
22:10:07,30.3,6667
22:10:08,29.9,6665
22:10:09,30.3,6665
22:10:10,30,6662
22:10:12,30.1,6663
22:10:13,30.3,6661
22:10:14,30.7,6664
22:10:15,30.2,6665
22:10:17,30.5,6663
22:10:18,30.7,6664
22:10:19,30.7,6668
22:10:20,30.3,6669
22:10:22,29.9,6671
22:10:23,30.2,6672
22:10:24,30.3,6671
22:10:25,30.2,6671
22:10:26,30.7,6671
22:10:28,30.6,6667
22:10:29,30,6666
22:10:30,30.2,6666
22:10:31,30.3,6666
22:10:33,30.3,6664
22:10:34,30,6666
22:10:35,30.4,6668
22:10:36,30.2,6668
22:10:37,30.3,6670
22:10:39,30.2,6670
22:10:40,30.3,6671
22:10:41,30,6673
22:10:42,29.5,6672
22:10:44,30.2,6672
22:10:45,30.4,6671
22:10:46,30.2,6667
22:10:47,30.5,6666
22:10:48,30.4,6666
22:10:50,30,6662
22:10:51,30.3,6664
22:10:52,30.7,6664
22:10:53,30.3,6664
22:10:55,30.3,6664
22:10:56,30,6665
22:10:57,30.1,6665
22:10:58,30.4,6663
22:10:59,30.3,6663
22:11:01,30.5,6664
22:11:02,30.2,6665
22:11:03,30.3,6665
22:11:04,30.4,6662
22:11:06,30.2,6661
22:11:07,30.2,6661
22:11:08,30.5,6660
22:11:09,30.4,6662
22:11:10,30.4,6661
22:11:12,30.3,6662
22:11:13,30.2,6663
22:11:14,29.5,6662
22:11:15,29.9,6660
22:11:17,30,6661
22:11:18,30.5,6663
22:11:19,30.3,6663
22:11:20,30.1,6663
22:11:21,29.8,6665
22:11:23,30.7,6666
22:11:24,30.2,6666
22:11:25,30.5,6664
22:11:26,30,6666
22:11:28,30.5,6664
22:11:29,30.4,6667
22:11:30,29.7,6664
22:11:31,30.4,6662
22:11:32,30.3,6661
22:11:34,30,6662
22:11:35,30.3,6662
22:11:36,30,6660
22:11:37,30.3,6659
22:11:39,30.3,6660
22:11:40,30.2,6665
22:11:41,29.9,6665
22:11:42,30.3,6665
22:11:44,30.5,6663
22:11:45,30,6663
22:11:46,29.9,6664
22:11:47,29.9,6666
22:11:48,30.3,6666
22:11:50,30.5,6669
22:11:51,30,6669
22:11:52,29.9,6668
22:11:53,29.8,6666
22:11:55,30.1,6667
22:11:56,30.2,6668
22:11:57,30.2,6668
22:11:58,29.9,6667
22:11:59,30,6666
22:12:01,30.2,6666
22:12:02,30.4,6667
22:12:03,30.2,6669
22:12:04,30.5,6667
22:12:06,30.3,6671
22:12:07,30.7,6674
22:12:08,30.7,6672
22:12:09,30,6672
22:12:10,30.4,6673
22:12:12,30.5,6673
22:12:13,30,6673
22:12:14,30.7,6673
22:12:15,30.3,6674
22:12:17,30.3,6675
22:12:18,30,6675
22:12:19,30.3,6674
22:12:20,30.3,6675
22:12:21,29.9,6672
22:12:23,30.4,6671
22:12:24,29.9,6671
22:12:25,30.4,6671
22:12:26,30.3,6672
22:12:28,29.9,6672
22:12:29,30.2,6673
22:12:30,30.7,6672
22:12:31,30,6672
22:12:32,29.9,6671
22:12:34,30.3,6671
22:12:35,30.5,6670
22:12:36,30,6672
22:12:37,30,6674
22:12:39,30.2,6674
22:12:40,30.6,6674
22:12:41,30.2,6673
22:12:42,30,6681
22:12:43,30.5,6682
22:12:45,30.5,6682
22:12:46,30.2,6679
22:12:47,30.2,6672
22:12:48,30.7,6671
22:12:50,30,6669
22:12:51,30.3,6666
22:12:52,30.3,6666
22:12:53,29.7,6665
22:12:54,30,6663
22:12:56,30.4,6664
22:12:57,30.1,6665
22:12:58,30.5,6664
22:12:59,30.5,6664
22:13:01,30,6666
22:13:02,30.3,6663
22:13:03,30.5,6663
22:13:04,30.3,6663
22:13:06,30.3,6661
22:13:07,30,6662
22:13:08,30.2,6667
22:13:09,30.2,6666
22:13:10,29.7,6665
22:13:12,30.5,6665
22:13:13,30.3,6667
22:13:14,30.1,6667
22:13:15,30.3,6668
22:13:17,30.4,6667
22:13:18,30,6667
22:13:19,30.7,6668
22:13:20,30.3,6668
22:13:21,30.7,6668
22:13:23,30.5,6666
22:13:24,30,6667
22:13:25,30.4,6668
22:13:26,30,6668
22:13:28,30,6668
22:13:29,30,6667
22:13:30,29.8,6665
22:13:31,30.5,6663
22:13:32,30.7,6663
22:13:34,29.6,6663
22:13:35,30.8,6662
22:13:36,29.9,6666
22:13:37,30.8,6667
22:13:39,30,6668
22:13:40,30,6669
22:13:41,30,6669
22:13:42,30.7,6666
22:13:43,30.4,6666
22:13:45,30,6667
22:13:46,30.5,6671
22:13:47,30.2,6670
22:13:48,30.2,6672
22:13:50,30.5,6672
22:13:51,29.3,6671
22:13:52,30.2,6668
22:13:53,30.3,6669
22:13:54,30.3,6668
22:13:56,29.7,6669
22:13:57,30.3,6671
22:13:58,30.4,6672
22:13:59,30.3,6672
22:14:01,30.2,6674
22:14:02,30.3,6675
22:14:03,30.1,6674
22:14:04,30.5,6674
22:14:05,30.4,6677
22:14:07,30.4,6674
22:14:08,30,6672
22:14:09,30,6671
22:14:10,30,6671
22:14:12,30.5,6671
22:14:13,30.7,6671
22:14:14,30.3,6673
22:14:15,29.9,6671
22:14:16,30.5,6672
22:14:18,30.2,6673
22:14:19,30,6674
22:14:20,30.4,6671
22:14:21,30.4,6671
22:14:23,30,6668
22:14:24,30.3,6668
22:14:25,30.3,6668
22:14:26,30.7,6667
22:14:28,30.3,6665
22:14:29,30,6663
22:14:30,30.3,6667
22:14:31,30.3,6666
22:14:32,29.6,6665
22:14:34,30.4,6665
22:14:35,30,6665
22:14:36,30.3,6667
22:14:37,30.3,6669
22:14:39,30.4,6668
22:14:40,30,6669
22:14:41,30.2,6670
22:14:42,30.7,6670
22:14:43,30,6671
22:14:45,30.1,6670
22:14:46,30.3,6668
22:14:47,30.4,6670
22:14:48,30.5,6672
22:14:50,30,6671
22:14:51,30,6672
22:14:52,30,6672
22:14:53,30.7,6672
22:14:54,30.5,6672
22:14:56,29.9,6672
22:14:57,30.2,6670
22:14:58,30.1,6669
22:14:59,30.4,6671
22:15:01,30,6671
22:15:02,30.3,6671
22:15:03,30.2,6671
22:15:04,30.2,6671
22:15:05,29.9,6670
22:15:07,30.4,6671
22:15:08,30.3,6672
22:15:09,30.4,6671
22:15:10,30.2,6671
22:15:12,30,6671
22:15:13,30,6673
22:15:14,30,6672
22:15:15,30,6669
22:15:16,30.5,6668
22:15:18,30.4,6664
22:15:19,30.2,6663
22:15:20,30.4,6665
22:15:21,30.5,6664
22:15:23,30.4,6664
22:15:24,30,6666
22:15:25,29.9,6667
22:15:26,30.2,6667
22:15:27,30.2,6666
22:15:29,30.4,6666
22:15:30,30.5,6665
22:15:31,30.6,6666
22:15:32,30.3,6663
22:15:34,30.2,6665
22:15:35,30.2,6665
22:15:36,30.2,6667
22:15:37,30.7,6667
22:15:38,30.2,6666
22:15:40,30.3,6666
22:15:41,29.7,6663
22:15:42,29.9,6664
22:15:43,30.5,6666
22:15:45,30,6666
22:15:46,30.2,6669
22:15:47,29.9,6669
22:15:48,30.3,6670
22:15:50,29.9,6669
22:15:51,30,6669
22:15:52,29.9,6671
22:15:53,30,6671
22:15:54,30.2,6669
22:15:56,30.4,6670
22:15:57,30,6670
22:15:58,30,6670
22:15:59,30.2,6670
22:16:01,30.4,6669
22:16:02,30.3,6671
22:16:03,30.2,6669
22:16:04,30.3,6670
22:16:05,30.3,6670
22:16:07,30.4,6669
22:16:08,29.8,6671
22:16:09,30.7,6671
22:16:10,30,6671
22:16:12,30.5,6671
22:16:13,30.4,6671
22:16:14,30.7,6672
22:16:15,30.2,6670
22:16:16,30.5,6670
22:16:18,30,6668
22:16:19,29.9,6670
22:16:20,30.3,6670
22:16:21,30.7,6670
22:16:23,29.7,6669
22:16:24,30.4,6670
22:16:25,30.4,6670
22:16:26,29.9,6669
22:16:27,30.3,6668
22:16:29,30.2,6668
22:16:30,31.2,6671
22:16:31,30.4,6671
22:16:32,29.5,6674
22:16:34,30,6674
22:16:35,30.2,6674
22:16:36,30.7,6676
22:16:37,30.4,6676
22:16:38,30,6675
22:16:40,30.4,6674
22:16:41,30.2,6671
22:16:42,30.3,6670
22:16:43,30,6671
22:16:45,30,6672
22:16:46,30.3,6673
22:16:47,30,6672
22:16:48,30.5,6672
22:16:49,29.9,6670
22:16:51,30.4,6670
22:16:52,30,6667
22:16:53,29.8,6664
22:16:54,30,6665
22:16:56,29.9,6665
22:16:57,29.9,6668
22:16:58,29.7,6667
22:16:59,30.3,6665
22:17:00,30.4,6662
22:17:02,30.5,6664
22:17:03,29.8,6666
22:17:04,30.4,6667
22:17:05,30.7,6667
22:17:07,30.3,6664
22:17:08,30.5,6665
22:17:09,30.7,6667
22:17:10,30.7,6668
22:17:12,30.5,6668
22:17:13,8.8,6658
22:17:14,29.9,6660
22:17:15,30,6660
22:17:16,30,6660
22:17:18,30.4,6660
22:17:19,30.7,6659
22:17:20,30.3,6663
22:17:21,30,6664
22:17:23,30.7,6661
22:17:24,30.3,6661
22:17:25,30.4,6661
22:17:26,30.7,6663
22:17:27,30,6662
22:17:29,30.7,6662
22:17:30,30.3,6662
22:17:31,30,6660
22:17:32,30.5,6661
22:17:34,29.9,6661
22:17:35,30.7,6658
22:17:36,29.9,6657
22:17:37,30.4,6656
22:17:38,30.2,6661
22:17:40,30,6663
22:17:41,30.4,6662
22:17:42,30.2,6661
22:17:43,30,6661
22:17:45,30.3,6664
22:17:46,30.7,6665
22:17:47,30.4,6662
22:17:48,30,6662
22:17:49,30.5,6661
22:17:51,30,6660
22:17:52,29.9,6660
22:17:53,30.4,6660
22:17:54,30.3,6659
22:17:56,30.2,6663
22:17:57,30.3,6662
22:17:58,30.3,6664
22:17:59,30,6665
22:18:00,30.2,6666
22:18:02,30.3,6667
22:18:03,30,6667
22:18:04,30.2,6668
22:18:05,29.9,6668
22:18:07,30.4,6667
22:18:08,30,6667
22:18:09,30.4,6668
22:18:10,30.7,6666
22:18:11,30,6665
22:18:13,30.5,6665
22:18:14,29.9,6665
22:18:15,30,6664
22:18:16,30.4,6664
22:18:18,30,6666
22:18:19,30.2,6667
22:18:20,30,6666
22:18:21,30.7,6668
22:18:22,30.5,6669
22:18:24,29.8,6667
22:18:25,30,6666
22:18:26,30,6666
22:18:27,30.3,6666
22:18:29,30,6666
22:18:30,30,6666
22:18:31,30.2,6666
22:18:32,30.7,6667
22:18:33,30,6667
22:18:35,30,6666
22:18:36,30.2,6667
22:18:37,30,6668
22:18:38,30.7,6664
22:18:40,30.7,6664
22:18:41,30.5,6665
22:18:42,30,6664
22:18:43,30,6667
22:18:45,29.9,6666
22:18:46,30.2,6665
22:18:47,30.3,6665
22:18:48,30.2,6664
22:18:49,30.5,6665
22:18:51,29.7,6667
22:18:52,30,6669
22:18:53,30.1,6667
22:18:54,30,6669
22:18:56,22,6668
22:18:57,30,6668
22:18:58,30,6669
22:18:59,30.7,6671
22:19:00,29.7,6669
22:19:02,30,6667
22:19:03,29.8,6667
22:19:04,30.4,6666
22:19:05,30.5,6669
22:19:07,30.3,6669
22:19:08,30,6669
22:19:09,30.2,6666
22:19:10,30,6667
22:19:11,30.3,6666
22:19:13,30.2,6670
22:19:14,30.2,6669
22:19:15,30.2,6667
22:19:16,29.7,6667
22:19:18,30.7,6666
22:19:19,30,6664
22:19:20,30.4,6663
22:19:21,30,6663
22:19:22,30.3,6666
22:19:24,30,6666
22:19:25,30.5,6667
22:19:26,30.5,6667
22:19:27,30.4,6669
22:19:29,30,6668
22:19:30,30.2,6669
22:19:31,30.3,6669
22:19:32,30.7,6669
22:19:33,30.7,6669
22:19:35,30.4,6669
22:19:36,30.7,6671
22:19:37,30,6671
22:19:38,30.7,6671
22:19:40,30,6673
22:19:41,30.2,6674
22:19:42,30,6673
22:19:43,30,6672
22:19:44,30.3,6663
22:19:46,30.7,6663
22:19:47,29.6,6661
22:19:48,30.5,6662
22:19:49,30.1,6662
22:19:51,29.9,6662
22:19:52,30.3,6663
22:19:53,30.5,6660
22:19:54,29.9,6658
22:19:55,30.2,6665
22:19:57,30,6666
22:19:58,29.9,6669
22:19:59,30.5,6671
22:20:00,30.4,6675
22:20:02,30.2,6675
22:20:03,30,6676
22:20:04,30.5,6675
22:20:05,30.7,6674
22:20:06,30.3,6673
22:20:08,30.4,6671
22:20:09,30,6671
22:20:10,29.7,6668
22:20:11,31.1,6667
22:20:13,30,6667
22:20:14,30.7,6669
22:20:15,30.5,6668
22:20:16,30.7,6671
22:20:18,30,6671
22:20:19,30,6671
22:20:20,30,6669
22:20:21,29.9,6670
22:20:22,30.1,6668
22:20:24,30,6662
22:20:25,30,6660
22:20:26,29.9,6665
22:20:27,30.2,6665
22:20:29,30.3,6665
22:20:30,30,6665
22:20:31,29.6,6666
22:20:32,30.1,6663
22:20:33,30.4,6664
22:20:35,30.5,6664
22:20:36,30,6664
22:20:37,30,6665
22:20:38,30.4,6664
22:20:40,30,6662
22:20:41,30.2,6664
22:20:42,29.9,6667
22:20:43,30.2,6667
22:20:44,30.1,6665
22:20:46,30.2,6666
22:20:47,29.9,6670
22:20:48,30,6672
22:20:49,30.3,6673
22:20:51,30.5,6672
22:20:52,30.4,6671
22:20:53,30.3,6671
22:20:54,29.7,6670
22:20:55,30.2,6671
22:20:57,30,6673
22:20:58,30.1,6671
22:20:59,29.8,6671
22:21:00,30.7,6673
22:21:02,30.2,6674
22:21:03,30.1,6673
22:21:04,30,6673
22:21:05,30.3,6671
22:21:06,30.4,6671
22:21:08,30,6669
22:21:09,30,6672
22:21:10,30.7,6674
22:21:11,29.9,6665
22:21:13,30.3,6659
22:21:14,30.2,6659
22:21:15,30.5,6657
22:21:16,30,6656
22:21:17,30,6657
22:21:19,30.7,6658
22:21:20,30.2,6660
22:21:21,30.7,6661
22:21:22,30.2,6662
22:21:24,30.7,6662
22:21:25,30.3,6664
22:21:26,30.4,6665
22:21:27,30.5,6664
22:21:28,30.2,6659
22:21:30,30.3,6652
22:21:31,30.7,6652
22:21:32,30.3,6655
22:21:33,30,6657
22:21:35,30,6657
22:21:36,30.4,6657
22:21:37,30.4,6658
22:21:38,30.5,6657
22:21:39,30.4,6657
22:21:41,29.9,6659
22:21:42,30.5,6659
22:21:43,30.7,6660
22:21:44,30.3,6661
22:21:46,30.3,6659
22:21:47,30,6663
22:21:48,30,6663
22:21:49,30.5,6664
22:21:51,30.4,6665
22:21:52,30,6665
22:21:53,29.8,6664
22:21:54,29.9,6663
22:21:55,29.7,6663
22:21:57,30.4,6663
22:21:58,30.3,6663
22:21:59,29.9,6669
22:22:00,30.5,6668
22:22:02,30.3,6668
22:22:03,30.5,6668
22:22:04,30.3,6668
22:22:05,30.2,6668
22:22:06,30,6666
22:22:08,30,6665
22:22:09,30,6667
22:22:10,29.9,6665
22:22:11,30.3,6670
22:22:13,29.9,6671
22:22:14,30.3,6670
22:22:15,30.7,6671
22:22:16,29.7,6670
22:22:17,30.1,6669
22:22:19,30,6669
22:22:20,30,6672
22:22:21,30.5,6670
22:22:22,30,6671
22:22:24,30,6671
22:22:25,30,6671
22:22:26,30,6672
22:22:27,29.9,6673
22:22:28,30,6673
22:22:30,30,6672
22:22:31,30.4,6671
22:22:32,30.2,6674
22:22:33,30,6674
22:22:35,30,6673
22:22:36,30.4,6674
22:22:37,30,6676
22:22:38,30.3,6676
22:22:39,30.3,6676
22:22:41,30.7,6673
22:22:42,29.9,6674
22:22:43,30.4,6674
22:22:44,30,6671
22:22:46,30,6671
22:22:47,29.9,6671
22:22:48,30.4,6672
22:22:49,30.3,6671
22:22:50,30,6671
22:22:52,30.2,6673
22:22:53,30,6674
22:22:54,30.4,6675
22:22:55,30,6676
22:22:57,30.2,6675
22:22:58,30.4,6676
22:22:59,30.1,6675
22:23:00,30.7,6676
22:23:01,30.3,6676
22:23:03,30.2,6676
22:23:04,30.4,6677
22:23:05,30.3,6677
22:23:06,30,6678
22:23:08,30.4,6674
22:23:09,30.4,6671
22:23:10,30,6672
22:23:11,30.2,6673
22:23:12,30.3,6673
22:23:14,30.5,6668
22:23:15,30,6666
22:23:16,29.9,6668
22:23:17,30.4,6667
22:23:19,30.4,6666
22:23:20,30,6668
22:23:21,30.4,6668
22:23:22,30.7,6669
22:23:24,30,6669
22:23:25,30,6668
22:23:26,30.2,6667
22:23:27,30.2,6667
22:23:28,30.3,6667
22:23:30,29.9,6666
22:23:31,30.7,6670
22:23:32,30,6671
22:23:33,30.4,6671
22:23:35,30.4,6671
22:23:36,30.2,6670
22:23:37,30.3,6671
22:23:38,29.9,6673
22:23:39,30.3,6673
22:23:41,29.9,6673
22:23:42,30,6674
22:23:43,30.3,6674
22:23:44,30.2,6674
22:23:46,30.2,6677
22:23:47,30.8,6675
22:23:48,30,6675
22:23:49,30,6674
22:23:50,29.9,6674
22:23:52,30.4,6674
22:23:53,30.5,6674
22:23:54,30.2,6677
22:23:55,30.6,6675
22:23:57,30.4,6674
22:23:58,30.3,6675
22:23:59,30.2,6676
22:24:00,30.4,6675
22:24:01,30.3,6676
22:24:03,30,6675
22:24:04,30.3,6675
22:24:05,30,6675
22:24:06,30,6676
22:24:08,30.3,6677
22:24:09,29.9,6676
22:24:10,30,6675
22:24:11,30.3,6675
22:24:12,30.4,6675
22:24:14,30,6675
22:24:15,30.3,6674
22:24:16,30.7,6675
22:24:17,30.5,6676
22:24:19,30.4,6674
22:24:20,30.3,6679
22:24:21,30.3,6680
22:24:22,29.8,6678
22:24:23,30,6678
22:24:25,30.2,6679
22:24:26,30.3,6677
22:24:27,30.4,6679
22:24:28,30.7,6679
22:24:30,30,6677
22:24:31,30.4,6679
22:24:32,30.7,6681
22:24:33,30.5,6681
22:24:34,30.5,6682
22:24:36,30.5,6681
22:24:37,30,6682
22:24:38,30.5,6680
22:24:39,30,6680
22:24:41,30.2,6680
22:24:42,30,6679
22:24:43,30,6676
22:24:44,30.3,6681
22:24:45,30.2,6683
22:24:47,30,6681
22:24:48,30,6682
22:24:49,30.2,6682
22:24:50,30,6681
22:24:52,29.9,6680
22:24:53,30.2,6680
22:24:54,30.4,6679
22:24:55,30,6680
22:24:57,30,6677
22:24:58,30.6,6675
22:24:59,30.5,6678
22:25:00,29.8,6677
22:25:01,30.3,6679
22:25:03,30.5,6680
22:25:04,29.9,6683
22:25:05,30.1,6681
22:25:06,30.7,6681
22:25:08,30.7,6682
22:25:09,30.5,6679
22:25:10,30.3,6681
22:25:11,30,6684
22:25:12,29.9,6682
22:25:14,30.3,6679
22:25:15,30.7,6680
22:25:16,30.3,6678
22:25:17,30.3,6677
22:25:19,30.3,6677
22:25:20,30.7,6675
22:25:21,30.4,6675
22:25:22,30,6672
22:25:23,30,6667
22:25:25,30.5,6668
22:25:26,30,6668
22:25:27,30,6671
22:25:28,29.7,6671
22:25:30,30,6671
22:25:31,30.4,6674
22:25:32,30.3,6676
22:25:33,30.7,6677
22:25:34,30,6677
22:25:36,30.4,6678
22:25:37,30,6671
22:25:38,29.7,6672
22:25:39,30,6671
22:25:41,30.5,6674
22:25:42,30.3,6674
22:25:43,30.7,6675
22:25:44,30.7,6675
22:25:45,30.5,6672
22:25:47,30.4,6677
22:25:48,30.5,6677
22:25:49,30,6675
22:25:50,30.3,6675
22:25:52,30.4,6675
22:25:53,30.4,6676
22:25:54,30.2,6676
22:25:55,30.3,6675
22:25:56,30.4,6675
22:25:58,30.4,6675
22:25:59,29.7,6676
22:26:00,30,6674
22:26:01,30.4,6680
22:26:03,29.9,6681
22:26:04,30.3,6681
22:26:05,29.8,6681
22:26:06,30.4,6683
22:26:07,30.5,6680
22:26:09,30.4,6680
22:26:10,30.7,6683
22:26:11,29.5,6682
22:26:12,30.4,6682
22:26:14,30.5,6680
22:26:15,30.4,6679
22:26:16,30.2,6678
22:26:17,30.4,6676
22:26:18,30.4,6675
22:26:20,30.5,6675
22:26:21,30.3,6675
22:26:22,30,6674
22:26:23,29.9,6675
22:26:25,30.3,6672
22:26:26,30,6671
22:26:27,29.8,6672
22:26:28,30.5,6674
22:26:30,30.6,6666
22:26:31,30.4,6666
22:26:32,30.2,6666
22:26:33,29.9,6665
22:26:34,30,6665
22:26:36,30.4,6664
22:26:37,30.2,6666
22:26:38,30.5,6667
22:26:39,30,6667
22:26:41,30.3,6667
22:26:42,30.4,6668
22:26:43,30,6670
22:26:44,30.4,6670
22:26:45,30.4,6666
22:26:47,30.4,6667
22:26:48,30.2,6664
22:26:49,30.4,6663
22:26:50,30,6661
22:26:52,29.9,6661
22:26:53,30.5,6676
22:26:54,30.3,6676
22:26:55,30.3,6674
22:26:56,29.6,6672
22:26:58,30,6671
22:26:59,30.4,6671
22:27:00,30,6674
22:27:01,30.7,6675
22:27:03,30.3,6677
22:27:04,30.1,6675
22:27:05,30.3,6675
22:27:06,30.3,6675
22:27:07,30.3,6676
22:27:09,30.4,6676
22:27:10,30.3,6677
22:27:11,30.2,6680
22:27:12,30.4,6682
22:27:14,30.1,6679
22:27:15,30,6678
22:27:16,30,6678
22:27:17,30.2,6678
22:27:18,30.3,6676
22:27:20,30.4,6676
22:27:21,30,6676
22:27:22,30.4,6679
22:27:23,29.9,6680
22:27:25,30.5,6680
22:27:26,30.4,6678
22:27:27,30.7,6677
22:27:28,30.4,6676
22:27:29,30.2,6677
22:27:31,30.7,6678
22:27:32,30.3,6678
22:27:33,30.7,6679
22:27:34,30.3,6679
22:27:36,30.3,6679
22:27:37,30.3,6680
22:27:38,30.7,6680
22:27:39,30.7,6682
22:27:40,30.3,6682
22:27:42,30,6683
22:27:43,30.7,6683
22:27:44,30.7,6683
22:27:45,30.4,6686
22:27:47,30,6686
22:27:48,30.2,6688
22:27:49,30,6688
22:27:50,30,6687
22:27:51,30.4,6685
22:27:53,29.9,6685
22:27:54,30.4,6680
22:27:55,30.5,6677
22:27:56,30,6678
22:27:58,30.4,6678
22:27:59,30.1,6678
22:28:00,30.4,6677
22:28:01,30.5,6677
22:28:03,30,6677
22:28:04,30.2,6677
22:28:05,30.2,6678
22:28:06,30.2,6677
22:28:07,30.5,6676
22:28:09,30.5,6675
22:28:10,30.4,6677
22:28:11,30.3,6677
22:28:12,30.7,6678
22:28:14,30.4,6677
22:28:15,29.9,6676
22:28:16,30.3,6677
22:28:17,30.5,6675
22:28:18,30.7,6675
22:28:20,30.3,6673
22:28:21,30.3,6678
22:28:22,29.9,6680
22:28:23,29.9,6680
22:28:25,30.7,6682
22:28:26,30,6681
22:28:27,30,6680
22:28:28,30,6682
22:28:29,30.5,6682
22:28:31,30.7,6682
22:28:32,30.3,6682
22:28:33,30,6689
22:28:34,30,6688
22:28:36,30.5,6687
22:28:37,30.2,6684
22:28:38,30.3,6683
22:28:39,30,6681
22:28:40,30,6680
22:28:42,30,6682
22:28:43,30.3,6682
22:28:44,30.5,6683
22:28:45,30.3,6683
22:28:47,30.1,6680
22:28:48,30.7,6682
22:28:49,30.4,6681
22:28:50,30.5,6679
22:28:51,30,6682
22:28:53,30.4,6681
22:28:54,30.4,6682
22:28:55,30.4,6685
22:28:56,30.4,6685
22:28:58,30.5,6683
22:28:59,30.7,6682
22:29:00,30.7,6684
22:29:01,30.3,6683
22:29:02,30.4,6682
22:29:04,30.2,6682
22:29:05,30.5,6682
22:29:06,30,6682
22:29:07,30.7,6684
22:29:09,30,6686
22:29:10,30.2,6685
22:29:11,30.8,6683
22:29:12,30.3,6682
22:29:13,30.3,6683
22:29:15,30,6682
22:29:16,30.4,6683
22:29:17,29.7,6683
22:29:18,29.7,6680
22:29:20,30.5,6679
22:29:21,30.2,6676
22:29:22,29.9,6675
22:29:23,30.5,6674
22:29:24,30.2,6671
22:29:26,30.7,6669
22:29:27,30,6669
22:29:28,30.7,6670
22:29:29,30.5,6671
22:29:31,30,6671
22:29:32,30,6673
22:29:33,30.3,6672
22:29:34,30.5,6671
22:29:36,30.5,6672
22:29:37,30,6674
22:29:38,30,6675
22:29:39,30.7,6677
22:29:40,30.7,6677
22:29:42,30.4,6676
22:29:43,30,6676
22:29:44,30,6676
22:29:45,30,6673
22:29:47,30,6676
22:29:48,30.4,6674
22:29:49,30,6672
22:29:50,30.3,6669
22:29:51,30.3,6673
22:29:53,30,6674
22:29:54,30,6668
22:29:55,30.4,6670
22:29:57,30.2,6670
22:29:58,30.4,6671
22:29:59,30.5,6672
22:30:00,30.2,6676
22:30:01,30.2,6677
22:30:03,30,6676
22:30:04,30.4,6677
22:30:05,30.5,6676
22:30:06,30.2,6675
22:30:08,30,6675
22:30:09,30,6675
22:30:10,30.1,6675
22:30:11,29.9,6675
22:30:12,30.7,6670
22:30:14,30,6672
22:30:15,16.7,6679
22:30:16,30.7,6676
22:30:17,29.9,6673
22:30:19,30.7,6670
22:30:20,30,6673
22:30:21,30,6672
22:30:22,30.7,6672
22:30:23,30.2,6669
22:30:25,29.9,6669
22:30:26,30,6667
22:30:27,30.3,6669
22:30:28,30,6670
22:30:30,30,6670
22:30:31,30.1,6671
22:30:32,30,6671
22:30:33,30.3,6675
22:30:34,30.5,6675
22:30:36,30.5,6673
22:30:37,29.7,6667
22:30:38,29.9,6669
22:30:39,29.6,6669
22:30:41,30.2,6670
22:30:42,29.8,6670
22:30:43,29.7,6670
22:30:44,30.2,6670
22:30:45,29.9,6669
22:30:47,30.8,6669
22:30:48,30.4,6672
22:30:49,29.9,6670
22:30:50,30.4,6670
22:30:52,30.5,6671
22:30:53,30.5,6672
22:30:54,30.5,6670
22:30:55,30.5,6672
22:30:56,30.7,6673
22:30:58,30.7,6673
22:30:59,30.5,6674
22:31:00,30,6672
22:31:01,30.7,6673
22:31:03,30.4,6672
22:31:04,30,6673
22:31:05,30.4,6672
22:31:06,30.3,6672
22:31:07,30.2,6670
22:31:09,30,6672
22:31:10,30.3,6676
22:31:11,30.2,6676
22:31:12,30.4,6674
22:31:14,30.3,6673
22:31:15,30,6672
22:31:16,30.7,6672
22:31:17,30.5,6672
22:31:18,30.5,6672
22:31:20,30.4,6673
22:31:21,30.3,6675
22:31:22,30.3,6676
22:31:23,30,6676
22:31:25,30.4,6675
22:31:26,30.4,6675
22:31:27,30.5,6674
22:31:28,30.3,6673
22:31:30,30.5,6673
22:31:31,30.4,6676
22:31:32,30.4,6672
22:31:33,30,6673
22:31:34,29.7,6672
22:31:36,30,6672
22:31:37,30.3,6676
22:31:38,30.5,6676
22:31:39,29.9,6675
22:31:41,30,6674
22:31:42,30,6674
22:31:43,30.3,6676
22:31:44,30.3,6677
22:31:45,30,6677
22:31:47,30.2,6682
22:31:48,30.5,6681
22:31:49,30.4,6682
22:31:50,30,6682
22:31:52,30.7,6681
22:31:53,30.3,6679
22:31:54,30.5,6681
22:31:55,30.3,6681
22:31:56,30.4,6678
22:31:58,30.4,6678
22:31:59,30,6676
22:32:00,30.7,6678
22:32:01,30.5,6679
22:32:03,30,6677
22:32:04,30.3,6676
22:32:05,30,6677
22:32:06,30.2,6678
22:32:07,30.1,6680
22:32:09,30.4,6678
22:32:10,30.3,6676
22:32:11,20.5,6675
22:32:12,30,6674
22:32:14,30.3,6673
22:32:15,30.3,6670
22:32:16,30.3,6671
22:32:17,30.5,6670
22:32:18,29.6,6670
22:32:20,29.5,6672
22:32:21,30.5,6671
22:32:22,30,6672
22:32:23,30.7,6675
22:32:25,30.7,6677
22:32:26,29.9,6677
22:32:27,30.4,6678
22:32:28,30.7,6678
22:32:29,30.3,6679
22:32:31,30.1,6678
22:32:32,30,6677
22:32:33,30.3,6676
22:32:34,30,6674
22:32:36,30.3,6673
22:32:37,30.4,6674
22:32:38,30.5,6679
22:32:39,30.3,6678
22:32:40,30.3,6675
22:32:42,30.3,6674
22:32:43,30,6676
22:32:44,30.2,6677
22:32:45,30.2,6677
22:32:47,30.3,6676
22:32:48,30,6676
22:32:49,30,6676
22:32:50,30.3,6677
22:32:51,30,6677
22:32:53,30,6675
22:32:54,30.4,6673
22:32:55,30,6672
22:32:56,30,6672
22:32:58,30.2,6671
22:32:59,30.4,6671
22:33:00,30.7,6669
22:33:01,30,6669
22:33:03,30.1,6666
22:33:04,30.7,6670
22:33:05,30.5,6673
22:33:06,30,6673
22:33:07,30.4,6674
22:33:09,30.1,6665
22:33:10,30.2,6664
22:33:11,30,6664
22:33:12,30.4,6666
22:33:14,30.2,6664
22:33:15,30.5,6665
22:33:16,29.7,6664
22:33:17,30.4,6664
22:33:18,29.9,6666
22:33:20,30.4,6668
22:33:21,30.3,6668
22:33:22,30,6668
22:33:23,30,6669
22:33:25,30.1,6670
22:33:26,30.4,6668
22:33:27,30.7,6671
22:33:28,30.4,6671
22:33:29,30.5,6670
22:33:31,30.5,6669
22:33:32,30,6671
22:33:33,30.2,6671
22:33:34,30.3,6672
22:33:36,30,6671
22:33:37,30,6671
22:33:38,30,6673
22:33:39,30.1,6670
22:33:40,30,6671
22:33:42,30.4,6672
22:33:43,30,6673
22:33:44,30.5,6675
22:33:45,29.9,6675
22:33:47,9.6,6667
22:33:48,30,6667
22:33:49,30.4,6669
22:33:50,30.7,6669
22:33:51,30,6669
22:33:53,30.7,6669
22:33:54,30.2,6674
22:33:55,29.9,6674
22:33:56,30,6675
22:33:58,30.2,6672
22:33:59,30.7,6672
22:34:00,30,6674
22:34:01,30.4,6675
22:34:02,29.3,6673
22:34:04,30.4,6674
22:34:05,30.2,6674
22:34:06,30.5,6672
22:34:07,30.7,6673
22:34:09,30.2,6675
22:34:10,30.7,6675
22:34:11,30,6679
22:34:12,30,6681
22:34:13,30.3,6680
22:34:15,30.3,6680
22:34:16,30.6,6678
22:34:17,30.3,6680
22:34:18,30,6679
22:34:20,29.9,6678
22:34:21,30.7,6678
22:34:22,30,6678
22:34:23,30,6678
22:34:24,30.7,6678
22:34:26,30.2,6679
22:34:27,30.4,6677
22:34:28,30.4,6677
22:34:29,30.5,6676
22:34:31,30.4,6678
22:34:32,30.3,6679
22:34:33,30.3,6676
22:34:34,29.9,6674
22:34:36,30.7,6673
22:34:37,30.3,6674
22:34:38,30,6676
22:34:39,30,6677
22:34:40,30.2,6678
22:34:42,30,6678
22:34:43,30.2,6680
22:34:44,30.4,6671
22:34:45,30.7,6665
22:34:47,30.2,6666
22:34:48,30.4,6665
22:34:49,30.3,6660
22:34:50,30,6662
22:34:51,30,6663
22:34:53,30.4,6663
22:34:54,30,6662
22:34:55,30.7,6663
22:34:56,30.3,6665
22:34:58,30.3,6665
22:34:59,30.7,6666
22:35:00,30.4,6667
22:35:01,30,6669
22:35:02,30,6668
22:35:04,30,6669
22:35:05,30.4,6670
22:35:06,29.9,6670
22:35:07,30,6670
22:35:09,30.2,6669
22:35:10,30.5,6670
22:35:11,30.3,6669
22:35:12,30.7,6669
22:35:13,30.3,6670
22:35:15,30.4,6669
22:35:16,30,6669
22:35:17,30.2,6669
22:35:18,30.2,6673
22:35:20,29.6,6673
22:35:21,30,6673
22:35:22,29.7,6673
22:35:23,30,6676
22:35:24,30.4,6675
22:35:26,29.9,6675
22:35:27,30.7,6676
22:35:28,29.7,6673
22:35:29,30.4,6672
22:35:31,30.3,6669
22:35:32,30.4,6669
22:35:33,30,6668
22:35:34,30.2,6670
22:35:35,30.5,6670
22:35:37,30.7,6669
22:35:38,30.4,6668
22:35:39,30.3,6665
22:35:40,30.4,6664
22:35:42,30,6665
22:35:43,30.2,6665
22:35:44,30.7,6665
22:35:45,30.5,6668
22:35:46,30,6668
22:35:48,30.1,6668
22:35:49,30,6669
22:35:50,30.4,6670
22:35:51,30.3,6670
22:35:53,30.3,6670
22:35:54,30.7,6672
22:35:55,30.3,6670
22:35:56,30,6668
22:35:58,30.4,6668
22:35:59,30.3,6668
22:36:00,30.2,6665
22:36:01,30.3,6668
22:36:02,30.4,6668
22:36:04,29.8,6666
22:36:05,30.4,6668
22:36:06,30,6665
22:36:07,30.7,6665
22:36:09,30.2,6666
22:36:10,30,6663
22:36:11,29.6,6665
22:36:12,30.7,6667
22:36:13,30.5,6669
22:36:15,30.7,6669
22:36:16,30.2,6661
22:36:17,30.7,6663
22:36:18,30,6662
22:36:20,29.9,6659
22:36:21,30.7,6659
22:36:22,29.9,6661
22:36:23,30.7,6661
22:36:24,29.9,6662
22:36:26,30.4,6663
22:36:27,30,6663
22:36:28,30.2,6662
22:36:29,30.5,6663
22:36:31,29.9,6661
22:36:32,30.2,6662
22:36:33,30.3,6662
22:36:34,30.4,6665
22:36:35,30.5,6663
22:36:37,29.5,6661
22:36:38,30.3,6662
22:36:39,30.2,6660
22:36:40,30,6661
22:36:42,30,6661
22:36:43,30.7,6661
22:36:44,29.7,6660
22:36:45,29.7,6659
22:36:46,30.7,6663
22:36:48,30.5,6662
22:36:49,30.2,6660
22:36:50,30,6658
22:36:51,30.4,6658
22:36:53,30.4,6659
22:36:54,30.3,6659
22:36:55,30.3,6661
22:36:56,29.9,6661
22:36:57,30.3,6661
22:36:59,30.3,6661
22:37:00,30.5,6661
22:37:01,30.5,6661
22:37:02,29.9,6660
22:37:04,30,6659
22:37:05,30.3,6658
22:37:06,30.5,6659
22:37:07,30.4,6657
22:37:08,30.5,6657
22:37:10,30,6658
22:37:11,30.7,6658
22:37:12,29.9,6659
22:37:13,30.3,6660
22:37:15,30.2,6661
22:37:16,30.3,6661
22:37:17,30.2,6663
22:37:18,30,6665
22:37:19,30.3,6663
22:37:21,30,6664
22:37:22,30.2,6661
22:37:23,30.3,6659
22:37:24,30,6662
22:37:26,30,6663
22:37:27,30,6662
22:37:28,30,6663
22:37:29,30.3,6664
22:37:31,30,6664
22:37:32,30.7,6664
22:37:33,30.3,6661
22:37:34,30.7,6659
22:37:35,30,6658
22:37:37,30,6657
22:37:38,30.4,6659
22:37:39,30.7,6660
22:37:40,30.7,6660
22:37:42,30.2,6659
22:37:43,30,6657
22:37:44,30.5,6659
22:37:45,30.3,6656
22:37:46,30.5,6656
22:37:48,30,6654
22:37:49,11.4,6651
22:37:50,30,6651
22:37:51,29.9,6652
22:37:53,30.4,6653
22:37:54,30.4,6655
22:37:55,30,6656
22:37:56,30.2,6657
22:37:57,30,6657
22:37:59,30.2,6656
22:38:00,29.9,6656
22:38:01,30.5,6653
22:38:02,30.2,6652
22:38:04,29.9,6653
22:38:05,30,6653
22:38:06,30.7,6656
22:38:07,30.1,6658
22:38:08,30.5,6659
22:38:10,30,6660
22:38:11,30.3,6661
22:38:12,30.1,6661
22:38:13,30,6660
22:38:15,30.3,6658
22:38:16,30,6659
22:38:17,30.2,6656
22:38:18,30,6657
22:38:19,30.7,6656
22:38:21,30.7,6657
22:38:22,30.4,6660
22:38:23,30.4,6658
22:38:24,30.2,6660
22:38:26,30.4,6660
22:38:27,30.3,6660
22:38:28,29.6,6660
22:38:29,30,6662
22:38:30,30,6661
22:38:32,30,6661
22:38:33,30.2,6659
22:38:34,30,6659
22:38:35,30.4,6658
22:38:37,30.5,6659
22:38:38,30.3,6657
22:38:39,30.2,6658
22:38:40,30.4,6659
22:38:41,30.5,6660
22:38:43,30.3,6661
22:38:44,30.3,6656
22:38:45,30,6658
22:38:46,30,6664
22:38:48,30.3,6667
22:38:49,30.7,6665
22:38:50,30.5,6667
22:38:51,30,6668
22:38:52,30.2,6668
22:38:54,30,6667
22:38:55,30,6668
22:38:56,30,6670
22:38:57,30,6668
22:38:59,30.4,6672
22:39:00,30.5,6675
22:39:01,30,6673
22:39:02,30.3,6674
22:39:04,29.9,6674
22:39:05,30.3,6673
22:39:06,30,6675
22:39:07,30.7,6675
22:39:08,30.1,6673
22:39:10,30.2,6675
22:39:11,30.2,6675
22:39:12,30.3,6675
22:39:13,30.3,6674
22:39:15,30.4,6678
22:39:16,30.5,6678
22:39:17,30.7,6679
22:39:18,30.4,6679
22:39:19,30.4,6679
22:39:21,30.3,6679
22:39:22,30.5,6680
22:39:23,30,6681
22:39:24,30,6681
22:39:26,30.3,6680
22:39:27,29.9,6678
22:39:28,30.4,6678
22:39:29,30.3,6678
22:39:30,30.5,6678
22:39:32,30.4,6677
22:39:33,30.2,6674
22:39:34,30.3,6675
22:39:35,30.1,6673
22:39:37,30.1,6673
22:39:38,29.9,6675
22:39:39,29.7,6676
22:39:40,30.2,6676
22:39:41,30.2,6675
22:39:43,30.2,6676
22:39:44,29.9,6674
22:39:45,30.4,6673
22:39:46,30.4,6673
22:39:48,30.3,6673
22:39:49,30.2,6678
22:39:50,29.8,6678
22:39:51,29.7,6675
22:39:52,30.4,6674
22:39:54,30.4,6675
22:39:55,30.4,6676
22:39:56,30.2,6678
22:39:57,30.5,6679
22:39:59,30.3,6679
22:40:00,29.6,6678
22:40:01,30.5,6674
22:40:02,30,6673
22:40:03,29.6,6674
22:40:05,30.6,6673
22:40:06,30,6674
22:40:07,30.2,6675
22:40:08,29.7,6675
22:40:10,29.9,6673
22:40:11,30.2,6678
22:40:12,30,6678
22:40:13,30.3,6679
22:40:14,30.3,6677
22:40:16,30.2,6677
22:40:17,31.1,6675
22:40:18,30.4,6669
22:40:19,30.4,6670
22:40:21,30.7,6670
22:40:22,30.3,6665
22:40:23,30.1,6664
22:40:24,30.3,6665
22:40:25,30.5,6665
22:40:27,30.3,6664
22:40:28,30.1,6664
22:40:29,30,6663
22:40:30,30,6663
22:40:32,30,6663
22:40:33,30,6666
22:40:34,30.7,6666
22:40:35,30.4,6670
22:40:37,30.3,6669
22:40:38,30.2,6668
22:40:39,30.4,6667
22:40:40,30.3,6669
22:40:41,29.9,6669
22:40:43,30.4,6670
22:40:44,30.2,6671
22:40:45,30,6668
22:40:46,30.1,6669
22:40:48,30.5,6667
22:40:49,29.9,6667
22:40:50,30.3,6667
22:40:51,29.7,6666
22:40:52,30,6668
22:40:54,30,6668
22:40:55,30.2,6669
22:40:56,30.3,6669
22:40:57,30.5,6670
22:40:59,30,6672
22:41:00,29.9,6673
22:41:01,30,6673
22:41:02,30.2,6672
22:41:03,30.5,6673
22:41:05,30.4,6674
22:41:06,29.9,6674
22:41:07,30.2,6675
22:41:08,30.3,6677
22:41:10,30.3,6676
22:41:11,30.7,6675
22:41:12,30.5,6674
22:41:13,30.2,6672
22:41:14,30.5,6672
22:41:16,30.2,6671
22:41:17,30.4,6671
22:41:18,30.5,6671
22:41:19,30.2,6670
22:41:21,30.2,6669
22:41:22,30.2,6671
22:41:23,30.5,6671
22:41:24,30.4,6672
22:41:25,30.5,6669
22:41:27,30.5,6666
22:41:28,30.3,6667
22:41:29,30.3,6665
22:41:30,30.3,6665
22:41:32,30.4,6665
22:41:33,30.4,6668
22:41:34,30.5,6668
22:41:35,29.9,6669
22:41:36,30.3,6670
22:41:38,30,6673
22:41:39,30.1,6674
22:41:40,29.8,6669
22:41:41,30.3,6668
22:41:43,30.2,6668
22:41:44,30.4,6665
22:41:45,29.9,6665
22:41:46,29.7,6666
22:41:48,30.3,6667
22:41:49,30.7,6665
22:41:50,30.5,6666
22:41:51,30.2,6667
22:41:52,30.4,6667
22:41:54,29.9,6667
22:41:55,30.2,6668
22:41:56,30.6,6667
22:41:57,30.4,6665
22:41:59,29.7,6663
22:42:00,30,6662
22:42:01,30.5,6664
22:42:02,30.7,6665
22:42:03,30.2,6667
22:42:05,30.4,6667
22:42:06,30.2,6665
22:42:07,30.2,6664
22:42:08,29.9,6665
22:42:10,30,6665
22:42:11,30,6666
22:42:12,30.4,6668
22:42:13,30.4,6663
22:42:14,30.7,6662
22:42:16,30.5,6659
22:42:17,30,6660
22:42:18,29.8,6660
22:42:19,30.4,6665
22:42:21,30.7,6664
22:42:22,30,6664
22:42:23,30.3,6665
22:42:24,30.8,6665
22:42:25,30.5,6664
22:42:27,30,6665
22:42:28,30,6665
22:42:29,30,6664
22:42:30,30,6666
22:42:32,30.1,6666
22:42:33,30.3,6667
22:42:34,30.2,6667
22:42:35,30.4,6671
22:42:36,30.2,6672
22:42:38,30.2,6671
22:42:39,30.4,6668
22:42:40,30.2,6668
22:42:41,30.3,6665
22:42:43,30.4,6666
22:42:44,30.4,6671
22:42:45,30.3,6671
22:42:46,30,6671
22:42:47,30.2,6671
22:42:49,30.7,6671
22:42:50,30,6673
22:42:51,30.4,6670
22:42:52,30.5,6670
22:42:54,30.2,6670
22:42:55,30.5,6670
22:42:56,30.2,6668
22:42:57,30.3,6665
22:42:58,30,6664
22:43:00,30.3,6663
22:43:01,30.7,6662
22:43:02,30.5,6662
22:43:03,30.1,6662
22:43:05,30.2,6662
22:43:06,30.2,6663
22:43:07,30.4,6664
22:43:08,30.7,6666
22:43:09,30,6666
22:43:11,30.4,6663
22:43:12,30.5,6661
22:43:13,30,6662
22:43:14,30.7,6655
22:43:16,29.9,6654
22:43:17,30.3,6653
22:43:18,30.2,6654
22:43:19,30.5,6654
22:43:21,30.5,6652
22:43:22,30.3,6657
22:43:23,30.7,6658
22:43:24,30.4,6656
22:43:25,30.7,6656
22:43:27,30,6656
22:43:28,30,6656
22:43:29,30.2,6659
22:43:30,30.4,6661
22:43:32,30.7,6661
22:43:33,30.4,6661
22:43:34,30.3,6661
22:43:35,29.8,6661
22:43:36,30,6659
22:43:38,30.4,6660
22:43:39,30.3,6658
22:43:40,30.4,6655
22:43:41,29.7,6655
22:43:43,30,6658
22:43:44,30.7,6657
22:43:45,30,6657
22:43:46,30.3,6656
22:43:47,30,6657
22:43:49,30.2,6660
22:43:50,30,6660
22:43:51,30.4,6665
22:43:52,30.4,6665
22:43:54,30.3,6663
22:43:55,30,6663
22:43:56,30,6663
22:43:57,29.9,6665
22:43:58,30.4,6666
22:44:00,30.3,6666
22:44:01,30,6669
22:44:02,30.2,6669
22:44:03,30.4,6667
22:44:05,30,6665
22:44:06,30.5,6666
22:44:07,30.3,6674
22:44:08,30.9,6673
22:44:09,30.5,6671
22:44:11,30.2,6668
22:44:12,30.4,6666
22:44:13,30.7,6669
22:44:14,30.5,6667
22:44:16,30.2,6668
22:44:17,29.9,6669
22:44:18,30.3,6669
22:44:19,29.9,6669
22:44:20,30.3,6674
22:44:22,30.2,6674
22:44:23,30.2,6674
22:44:24,30.2,6673
22:44:25,30.3,6671
22:44:27,30.3,6669
22:44:28,30.5,6671
22:44:29,30.5,6667
22:44:30,30,6666
22:44:31,30,6669
22:44:33,30,6668
22:44:34,30.3,6668
22:44:35,30.4,6669
22:44:36,30,6669
22:44:38,30.3,6664
22:44:39,30.2,6664
22:44:40,30.4,6664
22:44:41,30,6667
22:44:43,30.8,6666
22:44:44,30.1,6666
22:44:45,30.4,6667
22:44:46,30.2,6667
22:44:47,30.4,6668
22:44:49,30.5,6668
22:44:50,30.4,6669
22:44:51,30.1,6666
22:44:52,29.7,6665
22:44:54,30.2,6667
22:44:55,30.4,6666
22:44:56,29.8,6663
22:44:57,30.2,6662
22:44:58,30,6663
22:45:00,30.4,6664
22:45:01,29.5,6666
22:45:02,30,6665
22:45:03,30.3,6667
22:45:05,29.7,6665
22:45:06,30.5,6666
22:45:07,30.4,6666
22:45:08,30.3,6667
22:45:09,30.3,6666
22:45:11,30,6666
22:45:12,29.5,6662
22:45:13,30.2,6662
22:45:14,30.1,6661
22:45:16,30,6661
22:45:17,29.5,6662
22:45:18,29.9,6663
22:45:19,30.2,6664
22:45:20,30.3,6665
22:45:22,30.4,6665
22:45:23,30.3,6666
22:45:24,30.5,6671
22:45:25,30,6669
22:45:27,30.4,6672
22:45:28,29.7,6672
22:45:29,30,6669
22:45:30,30.7,6670
22:45:31,29.6,6669
22:45:33,30,6669
22:45:34,30,6668
22:45:35,30.4,6672
22:45:36,30.3,6672
22:45:38,30,6670
22:45:39,30.2,6672
22:45:40,30.2,6672
22:45:41,30.4,6673
22:45:42,30.3,6671
22:45:44,29.7,6668
22:45:45,30,6667
22:45:46,30,6666
22:45:47,30.3,6671
22:45:49,29.7,6669
22:45:50,30.2,6668
22:45:51,30,6670
22:45:52,30.3,6671
22:45:53,30.2,6673
22:45:55,30,6673
22:45:56,30.2,6674
22:45:57,30.3,6672
22:45:58,29.9,6668
22:46:00,30.4,6668
22:46:01,30.5,6668
22:46:02,30.4,6669
22:46:03,30.2,6668
22:46:05,30.4,6668
22:46:06,30.3,6668
22:46:07,30.4,6668
22:46:08,30.2,6669
22:46:09,30,6671
22:46:11,30.3,6670
22:46:12,30,6672
22:46:13,30.4,6672
22:46:14,30.4,6673
22:46:16,30.4,6672
22:46:17,30,6671
22:46:18,29.9,6670
22:46:19,30.2,6671
22:46:20,30.4,6673
22:46:22,30,6673
22:46:23,30.3,6670
22:46:24,29.7,6672
22:46:25,30,6675
22:46:27,29.7,6675
22:46:28,30.2,6672
22:46:29,29.8,6670
22:46:30,30.4,6672
22:46:31,30,6674
22:46:33,30,6671
22:46:34,30.4,6674
22:46:35,30.5,6675
22:46:36,29.9,6678
22:46:38,30.3,6680
22:46:39,29.9,6680
22:46:40,30,6680
22:46:41,30.3,6679
22:46:42,30.2,6679
22:46:44,30.4,6679
22:46:45,30.7,6679
22:46:46,30,6679
22:46:47,30.4,6680
22:46:49,30.3,6682
22:46:50,30.7,6677
22:46:51,30.2,6678
22:46:52,30.3,6674
22:46:53,29.9,6675
22:46:55,30,6676
22:46:56,30,6676
22:46:57,30,6675
22:46:58,30,6674
22:47:00,30,6674
22:47:01,30,6674
22:47:02,30,6674
22:47:03,30.3,6674
22:47:04,30,6672
22:47:06,30,6673
22:47:07,30,6672
22:47:08,30.2,6671
22:47:09,30,6671
22:47:11,30.2,6671
22:47:12,30.3,6674
22:47:13,30.5,6672
22:47:14,31,6672
22:47:15,30.1,6672
22:47:17,30.3,6672
22:47:18,30.5,6673
22:47:19,30.4,6670
22:47:20,30.3,6672
22:47:22,30,6671
22:47:23,30.3,6671
22:47:24,30.2,6673
22:47:25,30.4,6672
22:47:26,30.3,6674
22:47:28,30,6673
22:47:29,30.5,6675
22:47:30,30.2,6677
22:47:31,30.2,6669
22:47:33,29.7,6668
22:47:34,29.9,6668
22:47:35,30,6668
22:47:36,30,6669
22:47:38,30.3,6669
22:47:39,30.5,6669
22:47:40,30.4,6669
22:47:41,30,6669
22:47:42,30.4,6670
22:47:44,30.5,6682
22:47:45,30.4,6682
22:47:46,30.4,6682
22:47:47,30.7,6679
22:47:49,30.7,6674
22:47:50,30.3,6674
22:47:51,30.4,6674
22:47:52,30.3,6672
22:47:53,30,6673
22:47:55,30.3,6671
22:47:56,30,6673
22:47:57,30.1,6672
22:47:58,30.4,6672
22:48:00,30.2,6669
22:48:01,30.4,6673
22:48:02,30.4,6672
22:48:03,29.9,6677
22:48:04,29.9,6678
22:48:06,30.3,6678
22:48:07,30.4,6680
22:48:08,30.2,6680
22:48:09,30.7,6681
22:48:11,30.5,6682
22:48:12,30,6679
22:48:13,30.2,6678
22:48:14,30.2,6678
22:48:15,30.7,6677
22:48:17,29.9,6678
22:48:18,30.2,6678
22:48:19,30.4,6677
22:48:20,29.9,6675
22:48:22,29.9,6675
22:48:23,30,6675
22:48:24,30,6674
22:48:25,30.3,6674
22:48:26,30.3,6672
22:48:28,30.4,6672
22:48:29,30,6673
22:48:30,30.3,6674
22:48:31,29.9,6675
22:48:33,30.3,6672
22:48:34,29.9,6673
22:48:35,11.1,6676
22:48:36,30,6677
22:48:37,29.7,6677
22:48:39,30.3,6674
22:48:40,30,6673
22:48:41,30.3,6676
22:48:42,30.2,6671
22:48:44,30.7,6675
22:48:45,30.3,6678
22:48:46,30.3,6678
22:48:47,30.3,6675
22:48:48,30.4,6676
22:48:50,30.7,6677
22:48:51,30.7,6679
22:48:52,30.3,6679
22:48:53,30,6680
22:48:55,30.2,6680
22:48:56,30.4,6681
22:48:57,30.2,6681
22:48:58,30.2,6682
22:48:59,30.3,6684
22:49:01,29.9,6683
22:49:02,30.6,6683
22:49:03,30.2,6683
22:49:04,30.7,6683
22:49:06,30.7,6680
22:49:07,30.6,6677
22:49:08,30.2,6675
22:49:09,30.7,6676
22:49:10,30,6678
22:49:12,30,6678
22:49:13,30.3,6677
22:49:14,30,6677
22:49:15,30.4,6677
22:49:17,30.7,6678
22:49:18,30.2,6676
22:49:19,30.7,6680
22:49:20,30.4,6679
22:49:22,30.4,6679
22:49:23,30,6677
22:49:24,30.5,6677
22:49:25,30.3,6677
22:49:26,30.4,6675
22:49:28,30.3,6673
22:49:29,30,6673
22:49:30,30.5,6673
22:49:31,30.3,6675
22:49:33,30.5,6676
22:49:34,30.3,6676
22:49:35,30.2,6676
22:49:36,30.3,6667
22:49:37,30,6668
22:49:39,30.2,6667
22:49:40,30,6667
22:49:41,30.2,6670
22:49:42,30.7,6671
22:49:44,30,6671
22:49:45,30.7,6673
22:49:46,30,6674
22:49:47,30.7,6674
22:49:48,30,6674
22:49:50,30.4,6675
22:49:51,30,6674
22:49:52,30,6675
22:49:53,30.3,6674
22:49:55,29.9,6678
22:49:56,30.5,6678
22:49:57,30.4,6679
22:49:58,30.4,6677
22:49:59,30.3,6676
22:50:01,29.9,6675
22:50:02,30.3,6676
22:50:03,30.4,6679
22:50:04,30.4,6679
22:50:06,30.5,6679
22:50:07,30,6680
22:50:08,30.8,6682
22:50:09,30,6683
22:50:10,30.3,6682
22:50:12,30.5,6681
22:50:13,30.4,6682
22:50:14,30,6682
22:50:15,30.4,6684
22:50:17,30.2,6683
22:50:18,30.4,6682
22:50:19,30.3,6681
22:50:20,30.4,6680
22:50:21,30.3,6681
22:50:23,30.7,6680
22:50:24,30.2,6680
22:50:25,29.9,6682
22:50:27,30.5,6682
22:50:28,30,6682
22:50:29,30.4,6683
22:50:30,30.5,6686
22:50:31,30,6682
22:50:33,30.3,6680
22:50:34,30,6680
22:50:35,30,6679
22:50:36,30.3,6680
22:50:38,30.4,6680
22:50:39,30.4,6680
22:50:40,30.4,6682
22:50:41,30.2,6681
22:50:42,30.4,6680
22:50:44,30.5,6680
22:50:45,30,6680
22:50:46,30,6681
22:50:47,30,6681
22:50:49,30.4,6681
22:50:50,30.3,6681
22:50:51,30.2,6681
22:50:52,30.1,6681
22:50:53,30.2,6680
22:50:55,30.4,6677
22:50:56,30,6676
22:50:57,30.2,6674
22:50:58,30.3,6672
22:51:00,30.3,6671
22:51:01,30.5,6673
22:51:02,30,6673
22:51:03,30,6674
22:51:04,30,6675
22:51:06,30.3,6677
22:51:07,30.3,6675
22:51:08,30.4,6677
22:51:09,30.2,6677
22:51:11,29.7,6677
22:51:12,30,6675
22:51:13,30,6676
22:51:14,30.8,6676
22:51:15,30.2,6675
22:51:17,30.5,6676
22:51:18,30.2,6677
22:51:19,30.4,6677
22:51:20,30.4,6678
22:51:22,30.3,6677
22:51:23,30.2,6676
22:51:24,30.2,6676
22:51:25,30.3,6672
22:51:27,29.9,6671
22:51:28,30.5,6671
22:51:29,30,6673
22:51:30,30,6671
22:51:31,30.7,6672
22:51:33,30,6668
22:51:34,30.7,6668
22:51:35,30.2,6667
22:51:36,30,6669
22:51:38,30.3,6668
22:51:39,30,6670
22:51:40,30,6669
22:51:41,29.8,6669
22:51:42,30.1,6671
22:51:44,30.2,6674
22:51:45,30,6673
22:51:46,30.3,6673
22:51:47,30.4,6674
22:51:49,30.4,6673
22:51:50,30,6673
22:51:51,29.9,6674
22:51:52,30.2,6679
22:51:53,30.1,6677
22:51:55,30,6675
22:51:56,30.3,6674
22:51:57,30,6671
22:51:58,30.1,6671
22:52:00,29.9,6669
22:52:01,30.5,6670
22:52:02,30.3,6668
22:52:03,30,6668
22:52:04,30.2,6669
22:52:06,30,6673
22:52:07,30.3,6673
22:52:08,30.1,6673
22:52:09,30,6676
22:52:11,30.4,6674
22:52:12,29.9,6674
22:52:13,30.2,6672
22:52:14,30.5,6675
22:52:15,30.7,6674
22:52:17,30.3,6675
22:52:18,30,6676
22:52:19,30,6676
22:52:20,30.5,6677
22:52:22,30.3,6677
22:52:23,30.7,6682
22:52:24,30,6679
22:52:25,30.2,6677
22:52:26,30.7,6677
22:52:28,30.3,6679
22:52:29,30,6680
22:52:30,30.2,6680
22:52:31,30,6681
22:52:33,30.5,6683
22:52:34,29.7,6682
22:52:35,29.9,6685
22:52:36,30.5,6685
22:52:37,30.7,6685
22:52:39,30.7,6684
22:52:40,30.4,6685
22:52:41,30.2,6686
22:52:42,30,6687
22:52:44,30,6687
22:52:45,30,6685
22:52:46,30,6686
22:52:47,30.7,6684
22:52:48,30.2,6686
22:52:50,30.1,6688
22:52:51,30,6686
22:52:52,30,6687
22:52:53,30,6684
22:52:55,30.7,6685
22:52:56,30.2,6687
22:52:57,29.8,6686
22:52:58,30.2,6690
22:53:00,30,6690
22:53:01,30.4,6689
22:53:02,30,6688
22:53:03,29.8,6686
22:53:04,29.9,6687
22:53:06,30.5,6686
22:53:07,30.3,6684
22:53:08,30.4,6686
22:53:09,30,6685
22:53:11,30.4,6684
22:53:12,30.5,6683
22:53:13,29.9,6684
22:53:14,30,6684
22:53:15,30.5,6682
22:53:17,30,6682
22:53:18,30,6682
22:53:19,30.1,6681
22:53:20,30.2,6681
22:53:22,30.3,6678
22:53:23,30.3,6678
22:53:24,30.4,6681
22:53:25,30.7,6680
22:53:26,30.3,6685
22:53:28,30.3,6686
22:53:29,30,6685
22:53:30,30.2,6684
22:53:31,30.3,6684
22:53:33,29.9,6684
22:53:34,30.3,6685
22:53:35,30.4,6685
22:53:36,30.5,6686
22:53:37,30.2,6688
22:53:39,30.7,6690
22:53:40,30,6687
22:53:41,30.5,6689
22:53:42,30.3,6687
22:53:44,30,6686
22:53:45,30.4,6678
22:53:46,30.5,6680
22:53:47,30.2,6679
22:53:48,30.5,6675
22:53:50,30.2,6677
22:53:51,30.4,6675
22:53:52,30.3,6680
22:53:53,30.7,6680
22:53:55,30.3,6674
22:53:56,30.4,6670
22:53:57,30.1,6669
22:53:58,30,6673
22:53:59,30.4,6667
22:54:01,30.5,6668
22:54:02,30.3,6669
22:54:03,30,6670
22:54:04,30.4,6672
22:54:06,30,6671
22:54:07,30,6668
22:54:08,30,6668
22:54:09,29.9,6669
22:54:10,30,6671
22:54:12,29.9,6671
22:54:13,30,6673
22:54:14,30.2,6674
22:54:15,30.4,6676
22:54:17,30,6676
22:54:18,30.3,6674
22:54:19,30.4,6673
22:54:20,30,6672
22:54:22,30.2,6673
22:54:23,30.4,6674
22:54:24,30.3,6672
22:54:25,30.2,6673
22:54:26,30.2,6675
22:54:28,30.3,6670
22:54:29,29.9,6672
22:54:30,29.9,6672
22:54:31,30.4,6673
22:54:33,30,6672
22:54:34,30.4,6673
22:54:35,30,6673
22:54:36,30,6674
22:54:37,30.2,6677
22:54:39,30.7,6676
22:54:40,30.5,6677
22:54:41,30.2,6678
22:54:42,30.1,6678
22:54:44,30.1,6679
22:54:45,30.3,6678
22:54:46,30.5,6679
22:54:47,30.4,6680
22:54:48,30.7,6679
22:54:50,30.4,6679
22:54:51,30,6679
22:54:52,30.4,6679
22:54:53,30,6679
22:54:55,30.2,6679
22:54:56,30.5,6679
22:54:57,30.4,6679
22:54:58,30.4,6675
22:54:59,30.5,6677
22:55:01,30,6677
22:55:02,30.7,6679
22:55:03,30,6681
22:55:04,30,6675
22:55:06,30.1,6678
22:55:07,30.7,6677
22:55:08,30.3,6678
22:55:09,30,6679
22:55:10,30.3,6677
22:55:12,30,6679
22:55:13,30.2,6680
22:55:14,30.1,6678
22:55:15,30.7,6680
22:55:17,30,6677
22:55:18,30,6677
22:55:19,30.2,6676
22:55:20,30.2,6672
22:55:21,30.2,6671
22:55:23,30,6672
22:55:24,30.2,6670
22:55:25,30.4,6673
22:55:26,30.7,6673
22:55:28,30,6674
22:55:29,30.4,6674
22:55:30,30,6676
22:55:31,30.5,6678
22:55:32,30.4,6679
22:55:34,29.7,6679
22:55:35,30.2,6680
22:55:36,30.5,6679
22:55:37,30.5,6679
22:55:39,30.3,6672
22:55:40,30.3,6671
22:55:41,30.1,6669
22:55:42,30,6670
22:55:43,30.5,6672
22:55:45,30.5,6671
22:55:46,30,6671
22:55:47,30.3,6673
22:55:48,30,6673
22:55:50,30.3,6673
22:55:51,30.5,6673
22:55:52,30,6674
22:55:53,30.2,6678
22:55:55,30.7,6678
22:55:56,30.4,6676
22:55:57,30.5,6676
22:55:58,30.2,6677
22:55:59,30.4,6675
22:56:01,30.4,6675
22:56:02,30,6676
22:56:03,30.3,6675
22:56:04,29.7,6674
22:56:06,30,6675
22:56:07,30.2,6668
22:56:08,30.5,6668
22:56:09,30.2,6667
22:56:10,30.5,6670
22:56:12,30,6670
22:56:13,30,6670
22:56:14,30.4,6672
22:56:15,30.5,6672
22:56:17,30.7,6671
22:56:18,30.2,6669
22:56:19,30.4,6670
22:56:20,30.1,6671
22:56:21,30.2,6671
22:56:23,30.4,6670
22:56:24,29.9,6672
22:56:25,29.9,6671
22:56:26,30.4,6670
22:56:28,29.7,6671
22:56:29,30.4,6661
22:56:30,30.3,6664
22:56:31,29.9,6664
22:56:32,30.2,6667
22:56:34,30,6667
22:56:35,30.5,6668
22:56:36,30.2,6670
22:56:37,30.7,6668
22:56:39,30.3,6669
22:56:40,30.4,6670
22:56:41,30.3,6669
22:56:42,30.2,6669
22:56:43,30.5,6668
22:56:45,30.2,6669
22:56:46,30.4,6668
22:56:47,30,6669
22:56:48,30.3,6667
22:56:50,30.2,6668
22:56:51,30.4,6667
22:56:52,30.5,6670
22:56:53,30.3,6672
22:56:54,30.1,6667
22:56:56,29.9,6667
22:56:57,30,6667
22:56:58,29.7,6665
22:56:59,29.8,6666
22:57:01,30.4,6665
22:57:02,30.2,6664
22:57:03,30.3,6665
22:57:04,30.2,6663
22:57:05,30.7,6664
22:57:07,30.3,6664
22:57:08,30,6665
22:57:09,30.2,6666
22:57:10,30.4,6668
22:57:12,30.7,6665
22:57:13,30.5,6668
22:57:14,30.7,6668
22:57:15,30.1,6666
22:57:17,30.3,6667
22:57:18,30,6665
22:57:19,30.5,6665
22:57:20,30.5,6661
22:57:21,30.1,6659
22:57:23,30.2,6662
22:57:24,29.9,6663
22:57:25,29.5,6663
22:57:26,30.2,6665
22:57:28,30.3,6664
22:57:29,30.3,6666
22:57:30,30.5,6667
22:57:31,29.9,6668
22:57:32,30.7,6669
22:57:34,30.3,6669
22:57:35,30,6670
22:57:36,30.3,6671
22:57:37,29.7,6673
22:57:39,30.5,6672
22:57:40,30.5,6675
22:57:41,30.7,6676
22:57:42,30.7,6676
22:57:43,30,6675
22:57:45,29.6,6673
22:57:46,30.3,6670
22:57:47,30.7,6673
22:57:48,30.2,6672
22:57:50,29.6,6672
22:57:51,30.5,6672
22:57:52,30,6671
22:57:53,30.3,6673
22:57:54,30.7,6674
22:57:56,29.7,6674
22:57:57,29.7,6675
22:57:58,30,6675
22:57:59,30,6669
22:58:01,30.7,6673
22:58:02,30.3,6670
22:58:03,30.5,6670
22:58:04,30.7,6669
22:58:05,30.4,6670
22:58:07,30.1,6668
22:58:08,29.9,6670
22:58:09,29.8,6669
22:58:10,29.9,6672
22:58:12,30,6676
22:58:13,30.4,6674
22:58:14,30.7,6674
22:58:15,30.5,6675
22:58:16,30,6677
22:58:18,30,6676
22:58:19,30.7,6677
22:58:20,29.9,6677
22:58:21,30.3,6676
22:58:23,29.7,6676
22:58:24,30.7,6676
22:58:25,30.4,6677
22:58:26,29.5,6678
22:58:27,30.1,6676
22:58:29,30,6675
22:58:30,30.5,6674
22:58:31,30,6673
22:58:32,29.7,6672
22:58:34,29.7,6670
22:58:35,30.3,6668
22:58:36,30.1,6668
22:58:37,30.4,6673
22:58:38,30,6673
22:58:40,30.5,6673
22:58:41,30.2,6672
22:58:42,30.3,6669
22:58:43,30.4,6669
22:58:45,30.3,6669
22:58:46,30.7,6669
22:58:47,30.2,6671
22:58:48,30.7,6675
22:58:49,30.2,6674
22:58:51,30.1,6672
22:58:52,30.2,6672
22:58:53,30.2,6673
22:58:54,30.4,6672
22:58:56,30.4,6668
22:58:57,29.5,6667
22:58:58,30,6667
22:58:59,30.4,6672
22:59:01,30,6673
22:59:02,30.4,6672
22:59:03,30.5,6672
22:59:04,30,6670
22:59:05,30.7,6669
22:59:07,29.9,6668
22:59:08,30,6668
22:59:09,30.4,6669
22:59:10,30.2,6668
22:59:12,30.2,6668
22:59:13,30.5,6667
22:59:14,30.4,6666
22:59:15,30,6668
22:59:16,29.9,6668
22:59:18,30.5,6667
22:59:19,30,6666
22:59:20,30.1,6667
22:59:21,30.5,6667
22:59:23,30.7,6668
22:59:24,30.2,6667
22:59:25,30,6668
22:59:26,30,6669
22:59:27,30,6668
22:59:29,30.7,6668
22:59:30,30.4,6668
22:59:31,29.7,6668
22:59:32,30.5,6667
22:59:34,29.9,6668
22:59:35,29.9,6670
22:59:36,30.7,6670
22:59:37,30,6670
22:59:38,30.7,6673
22:59:40,30.3,6672
22:59:41,30,6672
22:59:42,30.1,6671
22:59:43,30.2,6677
22:59:45,30,6677
22:59:46,30,6678
22:59:47,30.4,6679
22:59:48,30.5,6679
22:59:49,30.2,6679
22:59:51,30,6677
22:59:52,30.7,6676
22:59:53,30.3,6686
22:59:54,30.2,6688
22:59:56,30.5,6689
22:59:57,30.4,6689
22:59:58,30.7,6690
22:59:59,30,6689
23:00:00,30.2,6685
23:00:02,30.5,6685
23:00:03,30.2,6681
23:00:04,30.4,6682
23:00:05,30.3,6683
23:00:07,30.7,6683
23:00:08,30.4,6684
23:00:09,30.3,6684
23:00:10,30.2,6684
23:00:11,30,6686
23:00:13,30.7,6686
23:00:14,30.1,6689
23:00:15,30.4,6689
23:00:16,30,6691
23:00:18,30.3,6686
23:00:19,30.3,6686
23:00:20,30.7,6685
23:00:21,30.4,6685
23:00:23,30.2,6687
23:00:24,30.1,6685
23:00:25,30.4,6687
23:00:26,30.3,6687
23:00:27,30.4,6686
23:00:29,30,6685
23:00:30,30.4,6698
23:00:31,31,6694
23:00:32,30,6721
23:00:34,30.5,6722
23:00:35,30.2,6722
23:00:36,30.2,6727
23:00:37,30.2,6726
23:00:38,30.7,6724
23:00:40,30,6724
23:00:41,30.4,6723
23:00:42,30.4,6724
23:00:43,23.4,6719
23:00:45,30,6719
23:00:46,30.4,6721
23:00:47,30.2,6722
23:00:48,30,6723
23:00:49,30,6725
23:00:51,30,6724
23:00:52,30.7,6724
23:00:53,30,6722
23:00:54,30.3,6725
23:00:56,30,6725
23:00:57,29.9,6725
23:00:58,29.7,6726
23:00:59,30.3,6724
23:01:00,30.2,6722
23:01:02,30.3,6721
23:01:03,30.3,6719
23:01:04,30.4,6718
23:01:05,30.3,6715
23:01:07,30.3,6715
23:01:08,30.2,6717
23:01:09,30.3,6714
23:01:10,30.1,6716
23:01:11,30.3,6714
23:01:13,30.3,6716
23:01:14,29.8,6716
23:01:15,30,6717
23:01:16,30.2,6716
23:01:18,30.5,6715
23:01:19,30.2,6717
23:01:20,30.7,6718
23:01:21,30,6718
23:01:22,29.7,6718
23:01:24,30,6719
23:01:25,30,6720
23:01:26,30,6722
23:01:27,30.7,6721
23:01:29,30.4,6721
23:01:30,30.5,6722
23:01:31,30,6722
23:01:32,30.2,6721
23:01:33,30.7,6723
23:01:35,30.4,6724
23:01:36,30.5,6725
23:01:37,30.4,6724
23:01:38,30.2,6725
23:01:40,30.3,6713
23:01:41,29.9,6715
23:01:42,30.4,6714
23:01:43,30.7,6715
23:01:45,30,6717
23:01:46,30.4,6716
23:01:47,30.4,6716
23:01:48,30.3,6716
23:01:49,30.4,6717
23:01:51,30.4,6719
23:01:52,30.2,6717
23:01:53,30.3,6717
23:01:54,30.2,6718
23:01:56,30,6721
23:01:57,30.5,6723
23:01:58,30,6724
23:01:59,30.4,6724
23:02:00,29.8,6724
23:02:02,30.4,6724
23:02:03,30.1,6725
23:02:04,30.2,6727
23:02:05,30,6728
23:02:07,30.5,6726
23:02:08,30.7,6725
23:02:09,30.7,6727
23:02:10,30.5,6727
23:02:11,30.1,6725
23:02:13,30.2,6732
23:02:14,30.7,6734
23:02:15,30.3,6733
23:02:16,30,6733
23:02:18,30.5,6732
23:02:19,30,6729
23:02:20,30,6729
23:02:21,30.5,6728
23:02:22,30.7,6728
23:02:24,30.3,6729
23:02:25,30.7,6728
23:02:26,30.4,6728
23:02:27,30,6730
23:02:29,30.5,6729
23:02:30,14.9,6731
23:02:31,30.2,6730
23:02:32,30.2,6730
23:02:33,30.2,6686
23:02:35,29.8,6683
23:02:36,30,6685
23:02:37,29.9,6682
23:02:38,30.3,6682
23:02:40,30,6682
23:02:41,29.9,6682
23:02:42,30.3,6681
23:02:43,30,6679
23:02:45,30.5,6679
23:02:46,30,6679
23:02:47,30,6680
23:02:48,29.7,6684
23:02:49,30.4,6686
23:02:51,30.3,6686
23:02:52,30,6687
23:02:53,30.5,6688
23:02:54,30,6687
23:02:56,30,6688
23:02:57,30.4,6686
23:02:58,30.7,6686
23:02:59,30,6689
23:03:00,30,6689
23:03:02,29.9,6689
23:03:03,30.2,6689
23:03:04,30.2,6690
23:03:05,30.2,6690
23:03:07,30.3,6690
23:03:08,30.3,6692
23:03:09,30,6692
23:03:10,30.2,6690
23:03:11,29.9,6691
23:03:13,30.4,6692
23:03:14,28.3,6683
23:03:15,29.6,6680
23:03:16,29.9,6678
23:03:18,30.3,6677
23:03:19,29.9,6677
23:03:20,30.5,6679
23:03:21,30.4,6682
23:03:22,30.4,6681
23:03:24,30,6683
23:03:25,30.3,6681
23:03:26,30,6680
23:03:27,30,6677
23:03:29,30,6679
23:03:30,30.4,6678
23:03:31,30,6680
23:03:32,30.7,6678
23:03:33,30.4,6677
23:03:35,30.3,6680
23:03:36,30.5,6681
23:03:37,30.4,6679
23:03:38,30,6679
23:03:40,29.9,6679
23:03:41,30.2,6680
23:03:42,29.9,6680
23:03:43,30,6679
23:03:45,30.4,6681
23:03:46,30.2,6681
23:03:47,30.2,6679
23:03:48,30.4,6681
23:03:49,30.3,6682
23:03:51,30.5,6679
23:03:52,29.5,6678
23:03:53,30.7,6681
23:03:54,30.5,6679
23:03:56,30.2,6681
23:03:57,29.9,6682
23:03:58,30.5,6682
23:03:59,30.3,6685
23:04:00,30.3,6684
23:04:02,30.4,6684
23:04:03,30.5,6685
23:04:04,30.4,6684
23:04:05,30,6686
23:04:07,29.9,6687
23:04:08,30.7,6688
23:04:09,30.2,6689
23:04:10,30.4,6693
23:04:11,30.4,6691
23:04:13,30.3,6691
23:04:14,30,6690
23:04:15,30.7,6687
23:04:16,30.4,6688
23:04:18,30.4,6687
23:04:19,30.7,6688
23:04:20,30.4,6686
23:04:21,30.2,6685
23:04:22,30.2,6685
23:04:24,30.3,6685
23:04:25,30.7,6686
23:04:26,30.5,6686
23:04:27,30.7,6686
23:04:29,30.4,6683
23:04:30,30.5,6682
23:04:31,29.8,6682
23:04:32,29.7,6679
23:04:33,30.2,6668
23:04:35,30,6668
23:04:36,30.4,6668
23:04:37,29.9,6668
23:04:38,30.5,6667
23:04:40,30.2,6672
23:04:41,30.2,6673
23:04:42,30.2,6674
23:04:43,30.5,6674
23:04:44,30.2,6674
23:04:46,29.8,6674
23:04:47,30.5,6672
23:04:48,30.4,6673
23:04:49,30.7,6674
23:04:51,29.9,6674
23:04:52,30.2,6672
23:04:53,30,6671
23:04:54,30.5,6668
23:04:55,30.2,6669
23:04:57,30.5,6669
23:04:58,30,6671
23:04:59,30.3,6670
23:05:00,30,6672
23:05:02,30.4,6673
23:05:03,30.4,6676
23:05:04,30.3,6680
23:05:05,30.4,6678
23:05:06,29.9,6678
23:05:08,30.7,6677
23:05:09,30.2,6679
23:05:10,30.2,6679
23:05:11,30.3,6678
23:05:13,30.2,6670
23:05:14,29.7,6670
23:05:15,30.2,6671
23:05:16,30.7,6671
23:05:18,30.4,6672
23:05:19,29.8,6671
23:05:20,30.1,6670
23:05:21,30,6669
23:05:22,30.5,6672
23:05:24,30.7,6670
23:05:25,30.4,6670
23:05:26,30.5,6669
23:05:27,30,6666
23:05:29,30,6668
23:05:30,30.4,6666
23:05:31,30.7,6669
23:05:32,30.3,6669
23:05:33,30.7,6669
23:05:35,30,6670
23:05:36,30,6670
23:05:37,30,6668
23:05:38,30,6668
23:05:40,30.2,6668
23:05:41,30.7,6671
23:05:42,30.2,6672
23:05:43,30,6671
23:05:44,30.3,6671
23:05:46,29.7,6672
23:05:47,30.5,6670
23:05:48,30,6670
23:05:49,30,6672
23:05:51,30,6671
23:05:52,30,6670
23:05:53,30.7,6672
23:05:54,30.2,6670
23:05:55,30.3,6668
23:05:57,30.4,6667
23:05:58,30.4,6672
23:05:59,30.3,6672
23:06:00,30.4,6671
23:06:02,30,6671
23:06:03,30.4,6671
23:06:04,30.2,6669
23:06:05,30.3,6669
23:06:06,30,6668
23:06:08,30,6667
23:06:09,30.4,6667
23:06:10,30.1,6665
23:06:11,29.9,6666
23:06:13,30.7,6665
23:06:14,30.4,6666
23:06:15,29.9,6665
23:06:16,30.4,6665
23:06:17,30.2,6665
23:06:19,29.9,6667
23:06:20,30.5,6664
23:06:21,30,6665
23:06:22,30.2,6667
23:06:24,30.7,6665
23:06:25,30.3,6669
23:06:26,30.5,6668
23:06:27,30.5,6668
23:06:29,30.2,6670
23:06:30,30.5,6672
23:06:31,30.4,6671
23:06:32,30.1,6671
23:06:33,30.2,6670
23:06:35,30.4,6671
23:06:36,30,6671
23:06:37,30,6671
23:06:38,30.7,6672
23:06:40,30.3,6673
23:06:41,30,6673
23:06:42,30.2,6670
23:06:43,30,6668
23:06:44,30.2,6670
23:06:46,30.3,6670
23:06:47,30.3,6678
23:06:48,30.2,6680
23:06:49,29.6,6681
23:06:51,30.1,6679
23:06:52,30.7,6677
23:06:53,30.2,6676
23:06:54,29.8,6676
23:06:55,30.3,6677
23:06:57,30.5,6677
23:06:58,30.3,6675
23:06:59,30,6674
23:07:00,30,6674
23:07:02,30,6674
23:07:03,30.7,6675
23:07:04,30,6673
23:07:05,30,6672
23:07:06,30,6675
23:07:08,30.5,6673
23:07:09,30.2,6671
23:07:10,30.3,6672
23:07:11,29.9,6671
23:07:13,30.3,6670
23:07:14,30.2,6670
23:07:15,30.4,6670
23:07:16,30.3,6668
23:07:17,30.4,6668
23:07:19,30.3,6667
23:07:20,30.2,6668
23:07:21,30.3,6671
23:07:22,29.8,6671
23:07:24,30.3,6672
23:07:25,30.5,6670
23:07:26,29.8,6669
23:07:27,30.2,6670
23:07:28,30.7,6671
23:07:30,30.4,6669
23:07:31,30.7,6668
23:07:32,29.9,6670
23:07:33,30.1,6672
23:07:35,30.4,6665
23:07:36,30.2,6665
23:07:37,29.9,6667
23:07:38,30.2,6668
23:07:39,30.3,6669
23:07:41,30,6670
23:07:42,30.3,6669
23:07:43,30,6671
23:07:44,30.7,6674
23:07:46,30.3,6675
23:07:47,30.4,6675
23:07:48,30.2,6675
23:07:49,30.4,6676
23:07:50,30.4,6676
23:07:52,30,6676
23:07:53,30,6676
23:07:54,30,6676
23:07:55,30.3,6674
23:07:57,30.5,6674
23:07:58,30.3,6672
23:07:59,30,6672
23:08:00,30,6673
23:08:02,30.4,6675
23:08:03,30.1,6674
23:08:04,30.2,6675
23:08:05,30.5,6672
23:08:06,30.3,6673
23:08:08,30.4,6675
23:08:09,30.4,6674
23:08:10,30.2,6675
23:08:11,30.3,6675
23:08:13,30.2,6674
23:08:14,30.4,6676
23:08:15,30.4,6676
23:08:16,30.7,6676
23:08:17,30.2,6676
23:08:19,30.1,6674
23:08:20,30.2,6673
23:08:21,30.5,6677
23:08:22,30.5,6678
23:08:24,30.1,6675
23:08:25,30,6677
23:08:26,30,6677
23:08:27,30,6678
23:08:28,29.9,6677
23:08:30,30.3,6675
23:08:31,30.3,6675
23:08:32,30.3,6670
23:08:33,30.5,6670
23:08:35,30.2,6669
23:08:36,30.4,6670
23:08:37,30.3,6670
23:08:38,30.2,6666
23:08:39,29.8,6665
23:08:41,30.7,6665
23:08:42,30,6666
23:08:43,30.3,6665
23:08:44,30.2,6667
23:08:46,30,6667
23:08:47,29.5,6667
23:08:48,30.2,6666
23:08:49,30.7,6663
23:08:50,29.9,6663
23:08:52,30.2,6667
23:08:53,29.7,6669
23:08:54,30.4,6669
23:08:55,30.5,6669
23:08:57,30.3,6670
23:08:58,30.4,6673
23:08:59,30.3,6670
23:09:00,30.4,6669
23:09:01,30,6668
23:09:03,30.7,6668
23:09:04,29.8,6667
23:09:05,30,6669
23:09:06,29.9,6672
23:09:08,30.4,6672
23:09:09,30,6671
23:09:10,30.3,6671
23:09:11,30.4,6670
23:09:12,30.3,6670
23:09:14,30.5,6671
23:09:15,30.1,6669
23:09:16,30.7,6669
23:09:17,30.3,6670
23:09:19,29.8,6651
23:09:20,30.7,6651
23:09:21,29.9,6651
23:09:22,30.2,6650
23:09:24,30.3,6656
23:09:25,30.4,6657
23:09:26,29.9,6658
23:09:27,30,6657
23:09:28,30.2,6657
23:09:30,30,6657
23:09:31,30.3,6657
23:09:32,30,6655
23:09:33,30.2,6656
23:09:35,29.7,6656
23:09:36,30,6658
23:09:37,30,6659
23:09:38,30.4,6659
23:09:39,30,6659
23:09:41,30,6660
23:09:42,30.4,6659
23:09:43,30.5,6660
23:09:44,30.2,6659
23:09:46,30,6659
23:09:47,30.3,6657
23:09:48,30.2,6661
23:09:49,29.7,6663
23:09:50,30,6661
23:09:52,30.5,6662
23:09:53,30.4,6663
23:09:54,30.2,6662
23:09:55,30.3,6662
23:09:57,29.7,6657
23:09:58,30.7,6658
23:09:59,30.7,6660
23:10:00,30,6658
23:10:01,30.4,6659
23:10:03,30.3,6660
23:10:04,30.5,6668
23:10:05,30.4,6665
23:10:06,30.2,6664
23:10:08,30,6661
23:10:09,30,6663
23:10:10,30,6663
23:10:11,30.4,6663
23:10:12,30,6662
23:10:14,30.5,6661
23:10:15,30,6661
23:10:16,29.8,6662
23:10:17,30.2,6659
23:10:19,30,6660
23:10:20,30,6661
23:10:21,30.3,6665
23:10:22,30.5,6665
23:10:23,29.9,6663
23:10:25,30,6663
23:10:26,30.4,6661
23:10:27,30.3,6662
23:10:28,30.4,6664
23:10:30,30,6664
23:10:31,30,6664
23:10:32,30,6664
23:10:33,30.5,6662
23:10:34,30.5,6664
23:10:36,30.7,6667
23:10:37,30.4,6666
23:10:38,30.3,6665
23:10:39,30.2,6667
23:10:41,30,6668
23:10:42,30.2,6669
23:10:43,30.5,6668
23:10:44,31,6673
23:10:45,30,6672
23:10:47,30.3,6672
23:10:48,30.4,6672
23:10:49,30.4,6673
23:10:50,30.5,6671
23:10:52,30.8,6671
23:10:53,30.2,6676
23:10:54,30.7,6677
23:10:55,30.2,6679
23:10:56,30,6677
23:10:58,29.8,6676
23:10:59,30.3,6677
23:11:00,30.2,6679
23:11:01,30,6678
23:11:03,30.4,6680
23:11:04,30.2,6680
23:11:05,30,6674
23:11:06,30,6675
23:11:08,30.4,6675
23:11:09,29.7,6677
23:11:10,29.5,6675
23:11:11,30.2,6674
23:11:12,30.3,6674
23:11:14,30.4,6675
23:11:15,30.5,6674
23:11:16,30,6671
23:11:17,30.4,6672
23:11:19,29.8,6671
23:11:20,29.9,6675
23:11:21,30.4,6678
23:11:22,30.5,6678
23:11:23,30.4,6679
23:11:25,30,6680
23:11:26,30.2,6680
23:11:27,29.9,6680
23:11:28,29.9,6680
23:11:30,30,6679
23:11:31,29.9,6678
23:11:32,30.4,6676
23:11:33,30.3,6673
23:11:34,30.2,6674
23:11:36,30.7,6673
23:11:37,30.2,6665
23:11:38,29.7,6663
23:11:39,30.2,6661
23:11:41,30.7,6661
23:11:42,30.3,6662
23:11:43,30.7,6661
23:11:44,30.3,6660
23:11:45,30.5,6662
23:11:47,30.3,6667
23:11:48,30,6668
23:11:49,30.5,6668
23:11:50,30.2,6668
23:11:52,29.6,6665
23:11:53,30.7,6668
23:11:54,29.7,6665
23:11:55,30.5,6663
23:11:57,30.3,6665
23:11:58,30,6664
23:11:59,30.3,6662
23:12:00,30,6661
23:12:01,30,6658
23:12:03,30.3,6657
23:12:04,30.3,6657
23:12:05,30.7,6659
23:12:06,30.2,6657
23:12:08,30.4,6656
23:12:09,30.4,6657
23:12:10,30,6656
23:12:11,30.3,6658
23:12:12,30.7,6658
23:12:14,30.2,6658
23:12:15,29.8,6657
23:12:16,30,6658
23:12:17,29.7,6659
23:12:19,29.9,6658
23:12:20,30.2,6659
23:12:21,30.3,6661
23:12:22,30.4,6661
23:12:23,30.2,6656
23:12:25,30.2,6656
23:12:26,18,6663
23:12:27,30.4,6664
23:12:28,30,6663
23:12:30,30.2,6664
23:12:31,30.2,6664
23:12:32,30.3,6665
23:12:33,29.9,6664
23:12:34,30.2,6664
23:12:36,30.5,6664
23:12:37,30,6664
23:12:38,29.8,6664
23:12:39,30.3,6665
23:12:41,30.7,6667
23:12:42,30.2,6667
23:12:43,30,6667
23:12:44,30.2,6667
23:12:45,30.7,6668
23:12:47,30,6668
23:12:48,30.4,6670
23:12:49,30.7,6670
23:12:50,30.4,6670
23:12:52,30.1,6671
23:12:53,29.7,6671
23:12:54,30.5,6671
23:12:55,30.4,6670
23:12:56,30,6671
23:12:58,30,6670
23:12:59,29.9,6670
23:13:00,30.2,6667
23:13:01,29.9,6664
23:13:03,29.8,6664
23:13:04,30.5,6666
23:13:05,30.7,6665
23:13:06,30,6663
23:13:07,30.5,6663
23:13:09,30,6667
23:13:10,30,6661
23:13:11,30,6660
23:13:12,29.6,6661
23:13:14,30,6662
23:13:15,29.9,6664
23:13:16,29.8,6661
23:13:17,30.2,6662
23:13:18,29.9,6659
23:13:20,30.2,6658
23:13:21,30,6660
23:13:22,30,6659
23:13:23,30.4,6660
23:13:25,30.5,6660
23:13:26,30,6660
23:13:27,30,6661
23:13:28,30.3,6660
23:13:30,30.1,6659
23:13:31,30.3,6660
23:13:32,30,6662
23:13:33,30,6662
23:13:34,30.3,6660
23:13:36,30,6660
23:13:37,29.5,6662
23:13:38,30.2,6661
23:13:39,30,6663
23:13:41,30.7,6663
23:13:42,30.3,6667
23:13:43,29.9,6669
23:13:44,30,6669
23:13:45,29.7,6670
23:13:47,30.1,6667
23:13:48,30.3,6668
23:13:49,30.3,6669
23:13:50,30.7,6666
23:13:52,30.7,6666
23:13:53,30.2,6667
23:13:54,30.7,6664
23:13:55,30,6665
23:13:56,30.4,6668
23:13:58,30.3,6668
23:13:59,30.3,6668
23:14:00,30.4,6669
23:14:01,30.5,6670
23:14:03,30,6668
23:14:04,30.5,6673
23:14:05,30.3,6673
23:14:06,30.7,6673
23:14:07,30.4,6674
23:14:09,30.5,6674
23:14:10,29.7,6674
23:14:11,30.1,6674
23:14:12,30.5,6676
23:14:14,29.5,6674
23:14:15,30,6672
23:14:16,30.5,6671
23:14:17,30.5,6673
23:14:18,30.1,6671
23:14:20,30.3,6674
23:14:21,29.9,6676
23:14:22,30.3,6673
23:14:23,30.2,6672
23:14:25,30,6672
23:14:26,29.9,6672
23:14:27,30,6670
23:14:28,30.4,6669
23:14:29,29.8,6668
23:14:31,30.3,6667
23:14:32,30.2,6668
23:14:33,30.7,6667
23:14:34,29.6,6665
23:14:36,30.2,6666
23:14:37,30.2,6667
23:14:38,30.5,6667
23:14:39,30.5,6666
23:14:40,30.3,6665
23:14:42,30.4,6666
23:14:43,30,6667
23:14:44,30.3,6667
23:14:45,30,6664
23:14:47,30,6664
23:14:48,29.7,6664
23:14:49,29.9,6665
23:14:50,30.2,6667
23:14:52,30.2,6667
23:14:53,30.4,6668
23:14:54,30.4,6668
23:14:55,30.2,6665
23:14:56,30,6665
23:14:58,30.5,6665
23:14:59,30.4,6667
23:15:00,30.7,6667
23:15:01,30.2,6669
23:15:03,30.3,6671
23:15:04,30.2,6675
23:15:05,30.4,6674
23:15:06,30,6669
23:15:07,30,6668
23:15:09,30,6671
23:15:10,30.2,6671
23:15:11,30,6670
23:15:12,30.2,6671
23:15:14,30.4,6671
23:15:15,30.2,6672
23:15:16,30.2,6672
23:15:17,30.7,6671
23:15:18,29.7,6670
23:15:20,30.5,6668
23:15:21,30.2,6671
23:15:22,30.3,6675
23:15:23,30.8,6677
23:15:25,30,6677
23:15:26,30,6677
23:15:27,30.7,6677
23:15:28,30.7,6678
23:15:29,30.2,6676
23:15:31,30.4,6675
23:15:32,30,6674
23:15:33,30.2,6671
23:15:34,30.3,6673
23:15:36,30.7,6674
23:15:37,30,6675
23:15:38,29.9,6675
23:15:39,30.5,6674
23:15:40,30.4,6674
23:15:42,29.9,6674
23:15:43,30.7,6671
23:15:44,30.4,6671
23:15:45,30.3,6673
23:15:47,30,6672
23:15:48,30,6668
23:15:49,30.4,6669
23:15:50,30.5,6666
23:15:51,30.3,6669
23:15:53,29.7,6666
23:15:54,30,6667
23:15:55,30.4,6671
23:15:56,30.2,6672
23:15:58,30.2,6670
23:15:59,30.4,6673
23:16:00,30.6,6674
23:16:01,29.7,6675
23:16:02,30,6672
23:16:04,30.3,6673
23:16:05,30.4,6674
23:16:06,30,6679
23:16:07,30.1,6677
23:16:09,30.4,6679
23:16:10,30,6680
23:16:11,30,6680
23:16:12,30.5,6678
23:16:13,30.2,6677
23:16:15,30.2,6675
23:16:16,30,6675
23:16:17,30.3,6675
23:16:18,30.2,6674
23:16:20,30,6673
23:16:21,30.2,6671
23:16:22,30,6671
23:16:23,30.3,6672
23:16:25,30.5,6673
23:16:26,30,6674
23:16:27,30,6671
23:16:28,30,6672
23:16:29,30.3,6674
23:16:31,30.1,6674
23:16:32,29.9,6677
23:16:33,30.4,6677
23:16:34,30.2,6676
23:16:36,30.4,6675
23:16:37,30.4,6674
23:16:38,30.2,6679
23:16:39,30.4,6678
23:16:40,30.2,6677
23:16:42,30.5,6677
23:16:43,30.3,6673
23:16:44,30.2,6672
23:16:45,30.7,6672
23:16:47,30,6671
23:16:48,30.3,6670
23:16:49,29.9,6675
23:16:50,30,6674
23:16:51,30,6674
23:16:53,30.5,6675
23:16:54,30.7,6674
23:16:55,30.3,6674
23:16:56,30,6673
23:16:58,30.3,6672
23:16:59,30.2,6675
23:17:00,30,6673
23:17:01,30,6674
23:17:02,30,6672
23:17:04,29.7,6669
23:17:05,30.5,6668
23:17:06,30,6667
23:17:07,30.3,6667
23:17:09,30.5,6666
23:17:10,30.4,6669
23:17:11,30,6669
23:17:12,29.8,6668
23:17:13,30,6666
23:17:15,30.2,6665
23:17:16,30.7,6666
23:17:17,30.2,6664
23:17:18,30.3,6668
23:17:20,30,6670
23:17:21,30,6671
23:17:22,30.4,6672
23:17:23,30.6,6672
23:17:24,30.6,6672
23:17:26,30.3,6672
23:17:27,30,6671
23:17:28,29.9,6669
23:17:29,30,6668
23:17:31,30.2,6669
23:17:32,30.3,6671
23:17:33,30,6674
23:17:34,30.5,6674
23:17:35,30.3,6675
23:17:37,30.3,6675
23:17:38,30,6675
23:17:39,30.3,6676
23:17:40,29.9,6679
23:17:42,30.4,6679
23:17:43,30.2,6679
23:17:44,30.2,6681
23:17:45,30.2,6682
23:17:46,30.5,6678
23:17:48,30.3,6678
23:17:49,30,6673
23:17:50,30,6673
23:17:51,30.2,6672
23:17:53,30.3,6671
23:17:54,30.2,6673
23:17:55,30.5,6673
23:17:56,30,6672
23:17:58,29.9,6672
23:17:59,30.7,6669
23:18:00,29.7,6673
23:18:01,30.7,6672
23:18:02,30.2,6673
23:18:04,30,6673
23:18:05,30.7,6672
23:18:06,30.5,6670
23:18:07,30,6668
23:18:09,30,6670
23:18:10,29.8,6670
23:18:11,30.2,6674
23:18:12,29.7,6673
23:18:13,30,6676
23:18:15,30,6675
23:18:16,30.2,6677
23:18:17,30.2,6677
23:18:18,29.9,6668
23:18:20,30,6675
23:18:21,30.2,6679
23:18:22,30.2,6682
23:18:23,29.7,6679
23:18:24,30.2,6679
23:18:26,30.4,6677
23:18:27,30.7,6671
23:18:28,30.2,6673
23:18:29,30.4,6673
23:18:31,30.7,6677
23:18:32,30.7,6675
23:18:33,29.9,6676
23:18:34,29.7,6675
23:18:35,30.2,6674
23:18:37,30,6672
23:18:38,30.5,6675
23:18:39,29.9,6677
23:18:40,30.2,6675
23:18:42,30.4,6677
23:18:43,30.1,6679
23:18:44,30.4,6678
23:18:45,30.4,6678
23:18:46,30.4,6676
23:18:48,30.3,6678
23:18:49,30.7,6677
23:18:50,30.7,6678
23:18:51,30.2,6676
23:18:53,30.3,6675
23:18:54,30.2,6678
23:18:55,30.7,6678
23:18:56,30.2,6678
23:18:57,30.2,6679
23:18:59,30.7,6679
23:19:00,30,6677
23:19:01,30.2,6675
23:19:02,30.3,6674
23:19:04,30.7,6674
23:19:05,30.4,6674
23:19:06,30.7,6674
23:19:07,30.3,6671
23:19:08,29.9,6672
23:19:10,30,6672
23:19:11,30,6673
23:19:12,30.4,6672
23:19:13,30.7,6673
23:19:15,30.4,6673
23:19:16,30.3,6671
23:19:17,30.2,6672
23:19:18,30.2,6673
23:19:20,30.4,6674
23:19:21,30.1,6671
23:19:22,30.1,6673
23:19:23,30,6672
23:19:24,30,6671
23:19:26,30,6674
23:19:27,30.1,6674
23:19:28,30.3,6670
23:19:29,30.3,6667
23:19:31,30.4,6667
23:19:32,30.3,6671
23:19:33,30.4,6672
23:19:34,30.2,6670
23:19:35,30.2,6671
23:19:37,30.5,6668
23:19:38,30.5,6666
23:19:39,30.4,6665
23:19:40,30.5,6667
23:19:42,30.3,6667
23:19:43,30.4,6671
23:19:44,30,6672
23:19:45,30.2,6669
23:19:46,30.2,6672
23:19:48,30.7,6671
23:19:49,30.5,6671
23:19:50,30.3,6671
23:19:51,30.2,6671
23:19:53,30.4,6670
23:19:54,30.4,6672
23:19:55,30.3,6673
23:19:56,30,6673
23:19:57,30.4,6674
23:19:59,30.7,6668
23:20:00,30.5,6666
23:20:01,30.4,6665
23:20:02,30.5,6665
23:20:04,30.3,6676
23:20:05,30,6675
23:20:06,30.4,6675
23:20:07,30.2,6673
23:20:08,30.3,6675
23:20:10,30.4,6677
23:20:11,30.4,6677
23:20:12,30.2,6677
23:20:13,30.2,6678
23:20:15,30,6675
23:20:16,30,6675
23:20:17,30.5,6673
23:20:18,30,6673
23:20:20,30.5,6674
23:20:21,30.2,6675
23:20:22,30.5,6675
23:20:23,30,6674
23:20:24,30.7,6674
23:20:26,30.5,6676
23:20:27,30,6678
23:20:28,30,6677
23:20:29,30.3,6678
23:20:31,30.3,6675
23:20:32,30.3,6679
23:20:33,30.3,6679
23:20:34,30,6678
23:20:35,30.7,6676
23:20:37,29.9,6674
23:20:38,30.5,6674
23:20:39,30.2,6678
23:20:40,30,6676
23:20:42,30.7,6678
23:20:43,30.3,6677
23:20:44,30.3,6677
23:20:45,30.2,6676
23:20:46,29.9,6676
23:20:48,30,6676
23:20:49,30.2,6676
23:20:50,30.3,6682
23:20:51,30,6682
23:20:53,30.2,6682
23:20:54,30.2,6686
23:20:55,30.2,6684
23:20:56,30.4,6682
23:20:57,31,6679
23:20:59,30.4,6678
23:21:00,30.2,6676
23:21:01,30.7,6675
23:21:02,30.2,6676
23:21:04,30,6676
23:21:05,30.4,6671
23:21:06,30,6674
23:21:07,30.4,6677
23:21:08,30.3,6678
23:21:10,30.5,6677
23:21:11,30.4,6677
23:21:12,29.7,6676
23:21:13,30.4,6676
23:21:15,30.5,6673
23:21:16,30,6672
23:21:17,29.9,6673
23:21:18,30.3,6674
23:21:19,30.2,6678
23:21:21,30,6677
23:21:22,30.4,6676
23:21:23,29.6,6674
23:21:24,30.3,6675
23:21:26,30,6674
23:21:27,30.7,6674
23:21:28,30.3,6674
23:21:29,30.5,6673
23:21:30,30,6674
23:21:32,30.4,6675
23:21:33,30.3,6675
23:21:34,30.2,6678
23:21:35,30,6677
23:21:37,30.5,6677
23:21:38,30.1,6676
23:21:39,30,6679
23:21:40,30.5,6679
23:21:42,30,6677
23:21:43,30.4,6678
23:21:44,30.7,6671
23:21:45,30.1,6672
23:21:46,30.4,6671
23:21:48,30.2,6673
23:21:49,30,6673
23:21:50,30,6671
23:21:51,30.7,6671
23:21:53,30.1,6669
23:21:54,30,6666
23:21:55,29.8,6664
23:21:56,30.3,6664
23:21:57,30.3,6665
23:21:59,29.9,6665
23:22:00,30.1,6669
23:22:01,30.2,6667
23:22:02,30.3,6667
23:22:04,30,6664
23:22:05,30.2,6665
23:22:06,30,6666
23:22:07,30,6664
23:22:08,30.7,6666
23:22:10,30.2,6667
23:22:11,30.3,6667
23:22:12,30.7,6667
23:22:13,30,6668
23:22:15,30,6667
23:22:16,30.4,6668
23:22:17,30.5,6668
23:22:18,30,6669
23:22:19,29.6,6671
23:22:21,30.4,6671
23:22:22,30,6672
23:22:23,30.5,6669
23:22:24,30.4,6670
23:22:26,30,6668
23:22:27,30.8,6669
23:22:28,30.4,6674
23:22:29,30,6673
23:22:30,30.1,6672
23:22:32,29.7,6674
23:22:33,30.2,6673
23:22:34,30.3,6671
23:22:35,30,6671
23:22:37,7.7,6663
23:22:38,30.2,6664
23:22:39,30.1,6661
23:22:40,30,6661
23:22:41,30,6664
23:22:43,30.3,6662
23:22:44,30.2,6663
23:22:45,30.7,6666
23:22:46,30,6667
23:22:48,30.4,6666
23:22:49,30.3,6670
23:22:50,30.4,6668
23:22:51,30,6669
23:22:52,30.2,6668
23:22:54,30.2,6669
23:22:55,30,6669
23:22:56,30.7,6668
23:22:57,30.3,6668
23:22:59,30.2,6670
23:23:00,30.3,6671
23:23:01,30.7,6669
23:23:02,30.3,6668
23:23:03,30,6664
23:23:05,29.9,6665
23:23:06,30,6666
23:23:07,30.3,6666
23:23:08,30,6667
23:23:10,30.4,6666
23:23:11,30.2,6665
23:23:12,30,6664
23:23:13,30.5,6664
23:23:14,30.3,6668
23:23:16,30.4,6668
23:23:17,30.2,6668
23:23:18,29.7,6669
23:23:19,30,6667
23:23:21,29.9,6668
23:23:22,30,6669
23:23:23,30,6670
23:23:24,30,6674
23:23:26,30.2,6674
23:23:27,30.3,6671
23:23:28,30.4,6670
23:23:29,30.2,6669
23:23:30,29.9,6669
23:23:32,30.5,6670
23:23:33,30.5,6669
23:23:34,30.4,6669
23:23:35,30.2,6669
23:23:37,30.3,6669
23:23:38,30.7,6669
23:23:39,29.7,6671
23:23:40,29.9,6669
23:23:41,29.9,6671
23:23:43,29.9,6671
23:23:44,30.7,6671
23:23:45,30,6672
23:23:46,30.2,6672
23:23:48,30.3,6670
23:23:49,30,6667
23:23:50,30,6666
23:23:51,30.2,6666
23:23:52,30.4,6663
23:23:54,30.2,6663
23:23:55,30.4,6663
23:23:56,30.3,6665
23:23:57,30,6663
23:23:59,30.5,6662
23:24:00,30.3,6661
23:24:01,30.7,6662
23:24:02,29.7,6662
23:24:03,30,6662
23:24:05,30.4,6664
23:24:06,30.4,6663
23:24:07,30.2,6666
23:24:08,30.4,6665
23:24:10,30.3,6666
23:24:11,30.6,6667
23:24:12,30,6666
23:24:13,29.9,6668
23:24:14,30.2,6668
23:24:16,30.3,6668
23:24:17,30,6668
23:24:18,30,6669
23:24:19,30.4,6670
23:24:21,30.3,6670
23:24:22,30.3,6669
23:24:23,29.9,6669
23:24:24,30,6667
23:24:25,30.2,6673
23:24:27,30.7,6672
23:24:28,30.3,6671
23:24:29,30.3,6670
23:24:30,30,6670
23:24:32,30,6670
23:24:33,30,6671
23:24:34,29.9,6675
23:24:35,30,6674
23:24:36,29.9,6674
23:24:38,30,6675
23:24:39,30.4,6673
23:24:40,30.5,6674
23:24:41,30.5,6673
23:24:43,30.4,6675
23:24:44,30.1,6676
23:24:45,30.3,6677
23:24:46,30.1,6676
23:24:47,30.1,6676
23:24:49,29.8,6673
23:24:50,30.3,6675
23:24:51,30.7,6676
23:24:52,30.2,6677
23:24:54,30.3,6678
23:24:55,30.2,6679
23:24:56,30.3,6678
23:24:57,30.2,6680
23:24:59,30.7,6680
23:25:00,30.7,6680
23:25:01,29.7,6680
23:25:02,30.7,6679
23:25:03,30,6679
23:25:05,30.5,6677
23:25:06,30,6677
23:25:07,30.1,6676
23:25:08,30.2,6675
23:25:10,30.2,6674
23:25:11,30.5,6674
23:25:12,9.2,6666
23:25:13,30.3,6667
23:25:14,30.7,6668
23:25:16,30.2,6669
23:25:17,30.2,6674
23:25:18,30.3,6674
23:25:19,30.2,6672
23:25:21,30.7,6672
23:25:22,30.3,6672
23:25:23,30,6673
23:25:24,30.2,6673
23:25:25,30.4,6674
23:25:27,30,6674
23:25:28,30,6673
23:25:29,30,6670
23:25:30,30,6669
23:25:32,29.8,6668
23:25:33,30,6666
23:25:34,30.4,6667
23:25:35,30,6668
23:25:36,30.2,6671
23:25:38,30.6,6668
23:25:39,30.3,6670
23:25:40,30.7,6671
23:25:41,30.3,6672
23:25:43,30.4,6672
23:25:44,30.3,6671
23:25:45,29.9,6675
23:25:46,30.1,6673
23:25:47,30.3,6671
23:25:49,30.5,6673
23:25:50,30.7,6675
23:25:51,30.3,6675
23:25:52,30.1,6672
23:25:54,30.5,6673
23:25:55,30,6673
23:25:56,30.1,6676
23:25:57,30.5,6678
23:25:58,30.3,6678
23:26:00,30.2,6677
23:26:01,29.7,6675
23:26:02,30,6677
23:26:03,30.2,6676
23:26:05,30.5,6675
23:26:06,10.1,6680
23:26:07,30,6677
23:26:08,30,6680
23:26:09,30,6680
23:26:11,30,6681
23:26:12,30.3,6682
23:26:13,30,6682
23:26:14,30.4,6680
23:26:16,30.4,6676
23:26:17,30,6676
23:26:18,30.4,6675
23:26:19,30.5,6675
23:26:20,30.5,6675
23:26:22,30,6672
23:26:23,30.1,6671
23:26:24,30,6669
23:26:25,30.2,6669
23:26:27,30.8,6669
23:26:28,29.9,6670
23:26:29,30.1,6668
23:26:30,30.5,6671
23:26:31,30.2,6668
23:26:33,30.4,6666
23:26:34,30.2,6669
23:26:35,29.9,6669
23:26:36,29.9,6672
23:26:38,30.1,6671
23:26:39,30,6669
23:26:40,30.3,6670
23:26:41,30,6673
23:26:43,30.5,6674
23:26:44,30.3,6673
23:26:45,30.7,6676
23:26:46,30.5,6675
23:26:47,30,6675
23:26:49,30,6677
23:26:50,29.8,6677
23:26:51,29.7,6674
23:26:52,29.9,6674
23:26:54,30.4,6675
23:26:55,30.4,6675
23:26:56,29.7,6675
23:26:57,29.7,6675
23:26:58,30.4,6673
23:27:00,30,6670
23:27:01,30.2,6670
23:27:02,30.2,6670
23:27:03,29.9,6670
23:27:05,30,6671
23:27:06,30.3,6671
23:27:07,30.4,6672
23:27:08,30.4,6673
23:27:09,30.3,6673
23:27:11,30.7,6673
23:27:12,30.2,6673
23:27:13,30.2,6674
23:27:14,30.4,6674
23:27:16,30.3,6675
23:27:17,30.2,6675
23:27:18,30.4,6675
23:27:19,30,6674
23:27:20,30.3,6675
23:27:22,30.2,6678
23:27:23,29.9,6678
23:27:24,30.4,6678
23:27:25,30.5,6679
23:27:27,30.7,6678
23:27:28,30.3,6679
23:27:29,30.4,6677
23:27:30,30.7,6676
23:27:31,30.2,6675
23:27:33,30.5,6675
23:27:34,30.4,6676
23:27:35,29.9,6675
23:27:36,30.2,6674
23:27:38,30,6673
23:27:39,30,6672
23:27:40,30.1,6671
23:27:41,30.4,6671
23:27:42,30.7,6674
23:27:44,30.4,6671
23:27:45,30,6673
23:27:46,29.7,6675
23:27:47,30,6673
23:27:49,30,6671
23:27:50,30.4,6670
23:27:51,30.4,6667
23:27:52,30,6668
23:27:53,30,6668
23:27:55,30.4,6666
23:27:56,30,6666
23:27:57,30.2,6664
23:27:58,30.7,6665
23:28:00,30.1,6664
23:28:01,29.9,6664
23:28:02,30,6665
23:28:03,30.4,6668
23:28:04,12.1,6668
23:28:06,30.2,6667
23:28:07,30.7,6670
23:28:08,30.1,6670
23:28:09,30.4,6668
23:28:11,30,6665
23:28:12,30.5,6666
23:28:13,30.2,6667
23:28:14,30.7,6669
23:28:16,30.2,6669
23:28:17,30.5,6672
23:28:18,30,6672
23:28:19,30,6677
23:28:20,30.7,6673
23:28:22,30.5,6672
23:28:23,29.7,6672
23:28:24,30.5,6672
23:28:25,30.7,6673
23:28:27,30,6671
23:28:28,30,6670
23:28:29,30.2,6667
23:28:30,30.4,6667
23:28:31,30.4,6671
23:28:33,30.5,6669
23:28:34,30.3,6667
23:28:35,30.4,6667
23:28:36,30.2,6672
23:28:38,30.4,6672
23:28:39,30.4,6672
23:28:40,30.7,6672
23:28:41,29.5,6673
23:28:42,30.3,6671
23:28:44,30,6673
23:28:45,30.7,6672
23:28:46,30.2,6673
23:28:47,30.4,6671
23:28:49,30.3,6669
23:28:50,30.4,6669
23:28:51,30.7,6672
23:28:52,30.3,6673
23:28:53,30.3,6671
23:28:55,30,6679
23:28:56,30.7,6679
23:28:57,30,6674
23:28:58,30.4,6673
23:29:00,30.4,6670
23:29:01,30.4,6672
23:29:02,30,6670
23:29:03,30.3,6667
23:29:04,30.3,6667
23:29:06,30.2,6664
23:29:07,30.3,6668
23:29:08,30.1,6670
23:29:09,30.1,6667
23:29:11,30.5,6668
23:29:12,29.9,6668
23:29:13,29.9,6666
23:29:14,30.3,6671
23:29:15,29.9,6671
23:29:17,29.8,6671
23:29:18,30,6672
23:29:19,30.4,6672
23:29:20,30.5,6672
23:29:22,29.9,6671
23:29:23,30,6674
23:29:24,30,6674
23:29:25,30.2,6674
23:29:26,30,6676
23:29:28,30.3,6675
23:29:29,30.7,6677
23:29:30,30.4,6677
23:29:31,30.4,6674
23:29:33,30.5,6670
23:29:34,30,6670
23:29:35,30.5,6672
23:29:36,29.9,6672
23:29:38,30.3,6671
23:29:39,29.9,6671
23:29:40,30.4,6672
23:29:41,30.2,6669
23:29:42,30.2,6668
23:29:44,30.1,6666
23:29:45,29.9,6669
23:29:46,30,6668
23:29:47,30.4,6672
23:29:49,30.7,6670
23:29:50,30.2,6671
23:29:51,30.2,6671
23:29:52,30.2,6674
23:29:53,30,6675
23:29:55,30,6677
23:29:56,29.9,6677
23:29:57,30,6676
23:29:58,30.2,6674
23:30:00,30.1,6671
23:30:01,30.5,6669
23:30:02,29.9,6667
23:30:03,30,6665
23:30:04,30.4,6665
23:30:06,30,6667
23:30:07,30,6665
23:30:08,30.5,6666
23:30:09,29.9,6667
23:30:11,30.1,6667
23:30:12,30.2,6667
23:30:13,30.5,6667
23:30:14,30,6668
23:30:15,30.5,6668
23:30:17,30.4,6667
23:30:18,30,6669
23:30:19,30.7,6671
23:30:20,29.9,6671
23:30:22,29.9,6671
23:30:23,30.2,6669
23:30:24,30.3,6673
23:30:25,30,6672
23:30:26,30.4,6673
23:30:28,30,6672
23:30:29,30.3,6670
23:30:30,30.4,6668
23:30:31,30.4,6667
23:30:33,30.2,6666
23:30:34,30.3,6666
23:30:35,30.5,6666
23:30:36,30.7,6669
23:30:37,30,6669
23:30:39,20.3,6675
23:30:40,30.2,6677
23:30:41,30,6674
23:30:42,30,6671
23:30:44,29.7,6670
23:30:45,30.2,6672
23:30:46,30.4,6671
23:30:47,30.4,6669
23:30:48,30.2,6671
23:30:50,30.5,6672
23:30:51,30.3,6673
23:30:52,30.5,6672
23:30:53,30.7,6672
23:30:55,30.5,6672
23:30:56,30,6671
23:30:57,29.7,6670
23:30:58,30,6670
23:30:59,30.1,6667
23:31:01,29.9,6667
23:31:02,30.4,6666
23:31:03,29.7,6665
23:31:04,30.5,6663
23:31:06,30.7,6663
23:31:07,30.3,6663
23:31:08,30,6664
23:31:09,30.2,6667
23:31:11,30.3,6665
23:31:12,30.3,6666
23:31:13,30.3,6665
23:31:14,30.3,6665
23:31:15,30.2,6668
23:31:17,30.5,6670
23:31:18,30.7,6670
23:31:19,30.4,6667
23:31:20,30.5,6665
23:31:22,30,6667
23:31:23,30.2,6668
23:31:24,30.4,6667
23:31:25,30.4,6665
23:31:26,30,6665
23:31:28,30.1,6666
23:31:29,30.2,6669
23:31:30,30.4,6673
23:31:31,30.3,6674
23:31:33,30.2,6672
23:31:34,30.2,6672
23:31:35,30.4,6673
23:31:36,30,6674
23:31:37,30.2,6673
23:31:39,30,6670
23:31:40,30,6667
23:31:41,30,6668
23:31:42,30,6668
23:31:44,30,6668
23:31:45,30,6669
23:31:46,30.1,6668
23:31:47,29.9,6669
23:31:48,30.2,6670
23:31:50,30,6670
23:31:51,30.3,6672
23:31:52,30.4,6675
23:31:53,30.3,6674
23:31:55,30,6676
23:31:56,30,6678
23:31:57,29.9,6678
23:31:58,29.9,6678
23:31:59,29.9,6677
23:32:01,30,6678
23:32:02,29.9,6676
23:32:03,30.5,6675
23:32:04,30.4,6678
23:32:06,29.9,6679
23:32:07,30.5,6681
23:32:08,29.9,6683
23:32:09,30.8,6681
23:32:10,30.5,6682
23:32:12,30,6680
23:32:13,30.4,6681
23:32:14,30.1,6679
23:32:15,30.2,6680
23:32:17,30.2,6680
23:32:18,30,6677
23:32:19,30.5,6677
23:32:20,30.3,6676
23:32:21,30.2,6674
23:32:23,30,6675
23:32:24,30.1,6673
23:32:25,30.7,6675
23:32:26,30.2,6677
23:32:28,30.2,6674
23:32:29,29.9,6675
23:32:30,30,6674
23:32:31,30,6674
23:32:32,30,6673
23:32:34,30,6667
23:32:35,30.4,6668
23:32:36,30.1,6669
23:32:37,30.5,6671
23:32:39,30.3,6670
23:32:40,30.7,6669
23:32:41,30.2,6671
23:32:42,30.1,6671
23:32:44,30.4,6671
23:32:45,30.7,6670
23:32:46,30.3,6669
23:32:47,30.7,6669
23:32:48,30.1,6669
23:32:50,30.7,6669
23:32:51,30.3,6669
23:32:52,30.1,6668
23:32:53,30.1,6668
23:32:55,30.2,6670
23:32:56,30,6669
23:32:57,30.3,6671
23:32:58,30.3,6673
23:32:59,30.4,6665
23:33:01,30.3,6667
23:33:02,30.3,6669
23:33:03,30,6670
23:33:04,30,6672
23:33:06,30.3,6675
23:33:07,30.7,6674
23:33:08,30.2,6672
23:33:09,30.7,6672
23:33:10,30,6674
23:33:12,30.3,6674
23:33:13,30,6673
23:33:14,30,6674
23:33:15,29.9,6675
23:33:17,30.2,6676
23:33:18,29.8,6676
23:33:19,30.5,6680
23:33:20,30.7,6679
23:33:21,30.3,6679
23:33:23,30.7,6678
23:33:24,30.5,6677
23:33:25,30.7,6676
23:33:26,30.5,6676
23:33:28,30.3,6674
23:33:29,30.1,6671
23:33:30,30.7,6671
23:33:31,30.2,6671
23:33:32,30.2,6670
23:33:34,30.7,6672
23:33:35,30.7,6673
23:33:36,30.3,6674
23:33:37,30.2,6674
23:33:39,30.2,6671
23:33:40,30,6671
23:33:41,30.2,6672
23:33:42,30.4,6672
23:33:43,30.3,6674
23:33:45,30.5,6673
23:33:46,30,6677
23:33:47,30,6676
23:33:48,30.4,6678
23:33:50,30.3,6681
23:33:51,30,6682
23:33:52,30.3,6682
23:33:53,30.4,6680
23:33:54,30.7,6678
23:33:56,30.6,6677
23:33:57,29.9,6680
23:33:58,30.3,6682
23:33:59,30.3,6681
23:34:01,30.3,6676
23:34:02,29.9,6676
23:34:03,30.3,6677
23:34:04,30.3,6678
23:34:05,30.1,6678
23:34:07,30.4,6678
23:34:08,30.4,6675
23:34:09,30.7,6673
23:34:10,30.3,6673
23:34:12,29.9,6671
23:34:13,30.5,6669
23:34:14,30.5,6668
23:34:15,30.2,6667
23:34:17,29.9,6668
23:34:18,30,6670
23:34:19,30.5,6670
23:34:20,30,6667
23:34:21,30.2,6665
23:34:23,30.5,6665
23:34:24,30,6665
23:34:25,30.4,6662
23:34:26,30.7,6664
23:34:28,30.7,6663
23:34:29,30.3,6665
23:34:30,30.5,6666
23:34:31,29.8,6664
23:34:32,30.5,6664
23:34:34,30,6664
23:34:35,30,6664
23:34:36,30.7,6667
23:34:37,30.8,6661
23:34:39,30.3,6659
23:34:40,30.4,6663
23:34:41,30.3,6663
23:34:42,29.9,6663
23:34:43,30.4,6663
23:34:45,30.3,6662
23:34:46,29.9,6662
23:34:47,29.7,6662
23:34:48,30.5,6665
23:34:50,30.2,6668
23:34:51,30.4,6666
23:34:52,30.2,6665
23:34:53,30,6666
23:34:54,30.3,6667
23:34:56,30,6668
23:34:57,17.5,6671
23:34:58,30.1,6669
23:34:59,30.7,6669
23:35:01,30.4,6670
23:35:02,29.6,6672
23:35:03,30.5,6672
23:35:04,30.5,6675
23:35:05,30.2,6673
23:35:07,30.7,6673
23:35:08,30.3,6673
23:35:09,30.5,6673
23:35:10,29.9,6671
23:35:12,30.4,6676
23:35:13,30.4,6676
23:35:14,29.9,6675
23:35:15,30.4,6674
23:35:16,30.7,6673
23:35:18,30.3,6676
23:35:19,30.2,6677
23:35:20,30.4,6678
23:35:21,29.7,6679
23:35:23,30.5,6681
23:35:24,30.4,6681
23:35:25,30.4,6682
23:35:26,30,6684
23:35:27,30,6682
23:35:29,30.4,6681
23:35:30,30.7,6681
23:35:31,29.9,6679
23:35:32,30.3,6679
23:35:34,30.3,6679
23:35:35,30.5,6677
23:35:36,30,6678
23:35:37,30,6678
23:35:38,30,6677
23:35:40,30.4,6676
23:35:41,30,6673
23:35:42,30.2,6672
23:35:43,30.7,6672
23:35:45,30.4,6671
23:35:46,30.3,6671
23:35:47,29.7,6673
23:35:48,29.9,6671
23:35:49,30,6672
23:35:51,30,6673
23:35:52,30.3,6672
23:35:53,29.9,6672
23:35:54,30,6665
23:35:56,18,6669
23:35:57,30.4,6669
23:35:58,30,6668
23:35:59,30.8,6668
23:36:01,30.2,6668
23:36:02,30.3,6670
23:36:03,30.3,6670
23:36:04,30.3,6673
23:36:05,30.4,6672
23:36:07,30.3,6671
23:36:08,29.8,6672
23:36:09,30.2,6675
23:36:10,30.9,6675
23:36:12,30.3,6676
23:36:13,30.2,6673
23:36:14,30,6673
23:36:15,30,6675
23:36:16,29.9,6674
23:36:18,30.4,6671
23:36:19,30.2,6670
23:36:20,30,6671
23:36:21,30.1,6670
23:36:23,30.3,6670
23:36:24,30.3,6674
23:36:25,30.2,6674
23:36:26,30.1,6674
23:36:27,30.2,6673
23:36:29,30.3,6674
23:36:30,30,6676
23:36:31,29.9,6677
23:36:32,31.2,6678
23:36:34,30,6678
23:36:35,30.3,6681
23:36:36,30.5,6679
23:36:37,30.2,6679
23:36:38,30.4,6680
23:36:40,30.3,6681
23:36:41,30.7,6680
23:36:42,30.3,6680
23:36:43,30.2,6683
23:36:45,30.5,6683
23:36:46,30.7,6684
23:36:47,30,6684
23:36:48,30.5,6664
23:36:49,30.4,6663
23:36:51,29.9,6664
23:36:52,30,6662
23:36:53,30.5,6662
23:36:54,30.2,6663
23:36:56,30.7,6664
23:36:57,30,6664
23:36:58,30.3,6665
23:36:59,30.8,6658
23:37:01,30.2,6657
23:37:02,30,6656
23:37:03,30.3,6655
23:37:04,30,6654
23:37:06,29.9,6653
23:37:07,30,6652
23:37:08,30,6653
23:37:09,30.7,6653
23:37:10,30.7,6655
23:37:12,30.2,6655
23:37:13,30,6655
23:37:14,30.3,6656
23:37:15,30.7,6657
23:37:17,30,6658
23:37:18,30.3,6659
23:37:19,30.7,6659
23:37:20,30,6657
23:37:21,29.8,6658
23:37:23,30.3,6660
23:37:24,30,6660
23:37:25,30.4,6659
23:37:26,30.7,6659
23:37:28,29.9,6658
23:37:29,30.5,6658
23:37:30,30.4,6657
23:37:31,30.3,6658
23:37:32,30.5,6658
23:37:34,30,6657
23:37:35,30.4,6656
23:37:36,35.2,6661
23:37:37,30.2,6660
23:37:39,30.5,6662
23:37:40,30.3,6664
